#! /opt/homebrew/Cellar/icarus-verilog/12.0/bin/vvp
:ivl_version "12.0 (stable)";
:ivl_delay_selection "TYPICAL";
:vpi_time_precision - 11;
:vpi_module "/opt/homebrew/Cellar/icarus-verilog/12.0/lib/ivl/system.vpi";
:vpi_module "/opt/homebrew/Cellar/icarus-verilog/12.0/lib/ivl/vhdl_sys.vpi";
:vpi_module "/opt/homebrew/Cellar/icarus-verilog/12.0/lib/ivl/vhdl_textio.vpi";
:vpi_module "/opt/homebrew/Cellar/icarus-verilog/12.0/lib/ivl/v2005_math.vpi";
:vpi_module "/opt/homebrew/Cellar/icarus-verilog/12.0/lib/ivl/va_math.vpi";
S_0x155c06ec0 .scope module, "In_port" "In_port" 2 1;
 .timescale -9 -11;
    .port_info 0 /INPUT 1 "clear";
    .port_info 1 /INPUT 1 "clock";
    .port_info 2 /INPUT 32 "data_in";
    .port_info 3 /OUTPUT 32 "data_out";
P_0x155c0ce10 .param/l "DATA_WIDTH" 0 2 1, +C4<00000000000000000000000000100000>;
P_0x155c0ce50 .param/l "INIT" 0 2 1, C4<00000000000000000000000000000000>;
L_0x155c9a030 .functor BUFZ 32, v0x155c26040_0, C4<00000000000000000000000000000000>, C4<00000000000000000000000000000000>, C4<00000000000000000000000000000000>;
o0x148008010 .functor BUFZ 1, C4<z>; HiZ drive
v0x155c0c630_0 .net "clear", 0 0, o0x148008010;  0 drivers
o0x148008040 .functor BUFZ 1, C4<z>; HiZ drive
v0x155c25e50_0 .net "clock", 0 0, o0x148008040;  0 drivers
o0x148008070 .functor BUFZ 32, C4<zzzzzzzzzzzzzzzzzzzzzzzzzzzzzzzz>; HiZ drive
v0x155c25ef0_0 .net "data_in", 31 0, o0x148008070;  0 drivers
v0x155c25f90_0 .net "data_out", 31 0, L_0x155c9a030;  1 drivers
v0x155c26040_0 .var "q", 31 0;
E_0x155c0c5f0 .event posedge, v0x155c25e50_0;
S_0x155c042f0 .scope module, "Out_port" "Out_port" 3 1;
 .timescale -9 -11;
    .port_info 0 /INPUT 1 "clear";
    .port_info 1 /INPUT 1 "clock";
    .port_info 2 /INPUT 1 "enable";
    .port_info 3 /INPUT 32 "data_in";
    .port_info 4 /OUTPUT 32 "data_out";
P_0x155c04080 .param/l "DATA_WIDTH" 0 3 1, +C4<00000000000000000000000000100000>;
P_0x155c040c0 .param/l "INIT" 0 3 1, C4<00000000000000000000000000000000>;
L_0x155c9a0a0 .functor BUFZ 32, v0x155c26550_0, C4<00000000000000000000000000000000>, C4<00000000000000000000000000000000>, C4<00000000000000000000000000000000>;
o0x1480081c0 .functor BUFZ 1, C4<z>; HiZ drive
v0x155c261d0_0 .net "clear", 0 0, o0x1480081c0;  0 drivers
o0x1480081f0 .functor BUFZ 1, C4<z>; HiZ drive
v0x155c26280_0 .net "clock", 0 0, o0x1480081f0;  0 drivers
o0x148008220 .functor BUFZ 32, C4<zzzzzzzzzzzzzzzzzzzzzzzzzzzzzzzz>; HiZ drive
v0x155c26320_0 .net "data_in", 31 0, o0x148008220;  0 drivers
v0x155c263c0_0 .net "data_out", 31 0, L_0x155c9a0a0;  1 drivers
o0x148008280 .functor BUFZ 1, C4<z>; HiZ drive
v0x155c26470_0 .net "enable", 0 0, o0x148008280;  0 drivers
v0x155c26550_0 .var "q", 31 0;
E_0x155c26170 .event posedge, v0x155c26280_0;
S_0x155c160d0 .scope module, "conFF_tb" "conFF_tb" 4 3;
 .timescale -9 -11;
P_0x155c0a740 .param/l "Default" 0 4 18, C4<0000>;
P_0x155c0a780 .param/l "Reg_load1a" 0 4 18, C4<0001>;
P_0x155c0a7c0 .param/l "Reg_load1b" 0 4 18, C4<0010>;
P_0x155c0a800 .param/l "Reg_load1c" 0 4 18, C4<0011>;
P_0x155c0a840 .param/l "Reg_load1d" 0 4 19, C4<0100>;
P_0x155c0a880 .param/l "Reg_load1e" 0 4 19, C4<0101>;
P_0x155c0a8c0 .param/l "Reg_load1f" 0 4 19, C4<0110>;
P_0x155c0a900 .param/l "T0" 0 4 19, C4<0111>;
P_0x155c0a940 .param/l "T1" 0 4 20, C4<1000>;
P_0x155c0a980 .param/l "T2" 0 4 20, C4<1001>;
P_0x155c0a9c0 .param/l "T3" 0 4 20, C4<1010>;
P_0x155c0aa00 .param/l "T4" 0 4 20, C4<1011>;
P_0x155c0aa40 .param/l "T5" 0 4 20, C4<1100>;
P_0x155c0aa80 .param/l "T6" 0 4 20, C4<1101>;
P_0x155c0aac0 .param/l "T7" 0 4 21, C4<1110>;
v0x155c269b0_0 .var "BAout", 0 0;
v0x155c98380_0 .net "CON", 0 0, v0x155c83c80_0;  1 drivers
v0x155c98410_0 .var "CONin", 0 0;
v0x155c984e0_0 .var "Clear", 0 0;
v0x155c98570_0 .var "Clock", 0 0;
v0x155c98640_0 .var "Cout", 0 0;
v0x155c986d0_0 .var "Gra", 0 0;
v0x155c987a0_0 .var "Grb", 0 0;
v0x155c98870_0 .var "Grc", 0 0;
v0x155c98980_0 .var "HIin", 0 0;
v0x155c98a50_0 .var "HIout", 0 0;
v0x155c98b20_0 .var "IRin", 0 0;
v0x155c98bf0_0 .var "In_Port_out", 0 0;
v0x155c98cc0_0 .var "LOin", 0 0;
v0x155c98d90_0 .var "LOout", 0 0;
v0x155c98e60_0 .var "MARin", 0 0;
v0x155c98f30_0 .var "MDRin", 0 0;
v0x155c99100_0 .var "MDRout", 0 0;
v0x155c99190_0 .var "Mdatain", 31 0;
v0x155c99220_0 .var "PC", 31 0;
v0x155c992f0_0 .var "PC_tb_enable", 0 0;
v0x155c993c0_0 .var "PCin", 0 0;
v0x155c99490_0 .var "PCout", 0 0;
v0x155c99560_0 .var "Present_state", 3 0;
v0x155c995f0_0 .var "RAM_read", 0 0;
v0x155c99680_0 .var "RAM_write", 0 0;
v0x155c99750_0 .var "Read", 0 0;
v0x155c99820_0 .var "Rin", 0 0;
v0x155c998f0_0 .var "Rout", 0 0;
v0x155c999c0_0 .var "Write", 0 0;
v0x155c99a50_0 .var "Yin", 0 0;
v0x155c99ae0_0 .var "Z_high_out", 0 0;
v0x155c99bb0_0 .var "Zin", 0 0;
v0x155c98fc0_0 .var "Zlowout", 0 0;
v0x155c99e40_0 .var "control", 4 0;
v0x155c99f10_0 .var "in_enable", 15 0;
v0x155c99fa0_0 .var "out_enable", 15 0;
E_0x155c26680 .event anyedge, v0x155c99560_0;
S_0x155c266c0 .scope module, "DUT" "DataPath" 4 24, 5 1 0, S_0x155c160d0;
 .timescale -9 -11;
    .port_info 0 /INPUT 1 "Clock";
    .port_info 1 /INPUT 1 "Clear";
    .port_info 2 /INPUT 1 "Zin";
    .port_info 3 /INPUT 1 "PCin";
    .port_info 4 /INPUT 1 "MDRin";
    .port_info 5 /INPUT 1 "IRin";
    .port_info 6 /INPUT 1 "Yin";
    .port_info 7 /INPUT 1 "MARin";
    .port_info 8 /INPUT 1 "LOin";
    .port_info 9 /INPUT 1 "HIin";
    .port_info 10 /INPUT 1 "Read";
    .port_info 11 /INPUT 32 "Mdatain";
    .port_info 12 /INPUT 5 "control";
    .port_info 13 /INPUT 1 "PCout";
    .port_info 14 /INPUT 1 "MDRout";
    .port_info 15 /INPUT 1 "HIout";
    .port_info 16 /INPUT 1 "LOout";
    .port_info 17 /INPUT 1 "Z_high_out";
    .port_info 18 /INPUT 1 "Z_low_out";
    .port_info 19 /INPUT 1 "In_Port_out";
    .port_info 20 /INPUT 1 "Cout";
    .port_info 21 /INPUT 1 "RAM_read";
    .port_info 22 /INPUT 1 "RAM_write";
    .port_info 23 /INPUT 1 "Gra";
    .port_info 24 /INPUT 1 "Grb";
    .port_info 25 /INPUT 1 "Grc";
    .port_info 26 /INPUT 1 "Rin";
    .port_info 27 /INPUT 1 "Rout";
    .port_info 28 /INPUT 1 "BAout";
    .port_info 29 /INPUT 1 "PC_tb_enable";
    .port_info 30 /INPUT 1 "CONin";
    .port_info 31 /INPUT 1 "Out_port";
    .port_info 32 /INPUT 1 "In_port";
    .port_info 33 /INPUT 32 "PC_tb_value";
    .port_info 34 /INPUT 1 "CON";
P_0x155c26890 .param/l "DATA_WIDTH" 0 5 1, +C4<00000000000000000000000000100000>;
v0x155c952e0_0 .net "ALU_result", 63 0, v0x155c7fae0_0;  1 drivers
v0x155c953b0_0 .net "BAout", 0 0, v0x155c269b0_0;  1 drivers
v0x155c95480_0 .net "BusMuxIn_MDR", 31 0, v0x155c87230_0;  1 drivers
v0x155c95510_0 .net "BusMuxOut", 31 0, v0x155c831e0_0;  1 drivers
v0x155c955a0_0 .net "CON", 0 0, v0x155c83c80_0;  alias, 1 drivers
v0x155c95670_0 .net "CONin", 0 0, v0x155c98410_0;  1 drivers
v0x155c95700_0 .net "C_sign_extended", 31 0, v0x155c93260_0;  1 drivers
v0x155c957d0_0 .net "Clear", 0 0, v0x155c984e0_0;  1 drivers
v0x155c95860_0 .net "Clock", 0 0, v0x155c98570_0;  1 drivers
v0x155c95970_0 .net "Cout", 0 0, v0x155c98640_0;  1 drivers
v0x155c95a00_0 .net "Data", 31 0, v0x155c886c0_0;  1 drivers
v0x155c95ad0_0 .net "Gra", 0 0, v0x155c986d0_0;  1 drivers
v0x155c95b60_0 .net "Grb", 0 0, v0x155c987a0_0;  1 drivers
v0x155c95bf0_0 .net "Grc", 0 0, v0x155c98870_0;  1 drivers
v0x155c95c80_0 .net "HI", 31 0, L_0x155c9bbe0;  1 drivers
v0x155c95d50_0 .net "HIin", 0 0, v0x155c98980_0;  1 drivers
v0x155c95de0_0 .net "HIout", 0 0, v0x155c98a50_0;  1 drivers
v0x155c95f90_0 .net "IR", 31 0, L_0x155c9b800;  1 drivers
v0x155c96020_0 .net "IRin", 0 0, v0x155c98b20_0;  1 drivers
v0x155c960b0_0 .net "In_Port", 31 0, L_0x155c9bcc0;  1 drivers
v0x155c96140_0 .net "In_Port_out", 0 0, v0x155c98bf0_0;  1 drivers
o0x148029730 .functor BUFZ 1, C4<z>; HiZ drive
v0x155c961d0_0 .net "In_port", 0 0, o0x148029730;  0 drivers
v0x155c96260_0 .net "LO", 31 0, L_0x155c9bc50;  1 drivers
v0x155c96330_0 .net "LOin", 0 0, v0x155c98cc0_0;  1 drivers
v0x155c963c0_0 .net "LOout", 0 0, v0x155c98d90_0;  1 drivers
v0x155c96450_0 .net "MAR_address_out", 8 0, L_0x1446052d0;  1 drivers
v0x155c96520_0 .net "MARin", 0 0, v0x155c98e60_0;  1 drivers
v0x155c965b0_0 .net "MDRin", 0 0, v0x155c98f30_0;  1 drivers
v0x155c96660_0 .net "MDRout", 0 0, v0x155c99100_0;  1 drivers
v0x155c96710_0 .net "Mdatain", 31 0, v0x155c99190_0;  1 drivers
o0x148029760 .functor BUFZ 1, C4<z>; HiZ drive
v0x155c967c0_0 .net "Out_port", 0 0, o0x148029760;  0 drivers
v0x155c96850_0 .net "PC", 31 0, L_0x155c9b760;  1 drivers
v0x155c96920_0 .net "PC_tb_enable", 0 0, v0x155c992f0_0;  1 drivers
v0x155c95e70_0 .net "PC_tb_value", 31 0, v0x155c99220_0;  1 drivers
v0x155c96bb0_0 .net "PCin", 0 0, v0x155c993c0_0;  1 drivers
v0x155c96c40_0 .net "PCout", 0 0, v0x155c99490_0;  1 drivers
v0x155c96cd0_0 .net "R0", 31 0, L_0x155c9a110;  1 drivers
v0x155c96da0_0 .net "R1", 31 0, L_0x155c9a310;  1 drivers
v0x155c96e70_0 .net "R10", 31 0, L_0x155c9ae20;  1 drivers
v0x155c96f40_0 .net "R11", 31 0, L_0x155c9afb0;  1 drivers
v0x155c97010_0 .net "R12", 31 0, L_0x155c9b0e0;  1 drivers
v0x155c970e0_0 .net "R13", 31 0, L_0x155c9b280;  1 drivers
v0x155c971b0_0 .net "R14", 31 0, L_0x155c9b3b0;  1 drivers
v0x155c97280_0 .net "R15", 31 0, L_0x155c9b210;  1 drivers
v0x155c97350_0 .net "R2", 31 0, L_0x155c9a420;  1 drivers
v0x155c97420_0 .net "R3", 31 0, L_0x155c9a5b0;  1 drivers
v0x155c974f0_0 .net "R4", 31 0, L_0x155c9a6c0;  1 drivers
v0x155c975c0_0 .net "R5", 31 0, L_0x155c9a7d0;  1 drivers
v0x155c97690_0 .net "R6", 31 0, L_0x155c9a8e0;  1 drivers
v0x155c97760_0 .net "R7", 31 0, L_0x155c9a530;  1 drivers
v0x155c97830_0 .net "R8", 31 0, L_0x155c9ab90;  1 drivers
v0x155c97900_0 .net "R9", 31 0, L_0x155c9acf0;  1 drivers
v0x155c979d0_0 .net "RAM_read", 0 0, v0x155c995f0_0;  1 drivers
v0x155c97a60_0 .net "RAM_write", 0 0, v0x155c99680_0;  1 drivers
v0x155c97af0_0 .net "Read", 0 0, v0x155c99750_0;  1 drivers
v0x155c97b80_0 .net "Rin", 0 0, v0x155c99820_0;  1 drivers
v0x155c97c10_0 .net "Rout", 0 0, v0x155c998f0_0;  1 drivers
v0x155c97ca0_0 .net "Y", 31 0, v0x155c94220_0;  1 drivers
v0x155c97d30_0 .net "Yin", 0 0, v0x155c99a50_0;  1 drivers
v0x155c97e00_0 .net "Z_high", 31 0, L_0x155c9bad0;  1 drivers
v0x155c97ed0_0 .net "Z_high_out", 0 0, v0x155c99ae0_0;  1 drivers
v0x155c97f60_0 .net "Z_low", 31 0, L_0x155c9b8f0;  1 drivers
v0x155c98030_0 .net "Z_low_out", 0 0, v0x155c98fc0_0;  1 drivers
v0x155c980c0_0 .net "Zin", 0 0, v0x155c99bb0_0;  1 drivers
v0x155c98190_0 .net "control", 4 0, v0x155c99e40_0;  1 drivers
v0x155c969b0_0 .net "in_enable", 15 0, v0x155c936d0_0;  1 drivers
v0x155c96a40_0 .net "out_enable", 15 0, v0x155c93870_0;  1 drivers
L_0x155c9a230 .part v0x155c936d0_0, 0, 1;
L_0x155c9a380 .part v0x155c936d0_0, 1, 1;
L_0x155c9a490 .part v0x155c936d0_0, 2, 1;
L_0x155c9a620 .part v0x155c936d0_0, 3, 1;
L_0x155c9a730 .part v0x155c936d0_0, 4, 1;
L_0x155c9a840 .part v0x155c936d0_0, 5, 1;
L_0x155c9a950 .part v0x155c936d0_0, 6, 1;
L_0x155c9aaf0 .part v0x155c936d0_0, 7, 1;
L_0x155c9ac00 .part v0x155c936d0_0, 8, 1;
L_0x155c9ad80 .part v0x155c936d0_0, 9, 1;
L_0x155c9ae90 .part v0x155c936d0_0, 10, 1;
L_0x155c9b040 .part v0x155c936d0_0, 11, 1;
L_0x155c9b150 .part v0x155c936d0_0, 12, 1;
L_0x155c9b310 .part v0x155c936d0_0, 13, 1;
L_0x155c9b420 .part v0x155c936d0_0, 14, 1;
L_0x155c9b6c0 .part v0x155c936d0_0, 15, 1;
L_0x155c9b960 .part v0x155c7fae0_0, 0, 32;
L_0x155c9bb40 .part v0x155c7fae0_0, 32, 32;
L_0x1446053e0 .part v0x155c93870_0, 0, 1;
L_0x144605560 .part v0x155c93870_0, 1, 1;
L_0x144605600 .part v0x155c93870_0, 2, 1;
L_0x1446054c0 .part v0x155c93870_0, 3, 1;
L_0x144605750 .part v0x155c93870_0, 4, 1;
L_0x1446058b0 .part v0x155c93870_0, 5, 1;
L_0x1446056a0 .part v0x155c93870_0, 6, 1;
L_0x144605b20 .part v0x155c93870_0, 7, 1;
L_0x1446057f0 .part v0x155c93870_0, 8, 1;
L_0x144605ca0 .part v0x155c93870_0, 9, 1;
L_0x144605a50 .part v0x155c93870_0, 10, 1;
L_0x144605e30 .part v0x155c93870_0, 11, 1;
L_0x144605bc0 .part v0x155c93870_0, 12, 1;
L_0x144605fd0 .part v0x155c93870_0, 13, 1;
L_0x144605d40 .part v0x155c93870_0, 14, 1;
L_0x144605ed0 .part v0x155c93870_0, 15, 1;
S_0x155c26e20 .scope module, "alu" "ALU" 5 267, 6 1 0, S_0x155c266c0;
 .timescale -9 -11;
    .port_info 0 /INPUT 32 "a";
    .port_info 1 /INPUT 32 "b";
    .port_info 2 /INPUT 5 "control";
    .port_info 3 /OUTPUT 64 "Z_reg";
P_0x155c26fe0 .param/l "DATA_WIDTH" 0 6 1, +C4<00000000000000000000000000100000>;
v0x155c7fae0_0 .var "Z_reg", 63 0;
v0x155c7fba0_0 .net "a", 31 0, v0x155c94220_0;  alias, 1 drivers
v0x155c7fc40_0 .net "add_result", 31 0, L_0x155cbd1b0;  1 drivers
v0x155c7fcf0_0 .net "and_result", 31 0, L_0x155cffde0;  1 drivers
v0x155c7fda0_0 .net "b", 31 0, v0x155c831e0_0;  alias, 1 drivers
v0x155c7fe70_0 .net "control", 4 0, v0x155c99e40_0;  alias, 1 drivers
RS_0x14800f630 .resolv tri, L_0x155cbc730, L_0x155cddba0, L_0x155cff210;
v0x155c7ff10_0 .net8 "cout", 0 0, RS_0x14800f630;  3 drivers
v0x155c7ffa0_0 .net "div_result", 63 0, v0x155c43760_0;  1 drivers
v0x155c80040_0 .net "mul_result", 63 0, v0x155c447c0_0;  1 drivers
v0x155c80170_0 .net "neg_result", 31 0, L_0x1446050e0;  1 drivers
v0x155c80200_0 .net "not_result", 31 0, L_0x144605220;  1 drivers
v0x155c80290_0 .net "or_result", 31 0, L_0x155cffe90;  1 drivers
v0x155c80340_0 .net "pc_result", 31 0, L_0x155cde620;  1 drivers
v0x155c803f0_0 .var "result", 31 0;
v0x155c80490_0 .net "rol_result", 31 0, L_0x144604fb0;  1 drivers
v0x155c80550_0 .net "ror_result", 31 0, L_0x144604ac0;  1 drivers
v0x155c80600_0 .net "shl_result", 31 0, L_0x144604620;  1 drivers
v0x155c807b0_0 .net "shr_result", 31 0, L_0x155c94050;  1 drivers
v0x155c80840_0 .net "shra_result", 31 0, L_0x1446043a0;  1 drivers
v0x155c808d0_0 .net "sub_result", 31 0, L_0x155cffd10;  1 drivers
E_0x155c270e0 .event anyedge, v0x155c803f0_0;
E_0x155c27140/0 .event anyedge, v0x155c7fe70_0, v0x155c42c00_0, v0x155c7f4c0_0, v0x155c43180_0;
E_0x155c27140/1 .event anyedge, v0x155c45860_0, v0x155c62520_0, v0x155c61d30_0, v0x155c63070_0;
E_0x155c27140/2 .event anyedge, v0x155c63600_0, v0x155c62ae0_0, v0x155c43760_0, v0x155c447c0_0;
E_0x155c27140/3 .event anyedge, v0x155c44f00_0, v0x155c45370_0, v0x155c61350_0;
E_0x155c27140 .event/or E_0x155c27140/0, E_0x155c27140/1, E_0x155c27140/2, E_0x155c27140/3;
S_0x155c27180 .scope module, "ADD" "collective_add" 6 18, 7 22 0, S_0x155c26e20;
 .timescale -9 -11;
    .port_info 0 /INPUT 32 "d1";
    .port_info 1 /INPUT 32 "d2";
    .port_info 2 /INPUT 1 "cin";
    .port_info 3 /OUTPUT 32 "sum";
    .port_info 4 /OUTPUT 1 "cout";
P_0x155c27350 .param/l "DATA_WIDTH" 0 7 22, +C4<00000000000000000000000000100000>;
v0x155c42820_0 .net "c1", 0 0, L_0x155cabd90;  1 drivers
L_0x148040058 .functor BUFT 1, C4<0>, C4<0>, C4<0>, C4<0>;
v0x155c42940_0 .net "cin", 0 0, L_0x148040058;  1 drivers
v0x155c429d0_0 .net8 "cout", 0 0, RS_0x14800f630;  alias, 3 drivers
v0x155c42aa0_0 .net "d1", 31 0, v0x155c94220_0;  alias, 1 drivers
v0x155c42b30_0 .net "d2", 31 0, v0x155c831e0_0;  alias, 1 drivers
v0x155c42c00_0 .net "sum", 31 0, L_0x155cbd1b0;  alias, 1 drivers
L_0x155cac6d0 .part v0x155c94220_0, 0, 16;
L_0x155cac770 .part v0x155c831e0_0, 0, 16;
L_0x155cbd070 .part v0x155c94220_0, 16, 16;
L_0x155cbd110 .part v0x155c831e0_0, 16, 16;
L_0x155cbd1b0 .concat8 [ 16 16 0 0], L_0x155cac520, L_0x155cbcec0;
S_0x155c274a0 .scope module, "n1" "cla16" 7 32, 7 4 0, S_0x155c27180;
 .timescale -9 -11;
    .port_info 0 /INPUT 16 "d1";
    .port_info 1 /INPUT 16 "d2";
    .port_info 2 /INPUT 1 "cin";
    .port_info 3 /OUTPUT 16 "sum";
    .port_info 4 /OUTPUT 1 "cout";
P_0x155c27670 .param/l "DATA_WIDTH" 0 7 4, +C4<00000000000000000000000000100000>;
v0x155c34890_0 .net "c1", 0 0, L_0x155c9f8c0;  1 drivers
v0x155c34970_0 .net "c2", 0 0, L_0x155ca3a50;  1 drivers
v0x155c34a40_0 .net "c3", 0 0, L_0x155ca7c10;  1 drivers
v0x155c34b10_0 .net "cin", 0 0, L_0x148040058;  alias, 1 drivers
v0x155c34ba0_0 .net "cout", 0 0, L_0x155cabd90;  alias, 1 drivers
v0x155c34c70_0 .net "d1", 15 0, L_0x155cac6d0;  1 drivers
v0x155c34d00_0 .net "d2", 15 0, L_0x155cac770;  1 drivers
v0x155c34d90_0 .net "sum", 15 0, L_0x155cac520;  1 drivers
L_0x155c9fe90 .part L_0x155cac6d0, 0, 4;
L_0x155c9ff30 .part L_0x155cac770, 0, 4;
L_0x155ca4020 .part L_0x155cac6d0, 4, 4;
L_0x155ca40c0 .part L_0x155cac770, 4, 4;
L_0x155ca81e0 .part L_0x155cac6d0, 8, 4;
L_0x155ca8280 .part L_0x155cac770, 8, 4;
L_0x155cac360 .part L_0x155cac6d0, 12, 4;
L_0x155cac400 .part L_0x155cac770, 12, 4;
L_0x155cac520 .concat8 [ 4 4 4 4], L_0x155c9fac0, L_0x155ca3c50, L_0x155ca7e10, L_0x155cabf90;
S_0x155c277c0 .scope module, "n1" "cla_4" 7 14, 8 3 0, S_0x155c274a0;
 .timescale -9 -11;
    .port_info 0 /INPUT 4 "a";
    .port_info 1 /INPUT 4 "b";
    .port_info 2 /INPUT 1 "cin";
    .port_info 3 /OUTPUT 4 "sum";
    .port_info 4 /OUTPUT 1 "cout";
L_0x155c9bdd0 .functor XOR 4, L_0x155c9fe90, L_0x155c9ff30, C4<0000>, C4<0000>;
L_0x155c9bec0 .functor AND 4, L_0x155c9fe90, L_0x155c9ff30, C4<1111>, C4<1111>;
L_0x155c9bff0 .functor BUFZ 1, L_0x148040058, C4<0>, C4<0>, C4<0>;
L_0x155c9c320 .functor AND 1, L_0x155c9c160, L_0x155c9c240, C4<1>, C4<1>;
L_0x155c9c450 .functor OR 1, L_0x155c9c060, L_0x155c9c320, C4<0>, C4<0>;
L_0x155c9c800 .functor AND 1, L_0x155c9c610, L_0x155c9c6e0, C4<1>, C4<1>;
L_0x155c9c8d0 .functor OR 1, L_0x155c9c570, L_0x155c9c800, C4<0>, C4<0>;
L_0x155c9cbc0 .functor AND 1, L_0x155c9ca00, L_0x155c9cb20, C4<1>, C4<1>;
L_0x155c9cde0 .functor AND 1, L_0x155c9cbc0, L_0x155c9ccb0, C4<1>, C4<1>;
L_0x155c9cee0 .functor OR 1, L_0x155c9c8d0, L_0x155c9cde0, C4<0>, C4<0>;
L_0x155c9d3d0 .functor AND 1, L_0x155c9d220, L_0x155c9d2c0, C4<1>, C4<1>;
L_0x155c9d4e0 .functor OR 1, L_0x155c9d120, L_0x155c9d3d0, C4<0>, C4<0>;
L_0x155c9d360 .functor AND 1, L_0x155c9d590, L_0x155c9d630, C4<1>, C4<1>;
L_0x155c9d960 .functor AND 1, L_0x155c9d360, L_0x155c9d8c0, C4<1>, C4<1>;
L_0x155c9da10 .functor OR 1, L_0x155c9d4e0, L_0x155c9d960, C4<0>, C4<0>;
L_0x155c9d850 .functor AND 1, L_0x155c9db80, L_0x155c9dcb0, C4<1>, C4<1>;
L_0x155c9ded0 .functor AND 1, L_0x155c9d850, L_0x155c9dd90, C4<1>, C4<1>;
L_0x155c9e090 .functor AND 1, L_0x155c9ded0, L_0x155c9dff0, C4<1>, C4<1>;
L_0x155c9e160 .functor OR 1, L_0x155c9da10, L_0x155c9e090, C4<0>, C4<0>;
L_0x155c9c780 .functor AND 1, L_0x155c9de30, L_0x155c9e4d0, C4<1>, C4<1>;
L_0x155c9e670 .functor OR 1, L_0x155c9e330, L_0x155c9c780, C4<0>, C4<0>;
L_0x155c9e980 .functor AND 1, L_0x155c9e290, L_0x155c9e810, C4<1>, C4<1>;
L_0x155c9eab0 .functor AND 1, L_0x155c9e980, L_0x155c9ea10, C4<1>, C4<1>;
L_0x155c9ec60 .functor OR 1, L_0x155c9e670, L_0x155c9eab0, C4<0>, C4<0>;
L_0x155c9e8b0 .functor AND 1, L_0x155c9ecd0, L_0x155c9ee50, C4<1>, C4<1>;
L_0x155c9eba0 .functor AND 1, L_0x155c9e8b0, L_0x155c9d710, C4<1>, C4<1>;
L_0x155c9f2b0 .functor AND 1, L_0x155c9eba0, L_0x155c9ed70, C4<1>, C4<1>;
L_0x155c9f480 .functor OR 1, L_0x155c9ec60, L_0x155c9f2b0, C4<0>, C4<0>;
L_0x155c9f170 .functor AND 1, L_0x155c9f4f0, L_0x155c9f690, C4<1>, C4<1>;
L_0x155c9f3a0 .functor AND 1, L_0x155c9f170, L_0x155c9f820, C4<1>, C4<1>;
L_0x155c9f9d0 .functor AND 1, L_0x155c9f3a0, L_0x155c9f5d0, C4<1>, C4<1>;
L_0x155c9f730 .functor AND 1, L_0x155c9f9d0, L_0x155c9fbc0, C4<1>, C4<1>;
L_0x155c9f8c0 .functor OR 1, L_0x155c9f480, L_0x155c9f730, C4<0>, C4<0>;
L_0x155c9fac0 .functor XOR 4, L_0x155c9bdd0, L_0x155c9cf90, C4<0000>, C4<0000>;
v0x155c27a40_0 .net "G", 3 0, L_0x155c9bec0;  1 drivers
v0x155c27b00_0 .net "P", 3 0, L_0x155c9bdd0;  1 drivers
v0x155c27bb0_0 .net *"_ivl_102", 0 0, L_0x155c9ea10;  1 drivers
v0x155c27c70_0 .net *"_ivl_103", 0 0, L_0x155c9eab0;  1 drivers
v0x155c27d20_0 .net *"_ivl_105", 0 0, L_0x155c9ec60;  1 drivers
v0x155c27e10_0 .net *"_ivl_108", 0 0, L_0x155c9ecd0;  1 drivers
v0x155c27ec0_0 .net *"_ivl_11", 0 0, L_0x155c9c060;  1 drivers
v0x155c27f70_0 .net *"_ivl_110", 0 0, L_0x155c9ee50;  1 drivers
v0x155c28020_0 .net *"_ivl_111", 0 0, L_0x155c9e8b0;  1 drivers
v0x155c28130_0 .net *"_ivl_114", 0 0, L_0x155c9d710;  1 drivers
v0x155c281e0_0 .net *"_ivl_115", 0 0, L_0x155c9eba0;  1 drivers
v0x155c28290_0 .net *"_ivl_118", 0 0, L_0x155c9ed70;  1 drivers
v0x155c28340_0 .net *"_ivl_119", 0 0, L_0x155c9f2b0;  1 drivers
v0x155c283f0_0 .net *"_ivl_121", 0 0, L_0x155c9f480;  1 drivers
v0x155c284a0_0 .net *"_ivl_124", 0 0, L_0x155c9f4f0;  1 drivers
v0x155c28550_0 .net *"_ivl_126", 0 0, L_0x155c9f690;  1 drivers
v0x155c28600_0 .net *"_ivl_127", 0 0, L_0x155c9f170;  1 drivers
v0x155c28790_0 .net *"_ivl_13", 0 0, L_0x155c9c160;  1 drivers
v0x155c28820_0 .net *"_ivl_130", 0 0, L_0x155c9f820;  1 drivers
v0x155c288d0_0 .net *"_ivl_131", 0 0, L_0x155c9f3a0;  1 drivers
v0x155c28980_0 .net *"_ivl_134", 0 0, L_0x155c9f5d0;  1 drivers
v0x155c28a30_0 .net *"_ivl_135", 0 0, L_0x155c9f9d0;  1 drivers
v0x155c28ae0_0 .net *"_ivl_138", 0 0, L_0x155c9fbc0;  1 drivers
v0x155c28b90_0 .net *"_ivl_139", 0 0, L_0x155c9f730;  1 drivers
v0x155c28c40_0 .net *"_ivl_15", 0 0, L_0x155c9c240;  1 drivers
v0x155c28cf0_0 .net *"_ivl_16", 0 0, L_0x155c9c320;  1 drivers
v0x155c28da0_0 .net *"_ivl_18", 0 0, L_0x155c9c450;  1 drivers
v0x155c28e50_0 .net *"_ivl_23", 0 0, L_0x155c9c570;  1 drivers
v0x155c28f00_0 .net *"_ivl_25", 0 0, L_0x155c9c610;  1 drivers
v0x155c28fb0_0 .net *"_ivl_27", 0 0, L_0x155c9c6e0;  1 drivers
v0x155c29060_0 .net *"_ivl_28", 0 0, L_0x155c9c800;  1 drivers
v0x155c29110_0 .net *"_ivl_30", 0 0, L_0x155c9c8d0;  1 drivers
v0x155c291c0_0 .net *"_ivl_33", 0 0, L_0x155c9ca00;  1 drivers
v0x155c286b0_0 .net *"_ivl_35", 0 0, L_0x155c9cb20;  1 drivers
v0x155c29450_0 .net *"_ivl_36", 0 0, L_0x155c9cbc0;  1 drivers
v0x155c294e0_0 .net *"_ivl_39", 0 0, L_0x155c9ccb0;  1 drivers
v0x155c29580_0 .net *"_ivl_40", 0 0, L_0x155c9cde0;  1 drivers
v0x155c29630_0 .net *"_ivl_42", 0 0, L_0x155c9cee0;  1 drivers
v0x155c296e0_0 .net *"_ivl_48", 0 0, L_0x155c9d120;  1 drivers
v0x155c29790_0 .net *"_ivl_50", 0 0, L_0x155c9d220;  1 drivers
v0x155c29840_0 .net *"_ivl_52", 0 0, L_0x155c9d2c0;  1 drivers
v0x155c298f0_0 .net *"_ivl_53", 0 0, L_0x155c9d3d0;  1 drivers
v0x155c299a0_0 .net *"_ivl_55", 0 0, L_0x155c9d4e0;  1 drivers
v0x155c29a50_0 .net *"_ivl_58", 0 0, L_0x155c9d590;  1 drivers
v0x155c29b00_0 .net *"_ivl_60", 0 0, L_0x155c9d630;  1 drivers
v0x155c29bb0_0 .net *"_ivl_61", 0 0, L_0x155c9d360;  1 drivers
v0x155c29c60_0 .net *"_ivl_64", 0 0, L_0x155c9d8c0;  1 drivers
v0x155c29d10_0 .net *"_ivl_65", 0 0, L_0x155c9d960;  1 drivers
v0x155c29dc0_0 .net *"_ivl_67", 0 0, L_0x155c9da10;  1 drivers
v0x155c29e70_0 .net *"_ivl_7", 0 0, L_0x155c9bff0;  1 drivers
v0x155c29f20_0 .net *"_ivl_70", 0 0, L_0x155c9db80;  1 drivers
v0x155c29fd0_0 .net *"_ivl_72", 0 0, L_0x155c9dcb0;  1 drivers
v0x155c2a080_0 .net *"_ivl_73", 0 0, L_0x155c9d850;  1 drivers
v0x155c2a130_0 .net *"_ivl_76", 0 0, L_0x155c9dd90;  1 drivers
v0x155c2a1e0_0 .net *"_ivl_77", 0 0, L_0x155c9ded0;  1 drivers
v0x155c2a290_0 .net *"_ivl_80", 0 0, L_0x155c9dff0;  1 drivers
v0x155c2a340_0 .net *"_ivl_81", 0 0, L_0x155c9e090;  1 drivers
v0x155c2a3f0_0 .net *"_ivl_83", 0 0, L_0x155c9e160;  1 drivers
v0x155c2a4a0_0 .net *"_ivl_86", 0 0, L_0x155c9e330;  1 drivers
v0x155c2a550_0 .net *"_ivl_88", 0 0, L_0x155c9de30;  1 drivers
v0x155c2a600_0 .net *"_ivl_90", 0 0, L_0x155c9e4d0;  1 drivers
v0x155c2a6b0_0 .net *"_ivl_91", 0 0, L_0x155c9c780;  1 drivers
v0x155c2a760_0 .net *"_ivl_93", 0 0, L_0x155c9e670;  1 drivers
v0x155c2a810_0 .net *"_ivl_96", 0 0, L_0x155c9e290;  1 drivers
v0x155c2a8c0_0 .net *"_ivl_98", 0 0, L_0x155c9e810;  1 drivers
v0x155c29270_0 .net *"_ivl_99", 0 0, L_0x155c9e980;  1 drivers
v0x155c29320_0 .net "a", 3 0, L_0x155c9fe90;  1 drivers
v0x155c2a950_0 .net "b", 3 0, L_0x155c9ff30;  1 drivers
v0x155c2a9e0_0 .net "c", 3 0, L_0x155c9cf90;  1 drivers
v0x155c2aa70_0 .net "cin", 0 0, L_0x148040058;  alias, 1 drivers
v0x155c2ab00_0 .net "cout", 0 0, L_0x155c9f8c0;  alias, 1 drivers
v0x155c2ab90_0 .net "sum", 3 0, L_0x155c9fac0;  1 drivers
L_0x155c9c060 .part L_0x155c9bec0, 0, 1;
L_0x155c9c160 .part L_0x155c9bdd0, 0, 1;
L_0x155c9c240 .part L_0x155c9cf90, 0, 1;
L_0x155c9c570 .part L_0x155c9bec0, 1, 1;
L_0x155c9c610 .part L_0x155c9bdd0, 1, 1;
L_0x155c9c6e0 .part L_0x155c9bec0, 0, 1;
L_0x155c9ca00 .part L_0x155c9bdd0, 1, 1;
L_0x155c9cb20 .part L_0x155c9bdd0, 0, 1;
L_0x155c9ccb0 .part L_0x155c9cf90, 0, 1;
L_0x155c9cf90 .concat8 [ 1 1 1 1], L_0x155c9bff0, L_0x155c9c450, L_0x155c9cee0, L_0x155c9e160;
L_0x155c9d120 .part L_0x155c9bec0, 2, 1;
L_0x155c9d220 .part L_0x155c9bdd0, 2, 1;
L_0x155c9d2c0 .part L_0x155c9bec0, 1, 1;
L_0x155c9d590 .part L_0x155c9bdd0, 2, 1;
L_0x155c9d630 .part L_0x155c9bdd0, 1, 1;
L_0x155c9d8c0 .part L_0x155c9bec0, 0, 1;
L_0x155c9db80 .part L_0x155c9bdd0, 2, 1;
L_0x155c9dcb0 .part L_0x155c9bdd0, 1, 1;
L_0x155c9dd90 .part L_0x155c9bdd0, 0, 1;
L_0x155c9dff0 .part L_0x155c9cf90, 0, 1;
L_0x155c9e330 .part L_0x155c9bec0, 3, 1;
L_0x155c9de30 .part L_0x155c9bdd0, 3, 1;
L_0x155c9e4d0 .part L_0x155c9bec0, 2, 1;
L_0x155c9e290 .part L_0x155c9bdd0, 3, 1;
L_0x155c9e810 .part L_0x155c9bdd0, 2, 1;
L_0x155c9ea10 .part L_0x155c9bec0, 1, 1;
L_0x155c9ecd0 .part L_0x155c9bdd0, 3, 1;
L_0x155c9ee50 .part L_0x155c9bdd0, 2, 1;
L_0x155c9d710 .part L_0x155c9bdd0, 1, 1;
L_0x155c9ed70 .part L_0x155c9bec0, 0, 1;
L_0x155c9f4f0 .part L_0x155c9bdd0, 3, 1;
L_0x155c9f690 .part L_0x155c9bdd0, 2, 1;
L_0x155c9f820 .part L_0x155c9bdd0, 1, 1;
L_0x155c9f5d0 .part L_0x155c9bdd0, 0, 1;
L_0x155c9fbc0 .part L_0x155c9cf90, 0, 1;
S_0x155c2aca0 .scope module, "n2" "cla_4" 7 15, 8 3 0, S_0x155c274a0;
 .timescale -9 -11;
    .port_info 0 /INPUT 4 "a";
    .port_info 1 /INPUT 4 "b";
    .port_info 2 /INPUT 1 "cin";
    .port_info 3 /OUTPUT 4 "sum";
    .port_info 4 /OUTPUT 1 "cout";
L_0x155c9fb30 .functor XOR 4, L_0x155ca4020, L_0x155ca40c0, C4<0000>, C4<0000>;
L_0x155ca0030 .functor AND 4, L_0x155ca4020, L_0x155ca40c0, C4<1111>, C4<1111>;
L_0x155ca0160 .functor BUFZ 1, L_0x155c9f8c0, C4<0>, C4<0>, C4<0>;
L_0x155ca04d0 .functor AND 1, L_0x155ca0330, L_0x155ca0410, C4<1>, C4<1>;
L_0x155ca05e0 .functor OR 1, L_0x155ca0250, L_0x155ca04d0, C4<0>, C4<0>;
L_0x155ca0990 .functor AND 1, L_0x155ca07a0, L_0x155ca0870, C4<1>, C4<1>;
L_0x155ca0a60 .functor OR 1, L_0x155ca0700, L_0x155ca0990, C4<0>, C4<0>;
L_0x155ca0d50 .functor AND 1, L_0x155ca0b90, L_0x155ca0cb0, C4<1>, C4<1>;
L_0x155ca0f70 .functor AND 1, L_0x155ca0d50, L_0x155ca0e40, C4<1>, C4<1>;
L_0x155ca1070 .functor OR 1, L_0x155ca0a60, L_0x155ca0f70, C4<0>, C4<0>;
L_0x155ca1560 .functor AND 1, L_0x155ca13b0, L_0x155ca1450, C4<1>, C4<1>;
L_0x155ca1670 .functor OR 1, L_0x155ca12b0, L_0x155ca1560, C4<0>, C4<0>;
L_0x155ca14f0 .functor AND 1, L_0x155ca1720, L_0x155ca17c0, C4<1>, C4<1>;
L_0x155ca1af0 .functor AND 1, L_0x155ca14f0, L_0x155ca1a50, C4<1>, C4<1>;
L_0x155ca1ba0 .functor OR 1, L_0x155ca1670, L_0x155ca1af0, C4<0>, C4<0>;
L_0x155ca19e0 .functor AND 1, L_0x155ca1d10, L_0x155ca1e40, C4<1>, C4<1>;
L_0x155ca2060 .functor AND 1, L_0x155ca19e0, L_0x155ca1f20, C4<1>, C4<1>;
L_0x155ca2220 .functor AND 1, L_0x155ca2060, L_0x155ca2180, C4<1>, C4<1>;
L_0x155ca22f0 .functor OR 1, L_0x155ca1ba0, L_0x155ca2220, C4<0>, C4<0>;
L_0x155ca0910 .functor AND 1, L_0x155ca1fc0, L_0x155ca2660, C4<1>, C4<1>;
L_0x155ca2800 .functor OR 1, L_0x155ca24c0, L_0x155ca0910, C4<0>, C4<0>;
L_0x155ca2b10 .functor AND 1, L_0x155ca2420, L_0x155ca29a0, C4<1>, C4<1>;
L_0x155ca2c40 .functor AND 1, L_0x155ca2b10, L_0x155ca2ba0, C4<1>, C4<1>;
L_0x155ca2df0 .functor OR 1, L_0x155ca2800, L_0x155ca2c40, C4<0>, C4<0>;
L_0x155ca2a40 .functor AND 1, L_0x155ca2e60, L_0x155ca2fe0, C4<1>, C4<1>;
L_0x155ca2d30 .functor AND 1, L_0x155ca2a40, L_0x155ca18a0, C4<1>, C4<1>;
L_0x155ca3440 .functor AND 1, L_0x155ca2d30, L_0x155ca2f00, C4<1>, C4<1>;
L_0x155ca3610 .functor OR 1, L_0x155ca2df0, L_0x155ca3440, C4<0>, C4<0>;
L_0x155ca3300 .functor AND 1, L_0x155ca3680, L_0x155ca3820, C4<1>, C4<1>;
L_0x155ca3530 .functor AND 1, L_0x155ca3300, L_0x155ca39b0, C4<1>, C4<1>;
L_0x155ca3b60 .functor AND 1, L_0x155ca3530, L_0x155ca3760, C4<1>, C4<1>;
L_0x155ca38c0 .functor AND 1, L_0x155ca3b60, L_0x155ca3d50, C4<1>, C4<1>;
L_0x155ca3a50 .functor OR 1, L_0x155ca3610, L_0x155ca38c0, C4<0>, C4<0>;
L_0x155ca3c50 .functor XOR 4, L_0x155c9fb30, L_0x155ca1120, C4<0000>, C4<0000>;
v0x155c2ae90_0 .net "G", 3 0, L_0x155ca0030;  1 drivers
v0x155c2af20_0 .net "P", 3 0, L_0x155c9fb30;  1 drivers
v0x155c2afd0_0 .net *"_ivl_102", 0 0, L_0x155ca2ba0;  1 drivers
v0x155c2b090_0 .net *"_ivl_103", 0 0, L_0x155ca2c40;  1 drivers
v0x155c2b140_0 .net *"_ivl_105", 0 0, L_0x155ca2df0;  1 drivers
v0x155c2b230_0 .net *"_ivl_108", 0 0, L_0x155ca2e60;  1 drivers
v0x155c2b2e0_0 .net *"_ivl_11", 0 0, L_0x155ca0250;  1 drivers
v0x155c2b390_0 .net *"_ivl_110", 0 0, L_0x155ca2fe0;  1 drivers
v0x155c2b440_0 .net *"_ivl_111", 0 0, L_0x155ca2a40;  1 drivers
v0x155c2b550_0 .net *"_ivl_114", 0 0, L_0x155ca18a0;  1 drivers
v0x155c2b600_0 .net *"_ivl_115", 0 0, L_0x155ca2d30;  1 drivers
v0x155c2b6b0_0 .net *"_ivl_118", 0 0, L_0x155ca2f00;  1 drivers
v0x155c2b760_0 .net *"_ivl_119", 0 0, L_0x155ca3440;  1 drivers
v0x155c2b810_0 .net *"_ivl_121", 0 0, L_0x155ca3610;  1 drivers
v0x155c2b8c0_0 .net *"_ivl_124", 0 0, L_0x155ca3680;  1 drivers
v0x155c2b970_0 .net *"_ivl_126", 0 0, L_0x155ca3820;  1 drivers
v0x155c2ba20_0 .net *"_ivl_127", 0 0, L_0x155ca3300;  1 drivers
v0x155c2bbb0_0 .net *"_ivl_13", 0 0, L_0x155ca0330;  1 drivers
v0x155c2bc40_0 .net *"_ivl_130", 0 0, L_0x155ca39b0;  1 drivers
v0x155c2bcf0_0 .net *"_ivl_131", 0 0, L_0x155ca3530;  1 drivers
v0x155c2bda0_0 .net *"_ivl_134", 0 0, L_0x155ca3760;  1 drivers
v0x155c2be50_0 .net *"_ivl_135", 0 0, L_0x155ca3b60;  1 drivers
v0x155c2bf00_0 .net *"_ivl_138", 0 0, L_0x155ca3d50;  1 drivers
v0x155c2bfb0_0 .net *"_ivl_139", 0 0, L_0x155ca38c0;  1 drivers
v0x155c2c060_0 .net *"_ivl_15", 0 0, L_0x155ca0410;  1 drivers
v0x155c2c110_0 .net *"_ivl_16", 0 0, L_0x155ca04d0;  1 drivers
v0x155c2c1c0_0 .net *"_ivl_18", 0 0, L_0x155ca05e0;  1 drivers
v0x155c2c270_0 .net *"_ivl_23", 0 0, L_0x155ca0700;  1 drivers
v0x155c2c320_0 .net *"_ivl_25", 0 0, L_0x155ca07a0;  1 drivers
v0x155c2c3d0_0 .net *"_ivl_27", 0 0, L_0x155ca0870;  1 drivers
v0x155c2c480_0 .net *"_ivl_28", 0 0, L_0x155ca0990;  1 drivers
v0x155c2c530_0 .net *"_ivl_30", 0 0, L_0x155ca0a60;  1 drivers
v0x155c2c5e0_0 .net *"_ivl_33", 0 0, L_0x155ca0b90;  1 drivers
v0x155c2bad0_0 .net *"_ivl_35", 0 0, L_0x155ca0cb0;  1 drivers
v0x155c2c870_0 .net *"_ivl_36", 0 0, L_0x155ca0d50;  1 drivers
v0x155c2c900_0 .net *"_ivl_39", 0 0, L_0x155ca0e40;  1 drivers
v0x155c2c9a0_0 .net *"_ivl_40", 0 0, L_0x155ca0f70;  1 drivers
v0x155c2ca50_0 .net *"_ivl_42", 0 0, L_0x155ca1070;  1 drivers
v0x155c2cb00_0 .net *"_ivl_48", 0 0, L_0x155ca12b0;  1 drivers
v0x155c2cbb0_0 .net *"_ivl_50", 0 0, L_0x155ca13b0;  1 drivers
v0x155c2cc60_0 .net *"_ivl_52", 0 0, L_0x155ca1450;  1 drivers
v0x155c2cd10_0 .net *"_ivl_53", 0 0, L_0x155ca1560;  1 drivers
v0x155c2cdc0_0 .net *"_ivl_55", 0 0, L_0x155ca1670;  1 drivers
v0x155c2ce70_0 .net *"_ivl_58", 0 0, L_0x155ca1720;  1 drivers
v0x155c2cf20_0 .net *"_ivl_60", 0 0, L_0x155ca17c0;  1 drivers
v0x155c2cfd0_0 .net *"_ivl_61", 0 0, L_0x155ca14f0;  1 drivers
v0x155c2d080_0 .net *"_ivl_64", 0 0, L_0x155ca1a50;  1 drivers
v0x155c2d130_0 .net *"_ivl_65", 0 0, L_0x155ca1af0;  1 drivers
v0x155c2d1e0_0 .net *"_ivl_67", 0 0, L_0x155ca1ba0;  1 drivers
v0x155c2d290_0 .net *"_ivl_7", 0 0, L_0x155ca0160;  1 drivers
v0x155c2d340_0 .net *"_ivl_70", 0 0, L_0x155ca1d10;  1 drivers
v0x155c2d3f0_0 .net *"_ivl_72", 0 0, L_0x155ca1e40;  1 drivers
v0x155c2d4a0_0 .net *"_ivl_73", 0 0, L_0x155ca19e0;  1 drivers
v0x155c2d550_0 .net *"_ivl_76", 0 0, L_0x155ca1f20;  1 drivers
v0x155c2d600_0 .net *"_ivl_77", 0 0, L_0x155ca2060;  1 drivers
v0x155c2d6b0_0 .net *"_ivl_80", 0 0, L_0x155ca2180;  1 drivers
v0x155c2d760_0 .net *"_ivl_81", 0 0, L_0x155ca2220;  1 drivers
v0x155c2d810_0 .net *"_ivl_83", 0 0, L_0x155ca22f0;  1 drivers
v0x155c2d8c0_0 .net *"_ivl_86", 0 0, L_0x155ca24c0;  1 drivers
v0x155c2d970_0 .net *"_ivl_88", 0 0, L_0x155ca1fc0;  1 drivers
v0x155c2da20_0 .net *"_ivl_90", 0 0, L_0x155ca2660;  1 drivers
v0x155c2dad0_0 .net *"_ivl_91", 0 0, L_0x155ca0910;  1 drivers
v0x155c2db80_0 .net *"_ivl_93", 0 0, L_0x155ca2800;  1 drivers
v0x155c2dc30_0 .net *"_ivl_96", 0 0, L_0x155ca2420;  1 drivers
v0x155c2dce0_0 .net *"_ivl_98", 0 0, L_0x155ca29a0;  1 drivers
v0x155c2c690_0 .net *"_ivl_99", 0 0, L_0x155ca2b10;  1 drivers
v0x155c2c740_0 .net "a", 3 0, L_0x155ca4020;  1 drivers
v0x155c2dd70_0 .net "b", 3 0, L_0x155ca40c0;  1 drivers
v0x155c2de00_0 .net "c", 3 0, L_0x155ca1120;  1 drivers
v0x155c2de90_0 .net "cin", 0 0, L_0x155c9f8c0;  alias, 1 drivers
v0x155c2df20_0 .net "cout", 0 0, L_0x155ca3a50;  alias, 1 drivers
v0x155c2dfb0_0 .net "sum", 3 0, L_0x155ca3c50;  1 drivers
L_0x155ca0250 .part L_0x155ca0030, 0, 1;
L_0x155ca0330 .part L_0x155c9fb30, 0, 1;
L_0x155ca0410 .part L_0x155ca1120, 0, 1;
L_0x155ca0700 .part L_0x155ca0030, 1, 1;
L_0x155ca07a0 .part L_0x155c9fb30, 1, 1;
L_0x155ca0870 .part L_0x155ca0030, 0, 1;
L_0x155ca0b90 .part L_0x155c9fb30, 1, 1;
L_0x155ca0cb0 .part L_0x155c9fb30, 0, 1;
L_0x155ca0e40 .part L_0x155ca1120, 0, 1;
L_0x155ca1120 .concat8 [ 1 1 1 1], L_0x155ca0160, L_0x155ca05e0, L_0x155ca1070, L_0x155ca22f0;
L_0x155ca12b0 .part L_0x155ca0030, 2, 1;
L_0x155ca13b0 .part L_0x155c9fb30, 2, 1;
L_0x155ca1450 .part L_0x155ca0030, 1, 1;
L_0x155ca1720 .part L_0x155c9fb30, 2, 1;
L_0x155ca17c0 .part L_0x155c9fb30, 1, 1;
L_0x155ca1a50 .part L_0x155ca0030, 0, 1;
L_0x155ca1d10 .part L_0x155c9fb30, 2, 1;
L_0x155ca1e40 .part L_0x155c9fb30, 1, 1;
L_0x155ca1f20 .part L_0x155c9fb30, 0, 1;
L_0x155ca2180 .part L_0x155ca1120, 0, 1;
L_0x155ca24c0 .part L_0x155ca0030, 3, 1;
L_0x155ca1fc0 .part L_0x155c9fb30, 3, 1;
L_0x155ca2660 .part L_0x155ca0030, 2, 1;
L_0x155ca2420 .part L_0x155c9fb30, 3, 1;
L_0x155ca29a0 .part L_0x155c9fb30, 2, 1;
L_0x155ca2ba0 .part L_0x155ca0030, 1, 1;
L_0x155ca2e60 .part L_0x155c9fb30, 3, 1;
L_0x155ca2fe0 .part L_0x155c9fb30, 2, 1;
L_0x155ca18a0 .part L_0x155c9fb30, 1, 1;
L_0x155ca2f00 .part L_0x155ca0030, 0, 1;
L_0x155ca3680 .part L_0x155c9fb30, 3, 1;
L_0x155ca3820 .part L_0x155c9fb30, 2, 1;
L_0x155ca39b0 .part L_0x155c9fb30, 1, 1;
L_0x155ca3760 .part L_0x155c9fb30, 0, 1;
L_0x155ca3d50 .part L_0x155ca1120, 0, 1;
S_0x155c2e040 .scope module, "n3" "cla_4" 7 16, 8 3 0, S_0x155c274a0;
 .timescale -9 -11;
    .port_info 0 /INPUT 4 "a";
    .port_info 1 /INPUT 4 "b";
    .port_info 2 /INPUT 1 "cin";
    .port_info 3 /OUTPUT 4 "sum";
    .port_info 4 /OUTPUT 1 "cout";
L_0x155ca4160 .functor XOR 4, L_0x155ca81e0, L_0x155ca8280, C4<0000>, C4<0000>;
L_0x155ca41d0 .functor AND 4, L_0x155ca81e0, L_0x155ca8280, C4<1111>, C4<1111>;
L_0x155ca4300 .functor BUFZ 1, L_0x155ca3a50, C4<0>, C4<0>, C4<0>;
L_0x155ca4670 .functor AND 1, L_0x155ca44d0, L_0x155ca45b0, C4<1>, C4<1>;
L_0x155ca47a0 .functor OR 1, L_0x155ca43f0, L_0x155ca4670, C4<0>, C4<0>;
L_0x155ca4b50 .functor AND 1, L_0x155ca4960, L_0x155ca4a30, C4<1>, C4<1>;
L_0x155ca4c20 .functor OR 1, L_0x155ca48c0, L_0x155ca4b50, C4<0>, C4<0>;
L_0x155ca4f10 .functor AND 1, L_0x155ca4d50, L_0x155ca4e70, C4<1>, C4<1>;
L_0x155ca5130 .functor AND 1, L_0x155ca4f10, L_0x155ca5000, C4<1>, C4<1>;
L_0x155ca5230 .functor OR 1, L_0x155ca4c20, L_0x155ca5130, C4<0>, C4<0>;
L_0x155ca5720 .functor AND 1, L_0x155ca5570, L_0x155ca5610, C4<1>, C4<1>;
L_0x155ca5830 .functor OR 1, L_0x155ca5470, L_0x155ca5720, C4<0>, C4<0>;
L_0x155ca56b0 .functor AND 1, L_0x155ca58e0, L_0x155ca5980, C4<1>, C4<1>;
L_0x155ca5cb0 .functor AND 1, L_0x155ca56b0, L_0x155ca5c10, C4<1>, C4<1>;
L_0x155ca5d60 .functor OR 1, L_0x155ca5830, L_0x155ca5cb0, C4<0>, C4<0>;
L_0x155ca5ba0 .functor AND 1, L_0x155ca5ed0, L_0x155ca6000, C4<1>, C4<1>;
L_0x155ca6220 .functor AND 1, L_0x155ca5ba0, L_0x155ca60e0, C4<1>, C4<1>;
L_0x155ca63e0 .functor AND 1, L_0x155ca6220, L_0x155ca6340, C4<1>, C4<1>;
L_0x155ca64b0 .functor OR 1, L_0x155ca5d60, L_0x155ca63e0, C4<0>, C4<0>;
L_0x155ca4ad0 .functor AND 1, L_0x155ca6180, L_0x155ca6820, C4<1>, C4<1>;
L_0x155ca69c0 .functor OR 1, L_0x155ca6680, L_0x155ca4ad0, C4<0>, C4<0>;
L_0x155ca6cd0 .functor AND 1, L_0x155ca65e0, L_0x155ca6b60, C4<1>, C4<1>;
L_0x155ca6e00 .functor AND 1, L_0x155ca6cd0, L_0x155ca6d60, C4<1>, C4<1>;
L_0x155ca6fb0 .functor OR 1, L_0x155ca69c0, L_0x155ca6e00, C4<0>, C4<0>;
L_0x155ca6c00 .functor AND 1, L_0x155ca7020, L_0x155ca71a0, C4<1>, C4<1>;
L_0x155ca6ef0 .functor AND 1, L_0x155ca6c00, L_0x155ca5a60, C4<1>, C4<1>;
L_0x155ca7600 .functor AND 1, L_0x155ca6ef0, L_0x155ca70c0, C4<1>, C4<1>;
L_0x155ca77d0 .functor OR 1, L_0x155ca6fb0, L_0x155ca7600, C4<0>, C4<0>;
L_0x155ca74c0 .functor AND 1, L_0x155ca7840, L_0x155ca79e0, C4<1>, C4<1>;
L_0x155ca76f0 .functor AND 1, L_0x155ca74c0, L_0x155ca7b70, C4<1>, C4<1>;
L_0x155ca7d20 .functor AND 1, L_0x155ca76f0, L_0x155ca7920, C4<1>, C4<1>;
L_0x155ca7a80 .functor AND 1, L_0x155ca7d20, L_0x155ca7f10, C4<1>, C4<1>;
L_0x155ca7c10 .functor OR 1, L_0x155ca77d0, L_0x155ca7a80, C4<0>, C4<0>;
L_0x155ca7e10 .functor XOR 4, L_0x155ca4160, L_0x155ca52e0, C4<0000>, C4<0000>;
v0x155c2e2a0_0 .net "G", 3 0, L_0x155ca41d0;  1 drivers
v0x155c2e350_0 .net "P", 3 0, L_0x155ca4160;  1 drivers
v0x155c2e400_0 .net *"_ivl_102", 0 0, L_0x155ca6d60;  1 drivers
v0x155c2e4c0_0 .net *"_ivl_103", 0 0, L_0x155ca6e00;  1 drivers
v0x155c2e570_0 .net *"_ivl_105", 0 0, L_0x155ca6fb0;  1 drivers
v0x155c2e660_0 .net *"_ivl_108", 0 0, L_0x155ca7020;  1 drivers
v0x155c2e710_0 .net *"_ivl_11", 0 0, L_0x155ca43f0;  1 drivers
v0x155c2e7c0_0 .net *"_ivl_110", 0 0, L_0x155ca71a0;  1 drivers
v0x155c2e870_0 .net *"_ivl_111", 0 0, L_0x155ca6c00;  1 drivers
v0x155c2e980_0 .net *"_ivl_114", 0 0, L_0x155ca5a60;  1 drivers
v0x155c2ea30_0 .net *"_ivl_115", 0 0, L_0x155ca6ef0;  1 drivers
v0x155c2eae0_0 .net *"_ivl_118", 0 0, L_0x155ca70c0;  1 drivers
v0x155c2eb90_0 .net *"_ivl_119", 0 0, L_0x155ca7600;  1 drivers
v0x155c2ec40_0 .net *"_ivl_121", 0 0, L_0x155ca77d0;  1 drivers
v0x155c2ecf0_0 .net *"_ivl_124", 0 0, L_0x155ca7840;  1 drivers
v0x155c2eda0_0 .net *"_ivl_126", 0 0, L_0x155ca79e0;  1 drivers
v0x155c2ee50_0 .net *"_ivl_127", 0 0, L_0x155ca74c0;  1 drivers
v0x155c2efe0_0 .net *"_ivl_13", 0 0, L_0x155ca44d0;  1 drivers
v0x155c2f070_0 .net *"_ivl_130", 0 0, L_0x155ca7b70;  1 drivers
v0x155c2f120_0 .net *"_ivl_131", 0 0, L_0x155ca76f0;  1 drivers
v0x155c2f1d0_0 .net *"_ivl_134", 0 0, L_0x155ca7920;  1 drivers
v0x155c2f280_0 .net *"_ivl_135", 0 0, L_0x155ca7d20;  1 drivers
v0x155c2f330_0 .net *"_ivl_138", 0 0, L_0x155ca7f10;  1 drivers
v0x155c2f3e0_0 .net *"_ivl_139", 0 0, L_0x155ca7a80;  1 drivers
v0x155c2f490_0 .net *"_ivl_15", 0 0, L_0x155ca45b0;  1 drivers
v0x155c2f540_0 .net *"_ivl_16", 0 0, L_0x155ca4670;  1 drivers
v0x155c2f5f0_0 .net *"_ivl_18", 0 0, L_0x155ca47a0;  1 drivers
v0x155c2f6a0_0 .net *"_ivl_23", 0 0, L_0x155ca48c0;  1 drivers
v0x155c2f750_0 .net *"_ivl_25", 0 0, L_0x155ca4960;  1 drivers
v0x155c2f800_0 .net *"_ivl_27", 0 0, L_0x155ca4a30;  1 drivers
v0x155c2f8b0_0 .net *"_ivl_28", 0 0, L_0x155ca4b50;  1 drivers
v0x155c2f960_0 .net *"_ivl_30", 0 0, L_0x155ca4c20;  1 drivers
v0x155c2fa10_0 .net *"_ivl_33", 0 0, L_0x155ca4d50;  1 drivers
v0x155c2ef00_0 .net *"_ivl_35", 0 0, L_0x155ca4e70;  1 drivers
v0x155c2fca0_0 .net *"_ivl_36", 0 0, L_0x155ca4f10;  1 drivers
v0x155c2fd30_0 .net *"_ivl_39", 0 0, L_0x155ca5000;  1 drivers
v0x155c2fdd0_0 .net *"_ivl_40", 0 0, L_0x155ca5130;  1 drivers
v0x155c2fe80_0 .net *"_ivl_42", 0 0, L_0x155ca5230;  1 drivers
v0x155c2ff30_0 .net *"_ivl_48", 0 0, L_0x155ca5470;  1 drivers
v0x155c2ffe0_0 .net *"_ivl_50", 0 0, L_0x155ca5570;  1 drivers
v0x155c30090_0 .net *"_ivl_52", 0 0, L_0x155ca5610;  1 drivers
v0x155c30140_0 .net *"_ivl_53", 0 0, L_0x155ca5720;  1 drivers
v0x155c301f0_0 .net *"_ivl_55", 0 0, L_0x155ca5830;  1 drivers
v0x155c302a0_0 .net *"_ivl_58", 0 0, L_0x155ca58e0;  1 drivers
v0x155c30350_0 .net *"_ivl_60", 0 0, L_0x155ca5980;  1 drivers
v0x155c30400_0 .net *"_ivl_61", 0 0, L_0x155ca56b0;  1 drivers
v0x155c304b0_0 .net *"_ivl_64", 0 0, L_0x155ca5c10;  1 drivers
v0x155c30560_0 .net *"_ivl_65", 0 0, L_0x155ca5cb0;  1 drivers
v0x155c30610_0 .net *"_ivl_67", 0 0, L_0x155ca5d60;  1 drivers
v0x155c306c0_0 .net *"_ivl_7", 0 0, L_0x155ca4300;  1 drivers
v0x155c30770_0 .net *"_ivl_70", 0 0, L_0x155ca5ed0;  1 drivers
v0x155c30820_0 .net *"_ivl_72", 0 0, L_0x155ca6000;  1 drivers
v0x155c308d0_0 .net *"_ivl_73", 0 0, L_0x155ca5ba0;  1 drivers
v0x155c30980_0 .net *"_ivl_76", 0 0, L_0x155ca60e0;  1 drivers
v0x155c30a30_0 .net *"_ivl_77", 0 0, L_0x155ca6220;  1 drivers
v0x155c30ae0_0 .net *"_ivl_80", 0 0, L_0x155ca6340;  1 drivers
v0x155c30b90_0 .net *"_ivl_81", 0 0, L_0x155ca63e0;  1 drivers
v0x155c30c40_0 .net *"_ivl_83", 0 0, L_0x155ca64b0;  1 drivers
v0x155c30cf0_0 .net *"_ivl_86", 0 0, L_0x155ca6680;  1 drivers
v0x155c30da0_0 .net *"_ivl_88", 0 0, L_0x155ca6180;  1 drivers
v0x155c30e50_0 .net *"_ivl_90", 0 0, L_0x155ca6820;  1 drivers
v0x155c30f00_0 .net *"_ivl_91", 0 0, L_0x155ca4ad0;  1 drivers
v0x155c30fb0_0 .net *"_ivl_93", 0 0, L_0x155ca69c0;  1 drivers
v0x155c31060_0 .net *"_ivl_96", 0 0, L_0x155ca65e0;  1 drivers
v0x155c31110_0 .net *"_ivl_98", 0 0, L_0x155ca6b60;  1 drivers
v0x155c2fac0_0 .net *"_ivl_99", 0 0, L_0x155ca6cd0;  1 drivers
v0x155c2fb70_0 .net "a", 3 0, L_0x155ca81e0;  1 drivers
v0x155c311a0_0 .net "b", 3 0, L_0x155ca8280;  1 drivers
v0x155c31230_0 .net "c", 3 0, L_0x155ca52e0;  1 drivers
v0x155c312c0_0 .net "cin", 0 0, L_0x155ca3a50;  alias, 1 drivers
v0x155c31350_0 .net "cout", 0 0, L_0x155ca7c10;  alias, 1 drivers
v0x155c313e0_0 .net "sum", 3 0, L_0x155ca7e10;  1 drivers
L_0x155ca43f0 .part L_0x155ca41d0, 0, 1;
L_0x155ca44d0 .part L_0x155ca4160, 0, 1;
L_0x155ca45b0 .part L_0x155ca52e0, 0, 1;
L_0x155ca48c0 .part L_0x155ca41d0, 1, 1;
L_0x155ca4960 .part L_0x155ca4160, 1, 1;
L_0x155ca4a30 .part L_0x155ca41d0, 0, 1;
L_0x155ca4d50 .part L_0x155ca4160, 1, 1;
L_0x155ca4e70 .part L_0x155ca4160, 0, 1;
L_0x155ca5000 .part L_0x155ca52e0, 0, 1;
L_0x155ca52e0 .concat8 [ 1 1 1 1], L_0x155ca4300, L_0x155ca47a0, L_0x155ca5230, L_0x155ca64b0;
L_0x155ca5470 .part L_0x155ca41d0, 2, 1;
L_0x155ca5570 .part L_0x155ca4160, 2, 1;
L_0x155ca5610 .part L_0x155ca41d0, 1, 1;
L_0x155ca58e0 .part L_0x155ca4160, 2, 1;
L_0x155ca5980 .part L_0x155ca4160, 1, 1;
L_0x155ca5c10 .part L_0x155ca41d0, 0, 1;
L_0x155ca5ed0 .part L_0x155ca4160, 2, 1;
L_0x155ca6000 .part L_0x155ca4160, 1, 1;
L_0x155ca60e0 .part L_0x155ca4160, 0, 1;
L_0x155ca6340 .part L_0x155ca52e0, 0, 1;
L_0x155ca6680 .part L_0x155ca41d0, 3, 1;
L_0x155ca6180 .part L_0x155ca4160, 3, 1;
L_0x155ca6820 .part L_0x155ca41d0, 2, 1;
L_0x155ca65e0 .part L_0x155ca4160, 3, 1;
L_0x155ca6b60 .part L_0x155ca4160, 2, 1;
L_0x155ca6d60 .part L_0x155ca41d0, 1, 1;
L_0x155ca7020 .part L_0x155ca4160, 3, 1;
L_0x155ca71a0 .part L_0x155ca4160, 2, 1;
L_0x155ca5a60 .part L_0x155ca4160, 1, 1;
L_0x155ca70c0 .part L_0x155ca41d0, 0, 1;
L_0x155ca7840 .part L_0x155ca4160, 3, 1;
L_0x155ca79e0 .part L_0x155ca4160, 2, 1;
L_0x155ca7b70 .part L_0x155ca4160, 1, 1;
L_0x155ca7920 .part L_0x155ca4160, 0, 1;
L_0x155ca7f10 .part L_0x155ca52e0, 0, 1;
S_0x155c31470 .scope module, "n4" "cla_4" 7 17, 8 3 0, S_0x155c274a0;
 .timescale -9 -11;
    .port_info 0 /INPUT 4 "a";
    .port_info 1 /INPUT 4 "b";
    .port_info 2 /INPUT 1 "cin";
    .port_info 3 /OUTPUT 4 "sum";
    .port_info 4 /OUTPUT 1 "cout";
L_0x155ca8320 .functor XOR 4, L_0x155cac360, L_0x155cac400, C4<0000>, C4<0000>;
L_0x155ca8390 .functor AND 4, L_0x155cac360, L_0x155cac400, C4<1111>, C4<1111>;
L_0x155ca8480 .functor BUFZ 1, L_0x155ca7c10, C4<0>, C4<0>, C4<0>;
L_0x155ca87f0 .functor AND 1, L_0x155ca8650, L_0x155ca8730, C4<1>, C4<1>;
L_0x155ca8920 .functor OR 1, L_0x155ca8570, L_0x155ca87f0, C4<0>, C4<0>;
L_0x155ca8cd0 .functor AND 1, L_0x155ca8ae0, L_0x155ca8bb0, C4<1>, C4<1>;
L_0x155ca8da0 .functor OR 1, L_0x155ca8a40, L_0x155ca8cd0, C4<0>, C4<0>;
L_0x155ca9090 .functor AND 1, L_0x155ca8ed0, L_0x155ca8ff0, C4<1>, C4<1>;
L_0x155ca92b0 .functor AND 1, L_0x155ca9090, L_0x155ca9180, C4<1>, C4<1>;
L_0x155ca93b0 .functor OR 1, L_0x155ca8da0, L_0x155ca92b0, C4<0>, C4<0>;
L_0x155ca98a0 .functor AND 1, L_0x155ca96f0, L_0x155ca9790, C4<1>, C4<1>;
L_0x155ca99b0 .functor OR 1, L_0x155ca95f0, L_0x155ca98a0, C4<0>, C4<0>;
L_0x155ca9830 .functor AND 1, L_0x155ca9a60, L_0x155ca9b00, C4<1>, C4<1>;
L_0x155ca9e30 .functor AND 1, L_0x155ca9830, L_0x155ca9d90, C4<1>, C4<1>;
L_0x155ca9ee0 .functor OR 1, L_0x155ca99b0, L_0x155ca9e30, C4<0>, C4<0>;
L_0x155ca9d20 .functor AND 1, L_0x155caa050, L_0x155caa180, C4<1>, C4<1>;
L_0x155caa3a0 .functor AND 1, L_0x155ca9d20, L_0x155caa260, C4<1>, C4<1>;
L_0x155caa560 .functor AND 1, L_0x155caa3a0, L_0x155caa4c0, C4<1>, C4<1>;
L_0x155caa630 .functor OR 1, L_0x155ca9ee0, L_0x155caa560, C4<0>, C4<0>;
L_0x155ca8c50 .functor AND 1, L_0x155caa300, L_0x155caa9a0, C4<1>, C4<1>;
L_0x155caab40 .functor OR 1, L_0x155caa800, L_0x155ca8c50, C4<0>, C4<0>;
L_0x155caae50 .functor AND 1, L_0x155caa760, L_0x155caace0, C4<1>, C4<1>;
L_0x155caaf80 .functor AND 1, L_0x155caae50, L_0x155caaee0, C4<1>, C4<1>;
L_0x155cab130 .functor OR 1, L_0x155caab40, L_0x155caaf80, C4<0>, C4<0>;
L_0x155caad80 .functor AND 1, L_0x155cab1a0, L_0x155cab320, C4<1>, C4<1>;
L_0x155cab070 .functor AND 1, L_0x155caad80, L_0x155ca9be0, C4<1>, C4<1>;
L_0x155cab780 .functor AND 1, L_0x155cab070, L_0x155cab240, C4<1>, C4<1>;
L_0x155cab950 .functor OR 1, L_0x155cab130, L_0x155cab780, C4<0>, C4<0>;
L_0x155cab640 .functor AND 1, L_0x155cab9c0, L_0x155cabb60, C4<1>, C4<1>;
L_0x155cab870 .functor AND 1, L_0x155cab640, L_0x155cabcf0, C4<1>, C4<1>;
L_0x155cabea0 .functor AND 1, L_0x155cab870, L_0x155cabaa0, C4<1>, C4<1>;
L_0x155cabc00 .functor AND 1, L_0x155cabea0, L_0x155cac090, C4<1>, C4<1>;
L_0x155cabd90 .functor OR 1, L_0x155cab950, L_0x155cabc00, C4<0>, C4<0>;
L_0x155cabf90 .functor XOR 4, L_0x155ca8320, L_0x155ca9460, C4<0000>, C4<0000>;
v0x155c316b0_0 .net "G", 3 0, L_0x155ca8390;  1 drivers
v0x155c31770_0 .net "P", 3 0, L_0x155ca8320;  1 drivers
v0x155c31820_0 .net *"_ivl_102", 0 0, L_0x155caaee0;  1 drivers
v0x155c318e0_0 .net *"_ivl_103", 0 0, L_0x155caaf80;  1 drivers
v0x155c31990_0 .net *"_ivl_105", 0 0, L_0x155cab130;  1 drivers
v0x155c31a80_0 .net *"_ivl_108", 0 0, L_0x155cab1a0;  1 drivers
v0x155c31b30_0 .net *"_ivl_11", 0 0, L_0x155ca8570;  1 drivers
v0x155c31be0_0 .net *"_ivl_110", 0 0, L_0x155cab320;  1 drivers
v0x155c31c90_0 .net *"_ivl_111", 0 0, L_0x155caad80;  1 drivers
v0x155c31da0_0 .net *"_ivl_114", 0 0, L_0x155ca9be0;  1 drivers
v0x155c31e50_0 .net *"_ivl_115", 0 0, L_0x155cab070;  1 drivers
v0x155c31f00_0 .net *"_ivl_118", 0 0, L_0x155cab240;  1 drivers
v0x155c31fb0_0 .net *"_ivl_119", 0 0, L_0x155cab780;  1 drivers
v0x155c32060_0 .net *"_ivl_121", 0 0, L_0x155cab950;  1 drivers
v0x155c32110_0 .net *"_ivl_124", 0 0, L_0x155cab9c0;  1 drivers
v0x155c321c0_0 .net *"_ivl_126", 0 0, L_0x155cabb60;  1 drivers
v0x155c32270_0 .net *"_ivl_127", 0 0, L_0x155cab640;  1 drivers
v0x155c32400_0 .net *"_ivl_13", 0 0, L_0x155ca8650;  1 drivers
v0x155c32490_0 .net *"_ivl_130", 0 0, L_0x155cabcf0;  1 drivers
v0x155c32540_0 .net *"_ivl_131", 0 0, L_0x155cab870;  1 drivers
v0x155c325f0_0 .net *"_ivl_134", 0 0, L_0x155cabaa0;  1 drivers
v0x155c326a0_0 .net *"_ivl_135", 0 0, L_0x155cabea0;  1 drivers
v0x155c32750_0 .net *"_ivl_138", 0 0, L_0x155cac090;  1 drivers
v0x155c32800_0 .net *"_ivl_139", 0 0, L_0x155cabc00;  1 drivers
v0x155c328b0_0 .net *"_ivl_15", 0 0, L_0x155ca8730;  1 drivers
v0x155c32960_0 .net *"_ivl_16", 0 0, L_0x155ca87f0;  1 drivers
v0x155c32a10_0 .net *"_ivl_18", 0 0, L_0x155ca8920;  1 drivers
v0x155c32ac0_0 .net *"_ivl_23", 0 0, L_0x155ca8a40;  1 drivers
v0x155c32b70_0 .net *"_ivl_25", 0 0, L_0x155ca8ae0;  1 drivers
v0x155c32c20_0 .net *"_ivl_27", 0 0, L_0x155ca8bb0;  1 drivers
v0x155c32cd0_0 .net *"_ivl_28", 0 0, L_0x155ca8cd0;  1 drivers
v0x155c32d80_0 .net *"_ivl_30", 0 0, L_0x155ca8da0;  1 drivers
v0x155c32e30_0 .net *"_ivl_33", 0 0, L_0x155ca8ed0;  1 drivers
v0x155c32320_0 .net *"_ivl_35", 0 0, L_0x155ca8ff0;  1 drivers
v0x155c330c0_0 .net *"_ivl_36", 0 0, L_0x155ca9090;  1 drivers
v0x155c33150_0 .net *"_ivl_39", 0 0, L_0x155ca9180;  1 drivers
v0x155c331f0_0 .net *"_ivl_40", 0 0, L_0x155ca92b0;  1 drivers
v0x155c332a0_0 .net *"_ivl_42", 0 0, L_0x155ca93b0;  1 drivers
v0x155c33350_0 .net *"_ivl_48", 0 0, L_0x155ca95f0;  1 drivers
v0x155c33400_0 .net *"_ivl_50", 0 0, L_0x155ca96f0;  1 drivers
v0x155c334b0_0 .net *"_ivl_52", 0 0, L_0x155ca9790;  1 drivers
v0x155c33560_0 .net *"_ivl_53", 0 0, L_0x155ca98a0;  1 drivers
v0x155c33610_0 .net *"_ivl_55", 0 0, L_0x155ca99b0;  1 drivers
v0x155c336c0_0 .net *"_ivl_58", 0 0, L_0x155ca9a60;  1 drivers
v0x155c33770_0 .net *"_ivl_60", 0 0, L_0x155ca9b00;  1 drivers
v0x155c33820_0 .net *"_ivl_61", 0 0, L_0x155ca9830;  1 drivers
v0x155c338d0_0 .net *"_ivl_64", 0 0, L_0x155ca9d90;  1 drivers
v0x155c33980_0 .net *"_ivl_65", 0 0, L_0x155ca9e30;  1 drivers
v0x155c33a30_0 .net *"_ivl_67", 0 0, L_0x155ca9ee0;  1 drivers
v0x155c33ae0_0 .net *"_ivl_7", 0 0, L_0x155ca8480;  1 drivers
v0x155c33b90_0 .net *"_ivl_70", 0 0, L_0x155caa050;  1 drivers
v0x155c33c40_0 .net *"_ivl_72", 0 0, L_0x155caa180;  1 drivers
v0x155c33cf0_0 .net *"_ivl_73", 0 0, L_0x155ca9d20;  1 drivers
v0x155c33da0_0 .net *"_ivl_76", 0 0, L_0x155caa260;  1 drivers
v0x155c33e50_0 .net *"_ivl_77", 0 0, L_0x155caa3a0;  1 drivers
v0x155c33f00_0 .net *"_ivl_80", 0 0, L_0x155caa4c0;  1 drivers
v0x155c33fb0_0 .net *"_ivl_81", 0 0, L_0x155caa560;  1 drivers
v0x155c34060_0 .net *"_ivl_83", 0 0, L_0x155caa630;  1 drivers
v0x155c34110_0 .net *"_ivl_86", 0 0, L_0x155caa800;  1 drivers
v0x155c341c0_0 .net *"_ivl_88", 0 0, L_0x155caa300;  1 drivers
v0x155c34270_0 .net *"_ivl_90", 0 0, L_0x155caa9a0;  1 drivers
v0x155c34320_0 .net *"_ivl_91", 0 0, L_0x155ca8c50;  1 drivers
v0x155c343d0_0 .net *"_ivl_93", 0 0, L_0x155caab40;  1 drivers
v0x155c34480_0 .net *"_ivl_96", 0 0, L_0x155caa760;  1 drivers
v0x155c34530_0 .net *"_ivl_98", 0 0, L_0x155caace0;  1 drivers
v0x155c32ee0_0 .net *"_ivl_99", 0 0, L_0x155caae50;  1 drivers
v0x155c32f90_0 .net "a", 3 0, L_0x155cac360;  1 drivers
v0x155c345c0_0 .net "b", 3 0, L_0x155cac400;  1 drivers
v0x155c34650_0 .net "c", 3 0, L_0x155ca9460;  1 drivers
v0x155c346e0_0 .net "cin", 0 0, L_0x155ca7c10;  alias, 1 drivers
v0x155c34770_0 .net "cout", 0 0, L_0x155cabd90;  alias, 1 drivers
v0x155c34800_0 .net "sum", 3 0, L_0x155cabf90;  1 drivers
L_0x155ca8570 .part L_0x155ca8390, 0, 1;
L_0x155ca8650 .part L_0x155ca8320, 0, 1;
L_0x155ca8730 .part L_0x155ca9460, 0, 1;
L_0x155ca8a40 .part L_0x155ca8390, 1, 1;
L_0x155ca8ae0 .part L_0x155ca8320, 1, 1;
L_0x155ca8bb0 .part L_0x155ca8390, 0, 1;
L_0x155ca8ed0 .part L_0x155ca8320, 1, 1;
L_0x155ca8ff0 .part L_0x155ca8320, 0, 1;
L_0x155ca9180 .part L_0x155ca9460, 0, 1;
L_0x155ca9460 .concat8 [ 1 1 1 1], L_0x155ca8480, L_0x155ca8920, L_0x155ca93b0, L_0x155caa630;
L_0x155ca95f0 .part L_0x155ca8390, 2, 1;
L_0x155ca96f0 .part L_0x155ca8320, 2, 1;
L_0x155ca9790 .part L_0x155ca8390, 1, 1;
L_0x155ca9a60 .part L_0x155ca8320, 2, 1;
L_0x155ca9b00 .part L_0x155ca8320, 1, 1;
L_0x155ca9d90 .part L_0x155ca8390, 0, 1;
L_0x155caa050 .part L_0x155ca8320, 2, 1;
L_0x155caa180 .part L_0x155ca8320, 1, 1;
L_0x155caa260 .part L_0x155ca8320, 0, 1;
L_0x155caa4c0 .part L_0x155ca9460, 0, 1;
L_0x155caa800 .part L_0x155ca8390, 3, 1;
L_0x155caa300 .part L_0x155ca8320, 3, 1;
L_0x155caa9a0 .part L_0x155ca8390, 2, 1;
L_0x155caa760 .part L_0x155ca8320, 3, 1;
L_0x155caace0 .part L_0x155ca8320, 2, 1;
L_0x155caaee0 .part L_0x155ca8390, 1, 1;
L_0x155cab1a0 .part L_0x155ca8320, 3, 1;
L_0x155cab320 .part L_0x155ca8320, 2, 1;
L_0x155ca9be0 .part L_0x155ca8320, 1, 1;
L_0x155cab240 .part L_0x155ca8390, 0, 1;
L_0x155cab9c0 .part L_0x155ca8320, 3, 1;
L_0x155cabb60 .part L_0x155ca8320, 2, 1;
L_0x155cabcf0 .part L_0x155ca8320, 1, 1;
L_0x155cabaa0 .part L_0x155ca8320, 0, 1;
L_0x155cac090 .part L_0x155ca9460, 0, 1;
S_0x155c34e80 .scope module, "n2" "cla16" 7 33, 7 4 0, S_0x155c27180;
 .timescale -9 -11;
    .port_info 0 /INPUT 16 "d1";
    .port_info 1 /INPUT 16 "d2";
    .port_info 2 /INPUT 1 "cin";
    .port_info 3 /OUTPUT 16 "sum";
    .port_info 4 /OUTPUT 1 "cout";
P_0x155c35050 .param/l "DATA_WIDTH" 0 7 4, +C4<00000000000000000000000000100000>;
v0x155c42240_0 .net "c1", 0 0, L_0x155cb0220;  1 drivers
v0x155c42320_0 .net "c2", 0 0, L_0x155cb43d0;  1 drivers
v0x155c423f0_0 .net "c3", 0 0, L_0x155cb85b0;  1 drivers
v0x155c424c0_0 .net "cin", 0 0, L_0x155cabd90;  alias, 1 drivers
v0x155c42550_0 .net8 "cout", 0 0, RS_0x14800f630;  alias, 3 drivers
v0x155c42620_0 .net "d1", 15 0, L_0x155cbd070;  1 drivers
v0x155c426b0_0 .net "d2", 15 0, L_0x155cbd110;  1 drivers
v0x155c42740_0 .net "sum", 15 0, L_0x155cbcec0;  1 drivers
L_0x155cb07f0 .part L_0x155cbd070, 0, 4;
L_0x155cb0890 .part L_0x155cbd110, 0, 4;
L_0x155cb49a0 .part L_0x155cbd070, 4, 4;
L_0x155cb4a40 .part L_0x155cbd110, 4, 4;
L_0x155cb8b80 .part L_0x155cbd070, 8, 4;
L_0x155cb8c20 .part L_0x155cbd110, 8, 4;
L_0x155cbcd00 .part L_0x155cbd070, 12, 4;
L_0x155cbcda0 .part L_0x155cbd110, 12, 4;
L_0x155cbcec0 .concat8 [ 4 4 4 4], L_0x155cb0420, L_0x155cb45d0, L_0x155cb87b0, L_0x155cbc930;
S_0x155c35180 .scope module, "n1" "cla_4" 7 14, 8 3 0, S_0x155c34e80;
 .timescale -9 -11;
    .port_info 0 /INPUT 4 "a";
    .port_info 1 /INPUT 4 "b";
    .port_info 2 /INPUT 1 "cin";
    .port_info 3 /OUTPUT 4 "sum";
    .port_info 4 /OUTPUT 1 "cout";
L_0x155cac810 .functor XOR 4, L_0x155cb07f0, L_0x155cb0890, C4<0000>, C4<0000>;
L_0x155cac880 .functor AND 4, L_0x155cb07f0, L_0x155cb0890, C4<1111>, C4<1111>;
L_0x155cac970 .functor BUFZ 1, L_0x155cabd90, C4<0>, C4<0>, C4<0>;
L_0x155cacc80 .functor AND 1, L_0x155cacac0, L_0x155cacba0, C4<1>, C4<1>;
L_0x155cacdb0 .functor OR 1, L_0x155cac9e0, L_0x155cacc80, C4<0>, C4<0>;
L_0x155cad160 .functor AND 1, L_0x155cacf70, L_0x155cad040, C4<1>, C4<1>;
L_0x155cad230 .functor OR 1, L_0x155caced0, L_0x155cad160, C4<0>, C4<0>;
L_0x155cad520 .functor AND 1, L_0x155cad360, L_0x155cad480, C4<1>, C4<1>;
L_0x155cad740 .functor AND 1, L_0x155cad520, L_0x155cad610, C4<1>, C4<1>;
L_0x155cad840 .functor OR 1, L_0x155cad230, L_0x155cad740, C4<0>, C4<0>;
L_0x155cadd30 .functor AND 1, L_0x155cadb80, L_0x155cadc20, C4<1>, C4<1>;
L_0x155cade40 .functor OR 1, L_0x155cada80, L_0x155cadd30, C4<0>, C4<0>;
L_0x155cadcc0 .functor AND 1, L_0x155cadef0, L_0x155cadf90, C4<1>, C4<1>;
L_0x155cae2c0 .functor AND 1, L_0x155cadcc0, L_0x155cae220, C4<1>, C4<1>;
L_0x155cae370 .functor OR 1, L_0x155cade40, L_0x155cae2c0, C4<0>, C4<0>;
L_0x155cae1b0 .functor AND 1, L_0x155cae4e0, L_0x155cae610, C4<1>, C4<1>;
L_0x155cae830 .functor AND 1, L_0x155cae1b0, L_0x155cae6f0, C4<1>, C4<1>;
L_0x155cae9f0 .functor AND 1, L_0x155cae830, L_0x155cae950, C4<1>, C4<1>;
L_0x155caeac0 .functor OR 1, L_0x155cae370, L_0x155cae9f0, C4<0>, C4<0>;
L_0x155cad0e0 .functor AND 1, L_0x155cae790, L_0x155caee30, C4<1>, C4<1>;
L_0x155caefd0 .functor OR 1, L_0x155caec90, L_0x155cad0e0, C4<0>, C4<0>;
L_0x155caf2e0 .functor AND 1, L_0x155caebf0, L_0x155caf170, C4<1>, C4<1>;
L_0x155caf410 .functor AND 1, L_0x155caf2e0, L_0x155caf370, C4<1>, C4<1>;
L_0x155caf5c0 .functor OR 1, L_0x155caefd0, L_0x155caf410, C4<0>, C4<0>;
L_0x155caf210 .functor AND 1, L_0x155caf630, L_0x155caf7b0, C4<1>, C4<1>;
L_0x155caf500 .functor AND 1, L_0x155caf210, L_0x155cae070, C4<1>, C4<1>;
L_0x155cafc10 .functor AND 1, L_0x155caf500, L_0x155caf6d0, C4<1>, C4<1>;
L_0x155cafde0 .functor OR 1, L_0x155caf5c0, L_0x155cafc10, C4<0>, C4<0>;
L_0x155cafad0 .functor AND 1, L_0x155cafe50, L_0x155cafff0, C4<1>, C4<1>;
L_0x155cafd00 .functor AND 1, L_0x155cafad0, L_0x155cb0180, C4<1>, C4<1>;
L_0x155cb0330 .functor AND 1, L_0x155cafd00, L_0x155caff30, C4<1>, C4<1>;
L_0x155cb0090 .functor AND 1, L_0x155cb0330, L_0x155cb0520, C4<1>, C4<1>;
L_0x155cb0220 .functor OR 1, L_0x155cafde0, L_0x155cb0090, C4<0>, C4<0>;
L_0x155cb0420 .functor XOR 4, L_0x155cac810, L_0x155cad8f0, C4<0000>, C4<0000>;
v0x155c353f0_0 .net "G", 3 0, L_0x155cac880;  1 drivers
v0x155c354a0_0 .net "P", 3 0, L_0x155cac810;  1 drivers
v0x155c35550_0 .net *"_ivl_102", 0 0, L_0x155caf370;  1 drivers
v0x155c35610_0 .net *"_ivl_103", 0 0, L_0x155caf410;  1 drivers
v0x155c356c0_0 .net *"_ivl_105", 0 0, L_0x155caf5c0;  1 drivers
v0x155c357b0_0 .net *"_ivl_108", 0 0, L_0x155caf630;  1 drivers
v0x155c35860_0 .net *"_ivl_11", 0 0, L_0x155cac9e0;  1 drivers
v0x155c35910_0 .net *"_ivl_110", 0 0, L_0x155caf7b0;  1 drivers
v0x155c359c0_0 .net *"_ivl_111", 0 0, L_0x155caf210;  1 drivers
v0x155c35ad0_0 .net *"_ivl_114", 0 0, L_0x155cae070;  1 drivers
v0x155c35b80_0 .net *"_ivl_115", 0 0, L_0x155caf500;  1 drivers
v0x155c35c30_0 .net *"_ivl_118", 0 0, L_0x155caf6d0;  1 drivers
v0x155c35ce0_0 .net *"_ivl_119", 0 0, L_0x155cafc10;  1 drivers
v0x155c35d90_0 .net *"_ivl_121", 0 0, L_0x155cafde0;  1 drivers
v0x155c35e40_0 .net *"_ivl_124", 0 0, L_0x155cafe50;  1 drivers
v0x155c35ef0_0 .net *"_ivl_126", 0 0, L_0x155cafff0;  1 drivers
v0x155c35fa0_0 .net *"_ivl_127", 0 0, L_0x155cafad0;  1 drivers
v0x155c36130_0 .net *"_ivl_13", 0 0, L_0x155cacac0;  1 drivers
v0x155c361c0_0 .net *"_ivl_130", 0 0, L_0x155cb0180;  1 drivers
v0x155c36270_0 .net *"_ivl_131", 0 0, L_0x155cafd00;  1 drivers
v0x155c36320_0 .net *"_ivl_134", 0 0, L_0x155caff30;  1 drivers
v0x155c363d0_0 .net *"_ivl_135", 0 0, L_0x155cb0330;  1 drivers
v0x155c36480_0 .net *"_ivl_138", 0 0, L_0x155cb0520;  1 drivers
v0x155c36530_0 .net *"_ivl_139", 0 0, L_0x155cb0090;  1 drivers
v0x155c365e0_0 .net *"_ivl_15", 0 0, L_0x155cacba0;  1 drivers
v0x155c36690_0 .net *"_ivl_16", 0 0, L_0x155cacc80;  1 drivers
v0x155c36740_0 .net *"_ivl_18", 0 0, L_0x155cacdb0;  1 drivers
v0x155c367f0_0 .net *"_ivl_23", 0 0, L_0x155caced0;  1 drivers
v0x155c368a0_0 .net *"_ivl_25", 0 0, L_0x155cacf70;  1 drivers
v0x155c36950_0 .net *"_ivl_27", 0 0, L_0x155cad040;  1 drivers
v0x155c36a00_0 .net *"_ivl_28", 0 0, L_0x155cad160;  1 drivers
v0x155c36ab0_0 .net *"_ivl_30", 0 0, L_0x155cad230;  1 drivers
v0x155c36b60_0 .net *"_ivl_33", 0 0, L_0x155cad360;  1 drivers
v0x155c36050_0 .net *"_ivl_35", 0 0, L_0x155cad480;  1 drivers
v0x155c36df0_0 .net *"_ivl_36", 0 0, L_0x155cad520;  1 drivers
v0x155c36e80_0 .net *"_ivl_39", 0 0, L_0x155cad610;  1 drivers
v0x155c36f20_0 .net *"_ivl_40", 0 0, L_0x155cad740;  1 drivers
v0x155c36fd0_0 .net *"_ivl_42", 0 0, L_0x155cad840;  1 drivers
v0x155c37080_0 .net *"_ivl_48", 0 0, L_0x155cada80;  1 drivers
v0x155c37130_0 .net *"_ivl_50", 0 0, L_0x155cadb80;  1 drivers
v0x155c371e0_0 .net *"_ivl_52", 0 0, L_0x155cadc20;  1 drivers
v0x155c37290_0 .net *"_ivl_53", 0 0, L_0x155cadd30;  1 drivers
v0x155c37340_0 .net *"_ivl_55", 0 0, L_0x155cade40;  1 drivers
v0x155c373f0_0 .net *"_ivl_58", 0 0, L_0x155cadef0;  1 drivers
v0x155c374a0_0 .net *"_ivl_60", 0 0, L_0x155cadf90;  1 drivers
v0x155c37550_0 .net *"_ivl_61", 0 0, L_0x155cadcc0;  1 drivers
v0x155c37600_0 .net *"_ivl_64", 0 0, L_0x155cae220;  1 drivers
v0x155c376b0_0 .net *"_ivl_65", 0 0, L_0x155cae2c0;  1 drivers
v0x155c37760_0 .net *"_ivl_67", 0 0, L_0x155cae370;  1 drivers
v0x155c37810_0 .net *"_ivl_7", 0 0, L_0x155cac970;  1 drivers
v0x155c378c0_0 .net *"_ivl_70", 0 0, L_0x155cae4e0;  1 drivers
v0x155c37970_0 .net *"_ivl_72", 0 0, L_0x155cae610;  1 drivers
v0x155c37a20_0 .net *"_ivl_73", 0 0, L_0x155cae1b0;  1 drivers
v0x155c37ad0_0 .net *"_ivl_76", 0 0, L_0x155cae6f0;  1 drivers
v0x155c37b80_0 .net *"_ivl_77", 0 0, L_0x155cae830;  1 drivers
v0x155c37c30_0 .net *"_ivl_80", 0 0, L_0x155cae950;  1 drivers
v0x155c37ce0_0 .net *"_ivl_81", 0 0, L_0x155cae9f0;  1 drivers
v0x155c37d90_0 .net *"_ivl_83", 0 0, L_0x155caeac0;  1 drivers
v0x155c37e40_0 .net *"_ivl_86", 0 0, L_0x155caec90;  1 drivers
v0x155c37ef0_0 .net *"_ivl_88", 0 0, L_0x155cae790;  1 drivers
v0x155c37fa0_0 .net *"_ivl_90", 0 0, L_0x155caee30;  1 drivers
v0x155c38050_0 .net *"_ivl_91", 0 0, L_0x155cad0e0;  1 drivers
v0x155c38100_0 .net *"_ivl_93", 0 0, L_0x155caefd0;  1 drivers
v0x155c381b0_0 .net *"_ivl_96", 0 0, L_0x155caebf0;  1 drivers
v0x155c38260_0 .net *"_ivl_98", 0 0, L_0x155caf170;  1 drivers
v0x155c36c10_0 .net *"_ivl_99", 0 0, L_0x155caf2e0;  1 drivers
v0x155c36cc0_0 .net "a", 3 0, L_0x155cb07f0;  1 drivers
v0x155c382f0_0 .net "b", 3 0, L_0x155cb0890;  1 drivers
v0x155c38380_0 .net "c", 3 0, L_0x155cad8f0;  1 drivers
v0x155c38410_0 .net "cin", 0 0, L_0x155cabd90;  alias, 1 drivers
v0x155c384a0_0 .net "cout", 0 0, L_0x155cb0220;  alias, 1 drivers
v0x155c38530_0 .net "sum", 3 0, L_0x155cb0420;  1 drivers
L_0x155cac9e0 .part L_0x155cac880, 0, 1;
L_0x155cacac0 .part L_0x155cac810, 0, 1;
L_0x155cacba0 .part L_0x155cad8f0, 0, 1;
L_0x155caced0 .part L_0x155cac880, 1, 1;
L_0x155cacf70 .part L_0x155cac810, 1, 1;
L_0x155cad040 .part L_0x155cac880, 0, 1;
L_0x155cad360 .part L_0x155cac810, 1, 1;
L_0x155cad480 .part L_0x155cac810, 0, 1;
L_0x155cad610 .part L_0x155cad8f0, 0, 1;
L_0x155cad8f0 .concat8 [ 1 1 1 1], L_0x155cac970, L_0x155cacdb0, L_0x155cad840, L_0x155caeac0;
L_0x155cada80 .part L_0x155cac880, 2, 1;
L_0x155cadb80 .part L_0x155cac810, 2, 1;
L_0x155cadc20 .part L_0x155cac880, 1, 1;
L_0x155cadef0 .part L_0x155cac810, 2, 1;
L_0x155cadf90 .part L_0x155cac810, 1, 1;
L_0x155cae220 .part L_0x155cac880, 0, 1;
L_0x155cae4e0 .part L_0x155cac810, 2, 1;
L_0x155cae610 .part L_0x155cac810, 1, 1;
L_0x155cae6f0 .part L_0x155cac810, 0, 1;
L_0x155cae950 .part L_0x155cad8f0, 0, 1;
L_0x155caec90 .part L_0x155cac880, 3, 1;
L_0x155cae790 .part L_0x155cac810, 3, 1;
L_0x155caee30 .part L_0x155cac880, 2, 1;
L_0x155caebf0 .part L_0x155cac810, 3, 1;
L_0x155caf170 .part L_0x155cac810, 2, 1;
L_0x155caf370 .part L_0x155cac880, 1, 1;
L_0x155caf630 .part L_0x155cac810, 3, 1;
L_0x155caf7b0 .part L_0x155cac810, 2, 1;
L_0x155cae070 .part L_0x155cac810, 1, 1;
L_0x155caf6d0 .part L_0x155cac880, 0, 1;
L_0x155cafe50 .part L_0x155cac810, 3, 1;
L_0x155cafff0 .part L_0x155cac810, 2, 1;
L_0x155cb0180 .part L_0x155cac810, 1, 1;
L_0x155caff30 .part L_0x155cac810, 0, 1;
L_0x155cb0520 .part L_0x155cad8f0, 0, 1;
S_0x155c385f0 .scope module, "n2" "cla_4" 7 15, 8 3 0, S_0x155c34e80;
 .timescale -9 -11;
    .port_info 0 /INPUT 4 "a";
    .port_info 1 /INPUT 4 "b";
    .port_info 2 /INPUT 1 "cin";
    .port_info 3 /OUTPUT 4 "sum";
    .port_info 4 /OUTPUT 1 "cout";
L_0x155cb0490 .functor XOR 4, L_0x155cb49a0, L_0x155cb4a40, C4<0000>, C4<0000>;
L_0x155cb0990 .functor AND 4, L_0x155cb49a0, L_0x155cb4a40, C4<1111>, C4<1111>;
L_0x155cb0ac0 .functor BUFZ 1, L_0x155cb0220, C4<0>, C4<0>, C4<0>;
L_0x155cb0e30 .functor AND 1, L_0x155cb0c90, L_0x155cb0d70, C4<1>, C4<1>;
L_0x155cb0f60 .functor OR 1, L_0x155cb0bb0, L_0x155cb0e30, C4<0>, C4<0>;
L_0x155cb1310 .functor AND 1, L_0x155cb1120, L_0x155cb11f0, C4<1>, C4<1>;
L_0x155cb13e0 .functor OR 1, L_0x155cb1080, L_0x155cb1310, C4<0>, C4<0>;
L_0x155cb16d0 .functor AND 1, L_0x155cb1510, L_0x155cb1630, C4<1>, C4<1>;
L_0x155cb18f0 .functor AND 1, L_0x155cb16d0, L_0x155cb17c0, C4<1>, C4<1>;
L_0x155cb19f0 .functor OR 1, L_0x155cb13e0, L_0x155cb18f0, C4<0>, C4<0>;
L_0x155cb1ee0 .functor AND 1, L_0x155cb1d30, L_0x155cb1dd0, C4<1>, C4<1>;
L_0x155cb1ff0 .functor OR 1, L_0x155cb1c30, L_0x155cb1ee0, C4<0>, C4<0>;
L_0x155cb1e70 .functor AND 1, L_0x155cb20a0, L_0x155cb2140, C4<1>, C4<1>;
L_0x155cb2470 .functor AND 1, L_0x155cb1e70, L_0x155cb23d0, C4<1>, C4<1>;
L_0x155cb2520 .functor OR 1, L_0x155cb1ff0, L_0x155cb2470, C4<0>, C4<0>;
L_0x155cb2360 .functor AND 1, L_0x155cb2690, L_0x155cb27c0, C4<1>, C4<1>;
L_0x155cb29e0 .functor AND 1, L_0x155cb2360, L_0x155cb28a0, C4<1>, C4<1>;
L_0x155cb2ba0 .functor AND 1, L_0x155cb29e0, L_0x155cb2b00, C4<1>, C4<1>;
L_0x155cb2c70 .functor OR 1, L_0x155cb2520, L_0x155cb2ba0, C4<0>, C4<0>;
L_0x155cb1290 .functor AND 1, L_0x155cb2940, L_0x155cb2fe0, C4<1>, C4<1>;
L_0x155cb3180 .functor OR 1, L_0x155cb2e40, L_0x155cb1290, C4<0>, C4<0>;
L_0x155cb3490 .functor AND 1, L_0x155cb2da0, L_0x155cb3320, C4<1>, C4<1>;
L_0x155cb35c0 .functor AND 1, L_0x155cb3490, L_0x155cb3520, C4<1>, C4<1>;
L_0x155cb3770 .functor OR 1, L_0x155cb3180, L_0x155cb35c0, C4<0>, C4<0>;
L_0x155cb33c0 .functor AND 1, L_0x155cb37e0, L_0x155cb3960, C4<1>, C4<1>;
L_0x155cb36b0 .functor AND 1, L_0x155cb33c0, L_0x155cb2220, C4<1>, C4<1>;
L_0x155cb3dc0 .functor AND 1, L_0x155cb36b0, L_0x155cb3880, C4<1>, C4<1>;
L_0x155cb3f90 .functor OR 1, L_0x155cb3770, L_0x155cb3dc0, C4<0>, C4<0>;
L_0x155cb3c80 .functor AND 1, L_0x155cb4000, L_0x155cb41a0, C4<1>, C4<1>;
L_0x155cb3eb0 .functor AND 1, L_0x155cb3c80, L_0x155cb4330, C4<1>, C4<1>;
L_0x155cb44e0 .functor AND 1, L_0x155cb3eb0, L_0x155cb40e0, C4<1>, C4<1>;
L_0x155cb4240 .functor AND 1, L_0x155cb44e0, L_0x155cb46d0, C4<1>, C4<1>;
L_0x155cb43d0 .functor OR 1, L_0x155cb3f90, L_0x155cb4240, C4<0>, C4<0>;
L_0x155cb45d0 .functor XOR 4, L_0x155cb0490, L_0x155cb1aa0, C4<0000>, C4<0000>;
v0x155c38830_0 .net "G", 3 0, L_0x155cb0990;  1 drivers
v0x155c388d0_0 .net "P", 3 0, L_0x155cb0490;  1 drivers
v0x155c38980_0 .net *"_ivl_102", 0 0, L_0x155cb3520;  1 drivers
v0x155c38a40_0 .net *"_ivl_103", 0 0, L_0x155cb35c0;  1 drivers
v0x155c38af0_0 .net *"_ivl_105", 0 0, L_0x155cb3770;  1 drivers
v0x155c38be0_0 .net *"_ivl_108", 0 0, L_0x155cb37e0;  1 drivers
v0x155c38c90_0 .net *"_ivl_11", 0 0, L_0x155cb0bb0;  1 drivers
v0x155c38d40_0 .net *"_ivl_110", 0 0, L_0x155cb3960;  1 drivers
v0x155c38df0_0 .net *"_ivl_111", 0 0, L_0x155cb33c0;  1 drivers
v0x155c38f00_0 .net *"_ivl_114", 0 0, L_0x155cb2220;  1 drivers
v0x155c38fb0_0 .net *"_ivl_115", 0 0, L_0x155cb36b0;  1 drivers
v0x155c39060_0 .net *"_ivl_118", 0 0, L_0x155cb3880;  1 drivers
v0x155c39110_0 .net *"_ivl_119", 0 0, L_0x155cb3dc0;  1 drivers
v0x155c391c0_0 .net *"_ivl_121", 0 0, L_0x155cb3f90;  1 drivers
v0x155c39270_0 .net *"_ivl_124", 0 0, L_0x155cb4000;  1 drivers
v0x155c39320_0 .net *"_ivl_126", 0 0, L_0x155cb41a0;  1 drivers
v0x155c393d0_0 .net *"_ivl_127", 0 0, L_0x155cb3c80;  1 drivers
v0x155c39560_0 .net *"_ivl_13", 0 0, L_0x155cb0c90;  1 drivers
v0x155c395f0_0 .net *"_ivl_130", 0 0, L_0x155cb4330;  1 drivers
v0x155c396a0_0 .net *"_ivl_131", 0 0, L_0x155cb3eb0;  1 drivers
v0x155c39750_0 .net *"_ivl_134", 0 0, L_0x155cb40e0;  1 drivers
v0x155c39800_0 .net *"_ivl_135", 0 0, L_0x155cb44e0;  1 drivers
v0x155c398b0_0 .net *"_ivl_138", 0 0, L_0x155cb46d0;  1 drivers
v0x155c39960_0 .net *"_ivl_139", 0 0, L_0x155cb4240;  1 drivers
v0x155c39a10_0 .net *"_ivl_15", 0 0, L_0x155cb0d70;  1 drivers
v0x155c39ac0_0 .net *"_ivl_16", 0 0, L_0x155cb0e30;  1 drivers
v0x155c39b70_0 .net *"_ivl_18", 0 0, L_0x155cb0f60;  1 drivers
v0x155c39c20_0 .net *"_ivl_23", 0 0, L_0x155cb1080;  1 drivers
v0x155c39cd0_0 .net *"_ivl_25", 0 0, L_0x155cb1120;  1 drivers
v0x155c39d80_0 .net *"_ivl_27", 0 0, L_0x155cb11f0;  1 drivers
v0x155c39e30_0 .net *"_ivl_28", 0 0, L_0x155cb1310;  1 drivers
v0x155c39ee0_0 .net *"_ivl_30", 0 0, L_0x155cb13e0;  1 drivers
v0x155c39f90_0 .net *"_ivl_33", 0 0, L_0x155cb1510;  1 drivers
v0x155c39480_0 .net *"_ivl_35", 0 0, L_0x155cb1630;  1 drivers
v0x155c3a220_0 .net *"_ivl_36", 0 0, L_0x155cb16d0;  1 drivers
v0x155c3a2b0_0 .net *"_ivl_39", 0 0, L_0x155cb17c0;  1 drivers
v0x155c3a350_0 .net *"_ivl_40", 0 0, L_0x155cb18f0;  1 drivers
v0x155c3a400_0 .net *"_ivl_42", 0 0, L_0x155cb19f0;  1 drivers
v0x155c3a4b0_0 .net *"_ivl_48", 0 0, L_0x155cb1c30;  1 drivers
v0x155c3a560_0 .net *"_ivl_50", 0 0, L_0x155cb1d30;  1 drivers
v0x155c3a610_0 .net *"_ivl_52", 0 0, L_0x155cb1dd0;  1 drivers
v0x155c3a6c0_0 .net *"_ivl_53", 0 0, L_0x155cb1ee0;  1 drivers
v0x155c3a770_0 .net *"_ivl_55", 0 0, L_0x155cb1ff0;  1 drivers
v0x155c3a820_0 .net *"_ivl_58", 0 0, L_0x155cb20a0;  1 drivers
v0x155c3a8d0_0 .net *"_ivl_60", 0 0, L_0x155cb2140;  1 drivers
v0x155c3a980_0 .net *"_ivl_61", 0 0, L_0x155cb1e70;  1 drivers
v0x155c3aa30_0 .net *"_ivl_64", 0 0, L_0x155cb23d0;  1 drivers
v0x155c3aae0_0 .net *"_ivl_65", 0 0, L_0x155cb2470;  1 drivers
v0x155c3ab90_0 .net *"_ivl_67", 0 0, L_0x155cb2520;  1 drivers
v0x155c3ac40_0 .net *"_ivl_7", 0 0, L_0x155cb0ac0;  1 drivers
v0x155c3acf0_0 .net *"_ivl_70", 0 0, L_0x155cb2690;  1 drivers
v0x155c3ada0_0 .net *"_ivl_72", 0 0, L_0x155cb27c0;  1 drivers
v0x155c3ae50_0 .net *"_ivl_73", 0 0, L_0x155cb2360;  1 drivers
v0x155c3af00_0 .net *"_ivl_76", 0 0, L_0x155cb28a0;  1 drivers
v0x155c3afb0_0 .net *"_ivl_77", 0 0, L_0x155cb29e0;  1 drivers
v0x155c3b060_0 .net *"_ivl_80", 0 0, L_0x155cb2b00;  1 drivers
v0x155c3b110_0 .net *"_ivl_81", 0 0, L_0x155cb2ba0;  1 drivers
v0x155c3b1c0_0 .net *"_ivl_83", 0 0, L_0x155cb2c70;  1 drivers
v0x155c3b270_0 .net *"_ivl_86", 0 0, L_0x155cb2e40;  1 drivers
v0x155c3b320_0 .net *"_ivl_88", 0 0, L_0x155cb2940;  1 drivers
v0x155c3b3d0_0 .net *"_ivl_90", 0 0, L_0x155cb2fe0;  1 drivers
v0x155c3b480_0 .net *"_ivl_91", 0 0, L_0x155cb1290;  1 drivers
v0x155c3b530_0 .net *"_ivl_93", 0 0, L_0x155cb3180;  1 drivers
v0x155c3b5e0_0 .net *"_ivl_96", 0 0, L_0x155cb2da0;  1 drivers
v0x155c3b690_0 .net *"_ivl_98", 0 0, L_0x155cb3320;  1 drivers
v0x155c3a040_0 .net *"_ivl_99", 0 0, L_0x155cb3490;  1 drivers
v0x155c3a0f0_0 .net "a", 3 0, L_0x155cb49a0;  1 drivers
v0x155c3b720_0 .net "b", 3 0, L_0x155cb4a40;  1 drivers
v0x155c3b7b0_0 .net "c", 3 0, L_0x155cb1aa0;  1 drivers
v0x155c3b840_0 .net "cin", 0 0, L_0x155cb0220;  alias, 1 drivers
v0x155c3b8d0_0 .net "cout", 0 0, L_0x155cb43d0;  alias, 1 drivers
v0x155c3b960_0 .net "sum", 3 0, L_0x155cb45d0;  1 drivers
L_0x155cb0bb0 .part L_0x155cb0990, 0, 1;
L_0x155cb0c90 .part L_0x155cb0490, 0, 1;
L_0x155cb0d70 .part L_0x155cb1aa0, 0, 1;
L_0x155cb1080 .part L_0x155cb0990, 1, 1;
L_0x155cb1120 .part L_0x155cb0490, 1, 1;
L_0x155cb11f0 .part L_0x155cb0990, 0, 1;
L_0x155cb1510 .part L_0x155cb0490, 1, 1;
L_0x155cb1630 .part L_0x155cb0490, 0, 1;
L_0x155cb17c0 .part L_0x155cb1aa0, 0, 1;
L_0x155cb1aa0 .concat8 [ 1 1 1 1], L_0x155cb0ac0, L_0x155cb0f60, L_0x155cb19f0, L_0x155cb2c70;
L_0x155cb1c30 .part L_0x155cb0990, 2, 1;
L_0x155cb1d30 .part L_0x155cb0490, 2, 1;
L_0x155cb1dd0 .part L_0x155cb0990, 1, 1;
L_0x155cb20a0 .part L_0x155cb0490, 2, 1;
L_0x155cb2140 .part L_0x155cb0490, 1, 1;
L_0x155cb23d0 .part L_0x155cb0990, 0, 1;
L_0x155cb2690 .part L_0x155cb0490, 2, 1;
L_0x155cb27c0 .part L_0x155cb0490, 1, 1;
L_0x155cb28a0 .part L_0x155cb0490, 0, 1;
L_0x155cb2b00 .part L_0x155cb1aa0, 0, 1;
L_0x155cb2e40 .part L_0x155cb0990, 3, 1;
L_0x155cb2940 .part L_0x155cb0490, 3, 1;
L_0x155cb2fe0 .part L_0x155cb0990, 2, 1;
L_0x155cb2da0 .part L_0x155cb0490, 3, 1;
L_0x155cb3320 .part L_0x155cb0490, 2, 1;
L_0x155cb3520 .part L_0x155cb0990, 1, 1;
L_0x155cb37e0 .part L_0x155cb0490, 3, 1;
L_0x155cb3960 .part L_0x155cb0490, 2, 1;
L_0x155cb2220 .part L_0x155cb0490, 1, 1;
L_0x155cb3880 .part L_0x155cb0990, 0, 1;
L_0x155cb4000 .part L_0x155cb0490, 3, 1;
L_0x155cb41a0 .part L_0x155cb0490, 2, 1;
L_0x155cb4330 .part L_0x155cb0490, 1, 1;
L_0x155cb40e0 .part L_0x155cb0490, 0, 1;
L_0x155cb46d0 .part L_0x155cb1aa0, 0, 1;
S_0x155c3b9f0 .scope module, "n3" "cla_4" 7 16, 8 3 0, S_0x155c34e80;
 .timescale -9 -11;
    .port_info 0 /INPUT 4 "a";
    .port_info 1 /INPUT 4 "b";
    .port_info 2 /INPUT 1 "cin";
    .port_info 3 /OUTPUT 4 "sum";
    .port_info 4 /OUTPUT 1 "cout";
L_0x155cb4ae0 .functor XOR 4, L_0x155cb8b80, L_0x155cb8c20, C4<0000>, C4<0000>;
L_0x155cb4b70 .functor AND 4, L_0x155cb8b80, L_0x155cb8c20, C4<1111>, C4<1111>;
L_0x155cb4ca0 .functor BUFZ 1, L_0x155cb43d0, C4<0>, C4<0>, C4<0>;
L_0x155cb5010 .functor AND 1, L_0x155cb4e70, L_0x155cb4f50, C4<1>, C4<1>;
L_0x155cb5140 .functor OR 1, L_0x155cb4d90, L_0x155cb5010, C4<0>, C4<0>;
L_0x155cb54f0 .functor AND 1, L_0x155cb5300, L_0x155cb53d0, C4<1>, C4<1>;
L_0x155cb55c0 .functor OR 1, L_0x155cb5260, L_0x155cb54f0, C4<0>, C4<0>;
L_0x155cb58b0 .functor AND 1, L_0x155cb56f0, L_0x155cb5810, C4<1>, C4<1>;
L_0x155cb5ad0 .functor AND 1, L_0x155cb58b0, L_0x155cb59a0, C4<1>, C4<1>;
L_0x155cb5bd0 .functor OR 1, L_0x155cb55c0, L_0x155cb5ad0, C4<0>, C4<0>;
L_0x155cb60c0 .functor AND 1, L_0x155cb5f10, L_0x155cb5fb0, C4<1>, C4<1>;
L_0x155cb61d0 .functor OR 1, L_0x155cb5e10, L_0x155cb60c0, C4<0>, C4<0>;
L_0x155cb6050 .functor AND 1, L_0x155cb6280, L_0x155cb6320, C4<1>, C4<1>;
L_0x155cb6650 .functor AND 1, L_0x155cb6050, L_0x155cb65b0, C4<1>, C4<1>;
L_0x155cb6700 .functor OR 1, L_0x155cb61d0, L_0x155cb6650, C4<0>, C4<0>;
L_0x155cb6540 .functor AND 1, L_0x155cb6870, L_0x155cb69a0, C4<1>, C4<1>;
L_0x155cb6bc0 .functor AND 1, L_0x155cb6540, L_0x155cb6a80, C4<1>, C4<1>;
L_0x155cb6d80 .functor AND 1, L_0x155cb6bc0, L_0x155cb6ce0, C4<1>, C4<1>;
L_0x155cb6e50 .functor OR 1, L_0x155cb6700, L_0x155cb6d80, C4<0>, C4<0>;
L_0x155cb5470 .functor AND 1, L_0x155cb6b20, L_0x155cb71c0, C4<1>, C4<1>;
L_0x155cb7360 .functor OR 1, L_0x155cb7020, L_0x155cb5470, C4<0>, C4<0>;
L_0x155cb7670 .functor AND 1, L_0x155cb6f80, L_0x155cb7500, C4<1>, C4<1>;
L_0x155cb77a0 .functor AND 1, L_0x155cb7670, L_0x155cb7700, C4<1>, C4<1>;
L_0x155cb7950 .functor OR 1, L_0x155cb7360, L_0x155cb77a0, C4<0>, C4<0>;
L_0x155cb75a0 .functor AND 1, L_0x155cb79c0, L_0x155cb7b40, C4<1>, C4<1>;
L_0x155cb7890 .functor AND 1, L_0x155cb75a0, L_0x155cb6400, C4<1>, C4<1>;
L_0x155cb7fa0 .functor AND 1, L_0x155cb7890, L_0x155cb7a60, C4<1>, C4<1>;
L_0x155cb8170 .functor OR 1, L_0x155cb7950, L_0x155cb7fa0, C4<0>, C4<0>;
L_0x155cb7e60 .functor AND 1, L_0x155cb81e0, L_0x155cb8380, C4<1>, C4<1>;
L_0x155cb8090 .functor AND 1, L_0x155cb7e60, L_0x155cb8510, C4<1>, C4<1>;
L_0x155cb86c0 .functor AND 1, L_0x155cb8090, L_0x155cb82c0, C4<1>, C4<1>;
L_0x155cb8420 .functor AND 1, L_0x155cb86c0, L_0x155cb88b0, C4<1>, C4<1>;
L_0x155cb85b0 .functor OR 1, L_0x155cb8170, L_0x155cb8420, C4<0>, C4<0>;
L_0x155cb87b0 .functor XOR 4, L_0x155cb4ae0, L_0x155cb5c80, C4<0000>, C4<0000>;
v0x155c3bc50_0 .net "G", 3 0, L_0x155cb4b70;  1 drivers
v0x155c3bd00_0 .net "P", 3 0, L_0x155cb4ae0;  1 drivers
v0x155c3bdb0_0 .net *"_ivl_102", 0 0, L_0x155cb7700;  1 drivers
v0x155c3be70_0 .net *"_ivl_103", 0 0, L_0x155cb77a0;  1 drivers
v0x155c3bf20_0 .net *"_ivl_105", 0 0, L_0x155cb7950;  1 drivers
v0x155c3c010_0 .net *"_ivl_108", 0 0, L_0x155cb79c0;  1 drivers
v0x155c3c0c0_0 .net *"_ivl_11", 0 0, L_0x155cb4d90;  1 drivers
v0x155c3c170_0 .net *"_ivl_110", 0 0, L_0x155cb7b40;  1 drivers
v0x155c3c220_0 .net *"_ivl_111", 0 0, L_0x155cb75a0;  1 drivers
v0x155c3c330_0 .net *"_ivl_114", 0 0, L_0x155cb6400;  1 drivers
v0x155c3c3e0_0 .net *"_ivl_115", 0 0, L_0x155cb7890;  1 drivers
v0x155c3c490_0 .net *"_ivl_118", 0 0, L_0x155cb7a60;  1 drivers
v0x155c3c540_0 .net *"_ivl_119", 0 0, L_0x155cb7fa0;  1 drivers
v0x155c3c5f0_0 .net *"_ivl_121", 0 0, L_0x155cb8170;  1 drivers
v0x155c3c6a0_0 .net *"_ivl_124", 0 0, L_0x155cb81e0;  1 drivers
v0x155c3c750_0 .net *"_ivl_126", 0 0, L_0x155cb8380;  1 drivers
v0x155c3c800_0 .net *"_ivl_127", 0 0, L_0x155cb7e60;  1 drivers
v0x155c3c990_0 .net *"_ivl_13", 0 0, L_0x155cb4e70;  1 drivers
v0x155c3ca20_0 .net *"_ivl_130", 0 0, L_0x155cb8510;  1 drivers
v0x155c3cad0_0 .net *"_ivl_131", 0 0, L_0x155cb8090;  1 drivers
v0x155c3cb80_0 .net *"_ivl_134", 0 0, L_0x155cb82c0;  1 drivers
v0x155c3cc30_0 .net *"_ivl_135", 0 0, L_0x155cb86c0;  1 drivers
v0x155c3cce0_0 .net *"_ivl_138", 0 0, L_0x155cb88b0;  1 drivers
v0x155c3cd90_0 .net *"_ivl_139", 0 0, L_0x155cb8420;  1 drivers
v0x155c3ce40_0 .net *"_ivl_15", 0 0, L_0x155cb4f50;  1 drivers
v0x155c3cef0_0 .net *"_ivl_16", 0 0, L_0x155cb5010;  1 drivers
v0x155c3cfa0_0 .net *"_ivl_18", 0 0, L_0x155cb5140;  1 drivers
v0x155c3d050_0 .net *"_ivl_23", 0 0, L_0x155cb5260;  1 drivers
v0x155c3d100_0 .net *"_ivl_25", 0 0, L_0x155cb5300;  1 drivers
v0x155c3d1b0_0 .net *"_ivl_27", 0 0, L_0x155cb53d0;  1 drivers
v0x155c3d260_0 .net *"_ivl_28", 0 0, L_0x155cb54f0;  1 drivers
v0x155c3d310_0 .net *"_ivl_30", 0 0, L_0x155cb55c0;  1 drivers
v0x155c3d3c0_0 .net *"_ivl_33", 0 0, L_0x155cb56f0;  1 drivers
v0x155c3c8b0_0 .net *"_ivl_35", 0 0, L_0x155cb5810;  1 drivers
v0x155c3d650_0 .net *"_ivl_36", 0 0, L_0x155cb58b0;  1 drivers
v0x155c3d6e0_0 .net *"_ivl_39", 0 0, L_0x155cb59a0;  1 drivers
v0x155c3d780_0 .net *"_ivl_40", 0 0, L_0x155cb5ad0;  1 drivers
v0x155c3d830_0 .net *"_ivl_42", 0 0, L_0x155cb5bd0;  1 drivers
v0x155c3d8e0_0 .net *"_ivl_48", 0 0, L_0x155cb5e10;  1 drivers
v0x155c3d990_0 .net *"_ivl_50", 0 0, L_0x155cb5f10;  1 drivers
v0x155c3da40_0 .net *"_ivl_52", 0 0, L_0x155cb5fb0;  1 drivers
v0x155c3daf0_0 .net *"_ivl_53", 0 0, L_0x155cb60c0;  1 drivers
v0x155c3dba0_0 .net *"_ivl_55", 0 0, L_0x155cb61d0;  1 drivers
v0x155c3dc50_0 .net *"_ivl_58", 0 0, L_0x155cb6280;  1 drivers
v0x155c3dd00_0 .net *"_ivl_60", 0 0, L_0x155cb6320;  1 drivers
v0x155c3ddb0_0 .net *"_ivl_61", 0 0, L_0x155cb6050;  1 drivers
v0x155c3de60_0 .net *"_ivl_64", 0 0, L_0x155cb65b0;  1 drivers
v0x155c3df10_0 .net *"_ivl_65", 0 0, L_0x155cb6650;  1 drivers
v0x155c3dfc0_0 .net *"_ivl_67", 0 0, L_0x155cb6700;  1 drivers
v0x155c3e070_0 .net *"_ivl_7", 0 0, L_0x155cb4ca0;  1 drivers
v0x155c3e120_0 .net *"_ivl_70", 0 0, L_0x155cb6870;  1 drivers
v0x155c3e1d0_0 .net *"_ivl_72", 0 0, L_0x155cb69a0;  1 drivers
v0x155c3e280_0 .net *"_ivl_73", 0 0, L_0x155cb6540;  1 drivers
v0x155c3e330_0 .net *"_ivl_76", 0 0, L_0x155cb6a80;  1 drivers
v0x155c3e3e0_0 .net *"_ivl_77", 0 0, L_0x155cb6bc0;  1 drivers
v0x155c3e490_0 .net *"_ivl_80", 0 0, L_0x155cb6ce0;  1 drivers
v0x155c3e540_0 .net *"_ivl_81", 0 0, L_0x155cb6d80;  1 drivers
v0x155c3e5f0_0 .net *"_ivl_83", 0 0, L_0x155cb6e50;  1 drivers
v0x155c3e6a0_0 .net *"_ivl_86", 0 0, L_0x155cb7020;  1 drivers
v0x155c3e750_0 .net *"_ivl_88", 0 0, L_0x155cb6b20;  1 drivers
v0x155c3e800_0 .net *"_ivl_90", 0 0, L_0x155cb71c0;  1 drivers
v0x155c3e8b0_0 .net *"_ivl_91", 0 0, L_0x155cb5470;  1 drivers
v0x155c3e960_0 .net *"_ivl_93", 0 0, L_0x155cb7360;  1 drivers
v0x155c3ea10_0 .net *"_ivl_96", 0 0, L_0x155cb6f80;  1 drivers
v0x155c3eac0_0 .net *"_ivl_98", 0 0, L_0x155cb7500;  1 drivers
v0x155c3d470_0 .net *"_ivl_99", 0 0, L_0x155cb7670;  1 drivers
v0x155c3d520_0 .net "a", 3 0, L_0x155cb8b80;  1 drivers
v0x155c3eb50_0 .net "b", 3 0, L_0x155cb8c20;  1 drivers
v0x155c3ebe0_0 .net "c", 3 0, L_0x155cb5c80;  1 drivers
v0x155c3ec70_0 .net "cin", 0 0, L_0x155cb43d0;  alias, 1 drivers
v0x155c3ed00_0 .net "cout", 0 0, L_0x155cb85b0;  alias, 1 drivers
v0x155c3ed90_0 .net "sum", 3 0, L_0x155cb87b0;  1 drivers
L_0x155cb4d90 .part L_0x155cb4b70, 0, 1;
L_0x155cb4e70 .part L_0x155cb4ae0, 0, 1;
L_0x155cb4f50 .part L_0x155cb5c80, 0, 1;
L_0x155cb5260 .part L_0x155cb4b70, 1, 1;
L_0x155cb5300 .part L_0x155cb4ae0, 1, 1;
L_0x155cb53d0 .part L_0x155cb4b70, 0, 1;
L_0x155cb56f0 .part L_0x155cb4ae0, 1, 1;
L_0x155cb5810 .part L_0x155cb4ae0, 0, 1;
L_0x155cb59a0 .part L_0x155cb5c80, 0, 1;
L_0x155cb5c80 .concat8 [ 1 1 1 1], L_0x155cb4ca0, L_0x155cb5140, L_0x155cb5bd0, L_0x155cb6e50;
L_0x155cb5e10 .part L_0x155cb4b70, 2, 1;
L_0x155cb5f10 .part L_0x155cb4ae0, 2, 1;
L_0x155cb5fb0 .part L_0x155cb4b70, 1, 1;
L_0x155cb6280 .part L_0x155cb4ae0, 2, 1;
L_0x155cb6320 .part L_0x155cb4ae0, 1, 1;
L_0x155cb65b0 .part L_0x155cb4b70, 0, 1;
L_0x155cb6870 .part L_0x155cb4ae0, 2, 1;
L_0x155cb69a0 .part L_0x155cb4ae0, 1, 1;
L_0x155cb6a80 .part L_0x155cb4ae0, 0, 1;
L_0x155cb6ce0 .part L_0x155cb5c80, 0, 1;
L_0x155cb7020 .part L_0x155cb4b70, 3, 1;
L_0x155cb6b20 .part L_0x155cb4ae0, 3, 1;
L_0x155cb71c0 .part L_0x155cb4b70, 2, 1;
L_0x155cb6f80 .part L_0x155cb4ae0, 3, 1;
L_0x155cb7500 .part L_0x155cb4ae0, 2, 1;
L_0x155cb7700 .part L_0x155cb4b70, 1, 1;
L_0x155cb79c0 .part L_0x155cb4ae0, 3, 1;
L_0x155cb7b40 .part L_0x155cb4ae0, 2, 1;
L_0x155cb6400 .part L_0x155cb4ae0, 1, 1;
L_0x155cb7a60 .part L_0x155cb4b70, 0, 1;
L_0x155cb81e0 .part L_0x155cb4ae0, 3, 1;
L_0x155cb8380 .part L_0x155cb4ae0, 2, 1;
L_0x155cb8510 .part L_0x155cb4ae0, 1, 1;
L_0x155cb82c0 .part L_0x155cb4ae0, 0, 1;
L_0x155cb88b0 .part L_0x155cb5c80, 0, 1;
S_0x155c3ee20 .scope module, "n4" "cla_4" 7 17, 8 3 0, S_0x155c34e80;
 .timescale -9 -11;
    .port_info 0 /INPUT 4 "a";
    .port_info 1 /INPUT 4 "b";
    .port_info 2 /INPUT 1 "cin";
    .port_info 3 /OUTPUT 4 "sum";
    .port_info 4 /OUTPUT 1 "cout";
L_0x155cb8cc0 .functor XOR 4, L_0x155cbcd00, L_0x155cbcda0, C4<0000>, C4<0000>;
L_0x155cb8d30 .functor AND 4, L_0x155cbcd00, L_0x155cbcda0, C4<1111>, C4<1111>;
L_0x155cb8e20 .functor BUFZ 1, L_0x155cb85b0, C4<0>, C4<0>, C4<0>;
L_0x155cb9190 .functor AND 1, L_0x155cb8ff0, L_0x155cb90d0, C4<1>, C4<1>;
L_0x155cb92c0 .functor OR 1, L_0x155cb8f10, L_0x155cb9190, C4<0>, C4<0>;
L_0x155cb9670 .functor AND 1, L_0x155cb9480, L_0x155cb9550, C4<1>, C4<1>;
L_0x155cb9740 .functor OR 1, L_0x155cb93e0, L_0x155cb9670, C4<0>, C4<0>;
L_0x155cb9a30 .functor AND 1, L_0x155cb9870, L_0x155cb9990, C4<1>, C4<1>;
L_0x155cb9c50 .functor AND 1, L_0x155cb9a30, L_0x155cb9b20, C4<1>, C4<1>;
L_0x155cb9d50 .functor OR 1, L_0x155cb9740, L_0x155cb9c50, C4<0>, C4<0>;
L_0x155cba240 .functor AND 1, L_0x155cba090, L_0x155cba130, C4<1>, C4<1>;
L_0x155cba350 .functor OR 1, L_0x155cb9f90, L_0x155cba240, C4<0>, C4<0>;
L_0x155cba1d0 .functor AND 1, L_0x155cba400, L_0x155cba4a0, C4<1>, C4<1>;
L_0x155cba7d0 .functor AND 1, L_0x155cba1d0, L_0x155cba730, C4<1>, C4<1>;
L_0x155cba880 .functor OR 1, L_0x155cba350, L_0x155cba7d0, C4<0>, C4<0>;
L_0x155cba6c0 .functor AND 1, L_0x155cba9f0, L_0x155cbab20, C4<1>, C4<1>;
L_0x155cbad40 .functor AND 1, L_0x155cba6c0, L_0x155cbac00, C4<1>, C4<1>;
L_0x155cbaf00 .functor AND 1, L_0x155cbad40, L_0x155cbae60, C4<1>, C4<1>;
L_0x155cbafd0 .functor OR 1, L_0x155cba880, L_0x155cbaf00, C4<0>, C4<0>;
L_0x155cb95f0 .functor AND 1, L_0x155cbaca0, L_0x155cbb340, C4<1>, C4<1>;
L_0x155cbb4e0 .functor OR 1, L_0x155cbb1a0, L_0x155cb95f0, C4<0>, C4<0>;
L_0x155cbb7f0 .functor AND 1, L_0x155cbb100, L_0x155cbb680, C4<1>, C4<1>;
L_0x155cbb920 .functor AND 1, L_0x155cbb7f0, L_0x155cbb880, C4<1>, C4<1>;
L_0x155cbbad0 .functor OR 1, L_0x155cbb4e0, L_0x155cbb920, C4<0>, C4<0>;
L_0x155cbb720 .functor AND 1, L_0x155cbbb40, L_0x155cbbcc0, C4<1>, C4<1>;
L_0x155cbba10 .functor AND 1, L_0x155cbb720, L_0x155cba580, C4<1>, C4<1>;
L_0x155cbc120 .functor AND 1, L_0x155cbba10, L_0x155cbbbe0, C4<1>, C4<1>;
L_0x155cbc2f0 .functor OR 1, L_0x155cbbad0, L_0x155cbc120, C4<0>, C4<0>;
L_0x155cbbfe0 .functor AND 1, L_0x155cbc360, L_0x155cbc500, C4<1>, C4<1>;
L_0x155cbc210 .functor AND 1, L_0x155cbbfe0, L_0x155cbc690, C4<1>, C4<1>;
L_0x155cbc840 .functor AND 1, L_0x155cbc210, L_0x155cbc440, C4<1>, C4<1>;
L_0x155cbc5a0 .functor AND 1, L_0x155cbc840, L_0x155cbca30, C4<1>, C4<1>;
L_0x155cbc730 .functor OR 1, L_0x155cbc2f0, L_0x155cbc5a0, C4<0>, C4<0>;
L_0x155cbc930 .functor XOR 4, L_0x155cb8cc0, L_0x155cb9e00, C4<0000>, C4<0000>;
v0x155c3f060_0 .net "G", 3 0, L_0x155cb8d30;  1 drivers
v0x155c3f120_0 .net "P", 3 0, L_0x155cb8cc0;  1 drivers
v0x155c3f1d0_0 .net *"_ivl_102", 0 0, L_0x155cbb880;  1 drivers
v0x155c3f290_0 .net *"_ivl_103", 0 0, L_0x155cbb920;  1 drivers
v0x155c3f340_0 .net *"_ivl_105", 0 0, L_0x155cbbad0;  1 drivers
v0x155c3f430_0 .net *"_ivl_108", 0 0, L_0x155cbbb40;  1 drivers
v0x155c3f4e0_0 .net *"_ivl_11", 0 0, L_0x155cb8f10;  1 drivers
v0x155c3f590_0 .net *"_ivl_110", 0 0, L_0x155cbbcc0;  1 drivers
v0x155c3f640_0 .net *"_ivl_111", 0 0, L_0x155cbb720;  1 drivers
v0x155c3f750_0 .net *"_ivl_114", 0 0, L_0x155cba580;  1 drivers
v0x155c3f800_0 .net *"_ivl_115", 0 0, L_0x155cbba10;  1 drivers
v0x155c3f8b0_0 .net *"_ivl_118", 0 0, L_0x155cbbbe0;  1 drivers
v0x155c3f960_0 .net *"_ivl_119", 0 0, L_0x155cbc120;  1 drivers
v0x155c3fa10_0 .net *"_ivl_121", 0 0, L_0x155cbc2f0;  1 drivers
v0x155c3fac0_0 .net *"_ivl_124", 0 0, L_0x155cbc360;  1 drivers
v0x155c3fb70_0 .net *"_ivl_126", 0 0, L_0x155cbc500;  1 drivers
v0x155c3fc20_0 .net *"_ivl_127", 0 0, L_0x155cbbfe0;  1 drivers
v0x155c3fdb0_0 .net *"_ivl_13", 0 0, L_0x155cb8ff0;  1 drivers
v0x155c3fe40_0 .net *"_ivl_130", 0 0, L_0x155cbc690;  1 drivers
v0x155c3fef0_0 .net *"_ivl_131", 0 0, L_0x155cbc210;  1 drivers
v0x155c3ffa0_0 .net *"_ivl_134", 0 0, L_0x155cbc440;  1 drivers
v0x155c40050_0 .net *"_ivl_135", 0 0, L_0x155cbc840;  1 drivers
v0x155c40100_0 .net *"_ivl_138", 0 0, L_0x155cbca30;  1 drivers
v0x155c401b0_0 .net *"_ivl_139", 0 0, L_0x155cbc5a0;  1 drivers
v0x155c40260_0 .net *"_ivl_15", 0 0, L_0x155cb90d0;  1 drivers
v0x155c40310_0 .net *"_ivl_16", 0 0, L_0x155cb9190;  1 drivers
v0x155c403c0_0 .net *"_ivl_18", 0 0, L_0x155cb92c0;  1 drivers
v0x155c40470_0 .net *"_ivl_23", 0 0, L_0x155cb93e0;  1 drivers
v0x155c40520_0 .net *"_ivl_25", 0 0, L_0x155cb9480;  1 drivers
v0x155c405d0_0 .net *"_ivl_27", 0 0, L_0x155cb9550;  1 drivers
v0x155c40680_0 .net *"_ivl_28", 0 0, L_0x155cb9670;  1 drivers
v0x155c40730_0 .net *"_ivl_30", 0 0, L_0x155cb9740;  1 drivers
v0x155c407e0_0 .net *"_ivl_33", 0 0, L_0x155cb9870;  1 drivers
v0x155c3fcd0_0 .net *"_ivl_35", 0 0, L_0x155cb9990;  1 drivers
v0x155c40a70_0 .net *"_ivl_36", 0 0, L_0x155cb9a30;  1 drivers
v0x155c40b00_0 .net *"_ivl_39", 0 0, L_0x155cb9b20;  1 drivers
v0x155c40ba0_0 .net *"_ivl_40", 0 0, L_0x155cb9c50;  1 drivers
v0x155c40c50_0 .net *"_ivl_42", 0 0, L_0x155cb9d50;  1 drivers
v0x155c40d00_0 .net *"_ivl_48", 0 0, L_0x155cb9f90;  1 drivers
v0x155c40db0_0 .net *"_ivl_50", 0 0, L_0x155cba090;  1 drivers
v0x155c40e60_0 .net *"_ivl_52", 0 0, L_0x155cba130;  1 drivers
v0x155c40f10_0 .net *"_ivl_53", 0 0, L_0x155cba240;  1 drivers
v0x155c40fc0_0 .net *"_ivl_55", 0 0, L_0x155cba350;  1 drivers
v0x155c41070_0 .net *"_ivl_58", 0 0, L_0x155cba400;  1 drivers
v0x155c41120_0 .net *"_ivl_60", 0 0, L_0x155cba4a0;  1 drivers
v0x155c411d0_0 .net *"_ivl_61", 0 0, L_0x155cba1d0;  1 drivers
v0x155c41280_0 .net *"_ivl_64", 0 0, L_0x155cba730;  1 drivers
v0x155c41330_0 .net *"_ivl_65", 0 0, L_0x155cba7d0;  1 drivers
v0x155c413e0_0 .net *"_ivl_67", 0 0, L_0x155cba880;  1 drivers
v0x155c41490_0 .net *"_ivl_7", 0 0, L_0x155cb8e20;  1 drivers
v0x155c41540_0 .net *"_ivl_70", 0 0, L_0x155cba9f0;  1 drivers
v0x155c415f0_0 .net *"_ivl_72", 0 0, L_0x155cbab20;  1 drivers
v0x155c416a0_0 .net *"_ivl_73", 0 0, L_0x155cba6c0;  1 drivers
v0x155c41750_0 .net *"_ivl_76", 0 0, L_0x155cbac00;  1 drivers
v0x155c41800_0 .net *"_ivl_77", 0 0, L_0x155cbad40;  1 drivers
v0x155c418b0_0 .net *"_ivl_80", 0 0, L_0x155cbae60;  1 drivers
v0x155c41960_0 .net *"_ivl_81", 0 0, L_0x155cbaf00;  1 drivers
v0x155c41a10_0 .net *"_ivl_83", 0 0, L_0x155cbafd0;  1 drivers
v0x155c41ac0_0 .net *"_ivl_86", 0 0, L_0x155cbb1a0;  1 drivers
v0x155c41b70_0 .net *"_ivl_88", 0 0, L_0x155cbaca0;  1 drivers
v0x155c41c20_0 .net *"_ivl_90", 0 0, L_0x155cbb340;  1 drivers
v0x155c41cd0_0 .net *"_ivl_91", 0 0, L_0x155cb95f0;  1 drivers
v0x155c41d80_0 .net *"_ivl_93", 0 0, L_0x155cbb4e0;  1 drivers
v0x155c41e30_0 .net *"_ivl_96", 0 0, L_0x155cbb100;  1 drivers
v0x155c41ee0_0 .net *"_ivl_98", 0 0, L_0x155cbb680;  1 drivers
v0x155c40890_0 .net *"_ivl_99", 0 0, L_0x155cbb7f0;  1 drivers
v0x155c40940_0 .net "a", 3 0, L_0x155cbcd00;  1 drivers
v0x155c41f70_0 .net "b", 3 0, L_0x155cbcda0;  1 drivers
v0x155c42000_0 .net "c", 3 0, L_0x155cb9e00;  1 drivers
v0x155c42090_0 .net "cin", 0 0, L_0x155cb85b0;  alias, 1 drivers
v0x155c42120_0 .net8 "cout", 0 0, RS_0x14800f630;  alias, 3 drivers
v0x155c421b0_0 .net "sum", 3 0, L_0x155cbc930;  1 drivers
L_0x155cb8f10 .part L_0x155cb8d30, 0, 1;
L_0x155cb8ff0 .part L_0x155cb8cc0, 0, 1;
L_0x155cb90d0 .part L_0x155cb9e00, 0, 1;
L_0x155cb93e0 .part L_0x155cb8d30, 1, 1;
L_0x155cb9480 .part L_0x155cb8cc0, 1, 1;
L_0x155cb9550 .part L_0x155cb8d30, 0, 1;
L_0x155cb9870 .part L_0x155cb8cc0, 1, 1;
L_0x155cb9990 .part L_0x155cb8cc0, 0, 1;
L_0x155cb9b20 .part L_0x155cb9e00, 0, 1;
L_0x155cb9e00 .concat8 [ 1 1 1 1], L_0x155cb8e20, L_0x155cb92c0, L_0x155cb9d50, L_0x155cbafd0;
L_0x155cb9f90 .part L_0x155cb8d30, 2, 1;
L_0x155cba090 .part L_0x155cb8cc0, 2, 1;
L_0x155cba130 .part L_0x155cb8d30, 1, 1;
L_0x155cba400 .part L_0x155cb8cc0, 2, 1;
L_0x155cba4a0 .part L_0x155cb8cc0, 1, 1;
L_0x155cba730 .part L_0x155cb8d30, 0, 1;
L_0x155cba9f0 .part L_0x155cb8cc0, 2, 1;
L_0x155cbab20 .part L_0x155cb8cc0, 1, 1;
L_0x155cbac00 .part L_0x155cb8cc0, 0, 1;
L_0x155cbae60 .part L_0x155cb9e00, 0, 1;
L_0x155cbb1a0 .part L_0x155cb8d30, 3, 1;
L_0x155cbaca0 .part L_0x155cb8cc0, 3, 1;
L_0x155cbb340 .part L_0x155cb8d30, 2, 1;
L_0x155cbb100 .part L_0x155cb8cc0, 3, 1;
L_0x155cbb680 .part L_0x155cb8cc0, 2, 1;
L_0x155cbb880 .part L_0x155cb8d30, 1, 1;
L_0x155cbbb40 .part L_0x155cb8cc0, 3, 1;
L_0x155cbbcc0 .part L_0x155cb8cc0, 2, 1;
L_0x155cba580 .part L_0x155cb8cc0, 1, 1;
L_0x155cbbbe0 .part L_0x155cb8d30, 0, 1;
L_0x155cbc360 .part L_0x155cb8cc0, 3, 1;
L_0x155cbc500 .part L_0x155cb8cc0, 2, 1;
L_0x155cbc690 .part L_0x155cb8cc0, 1, 1;
L_0x155cbc440 .part L_0x155cb8cc0, 0, 1;
L_0x155cbca30 .part L_0x155cb9e00, 0, 1;
S_0x155c42d10 .scope module, "AND" "and_op" 6 55, 9 1 0, S_0x155c26e20;
 .timescale -9 -11;
    .port_info 0 /INPUT 32 "a";
    .port_info 1 /INPUT 32 "b";
    .port_info 2 /OUTPUT 32 "data_out";
P_0x155c42ed0 .param/l "DATA_WIDTH" 0 9 1, +C4<00000000000000000000000000100000>;
L_0x155cffde0 .functor AND 32, v0x155c94220_0, v0x155c831e0_0, C4<11111111111111111111111111111111>, C4<11111111111111111111111111111111>;
v0x155c43040_0 .net "a", 31 0, v0x155c94220_0;  alias, 1 drivers
v0x155c430f0_0 .net "b", 31 0, v0x155c831e0_0;  alias, 1 drivers
v0x155c43180_0 .net "data_out", 31 0, L_0x155cffde0;  alias, 1 drivers
S_0x155c43210 .scope module, "DIV" "non_restore_div" 6 48, 10 1 0, S_0x155c26e20;
 .timescale -9 -11;
    .port_info 0 /INPUT 32 "a";
    .port_info 1 /INPUT 32 "b";
    .port_info 2 /OUTPUT 64 "data_out";
P_0x155c433d0 .param/l "DATA_WIDTH" 0 10 1, +C4<00000000000000000000000000100000>;
v0x155c435e0_0 .net "a", 31 0, v0x155c94220_0;  alias, 1 drivers
v0x155c436d0_0 .net "b", 31 0, v0x155c831e0_0;  alias, 1 drivers
v0x155c43760_0 .var "data_out", 63 0;
v0x155c437f0_0 .var "dividend", 63 0;
v0x155c43880_0 .var "dividend_sign", 0 0;
v0x155c43950_0 .var "divisor", 31 0;
v0x155c439f0_0 .var "divisor_sign", 0 0;
v0x155c43a90_0 .var/i "i", 31 0;
v0x155c43b40_0 .var "quotient", 31 0;
v0x155c43c50_0 .var "remainder", 31 0;
E_0x155c43560/0 .event anyedge, v0x155c42aa0_0, v0x155c42b30_0, v0x155c43880_0, v0x155c439f0_0;
E_0x155c43560/1 .event anyedge, v0x155c437f0_0, v0x155c43c50_0, v0x155c43950_0, v0x155c43b40_0;
E_0x155c43560 .event/or E_0x155c43560/0, E_0x155c43560/1;
S_0x155c43d50 .scope module, "MUL" "boothMul" 6 42, 11 1 0, S_0x155c26e20;
 .timescale -9 -11;
    .port_info 0 /INPUT 32 "a";
    .port_info 1 /INPUT 32 "b";
    .port_info 2 /OUTPUT 64 "data_out";
P_0x155c43910 .param/l "DATA_WIDTH" 0 11 1, +C4<00000000000000000000000000100000>;
v0x155c440f0_0 .var "A", 64 0;
v0x155c441b0_0 .var "M", 32 0;
v0x155c44250_0 .var "Q", 31 0;
v0x155c442e0_0 .var "Q_1", 0 0;
v0x155c44370_0 .net "a", 31 0, v0x155c94220_0;  alias, 1 drivers
v0x155c44440_0 .var "a_is_negative", 0 0;
v0x155c444d0_0 .var "a_twos", 31 0;
v0x155c44570_0 .net "b", 31 0, v0x155c831e0_0;  alias, 1 drivers
v0x155c44610_0 .var "b_is_negative", 0 0;
v0x155c44720_0 .var "b_twos", 31 0;
v0x155c447c0_0 .var "data_out", 63 0;
v0x155c44870_0 .var/i "i", 31 0;
v0x155c44920_0 .var "result_sign", 0 0;
v0x155c449c0_0 .var "unsigned_result", 63 0;
E_0x155c44040/0 .event anyedge, v0x155c42aa0_0, v0x155c42b30_0, v0x155c44440_0, v0x155c44610_0;
E_0x155c44040/1 .event anyedge, v0x155c44720_0, v0x155c444d0_0, v0x155c44250_0, v0x155c442e0_0;
E_0x155c44040/2 .event anyedge, v0x155c440f0_0, v0x155c441b0_0, v0x155c44920_0, v0x155c449c0_0;
E_0x155c44040 .event/or E_0x155c44040/0, E_0x155c44040/1, E_0x155c44040/2;
S_0x155c44ac0 .scope module, "NEG" "neg" 6 92, 12 1 0, S_0x155c26e20;
 .timescale -9 -11;
    .port_info 0 /INPUT 32 "data_in";
    .port_info 1 /OUTPUT 32 "data_out";
P_0x155c44c80 .param/l "DATA_WIDTH" 0 12 1, +C4<00000000000000000000000000100000>;
L_0x1480403b8 .functor BUFT 1, C4<00000000000000000000000000000000>, C4<0>, C4<0>, C4<0>;
v0x155c44db0_0 .net *"_ivl_0", 31 0, L_0x1480403b8;  1 drivers
v0x155c44e60_0 .net "data_in", 31 0, v0x155c831e0_0;  alias, 1 drivers
v0x155c44f00_0 .net "data_out", 31 0, L_0x1446050e0;  alias, 1 drivers
L_0x1446050e0 .arith/sub 32, L_0x1480403b8, v0x155c831e0_0;
S_0x155c44fb0 .scope module, "NOT" "not_op" 6 97, 13 1 0, S_0x155c26e20;
 .timescale -9 -11;
    .port_info 0 /INPUT 32 "data_in";
    .port_info 1 /OUTPUT 32 "data_out";
P_0x155c45170 .param/l "DATA_WIDTH" 0 13 1, +C4<00000000000000000000000000100000>;
L_0x144605220 .functor NOT 32, v0x155c831e0_0, C4<00000000000000000000000000000000>, C4<00000000000000000000000000000000>, C4<00000000000000000000000000000000>;
v0x155c452c0_0 .net "data_in", 31 0, v0x155c831e0_0;  alias, 1 drivers
v0x155c45370_0 .net "data_out", 31 0, L_0x144605220;  alias, 1 drivers
S_0x155c45410 .scope module, "OR" "or_op" 6 61, 14 1 0, S_0x155c26e20;
 .timescale -9 -11;
    .port_info 0 /INPUT 32 "a";
    .port_info 1 /INPUT 32 "b";
    .port_info 2 /OUTPUT 32 "data_out";
P_0x155c45230 .param/l "DATA_WIDTH" 0 14 1, +C4<00000000000000000000000000100000>;
L_0x155cffe90 .functor OR 32, v0x155c94220_0, v0x155c831e0_0, C4<00000000000000000000000000000000>, C4<00000000000000000000000000000000>;
v0x155c45720_0 .net "a", 31 0, v0x155c94220_0;  alias, 1 drivers
v0x155c457c0_0 .net "b", 31 0, v0x155c831e0_0;  alias, 1 drivers
v0x155c45860_0 .net "data_out", 31 0, L_0x155cffe90;  alias, 1 drivers
S_0x155c45930 .scope module, "PC" "collective_add" 6 26, 7 22 0, S_0x155c26e20;
 .timescale -9 -11;
    .port_info 0 /INPUT 32 "d1";
    .port_info 1 /INPUT 32 "d2";
    .port_info 2 /INPUT 1 "cin";
    .port_info 3 /OUTPUT 32 "sum";
    .port_info 4 /OUTPUT 1 "cout";
P_0x155c45af0 .param/l "DATA_WIDTH" 0 7 22, +C4<00000000000000000000000000100000>;
v0x155c61000_0 .net "c1", 0 0, L_0x155ccd220;  1 drivers
L_0x1480400e8 .functor BUFT 1, C4<0>, C4<0>, C4<0>, C4<0>;
v0x155c61110_0 .net "cin", 0 0, L_0x1480400e8;  1 drivers
v0x155c611a0_0 .net8 "cout", 0 0, RS_0x14800f630;  alias, 3 drivers
v0x155c61230_0 .net "d1", 31 0, v0x155c831e0_0;  alias, 1 drivers
L_0x1480400a0 .functor BUFT 1, C4<00000000000000000000000000000001>, C4<0>, C4<0>, C4<0>;
v0x155c612c0_0 .net "d2", 31 0, L_0x1480400a0;  1 drivers
v0x155c61350_0 .net "sum", 31 0, L_0x155cde620;  alias, 1 drivers
L_0x155ccdb60 .part v0x155c831e0_0, 0, 16;
L_0x155ccdc00 .part L_0x1480400a0, 0, 16;
L_0x155cde4e0 .part v0x155c831e0_0, 16, 16;
L_0x155cde580 .part L_0x1480400a0, 16, 16;
L_0x155cde620 .concat8 [ 16 16 0 0], L_0x155ccd9b0, L_0x155cde330;
S_0x155c45c20 .scope module, "n1" "cla16" 7 32, 7 4 0, S_0x155c45930;
 .timescale -9 -11;
    .port_info 0 /INPUT 16 "d1";
    .port_info 1 /INPUT 16 "d2";
    .port_info 2 /INPUT 1 "cin";
    .port_info 3 /OUTPUT 16 "sum";
    .port_info 4 /OUTPUT 1 "cout";
P_0x155c45df0 .param/l "DATA_WIDTH" 0 7 4, +C4<00000000000000000000000000100000>;
v0x155c53010_0 .net "c1", 0 0, L_0x155cc0d50;  1 drivers
v0x155c530f0_0 .net "c2", 0 0, L_0x155cc4ee0;  1 drivers
v0x155c531c0_0 .net "c3", 0 0, L_0x155cc90a0;  1 drivers
v0x155c53290_0 .net "cin", 0 0, L_0x1480400e8;  alias, 1 drivers
v0x155c53320_0 .net "cout", 0 0, L_0x155ccd220;  alias, 1 drivers
v0x155c533f0_0 .net "d1", 15 0, L_0x155ccdb60;  1 drivers
v0x155c53480_0 .net "d2", 15 0, L_0x155ccdc00;  1 drivers
v0x155c53510_0 .net "sum", 15 0, L_0x155ccd9b0;  1 drivers
L_0x155cc1320 .part L_0x155ccdb60, 0, 4;
L_0x155cc13c0 .part L_0x155ccdc00, 0, 4;
L_0x155cc54b0 .part L_0x155ccdb60, 4, 4;
L_0x155cc5550 .part L_0x155ccdc00, 4, 4;
L_0x155cc9670 .part L_0x155ccdb60, 8, 4;
L_0x155cc9710 .part L_0x155ccdc00, 8, 4;
L_0x155ccd7f0 .part L_0x155ccdb60, 12, 4;
L_0x155ccd890 .part L_0x155ccdc00, 12, 4;
L_0x155ccd9b0 .concat8 [ 4 4 4 4], L_0x155cc0f50, L_0x155cc50e0, L_0x155cc92a0, L_0x155ccd420;
S_0x155c45f40 .scope module, "n1" "cla_4" 7 14, 8 3 0, S_0x155c45c20;
 .timescale -9 -11;
    .port_info 0 /INPUT 4 "a";
    .port_info 1 /INPUT 4 "b";
    .port_info 2 /INPUT 1 "cin";
    .port_info 3 /OUTPUT 4 "sum";
    .port_info 4 /OUTPUT 1 "cout";
L_0x155cbd380 .functor XOR 4, L_0x155cc1320, L_0x155cc13c0, C4<0000>, C4<0000>;
L_0x155cbd3f0 .functor AND 4, L_0x155cc1320, L_0x155cc13c0, C4<1111>, C4<1111>;
L_0x155cbd4a0 .functor BUFZ 1, L_0x1480400e8, C4<0>, C4<0>, C4<0>;
L_0x155cbd7b0 .functor AND 1, L_0x155cbd5f0, L_0x155cbd6d0, C4<1>, C4<1>;
L_0x155cbd8e0 .functor OR 1, L_0x155cbd510, L_0x155cbd7b0, C4<0>, C4<0>;
L_0x155cbdc90 .functor AND 1, L_0x155cbdaa0, L_0x155cbdb70, C4<1>, C4<1>;
L_0x155cbdd60 .functor OR 1, L_0x155cbda00, L_0x155cbdc90, C4<0>, C4<0>;
L_0x155cbe050 .functor AND 1, L_0x155cbde90, L_0x155cbdfb0, C4<1>, C4<1>;
L_0x155cbe270 .functor AND 1, L_0x155cbe050, L_0x155cbe140, C4<1>, C4<1>;
L_0x155cbe370 .functor OR 1, L_0x155cbdd60, L_0x155cbe270, C4<0>, C4<0>;
L_0x155cbe860 .functor AND 1, L_0x155cbe6b0, L_0x155cbe750, C4<1>, C4<1>;
L_0x155cbe970 .functor OR 1, L_0x155cbe5b0, L_0x155cbe860, C4<0>, C4<0>;
L_0x155cbe7f0 .functor AND 1, L_0x155cbea20, L_0x155cbeac0, C4<1>, C4<1>;
L_0x155cbedf0 .functor AND 1, L_0x155cbe7f0, L_0x155cbed50, C4<1>, C4<1>;
L_0x155cbeea0 .functor OR 1, L_0x155cbe970, L_0x155cbedf0, C4<0>, C4<0>;
L_0x155cbece0 .functor AND 1, L_0x155cbf010, L_0x155cbf140, C4<1>, C4<1>;
L_0x155cbf360 .functor AND 1, L_0x155cbece0, L_0x155cbf220, C4<1>, C4<1>;
L_0x155cbf520 .functor AND 1, L_0x155cbf360, L_0x155cbf480, C4<1>, C4<1>;
L_0x155cbf5f0 .functor OR 1, L_0x155cbeea0, L_0x155cbf520, C4<0>, C4<0>;
L_0x155cbdc10 .functor AND 1, L_0x155cbf2c0, L_0x155cbf960, C4<1>, C4<1>;
L_0x155cbfb00 .functor OR 1, L_0x155cbf7c0, L_0x155cbdc10, C4<0>, C4<0>;
L_0x155cbfe10 .functor AND 1, L_0x155cbf720, L_0x155cbfca0, C4<1>, C4<1>;
L_0x155cbff40 .functor AND 1, L_0x155cbfe10, L_0x155cbfea0, C4<1>, C4<1>;
L_0x155cc00f0 .functor OR 1, L_0x155cbfb00, L_0x155cbff40, C4<0>, C4<0>;
L_0x155cbfd40 .functor AND 1, L_0x155cc0160, L_0x155cc02e0, C4<1>, C4<1>;
L_0x155cc0030 .functor AND 1, L_0x155cbfd40, L_0x155cbeba0, C4<1>, C4<1>;
L_0x155cc0740 .functor AND 1, L_0x155cc0030, L_0x155cc0200, C4<1>, C4<1>;
L_0x155cc0910 .functor OR 1, L_0x155cc00f0, L_0x155cc0740, C4<0>, C4<0>;
L_0x155cc0600 .functor AND 1, L_0x155cc0980, L_0x155cc0b20, C4<1>, C4<1>;
L_0x155cc0830 .functor AND 1, L_0x155cc0600, L_0x155cc0cb0, C4<1>, C4<1>;
L_0x155cc0e60 .functor AND 1, L_0x155cc0830, L_0x155cc0a60, C4<1>, C4<1>;
L_0x155cc0bc0 .functor AND 1, L_0x155cc0e60, L_0x155cc1050, C4<1>, C4<1>;
L_0x155cc0d50 .functor OR 1, L_0x155cc0910, L_0x155cc0bc0, C4<0>, C4<0>;
L_0x155cc0f50 .functor XOR 4, L_0x155cbd380, L_0x155cbe420, C4<0000>, C4<0000>;
v0x155c461c0_0 .net "G", 3 0, L_0x155cbd3f0;  1 drivers
v0x155c46280_0 .net "P", 3 0, L_0x155cbd380;  1 drivers
v0x155c46330_0 .net *"_ivl_102", 0 0, L_0x155cbfea0;  1 drivers
v0x155c463f0_0 .net *"_ivl_103", 0 0, L_0x155cbff40;  1 drivers
v0x155c464a0_0 .net *"_ivl_105", 0 0, L_0x155cc00f0;  1 drivers
v0x155c46590_0 .net *"_ivl_108", 0 0, L_0x155cc0160;  1 drivers
v0x155c46640_0 .net *"_ivl_11", 0 0, L_0x155cbd510;  1 drivers
v0x155c466f0_0 .net *"_ivl_110", 0 0, L_0x155cc02e0;  1 drivers
v0x155c467a0_0 .net *"_ivl_111", 0 0, L_0x155cbfd40;  1 drivers
v0x155c468b0_0 .net *"_ivl_114", 0 0, L_0x155cbeba0;  1 drivers
v0x155c46960_0 .net *"_ivl_115", 0 0, L_0x155cc0030;  1 drivers
v0x155c46a10_0 .net *"_ivl_118", 0 0, L_0x155cc0200;  1 drivers
v0x155c46ac0_0 .net *"_ivl_119", 0 0, L_0x155cc0740;  1 drivers
v0x155c46b70_0 .net *"_ivl_121", 0 0, L_0x155cc0910;  1 drivers
v0x155c46c20_0 .net *"_ivl_124", 0 0, L_0x155cc0980;  1 drivers
v0x155c46cd0_0 .net *"_ivl_126", 0 0, L_0x155cc0b20;  1 drivers
v0x155c46d80_0 .net *"_ivl_127", 0 0, L_0x155cc0600;  1 drivers
v0x155c46f10_0 .net *"_ivl_13", 0 0, L_0x155cbd5f0;  1 drivers
v0x155c46fa0_0 .net *"_ivl_130", 0 0, L_0x155cc0cb0;  1 drivers
v0x155c47050_0 .net *"_ivl_131", 0 0, L_0x155cc0830;  1 drivers
v0x155c47100_0 .net *"_ivl_134", 0 0, L_0x155cc0a60;  1 drivers
v0x155c471b0_0 .net *"_ivl_135", 0 0, L_0x155cc0e60;  1 drivers
v0x155c47260_0 .net *"_ivl_138", 0 0, L_0x155cc1050;  1 drivers
v0x155c47310_0 .net *"_ivl_139", 0 0, L_0x155cc0bc0;  1 drivers
v0x155c473c0_0 .net *"_ivl_15", 0 0, L_0x155cbd6d0;  1 drivers
v0x155c47470_0 .net *"_ivl_16", 0 0, L_0x155cbd7b0;  1 drivers
v0x155c47520_0 .net *"_ivl_18", 0 0, L_0x155cbd8e0;  1 drivers
v0x155c475d0_0 .net *"_ivl_23", 0 0, L_0x155cbda00;  1 drivers
v0x155c47680_0 .net *"_ivl_25", 0 0, L_0x155cbdaa0;  1 drivers
v0x155c47730_0 .net *"_ivl_27", 0 0, L_0x155cbdb70;  1 drivers
v0x155c477e0_0 .net *"_ivl_28", 0 0, L_0x155cbdc90;  1 drivers
v0x155c47890_0 .net *"_ivl_30", 0 0, L_0x155cbdd60;  1 drivers
v0x155c47940_0 .net *"_ivl_33", 0 0, L_0x155cbde90;  1 drivers
v0x155c46e30_0 .net *"_ivl_35", 0 0, L_0x155cbdfb0;  1 drivers
v0x155c47bd0_0 .net *"_ivl_36", 0 0, L_0x155cbe050;  1 drivers
v0x155c47c60_0 .net *"_ivl_39", 0 0, L_0x155cbe140;  1 drivers
v0x155c47d00_0 .net *"_ivl_40", 0 0, L_0x155cbe270;  1 drivers
v0x155c47db0_0 .net *"_ivl_42", 0 0, L_0x155cbe370;  1 drivers
v0x155c47e60_0 .net *"_ivl_48", 0 0, L_0x155cbe5b0;  1 drivers
v0x155c47f10_0 .net *"_ivl_50", 0 0, L_0x155cbe6b0;  1 drivers
v0x155c47fc0_0 .net *"_ivl_52", 0 0, L_0x155cbe750;  1 drivers
v0x155c48070_0 .net *"_ivl_53", 0 0, L_0x155cbe860;  1 drivers
v0x155c48120_0 .net *"_ivl_55", 0 0, L_0x155cbe970;  1 drivers
v0x155c481d0_0 .net *"_ivl_58", 0 0, L_0x155cbea20;  1 drivers
v0x155c48280_0 .net *"_ivl_60", 0 0, L_0x155cbeac0;  1 drivers
v0x155c48330_0 .net *"_ivl_61", 0 0, L_0x155cbe7f0;  1 drivers
v0x155c483e0_0 .net *"_ivl_64", 0 0, L_0x155cbed50;  1 drivers
v0x155c48490_0 .net *"_ivl_65", 0 0, L_0x155cbedf0;  1 drivers
v0x155c48540_0 .net *"_ivl_67", 0 0, L_0x155cbeea0;  1 drivers
v0x155c485f0_0 .net *"_ivl_7", 0 0, L_0x155cbd4a0;  1 drivers
v0x155c486a0_0 .net *"_ivl_70", 0 0, L_0x155cbf010;  1 drivers
v0x155c48750_0 .net *"_ivl_72", 0 0, L_0x155cbf140;  1 drivers
v0x155c48800_0 .net *"_ivl_73", 0 0, L_0x155cbece0;  1 drivers
v0x155c488b0_0 .net *"_ivl_76", 0 0, L_0x155cbf220;  1 drivers
v0x155c48960_0 .net *"_ivl_77", 0 0, L_0x155cbf360;  1 drivers
v0x155c48a10_0 .net *"_ivl_80", 0 0, L_0x155cbf480;  1 drivers
v0x155c48ac0_0 .net *"_ivl_81", 0 0, L_0x155cbf520;  1 drivers
v0x155c48b70_0 .net *"_ivl_83", 0 0, L_0x155cbf5f0;  1 drivers
v0x155c48c20_0 .net *"_ivl_86", 0 0, L_0x155cbf7c0;  1 drivers
v0x155c48cd0_0 .net *"_ivl_88", 0 0, L_0x155cbf2c0;  1 drivers
v0x155c48d80_0 .net *"_ivl_90", 0 0, L_0x155cbf960;  1 drivers
v0x155c48e30_0 .net *"_ivl_91", 0 0, L_0x155cbdc10;  1 drivers
v0x155c48ee0_0 .net *"_ivl_93", 0 0, L_0x155cbfb00;  1 drivers
v0x155c48f90_0 .net *"_ivl_96", 0 0, L_0x155cbf720;  1 drivers
v0x155c49040_0 .net *"_ivl_98", 0 0, L_0x155cbfca0;  1 drivers
v0x155c479f0_0 .net *"_ivl_99", 0 0, L_0x155cbfe10;  1 drivers
v0x155c47aa0_0 .net "a", 3 0, L_0x155cc1320;  1 drivers
v0x155c490d0_0 .net "b", 3 0, L_0x155cc13c0;  1 drivers
v0x155c49160_0 .net "c", 3 0, L_0x155cbe420;  1 drivers
v0x155c491f0_0 .net "cin", 0 0, L_0x1480400e8;  alias, 1 drivers
v0x155c49280_0 .net "cout", 0 0, L_0x155cc0d50;  alias, 1 drivers
v0x155c49310_0 .net "sum", 3 0, L_0x155cc0f50;  1 drivers
L_0x155cbd510 .part L_0x155cbd3f0, 0, 1;
L_0x155cbd5f0 .part L_0x155cbd380, 0, 1;
L_0x155cbd6d0 .part L_0x155cbe420, 0, 1;
L_0x155cbda00 .part L_0x155cbd3f0, 1, 1;
L_0x155cbdaa0 .part L_0x155cbd380, 1, 1;
L_0x155cbdb70 .part L_0x155cbd3f0, 0, 1;
L_0x155cbde90 .part L_0x155cbd380, 1, 1;
L_0x155cbdfb0 .part L_0x155cbd380, 0, 1;
L_0x155cbe140 .part L_0x155cbe420, 0, 1;
L_0x155cbe420 .concat8 [ 1 1 1 1], L_0x155cbd4a0, L_0x155cbd8e0, L_0x155cbe370, L_0x155cbf5f0;
L_0x155cbe5b0 .part L_0x155cbd3f0, 2, 1;
L_0x155cbe6b0 .part L_0x155cbd380, 2, 1;
L_0x155cbe750 .part L_0x155cbd3f0, 1, 1;
L_0x155cbea20 .part L_0x155cbd380, 2, 1;
L_0x155cbeac0 .part L_0x155cbd380, 1, 1;
L_0x155cbed50 .part L_0x155cbd3f0, 0, 1;
L_0x155cbf010 .part L_0x155cbd380, 2, 1;
L_0x155cbf140 .part L_0x155cbd380, 1, 1;
L_0x155cbf220 .part L_0x155cbd380, 0, 1;
L_0x155cbf480 .part L_0x155cbe420, 0, 1;
L_0x155cbf7c0 .part L_0x155cbd3f0, 3, 1;
L_0x155cbf2c0 .part L_0x155cbd380, 3, 1;
L_0x155cbf960 .part L_0x155cbd3f0, 2, 1;
L_0x155cbf720 .part L_0x155cbd380, 3, 1;
L_0x155cbfca0 .part L_0x155cbd380, 2, 1;
L_0x155cbfea0 .part L_0x155cbd3f0, 1, 1;
L_0x155cc0160 .part L_0x155cbd380, 3, 1;
L_0x155cc02e0 .part L_0x155cbd380, 2, 1;
L_0x155cbeba0 .part L_0x155cbd380, 1, 1;
L_0x155cc0200 .part L_0x155cbd3f0, 0, 1;
L_0x155cc0980 .part L_0x155cbd380, 3, 1;
L_0x155cc0b20 .part L_0x155cbd380, 2, 1;
L_0x155cc0cb0 .part L_0x155cbd380, 1, 1;
L_0x155cc0a60 .part L_0x155cbd380, 0, 1;
L_0x155cc1050 .part L_0x155cbe420, 0, 1;
S_0x155c49420 .scope module, "n2" "cla_4" 7 15, 8 3 0, S_0x155c45c20;
 .timescale -9 -11;
    .port_info 0 /INPUT 4 "a";
    .port_info 1 /INPUT 4 "b";
    .port_info 2 /INPUT 1 "cin";
    .port_info 3 /OUTPUT 4 "sum";
    .port_info 4 /OUTPUT 1 "cout";
L_0x155cc0fc0 .functor XOR 4, L_0x155cc54b0, L_0x155cc5550, C4<0000>, C4<0000>;
L_0x155cc14c0 .functor AND 4, L_0x155cc54b0, L_0x155cc5550, C4<1111>, C4<1111>;
L_0x155cc15f0 .functor BUFZ 1, L_0x155cc0d50, C4<0>, C4<0>, C4<0>;
L_0x155cc1960 .functor AND 1, L_0x155cc17c0, L_0x155cc18a0, C4<1>, C4<1>;
L_0x155cc1a70 .functor OR 1, L_0x155cc16e0, L_0x155cc1960, C4<0>, C4<0>;
L_0x155cc1e20 .functor AND 1, L_0x155cc1c30, L_0x155cc1d00, C4<1>, C4<1>;
L_0x155cc1ef0 .functor OR 1, L_0x155cc1b90, L_0x155cc1e20, C4<0>, C4<0>;
L_0x155cc21e0 .functor AND 1, L_0x155cc2020, L_0x155cc2140, C4<1>, C4<1>;
L_0x155cc2400 .functor AND 1, L_0x155cc21e0, L_0x155cc22d0, C4<1>, C4<1>;
L_0x155cc2500 .functor OR 1, L_0x155cc1ef0, L_0x155cc2400, C4<0>, C4<0>;
L_0x155cc29f0 .functor AND 1, L_0x155cc2840, L_0x155cc28e0, C4<1>, C4<1>;
L_0x155cc2b00 .functor OR 1, L_0x155cc2740, L_0x155cc29f0, C4<0>, C4<0>;
L_0x155cc2980 .functor AND 1, L_0x155cc2bb0, L_0x155cc2c50, C4<1>, C4<1>;
L_0x155cc2f80 .functor AND 1, L_0x155cc2980, L_0x155cc2ee0, C4<1>, C4<1>;
L_0x155cc3030 .functor OR 1, L_0x155cc2b00, L_0x155cc2f80, C4<0>, C4<0>;
L_0x155cc2e70 .functor AND 1, L_0x155cc31a0, L_0x155cc32d0, C4<1>, C4<1>;
L_0x155cc34f0 .functor AND 1, L_0x155cc2e70, L_0x155cc33b0, C4<1>, C4<1>;
L_0x155cc36b0 .functor AND 1, L_0x155cc34f0, L_0x155cc3610, C4<1>, C4<1>;
L_0x155cc3780 .functor OR 1, L_0x155cc3030, L_0x155cc36b0, C4<0>, C4<0>;
L_0x155cc1da0 .functor AND 1, L_0x155cc3450, L_0x155cc3af0, C4<1>, C4<1>;
L_0x155cc3c90 .functor OR 1, L_0x155cc3950, L_0x155cc1da0, C4<0>, C4<0>;
L_0x155cc3fa0 .functor AND 1, L_0x155cc38b0, L_0x155cc3e30, C4<1>, C4<1>;
L_0x155cc40d0 .functor AND 1, L_0x155cc3fa0, L_0x155cc4030, C4<1>, C4<1>;
L_0x155cc4280 .functor OR 1, L_0x155cc3c90, L_0x155cc40d0, C4<0>, C4<0>;
L_0x155cc3ed0 .functor AND 1, L_0x155cc42f0, L_0x155cc4470, C4<1>, C4<1>;
L_0x155cc41c0 .functor AND 1, L_0x155cc3ed0, L_0x155cc2d30, C4<1>, C4<1>;
L_0x155cc48d0 .functor AND 1, L_0x155cc41c0, L_0x155cc4390, C4<1>, C4<1>;
L_0x155cc4aa0 .functor OR 1, L_0x155cc4280, L_0x155cc48d0, C4<0>, C4<0>;
L_0x155cc4790 .functor AND 1, L_0x155cc4b10, L_0x155cc4cb0, C4<1>, C4<1>;
L_0x155cc49c0 .functor AND 1, L_0x155cc4790, L_0x155cc4e40, C4<1>, C4<1>;
L_0x155cc4ff0 .functor AND 1, L_0x155cc49c0, L_0x155cc4bf0, C4<1>, C4<1>;
L_0x155cc4d50 .functor AND 1, L_0x155cc4ff0, L_0x155cc51e0, C4<1>, C4<1>;
L_0x155cc4ee0 .functor OR 1, L_0x155cc4aa0, L_0x155cc4d50, C4<0>, C4<0>;
L_0x155cc50e0 .functor XOR 4, L_0x155cc0fc0, L_0x155cc25b0, C4<0000>, C4<0000>;
v0x155c49610_0 .net "G", 3 0, L_0x155cc14c0;  1 drivers
v0x155c496a0_0 .net "P", 3 0, L_0x155cc0fc0;  1 drivers
v0x155c49750_0 .net *"_ivl_102", 0 0, L_0x155cc4030;  1 drivers
v0x155c49810_0 .net *"_ivl_103", 0 0, L_0x155cc40d0;  1 drivers
v0x155c498c0_0 .net *"_ivl_105", 0 0, L_0x155cc4280;  1 drivers
v0x155c499b0_0 .net *"_ivl_108", 0 0, L_0x155cc42f0;  1 drivers
v0x155c49a60_0 .net *"_ivl_11", 0 0, L_0x155cc16e0;  1 drivers
v0x155c49b10_0 .net *"_ivl_110", 0 0, L_0x155cc4470;  1 drivers
v0x155c49bc0_0 .net *"_ivl_111", 0 0, L_0x155cc3ed0;  1 drivers
v0x155c49cd0_0 .net *"_ivl_114", 0 0, L_0x155cc2d30;  1 drivers
v0x155c49d80_0 .net *"_ivl_115", 0 0, L_0x155cc41c0;  1 drivers
v0x155c49e30_0 .net *"_ivl_118", 0 0, L_0x155cc4390;  1 drivers
v0x155c49ee0_0 .net *"_ivl_119", 0 0, L_0x155cc48d0;  1 drivers
v0x155c49f90_0 .net *"_ivl_121", 0 0, L_0x155cc4aa0;  1 drivers
v0x155c4a040_0 .net *"_ivl_124", 0 0, L_0x155cc4b10;  1 drivers
v0x155c4a0f0_0 .net *"_ivl_126", 0 0, L_0x155cc4cb0;  1 drivers
v0x155c4a1a0_0 .net *"_ivl_127", 0 0, L_0x155cc4790;  1 drivers
v0x155c4a330_0 .net *"_ivl_13", 0 0, L_0x155cc17c0;  1 drivers
v0x155c4a3c0_0 .net *"_ivl_130", 0 0, L_0x155cc4e40;  1 drivers
v0x155c4a470_0 .net *"_ivl_131", 0 0, L_0x155cc49c0;  1 drivers
v0x155c4a520_0 .net *"_ivl_134", 0 0, L_0x155cc4bf0;  1 drivers
v0x155c4a5d0_0 .net *"_ivl_135", 0 0, L_0x155cc4ff0;  1 drivers
v0x155c4a680_0 .net *"_ivl_138", 0 0, L_0x155cc51e0;  1 drivers
v0x155c4a730_0 .net *"_ivl_139", 0 0, L_0x155cc4d50;  1 drivers
v0x155c4a7e0_0 .net *"_ivl_15", 0 0, L_0x155cc18a0;  1 drivers
v0x155c4a890_0 .net *"_ivl_16", 0 0, L_0x155cc1960;  1 drivers
v0x155c4a940_0 .net *"_ivl_18", 0 0, L_0x155cc1a70;  1 drivers
v0x155c4a9f0_0 .net *"_ivl_23", 0 0, L_0x155cc1b90;  1 drivers
v0x155c4aaa0_0 .net *"_ivl_25", 0 0, L_0x155cc1c30;  1 drivers
v0x155c4ab50_0 .net *"_ivl_27", 0 0, L_0x155cc1d00;  1 drivers
v0x155c4ac00_0 .net *"_ivl_28", 0 0, L_0x155cc1e20;  1 drivers
v0x155c4acb0_0 .net *"_ivl_30", 0 0, L_0x155cc1ef0;  1 drivers
v0x155c4ad60_0 .net *"_ivl_33", 0 0, L_0x155cc2020;  1 drivers
v0x155c4a250_0 .net *"_ivl_35", 0 0, L_0x155cc2140;  1 drivers
v0x155c4aff0_0 .net *"_ivl_36", 0 0, L_0x155cc21e0;  1 drivers
v0x155c4b080_0 .net *"_ivl_39", 0 0, L_0x155cc22d0;  1 drivers
v0x155c4b120_0 .net *"_ivl_40", 0 0, L_0x155cc2400;  1 drivers
v0x155c4b1d0_0 .net *"_ivl_42", 0 0, L_0x155cc2500;  1 drivers
v0x155c4b280_0 .net *"_ivl_48", 0 0, L_0x155cc2740;  1 drivers
v0x155c4b330_0 .net *"_ivl_50", 0 0, L_0x155cc2840;  1 drivers
v0x155c4b3e0_0 .net *"_ivl_52", 0 0, L_0x155cc28e0;  1 drivers
v0x155c4b490_0 .net *"_ivl_53", 0 0, L_0x155cc29f0;  1 drivers
v0x155c4b540_0 .net *"_ivl_55", 0 0, L_0x155cc2b00;  1 drivers
v0x155c4b5f0_0 .net *"_ivl_58", 0 0, L_0x155cc2bb0;  1 drivers
v0x155c4b6a0_0 .net *"_ivl_60", 0 0, L_0x155cc2c50;  1 drivers
v0x155c4b750_0 .net *"_ivl_61", 0 0, L_0x155cc2980;  1 drivers
v0x155c4b800_0 .net *"_ivl_64", 0 0, L_0x155cc2ee0;  1 drivers
v0x155c4b8b0_0 .net *"_ivl_65", 0 0, L_0x155cc2f80;  1 drivers
v0x155c4b960_0 .net *"_ivl_67", 0 0, L_0x155cc3030;  1 drivers
v0x155c4ba10_0 .net *"_ivl_7", 0 0, L_0x155cc15f0;  1 drivers
v0x155c4bac0_0 .net *"_ivl_70", 0 0, L_0x155cc31a0;  1 drivers
v0x155c4bb70_0 .net *"_ivl_72", 0 0, L_0x155cc32d0;  1 drivers
v0x155c4bc20_0 .net *"_ivl_73", 0 0, L_0x155cc2e70;  1 drivers
v0x155c4bcd0_0 .net *"_ivl_76", 0 0, L_0x155cc33b0;  1 drivers
v0x155c4bd80_0 .net *"_ivl_77", 0 0, L_0x155cc34f0;  1 drivers
v0x155c4be30_0 .net *"_ivl_80", 0 0, L_0x155cc3610;  1 drivers
v0x155c4bee0_0 .net *"_ivl_81", 0 0, L_0x155cc36b0;  1 drivers
v0x155c4bf90_0 .net *"_ivl_83", 0 0, L_0x155cc3780;  1 drivers
v0x155c4c040_0 .net *"_ivl_86", 0 0, L_0x155cc3950;  1 drivers
v0x155c4c0f0_0 .net *"_ivl_88", 0 0, L_0x155cc3450;  1 drivers
v0x155c4c1a0_0 .net *"_ivl_90", 0 0, L_0x155cc3af0;  1 drivers
v0x155c4c250_0 .net *"_ivl_91", 0 0, L_0x155cc1da0;  1 drivers
v0x155c4c300_0 .net *"_ivl_93", 0 0, L_0x155cc3c90;  1 drivers
v0x155c4c3b0_0 .net *"_ivl_96", 0 0, L_0x155cc38b0;  1 drivers
v0x155c4c460_0 .net *"_ivl_98", 0 0, L_0x155cc3e30;  1 drivers
v0x155c4ae10_0 .net *"_ivl_99", 0 0, L_0x155cc3fa0;  1 drivers
v0x155c4aec0_0 .net "a", 3 0, L_0x155cc54b0;  1 drivers
v0x155c4c4f0_0 .net "b", 3 0, L_0x155cc5550;  1 drivers
v0x155c4c580_0 .net "c", 3 0, L_0x155cc25b0;  1 drivers
v0x155c4c610_0 .net "cin", 0 0, L_0x155cc0d50;  alias, 1 drivers
v0x155c4c6a0_0 .net "cout", 0 0, L_0x155cc4ee0;  alias, 1 drivers
v0x155c4c730_0 .net "sum", 3 0, L_0x155cc50e0;  1 drivers
L_0x155cc16e0 .part L_0x155cc14c0, 0, 1;
L_0x155cc17c0 .part L_0x155cc0fc0, 0, 1;
L_0x155cc18a0 .part L_0x155cc25b0, 0, 1;
L_0x155cc1b90 .part L_0x155cc14c0, 1, 1;
L_0x155cc1c30 .part L_0x155cc0fc0, 1, 1;
L_0x155cc1d00 .part L_0x155cc14c0, 0, 1;
L_0x155cc2020 .part L_0x155cc0fc0, 1, 1;
L_0x155cc2140 .part L_0x155cc0fc0, 0, 1;
L_0x155cc22d0 .part L_0x155cc25b0, 0, 1;
L_0x155cc25b0 .concat8 [ 1 1 1 1], L_0x155cc15f0, L_0x155cc1a70, L_0x155cc2500, L_0x155cc3780;
L_0x155cc2740 .part L_0x155cc14c0, 2, 1;
L_0x155cc2840 .part L_0x155cc0fc0, 2, 1;
L_0x155cc28e0 .part L_0x155cc14c0, 1, 1;
L_0x155cc2bb0 .part L_0x155cc0fc0, 2, 1;
L_0x155cc2c50 .part L_0x155cc0fc0, 1, 1;
L_0x155cc2ee0 .part L_0x155cc14c0, 0, 1;
L_0x155cc31a0 .part L_0x155cc0fc0, 2, 1;
L_0x155cc32d0 .part L_0x155cc0fc0, 1, 1;
L_0x155cc33b0 .part L_0x155cc0fc0, 0, 1;
L_0x155cc3610 .part L_0x155cc25b0, 0, 1;
L_0x155cc3950 .part L_0x155cc14c0, 3, 1;
L_0x155cc3450 .part L_0x155cc0fc0, 3, 1;
L_0x155cc3af0 .part L_0x155cc14c0, 2, 1;
L_0x155cc38b0 .part L_0x155cc0fc0, 3, 1;
L_0x155cc3e30 .part L_0x155cc0fc0, 2, 1;
L_0x155cc4030 .part L_0x155cc14c0, 1, 1;
L_0x155cc42f0 .part L_0x155cc0fc0, 3, 1;
L_0x155cc4470 .part L_0x155cc0fc0, 2, 1;
L_0x155cc2d30 .part L_0x155cc0fc0, 1, 1;
L_0x155cc4390 .part L_0x155cc14c0, 0, 1;
L_0x155cc4b10 .part L_0x155cc0fc0, 3, 1;
L_0x155cc4cb0 .part L_0x155cc0fc0, 2, 1;
L_0x155cc4e40 .part L_0x155cc0fc0, 1, 1;
L_0x155cc4bf0 .part L_0x155cc0fc0, 0, 1;
L_0x155cc51e0 .part L_0x155cc25b0, 0, 1;
S_0x155c4c7c0 .scope module, "n3" "cla_4" 7 16, 8 3 0, S_0x155c45c20;
 .timescale -9 -11;
    .port_info 0 /INPUT 4 "a";
    .port_info 1 /INPUT 4 "b";
    .port_info 2 /INPUT 1 "cin";
    .port_info 3 /OUTPUT 4 "sum";
    .port_info 4 /OUTPUT 1 "cout";
L_0x155cc55f0 .functor XOR 4, L_0x155cc9670, L_0x155cc9710, C4<0000>, C4<0000>;
L_0x155cc5660 .functor AND 4, L_0x155cc9670, L_0x155cc9710, C4<1111>, C4<1111>;
L_0x155cc5790 .functor BUFZ 1, L_0x155cc4ee0, C4<0>, C4<0>, C4<0>;
L_0x155cc5b00 .functor AND 1, L_0x155cc5960, L_0x155cc5a40, C4<1>, C4<1>;
L_0x155cc5c30 .functor OR 1, L_0x155cc5880, L_0x155cc5b00, C4<0>, C4<0>;
L_0x155cc5fe0 .functor AND 1, L_0x155cc5df0, L_0x155cc5ec0, C4<1>, C4<1>;
L_0x155cc60b0 .functor OR 1, L_0x155cc5d50, L_0x155cc5fe0, C4<0>, C4<0>;
L_0x155cc63a0 .functor AND 1, L_0x155cc61e0, L_0x155cc6300, C4<1>, C4<1>;
L_0x155cc65c0 .functor AND 1, L_0x155cc63a0, L_0x155cc6490, C4<1>, C4<1>;
L_0x155cc66c0 .functor OR 1, L_0x155cc60b0, L_0x155cc65c0, C4<0>, C4<0>;
L_0x155cc6bb0 .functor AND 1, L_0x155cc6a00, L_0x155cc6aa0, C4<1>, C4<1>;
L_0x155cc6cc0 .functor OR 1, L_0x155cc6900, L_0x155cc6bb0, C4<0>, C4<0>;
L_0x155cc6b40 .functor AND 1, L_0x155cc6d70, L_0x155cc6e10, C4<1>, C4<1>;
L_0x155cc7140 .functor AND 1, L_0x155cc6b40, L_0x155cc70a0, C4<1>, C4<1>;
L_0x155cc71f0 .functor OR 1, L_0x155cc6cc0, L_0x155cc7140, C4<0>, C4<0>;
L_0x155cc7030 .functor AND 1, L_0x155cc7360, L_0x155cc7490, C4<1>, C4<1>;
L_0x155cc76b0 .functor AND 1, L_0x155cc7030, L_0x155cc7570, C4<1>, C4<1>;
L_0x155cc7870 .functor AND 1, L_0x155cc76b0, L_0x155cc77d0, C4<1>, C4<1>;
L_0x155cc7940 .functor OR 1, L_0x155cc71f0, L_0x155cc7870, C4<0>, C4<0>;
L_0x155cc5f60 .functor AND 1, L_0x155cc7610, L_0x155cc7cb0, C4<1>, C4<1>;
L_0x155cc7e50 .functor OR 1, L_0x155cc7b10, L_0x155cc5f60, C4<0>, C4<0>;
L_0x155cc8160 .functor AND 1, L_0x155cc7a70, L_0x155cc7ff0, C4<1>, C4<1>;
L_0x155cc8290 .functor AND 1, L_0x155cc8160, L_0x155cc81f0, C4<1>, C4<1>;
L_0x155cc8440 .functor OR 1, L_0x155cc7e50, L_0x155cc8290, C4<0>, C4<0>;
L_0x155cc8090 .functor AND 1, L_0x155cc84b0, L_0x155cc8630, C4<1>, C4<1>;
L_0x155cc8380 .functor AND 1, L_0x155cc8090, L_0x155cc6ef0, C4<1>, C4<1>;
L_0x155cc8a90 .functor AND 1, L_0x155cc8380, L_0x155cc8550, C4<1>, C4<1>;
L_0x155cc8c60 .functor OR 1, L_0x155cc8440, L_0x155cc8a90, C4<0>, C4<0>;
L_0x155cc8950 .functor AND 1, L_0x155cc8cd0, L_0x155cc8e70, C4<1>, C4<1>;
L_0x155cc8b80 .functor AND 1, L_0x155cc8950, L_0x155cc9000, C4<1>, C4<1>;
L_0x155cc91b0 .functor AND 1, L_0x155cc8b80, L_0x155cc8db0, C4<1>, C4<1>;
L_0x155cc8f10 .functor AND 1, L_0x155cc91b0, L_0x155cc93a0, C4<1>, C4<1>;
L_0x155cc90a0 .functor OR 1, L_0x155cc8c60, L_0x155cc8f10, C4<0>, C4<0>;
L_0x155cc92a0 .functor XOR 4, L_0x155cc55f0, L_0x155cc6770, C4<0000>, C4<0000>;
v0x155c4ca20_0 .net "G", 3 0, L_0x155cc5660;  1 drivers
v0x155c4cad0_0 .net "P", 3 0, L_0x155cc55f0;  1 drivers
v0x155c4cb80_0 .net *"_ivl_102", 0 0, L_0x155cc81f0;  1 drivers
v0x155c4cc40_0 .net *"_ivl_103", 0 0, L_0x155cc8290;  1 drivers
v0x155c4ccf0_0 .net *"_ivl_105", 0 0, L_0x155cc8440;  1 drivers
v0x155c4cde0_0 .net *"_ivl_108", 0 0, L_0x155cc84b0;  1 drivers
v0x155c4ce90_0 .net *"_ivl_11", 0 0, L_0x155cc5880;  1 drivers
v0x155c4cf40_0 .net *"_ivl_110", 0 0, L_0x155cc8630;  1 drivers
v0x155c4cff0_0 .net *"_ivl_111", 0 0, L_0x155cc8090;  1 drivers
v0x155c4d100_0 .net *"_ivl_114", 0 0, L_0x155cc6ef0;  1 drivers
v0x155c4d1b0_0 .net *"_ivl_115", 0 0, L_0x155cc8380;  1 drivers
v0x155c4d260_0 .net *"_ivl_118", 0 0, L_0x155cc8550;  1 drivers
v0x155c4d310_0 .net *"_ivl_119", 0 0, L_0x155cc8a90;  1 drivers
v0x155c4d3c0_0 .net *"_ivl_121", 0 0, L_0x155cc8c60;  1 drivers
v0x155c4d470_0 .net *"_ivl_124", 0 0, L_0x155cc8cd0;  1 drivers
v0x155c4d520_0 .net *"_ivl_126", 0 0, L_0x155cc8e70;  1 drivers
v0x155c4d5d0_0 .net *"_ivl_127", 0 0, L_0x155cc8950;  1 drivers
v0x155c4d760_0 .net *"_ivl_13", 0 0, L_0x155cc5960;  1 drivers
v0x155c4d7f0_0 .net *"_ivl_130", 0 0, L_0x155cc9000;  1 drivers
v0x155c4d8a0_0 .net *"_ivl_131", 0 0, L_0x155cc8b80;  1 drivers
v0x155c4d950_0 .net *"_ivl_134", 0 0, L_0x155cc8db0;  1 drivers
v0x155c4da00_0 .net *"_ivl_135", 0 0, L_0x155cc91b0;  1 drivers
v0x155c4dab0_0 .net *"_ivl_138", 0 0, L_0x155cc93a0;  1 drivers
v0x155c4db60_0 .net *"_ivl_139", 0 0, L_0x155cc8f10;  1 drivers
v0x155c4dc10_0 .net *"_ivl_15", 0 0, L_0x155cc5a40;  1 drivers
v0x155c4dcc0_0 .net *"_ivl_16", 0 0, L_0x155cc5b00;  1 drivers
v0x155c4dd70_0 .net *"_ivl_18", 0 0, L_0x155cc5c30;  1 drivers
v0x155c4de20_0 .net *"_ivl_23", 0 0, L_0x155cc5d50;  1 drivers
v0x155c4ded0_0 .net *"_ivl_25", 0 0, L_0x155cc5df0;  1 drivers
v0x155c4df80_0 .net *"_ivl_27", 0 0, L_0x155cc5ec0;  1 drivers
v0x155c4e030_0 .net *"_ivl_28", 0 0, L_0x155cc5fe0;  1 drivers
v0x155c4e0e0_0 .net *"_ivl_30", 0 0, L_0x155cc60b0;  1 drivers
v0x155c4e190_0 .net *"_ivl_33", 0 0, L_0x155cc61e0;  1 drivers
v0x155c4d680_0 .net *"_ivl_35", 0 0, L_0x155cc6300;  1 drivers
v0x155c4e420_0 .net *"_ivl_36", 0 0, L_0x155cc63a0;  1 drivers
v0x155c4e4b0_0 .net *"_ivl_39", 0 0, L_0x155cc6490;  1 drivers
v0x155c4e550_0 .net *"_ivl_40", 0 0, L_0x155cc65c0;  1 drivers
v0x155c4e600_0 .net *"_ivl_42", 0 0, L_0x155cc66c0;  1 drivers
v0x155c4e6b0_0 .net *"_ivl_48", 0 0, L_0x155cc6900;  1 drivers
v0x155c4e760_0 .net *"_ivl_50", 0 0, L_0x155cc6a00;  1 drivers
v0x155c4e810_0 .net *"_ivl_52", 0 0, L_0x155cc6aa0;  1 drivers
v0x155c4e8c0_0 .net *"_ivl_53", 0 0, L_0x155cc6bb0;  1 drivers
v0x155c4e970_0 .net *"_ivl_55", 0 0, L_0x155cc6cc0;  1 drivers
v0x155c4ea20_0 .net *"_ivl_58", 0 0, L_0x155cc6d70;  1 drivers
v0x155c4ead0_0 .net *"_ivl_60", 0 0, L_0x155cc6e10;  1 drivers
v0x155c4eb80_0 .net *"_ivl_61", 0 0, L_0x155cc6b40;  1 drivers
v0x155c4ec30_0 .net *"_ivl_64", 0 0, L_0x155cc70a0;  1 drivers
v0x155c4ece0_0 .net *"_ivl_65", 0 0, L_0x155cc7140;  1 drivers
v0x155c4ed90_0 .net *"_ivl_67", 0 0, L_0x155cc71f0;  1 drivers
v0x155c4ee40_0 .net *"_ivl_7", 0 0, L_0x155cc5790;  1 drivers
v0x155c4eef0_0 .net *"_ivl_70", 0 0, L_0x155cc7360;  1 drivers
v0x155c4efa0_0 .net *"_ivl_72", 0 0, L_0x155cc7490;  1 drivers
v0x155c4f050_0 .net *"_ivl_73", 0 0, L_0x155cc7030;  1 drivers
v0x155c4f100_0 .net *"_ivl_76", 0 0, L_0x155cc7570;  1 drivers
v0x155c4f1b0_0 .net *"_ivl_77", 0 0, L_0x155cc76b0;  1 drivers
v0x155c4f260_0 .net *"_ivl_80", 0 0, L_0x155cc77d0;  1 drivers
v0x155c4f310_0 .net *"_ivl_81", 0 0, L_0x155cc7870;  1 drivers
v0x155c4f3c0_0 .net *"_ivl_83", 0 0, L_0x155cc7940;  1 drivers
v0x155c4f470_0 .net *"_ivl_86", 0 0, L_0x155cc7b10;  1 drivers
v0x155c4f520_0 .net *"_ivl_88", 0 0, L_0x155cc7610;  1 drivers
v0x155c4f5d0_0 .net *"_ivl_90", 0 0, L_0x155cc7cb0;  1 drivers
v0x155c4f680_0 .net *"_ivl_91", 0 0, L_0x155cc5f60;  1 drivers
v0x155c4f730_0 .net *"_ivl_93", 0 0, L_0x155cc7e50;  1 drivers
v0x155c4f7e0_0 .net *"_ivl_96", 0 0, L_0x155cc7a70;  1 drivers
v0x155c4f890_0 .net *"_ivl_98", 0 0, L_0x155cc7ff0;  1 drivers
v0x155c4e240_0 .net *"_ivl_99", 0 0, L_0x155cc8160;  1 drivers
v0x155c4e2f0_0 .net "a", 3 0, L_0x155cc9670;  1 drivers
v0x155c4f920_0 .net "b", 3 0, L_0x155cc9710;  1 drivers
v0x155c4f9b0_0 .net "c", 3 0, L_0x155cc6770;  1 drivers
v0x155c4fa40_0 .net "cin", 0 0, L_0x155cc4ee0;  alias, 1 drivers
v0x155c4fad0_0 .net "cout", 0 0, L_0x155cc90a0;  alias, 1 drivers
v0x155c4fb60_0 .net "sum", 3 0, L_0x155cc92a0;  1 drivers
L_0x155cc5880 .part L_0x155cc5660, 0, 1;
L_0x155cc5960 .part L_0x155cc55f0, 0, 1;
L_0x155cc5a40 .part L_0x155cc6770, 0, 1;
L_0x155cc5d50 .part L_0x155cc5660, 1, 1;
L_0x155cc5df0 .part L_0x155cc55f0, 1, 1;
L_0x155cc5ec0 .part L_0x155cc5660, 0, 1;
L_0x155cc61e0 .part L_0x155cc55f0, 1, 1;
L_0x155cc6300 .part L_0x155cc55f0, 0, 1;
L_0x155cc6490 .part L_0x155cc6770, 0, 1;
L_0x155cc6770 .concat8 [ 1 1 1 1], L_0x155cc5790, L_0x155cc5c30, L_0x155cc66c0, L_0x155cc7940;
L_0x155cc6900 .part L_0x155cc5660, 2, 1;
L_0x155cc6a00 .part L_0x155cc55f0, 2, 1;
L_0x155cc6aa0 .part L_0x155cc5660, 1, 1;
L_0x155cc6d70 .part L_0x155cc55f0, 2, 1;
L_0x155cc6e10 .part L_0x155cc55f0, 1, 1;
L_0x155cc70a0 .part L_0x155cc5660, 0, 1;
L_0x155cc7360 .part L_0x155cc55f0, 2, 1;
L_0x155cc7490 .part L_0x155cc55f0, 1, 1;
L_0x155cc7570 .part L_0x155cc55f0, 0, 1;
L_0x155cc77d0 .part L_0x155cc6770, 0, 1;
L_0x155cc7b10 .part L_0x155cc5660, 3, 1;
L_0x155cc7610 .part L_0x155cc55f0, 3, 1;
L_0x155cc7cb0 .part L_0x155cc5660, 2, 1;
L_0x155cc7a70 .part L_0x155cc55f0, 3, 1;
L_0x155cc7ff0 .part L_0x155cc55f0, 2, 1;
L_0x155cc81f0 .part L_0x155cc5660, 1, 1;
L_0x155cc84b0 .part L_0x155cc55f0, 3, 1;
L_0x155cc8630 .part L_0x155cc55f0, 2, 1;
L_0x155cc6ef0 .part L_0x155cc55f0, 1, 1;
L_0x155cc8550 .part L_0x155cc5660, 0, 1;
L_0x155cc8cd0 .part L_0x155cc55f0, 3, 1;
L_0x155cc8e70 .part L_0x155cc55f0, 2, 1;
L_0x155cc9000 .part L_0x155cc55f0, 1, 1;
L_0x155cc8db0 .part L_0x155cc55f0, 0, 1;
L_0x155cc93a0 .part L_0x155cc6770, 0, 1;
S_0x155c4fbf0 .scope module, "n4" "cla_4" 7 17, 8 3 0, S_0x155c45c20;
 .timescale -9 -11;
    .port_info 0 /INPUT 4 "a";
    .port_info 1 /INPUT 4 "b";
    .port_info 2 /INPUT 1 "cin";
    .port_info 3 /OUTPUT 4 "sum";
    .port_info 4 /OUTPUT 1 "cout";
L_0x155cc97b0 .functor XOR 4, L_0x155ccd7f0, L_0x155ccd890, C4<0000>, C4<0000>;
L_0x155cc9820 .functor AND 4, L_0x155ccd7f0, L_0x155ccd890, C4<1111>, C4<1111>;
L_0x155cc9910 .functor BUFZ 1, L_0x155cc90a0, C4<0>, C4<0>, C4<0>;
L_0x155cc9c80 .functor AND 1, L_0x155cc9ae0, L_0x155cc9bc0, C4<1>, C4<1>;
L_0x155cc9db0 .functor OR 1, L_0x155cc9a00, L_0x155cc9c80, C4<0>, C4<0>;
L_0x155cca160 .functor AND 1, L_0x155cc9f70, L_0x155cca040, C4<1>, C4<1>;
L_0x155cca230 .functor OR 1, L_0x155cc9ed0, L_0x155cca160, C4<0>, C4<0>;
L_0x155cca520 .functor AND 1, L_0x155cca360, L_0x155cca480, C4<1>, C4<1>;
L_0x155cca740 .functor AND 1, L_0x155cca520, L_0x155cca610, C4<1>, C4<1>;
L_0x155cca840 .functor OR 1, L_0x155cca230, L_0x155cca740, C4<0>, C4<0>;
L_0x155ccad30 .functor AND 1, L_0x155ccab80, L_0x155ccac20, C4<1>, C4<1>;
L_0x155ccae40 .functor OR 1, L_0x155ccaa80, L_0x155ccad30, C4<0>, C4<0>;
L_0x155ccacc0 .functor AND 1, L_0x155ccaef0, L_0x155ccaf90, C4<1>, C4<1>;
L_0x155ccb2c0 .functor AND 1, L_0x155ccacc0, L_0x155ccb220, C4<1>, C4<1>;
L_0x155ccb370 .functor OR 1, L_0x155ccae40, L_0x155ccb2c0, C4<0>, C4<0>;
L_0x155ccb1b0 .functor AND 1, L_0x155ccb4e0, L_0x155ccb610, C4<1>, C4<1>;
L_0x155ccb830 .functor AND 1, L_0x155ccb1b0, L_0x155ccb6f0, C4<1>, C4<1>;
L_0x155ccb9f0 .functor AND 1, L_0x155ccb830, L_0x155ccb950, C4<1>, C4<1>;
L_0x155ccbac0 .functor OR 1, L_0x155ccb370, L_0x155ccb9f0, C4<0>, C4<0>;
L_0x155cca0e0 .functor AND 1, L_0x155ccb790, L_0x155ccbe30, C4<1>, C4<1>;
L_0x155ccbfd0 .functor OR 1, L_0x155ccbc90, L_0x155cca0e0, C4<0>, C4<0>;
L_0x155ccc2e0 .functor AND 1, L_0x155ccbbf0, L_0x155ccc170, C4<1>, C4<1>;
L_0x155ccc410 .functor AND 1, L_0x155ccc2e0, L_0x155ccc370, C4<1>, C4<1>;
L_0x155ccc5c0 .functor OR 1, L_0x155ccbfd0, L_0x155ccc410, C4<0>, C4<0>;
L_0x155ccc210 .functor AND 1, L_0x155ccc630, L_0x155ccc7b0, C4<1>, C4<1>;
L_0x155ccc500 .functor AND 1, L_0x155ccc210, L_0x155ccb070, C4<1>, C4<1>;
L_0x155cccc10 .functor AND 1, L_0x155ccc500, L_0x155ccc6d0, C4<1>, C4<1>;
L_0x155cccde0 .functor OR 1, L_0x155ccc5c0, L_0x155cccc10, C4<0>, C4<0>;
L_0x155cccad0 .functor AND 1, L_0x155ccce50, L_0x155cccff0, C4<1>, C4<1>;
L_0x155cccd00 .functor AND 1, L_0x155cccad0, L_0x155ccd180, C4<1>, C4<1>;
L_0x155ccd330 .functor AND 1, L_0x155cccd00, L_0x155cccf30, C4<1>, C4<1>;
L_0x155ccd090 .functor AND 1, L_0x155ccd330, L_0x155ccd520, C4<1>, C4<1>;
L_0x155ccd220 .functor OR 1, L_0x155cccde0, L_0x155ccd090, C4<0>, C4<0>;
L_0x155ccd420 .functor XOR 4, L_0x155cc97b0, L_0x155cca8f0, C4<0000>, C4<0000>;
v0x155c4fe30_0 .net "G", 3 0, L_0x155cc9820;  1 drivers
v0x155c4fef0_0 .net "P", 3 0, L_0x155cc97b0;  1 drivers
v0x155c4ffa0_0 .net *"_ivl_102", 0 0, L_0x155ccc370;  1 drivers
v0x155c50060_0 .net *"_ivl_103", 0 0, L_0x155ccc410;  1 drivers
v0x155c50110_0 .net *"_ivl_105", 0 0, L_0x155ccc5c0;  1 drivers
v0x155c50200_0 .net *"_ivl_108", 0 0, L_0x155ccc630;  1 drivers
v0x155c502b0_0 .net *"_ivl_11", 0 0, L_0x155cc9a00;  1 drivers
v0x155c50360_0 .net *"_ivl_110", 0 0, L_0x155ccc7b0;  1 drivers
v0x155c50410_0 .net *"_ivl_111", 0 0, L_0x155ccc210;  1 drivers
v0x155c50520_0 .net *"_ivl_114", 0 0, L_0x155ccb070;  1 drivers
v0x155c505d0_0 .net *"_ivl_115", 0 0, L_0x155ccc500;  1 drivers
v0x155c50680_0 .net *"_ivl_118", 0 0, L_0x155ccc6d0;  1 drivers
v0x155c50730_0 .net *"_ivl_119", 0 0, L_0x155cccc10;  1 drivers
v0x155c507e0_0 .net *"_ivl_121", 0 0, L_0x155cccde0;  1 drivers
v0x155c50890_0 .net *"_ivl_124", 0 0, L_0x155ccce50;  1 drivers
v0x155c50940_0 .net *"_ivl_126", 0 0, L_0x155cccff0;  1 drivers
v0x155c509f0_0 .net *"_ivl_127", 0 0, L_0x155cccad0;  1 drivers
v0x155c50b80_0 .net *"_ivl_13", 0 0, L_0x155cc9ae0;  1 drivers
v0x155c50c10_0 .net *"_ivl_130", 0 0, L_0x155ccd180;  1 drivers
v0x155c50cc0_0 .net *"_ivl_131", 0 0, L_0x155cccd00;  1 drivers
v0x155c50d70_0 .net *"_ivl_134", 0 0, L_0x155cccf30;  1 drivers
v0x155c50e20_0 .net *"_ivl_135", 0 0, L_0x155ccd330;  1 drivers
v0x155c50ed0_0 .net *"_ivl_138", 0 0, L_0x155ccd520;  1 drivers
v0x155c50f80_0 .net *"_ivl_139", 0 0, L_0x155ccd090;  1 drivers
v0x155c51030_0 .net *"_ivl_15", 0 0, L_0x155cc9bc0;  1 drivers
v0x155c510e0_0 .net *"_ivl_16", 0 0, L_0x155cc9c80;  1 drivers
v0x155c51190_0 .net *"_ivl_18", 0 0, L_0x155cc9db0;  1 drivers
v0x155c51240_0 .net *"_ivl_23", 0 0, L_0x155cc9ed0;  1 drivers
v0x155c512f0_0 .net *"_ivl_25", 0 0, L_0x155cc9f70;  1 drivers
v0x155c513a0_0 .net *"_ivl_27", 0 0, L_0x155cca040;  1 drivers
v0x155c51450_0 .net *"_ivl_28", 0 0, L_0x155cca160;  1 drivers
v0x155c51500_0 .net *"_ivl_30", 0 0, L_0x155cca230;  1 drivers
v0x155c515b0_0 .net *"_ivl_33", 0 0, L_0x155cca360;  1 drivers
v0x155c50aa0_0 .net *"_ivl_35", 0 0, L_0x155cca480;  1 drivers
v0x155c51840_0 .net *"_ivl_36", 0 0, L_0x155cca520;  1 drivers
v0x155c518d0_0 .net *"_ivl_39", 0 0, L_0x155cca610;  1 drivers
v0x155c51970_0 .net *"_ivl_40", 0 0, L_0x155cca740;  1 drivers
v0x155c51a20_0 .net *"_ivl_42", 0 0, L_0x155cca840;  1 drivers
v0x155c51ad0_0 .net *"_ivl_48", 0 0, L_0x155ccaa80;  1 drivers
v0x155c51b80_0 .net *"_ivl_50", 0 0, L_0x155ccab80;  1 drivers
v0x155c51c30_0 .net *"_ivl_52", 0 0, L_0x155ccac20;  1 drivers
v0x155c51ce0_0 .net *"_ivl_53", 0 0, L_0x155ccad30;  1 drivers
v0x155c51d90_0 .net *"_ivl_55", 0 0, L_0x155ccae40;  1 drivers
v0x155c51e40_0 .net *"_ivl_58", 0 0, L_0x155ccaef0;  1 drivers
v0x155c51ef0_0 .net *"_ivl_60", 0 0, L_0x155ccaf90;  1 drivers
v0x155c51fa0_0 .net *"_ivl_61", 0 0, L_0x155ccacc0;  1 drivers
v0x155c52050_0 .net *"_ivl_64", 0 0, L_0x155ccb220;  1 drivers
v0x155c52100_0 .net *"_ivl_65", 0 0, L_0x155ccb2c0;  1 drivers
v0x155c521b0_0 .net *"_ivl_67", 0 0, L_0x155ccb370;  1 drivers
v0x155c52260_0 .net *"_ivl_7", 0 0, L_0x155cc9910;  1 drivers
v0x155c52310_0 .net *"_ivl_70", 0 0, L_0x155ccb4e0;  1 drivers
v0x155c523c0_0 .net *"_ivl_72", 0 0, L_0x155ccb610;  1 drivers
v0x155c52470_0 .net *"_ivl_73", 0 0, L_0x155ccb1b0;  1 drivers
v0x155c52520_0 .net *"_ivl_76", 0 0, L_0x155ccb6f0;  1 drivers
v0x155c525d0_0 .net *"_ivl_77", 0 0, L_0x155ccb830;  1 drivers
v0x155c52680_0 .net *"_ivl_80", 0 0, L_0x155ccb950;  1 drivers
v0x155c52730_0 .net *"_ivl_81", 0 0, L_0x155ccb9f0;  1 drivers
v0x155c527e0_0 .net *"_ivl_83", 0 0, L_0x155ccbac0;  1 drivers
v0x155c52890_0 .net *"_ivl_86", 0 0, L_0x155ccbc90;  1 drivers
v0x155c52940_0 .net *"_ivl_88", 0 0, L_0x155ccb790;  1 drivers
v0x155c529f0_0 .net *"_ivl_90", 0 0, L_0x155ccbe30;  1 drivers
v0x155c52aa0_0 .net *"_ivl_91", 0 0, L_0x155cca0e0;  1 drivers
v0x155c52b50_0 .net *"_ivl_93", 0 0, L_0x155ccbfd0;  1 drivers
v0x155c52c00_0 .net *"_ivl_96", 0 0, L_0x155ccbbf0;  1 drivers
v0x155c52cb0_0 .net *"_ivl_98", 0 0, L_0x155ccc170;  1 drivers
v0x155c51660_0 .net *"_ivl_99", 0 0, L_0x155ccc2e0;  1 drivers
v0x155c51710_0 .net "a", 3 0, L_0x155ccd7f0;  1 drivers
v0x155c52d40_0 .net "b", 3 0, L_0x155ccd890;  1 drivers
v0x155c52dd0_0 .net "c", 3 0, L_0x155cca8f0;  1 drivers
v0x155c52e60_0 .net "cin", 0 0, L_0x155cc90a0;  alias, 1 drivers
v0x155c52ef0_0 .net "cout", 0 0, L_0x155ccd220;  alias, 1 drivers
v0x155c52f80_0 .net "sum", 3 0, L_0x155ccd420;  1 drivers
L_0x155cc9a00 .part L_0x155cc9820, 0, 1;
L_0x155cc9ae0 .part L_0x155cc97b0, 0, 1;
L_0x155cc9bc0 .part L_0x155cca8f0, 0, 1;
L_0x155cc9ed0 .part L_0x155cc9820, 1, 1;
L_0x155cc9f70 .part L_0x155cc97b0, 1, 1;
L_0x155cca040 .part L_0x155cc9820, 0, 1;
L_0x155cca360 .part L_0x155cc97b0, 1, 1;
L_0x155cca480 .part L_0x155cc97b0, 0, 1;
L_0x155cca610 .part L_0x155cca8f0, 0, 1;
L_0x155cca8f0 .concat8 [ 1 1 1 1], L_0x155cc9910, L_0x155cc9db0, L_0x155cca840, L_0x155ccbac0;
L_0x155ccaa80 .part L_0x155cc9820, 2, 1;
L_0x155ccab80 .part L_0x155cc97b0, 2, 1;
L_0x155ccac20 .part L_0x155cc9820, 1, 1;
L_0x155ccaef0 .part L_0x155cc97b0, 2, 1;
L_0x155ccaf90 .part L_0x155cc97b0, 1, 1;
L_0x155ccb220 .part L_0x155cc9820, 0, 1;
L_0x155ccb4e0 .part L_0x155cc97b0, 2, 1;
L_0x155ccb610 .part L_0x155cc97b0, 1, 1;
L_0x155ccb6f0 .part L_0x155cc97b0, 0, 1;
L_0x155ccb950 .part L_0x155cca8f0, 0, 1;
L_0x155ccbc90 .part L_0x155cc9820, 3, 1;
L_0x155ccb790 .part L_0x155cc97b0, 3, 1;
L_0x155ccbe30 .part L_0x155cc9820, 2, 1;
L_0x155ccbbf0 .part L_0x155cc97b0, 3, 1;
L_0x155ccc170 .part L_0x155cc97b0, 2, 1;
L_0x155ccc370 .part L_0x155cc9820, 1, 1;
L_0x155ccc630 .part L_0x155cc97b0, 3, 1;
L_0x155ccc7b0 .part L_0x155cc97b0, 2, 1;
L_0x155ccb070 .part L_0x155cc97b0, 1, 1;
L_0x155ccc6d0 .part L_0x155cc9820, 0, 1;
L_0x155ccce50 .part L_0x155cc97b0, 3, 1;
L_0x155cccff0 .part L_0x155cc97b0, 2, 1;
L_0x155ccd180 .part L_0x155cc97b0, 1, 1;
L_0x155cccf30 .part L_0x155cc97b0, 0, 1;
L_0x155ccd520 .part L_0x155cca8f0, 0, 1;
S_0x155c53600 .scope module, "n2" "cla16" 7 33, 7 4 0, S_0x155c45930;
 .timescale -9 -11;
    .port_info 0 /INPUT 16 "d1";
    .port_info 1 /INPUT 16 "d2";
    .port_info 2 /INPUT 1 "cin";
    .port_info 3 /OUTPUT 16 "sum";
    .port_info 4 /OUTPUT 1 "cout";
P_0x155c537d0 .param/l "DATA_WIDTH" 0 7 4, +C4<00000000000000000000000000100000>;
v0x155c609c0_0 .net "c1", 0 0, L_0x155cd16d0;  1 drivers
v0x155c60a90_0 .net "c2", 0 0, L_0x155cd5880;  1 drivers
v0x155c60b60_0 .net "c3", 0 0, L_0x155cd9a40;  1 drivers
v0x155c60c30_0 .net "cin", 0 0, L_0x155ccd220;  alias, 1 drivers
v0x155c60cc0_0 .net8 "cout", 0 0, RS_0x14800f630;  alias, 3 drivers
v0x155c60e10_0 .net "d1", 15 0, L_0x155cde4e0;  1 drivers
v0x155c60ea0_0 .net "d2", 15 0, L_0x155cde580;  1 drivers
v0x155c60f30_0 .net "sum", 15 0, L_0x155cde330;  1 drivers
L_0x155cd1ca0 .part L_0x155cde4e0, 0, 4;
L_0x155cd1d40 .part L_0x155cde580, 0, 4;
L_0x155cd5e50 .part L_0x155cde4e0, 4, 4;
L_0x155cd5ef0 .part L_0x155cde580, 4, 4;
L_0x155cda010 .part L_0x155cde4e0, 8, 4;
L_0x155cda0b0 .part L_0x155cde580, 8, 4;
L_0x155cde170 .part L_0x155cde4e0, 12, 4;
L_0x155cde210 .part L_0x155cde580, 12, 4;
L_0x155cde330 .concat8 [ 4 4 4 4], L_0x155cd18d0, L_0x155cd5a80, L_0x155cd9c40, L_0x155cddda0;
S_0x155c53900 .scope module, "n1" "cla_4" 7 14, 8 3 0, S_0x155c53600;
 .timescale -9 -11;
    .port_info 0 /INPUT 4 "a";
    .port_info 1 /INPUT 4 "b";
    .port_info 2 /INPUT 1 "cin";
    .port_info 3 /OUTPUT 4 "sum";
    .port_info 4 /OUTPUT 1 "cout";
L_0x155ccdca0 .functor XOR 4, L_0x155cd1ca0, L_0x155cd1d40, C4<0000>, C4<0000>;
L_0x155ccdd10 .functor AND 4, L_0x155cd1ca0, L_0x155cd1d40, C4<1111>, C4<1111>;
L_0x155ccde00 .functor BUFZ 1, L_0x155ccd220, C4<0>, C4<0>, C4<0>;
L_0x155cce130 .functor AND 1, L_0x155ccdf70, L_0x155cce050, C4<1>, C4<1>;
L_0x155cce260 .functor OR 1, L_0x155ccde70, L_0x155cce130, C4<0>, C4<0>;
L_0x155cce610 .functor AND 1, L_0x155cce420, L_0x155cce4f0, C4<1>, C4<1>;
L_0x155cce6e0 .functor OR 1, L_0x155cce380, L_0x155cce610, C4<0>, C4<0>;
L_0x155cce9d0 .functor AND 1, L_0x155cce810, L_0x155cce930, C4<1>, C4<1>;
L_0x155ccebf0 .functor AND 1, L_0x155cce9d0, L_0x155cceac0, C4<1>, C4<1>;
L_0x155ccecf0 .functor OR 1, L_0x155cce6e0, L_0x155ccebf0, C4<0>, C4<0>;
L_0x155ccf1e0 .functor AND 1, L_0x155ccf030, L_0x155ccf0d0, C4<1>, C4<1>;
L_0x155ccf2f0 .functor OR 1, L_0x155ccef30, L_0x155ccf1e0, C4<0>, C4<0>;
L_0x155ccf170 .functor AND 1, L_0x155ccf3a0, L_0x155ccf440, C4<1>, C4<1>;
L_0x155ccf770 .functor AND 1, L_0x155ccf170, L_0x155ccf6d0, C4<1>, C4<1>;
L_0x155ccf820 .functor OR 1, L_0x155ccf2f0, L_0x155ccf770, C4<0>, C4<0>;
L_0x155ccf660 .functor AND 1, L_0x155ccf990, L_0x155ccfac0, C4<1>, C4<1>;
L_0x155ccfce0 .functor AND 1, L_0x155ccf660, L_0x155ccfba0, C4<1>, C4<1>;
L_0x155ccfea0 .functor AND 1, L_0x155ccfce0, L_0x155ccfe00, C4<1>, C4<1>;
L_0x155ccff70 .functor OR 1, L_0x155ccf820, L_0x155ccfea0, C4<0>, C4<0>;
L_0x155cce590 .functor AND 1, L_0x155ccfc40, L_0x155cd02e0, C4<1>, C4<1>;
L_0x155cd0480 .functor OR 1, L_0x155cd0140, L_0x155cce590, C4<0>, C4<0>;
L_0x155cd0790 .functor AND 1, L_0x155cd00a0, L_0x155cd0620, C4<1>, C4<1>;
L_0x155cd08c0 .functor AND 1, L_0x155cd0790, L_0x155cd0820, C4<1>, C4<1>;
L_0x155cd0a70 .functor OR 1, L_0x155cd0480, L_0x155cd08c0, C4<0>, C4<0>;
L_0x155cd06c0 .functor AND 1, L_0x155cd0ae0, L_0x155cd0c60, C4<1>, C4<1>;
L_0x155cd09b0 .functor AND 1, L_0x155cd06c0, L_0x155ccf520, C4<1>, C4<1>;
L_0x155cd10c0 .functor AND 1, L_0x155cd09b0, L_0x155cd0b80, C4<1>, C4<1>;
L_0x155cd1290 .functor OR 1, L_0x155cd0a70, L_0x155cd10c0, C4<0>, C4<0>;
L_0x155cd0f80 .functor AND 1, L_0x155cd1300, L_0x155cd14a0, C4<1>, C4<1>;
L_0x155cd11b0 .functor AND 1, L_0x155cd0f80, L_0x155cd1630, C4<1>, C4<1>;
L_0x155cd17e0 .functor AND 1, L_0x155cd11b0, L_0x155cd13e0, C4<1>, C4<1>;
L_0x155cd1540 .functor AND 1, L_0x155cd17e0, L_0x155cd19d0, C4<1>, C4<1>;
L_0x155cd16d0 .functor OR 1, L_0x155cd1290, L_0x155cd1540, C4<0>, C4<0>;
L_0x155cd18d0 .functor XOR 4, L_0x155ccdca0, L_0x155cceda0, C4<0000>, C4<0000>;
v0x155c53b70_0 .net "G", 3 0, L_0x155ccdd10;  1 drivers
v0x155c53c20_0 .net "P", 3 0, L_0x155ccdca0;  1 drivers
v0x155c53cd0_0 .net *"_ivl_102", 0 0, L_0x155cd0820;  1 drivers
v0x155c53d90_0 .net *"_ivl_103", 0 0, L_0x155cd08c0;  1 drivers
v0x155c53e40_0 .net *"_ivl_105", 0 0, L_0x155cd0a70;  1 drivers
v0x155c53f30_0 .net *"_ivl_108", 0 0, L_0x155cd0ae0;  1 drivers
v0x155c53fe0_0 .net *"_ivl_11", 0 0, L_0x155ccde70;  1 drivers
v0x155c54090_0 .net *"_ivl_110", 0 0, L_0x155cd0c60;  1 drivers
v0x155c54140_0 .net *"_ivl_111", 0 0, L_0x155cd06c0;  1 drivers
v0x155c54250_0 .net *"_ivl_114", 0 0, L_0x155ccf520;  1 drivers
v0x155c54300_0 .net *"_ivl_115", 0 0, L_0x155cd09b0;  1 drivers
v0x155c543b0_0 .net *"_ivl_118", 0 0, L_0x155cd0b80;  1 drivers
v0x155c54460_0 .net *"_ivl_119", 0 0, L_0x155cd10c0;  1 drivers
v0x155c54510_0 .net *"_ivl_121", 0 0, L_0x155cd1290;  1 drivers
v0x155c545c0_0 .net *"_ivl_124", 0 0, L_0x155cd1300;  1 drivers
v0x155c54670_0 .net *"_ivl_126", 0 0, L_0x155cd14a0;  1 drivers
v0x155c54720_0 .net *"_ivl_127", 0 0, L_0x155cd0f80;  1 drivers
v0x155c548b0_0 .net *"_ivl_13", 0 0, L_0x155ccdf70;  1 drivers
v0x155c54940_0 .net *"_ivl_130", 0 0, L_0x155cd1630;  1 drivers
v0x155c549f0_0 .net *"_ivl_131", 0 0, L_0x155cd11b0;  1 drivers
v0x155c54aa0_0 .net *"_ivl_134", 0 0, L_0x155cd13e0;  1 drivers
v0x155c54b50_0 .net *"_ivl_135", 0 0, L_0x155cd17e0;  1 drivers
v0x155c54c00_0 .net *"_ivl_138", 0 0, L_0x155cd19d0;  1 drivers
v0x155c54cb0_0 .net *"_ivl_139", 0 0, L_0x155cd1540;  1 drivers
v0x155c54d60_0 .net *"_ivl_15", 0 0, L_0x155cce050;  1 drivers
v0x155c54e10_0 .net *"_ivl_16", 0 0, L_0x155cce130;  1 drivers
v0x155c54ec0_0 .net *"_ivl_18", 0 0, L_0x155cce260;  1 drivers
v0x155c54f70_0 .net *"_ivl_23", 0 0, L_0x155cce380;  1 drivers
v0x155c55020_0 .net *"_ivl_25", 0 0, L_0x155cce420;  1 drivers
v0x155c550d0_0 .net *"_ivl_27", 0 0, L_0x155cce4f0;  1 drivers
v0x155c55180_0 .net *"_ivl_28", 0 0, L_0x155cce610;  1 drivers
v0x155c55230_0 .net *"_ivl_30", 0 0, L_0x155cce6e0;  1 drivers
v0x155c552e0_0 .net *"_ivl_33", 0 0, L_0x155cce810;  1 drivers
v0x155c547d0_0 .net *"_ivl_35", 0 0, L_0x155cce930;  1 drivers
v0x155c55570_0 .net *"_ivl_36", 0 0, L_0x155cce9d0;  1 drivers
v0x155c55600_0 .net *"_ivl_39", 0 0, L_0x155cceac0;  1 drivers
v0x155c556a0_0 .net *"_ivl_40", 0 0, L_0x155ccebf0;  1 drivers
v0x155c55750_0 .net *"_ivl_42", 0 0, L_0x155ccecf0;  1 drivers
v0x155c55800_0 .net *"_ivl_48", 0 0, L_0x155ccef30;  1 drivers
v0x155c558b0_0 .net *"_ivl_50", 0 0, L_0x155ccf030;  1 drivers
v0x155c55960_0 .net *"_ivl_52", 0 0, L_0x155ccf0d0;  1 drivers
v0x155c55a10_0 .net *"_ivl_53", 0 0, L_0x155ccf1e0;  1 drivers
v0x155c55ac0_0 .net *"_ivl_55", 0 0, L_0x155ccf2f0;  1 drivers
v0x155c55b70_0 .net *"_ivl_58", 0 0, L_0x155ccf3a0;  1 drivers
v0x155c55c20_0 .net *"_ivl_60", 0 0, L_0x155ccf440;  1 drivers
v0x155c55cd0_0 .net *"_ivl_61", 0 0, L_0x155ccf170;  1 drivers
v0x155c55d80_0 .net *"_ivl_64", 0 0, L_0x155ccf6d0;  1 drivers
v0x155c55e30_0 .net *"_ivl_65", 0 0, L_0x155ccf770;  1 drivers
v0x155c55ee0_0 .net *"_ivl_67", 0 0, L_0x155ccf820;  1 drivers
v0x155c55f90_0 .net *"_ivl_7", 0 0, L_0x155ccde00;  1 drivers
v0x155c56040_0 .net *"_ivl_70", 0 0, L_0x155ccf990;  1 drivers
v0x155c560f0_0 .net *"_ivl_72", 0 0, L_0x155ccfac0;  1 drivers
v0x155c561a0_0 .net *"_ivl_73", 0 0, L_0x155ccf660;  1 drivers
v0x155c56250_0 .net *"_ivl_76", 0 0, L_0x155ccfba0;  1 drivers
v0x155c56300_0 .net *"_ivl_77", 0 0, L_0x155ccfce0;  1 drivers
v0x155c563b0_0 .net *"_ivl_80", 0 0, L_0x155ccfe00;  1 drivers
v0x155c56460_0 .net *"_ivl_81", 0 0, L_0x155ccfea0;  1 drivers
v0x155c56510_0 .net *"_ivl_83", 0 0, L_0x155ccff70;  1 drivers
v0x155c565c0_0 .net *"_ivl_86", 0 0, L_0x155cd0140;  1 drivers
v0x155c56670_0 .net *"_ivl_88", 0 0, L_0x155ccfc40;  1 drivers
v0x155c56720_0 .net *"_ivl_90", 0 0, L_0x155cd02e0;  1 drivers
v0x155c567d0_0 .net *"_ivl_91", 0 0, L_0x155cce590;  1 drivers
v0x155c56880_0 .net *"_ivl_93", 0 0, L_0x155cd0480;  1 drivers
v0x155c56930_0 .net *"_ivl_96", 0 0, L_0x155cd00a0;  1 drivers
v0x155c569e0_0 .net *"_ivl_98", 0 0, L_0x155cd0620;  1 drivers
v0x155c55390_0 .net *"_ivl_99", 0 0, L_0x155cd0790;  1 drivers
v0x155c55440_0 .net "a", 3 0, L_0x155cd1ca0;  1 drivers
v0x155c56a70_0 .net "b", 3 0, L_0x155cd1d40;  1 drivers
v0x155c56b00_0 .net "c", 3 0, L_0x155cceda0;  1 drivers
v0x155c56b90_0 .net "cin", 0 0, L_0x155ccd220;  alias, 1 drivers
v0x155c56c20_0 .net "cout", 0 0, L_0x155cd16d0;  alias, 1 drivers
v0x155c56cb0_0 .net "sum", 3 0, L_0x155cd18d0;  1 drivers
L_0x155ccde70 .part L_0x155ccdd10, 0, 1;
L_0x155ccdf70 .part L_0x155ccdca0, 0, 1;
L_0x155cce050 .part L_0x155cceda0, 0, 1;
L_0x155cce380 .part L_0x155ccdd10, 1, 1;
L_0x155cce420 .part L_0x155ccdca0, 1, 1;
L_0x155cce4f0 .part L_0x155ccdd10, 0, 1;
L_0x155cce810 .part L_0x155ccdca0, 1, 1;
L_0x155cce930 .part L_0x155ccdca0, 0, 1;
L_0x155cceac0 .part L_0x155cceda0, 0, 1;
L_0x155cceda0 .concat8 [ 1 1 1 1], L_0x155ccde00, L_0x155cce260, L_0x155ccecf0, L_0x155ccff70;
L_0x155ccef30 .part L_0x155ccdd10, 2, 1;
L_0x155ccf030 .part L_0x155ccdca0, 2, 1;
L_0x155ccf0d0 .part L_0x155ccdd10, 1, 1;
L_0x155ccf3a0 .part L_0x155ccdca0, 2, 1;
L_0x155ccf440 .part L_0x155ccdca0, 1, 1;
L_0x155ccf6d0 .part L_0x155ccdd10, 0, 1;
L_0x155ccf990 .part L_0x155ccdca0, 2, 1;
L_0x155ccfac0 .part L_0x155ccdca0, 1, 1;
L_0x155ccfba0 .part L_0x155ccdca0, 0, 1;
L_0x155ccfe00 .part L_0x155cceda0, 0, 1;
L_0x155cd0140 .part L_0x155ccdd10, 3, 1;
L_0x155ccfc40 .part L_0x155ccdca0, 3, 1;
L_0x155cd02e0 .part L_0x155ccdd10, 2, 1;
L_0x155cd00a0 .part L_0x155ccdca0, 3, 1;
L_0x155cd0620 .part L_0x155ccdca0, 2, 1;
L_0x155cd0820 .part L_0x155ccdd10, 1, 1;
L_0x155cd0ae0 .part L_0x155ccdca0, 3, 1;
L_0x155cd0c60 .part L_0x155ccdca0, 2, 1;
L_0x155ccf520 .part L_0x155ccdca0, 1, 1;
L_0x155cd0b80 .part L_0x155ccdd10, 0, 1;
L_0x155cd1300 .part L_0x155ccdca0, 3, 1;
L_0x155cd14a0 .part L_0x155ccdca0, 2, 1;
L_0x155cd1630 .part L_0x155ccdca0, 1, 1;
L_0x155cd13e0 .part L_0x155ccdca0, 0, 1;
L_0x155cd19d0 .part L_0x155cceda0, 0, 1;
S_0x155c56d70 .scope module, "n2" "cla_4" 7 15, 8 3 0, S_0x155c53600;
 .timescale -9 -11;
    .port_info 0 /INPUT 4 "a";
    .port_info 1 /INPUT 4 "b";
    .port_info 2 /INPUT 1 "cin";
    .port_info 3 /OUTPUT 4 "sum";
    .port_info 4 /OUTPUT 1 "cout";
L_0x155cd1940 .functor XOR 4, L_0x155cd5e50, L_0x155cd5ef0, C4<0000>, C4<0000>;
L_0x155cd1e40 .functor AND 4, L_0x155cd5e50, L_0x155cd5ef0, C4<1111>, C4<1111>;
L_0x155cd1f70 .functor BUFZ 1, L_0x155cd16d0, C4<0>, C4<0>, C4<0>;
L_0x155cd22e0 .functor AND 1, L_0x155cd2140, L_0x155cd2220, C4<1>, C4<1>;
L_0x155cd2410 .functor OR 1, L_0x155cd2060, L_0x155cd22e0, C4<0>, C4<0>;
L_0x155cd27c0 .functor AND 1, L_0x155cd25d0, L_0x155cd26a0, C4<1>, C4<1>;
L_0x155cd2890 .functor OR 1, L_0x155cd2530, L_0x155cd27c0, C4<0>, C4<0>;
L_0x155cd2b80 .functor AND 1, L_0x155cd29c0, L_0x155cd2ae0, C4<1>, C4<1>;
L_0x155cd2da0 .functor AND 1, L_0x155cd2b80, L_0x155cd2c70, C4<1>, C4<1>;
L_0x155cd2ea0 .functor OR 1, L_0x155cd2890, L_0x155cd2da0, C4<0>, C4<0>;
L_0x155cd3390 .functor AND 1, L_0x155cd31e0, L_0x155cd3280, C4<1>, C4<1>;
L_0x155cd34a0 .functor OR 1, L_0x155cd30e0, L_0x155cd3390, C4<0>, C4<0>;
L_0x155cd3320 .functor AND 1, L_0x155cd3550, L_0x155cd35f0, C4<1>, C4<1>;
L_0x155cd3920 .functor AND 1, L_0x155cd3320, L_0x155cd3880, C4<1>, C4<1>;
L_0x155cd39d0 .functor OR 1, L_0x155cd34a0, L_0x155cd3920, C4<0>, C4<0>;
L_0x155cd3810 .functor AND 1, L_0x155cd3b40, L_0x155cd3c70, C4<1>, C4<1>;
L_0x155cd3e90 .functor AND 1, L_0x155cd3810, L_0x155cd3d50, C4<1>, C4<1>;
L_0x155cd4050 .functor AND 1, L_0x155cd3e90, L_0x155cd3fb0, C4<1>, C4<1>;
L_0x155cd4120 .functor OR 1, L_0x155cd39d0, L_0x155cd4050, C4<0>, C4<0>;
L_0x155cd2740 .functor AND 1, L_0x155cd3df0, L_0x155cd4490, C4<1>, C4<1>;
L_0x155cd4630 .functor OR 1, L_0x155cd42f0, L_0x155cd2740, C4<0>, C4<0>;
L_0x155cd4940 .functor AND 1, L_0x155cd4250, L_0x155cd47d0, C4<1>, C4<1>;
L_0x155cd4a70 .functor AND 1, L_0x155cd4940, L_0x155cd49d0, C4<1>, C4<1>;
L_0x155cd4c20 .functor OR 1, L_0x155cd4630, L_0x155cd4a70, C4<0>, C4<0>;
L_0x155cd4870 .functor AND 1, L_0x155cd4c90, L_0x155cd4e10, C4<1>, C4<1>;
L_0x155cd4b60 .functor AND 1, L_0x155cd4870, L_0x155cd36d0, C4<1>, C4<1>;
L_0x155cd5270 .functor AND 1, L_0x155cd4b60, L_0x155cd4d30, C4<1>, C4<1>;
L_0x155cd5440 .functor OR 1, L_0x155cd4c20, L_0x155cd5270, C4<0>, C4<0>;
L_0x155cd5130 .functor AND 1, L_0x155cd54b0, L_0x155cd5650, C4<1>, C4<1>;
L_0x155cd5360 .functor AND 1, L_0x155cd5130, L_0x155cd57e0, C4<1>, C4<1>;
L_0x155cd5990 .functor AND 1, L_0x155cd5360, L_0x155cd5590, C4<1>, C4<1>;
L_0x155cd56f0 .functor AND 1, L_0x155cd5990, L_0x155cd5b80, C4<1>, C4<1>;
L_0x155cd5880 .functor OR 1, L_0x155cd5440, L_0x155cd56f0, C4<0>, C4<0>;
L_0x155cd5a80 .functor XOR 4, L_0x155cd1940, L_0x155cd2f50, C4<0000>, C4<0000>;
v0x155c56fb0_0 .net "G", 3 0, L_0x155cd1e40;  1 drivers
v0x155c57050_0 .net "P", 3 0, L_0x155cd1940;  1 drivers
v0x155c57100_0 .net *"_ivl_102", 0 0, L_0x155cd49d0;  1 drivers
v0x155c571c0_0 .net *"_ivl_103", 0 0, L_0x155cd4a70;  1 drivers
v0x155c57270_0 .net *"_ivl_105", 0 0, L_0x155cd4c20;  1 drivers
v0x155c57360_0 .net *"_ivl_108", 0 0, L_0x155cd4c90;  1 drivers
v0x155c57410_0 .net *"_ivl_11", 0 0, L_0x155cd2060;  1 drivers
v0x155c574c0_0 .net *"_ivl_110", 0 0, L_0x155cd4e10;  1 drivers
v0x155c57570_0 .net *"_ivl_111", 0 0, L_0x155cd4870;  1 drivers
v0x155c57680_0 .net *"_ivl_114", 0 0, L_0x155cd36d0;  1 drivers
v0x155c57730_0 .net *"_ivl_115", 0 0, L_0x155cd4b60;  1 drivers
v0x155c577e0_0 .net *"_ivl_118", 0 0, L_0x155cd4d30;  1 drivers
v0x155c57890_0 .net *"_ivl_119", 0 0, L_0x155cd5270;  1 drivers
v0x155c57940_0 .net *"_ivl_121", 0 0, L_0x155cd5440;  1 drivers
v0x155c579f0_0 .net *"_ivl_124", 0 0, L_0x155cd54b0;  1 drivers
v0x155c57aa0_0 .net *"_ivl_126", 0 0, L_0x155cd5650;  1 drivers
v0x155c57b50_0 .net *"_ivl_127", 0 0, L_0x155cd5130;  1 drivers
v0x155c57ce0_0 .net *"_ivl_13", 0 0, L_0x155cd2140;  1 drivers
v0x155c57d70_0 .net *"_ivl_130", 0 0, L_0x155cd57e0;  1 drivers
v0x155c57e20_0 .net *"_ivl_131", 0 0, L_0x155cd5360;  1 drivers
v0x155c57ed0_0 .net *"_ivl_134", 0 0, L_0x155cd5590;  1 drivers
v0x155c57f80_0 .net *"_ivl_135", 0 0, L_0x155cd5990;  1 drivers
v0x155c58030_0 .net *"_ivl_138", 0 0, L_0x155cd5b80;  1 drivers
v0x155c580e0_0 .net *"_ivl_139", 0 0, L_0x155cd56f0;  1 drivers
v0x155c58190_0 .net *"_ivl_15", 0 0, L_0x155cd2220;  1 drivers
v0x155c58240_0 .net *"_ivl_16", 0 0, L_0x155cd22e0;  1 drivers
v0x155c582f0_0 .net *"_ivl_18", 0 0, L_0x155cd2410;  1 drivers
v0x155c583a0_0 .net *"_ivl_23", 0 0, L_0x155cd2530;  1 drivers
v0x155c58450_0 .net *"_ivl_25", 0 0, L_0x155cd25d0;  1 drivers
v0x155c58500_0 .net *"_ivl_27", 0 0, L_0x155cd26a0;  1 drivers
v0x155c585b0_0 .net *"_ivl_28", 0 0, L_0x155cd27c0;  1 drivers
v0x155c58660_0 .net *"_ivl_30", 0 0, L_0x155cd2890;  1 drivers
v0x155c58710_0 .net *"_ivl_33", 0 0, L_0x155cd29c0;  1 drivers
v0x155c57c00_0 .net *"_ivl_35", 0 0, L_0x155cd2ae0;  1 drivers
v0x155c589a0_0 .net *"_ivl_36", 0 0, L_0x155cd2b80;  1 drivers
v0x155c58a30_0 .net *"_ivl_39", 0 0, L_0x155cd2c70;  1 drivers
v0x155c58ad0_0 .net *"_ivl_40", 0 0, L_0x155cd2da0;  1 drivers
v0x155c58b80_0 .net *"_ivl_42", 0 0, L_0x155cd2ea0;  1 drivers
v0x155c58c30_0 .net *"_ivl_48", 0 0, L_0x155cd30e0;  1 drivers
v0x155c58ce0_0 .net *"_ivl_50", 0 0, L_0x155cd31e0;  1 drivers
v0x155c58d90_0 .net *"_ivl_52", 0 0, L_0x155cd3280;  1 drivers
v0x155c58e40_0 .net *"_ivl_53", 0 0, L_0x155cd3390;  1 drivers
v0x155c58ef0_0 .net *"_ivl_55", 0 0, L_0x155cd34a0;  1 drivers
v0x155c58fa0_0 .net *"_ivl_58", 0 0, L_0x155cd3550;  1 drivers
v0x155c59050_0 .net *"_ivl_60", 0 0, L_0x155cd35f0;  1 drivers
v0x155c59100_0 .net *"_ivl_61", 0 0, L_0x155cd3320;  1 drivers
v0x155c591b0_0 .net *"_ivl_64", 0 0, L_0x155cd3880;  1 drivers
v0x155c59260_0 .net *"_ivl_65", 0 0, L_0x155cd3920;  1 drivers
v0x155c59310_0 .net *"_ivl_67", 0 0, L_0x155cd39d0;  1 drivers
v0x155c593c0_0 .net *"_ivl_7", 0 0, L_0x155cd1f70;  1 drivers
v0x155c59470_0 .net *"_ivl_70", 0 0, L_0x155cd3b40;  1 drivers
v0x155c59520_0 .net *"_ivl_72", 0 0, L_0x155cd3c70;  1 drivers
v0x155c595d0_0 .net *"_ivl_73", 0 0, L_0x155cd3810;  1 drivers
v0x155c59680_0 .net *"_ivl_76", 0 0, L_0x155cd3d50;  1 drivers
v0x155c59730_0 .net *"_ivl_77", 0 0, L_0x155cd3e90;  1 drivers
v0x155c597e0_0 .net *"_ivl_80", 0 0, L_0x155cd3fb0;  1 drivers
v0x155c59890_0 .net *"_ivl_81", 0 0, L_0x155cd4050;  1 drivers
v0x155c59940_0 .net *"_ivl_83", 0 0, L_0x155cd4120;  1 drivers
v0x155c599f0_0 .net *"_ivl_86", 0 0, L_0x155cd42f0;  1 drivers
v0x155c59aa0_0 .net *"_ivl_88", 0 0, L_0x155cd3df0;  1 drivers
v0x155c59b50_0 .net *"_ivl_90", 0 0, L_0x155cd4490;  1 drivers
v0x155c59c00_0 .net *"_ivl_91", 0 0, L_0x155cd2740;  1 drivers
v0x155c59cb0_0 .net *"_ivl_93", 0 0, L_0x155cd4630;  1 drivers
v0x155c59d60_0 .net *"_ivl_96", 0 0, L_0x155cd4250;  1 drivers
v0x155c59e10_0 .net *"_ivl_98", 0 0, L_0x155cd47d0;  1 drivers
v0x155c587c0_0 .net *"_ivl_99", 0 0, L_0x155cd4940;  1 drivers
v0x155c58870_0 .net "a", 3 0, L_0x155cd5e50;  1 drivers
v0x155c59ea0_0 .net "b", 3 0, L_0x155cd5ef0;  1 drivers
v0x155c59f30_0 .net "c", 3 0, L_0x155cd2f50;  1 drivers
v0x155c59fc0_0 .net "cin", 0 0, L_0x155cd16d0;  alias, 1 drivers
v0x155c5a050_0 .net "cout", 0 0, L_0x155cd5880;  alias, 1 drivers
v0x155c5a0e0_0 .net "sum", 3 0, L_0x155cd5a80;  1 drivers
L_0x155cd2060 .part L_0x155cd1e40, 0, 1;
L_0x155cd2140 .part L_0x155cd1940, 0, 1;
L_0x155cd2220 .part L_0x155cd2f50, 0, 1;
L_0x155cd2530 .part L_0x155cd1e40, 1, 1;
L_0x155cd25d0 .part L_0x155cd1940, 1, 1;
L_0x155cd26a0 .part L_0x155cd1e40, 0, 1;
L_0x155cd29c0 .part L_0x155cd1940, 1, 1;
L_0x155cd2ae0 .part L_0x155cd1940, 0, 1;
L_0x155cd2c70 .part L_0x155cd2f50, 0, 1;
L_0x155cd2f50 .concat8 [ 1 1 1 1], L_0x155cd1f70, L_0x155cd2410, L_0x155cd2ea0, L_0x155cd4120;
L_0x155cd30e0 .part L_0x155cd1e40, 2, 1;
L_0x155cd31e0 .part L_0x155cd1940, 2, 1;
L_0x155cd3280 .part L_0x155cd1e40, 1, 1;
L_0x155cd3550 .part L_0x155cd1940, 2, 1;
L_0x155cd35f0 .part L_0x155cd1940, 1, 1;
L_0x155cd3880 .part L_0x155cd1e40, 0, 1;
L_0x155cd3b40 .part L_0x155cd1940, 2, 1;
L_0x155cd3c70 .part L_0x155cd1940, 1, 1;
L_0x155cd3d50 .part L_0x155cd1940, 0, 1;
L_0x155cd3fb0 .part L_0x155cd2f50, 0, 1;
L_0x155cd42f0 .part L_0x155cd1e40, 3, 1;
L_0x155cd3df0 .part L_0x155cd1940, 3, 1;
L_0x155cd4490 .part L_0x155cd1e40, 2, 1;
L_0x155cd4250 .part L_0x155cd1940, 3, 1;
L_0x155cd47d0 .part L_0x155cd1940, 2, 1;
L_0x155cd49d0 .part L_0x155cd1e40, 1, 1;
L_0x155cd4c90 .part L_0x155cd1940, 3, 1;
L_0x155cd4e10 .part L_0x155cd1940, 2, 1;
L_0x155cd36d0 .part L_0x155cd1940, 1, 1;
L_0x155cd4d30 .part L_0x155cd1e40, 0, 1;
L_0x155cd54b0 .part L_0x155cd1940, 3, 1;
L_0x155cd5650 .part L_0x155cd1940, 2, 1;
L_0x155cd57e0 .part L_0x155cd1940, 1, 1;
L_0x155cd5590 .part L_0x155cd1940, 0, 1;
L_0x155cd5b80 .part L_0x155cd2f50, 0, 1;
S_0x155c5a170 .scope module, "n3" "cla_4" 7 16, 8 3 0, S_0x155c53600;
 .timescale -9 -11;
    .port_info 0 /INPUT 4 "a";
    .port_info 1 /INPUT 4 "b";
    .port_info 2 /INPUT 1 "cin";
    .port_info 3 /OUTPUT 4 "sum";
    .port_info 4 /OUTPUT 1 "cout";
L_0x155cd5f90 .functor XOR 4, L_0x155cda010, L_0x155cda0b0, C4<0000>, C4<0000>;
L_0x155cd6020 .functor AND 4, L_0x155cda010, L_0x155cda0b0, C4<1111>, C4<1111>;
L_0x155cd6150 .functor BUFZ 1, L_0x155cd5880, C4<0>, C4<0>, C4<0>;
L_0x155cd64c0 .functor AND 1, L_0x155cd6320, L_0x155cd6400, C4<1>, C4<1>;
L_0x155cd65d0 .functor OR 1, L_0x155cd6240, L_0x155cd64c0, C4<0>, C4<0>;
L_0x155cd6980 .functor AND 1, L_0x155cd6790, L_0x155cd6860, C4<1>, C4<1>;
L_0x155cd6a50 .functor OR 1, L_0x155cd66f0, L_0x155cd6980, C4<0>, C4<0>;
L_0x155cd6d40 .functor AND 1, L_0x155cd6b80, L_0x155cd6ca0, C4<1>, C4<1>;
L_0x155cd6f60 .functor AND 1, L_0x155cd6d40, L_0x155cd6e30, C4<1>, C4<1>;
L_0x155cd7060 .functor OR 1, L_0x155cd6a50, L_0x155cd6f60, C4<0>, C4<0>;
L_0x155cd7550 .functor AND 1, L_0x155cd73a0, L_0x155cd7440, C4<1>, C4<1>;
L_0x155cd7660 .functor OR 1, L_0x155cd72a0, L_0x155cd7550, C4<0>, C4<0>;
L_0x155cd74e0 .functor AND 1, L_0x155cd7710, L_0x155cd77b0, C4<1>, C4<1>;
L_0x155cd7ae0 .functor AND 1, L_0x155cd74e0, L_0x155cd7a40, C4<1>, C4<1>;
L_0x155cd7b90 .functor OR 1, L_0x155cd7660, L_0x155cd7ae0, C4<0>, C4<0>;
L_0x155cd79d0 .functor AND 1, L_0x155cd7d00, L_0x155cd7e30, C4<1>, C4<1>;
L_0x155cd8050 .functor AND 1, L_0x155cd79d0, L_0x155cd7f10, C4<1>, C4<1>;
L_0x155cd8210 .functor AND 1, L_0x155cd8050, L_0x155cd8170, C4<1>, C4<1>;
L_0x155cd82e0 .functor OR 1, L_0x155cd7b90, L_0x155cd8210, C4<0>, C4<0>;
L_0x155cd6900 .functor AND 1, L_0x155cd7fb0, L_0x155cd8650, C4<1>, C4<1>;
L_0x155cd87f0 .functor OR 1, L_0x155cd84b0, L_0x155cd6900, C4<0>, C4<0>;
L_0x155cd8b00 .functor AND 1, L_0x155cd8410, L_0x155cd8990, C4<1>, C4<1>;
L_0x155cd8c30 .functor AND 1, L_0x155cd8b00, L_0x155cd8b90, C4<1>, C4<1>;
L_0x155cd8de0 .functor OR 1, L_0x155cd87f0, L_0x155cd8c30, C4<0>, C4<0>;
L_0x155cd8a30 .functor AND 1, L_0x155cd8e50, L_0x155cd8fd0, C4<1>, C4<1>;
L_0x155cd8d20 .functor AND 1, L_0x155cd8a30, L_0x155cd7890, C4<1>, C4<1>;
L_0x155cd9430 .functor AND 1, L_0x155cd8d20, L_0x155cd8ef0, C4<1>, C4<1>;
L_0x155cd9600 .functor OR 1, L_0x155cd8de0, L_0x155cd9430, C4<0>, C4<0>;
L_0x155cd92f0 .functor AND 1, L_0x155cd9670, L_0x155cd9810, C4<1>, C4<1>;
L_0x155cd9520 .functor AND 1, L_0x155cd92f0, L_0x155cd99a0, C4<1>, C4<1>;
L_0x155cd9b50 .functor AND 1, L_0x155cd9520, L_0x155cd9750, C4<1>, C4<1>;
L_0x155cd98b0 .functor AND 1, L_0x155cd9b50, L_0x155cd9d40, C4<1>, C4<1>;
L_0x155cd9a40 .functor OR 1, L_0x155cd9600, L_0x155cd98b0, C4<0>, C4<0>;
L_0x155cd9c40 .functor XOR 4, L_0x155cd5f90, L_0x155cd7110, C4<0000>, C4<0000>;
v0x155c5a3d0_0 .net "G", 3 0, L_0x155cd6020;  1 drivers
v0x155c5a480_0 .net "P", 3 0, L_0x155cd5f90;  1 drivers
v0x155c5a530_0 .net *"_ivl_102", 0 0, L_0x155cd8b90;  1 drivers
v0x155c5a5f0_0 .net *"_ivl_103", 0 0, L_0x155cd8c30;  1 drivers
v0x155c5a6a0_0 .net *"_ivl_105", 0 0, L_0x155cd8de0;  1 drivers
v0x155c5a790_0 .net *"_ivl_108", 0 0, L_0x155cd8e50;  1 drivers
v0x155c5a840_0 .net *"_ivl_11", 0 0, L_0x155cd6240;  1 drivers
v0x155c5a8f0_0 .net *"_ivl_110", 0 0, L_0x155cd8fd0;  1 drivers
v0x155c5a9a0_0 .net *"_ivl_111", 0 0, L_0x155cd8a30;  1 drivers
v0x155c5aab0_0 .net *"_ivl_114", 0 0, L_0x155cd7890;  1 drivers
v0x155c5ab60_0 .net *"_ivl_115", 0 0, L_0x155cd8d20;  1 drivers
v0x155c5ac10_0 .net *"_ivl_118", 0 0, L_0x155cd8ef0;  1 drivers
v0x155c5acc0_0 .net *"_ivl_119", 0 0, L_0x155cd9430;  1 drivers
v0x155c5ad70_0 .net *"_ivl_121", 0 0, L_0x155cd9600;  1 drivers
v0x155c5ae20_0 .net *"_ivl_124", 0 0, L_0x155cd9670;  1 drivers
v0x155c5aed0_0 .net *"_ivl_126", 0 0, L_0x155cd9810;  1 drivers
v0x155c5af80_0 .net *"_ivl_127", 0 0, L_0x155cd92f0;  1 drivers
v0x155c5b110_0 .net *"_ivl_13", 0 0, L_0x155cd6320;  1 drivers
v0x155c5b1a0_0 .net *"_ivl_130", 0 0, L_0x155cd99a0;  1 drivers
v0x155c5b250_0 .net *"_ivl_131", 0 0, L_0x155cd9520;  1 drivers
v0x155c5b300_0 .net *"_ivl_134", 0 0, L_0x155cd9750;  1 drivers
v0x155c5b3b0_0 .net *"_ivl_135", 0 0, L_0x155cd9b50;  1 drivers
v0x155c5b460_0 .net *"_ivl_138", 0 0, L_0x155cd9d40;  1 drivers
v0x155c5b510_0 .net *"_ivl_139", 0 0, L_0x155cd98b0;  1 drivers
v0x155c5b5c0_0 .net *"_ivl_15", 0 0, L_0x155cd6400;  1 drivers
v0x155c5b670_0 .net *"_ivl_16", 0 0, L_0x155cd64c0;  1 drivers
v0x155c5b720_0 .net *"_ivl_18", 0 0, L_0x155cd65d0;  1 drivers
v0x155c5b7d0_0 .net *"_ivl_23", 0 0, L_0x155cd66f0;  1 drivers
v0x155c5b880_0 .net *"_ivl_25", 0 0, L_0x155cd6790;  1 drivers
v0x155c5b930_0 .net *"_ivl_27", 0 0, L_0x155cd6860;  1 drivers
v0x155c5b9e0_0 .net *"_ivl_28", 0 0, L_0x155cd6980;  1 drivers
v0x155c5ba90_0 .net *"_ivl_30", 0 0, L_0x155cd6a50;  1 drivers
v0x155c5bb40_0 .net *"_ivl_33", 0 0, L_0x155cd6b80;  1 drivers
v0x155c5b030_0 .net *"_ivl_35", 0 0, L_0x155cd6ca0;  1 drivers
v0x155c5bdd0_0 .net *"_ivl_36", 0 0, L_0x155cd6d40;  1 drivers
v0x155c5be60_0 .net *"_ivl_39", 0 0, L_0x155cd6e30;  1 drivers
v0x155c5bf00_0 .net *"_ivl_40", 0 0, L_0x155cd6f60;  1 drivers
v0x155c5bfb0_0 .net *"_ivl_42", 0 0, L_0x155cd7060;  1 drivers
v0x155c5c060_0 .net *"_ivl_48", 0 0, L_0x155cd72a0;  1 drivers
v0x155c5c110_0 .net *"_ivl_50", 0 0, L_0x155cd73a0;  1 drivers
v0x155c5c1c0_0 .net *"_ivl_52", 0 0, L_0x155cd7440;  1 drivers
v0x155c5c270_0 .net *"_ivl_53", 0 0, L_0x155cd7550;  1 drivers
v0x155c5c320_0 .net *"_ivl_55", 0 0, L_0x155cd7660;  1 drivers
v0x155c5c3d0_0 .net *"_ivl_58", 0 0, L_0x155cd7710;  1 drivers
v0x155c5c480_0 .net *"_ivl_60", 0 0, L_0x155cd77b0;  1 drivers
v0x155c5c530_0 .net *"_ivl_61", 0 0, L_0x155cd74e0;  1 drivers
v0x155c5c5e0_0 .net *"_ivl_64", 0 0, L_0x155cd7a40;  1 drivers
v0x155c5c690_0 .net *"_ivl_65", 0 0, L_0x155cd7ae0;  1 drivers
v0x155c5c740_0 .net *"_ivl_67", 0 0, L_0x155cd7b90;  1 drivers
v0x155c5c7f0_0 .net *"_ivl_7", 0 0, L_0x155cd6150;  1 drivers
v0x155c5c8a0_0 .net *"_ivl_70", 0 0, L_0x155cd7d00;  1 drivers
v0x155c5c950_0 .net *"_ivl_72", 0 0, L_0x155cd7e30;  1 drivers
v0x155c5ca00_0 .net *"_ivl_73", 0 0, L_0x155cd79d0;  1 drivers
v0x155c5cab0_0 .net *"_ivl_76", 0 0, L_0x155cd7f10;  1 drivers
v0x155c5cb60_0 .net *"_ivl_77", 0 0, L_0x155cd8050;  1 drivers
v0x155c5cc10_0 .net *"_ivl_80", 0 0, L_0x155cd8170;  1 drivers
v0x155c5ccc0_0 .net *"_ivl_81", 0 0, L_0x155cd8210;  1 drivers
v0x155c5cd70_0 .net *"_ivl_83", 0 0, L_0x155cd82e0;  1 drivers
v0x155c5ce20_0 .net *"_ivl_86", 0 0, L_0x155cd84b0;  1 drivers
v0x155c5ced0_0 .net *"_ivl_88", 0 0, L_0x155cd7fb0;  1 drivers
v0x155c5cf80_0 .net *"_ivl_90", 0 0, L_0x155cd8650;  1 drivers
v0x155c5d030_0 .net *"_ivl_91", 0 0, L_0x155cd6900;  1 drivers
v0x155c5d0e0_0 .net *"_ivl_93", 0 0, L_0x155cd87f0;  1 drivers
v0x155c5d190_0 .net *"_ivl_96", 0 0, L_0x155cd8410;  1 drivers
v0x155c5d240_0 .net *"_ivl_98", 0 0, L_0x155cd8990;  1 drivers
v0x155c5bbf0_0 .net *"_ivl_99", 0 0, L_0x155cd8b00;  1 drivers
v0x155c5bca0_0 .net "a", 3 0, L_0x155cda010;  1 drivers
v0x155c5d2d0_0 .net "b", 3 0, L_0x155cda0b0;  1 drivers
v0x155c5d360_0 .net "c", 3 0, L_0x155cd7110;  1 drivers
v0x155c5d3f0_0 .net "cin", 0 0, L_0x155cd5880;  alias, 1 drivers
v0x155c5d480_0 .net "cout", 0 0, L_0x155cd9a40;  alias, 1 drivers
v0x155c5d510_0 .net "sum", 3 0, L_0x155cd9c40;  1 drivers
L_0x155cd6240 .part L_0x155cd6020, 0, 1;
L_0x155cd6320 .part L_0x155cd5f90, 0, 1;
L_0x155cd6400 .part L_0x155cd7110, 0, 1;
L_0x155cd66f0 .part L_0x155cd6020, 1, 1;
L_0x155cd6790 .part L_0x155cd5f90, 1, 1;
L_0x155cd6860 .part L_0x155cd6020, 0, 1;
L_0x155cd6b80 .part L_0x155cd5f90, 1, 1;
L_0x155cd6ca0 .part L_0x155cd5f90, 0, 1;
L_0x155cd6e30 .part L_0x155cd7110, 0, 1;
L_0x155cd7110 .concat8 [ 1 1 1 1], L_0x155cd6150, L_0x155cd65d0, L_0x155cd7060, L_0x155cd82e0;
L_0x155cd72a0 .part L_0x155cd6020, 2, 1;
L_0x155cd73a0 .part L_0x155cd5f90, 2, 1;
L_0x155cd7440 .part L_0x155cd6020, 1, 1;
L_0x155cd7710 .part L_0x155cd5f90, 2, 1;
L_0x155cd77b0 .part L_0x155cd5f90, 1, 1;
L_0x155cd7a40 .part L_0x155cd6020, 0, 1;
L_0x155cd7d00 .part L_0x155cd5f90, 2, 1;
L_0x155cd7e30 .part L_0x155cd5f90, 1, 1;
L_0x155cd7f10 .part L_0x155cd5f90, 0, 1;
L_0x155cd8170 .part L_0x155cd7110, 0, 1;
L_0x155cd84b0 .part L_0x155cd6020, 3, 1;
L_0x155cd7fb0 .part L_0x155cd5f90, 3, 1;
L_0x155cd8650 .part L_0x155cd6020, 2, 1;
L_0x155cd8410 .part L_0x155cd5f90, 3, 1;
L_0x155cd8990 .part L_0x155cd5f90, 2, 1;
L_0x155cd8b90 .part L_0x155cd6020, 1, 1;
L_0x155cd8e50 .part L_0x155cd5f90, 3, 1;
L_0x155cd8fd0 .part L_0x155cd5f90, 2, 1;
L_0x155cd7890 .part L_0x155cd5f90, 1, 1;
L_0x155cd8ef0 .part L_0x155cd6020, 0, 1;
L_0x155cd9670 .part L_0x155cd5f90, 3, 1;
L_0x155cd9810 .part L_0x155cd5f90, 2, 1;
L_0x155cd99a0 .part L_0x155cd5f90, 1, 1;
L_0x155cd9750 .part L_0x155cd5f90, 0, 1;
L_0x155cd9d40 .part L_0x155cd7110, 0, 1;
S_0x155c5d5a0 .scope module, "n4" "cla_4" 7 17, 8 3 0, S_0x155c53600;
 .timescale -9 -11;
    .port_info 0 /INPUT 4 "a";
    .port_info 1 /INPUT 4 "b";
    .port_info 2 /INPUT 1 "cin";
    .port_info 3 /OUTPUT 4 "sum";
    .port_info 4 /OUTPUT 1 "cout";
L_0x155cda150 .functor XOR 4, L_0x155cde170, L_0x155cde210, C4<0000>, C4<0000>;
L_0x155cda1c0 .functor AND 4, L_0x155cde170, L_0x155cde210, C4<1111>, C4<1111>;
L_0x155cda2b0 .functor BUFZ 1, L_0x155cd9a40, C4<0>, C4<0>, C4<0>;
L_0x155cda620 .functor AND 1, L_0x155cda480, L_0x155cda560, C4<1>, C4<1>;
L_0x155cda730 .functor OR 1, L_0x155cda3a0, L_0x155cda620, C4<0>, C4<0>;
L_0x155cdaae0 .functor AND 1, L_0x155cda8f0, L_0x155cda9c0, C4<1>, C4<1>;
L_0x155cdabb0 .functor OR 1, L_0x155cda850, L_0x155cdaae0, C4<0>, C4<0>;
L_0x155cdaea0 .functor AND 1, L_0x155cdace0, L_0x155cdae00, C4<1>, C4<1>;
L_0x155cdb0c0 .functor AND 1, L_0x155cdaea0, L_0x155cdaf90, C4<1>, C4<1>;
L_0x155cdb1c0 .functor OR 1, L_0x155cdabb0, L_0x155cdb0c0, C4<0>, C4<0>;
L_0x155cdb6b0 .functor AND 1, L_0x155cdb500, L_0x155cdb5a0, C4<1>, C4<1>;
L_0x155cdb7c0 .functor OR 1, L_0x155cdb400, L_0x155cdb6b0, C4<0>, C4<0>;
L_0x155cdb640 .functor AND 1, L_0x155cdb870, L_0x155cdb910, C4<1>, C4<1>;
L_0x155cdbc40 .functor AND 1, L_0x155cdb640, L_0x155cdbba0, C4<1>, C4<1>;
L_0x155cdbcf0 .functor OR 1, L_0x155cdb7c0, L_0x155cdbc40, C4<0>, C4<0>;
L_0x155cdbb30 .functor AND 1, L_0x155cdbe60, L_0x155cdbf90, C4<1>, C4<1>;
L_0x155cdc1b0 .functor AND 1, L_0x155cdbb30, L_0x155cdc070, C4<1>, C4<1>;
L_0x155cdc370 .functor AND 1, L_0x155cdc1b0, L_0x155cdc2d0, C4<1>, C4<1>;
L_0x155cdc440 .functor OR 1, L_0x155cdbcf0, L_0x155cdc370, C4<0>, C4<0>;
L_0x155cdaa60 .functor AND 1, L_0x155cdc110, L_0x155cdc7b0, C4<1>, C4<1>;
L_0x155cdc950 .functor OR 1, L_0x155cdc610, L_0x155cdaa60, C4<0>, C4<0>;
L_0x155cdcc60 .functor AND 1, L_0x155cdc570, L_0x155cdcaf0, C4<1>, C4<1>;
L_0x155cdcd90 .functor AND 1, L_0x155cdcc60, L_0x155cdccf0, C4<1>, C4<1>;
L_0x155cdcf40 .functor OR 1, L_0x155cdc950, L_0x155cdcd90, C4<0>, C4<0>;
L_0x155cdcb90 .functor AND 1, L_0x155cdcfb0, L_0x155cdd130, C4<1>, C4<1>;
L_0x155cdce80 .functor AND 1, L_0x155cdcb90, L_0x155cdb9f0, C4<1>, C4<1>;
L_0x155cdd590 .functor AND 1, L_0x155cdce80, L_0x155cdd050, C4<1>, C4<1>;
L_0x155cdd760 .functor OR 1, L_0x155cdcf40, L_0x155cdd590, C4<0>, C4<0>;
L_0x155cdd450 .functor AND 1, L_0x155cdd7d0, L_0x155cdd970, C4<1>, C4<1>;
L_0x155cdd680 .functor AND 1, L_0x155cdd450, L_0x155cddb00, C4<1>, C4<1>;
L_0x155cddcb0 .functor AND 1, L_0x155cdd680, L_0x155cdd8b0, C4<1>, C4<1>;
L_0x155cdda10 .functor AND 1, L_0x155cddcb0, L_0x155cddea0, C4<1>, C4<1>;
L_0x155cddba0 .functor OR 1, L_0x155cdd760, L_0x155cdda10, C4<0>, C4<0>;
L_0x155cddda0 .functor XOR 4, L_0x155cda150, L_0x155cdb270, C4<0000>, C4<0000>;
v0x155c5d7e0_0 .net "G", 3 0, L_0x155cda1c0;  1 drivers
v0x155c5d8a0_0 .net "P", 3 0, L_0x155cda150;  1 drivers
v0x155c5d950_0 .net *"_ivl_102", 0 0, L_0x155cdccf0;  1 drivers
v0x155c5da10_0 .net *"_ivl_103", 0 0, L_0x155cdcd90;  1 drivers
v0x155c5dac0_0 .net *"_ivl_105", 0 0, L_0x155cdcf40;  1 drivers
v0x155c5dbb0_0 .net *"_ivl_108", 0 0, L_0x155cdcfb0;  1 drivers
v0x155c5dc60_0 .net *"_ivl_11", 0 0, L_0x155cda3a0;  1 drivers
v0x155c5dd10_0 .net *"_ivl_110", 0 0, L_0x155cdd130;  1 drivers
v0x155c5ddc0_0 .net *"_ivl_111", 0 0, L_0x155cdcb90;  1 drivers
v0x155c5ded0_0 .net *"_ivl_114", 0 0, L_0x155cdb9f0;  1 drivers
v0x155c5df80_0 .net *"_ivl_115", 0 0, L_0x155cdce80;  1 drivers
v0x155c5e030_0 .net *"_ivl_118", 0 0, L_0x155cdd050;  1 drivers
v0x155c5e0e0_0 .net *"_ivl_119", 0 0, L_0x155cdd590;  1 drivers
v0x155c5e190_0 .net *"_ivl_121", 0 0, L_0x155cdd760;  1 drivers
v0x155c5e240_0 .net *"_ivl_124", 0 0, L_0x155cdd7d0;  1 drivers
v0x155c5e2f0_0 .net *"_ivl_126", 0 0, L_0x155cdd970;  1 drivers
v0x155c5e3a0_0 .net *"_ivl_127", 0 0, L_0x155cdd450;  1 drivers
v0x155c5e530_0 .net *"_ivl_13", 0 0, L_0x155cda480;  1 drivers
v0x155c5e5c0_0 .net *"_ivl_130", 0 0, L_0x155cddb00;  1 drivers
v0x155c5e670_0 .net *"_ivl_131", 0 0, L_0x155cdd680;  1 drivers
v0x155c5e720_0 .net *"_ivl_134", 0 0, L_0x155cdd8b0;  1 drivers
v0x155c5e7d0_0 .net *"_ivl_135", 0 0, L_0x155cddcb0;  1 drivers
v0x155c5e880_0 .net *"_ivl_138", 0 0, L_0x155cddea0;  1 drivers
v0x155c5e930_0 .net *"_ivl_139", 0 0, L_0x155cdda10;  1 drivers
v0x155c5e9e0_0 .net *"_ivl_15", 0 0, L_0x155cda560;  1 drivers
v0x155c5ea90_0 .net *"_ivl_16", 0 0, L_0x155cda620;  1 drivers
v0x155c5eb40_0 .net *"_ivl_18", 0 0, L_0x155cda730;  1 drivers
v0x155c5ebf0_0 .net *"_ivl_23", 0 0, L_0x155cda850;  1 drivers
v0x155c5eca0_0 .net *"_ivl_25", 0 0, L_0x155cda8f0;  1 drivers
v0x155c5ed50_0 .net *"_ivl_27", 0 0, L_0x155cda9c0;  1 drivers
v0x155c5ee00_0 .net *"_ivl_28", 0 0, L_0x155cdaae0;  1 drivers
v0x155c5eeb0_0 .net *"_ivl_30", 0 0, L_0x155cdabb0;  1 drivers
v0x155c5ef60_0 .net *"_ivl_33", 0 0, L_0x155cdace0;  1 drivers
v0x155c5e450_0 .net *"_ivl_35", 0 0, L_0x155cdae00;  1 drivers
v0x155c5f1f0_0 .net *"_ivl_36", 0 0, L_0x155cdaea0;  1 drivers
v0x155c5f280_0 .net *"_ivl_39", 0 0, L_0x155cdaf90;  1 drivers
v0x155c5f320_0 .net *"_ivl_40", 0 0, L_0x155cdb0c0;  1 drivers
v0x155c5f3d0_0 .net *"_ivl_42", 0 0, L_0x155cdb1c0;  1 drivers
v0x155c5f480_0 .net *"_ivl_48", 0 0, L_0x155cdb400;  1 drivers
v0x155c5f530_0 .net *"_ivl_50", 0 0, L_0x155cdb500;  1 drivers
v0x155c5f5e0_0 .net *"_ivl_52", 0 0, L_0x155cdb5a0;  1 drivers
v0x155c5f690_0 .net *"_ivl_53", 0 0, L_0x155cdb6b0;  1 drivers
v0x155c5f740_0 .net *"_ivl_55", 0 0, L_0x155cdb7c0;  1 drivers
v0x155c5f7f0_0 .net *"_ivl_58", 0 0, L_0x155cdb870;  1 drivers
v0x155c5f8a0_0 .net *"_ivl_60", 0 0, L_0x155cdb910;  1 drivers
v0x155c5f950_0 .net *"_ivl_61", 0 0, L_0x155cdb640;  1 drivers
v0x155c5fa00_0 .net *"_ivl_64", 0 0, L_0x155cdbba0;  1 drivers
v0x155c5fab0_0 .net *"_ivl_65", 0 0, L_0x155cdbc40;  1 drivers
v0x155c5fb60_0 .net *"_ivl_67", 0 0, L_0x155cdbcf0;  1 drivers
v0x155c5fc10_0 .net *"_ivl_7", 0 0, L_0x155cda2b0;  1 drivers
v0x155c5fcc0_0 .net *"_ivl_70", 0 0, L_0x155cdbe60;  1 drivers
v0x155c5fd70_0 .net *"_ivl_72", 0 0, L_0x155cdbf90;  1 drivers
v0x155c5fe20_0 .net *"_ivl_73", 0 0, L_0x155cdbb30;  1 drivers
v0x155c5fed0_0 .net *"_ivl_76", 0 0, L_0x155cdc070;  1 drivers
v0x155c5ff80_0 .net *"_ivl_77", 0 0, L_0x155cdc1b0;  1 drivers
v0x155c60030_0 .net *"_ivl_80", 0 0, L_0x155cdc2d0;  1 drivers
v0x155c600e0_0 .net *"_ivl_81", 0 0, L_0x155cdc370;  1 drivers
v0x155c60190_0 .net *"_ivl_83", 0 0, L_0x155cdc440;  1 drivers
v0x155c60240_0 .net *"_ivl_86", 0 0, L_0x155cdc610;  1 drivers
v0x155c602f0_0 .net *"_ivl_88", 0 0, L_0x155cdc110;  1 drivers
v0x155c603a0_0 .net *"_ivl_90", 0 0, L_0x155cdc7b0;  1 drivers
v0x155c60450_0 .net *"_ivl_91", 0 0, L_0x155cdaa60;  1 drivers
v0x155c60500_0 .net *"_ivl_93", 0 0, L_0x155cdc950;  1 drivers
v0x155c605b0_0 .net *"_ivl_96", 0 0, L_0x155cdc570;  1 drivers
v0x155c60660_0 .net *"_ivl_98", 0 0, L_0x155cdcaf0;  1 drivers
v0x155c5f010_0 .net *"_ivl_99", 0 0, L_0x155cdcc60;  1 drivers
v0x155c5f0c0_0 .net "a", 3 0, L_0x155cde170;  1 drivers
v0x155c606f0_0 .net "b", 3 0, L_0x155cde210;  1 drivers
v0x155c60780_0 .net "c", 3 0, L_0x155cdb270;  1 drivers
v0x155c60810_0 .net "cin", 0 0, L_0x155cd9a40;  alias, 1 drivers
v0x155c608a0_0 .net8 "cout", 0 0, RS_0x14800f630;  alias, 3 drivers
v0x155c60930_0 .net "sum", 3 0, L_0x155cddda0;  1 drivers
L_0x155cda3a0 .part L_0x155cda1c0, 0, 1;
L_0x155cda480 .part L_0x155cda150, 0, 1;
L_0x155cda560 .part L_0x155cdb270, 0, 1;
L_0x155cda850 .part L_0x155cda1c0, 1, 1;
L_0x155cda8f0 .part L_0x155cda150, 1, 1;
L_0x155cda9c0 .part L_0x155cda1c0, 0, 1;
L_0x155cdace0 .part L_0x155cda150, 1, 1;
L_0x155cdae00 .part L_0x155cda150, 0, 1;
L_0x155cdaf90 .part L_0x155cdb270, 0, 1;
L_0x155cdb270 .concat8 [ 1 1 1 1], L_0x155cda2b0, L_0x155cda730, L_0x155cdb1c0, L_0x155cdc440;
L_0x155cdb400 .part L_0x155cda1c0, 2, 1;
L_0x155cdb500 .part L_0x155cda150, 2, 1;
L_0x155cdb5a0 .part L_0x155cda1c0, 1, 1;
L_0x155cdb870 .part L_0x155cda150, 2, 1;
L_0x155cdb910 .part L_0x155cda150, 1, 1;
L_0x155cdbba0 .part L_0x155cda1c0, 0, 1;
L_0x155cdbe60 .part L_0x155cda150, 2, 1;
L_0x155cdbf90 .part L_0x155cda150, 1, 1;
L_0x155cdc070 .part L_0x155cda150, 0, 1;
L_0x155cdc2d0 .part L_0x155cdb270, 0, 1;
L_0x155cdc610 .part L_0x155cda1c0, 3, 1;
L_0x155cdc110 .part L_0x155cda150, 3, 1;
L_0x155cdc7b0 .part L_0x155cda1c0, 2, 1;
L_0x155cdc570 .part L_0x155cda150, 3, 1;
L_0x155cdcaf0 .part L_0x155cda150, 2, 1;
L_0x155cdccf0 .part L_0x155cda1c0, 1, 1;
L_0x155cdcfb0 .part L_0x155cda150, 3, 1;
L_0x155cdd130 .part L_0x155cda150, 2, 1;
L_0x155cdb9f0 .part L_0x155cda150, 1, 1;
L_0x155cdd050 .part L_0x155cda1c0, 0, 1;
L_0x155cdd7d0 .part L_0x155cda150, 3, 1;
L_0x155cdd970 .part L_0x155cda150, 2, 1;
L_0x155cddb00 .part L_0x155cda150, 1, 1;
L_0x155cdd8b0 .part L_0x155cda150, 0, 1;
L_0x155cddea0 .part L_0x155cdb270, 0, 1;
S_0x155c61480 .scope module, "ROL" "rol" 6 87, 15 1 0, S_0x155c26e20;
 .timescale -9 -11;
    .port_info 0 /INPUT 32 "data_in";
    .port_info 1 /OUTPUT 32 "data_out";
P_0x155c44400 .param/l "DATA_WIDTH" 0 15 1, +C4<00000000000000000000000000100000>;
L_0x144604fb0 .functor OR 32, L_0x144604c90, L_0x144604e50, C4<00000000000000000000000000000000>, C4<00000000000000000000000000000000>;
v0x155c617b0_0 .net *"_ivl_0", 31 0, L_0x144604c90;  1 drivers
L_0x148040370 .functor BUFT 1, C4<0000000000000000000000000000000>, C4<0>, C4<0>, C4<0>;
v0x155c61850_0 .net *"_ivl_10", 30 0, L_0x148040370;  1 drivers
v0x155c618f0_0 .net *"_ivl_2", 30 0, L_0x144604bf0;  1 drivers
L_0x148040328 .functor BUFT 1, C4<0>, C4<0>, C4<0>, C4<0>;
v0x155c61980_0 .net *"_ivl_4", 0 0, L_0x148040328;  1 drivers
v0x155c61a10_0 .net *"_ivl_6", 31 0, L_0x144604e50;  1 drivers
v0x155c61ae0_0 .net *"_ivl_8", 0 0, L_0x144604db0;  1 drivers
v0x155c61b90_0 .net "data_in", 31 0, v0x155c831e0_0;  alias, 1 drivers
v0x155c61d30_0 .net "data_out", 31 0, L_0x144604fb0;  alias, 1 drivers
L_0x144604bf0 .part v0x155c831e0_0, 0, 31;
L_0x144604c90 .concat [ 1 31 0 0], L_0x148040328, L_0x144604bf0;
L_0x144604db0 .part v0x155c831e0_0, 31, 1;
L_0x144604e50 .concat [ 1 31 0 0], L_0x144604db0, L_0x148040370;
S_0x155c61df0 .scope module, "ROR" "ror" 6 82, 16 1 0, S_0x155c26e20;
 .timescale -9 -11;
    .port_info 0 /INPUT 32 "data_in";
    .port_info 1 /OUTPUT 32 "data_out";
P_0x155c61f60 .param/l "DATA_WIDTH" 0 16 1, +C4<00000000000000000000000000100000>;
L_0x144604ac0 .functor OR 32, L_0x1446047e0, L_0x1446049a0, C4<00000000000000000000000000000000>, C4<00000000000000000000000000000000>;
v0x155c62090_0 .net *"_ivl_0", 31 0, L_0x1446047e0;  1 drivers
L_0x1480402e0 .functor BUFT 1, C4<0000000000000000000000000000000>, C4<0>, C4<0>, C4<0>;
v0x155c62140_0 .net *"_ivl_10", 30 0, L_0x1480402e0;  1 drivers
v0x155c621e0_0 .net *"_ivl_2", 30 0, L_0x144604740;  1 drivers
L_0x148040298 .functor BUFT 1, C4<0>, C4<0>, C4<0>, C4<0>;
v0x155c62270_0 .net *"_ivl_4", 0 0, L_0x148040298;  1 drivers
v0x155c62300_0 .net *"_ivl_6", 31 0, L_0x1446049a0;  1 drivers
v0x155c623d0_0 .net *"_ivl_8", 0 0, L_0x144604900;  1 drivers
v0x155c62480_0 .net "data_in", 31 0, v0x155c831e0_0;  alias, 1 drivers
v0x155c62520_0 .net "data_out", 31 0, L_0x144604ac0;  alias, 1 drivers
L_0x144604740 .part v0x155c831e0_0, 1, 31;
L_0x1446047e0 .concat [ 31 1 0 0], L_0x144604740, L_0x148040298;
L_0x144604900 .part v0x155c831e0_0, 0, 1;
L_0x1446049a0 .concat [ 31 1 0 0], L_0x1480402e0, L_0x144604900;
S_0x155c62600 .scope module, "SHL" "shl" 6 77, 17 1 0, S_0x155c26e20;
 .timescale -9 -11;
    .port_info 0 /INPUT 32 "data_in";
    .port_info 1 /OUTPUT 32 "data_out";
P_0x155c627c0 .param/l "DATA_WIDTH" 0 17 1, +C4<00000000000000000000000000100000>;
v0x155c628f0_0 .net *"_ivl_2", 30 0, L_0x144604500;  1 drivers
L_0x148040250 .functor BUFT 1, C4<0>, C4<0>, C4<0>, C4<0>;
v0x155c629b0_0 .net *"_ivl_4", 0 0, L_0x148040250;  1 drivers
v0x155c62a50_0 .net "data_in", 31 0, v0x155c831e0_0;  alias, 1 drivers
v0x155c62ae0_0 .net "data_out", 31 0, L_0x144604620;  alias, 1 drivers
L_0x144604500 .part v0x155c831e0_0, 0, 31;
L_0x144604620 .concat [ 1 31 0 0], L_0x148040250, L_0x144604500;
S_0x155c62b70 .scope module, "SHR" "shr" 6 67, 18 1 0, S_0x155c26e20;
 .timescale -9 -11;
    .port_info 0 /INPUT 32 "data_in";
    .port_info 1 /OUTPUT 32 "data_out";
P_0x155c62d30 .param/l "DATA_WIDTH" 0 18 1, +C4<00000000000000000000000000100000>;
v0x155c62e80_0 .net *"_ivl_2", 30 0, L_0x155cfff40;  1 drivers
L_0x1480401c0 .functor BUFT 1, C4<0>, C4<0>, C4<0>, C4<0>;
v0x155c62f40_0 .net *"_ivl_4", 0 0, L_0x1480401c0;  1 drivers
v0x155c62fe0_0 .net "data_in", 31 0, v0x155c831e0_0;  alias, 1 drivers
v0x155c63070_0 .net "data_out", 31 0, L_0x155c94050;  alias, 1 drivers
L_0x155cfff40 .part v0x155c831e0_0, 1, 31;
L_0x155c94050 .concat [ 31 1 0 0], L_0x155cfff40, L_0x1480401c0;
S_0x155c63100 .scope module, "SHRA" "shra" 6 72, 19 1 0, S_0x155c26e20;
 .timescale -9 -11;
    .port_info 0 /INPUT 32 "data_in";
    .port_info 1 /OUTPUT 32 "data_out";
P_0x155c632c0 .param/l "DATA_WIDTH" 0 19 1, +C4<00000000000000000000000000100000>;
v0x155c63410_0 .net *"_ivl_2", 30 0, L_0x144604300;  1 drivers
L_0x148040208 .functor BUFT 1, C4<0>, C4<0>, C4<0>, C4<0>;
v0x155c634d0_0 .net *"_ivl_4", 0 0, L_0x148040208;  1 drivers
v0x155c63570_0 .net "data_in", 31 0, v0x155c831e0_0;  alias, 1 drivers
v0x155c63600_0 .net "data_out", 31 0, L_0x1446043a0;  alias, 1 drivers
L_0x144604300 .part v0x155c831e0_0, 1, 31;
L_0x1446043a0 .concat [ 31 1 0 0], L_0x144604300, L_0x148040208;
S_0x155c63690 .scope module, "SUB" "subtract" 6 34, 20 1 0, S_0x155c26e20;
 .timescale -9 -11;
    .port_info 0 /INPUT 32 "a";
    .port_info 1 /INPUT 32 "b";
    .port_info 2 /INPUT 1 "cin";
    .port_info 3 /OUTPUT 32 "sum";
    .port_info 4 /OUTPUT 1 "cout";
P_0x155c63850 .param/l "DATA_WIDTH" 0 20 1, +C4<00000000000000000000000000100000>;
L_0x155cde830 .functor NOT 32, v0x155c831e0_0, C4<00000000000000000000000000000000>, C4<00000000000000000000000000000000>, C4<00000000000000000000000000000000>;
v0x155c7f550_0 .net *"_ivl_0", 31 0, L_0x155cde830;  1 drivers
L_0x148040130 .functor BUFT 1, C4<00000000000000000000000000000001>, C4<0>, C4<0>, C4<0>;
v0x155c7f5f0_0 .net/2u *"_ivl_2", 31 0, L_0x148040130;  1 drivers
v0x155c7f690_0 .net "a", 31 0, v0x155c94220_0;  alias, 1 drivers
v0x155c7f720_0 .net "b", 31 0, v0x155c831e0_0;  alias, 1 drivers
L_0x148040178 .functor BUFT 1, C4<0>, C4<0>, C4<0>, C4<0>;
v0x155c7f7c0_0 .net "cin", 0 0, L_0x148040178;  1 drivers
v0x155c7f890_0 .net8 "cout", 0 0, RS_0x14800f630;  alias, 3 drivers
v0x155c7f920_0 .net "negative_b", 31 0, L_0x155cde8a0;  1 drivers
v0x155c7f9c0_0 .net "sum", 31 0, L_0x155cffd10;  alias, 1 drivers
L_0x155cde8a0 .arith/sum 32, L_0x155cde830, L_0x148040130;
S_0x155c639a0 .scope module, "n1" "collective_add" 20 12, 7 22 0, S_0x155c63690;
 .timescale -9 -11;
    .port_info 0 /INPUT 32 "d1";
    .port_info 1 /INPUT 32 "d2";
    .port_info 2 /INPUT 1 "cin";
    .port_info 3 /OUTPUT 32 "sum";
    .port_info 4 /OUTPUT 1 "cout";
P_0x155c63b60 .param/l "DATA_WIDTH" 0 7 22, +C4<00000000000000000000000000100000>;
v0x155c7f030_0 .net "c1", 0 0, L_0x155cee8b0;  1 drivers
v0x155c7f140_0 .net "cin", 0 0, L_0x148040178;  alias, 1 drivers
v0x155c7f1d0_0 .net8 "cout", 0 0, RS_0x14800f630;  alias, 3 drivers
v0x155c7f360_0 .net "d1", 31 0, v0x155c94220_0;  alias, 1 drivers
v0x155c7f3f0_0 .net "d2", 31 0, L_0x155cde8a0;  alias, 1 drivers
v0x155c7f4c0_0 .net "sum", 31 0, L_0x155cffd10;  alias, 1 drivers
L_0x155cef1f0 .part v0x155c94220_0, 0, 16;
L_0x155cef290 .part L_0x155cde8a0, 0, 16;
L_0x155cffb50 .part v0x155c94220_0, 16, 16;
L_0x155cffbf0 .part L_0x155cde8a0, 16, 16;
L_0x155cffd10 .concat8 [ 16 16 0 0], L_0x155cef040, L_0x155cff9a0;
S_0x155c63cb0 .scope module, "n1" "cla16" 7 32, 7 4 0, S_0x155c639a0;
 .timescale -9 -11;
    .port_info 0 /INPUT 16 "d1";
    .port_info 1 /INPUT 16 "d2";
    .port_info 2 /INPUT 1 "cin";
    .port_info 3 /OUTPUT 16 "sum";
    .port_info 4 /OUTPUT 1 "cout";
P_0x155c63e80 .param/l "DATA_WIDTH" 0 7 4, +C4<00000000000000000000000000100000>;
v0x155c710a0_0 .net "c1", 0 0, L_0x155ce23e0;  1 drivers
v0x155c71180_0 .net "c2", 0 0, L_0x155ce6570;  1 drivers
v0x155c71250_0 .net "c3", 0 0, L_0x155cea730;  1 drivers
v0x155c71320_0 .net "cin", 0 0, L_0x148040178;  alias, 1 drivers
v0x155c713b0_0 .net "cout", 0 0, L_0x155cee8b0;  alias, 1 drivers
v0x155c71480_0 .net "d1", 15 0, L_0x155cef1f0;  1 drivers
v0x155c71510_0 .net "d2", 15 0, L_0x155cef290;  1 drivers
v0x155c715a0_0 .net "sum", 15 0, L_0x155cef040;  1 drivers
L_0x155ce29b0 .part L_0x155cef1f0, 0, 4;
L_0x155ce2a50 .part L_0x155cef290, 0, 4;
L_0x155ce6b40 .part L_0x155cef1f0, 4, 4;
L_0x155ce6be0 .part L_0x155cef290, 4, 4;
L_0x155cead00 .part L_0x155cef1f0, 8, 4;
L_0x155ceada0 .part L_0x155cef290, 8, 4;
L_0x155ceee80 .part L_0x155cef1f0, 12, 4;
L_0x155ceef20 .part L_0x155cef290, 12, 4;
L_0x155cef040 .concat8 [ 4 4 4 4], L_0x155ce25e0, L_0x155ce6770, L_0x155cea930, L_0x155ceeab0;
S_0x155c63fd0 .scope module, "n1" "cla_4" 7 14, 8 3 0, S_0x155c63cb0;
 .timescale -9 -11;
    .port_info 0 /INPUT 4 "a";
    .port_info 1 /INPUT 4 "b";
    .port_info 2 /INPUT 1 "cin";
    .port_info 3 /OUTPUT 4 "sum";
    .port_info 4 /OUTPUT 1 "cout";
L_0x155cdea20 .functor XOR 4, L_0x155ce29b0, L_0x155ce2a50, C4<0000>, C4<0000>;
L_0x155cdea90 .functor AND 4, L_0x155ce29b0, L_0x155ce2a50, C4<1111>, C4<1111>;
L_0x155cdeb80 .functor BUFZ 1, L_0x148040178, C4<0>, C4<0>, C4<0>;
L_0x155cdee90 .functor AND 1, L_0x155cded10, L_0x155cdedf0, C4<1>, C4<1>;
L_0x155cdef80 .functor OR 1, L_0x155cdec70, L_0x155cdee90, C4<0>, C4<0>;
L_0x155cdf300 .functor AND 1, L_0x155cdf140, L_0x155cdf1e0, C4<1>, C4<1>;
L_0x155cdf3f0 .functor OR 1, L_0x155cdf0a0, L_0x155cdf300, C4<0>, C4<0>;
L_0x155cdf6e0 .functor AND 1, L_0x155cdf520, L_0x155cdf640, C4<1>, C4<1>;
L_0x155cdf900 .functor AND 1, L_0x155cdf6e0, L_0x155cdf7d0, C4<1>, C4<1>;
L_0x155cdfa00 .functor OR 1, L_0x155cdf3f0, L_0x155cdf900, C4<0>, C4<0>;
L_0x155cdfef0 .functor AND 1, L_0x155cdfd40, L_0x155cdfde0, C4<1>, C4<1>;
L_0x155ce0000 .functor OR 1, L_0x155cdfc40, L_0x155cdfef0, C4<0>, C4<0>;
L_0x155cdfe80 .functor AND 1, L_0x155ce00b0, L_0x155ce0150, C4<1>, C4<1>;
L_0x155ce0480 .functor AND 1, L_0x155cdfe80, L_0x155ce03e0, C4<1>, C4<1>;
L_0x155ce0530 .functor OR 1, L_0x155ce0000, L_0x155ce0480, C4<0>, C4<0>;
L_0x155ce0370 .functor AND 1, L_0x155ce06a0, L_0x155ce07d0, C4<1>, C4<1>;
L_0x155ce09f0 .functor AND 1, L_0x155ce0370, L_0x155ce08b0, C4<1>, C4<1>;
L_0x155ce0bb0 .functor AND 1, L_0x155ce09f0, L_0x155ce0b10, C4<1>, C4<1>;
L_0x155ce0c80 .functor OR 1, L_0x155ce0530, L_0x155ce0bb0, C4<0>, C4<0>;
L_0x155cdf280 .functor AND 1, L_0x155ce0950, L_0x155ce0ff0, C4<1>, C4<1>;
L_0x155ce1190 .functor OR 1, L_0x155ce0e50, L_0x155cdf280, C4<0>, C4<0>;
L_0x155ce14a0 .functor AND 1, L_0x155ce0db0, L_0x155ce1330, C4<1>, C4<1>;
L_0x155ce15d0 .functor AND 1, L_0x155ce14a0, L_0x155ce1530, C4<1>, C4<1>;
L_0x155ce1780 .functor OR 1, L_0x155ce1190, L_0x155ce15d0, C4<0>, C4<0>;
L_0x155ce13d0 .functor AND 1, L_0x155ce17f0, L_0x155ce1970, C4<1>, C4<1>;
L_0x155ce16c0 .functor AND 1, L_0x155ce13d0, L_0x155ce0230, C4<1>, C4<1>;
L_0x155ce1dd0 .functor AND 1, L_0x155ce16c0, L_0x155ce1890, C4<1>, C4<1>;
L_0x155ce1fa0 .functor OR 1, L_0x155ce1780, L_0x155ce1dd0, C4<0>, C4<0>;
L_0x155ce1c90 .functor AND 1, L_0x155ce2010, L_0x155ce21b0, C4<1>, C4<1>;
L_0x155ce1ec0 .functor AND 1, L_0x155ce1c90, L_0x155ce2340, C4<1>, C4<1>;
L_0x155ce24f0 .functor AND 1, L_0x155ce1ec0, L_0x155ce20f0, C4<1>, C4<1>;
L_0x155ce2250 .functor AND 1, L_0x155ce24f0, L_0x155ce26e0, C4<1>, C4<1>;
L_0x155ce23e0 .functor OR 1, L_0x155ce1fa0, L_0x155ce2250, C4<0>, C4<0>;
L_0x155ce25e0 .functor XOR 4, L_0x155cdea20, L_0x155cdfab0, C4<0000>, C4<0000>;
v0x155c64250_0 .net "G", 3 0, L_0x155cdea90;  1 drivers
v0x155c64310_0 .net "P", 3 0, L_0x155cdea20;  1 drivers
v0x155c643c0_0 .net *"_ivl_102", 0 0, L_0x155ce1530;  1 drivers
v0x155c64480_0 .net *"_ivl_103", 0 0, L_0x155ce15d0;  1 drivers
v0x155c64530_0 .net *"_ivl_105", 0 0, L_0x155ce1780;  1 drivers
v0x155c64620_0 .net *"_ivl_108", 0 0, L_0x155ce17f0;  1 drivers
v0x155c646d0_0 .net *"_ivl_11", 0 0, L_0x155cdec70;  1 drivers
v0x155c64780_0 .net *"_ivl_110", 0 0, L_0x155ce1970;  1 drivers
v0x155c64830_0 .net *"_ivl_111", 0 0, L_0x155ce13d0;  1 drivers
v0x155c64940_0 .net *"_ivl_114", 0 0, L_0x155ce0230;  1 drivers
v0x155c649f0_0 .net *"_ivl_115", 0 0, L_0x155ce16c0;  1 drivers
v0x155c64aa0_0 .net *"_ivl_118", 0 0, L_0x155ce1890;  1 drivers
v0x155c64b50_0 .net *"_ivl_119", 0 0, L_0x155ce1dd0;  1 drivers
v0x155c64c00_0 .net *"_ivl_121", 0 0, L_0x155ce1fa0;  1 drivers
v0x155c64cb0_0 .net *"_ivl_124", 0 0, L_0x155ce2010;  1 drivers
v0x155c64d60_0 .net *"_ivl_126", 0 0, L_0x155ce21b0;  1 drivers
v0x155c64e10_0 .net *"_ivl_127", 0 0, L_0x155ce1c90;  1 drivers
v0x155c64fa0_0 .net *"_ivl_13", 0 0, L_0x155cded10;  1 drivers
v0x155c65030_0 .net *"_ivl_130", 0 0, L_0x155ce2340;  1 drivers
v0x155c650e0_0 .net *"_ivl_131", 0 0, L_0x155ce1ec0;  1 drivers
v0x155c65190_0 .net *"_ivl_134", 0 0, L_0x155ce20f0;  1 drivers
v0x155c65240_0 .net *"_ivl_135", 0 0, L_0x155ce24f0;  1 drivers
v0x155c652f0_0 .net *"_ivl_138", 0 0, L_0x155ce26e0;  1 drivers
v0x155c653a0_0 .net *"_ivl_139", 0 0, L_0x155ce2250;  1 drivers
v0x155c65450_0 .net *"_ivl_15", 0 0, L_0x155cdedf0;  1 drivers
v0x155c65500_0 .net *"_ivl_16", 0 0, L_0x155cdee90;  1 drivers
v0x155c655b0_0 .net *"_ivl_18", 0 0, L_0x155cdef80;  1 drivers
v0x155c65660_0 .net *"_ivl_23", 0 0, L_0x155cdf0a0;  1 drivers
v0x155c65710_0 .net *"_ivl_25", 0 0, L_0x155cdf140;  1 drivers
v0x155c657c0_0 .net *"_ivl_27", 0 0, L_0x155cdf1e0;  1 drivers
v0x155c65870_0 .net *"_ivl_28", 0 0, L_0x155cdf300;  1 drivers
v0x155c65920_0 .net *"_ivl_30", 0 0, L_0x155cdf3f0;  1 drivers
v0x155c659d0_0 .net *"_ivl_33", 0 0, L_0x155cdf520;  1 drivers
v0x155c64ec0_0 .net *"_ivl_35", 0 0, L_0x155cdf640;  1 drivers
v0x155c65c60_0 .net *"_ivl_36", 0 0, L_0x155cdf6e0;  1 drivers
v0x155c65cf0_0 .net *"_ivl_39", 0 0, L_0x155cdf7d0;  1 drivers
v0x155c65d90_0 .net *"_ivl_40", 0 0, L_0x155cdf900;  1 drivers
v0x155c65e40_0 .net *"_ivl_42", 0 0, L_0x155cdfa00;  1 drivers
v0x155c65ef0_0 .net *"_ivl_48", 0 0, L_0x155cdfc40;  1 drivers
v0x155c65fa0_0 .net *"_ivl_50", 0 0, L_0x155cdfd40;  1 drivers
v0x155c66050_0 .net *"_ivl_52", 0 0, L_0x155cdfde0;  1 drivers
v0x155c66100_0 .net *"_ivl_53", 0 0, L_0x155cdfef0;  1 drivers
v0x155c661b0_0 .net *"_ivl_55", 0 0, L_0x155ce0000;  1 drivers
v0x155c66260_0 .net *"_ivl_58", 0 0, L_0x155ce00b0;  1 drivers
v0x155c66310_0 .net *"_ivl_60", 0 0, L_0x155ce0150;  1 drivers
v0x155c663c0_0 .net *"_ivl_61", 0 0, L_0x155cdfe80;  1 drivers
v0x155c66470_0 .net *"_ivl_64", 0 0, L_0x155ce03e0;  1 drivers
v0x155c66520_0 .net *"_ivl_65", 0 0, L_0x155ce0480;  1 drivers
v0x155c665d0_0 .net *"_ivl_67", 0 0, L_0x155ce0530;  1 drivers
v0x155c66680_0 .net *"_ivl_7", 0 0, L_0x155cdeb80;  1 drivers
v0x155c66730_0 .net *"_ivl_70", 0 0, L_0x155ce06a0;  1 drivers
v0x155c667e0_0 .net *"_ivl_72", 0 0, L_0x155ce07d0;  1 drivers
v0x155c66890_0 .net *"_ivl_73", 0 0, L_0x155ce0370;  1 drivers
v0x155c66940_0 .net *"_ivl_76", 0 0, L_0x155ce08b0;  1 drivers
v0x155c669f0_0 .net *"_ivl_77", 0 0, L_0x155ce09f0;  1 drivers
v0x155c66aa0_0 .net *"_ivl_80", 0 0, L_0x155ce0b10;  1 drivers
v0x155c66b50_0 .net *"_ivl_81", 0 0, L_0x155ce0bb0;  1 drivers
v0x155c66c00_0 .net *"_ivl_83", 0 0, L_0x155ce0c80;  1 drivers
v0x155c66cb0_0 .net *"_ivl_86", 0 0, L_0x155ce0e50;  1 drivers
v0x155c66d60_0 .net *"_ivl_88", 0 0, L_0x155ce0950;  1 drivers
v0x155c66e10_0 .net *"_ivl_90", 0 0, L_0x155ce0ff0;  1 drivers
v0x155c66ec0_0 .net *"_ivl_91", 0 0, L_0x155cdf280;  1 drivers
v0x155c66f70_0 .net *"_ivl_93", 0 0, L_0x155ce1190;  1 drivers
v0x155c67020_0 .net *"_ivl_96", 0 0, L_0x155ce0db0;  1 drivers
v0x155c670d0_0 .net *"_ivl_98", 0 0, L_0x155ce1330;  1 drivers
v0x155c65a80_0 .net *"_ivl_99", 0 0, L_0x155ce14a0;  1 drivers
v0x155c65b30_0 .net "a", 3 0, L_0x155ce29b0;  1 drivers
v0x155c67160_0 .net "b", 3 0, L_0x155ce2a50;  1 drivers
v0x155c671f0_0 .net "c", 3 0, L_0x155cdfab0;  1 drivers
v0x155c67280_0 .net "cin", 0 0, L_0x148040178;  alias, 1 drivers
v0x155c67310_0 .net "cout", 0 0, L_0x155ce23e0;  alias, 1 drivers
v0x155c673a0_0 .net "sum", 3 0, L_0x155ce25e0;  1 drivers
L_0x155cdec70 .part L_0x155cdea90, 0, 1;
L_0x155cded10 .part L_0x155cdea20, 0, 1;
L_0x155cdedf0 .part L_0x155cdfab0, 0, 1;
L_0x155cdf0a0 .part L_0x155cdea90, 1, 1;
L_0x155cdf140 .part L_0x155cdea20, 1, 1;
L_0x155cdf1e0 .part L_0x155cdea90, 0, 1;
L_0x155cdf520 .part L_0x155cdea20, 1, 1;
L_0x155cdf640 .part L_0x155cdea20, 0, 1;
L_0x155cdf7d0 .part L_0x155cdfab0, 0, 1;
L_0x155cdfab0 .concat8 [ 1 1 1 1], L_0x155cdeb80, L_0x155cdef80, L_0x155cdfa00, L_0x155ce0c80;
L_0x155cdfc40 .part L_0x155cdea90, 2, 1;
L_0x155cdfd40 .part L_0x155cdea20, 2, 1;
L_0x155cdfde0 .part L_0x155cdea90, 1, 1;
L_0x155ce00b0 .part L_0x155cdea20, 2, 1;
L_0x155ce0150 .part L_0x155cdea20, 1, 1;
L_0x155ce03e0 .part L_0x155cdea90, 0, 1;
L_0x155ce06a0 .part L_0x155cdea20, 2, 1;
L_0x155ce07d0 .part L_0x155cdea20, 1, 1;
L_0x155ce08b0 .part L_0x155cdea20, 0, 1;
L_0x155ce0b10 .part L_0x155cdfab0, 0, 1;
L_0x155ce0e50 .part L_0x155cdea90, 3, 1;
L_0x155ce0950 .part L_0x155cdea20, 3, 1;
L_0x155ce0ff0 .part L_0x155cdea90, 2, 1;
L_0x155ce0db0 .part L_0x155cdea20, 3, 1;
L_0x155ce1330 .part L_0x155cdea20, 2, 1;
L_0x155ce1530 .part L_0x155cdea90, 1, 1;
L_0x155ce17f0 .part L_0x155cdea20, 3, 1;
L_0x155ce1970 .part L_0x155cdea20, 2, 1;
L_0x155ce0230 .part L_0x155cdea20, 1, 1;
L_0x155ce1890 .part L_0x155cdea90, 0, 1;
L_0x155ce2010 .part L_0x155cdea20, 3, 1;
L_0x155ce21b0 .part L_0x155cdea20, 2, 1;
L_0x155ce2340 .part L_0x155cdea20, 1, 1;
L_0x155ce20f0 .part L_0x155cdea20, 0, 1;
L_0x155ce26e0 .part L_0x155cdfab0, 0, 1;
S_0x155c674b0 .scope module, "n2" "cla_4" 7 15, 8 3 0, S_0x155c63cb0;
 .timescale -9 -11;
    .port_info 0 /INPUT 4 "a";
    .port_info 1 /INPUT 4 "b";
    .port_info 2 /INPUT 1 "cin";
    .port_info 3 /OUTPUT 4 "sum";
    .port_info 4 /OUTPUT 1 "cout";
L_0x155ce2650 .functor XOR 4, L_0x155ce6b40, L_0x155ce6be0, C4<0000>, C4<0000>;
L_0x155ce2b50 .functor AND 4, L_0x155ce6b40, L_0x155ce6be0, C4<1111>, C4<1111>;
L_0x155ce2c80 .functor BUFZ 1, L_0x155ce23e0, C4<0>, C4<0>, C4<0>;
L_0x155ce2ff0 .functor AND 1, L_0x155ce2e50, L_0x155ce2f30, C4<1>, C4<1>;
L_0x155ce3100 .functor OR 1, L_0x155ce2d70, L_0x155ce2ff0, C4<0>, C4<0>;
L_0x155ce34b0 .functor AND 1, L_0x155ce32c0, L_0x155ce3390, C4<1>, C4<1>;
L_0x155ce3580 .functor OR 1, L_0x155ce3220, L_0x155ce34b0, C4<0>, C4<0>;
L_0x155ce3870 .functor AND 1, L_0x155ce36b0, L_0x155ce37d0, C4<1>, C4<1>;
L_0x155ce3a90 .functor AND 1, L_0x155ce3870, L_0x155ce3960, C4<1>, C4<1>;
L_0x155ce3b90 .functor OR 1, L_0x155ce3580, L_0x155ce3a90, C4<0>, C4<0>;
L_0x155ce4080 .functor AND 1, L_0x155ce3ed0, L_0x155ce3f70, C4<1>, C4<1>;
L_0x155ce4190 .functor OR 1, L_0x155ce3dd0, L_0x155ce4080, C4<0>, C4<0>;
L_0x155ce4010 .functor AND 1, L_0x155ce4240, L_0x155ce42e0, C4<1>, C4<1>;
L_0x155ce4610 .functor AND 1, L_0x155ce4010, L_0x155ce4570, C4<1>, C4<1>;
L_0x155ce46c0 .functor OR 1, L_0x155ce4190, L_0x155ce4610, C4<0>, C4<0>;
L_0x155ce4500 .functor AND 1, L_0x155ce4830, L_0x155ce4960, C4<1>, C4<1>;
L_0x155ce4b80 .functor AND 1, L_0x155ce4500, L_0x155ce4a40, C4<1>, C4<1>;
L_0x155ce4d40 .functor AND 1, L_0x155ce4b80, L_0x155ce4ca0, C4<1>, C4<1>;
L_0x155ce4e10 .functor OR 1, L_0x155ce46c0, L_0x155ce4d40, C4<0>, C4<0>;
L_0x155ce3430 .functor AND 1, L_0x155ce4ae0, L_0x155ce5180, C4<1>, C4<1>;
L_0x155ce5320 .functor OR 1, L_0x155ce4fe0, L_0x155ce3430, C4<0>, C4<0>;
L_0x155ce5630 .functor AND 1, L_0x155ce4f40, L_0x155ce54c0, C4<1>, C4<1>;
L_0x155ce5760 .functor AND 1, L_0x155ce5630, L_0x155ce56c0, C4<1>, C4<1>;
L_0x155ce5910 .functor OR 1, L_0x155ce5320, L_0x155ce5760, C4<0>, C4<0>;
L_0x155ce5560 .functor AND 1, L_0x155ce5980, L_0x155ce5b00, C4<1>, C4<1>;
L_0x155ce5850 .functor AND 1, L_0x155ce5560, L_0x155ce43c0, C4<1>, C4<1>;
L_0x155ce5f60 .functor AND 1, L_0x155ce5850, L_0x155ce5a20, C4<1>, C4<1>;
L_0x155ce6130 .functor OR 1, L_0x155ce5910, L_0x155ce5f60, C4<0>, C4<0>;
L_0x155ce5e20 .functor AND 1, L_0x155ce61a0, L_0x155ce6340, C4<1>, C4<1>;
L_0x155ce6050 .functor AND 1, L_0x155ce5e20, L_0x155ce64d0, C4<1>, C4<1>;
L_0x155ce6680 .functor AND 1, L_0x155ce6050, L_0x155ce6280, C4<1>, C4<1>;
L_0x155ce63e0 .functor AND 1, L_0x155ce6680, L_0x155ce6870, C4<1>, C4<1>;
L_0x155ce6570 .functor OR 1, L_0x155ce6130, L_0x155ce63e0, C4<0>, C4<0>;
L_0x155ce6770 .functor XOR 4, L_0x155ce2650, L_0x155ce3c40, C4<0000>, C4<0000>;
v0x155c676a0_0 .net "G", 3 0, L_0x155ce2b50;  1 drivers
v0x155c67730_0 .net "P", 3 0, L_0x155ce2650;  1 drivers
v0x155c677e0_0 .net *"_ivl_102", 0 0, L_0x155ce56c0;  1 drivers
v0x155c678a0_0 .net *"_ivl_103", 0 0, L_0x155ce5760;  1 drivers
v0x155c67950_0 .net *"_ivl_105", 0 0, L_0x155ce5910;  1 drivers
v0x155c67a40_0 .net *"_ivl_108", 0 0, L_0x155ce5980;  1 drivers
v0x155c67af0_0 .net *"_ivl_11", 0 0, L_0x155ce2d70;  1 drivers
v0x155c67ba0_0 .net *"_ivl_110", 0 0, L_0x155ce5b00;  1 drivers
v0x155c67c50_0 .net *"_ivl_111", 0 0, L_0x155ce5560;  1 drivers
v0x155c67d60_0 .net *"_ivl_114", 0 0, L_0x155ce43c0;  1 drivers
v0x155c67e10_0 .net *"_ivl_115", 0 0, L_0x155ce5850;  1 drivers
v0x155c67ec0_0 .net *"_ivl_118", 0 0, L_0x155ce5a20;  1 drivers
v0x155c67f70_0 .net *"_ivl_119", 0 0, L_0x155ce5f60;  1 drivers
v0x155c68020_0 .net *"_ivl_121", 0 0, L_0x155ce6130;  1 drivers
v0x155c680d0_0 .net *"_ivl_124", 0 0, L_0x155ce61a0;  1 drivers
v0x155c68180_0 .net *"_ivl_126", 0 0, L_0x155ce6340;  1 drivers
v0x155c68230_0 .net *"_ivl_127", 0 0, L_0x155ce5e20;  1 drivers
v0x155c683c0_0 .net *"_ivl_13", 0 0, L_0x155ce2e50;  1 drivers
v0x155c68450_0 .net *"_ivl_130", 0 0, L_0x155ce64d0;  1 drivers
v0x155c68500_0 .net *"_ivl_131", 0 0, L_0x155ce6050;  1 drivers
v0x155c685b0_0 .net *"_ivl_134", 0 0, L_0x155ce6280;  1 drivers
v0x155c68660_0 .net *"_ivl_135", 0 0, L_0x155ce6680;  1 drivers
v0x155c68710_0 .net *"_ivl_138", 0 0, L_0x155ce6870;  1 drivers
v0x155c687c0_0 .net *"_ivl_139", 0 0, L_0x155ce63e0;  1 drivers
v0x155c68870_0 .net *"_ivl_15", 0 0, L_0x155ce2f30;  1 drivers
v0x155c68920_0 .net *"_ivl_16", 0 0, L_0x155ce2ff0;  1 drivers
v0x155c689d0_0 .net *"_ivl_18", 0 0, L_0x155ce3100;  1 drivers
v0x155c68a80_0 .net *"_ivl_23", 0 0, L_0x155ce3220;  1 drivers
v0x155c68b30_0 .net *"_ivl_25", 0 0, L_0x155ce32c0;  1 drivers
v0x155c68be0_0 .net *"_ivl_27", 0 0, L_0x155ce3390;  1 drivers
v0x155c68c90_0 .net *"_ivl_28", 0 0, L_0x155ce34b0;  1 drivers
v0x155c68d40_0 .net *"_ivl_30", 0 0, L_0x155ce3580;  1 drivers
v0x155c68df0_0 .net *"_ivl_33", 0 0, L_0x155ce36b0;  1 drivers
v0x155c682e0_0 .net *"_ivl_35", 0 0, L_0x155ce37d0;  1 drivers
v0x155c69080_0 .net *"_ivl_36", 0 0, L_0x155ce3870;  1 drivers
v0x155c69110_0 .net *"_ivl_39", 0 0, L_0x155ce3960;  1 drivers
v0x155c691b0_0 .net *"_ivl_40", 0 0, L_0x155ce3a90;  1 drivers
v0x155c69260_0 .net *"_ivl_42", 0 0, L_0x155ce3b90;  1 drivers
v0x155c69310_0 .net *"_ivl_48", 0 0, L_0x155ce3dd0;  1 drivers
v0x155c693c0_0 .net *"_ivl_50", 0 0, L_0x155ce3ed0;  1 drivers
v0x155c69470_0 .net *"_ivl_52", 0 0, L_0x155ce3f70;  1 drivers
v0x155c69520_0 .net *"_ivl_53", 0 0, L_0x155ce4080;  1 drivers
v0x155c695d0_0 .net *"_ivl_55", 0 0, L_0x155ce4190;  1 drivers
v0x155c69680_0 .net *"_ivl_58", 0 0, L_0x155ce4240;  1 drivers
v0x155c69730_0 .net *"_ivl_60", 0 0, L_0x155ce42e0;  1 drivers
v0x155c697e0_0 .net *"_ivl_61", 0 0, L_0x155ce4010;  1 drivers
v0x155c69890_0 .net *"_ivl_64", 0 0, L_0x155ce4570;  1 drivers
v0x155c69940_0 .net *"_ivl_65", 0 0, L_0x155ce4610;  1 drivers
v0x155c699f0_0 .net *"_ivl_67", 0 0, L_0x155ce46c0;  1 drivers
v0x155c69aa0_0 .net *"_ivl_7", 0 0, L_0x155ce2c80;  1 drivers
v0x155c69b50_0 .net *"_ivl_70", 0 0, L_0x155ce4830;  1 drivers
v0x155c69c00_0 .net *"_ivl_72", 0 0, L_0x155ce4960;  1 drivers
v0x155c69cb0_0 .net *"_ivl_73", 0 0, L_0x155ce4500;  1 drivers
v0x155c69d60_0 .net *"_ivl_76", 0 0, L_0x155ce4a40;  1 drivers
v0x155c69e10_0 .net *"_ivl_77", 0 0, L_0x155ce4b80;  1 drivers
v0x155c69ec0_0 .net *"_ivl_80", 0 0, L_0x155ce4ca0;  1 drivers
v0x155c69f70_0 .net *"_ivl_81", 0 0, L_0x155ce4d40;  1 drivers
v0x155c6a020_0 .net *"_ivl_83", 0 0, L_0x155ce4e10;  1 drivers
v0x155c6a0d0_0 .net *"_ivl_86", 0 0, L_0x155ce4fe0;  1 drivers
v0x155c6a180_0 .net *"_ivl_88", 0 0, L_0x155ce4ae0;  1 drivers
v0x155c6a230_0 .net *"_ivl_90", 0 0, L_0x155ce5180;  1 drivers
v0x155c6a2e0_0 .net *"_ivl_91", 0 0, L_0x155ce3430;  1 drivers
v0x155c6a390_0 .net *"_ivl_93", 0 0, L_0x155ce5320;  1 drivers
v0x155c6a440_0 .net *"_ivl_96", 0 0, L_0x155ce4f40;  1 drivers
v0x155c6a4f0_0 .net *"_ivl_98", 0 0, L_0x155ce54c0;  1 drivers
v0x155c68ea0_0 .net *"_ivl_99", 0 0, L_0x155ce5630;  1 drivers
v0x155c68f50_0 .net "a", 3 0, L_0x155ce6b40;  1 drivers
v0x155c6a580_0 .net "b", 3 0, L_0x155ce6be0;  1 drivers
v0x155c6a610_0 .net "c", 3 0, L_0x155ce3c40;  1 drivers
v0x155c6a6a0_0 .net "cin", 0 0, L_0x155ce23e0;  alias, 1 drivers
v0x155c6a730_0 .net "cout", 0 0, L_0x155ce6570;  alias, 1 drivers
v0x155c6a7c0_0 .net "sum", 3 0, L_0x155ce6770;  1 drivers
L_0x155ce2d70 .part L_0x155ce2b50, 0, 1;
L_0x155ce2e50 .part L_0x155ce2650, 0, 1;
L_0x155ce2f30 .part L_0x155ce3c40, 0, 1;
L_0x155ce3220 .part L_0x155ce2b50, 1, 1;
L_0x155ce32c0 .part L_0x155ce2650, 1, 1;
L_0x155ce3390 .part L_0x155ce2b50, 0, 1;
L_0x155ce36b0 .part L_0x155ce2650, 1, 1;
L_0x155ce37d0 .part L_0x155ce2650, 0, 1;
L_0x155ce3960 .part L_0x155ce3c40, 0, 1;
L_0x155ce3c40 .concat8 [ 1 1 1 1], L_0x155ce2c80, L_0x155ce3100, L_0x155ce3b90, L_0x155ce4e10;
L_0x155ce3dd0 .part L_0x155ce2b50, 2, 1;
L_0x155ce3ed0 .part L_0x155ce2650, 2, 1;
L_0x155ce3f70 .part L_0x155ce2b50, 1, 1;
L_0x155ce4240 .part L_0x155ce2650, 2, 1;
L_0x155ce42e0 .part L_0x155ce2650, 1, 1;
L_0x155ce4570 .part L_0x155ce2b50, 0, 1;
L_0x155ce4830 .part L_0x155ce2650, 2, 1;
L_0x155ce4960 .part L_0x155ce2650, 1, 1;
L_0x155ce4a40 .part L_0x155ce2650, 0, 1;
L_0x155ce4ca0 .part L_0x155ce3c40, 0, 1;
L_0x155ce4fe0 .part L_0x155ce2b50, 3, 1;
L_0x155ce4ae0 .part L_0x155ce2650, 3, 1;
L_0x155ce5180 .part L_0x155ce2b50, 2, 1;
L_0x155ce4f40 .part L_0x155ce2650, 3, 1;
L_0x155ce54c0 .part L_0x155ce2650, 2, 1;
L_0x155ce56c0 .part L_0x155ce2b50, 1, 1;
L_0x155ce5980 .part L_0x155ce2650, 3, 1;
L_0x155ce5b00 .part L_0x155ce2650, 2, 1;
L_0x155ce43c0 .part L_0x155ce2650, 1, 1;
L_0x155ce5a20 .part L_0x155ce2b50, 0, 1;
L_0x155ce61a0 .part L_0x155ce2650, 3, 1;
L_0x155ce6340 .part L_0x155ce2650, 2, 1;
L_0x155ce64d0 .part L_0x155ce2650, 1, 1;
L_0x155ce6280 .part L_0x155ce2650, 0, 1;
L_0x155ce6870 .part L_0x155ce3c40, 0, 1;
S_0x155c6a850 .scope module, "n3" "cla_4" 7 16, 8 3 0, S_0x155c63cb0;
 .timescale -9 -11;
    .port_info 0 /INPUT 4 "a";
    .port_info 1 /INPUT 4 "b";
    .port_info 2 /INPUT 1 "cin";
    .port_info 3 /OUTPUT 4 "sum";
    .port_info 4 /OUTPUT 1 "cout";
L_0x155ce6c80 .functor XOR 4, L_0x155cead00, L_0x155ceada0, C4<0000>, C4<0000>;
L_0x155ce6cf0 .functor AND 4, L_0x155cead00, L_0x155ceada0, C4<1111>, C4<1111>;
L_0x155ce6e20 .functor BUFZ 1, L_0x155ce6570, C4<0>, C4<0>, C4<0>;
L_0x155ce7190 .functor AND 1, L_0x155ce6ff0, L_0x155ce70d0, C4<1>, C4<1>;
L_0x155ce72c0 .functor OR 1, L_0x155ce6f10, L_0x155ce7190, C4<0>, C4<0>;
L_0x155ce7670 .functor AND 1, L_0x155ce7480, L_0x155ce7550, C4<1>, C4<1>;
L_0x155ce7740 .functor OR 1, L_0x155ce73e0, L_0x155ce7670, C4<0>, C4<0>;
L_0x155ce7a30 .functor AND 1, L_0x155ce7870, L_0x155ce7990, C4<1>, C4<1>;
L_0x155ce7c50 .functor AND 1, L_0x155ce7a30, L_0x155ce7b20, C4<1>, C4<1>;
L_0x155ce7d50 .functor OR 1, L_0x155ce7740, L_0x155ce7c50, C4<0>, C4<0>;
L_0x155ce8240 .functor AND 1, L_0x155ce8090, L_0x155ce8130, C4<1>, C4<1>;
L_0x155ce8350 .functor OR 1, L_0x155ce7f90, L_0x155ce8240, C4<0>, C4<0>;
L_0x155ce81d0 .functor AND 1, L_0x155ce8400, L_0x155ce84a0, C4<1>, C4<1>;
L_0x155ce87d0 .functor AND 1, L_0x155ce81d0, L_0x155ce8730, C4<1>, C4<1>;
L_0x155ce8880 .functor OR 1, L_0x155ce8350, L_0x155ce87d0, C4<0>, C4<0>;
L_0x155ce86c0 .functor AND 1, L_0x155ce89f0, L_0x155ce8b20, C4<1>, C4<1>;
L_0x155ce8d40 .functor AND 1, L_0x155ce86c0, L_0x155ce8c00, C4<1>, C4<1>;
L_0x155ce8f00 .functor AND 1, L_0x155ce8d40, L_0x155ce8e60, C4<1>, C4<1>;
L_0x155ce8fd0 .functor OR 1, L_0x155ce8880, L_0x155ce8f00, C4<0>, C4<0>;
L_0x155ce75f0 .functor AND 1, L_0x155ce8ca0, L_0x155ce9340, C4<1>, C4<1>;
L_0x155ce94e0 .functor OR 1, L_0x155ce91a0, L_0x155ce75f0, C4<0>, C4<0>;
L_0x155ce97f0 .functor AND 1, L_0x155ce9100, L_0x155ce9680, C4<1>, C4<1>;
L_0x155ce9920 .functor AND 1, L_0x155ce97f0, L_0x155ce9880, C4<1>, C4<1>;
L_0x155ce9ad0 .functor OR 1, L_0x155ce94e0, L_0x155ce9920, C4<0>, C4<0>;
L_0x155ce9720 .functor AND 1, L_0x155ce9b40, L_0x155ce9cc0, C4<1>, C4<1>;
L_0x155ce9a10 .functor AND 1, L_0x155ce9720, L_0x155ce8580, C4<1>, C4<1>;
L_0x155cea120 .functor AND 1, L_0x155ce9a10, L_0x155ce9be0, C4<1>, C4<1>;
L_0x155cea2f0 .functor OR 1, L_0x155ce9ad0, L_0x155cea120, C4<0>, C4<0>;
L_0x155ce9fe0 .functor AND 1, L_0x155cea360, L_0x155cea500, C4<1>, C4<1>;
L_0x155cea210 .functor AND 1, L_0x155ce9fe0, L_0x155cea690, C4<1>, C4<1>;
L_0x155cea840 .functor AND 1, L_0x155cea210, L_0x155cea440, C4<1>, C4<1>;
L_0x155cea5a0 .functor AND 1, L_0x155cea840, L_0x155ceaa30, C4<1>, C4<1>;
L_0x155cea730 .functor OR 1, L_0x155cea2f0, L_0x155cea5a0, C4<0>, C4<0>;
L_0x155cea930 .functor XOR 4, L_0x155ce6c80, L_0x155ce7e00, C4<0000>, C4<0000>;
v0x155c6aab0_0 .net "G", 3 0, L_0x155ce6cf0;  1 drivers
v0x155c6ab60_0 .net "P", 3 0, L_0x155ce6c80;  1 drivers
v0x155c6ac10_0 .net *"_ivl_102", 0 0, L_0x155ce9880;  1 drivers
v0x155c6acd0_0 .net *"_ivl_103", 0 0, L_0x155ce9920;  1 drivers
v0x155c6ad80_0 .net *"_ivl_105", 0 0, L_0x155ce9ad0;  1 drivers
v0x155c6ae70_0 .net *"_ivl_108", 0 0, L_0x155ce9b40;  1 drivers
v0x155c6af20_0 .net *"_ivl_11", 0 0, L_0x155ce6f10;  1 drivers
v0x155c6afd0_0 .net *"_ivl_110", 0 0, L_0x155ce9cc0;  1 drivers
v0x155c6b080_0 .net *"_ivl_111", 0 0, L_0x155ce9720;  1 drivers
v0x155c6b190_0 .net *"_ivl_114", 0 0, L_0x155ce8580;  1 drivers
v0x155c6b240_0 .net *"_ivl_115", 0 0, L_0x155ce9a10;  1 drivers
v0x155c6b2f0_0 .net *"_ivl_118", 0 0, L_0x155ce9be0;  1 drivers
v0x155c6b3a0_0 .net *"_ivl_119", 0 0, L_0x155cea120;  1 drivers
v0x155c6b450_0 .net *"_ivl_121", 0 0, L_0x155cea2f0;  1 drivers
v0x155c6b500_0 .net *"_ivl_124", 0 0, L_0x155cea360;  1 drivers
v0x155c6b5b0_0 .net *"_ivl_126", 0 0, L_0x155cea500;  1 drivers
v0x155c6b660_0 .net *"_ivl_127", 0 0, L_0x155ce9fe0;  1 drivers
v0x155c6b7f0_0 .net *"_ivl_13", 0 0, L_0x155ce6ff0;  1 drivers
v0x155c6b880_0 .net *"_ivl_130", 0 0, L_0x155cea690;  1 drivers
v0x155c6b930_0 .net *"_ivl_131", 0 0, L_0x155cea210;  1 drivers
v0x155c6b9e0_0 .net *"_ivl_134", 0 0, L_0x155cea440;  1 drivers
v0x155c6ba90_0 .net *"_ivl_135", 0 0, L_0x155cea840;  1 drivers
v0x155c6bb40_0 .net *"_ivl_138", 0 0, L_0x155ceaa30;  1 drivers
v0x155c6bbf0_0 .net *"_ivl_139", 0 0, L_0x155cea5a0;  1 drivers
v0x155c6bca0_0 .net *"_ivl_15", 0 0, L_0x155ce70d0;  1 drivers
v0x155c6bd50_0 .net *"_ivl_16", 0 0, L_0x155ce7190;  1 drivers
v0x155c6be00_0 .net *"_ivl_18", 0 0, L_0x155ce72c0;  1 drivers
v0x155c6beb0_0 .net *"_ivl_23", 0 0, L_0x155ce73e0;  1 drivers
v0x155c6bf60_0 .net *"_ivl_25", 0 0, L_0x155ce7480;  1 drivers
v0x155c6c010_0 .net *"_ivl_27", 0 0, L_0x155ce7550;  1 drivers
v0x155c6c0c0_0 .net *"_ivl_28", 0 0, L_0x155ce7670;  1 drivers
v0x155c6c170_0 .net *"_ivl_30", 0 0, L_0x155ce7740;  1 drivers
v0x155c6c220_0 .net *"_ivl_33", 0 0, L_0x155ce7870;  1 drivers
v0x155c6b710_0 .net *"_ivl_35", 0 0, L_0x155ce7990;  1 drivers
v0x155c6c4b0_0 .net *"_ivl_36", 0 0, L_0x155ce7a30;  1 drivers
v0x155c6c540_0 .net *"_ivl_39", 0 0, L_0x155ce7b20;  1 drivers
v0x155c6c5e0_0 .net *"_ivl_40", 0 0, L_0x155ce7c50;  1 drivers
v0x155c6c690_0 .net *"_ivl_42", 0 0, L_0x155ce7d50;  1 drivers
v0x155c6c740_0 .net *"_ivl_48", 0 0, L_0x155ce7f90;  1 drivers
v0x155c6c7f0_0 .net *"_ivl_50", 0 0, L_0x155ce8090;  1 drivers
v0x155c6c8a0_0 .net *"_ivl_52", 0 0, L_0x155ce8130;  1 drivers
v0x155c6c950_0 .net *"_ivl_53", 0 0, L_0x155ce8240;  1 drivers
v0x155c6ca00_0 .net *"_ivl_55", 0 0, L_0x155ce8350;  1 drivers
v0x155c6cab0_0 .net *"_ivl_58", 0 0, L_0x155ce8400;  1 drivers
v0x155c6cb60_0 .net *"_ivl_60", 0 0, L_0x155ce84a0;  1 drivers
v0x155c6cc10_0 .net *"_ivl_61", 0 0, L_0x155ce81d0;  1 drivers
v0x155c6ccc0_0 .net *"_ivl_64", 0 0, L_0x155ce8730;  1 drivers
v0x155c6cd70_0 .net *"_ivl_65", 0 0, L_0x155ce87d0;  1 drivers
v0x155c6ce20_0 .net *"_ivl_67", 0 0, L_0x155ce8880;  1 drivers
v0x155c6ced0_0 .net *"_ivl_7", 0 0, L_0x155ce6e20;  1 drivers
v0x155c6cf80_0 .net *"_ivl_70", 0 0, L_0x155ce89f0;  1 drivers
v0x155c6d030_0 .net *"_ivl_72", 0 0, L_0x155ce8b20;  1 drivers
v0x155c6d0e0_0 .net *"_ivl_73", 0 0, L_0x155ce86c0;  1 drivers
v0x155c6d190_0 .net *"_ivl_76", 0 0, L_0x155ce8c00;  1 drivers
v0x155c6d240_0 .net *"_ivl_77", 0 0, L_0x155ce8d40;  1 drivers
v0x155c6d2f0_0 .net *"_ivl_80", 0 0, L_0x155ce8e60;  1 drivers
v0x155c6d3a0_0 .net *"_ivl_81", 0 0, L_0x155ce8f00;  1 drivers
v0x155c6d450_0 .net *"_ivl_83", 0 0, L_0x155ce8fd0;  1 drivers
v0x155c6d500_0 .net *"_ivl_86", 0 0, L_0x155ce91a0;  1 drivers
v0x155c6d5b0_0 .net *"_ivl_88", 0 0, L_0x155ce8ca0;  1 drivers
v0x155c6d660_0 .net *"_ivl_90", 0 0, L_0x155ce9340;  1 drivers
v0x155c6d710_0 .net *"_ivl_91", 0 0, L_0x155ce75f0;  1 drivers
v0x155c6d7c0_0 .net *"_ivl_93", 0 0, L_0x155ce94e0;  1 drivers
v0x155c6d870_0 .net *"_ivl_96", 0 0, L_0x155ce9100;  1 drivers
v0x155c6d920_0 .net *"_ivl_98", 0 0, L_0x155ce9680;  1 drivers
v0x155c6c2d0_0 .net *"_ivl_99", 0 0, L_0x155ce97f0;  1 drivers
v0x155c6c380_0 .net "a", 3 0, L_0x155cead00;  1 drivers
v0x155c6d9b0_0 .net "b", 3 0, L_0x155ceada0;  1 drivers
v0x155c6da40_0 .net "c", 3 0, L_0x155ce7e00;  1 drivers
v0x155c6dad0_0 .net "cin", 0 0, L_0x155ce6570;  alias, 1 drivers
v0x155c6db60_0 .net "cout", 0 0, L_0x155cea730;  alias, 1 drivers
v0x155c6dbf0_0 .net "sum", 3 0, L_0x155cea930;  1 drivers
L_0x155ce6f10 .part L_0x155ce6cf0, 0, 1;
L_0x155ce6ff0 .part L_0x155ce6c80, 0, 1;
L_0x155ce70d0 .part L_0x155ce7e00, 0, 1;
L_0x155ce73e0 .part L_0x155ce6cf0, 1, 1;
L_0x155ce7480 .part L_0x155ce6c80, 1, 1;
L_0x155ce7550 .part L_0x155ce6cf0, 0, 1;
L_0x155ce7870 .part L_0x155ce6c80, 1, 1;
L_0x155ce7990 .part L_0x155ce6c80, 0, 1;
L_0x155ce7b20 .part L_0x155ce7e00, 0, 1;
L_0x155ce7e00 .concat8 [ 1 1 1 1], L_0x155ce6e20, L_0x155ce72c0, L_0x155ce7d50, L_0x155ce8fd0;
L_0x155ce7f90 .part L_0x155ce6cf0, 2, 1;
L_0x155ce8090 .part L_0x155ce6c80, 2, 1;
L_0x155ce8130 .part L_0x155ce6cf0, 1, 1;
L_0x155ce8400 .part L_0x155ce6c80, 2, 1;
L_0x155ce84a0 .part L_0x155ce6c80, 1, 1;
L_0x155ce8730 .part L_0x155ce6cf0, 0, 1;
L_0x155ce89f0 .part L_0x155ce6c80, 2, 1;
L_0x155ce8b20 .part L_0x155ce6c80, 1, 1;
L_0x155ce8c00 .part L_0x155ce6c80, 0, 1;
L_0x155ce8e60 .part L_0x155ce7e00, 0, 1;
L_0x155ce91a0 .part L_0x155ce6cf0, 3, 1;
L_0x155ce8ca0 .part L_0x155ce6c80, 3, 1;
L_0x155ce9340 .part L_0x155ce6cf0, 2, 1;
L_0x155ce9100 .part L_0x155ce6c80, 3, 1;
L_0x155ce9680 .part L_0x155ce6c80, 2, 1;
L_0x155ce9880 .part L_0x155ce6cf0, 1, 1;
L_0x155ce9b40 .part L_0x155ce6c80, 3, 1;
L_0x155ce9cc0 .part L_0x155ce6c80, 2, 1;
L_0x155ce8580 .part L_0x155ce6c80, 1, 1;
L_0x155ce9be0 .part L_0x155ce6cf0, 0, 1;
L_0x155cea360 .part L_0x155ce6c80, 3, 1;
L_0x155cea500 .part L_0x155ce6c80, 2, 1;
L_0x155cea690 .part L_0x155ce6c80, 1, 1;
L_0x155cea440 .part L_0x155ce6c80, 0, 1;
L_0x155ceaa30 .part L_0x155ce7e00, 0, 1;
S_0x155c6dc80 .scope module, "n4" "cla_4" 7 17, 8 3 0, S_0x155c63cb0;
 .timescale -9 -11;
    .port_info 0 /INPUT 4 "a";
    .port_info 1 /INPUT 4 "b";
    .port_info 2 /INPUT 1 "cin";
    .port_info 3 /OUTPUT 4 "sum";
    .port_info 4 /OUTPUT 1 "cout";
L_0x155ceae40 .functor XOR 4, L_0x155ceee80, L_0x155ceef20, C4<0000>, C4<0000>;
L_0x155ceaeb0 .functor AND 4, L_0x155ceee80, L_0x155ceef20, C4<1111>, C4<1111>;
L_0x155ceafa0 .functor BUFZ 1, L_0x155cea730, C4<0>, C4<0>, C4<0>;
L_0x155ceb310 .functor AND 1, L_0x155ceb170, L_0x155ceb250, C4<1>, C4<1>;
L_0x155ceb440 .functor OR 1, L_0x155ceb090, L_0x155ceb310, C4<0>, C4<0>;
L_0x155ceb7f0 .functor AND 1, L_0x155ceb600, L_0x155ceb6d0, C4<1>, C4<1>;
L_0x155ceb8c0 .functor OR 1, L_0x155ceb560, L_0x155ceb7f0, C4<0>, C4<0>;
L_0x155cebbb0 .functor AND 1, L_0x155ceb9f0, L_0x155cebb10, C4<1>, C4<1>;
L_0x155cebdd0 .functor AND 1, L_0x155cebbb0, L_0x155cebca0, C4<1>, C4<1>;
L_0x155cebed0 .functor OR 1, L_0x155ceb8c0, L_0x155cebdd0, C4<0>, C4<0>;
L_0x155cec3c0 .functor AND 1, L_0x155cec210, L_0x155cec2b0, C4<1>, C4<1>;
L_0x155cec4d0 .functor OR 1, L_0x155cec110, L_0x155cec3c0, C4<0>, C4<0>;
L_0x155cec350 .functor AND 1, L_0x155cec580, L_0x155cec620, C4<1>, C4<1>;
L_0x155cec950 .functor AND 1, L_0x155cec350, L_0x155cec8b0, C4<1>, C4<1>;
L_0x155ceca00 .functor OR 1, L_0x155cec4d0, L_0x155cec950, C4<0>, C4<0>;
L_0x155cec840 .functor AND 1, L_0x155cecb70, L_0x155cecca0, C4<1>, C4<1>;
L_0x155cecec0 .functor AND 1, L_0x155cec840, L_0x155cecd80, C4<1>, C4<1>;
L_0x155ced080 .functor AND 1, L_0x155cecec0, L_0x155cecfe0, C4<1>, C4<1>;
L_0x155ced150 .functor OR 1, L_0x155ceca00, L_0x155ced080, C4<0>, C4<0>;
L_0x155ceb770 .functor AND 1, L_0x155cece20, L_0x155ced4c0, C4<1>, C4<1>;
L_0x155ced660 .functor OR 1, L_0x155ced320, L_0x155ceb770, C4<0>, C4<0>;
L_0x155ced970 .functor AND 1, L_0x155ced280, L_0x155ced800, C4<1>, C4<1>;
L_0x155cedaa0 .functor AND 1, L_0x155ced970, L_0x155ceda00, C4<1>, C4<1>;
L_0x155cedc50 .functor OR 1, L_0x155ced660, L_0x155cedaa0, C4<0>, C4<0>;
L_0x155ced8a0 .functor AND 1, L_0x155cedcc0, L_0x155cede40, C4<1>, C4<1>;
L_0x155cedb90 .functor AND 1, L_0x155ced8a0, L_0x155cec700, C4<1>, C4<1>;
L_0x155cee2a0 .functor AND 1, L_0x155cedb90, L_0x155cedd60, C4<1>, C4<1>;
L_0x155cee470 .functor OR 1, L_0x155cedc50, L_0x155cee2a0, C4<0>, C4<0>;
L_0x155cee160 .functor AND 1, L_0x155cee4e0, L_0x155cee680, C4<1>, C4<1>;
L_0x155cee390 .functor AND 1, L_0x155cee160, L_0x155cee810, C4<1>, C4<1>;
L_0x155cee9c0 .functor AND 1, L_0x155cee390, L_0x155cee5c0, C4<1>, C4<1>;
L_0x155cee720 .functor AND 1, L_0x155cee9c0, L_0x155ceebb0, C4<1>, C4<1>;
L_0x155cee8b0 .functor OR 1, L_0x155cee470, L_0x155cee720, C4<0>, C4<0>;
L_0x155ceeab0 .functor XOR 4, L_0x155ceae40, L_0x155cebf80, C4<0000>, C4<0000>;
v0x155c6dec0_0 .net "G", 3 0, L_0x155ceaeb0;  1 drivers
v0x155c6df80_0 .net "P", 3 0, L_0x155ceae40;  1 drivers
v0x155c6e030_0 .net *"_ivl_102", 0 0, L_0x155ceda00;  1 drivers
v0x155c6e0f0_0 .net *"_ivl_103", 0 0, L_0x155cedaa0;  1 drivers
v0x155c6e1a0_0 .net *"_ivl_105", 0 0, L_0x155cedc50;  1 drivers
v0x155c6e290_0 .net *"_ivl_108", 0 0, L_0x155cedcc0;  1 drivers
v0x155c6e340_0 .net *"_ivl_11", 0 0, L_0x155ceb090;  1 drivers
v0x155c6e3f0_0 .net *"_ivl_110", 0 0, L_0x155cede40;  1 drivers
v0x155c6e4a0_0 .net *"_ivl_111", 0 0, L_0x155ced8a0;  1 drivers
v0x155c6e5b0_0 .net *"_ivl_114", 0 0, L_0x155cec700;  1 drivers
v0x155c6e660_0 .net *"_ivl_115", 0 0, L_0x155cedb90;  1 drivers
v0x155c6e710_0 .net *"_ivl_118", 0 0, L_0x155cedd60;  1 drivers
v0x155c6e7c0_0 .net *"_ivl_119", 0 0, L_0x155cee2a0;  1 drivers
v0x155c6e870_0 .net *"_ivl_121", 0 0, L_0x155cee470;  1 drivers
v0x155c6e920_0 .net *"_ivl_124", 0 0, L_0x155cee4e0;  1 drivers
v0x155c6e9d0_0 .net *"_ivl_126", 0 0, L_0x155cee680;  1 drivers
v0x155c6ea80_0 .net *"_ivl_127", 0 0, L_0x155cee160;  1 drivers
v0x155c6ec10_0 .net *"_ivl_13", 0 0, L_0x155ceb170;  1 drivers
v0x155c6eca0_0 .net *"_ivl_130", 0 0, L_0x155cee810;  1 drivers
v0x155c6ed50_0 .net *"_ivl_131", 0 0, L_0x155cee390;  1 drivers
v0x155c6ee00_0 .net *"_ivl_134", 0 0, L_0x155cee5c0;  1 drivers
v0x155c6eeb0_0 .net *"_ivl_135", 0 0, L_0x155cee9c0;  1 drivers
v0x155c6ef60_0 .net *"_ivl_138", 0 0, L_0x155ceebb0;  1 drivers
v0x155c6f010_0 .net *"_ivl_139", 0 0, L_0x155cee720;  1 drivers
v0x155c6f0c0_0 .net *"_ivl_15", 0 0, L_0x155ceb250;  1 drivers
v0x155c6f170_0 .net *"_ivl_16", 0 0, L_0x155ceb310;  1 drivers
v0x155c6f220_0 .net *"_ivl_18", 0 0, L_0x155ceb440;  1 drivers
v0x155c6f2d0_0 .net *"_ivl_23", 0 0, L_0x155ceb560;  1 drivers
v0x155c6f380_0 .net *"_ivl_25", 0 0, L_0x155ceb600;  1 drivers
v0x155c6f430_0 .net *"_ivl_27", 0 0, L_0x155ceb6d0;  1 drivers
v0x155c6f4e0_0 .net *"_ivl_28", 0 0, L_0x155ceb7f0;  1 drivers
v0x155c6f590_0 .net *"_ivl_30", 0 0, L_0x155ceb8c0;  1 drivers
v0x155c6f640_0 .net *"_ivl_33", 0 0, L_0x155ceb9f0;  1 drivers
v0x155c6eb30_0 .net *"_ivl_35", 0 0, L_0x155cebb10;  1 drivers
v0x155c6f8d0_0 .net *"_ivl_36", 0 0, L_0x155cebbb0;  1 drivers
v0x155c6f960_0 .net *"_ivl_39", 0 0, L_0x155cebca0;  1 drivers
v0x155c6fa00_0 .net *"_ivl_40", 0 0, L_0x155cebdd0;  1 drivers
v0x155c6fab0_0 .net *"_ivl_42", 0 0, L_0x155cebed0;  1 drivers
v0x155c6fb60_0 .net *"_ivl_48", 0 0, L_0x155cec110;  1 drivers
v0x155c6fc10_0 .net *"_ivl_50", 0 0, L_0x155cec210;  1 drivers
v0x155c6fcc0_0 .net *"_ivl_52", 0 0, L_0x155cec2b0;  1 drivers
v0x155c6fd70_0 .net *"_ivl_53", 0 0, L_0x155cec3c0;  1 drivers
v0x155c6fe20_0 .net *"_ivl_55", 0 0, L_0x155cec4d0;  1 drivers
v0x155c6fed0_0 .net *"_ivl_58", 0 0, L_0x155cec580;  1 drivers
v0x155c6ff80_0 .net *"_ivl_60", 0 0, L_0x155cec620;  1 drivers
v0x155c70030_0 .net *"_ivl_61", 0 0, L_0x155cec350;  1 drivers
v0x155c700e0_0 .net *"_ivl_64", 0 0, L_0x155cec8b0;  1 drivers
v0x155c70190_0 .net *"_ivl_65", 0 0, L_0x155cec950;  1 drivers
v0x155c70240_0 .net *"_ivl_67", 0 0, L_0x155ceca00;  1 drivers
v0x155c702f0_0 .net *"_ivl_7", 0 0, L_0x155ceafa0;  1 drivers
v0x155c703a0_0 .net *"_ivl_70", 0 0, L_0x155cecb70;  1 drivers
v0x155c70450_0 .net *"_ivl_72", 0 0, L_0x155cecca0;  1 drivers
v0x155c70500_0 .net *"_ivl_73", 0 0, L_0x155cec840;  1 drivers
v0x155c705b0_0 .net *"_ivl_76", 0 0, L_0x155cecd80;  1 drivers
v0x155c70660_0 .net *"_ivl_77", 0 0, L_0x155cecec0;  1 drivers
v0x155c70710_0 .net *"_ivl_80", 0 0, L_0x155cecfe0;  1 drivers
v0x155c707c0_0 .net *"_ivl_81", 0 0, L_0x155ced080;  1 drivers
v0x155c70870_0 .net *"_ivl_83", 0 0, L_0x155ced150;  1 drivers
v0x155c70920_0 .net *"_ivl_86", 0 0, L_0x155ced320;  1 drivers
v0x155c709d0_0 .net *"_ivl_88", 0 0, L_0x155cece20;  1 drivers
v0x155c70a80_0 .net *"_ivl_90", 0 0, L_0x155ced4c0;  1 drivers
v0x155c70b30_0 .net *"_ivl_91", 0 0, L_0x155ceb770;  1 drivers
v0x155c70be0_0 .net *"_ivl_93", 0 0, L_0x155ced660;  1 drivers
v0x155c70c90_0 .net *"_ivl_96", 0 0, L_0x155ced280;  1 drivers
v0x155c70d40_0 .net *"_ivl_98", 0 0, L_0x155ced800;  1 drivers
v0x155c6f6f0_0 .net *"_ivl_99", 0 0, L_0x155ced970;  1 drivers
v0x155c6f7a0_0 .net "a", 3 0, L_0x155ceee80;  1 drivers
v0x155c70dd0_0 .net "b", 3 0, L_0x155ceef20;  1 drivers
v0x155c70e60_0 .net "c", 3 0, L_0x155cebf80;  1 drivers
v0x155c70ef0_0 .net "cin", 0 0, L_0x155cea730;  alias, 1 drivers
v0x155c70f80_0 .net "cout", 0 0, L_0x155cee8b0;  alias, 1 drivers
v0x155c71010_0 .net "sum", 3 0, L_0x155ceeab0;  1 drivers
L_0x155ceb090 .part L_0x155ceaeb0, 0, 1;
L_0x155ceb170 .part L_0x155ceae40, 0, 1;
L_0x155ceb250 .part L_0x155cebf80, 0, 1;
L_0x155ceb560 .part L_0x155ceaeb0, 1, 1;
L_0x155ceb600 .part L_0x155ceae40, 1, 1;
L_0x155ceb6d0 .part L_0x155ceaeb0, 0, 1;
L_0x155ceb9f0 .part L_0x155ceae40, 1, 1;
L_0x155cebb10 .part L_0x155ceae40, 0, 1;
L_0x155cebca0 .part L_0x155cebf80, 0, 1;
L_0x155cebf80 .concat8 [ 1 1 1 1], L_0x155ceafa0, L_0x155ceb440, L_0x155cebed0, L_0x155ced150;
L_0x155cec110 .part L_0x155ceaeb0, 2, 1;
L_0x155cec210 .part L_0x155ceae40, 2, 1;
L_0x155cec2b0 .part L_0x155ceaeb0, 1, 1;
L_0x155cec580 .part L_0x155ceae40, 2, 1;
L_0x155cec620 .part L_0x155ceae40, 1, 1;
L_0x155cec8b0 .part L_0x155ceaeb0, 0, 1;
L_0x155cecb70 .part L_0x155ceae40, 2, 1;
L_0x155cecca0 .part L_0x155ceae40, 1, 1;
L_0x155cecd80 .part L_0x155ceae40, 0, 1;
L_0x155cecfe0 .part L_0x155cebf80, 0, 1;
L_0x155ced320 .part L_0x155ceaeb0, 3, 1;
L_0x155cece20 .part L_0x155ceae40, 3, 1;
L_0x155ced4c0 .part L_0x155ceaeb0, 2, 1;
L_0x155ced280 .part L_0x155ceae40, 3, 1;
L_0x155ced800 .part L_0x155ceae40, 2, 1;
L_0x155ceda00 .part L_0x155ceaeb0, 1, 1;
L_0x155cedcc0 .part L_0x155ceae40, 3, 1;
L_0x155cede40 .part L_0x155ceae40, 2, 1;
L_0x155cec700 .part L_0x155ceae40, 1, 1;
L_0x155cedd60 .part L_0x155ceaeb0, 0, 1;
L_0x155cee4e0 .part L_0x155ceae40, 3, 1;
L_0x155cee680 .part L_0x155ceae40, 2, 1;
L_0x155cee810 .part L_0x155ceae40, 1, 1;
L_0x155cee5c0 .part L_0x155ceae40, 0, 1;
L_0x155ceebb0 .part L_0x155cebf80, 0, 1;
S_0x155c71690 .scope module, "n2" "cla16" 7 33, 7 4 0, S_0x155c639a0;
 .timescale -9 -11;
    .port_info 0 /INPUT 16 "d1";
    .port_info 1 /INPUT 16 "d2";
    .port_info 2 /INPUT 1 "cin";
    .port_info 3 /OUTPUT 16 "sum";
    .port_info 4 /OUTPUT 1 "cout";
P_0x155c71860 .param/l "DATA_WIDTH" 0 7 4, +C4<00000000000000000000000000100000>;
v0x155c7ea50_0 .net "c1", 0 0, L_0x155cf2d40;  1 drivers
v0x155c7eb20_0 .net "c2", 0 0, L_0x155cf6ed0;  1 drivers
v0x155c7ebf0_0 .net "c3", 0 0, L_0x155cfb0b0;  1 drivers
v0x155c7ecc0_0 .net "cin", 0 0, L_0x155cee8b0;  alias, 1 drivers
v0x155c7ed50_0 .net8 "cout", 0 0, RS_0x14800f630;  alias, 3 drivers
v0x155c7ee20_0 .net "d1", 15 0, L_0x155cffb50;  1 drivers
v0x155c7eeb0_0 .net "d2", 15 0, L_0x155cffbf0;  1 drivers
v0x155c7ef40_0 .net "sum", 15 0, L_0x155cff9a0;  1 drivers
L_0x155cf3310 .part L_0x155cffb50, 0, 4;
L_0x155cf33b0 .part L_0x155cffbf0, 0, 4;
L_0x155cf74a0 .part L_0x155cffb50, 4, 4;
L_0x155cf7540 .part L_0x155cffbf0, 4, 4;
L_0x155cfb680 .part L_0x155cffb50, 8, 4;
L_0x155cfb720 .part L_0x155cffbf0, 8, 4;
L_0x155cff7e0 .part L_0x155cffb50, 12, 4;
L_0x155cff880 .part L_0x155cffbf0, 12, 4;
L_0x155cff9a0 .concat8 [ 4 4 4 4], L_0x155cf2f40, L_0x155cf70d0, L_0x155cfb2b0, L_0x155cff410;
S_0x155c71990 .scope module, "n1" "cla_4" 7 14, 8 3 0, S_0x155c71690;
 .timescale -9 -11;
    .port_info 0 /INPUT 4 "a";
    .port_info 1 /INPUT 4 "b";
    .port_info 2 /INPUT 1 "cin";
    .port_info 3 /OUTPUT 4 "sum";
    .port_info 4 /OUTPUT 1 "cout";
L_0x155cef330 .functor XOR 4, L_0x155cf3310, L_0x155cf33b0, C4<0000>, C4<0000>;
L_0x155cef3a0 .functor AND 4, L_0x155cf3310, L_0x155cf33b0, C4<1111>, C4<1111>;
L_0x155cef490 .functor BUFZ 1, L_0x155cee8b0, C4<0>, C4<0>, C4<0>;
L_0x155cef7a0 .functor AND 1, L_0x155cef5e0, L_0x155cef6c0, C4<1>, C4<1>;
L_0x155cef8d0 .functor OR 1, L_0x155cef500, L_0x155cef7a0, C4<0>, C4<0>;
L_0x155cefc80 .functor AND 1, L_0x155cefa90, L_0x155cefb60, C4<1>, C4<1>;
L_0x155cefd50 .functor OR 1, L_0x155cef9f0, L_0x155cefc80, C4<0>, C4<0>;
L_0x155cf0040 .functor AND 1, L_0x155cefe80, L_0x155ceffa0, C4<1>, C4<1>;
L_0x155cf0260 .functor AND 1, L_0x155cf0040, L_0x155cf0130, C4<1>, C4<1>;
L_0x155cf0360 .functor OR 1, L_0x155cefd50, L_0x155cf0260, C4<0>, C4<0>;
L_0x155cf0850 .functor AND 1, L_0x155cf06a0, L_0x155cf0740, C4<1>, C4<1>;
L_0x155cf0960 .functor OR 1, L_0x155cf05a0, L_0x155cf0850, C4<0>, C4<0>;
L_0x155cf07e0 .functor AND 1, L_0x155cf0a10, L_0x155cf0ab0, C4<1>, C4<1>;
L_0x155cf0de0 .functor AND 1, L_0x155cf07e0, L_0x155cf0d40, C4<1>, C4<1>;
L_0x155cf0e90 .functor OR 1, L_0x155cf0960, L_0x155cf0de0, C4<0>, C4<0>;
L_0x155cf0cd0 .functor AND 1, L_0x155cf1000, L_0x155cf1130, C4<1>, C4<1>;
L_0x155cf1350 .functor AND 1, L_0x155cf0cd0, L_0x155cf1210, C4<1>, C4<1>;
L_0x155cf1510 .functor AND 1, L_0x155cf1350, L_0x155cf1470, C4<1>, C4<1>;
L_0x155cf15e0 .functor OR 1, L_0x155cf0e90, L_0x155cf1510, C4<0>, C4<0>;
L_0x155cefc00 .functor AND 1, L_0x155cf12b0, L_0x155cf1950, C4<1>, C4<1>;
L_0x155cf1af0 .functor OR 1, L_0x155cf17b0, L_0x155cefc00, C4<0>, C4<0>;
L_0x155cf1e00 .functor AND 1, L_0x155cf1710, L_0x155cf1c90, C4<1>, C4<1>;
L_0x155cf1f30 .functor AND 1, L_0x155cf1e00, L_0x155cf1e90, C4<1>, C4<1>;
L_0x155cf20e0 .functor OR 1, L_0x155cf1af0, L_0x155cf1f30, C4<0>, C4<0>;
L_0x155cf1d30 .functor AND 1, L_0x155cf2150, L_0x155cf22d0, C4<1>, C4<1>;
L_0x155cf2020 .functor AND 1, L_0x155cf1d30, L_0x155cf0b90, C4<1>, C4<1>;
L_0x155cf2730 .functor AND 1, L_0x155cf2020, L_0x155cf21f0, C4<1>, C4<1>;
L_0x155cf2900 .functor OR 1, L_0x155cf20e0, L_0x155cf2730, C4<0>, C4<0>;
L_0x155cf25f0 .functor AND 1, L_0x155cf2970, L_0x155cf2b10, C4<1>, C4<1>;
L_0x155cf2820 .functor AND 1, L_0x155cf25f0, L_0x155cf2ca0, C4<1>, C4<1>;
L_0x155cf2e50 .functor AND 1, L_0x155cf2820, L_0x155cf2a50, C4<1>, C4<1>;
L_0x155cf2bb0 .functor AND 1, L_0x155cf2e50, L_0x155cf3040, C4<1>, C4<1>;
L_0x155cf2d40 .functor OR 1, L_0x155cf2900, L_0x155cf2bb0, C4<0>, C4<0>;
L_0x155cf2f40 .functor XOR 4, L_0x155cef330, L_0x155cf0410, C4<0000>, C4<0000>;
v0x155c71c00_0 .net "G", 3 0, L_0x155cef3a0;  1 drivers
v0x155c71cb0_0 .net "P", 3 0, L_0x155cef330;  1 drivers
v0x155c71d60_0 .net *"_ivl_102", 0 0, L_0x155cf1e90;  1 drivers
v0x155c71e20_0 .net *"_ivl_103", 0 0, L_0x155cf1f30;  1 drivers
v0x155c71ed0_0 .net *"_ivl_105", 0 0, L_0x155cf20e0;  1 drivers
v0x155c71fc0_0 .net *"_ivl_108", 0 0, L_0x155cf2150;  1 drivers
v0x155c72070_0 .net *"_ivl_11", 0 0, L_0x155cef500;  1 drivers
v0x155c72120_0 .net *"_ivl_110", 0 0, L_0x155cf22d0;  1 drivers
v0x155c721d0_0 .net *"_ivl_111", 0 0, L_0x155cf1d30;  1 drivers
v0x155c722e0_0 .net *"_ivl_114", 0 0, L_0x155cf0b90;  1 drivers
v0x155c72390_0 .net *"_ivl_115", 0 0, L_0x155cf2020;  1 drivers
v0x155c72440_0 .net *"_ivl_118", 0 0, L_0x155cf21f0;  1 drivers
v0x155c724f0_0 .net *"_ivl_119", 0 0, L_0x155cf2730;  1 drivers
v0x155c725a0_0 .net *"_ivl_121", 0 0, L_0x155cf2900;  1 drivers
v0x155c72650_0 .net *"_ivl_124", 0 0, L_0x155cf2970;  1 drivers
v0x155c72700_0 .net *"_ivl_126", 0 0, L_0x155cf2b10;  1 drivers
v0x155c727b0_0 .net *"_ivl_127", 0 0, L_0x155cf25f0;  1 drivers
v0x155c72940_0 .net *"_ivl_13", 0 0, L_0x155cef5e0;  1 drivers
v0x155c729d0_0 .net *"_ivl_130", 0 0, L_0x155cf2ca0;  1 drivers
v0x155c72a80_0 .net *"_ivl_131", 0 0, L_0x155cf2820;  1 drivers
v0x155c72b30_0 .net *"_ivl_134", 0 0, L_0x155cf2a50;  1 drivers
v0x155c72be0_0 .net *"_ivl_135", 0 0, L_0x155cf2e50;  1 drivers
v0x155c72c90_0 .net *"_ivl_138", 0 0, L_0x155cf3040;  1 drivers
v0x155c72d40_0 .net *"_ivl_139", 0 0, L_0x155cf2bb0;  1 drivers
v0x155c72df0_0 .net *"_ivl_15", 0 0, L_0x155cef6c0;  1 drivers
v0x155c72ea0_0 .net *"_ivl_16", 0 0, L_0x155cef7a0;  1 drivers
v0x155c72f50_0 .net *"_ivl_18", 0 0, L_0x155cef8d0;  1 drivers
v0x155c73000_0 .net *"_ivl_23", 0 0, L_0x155cef9f0;  1 drivers
v0x155c730b0_0 .net *"_ivl_25", 0 0, L_0x155cefa90;  1 drivers
v0x155c73160_0 .net *"_ivl_27", 0 0, L_0x155cefb60;  1 drivers
v0x155c73210_0 .net *"_ivl_28", 0 0, L_0x155cefc80;  1 drivers
v0x155c732c0_0 .net *"_ivl_30", 0 0, L_0x155cefd50;  1 drivers
v0x155c73370_0 .net *"_ivl_33", 0 0, L_0x155cefe80;  1 drivers
v0x155c72860_0 .net *"_ivl_35", 0 0, L_0x155ceffa0;  1 drivers
v0x155c73600_0 .net *"_ivl_36", 0 0, L_0x155cf0040;  1 drivers
v0x155c73690_0 .net *"_ivl_39", 0 0, L_0x155cf0130;  1 drivers
v0x155c73730_0 .net *"_ivl_40", 0 0, L_0x155cf0260;  1 drivers
v0x155c737e0_0 .net *"_ivl_42", 0 0, L_0x155cf0360;  1 drivers
v0x155c73890_0 .net *"_ivl_48", 0 0, L_0x155cf05a0;  1 drivers
v0x155c73940_0 .net *"_ivl_50", 0 0, L_0x155cf06a0;  1 drivers
v0x155c739f0_0 .net *"_ivl_52", 0 0, L_0x155cf0740;  1 drivers
v0x155c73aa0_0 .net *"_ivl_53", 0 0, L_0x155cf0850;  1 drivers
v0x155c73b50_0 .net *"_ivl_55", 0 0, L_0x155cf0960;  1 drivers
v0x155c73c00_0 .net *"_ivl_58", 0 0, L_0x155cf0a10;  1 drivers
v0x155c73cb0_0 .net *"_ivl_60", 0 0, L_0x155cf0ab0;  1 drivers
v0x155c73d60_0 .net *"_ivl_61", 0 0, L_0x155cf07e0;  1 drivers
v0x155c73e10_0 .net *"_ivl_64", 0 0, L_0x155cf0d40;  1 drivers
v0x155c73ec0_0 .net *"_ivl_65", 0 0, L_0x155cf0de0;  1 drivers
v0x155c73f70_0 .net *"_ivl_67", 0 0, L_0x155cf0e90;  1 drivers
v0x155c74020_0 .net *"_ivl_7", 0 0, L_0x155cef490;  1 drivers
v0x155c740d0_0 .net *"_ivl_70", 0 0, L_0x155cf1000;  1 drivers
v0x155c74180_0 .net *"_ivl_72", 0 0, L_0x155cf1130;  1 drivers
v0x155c74230_0 .net *"_ivl_73", 0 0, L_0x155cf0cd0;  1 drivers
v0x155c742e0_0 .net *"_ivl_76", 0 0, L_0x155cf1210;  1 drivers
v0x155c74390_0 .net *"_ivl_77", 0 0, L_0x155cf1350;  1 drivers
v0x155c74440_0 .net *"_ivl_80", 0 0, L_0x155cf1470;  1 drivers
v0x155c744f0_0 .net *"_ivl_81", 0 0, L_0x155cf1510;  1 drivers
v0x155c745a0_0 .net *"_ivl_83", 0 0, L_0x155cf15e0;  1 drivers
v0x155c74650_0 .net *"_ivl_86", 0 0, L_0x155cf17b0;  1 drivers
v0x155c74700_0 .net *"_ivl_88", 0 0, L_0x155cf12b0;  1 drivers
v0x155c747b0_0 .net *"_ivl_90", 0 0, L_0x155cf1950;  1 drivers
v0x155c74860_0 .net *"_ivl_91", 0 0, L_0x155cefc00;  1 drivers
v0x155c74910_0 .net *"_ivl_93", 0 0, L_0x155cf1af0;  1 drivers
v0x155c749c0_0 .net *"_ivl_96", 0 0, L_0x155cf1710;  1 drivers
v0x155c74a70_0 .net *"_ivl_98", 0 0, L_0x155cf1c90;  1 drivers
v0x155c73420_0 .net *"_ivl_99", 0 0, L_0x155cf1e00;  1 drivers
v0x155c734d0_0 .net "a", 3 0, L_0x155cf3310;  1 drivers
v0x155c74b00_0 .net "b", 3 0, L_0x155cf33b0;  1 drivers
v0x155c74b90_0 .net "c", 3 0, L_0x155cf0410;  1 drivers
v0x155c74c20_0 .net "cin", 0 0, L_0x155cee8b0;  alias, 1 drivers
v0x155c74cb0_0 .net "cout", 0 0, L_0x155cf2d40;  alias, 1 drivers
v0x155c74d40_0 .net "sum", 3 0, L_0x155cf2f40;  1 drivers
L_0x155cef500 .part L_0x155cef3a0, 0, 1;
L_0x155cef5e0 .part L_0x155cef330, 0, 1;
L_0x155cef6c0 .part L_0x155cf0410, 0, 1;
L_0x155cef9f0 .part L_0x155cef3a0, 1, 1;
L_0x155cefa90 .part L_0x155cef330, 1, 1;
L_0x155cefb60 .part L_0x155cef3a0, 0, 1;
L_0x155cefe80 .part L_0x155cef330, 1, 1;
L_0x155ceffa0 .part L_0x155cef330, 0, 1;
L_0x155cf0130 .part L_0x155cf0410, 0, 1;
L_0x155cf0410 .concat8 [ 1 1 1 1], L_0x155cef490, L_0x155cef8d0, L_0x155cf0360, L_0x155cf15e0;
L_0x155cf05a0 .part L_0x155cef3a0, 2, 1;
L_0x155cf06a0 .part L_0x155cef330, 2, 1;
L_0x155cf0740 .part L_0x155cef3a0, 1, 1;
L_0x155cf0a10 .part L_0x155cef330, 2, 1;
L_0x155cf0ab0 .part L_0x155cef330, 1, 1;
L_0x155cf0d40 .part L_0x155cef3a0, 0, 1;
L_0x155cf1000 .part L_0x155cef330, 2, 1;
L_0x155cf1130 .part L_0x155cef330, 1, 1;
L_0x155cf1210 .part L_0x155cef330, 0, 1;
L_0x155cf1470 .part L_0x155cf0410, 0, 1;
L_0x155cf17b0 .part L_0x155cef3a0, 3, 1;
L_0x155cf12b0 .part L_0x155cef330, 3, 1;
L_0x155cf1950 .part L_0x155cef3a0, 2, 1;
L_0x155cf1710 .part L_0x155cef330, 3, 1;
L_0x155cf1c90 .part L_0x155cef330, 2, 1;
L_0x155cf1e90 .part L_0x155cef3a0, 1, 1;
L_0x155cf2150 .part L_0x155cef330, 3, 1;
L_0x155cf22d0 .part L_0x155cef330, 2, 1;
L_0x155cf0b90 .part L_0x155cef330, 1, 1;
L_0x155cf21f0 .part L_0x155cef3a0, 0, 1;
L_0x155cf2970 .part L_0x155cef330, 3, 1;
L_0x155cf2b10 .part L_0x155cef330, 2, 1;
L_0x155cf2ca0 .part L_0x155cef330, 1, 1;
L_0x155cf2a50 .part L_0x155cef330, 0, 1;
L_0x155cf3040 .part L_0x155cf0410, 0, 1;
S_0x155c74e00 .scope module, "n2" "cla_4" 7 15, 8 3 0, S_0x155c71690;
 .timescale -9 -11;
    .port_info 0 /INPUT 4 "a";
    .port_info 1 /INPUT 4 "b";
    .port_info 2 /INPUT 1 "cin";
    .port_info 3 /OUTPUT 4 "sum";
    .port_info 4 /OUTPUT 1 "cout";
L_0x155cf2fb0 .functor XOR 4, L_0x155cf74a0, L_0x155cf7540, C4<0000>, C4<0000>;
L_0x155cf34b0 .functor AND 4, L_0x155cf74a0, L_0x155cf7540, C4<1111>, C4<1111>;
L_0x155cf35e0 .functor BUFZ 1, L_0x155cf2d40, C4<0>, C4<0>, C4<0>;
L_0x155cf3950 .functor AND 1, L_0x155cf37b0, L_0x155cf3890, C4<1>, C4<1>;
L_0x155cf3a60 .functor OR 1, L_0x155cf36d0, L_0x155cf3950, C4<0>, C4<0>;
L_0x155cf3e10 .functor AND 1, L_0x155cf3c20, L_0x155cf3cf0, C4<1>, C4<1>;
L_0x155cf3ee0 .functor OR 1, L_0x155cf3b80, L_0x155cf3e10, C4<0>, C4<0>;
L_0x155cf41d0 .functor AND 1, L_0x155cf4010, L_0x155cf4130, C4<1>, C4<1>;
L_0x155cf43f0 .functor AND 1, L_0x155cf41d0, L_0x155cf42c0, C4<1>, C4<1>;
L_0x155cf44f0 .functor OR 1, L_0x155cf3ee0, L_0x155cf43f0, C4<0>, C4<0>;
L_0x155cf49e0 .functor AND 1, L_0x155cf4830, L_0x155cf48d0, C4<1>, C4<1>;
L_0x155cf4af0 .functor OR 1, L_0x155cf4730, L_0x155cf49e0, C4<0>, C4<0>;
L_0x155cf4970 .functor AND 1, L_0x155cf4ba0, L_0x155cf4c40, C4<1>, C4<1>;
L_0x155cf4f70 .functor AND 1, L_0x155cf4970, L_0x155cf4ed0, C4<1>, C4<1>;
L_0x155cf5020 .functor OR 1, L_0x155cf4af0, L_0x155cf4f70, C4<0>, C4<0>;
L_0x155cf4e60 .functor AND 1, L_0x155cf5190, L_0x155cf52c0, C4<1>, C4<1>;
L_0x155cf54e0 .functor AND 1, L_0x155cf4e60, L_0x155cf53a0, C4<1>, C4<1>;
L_0x155cf56a0 .functor AND 1, L_0x155cf54e0, L_0x155cf5600, C4<1>, C4<1>;
L_0x155cf5770 .functor OR 1, L_0x155cf5020, L_0x155cf56a0, C4<0>, C4<0>;
L_0x155cf3d90 .functor AND 1, L_0x155cf5440, L_0x155cf5ae0, C4<1>, C4<1>;
L_0x155cf5c80 .functor OR 1, L_0x155cf5940, L_0x155cf3d90, C4<0>, C4<0>;
L_0x155cf5f90 .functor AND 1, L_0x155cf58a0, L_0x155cf5e20, C4<1>, C4<1>;
L_0x155cf60c0 .functor AND 1, L_0x155cf5f90, L_0x155cf6020, C4<1>, C4<1>;
L_0x155cf6270 .functor OR 1, L_0x155cf5c80, L_0x155cf60c0, C4<0>, C4<0>;
L_0x155cf5ec0 .functor AND 1, L_0x155cf62e0, L_0x155cf6460, C4<1>, C4<1>;
L_0x155cf61b0 .functor AND 1, L_0x155cf5ec0, L_0x155cf4d20, C4<1>, C4<1>;
L_0x155cf68c0 .functor AND 1, L_0x155cf61b0, L_0x155cf6380, C4<1>, C4<1>;
L_0x155cf6a90 .functor OR 1, L_0x155cf6270, L_0x155cf68c0, C4<0>, C4<0>;
L_0x155cf6780 .functor AND 1, L_0x155cf6b00, L_0x155cf6ca0, C4<1>, C4<1>;
L_0x155cf69b0 .functor AND 1, L_0x155cf6780, L_0x155cf6e30, C4<1>, C4<1>;
L_0x155cf6fe0 .functor AND 1, L_0x155cf69b0, L_0x155cf6be0, C4<1>, C4<1>;
L_0x155cf6d40 .functor AND 1, L_0x155cf6fe0, L_0x155cf71d0, C4<1>, C4<1>;
L_0x155cf6ed0 .functor OR 1, L_0x155cf6a90, L_0x155cf6d40, C4<0>, C4<0>;
L_0x155cf70d0 .functor XOR 4, L_0x155cf2fb0, L_0x155cf45a0, C4<0000>, C4<0000>;
v0x155c75040_0 .net "G", 3 0, L_0x155cf34b0;  1 drivers
v0x155c750e0_0 .net "P", 3 0, L_0x155cf2fb0;  1 drivers
v0x155c75190_0 .net *"_ivl_102", 0 0, L_0x155cf6020;  1 drivers
v0x155c75250_0 .net *"_ivl_103", 0 0, L_0x155cf60c0;  1 drivers
v0x155c75300_0 .net *"_ivl_105", 0 0, L_0x155cf6270;  1 drivers
v0x155c753f0_0 .net *"_ivl_108", 0 0, L_0x155cf62e0;  1 drivers
v0x155c754a0_0 .net *"_ivl_11", 0 0, L_0x155cf36d0;  1 drivers
v0x155c75550_0 .net *"_ivl_110", 0 0, L_0x155cf6460;  1 drivers
v0x155c75600_0 .net *"_ivl_111", 0 0, L_0x155cf5ec0;  1 drivers
v0x155c75710_0 .net *"_ivl_114", 0 0, L_0x155cf4d20;  1 drivers
v0x155c757c0_0 .net *"_ivl_115", 0 0, L_0x155cf61b0;  1 drivers
v0x155c75870_0 .net *"_ivl_118", 0 0, L_0x155cf6380;  1 drivers
v0x155c75920_0 .net *"_ivl_119", 0 0, L_0x155cf68c0;  1 drivers
v0x155c759d0_0 .net *"_ivl_121", 0 0, L_0x155cf6a90;  1 drivers
v0x155c75a80_0 .net *"_ivl_124", 0 0, L_0x155cf6b00;  1 drivers
v0x155c75b30_0 .net *"_ivl_126", 0 0, L_0x155cf6ca0;  1 drivers
v0x155c75be0_0 .net *"_ivl_127", 0 0, L_0x155cf6780;  1 drivers
v0x155c75d70_0 .net *"_ivl_13", 0 0, L_0x155cf37b0;  1 drivers
v0x155c75e00_0 .net *"_ivl_130", 0 0, L_0x155cf6e30;  1 drivers
v0x155c75eb0_0 .net *"_ivl_131", 0 0, L_0x155cf69b0;  1 drivers
v0x155c75f60_0 .net *"_ivl_134", 0 0, L_0x155cf6be0;  1 drivers
v0x155c76010_0 .net *"_ivl_135", 0 0, L_0x155cf6fe0;  1 drivers
v0x155c760c0_0 .net *"_ivl_138", 0 0, L_0x155cf71d0;  1 drivers
v0x155c76170_0 .net *"_ivl_139", 0 0, L_0x155cf6d40;  1 drivers
v0x155c76220_0 .net *"_ivl_15", 0 0, L_0x155cf3890;  1 drivers
v0x155c762d0_0 .net *"_ivl_16", 0 0, L_0x155cf3950;  1 drivers
v0x155c76380_0 .net *"_ivl_18", 0 0, L_0x155cf3a60;  1 drivers
v0x155c76430_0 .net *"_ivl_23", 0 0, L_0x155cf3b80;  1 drivers
v0x155c764e0_0 .net *"_ivl_25", 0 0, L_0x155cf3c20;  1 drivers
v0x155c76590_0 .net *"_ivl_27", 0 0, L_0x155cf3cf0;  1 drivers
v0x155c76640_0 .net *"_ivl_28", 0 0, L_0x155cf3e10;  1 drivers
v0x155c766f0_0 .net *"_ivl_30", 0 0, L_0x155cf3ee0;  1 drivers
v0x155c767a0_0 .net *"_ivl_33", 0 0, L_0x155cf4010;  1 drivers
v0x155c75c90_0 .net *"_ivl_35", 0 0, L_0x155cf4130;  1 drivers
v0x155c76a30_0 .net *"_ivl_36", 0 0, L_0x155cf41d0;  1 drivers
v0x155c76ac0_0 .net *"_ivl_39", 0 0, L_0x155cf42c0;  1 drivers
v0x155c76b60_0 .net *"_ivl_40", 0 0, L_0x155cf43f0;  1 drivers
v0x155c76c10_0 .net *"_ivl_42", 0 0, L_0x155cf44f0;  1 drivers
v0x155c76cc0_0 .net *"_ivl_48", 0 0, L_0x155cf4730;  1 drivers
v0x155c76d70_0 .net *"_ivl_50", 0 0, L_0x155cf4830;  1 drivers
v0x155c76e20_0 .net *"_ivl_52", 0 0, L_0x155cf48d0;  1 drivers
v0x155c76ed0_0 .net *"_ivl_53", 0 0, L_0x155cf49e0;  1 drivers
v0x155c76f80_0 .net *"_ivl_55", 0 0, L_0x155cf4af0;  1 drivers
v0x155c77030_0 .net *"_ivl_58", 0 0, L_0x155cf4ba0;  1 drivers
v0x155c770e0_0 .net *"_ivl_60", 0 0, L_0x155cf4c40;  1 drivers
v0x155c77190_0 .net *"_ivl_61", 0 0, L_0x155cf4970;  1 drivers
v0x155c77240_0 .net *"_ivl_64", 0 0, L_0x155cf4ed0;  1 drivers
v0x155c772f0_0 .net *"_ivl_65", 0 0, L_0x155cf4f70;  1 drivers
v0x155c773a0_0 .net *"_ivl_67", 0 0, L_0x155cf5020;  1 drivers
v0x155c77450_0 .net *"_ivl_7", 0 0, L_0x155cf35e0;  1 drivers
v0x155c77500_0 .net *"_ivl_70", 0 0, L_0x155cf5190;  1 drivers
v0x155c775b0_0 .net *"_ivl_72", 0 0, L_0x155cf52c0;  1 drivers
v0x155c77660_0 .net *"_ivl_73", 0 0, L_0x155cf4e60;  1 drivers
v0x155c77710_0 .net *"_ivl_76", 0 0, L_0x155cf53a0;  1 drivers
v0x155c777c0_0 .net *"_ivl_77", 0 0, L_0x155cf54e0;  1 drivers
v0x155c77870_0 .net *"_ivl_80", 0 0, L_0x155cf5600;  1 drivers
v0x155c77920_0 .net *"_ivl_81", 0 0, L_0x155cf56a0;  1 drivers
v0x155c779d0_0 .net *"_ivl_83", 0 0, L_0x155cf5770;  1 drivers
v0x155c77a80_0 .net *"_ivl_86", 0 0, L_0x155cf5940;  1 drivers
v0x155c77b30_0 .net *"_ivl_88", 0 0, L_0x155cf5440;  1 drivers
v0x155c77be0_0 .net *"_ivl_90", 0 0, L_0x155cf5ae0;  1 drivers
v0x155c77c90_0 .net *"_ivl_91", 0 0, L_0x155cf3d90;  1 drivers
v0x155c77d40_0 .net *"_ivl_93", 0 0, L_0x155cf5c80;  1 drivers
v0x155c77df0_0 .net *"_ivl_96", 0 0, L_0x155cf58a0;  1 drivers
v0x155c77ea0_0 .net *"_ivl_98", 0 0, L_0x155cf5e20;  1 drivers
v0x155c76850_0 .net *"_ivl_99", 0 0, L_0x155cf5f90;  1 drivers
v0x155c76900_0 .net "a", 3 0, L_0x155cf74a0;  1 drivers
v0x155c77f30_0 .net "b", 3 0, L_0x155cf7540;  1 drivers
v0x155c77fc0_0 .net "c", 3 0, L_0x155cf45a0;  1 drivers
v0x155c78050_0 .net "cin", 0 0, L_0x155cf2d40;  alias, 1 drivers
v0x155c780e0_0 .net "cout", 0 0, L_0x155cf6ed0;  alias, 1 drivers
v0x155c78170_0 .net "sum", 3 0, L_0x155cf70d0;  1 drivers
L_0x155cf36d0 .part L_0x155cf34b0, 0, 1;
L_0x155cf37b0 .part L_0x155cf2fb0, 0, 1;
L_0x155cf3890 .part L_0x155cf45a0, 0, 1;
L_0x155cf3b80 .part L_0x155cf34b0, 1, 1;
L_0x155cf3c20 .part L_0x155cf2fb0, 1, 1;
L_0x155cf3cf0 .part L_0x155cf34b0, 0, 1;
L_0x155cf4010 .part L_0x155cf2fb0, 1, 1;
L_0x155cf4130 .part L_0x155cf2fb0, 0, 1;
L_0x155cf42c0 .part L_0x155cf45a0, 0, 1;
L_0x155cf45a0 .concat8 [ 1 1 1 1], L_0x155cf35e0, L_0x155cf3a60, L_0x155cf44f0, L_0x155cf5770;
L_0x155cf4730 .part L_0x155cf34b0, 2, 1;
L_0x155cf4830 .part L_0x155cf2fb0, 2, 1;
L_0x155cf48d0 .part L_0x155cf34b0, 1, 1;
L_0x155cf4ba0 .part L_0x155cf2fb0, 2, 1;
L_0x155cf4c40 .part L_0x155cf2fb0, 1, 1;
L_0x155cf4ed0 .part L_0x155cf34b0, 0, 1;
L_0x155cf5190 .part L_0x155cf2fb0, 2, 1;
L_0x155cf52c0 .part L_0x155cf2fb0, 1, 1;
L_0x155cf53a0 .part L_0x155cf2fb0, 0, 1;
L_0x155cf5600 .part L_0x155cf45a0, 0, 1;
L_0x155cf5940 .part L_0x155cf34b0, 3, 1;
L_0x155cf5440 .part L_0x155cf2fb0, 3, 1;
L_0x155cf5ae0 .part L_0x155cf34b0, 2, 1;
L_0x155cf58a0 .part L_0x155cf2fb0, 3, 1;
L_0x155cf5e20 .part L_0x155cf2fb0, 2, 1;
L_0x155cf6020 .part L_0x155cf34b0, 1, 1;
L_0x155cf62e0 .part L_0x155cf2fb0, 3, 1;
L_0x155cf6460 .part L_0x155cf2fb0, 2, 1;
L_0x155cf4d20 .part L_0x155cf2fb0, 1, 1;
L_0x155cf6380 .part L_0x155cf34b0, 0, 1;
L_0x155cf6b00 .part L_0x155cf2fb0, 3, 1;
L_0x155cf6ca0 .part L_0x155cf2fb0, 2, 1;
L_0x155cf6e30 .part L_0x155cf2fb0, 1, 1;
L_0x155cf6be0 .part L_0x155cf2fb0, 0, 1;
L_0x155cf71d0 .part L_0x155cf45a0, 0, 1;
S_0x155c78200 .scope module, "n3" "cla_4" 7 16, 8 3 0, S_0x155c71690;
 .timescale -9 -11;
    .port_info 0 /INPUT 4 "a";
    .port_info 1 /INPUT 4 "b";
    .port_info 2 /INPUT 1 "cin";
    .port_info 3 /OUTPUT 4 "sum";
    .port_info 4 /OUTPUT 1 "cout";
L_0x155cf75e0 .functor XOR 4, L_0x155cfb680, L_0x155cfb720, C4<0000>, C4<0000>;
L_0x155cf7670 .functor AND 4, L_0x155cfb680, L_0x155cfb720, C4<1111>, C4<1111>;
L_0x155cf77a0 .functor BUFZ 1, L_0x155cf6ed0, C4<0>, C4<0>, C4<0>;
L_0x155cf7b10 .functor AND 1, L_0x155cf7970, L_0x155cf7a50, C4<1>, C4<1>;
L_0x155cf7c40 .functor OR 1, L_0x155cf7890, L_0x155cf7b10, C4<0>, C4<0>;
L_0x155cf7ff0 .functor AND 1, L_0x155cf7e00, L_0x155cf7ed0, C4<1>, C4<1>;
L_0x155cf80c0 .functor OR 1, L_0x155cf7d60, L_0x155cf7ff0, C4<0>, C4<0>;
L_0x155cf83b0 .functor AND 1, L_0x155cf81f0, L_0x155cf8310, C4<1>, C4<1>;
L_0x155cf85d0 .functor AND 1, L_0x155cf83b0, L_0x155cf84a0, C4<1>, C4<1>;
L_0x155cf86d0 .functor OR 1, L_0x155cf80c0, L_0x155cf85d0, C4<0>, C4<0>;
L_0x155cf8bc0 .functor AND 1, L_0x155cf8a10, L_0x155cf8ab0, C4<1>, C4<1>;
L_0x155cf8cd0 .functor OR 1, L_0x155cf8910, L_0x155cf8bc0, C4<0>, C4<0>;
L_0x155cf8b50 .functor AND 1, L_0x155cf8d80, L_0x155cf8e20, C4<1>, C4<1>;
L_0x155cf9150 .functor AND 1, L_0x155cf8b50, L_0x155cf90b0, C4<1>, C4<1>;
L_0x155cf9200 .functor OR 1, L_0x155cf8cd0, L_0x155cf9150, C4<0>, C4<0>;
L_0x155cf9040 .functor AND 1, L_0x155cf9370, L_0x155cf94a0, C4<1>, C4<1>;
L_0x155cf96c0 .functor AND 1, L_0x155cf9040, L_0x155cf9580, C4<1>, C4<1>;
L_0x155cf9880 .functor AND 1, L_0x155cf96c0, L_0x155cf97e0, C4<1>, C4<1>;
L_0x155cf9950 .functor OR 1, L_0x155cf9200, L_0x155cf9880, C4<0>, C4<0>;
L_0x155cf7f70 .functor AND 1, L_0x155cf9620, L_0x155cf9cc0, C4<1>, C4<1>;
L_0x155cf9e60 .functor OR 1, L_0x155cf9b20, L_0x155cf7f70, C4<0>, C4<0>;
L_0x155cfa170 .functor AND 1, L_0x155cf9a80, L_0x155cfa000, C4<1>, C4<1>;
L_0x155cfa2a0 .functor AND 1, L_0x155cfa170, L_0x155cfa200, C4<1>, C4<1>;
L_0x155cfa450 .functor OR 1, L_0x155cf9e60, L_0x155cfa2a0, C4<0>, C4<0>;
L_0x155cfa0a0 .functor AND 1, L_0x155cfa4c0, L_0x155cfa640, C4<1>, C4<1>;
L_0x155cfa390 .functor AND 1, L_0x155cfa0a0, L_0x155cf8f00, C4<1>, C4<1>;
L_0x155cfaaa0 .functor AND 1, L_0x155cfa390, L_0x155cfa560, C4<1>, C4<1>;
L_0x155cfac70 .functor OR 1, L_0x155cfa450, L_0x155cfaaa0, C4<0>, C4<0>;
L_0x155cfa960 .functor AND 1, L_0x155cface0, L_0x155cfae80, C4<1>, C4<1>;
L_0x155cfab90 .functor AND 1, L_0x155cfa960, L_0x155cfb010, C4<1>, C4<1>;
L_0x155cfb1c0 .functor AND 1, L_0x155cfab90, L_0x155cfadc0, C4<1>, C4<1>;
L_0x155cfaf20 .functor AND 1, L_0x155cfb1c0, L_0x155cfb3b0, C4<1>, C4<1>;
L_0x155cfb0b0 .functor OR 1, L_0x155cfac70, L_0x155cfaf20, C4<0>, C4<0>;
L_0x155cfb2b0 .functor XOR 4, L_0x155cf75e0, L_0x155cf8780, C4<0000>, C4<0000>;
v0x155c78460_0 .net "G", 3 0, L_0x155cf7670;  1 drivers
v0x155c78510_0 .net "P", 3 0, L_0x155cf75e0;  1 drivers
v0x155c785c0_0 .net *"_ivl_102", 0 0, L_0x155cfa200;  1 drivers
v0x155c78680_0 .net *"_ivl_103", 0 0, L_0x155cfa2a0;  1 drivers
v0x155c78730_0 .net *"_ivl_105", 0 0, L_0x155cfa450;  1 drivers
v0x155c78820_0 .net *"_ivl_108", 0 0, L_0x155cfa4c0;  1 drivers
v0x155c788d0_0 .net *"_ivl_11", 0 0, L_0x155cf7890;  1 drivers
v0x155c78980_0 .net *"_ivl_110", 0 0, L_0x155cfa640;  1 drivers
v0x155c78a30_0 .net *"_ivl_111", 0 0, L_0x155cfa0a0;  1 drivers
v0x155c78b40_0 .net *"_ivl_114", 0 0, L_0x155cf8f00;  1 drivers
v0x155c78bf0_0 .net *"_ivl_115", 0 0, L_0x155cfa390;  1 drivers
v0x155c78ca0_0 .net *"_ivl_118", 0 0, L_0x155cfa560;  1 drivers
v0x155c78d50_0 .net *"_ivl_119", 0 0, L_0x155cfaaa0;  1 drivers
v0x155c78e00_0 .net *"_ivl_121", 0 0, L_0x155cfac70;  1 drivers
v0x155c78eb0_0 .net *"_ivl_124", 0 0, L_0x155cface0;  1 drivers
v0x155c78f60_0 .net *"_ivl_126", 0 0, L_0x155cfae80;  1 drivers
v0x155c79010_0 .net *"_ivl_127", 0 0, L_0x155cfa960;  1 drivers
v0x155c791a0_0 .net *"_ivl_13", 0 0, L_0x155cf7970;  1 drivers
v0x155c79230_0 .net *"_ivl_130", 0 0, L_0x155cfb010;  1 drivers
v0x155c792e0_0 .net *"_ivl_131", 0 0, L_0x155cfab90;  1 drivers
v0x155c79390_0 .net *"_ivl_134", 0 0, L_0x155cfadc0;  1 drivers
v0x155c79440_0 .net *"_ivl_135", 0 0, L_0x155cfb1c0;  1 drivers
v0x155c794f0_0 .net *"_ivl_138", 0 0, L_0x155cfb3b0;  1 drivers
v0x155c795a0_0 .net *"_ivl_139", 0 0, L_0x155cfaf20;  1 drivers
v0x155c79650_0 .net *"_ivl_15", 0 0, L_0x155cf7a50;  1 drivers
v0x155c79700_0 .net *"_ivl_16", 0 0, L_0x155cf7b10;  1 drivers
v0x155c797b0_0 .net *"_ivl_18", 0 0, L_0x155cf7c40;  1 drivers
v0x155c79860_0 .net *"_ivl_23", 0 0, L_0x155cf7d60;  1 drivers
v0x155c79910_0 .net *"_ivl_25", 0 0, L_0x155cf7e00;  1 drivers
v0x155c799c0_0 .net *"_ivl_27", 0 0, L_0x155cf7ed0;  1 drivers
v0x155c79a70_0 .net *"_ivl_28", 0 0, L_0x155cf7ff0;  1 drivers
v0x155c79b20_0 .net *"_ivl_30", 0 0, L_0x155cf80c0;  1 drivers
v0x155c79bd0_0 .net *"_ivl_33", 0 0, L_0x155cf81f0;  1 drivers
v0x155c790c0_0 .net *"_ivl_35", 0 0, L_0x155cf8310;  1 drivers
v0x155c79e60_0 .net *"_ivl_36", 0 0, L_0x155cf83b0;  1 drivers
v0x155c79ef0_0 .net *"_ivl_39", 0 0, L_0x155cf84a0;  1 drivers
v0x155c79f90_0 .net *"_ivl_40", 0 0, L_0x155cf85d0;  1 drivers
v0x155c7a040_0 .net *"_ivl_42", 0 0, L_0x155cf86d0;  1 drivers
v0x155c7a0f0_0 .net *"_ivl_48", 0 0, L_0x155cf8910;  1 drivers
v0x155c7a1a0_0 .net *"_ivl_50", 0 0, L_0x155cf8a10;  1 drivers
v0x155c7a250_0 .net *"_ivl_52", 0 0, L_0x155cf8ab0;  1 drivers
v0x155c7a300_0 .net *"_ivl_53", 0 0, L_0x155cf8bc0;  1 drivers
v0x155c7a3b0_0 .net *"_ivl_55", 0 0, L_0x155cf8cd0;  1 drivers
v0x155c7a460_0 .net *"_ivl_58", 0 0, L_0x155cf8d80;  1 drivers
v0x155c7a510_0 .net *"_ivl_60", 0 0, L_0x155cf8e20;  1 drivers
v0x155c7a5c0_0 .net *"_ivl_61", 0 0, L_0x155cf8b50;  1 drivers
v0x155c7a670_0 .net *"_ivl_64", 0 0, L_0x155cf90b0;  1 drivers
v0x155c7a720_0 .net *"_ivl_65", 0 0, L_0x155cf9150;  1 drivers
v0x155c7a7d0_0 .net *"_ivl_67", 0 0, L_0x155cf9200;  1 drivers
v0x155c7a880_0 .net *"_ivl_7", 0 0, L_0x155cf77a0;  1 drivers
v0x155c7a930_0 .net *"_ivl_70", 0 0, L_0x155cf9370;  1 drivers
v0x155c7a9e0_0 .net *"_ivl_72", 0 0, L_0x155cf94a0;  1 drivers
v0x155c7aa90_0 .net *"_ivl_73", 0 0, L_0x155cf9040;  1 drivers
v0x155c7ab40_0 .net *"_ivl_76", 0 0, L_0x155cf9580;  1 drivers
v0x155c7abf0_0 .net *"_ivl_77", 0 0, L_0x155cf96c0;  1 drivers
v0x155c7aca0_0 .net *"_ivl_80", 0 0, L_0x155cf97e0;  1 drivers
v0x155c7ad50_0 .net *"_ivl_81", 0 0, L_0x155cf9880;  1 drivers
v0x155c7ae00_0 .net *"_ivl_83", 0 0, L_0x155cf9950;  1 drivers
v0x155c7aeb0_0 .net *"_ivl_86", 0 0, L_0x155cf9b20;  1 drivers
v0x155c7af60_0 .net *"_ivl_88", 0 0, L_0x155cf9620;  1 drivers
v0x155c7b010_0 .net *"_ivl_90", 0 0, L_0x155cf9cc0;  1 drivers
v0x155c7b0c0_0 .net *"_ivl_91", 0 0, L_0x155cf7f70;  1 drivers
v0x155c7b170_0 .net *"_ivl_93", 0 0, L_0x155cf9e60;  1 drivers
v0x155c7b220_0 .net *"_ivl_96", 0 0, L_0x155cf9a80;  1 drivers
v0x155c7b2d0_0 .net *"_ivl_98", 0 0, L_0x155cfa000;  1 drivers
v0x155c79c80_0 .net *"_ivl_99", 0 0, L_0x155cfa170;  1 drivers
v0x155c79d30_0 .net "a", 3 0, L_0x155cfb680;  1 drivers
v0x155c7b360_0 .net "b", 3 0, L_0x155cfb720;  1 drivers
v0x155c7b3f0_0 .net "c", 3 0, L_0x155cf8780;  1 drivers
v0x155c7b480_0 .net "cin", 0 0, L_0x155cf6ed0;  alias, 1 drivers
v0x155c7b510_0 .net "cout", 0 0, L_0x155cfb0b0;  alias, 1 drivers
v0x155c7b5a0_0 .net "sum", 3 0, L_0x155cfb2b0;  1 drivers
L_0x155cf7890 .part L_0x155cf7670, 0, 1;
L_0x155cf7970 .part L_0x155cf75e0, 0, 1;
L_0x155cf7a50 .part L_0x155cf8780, 0, 1;
L_0x155cf7d60 .part L_0x155cf7670, 1, 1;
L_0x155cf7e00 .part L_0x155cf75e0, 1, 1;
L_0x155cf7ed0 .part L_0x155cf7670, 0, 1;
L_0x155cf81f0 .part L_0x155cf75e0, 1, 1;
L_0x155cf8310 .part L_0x155cf75e0, 0, 1;
L_0x155cf84a0 .part L_0x155cf8780, 0, 1;
L_0x155cf8780 .concat8 [ 1 1 1 1], L_0x155cf77a0, L_0x155cf7c40, L_0x155cf86d0, L_0x155cf9950;
L_0x155cf8910 .part L_0x155cf7670, 2, 1;
L_0x155cf8a10 .part L_0x155cf75e0, 2, 1;
L_0x155cf8ab0 .part L_0x155cf7670, 1, 1;
L_0x155cf8d80 .part L_0x155cf75e0, 2, 1;
L_0x155cf8e20 .part L_0x155cf75e0, 1, 1;
L_0x155cf90b0 .part L_0x155cf7670, 0, 1;
L_0x155cf9370 .part L_0x155cf75e0, 2, 1;
L_0x155cf94a0 .part L_0x155cf75e0, 1, 1;
L_0x155cf9580 .part L_0x155cf75e0, 0, 1;
L_0x155cf97e0 .part L_0x155cf8780, 0, 1;
L_0x155cf9b20 .part L_0x155cf7670, 3, 1;
L_0x155cf9620 .part L_0x155cf75e0, 3, 1;
L_0x155cf9cc0 .part L_0x155cf7670, 2, 1;
L_0x155cf9a80 .part L_0x155cf75e0, 3, 1;
L_0x155cfa000 .part L_0x155cf75e0, 2, 1;
L_0x155cfa200 .part L_0x155cf7670, 1, 1;
L_0x155cfa4c0 .part L_0x155cf75e0, 3, 1;
L_0x155cfa640 .part L_0x155cf75e0, 2, 1;
L_0x155cf8f00 .part L_0x155cf75e0, 1, 1;
L_0x155cfa560 .part L_0x155cf7670, 0, 1;
L_0x155cface0 .part L_0x155cf75e0, 3, 1;
L_0x155cfae80 .part L_0x155cf75e0, 2, 1;
L_0x155cfb010 .part L_0x155cf75e0, 1, 1;
L_0x155cfadc0 .part L_0x155cf75e0, 0, 1;
L_0x155cfb3b0 .part L_0x155cf8780, 0, 1;
S_0x155c7b630 .scope module, "n4" "cla_4" 7 17, 8 3 0, S_0x155c71690;
 .timescale -9 -11;
    .port_info 0 /INPUT 4 "a";
    .port_info 1 /INPUT 4 "b";
    .port_info 2 /INPUT 1 "cin";
    .port_info 3 /OUTPUT 4 "sum";
    .port_info 4 /OUTPUT 1 "cout";
L_0x155cfb7c0 .functor XOR 4, L_0x155cff7e0, L_0x155cff880, C4<0000>, C4<0000>;
L_0x155cfb830 .functor AND 4, L_0x155cff7e0, L_0x155cff880, C4<1111>, C4<1111>;
L_0x155cfb920 .functor BUFZ 1, L_0x155cfb0b0, C4<0>, C4<0>, C4<0>;
L_0x155cfbc90 .functor AND 1, L_0x155cfbaf0, L_0x155cfbbd0, C4<1>, C4<1>;
L_0x155cfbda0 .functor OR 1, L_0x155cfba10, L_0x155cfbc90, C4<0>, C4<0>;
L_0x155cfc150 .functor AND 1, L_0x155cfbf60, L_0x155cfc030, C4<1>, C4<1>;
L_0x155cfc220 .functor OR 1, L_0x155cfbec0, L_0x155cfc150, C4<0>, C4<0>;
L_0x155cfc510 .functor AND 1, L_0x155cfc350, L_0x155cfc470, C4<1>, C4<1>;
L_0x155cfc730 .functor AND 1, L_0x155cfc510, L_0x155cfc600, C4<1>, C4<1>;
L_0x155cfc830 .functor OR 1, L_0x155cfc220, L_0x155cfc730, C4<0>, C4<0>;
L_0x155cfcd20 .functor AND 1, L_0x155cfcb70, L_0x155cfcc10, C4<1>, C4<1>;
L_0x155cfce30 .functor OR 1, L_0x155cfca70, L_0x155cfcd20, C4<0>, C4<0>;
L_0x155cfccb0 .functor AND 1, L_0x155cfcee0, L_0x155cfcf80, C4<1>, C4<1>;
L_0x155cfd2b0 .functor AND 1, L_0x155cfccb0, L_0x155cfd210, C4<1>, C4<1>;
L_0x155cfd360 .functor OR 1, L_0x155cfce30, L_0x155cfd2b0, C4<0>, C4<0>;
L_0x155cfd1a0 .functor AND 1, L_0x155cfd4d0, L_0x155cfd600, C4<1>, C4<1>;
L_0x155cfd820 .functor AND 1, L_0x155cfd1a0, L_0x155cfd6e0, C4<1>, C4<1>;
L_0x155cfd9e0 .functor AND 1, L_0x155cfd820, L_0x155cfd940, C4<1>, C4<1>;
L_0x155cfdab0 .functor OR 1, L_0x155cfd360, L_0x155cfd9e0, C4<0>, C4<0>;
L_0x155cfc0d0 .functor AND 1, L_0x155cfd780, L_0x155cfde20, C4<1>, C4<1>;
L_0x155cfdfc0 .functor OR 1, L_0x155cfdc80, L_0x155cfc0d0, C4<0>, C4<0>;
L_0x155cfe2d0 .functor AND 1, L_0x155cfdbe0, L_0x155cfe160, C4<1>, C4<1>;
L_0x155cfe400 .functor AND 1, L_0x155cfe2d0, L_0x155cfe360, C4<1>, C4<1>;
L_0x155cfe5b0 .functor OR 1, L_0x155cfdfc0, L_0x155cfe400, C4<0>, C4<0>;
L_0x155cfe200 .functor AND 1, L_0x155cfe620, L_0x155cfe7a0, C4<1>, C4<1>;
L_0x155cfe4f0 .functor AND 1, L_0x155cfe200, L_0x155cfd060, C4<1>, C4<1>;
L_0x155cfec00 .functor AND 1, L_0x155cfe4f0, L_0x155cfe6c0, C4<1>, C4<1>;
L_0x155cfedd0 .functor OR 1, L_0x155cfe5b0, L_0x155cfec00, C4<0>, C4<0>;
L_0x155cfeac0 .functor AND 1, L_0x155cfee40, L_0x155cfefe0, C4<1>, C4<1>;
L_0x155cfecf0 .functor AND 1, L_0x155cfeac0, L_0x155cff170, C4<1>, C4<1>;
L_0x155cff320 .functor AND 1, L_0x155cfecf0, L_0x155cfef20, C4<1>, C4<1>;
L_0x155cff080 .functor AND 1, L_0x155cff320, L_0x155cff510, C4<1>, C4<1>;
L_0x155cff210 .functor OR 1, L_0x155cfedd0, L_0x155cff080, C4<0>, C4<0>;
L_0x155cff410 .functor XOR 4, L_0x155cfb7c0, L_0x155cfc8e0, C4<0000>, C4<0000>;
v0x155c7b870_0 .net "G", 3 0, L_0x155cfb830;  1 drivers
v0x155c7b930_0 .net "P", 3 0, L_0x155cfb7c0;  1 drivers
v0x155c7b9e0_0 .net *"_ivl_102", 0 0, L_0x155cfe360;  1 drivers
v0x155c7baa0_0 .net *"_ivl_103", 0 0, L_0x155cfe400;  1 drivers
v0x155c7bb50_0 .net *"_ivl_105", 0 0, L_0x155cfe5b0;  1 drivers
v0x155c7bc40_0 .net *"_ivl_108", 0 0, L_0x155cfe620;  1 drivers
v0x155c7bcf0_0 .net *"_ivl_11", 0 0, L_0x155cfba10;  1 drivers
v0x155c7bda0_0 .net *"_ivl_110", 0 0, L_0x155cfe7a0;  1 drivers
v0x155c7be50_0 .net *"_ivl_111", 0 0, L_0x155cfe200;  1 drivers
v0x155c7bf60_0 .net *"_ivl_114", 0 0, L_0x155cfd060;  1 drivers
v0x155c7c010_0 .net *"_ivl_115", 0 0, L_0x155cfe4f0;  1 drivers
v0x155c7c0c0_0 .net *"_ivl_118", 0 0, L_0x155cfe6c0;  1 drivers
v0x155c7c170_0 .net *"_ivl_119", 0 0, L_0x155cfec00;  1 drivers
v0x155c7c220_0 .net *"_ivl_121", 0 0, L_0x155cfedd0;  1 drivers
v0x155c7c2d0_0 .net *"_ivl_124", 0 0, L_0x155cfee40;  1 drivers
v0x155c7c380_0 .net *"_ivl_126", 0 0, L_0x155cfefe0;  1 drivers
v0x155c7c430_0 .net *"_ivl_127", 0 0, L_0x155cfeac0;  1 drivers
v0x155c7c5c0_0 .net *"_ivl_13", 0 0, L_0x155cfbaf0;  1 drivers
v0x155c7c650_0 .net *"_ivl_130", 0 0, L_0x155cff170;  1 drivers
v0x155c7c700_0 .net *"_ivl_131", 0 0, L_0x155cfecf0;  1 drivers
v0x155c7c7b0_0 .net *"_ivl_134", 0 0, L_0x155cfef20;  1 drivers
v0x155c7c860_0 .net *"_ivl_135", 0 0, L_0x155cff320;  1 drivers
v0x155c7c910_0 .net *"_ivl_138", 0 0, L_0x155cff510;  1 drivers
v0x155c7c9c0_0 .net *"_ivl_139", 0 0, L_0x155cff080;  1 drivers
v0x155c7ca70_0 .net *"_ivl_15", 0 0, L_0x155cfbbd0;  1 drivers
v0x155c7cb20_0 .net *"_ivl_16", 0 0, L_0x155cfbc90;  1 drivers
v0x155c7cbd0_0 .net *"_ivl_18", 0 0, L_0x155cfbda0;  1 drivers
v0x155c7cc80_0 .net *"_ivl_23", 0 0, L_0x155cfbec0;  1 drivers
v0x155c7cd30_0 .net *"_ivl_25", 0 0, L_0x155cfbf60;  1 drivers
v0x155c7cde0_0 .net *"_ivl_27", 0 0, L_0x155cfc030;  1 drivers
v0x155c7ce90_0 .net *"_ivl_28", 0 0, L_0x155cfc150;  1 drivers
v0x155c7cf40_0 .net *"_ivl_30", 0 0, L_0x155cfc220;  1 drivers
v0x155c7cff0_0 .net *"_ivl_33", 0 0, L_0x155cfc350;  1 drivers
v0x155c7c4e0_0 .net *"_ivl_35", 0 0, L_0x155cfc470;  1 drivers
v0x155c7d280_0 .net *"_ivl_36", 0 0, L_0x155cfc510;  1 drivers
v0x155c7d310_0 .net *"_ivl_39", 0 0, L_0x155cfc600;  1 drivers
v0x155c7d3b0_0 .net *"_ivl_40", 0 0, L_0x155cfc730;  1 drivers
v0x155c7d460_0 .net *"_ivl_42", 0 0, L_0x155cfc830;  1 drivers
v0x155c7d510_0 .net *"_ivl_48", 0 0, L_0x155cfca70;  1 drivers
v0x155c7d5c0_0 .net *"_ivl_50", 0 0, L_0x155cfcb70;  1 drivers
v0x155c7d670_0 .net *"_ivl_52", 0 0, L_0x155cfcc10;  1 drivers
v0x155c7d720_0 .net *"_ivl_53", 0 0, L_0x155cfcd20;  1 drivers
v0x155c7d7d0_0 .net *"_ivl_55", 0 0, L_0x155cfce30;  1 drivers
v0x155c7d880_0 .net *"_ivl_58", 0 0, L_0x155cfcee0;  1 drivers
v0x155c7d930_0 .net *"_ivl_60", 0 0, L_0x155cfcf80;  1 drivers
v0x155c7d9e0_0 .net *"_ivl_61", 0 0, L_0x155cfccb0;  1 drivers
v0x155c7da90_0 .net *"_ivl_64", 0 0, L_0x155cfd210;  1 drivers
v0x155c7db40_0 .net *"_ivl_65", 0 0, L_0x155cfd2b0;  1 drivers
v0x155c7dbf0_0 .net *"_ivl_67", 0 0, L_0x155cfd360;  1 drivers
v0x155c7dca0_0 .net *"_ivl_7", 0 0, L_0x155cfb920;  1 drivers
v0x155c7dd50_0 .net *"_ivl_70", 0 0, L_0x155cfd4d0;  1 drivers
v0x155c7de00_0 .net *"_ivl_72", 0 0, L_0x155cfd600;  1 drivers
v0x155c7deb0_0 .net *"_ivl_73", 0 0, L_0x155cfd1a0;  1 drivers
v0x155c7df60_0 .net *"_ivl_76", 0 0, L_0x155cfd6e0;  1 drivers
v0x155c7e010_0 .net *"_ivl_77", 0 0, L_0x155cfd820;  1 drivers
v0x155c7e0c0_0 .net *"_ivl_80", 0 0, L_0x155cfd940;  1 drivers
v0x155c7e170_0 .net *"_ivl_81", 0 0, L_0x155cfd9e0;  1 drivers
v0x155c7e220_0 .net *"_ivl_83", 0 0, L_0x155cfdab0;  1 drivers
v0x155c7e2d0_0 .net *"_ivl_86", 0 0, L_0x155cfdc80;  1 drivers
v0x155c7e380_0 .net *"_ivl_88", 0 0, L_0x155cfd780;  1 drivers
v0x155c7e430_0 .net *"_ivl_90", 0 0, L_0x155cfde20;  1 drivers
v0x155c7e4e0_0 .net *"_ivl_91", 0 0, L_0x155cfc0d0;  1 drivers
v0x155c7e590_0 .net *"_ivl_93", 0 0, L_0x155cfdfc0;  1 drivers
v0x155c7e640_0 .net *"_ivl_96", 0 0, L_0x155cfdbe0;  1 drivers
v0x155c7e6f0_0 .net *"_ivl_98", 0 0, L_0x155cfe160;  1 drivers
v0x155c7d0a0_0 .net *"_ivl_99", 0 0, L_0x155cfe2d0;  1 drivers
v0x155c7d150_0 .net "a", 3 0, L_0x155cff7e0;  1 drivers
v0x155c7e780_0 .net "b", 3 0, L_0x155cff880;  1 drivers
v0x155c7e810_0 .net "c", 3 0, L_0x155cfc8e0;  1 drivers
v0x155c7e8a0_0 .net "cin", 0 0, L_0x155cfb0b0;  alias, 1 drivers
v0x155c7e930_0 .net8 "cout", 0 0, RS_0x14800f630;  alias, 3 drivers
v0x155c7e9c0_0 .net "sum", 3 0, L_0x155cff410;  1 drivers
L_0x155cfba10 .part L_0x155cfb830, 0, 1;
L_0x155cfbaf0 .part L_0x155cfb7c0, 0, 1;
L_0x155cfbbd0 .part L_0x155cfc8e0, 0, 1;
L_0x155cfbec0 .part L_0x155cfb830, 1, 1;
L_0x155cfbf60 .part L_0x155cfb7c0, 1, 1;
L_0x155cfc030 .part L_0x155cfb830, 0, 1;
L_0x155cfc350 .part L_0x155cfb7c0, 1, 1;
L_0x155cfc470 .part L_0x155cfb7c0, 0, 1;
L_0x155cfc600 .part L_0x155cfc8e0, 0, 1;
L_0x155cfc8e0 .concat8 [ 1 1 1 1], L_0x155cfb920, L_0x155cfbda0, L_0x155cfc830, L_0x155cfdab0;
L_0x155cfca70 .part L_0x155cfb830, 2, 1;
L_0x155cfcb70 .part L_0x155cfb7c0, 2, 1;
L_0x155cfcc10 .part L_0x155cfb830, 1, 1;
L_0x155cfcee0 .part L_0x155cfb7c0, 2, 1;
L_0x155cfcf80 .part L_0x155cfb7c0, 1, 1;
L_0x155cfd210 .part L_0x155cfb830, 0, 1;
L_0x155cfd4d0 .part L_0x155cfb7c0, 2, 1;
L_0x155cfd600 .part L_0x155cfb7c0, 1, 1;
L_0x155cfd6e0 .part L_0x155cfb7c0, 0, 1;
L_0x155cfd940 .part L_0x155cfc8e0, 0, 1;
L_0x155cfdc80 .part L_0x155cfb830, 3, 1;
L_0x155cfd780 .part L_0x155cfb7c0, 3, 1;
L_0x155cfde20 .part L_0x155cfb830, 2, 1;
L_0x155cfdbe0 .part L_0x155cfb7c0, 3, 1;
L_0x155cfe160 .part L_0x155cfb7c0, 2, 1;
L_0x155cfe360 .part L_0x155cfb830, 1, 1;
L_0x155cfe620 .part L_0x155cfb7c0, 3, 1;
L_0x155cfe7a0 .part L_0x155cfb7c0, 2, 1;
L_0x155cfd060 .part L_0x155cfb7c0, 1, 1;
L_0x155cfe6c0 .part L_0x155cfb830, 0, 1;
L_0x155cfee40 .part L_0x155cfb7c0, 3, 1;
L_0x155cfefe0 .part L_0x155cfb7c0, 2, 1;
L_0x155cff170 .part L_0x155cfb7c0, 1, 1;
L_0x155cfef20 .part L_0x155cfb7c0, 0, 1;
L_0x155cff510 .part L_0x155cfc8e0, 0, 1;
S_0x155c809a0 .scope module, "bus" "Bus" 5 302, 21 1 0, S_0x155c266c0;
 .timescale -9 -11;
    .port_info 0 /INPUT 32 "R0";
    .port_info 1 /INPUT 32 "R1";
    .port_info 2 /INPUT 32 "R2";
    .port_info 3 /INPUT 32 "R3";
    .port_info 4 /INPUT 32 "R4";
    .port_info 5 /INPUT 32 "R5";
    .port_info 6 /INPUT 32 "R6";
    .port_info 7 /INPUT 32 "R7";
    .port_info 8 /INPUT 32 "R8";
    .port_info 9 /INPUT 32 "R9";
    .port_info 10 /INPUT 32 "R10";
    .port_info 11 /INPUT 32 "R11";
    .port_info 12 /INPUT 32 "R12";
    .port_info 13 /INPUT 32 "R13";
    .port_info 14 /INPUT 32 "R14";
    .port_info 15 /INPUT 32 "R15";
    .port_info 16 /INPUT 32 "MDR";
    .port_info 17 /INPUT 32 "HI";
    .port_info 18 /INPUT 32 "LO";
    .port_info 19 /INPUT 32 "Z_high";
    .port_info 20 /INPUT 32 "Z_low";
    .port_info 21 /INPUT 32 "PC";
    .port_info 22 /INPUT 32 "In_Port";
    .port_info 23 /INPUT 32 "C_sign_extended";
    .port_info 24 /INPUT 1 "R0out";
    .port_info 25 /INPUT 1 "R1out";
    .port_info 26 /INPUT 1 "R2out";
    .port_info 27 /INPUT 1 "R3out";
    .port_info 28 /INPUT 1 "R4out";
    .port_info 29 /INPUT 1 "R5out";
    .port_info 30 /INPUT 1 "R6out";
    .port_info 31 /INPUT 1 "R7out";
    .port_info 32 /INPUT 1 "R8out";
    .port_info 33 /INPUT 1 "R9out";
    .port_info 34 /INPUT 1 "R10out";
    .port_info 35 /INPUT 1 "R11out";
    .port_info 36 /INPUT 1 "R12out";
    .port_info 37 /INPUT 1 "R13out";
    .port_info 38 /INPUT 1 "R14out";
    .port_info 39 /INPUT 1 "R15out";
    .port_info 40 /INPUT 1 "MDRout";
    .port_info 41 /INPUT 1 "HIout";
    .port_info 42 /INPUT 1 "LOout";
    .port_info 43 /INPUT 1 "Z_high_out";
    .port_info 44 /INPUT 1 "Z_low_out";
    .port_info 45 /INPUT 1 "PC_out";
    .port_info 46 /INPUT 1 "In_Port_out";
    .port_info 47 /INPUT 1 "C_sign_extended_out";
    .port_info 48 /OUTPUT 32 "bus_out";
P_0x155c80b70 .param/l "DATA_WIDTH" 0 21 1, +C4<00000000000000000000000000100000>;
v0x155c80fc0_0 .net "C_sign_extended", 31 0, v0x155c93260_0;  alias, 1 drivers
v0x155c81080_0 .net "C_sign_extended_out", 0 0, v0x155c98640_0;  alias, 1 drivers
v0x155c81120_0 .net "HI", 31 0, L_0x155c9bbe0;  alias, 1 drivers
v0x155c811b0_0 .net "HIout", 0 0, v0x155c98a50_0;  alias, 1 drivers
v0x155c81240_0 .net "In_Port", 31 0, L_0x155c9bcc0;  alias, 1 drivers
v0x155c812f0_0 .net "In_Port_out", 0 0, v0x155c98bf0_0;  alias, 1 drivers
v0x155c81390_0 .net "LO", 31 0, L_0x155c9bc50;  alias, 1 drivers
v0x155c81440_0 .net "LOout", 0 0, v0x155c98d90_0;  alias, 1 drivers
v0x155c814e0_0 .net "MDR", 31 0, v0x155c87230_0;  alias, 1 drivers
v0x155c815f0_0 .net "MDRout", 0 0, v0x155c99100_0;  alias, 1 drivers
v0x155c81690_0 .net "PC", 31 0, L_0x155c9b760;  alias, 1 drivers
v0x155c81740_0 .net "PC_out", 0 0, v0x155c99490_0;  alias, 1 drivers
v0x155c817e0_0 .net "R0", 31 0, L_0x155c9a110;  alias, 1 drivers
v0x155c81890_0 .net "R0out", 0 0, L_0x1446053e0;  1 drivers
v0x155c81930_0 .net "R1", 31 0, L_0x155c9a310;  alias, 1 drivers
v0x155c819e0_0 .net "R10", 31 0, L_0x155c9ae20;  alias, 1 drivers
v0x155c81a90_0 .net "R10out", 0 0, L_0x144605a50;  1 drivers
v0x155c81c20_0 .net "R11", 31 0, L_0x155c9afb0;  alias, 1 drivers
v0x155c81cb0_0 .net "R11out", 0 0, L_0x144605e30;  1 drivers
v0x155c81d40_0 .net "R12", 31 0, L_0x155c9b0e0;  alias, 1 drivers
v0x155c81df0_0 .net "R12out", 0 0, L_0x144605bc0;  1 drivers
v0x155c81e90_0 .net "R13", 31 0, L_0x155c9b280;  alias, 1 drivers
v0x155c81f40_0 .net "R13out", 0 0, L_0x144605fd0;  1 drivers
v0x155c81fe0_0 .net "R14", 31 0, L_0x155c9b3b0;  alias, 1 drivers
v0x155c82090_0 .net "R14out", 0 0, L_0x144605d40;  1 drivers
v0x155c82130_0 .net "R15", 31 0, L_0x155c9b210;  alias, 1 drivers
v0x155c821e0_0 .net "R15out", 0 0, L_0x144605ed0;  1 drivers
v0x155c82280_0 .net "R1out", 0 0, L_0x144605560;  1 drivers
v0x155c82320_0 .net "R2", 31 0, L_0x155c9a420;  alias, 1 drivers
v0x155c823d0_0 .net "R2out", 0 0, L_0x144605600;  1 drivers
v0x155c82470_0 .net "R3", 31 0, L_0x155c9a5b0;  alias, 1 drivers
v0x155c82520_0 .net "R3out", 0 0, L_0x1446054c0;  1 drivers
v0x155c825c0_0 .net "R4", 31 0, L_0x155c9a6c0;  alias, 1 drivers
v0x155c81b40_0 .net "R4out", 0 0, L_0x144605750;  1 drivers
v0x155c82850_0 .net "R5", 31 0, L_0x155c9a7d0;  alias, 1 drivers
v0x155c828e0_0 .net "R5out", 0 0, L_0x1446058b0;  1 drivers
v0x155c82970_0 .net "R6", 31 0, L_0x155c9a8e0;  alias, 1 drivers
v0x155c82a10_0 .net "R6out", 0 0, L_0x1446056a0;  1 drivers
v0x155c82ab0_0 .net "R7", 31 0, L_0x155c9a530;  alias, 1 drivers
v0x155c82b60_0 .net "R7out", 0 0, L_0x144605b20;  1 drivers
v0x155c82c00_0 .net "R8", 31 0, L_0x155c9ab90;  alias, 1 drivers
v0x155c82cb0_0 .net "R8out", 0 0, L_0x1446057f0;  1 drivers
v0x155c82d50_0 .net "R9", 31 0, L_0x155c9acf0;  alias, 1 drivers
v0x155c82e00_0 .net "R9out", 0 0, L_0x144605ca0;  1 drivers
v0x155c82ea0_0 .net "Z_high", 31 0, L_0x155c9bad0;  alias, 1 drivers
v0x155c82f50_0 .net "Z_high_out", 0 0, v0x155c99ae0_0;  alias, 1 drivers
v0x155c82ff0_0 .net "Z_low", 31 0, L_0x155c9b8f0;  alias, 1 drivers
v0x155c830a0_0 .net "Z_low_out", 0 0, v0x155c98fc0_0;  alias, 1 drivers
v0x155c83140_0 .net "bus_out", 31 0, v0x155c831e0_0;  alias, 1 drivers
v0x155c831e0_0 .var "q", 31 0;
E_0x155c80e00/0 .event anyedge, v0x155c81890_0, v0x155c817e0_0, v0x155c82280_0, v0x155c81930_0;
E_0x155c80e00/1 .event anyedge, v0x155c823d0_0, v0x155c82320_0, v0x155c82520_0, v0x155c82470_0;
E_0x155c80e00/2 .event anyedge, v0x155c81b40_0, v0x155c825c0_0, v0x155c828e0_0, v0x155c82850_0;
E_0x155c80e00/3 .event anyedge, v0x155c82a10_0, v0x155c82970_0, v0x155c82b60_0, v0x155c82ab0_0;
E_0x155c80e00/4 .event anyedge, v0x155c82cb0_0, v0x155c82c00_0, v0x155c82e00_0, v0x155c82d50_0;
E_0x155c80e00/5 .event anyedge, v0x155c81a90_0, v0x155c819e0_0, v0x155c81cb0_0, v0x155c81c20_0;
E_0x155c80e00/6 .event anyedge, v0x155c81df0_0, v0x155c81d40_0, v0x155c81f40_0, v0x155c81e90_0;
E_0x155c80e00/7 .event anyedge, v0x155c82090_0, v0x155c81fe0_0, v0x155c821e0_0, v0x155c82130_0;
E_0x155c80e00/8 .event anyedge, v0x155c815f0_0, v0x155c814e0_0, v0x155c811b0_0, v0x155c81120_0;
E_0x155c80e00/9 .event anyedge, v0x155c81440_0, v0x155c81390_0, v0x155c82f50_0, v0x155c82ea0_0;
E_0x155c80e00/10 .event anyedge, v0x155c830a0_0, v0x155c82ff0_0, v0x155c81740_0, v0x155c81690_0;
E_0x155c80e00/11 .event anyedge, v0x155c812f0_0, v0x155c81240_0, v0x155c81080_0, v0x155c80fc0_0;
E_0x155c80e00 .event/or E_0x155c80e00/0, E_0x155c80e00/1, E_0x155c80e00/2, E_0x155c80e00/3, E_0x155c80e00/4, E_0x155c80e00/5, E_0x155c80e00/6, E_0x155c80e00/7, E_0x155c80e00/8, E_0x155c80e00/9, E_0x155c80e00/10, E_0x155c80e00/11;
S_0x155c80c70 .scope module, "conFF" "conFF" 5 43, 22 3 0, S_0x155c266c0;
 .timescale -9 -11;
    .port_info 0 /INPUT 32 "IR";
    .port_info 1 /INPUT 32 "BusMuxOut";
    .port_info 2 /INPUT 1 "CONin";
    .port_info 3 /OUTPUT 1 "CON";
P_0x155c81570 .param/l "DATA_WIDTH" 0 22 3, +C4<00000000000000000000000000100000>;
v0x155c83940_0 .net "BusMuxOut", 31 0, v0x155c831e0_0;  alias, 1 drivers
v0x155c61c30_0 .var "BusOR", 0 0;
v0x155c83bf0_0 .var "C2", 3 0;
v0x155c83c80_0 .var "CON", 0 0;
v0x155c83d10_0 .net "CONin", 0 0, v0x155c98410_0;  alias, 1 drivers
v0x155c83da0_0 .var "CONout", 0 0;
v0x155c83e30_0 .var "D", 0 0;
v0x155c83ec0_0 .net "IR", 31 0, L_0x155c9b800;  alias, 1 drivers
v0x155c83f50_0 .var "Ra", 3 0;
v0x155c84060_0 .var "brmi", 0 0;
v0x155c840f0_0 .var "brnz", 0 0;
v0x155c84190_0 .var "brpl", 0 0;
v0x155c84230_0 .var "brzr", 0 0;
v0x155c842d0_0 .var/i "i", 31 0;
v0x155c84380_0 .var "sigDig", 0 0;
E_0x155c838a0 .event posedge, v0x155c83d10_0;
E_0x155c838f0 .event anyedge, v0x155c42b30_0, v0x155c83ec0_0;
S_0x155c84480 .scope module, "hi_register" "register" 5 232, 23 1 0, S_0x155c266c0;
 .timescale -9 -11;
    .port_info 0 /INPUT 1 "clear";
    .port_info 1 /INPUT 1 "clock";
    .port_info 2 /INPUT 1 "enable";
    .port_info 3 /INPUT 32 "data_in";
    .port_info 4 /OUTPUT 32 "data_out";
P_0x155c84640 .param/l "DATA_WIDTH" 0 23 1, +C4<00000000000000000000000000100000>;
P_0x155c84680 .param/l "INIT" 0 23 1, C4<00000000000000000000000000000000>;
L_0x155c9bbe0 .functor BUFZ 32, v0x155c84bc0_0, C4<00000000000000000000000000000000>, C4<00000000000000000000000000000000>, C4<00000000000000000000000000000000>;
v0x155c84830_0 .net "clear", 0 0, v0x155c984e0_0;  alias, 1 drivers
v0x155c848e0_0 .net "clock", 0 0, v0x155c98570_0;  alias, 1 drivers
v0x155c84980_0 .net "data_in", 31 0, v0x155c831e0_0;  alias, 1 drivers
v0x155c84a30_0 .net "data_out", 31 0, L_0x155c9bbe0;  alias, 1 drivers
v0x155c84af0_0 .net "enable", 0 0, v0x155c98980_0;  alias, 1 drivers
v0x155c84bc0_0 .var "q", 31 0;
E_0x155c847d0 .event posedge, v0x155c848e0_0;
S_0x155c84cf0 .scope module, "in_port_register" "register" 5 250, 23 1 0, S_0x155c266c0;
 .timescale -9 -11;
    .port_info 0 /INPUT 1 "clear";
    .port_info 1 /INPUT 1 "clock";
    .port_info 2 /INPUT 1 "enable";
    .port_info 3 /INPUT 32 "data_in";
    .port_info 4 /OUTPUT 32 "data_out";
P_0x155c84ef0 .param/l "DATA_WIDTH" 0 23 1, +C4<00000000000000000000000000100000>;
P_0x155c84f30 .param/l "INIT" 0 23 1, C4<00000000000000000000000000000000>;
L_0x155c9bcc0 .functor BUFZ 32, v0x155c85410_0, C4<00000000000000000000000000000000>, C4<00000000000000000000000000000000>, C4<00000000000000000000000000000000>;
v0x155c85070_0 .net "clear", 0 0, v0x155c984e0_0;  alias, 1 drivers
v0x155c85130_0 .net "clock", 0 0, v0x155c98570_0;  alias, 1 drivers
v0x155c851e0_0 .net "data_in", 31 0, v0x155c99190_0;  alias, 1 drivers
v0x155c85290_0 .net "data_out", 31 0, L_0x155c9bcc0;  alias, 1 drivers
v0x155c85340_0 .net "enable", 0 0, v0x155c99a50_0;  alias, 1 drivers
v0x155c85410_0 .var "q", 31 0;
S_0x155c85540 .scope module, "ir_register" "register" 5 206, 23 1 0, S_0x155c266c0;
 .timescale -9 -11;
    .port_info 0 /INPUT 1 "clear";
    .port_info 1 /INPUT 1 "clock";
    .port_info 2 /INPUT 1 "enable";
    .port_info 3 /INPUT 32 "data_in";
    .port_info 4 /OUTPUT 32 "data_out";
P_0x155c85700 .param/l "DATA_WIDTH" 0 23 1, +C4<00000000000000000000000000100000>;
P_0x155c85740 .param/l "INIT" 0 23 1, C4<00000000000000000000000000000000>;
L_0x155c9b800 .functor BUFZ 32, v0x155c85c50_0, C4<00000000000000000000000000000000>, C4<00000000000000000000000000000000>, C4<00000000000000000000000000000000>;
v0x155c858b0_0 .net "clear", 0 0, v0x155c984e0_0;  alias, 1 drivers
v0x155c85980_0 .net "clock", 0 0, v0x155c98570_0;  alias, 1 drivers
v0x155c85a60_0 .net "data_in", 31 0, v0x155c831e0_0;  alias, 1 drivers
v0x155c85af0_0 .net "data_out", 31 0, L_0x155c9b800;  alias, 1 drivers
v0x155c85b80_0 .net "enable", 0 0, v0x155c98b20_0;  alias, 1 drivers
v0x155c85c50_0 .var "q", 31 0;
S_0x155c85d80 .scope module, "lo_register" "register" 5 241, 23 1 0, S_0x155c266c0;
 .timescale -9 -11;
    .port_info 0 /INPUT 1 "clear";
    .port_info 1 /INPUT 1 "clock";
    .port_info 2 /INPUT 1 "enable";
    .port_info 3 /INPUT 32 "data_in";
    .port_info 4 /OUTPUT 32 "data_out";
P_0x155c85f40 .param/l "DATA_WIDTH" 0 23 1, +C4<00000000000000000000000000100000>;
P_0x155c85f80 .param/l "INIT" 0 23 1, C4<00000000000000000000000000000000>;
L_0x155c9bc50 .functor BUFZ 32, v0x155c86450_0, C4<00000000000000000000000000000000>, C4<00000000000000000000000000000000>, C4<00000000000000000000000000000000>;
v0x155c860f0_0 .net "clear", 0 0, v0x155c984e0_0;  alias, 1 drivers
v0x155c86180_0 .net "clock", 0 0, v0x155c98570_0;  alias, 1 drivers
v0x155c86220_0 .net "data_in", 31 0, v0x155c831e0_0;  alias, 1 drivers
v0x155c862d0_0 .net "data_out", 31 0, L_0x155c9bc50;  alias, 1 drivers
v0x155c86380_0 .net "enable", 0 0, v0x155c98cc0_0;  alias, 1 drivers
v0x155c86450_0 .var "q", 31 0;
S_0x155c86580 .scope module, "mar" "MAR" 5 285, 24 1 0, S_0x155c266c0;
 .timescale -9 -11;
    .port_info 0 /INPUT 1 "clear";
    .port_info 1 /INPUT 1 "clock";
    .port_info 2 /INPUT 1 "enable";
    .port_info 3 /INPUT 32 "data_in";
    .port_info 4 /OUTPUT 9 "data_out";
P_0x155c86740 .param/l "DATA_WIDTH" 0 24 1, +C4<00000000000000000000000000100000>;
P_0x155c86780 .param/l "INIT" 0 24 1, C4<00000000000000000000000000000000>;
v0x155c868f0_0 .net "clear", 0 0, v0x155c984e0_0;  alias, 1 drivers
v0x155c86a00_0 .net "clock", 0 0, v0x155c98570_0;  alias, 1 drivers
v0x155c86b20_0 .net "data_in", 31 0, v0x155c831e0_0;  alias, 1 drivers
v0x155c86bb0_0 .net "data_out", 8 0, L_0x1446052d0;  alias, 1 drivers
v0x155c86c40_0 .net "enable", 0 0, v0x155c98e60_0;  alias, 1 drivers
v0x155c86cd0_0 .var "q", 31 0;
L_0x1446052d0 .part v0x155c86cd0_0, 0, 9;
S_0x155c86e00 .scope module, "mdr" "MDR" 5 275, 25 1 0, S_0x155c266c0;
 .timescale -9 -11;
    .port_info 0 /INPUT 32 "BusMuxOut";
    .port_info 1 /INPUT 32 "Mdatain";
    .port_info 2 /INPUT 1 "Clock";
    .port_info 3 /INPUT 1 "Clear";
    .port_info 4 /INPUT 1 "MDRin";
    .port_info 5 /INPUT 1 "Read";
    .port_info 6 /OUTPUT 32 "BusMuxIn_MDR";
P_0x155c84eb0 .param/l "DATA_WIDTH" 0 25 1, +C4<00000000000000000000000000100000>;
v0x155c87230_0 .var "BusMuxIn_MDR", 31 0;
v0x155c87300_0 .net "BusMuxOut", 31 0, v0x155c831e0_0;  alias, 1 drivers
v0x155c87390_0 .net "Clear", 0 0, v0x155c984e0_0;  alias, 1 drivers
v0x155c87420_0 .net "Clock", 0 0, v0x155c98570_0;  alias, 1 drivers
v0x155c874b0_0 .var "MDMuxout", 31 0;
v0x155c87540_0 .net "MDRin", 0 0, v0x155c98f30_0;  alias, 1 drivers
v0x155c875d0_0 .net "Mdatain", 31 0, v0x155c886c0_0;  alias, 1 drivers
v0x155c87680_0 .net "Read", 0 0, v0x155c99750_0;  alias, 1 drivers
E_0x155c871f0 .event anyedge, v0x155c87680_0, v0x155c42b30_0, v0x155c875d0_0;
S_0x155c877d0 .scope module, "pc_register" "PC" 5 196, 26 1 0, S_0x155c266c0;
 .timescale -9 -11;
    .port_info 0 /INPUT 1 "clear";
    .port_info 1 /INPUT 1 "clock";
    .port_info 2 /INPUT 1 "enable";
    .port_info 3 /INPUT 1 "PC_tb_enable";
    .port_info 4 /INPUT 32 "data_in";
    .port_info 5 /INPUT 32 "PC_tb_value";
    .port_info 6 /OUTPUT 32 "data_out";
P_0x155c87990 .param/l "DATA_WIDTH" 0 26 1, +C4<00000000000000000000000000100000>;
P_0x155c879d0 .param/l "INIT" 0 26 1, C4<00000000000000000000000000000000>;
v0x155c87be0_0 .net "PC_tb_enable", 0 0, v0x155c992f0_0;  alias, 1 drivers
v0x155c87c90_0 .net "PC_tb_value", 31 0, v0x155c99220_0;  alias, 1 drivers
v0x155c87d30_0 .net "clear", 0 0, v0x155c984e0_0;  alias, 1 drivers
v0x155c87dc0_0 .net "clock", 0 0, v0x155c98570_0;  alias, 1 drivers
v0x155c87e50_0 .net "data_in", 31 0, v0x155c831e0_0;  alias, 1 drivers
v0x155c87ee0_0 .net "data_out", 31 0, L_0x155c9b760;  alias, 1 drivers
v0x155c87f70_0 .net "enable", 0 0, v0x155c993c0_0;  alias, 1 drivers
v0x155c88000_0 .var "q", 31 0;
L_0x155c9b760 .functor MUXZ 32, v0x155c88000_0, v0x155c99220_0, v0x155c992f0_0, C4<>;
S_0x155c88160 .scope module, "ram" "RAM" 5 293, 27 1 0, S_0x155c266c0;
 .timescale -9 -11;
    .port_info 0 /INPUT 1 "read";
    .port_info 1 /INPUT 1 "write";
    .port_info 2 /INPUT 32 "data_in";
    .port_info 3 /OUTPUT 32 "data_out";
    .port_info 4 /INPUT 9 "address";
P_0x155c88320 .param/l "DATA_WIDTH" 0 27 1, +C4<00000000000000000000000000100000>;
P_0x155c88360 .param/l "size" 1 27 9, +C4<00000000000000000000001000000000>;
v0x155c88520_0 .net "address", 8 0, L_0x1446052d0;  alias, 1 drivers
v0x155c885f0_0 .net "data_in", 31 0, v0x155c87230_0;  alias, 1 drivers
v0x155c886c0_0 .var "data_out", 31 0;
v0x155c88770 .array "memory", 511 0, 31 0;
v0x155c8a800_0 .net "read", 0 0, v0x155c995f0_0;  alias, 1 drivers
v0x155c8a8e0_0 .net "write", 0 0, v0x155c99680_0;  alias, 1 drivers
v0x155c88770_0 .array/port v0x155c88770, 0;
E_0x155c884d0/0 .event anyedge, v0x155c8a8e0_0, v0x155c814e0_0, v0x155c86bb0_0, v0x155c88770_0;
v0x155c88770_1 .array/port v0x155c88770, 1;
v0x155c88770_2 .array/port v0x155c88770, 2;
v0x155c88770_3 .array/port v0x155c88770, 3;
v0x155c88770_4 .array/port v0x155c88770, 4;
E_0x155c884d0/1 .event anyedge, v0x155c88770_1, v0x155c88770_2, v0x155c88770_3, v0x155c88770_4;
v0x155c88770_5 .array/port v0x155c88770, 5;
v0x155c88770_6 .array/port v0x155c88770, 6;
v0x155c88770_7 .array/port v0x155c88770, 7;
v0x155c88770_8 .array/port v0x155c88770, 8;
E_0x155c884d0/2 .event anyedge, v0x155c88770_5, v0x155c88770_6, v0x155c88770_7, v0x155c88770_8;
v0x155c88770_9 .array/port v0x155c88770, 9;
v0x155c88770_10 .array/port v0x155c88770, 10;
v0x155c88770_11 .array/port v0x155c88770, 11;
v0x155c88770_12 .array/port v0x155c88770, 12;
E_0x155c884d0/3 .event anyedge, v0x155c88770_9, v0x155c88770_10, v0x155c88770_11, v0x155c88770_12;
v0x155c88770_13 .array/port v0x155c88770, 13;
v0x155c88770_14 .array/port v0x155c88770, 14;
v0x155c88770_15 .array/port v0x155c88770, 15;
v0x155c88770_16 .array/port v0x155c88770, 16;
E_0x155c884d0/4 .event anyedge, v0x155c88770_13, v0x155c88770_14, v0x155c88770_15, v0x155c88770_16;
v0x155c88770_17 .array/port v0x155c88770, 17;
v0x155c88770_18 .array/port v0x155c88770, 18;
v0x155c88770_19 .array/port v0x155c88770, 19;
v0x155c88770_20 .array/port v0x155c88770, 20;
E_0x155c884d0/5 .event anyedge, v0x155c88770_17, v0x155c88770_18, v0x155c88770_19, v0x155c88770_20;
v0x155c88770_21 .array/port v0x155c88770, 21;
v0x155c88770_22 .array/port v0x155c88770, 22;
v0x155c88770_23 .array/port v0x155c88770, 23;
v0x155c88770_24 .array/port v0x155c88770, 24;
E_0x155c884d0/6 .event anyedge, v0x155c88770_21, v0x155c88770_22, v0x155c88770_23, v0x155c88770_24;
v0x155c88770_25 .array/port v0x155c88770, 25;
v0x155c88770_26 .array/port v0x155c88770, 26;
v0x155c88770_27 .array/port v0x155c88770, 27;
v0x155c88770_28 .array/port v0x155c88770, 28;
E_0x155c884d0/7 .event anyedge, v0x155c88770_25, v0x155c88770_26, v0x155c88770_27, v0x155c88770_28;
v0x155c88770_29 .array/port v0x155c88770, 29;
v0x155c88770_30 .array/port v0x155c88770, 30;
v0x155c88770_31 .array/port v0x155c88770, 31;
v0x155c88770_32 .array/port v0x155c88770, 32;
E_0x155c884d0/8 .event anyedge, v0x155c88770_29, v0x155c88770_30, v0x155c88770_31, v0x155c88770_32;
v0x155c88770_33 .array/port v0x155c88770, 33;
v0x155c88770_34 .array/port v0x155c88770, 34;
v0x155c88770_35 .array/port v0x155c88770, 35;
v0x155c88770_36 .array/port v0x155c88770, 36;
E_0x155c884d0/9 .event anyedge, v0x155c88770_33, v0x155c88770_34, v0x155c88770_35, v0x155c88770_36;
v0x155c88770_37 .array/port v0x155c88770, 37;
v0x155c88770_38 .array/port v0x155c88770, 38;
v0x155c88770_39 .array/port v0x155c88770, 39;
v0x155c88770_40 .array/port v0x155c88770, 40;
E_0x155c884d0/10 .event anyedge, v0x155c88770_37, v0x155c88770_38, v0x155c88770_39, v0x155c88770_40;
v0x155c88770_41 .array/port v0x155c88770, 41;
v0x155c88770_42 .array/port v0x155c88770, 42;
v0x155c88770_43 .array/port v0x155c88770, 43;
v0x155c88770_44 .array/port v0x155c88770, 44;
E_0x155c884d0/11 .event anyedge, v0x155c88770_41, v0x155c88770_42, v0x155c88770_43, v0x155c88770_44;
v0x155c88770_45 .array/port v0x155c88770, 45;
v0x155c88770_46 .array/port v0x155c88770, 46;
v0x155c88770_47 .array/port v0x155c88770, 47;
v0x155c88770_48 .array/port v0x155c88770, 48;
E_0x155c884d0/12 .event anyedge, v0x155c88770_45, v0x155c88770_46, v0x155c88770_47, v0x155c88770_48;
v0x155c88770_49 .array/port v0x155c88770, 49;
v0x155c88770_50 .array/port v0x155c88770, 50;
v0x155c88770_51 .array/port v0x155c88770, 51;
v0x155c88770_52 .array/port v0x155c88770, 52;
E_0x155c884d0/13 .event anyedge, v0x155c88770_49, v0x155c88770_50, v0x155c88770_51, v0x155c88770_52;
v0x155c88770_53 .array/port v0x155c88770, 53;
v0x155c88770_54 .array/port v0x155c88770, 54;
v0x155c88770_55 .array/port v0x155c88770, 55;
v0x155c88770_56 .array/port v0x155c88770, 56;
E_0x155c884d0/14 .event anyedge, v0x155c88770_53, v0x155c88770_54, v0x155c88770_55, v0x155c88770_56;
v0x155c88770_57 .array/port v0x155c88770, 57;
v0x155c88770_58 .array/port v0x155c88770, 58;
v0x155c88770_59 .array/port v0x155c88770, 59;
v0x155c88770_60 .array/port v0x155c88770, 60;
E_0x155c884d0/15 .event anyedge, v0x155c88770_57, v0x155c88770_58, v0x155c88770_59, v0x155c88770_60;
v0x155c88770_61 .array/port v0x155c88770, 61;
v0x155c88770_62 .array/port v0x155c88770, 62;
v0x155c88770_63 .array/port v0x155c88770, 63;
v0x155c88770_64 .array/port v0x155c88770, 64;
E_0x155c884d0/16 .event anyedge, v0x155c88770_61, v0x155c88770_62, v0x155c88770_63, v0x155c88770_64;
v0x155c88770_65 .array/port v0x155c88770, 65;
v0x155c88770_66 .array/port v0x155c88770, 66;
v0x155c88770_67 .array/port v0x155c88770, 67;
v0x155c88770_68 .array/port v0x155c88770, 68;
E_0x155c884d0/17 .event anyedge, v0x155c88770_65, v0x155c88770_66, v0x155c88770_67, v0x155c88770_68;
v0x155c88770_69 .array/port v0x155c88770, 69;
v0x155c88770_70 .array/port v0x155c88770, 70;
v0x155c88770_71 .array/port v0x155c88770, 71;
v0x155c88770_72 .array/port v0x155c88770, 72;
E_0x155c884d0/18 .event anyedge, v0x155c88770_69, v0x155c88770_70, v0x155c88770_71, v0x155c88770_72;
v0x155c88770_73 .array/port v0x155c88770, 73;
v0x155c88770_74 .array/port v0x155c88770, 74;
v0x155c88770_75 .array/port v0x155c88770, 75;
v0x155c88770_76 .array/port v0x155c88770, 76;
E_0x155c884d0/19 .event anyedge, v0x155c88770_73, v0x155c88770_74, v0x155c88770_75, v0x155c88770_76;
v0x155c88770_77 .array/port v0x155c88770, 77;
v0x155c88770_78 .array/port v0x155c88770, 78;
v0x155c88770_79 .array/port v0x155c88770, 79;
v0x155c88770_80 .array/port v0x155c88770, 80;
E_0x155c884d0/20 .event anyedge, v0x155c88770_77, v0x155c88770_78, v0x155c88770_79, v0x155c88770_80;
v0x155c88770_81 .array/port v0x155c88770, 81;
v0x155c88770_82 .array/port v0x155c88770, 82;
v0x155c88770_83 .array/port v0x155c88770, 83;
v0x155c88770_84 .array/port v0x155c88770, 84;
E_0x155c884d0/21 .event anyedge, v0x155c88770_81, v0x155c88770_82, v0x155c88770_83, v0x155c88770_84;
v0x155c88770_85 .array/port v0x155c88770, 85;
v0x155c88770_86 .array/port v0x155c88770, 86;
v0x155c88770_87 .array/port v0x155c88770, 87;
v0x155c88770_88 .array/port v0x155c88770, 88;
E_0x155c884d0/22 .event anyedge, v0x155c88770_85, v0x155c88770_86, v0x155c88770_87, v0x155c88770_88;
v0x155c88770_89 .array/port v0x155c88770, 89;
v0x155c88770_90 .array/port v0x155c88770, 90;
v0x155c88770_91 .array/port v0x155c88770, 91;
v0x155c88770_92 .array/port v0x155c88770, 92;
E_0x155c884d0/23 .event anyedge, v0x155c88770_89, v0x155c88770_90, v0x155c88770_91, v0x155c88770_92;
v0x155c88770_93 .array/port v0x155c88770, 93;
v0x155c88770_94 .array/port v0x155c88770, 94;
v0x155c88770_95 .array/port v0x155c88770, 95;
v0x155c88770_96 .array/port v0x155c88770, 96;
E_0x155c884d0/24 .event anyedge, v0x155c88770_93, v0x155c88770_94, v0x155c88770_95, v0x155c88770_96;
v0x155c88770_97 .array/port v0x155c88770, 97;
v0x155c88770_98 .array/port v0x155c88770, 98;
v0x155c88770_99 .array/port v0x155c88770, 99;
v0x155c88770_100 .array/port v0x155c88770, 100;
E_0x155c884d0/25 .event anyedge, v0x155c88770_97, v0x155c88770_98, v0x155c88770_99, v0x155c88770_100;
v0x155c88770_101 .array/port v0x155c88770, 101;
v0x155c88770_102 .array/port v0x155c88770, 102;
v0x155c88770_103 .array/port v0x155c88770, 103;
v0x155c88770_104 .array/port v0x155c88770, 104;
E_0x155c884d0/26 .event anyedge, v0x155c88770_101, v0x155c88770_102, v0x155c88770_103, v0x155c88770_104;
v0x155c88770_105 .array/port v0x155c88770, 105;
v0x155c88770_106 .array/port v0x155c88770, 106;
v0x155c88770_107 .array/port v0x155c88770, 107;
v0x155c88770_108 .array/port v0x155c88770, 108;
E_0x155c884d0/27 .event anyedge, v0x155c88770_105, v0x155c88770_106, v0x155c88770_107, v0x155c88770_108;
v0x155c88770_109 .array/port v0x155c88770, 109;
v0x155c88770_110 .array/port v0x155c88770, 110;
v0x155c88770_111 .array/port v0x155c88770, 111;
v0x155c88770_112 .array/port v0x155c88770, 112;
E_0x155c884d0/28 .event anyedge, v0x155c88770_109, v0x155c88770_110, v0x155c88770_111, v0x155c88770_112;
v0x155c88770_113 .array/port v0x155c88770, 113;
v0x155c88770_114 .array/port v0x155c88770, 114;
v0x155c88770_115 .array/port v0x155c88770, 115;
v0x155c88770_116 .array/port v0x155c88770, 116;
E_0x155c884d0/29 .event anyedge, v0x155c88770_113, v0x155c88770_114, v0x155c88770_115, v0x155c88770_116;
v0x155c88770_117 .array/port v0x155c88770, 117;
v0x155c88770_118 .array/port v0x155c88770, 118;
v0x155c88770_119 .array/port v0x155c88770, 119;
v0x155c88770_120 .array/port v0x155c88770, 120;
E_0x155c884d0/30 .event anyedge, v0x155c88770_117, v0x155c88770_118, v0x155c88770_119, v0x155c88770_120;
v0x155c88770_121 .array/port v0x155c88770, 121;
v0x155c88770_122 .array/port v0x155c88770, 122;
v0x155c88770_123 .array/port v0x155c88770, 123;
v0x155c88770_124 .array/port v0x155c88770, 124;
E_0x155c884d0/31 .event anyedge, v0x155c88770_121, v0x155c88770_122, v0x155c88770_123, v0x155c88770_124;
v0x155c88770_125 .array/port v0x155c88770, 125;
v0x155c88770_126 .array/port v0x155c88770, 126;
v0x155c88770_127 .array/port v0x155c88770, 127;
v0x155c88770_128 .array/port v0x155c88770, 128;
E_0x155c884d0/32 .event anyedge, v0x155c88770_125, v0x155c88770_126, v0x155c88770_127, v0x155c88770_128;
v0x155c88770_129 .array/port v0x155c88770, 129;
v0x155c88770_130 .array/port v0x155c88770, 130;
v0x155c88770_131 .array/port v0x155c88770, 131;
v0x155c88770_132 .array/port v0x155c88770, 132;
E_0x155c884d0/33 .event anyedge, v0x155c88770_129, v0x155c88770_130, v0x155c88770_131, v0x155c88770_132;
v0x155c88770_133 .array/port v0x155c88770, 133;
v0x155c88770_134 .array/port v0x155c88770, 134;
v0x155c88770_135 .array/port v0x155c88770, 135;
v0x155c88770_136 .array/port v0x155c88770, 136;
E_0x155c884d0/34 .event anyedge, v0x155c88770_133, v0x155c88770_134, v0x155c88770_135, v0x155c88770_136;
v0x155c88770_137 .array/port v0x155c88770, 137;
v0x155c88770_138 .array/port v0x155c88770, 138;
v0x155c88770_139 .array/port v0x155c88770, 139;
v0x155c88770_140 .array/port v0x155c88770, 140;
E_0x155c884d0/35 .event anyedge, v0x155c88770_137, v0x155c88770_138, v0x155c88770_139, v0x155c88770_140;
v0x155c88770_141 .array/port v0x155c88770, 141;
v0x155c88770_142 .array/port v0x155c88770, 142;
v0x155c88770_143 .array/port v0x155c88770, 143;
v0x155c88770_144 .array/port v0x155c88770, 144;
E_0x155c884d0/36 .event anyedge, v0x155c88770_141, v0x155c88770_142, v0x155c88770_143, v0x155c88770_144;
v0x155c88770_145 .array/port v0x155c88770, 145;
v0x155c88770_146 .array/port v0x155c88770, 146;
v0x155c88770_147 .array/port v0x155c88770, 147;
v0x155c88770_148 .array/port v0x155c88770, 148;
E_0x155c884d0/37 .event anyedge, v0x155c88770_145, v0x155c88770_146, v0x155c88770_147, v0x155c88770_148;
v0x155c88770_149 .array/port v0x155c88770, 149;
v0x155c88770_150 .array/port v0x155c88770, 150;
v0x155c88770_151 .array/port v0x155c88770, 151;
v0x155c88770_152 .array/port v0x155c88770, 152;
E_0x155c884d0/38 .event anyedge, v0x155c88770_149, v0x155c88770_150, v0x155c88770_151, v0x155c88770_152;
v0x155c88770_153 .array/port v0x155c88770, 153;
v0x155c88770_154 .array/port v0x155c88770, 154;
v0x155c88770_155 .array/port v0x155c88770, 155;
v0x155c88770_156 .array/port v0x155c88770, 156;
E_0x155c884d0/39 .event anyedge, v0x155c88770_153, v0x155c88770_154, v0x155c88770_155, v0x155c88770_156;
v0x155c88770_157 .array/port v0x155c88770, 157;
v0x155c88770_158 .array/port v0x155c88770, 158;
v0x155c88770_159 .array/port v0x155c88770, 159;
v0x155c88770_160 .array/port v0x155c88770, 160;
E_0x155c884d0/40 .event anyedge, v0x155c88770_157, v0x155c88770_158, v0x155c88770_159, v0x155c88770_160;
v0x155c88770_161 .array/port v0x155c88770, 161;
v0x155c88770_162 .array/port v0x155c88770, 162;
v0x155c88770_163 .array/port v0x155c88770, 163;
v0x155c88770_164 .array/port v0x155c88770, 164;
E_0x155c884d0/41 .event anyedge, v0x155c88770_161, v0x155c88770_162, v0x155c88770_163, v0x155c88770_164;
v0x155c88770_165 .array/port v0x155c88770, 165;
v0x155c88770_166 .array/port v0x155c88770, 166;
v0x155c88770_167 .array/port v0x155c88770, 167;
v0x155c88770_168 .array/port v0x155c88770, 168;
E_0x155c884d0/42 .event anyedge, v0x155c88770_165, v0x155c88770_166, v0x155c88770_167, v0x155c88770_168;
v0x155c88770_169 .array/port v0x155c88770, 169;
v0x155c88770_170 .array/port v0x155c88770, 170;
v0x155c88770_171 .array/port v0x155c88770, 171;
v0x155c88770_172 .array/port v0x155c88770, 172;
E_0x155c884d0/43 .event anyedge, v0x155c88770_169, v0x155c88770_170, v0x155c88770_171, v0x155c88770_172;
v0x155c88770_173 .array/port v0x155c88770, 173;
v0x155c88770_174 .array/port v0x155c88770, 174;
v0x155c88770_175 .array/port v0x155c88770, 175;
v0x155c88770_176 .array/port v0x155c88770, 176;
E_0x155c884d0/44 .event anyedge, v0x155c88770_173, v0x155c88770_174, v0x155c88770_175, v0x155c88770_176;
v0x155c88770_177 .array/port v0x155c88770, 177;
v0x155c88770_178 .array/port v0x155c88770, 178;
v0x155c88770_179 .array/port v0x155c88770, 179;
v0x155c88770_180 .array/port v0x155c88770, 180;
E_0x155c884d0/45 .event anyedge, v0x155c88770_177, v0x155c88770_178, v0x155c88770_179, v0x155c88770_180;
v0x155c88770_181 .array/port v0x155c88770, 181;
v0x155c88770_182 .array/port v0x155c88770, 182;
v0x155c88770_183 .array/port v0x155c88770, 183;
v0x155c88770_184 .array/port v0x155c88770, 184;
E_0x155c884d0/46 .event anyedge, v0x155c88770_181, v0x155c88770_182, v0x155c88770_183, v0x155c88770_184;
v0x155c88770_185 .array/port v0x155c88770, 185;
v0x155c88770_186 .array/port v0x155c88770, 186;
v0x155c88770_187 .array/port v0x155c88770, 187;
v0x155c88770_188 .array/port v0x155c88770, 188;
E_0x155c884d0/47 .event anyedge, v0x155c88770_185, v0x155c88770_186, v0x155c88770_187, v0x155c88770_188;
v0x155c88770_189 .array/port v0x155c88770, 189;
v0x155c88770_190 .array/port v0x155c88770, 190;
v0x155c88770_191 .array/port v0x155c88770, 191;
v0x155c88770_192 .array/port v0x155c88770, 192;
E_0x155c884d0/48 .event anyedge, v0x155c88770_189, v0x155c88770_190, v0x155c88770_191, v0x155c88770_192;
v0x155c88770_193 .array/port v0x155c88770, 193;
v0x155c88770_194 .array/port v0x155c88770, 194;
v0x155c88770_195 .array/port v0x155c88770, 195;
v0x155c88770_196 .array/port v0x155c88770, 196;
E_0x155c884d0/49 .event anyedge, v0x155c88770_193, v0x155c88770_194, v0x155c88770_195, v0x155c88770_196;
v0x155c88770_197 .array/port v0x155c88770, 197;
v0x155c88770_198 .array/port v0x155c88770, 198;
v0x155c88770_199 .array/port v0x155c88770, 199;
v0x155c88770_200 .array/port v0x155c88770, 200;
E_0x155c884d0/50 .event anyedge, v0x155c88770_197, v0x155c88770_198, v0x155c88770_199, v0x155c88770_200;
v0x155c88770_201 .array/port v0x155c88770, 201;
v0x155c88770_202 .array/port v0x155c88770, 202;
v0x155c88770_203 .array/port v0x155c88770, 203;
v0x155c88770_204 .array/port v0x155c88770, 204;
E_0x155c884d0/51 .event anyedge, v0x155c88770_201, v0x155c88770_202, v0x155c88770_203, v0x155c88770_204;
v0x155c88770_205 .array/port v0x155c88770, 205;
v0x155c88770_206 .array/port v0x155c88770, 206;
v0x155c88770_207 .array/port v0x155c88770, 207;
v0x155c88770_208 .array/port v0x155c88770, 208;
E_0x155c884d0/52 .event anyedge, v0x155c88770_205, v0x155c88770_206, v0x155c88770_207, v0x155c88770_208;
v0x155c88770_209 .array/port v0x155c88770, 209;
v0x155c88770_210 .array/port v0x155c88770, 210;
v0x155c88770_211 .array/port v0x155c88770, 211;
v0x155c88770_212 .array/port v0x155c88770, 212;
E_0x155c884d0/53 .event anyedge, v0x155c88770_209, v0x155c88770_210, v0x155c88770_211, v0x155c88770_212;
v0x155c88770_213 .array/port v0x155c88770, 213;
v0x155c88770_214 .array/port v0x155c88770, 214;
v0x155c88770_215 .array/port v0x155c88770, 215;
v0x155c88770_216 .array/port v0x155c88770, 216;
E_0x155c884d0/54 .event anyedge, v0x155c88770_213, v0x155c88770_214, v0x155c88770_215, v0x155c88770_216;
v0x155c88770_217 .array/port v0x155c88770, 217;
v0x155c88770_218 .array/port v0x155c88770, 218;
v0x155c88770_219 .array/port v0x155c88770, 219;
v0x155c88770_220 .array/port v0x155c88770, 220;
E_0x155c884d0/55 .event anyedge, v0x155c88770_217, v0x155c88770_218, v0x155c88770_219, v0x155c88770_220;
v0x155c88770_221 .array/port v0x155c88770, 221;
v0x155c88770_222 .array/port v0x155c88770, 222;
v0x155c88770_223 .array/port v0x155c88770, 223;
v0x155c88770_224 .array/port v0x155c88770, 224;
E_0x155c884d0/56 .event anyedge, v0x155c88770_221, v0x155c88770_222, v0x155c88770_223, v0x155c88770_224;
v0x155c88770_225 .array/port v0x155c88770, 225;
v0x155c88770_226 .array/port v0x155c88770, 226;
v0x155c88770_227 .array/port v0x155c88770, 227;
v0x155c88770_228 .array/port v0x155c88770, 228;
E_0x155c884d0/57 .event anyedge, v0x155c88770_225, v0x155c88770_226, v0x155c88770_227, v0x155c88770_228;
v0x155c88770_229 .array/port v0x155c88770, 229;
v0x155c88770_230 .array/port v0x155c88770, 230;
v0x155c88770_231 .array/port v0x155c88770, 231;
v0x155c88770_232 .array/port v0x155c88770, 232;
E_0x155c884d0/58 .event anyedge, v0x155c88770_229, v0x155c88770_230, v0x155c88770_231, v0x155c88770_232;
v0x155c88770_233 .array/port v0x155c88770, 233;
v0x155c88770_234 .array/port v0x155c88770, 234;
v0x155c88770_235 .array/port v0x155c88770, 235;
v0x155c88770_236 .array/port v0x155c88770, 236;
E_0x155c884d0/59 .event anyedge, v0x155c88770_233, v0x155c88770_234, v0x155c88770_235, v0x155c88770_236;
v0x155c88770_237 .array/port v0x155c88770, 237;
v0x155c88770_238 .array/port v0x155c88770, 238;
v0x155c88770_239 .array/port v0x155c88770, 239;
v0x155c88770_240 .array/port v0x155c88770, 240;
E_0x155c884d0/60 .event anyedge, v0x155c88770_237, v0x155c88770_238, v0x155c88770_239, v0x155c88770_240;
v0x155c88770_241 .array/port v0x155c88770, 241;
v0x155c88770_242 .array/port v0x155c88770, 242;
v0x155c88770_243 .array/port v0x155c88770, 243;
v0x155c88770_244 .array/port v0x155c88770, 244;
E_0x155c884d0/61 .event anyedge, v0x155c88770_241, v0x155c88770_242, v0x155c88770_243, v0x155c88770_244;
v0x155c88770_245 .array/port v0x155c88770, 245;
v0x155c88770_246 .array/port v0x155c88770, 246;
v0x155c88770_247 .array/port v0x155c88770, 247;
v0x155c88770_248 .array/port v0x155c88770, 248;
E_0x155c884d0/62 .event anyedge, v0x155c88770_245, v0x155c88770_246, v0x155c88770_247, v0x155c88770_248;
v0x155c88770_249 .array/port v0x155c88770, 249;
v0x155c88770_250 .array/port v0x155c88770, 250;
v0x155c88770_251 .array/port v0x155c88770, 251;
v0x155c88770_252 .array/port v0x155c88770, 252;
E_0x155c884d0/63 .event anyedge, v0x155c88770_249, v0x155c88770_250, v0x155c88770_251, v0x155c88770_252;
v0x155c88770_253 .array/port v0x155c88770, 253;
v0x155c88770_254 .array/port v0x155c88770, 254;
v0x155c88770_255 .array/port v0x155c88770, 255;
v0x155c88770_256 .array/port v0x155c88770, 256;
E_0x155c884d0/64 .event anyedge, v0x155c88770_253, v0x155c88770_254, v0x155c88770_255, v0x155c88770_256;
v0x155c88770_257 .array/port v0x155c88770, 257;
v0x155c88770_258 .array/port v0x155c88770, 258;
v0x155c88770_259 .array/port v0x155c88770, 259;
v0x155c88770_260 .array/port v0x155c88770, 260;
E_0x155c884d0/65 .event anyedge, v0x155c88770_257, v0x155c88770_258, v0x155c88770_259, v0x155c88770_260;
v0x155c88770_261 .array/port v0x155c88770, 261;
v0x155c88770_262 .array/port v0x155c88770, 262;
v0x155c88770_263 .array/port v0x155c88770, 263;
v0x155c88770_264 .array/port v0x155c88770, 264;
E_0x155c884d0/66 .event anyedge, v0x155c88770_261, v0x155c88770_262, v0x155c88770_263, v0x155c88770_264;
v0x155c88770_265 .array/port v0x155c88770, 265;
v0x155c88770_266 .array/port v0x155c88770, 266;
v0x155c88770_267 .array/port v0x155c88770, 267;
v0x155c88770_268 .array/port v0x155c88770, 268;
E_0x155c884d0/67 .event anyedge, v0x155c88770_265, v0x155c88770_266, v0x155c88770_267, v0x155c88770_268;
v0x155c88770_269 .array/port v0x155c88770, 269;
v0x155c88770_270 .array/port v0x155c88770, 270;
v0x155c88770_271 .array/port v0x155c88770, 271;
v0x155c88770_272 .array/port v0x155c88770, 272;
E_0x155c884d0/68 .event anyedge, v0x155c88770_269, v0x155c88770_270, v0x155c88770_271, v0x155c88770_272;
v0x155c88770_273 .array/port v0x155c88770, 273;
v0x155c88770_274 .array/port v0x155c88770, 274;
v0x155c88770_275 .array/port v0x155c88770, 275;
v0x155c88770_276 .array/port v0x155c88770, 276;
E_0x155c884d0/69 .event anyedge, v0x155c88770_273, v0x155c88770_274, v0x155c88770_275, v0x155c88770_276;
v0x155c88770_277 .array/port v0x155c88770, 277;
v0x155c88770_278 .array/port v0x155c88770, 278;
v0x155c88770_279 .array/port v0x155c88770, 279;
v0x155c88770_280 .array/port v0x155c88770, 280;
E_0x155c884d0/70 .event anyedge, v0x155c88770_277, v0x155c88770_278, v0x155c88770_279, v0x155c88770_280;
v0x155c88770_281 .array/port v0x155c88770, 281;
v0x155c88770_282 .array/port v0x155c88770, 282;
v0x155c88770_283 .array/port v0x155c88770, 283;
v0x155c88770_284 .array/port v0x155c88770, 284;
E_0x155c884d0/71 .event anyedge, v0x155c88770_281, v0x155c88770_282, v0x155c88770_283, v0x155c88770_284;
v0x155c88770_285 .array/port v0x155c88770, 285;
v0x155c88770_286 .array/port v0x155c88770, 286;
v0x155c88770_287 .array/port v0x155c88770, 287;
v0x155c88770_288 .array/port v0x155c88770, 288;
E_0x155c884d0/72 .event anyedge, v0x155c88770_285, v0x155c88770_286, v0x155c88770_287, v0x155c88770_288;
v0x155c88770_289 .array/port v0x155c88770, 289;
v0x155c88770_290 .array/port v0x155c88770, 290;
v0x155c88770_291 .array/port v0x155c88770, 291;
v0x155c88770_292 .array/port v0x155c88770, 292;
E_0x155c884d0/73 .event anyedge, v0x155c88770_289, v0x155c88770_290, v0x155c88770_291, v0x155c88770_292;
v0x155c88770_293 .array/port v0x155c88770, 293;
v0x155c88770_294 .array/port v0x155c88770, 294;
v0x155c88770_295 .array/port v0x155c88770, 295;
v0x155c88770_296 .array/port v0x155c88770, 296;
E_0x155c884d0/74 .event anyedge, v0x155c88770_293, v0x155c88770_294, v0x155c88770_295, v0x155c88770_296;
v0x155c88770_297 .array/port v0x155c88770, 297;
v0x155c88770_298 .array/port v0x155c88770, 298;
v0x155c88770_299 .array/port v0x155c88770, 299;
v0x155c88770_300 .array/port v0x155c88770, 300;
E_0x155c884d0/75 .event anyedge, v0x155c88770_297, v0x155c88770_298, v0x155c88770_299, v0x155c88770_300;
v0x155c88770_301 .array/port v0x155c88770, 301;
v0x155c88770_302 .array/port v0x155c88770, 302;
v0x155c88770_303 .array/port v0x155c88770, 303;
v0x155c88770_304 .array/port v0x155c88770, 304;
E_0x155c884d0/76 .event anyedge, v0x155c88770_301, v0x155c88770_302, v0x155c88770_303, v0x155c88770_304;
v0x155c88770_305 .array/port v0x155c88770, 305;
v0x155c88770_306 .array/port v0x155c88770, 306;
v0x155c88770_307 .array/port v0x155c88770, 307;
v0x155c88770_308 .array/port v0x155c88770, 308;
E_0x155c884d0/77 .event anyedge, v0x155c88770_305, v0x155c88770_306, v0x155c88770_307, v0x155c88770_308;
v0x155c88770_309 .array/port v0x155c88770, 309;
v0x155c88770_310 .array/port v0x155c88770, 310;
v0x155c88770_311 .array/port v0x155c88770, 311;
v0x155c88770_312 .array/port v0x155c88770, 312;
E_0x155c884d0/78 .event anyedge, v0x155c88770_309, v0x155c88770_310, v0x155c88770_311, v0x155c88770_312;
v0x155c88770_313 .array/port v0x155c88770, 313;
v0x155c88770_314 .array/port v0x155c88770, 314;
v0x155c88770_315 .array/port v0x155c88770, 315;
v0x155c88770_316 .array/port v0x155c88770, 316;
E_0x155c884d0/79 .event anyedge, v0x155c88770_313, v0x155c88770_314, v0x155c88770_315, v0x155c88770_316;
v0x155c88770_317 .array/port v0x155c88770, 317;
v0x155c88770_318 .array/port v0x155c88770, 318;
v0x155c88770_319 .array/port v0x155c88770, 319;
v0x155c88770_320 .array/port v0x155c88770, 320;
E_0x155c884d0/80 .event anyedge, v0x155c88770_317, v0x155c88770_318, v0x155c88770_319, v0x155c88770_320;
v0x155c88770_321 .array/port v0x155c88770, 321;
v0x155c88770_322 .array/port v0x155c88770, 322;
v0x155c88770_323 .array/port v0x155c88770, 323;
v0x155c88770_324 .array/port v0x155c88770, 324;
E_0x155c884d0/81 .event anyedge, v0x155c88770_321, v0x155c88770_322, v0x155c88770_323, v0x155c88770_324;
v0x155c88770_325 .array/port v0x155c88770, 325;
v0x155c88770_326 .array/port v0x155c88770, 326;
v0x155c88770_327 .array/port v0x155c88770, 327;
v0x155c88770_328 .array/port v0x155c88770, 328;
E_0x155c884d0/82 .event anyedge, v0x155c88770_325, v0x155c88770_326, v0x155c88770_327, v0x155c88770_328;
v0x155c88770_329 .array/port v0x155c88770, 329;
v0x155c88770_330 .array/port v0x155c88770, 330;
v0x155c88770_331 .array/port v0x155c88770, 331;
v0x155c88770_332 .array/port v0x155c88770, 332;
E_0x155c884d0/83 .event anyedge, v0x155c88770_329, v0x155c88770_330, v0x155c88770_331, v0x155c88770_332;
v0x155c88770_333 .array/port v0x155c88770, 333;
v0x155c88770_334 .array/port v0x155c88770, 334;
v0x155c88770_335 .array/port v0x155c88770, 335;
v0x155c88770_336 .array/port v0x155c88770, 336;
E_0x155c884d0/84 .event anyedge, v0x155c88770_333, v0x155c88770_334, v0x155c88770_335, v0x155c88770_336;
v0x155c88770_337 .array/port v0x155c88770, 337;
v0x155c88770_338 .array/port v0x155c88770, 338;
v0x155c88770_339 .array/port v0x155c88770, 339;
v0x155c88770_340 .array/port v0x155c88770, 340;
E_0x155c884d0/85 .event anyedge, v0x155c88770_337, v0x155c88770_338, v0x155c88770_339, v0x155c88770_340;
v0x155c88770_341 .array/port v0x155c88770, 341;
v0x155c88770_342 .array/port v0x155c88770, 342;
v0x155c88770_343 .array/port v0x155c88770, 343;
v0x155c88770_344 .array/port v0x155c88770, 344;
E_0x155c884d0/86 .event anyedge, v0x155c88770_341, v0x155c88770_342, v0x155c88770_343, v0x155c88770_344;
v0x155c88770_345 .array/port v0x155c88770, 345;
v0x155c88770_346 .array/port v0x155c88770, 346;
v0x155c88770_347 .array/port v0x155c88770, 347;
v0x155c88770_348 .array/port v0x155c88770, 348;
E_0x155c884d0/87 .event anyedge, v0x155c88770_345, v0x155c88770_346, v0x155c88770_347, v0x155c88770_348;
v0x155c88770_349 .array/port v0x155c88770, 349;
v0x155c88770_350 .array/port v0x155c88770, 350;
v0x155c88770_351 .array/port v0x155c88770, 351;
v0x155c88770_352 .array/port v0x155c88770, 352;
E_0x155c884d0/88 .event anyedge, v0x155c88770_349, v0x155c88770_350, v0x155c88770_351, v0x155c88770_352;
v0x155c88770_353 .array/port v0x155c88770, 353;
v0x155c88770_354 .array/port v0x155c88770, 354;
v0x155c88770_355 .array/port v0x155c88770, 355;
v0x155c88770_356 .array/port v0x155c88770, 356;
E_0x155c884d0/89 .event anyedge, v0x155c88770_353, v0x155c88770_354, v0x155c88770_355, v0x155c88770_356;
v0x155c88770_357 .array/port v0x155c88770, 357;
v0x155c88770_358 .array/port v0x155c88770, 358;
v0x155c88770_359 .array/port v0x155c88770, 359;
v0x155c88770_360 .array/port v0x155c88770, 360;
E_0x155c884d0/90 .event anyedge, v0x155c88770_357, v0x155c88770_358, v0x155c88770_359, v0x155c88770_360;
v0x155c88770_361 .array/port v0x155c88770, 361;
v0x155c88770_362 .array/port v0x155c88770, 362;
v0x155c88770_363 .array/port v0x155c88770, 363;
v0x155c88770_364 .array/port v0x155c88770, 364;
E_0x155c884d0/91 .event anyedge, v0x155c88770_361, v0x155c88770_362, v0x155c88770_363, v0x155c88770_364;
v0x155c88770_365 .array/port v0x155c88770, 365;
v0x155c88770_366 .array/port v0x155c88770, 366;
v0x155c88770_367 .array/port v0x155c88770, 367;
v0x155c88770_368 .array/port v0x155c88770, 368;
E_0x155c884d0/92 .event anyedge, v0x155c88770_365, v0x155c88770_366, v0x155c88770_367, v0x155c88770_368;
v0x155c88770_369 .array/port v0x155c88770, 369;
v0x155c88770_370 .array/port v0x155c88770, 370;
v0x155c88770_371 .array/port v0x155c88770, 371;
v0x155c88770_372 .array/port v0x155c88770, 372;
E_0x155c884d0/93 .event anyedge, v0x155c88770_369, v0x155c88770_370, v0x155c88770_371, v0x155c88770_372;
v0x155c88770_373 .array/port v0x155c88770, 373;
v0x155c88770_374 .array/port v0x155c88770, 374;
v0x155c88770_375 .array/port v0x155c88770, 375;
v0x155c88770_376 .array/port v0x155c88770, 376;
E_0x155c884d0/94 .event anyedge, v0x155c88770_373, v0x155c88770_374, v0x155c88770_375, v0x155c88770_376;
v0x155c88770_377 .array/port v0x155c88770, 377;
v0x155c88770_378 .array/port v0x155c88770, 378;
v0x155c88770_379 .array/port v0x155c88770, 379;
v0x155c88770_380 .array/port v0x155c88770, 380;
E_0x155c884d0/95 .event anyedge, v0x155c88770_377, v0x155c88770_378, v0x155c88770_379, v0x155c88770_380;
v0x155c88770_381 .array/port v0x155c88770, 381;
v0x155c88770_382 .array/port v0x155c88770, 382;
v0x155c88770_383 .array/port v0x155c88770, 383;
v0x155c88770_384 .array/port v0x155c88770, 384;
E_0x155c884d0/96 .event anyedge, v0x155c88770_381, v0x155c88770_382, v0x155c88770_383, v0x155c88770_384;
v0x155c88770_385 .array/port v0x155c88770, 385;
v0x155c88770_386 .array/port v0x155c88770, 386;
v0x155c88770_387 .array/port v0x155c88770, 387;
v0x155c88770_388 .array/port v0x155c88770, 388;
E_0x155c884d0/97 .event anyedge, v0x155c88770_385, v0x155c88770_386, v0x155c88770_387, v0x155c88770_388;
v0x155c88770_389 .array/port v0x155c88770, 389;
v0x155c88770_390 .array/port v0x155c88770, 390;
v0x155c88770_391 .array/port v0x155c88770, 391;
v0x155c88770_392 .array/port v0x155c88770, 392;
E_0x155c884d0/98 .event anyedge, v0x155c88770_389, v0x155c88770_390, v0x155c88770_391, v0x155c88770_392;
v0x155c88770_393 .array/port v0x155c88770, 393;
v0x155c88770_394 .array/port v0x155c88770, 394;
v0x155c88770_395 .array/port v0x155c88770, 395;
v0x155c88770_396 .array/port v0x155c88770, 396;
E_0x155c884d0/99 .event anyedge, v0x155c88770_393, v0x155c88770_394, v0x155c88770_395, v0x155c88770_396;
v0x155c88770_397 .array/port v0x155c88770, 397;
v0x155c88770_398 .array/port v0x155c88770, 398;
v0x155c88770_399 .array/port v0x155c88770, 399;
v0x155c88770_400 .array/port v0x155c88770, 400;
E_0x155c884d0/100 .event anyedge, v0x155c88770_397, v0x155c88770_398, v0x155c88770_399, v0x155c88770_400;
v0x155c88770_401 .array/port v0x155c88770, 401;
v0x155c88770_402 .array/port v0x155c88770, 402;
v0x155c88770_403 .array/port v0x155c88770, 403;
v0x155c88770_404 .array/port v0x155c88770, 404;
E_0x155c884d0/101 .event anyedge, v0x155c88770_401, v0x155c88770_402, v0x155c88770_403, v0x155c88770_404;
v0x155c88770_405 .array/port v0x155c88770, 405;
v0x155c88770_406 .array/port v0x155c88770, 406;
v0x155c88770_407 .array/port v0x155c88770, 407;
v0x155c88770_408 .array/port v0x155c88770, 408;
E_0x155c884d0/102 .event anyedge, v0x155c88770_405, v0x155c88770_406, v0x155c88770_407, v0x155c88770_408;
v0x155c88770_409 .array/port v0x155c88770, 409;
v0x155c88770_410 .array/port v0x155c88770, 410;
v0x155c88770_411 .array/port v0x155c88770, 411;
v0x155c88770_412 .array/port v0x155c88770, 412;
E_0x155c884d0/103 .event anyedge, v0x155c88770_409, v0x155c88770_410, v0x155c88770_411, v0x155c88770_412;
v0x155c88770_413 .array/port v0x155c88770, 413;
v0x155c88770_414 .array/port v0x155c88770, 414;
v0x155c88770_415 .array/port v0x155c88770, 415;
v0x155c88770_416 .array/port v0x155c88770, 416;
E_0x155c884d0/104 .event anyedge, v0x155c88770_413, v0x155c88770_414, v0x155c88770_415, v0x155c88770_416;
v0x155c88770_417 .array/port v0x155c88770, 417;
v0x155c88770_418 .array/port v0x155c88770, 418;
v0x155c88770_419 .array/port v0x155c88770, 419;
v0x155c88770_420 .array/port v0x155c88770, 420;
E_0x155c884d0/105 .event anyedge, v0x155c88770_417, v0x155c88770_418, v0x155c88770_419, v0x155c88770_420;
v0x155c88770_421 .array/port v0x155c88770, 421;
v0x155c88770_422 .array/port v0x155c88770, 422;
v0x155c88770_423 .array/port v0x155c88770, 423;
v0x155c88770_424 .array/port v0x155c88770, 424;
E_0x155c884d0/106 .event anyedge, v0x155c88770_421, v0x155c88770_422, v0x155c88770_423, v0x155c88770_424;
v0x155c88770_425 .array/port v0x155c88770, 425;
v0x155c88770_426 .array/port v0x155c88770, 426;
v0x155c88770_427 .array/port v0x155c88770, 427;
v0x155c88770_428 .array/port v0x155c88770, 428;
E_0x155c884d0/107 .event anyedge, v0x155c88770_425, v0x155c88770_426, v0x155c88770_427, v0x155c88770_428;
v0x155c88770_429 .array/port v0x155c88770, 429;
v0x155c88770_430 .array/port v0x155c88770, 430;
v0x155c88770_431 .array/port v0x155c88770, 431;
v0x155c88770_432 .array/port v0x155c88770, 432;
E_0x155c884d0/108 .event anyedge, v0x155c88770_429, v0x155c88770_430, v0x155c88770_431, v0x155c88770_432;
v0x155c88770_433 .array/port v0x155c88770, 433;
v0x155c88770_434 .array/port v0x155c88770, 434;
v0x155c88770_435 .array/port v0x155c88770, 435;
v0x155c88770_436 .array/port v0x155c88770, 436;
E_0x155c884d0/109 .event anyedge, v0x155c88770_433, v0x155c88770_434, v0x155c88770_435, v0x155c88770_436;
v0x155c88770_437 .array/port v0x155c88770, 437;
v0x155c88770_438 .array/port v0x155c88770, 438;
v0x155c88770_439 .array/port v0x155c88770, 439;
v0x155c88770_440 .array/port v0x155c88770, 440;
E_0x155c884d0/110 .event anyedge, v0x155c88770_437, v0x155c88770_438, v0x155c88770_439, v0x155c88770_440;
v0x155c88770_441 .array/port v0x155c88770, 441;
v0x155c88770_442 .array/port v0x155c88770, 442;
v0x155c88770_443 .array/port v0x155c88770, 443;
v0x155c88770_444 .array/port v0x155c88770, 444;
E_0x155c884d0/111 .event anyedge, v0x155c88770_441, v0x155c88770_442, v0x155c88770_443, v0x155c88770_444;
v0x155c88770_445 .array/port v0x155c88770, 445;
v0x155c88770_446 .array/port v0x155c88770, 446;
v0x155c88770_447 .array/port v0x155c88770, 447;
v0x155c88770_448 .array/port v0x155c88770, 448;
E_0x155c884d0/112 .event anyedge, v0x155c88770_445, v0x155c88770_446, v0x155c88770_447, v0x155c88770_448;
v0x155c88770_449 .array/port v0x155c88770, 449;
v0x155c88770_450 .array/port v0x155c88770, 450;
v0x155c88770_451 .array/port v0x155c88770, 451;
v0x155c88770_452 .array/port v0x155c88770, 452;
E_0x155c884d0/113 .event anyedge, v0x155c88770_449, v0x155c88770_450, v0x155c88770_451, v0x155c88770_452;
v0x155c88770_453 .array/port v0x155c88770, 453;
v0x155c88770_454 .array/port v0x155c88770, 454;
v0x155c88770_455 .array/port v0x155c88770, 455;
v0x155c88770_456 .array/port v0x155c88770, 456;
E_0x155c884d0/114 .event anyedge, v0x155c88770_453, v0x155c88770_454, v0x155c88770_455, v0x155c88770_456;
v0x155c88770_457 .array/port v0x155c88770, 457;
v0x155c88770_458 .array/port v0x155c88770, 458;
v0x155c88770_459 .array/port v0x155c88770, 459;
v0x155c88770_460 .array/port v0x155c88770, 460;
E_0x155c884d0/115 .event anyedge, v0x155c88770_457, v0x155c88770_458, v0x155c88770_459, v0x155c88770_460;
v0x155c88770_461 .array/port v0x155c88770, 461;
v0x155c88770_462 .array/port v0x155c88770, 462;
v0x155c88770_463 .array/port v0x155c88770, 463;
v0x155c88770_464 .array/port v0x155c88770, 464;
E_0x155c884d0/116 .event anyedge, v0x155c88770_461, v0x155c88770_462, v0x155c88770_463, v0x155c88770_464;
v0x155c88770_465 .array/port v0x155c88770, 465;
v0x155c88770_466 .array/port v0x155c88770, 466;
v0x155c88770_467 .array/port v0x155c88770, 467;
v0x155c88770_468 .array/port v0x155c88770, 468;
E_0x155c884d0/117 .event anyedge, v0x155c88770_465, v0x155c88770_466, v0x155c88770_467, v0x155c88770_468;
v0x155c88770_469 .array/port v0x155c88770, 469;
v0x155c88770_470 .array/port v0x155c88770, 470;
v0x155c88770_471 .array/port v0x155c88770, 471;
v0x155c88770_472 .array/port v0x155c88770, 472;
E_0x155c884d0/118 .event anyedge, v0x155c88770_469, v0x155c88770_470, v0x155c88770_471, v0x155c88770_472;
v0x155c88770_473 .array/port v0x155c88770, 473;
v0x155c88770_474 .array/port v0x155c88770, 474;
v0x155c88770_475 .array/port v0x155c88770, 475;
v0x155c88770_476 .array/port v0x155c88770, 476;
E_0x155c884d0/119 .event anyedge, v0x155c88770_473, v0x155c88770_474, v0x155c88770_475, v0x155c88770_476;
v0x155c88770_477 .array/port v0x155c88770, 477;
v0x155c88770_478 .array/port v0x155c88770, 478;
v0x155c88770_479 .array/port v0x155c88770, 479;
v0x155c88770_480 .array/port v0x155c88770, 480;
E_0x155c884d0/120 .event anyedge, v0x155c88770_477, v0x155c88770_478, v0x155c88770_479, v0x155c88770_480;
v0x155c88770_481 .array/port v0x155c88770, 481;
v0x155c88770_482 .array/port v0x155c88770, 482;
v0x155c88770_483 .array/port v0x155c88770, 483;
v0x155c88770_484 .array/port v0x155c88770, 484;
E_0x155c884d0/121 .event anyedge, v0x155c88770_481, v0x155c88770_482, v0x155c88770_483, v0x155c88770_484;
v0x155c88770_485 .array/port v0x155c88770, 485;
v0x155c88770_486 .array/port v0x155c88770, 486;
v0x155c88770_487 .array/port v0x155c88770, 487;
v0x155c88770_488 .array/port v0x155c88770, 488;
E_0x155c884d0/122 .event anyedge, v0x155c88770_485, v0x155c88770_486, v0x155c88770_487, v0x155c88770_488;
v0x155c88770_489 .array/port v0x155c88770, 489;
v0x155c88770_490 .array/port v0x155c88770, 490;
v0x155c88770_491 .array/port v0x155c88770, 491;
v0x155c88770_492 .array/port v0x155c88770, 492;
E_0x155c884d0/123 .event anyedge, v0x155c88770_489, v0x155c88770_490, v0x155c88770_491, v0x155c88770_492;
v0x155c88770_493 .array/port v0x155c88770, 493;
v0x155c88770_494 .array/port v0x155c88770, 494;
v0x155c88770_495 .array/port v0x155c88770, 495;
v0x155c88770_496 .array/port v0x155c88770, 496;
E_0x155c884d0/124 .event anyedge, v0x155c88770_493, v0x155c88770_494, v0x155c88770_495, v0x155c88770_496;
v0x155c88770_497 .array/port v0x155c88770, 497;
v0x155c88770_498 .array/port v0x155c88770, 498;
v0x155c88770_499 .array/port v0x155c88770, 499;
v0x155c88770_500 .array/port v0x155c88770, 500;
E_0x155c884d0/125 .event anyedge, v0x155c88770_497, v0x155c88770_498, v0x155c88770_499, v0x155c88770_500;
v0x155c88770_501 .array/port v0x155c88770, 501;
v0x155c88770_502 .array/port v0x155c88770, 502;
v0x155c88770_503 .array/port v0x155c88770, 503;
v0x155c88770_504 .array/port v0x155c88770, 504;
E_0x155c884d0/126 .event anyedge, v0x155c88770_501, v0x155c88770_502, v0x155c88770_503, v0x155c88770_504;
v0x155c88770_505 .array/port v0x155c88770, 505;
v0x155c88770_506 .array/port v0x155c88770, 506;
v0x155c88770_507 .array/port v0x155c88770, 507;
v0x155c88770_508 .array/port v0x155c88770, 508;
E_0x155c884d0/127 .event anyedge, v0x155c88770_505, v0x155c88770_506, v0x155c88770_507, v0x155c88770_508;
v0x155c88770_509 .array/port v0x155c88770, 509;
v0x155c88770_510 .array/port v0x155c88770, 510;
v0x155c88770_511 .array/port v0x155c88770, 511;
E_0x155c884d0/128 .event anyedge, v0x155c88770_509, v0x155c88770_510, v0x155c88770_511, v0x155c8a800_0;
E_0x155c884d0 .event/or E_0x155c884d0/0, E_0x155c884d0/1, E_0x155c884d0/2, E_0x155c884d0/3, E_0x155c884d0/4, E_0x155c884d0/5, E_0x155c884d0/6, E_0x155c884d0/7, E_0x155c884d0/8, E_0x155c884d0/9, E_0x155c884d0/10, E_0x155c884d0/11, E_0x155c884d0/12, E_0x155c884d0/13, E_0x155c884d0/14, E_0x155c884d0/15, E_0x155c884d0/16, E_0x155c884d0/17, E_0x155c884d0/18, E_0x155c884d0/19, E_0x155c884d0/20, E_0x155c884d0/21, E_0x155c884d0/22, E_0x155c884d0/23, E_0x155c884d0/24, E_0x155c884d0/25, E_0x155c884d0/26, E_0x155c884d0/27, E_0x155c884d0/28, E_0x155c884d0/29, E_0x155c884d0/30, E_0x155c884d0/31, E_0x155c884d0/32, E_0x155c884d0/33, E_0x155c884d0/34, E_0x155c884d0/35, E_0x155c884d0/36, E_0x155c884d0/37, E_0x155c884d0/38, E_0x155c884d0/39, E_0x155c884d0/40, E_0x155c884d0/41, E_0x155c884d0/42, E_0x155c884d0/43, E_0x155c884d0/44, E_0x155c884d0/45, E_0x155c884d0/46, E_0x155c884d0/47, E_0x155c884d0/48, E_0x155c884d0/49, E_0x155c884d0/50, E_0x155c884d0/51, E_0x155c884d0/52, E_0x155c884d0/53, E_0x155c884d0/54, E_0x155c884d0/55, E_0x155c884d0/56, E_0x155c884d0/57, E_0x155c884d0/58, E_0x155c884d0/59, E_0x155c884d0/60, E_0x155c884d0/61, E_0x155c884d0/62, E_0x155c884d0/63, E_0x155c884d0/64, E_0x155c884d0/65, E_0x155c884d0/66, E_0x155c884d0/67, E_0x155c884d0/68, E_0x155c884d0/69, E_0x155c884d0/70, E_0x155c884d0/71, E_0x155c884d0/72, E_0x155c884d0/73, E_0x155c884d0/74, E_0x155c884d0/75, E_0x155c884d0/76, E_0x155c884d0/77, E_0x155c884d0/78, E_0x155c884d0/79, E_0x155c884d0/80, E_0x155c884d0/81, E_0x155c884d0/82, E_0x155c884d0/83, E_0x155c884d0/84, E_0x155c884d0/85, E_0x155c884d0/86, E_0x155c884d0/87, E_0x155c884d0/88, E_0x155c884d0/89, E_0x155c884d0/90, E_0x155c884d0/91, E_0x155c884d0/92, E_0x155c884d0/93, E_0x155c884d0/94, E_0x155c884d0/95, E_0x155c884d0/96, E_0x155c884d0/97, E_0x155c884d0/98, E_0x155c884d0/99, E_0x155c884d0/100, E_0x155c884d0/101, E_0x155c884d0/102, E_0x155c884d0/103, E_0x155c884d0/104, E_0x155c884d0/105, E_0x155c884d0/106, E_0x155c884d0/107, E_0x155c884d0/108, E_0x155c884d0/109, E_0x155c884d0/110, E_0x155c884d0/111, E_0x155c884d0/112, E_0x155c884d0/113, E_0x155c884d0/114, E_0x155c884d0/115, E_0x155c884d0/116, E_0x155c884d0/117, E_0x155c884d0/118, E_0x155c884d0/119, E_0x155c884d0/120, E_0x155c884d0/121, E_0x155c884d0/122, E_0x155c884d0/123, E_0x155c884d0/124, E_0x155c884d0/125, E_0x155c884d0/126, E_0x155c884d0/127, E_0x155c884d0/128;
S_0x155c8aa00 .scope module, "reg0" "R0" 5 67, 28 1 0, S_0x155c266c0;
 .timescale -9 -11;
    .port_info 0 /INPUT 1 "clear";
    .port_info 1 /INPUT 1 "clock";
    .port_info 2 /INPUT 1 "enable";
    .port_info 3 /INPUT 1 "BAout";
    .port_info 4 /INPUT 32 "data_in";
    .port_info 5 /OUTPUT 32 "data_out";
P_0x155c8abc0 .param/l "DATA_WIDTH" 0 28 1, +C4<00000000000000000000000000100000>;
P_0x155c8ac00 .param/l "INIT" 0 28 1, C4<00000000000000000000000000000000>;
v0x155c8ae00_0 .net "BAout", 0 0, v0x155c269b0_0;  alias, 1 drivers
L_0x148040010 .functor BUFT 1, C4<00000000000000000000000000000000>, C4<0>, C4<0>, C4<0>;
v0x155c8aea0_0 .net/2u *"_ivl_0", 31 0, L_0x148040010;  1 drivers
v0x155c8af40_0 .net "clear", 0 0, v0x155c984e0_0;  alias, 1 drivers
v0x155c8afd0_0 .net "clock", 0 0, v0x155c98570_0;  alias, 1 drivers
v0x155c8b060_0 .net "data_in", 31 0, v0x155c831e0_0;  alias, 1 drivers
v0x155c8b0f0_0 .net "data_out", 31 0, L_0x155c9a110;  alias, 1 drivers
v0x155c8b180_0 .net "enable", 0 0, L_0x155c9a230;  1 drivers
v0x155c8b210_0 .var "q", 31 0;
L_0x155c9a110 .functor MUXZ 32, v0x155c8b210_0, L_0x148040010, v0x155c269b0_0, C4<>;
S_0x155c8b350 .scope module, "reg1" "register" 5 76, 23 1 0, S_0x155c266c0;
 .timescale -9 -11;
    .port_info 0 /INPUT 1 "clear";
    .port_info 1 /INPUT 1 "clock";
    .port_info 2 /INPUT 1 "enable";
    .port_info 3 /INPUT 32 "data_in";
    .port_info 4 /OUTPUT 32 "data_out";
P_0x155c8b510 .param/l "DATA_WIDTH" 0 23 1, +C4<00000000000000000000000000100000>;
P_0x155c8b550 .param/l "INIT" 0 23 1, C4<00000000000000000000000000000000>;
L_0x155c9a310 .functor BUFZ 32, v0x155c8bbc0_0, C4<00000000000000000000000000000000>, C4<00000000000000000000000000000000>, C4<00000000000000000000000000000000>;
v0x155c8b6e0_0 .net "clear", 0 0, v0x155c984e0_0;  alias, 1 drivers
v0x155c8b870_0 .net "clock", 0 0, v0x155c98570_0;  alias, 1 drivers
v0x155c8ba10_0 .net "data_in", 31 0, v0x155c831e0_0;  alias, 1 drivers
v0x155c8baa0_0 .net "data_out", 31 0, L_0x155c9a310;  alias, 1 drivers
v0x155c8bb30_0 .net "enable", 0 0, L_0x155c9a380;  1 drivers
v0x155c8bbc0_0 .var "q", 31 0;
S_0x155c8bc70 .scope module, "reg10" "register" 5 148, 23 1 0, S_0x155c266c0;
 .timescale -9 -11;
    .port_info 0 /INPUT 1 "clear";
    .port_info 1 /INPUT 1 "clock";
    .port_info 2 /INPUT 1 "enable";
    .port_info 3 /INPUT 32 "data_in";
    .port_info 4 /OUTPUT 32 "data_out";
P_0x155c8be30 .param/l "DATA_WIDTH" 0 23 1, +C4<00000000000000000000000000100000>;
P_0x155c8be70 .param/l "INIT" 0 23 1, C4<00000000000000000000000000000000>;
L_0x155c9ae20 .functor BUFZ 32, v0x155c8c340_0, C4<00000000000000000000000000000000>, C4<00000000000000000000000000000000>, C4<00000000000000000000000000000000>;
v0x155c8bfe0_0 .net "clear", 0 0, v0x155c984e0_0;  alias, 1 drivers
v0x155c8c070_0 .net "clock", 0 0, v0x155c98570_0;  alias, 1 drivers
v0x155c8c110_0 .net "data_in", 31 0, v0x155c831e0_0;  alias, 1 drivers
v0x155c8c1c0_0 .net "data_out", 31 0, L_0x155c9ae20;  alias, 1 drivers
v0x155c8c270_0 .net "enable", 0 0, L_0x155c9ae90;  1 drivers
v0x155c8c340_0 .var "q", 31 0;
S_0x155c8c470 .scope module, "reg11" "register" 5 156, 23 1 0, S_0x155c266c0;
 .timescale -9 -11;
    .port_info 0 /INPUT 1 "clear";
    .port_info 1 /INPUT 1 "clock";
    .port_info 2 /INPUT 1 "enable";
    .port_info 3 /INPUT 32 "data_in";
    .port_info 4 /OUTPUT 32 "data_out";
P_0x155c8c630 .param/l "DATA_WIDTH" 0 23 1, +C4<00000000000000000000000000100000>;
P_0x155c8c670 .param/l "INIT" 0 23 1, C4<00000000000000000000000000000000>;
L_0x155c9afb0 .functor BUFZ 32, v0x155c8cb40_0, C4<00000000000000000000000000000000>, C4<00000000000000000000000000000000>, C4<00000000000000000000000000000000>;
v0x155c8c7e0_0 .net "clear", 0 0, v0x155c984e0_0;  alias, 1 drivers
v0x155c8c870_0 .net "clock", 0 0, v0x155c98570_0;  alias, 1 drivers
v0x155c8c910_0 .net "data_in", 31 0, v0x155c831e0_0;  alias, 1 drivers
v0x155c8c9c0_0 .net "data_out", 31 0, L_0x155c9afb0;  alias, 1 drivers
v0x155c8ca70_0 .net "enable", 0 0, L_0x155c9b040;  1 drivers
v0x155c8cb40_0 .var "q", 31 0;
S_0x155c8cc70 .scope module, "reg12" "register" 5 164, 23 1 0, S_0x155c266c0;
 .timescale -9 -11;
    .port_info 0 /INPUT 1 "clear";
    .port_info 1 /INPUT 1 "clock";
    .port_info 2 /INPUT 1 "enable";
    .port_info 3 /INPUT 32 "data_in";
    .port_info 4 /OUTPUT 32 "data_out";
P_0x155c8ce30 .param/l "DATA_WIDTH" 0 23 1, +C4<00000000000000000000000000100000>;
P_0x155c8ce70 .param/l "INIT" 0 23 1, C4<00000000000000000000000000000000>;
L_0x155c9b0e0 .functor BUFZ 32, v0x155c8d340_0, C4<00000000000000000000000000000000>, C4<00000000000000000000000000000000>, C4<00000000000000000000000000000000>;
v0x155c8cfe0_0 .net "clear", 0 0, v0x155c984e0_0;  alias, 1 drivers
v0x155c8d070_0 .net "clock", 0 0, v0x155c98570_0;  alias, 1 drivers
v0x155c8d110_0 .net "data_in", 31 0, v0x155c831e0_0;  alias, 1 drivers
v0x155c8d1c0_0 .net "data_out", 31 0, L_0x155c9b0e0;  alias, 1 drivers
v0x155c8d270_0 .net "enable", 0 0, L_0x155c9b150;  1 drivers
v0x155c8d340_0 .var "q", 31 0;
S_0x155c8d470 .scope module, "reg13" "register" 5 172, 23 1 0, S_0x155c266c0;
 .timescale -9 -11;
    .port_info 0 /INPUT 1 "clear";
    .port_info 1 /INPUT 1 "clock";
    .port_info 2 /INPUT 1 "enable";
    .port_info 3 /INPUT 32 "data_in";
    .port_info 4 /OUTPUT 32 "data_out";
P_0x155c86fc0 .param/l "DATA_WIDTH" 0 23 1, +C4<00000000000000000000000000100000>;
P_0x155c87000 .param/l "INIT" 0 23 1, C4<00000000000000000000000000000000>;
L_0x155c9b280 .functor BUFZ 32, v0x155c8dbc0_0, C4<00000000000000000000000000000000>, C4<00000000000000000000000000000000>, C4<00000000000000000000000000000000>;
v0x155c8d860_0 .net "clear", 0 0, v0x155c984e0_0;  alias, 1 drivers
v0x155c8d8f0_0 .net "clock", 0 0, v0x155c98570_0;  alias, 1 drivers
v0x155c8d990_0 .net "data_in", 31 0, v0x155c831e0_0;  alias, 1 drivers
v0x155c8da40_0 .net "data_out", 31 0, L_0x155c9b280;  alias, 1 drivers
v0x155c8daf0_0 .net "enable", 0 0, L_0x155c9b310;  1 drivers
v0x155c8dbc0_0 .var "q", 31 0;
S_0x155c8dcf0 .scope module, "reg14" "register" 5 180, 23 1 0, S_0x155c266c0;
 .timescale -9 -11;
    .port_info 0 /INPUT 1 "clear";
    .port_info 1 /INPUT 1 "clock";
    .port_info 2 /INPUT 1 "enable";
    .port_info 3 /INPUT 32 "data_in";
    .port_info 4 /OUTPUT 32 "data_out";
P_0x155c8deb0 .param/l "DATA_WIDTH" 0 23 1, +C4<00000000000000000000000000100000>;
P_0x155c8def0 .param/l "INIT" 0 23 1, C4<00000000000000000000000000000000>;
L_0x155c9b3b0 .functor BUFZ 32, v0x155c8e3c0_0, C4<00000000000000000000000000000000>, C4<00000000000000000000000000000000>, C4<00000000000000000000000000000000>;
v0x155c8e060_0 .net "clear", 0 0, v0x155c984e0_0;  alias, 1 drivers
v0x155c8e0f0_0 .net "clock", 0 0, v0x155c98570_0;  alias, 1 drivers
v0x155c8e190_0 .net "data_in", 31 0, v0x155c831e0_0;  alias, 1 drivers
v0x155c8e240_0 .net "data_out", 31 0, L_0x155c9b3b0;  alias, 1 drivers
v0x155c8e2f0_0 .net "enable", 0 0, L_0x155c9b420;  1 drivers
v0x155c8e3c0_0 .var "q", 31 0;
S_0x155c8e4f0 .scope module, "reg15" "register" 5 188, 23 1 0, S_0x155c266c0;
 .timescale -9 -11;
    .port_info 0 /INPUT 1 "clear";
    .port_info 1 /INPUT 1 "clock";
    .port_info 2 /INPUT 1 "enable";
    .port_info 3 /INPUT 32 "data_in";
    .port_info 4 /OUTPUT 32 "data_out";
P_0x155c8e6b0 .param/l "DATA_WIDTH" 0 23 1, +C4<00000000000000000000000000100000>;
P_0x155c8e6f0 .param/l "INIT" 0 23 1, C4<00000000000000000000000000000000>;
L_0x155c9b210 .functor BUFZ 32, v0x155c8ebc0_0, C4<00000000000000000000000000000000>, C4<00000000000000000000000000000000>, C4<00000000000000000000000000000000>;
v0x155c8e860_0 .net "clear", 0 0, v0x155c984e0_0;  alias, 1 drivers
v0x155c8e8f0_0 .net "clock", 0 0, v0x155c98570_0;  alias, 1 drivers
v0x155c8e990_0 .net "data_in", 31 0, v0x155c831e0_0;  alias, 1 drivers
v0x155c8ea40_0 .net "data_out", 31 0, L_0x155c9b210;  alias, 1 drivers
v0x155c8eaf0_0 .net "enable", 0 0, L_0x155c9b6c0;  1 drivers
v0x155c8ebc0_0 .var "q", 31 0;
S_0x155c8ecf0 .scope module, "reg2" "register" 5 84, 23 1 0, S_0x155c266c0;
 .timescale -9 -11;
    .port_info 0 /INPUT 1 "clear";
    .port_info 1 /INPUT 1 "clock";
    .port_info 2 /INPUT 1 "enable";
    .port_info 3 /INPUT 32 "data_in";
    .port_info 4 /OUTPUT 32 "data_out";
P_0x155c8eeb0 .param/l "DATA_WIDTH" 0 23 1, +C4<00000000000000000000000000100000>;
P_0x155c8eef0 .param/l "INIT" 0 23 1, C4<00000000000000000000000000000000>;
L_0x155c9a420 .functor BUFZ 32, v0x155c8f3c0_0, C4<00000000000000000000000000000000>, C4<00000000000000000000000000000000>, C4<00000000000000000000000000000000>;
v0x155c8f060_0 .net "clear", 0 0, v0x155c984e0_0;  alias, 1 drivers
v0x155c8f0f0_0 .net "clock", 0 0, v0x155c98570_0;  alias, 1 drivers
v0x155c8f190_0 .net "data_in", 31 0, v0x155c831e0_0;  alias, 1 drivers
v0x155c8f240_0 .net "data_out", 31 0, L_0x155c9a420;  alias, 1 drivers
v0x155c8f2f0_0 .net "enable", 0 0, L_0x155c9a490;  1 drivers
v0x155c8f3c0_0 .var "q", 31 0;
S_0x155c8f4f0 .scope module, "reg3" "register" 5 92, 23 1 0, S_0x155c266c0;
 .timescale -9 -11;
    .port_info 0 /INPUT 1 "clear";
    .port_info 1 /INPUT 1 "clock";
    .port_info 2 /INPUT 1 "enable";
    .port_info 3 /INPUT 32 "data_in";
    .port_info 4 /OUTPUT 32 "data_out";
P_0x155c8f6b0 .param/l "DATA_WIDTH" 0 23 1, +C4<00000000000000000000000000100000>;
P_0x155c8f6f0 .param/l "INIT" 0 23 1, C4<00000000000000000000000000000000>;
L_0x155c9a5b0 .functor BUFZ 32, v0x155c83b10_0, C4<00000000000000000000000000000000>, C4<00000000000000000000000000000000>, C4<00000000000000000000000000000000>;
v0x155c8f860_0 .net "clear", 0 0, v0x155c984e0_0;  alias, 1 drivers
v0x155c8b770_0 .net "clock", 0 0, v0x155c98570_0;  alias, 1 drivers
v0x155c8b910_0 .net "data_in", 31 0, v0x155c831e0_0;  alias, 1 drivers
v0x155c839f0_0 .net "data_out", 31 0, L_0x155c9a5b0;  alias, 1 drivers
v0x155c83a80_0 .net "enable", 0 0, L_0x155c9a620;  1 drivers
v0x155c83b10_0 .var "q", 31 0;
S_0x155c8fcf0 .scope module, "reg4" "register" 5 100, 23 1 0, S_0x155c266c0;
 .timescale -9 -11;
    .port_info 0 /INPUT 1 "clear";
    .port_info 1 /INPUT 1 "clock";
    .port_info 2 /INPUT 1 "enable";
    .port_info 3 /INPUT 32 "data_in";
    .port_info 4 /OUTPUT 32 "data_out";
P_0x155c8feb0 .param/l "DATA_WIDTH" 0 23 1, +C4<00000000000000000000000000100000>;
P_0x155c8fef0 .param/l "INIT" 0 23 1, C4<00000000000000000000000000000000>;
L_0x155c9a6c0 .functor BUFZ 32, v0x155c903c0_0, C4<00000000000000000000000000000000>, C4<00000000000000000000000000000000>, C4<00000000000000000000000000000000>;
v0x155c90060_0 .net "clear", 0 0, v0x155c984e0_0;  alias, 1 drivers
v0x155c900f0_0 .net "clock", 0 0, v0x155c98570_0;  alias, 1 drivers
v0x155c90190_0 .net "data_in", 31 0, v0x155c831e0_0;  alias, 1 drivers
v0x155c90240_0 .net "data_out", 31 0, L_0x155c9a6c0;  alias, 1 drivers
v0x155c902f0_0 .net "enable", 0 0, L_0x155c9a730;  1 drivers
v0x155c903c0_0 .var "q", 31 0;
S_0x155c904f0 .scope module, "reg5" "register" 5 108, 23 1 0, S_0x155c266c0;
 .timescale -9 -11;
    .port_info 0 /INPUT 1 "clear";
    .port_info 1 /INPUT 1 "clock";
    .port_info 2 /INPUT 1 "enable";
    .port_info 3 /INPUT 32 "data_in";
    .port_info 4 /OUTPUT 32 "data_out";
P_0x155c906b0 .param/l "DATA_WIDTH" 0 23 1, +C4<00000000000000000000000000100000>;
P_0x155c906f0 .param/l "INIT" 0 23 1, C4<00000000000000000000000000000000>;
L_0x155c9a7d0 .functor BUFZ 32, v0x155c90bc0_0, C4<00000000000000000000000000000000>, C4<00000000000000000000000000000000>, C4<00000000000000000000000000000000>;
v0x155c90860_0 .net "clear", 0 0, v0x155c984e0_0;  alias, 1 drivers
v0x155c908f0_0 .net "clock", 0 0, v0x155c98570_0;  alias, 1 drivers
v0x155c90990_0 .net "data_in", 31 0, v0x155c831e0_0;  alias, 1 drivers
v0x155c90a40_0 .net "data_out", 31 0, L_0x155c9a7d0;  alias, 1 drivers
v0x155c90af0_0 .net "enable", 0 0, L_0x155c9a840;  1 drivers
v0x155c90bc0_0 .var "q", 31 0;
S_0x155c90cf0 .scope module, "reg6" "register" 5 116, 23 1 0, S_0x155c266c0;
 .timescale -9 -11;
    .port_info 0 /INPUT 1 "clear";
    .port_info 1 /INPUT 1 "clock";
    .port_info 2 /INPUT 1 "enable";
    .port_info 3 /INPUT 32 "data_in";
    .port_info 4 /OUTPUT 32 "data_out";
P_0x155c90eb0 .param/l "DATA_WIDTH" 0 23 1, +C4<00000000000000000000000000100000>;
P_0x155c90ef0 .param/l "INIT" 0 23 1, C4<00000000000000000000000000000000>;
L_0x155c9a8e0 .functor BUFZ 32, v0x155c913c0_0, C4<00000000000000000000000000000000>, C4<00000000000000000000000000000000>, C4<00000000000000000000000000000000>;
v0x155c91060_0 .net "clear", 0 0, v0x155c984e0_0;  alias, 1 drivers
v0x155c910f0_0 .net "clock", 0 0, v0x155c98570_0;  alias, 1 drivers
v0x155c91190_0 .net "data_in", 31 0, v0x155c831e0_0;  alias, 1 drivers
v0x155c91240_0 .net "data_out", 31 0, L_0x155c9a8e0;  alias, 1 drivers
v0x155c912f0_0 .net "enable", 0 0, L_0x155c9a950;  1 drivers
v0x155c913c0_0 .var "q", 31 0;
S_0x155c914f0 .scope module, "reg7" "register" 5 124, 23 1 0, S_0x155c266c0;
 .timescale -9 -11;
    .port_info 0 /INPUT 1 "clear";
    .port_info 1 /INPUT 1 "clock";
    .port_info 2 /INPUT 1 "enable";
    .port_info 3 /INPUT 32 "data_in";
    .port_info 4 /OUTPUT 32 "data_out";
P_0x155c916b0 .param/l "DATA_WIDTH" 0 23 1, +C4<00000000000000000000000000100000>;
P_0x155c916f0 .param/l "INIT" 0 23 1, C4<00000000000000000000000000000000>;
L_0x155c9a530 .functor BUFZ 32, v0x155c91bc0_0, C4<00000000000000000000000000000000>, C4<00000000000000000000000000000000>, C4<00000000000000000000000000000000>;
v0x155c91860_0 .net "clear", 0 0, v0x155c984e0_0;  alias, 1 drivers
v0x155c918f0_0 .net "clock", 0 0, v0x155c98570_0;  alias, 1 drivers
v0x155c91990_0 .net "data_in", 31 0, v0x155c831e0_0;  alias, 1 drivers
v0x155c91a40_0 .net "data_out", 31 0, L_0x155c9a530;  alias, 1 drivers
v0x155c91af0_0 .net "enable", 0 0, L_0x155c9aaf0;  1 drivers
v0x155c91bc0_0 .var "q", 31 0;
S_0x155c91cf0 .scope module, "reg8" "register" 5 132, 23 1 0, S_0x155c266c0;
 .timescale -9 -11;
    .port_info 0 /INPUT 1 "clear";
    .port_info 1 /INPUT 1 "clock";
    .port_info 2 /INPUT 1 "enable";
    .port_info 3 /INPUT 32 "data_in";
    .port_info 4 /OUTPUT 32 "data_out";
P_0x155c91eb0 .param/l "DATA_WIDTH" 0 23 1, +C4<00000000000000000000000000100000>;
P_0x155c91ef0 .param/l "INIT" 0 23 1, C4<00000000000000000000000000000000>;
L_0x155c9ab90 .functor BUFZ 32, v0x155c923c0_0, C4<00000000000000000000000000000000>, C4<00000000000000000000000000000000>, C4<00000000000000000000000000000000>;
v0x155c92060_0 .net "clear", 0 0, v0x155c984e0_0;  alias, 1 drivers
v0x155c920f0_0 .net "clock", 0 0, v0x155c98570_0;  alias, 1 drivers
v0x155c92190_0 .net "data_in", 31 0, v0x155c831e0_0;  alias, 1 drivers
v0x155c92240_0 .net "data_out", 31 0, L_0x155c9ab90;  alias, 1 drivers
v0x155c922f0_0 .net "enable", 0 0, L_0x155c9ac00;  1 drivers
v0x155c923c0_0 .var "q", 31 0;
S_0x155c924f0 .scope module, "reg9" "register" 5 140, 23 1 0, S_0x155c266c0;
 .timescale -9 -11;
    .port_info 0 /INPUT 1 "clear";
    .port_info 1 /INPUT 1 "clock";
    .port_info 2 /INPUT 1 "enable";
    .port_info 3 /INPUT 32 "data_in";
    .port_info 4 /OUTPUT 32 "data_out";
P_0x155c926b0 .param/l "DATA_WIDTH" 0 23 1, +C4<00000000000000000000000000100000>;
P_0x155c926f0 .param/l "INIT" 0 23 1, C4<00000000000000000000000000000000>;
L_0x155c9acf0 .functor BUFZ 32, v0x155c92bc0_0, C4<00000000000000000000000000000000>, C4<00000000000000000000000000000000>, C4<00000000000000000000000000000000>;
v0x155c92860_0 .net "clear", 0 0, v0x155c984e0_0;  alias, 1 drivers
v0x155c928f0_0 .net "clock", 0 0, v0x155c98570_0;  alias, 1 drivers
v0x155c92990_0 .net "data_in", 31 0, v0x155c831e0_0;  alias, 1 drivers
v0x155c92a40_0 .net "data_out", 31 0, L_0x155c9acf0;  alias, 1 drivers
v0x155c92af0_0 .net "enable", 0 0, L_0x155c9ad80;  1 drivers
v0x155c92bc0_0 .var "q", 31 0;
S_0x155c92cf0 .scope module, "select_encode" "Select_Encode" 5 29, 29 1 0, S_0x155c266c0;
 .timescale -9 -11;
    .port_info 0 /INPUT 32 "IR";
    .port_info 1 /INPUT 1 "Gra";
    .port_info 2 /INPUT 1 "Grb";
    .port_info 3 /INPUT 1 "Grc";
    .port_info 4 /INPUT 1 "Rin";
    .port_info 5 /INPUT 1 "Rout";
    .port_info 6 /INPUT 1 "BAout";
    .port_info 7 /INPUT 1 "Cout";
    .port_info 8 /OUTPUT 16 "Rin_out";
    .port_info 9 /OUTPUT 16 "Rout_out";
    .port_info 10 /OUTPUT 32 "C_sign_extended";
P_0x155c92eb0 .param/l "DATA_WIDTH" 0 29 1, +C4<00000000000000000000000000100000>;
v0x155c931b0_0 .net "BAout", 0 0, v0x155c269b0_0;  alias, 1 drivers
v0x155c93260_0 .var "C_sign_extended", 31 0;
v0x155c932f0_0 .net "Cout", 0 0, v0x155c98640_0;  alias, 1 drivers
v0x155c93380_0 .net "Gra", 0 0, v0x155c986d0_0;  alias, 1 drivers
v0x155c93410_0 .net "Grb", 0 0, v0x155c987a0_0;  alias, 1 drivers
v0x155c934e0_0 .net "Grc", 0 0, v0x155c98870_0;  alias, 1 drivers
v0x155c93570_0 .net "IR", 31 0, L_0x155c9b800;  alias, 1 drivers
v0x155c93640_0 .net "Rin", 0 0, v0x155c99820_0;  alias, 1 drivers
v0x155c936d0_0 .var "Rin_out", 15 0;
v0x155c937e0_0 .net "Rout", 0 0, v0x155c998f0_0;  alias, 1 drivers
v0x155c93870_0 .var "Rout_out", 15 0;
v0x155c93900_0 .var "reg_to_enable", 3 0;
E_0x155c93120/0 .event anyedge, v0x155c83ec0_0, v0x155c93380_0, v0x155c93410_0, v0x155c81080_0;
E_0x155c93120/1 .event anyedge, v0x155c93640_0, v0x155c93900_0, v0x155c8ae00_0, v0x155c937e0_0;
E_0x155c93120/2 .event anyedge, v0x155c934e0_0;
E_0x155c93120 .event/or E_0x155c93120/0, E_0x155c93120/1, E_0x155c93120/2;
S_0x155c93ac0 .scope module, "y_register" "register" 5 258, 23 1 0, S_0x155c266c0;
 .timescale -9 -11;
    .port_info 0 /INPUT 1 "clear";
    .port_info 1 /INPUT 1 "clock";
    .port_info 2 /INPUT 1 "enable";
    .port_info 3 /INPUT 32 "data_in";
    .port_info 4 /OUTPUT 32 "data_out";
P_0x155c93c80 .param/l "DATA_WIDTH" 0 23 1, +C4<00000000000000000000000000100000>;
P_0x155c93cc0 .param/l "INIT" 0 23 1, C4<00000000000000000000000000000000>;
v0x155c93dd0_0 .net "clear", 0 0, v0x155c984e0_0;  alias, 1 drivers
v0x155c93e70_0 .net "clock", 0 0, v0x155c98570_0;  alias, 1 drivers
v0x155c93f10_0 .net "data_in", 31 0, v0x155c831e0_0;  alias, 1 drivers
v0x155c93fc0_0 .net "data_out", 31 0, v0x155c94220_0;  alias, 1 drivers
v0x155c94150_0 .net "enable", 0 0, v0x155c99a50_0;  alias, 1 drivers
v0x155c94220_0 .var "q", 31 0;
S_0x155c942c0 .scope module, "z_high_register" "register" 5 223, 23 1 0, S_0x155c266c0;
 .timescale -9 -11;
    .port_info 0 /INPUT 1 "clear";
    .port_info 1 /INPUT 1 "clock";
    .port_info 2 /INPUT 1 "enable";
    .port_info 3 /INPUT 32 "data_in";
    .port_info 4 /OUTPUT 32 "data_out";
P_0x155c94480 .param/l "DATA_WIDTH" 0 23 1, +C4<00000000000000000000000000100000>;
P_0x155c944c0 .param/l "INIT" 0 23 1, C4<00000000000000000000000000000000>;
L_0x155c9bad0 .functor BUFZ 32, v0x155c949c0_0, C4<00000000000000000000000000000000>, C4<00000000000000000000000000000000>, C4<00000000000000000000000000000000>;
v0x155c94650_0 .net "clear", 0 0, v0x155c984e0_0;  alias, 1 drivers
v0x155c946e0_0 .net "clock", 0 0, v0x155c98570_0;  alias, 1 drivers
v0x155c94780_0 .net "data_in", 31 0, L_0x155c9bb40;  1 drivers
v0x155c94830_0 .net "data_out", 31 0, L_0x155c9bad0;  alias, 1 drivers
v0x155c948f0_0 .net "enable", 0 0, v0x155c99bb0_0;  alias, 1 drivers
v0x155c949c0_0 .var "q", 31 0;
S_0x155c94af0 .scope module, "z_low_register" "register" 5 215, 23 1 0, S_0x155c266c0;
 .timescale -9 -11;
    .port_info 0 /INPUT 1 "clear";
    .port_info 1 /INPUT 1 "clock";
    .port_info 2 /INPUT 1 "enable";
    .port_info 3 /INPUT 32 "data_in";
    .port_info 4 /OUTPUT 32 "data_out";
P_0x155c94cb0 .param/l "DATA_WIDTH" 0 23 1, +C4<00000000000000000000000000100000>;
P_0x155c94cf0 .param/l "INIT" 0 23 1, C4<00000000000000000000000000000000>;
L_0x155c9b8f0 .functor BUFZ 32, v0x155c951d0_0, C4<00000000000000000000000000000000>, C4<00000000000000000000000000000000>, C4<00000000000000000000000000000000>;
v0x155c94e60_0 .net "clear", 0 0, v0x155c984e0_0;  alias, 1 drivers
v0x155c94ef0_0 .net "clock", 0 0, v0x155c98570_0;  alias, 1 drivers
v0x155c94f90_0 .net "data_in", 31 0, L_0x155c9b960;  1 drivers
v0x155c95040_0 .net "data_out", 31 0, L_0x155c9b8f0;  alias, 1 drivers
v0x155c95100_0 .net "enable", 0 0, v0x155c99bb0_0;  alias, 1 drivers
v0x155c951d0_0 .var "q", 31 0;
    .scope S_0x155c06ec0;
T_0 ;
    %pushi/vec4 0, 0, 32;
    %store/vec4 v0x155c26040_0, 0, 32;
    %end;
    .thread T_0;
    .scope S_0x155c06ec0;
T_1 ;
    %wait E_0x155c0c5f0;
    %load/vec4 v0x155c0c630_0;
    %flag_set/vec4 8;
    %jmp/0xz  T_1.0, 8;
    %pushi/vec4 0, 0, 32;
    %assign/vec4 v0x155c26040_0, 0;
    %jmp T_1.1;
T_1.0 ;
    %load/vec4 v0x155c25ef0_0;
    %assign/vec4 v0x155c26040_0, 0;
T_1.1 ;
    %jmp T_1;
    .thread T_1;
    .scope S_0x155c042f0;
T_2 ;
    %pushi/vec4 0, 0, 32;
    %store/vec4 v0x155c26550_0, 0, 32;
    %end;
    .thread T_2;
    .scope S_0x155c042f0;
T_3 ;
    %wait E_0x155c26170;
    %load/vec4 v0x155c261d0_0;
    %flag_set/vec4 8;
    %jmp/0xz  T_3.0, 8;
    %pushi/vec4 0, 0, 32;
    %assign/vec4 v0x155c26550_0, 0;
    %jmp T_3.1;
T_3.0 ;
    %load/vec4 v0x155c26470_0;
    %flag_set/vec4 8;
    %jmp/0xz  T_3.2, 8;
    %load/vec4 v0x155c26320_0;
    %assign/vec4 v0x155c26550_0, 0;
T_3.2 ;
T_3.1 ;
    %jmp T_3;
    .thread T_3;
    .scope S_0x155c92cf0;
T_4 ;
    %wait E_0x155c93120;
    %pushi/vec4 0, 0, 16;
    %store/vec4 v0x155c936d0_0, 0, 16;
    %pushi/vec4 0, 0, 16;
    %store/vec4 v0x155c93870_0, 0, 16;
    %pushi/vec4 0, 0, 4;
    %store/vec4 v0x155c93900_0, 0, 4;
    %pushi/vec4 0, 0, 32;
    %store/vec4 v0x155c93260_0, 0, 32;
    %load/vec4 v0x155c93570_0;
    %parti/s 5, 27, 6;
    %dup/vec4;
    %pushi/vec4 0, 0, 5;
    %cmp/u;
    %jmp/1 T_4.0, 6;
    %dup/vec4;
    %pushi/vec4 1, 0, 5;
    %cmp/u;
    %jmp/1 T_4.1, 6;
    %dup/vec4;
    %pushi/vec4 2, 0, 5;
    %cmp/u;
    %jmp/1 T_4.2, 6;
    %dup/vec4;
    %pushi/vec4 3, 0, 5;
    %cmp/u;
    %jmp/1 T_4.3, 6;
    %dup/vec4;
    %pushi/vec4 4, 0, 5;
    %cmp/u;
    %jmp/1 T_4.4, 6;
    %dup/vec4;
    %pushi/vec4 5, 0, 5;
    %cmp/u;
    %jmp/1 T_4.5, 6;
    %dup/vec4;
    %pushi/vec4 6, 0, 5;
    %cmp/u;
    %jmp/1 T_4.6, 6;
    %dup/vec4;
    %pushi/vec4 7, 0, 5;
    %cmp/u;
    %jmp/1 T_4.7, 6;
    %dup/vec4;
    %pushi/vec4 8, 0, 5;
    %cmp/u;
    %jmp/1 T_4.8, 6;
    %dup/vec4;
    %pushi/vec4 9, 0, 5;
    %cmp/u;
    %jmp/1 T_4.9, 6;
    %dup/vec4;
    %pushi/vec4 10, 0, 5;
    %cmp/u;
    %jmp/1 T_4.10, 6;
    %dup/vec4;
    %pushi/vec4 11, 0, 5;
    %cmp/u;
    %jmp/1 T_4.11, 6;
    %dup/vec4;
    %pushi/vec4 12, 0, 5;
    %cmp/u;
    %jmp/1 T_4.12, 6;
    %dup/vec4;
    %pushi/vec4 13, 0, 5;
    %cmp/u;
    %jmp/1 T_4.13, 6;
    %dup/vec4;
    %pushi/vec4 14, 0, 5;
    %cmp/u;
    %jmp/1 T_4.14, 6;
    %dup/vec4;
    %pushi/vec4 15, 0, 5;
    %cmp/u;
    %jmp/1 T_4.15, 6;
    %dup/vec4;
    %pushi/vec4 16, 0, 5;
    %cmp/u;
    %jmp/1 T_4.16, 6;
    %dup/vec4;
    %pushi/vec4 17, 0, 5;
    %cmp/u;
    %jmp/1 T_4.17, 6;
    %dup/vec4;
    %pushi/vec4 18, 0, 5;
    %cmp/u;
    %jmp/1 T_4.18, 6;
    %dup/vec4;
    %pushi/vec4 19, 0, 5;
    %cmp/u;
    %jmp/1 T_4.19, 6;
    %dup/vec4;
    %pushi/vec4 20, 0, 5;
    %cmp/u;
    %jmp/1 T_4.20, 6;
    %dup/vec4;
    %pushi/vec4 21, 0, 5;
    %cmp/u;
    %jmp/1 T_4.21, 6;
    %dup/vec4;
    %pushi/vec4 22, 0, 5;
    %cmp/u;
    %jmp/1 T_4.22, 6;
    %dup/vec4;
    %pushi/vec4 23, 0, 5;
    %cmp/u;
    %jmp/1 T_4.23, 6;
    %dup/vec4;
    %pushi/vec4 24, 0, 5;
    %cmp/u;
    %jmp/1 T_4.24, 6;
    %dup/vec4;
    %pushi/vec4 25, 0, 5;
    %cmp/u;
    %jmp/1 T_4.25, 6;
    %pushi/vec4 0, 0, 4;
    %store/vec4 v0x155c93900_0, 0, 4;
    %jmp T_4.27;
T_4.0 ;
    %load/vec4 v0x155c93380_0;
    %flag_set/vec4 8;
    %jmp/0xz  T_4.28, 8;
    %load/vec4 v0x155c93570_0;
    %parti/s 4, 23, 6;
    %store/vec4 v0x155c93900_0, 0, 4;
T_4.28 ;
    %load/vec4 v0x155c93410_0;
    %flag_set/vec4 8;
    %jmp/0xz  T_4.30, 8;
    %load/vec4 v0x155c93570_0;
    %parti/s 4, 19, 6;
    %store/vec4 v0x155c93900_0, 0, 4;
T_4.30 ;
    %load/vec4 v0x155c932f0_0;
    %flag_set/vec4 8;
    %jmp/0xz  T_4.32, 8;
    %load/vec4 v0x155c93570_0;
    %parti/s 1, 18, 6;
    %replicate 13;
    %load/vec4 v0x155c93570_0;
    %parti/s 19, 0, 2;
    %concat/vec4; draw_concat_vec4
    %store/vec4 v0x155c93260_0, 0, 32;
T_4.32 ;
    %load/vec4 v0x155c93640_0;
    %flag_set/vec4 8;
    %jmp/0xz  T_4.34, 8;
    %pushi/vec4 1, 0, 16;
    %ix/getv 4, v0x155c93900_0;
    %shiftl 4;
    %store/vec4 v0x155c936d0_0, 0, 16;
T_4.34 ;
    %load/vec4 v0x155c931b0_0;
    %flag_set/vec4 8;
    %jmp/0xz  T_4.36, 8;
    %load/vec4 v0x155c93570_0;
    %parti/s 4, 19, 6;
    %cmpi/e 0, 0, 4;
    %jmp/0xz  T_4.38, 4;
    %pushi/vec4 1, 0, 16;
    %store/vec4 v0x155c93870_0, 0, 16;
    %jmp T_4.39;
T_4.38 ;
    %pushi/vec4 1, 0, 16;
    %load/vec4 v0x155c93570_0;
    %parti/s 4, 19, 6;
    %ix/vec4 4;
    %shiftl 4;
    %store/vec4 v0x155c93870_0, 0, 16;
T_4.39 ;
    %jmp T_4.37;
T_4.36 ;
    %load/vec4 v0x155c937e0_0;
    %flag_set/vec4 8;
    %jmp/0xz  T_4.40, 8;
    %pushi/vec4 1, 0, 16;
    %ix/getv 4, v0x155c93900_0;
    %shiftl 4;
    %store/vec4 v0x155c93870_0, 0, 16;
T_4.40 ;
T_4.37 ;
    %jmp T_4.27;
T_4.1 ;
    %load/vec4 v0x155c93380_0;
    %flag_set/vec4 8;
    %jmp/0xz  T_4.42, 8;
    %load/vec4 v0x155c93570_0;
    %parti/s 4, 23, 6;
    %store/vec4 v0x155c93900_0, 0, 4;
T_4.42 ;
    %load/vec4 v0x155c93410_0;
    %flag_set/vec4 8;
    %jmp/0xz  T_4.44, 8;
    %load/vec4 v0x155c93570_0;
    %parti/s 4, 19, 6;
    %store/vec4 v0x155c93900_0, 0, 4;
T_4.44 ;
    %load/vec4 v0x155c932f0_0;
    %flag_set/vec4 8;
    %jmp/0xz  T_4.46, 8;
    %load/vec4 v0x155c93570_0;
    %parti/s 1, 18, 6;
    %replicate 13;
    %load/vec4 v0x155c93570_0;
    %parti/s 19, 0, 2;
    %concat/vec4; draw_concat_vec4
    %store/vec4 v0x155c93260_0, 0, 32;
T_4.46 ;
    %load/vec4 v0x155c93640_0;
    %flag_set/vec4 8;
    %jmp/0xz  T_4.48, 8;
    %pushi/vec4 1, 0, 16;
    %ix/getv 4, v0x155c93900_0;
    %shiftl 4;
    %store/vec4 v0x155c936d0_0, 0, 16;
T_4.48 ;
    %load/vec4 v0x155c931b0_0;
    %flag_set/vec4 8;
    %jmp/0xz  T_4.50, 8;
    %load/vec4 v0x155c93570_0;
    %parti/s 4, 19, 6;
    %cmpi/e 0, 0, 4;
    %jmp/0xz  T_4.52, 4;
    %pushi/vec4 1, 0, 16;
    %store/vec4 v0x155c93870_0, 0, 16;
    %jmp T_4.53;
T_4.52 ;
    %pushi/vec4 1, 0, 16;
    %load/vec4 v0x155c93570_0;
    %parti/s 4, 19, 6;
    %ix/vec4 4;
    %shiftl 4;
    %store/vec4 v0x155c93870_0, 0, 16;
T_4.53 ;
    %jmp T_4.51;
T_4.50 ;
    %load/vec4 v0x155c937e0_0;
    %flag_set/vec4 8;
    %jmp/0xz  T_4.54, 8;
    %pushi/vec4 1, 0, 16;
    %ix/getv 4, v0x155c93900_0;
    %shiftl 4;
    %store/vec4 v0x155c93870_0, 0, 16;
T_4.54 ;
T_4.51 ;
    %jmp T_4.27;
T_4.2 ;
    %load/vec4 v0x155c93380_0;
    %flag_set/vec4 8;
    %jmp/0xz  T_4.56, 8;
    %load/vec4 v0x155c93570_0;
    %parti/s 4, 23, 6;
    %store/vec4 v0x155c93900_0, 0, 4;
T_4.56 ;
    %load/vec4 v0x155c93410_0;
    %flag_set/vec4 8;
    %jmp/0xz  T_4.58, 8;
    %load/vec4 v0x155c93570_0;
    %parti/s 4, 19, 6;
    %store/vec4 v0x155c93900_0, 0, 4;
T_4.58 ;
    %load/vec4 v0x155c932f0_0;
    %flag_set/vec4 8;
    %jmp/0xz  T_4.60, 8;
    %load/vec4 v0x155c93570_0;
    %parti/s 1, 18, 6;
    %replicate 13;
    %load/vec4 v0x155c93570_0;
    %parti/s 19, 0, 2;
    %concat/vec4; draw_concat_vec4
    %store/vec4 v0x155c93260_0, 0, 32;
T_4.60 ;
    %load/vec4 v0x155c93640_0;
    %flag_set/vec4 8;
    %jmp/0xz  T_4.62, 8;
    %pushi/vec4 1, 0, 16;
    %ix/getv 4, v0x155c93900_0;
    %shiftl 4;
    %store/vec4 v0x155c936d0_0, 0, 16;
T_4.62 ;
    %load/vec4 v0x155c931b0_0;
    %flag_set/vec4 8;
    %jmp/0xz  T_4.64, 8;
    %load/vec4 v0x155c93570_0;
    %parti/s 4, 19, 6;
    %cmpi/e 0, 0, 4;
    %jmp/0xz  T_4.66, 4;
    %pushi/vec4 1, 0, 16;
    %store/vec4 v0x155c93870_0, 0, 16;
    %jmp T_4.67;
T_4.66 ;
    %pushi/vec4 1, 0, 16;
    %load/vec4 v0x155c93570_0;
    %parti/s 4, 19, 6;
    %ix/vec4 4;
    %shiftl 4;
    %store/vec4 v0x155c93870_0, 0, 16;
T_4.67 ;
    %jmp T_4.65;
T_4.64 ;
    %load/vec4 v0x155c937e0_0;
    %flag_set/vec4 8;
    %jmp/0xz  T_4.68, 8;
    %pushi/vec4 1, 0, 16;
    %ix/getv 4, v0x155c93900_0;
    %shiftl 4;
    %store/vec4 v0x155c93870_0, 0, 16;
T_4.68 ;
T_4.65 ;
    %jmp T_4.27;
T_4.3 ;
    %load/vec4 v0x155c93380_0;
    %flag_set/vec4 8;
    %jmp/0xz  T_4.70, 8;
    %load/vec4 v0x155c93570_0;
    %parti/s 4, 23, 6;
    %store/vec4 v0x155c93900_0, 0, 4;
T_4.70 ;
    %load/vec4 v0x155c93410_0;
    %flag_set/vec4 8;
    %jmp/0xz  T_4.72, 8;
    %load/vec4 v0x155c93570_0;
    %parti/s 4, 19, 6;
    %store/vec4 v0x155c93900_0, 0, 4;
T_4.72 ;
    %load/vec4 v0x155c934e0_0;
    %flag_set/vec4 8;
    %jmp/0xz  T_4.74, 8;
    %load/vec4 v0x155c93570_0;
    %parti/s 4, 15, 5;
    %store/vec4 v0x155c93900_0, 0, 4;
T_4.74 ;
    %load/vec4 v0x155c93640_0;
    %flag_set/vec4 8;
    %jmp/0xz  T_4.76, 8;
    %pushi/vec4 1, 0, 16;
    %ix/getv 4, v0x155c93900_0;
    %shiftl 4;
    %store/vec4 v0x155c936d0_0, 0, 16;
T_4.76 ;
    %load/vec4 v0x155c937e0_0;
    %flag_set/vec4 8;
    %jmp/0xz  T_4.78, 8;
    %pushi/vec4 1, 0, 16;
    %ix/getv 4, v0x155c93900_0;
    %shiftl 4;
    %store/vec4 v0x155c93870_0, 0, 16;
T_4.78 ;
    %jmp T_4.27;
T_4.4 ;
    %load/vec4 v0x155c93380_0;
    %flag_set/vec4 8;
    %jmp/0xz  T_4.80, 8;
    %load/vec4 v0x155c93570_0;
    %parti/s 4, 23, 6;
    %store/vec4 v0x155c93900_0, 0, 4;
T_4.80 ;
    %load/vec4 v0x155c93410_0;
    %flag_set/vec4 8;
    %jmp/0xz  T_4.82, 8;
    %load/vec4 v0x155c93570_0;
    %parti/s 4, 19, 6;
    %store/vec4 v0x155c93900_0, 0, 4;
T_4.82 ;
    %load/vec4 v0x155c934e0_0;
    %flag_set/vec4 8;
    %jmp/0xz  T_4.84, 8;
    %load/vec4 v0x155c93570_0;
    %parti/s 4, 15, 5;
    %store/vec4 v0x155c93900_0, 0, 4;
T_4.84 ;
    %load/vec4 v0x155c93640_0;
    %flag_set/vec4 8;
    %jmp/0xz  T_4.86, 8;
    %pushi/vec4 1, 0, 16;
    %ix/getv 4, v0x155c93900_0;
    %shiftl 4;
    %store/vec4 v0x155c936d0_0, 0, 16;
T_4.86 ;
    %load/vec4 v0x155c937e0_0;
    %flag_set/vec4 8;
    %jmp/0xz  T_4.88, 8;
    %pushi/vec4 1, 0, 16;
    %ix/getv 4, v0x155c93900_0;
    %shiftl 4;
    %store/vec4 v0x155c93870_0, 0, 16;
T_4.88 ;
    %jmp T_4.27;
T_4.5 ;
    %load/vec4 v0x155c93380_0;
    %flag_set/vec4 8;
    %jmp/0xz  T_4.90, 8;
    %load/vec4 v0x155c93570_0;
    %parti/s 4, 23, 6;
    %store/vec4 v0x155c93900_0, 0, 4;
T_4.90 ;
    %load/vec4 v0x155c93410_0;
    %flag_set/vec4 8;
    %jmp/0xz  T_4.92, 8;
    %load/vec4 v0x155c93570_0;
    %parti/s 4, 19, 6;
    %store/vec4 v0x155c93900_0, 0, 4;
T_4.92 ;
    %load/vec4 v0x155c934e0_0;
    %flag_set/vec4 8;
    %jmp/0xz  T_4.94, 8;
    %load/vec4 v0x155c93570_0;
    %parti/s 4, 15, 5;
    %store/vec4 v0x155c93900_0, 0, 4;
T_4.94 ;
    %load/vec4 v0x155c93640_0;
    %flag_set/vec4 8;
    %jmp/0xz  T_4.96, 8;
    %pushi/vec4 1, 0, 16;
    %ix/getv 4, v0x155c93900_0;
    %shiftl 4;
    %store/vec4 v0x155c936d0_0, 0, 16;
T_4.96 ;
    %load/vec4 v0x155c937e0_0;
    %flag_set/vec4 8;
    %jmp/0xz  T_4.98, 8;
    %pushi/vec4 1, 0, 16;
    %ix/getv 4, v0x155c93900_0;
    %shiftl 4;
    %store/vec4 v0x155c93870_0, 0, 16;
T_4.98 ;
    %jmp T_4.27;
T_4.6 ;
    %load/vec4 v0x155c93380_0;
    %flag_set/vec4 8;
    %jmp/0xz  T_4.100, 8;
    %load/vec4 v0x155c93570_0;
    %parti/s 4, 23, 6;
    %store/vec4 v0x155c93900_0, 0, 4;
T_4.100 ;
    %load/vec4 v0x155c93410_0;
    %flag_set/vec4 8;
    %jmp/0xz  T_4.102, 8;
    %load/vec4 v0x155c93570_0;
    %parti/s 4, 19, 6;
    %store/vec4 v0x155c93900_0, 0, 4;
T_4.102 ;
    %load/vec4 v0x155c934e0_0;
    %flag_set/vec4 8;
    %jmp/0xz  T_4.104, 8;
    %load/vec4 v0x155c93570_0;
    %parti/s 4, 15, 5;
    %store/vec4 v0x155c93900_0, 0, 4;
T_4.104 ;
    %load/vec4 v0x155c93640_0;
    %flag_set/vec4 8;
    %jmp/0xz  T_4.106, 8;
    %pushi/vec4 1, 0, 16;
    %ix/getv 4, v0x155c93900_0;
    %shiftl 4;
    %store/vec4 v0x155c936d0_0, 0, 16;
T_4.106 ;
    %load/vec4 v0x155c937e0_0;
    %flag_set/vec4 8;
    %jmp/0xz  T_4.108, 8;
    %pushi/vec4 1, 0, 16;
    %ix/getv 4, v0x155c93900_0;
    %shiftl 4;
    %store/vec4 v0x155c93870_0, 0, 16;
T_4.108 ;
    %jmp T_4.27;
T_4.7 ;
    %load/vec4 v0x155c93380_0;
    %flag_set/vec4 8;
    %jmp/0xz  T_4.110, 8;
    %load/vec4 v0x155c93570_0;
    %parti/s 4, 23, 6;
    %store/vec4 v0x155c93900_0, 0, 4;
T_4.110 ;
    %load/vec4 v0x155c93410_0;
    %flag_set/vec4 8;
    %jmp/0xz  T_4.112, 8;
    %load/vec4 v0x155c93570_0;
    %parti/s 4, 19, 6;
    %store/vec4 v0x155c93900_0, 0, 4;
T_4.112 ;
    %load/vec4 v0x155c934e0_0;
    %flag_set/vec4 8;
    %jmp/0xz  T_4.114, 8;
    %load/vec4 v0x155c93570_0;
    %parti/s 4, 15, 5;
    %store/vec4 v0x155c93900_0, 0, 4;
T_4.114 ;
    %load/vec4 v0x155c93640_0;
    %flag_set/vec4 8;
    %jmp/0xz  T_4.116, 8;
    %pushi/vec4 1, 0, 16;
    %ix/getv 4, v0x155c93900_0;
    %shiftl 4;
    %store/vec4 v0x155c936d0_0, 0, 16;
T_4.116 ;
    %load/vec4 v0x155c937e0_0;
    %flag_set/vec4 8;
    %jmp/0xz  T_4.118, 8;
    %pushi/vec4 1, 0, 16;
    %ix/getv 4, v0x155c93900_0;
    %shiftl 4;
    %store/vec4 v0x155c93870_0, 0, 16;
T_4.118 ;
    %jmp T_4.27;
T_4.8 ;
    %load/vec4 v0x155c93380_0;
    %flag_set/vec4 8;
    %jmp/0xz  T_4.120, 8;
    %load/vec4 v0x155c93570_0;
    %parti/s 4, 23, 6;
    %store/vec4 v0x155c93900_0, 0, 4;
T_4.120 ;
    %load/vec4 v0x155c93410_0;
    %flag_set/vec4 8;
    %jmp/0xz  T_4.122, 8;
    %load/vec4 v0x155c93570_0;
    %parti/s 4, 19, 6;
    %store/vec4 v0x155c93900_0, 0, 4;
T_4.122 ;
    %load/vec4 v0x155c934e0_0;
    %flag_set/vec4 8;
    %jmp/0xz  T_4.124, 8;
    %load/vec4 v0x155c93570_0;
    %parti/s 4, 15, 5;
    %store/vec4 v0x155c93900_0, 0, 4;
T_4.124 ;
    %load/vec4 v0x155c93640_0;
    %flag_set/vec4 8;
    %jmp/0xz  T_4.126, 8;
    %pushi/vec4 1, 0, 16;
    %ix/getv 4, v0x155c93900_0;
    %shiftl 4;
    %store/vec4 v0x155c936d0_0, 0, 16;
T_4.126 ;
    %load/vec4 v0x155c937e0_0;
    %flag_set/vec4 8;
    %jmp/0xz  T_4.128, 8;
    %pushi/vec4 1, 0, 16;
    %ix/getv 4, v0x155c93900_0;
    %shiftl 4;
    %store/vec4 v0x155c93870_0, 0, 16;
T_4.128 ;
    %jmp T_4.27;
T_4.9 ;
    %load/vec4 v0x155c93380_0;
    %flag_set/vec4 8;
    %jmp/0xz  T_4.130, 8;
    %load/vec4 v0x155c93570_0;
    %parti/s 4, 23, 6;
    %store/vec4 v0x155c93900_0, 0, 4;
T_4.130 ;
    %load/vec4 v0x155c93410_0;
    %flag_set/vec4 8;
    %jmp/0xz  T_4.132, 8;
    %load/vec4 v0x155c93570_0;
    %parti/s 4, 19, 6;
    %store/vec4 v0x155c93900_0, 0, 4;
T_4.132 ;
    %load/vec4 v0x155c934e0_0;
    %flag_set/vec4 8;
    %jmp/0xz  T_4.134, 8;
    %load/vec4 v0x155c93570_0;
    %parti/s 4, 15, 5;
    %store/vec4 v0x155c93900_0, 0, 4;
T_4.134 ;
    %load/vec4 v0x155c93640_0;
    %flag_set/vec4 8;
    %jmp/0xz  T_4.136, 8;
    %pushi/vec4 1, 0, 16;
    %ix/getv 4, v0x155c93900_0;
    %shiftl 4;
    %store/vec4 v0x155c936d0_0, 0, 16;
T_4.136 ;
    %load/vec4 v0x155c937e0_0;
    %flag_set/vec4 8;
    %jmp/0xz  T_4.138, 8;
    %pushi/vec4 1, 0, 16;
    %ix/getv 4, v0x155c93900_0;
    %shiftl 4;
    %store/vec4 v0x155c93870_0, 0, 16;
T_4.138 ;
    %jmp T_4.27;
T_4.10 ;
    %load/vec4 v0x155c93380_0;
    %flag_set/vec4 8;
    %jmp/0xz  T_4.140, 8;
    %load/vec4 v0x155c93570_0;
    %parti/s 4, 23, 6;
    %store/vec4 v0x155c93900_0, 0, 4;
T_4.140 ;
    %load/vec4 v0x155c93410_0;
    %flag_set/vec4 8;
    %jmp/0xz  T_4.142, 8;
    %load/vec4 v0x155c93570_0;
    %parti/s 4, 19, 6;
    %store/vec4 v0x155c93900_0, 0, 4;
T_4.142 ;
    %load/vec4 v0x155c934e0_0;
    %flag_set/vec4 8;
    %jmp/0xz  T_4.144, 8;
    %load/vec4 v0x155c93570_0;
    %parti/s 4, 15, 5;
    %store/vec4 v0x155c93900_0, 0, 4;
T_4.144 ;
    %load/vec4 v0x155c93640_0;
    %flag_set/vec4 8;
    %jmp/0xz  T_4.146, 8;
    %pushi/vec4 1, 0, 16;
    %ix/getv 4, v0x155c93900_0;
    %shiftl 4;
    %store/vec4 v0x155c936d0_0, 0, 16;
T_4.146 ;
    %load/vec4 v0x155c937e0_0;
    %flag_set/vec4 8;
    %jmp/0xz  T_4.148, 8;
    %pushi/vec4 1, 0, 16;
    %ix/getv 4, v0x155c93900_0;
    %shiftl 4;
    %store/vec4 v0x155c93870_0, 0, 16;
T_4.148 ;
    %jmp T_4.27;
T_4.11 ;
    %load/vec4 v0x155c93380_0;
    %flag_set/vec4 8;
    %jmp/0xz  T_4.150, 8;
    %load/vec4 v0x155c93570_0;
    %parti/s 4, 23, 6;
    %store/vec4 v0x155c93900_0, 0, 4;
T_4.150 ;
    %load/vec4 v0x155c93410_0;
    %flag_set/vec4 8;
    %jmp/0xz  T_4.152, 8;
    %load/vec4 v0x155c93570_0;
    %parti/s 4, 19, 6;
    %store/vec4 v0x155c93900_0, 0, 4;
T_4.152 ;
    %load/vec4 v0x155c934e0_0;
    %flag_set/vec4 8;
    %jmp/0xz  T_4.154, 8;
    %load/vec4 v0x155c93570_0;
    %parti/s 4, 15, 5;
    %store/vec4 v0x155c93900_0, 0, 4;
T_4.154 ;
    %load/vec4 v0x155c93640_0;
    %flag_set/vec4 8;
    %jmp/0xz  T_4.156, 8;
    %pushi/vec4 1, 0, 16;
    %ix/getv 4, v0x155c93900_0;
    %shiftl 4;
    %store/vec4 v0x155c936d0_0, 0, 16;
T_4.156 ;
    %load/vec4 v0x155c937e0_0;
    %flag_set/vec4 8;
    %jmp/0xz  T_4.158, 8;
    %pushi/vec4 1, 0, 16;
    %ix/getv 4, v0x155c93900_0;
    %shiftl 4;
    %store/vec4 v0x155c93870_0, 0, 16;
T_4.158 ;
    %jmp T_4.27;
T_4.12 ;
    %load/vec4 v0x155c93380_0;
    %flag_set/vec4 8;
    %jmp/0xz  T_4.160, 8;
    %load/vec4 v0x155c93570_0;
    %parti/s 4, 23, 6;
    %store/vec4 v0x155c93900_0, 0, 4;
T_4.160 ;
    %load/vec4 v0x155c93410_0;
    %flag_set/vec4 8;
    %jmp/0xz  T_4.162, 8;
    %load/vec4 v0x155c93570_0;
    %parti/s 4, 19, 6;
    %store/vec4 v0x155c93900_0, 0, 4;
T_4.162 ;
    %load/vec4 v0x155c932f0_0;
    %flag_set/vec4 8;
    %jmp/0xz  T_4.164, 8;
    %load/vec4 v0x155c93570_0;
    %parti/s 1, 18, 6;
    %replicate 13;
    %load/vec4 v0x155c93570_0;
    %parti/s 19, 0, 2;
    %concat/vec4; draw_concat_vec4
    %store/vec4 v0x155c93260_0, 0, 32;
T_4.164 ;
    %load/vec4 v0x155c93640_0;
    %flag_set/vec4 8;
    %jmp/0xz  T_4.166, 8;
    %pushi/vec4 1, 0, 16;
    %ix/getv 4, v0x155c93900_0;
    %shiftl 4;
    %store/vec4 v0x155c936d0_0, 0, 16;
T_4.166 ;
    %load/vec4 v0x155c937e0_0;
    %flag_set/vec4 8;
    %jmp/0xz  T_4.168, 8;
    %pushi/vec4 1, 0, 16;
    %ix/getv 4, v0x155c93900_0;
    %shiftl 4;
    %store/vec4 v0x155c93870_0, 0, 16;
T_4.168 ;
    %jmp T_4.27;
T_4.13 ;
    %load/vec4 v0x155c93380_0;
    %flag_set/vec4 8;
    %jmp/0xz  T_4.170, 8;
    %load/vec4 v0x155c93570_0;
    %parti/s 4, 23, 6;
    %store/vec4 v0x155c93900_0, 0, 4;
T_4.170 ;
    %load/vec4 v0x155c93410_0;
    %flag_set/vec4 8;
    %jmp/0xz  T_4.172, 8;
    %load/vec4 v0x155c93570_0;
    %parti/s 4, 19, 6;
    %store/vec4 v0x155c93900_0, 0, 4;
T_4.172 ;
    %load/vec4 v0x155c932f0_0;
    %flag_set/vec4 8;
    %jmp/0xz  T_4.174, 8;
    %load/vec4 v0x155c93570_0;
    %parti/s 1, 18, 6;
    %replicate 13;
    %load/vec4 v0x155c93570_0;
    %parti/s 19, 0, 2;
    %concat/vec4; draw_concat_vec4
    %store/vec4 v0x155c93260_0, 0, 32;
T_4.174 ;
    %load/vec4 v0x155c93640_0;
    %flag_set/vec4 8;
    %jmp/0xz  T_4.176, 8;
    %pushi/vec4 1, 0, 16;
    %ix/getv 4, v0x155c93900_0;
    %shiftl 4;
    %store/vec4 v0x155c936d0_0, 0, 16;
T_4.176 ;
    %load/vec4 v0x155c937e0_0;
    %flag_set/vec4 8;
    %jmp/0xz  T_4.178, 8;
    %pushi/vec4 1, 0, 16;
    %ix/getv 4, v0x155c93900_0;
    %shiftl 4;
    %store/vec4 v0x155c93870_0, 0, 16;
T_4.178 ;
    %jmp T_4.27;
T_4.14 ;
    %load/vec4 v0x155c93380_0;
    %flag_set/vec4 8;
    %jmp/0xz  T_4.180, 8;
    %load/vec4 v0x155c93570_0;
    %parti/s 4, 23, 6;
    %store/vec4 v0x155c93900_0, 0, 4;
T_4.180 ;
    %load/vec4 v0x155c93410_0;
    %flag_set/vec4 8;
    %jmp/0xz  T_4.182, 8;
    %load/vec4 v0x155c93570_0;
    %parti/s 4, 19, 6;
    %store/vec4 v0x155c93900_0, 0, 4;
T_4.182 ;
    %load/vec4 v0x155c932f0_0;
    %flag_set/vec4 8;
    %jmp/0xz  T_4.184, 8;
    %load/vec4 v0x155c93570_0;
    %parti/s 1, 18, 6;
    %replicate 13;
    %load/vec4 v0x155c93570_0;
    %parti/s 19, 0, 2;
    %concat/vec4; draw_concat_vec4
    %store/vec4 v0x155c93260_0, 0, 32;
T_4.184 ;
    %load/vec4 v0x155c93640_0;
    %flag_set/vec4 8;
    %jmp/0xz  T_4.186, 8;
    %pushi/vec4 1, 0, 16;
    %ix/getv 4, v0x155c93900_0;
    %shiftl 4;
    %store/vec4 v0x155c936d0_0, 0, 16;
T_4.186 ;
    %load/vec4 v0x155c937e0_0;
    %flag_set/vec4 8;
    %jmp/0xz  T_4.188, 8;
    %pushi/vec4 1, 0, 16;
    %ix/getv 4, v0x155c93900_0;
    %shiftl 4;
    %store/vec4 v0x155c93870_0, 0, 16;
T_4.188 ;
    %jmp T_4.27;
T_4.15 ;
    %load/vec4 v0x155c93380_0;
    %flag_set/vec4 8;
    %jmp/0xz  T_4.190, 8;
    %load/vec4 v0x155c93570_0;
    %parti/s 4, 23, 6;
    %store/vec4 v0x155c93900_0, 0, 4;
T_4.190 ;
    %load/vec4 v0x155c93410_0;
    %flag_set/vec4 8;
    %jmp/0xz  T_4.192, 8;
    %load/vec4 v0x155c93570_0;
    %parti/s 4, 19, 6;
    %store/vec4 v0x155c93900_0, 0, 4;
T_4.192 ;
    %load/vec4 v0x155c93640_0;
    %flag_set/vec4 8;
    %jmp/0xz  T_4.194, 8;
    %pushi/vec4 1, 0, 16;
    %ix/getv 4, v0x155c93900_0;
    %shiftl 4;
    %store/vec4 v0x155c936d0_0, 0, 16;
T_4.194 ;
    %load/vec4 v0x155c937e0_0;
    %flag_set/vec4 8;
    %jmp/0xz  T_4.196, 8;
    %pushi/vec4 1, 0, 16;
    %ix/getv 4, v0x155c93900_0;
    %shiftl 4;
    %store/vec4 v0x155c93870_0, 0, 16;
T_4.196 ;
    %jmp T_4.27;
T_4.16 ;
    %load/vec4 v0x155c93380_0;
    %flag_set/vec4 8;
    %jmp/0xz  T_4.198, 8;
    %load/vec4 v0x155c93570_0;
    %parti/s 4, 23, 6;
    %store/vec4 v0x155c93900_0, 0, 4;
T_4.198 ;
    %load/vec4 v0x155c93410_0;
    %flag_set/vec4 8;
    %jmp/0xz  T_4.200, 8;
    %load/vec4 v0x155c93570_0;
    %parti/s 4, 19, 6;
    %store/vec4 v0x155c93900_0, 0, 4;
T_4.200 ;
    %load/vec4 v0x155c93640_0;
    %flag_set/vec4 8;
    %jmp/0xz  T_4.202, 8;
    %pushi/vec4 1, 0, 16;
    %ix/getv 4, v0x155c93900_0;
    %shiftl 4;
    %store/vec4 v0x155c936d0_0, 0, 16;
T_4.202 ;
    %load/vec4 v0x155c937e0_0;
    %flag_set/vec4 8;
    %jmp/0xz  T_4.204, 8;
    %pushi/vec4 1, 0, 16;
    %ix/getv 4, v0x155c93900_0;
    %shiftl 4;
    %store/vec4 v0x155c93870_0, 0, 16;
T_4.204 ;
    %jmp T_4.27;
T_4.17 ;
    %load/vec4 v0x155c93380_0;
    %flag_set/vec4 8;
    %jmp/0xz  T_4.206, 8;
    %load/vec4 v0x155c93570_0;
    %parti/s 4, 23, 6;
    %store/vec4 v0x155c93900_0, 0, 4;
T_4.206 ;
    %load/vec4 v0x155c93410_0;
    %flag_set/vec4 8;
    %jmp/0xz  T_4.208, 8;
    %load/vec4 v0x155c93570_0;
    %parti/s 4, 19, 6;
    %store/vec4 v0x155c93900_0, 0, 4;
T_4.208 ;
    %load/vec4 v0x155c93640_0;
    %flag_set/vec4 8;
    %jmp/0xz  T_4.210, 8;
    %pushi/vec4 1, 0, 16;
    %ix/getv 4, v0x155c93900_0;
    %shiftl 4;
    %store/vec4 v0x155c936d0_0, 0, 16;
T_4.210 ;
    %load/vec4 v0x155c937e0_0;
    %flag_set/vec4 8;
    %jmp/0xz  T_4.212, 8;
    %pushi/vec4 1, 0, 16;
    %ix/getv 4, v0x155c93900_0;
    %shiftl 4;
    %store/vec4 v0x155c93870_0, 0, 16;
T_4.212 ;
    %jmp T_4.27;
T_4.18 ;
    %load/vec4 v0x155c93380_0;
    %flag_set/vec4 8;
    %jmp/0xz  T_4.214, 8;
    %load/vec4 v0x155c93570_0;
    %parti/s 4, 23, 6;
    %store/vec4 v0x155c93900_0, 0, 4;
T_4.214 ;
    %load/vec4 v0x155c93410_0;
    %flag_set/vec4 8;
    %jmp/0xz  T_4.216, 8;
    %load/vec4 v0x155c93570_0;
    %parti/s 4, 19, 6;
    %store/vec4 v0x155c93900_0, 0, 4;
T_4.216 ;
    %load/vec4 v0x155c93640_0;
    %flag_set/vec4 8;
    %jmp/0xz  T_4.218, 8;
    %pushi/vec4 1, 0, 16;
    %ix/getv 4, v0x155c93900_0;
    %shiftl 4;
    %store/vec4 v0x155c936d0_0, 0, 16;
T_4.218 ;
    %load/vec4 v0x155c937e0_0;
    %flag_set/vec4 8;
    %jmp/0xz  T_4.220, 8;
    %pushi/vec4 1, 0, 16;
    %ix/getv 4, v0x155c93900_0;
    %shiftl 4;
    %store/vec4 v0x155c93870_0, 0, 16;
T_4.220 ;
    %jmp T_4.27;
T_4.19 ;
    %load/vec4 v0x155c93380_0;
    %flag_set/vec4 8;
    %jmp/0xz  T_4.222, 8;
    %load/vec4 v0x155c93570_0;
    %parti/s 4, 23, 6;
    %store/vec4 v0x155c93900_0, 0, 4;
T_4.222 ;
    %load/vec4 v0x155c93640_0;
    %flag_set/vec4 8;
    %jmp/0xz  T_4.224, 8;
    %pushi/vec4 1, 0, 16;
    %ix/getv 4, v0x155c93900_0;
    %shiftl 4;
    %store/vec4 v0x155c936d0_0, 0, 16;
T_4.224 ;
    %load/vec4 v0x155c937e0_0;
    %flag_set/vec4 8;
    %jmp/0xz  T_4.226, 8;
    %pushi/vec4 1, 0, 16;
    %ix/getv 4, v0x155c93900_0;
    %shiftl 4;
    %store/vec4 v0x155c93870_0, 0, 16;
T_4.226 ;
    %load/vec4 v0x155c932f0_0;
    %flag_set/vec4 8;
    %jmp/0xz  T_4.228, 8;
    %load/vec4 v0x155c93570_0;
    %parti/s 1, 18, 6;
    %replicate 13;
    %load/vec4 v0x155c93570_0;
    %parti/s 19, 0, 2;
    %concat/vec4; draw_concat_vec4
    %store/vec4 v0x155c93260_0, 0, 32;
T_4.228 ;
    %jmp T_4.27;
T_4.20 ;
    %load/vec4 v0x155c93380_0;
    %flag_set/vec4 8;
    %jmp/0xz  T_4.230, 8;
    %load/vec4 v0x155c93570_0;
    %parti/s 4, 23, 6;
    %store/vec4 v0x155c93900_0, 0, 4;
T_4.230 ;
    %load/vec4 v0x155c93640_0;
    %flag_set/vec4 8;
    %jmp/0xz  T_4.232, 8;
    %pushi/vec4 1, 0, 16;
    %ix/getv 4, v0x155c93900_0;
    %shiftl 4;
    %store/vec4 v0x155c936d0_0, 0, 16;
T_4.232 ;
    %load/vec4 v0x155c937e0_0;
    %flag_set/vec4 8;
    %jmp/0xz  T_4.234, 8;
    %pushi/vec4 1, 0, 16;
    %ix/getv 4, v0x155c93900_0;
    %shiftl 4;
    %store/vec4 v0x155c93870_0, 0, 16;
T_4.234 ;
    %jmp T_4.27;
T_4.21 ;
    %load/vec4 v0x155c93380_0;
    %flag_set/vec4 8;
    %jmp/0xz  T_4.236, 8;
    %load/vec4 v0x155c93570_0;
    %parti/s 4, 23, 6;
    %store/vec4 v0x155c93900_0, 0, 4;
T_4.236 ;
    %load/vec4 v0x155c93640_0;
    %flag_set/vec4 8;
    %jmp/0xz  T_4.238, 8;
    %pushi/vec4 1, 0, 16;
    %ix/getv 4, v0x155c93900_0;
    %shiftl 4;
    %store/vec4 v0x155c936d0_0, 0, 16;
T_4.238 ;
    %load/vec4 v0x155c937e0_0;
    %flag_set/vec4 8;
    %jmp/0xz  T_4.240, 8;
    %pushi/vec4 1, 0, 16;
    %ix/getv 4, v0x155c93900_0;
    %shiftl 4;
    %store/vec4 v0x155c93870_0, 0, 16;
T_4.240 ;
    %jmp T_4.27;
T_4.22 ;
    %load/vec4 v0x155c93380_0;
    %flag_set/vec4 8;
    %jmp/0xz  T_4.242, 8;
    %load/vec4 v0x155c93570_0;
    %parti/s 4, 23, 6;
    %store/vec4 v0x155c93900_0, 0, 4;
T_4.242 ;
    %load/vec4 v0x155c93640_0;
    %flag_set/vec4 8;
    %jmp/0xz  T_4.244, 8;
    %pushi/vec4 1, 0, 16;
    %ix/getv 4, v0x155c93900_0;
    %shiftl 4;
    %store/vec4 v0x155c936d0_0, 0, 16;
T_4.244 ;
    %load/vec4 v0x155c937e0_0;
    %flag_set/vec4 8;
    %jmp/0xz  T_4.246, 8;
    %pushi/vec4 1, 0, 16;
    %ix/getv 4, v0x155c93900_0;
    %shiftl 4;
    %store/vec4 v0x155c93870_0, 0, 16;
T_4.246 ;
    %jmp T_4.27;
T_4.23 ;
    %load/vec4 v0x155c93380_0;
    %flag_set/vec4 8;
    %jmp/0xz  T_4.248, 8;
    %load/vec4 v0x155c93570_0;
    %parti/s 4, 23, 6;
    %store/vec4 v0x155c93900_0, 0, 4;
T_4.248 ;
    %load/vec4 v0x155c93640_0;
    %flag_set/vec4 8;
    %jmp/0xz  T_4.250, 8;
    %pushi/vec4 1, 0, 16;
    %ix/getv 4, v0x155c93900_0;
    %shiftl 4;
    %store/vec4 v0x155c936d0_0, 0, 16;
T_4.250 ;
    %load/vec4 v0x155c937e0_0;
    %flag_set/vec4 8;
    %jmp/0xz  T_4.252, 8;
    %pushi/vec4 1, 0, 16;
    %ix/getv 4, v0x155c93900_0;
    %shiftl 4;
    %store/vec4 v0x155c93870_0, 0, 16;
T_4.252 ;
    %jmp T_4.27;
T_4.24 ;
    %load/vec4 v0x155c93380_0;
    %flag_set/vec4 8;
    %jmp/0xz  T_4.254, 8;
    %load/vec4 v0x155c93570_0;
    %parti/s 4, 23, 6;
    %store/vec4 v0x155c93900_0, 0, 4;
T_4.254 ;
    %load/vec4 v0x155c93640_0;
    %flag_set/vec4 8;
    %jmp/0xz  T_4.256, 8;
    %pushi/vec4 1, 0, 16;
    %ix/getv 4, v0x155c93900_0;
    %shiftl 4;
    %store/vec4 v0x155c936d0_0, 0, 16;
T_4.256 ;
    %load/vec4 v0x155c937e0_0;
    %flag_set/vec4 8;
    %jmp/0xz  T_4.258, 8;
    %pushi/vec4 1, 0, 16;
    %ix/getv 4, v0x155c93900_0;
    %shiftl 4;
    %store/vec4 v0x155c93870_0, 0, 16;
T_4.258 ;
    %jmp T_4.27;
T_4.25 ;
    %load/vec4 v0x155c93380_0;
    %flag_set/vec4 8;
    %jmp/0xz  T_4.260, 8;
    %load/vec4 v0x155c93570_0;
    %parti/s 4, 23, 6;
    %store/vec4 v0x155c93900_0, 0, 4;
T_4.260 ;
    %load/vec4 v0x155c93640_0;
    %flag_set/vec4 8;
    %jmp/0xz  T_4.262, 8;
    %pushi/vec4 1, 0, 16;
    %ix/getv 4, v0x155c93900_0;
    %shiftl 4;
    %store/vec4 v0x155c936d0_0, 0, 16;
T_4.262 ;
    %load/vec4 v0x155c937e0_0;
    %flag_set/vec4 8;
    %jmp/0xz  T_4.264, 8;
    %pushi/vec4 1, 0, 16;
    %ix/getv 4, v0x155c93900_0;
    %shiftl 4;
    %store/vec4 v0x155c93870_0, 0, 16;
T_4.264 ;
    %jmp T_4.27;
T_4.27 ;
    %pop/vec4 1;
    %jmp T_4;
    .thread T_4, $push;
    .scope S_0x155c80c70;
T_5 ;
    %pushi/vec4 0, 0, 1;
    %store/vec4 v0x155c83da0_0, 0, 1;
    %end;
    .thread T_5;
    .scope S_0x155c80c70;
T_6 ;
    %pushi/vec4 0, 0, 1;
    %store/vec4 v0x155c83c80_0, 0, 1;
    %end;
    .thread T_6;
    .scope S_0x155c80c70;
T_7 ;
    %wait E_0x155c838f0;
    %load/vec4 v0x155c83ec0_0;
    %parti/s 4, 23, 6;
    %store/vec4 v0x155c83f50_0, 0, 4;
    %load/vec4 v0x155c83ec0_0;
    %parti/s 4, 19, 6;
    %store/vec4 v0x155c83bf0_0, 0, 4;
    %pushi/vec4 0, 0, 1;
    %store/vec4 v0x155c84230_0, 0, 1;
    %pushi/vec4 0, 0, 1;
    %store/vec4 v0x155c840f0_0, 0, 1;
    %pushi/vec4 0, 0, 1;
    %store/vec4 v0x155c84190_0, 0, 1;
    %pushi/vec4 0, 0, 1;
    %store/vec4 v0x155c84060_0, 0, 1;
    %pushi/vec4 0, 0, 1;
    %store/vec4 v0x155c61c30_0, 0, 1;
    %load/vec4 v0x155c83bf0_0;
    %dup/vec4;
    %pushi/vec4 0, 0, 4;
    %cmp/u;
    %jmp/1 T_7.0, 6;
    %dup/vec4;
    %pushi/vec4 1, 0, 4;
    %cmp/u;
    %jmp/1 T_7.1, 6;
    %dup/vec4;
    %pushi/vec4 2, 0, 4;
    %cmp/u;
    %jmp/1 T_7.2, 6;
    %dup/vec4;
    %pushi/vec4 3, 0, 4;
    %cmp/u;
    %jmp/1 T_7.3, 6;
    %jmp T_7.4;
T_7.0 ;
    %pushi/vec4 1, 0, 1;
    %store/vec4 v0x155c84230_0, 0, 1;
    %jmp T_7.4;
T_7.1 ;
    %pushi/vec4 1, 0, 1;
    %store/vec4 v0x155c840f0_0, 0, 1;
    %jmp T_7.4;
T_7.2 ;
    %pushi/vec4 1, 0, 1;
    %store/vec4 v0x155c84190_0, 0, 1;
    %jmp T_7.4;
T_7.3 ;
    %pushi/vec4 1, 0, 1;
    %store/vec4 v0x155c84060_0, 0, 1;
    %jmp T_7.4;
T_7.4 ;
    %pop/vec4 1;
    %load/vec4 v0x155c83940_0;
    %parti/s 1, 31, 6;
    %store/vec4 v0x155c84380_0, 0, 1;
    %pushi/vec4 0, 0, 32;
    %store/vec4 v0x155c842d0_0, 0, 32;
T_7.5 ;
    %load/vec4 v0x155c842d0_0;
    %cmpi/s 32, 0, 32;
    %jmp/0xz T_7.6, 5;
    %load/vec4 v0x155c61c30_0;
    %load/vec4 v0x155c83940_0;
    %load/vec4 v0x155c842d0_0;
    %part/s 1;
    %or;
    %store/vec4 v0x155c61c30_0, 0, 1;
    %load/vec4 v0x155c842d0_0;
    %addi 1, 0, 32;
    %store/vec4 v0x155c842d0_0, 0, 32;
    %jmp T_7.5;
T_7.6 ;
    %load/vec4 v0x155c84230_0;
    %load/vec4 v0x155c61c30_0;
    %inv;
    %and;
    %load/vec4 v0x155c840f0_0;
    %load/vec4 v0x155c61c30_0;
    %and;
    %or;
    %load/vec4 v0x155c84190_0;
    %load/vec4 v0x155c84380_0;
    %inv;
    %and;
    %or;
    %load/vec4 v0x155c84060_0;
    %load/vec4 v0x155c84380_0;
    %and;
    %or;
    %store/vec4 v0x155c83e30_0, 0, 1;
    %jmp T_7;
    .thread T_7, $push;
    .scope S_0x155c80c70;
T_8 ;
    %wait E_0x155c838a0;
    %delay 200, 0;
    %load/vec4 v0x155c83e30_0;
    %store/vec4 v0x155c83da0_0, 0, 1;
    %load/vec4 v0x155c83da0_0;
    %store/vec4 v0x155c83c80_0, 0, 1;
    %jmp T_8;
    .thread T_8;
    .scope S_0x155c8aa00;
T_9 ;
    %pushi/vec4 0, 0, 32;
    %store/vec4 v0x155c8b210_0, 0, 32;
    %end;
    .thread T_9;
    .scope S_0x155c8aa00;
T_10 ;
    %wait E_0x155c847d0;
    %load/vec4 v0x155c8af40_0;
    %flag_set/vec4 8;
    %jmp/0xz  T_10.0, 8;
    %pushi/vec4 0, 0, 32;
    %assign/vec4 v0x155c8b210_0, 0;
    %jmp T_10.1;
T_10.0 ;
    %load/vec4 v0x155c8b180_0;
    %flag_set/vec4 8;
    %jmp/0xz  T_10.2, 8;
    %load/vec4 v0x155c8b060_0;
    %assign/vec4 v0x155c8b210_0, 0;
T_10.2 ;
T_10.1 ;
    %jmp T_10;
    .thread T_10;
    .scope S_0x155c8b350;
T_11 ;
    %pushi/vec4 0, 0, 32;
    %store/vec4 v0x155c8bbc0_0, 0, 32;
    %end;
    .thread T_11;
    .scope S_0x155c8b350;
T_12 ;
    %wait E_0x155c847d0;
    %load/vec4 v0x155c8b6e0_0;
    %flag_set/vec4 8;
    %jmp/0xz  T_12.0, 8;
    %pushi/vec4 0, 0, 32;
    %assign/vec4 v0x155c8bbc0_0, 0;
    %jmp T_12.1;
T_12.0 ;
    %load/vec4 v0x155c8bb30_0;
    %flag_set/vec4 8;
    %jmp/0xz  T_12.2, 8;
    %load/vec4 v0x155c8ba10_0;
    %assign/vec4 v0x155c8bbc0_0, 0;
T_12.2 ;
T_12.1 ;
    %jmp T_12;
    .thread T_12;
    .scope S_0x155c8ecf0;
T_13 ;
    %pushi/vec4 0, 0, 32;
    %store/vec4 v0x155c8f3c0_0, 0, 32;
    %end;
    .thread T_13;
    .scope S_0x155c8ecf0;
T_14 ;
    %wait E_0x155c847d0;
    %load/vec4 v0x155c8f060_0;
    %flag_set/vec4 8;
    %jmp/0xz  T_14.0, 8;
    %pushi/vec4 0, 0, 32;
    %assign/vec4 v0x155c8f3c0_0, 0;
    %jmp T_14.1;
T_14.0 ;
    %load/vec4 v0x155c8f2f0_0;
    %flag_set/vec4 8;
    %jmp/0xz  T_14.2, 8;
    %load/vec4 v0x155c8f190_0;
    %assign/vec4 v0x155c8f3c0_0, 0;
T_14.2 ;
T_14.1 ;
    %jmp T_14;
    .thread T_14;
    .scope S_0x155c8f4f0;
T_15 ;
    %pushi/vec4 0, 0, 32;
    %store/vec4 v0x155c83b10_0, 0, 32;
    %end;
    .thread T_15;
    .scope S_0x155c8f4f0;
T_16 ;
    %wait E_0x155c847d0;
    %load/vec4 v0x155c8f860_0;
    %flag_set/vec4 8;
    %jmp/0xz  T_16.0, 8;
    %pushi/vec4 0, 0, 32;
    %assign/vec4 v0x155c83b10_0, 0;
    %jmp T_16.1;
T_16.0 ;
    %load/vec4 v0x155c83a80_0;
    %flag_set/vec4 8;
    %jmp/0xz  T_16.2, 8;
    %load/vec4 v0x155c8b910_0;
    %assign/vec4 v0x155c83b10_0, 0;
T_16.2 ;
T_16.1 ;
    %jmp T_16;
    .thread T_16;
    .scope S_0x155c8fcf0;
T_17 ;
    %pushi/vec4 0, 0, 32;
    %store/vec4 v0x155c903c0_0, 0, 32;
    %end;
    .thread T_17;
    .scope S_0x155c8fcf0;
T_18 ;
    %wait E_0x155c847d0;
    %load/vec4 v0x155c90060_0;
    %flag_set/vec4 8;
    %jmp/0xz  T_18.0, 8;
    %pushi/vec4 0, 0, 32;
    %assign/vec4 v0x155c903c0_0, 0;
    %jmp T_18.1;
T_18.0 ;
    %load/vec4 v0x155c902f0_0;
    %flag_set/vec4 8;
    %jmp/0xz  T_18.2, 8;
    %load/vec4 v0x155c90190_0;
    %assign/vec4 v0x155c903c0_0, 0;
T_18.2 ;
T_18.1 ;
    %jmp T_18;
    .thread T_18;
    .scope S_0x155c904f0;
T_19 ;
    %pushi/vec4 0, 0, 32;
    %store/vec4 v0x155c90bc0_0, 0, 32;
    %end;
    .thread T_19;
    .scope S_0x155c904f0;
T_20 ;
    %wait E_0x155c847d0;
    %load/vec4 v0x155c90860_0;
    %flag_set/vec4 8;
    %jmp/0xz  T_20.0, 8;
    %pushi/vec4 0, 0, 32;
    %assign/vec4 v0x155c90bc0_0, 0;
    %jmp T_20.1;
T_20.0 ;
    %load/vec4 v0x155c90af0_0;
    %flag_set/vec4 8;
    %jmp/0xz  T_20.2, 8;
    %load/vec4 v0x155c90990_0;
    %assign/vec4 v0x155c90bc0_0, 0;
T_20.2 ;
T_20.1 ;
    %jmp T_20;
    .thread T_20;
    .scope S_0x155c90cf0;
T_21 ;
    %pushi/vec4 0, 0, 32;
    %store/vec4 v0x155c913c0_0, 0, 32;
    %end;
    .thread T_21;
    .scope S_0x155c90cf0;
T_22 ;
    %wait E_0x155c847d0;
    %load/vec4 v0x155c91060_0;
    %flag_set/vec4 8;
    %jmp/0xz  T_22.0, 8;
    %pushi/vec4 0, 0, 32;
    %assign/vec4 v0x155c913c0_0, 0;
    %jmp T_22.1;
T_22.0 ;
    %load/vec4 v0x155c912f0_0;
    %flag_set/vec4 8;
    %jmp/0xz  T_22.2, 8;
    %load/vec4 v0x155c91190_0;
    %assign/vec4 v0x155c913c0_0, 0;
T_22.2 ;
T_22.1 ;
    %jmp T_22;
    .thread T_22;
    .scope S_0x155c914f0;
T_23 ;
    %pushi/vec4 0, 0, 32;
    %store/vec4 v0x155c91bc0_0, 0, 32;
    %end;
    .thread T_23;
    .scope S_0x155c914f0;
T_24 ;
    %wait E_0x155c847d0;
    %load/vec4 v0x155c91860_0;
    %flag_set/vec4 8;
    %jmp/0xz  T_24.0, 8;
    %pushi/vec4 0, 0, 32;
    %assign/vec4 v0x155c91bc0_0, 0;
    %jmp T_24.1;
T_24.0 ;
    %load/vec4 v0x155c91af0_0;
    %flag_set/vec4 8;
    %jmp/0xz  T_24.2, 8;
    %load/vec4 v0x155c91990_0;
    %assign/vec4 v0x155c91bc0_0, 0;
T_24.2 ;
T_24.1 ;
    %jmp T_24;
    .thread T_24;
    .scope S_0x155c91cf0;
T_25 ;
    %pushi/vec4 0, 0, 32;
    %store/vec4 v0x155c923c0_0, 0, 32;
    %end;
    .thread T_25;
    .scope S_0x155c91cf0;
T_26 ;
    %wait E_0x155c847d0;
    %load/vec4 v0x155c92060_0;
    %flag_set/vec4 8;
    %jmp/0xz  T_26.0, 8;
    %pushi/vec4 0, 0, 32;
    %assign/vec4 v0x155c923c0_0, 0;
    %jmp T_26.1;
T_26.0 ;
    %load/vec4 v0x155c922f0_0;
    %flag_set/vec4 8;
    %jmp/0xz  T_26.2, 8;
    %load/vec4 v0x155c92190_0;
    %assign/vec4 v0x155c923c0_0, 0;
T_26.2 ;
T_26.1 ;
    %jmp T_26;
    .thread T_26;
    .scope S_0x155c924f0;
T_27 ;
    %pushi/vec4 0, 0, 32;
    %store/vec4 v0x155c92bc0_0, 0, 32;
    %end;
    .thread T_27;
    .scope S_0x155c924f0;
T_28 ;
    %wait E_0x155c847d0;
    %load/vec4 v0x155c92860_0;
    %flag_set/vec4 8;
    %jmp/0xz  T_28.0, 8;
    %pushi/vec4 0, 0, 32;
    %assign/vec4 v0x155c92bc0_0, 0;
    %jmp T_28.1;
T_28.0 ;
    %load/vec4 v0x155c92af0_0;
    %flag_set/vec4 8;
    %jmp/0xz  T_28.2, 8;
    %load/vec4 v0x155c92990_0;
    %assign/vec4 v0x155c92bc0_0, 0;
T_28.2 ;
T_28.1 ;
    %jmp T_28;
    .thread T_28;
    .scope S_0x155c8bc70;
T_29 ;
    %pushi/vec4 0, 0, 32;
    %store/vec4 v0x155c8c340_0, 0, 32;
    %end;
    .thread T_29;
    .scope S_0x155c8bc70;
T_30 ;
    %wait E_0x155c847d0;
    %load/vec4 v0x155c8bfe0_0;
    %flag_set/vec4 8;
    %jmp/0xz  T_30.0, 8;
    %pushi/vec4 0, 0, 32;
    %assign/vec4 v0x155c8c340_0, 0;
    %jmp T_30.1;
T_30.0 ;
    %load/vec4 v0x155c8c270_0;
    %flag_set/vec4 8;
    %jmp/0xz  T_30.2, 8;
    %load/vec4 v0x155c8c110_0;
    %assign/vec4 v0x155c8c340_0, 0;
T_30.2 ;
T_30.1 ;
    %jmp T_30;
    .thread T_30;
    .scope S_0x155c8c470;
T_31 ;
    %pushi/vec4 0, 0, 32;
    %store/vec4 v0x155c8cb40_0, 0, 32;
    %end;
    .thread T_31;
    .scope S_0x155c8c470;
T_32 ;
    %wait E_0x155c847d0;
    %load/vec4 v0x155c8c7e0_0;
    %flag_set/vec4 8;
    %jmp/0xz  T_32.0, 8;
    %pushi/vec4 0, 0, 32;
    %assign/vec4 v0x155c8cb40_0, 0;
    %jmp T_32.1;
T_32.0 ;
    %load/vec4 v0x155c8ca70_0;
    %flag_set/vec4 8;
    %jmp/0xz  T_32.2, 8;
    %load/vec4 v0x155c8c910_0;
    %assign/vec4 v0x155c8cb40_0, 0;
T_32.2 ;
T_32.1 ;
    %jmp T_32;
    .thread T_32;
    .scope S_0x155c8cc70;
T_33 ;
    %pushi/vec4 0, 0, 32;
    %store/vec4 v0x155c8d340_0, 0, 32;
    %end;
    .thread T_33;
    .scope S_0x155c8cc70;
T_34 ;
    %wait E_0x155c847d0;
    %load/vec4 v0x155c8cfe0_0;
    %flag_set/vec4 8;
    %jmp/0xz  T_34.0, 8;
    %pushi/vec4 0, 0, 32;
    %assign/vec4 v0x155c8d340_0, 0;
    %jmp T_34.1;
T_34.0 ;
    %load/vec4 v0x155c8d270_0;
    %flag_set/vec4 8;
    %jmp/0xz  T_34.2, 8;
    %load/vec4 v0x155c8d110_0;
    %assign/vec4 v0x155c8d340_0, 0;
T_34.2 ;
T_34.1 ;
    %jmp T_34;
    .thread T_34;
    .scope S_0x155c8d470;
T_35 ;
    %pushi/vec4 0, 0, 32;
    %store/vec4 v0x155c8dbc0_0, 0, 32;
    %end;
    .thread T_35;
    .scope S_0x155c8d470;
T_36 ;
    %wait E_0x155c847d0;
    %load/vec4 v0x155c8d860_0;
    %flag_set/vec4 8;
    %jmp/0xz  T_36.0, 8;
    %pushi/vec4 0, 0, 32;
    %assign/vec4 v0x155c8dbc0_0, 0;
    %jmp T_36.1;
T_36.0 ;
    %load/vec4 v0x155c8daf0_0;
    %flag_set/vec4 8;
    %jmp/0xz  T_36.2, 8;
    %load/vec4 v0x155c8d990_0;
    %assign/vec4 v0x155c8dbc0_0, 0;
T_36.2 ;
T_36.1 ;
    %jmp T_36;
    .thread T_36;
    .scope S_0x155c8dcf0;
T_37 ;
    %pushi/vec4 0, 0, 32;
    %store/vec4 v0x155c8e3c0_0, 0, 32;
    %end;
    .thread T_37;
    .scope S_0x155c8dcf0;
T_38 ;
    %wait E_0x155c847d0;
    %load/vec4 v0x155c8e060_0;
    %flag_set/vec4 8;
    %jmp/0xz  T_38.0, 8;
    %pushi/vec4 0, 0, 32;
    %assign/vec4 v0x155c8e3c0_0, 0;
    %jmp T_38.1;
T_38.0 ;
    %load/vec4 v0x155c8e2f0_0;
    %flag_set/vec4 8;
    %jmp/0xz  T_38.2, 8;
    %load/vec4 v0x155c8e190_0;
    %assign/vec4 v0x155c8e3c0_0, 0;
T_38.2 ;
T_38.1 ;
    %jmp T_38;
    .thread T_38;
    .scope S_0x155c8e4f0;
T_39 ;
    %pushi/vec4 0, 0, 32;
    %store/vec4 v0x155c8ebc0_0, 0, 32;
    %end;
    .thread T_39;
    .scope S_0x155c8e4f0;
T_40 ;
    %wait E_0x155c847d0;
    %load/vec4 v0x155c8e860_0;
    %flag_set/vec4 8;
    %jmp/0xz  T_40.0, 8;
    %pushi/vec4 0, 0, 32;
    %assign/vec4 v0x155c8ebc0_0, 0;
    %jmp T_40.1;
T_40.0 ;
    %load/vec4 v0x155c8eaf0_0;
    %flag_set/vec4 8;
    %jmp/0xz  T_40.2, 8;
    %load/vec4 v0x155c8e990_0;
    %assign/vec4 v0x155c8ebc0_0, 0;
T_40.2 ;
T_40.1 ;
    %jmp T_40;
    .thread T_40;
    .scope S_0x155c877d0;
T_41 ;
    %pushi/vec4 0, 0, 32;
    %store/vec4 v0x155c88000_0, 0, 32;
    %end;
    .thread T_41;
    .scope S_0x155c877d0;
T_42 ;
    %wait E_0x155c847d0;
    %load/vec4 v0x155c87d30_0;
    %flag_set/vec4 8;
    %jmp/0xz  T_42.0, 8;
    %pushi/vec4 0, 0, 32;
    %assign/vec4 v0x155c88000_0, 0;
    %jmp T_42.1;
T_42.0 ;
    %load/vec4 v0x155c87f70_0;
    %flag_set/vec4 8;
    %jmp/0xz  T_42.2, 8;
    %load/vec4 v0x155c87e50_0;
    %assign/vec4 v0x155c88000_0, 0;
T_42.2 ;
T_42.1 ;
    %jmp T_42;
    .thread T_42;
    .scope S_0x155c85540;
T_43 ;
    %pushi/vec4 0, 0, 32;
    %store/vec4 v0x155c85c50_0, 0, 32;
    %end;
    .thread T_43;
    .scope S_0x155c85540;
T_44 ;
    %wait E_0x155c847d0;
    %load/vec4 v0x155c858b0_0;
    %flag_set/vec4 8;
    %jmp/0xz  T_44.0, 8;
    %pushi/vec4 0, 0, 32;
    %assign/vec4 v0x155c85c50_0, 0;
    %jmp T_44.1;
T_44.0 ;
    %load/vec4 v0x155c85b80_0;
    %flag_set/vec4 8;
    %jmp/0xz  T_44.2, 8;
    %load/vec4 v0x155c85a60_0;
    %assign/vec4 v0x155c85c50_0, 0;
T_44.2 ;
T_44.1 ;
    %jmp T_44;
    .thread T_44;
    .scope S_0x155c94af0;
T_45 ;
    %pushi/vec4 0, 0, 32;
    %store/vec4 v0x155c951d0_0, 0, 32;
    %end;
    .thread T_45;
    .scope S_0x155c94af0;
T_46 ;
    %wait E_0x155c847d0;
    %load/vec4 v0x155c94e60_0;
    %flag_set/vec4 8;
    %jmp/0xz  T_46.0, 8;
    %pushi/vec4 0, 0, 32;
    %assign/vec4 v0x155c951d0_0, 0;
    %jmp T_46.1;
T_46.0 ;
    %load/vec4 v0x155c95100_0;
    %flag_set/vec4 8;
    %jmp/0xz  T_46.2, 8;
    %load/vec4 v0x155c94f90_0;
    %assign/vec4 v0x155c951d0_0, 0;
T_46.2 ;
T_46.1 ;
    %jmp T_46;
    .thread T_46;
    .scope S_0x155c942c0;
T_47 ;
    %pushi/vec4 0, 0, 32;
    %store/vec4 v0x155c949c0_0, 0, 32;
    %end;
    .thread T_47;
    .scope S_0x155c942c0;
T_48 ;
    %wait E_0x155c847d0;
    %load/vec4 v0x155c94650_0;
    %flag_set/vec4 8;
    %jmp/0xz  T_48.0, 8;
    %pushi/vec4 0, 0, 32;
    %assign/vec4 v0x155c949c0_0, 0;
    %jmp T_48.1;
T_48.0 ;
    %load/vec4 v0x155c948f0_0;
    %flag_set/vec4 8;
    %jmp/0xz  T_48.2, 8;
    %load/vec4 v0x155c94780_0;
    %assign/vec4 v0x155c949c0_0, 0;
T_48.2 ;
T_48.1 ;
    %jmp T_48;
    .thread T_48;
    .scope S_0x155c84480;
T_49 ;
    %pushi/vec4 0, 0, 32;
    %store/vec4 v0x155c84bc0_0, 0, 32;
    %end;
    .thread T_49;
    .scope S_0x155c84480;
T_50 ;
    %wait E_0x155c847d0;
    %load/vec4 v0x155c84830_0;
    %flag_set/vec4 8;
    %jmp/0xz  T_50.0, 8;
    %pushi/vec4 0, 0, 32;
    %assign/vec4 v0x155c84bc0_0, 0;
    %jmp T_50.1;
T_50.0 ;
    %load/vec4 v0x155c84af0_0;
    %flag_set/vec4 8;
    %jmp/0xz  T_50.2, 8;
    %load/vec4 v0x155c84980_0;
    %assign/vec4 v0x155c84bc0_0, 0;
T_50.2 ;
T_50.1 ;
    %jmp T_50;
    .thread T_50;
    .scope S_0x155c85d80;
T_51 ;
    %pushi/vec4 0, 0, 32;
    %store/vec4 v0x155c86450_0, 0, 32;
    %end;
    .thread T_51;
    .scope S_0x155c85d80;
T_52 ;
    %wait E_0x155c847d0;
    %load/vec4 v0x155c860f0_0;
    %flag_set/vec4 8;
    %jmp/0xz  T_52.0, 8;
    %pushi/vec4 0, 0, 32;
    %assign/vec4 v0x155c86450_0, 0;
    %jmp T_52.1;
T_52.0 ;
    %load/vec4 v0x155c86380_0;
    %flag_set/vec4 8;
    %jmp/0xz  T_52.2, 8;
    %load/vec4 v0x155c86220_0;
    %assign/vec4 v0x155c86450_0, 0;
T_52.2 ;
T_52.1 ;
    %jmp T_52;
    .thread T_52;
    .scope S_0x155c84cf0;
T_53 ;
    %pushi/vec4 0, 0, 32;
    %store/vec4 v0x155c85410_0, 0, 32;
    %end;
    .thread T_53;
    .scope S_0x155c84cf0;
T_54 ;
    %wait E_0x155c847d0;
    %load/vec4 v0x155c85070_0;
    %flag_set/vec4 8;
    %jmp/0xz  T_54.0, 8;
    %pushi/vec4 0, 0, 32;
    %assign/vec4 v0x155c85410_0, 0;
    %jmp T_54.1;
T_54.0 ;
    %load/vec4 v0x155c85340_0;
    %flag_set/vec4 8;
    %jmp/0xz  T_54.2, 8;
    %load/vec4 v0x155c851e0_0;
    %assign/vec4 v0x155c85410_0, 0;
T_54.2 ;
T_54.1 ;
    %jmp T_54;
    .thread T_54;
    .scope S_0x155c93ac0;
T_55 ;
    %pushi/vec4 0, 0, 32;
    %store/vec4 v0x155c94220_0, 0, 32;
    %end;
    .thread T_55;
    .scope S_0x155c93ac0;
T_56 ;
    %wait E_0x155c847d0;
    %load/vec4 v0x155c93dd0_0;
    %flag_set/vec4 8;
    %jmp/0xz  T_56.0, 8;
    %pushi/vec4 0, 0, 32;
    %assign/vec4 v0x155c94220_0, 0;
    %jmp T_56.1;
T_56.0 ;
    %load/vec4 v0x155c94150_0;
    %flag_set/vec4 8;
    %jmp/0xz  T_56.2, 8;
    %load/vec4 v0x155c93f10_0;
    %assign/vec4 v0x155c94220_0, 0;
T_56.2 ;
T_56.1 ;
    %jmp T_56;
    .thread T_56;
    .scope S_0x155c43d50;
T_57 ;
    %wait E_0x155c44040;
    %load/vec4 v0x155c44370_0;
    %parti/s 1, 31, 6;
    %store/vec4 v0x155c44440_0, 0, 1;
    %load/vec4 v0x155c44570_0;
    %parti/s 1, 31, 6;
    %store/vec4 v0x155c44610_0, 0, 1;
    %load/vec4 v0x155c44440_0;
    %flag_set/vec4 8;
    %jmp/0xz  T_57.0, 8;
    %load/vec4 v0x155c44370_0;
    %inv;
    %addi 1, 0, 32;
    %store/vec4 v0x155c444d0_0, 0, 32;
    %jmp T_57.1;
T_57.0 ;
    %load/vec4 v0x155c44370_0;
    %store/vec4 v0x155c444d0_0, 0, 32;
T_57.1 ;
    %load/vec4 v0x155c44610_0;
    %flag_set/vec4 8;
    %jmp/0xz  T_57.2, 8;
    %load/vec4 v0x155c44570_0;
    %inv;
    %addi 1, 0, 32;
    %store/vec4 v0x155c44720_0, 0, 32;
    %jmp T_57.3;
T_57.2 ;
    %load/vec4 v0x155c44570_0;
    %store/vec4 v0x155c44720_0, 0, 32;
T_57.3 ;
    %pushi/vec4 0, 0, 65;
    %store/vec4 v0x155c440f0_0, 0, 65;
    %load/vec4 v0x155c44720_0;
    %store/vec4 v0x155c44250_0, 0, 32;
    %pushi/vec4 0, 0, 1;
    %store/vec4 v0x155c442e0_0, 0, 1;
    %load/vec4 v0x155c444d0_0;
    %pad/u 33;
    %store/vec4 v0x155c441b0_0, 0, 33;
    %pushi/vec4 0, 0, 32;
    %store/vec4 v0x155c44870_0, 0, 32;
T_57.4 ;
    %load/vec4 v0x155c44870_0;
    %cmpi/s 32, 0, 32;
    %jmp/0xz T_57.5, 5;
    %load/vec4 v0x155c44250_0;
    %parti/s 1, 0, 2;
    %load/vec4 v0x155c442e0_0;
    %concat/vec4; draw_concat_vec4
    %dup/vec4;
    %pushi/vec4 1, 0, 2;
    %cmp/u;
    %jmp/1 T_57.6, 6;
    %dup/vec4;
    %pushi/vec4 2, 0, 2;
    %cmp/u;
    %jmp/1 T_57.7, 6;
    %load/vec4 v0x155c440f0_0;
    %store/vec4 v0x155c440f0_0, 0, 65;
    %jmp T_57.9;
T_57.6 ;
    %load/vec4 v0x155c440f0_0;
    %load/vec4 v0x155c441b0_0;
    %pad/u 65;
    %add;
    %store/vec4 v0x155c440f0_0, 0, 65;
    %jmp T_57.9;
T_57.7 ;
    %load/vec4 v0x155c440f0_0;
    %load/vec4 v0x155c441b0_0;
    %pad/u 65;
    %sub;
    %store/vec4 v0x155c440f0_0, 0, 65;
    %jmp T_57.9;
T_57.9 ;
    %pop/vec4 1;
    %load/vec4 v0x155c44250_0;
    %parti/s 1, 0, 2;
    %store/vec4 v0x155c442e0_0, 0, 1;
    %load/vec4 v0x155c440f0_0;
    %parti/s 1, 0, 2;
    %load/vec4 v0x155c44250_0;
    %parti/s 31, 1, 2;
    %concat/vec4; draw_concat_vec4
    %store/vec4 v0x155c44250_0, 0, 32;
    %load/vec4 v0x155c440f0_0;
    %parti/s 1, 32, 7;
    %load/vec4 v0x155c440f0_0;
    %parti/s 64, 1, 2;
    %concat/vec4; draw_concat_vec4
    %store/vec4 v0x155c440f0_0, 0, 65;
    %load/vec4 v0x155c44870_0;
    %addi 1, 0, 32;
    %store/vec4 v0x155c44870_0, 0, 32;
    %jmp T_57.4;
T_57.5 ;
    %load/vec4 v0x155c440f0_0;
    %parti/s 64, 0, 2;
    %load/vec4 v0x155c44250_0;
    %concat/vec4; draw_concat_vec4
    %pad/u 64;
    %store/vec4 v0x155c449c0_0, 0, 64;
    %load/vec4 v0x155c44440_0;
    %load/vec4 v0x155c44610_0;
    %xor;
    %store/vec4 v0x155c44920_0, 0, 1;
    %load/vec4 v0x155c44920_0;
    %flag_set/vec4 8;
    %jmp/0xz  T_57.10, 8;
    %load/vec4 v0x155c449c0_0;
    %inv;
    %addi 1, 0, 64;
    %store/vec4 v0x155c447c0_0, 0, 64;
    %jmp T_57.11;
T_57.10 ;
    %load/vec4 v0x155c449c0_0;
    %store/vec4 v0x155c447c0_0, 0, 64;
T_57.11 ;
    %jmp T_57;
    .thread T_57, $push;
    .scope S_0x155c43210;
T_58 ;
    %wait E_0x155c43560;
    %load/vec4 v0x155c435e0_0;
    %parti/s 1, 31, 6;
    %store/vec4 v0x155c43880_0, 0, 1;
    %load/vec4 v0x155c436d0_0;
    %parti/s 1, 31, 6;
    %store/vec4 v0x155c439f0_0, 0, 1;
    %load/vec4 v0x155c43880_0;
    %flag_set/vec4 8;
    %jmp/0xz  T_58.0, 8;
    %load/vec4 v0x155c435e0_0;
    %pad/u 64;
    %inv;
    %addi 1, 0, 64;
    %store/vec4 v0x155c437f0_0, 0, 64;
    %jmp T_58.1;
T_58.0 ;
    %load/vec4 v0x155c435e0_0;
    %pad/u 64;
    %store/vec4 v0x155c437f0_0, 0, 64;
T_58.1 ;
    %load/vec4 v0x155c439f0_0;
    %flag_set/vec4 8;
    %jmp/0xz  T_58.2, 8;
    %load/vec4 v0x155c436d0_0;
    %inv;
    %addi 1, 0, 32;
    %store/vec4 v0x155c43950_0, 0, 32;
    %jmp T_58.3;
T_58.2 ;
    %load/vec4 v0x155c436d0_0;
    %store/vec4 v0x155c43950_0, 0, 32;
T_58.3 ;
    %load/vec4 v0x155c437f0_0;
    %concati/vec4 0, 0, 32;
    %pad/u 64;
    %store/vec4 v0x155c437f0_0, 0, 64;
    %pushi/vec4 0, 0, 32;
    %store/vec4 v0x155c43b40_0, 0, 32;
    %pushi/vec4 0, 0, 32;
    %store/vec4 v0x155c43c50_0, 0, 32;
    %load/vec4 v0x155c437f0_0;
    %concati/vec4 0, 0, 32;
    %pad/u 64;
    %store/vec4 v0x155c437f0_0, 0, 64;
    %pushi/vec4 0, 0, 32;
    %store/vec4 v0x155c43a90_0, 0, 32;
T_58.4 ;
    %load/vec4 v0x155c43a90_0;
    %cmpi/s 32, 0, 32;
    %jmp/0xz T_58.5, 5;
    %load/vec4 v0x155c43c50_0;
    %parti/s 31, 0, 2;
    %load/vec4 v0x155c437f0_0;
    %parti/s 1, 63, 7;
    %concat/vec4; draw_concat_vec4
    %store/vec4 v0x155c43c50_0, 0, 32;
    %load/vec4 v0x155c437f0_0;
    %ix/load 4, 1, 0;
    %flag_set/imm 4, 0;
    %shiftl 4;
    %store/vec4 v0x155c437f0_0, 0, 64;
    %load/vec4 v0x155c43c50_0;
    %parti/s 1, 31, 6;
    %pad/u 32;
    %cmpi/e 0, 0, 32;
    %jmp/0xz  T_58.6, 4;
    %load/vec4 v0x155c43c50_0;
    %load/vec4 v0x155c43950_0;
    %sub;
    %store/vec4 v0x155c43c50_0, 0, 32;
    %jmp T_58.7;
T_58.6 ;
    %load/vec4 v0x155c43c50_0;
    %load/vec4 v0x155c43950_0;
    %add;
    %store/vec4 v0x155c43c50_0, 0, 32;
T_58.7 ;
    %load/vec4 v0x155c43c50_0;
    %parti/s 1, 31, 6;
    %pad/u 32;
    %cmpi/e 0, 0, 32;
    %jmp/0xz  T_58.8, 4;
    %load/vec4 v0x155c43b40_0;
    %pushi/vec4 1, 0, 32;
    %pushi/vec4 31, 0, 32;
    %load/vec4 v0x155c43a90_0;
    %sub;
    %ix/vec4 4;
    %shiftl 4;
    %or;
    %store/vec4 v0x155c43b40_0, 0, 32;
T_58.8 ;
    %load/vec4 v0x155c43a90_0;
    %addi 1, 0, 32;
    %store/vec4 v0x155c43a90_0, 0, 32;
    %jmp T_58.4;
T_58.5 ;
    %load/vec4 v0x155c43c50_0;
    %parti/s 1, 31, 6;
    %pad/u 32;
    %cmpi/e 1, 0, 32;
    %jmp/0xz  T_58.10, 4;
    %load/vec4 v0x155c43c50_0;
    %load/vec4 v0x155c43950_0;
    %add;
    %store/vec4 v0x155c43c50_0, 0, 32;
T_58.10 ;
    %load/vec4 v0x155c43880_0;
    %load/vec4 v0x155c439f0_0;
    %xor;
    %flag_set/vec4 8;
    %jmp/0xz  T_58.12, 8;
    %load/vec4 v0x155c43b40_0;
    %inv;
    %addi 1, 0, 32;
    %store/vec4 v0x155c43b40_0, 0, 32;
T_58.12 ;
    %load/vec4 v0x155c43880_0;
    %flag_set/vec4 8;
    %jmp/0xz  T_58.14, 8;
    %load/vec4 v0x155c43c50_0;
    %inv;
    %addi 1, 0, 32;
    %store/vec4 v0x155c43c50_0, 0, 32;
T_58.14 ;
    %load/vec4 v0x155c43b40_0;
    %load/vec4 v0x155c43c50_0;
    %concat/vec4; draw_concat_vec4
    %store/vec4 v0x155c43760_0, 0, 64;
    %jmp T_58;
    .thread T_58, $push;
    .scope S_0x155c26e20;
T_59 ;
    %wait E_0x155c27140;
    %load/vec4 v0x155c7fe70_0;
    %dup/vec4;
    %pushi/vec4 3, 0, 5;
    %cmp/u;
    %jmp/1 T_59.0, 6;
    %dup/vec4;
    %pushi/vec4 4, 0, 5;
    %cmp/u;
    %jmp/1 T_59.1, 6;
    %dup/vec4;
    %pushi/vec4 5, 0, 5;
    %cmp/u;
    %jmp/1 T_59.2, 6;
    %dup/vec4;
    %pushi/vec4 6, 0, 5;
    %cmp/u;
    %jmp/1 T_59.3, 6;
    %dup/vec4;
    %pushi/vec4 7, 0, 5;
    %cmp/u;
    %jmp/1 T_59.4, 6;
    %dup/vec4;
    %pushi/vec4 8, 0, 5;
    %cmp/u;
    %jmp/1 T_59.5, 6;
    %dup/vec4;
    %pushi/vec4 9, 0, 5;
    %cmp/u;
    %jmp/1 T_59.6, 6;
    %dup/vec4;
    %pushi/vec4 10, 0, 5;
    %cmp/u;
    %jmp/1 T_59.7, 6;
    %dup/vec4;
    %pushi/vec4 11, 0, 5;
    %cmp/u;
    %jmp/1 T_59.8, 6;
    %dup/vec4;
    %pushi/vec4 15, 0, 5;
    %cmp/u;
    %jmp/1 T_59.9, 6;
    %dup/vec4;
    %pushi/vec4 16, 0, 5;
    %cmp/u;
    %jmp/1 T_59.10, 6;
    %dup/vec4;
    %pushi/vec4 17, 0, 5;
    %cmp/u;
    %jmp/1 T_59.11, 6;
    %dup/vec4;
    %pushi/vec4 18, 0, 5;
    %cmp/u;
    %jmp/1 T_59.12, 6;
    %dup/vec4;
    %pushi/vec4 19, 0, 5;
    %cmp/u;
    %jmp/1 T_59.13, 6;
    %pushi/vec4 0, 0, 32;
    %store/vec4 v0x155c803f0_0, 0, 32;
    %jmp T_59.15;
T_59.0 ;
    %pushi/vec4 0, 0, 32;
    %load/vec4 v0x155c7fc40_0;
    %concat/vec4; draw_concat_vec4
    %pad/u 32;
    %store/vec4 v0x155c803f0_0, 0, 32;
    %jmp T_59.15;
T_59.1 ;
    %pushi/vec4 0, 0, 32;
    %load/vec4 v0x155c808d0_0;
    %concat/vec4; draw_concat_vec4
    %pad/u 32;
    %store/vec4 v0x155c803f0_0, 0, 32;
    %jmp T_59.15;
T_59.2 ;
    %pushi/vec4 0, 0, 32;
    %load/vec4 v0x155c7fcf0_0;
    %concat/vec4; draw_concat_vec4
    %pad/u 32;
    %store/vec4 v0x155c803f0_0, 0, 32;
    %jmp T_59.15;
T_59.3 ;
    %pushi/vec4 0, 0, 32;
    %load/vec4 v0x155c80290_0;
    %concat/vec4; draw_concat_vec4
    %pad/u 32;
    %store/vec4 v0x155c803f0_0, 0, 32;
    %jmp T_59.15;
T_59.4 ;
    %pushi/vec4 0, 0, 32;
    %load/vec4 v0x155c80550_0;
    %concat/vec4; draw_concat_vec4
    %pad/u 32;
    %store/vec4 v0x155c803f0_0, 0, 32;
    %jmp T_59.15;
T_59.5 ;
    %pushi/vec4 0, 0, 32;
    %load/vec4 v0x155c80490_0;
    %concat/vec4; draw_concat_vec4
    %pad/u 32;
    %store/vec4 v0x155c803f0_0, 0, 32;
    %jmp T_59.15;
T_59.6 ;
    %pushi/vec4 0, 0, 32;
    %load/vec4 v0x155c807b0_0;
    %concat/vec4; draw_concat_vec4
    %pad/u 32;
    %store/vec4 v0x155c803f0_0, 0, 32;
    %jmp T_59.15;
T_59.7 ;
    %pushi/vec4 0, 0, 32;
    %load/vec4 v0x155c80840_0;
    %concat/vec4; draw_concat_vec4
    %pad/u 32;
    %store/vec4 v0x155c803f0_0, 0, 32;
    %jmp T_59.15;
T_59.8 ;
    %pushi/vec4 0, 0, 32;
    %load/vec4 v0x155c80600_0;
    %concat/vec4; draw_concat_vec4
    %pad/u 32;
    %store/vec4 v0x155c803f0_0, 0, 32;
    %jmp T_59.15;
T_59.9 ;
    %load/vec4 v0x155c7ffa0_0;
    %pad/u 32;
    %store/vec4 v0x155c803f0_0, 0, 32;
    %jmp T_59.15;
T_59.10 ;
    %load/vec4 v0x155c80040_0;
    %pad/u 32;
    %store/vec4 v0x155c803f0_0, 0, 32;
    %jmp T_59.15;
T_59.11 ;
    %pushi/vec4 0, 0, 32;
    %load/vec4 v0x155c80170_0;
    %concat/vec4; draw_concat_vec4
    %pad/u 32;
    %store/vec4 v0x155c803f0_0, 0, 32;
    %jmp T_59.15;
T_59.12 ;
    %pushi/vec4 0, 0, 32;
    %load/vec4 v0x155c80200_0;
    %concat/vec4; draw_concat_vec4
    %pad/u 32;
    %store/vec4 v0x155c803f0_0, 0, 32;
    %jmp T_59.15;
T_59.13 ;
    %pushi/vec4 0, 0, 32;
    %load/vec4 v0x155c80340_0;
    %concat/vec4; draw_concat_vec4
    %pad/u 32;
    %store/vec4 v0x155c803f0_0, 0, 32;
    %jmp T_59.15;
T_59.15 ;
    %pop/vec4 1;
    %jmp T_59;
    .thread T_59, $push;
    .scope S_0x155c26e20;
T_60 ;
    %wait E_0x155c270e0;
    %load/vec4 v0x155c803f0_0;
    %pad/u 64;
    %store/vec4 v0x155c7fae0_0, 0, 64;
    %jmp T_60;
    .thread T_60, $push;
    .scope S_0x155c86e00;
T_61 ;
    %pushi/vec4 0, 0, 32;
    %store/vec4 v0x155c87230_0, 0, 32;
    %end;
    .thread T_61;
    .scope S_0x155c86e00;
T_62 ;
    %wait E_0x155c871f0;
    %load/vec4 v0x155c87680_0;
    %dup/vec4;
    %pushi/vec4 0, 0, 1;
    %cmp/u;
    %jmp/1 T_62.0, 6;
    %dup/vec4;
    %pushi/vec4 1, 0, 1;
    %cmp/u;
    %jmp/1 T_62.1, 6;
    %jmp T_62.2;
T_62.0 ;
    %load/vec4 v0x155c87300_0;
    %store/vec4 v0x155c874b0_0, 0, 32;
    %jmp T_62.2;
T_62.1 ;
    %load/vec4 v0x155c875d0_0;
    %store/vec4 v0x155c874b0_0, 0, 32;
    %jmp T_62.2;
T_62.2 ;
    %pop/vec4 1;
    %jmp T_62;
    .thread T_62, $push;
    .scope S_0x155c86e00;
T_63 ;
    %wait E_0x155c847d0;
    %load/vec4 v0x155c87390_0;
    %flag_set/vec4 8;
    %jmp/0xz  T_63.0, 8;
    %pushi/vec4 0, 0, 32;
    %assign/vec4 v0x155c87230_0, 0;
    %jmp T_63.1;
T_63.0 ;
    %load/vec4 v0x155c87540_0;
    %flag_set/vec4 8;
    %jmp/0xz  T_63.2, 8;
    %load/vec4 v0x155c874b0_0;
    %assign/vec4 v0x155c87230_0, 0;
T_63.2 ;
T_63.1 ;
    %jmp T_63;
    .thread T_63;
    .scope S_0x155c86580;
T_64 ;
    %pushi/vec4 0, 0, 32;
    %store/vec4 v0x155c86cd0_0, 0, 32;
    %end;
    .thread T_64;
    .scope S_0x155c86580;
T_65 ;
    %wait E_0x155c847d0;
    %load/vec4 v0x155c868f0_0;
    %flag_set/vec4 8;
    %jmp/0xz  T_65.0, 8;
    %pushi/vec4 0, 0, 32;
    %assign/vec4 v0x155c86cd0_0, 0;
    %jmp T_65.1;
T_65.0 ;
    %load/vec4 v0x155c86c40_0;
    %flag_set/vec4 8;
    %jmp/0xz  T_65.2, 8;
    %load/vec4 v0x155c86b20_0;
    %assign/vec4 v0x155c86cd0_0, 0;
T_65.2 ;
T_65.1 ;
    %jmp T_65;
    .thread T_65;
    .scope S_0x155c88160;
T_66 ;
    %pushi/vec4 0, 0, 32;
    %store/vec4 v0x155c886c0_0, 0, 32;
    %vpi_call 27 14 "$readmemh", "mem_init.hex", v0x155c88770 {0 0 0};
    %end;
    .thread T_66;
    .scope S_0x155c88160;
T_67 ;
    %wait E_0x155c884d0;
    %load/vec4 v0x155c8a8e0_0;
    %flag_set/vec4 8;
    %jmp/0xz  T_67.0, 8;
    %load/vec4 v0x155c885f0_0;
    %load/vec4 v0x155c88520_0;
    %pad/u 11;
    %ix/vec4 3;
    %ix/load 4, 0, 0; Constant delay
    %assign/vec4/a/d v0x155c88770, 0, 4;
    %load/vec4 v0x155c88520_0;
    %pad/u 11;
    %ix/vec4 4;
    %load/vec4a v0x155c88770, 4;
    %vpi_call 27 20 "$display", "Write: Address=%h, Data In=%h, Memory at Address=%h", v0x155c88520_0, v0x155c885f0_0, S<0,vec4,u32> {1 0 0};
    %jmp T_67.1;
T_67.0 ;
    %load/vec4 v0x155c8a800_0;
    %flag_set/vec4 8;
    %jmp/0xz  T_67.2, 8;
    %load/vec4 v0x155c88520_0;
    %pad/u 11;
    %ix/vec4 4;
    %load/vec4a v0x155c88770, 4;
    %assign/vec4 v0x155c886c0_0, 0;
T_67.2 ;
T_67.1 ;
    %jmp T_67;
    .thread T_67, $push;
    .scope S_0x155c809a0;
T_68 ;
    %pushi/vec4 0, 0, 32;
    %store/vec4 v0x155c831e0_0, 0, 32;
    %end;
    .thread T_68;
    .scope S_0x155c809a0;
T_69 ;
    %wait E_0x155c80e00;
    %load/vec4 v0x155c81890_0;
    %flag_set/vec4 8;
    %jmp/0xz  T_69.0, 8;
    %load/vec4 v0x155c817e0_0;
    %store/vec4 v0x155c831e0_0, 0, 32;
    %jmp T_69.1;
T_69.0 ;
    %load/vec4 v0x155c82280_0;
    %flag_set/vec4 8;
    %jmp/0xz  T_69.2, 8;
    %load/vec4 v0x155c81930_0;
    %store/vec4 v0x155c831e0_0, 0, 32;
    %jmp T_69.3;
T_69.2 ;
    %load/vec4 v0x155c823d0_0;
    %flag_set/vec4 8;
    %jmp/0xz  T_69.4, 8;
    %load/vec4 v0x155c82320_0;
    %store/vec4 v0x155c831e0_0, 0, 32;
    %jmp T_69.5;
T_69.4 ;
    %load/vec4 v0x155c82520_0;
    %flag_set/vec4 8;
    %jmp/0xz  T_69.6, 8;
    %load/vec4 v0x155c82470_0;
    %store/vec4 v0x155c831e0_0, 0, 32;
    %jmp T_69.7;
T_69.6 ;
    %load/vec4 v0x155c81b40_0;
    %flag_set/vec4 8;
    %jmp/0xz  T_69.8, 8;
    %load/vec4 v0x155c825c0_0;
    %store/vec4 v0x155c831e0_0, 0, 32;
    %jmp T_69.9;
T_69.8 ;
    %load/vec4 v0x155c828e0_0;
    %flag_set/vec4 8;
    %jmp/0xz  T_69.10, 8;
    %load/vec4 v0x155c82850_0;
    %store/vec4 v0x155c831e0_0, 0, 32;
    %jmp T_69.11;
T_69.10 ;
    %load/vec4 v0x155c82a10_0;
    %flag_set/vec4 8;
    %jmp/0xz  T_69.12, 8;
    %load/vec4 v0x155c82970_0;
    %store/vec4 v0x155c831e0_0, 0, 32;
    %jmp T_69.13;
T_69.12 ;
    %load/vec4 v0x155c82b60_0;
    %flag_set/vec4 8;
    %jmp/0xz  T_69.14, 8;
    %load/vec4 v0x155c82ab0_0;
    %store/vec4 v0x155c831e0_0, 0, 32;
    %jmp T_69.15;
T_69.14 ;
    %load/vec4 v0x155c82cb0_0;
    %flag_set/vec4 8;
    %jmp/0xz  T_69.16, 8;
    %load/vec4 v0x155c82c00_0;
    %store/vec4 v0x155c831e0_0, 0, 32;
    %jmp T_69.17;
T_69.16 ;
    %load/vec4 v0x155c82e00_0;
    %flag_set/vec4 8;
    %jmp/0xz  T_69.18, 8;
    %load/vec4 v0x155c82d50_0;
    %store/vec4 v0x155c831e0_0, 0, 32;
    %jmp T_69.19;
T_69.18 ;
    %load/vec4 v0x155c81a90_0;
    %flag_set/vec4 8;
    %jmp/0xz  T_69.20, 8;
    %load/vec4 v0x155c819e0_0;
    %store/vec4 v0x155c831e0_0, 0, 32;
    %jmp T_69.21;
T_69.20 ;
    %load/vec4 v0x155c81cb0_0;
    %flag_set/vec4 8;
    %jmp/0xz  T_69.22, 8;
    %load/vec4 v0x155c81c20_0;
    %store/vec4 v0x155c831e0_0, 0, 32;
    %jmp T_69.23;
T_69.22 ;
    %load/vec4 v0x155c81df0_0;
    %flag_set/vec4 8;
    %jmp/0xz  T_69.24, 8;
    %load/vec4 v0x155c81d40_0;
    %store/vec4 v0x155c831e0_0, 0, 32;
    %jmp T_69.25;
T_69.24 ;
    %load/vec4 v0x155c81f40_0;
    %flag_set/vec4 8;
    %jmp/0xz  T_69.26, 8;
    %load/vec4 v0x155c81e90_0;
    %store/vec4 v0x155c831e0_0, 0, 32;
    %jmp T_69.27;
T_69.26 ;
    %load/vec4 v0x155c82090_0;
    %flag_set/vec4 8;
    %jmp/0xz  T_69.28, 8;
    %load/vec4 v0x155c81fe0_0;
    %store/vec4 v0x155c831e0_0, 0, 32;
    %jmp T_69.29;
T_69.28 ;
    %load/vec4 v0x155c821e0_0;
    %flag_set/vec4 8;
    %jmp/0xz  T_69.30, 8;
    %load/vec4 v0x155c82130_0;
    %store/vec4 v0x155c831e0_0, 0, 32;
    %jmp T_69.31;
T_69.30 ;
    %load/vec4 v0x155c815f0_0;
    %flag_set/vec4 8;
    %jmp/0xz  T_69.32, 8;
    %load/vec4 v0x155c814e0_0;
    %store/vec4 v0x155c831e0_0, 0, 32;
    %jmp T_69.33;
T_69.32 ;
    %load/vec4 v0x155c811b0_0;
    %flag_set/vec4 8;
    %jmp/0xz  T_69.34, 8;
    %load/vec4 v0x155c81120_0;
    %store/vec4 v0x155c831e0_0, 0, 32;
    %jmp T_69.35;
T_69.34 ;
    %load/vec4 v0x155c81440_0;
    %flag_set/vec4 8;
    %jmp/0xz  T_69.36, 8;
    %load/vec4 v0x155c81390_0;
    %store/vec4 v0x155c831e0_0, 0, 32;
    %jmp T_69.37;
T_69.36 ;
    %load/vec4 v0x155c82f50_0;
    %flag_set/vec4 8;
    %jmp/0xz  T_69.38, 8;
    %load/vec4 v0x155c82ea0_0;
    %store/vec4 v0x155c831e0_0, 0, 32;
    %jmp T_69.39;
T_69.38 ;
    %load/vec4 v0x155c830a0_0;
    %flag_set/vec4 8;
    %jmp/0xz  T_69.40, 8;
    %load/vec4 v0x155c82ff0_0;
    %store/vec4 v0x155c831e0_0, 0, 32;
    %jmp T_69.41;
T_69.40 ;
    %load/vec4 v0x155c81740_0;
    %flag_set/vec4 8;
    %jmp/0xz  T_69.42, 8;
    %load/vec4 v0x155c81690_0;
    %store/vec4 v0x155c831e0_0, 0, 32;
    %jmp T_69.43;
T_69.42 ;
    %load/vec4 v0x155c812f0_0;
    %flag_set/vec4 8;
    %jmp/0xz  T_69.44, 8;
    %load/vec4 v0x155c81240_0;
    %store/vec4 v0x155c831e0_0, 0, 32;
    %jmp T_69.45;
T_69.44 ;
    %load/vec4 v0x155c81080_0;
    %flag_set/vec4 8;
    %jmp/0xz  T_69.46, 8;
    %load/vec4 v0x155c80fc0_0;
    %store/vec4 v0x155c831e0_0, 0, 32;
T_69.46 ;
T_69.45 ;
T_69.43 ;
T_69.41 ;
T_69.39 ;
T_69.37 ;
T_69.35 ;
T_69.33 ;
T_69.31 ;
T_69.29 ;
T_69.27 ;
T_69.25 ;
T_69.23 ;
T_69.21 ;
T_69.19 ;
T_69.17 ;
T_69.15 ;
T_69.13 ;
T_69.11 ;
T_69.9 ;
T_69.7 ;
T_69.5 ;
T_69.3 ;
T_69.1 ;
    %jmp T_69;
    .thread T_69, $push;
    .scope S_0x155c160d0;
T_70 ;
    %pushi/vec4 0, 0, 4;
    %store/vec4 v0x155c99560_0, 0, 4;
    %end;
    .thread T_70;
    .scope S_0x155c160d0;
T_71 ;
    %pushi/vec4 0, 0, 1;
    %store/vec4 v0x155c98570_0, 0, 1;
T_71.0 ;
    %delay 1000, 0;
    %load/vec4 v0x155c98570_0;
    %inv;
    %store/vec4 v0x155c98570_0, 0, 1;
    %jmp T_71.0;
    %end;
    .thread T_71;
    .scope S_0x155c160d0;
T_72 ;
    %wait E_0x155c847d0;
    %load/vec4 v0x155c99560_0;
    %dup/vec4;
    %pushi/vec4 0, 0, 4;
    %cmp/u;
    %jmp/1 T_72.0, 6;
    %dup/vec4;
    %pushi/vec4 1, 0, 4;
    %cmp/u;
    %jmp/1 T_72.1, 6;
    %dup/vec4;
    %pushi/vec4 2, 0, 4;
    %cmp/u;
    %jmp/1 T_72.2, 6;
    %dup/vec4;
    %pushi/vec4 3, 0, 4;
    %cmp/u;
    %jmp/1 T_72.3, 6;
    %dup/vec4;
    %pushi/vec4 4, 0, 4;
    %cmp/u;
    %jmp/1 T_72.4, 6;
    %dup/vec4;
    %pushi/vec4 5, 0, 4;
    %cmp/u;
    %jmp/1 T_72.5, 6;
    %dup/vec4;
    %pushi/vec4 6, 0, 4;
    %cmp/u;
    %jmp/1 T_72.6, 6;
    %dup/vec4;
    %pushi/vec4 7, 0, 4;
    %cmp/u;
    %jmp/1 T_72.7, 6;
    %dup/vec4;
    %pushi/vec4 8, 0, 4;
    %cmp/u;
    %jmp/1 T_72.8, 6;
    %dup/vec4;
    %pushi/vec4 9, 0, 4;
    %cmp/u;
    %jmp/1 T_72.9, 6;
    %dup/vec4;
    %pushi/vec4 10, 0, 4;
    %cmp/u;
    %jmp/1 T_72.10, 6;
    %dup/vec4;
    %pushi/vec4 11, 0, 4;
    %cmp/u;
    %jmp/1 T_72.11, 6;
    %dup/vec4;
    %pushi/vec4 12, 0, 4;
    %cmp/u;
    %jmp/1 T_72.12, 6;
    %dup/vec4;
    %pushi/vec4 13, 0, 4;
    %cmp/u;
    %jmp/1 T_72.13, 6;
    %jmp T_72.14;
T_72.0 ;
    %pushi/vec4 1, 0, 4;
    %store/vec4 v0x155c99560_0, 0, 4;
    %jmp T_72.14;
T_72.1 ;
    %pushi/vec4 2, 0, 4;
    %store/vec4 v0x155c99560_0, 0, 4;
    %jmp T_72.14;
T_72.2 ;
    %pushi/vec4 3, 0, 4;
    %store/vec4 v0x155c99560_0, 0, 4;
    %jmp T_72.14;
T_72.3 ;
    %pushi/vec4 4, 0, 4;
    %store/vec4 v0x155c99560_0, 0, 4;
    %jmp T_72.14;
T_72.4 ;
    %pushi/vec4 5, 0, 4;
    %store/vec4 v0x155c99560_0, 0, 4;
    %jmp T_72.14;
T_72.5 ;
    %pushi/vec4 6, 0, 4;
    %store/vec4 v0x155c99560_0, 0, 4;
    %jmp T_72.14;
T_72.6 ;
    %pushi/vec4 7, 0, 4;
    %store/vec4 v0x155c99560_0, 0, 4;
    %jmp T_72.14;
T_72.7 ;
    %pushi/vec4 8, 0, 4;
    %store/vec4 v0x155c99560_0, 0, 4;
    %jmp T_72.14;
T_72.8 ;
    %pushi/vec4 9, 0, 4;
    %store/vec4 v0x155c99560_0, 0, 4;
    %jmp T_72.14;
T_72.9 ;
    %pushi/vec4 10, 0, 4;
    %store/vec4 v0x155c99560_0, 0, 4;
    %jmp T_72.14;
T_72.10 ;
    %pushi/vec4 11, 0, 4;
    %store/vec4 v0x155c99560_0, 0, 4;
    %jmp T_72.14;
T_72.11 ;
    %pushi/vec4 12, 0, 4;
    %store/vec4 v0x155c99560_0, 0, 4;
    %jmp T_72.14;
T_72.12 ;
    %pushi/vec4 13, 0, 4;
    %store/vec4 v0x155c99560_0, 0, 4;
    %jmp T_72.14;
T_72.13 ;
    %pushi/vec4 14, 0, 4;
    %store/vec4 v0x155c99560_0, 0, 4;
    %jmp T_72.14;
T_72.14 ;
    %pop/vec4 1;
    %jmp T_72;
    .thread T_72;
    .scope S_0x155c160d0;
T_73 ;
    %wait E_0x155c26680;
    %load/vec4 v0x155c99560_0;
    %dup/vec4;
    %pushi/vec4 0, 0, 4;
    %cmp/u;
    %jmp/1 T_73.0, 6;
    %dup/vec4;
    %pushi/vec4 1, 0, 4;
    %cmp/u;
    %jmp/1 T_73.1, 6;
    %dup/vec4;
    %pushi/vec4 2, 0, 4;
    %cmp/u;
    %jmp/1 T_73.2, 6;
    %dup/vec4;
    %pushi/vec4 3, 0, 4;
    %cmp/u;
    %jmp/1 T_73.3, 6;
    %dup/vec4;
    %pushi/vec4 4, 0, 4;
    %cmp/u;
    %jmp/1 T_73.4, 6;
    %dup/vec4;
    %pushi/vec4 5, 0, 4;
    %cmp/u;
    %jmp/1 T_73.5, 6;
    %dup/vec4;
    %pushi/vec4 6, 0, 4;
    %cmp/u;
    %jmp/1 T_73.6, 6;
    %dup/vec4;
    %pushi/vec4 7, 0, 4;
    %cmp/u;
    %jmp/1 T_73.7, 6;
    %dup/vec4;
    %pushi/vec4 8, 0, 4;
    %cmp/u;
    %jmp/1 T_73.8, 6;
    %dup/vec4;
    %pushi/vec4 9, 0, 4;
    %cmp/u;
    %jmp/1 T_73.9, 6;
    %dup/vec4;
    %pushi/vec4 10, 0, 4;
    %cmp/u;
    %jmp/1 T_73.10, 6;
    %dup/vec4;
    %pushi/vec4 11, 0, 4;
    %cmp/u;
    %jmp/1 T_73.11, 6;
    %dup/vec4;
    %pushi/vec4 12, 0, 4;
    %cmp/u;
    %jmp/1 T_73.12, 6;
    %dup/vec4;
    %pushi/vec4 13, 0, 4;
    %cmp/u;
    %jmp/1 T_73.13, 6;
    %dup/vec4;
    %pushi/vec4 14, 0, 4;
    %cmp/u;
    %jmp/1 T_73.14, 6;
    %jmp T_73.15;
T_73.0 ;
    %pushi/vec4 0, 0, 1;
    %assign/vec4 v0x155c99490_0, 0;
    %pushi/vec4 0, 0, 1;
    %assign/vec4 v0x155c98fc0_0, 0;
    %pushi/vec4 0, 0, 1;
    %assign/vec4 v0x155c99100_0, 0;
    %pushi/vec4 0, 0, 1;
    %assign/vec4 v0x155c98a50_0, 0;
    %pushi/vec4 0, 0, 1;
    %assign/vec4 v0x155c98d90_0, 0;
    %pushi/vec4 0, 0, 1;
    %assign/vec4 v0x155c99ae0_0, 0;
    %pushi/vec4 0, 0, 1;
    %assign/vec4 v0x155c98640_0, 0;
    %pushi/vec4 0, 0, 1;
    %assign/vec4 v0x155c98bf0_0, 0;
    %pushi/vec4 0, 0, 1;
    %assign/vec4 v0x155c98cc0_0, 0;
    %pushi/vec4 0, 0, 1;
    %assign/vec4 v0x155c98980_0, 0;
    %pushi/vec4 0, 0, 1;
    %assign/vec4 v0x155c98e60_0, 0;
    %pushi/vec4 0, 0, 1;
    %assign/vec4 v0x155c98e60_0, 0;
    %pushi/vec4 0, 0, 1;
    %assign/vec4 v0x155c99bb0_0, 0;
    %pushi/vec4 0, 0, 1;
    %assign/vec4 v0x155c993c0_0, 0;
    %pushi/vec4 0, 0, 1;
    %assign/vec4 v0x155c98f30_0, 0;
    %pushi/vec4 0, 0, 1;
    %assign/vec4 v0x155c98b20_0, 0;
    %pushi/vec4 0, 0, 1;
    %assign/vec4 v0x155c99a50_0, 0;
    %pushi/vec4 0, 0, 1;
    %assign/vec4 v0x155c98410_0, 0;
    %pushi/vec4 0, 0, 1;
    %assign/vec4 v0x155c99750_0, 0;
    %pushi/vec4 0, 0, 1;
    %assign/vec4 v0x155c999c0_0, 0;
    %pushi/vec4 0, 0, 5;
    %assign/vec4 v0x155c99e40_0, 0;
    %pushi/vec4 0, 0, 1;
    %assign/vec4 v0x155c984e0_0, 0;
    %pushi/vec4 0, 0, 1;
    %assign/vec4 v0x155c995f0_0, 0;
    %pushi/vec4 0, 0, 1;
    %assign/vec4 v0x155c99680_0, 0;
    %pushi/vec4 0, 0, 1;
    %assign/vec4 v0x155c992f0_0, 0;
    %pushi/vec4 0, 0, 1;
    %assign/vec4 v0x155c986d0_0, 0;
    %pushi/vec4 0, 0, 1;
    %assign/vec4 v0x155c987a0_0, 0;
    %pushi/vec4 0, 0, 1;
    %assign/vec4 v0x155c98870_0, 0;
    %pushi/vec4 0, 0, 1;
    %assign/vec4 v0x155c99820_0, 0;
    %pushi/vec4 0, 0, 1;
    %assign/vec4 v0x155c998f0_0, 0;
    %pushi/vec4 0, 0, 1;
    %assign/vec4 v0x155c269b0_0, 0;
    %pushi/vec4 0, 0, 16;
    %assign/vec4 v0x155c99f10_0, 0;
    %pushi/vec4 0, 0, 16;
    %assign/vec4 v0x155c99fa0_0, 0;
    %pushi/vec4 0, 0, 32;
    %assign/vec4 v0x155c99190_0, 0;
    %pushi/vec4 0, 0, 32;
    %assign/vec4 v0x155c99220_0, 0;
    %jmp T_73.15;
T_73.1 ;
    %pushi/vec4 0, 0, 32;
    %assign/vec4 v0x155c99220_0, 0;
    %pushi/vec4 1, 0, 1;
    %assign/vec4 v0x155c992f0_0, 0;
    %pushi/vec4 1, 0, 1;
    %assign/vec4 v0x155c99490_0, 0;
    %pushi/vec4 19, 0, 5;
    %assign/vec4 v0x155c99e40_0, 0;
    %delay 500, 0;
    %pushi/vec4 1, 0, 1;
    %assign/vec4 v0x155c99bb0_0, 0;
    %pushi/vec4 1, 0, 1;
    %assign/vec4 v0x155c98e60_0, 0;
    %delay 1000, 0;
    %pushi/vec4 0, 0, 1;
    %assign/vec4 v0x155c99490_0, 0;
    %pushi/vec4 0, 0, 1;
    %assign/vec4 v0x155c992f0_0, 0;
    %delay 500, 0;
    %pushi/vec4 0, 0, 1;
    %assign/vec4 v0x155c99bb0_0, 0;
    %pushi/vec4 0, 0, 5;
    %assign/vec4 v0x155c99e40_0, 0;
    %pushi/vec4 0, 0, 1;
    %assign/vec4 v0x155c98e60_0, 0;
    %jmp T_73.15;
T_73.2 ;
    %pushi/vec4 1, 0, 1;
    %assign/vec4 v0x155c99750_0, 0;
    %pushi/vec4 1, 0, 1;
    %assign/vec4 v0x155c98fc0_0, 0;
    %delay 500, 0;
    %pushi/vec4 1, 0, 1;
    %assign/vec4 v0x155c995f0_0, 0;
    %pushi/vec4 1, 0, 1;
    %assign/vec4 v0x155c993c0_0, 0;
    %pushi/vec4 1, 0, 1;
    %assign/vec4 v0x155c98f30_0, 0;
    %delay 500, 0;
    %delay 500, 0;
    %pushi/vec4 0, 0, 1;
    %assign/vec4 v0x155c98fc0_0, 0;
    %pushi/vec4 0, 0, 1;
    %assign/vec4 v0x155c995f0_0, 0;
    %delay 500, 0;
    %pushi/vec4 0, 0, 1;
    %assign/vec4 v0x155c99490_0, 0;
    %pushi/vec4 0, 0, 1;
    %assign/vec4 v0x155c99750_0, 0;
    %pushi/vec4 0, 0, 1;
    %assign/vec4 v0x155c993c0_0, 0;
    %pushi/vec4 0, 0, 1;
    %assign/vec4 v0x155c98f30_0, 0;
    %jmp T_73.15;
T_73.3 ;
    %pushi/vec4 1, 0, 1;
    %assign/vec4 v0x155c99100_0, 0;
    %delay 500, 0;
    %pushi/vec4 1, 0, 1;
    %assign/vec4 v0x155c98b20_0, 0;
    %delay 1000, 0;
    %pushi/vec4 0, 0, 1;
    %assign/vec4 v0x155c99100_0, 0;
    %delay 500, 0;
    %pushi/vec4 0, 0, 1;
    %assign/vec4 v0x155c98b20_0, 0;
    %jmp T_73.15;
T_73.4 ;
    %pushi/vec4 1, 0, 1;
    %assign/vec4 v0x155c987a0_0, 0;
    %pushi/vec4 1, 0, 1;
    %assign/vec4 v0x155c269b0_0, 0;
    %delay 500, 0;
    %pushi/vec4 1, 0, 1;
    %assign/vec4 v0x155c99a50_0, 0;
    %delay 1000, 0;
    %pushi/vec4 0, 0, 1;
    %assign/vec4 v0x155c987a0_0, 0;
    %pushi/vec4 0, 0, 1;
    %assign/vec4 v0x155c269b0_0, 0;
    %delay 500, 0;
    %pushi/vec4 0, 0, 1;
    %assign/vec4 v0x155c99a50_0, 0;
    %jmp T_73.15;
T_73.5 ;
    %pushi/vec4 1, 0, 1;
    %assign/vec4 v0x155c98640_0, 0;
    %pushi/vec4 3, 0, 5;
    %assign/vec4 v0x155c99e40_0, 0;
    %delay 500, 0;
    %pushi/vec4 1, 0, 1;
    %assign/vec4 v0x155c99bb0_0, 0;
    %delay 1500, 0;
    %pushi/vec4 0, 0, 1;
    %assign/vec4 v0x155c99bb0_0, 0;
    %pushi/vec4 0, 0, 1;
    %assign/vec4 v0x155c98640_0, 0;
    %jmp T_73.15;
T_73.6 ;
    %pushi/vec4 1, 0, 1;
    %assign/vec4 v0x155c98fc0_0, 0;
    %delay 500, 0;
    %pushi/vec4 1, 0, 1;
    %assign/vec4 v0x155c99820_0, 0;
    %pushi/vec4 1, 0, 1;
    %assign/vec4 v0x155c986d0_0, 0;
    %delay 1000, 0;
    %pushi/vec4 0, 0, 1;
    %assign/vec4 v0x155c98fc0_0, 0;
    %delay 500, 0;
    %pushi/vec4 0, 0, 1;
    %assign/vec4 v0x155c99820_0, 0;
    %pushi/vec4 0, 0, 1;
    %assign/vec4 v0x155c986d0_0, 0;
    %jmp T_73.15;
T_73.7 ;
    %pushi/vec4 1, 0, 1;
    %assign/vec4 v0x155c99490_0, 0;
    %pushi/vec4 19, 0, 5;
    %assign/vec4 v0x155c99e40_0, 0;
    %delay 500, 0;
    %pushi/vec4 1, 0, 1;
    %assign/vec4 v0x155c99bb0_0, 0;
    %pushi/vec4 1, 0, 1;
    %assign/vec4 v0x155c98e60_0, 0;
    %delay 1000, 0;
    %pushi/vec4 0, 0, 1;
    %assign/vec4 v0x155c99490_0, 0;
    %pushi/vec4 0, 0, 1;
    %assign/vec4 v0x155c992f0_0, 0;
    %delay 500, 0;
    %pushi/vec4 0, 0, 1;
    %assign/vec4 v0x155c99bb0_0, 0;
    %pushi/vec4 0, 0, 5;
    %assign/vec4 v0x155c99e40_0, 0;
    %pushi/vec4 0, 0, 1;
    %assign/vec4 v0x155c98e60_0, 0;
    %jmp T_73.15;
T_73.8 ;
    %pushi/vec4 1, 0, 1;
    %assign/vec4 v0x155c995f0_0, 0;
    %pushi/vec4 1, 0, 1;
    %assign/vec4 v0x155c98fc0_0, 0;
    %delay 500, 0;
    %pushi/vec4 1, 0, 1;
    %assign/vec4 v0x155c99750_0, 0;
    %pushi/vec4 1, 0, 1;
    %assign/vec4 v0x155c993c0_0, 0;
    %pushi/vec4 1, 0, 1;
    %assign/vec4 v0x155c98f30_0, 0;
    %delay 500, 0;
    %delay 500, 0;
    %pushi/vec4 0, 0, 1;
    %assign/vec4 v0x155c98fc0_0, 0;
    %pushi/vec4 0, 0, 1;
    %assign/vec4 v0x155c995f0_0, 0;
    %delay 500, 0;
    %pushi/vec4 0, 0, 1;
    %assign/vec4 v0x155c99750_0, 0;
    %pushi/vec4 0, 0, 1;
    %assign/vec4 v0x155c993c0_0, 0;
    %pushi/vec4 0, 0, 1;
    %assign/vec4 v0x155c98f30_0, 0;
    %jmp T_73.15;
T_73.9 ;
    %pushi/vec4 1, 0, 1;
    %assign/vec4 v0x155c99100_0, 0;
    %delay 500, 0;
    %pushi/vec4 1, 0, 1;
    %assign/vec4 v0x155c98e60_0, 0;
    %pushi/vec4 1, 0, 1;
    %assign/vec4 v0x155c98b20_0, 0;
    %delay 1000, 0;
    %pushi/vec4 0, 0, 1;
    %assign/vec4 v0x155c99100_0, 0;
    %delay 500, 0;
    %pushi/vec4 0, 0, 1;
    %assign/vec4 v0x155c98e60_0, 0;
    %pushi/vec4 0, 0, 1;
    %assign/vec4 v0x155c98b20_0, 0;
    %jmp T_73.15;
T_73.10 ;
    %pushi/vec4 1, 0, 1;
    %assign/vec4 v0x155c986d0_0, 0;
    %delay 500, 0;
    %pushi/vec4 1, 0, 1;
    %assign/vec4 v0x155c998f0_0, 0;
    %pushi/vec4 1, 0, 1;
    %assign/vec4 v0x155c98410_0, 0;
    %delay 1000, 0;
    %delay 500, 0;
    %pushi/vec4 0, 0, 1;
    %assign/vec4 v0x155c986d0_0, 0;
    %pushi/vec4 0, 0, 1;
    %assign/vec4 v0x155c98410_0, 0;
    %pushi/vec4 0, 0, 1;
    %assign/vec4 v0x155c998f0_0, 0;
    %jmp T_73.15;
T_73.11 ;
    %pushi/vec4 1, 0, 1;
    %assign/vec4 v0x155c99490_0, 0;
    %delay 500, 0;
    %pushi/vec4 1, 0, 1;
    %assign/vec4 v0x155c99a50_0, 0;
    %delay 1500, 0;
    %pushi/vec4 0, 0, 1;
    %assign/vec4 v0x155c99490_0, 0;
    %pushi/vec4 0, 0, 1;
    %assign/vec4 v0x155c99a50_0, 0;
    %jmp T_73.15;
T_73.12 ;
    %pushi/vec4 1, 0, 1;
    %assign/vec4 v0x155c98640_0, 0;
    %pushi/vec4 3, 0, 5;
    %assign/vec4 v0x155c99e40_0, 0;
    %delay 1000, 0;
    %pushi/vec4 1, 0, 1;
    %assign/vec4 v0x155c99bb0_0, 0;
    %delay 1000, 0;
    %pushi/vec4 0, 0, 1;
    %assign/vec4 v0x155c98640_0, 0;
    %pushi/vec4 0, 0, 1;
    %assign/vec4 v0x155c99bb0_0, 0;
    %pushi/vec4 0, 0, 5;
    %assign/vec4 v0x155c99e40_0, 0;
    %jmp T_73.15;
T_73.13 ;
    %pushi/vec4 1, 0, 1;
    %assign/vec4 v0x155c98fc0_0, 0;
    %pushi/vec4 19, 0, 5;
    %assign/vec4 v0x155c99e40_0, 0;
    %delay 1000, 0;
    %pushi/vec4 1, 0, 1;
    %assign/vec4 v0x155c99bb0_0, 0;
    %delay 1000, 0;
    %pushi/vec4 0, 0, 1;
    %assign/vec4 v0x155c98fc0_0, 0;
    %pushi/vec4 0, 0, 1;
    %assign/vec4 v0x155c99bb0_0, 0;
    %pushi/vec4 0, 0, 5;
    %assign/vec4 v0x155c99e40_0, 0;
    %jmp T_73.15;
T_73.14 ;
    %delay 500, 0;
    %pushi/vec4 1, 0, 1;
    %assign/vec4 v0x155c98fc0_0, 0;
    %delay 500, 0;
    %load/vec4 v0x155c98380_0;
    %flag_set/vec4 8;
    %jmp/0xz  T_73.16, 8;
    %pushi/vec4 1, 0, 1;
    %assign/vec4 v0x155c993c0_0, 0;
T_73.16 ;
    %delay 500, 0;
    %pushi/vec4 0, 0, 1;
    %assign/vec4 v0x155c98fc0_0, 0;
    %delay 500, 0;
    %pushi/vec4 0, 0, 1;
    %assign/vec4 v0x155c993c0_0, 0;
    %pushi/vec4 0, 0, 1;
    %assign/vec4 v0x155c99bb0_0, 0;
    %jmp T_73.15;
T_73.15 ;
    %pop/vec4 1;
    %jmp T_73;
    .thread T_73, $push;
    .scope S_0x155c160d0;
T_74 ;
    %vpi_call 4 194 "$dumpfile", "conFF_tb.vcd" {0 0 0};
    %vpi_call 4 195 "$dumpvars" {0 0 0};
    %end;
    .thread T_74;
    .scope S_0x155c160d0;
T_75 ;
    %delay 50000, 0;
    %vpi_call 4 201 "$display", "Simulation complete." {0 0 0};
    %vpi_call 4 202 "$finish" {0 0 0};
    %end;
    .thread T_75;
# The file index is used to find the file name in the following table.
:file_names 30;
    "N/A";
    "<interactive>";
    "In_port.v";
    "Out_port.v";
    "conFF_tb.v";
    "DataPath.v";
    "ALU.v";
    "collective_add.v";
    "adder.v";
    "and_op.v";
    "non_restore_div.v";
    "boothMul.v";
    "neg.v";
    "not_op.v";
    "or_op.v";
    "rol.v";
    "ror.v";
    "shl.v";
    "shr.v";
    "shra.v";
    "subtract.v";
    "Bus.v";
    "conFF.v";
    "register.v";
    "MAR.v";
    "MDR.v";
    "PC.v";
    "RAM.v";
    "R0.v";
    "Select_Encode.v";
