#! /opt/homebrew/Cellar/icarus-verilog/12.0/bin/vvp
:ivl_version "12.0 (stable)";
:ivl_delay_selection "TYPICAL";
:vpi_time_precision - 11;
:vpi_module "/opt/homebrew/Cellar/icarus-verilog/12.0/lib/ivl/system.vpi";
:vpi_module "/opt/homebrew/Cellar/icarus-verilog/12.0/lib/ivl/vhdl_sys.vpi";
:vpi_module "/opt/homebrew/Cellar/icarus-verilog/12.0/lib/ivl/vhdl_textio.vpi";
:vpi_module "/opt/homebrew/Cellar/icarus-verilog/12.0/lib/ivl/v2005_math.vpi";
:vpi_module "/opt/homebrew/Cellar/icarus-verilog/12.0/lib/ivl/va_math.vpi";
S_0x13ff75140 .scope module, "control_unit_tb" "control_unit_tb" 2 2;
 .timescale -9 -11;
v0x13ff74f30_0 .var "Clear", 0 0;
v0x13ff74fc0_0 .var "Clock", 0 0;
v0x14925b5a0_0 .var "input_port_unit", 31 0;
v0x14925b670_0 .var "stop", 0 0;
S_0x13ff6b690 .scope module, "DUT" "DataPath" 2 9, 3 1 0, S_0x13ff75140;
 .timescale -9 -11;
    .port_info 0 /INPUT 1 "Clock";
    .port_info 1 /INPUT 1 "Clear";
    .port_info 2 /INPUT 1 "Zin";
    .port_info 3 /INPUT 1 "PCin";
    .port_info 4 /INPUT 1 "MDRin";
    .port_info 5 /INPUT 1 "IRin";
    .port_info 6 /INPUT 1 "Yin";
    .port_info 7 /INPUT 1 "MARin";
    .port_info 8 /INPUT 1 "LOin";
    .port_info 9 /INPUT 1 "HIin";
    .port_info 10 /INPUT 1 "Read";
    .port_info 11 /INPUT 32 "Mdatain";
    .port_info 12 /INPUT 32 "input_port_unit";
    .port_info 13 /INPUT 5 "control";
    .port_info 14 /INPUT 1 "PCout";
    .port_info 15 /INPUT 1 "MDRout";
    .port_info 16 /INPUT 1 "HIout";
    .port_info 17 /INPUT 1 "LOout";
    .port_info 18 /INPUT 1 "Z_high_out";
    .port_info 19 /INPUT 1 "Z_low_out";
    .port_info 20 /INPUT 1 "In_Port_out";
    .port_info 21 /INPUT 1 "Cout";
    .port_info 22 /INPUT 1 "RAM_read";
    .port_info 23 /INPUT 1 "RAM_write";
    .port_info 24 /INPUT 1 "output_port_in";
    .port_info 25 /INPUT 1 "Gra";
    .port_info 26 /INPUT 1 "Grb";
    .port_info 27 /INPUT 1 "Grc";
    .port_info 28 /INPUT 1 "Rin";
    .port_info 29 /INPUT 1 "Rout";
    .port_info 30 /INPUT 1 "BAout";
    .port_info 31 /INPUT 1 "PC_tb_enable";
    .port_info 32 /INPUT 1 "CONin";
    .port_info 33 /INPUT 1 "In_port";
    .port_info 34 /INPUT 1 "stop";
    .port_info 35 /INPUT 1 "Run";
    .port_info 36 /INPUT 32 "PC_tb_value";
    .port_info 37 /INPUT 1 "CON";
P_0x14ffb9740 .param/l "DATA_WIDTH" 0 3 1, +C4<00000000000000000000000000100000>;
v0x149257de0_0 .net "ALU_result", 63 0, v0x149241690_0;  1 drivers
v0x149257e90_0 .net "BAout", 0 0, v0x14ff91380_0;  1 drivers
v0x149257f20_0 .net "BusMuxIn_MDR", 31 0, v0x149248cf0_0;  1 drivers
v0x149257fb0_0 .net "BusMuxOut", 31 0, v0x149244d70_0;  1 drivers
v0x149258040_0 .net "BusMuxOut_In_Port", 31 0, L_0x14925b740;  1 drivers
v0x149258150_0 .net "CON", 0 0, v0x149245830_0;  1 drivers
v0x149258220_0 .net "CONin", 0 0, v0x14fffb7e0_0;  1 drivers
v0x1492582f0_0 .net "C_sign_extended", 31 0, v0x149255cc0_0;  1 drivers
v0x1492583c0_0 .net "Clear", 0 0, v0x13ff74f30_0;  1 drivers
v0x1492584d0_0 .net "Clock", 0 0, v0x13ff74fc0_0;  1 drivers
v0x149258560_0 .net "Cout", 0 0, v0x14fffd560_0;  1 drivers
v0x1492585f0_0 .net "Data", 31 0, v0x14924a8d0_0;  1 drivers
v0x149258680_0 .net "Gra", 0 0, v0x13ff673d0_0;  1 drivers
v0x149258750_0 .net "Grb", 0 0, v0x13ff663b0_0;  1 drivers
v0x149258820_0 .net "Grc", 0 0, v0x13ff65380_0;  1 drivers
v0x1492588f0_0 .net "HEX0", 7 0, v0x1492551b0_0;  1 drivers
v0x149258980_0 .net "HEX1", 7 0, v0x149255600_0;  1 drivers
v0x149258b10_0 .net "HI", 31 0, L_0x14925d470;  1 drivers
v0x149258ba0_0 .net "HIin", 0 0, v0x13ff725f0_0;  1 drivers
v0x149258c30_0 .net "HIout", 0 0, v0x13ff643a0_0;  1 drivers
v0x149258d00_0 .net "IR", 31 0, L_0x14925d0d0;  1 drivers
v0x149258e10_0 .net "IRin", 0 0, v0x13ff70590_0;  1 drivers
o0x140071dc0 .functor BUFZ 1, C4<z>; HiZ drive
v0x149258ea0_0 .net "In_Port_out", 0 0, o0x140071dc0;  0 drivers
o0x140071df0 .functor BUFZ 1, C4<z>; HiZ drive
v0x149258f30_0 .net "In_port", 0 0, o0x140071df0;  0 drivers
v0x149258fc0_0 .net "LO", 31 0, L_0x14925d4e0;  1 drivers
v0x149259090_0 .net "LOin", 0 0, v0x13ff6f560_0;  1 drivers
v0x149259160_0 .net "LOout", 0 0, v0x13ff6e530_0;  1 drivers
v0x149259230_0 .net "MAR_address_out", 8 0, L_0x1492c2ab0;  1 drivers
v0x1492592c0_0 .net "MARin", 0 0, v0x13ff6d500_0;  1 drivers
v0x149259390_0 .net "MDRin", 0 0, v0x13ff6c4d0_0;  1 drivers
v0x149259460_0 .net "MDRout", 0 0, v0x13ff6a450_0;  1 drivers
o0x140071e20 .functor BUFZ 32, C4<zzzzzzzzzzzzzzzzzzzzzzzzzzzzzzzz>; HiZ drive
v0x149259530_0 .net "Mdatain", 31 0, o0x140071e20;  0 drivers
v0x1492595c0_0 .net "PC", 31 0, L_0x14925d060;  1 drivers
o0x140071e50 .functor BUFZ 1, C4<z>; HiZ drive
v0x149258a50_0 .net "PC_tb_enable", 0 0, o0x140071e50;  0 drivers
o0x140071e80 .functor BUFZ 32, C4<zzzzzzzzzzzzzzzzzzzzzzzzzzzzzzzz>; HiZ drive
v0x149259850_0 .net "PC_tb_value", 31 0, o0x140071e80;  0 drivers
v0x1492598e0_0 .net "PCin", 0 0, v0x13ff683f0_0;  1 drivers
v0x1492599b0_0 .net "PCout", 0 0, v0x13ff741e0_0;  1 drivers
v0x149259a80_0 .net "R0", 31 0, L_0x14925b860;  1 drivers
v0x149259b10_0 .net "R1", 31 0, L_0x14925ba60;  1 drivers
v0x149259be0_0 .net "R10", 31 0, L_0x14925c720;  1 drivers
v0x149259cb0_0 .net "R11", 31 0, L_0x14925c8b0;  1 drivers
v0x149259d80_0 .net "R12", 31 0, L_0x14925c9e0;  1 drivers
v0x149259e50_0 .net "R13", 31 0, L_0x14925cb80;  1 drivers
v0x149259f20_0 .net "R14", 31 0, L_0x14925ccb0;  1 drivers
v0x149259ff0_0 .net "R15", 31 0, L_0x14925cb10;  1 drivers
v0x14925a0c0_0 .net "R2", 31 0, L_0x14925bb70;  1 drivers
v0x14925a190_0 .net "R3", 31 0, L_0x14925bd40;  1 drivers
v0x14925a260_0 .net "R4", 31 0, L_0x14925be50;  1 drivers
v0x14925a330_0 .net "R5", 31 0, L_0x14925bfd0;  1 drivers
v0x14925a400_0 .net "R6", 31 0, L_0x14925c100;  1 drivers
v0x14925a4d0_0 .net "R7", 31 0, L_0x14925bca0;  1 drivers
v0x14925a5a0_0 .net "R8", 31 0, L_0x14925c450;  1 drivers
v0x14925a670_0 .net "R9", 31 0, L_0x14925c5f0;  1 drivers
v0x14925a740_0 .net "RAM_read", 0 0, v0x13ffbcd10_0;  1 drivers
v0x14925a810_0 .net "RAM_write", 0 0, v0x13ffef930_0;  1 drivers
v0x14925a8e0_0 .net "Read", 0 0, v0x13ffcd890_0;  1 drivers
v0x14925a9b0_0 .net "Rin", 0 0, v0x13ffeffd0_0;  1 drivers
v0x14925aa80_0 .net "Rout", 0 0, v0x13ffdf330_0;  1 drivers
v0x14925ab50_0 .net "Run", 0 0, v0x13ffdefd0_0;  1 drivers
v0x14925abe0_0 .net "Y", 31 0, v0x149256c70_0;  1 drivers
v0x14925ac70_0 .net "Yin", 0 0, v0x13ffcdf60_0;  1 drivers
v0x14925ad40_0 .net "Z_high", 31 0, L_0x14925d360;  1 drivers
v0x14925ae10_0 .net "Z_high_out", 0 0, v0x13ffbcf20_0;  1 drivers
v0x14925aee0_0 .net "Z_low", 31 0, L_0x14925d140;  1 drivers
v0x14925afb0_0 .net "Z_low_out", 0 0, v0x13ffab180_0;  1 drivers
v0x149259690_0 .net "Zin", 0 0, v0x13ffbc190_0;  1 drivers
v0x149259720_0 .net "control", 4 0, v0x13ff9ab80_0;  1 drivers
v0x14925b040_0 .net "in_enable", 15 0, v0x149256130_0;  1 drivers
v0x14925b0d0_0 .net "in_port_out", 0 0, v0x13ff9a820_0;  1 drivers
v0x14925b160_0 .net "input_port_unit", 31 0, v0x14925b5a0_0;  1 drivers
v0x14925b1f0_0 .net "out_enable", 15 0, v0x1492562f0_0;  1 drivers
v0x14925b280_0 .net "output_port_in", 0 0, v0x13ff633d0_0;  1 drivers
v0x14925b350_0 .net "output_port_unit", 31 0, v0x149249940_0;  1 drivers
v0x14925b3e0_0 .net "stop", 0 0, v0x14925b670_0;  1 drivers
L_0x14925b980 .part v0x149256130_0, 0, 1;
L_0x14925bad0 .part v0x149256130_0, 1, 1;
L_0x14925bbe0 .part v0x149256130_0, 2, 1;
L_0x14925bdb0 .part v0x149256130_0, 3, 1;
L_0x14925bee0 .part v0x149256130_0, 4, 1;
L_0x14925c040 .part v0x149256130_0, 5, 1;
L_0x14925c190 .part v0x149256130_0, 6, 1;
L_0x14925c3b0 .part v0x149256130_0, 7, 1;
L_0x14925c4e0 .part v0x149256130_0, 8, 1;
L_0x14925c680 .part v0x149256130_0, 9, 1;
L_0x14925c790 .part v0x149256130_0, 10, 1;
L_0x14925c940 .part v0x149256130_0, 11, 1;
L_0x14925ca50 .part v0x149256130_0, 12, 1;
L_0x14925cc10 .part v0x149256130_0, 13, 1;
L_0x14925cd20 .part v0x149256130_0, 14, 1;
L_0x14925cfc0 .part v0x149256130_0, 15, 1;
L_0x14925d1d0 .part v0x149241690_0, 0, 32;
L_0x14925d3d0 .part v0x149241690_0, 32, 32;
L_0x1492c2b50 .part v0x149249940_0, 0, 4;
L_0x1492c2c90 .part v0x149249940_0, 4, 4;
L_0x1492c2da0 .part v0x1492562f0_0, 0, 1;
L_0x1492c2bf0 .part v0x1492562f0_0, 1, 1;
L_0x1492c2ef0 .part v0x1492562f0_0, 2, 1;
L_0x1492c30d0 .part v0x1492562f0_0, 3, 1;
L_0x1492c2e40 .part v0x1492562f0_0, 4, 1;
L_0x1492c3240 .part v0x1492562f0_0, 5, 1;
L_0x1492c3010 .part v0x1492562f0_0, 6, 1;
L_0x1492c34c0 .part v0x1492562f0_0, 7, 1;
L_0x1492c3170 .part v0x1492562f0_0, 8, 1;
L_0x1492c3650 .part v0x1492562f0_0, 9, 1;
L_0x1492c33e0 .part v0x1492562f0_0, 10, 1;
L_0x1492c37f0 .part v0x1492562f0_0, 11, 1;
L_0x1492c3560 .part v0x1492562f0_0, 12, 1;
L_0x1492c36f0 .part v0x1492562f0_0, 13, 1;
L_0x1492c39a0 .part v0x1492562f0_0, 14, 1;
L_0x1492c32e0 .part v0x1492562f0_0, 15, 1;
S_0x13ff6a680 .scope module, "CU" "control_unit" 3 362, 4 2 0, S_0x13ff6b690;
 .timescale -9 -11;
    .port_info 0 /OUTPUT 1 "PCout";
    .port_info 1 /OUTPUT 1 "Z_high_out";
    .port_info 2 /OUTPUT 1 "MDRout";
    .port_info 3 /OUTPUT 1 "MARin";
    .port_info 4 /OUTPUT 1 "PCin";
    .port_info 5 /OUTPUT 1 "MDRin";
    .port_info 6 /OUTPUT 1 "IRin";
    .port_info 7 /OUTPUT 1 "Yin";
    .port_info 8 /OUTPUT 1 "Read";
    .port_info 9 /OUTPUT 1 "HIin";
    .port_info 10 /OUTPUT 1 "LOin";
    .port_info 11 /OUTPUT 1 "HIout";
    .port_info 12 /OUTPUT 1 "LOout";
    .port_info 13 /OUTPUT 1 "Zin";
    .port_info 14 /OUTPUT 1 "Cout";
    .port_info 15 /OUTPUT 1 "RAM_write";
    .port_info 16 /OUTPUT 1 "Gra";
    .port_info 17 /OUTPUT 1 "Grb";
    .port_info 18 /OUTPUT 1 "Grc";
    .port_info 19 /OUTPUT 1 "Rin";
    .port_info 20 /OUTPUT 1 "Rout";
    .port_info 21 /OUTPUT 1 "BAout";
    .port_info 22 /OUTPUT 1 "CONin";
    .port_info 23 /OUTPUT 1 "output_port_in";
    .port_info 24 /OUTPUT 1 "in_port_out";
    .port_info 25 /OUTPUT 1 "Run";
    .port_info 26 /OUTPUT 1 "Zlowout";
    .port_info 27 /OUTPUT 1 "RAM_read";
    .port_info 28 /OUTPUT 1 "CON";
    .port_info 29 /INPUT 32 "IR";
    .port_info 30 /OUTPUT 5 "control";
    .port_info 31 /INPUT 1 "clk";
    .port_info 32 /INPUT 1 "clr";
    .port_info 33 /INPUT 1 "stop";
P_0x14880ec00 .param/l "add3" 0 4 18, C4<00000100>;
P_0x14880ec40 .param/l "add4" 0 4 19, C4<00000101>;
P_0x14880ec80 .param/l "add5" 0 4 20, C4<00000110>;
P_0x14880ecc0 .param/l "addi3" 0 4 67, C4<00110111>;
P_0x14880ed00 .param/l "addi4" 0 4 68, C4<00111000>;
P_0x14880ed40 .param/l "addi5" 0 4 69, C4<00111001>;
P_0x14880ed80 .param/l "and3" 0 4 35, C4<00010101>;
P_0x14880edc0 .param/l "and4" 0 4 36, C4<00010110>;
P_0x14880ee00 .param/l "and5" 0 4 37, C4<00010111>;
P_0x14880ee40 .param/l "andi3" 0 4 70, C4<00111010>;
P_0x14880ee80 .param/l "andi4" 0 4 71, C4<00111011>;
P_0x14880eec0 .param/l "andi5" 0 4 72, C4<00111100>;
P_0x14880ef00 .param/l "br3" 0 4 76, C4<01000000>;
P_0x14880ef40 .param/l "br4" 0 4 77, C4<01000001>;
P_0x14880ef80 .param/l "br5" 0 4 78, C4<01000010>;
P_0x14880efc0 .param/l "br6" 0 4 79, C4<01000011>;
P_0x14880f000 .param/l "br7" 0 4 80, C4<11111111>;
P_0x14880f040 .param/l "div3" 0 4 28, C4<00001110>;
P_0x14880f080 .param/l "div4" 0 4 29, C4<00001111>;
P_0x14880f0c0 .param/l "div5" 0 4 30, C4<00010000>;
P_0x14880f100 .param/l "div6" 0 4 31, C4<00010001>;
P_0x14880f140 .param/l "fetch0" 0 4 15, C4<00000001>;
P_0x14880f180 .param/l "fetch1" 0 4 16, C4<00000010>;
P_0x14880f1c0 .param/l "fetch2" 0 4 17, C4<00000011>;
P_0x14880f200 .param/l "halt3" 0 4 89, C4<01001100>;
P_0x14880f240 .param/l "in3" 0 4 86, C4<01001001>;
P_0x14880f280 .param/l "jal3" 0 4 82, C4<01000101>;
P_0x14880f2c0 .param/l "jal4" 0 4 83, C4<01000110>;
P_0x14880f300 .param/l "jr3" 0 4 81, C4<01000100>;
P_0x14880f340 .param/l "ld3" 0 4 54, C4<00101010>;
P_0x14880f380 .param/l "ld4" 0 4 55, C4<00101011>;
P_0x14880f3c0 .param/l "ld5" 0 4 56, C4<00101100>;
P_0x14880f400 .param/l "ld6" 0 4 57, C4<00101101>;
P_0x14880f440 .param/l "ld7" 0 4 58, C4<00101110>;
P_0x14880f480 .param/l "ldi3" 0 4 59, C4<00101111>;
P_0x14880f4c0 .param/l "ldi4" 0 4 60, C4<00110000>;
P_0x14880f500 .param/l "ldi5" 0 4 61, C4<00110001>;
P_0x14880f540 .param/l "mfhi3" 0 4 84, C4<01000111>;
P_0x14880f580 .param/l "mflo3" 0 4 85, C4<01001000>;
P_0x14880f5c0 .param/l "mul3" 0 4 24, C4<00001010>;
P_0x14880f600 .param/l "mul4" 0 4 25, C4<00001011>;
P_0x14880f640 .param/l "mul5" 0 4 26, C4<00001100>;
P_0x14880f680 .param/l "mul6" 0 4 27, C4<00001101>;
P_0x14880f6c0 .param/l "neg3" 0 4 50, C4<00100100>;
P_0x14880f700 .param/l "neg4" 0 4 51, C4<00100101>;
P_0x14880f740 .param/l "nop3" 0 4 88, C4<01001011>;
P_0x14880f780 .param/l "not3" 0 4 52, C4<00100111>;
P_0x14880f7c0 .param/l "not4" 0 4 53, C4<00101000>;
P_0x14880f800 .param/l "or3" 0 4 32, C4<00010010>;
P_0x14880f840 .param/l "or4" 0 4 33, C4<00010011>;
P_0x14880f880 .param/l "or5" 0 4 34, C4<00010100>;
P_0x14880f8c0 .param/l "ori3" 0 4 73, C4<00111101>;
P_0x14880f900 .param/l "ori4" 0 4 74, C4<00111110>;
P_0x14880f940 .param/l "ori5" 0 4 75, C4<00111111>;
P_0x14880f980 .param/l "out3" 0 4 87, C4<01001010>;
P_0x14880f9c0 .param/l "reset_state" 0 4 14, C4<00000000>;
P_0x14880fa00 .param/l "rol3" 0 4 44, C4<00011110>;
P_0x14880fa40 .param/l "rol4" 0 4 45, C4<00011111>;
P_0x14880fa80 .param/l "rol5" 0 4 46, C4<00100000>;
P_0x14880fac0 .param/l "ror3" 0 4 47, C4<00100001>;
P_0x14880fb00 .param/l "ror4" 0 4 48, C4<00100010>;
P_0x14880fb40 .param/l "ror5" 0 4 49, C4<00100011>;
P_0x14880fb80 .param/l "shl3" 0 4 38, C4<00011000>;
P_0x14880fbc0 .param/l "shl4" 0 4 39, C4<00011001>;
P_0x14880fc00 .param/l "shl5" 0 4 40, C4<00011010>;
P_0x14880fc40 .param/l "shr3" 0 4 41, C4<00011011>;
P_0x14880fc80 .param/l "shr4" 0 4 42, C4<00011100>;
P_0x14880fcc0 .param/l "shr5" 0 4 43, C4<00011101>;
P_0x14880fd00 .param/l "st3" 0 4 62, C4<00110010>;
P_0x14880fd40 .param/l "st4" 0 4 63, C4<00110011>;
P_0x14880fd80 .param/l "st5" 0 4 64, C4<00110100>;
P_0x14880fdc0 .param/l "st6" 0 4 65, C4<00110101>;
P_0x14880fe00 .param/l "st7" 0 4 66, C4<00110110>;
P_0x14880fe40 .param/l "sub3" 0 4 21, C4<00000111>;
P_0x14880fe80 .param/l "sub4" 0 4 22, C4<00001000>;
P_0x14880fec0 .param/l "sub5" 0 4 23, C4<00001001>;
v0x14ff91380_0 .var "BAout", 0 0;
v0x13ff77670_0 .net "CON", 0 0, v0x149245830_0;  alias, 1 drivers
v0x14fffb7e0_0 .var "CONin", 0 0;
v0x14fffd560_0 .var "Cout", 0 0;
v0x13ff673d0_0 .var "Gra", 0 0;
v0x13ff663b0_0 .var "Grb", 0 0;
v0x13ff65380_0 .var "Grc", 0 0;
v0x13ff725f0_0 .var "HIin", 0 0;
v0x13ff643a0_0 .var "HIout", 0 0;
v0x13ff715c0_0 .net "IR", 31 0, L_0x14925d0d0;  alias, 1 drivers
v0x13ff70590_0 .var "IRin", 0 0;
v0x13ff6f560_0 .var "LOin", 0 0;
v0x13ff6e530_0 .var "LOout", 0 0;
v0x13ff6d500_0 .var "MARin", 0 0;
v0x13ff6c4d0_0 .var "MDRin", 0 0;
v0x13ff6a450_0 .var "MDRout", 0 0;
v0x13ff683f0_0 .var "PCin", 0 0;
v0x13ff741e0_0 .var "PCout", 0 0;
v0x13ffbcd10_0 .var "RAM_read", 0 0;
v0x13ffef930_0 .var "RAM_write", 0 0;
v0x13ffcd890_0 .var "Read", 0 0;
v0x13ffeffd0_0 .var "Rin", 0 0;
v0x13ffdf330_0 .var "Rout", 0 0;
v0x13ffdefd0_0 .var "Run", 0 0;
v0x13ffcdf60_0 .var "Yin", 0 0;
v0x13ffbcf20_0 .var "Z_high_out", 0 0;
v0x13ffbc190_0 .var "Zin", 0 0;
v0x13ffab180_0 .var "Zlowout", 0 0;
v0x13ff890e0_0 .net "clk", 0 0, v0x13ff74fc0_0;  alias, 1 drivers
v0x13ffab820_0 .net "clr", 0 0, v0x13ff74f30_0;  alias, 1 drivers
v0x13ff9ab80_0 .var "control", 4 0;
v0x13ff9a820_0 .var "in_port_out", 0 0;
v0x13ff897b0_0 .var "next_state", 7 0;
v0x13ff633d0_0 .var "output_port_in", 0 0;
v0x13ff693f0_0 .var "present_state", 7 0;
v0x13ff69480_0 .net "stop", 0 0, v0x14925b670_0;  alias, 1 drivers
E_0x14ff85d30 .event anyedge, v0x13ff693f0_0, v0x13ff77670_0, v0x13ff715c0_0;
E_0x14ff85230 .event posedge, v0x13ff69480_0, v0x13ffab820_0, v0x13ff890e0_0;
S_0x13ff69600 .scope module, "alu" "ALU" 3 261, 5 1 0, S_0x13ff6b690;
 .timescale -9 -11;
    .port_info 0 /INPUT 32 "a";
    .port_info 1 /INPUT 32 "b";
    .port_info 2 /INPUT 5 "control";
    .port_info 3 /OUTPUT 64 "Z_reg";
P_0x14fffb870 .param/l "DATA_WIDTH" 0 5 1, +C4<00000000000000000000000000100000>;
v0x149241690_0 .var "Z_reg", 63 0;
v0x149241750_0 .net "a", 31 0, v0x149256c70_0;  alias, 1 drivers
v0x1492417f0_0 .net "add_result", 31 0, L_0x14927ea30;  1 drivers
v0x1492418a0_0 .net "and_result", 31 0, L_0x1492c1660;  1 drivers
v0x149241950_0 .net "b", 31 0, v0x149244d70_0;  alias, 1 drivers
v0x149241a20_0 .net "control", 4 0, v0x13ff9ab80_0;  alias, 1 drivers
RS_0x140057f90 .resolv tri, L_0x14927dfb0, L_0x14929f420, L_0x1492c0a90;
v0x149241ab0_0 .net8 "cout", 0 0, RS_0x140057f90;  3 drivers
v0x149241b40_0 .net "div_result", 63 0, v0x149204e60_0;  1 drivers
v0x149241bf0_0 .net "mul_result", 63 0, v0x149205ec0_0;  1 drivers
v0x149241d20_0 .net "neg_result", 31 0, L_0x1492c28c0;  1 drivers
v0x149241db0_0 .net "not_result", 31 0, L_0x1492c2a00;  1 drivers
v0x149241e40_0 .net "or_result", 31 0, L_0x1492c1710;  1 drivers
v0x149241ef0_0 .net "pc_result", 31 0, L_0x14929fea0;  1 drivers
v0x149241fa0_0 .var "result", 63 0;
v0x149242040_0 .net "rol_result", 31 0, L_0x1492c2790;  1 drivers
v0x149242100_0 .net "ror_result", 31 0, L_0x1492c2170;  1 drivers
v0x1492421b0_0 .net "shl_result", 31 0, L_0x1492c1be0;  1 drivers
v0x149242360_0 .net "shr_result", 31 0, L_0x1492c1860;  1 drivers
v0x1492423f0_0 .net "shra_result", 31 0, L_0x1492c1a20;  1 drivers
v0x149242480_0 .net "sub_result", 31 0, L_0x1492c1590;  1 drivers
E_0x13ffbcfb0 .event anyedge, v0x149241fa0_0;
E_0x13ffbcff0/0 .event anyedge, v0x13ff9ab80_0, v0x149204300_0, v0x149241070_0, v0x149204880_0;
E_0x13ffbcff0/1 .event anyedge, v0x149206f60_0, v0x149223fd0_0, v0x149223590_0, v0x149224c50_0;
E_0x13ffbcff0/2 .event anyedge, v0x1492251a0_0, v0x1492245a0_0, v0x149204e60_0, v0x149205ec0_0;
E_0x13ffbcff0/3 .event anyedge, v0x149206600_0, v0x149206a70_0, v0x149222a90_0;
E_0x13ffbcff0 .event/or E_0x13ffbcff0/0, E_0x13ffbcff0/1, E_0x13ffbcff0/2, E_0x13ffbcff0/3;
S_0x13ff68620 .scope module, "ADD" "collective_add" 5 17, 6 22 0, S_0x13ff69600;
 .timescale -9 -11;
    .port_info 0 /INPUT 32 "d1";
    .port_info 1 /INPUT 32 "d2";
    .port_info 2 /INPUT 1 "cin";
    .port_info 3 /OUTPUT 32 "sum";
    .port_info 4 /OUTPUT 1 "cout";
P_0x13ffdf060 .param/l "DATA_WIDTH" 0 6 22, +C4<00000000000000000000000000100000>;
v0x13ffffea0_0 .net "c1", 0 0, L_0x14926d530;  1 drivers
L_0x140088058 .functor BUFT 1, C4<0>, C4<0>, C4<0>, C4<0>;
v0x149204080_0 .net "cin", 0 0, L_0x140088058;  1 drivers
v0x149204110_0 .net8 "cout", 0 0, RS_0x140057f90;  alias, 3 drivers
v0x1492041a0_0 .net "d1", 31 0, v0x149256c70_0;  alias, 1 drivers
v0x149204230_0 .net "d2", 31 0, v0x149244d70_0;  alias, 1 drivers
v0x149204300_0 .net "sum", 31 0, L_0x14927ea30;  alias, 1 drivers
L_0x14926de70 .part v0x149256c70_0, 0, 16;
L_0x149224a30 .part v0x149244d70_0, 0, 16;
L_0x14927e8f0 .part v0x149256c70_0, 16, 16;
L_0x14927e990 .part v0x149244d70_0, 16, 16;
L_0x14927ea30 .concat8 [ 16 16 0 0], L_0x14926dcc0, L_0x14927e740;
S_0x13ff65570 .scope module, "n1" "cla16" 6 32, 6 4 0, S_0x13ff68620;
 .timescale -9 -11;
    .port_info 0 /INPUT 16 "d1";
    .port_info 1 /INPUT 16 "d2";
    .port_info 2 /INPUT 1 "cin";
    .port_info 3 /OUTPUT 16 "sum";
    .port_info 4 /OUTPUT 1 "cout";
P_0x13ffcd930 .param/l "DATA_WIDTH" 0 6 4, +C4<00000000000000000000000000100000>;
v0x13fff1f10_0 .net "c1", 0 0, L_0x149261090;  1 drivers
v0x13fff1ff0_0 .net "c2", 0 0, L_0x149265210;  1 drivers
v0x13fff20c0_0 .net "c3", 0 0, L_0x1492693d0;  1 drivers
v0x13fff2190_0 .net "cin", 0 0, L_0x140088058;  alias, 1 drivers
v0x13fff2220_0 .net "cout", 0 0, L_0x14926d530;  alias, 1 drivers
v0x13fff22f0_0 .net "d1", 15 0, L_0x14926de70;  1 drivers
v0x13fff2380_0 .net "d2", 15 0, L_0x149224a30;  1 drivers
v0x13fff2410_0 .net "sum", 15 0, L_0x14926dcc0;  1 drivers
L_0x149261660 .part L_0x14926de70, 0, 4;
L_0x149261700 .part L_0x149224a30, 0, 4;
L_0x1492657e0 .part L_0x14926de70, 4, 4;
L_0x149265880 .part L_0x149224a30, 4, 4;
L_0x1492699a0 .part L_0x14926de70, 8, 4;
L_0x149269a40 .part L_0x149224a30, 8, 4;
L_0x14926db00 .part L_0x14926de70, 12, 4;
L_0x14926dba0 .part L_0x149224a30, 12, 4;
L_0x14926dcc0 .concat8 [ 4 4 4 4], L_0x149261290, L_0x149265410, L_0x149269590, L_0x14926d730;
S_0x13ff717b0 .scope module, "n1" "cla_4" 6 14, 7 3 0, S_0x13ff65570;
 .timescale -9 -11;
    .port_info 0 /INPUT 4 "a";
    .port_info 1 /INPUT 4 "b";
    .port_info 2 /INPUT 1 "cin";
    .port_info 3 /OUTPUT 4 "sum";
    .port_info 4 /OUTPUT 1 "cout";
L_0x14925d5c0 .functor XOR 4, L_0x149261660, L_0x149261700, C4<0000>, C4<0000>;
L_0x14925d6b0 .functor AND 4, L_0x149261660, L_0x149261700, C4<1111>, C4<1111>;
L_0x14925d7e0 .functor BUFZ 1, L_0x140088058, C4<0>, C4<0>, C4<0>;
L_0x14925db10 .functor AND 1, L_0x14925d950, L_0x14925da30, C4<1>, C4<1>;
L_0x14925dc40 .functor OR 1, L_0x14925d850, L_0x14925db10, C4<0>, C4<0>;
L_0x14925dff0 .functor AND 1, L_0x14925de00, L_0x14925ded0, C4<1>, C4<1>;
L_0x14925e0c0 .functor OR 1, L_0x14925dd60, L_0x14925dff0, C4<0>, C4<0>;
L_0x14925e3b0 .functor AND 1, L_0x14925e1f0, L_0x14925e310, C4<1>, C4<1>;
L_0x14925e5d0 .functor AND 1, L_0x14925e3b0, L_0x14925e4a0, C4<1>, C4<1>;
L_0x14925e6d0 .functor OR 1, L_0x14925e0c0, L_0x14925e5d0, C4<0>, C4<0>;
L_0x14925ebc0 .functor AND 1, L_0x14925ea10, L_0x14925eab0, C4<1>, C4<1>;
L_0x14925ecd0 .functor OR 1, L_0x14925e910, L_0x14925ebc0, C4<0>, C4<0>;
L_0x14925eb50 .functor AND 1, L_0x14925ed80, L_0x14925ee20, C4<1>, C4<1>;
L_0x14925f150 .functor AND 1, L_0x14925eb50, L_0x14925f0b0, C4<1>, C4<1>;
L_0x14925f200 .functor OR 1, L_0x14925ecd0, L_0x14925f150, C4<0>, C4<0>;
L_0x14925f040 .functor AND 1, L_0x14925f370, L_0x14925f4a0, C4<1>, C4<1>;
L_0x14925f6c0 .functor AND 1, L_0x14925f040, L_0x14925f580, C4<1>, C4<1>;
L_0x14925f860 .functor AND 1, L_0x14925f6c0, L_0x14925f7c0, C4<1>, C4<1>;
L_0x14925f930 .functor OR 1, L_0x14925f200, L_0x14925f860, C4<0>, C4<0>;
L_0x14925df70 .functor AND 1, L_0x14925f620, L_0x14925fd50, C4<1>, C4<1>;
L_0x14925fce0 .functor OR 1, L_0x14925fb00, L_0x14925df70, C4<0>, C4<0>;
L_0x149260150 .functor AND 1, L_0x14925fa60, L_0x14925ffe0, C4<1>, C4<1>;
L_0x149260280 .functor AND 1, L_0x149260150, L_0x1492601e0, C4<1>, C4<1>;
L_0x149260430 .functor OR 1, L_0x14925fce0, L_0x149260280, C4<0>, C4<0>;
L_0x149260080 .functor AND 1, L_0x1492604a0, L_0x149260620, C4<1>, C4<1>;
L_0x149260370 .functor AND 1, L_0x149260080, L_0x14925ef00, C4<1>, C4<1>;
L_0x149260a80 .functor AND 1, L_0x149260370, L_0x149260580, C4<1>, C4<1>;
L_0x149260c50 .functor OR 1, L_0x149260430, L_0x149260a80, C4<0>, C4<0>;
L_0x149260940 .functor AND 1, L_0x149260cc0, L_0x149260e60, C4<1>, C4<1>;
L_0x149260b70 .functor AND 1, L_0x149260940, L_0x149260ff0, C4<1>, C4<1>;
L_0x1492611a0 .functor AND 1, L_0x149260b70, L_0x149260da0, C4<1>, C4<1>;
L_0x149260f00 .functor AND 1, L_0x1492611a0, L_0x149261390, C4<1>, C4<1>;
L_0x149261090 .functor OR 1, L_0x149260c50, L_0x149260f00, C4<0>, C4<0>;
L_0x149261290 .functor XOR 4, L_0x14925d5c0, L_0x14925e780, C4<0000>, C4<0000>;
v0x14fffba00_0 .net "G", 3 0, L_0x14925d6b0;  1 drivers
v0x13ff665c0_0 .net "P", 3 0, L_0x14925d5c0;  1 drivers
v0x13ff66650_0 .net *"_ivl_102", 0 0, L_0x1492601e0;  1 drivers
v0x13ff4add0_0 .net *"_ivl_103", 0 0, L_0x149260280;  1 drivers
v0x13ff4ae60_0 .net *"_ivl_105", 0 0, L_0x149260430;  1 drivers
v0x13ff645e0_0 .net *"_ivl_108", 0 0, L_0x1492604a0;  1 drivers
v0x13ff64670_0 .net *"_ivl_11", 0 0, L_0x14925d850;  1 drivers
v0x13ff62480_0 .net *"_ivl_110", 0 0, L_0x149260620;  1 drivers
v0x13ff62510_0 .net *"_ivl_111", 0 0, L_0x149260080;  1 drivers
v0x13ff613e0_0 .net *"_ivl_114", 0 0, L_0x14925ef00;  1 drivers
v0x13ff61470_0 .net *"_ivl_115", 0 0, L_0x149260370;  1 drivers
v0x13ff760e0_0 .net *"_ivl_118", 0 0, L_0x149260580;  1 drivers
v0x13ff76170_0 .net *"_ivl_119", 0 0, L_0x149260a80;  1 drivers
v0x13ffef2c0_0 .net *"_ivl_121", 0 0, L_0x149260c50;  1 drivers
v0x13ffef350_0 .net *"_ivl_124", 0 0, L_0x149260cc0;  1 drivers
v0x13ffce300_0 .net *"_ivl_126", 0 0, L_0x149260e60;  1 drivers
v0x13ffce390_0 .net *"_ivl_127", 0 0, L_0x149260940;  1 drivers
v0x13ffbd270_0 .net *"_ivl_13", 0 0, L_0x14925d950;  1 drivers
v0x13ffbd300_0 .net *"_ivl_130", 0 0, L_0x149260ff0;  1 drivers
v0x13ffcd220_0 .net *"_ivl_131", 0 0, L_0x149260b70;  1 drivers
v0x13ffcd2b0_0 .net *"_ivl_134", 0 0, L_0x149260da0;  1 drivers
v0x13ffabb80_0 .net *"_ivl_135", 0 0, L_0x1492611a0;  1 drivers
v0x13ffabc10_0 .net *"_ivl_138", 0 0, L_0x149261390;  1 drivers
v0x13ffbbb20_0 .net *"_ivl_139", 0 0, L_0x149260f00;  1 drivers
v0x13ffbbbb0_0 .net *"_ivl_15", 0 0, L_0x14925da30;  1 drivers
v0x13ffaab10_0 .net *"_ivl_16", 0 0, L_0x14925db10;  1 drivers
v0x13ffaaba0_0 .net *"_ivl_18", 0 0, L_0x14925dc40;  1 drivers
v0x13ff89b50_0 .net *"_ivl_23", 0 0, L_0x14925dd60;  1 drivers
v0x13ff89be0_0 .net *"_ivl_25", 0 0, L_0x14925de00;  1 drivers
v0x13ff99b00_0 .net *"_ivl_27", 0 0, L_0x14925ded0;  1 drivers
v0x13ff99b90_0 .net *"_ivl_28", 0 0, L_0x14925dff0;  1 drivers
v0x13ff78ab0_0 .net *"_ivl_30", 0 0, L_0x14925e0c0;  1 drivers
v0x13ff78b40_0 .net *"_ivl_33", 0 0, L_0x14925e1f0;  1 drivers
v0x13ffde2b0_0 .net *"_ivl_35", 0 0, L_0x14925e310;  1 drivers
v0x13ff88a70_0 .net *"_ivl_36", 0 0, L_0x14925e3b0;  1 drivers
v0x13ff88b00_0 .net *"_ivl_39", 0 0, L_0x14925e4a0;  1 drivers
v0x13ff786c0_0 .net *"_ivl_40", 0 0, L_0x14925e5d0;  1 drivers
v0x13ff78750_0 .net *"_ivl_42", 0 0, L_0x14925e6d0;  1 drivers
v0x13ff6b450_0 .net *"_ivl_48", 0 0, L_0x14925e910;  1 drivers
v0x13ff6b4e0_0 .net *"_ivl_50", 0 0, L_0x14925ea10;  1 drivers
v0x13ffde8e0_0 .net *"_ivl_52", 0 0, L_0x14925eab0;  1 drivers
v0x13ffde970_0 .net *"_ivl_53", 0 0, L_0x14925ebc0;  1 drivers
v0x13ff9a130_0 .net *"_ivl_55", 0 0, L_0x14925ecd0;  1 drivers
v0x13ff9a1c0_0 .net *"_ivl_58", 0 0, L_0x14925ed80;  1 drivers
v0x13ff06860_0 .net *"_ivl_60", 0 0, L_0x14925ee20;  1 drivers
v0x13ff068f0_0 .net *"_ivl_61", 0 0, L_0x14925eb50;  1 drivers
v0x13ffeeef0_0 .net *"_ivl_64", 0 0, L_0x14925f0b0;  1 drivers
v0x13ffeef80_0 .net *"_ivl_65", 0 0, L_0x14925f150;  1 drivers
v0x13ffddee0_0 .net *"_ivl_67", 0 0, L_0x14925f200;  1 drivers
v0x13ffddf70_0 .net *"_ivl_7", 0 0, L_0x14925d7e0;  1 drivers
v0x13ffcce50_0 .net *"_ivl_70", 0 0, L_0x14925f370;  1 drivers
v0x13ffccee0_0 .net *"_ivl_72", 0 0, L_0x14925f4a0;  1 drivers
v0x13ffbb750_0 .net *"_ivl_73", 0 0, L_0x14925f040;  1 drivers
v0x13ffbb7e0_0 .net *"_ivl_76", 0 0, L_0x14925f580;  1 drivers
v0x13ffaa740_0 .net *"_ivl_77", 0 0, L_0x14925f6c0;  1 drivers
v0x13ffaa7d0_0 .net *"_ivl_80", 0 0, L_0x14925f7c0;  1 drivers
v0x13ff99730_0 .net *"_ivl_81", 0 0, L_0x14925f860;  1 drivers
v0x13ff997c0_0 .net *"_ivl_83", 0 0, L_0x14925f930;  1 drivers
v0x13ff886a0_0 .net *"_ivl_86", 0 0, L_0x14925fb00;  1 drivers
v0x13ff88730_0 .net *"_ivl_88", 0 0, L_0x14925f620;  1 drivers
v0x13ff70780_0 .net *"_ivl_90", 0 0, L_0x14925fd50;  1 drivers
v0x13ff70810_0 .net *"_ivl_91", 0 0, L_0x14925df70;  1 drivers
v0x13ff6f750_0 .net *"_ivl_93", 0 0, L_0x14925fce0;  1 drivers
v0x13ff6f7e0_0 .net *"_ivl_96", 0 0, L_0x14925fa60;  1 drivers
v0x13ff6e720_0 .net *"_ivl_98", 0 0, L_0x14925ffe0;  1 drivers
v0x13ff6e7b0_0 .net *"_ivl_99", 0 0, L_0x149260150;  1 drivers
v0x13ff6d6f0_0 .net "a", 3 0, L_0x149261660;  1 drivers
v0x13ff6d780_0 .net "b", 3 0, L_0x149261700;  1 drivers
v0x13ff6c6c0_0 .net "c", 3 0, L_0x14925e780;  1 drivers
v0x13ff6c750_0 .net "cin", 0 0, L_0x140088058;  alias, 1 drivers
v0x13ff635c0_0 .net "cout", 0 0, L_0x149261090;  alias, 1 drivers
v0x13ff63650_0 .net "sum", 3 0, L_0x149261290;  1 drivers
L_0x14925d850 .part L_0x14925d6b0, 0, 1;
L_0x14925d950 .part L_0x14925d5c0, 0, 1;
L_0x14925da30 .part L_0x14925e780, 0, 1;
L_0x14925dd60 .part L_0x14925d6b0, 1, 1;
L_0x14925de00 .part L_0x14925d5c0, 1, 1;
L_0x14925ded0 .part L_0x14925d6b0, 0, 1;
L_0x14925e1f0 .part L_0x14925d5c0, 1, 1;
L_0x14925e310 .part L_0x14925d5c0, 0, 1;
L_0x14925e4a0 .part L_0x14925e780, 0, 1;
L_0x14925e780 .concat8 [ 1 1 1 1], L_0x14925d7e0, L_0x14925dc40, L_0x14925e6d0, L_0x14925f930;
L_0x14925e910 .part L_0x14925d6b0, 2, 1;
L_0x14925ea10 .part L_0x14925d5c0, 2, 1;
L_0x14925eab0 .part L_0x14925d6b0, 1, 1;
L_0x14925ed80 .part L_0x14925d5c0, 2, 1;
L_0x14925ee20 .part L_0x14925d5c0, 1, 1;
L_0x14925f0b0 .part L_0x14925d6b0, 0, 1;
L_0x14925f370 .part L_0x14925d5c0, 2, 1;
L_0x14925f4a0 .part L_0x14925d5c0, 1, 1;
L_0x14925f580 .part L_0x14925d5c0, 0, 1;
L_0x14925f7c0 .part L_0x14925e780, 0, 1;
L_0x14925fb00 .part L_0x14925d6b0, 3, 1;
L_0x14925f620 .part L_0x14925d5c0, 3, 1;
L_0x14925fd50 .part L_0x14925d6b0, 2, 1;
L_0x14925fa60 .part L_0x14925d5c0, 3, 1;
L_0x14925ffe0 .part L_0x14925d5c0, 2, 1;
L_0x1492601e0 .part L_0x14925d6b0, 1, 1;
L_0x1492604a0 .part L_0x14925d5c0, 3, 1;
L_0x149260620 .part L_0x14925d5c0, 2, 1;
L_0x14925ef00 .part L_0x14925d5c0, 1, 1;
L_0x149260580 .part L_0x14925d6b0, 0, 1;
L_0x149260cc0 .part L_0x14925d5c0, 3, 1;
L_0x149260e60 .part L_0x14925d5c0, 2, 1;
L_0x149260ff0 .part L_0x14925d5c0, 1, 1;
L_0x149260da0 .part L_0x14925d5c0, 0, 1;
L_0x149261390 .part L_0x14925e780, 0, 1;
S_0x13ff727e0 .scope module, "n2" "cla_4" 6 15, 7 3 0, S_0x13ff65570;
 .timescale -9 -11;
    .port_info 0 /INPUT 4 "a";
    .port_info 1 /INPUT 4 "b";
    .port_info 2 /INPUT 1 "cin";
    .port_info 3 /OUTPUT 4 "sum";
    .port_info 4 /OUTPUT 1 "cout";
L_0x149261300 .functor XOR 4, L_0x1492657e0, L_0x149265880, C4<0000>, C4<0000>;
L_0x149261800 .functor AND 4, L_0x1492657e0, L_0x149265880, C4<1111>, C4<1111>;
L_0x149261930 .functor BUFZ 1, L_0x149261090, C4<0>, C4<0>, C4<0>;
L_0x149261ca0 .functor AND 1, L_0x149261b00, L_0x149261be0, C4<1>, C4<1>;
L_0x149261dd0 .functor OR 1, L_0x149261a20, L_0x149261ca0, C4<0>, C4<0>;
L_0x149262180 .functor AND 1, L_0x149261f90, L_0x149262060, C4<1>, C4<1>;
L_0x149262250 .functor OR 1, L_0x149261ef0, L_0x149262180, C4<0>, C4<0>;
L_0x149262540 .functor AND 1, L_0x149262380, L_0x1492624a0, C4<1>, C4<1>;
L_0x149262760 .functor AND 1, L_0x149262540, L_0x149262630, C4<1>, C4<1>;
L_0x149262860 .functor OR 1, L_0x149262250, L_0x149262760, C4<0>, C4<0>;
L_0x149262d20 .functor AND 1, L_0x149262b70, L_0x149262c10, C4<1>, C4<1>;
L_0x149262e30 .functor OR 1, L_0x149262a70, L_0x149262d20, C4<0>, C4<0>;
L_0x149262cb0 .functor AND 1, L_0x149262ee0, L_0x149262f80, C4<1>, C4<1>;
L_0x1492632b0 .functor AND 1, L_0x149262cb0, L_0x149263210, C4<1>, C4<1>;
L_0x149263360 .functor OR 1, L_0x149262e30, L_0x1492632b0, C4<0>, C4<0>;
L_0x1492631a0 .functor AND 1, L_0x1492634d0, L_0x149263600, C4<1>, C4<1>;
L_0x149263820 .functor AND 1, L_0x1492631a0, L_0x1492636e0, C4<1>, C4<1>;
L_0x1492639e0 .functor AND 1, L_0x149263820, L_0x149263940, C4<1>, C4<1>;
L_0x149263ab0 .functor OR 1, L_0x149263360, L_0x1492639e0, C4<0>, C4<0>;
L_0x149262100 .functor AND 1, L_0x149263780, L_0x149263e20, C4<1>, C4<1>;
L_0x149263fc0 .functor OR 1, L_0x149263c80, L_0x149262100, C4<0>, C4<0>;
L_0x1492642d0 .functor AND 1, L_0x149263be0, L_0x149264160, C4<1>, C4<1>;
L_0x149264400 .functor AND 1, L_0x1492642d0, L_0x149264360, C4<1>, C4<1>;
L_0x1492645b0 .functor OR 1, L_0x149263fc0, L_0x149264400, C4<0>, C4<0>;
L_0x149264200 .functor AND 1, L_0x149264620, L_0x1492647a0, C4<1>, C4<1>;
L_0x1492644f0 .functor AND 1, L_0x149264200, L_0x149263060, C4<1>, C4<1>;
L_0x149264c00 .functor AND 1, L_0x1492644f0, L_0x149264700, C4<1>, C4<1>;
L_0x149264dd0 .functor OR 1, L_0x1492645b0, L_0x149264c00, C4<0>, C4<0>;
L_0x149264ac0 .functor AND 1, L_0x149264e40, L_0x149264fe0, C4<1>, C4<1>;
L_0x149264cf0 .functor AND 1, L_0x149264ac0, L_0x149265170, C4<1>, C4<1>;
L_0x149265320 .functor AND 1, L_0x149264cf0, L_0x149264f20, C4<1>, C4<1>;
L_0x149265080 .functor AND 1, L_0x149265320, L_0x149265510, C4<1>, C4<1>;
L_0x149265210 .functor OR 1, L_0x149264dd0, L_0x149265080, C4<0>, C4<0>;
L_0x149265410 .functor XOR 4, L_0x149261300, L_0x149262910, C4<0000>, C4<0000>;
v0x13ff76d30_0 .net "G", 3 0, L_0x149261800;  1 drivers
v0x13ff76dc0_0 .net "P", 3 0, L_0x149261300;  1 drivers
v0x14ffa3370_0 .net *"_ivl_102", 0 0, L_0x149264360;  1 drivers
v0x14ffa3400_0 .net *"_ivl_103", 0 0, L_0x149264400;  1 drivers
v0x14ffc4390_0 .net *"_ivl_105", 0 0, L_0x1492645b0;  1 drivers
v0x14ffc4420_0 .net *"_ivl_108", 0 0, L_0x149264620;  1 drivers
v0x13ff734a0_0 .net *"_ivl_11", 0 0, L_0x149261a20;  1 drivers
v0x13ff73530_0 .net *"_ivl_110", 0 0, L_0x1492647a0;  1 drivers
v0x13ff60780_0 .net *"_ivl_111", 0 0, L_0x149264200;  1 drivers
v0x13ff60810_0 .net *"_ivl_114", 0 0, L_0x149263060;  1 drivers
v0x13ff75e40_0 .net *"_ivl_115", 0 0, L_0x1492644f0;  1 drivers
v0x13ff75ed0_0 .net *"_ivl_118", 0 0, L_0x149264700;  1 drivers
v0x13ff779c0_0 .net *"_ivl_119", 0 0, L_0x149264c00;  1 drivers
v0x13ff77a50_0 .net *"_ivl_121", 0 0, L_0x149264dd0;  1 drivers
v0x14ff0f040_0 .net *"_ivl_124", 0 0, L_0x149264e40;  1 drivers
v0x14ff0f0d0_0 .net *"_ivl_126", 0 0, L_0x149264fe0;  1 drivers
v0x14ff0f160_0 .net *"_ivl_127", 0 0, L_0x149264ac0;  1 drivers
v0x13ffab530_0 .net *"_ivl_13", 0 0, L_0x149261b00;  1 drivers
v0x13ff893c0_0 .net *"_ivl_130", 0 0, L_0x149265170;  1 drivers
v0x13ff89450_0 .net *"_ivl_131", 0 0, L_0x149264cf0;  1 drivers
v0x13ff894e0_0 .net *"_ivl_134", 0 0, L_0x149264f20;  1 drivers
v0x13ff89570_0 .net *"_ivl_135", 0 0, L_0x149265320;  1 drivers
v0x13ff9a3b0_0 .net *"_ivl_138", 0 0, L_0x149265510;  1 drivers
v0x13ff9a440_0 .net *"_ivl_139", 0 0, L_0x149265080;  1 drivers
v0x13ff9a4d0_0 .net *"_ivl_15", 0 0, L_0x149261be0;  1 drivers
v0x13ff9a560_0 .net *"_ivl_16", 0 0, L_0x149261ca0;  1 drivers
v0x13ffdeb60_0 .net *"_ivl_18", 0 0, L_0x149261dd0;  1 drivers
v0x13ffdebf0_0 .net *"_ivl_23", 0 0, L_0x149261ef0;  1 drivers
v0x13ffdec80_0 .net *"_ivl_25", 0 0, L_0x149261f90;  1 drivers
v0x13ffded10_0 .net *"_ivl_27", 0 0, L_0x149262060;  1 drivers
v0x13ffdeda0_0 .net *"_ivl_28", 0 0, L_0x149262180;  1 drivers
v0x14ff84b20_0 .net *"_ivl_30", 0 0, L_0x149262250;  1 drivers
v0x14ff84bb0_0 .net *"_ivl_33", 0 0, L_0x149262380;  1 drivers
v0x13ffab430_0 .net *"_ivl_35", 0 0, L_0x1492624a0;  1 drivers
v0x14ffd6360_0 .net *"_ivl_36", 0 0, L_0x149262540;  1 drivers
v0x14ff84c40_0 .net *"_ivl_39", 0 0, L_0x149262630;  1 drivers
v0x14ff84cd0_0 .net *"_ivl_40", 0 0, L_0x149262760;  1 drivers
v0x14ff84d60_0 .net *"_ivl_42", 0 0, L_0x149262860;  1 drivers
v0x14ffd4890_0 .net *"_ivl_48", 0 0, L_0x149262a70;  1 drivers
v0x14ffd4920_0 .net *"_ivl_50", 0 0, L_0x149262b70;  1 drivers
v0x14ffd49b0_0 .net *"_ivl_52", 0 0, L_0x149262c10;  1 drivers
v0x14ffd4a40_0 .net *"_ivl_53", 0 0, L_0x149262d20;  1 drivers
v0x14ffd4ad0_0 .net *"_ivl_55", 0 0, L_0x149262e30;  1 drivers
v0x14ffd7a30_0 .net *"_ivl_58", 0 0, L_0x149262ee0;  1 drivers
v0x14ffd7ac0_0 .net *"_ivl_60", 0 0, L_0x149262f80;  1 drivers
v0x14ffd7b50_0 .net *"_ivl_61", 0 0, L_0x149262cb0;  1 drivers
v0x14ffd7be0_0 .net *"_ivl_64", 0 0, L_0x149263210;  1 drivers
v0x14ffd7c70_0 .net *"_ivl_65", 0 0, L_0x1492632b0;  1 drivers
v0x14ffd9300_0 .net *"_ivl_67", 0 0, L_0x149263360;  1 drivers
v0x14ffd9390_0 .net *"_ivl_7", 0 0, L_0x149261930;  1 drivers
v0x14ffd9420_0 .net *"_ivl_70", 0 0, L_0x1492634d0;  1 drivers
v0x14ffd94b0_0 .net *"_ivl_72", 0 0, L_0x149263600;  1 drivers
v0x14ffd9540_0 .net *"_ivl_73", 0 0, L_0x1492631a0;  1 drivers
v0x14ffdae10_0 .net *"_ivl_76", 0 0, L_0x1492636e0;  1 drivers
v0x14ffdaea0_0 .net *"_ivl_77", 0 0, L_0x149263820;  1 drivers
v0x14ffdaf30_0 .net *"_ivl_80", 0 0, L_0x149263940;  1 drivers
v0x14ffdafc0_0 .net *"_ivl_81", 0 0, L_0x1492639e0;  1 drivers
v0x14ffdb050_0 .net *"_ivl_83", 0 0, L_0x149263ab0;  1 drivers
v0x14ffd36d0_0 .net *"_ivl_86", 0 0, L_0x149263c80;  1 drivers
v0x14ffd3760_0 .net *"_ivl_88", 0 0, L_0x149263780;  1 drivers
v0x14ffd37f0_0 .net *"_ivl_90", 0 0, L_0x149263e20;  1 drivers
v0x14ffd3880_0 .net *"_ivl_91", 0 0, L_0x149262100;  1 drivers
v0x14ffd3910_0 .net *"_ivl_93", 0 0, L_0x149263fc0;  1 drivers
v0x14ffdd800_0 .net *"_ivl_96", 0 0, L_0x149263be0;  1 drivers
v0x14ffdd890_0 .net *"_ivl_98", 0 0, L_0x149264160;  1 drivers
v0x14ffdd920_0 .net *"_ivl_99", 0 0, L_0x1492642d0;  1 drivers
v0x14ffdd9b0_0 .net "a", 3 0, L_0x1492657e0;  1 drivers
v0x14ffdda40_0 .net "b", 3 0, L_0x149265880;  1 drivers
v0x14ffd6160_0 .net "c", 3 0, L_0x149262910;  1 drivers
v0x14ffd61f0_0 .net "cin", 0 0, L_0x149261090;  alias, 1 drivers
v0x14ffd6280_0 .net "cout", 0 0, L_0x149265210;  alias, 1 drivers
v0x14ffdc920_0 .net "sum", 3 0, L_0x149265410;  1 drivers
L_0x149261a20 .part L_0x149261800, 0, 1;
L_0x149261b00 .part L_0x149261300, 0, 1;
L_0x149261be0 .part L_0x149262910, 0, 1;
L_0x149261ef0 .part L_0x149261800, 1, 1;
L_0x149261f90 .part L_0x149261300, 1, 1;
L_0x149262060 .part L_0x149261800, 0, 1;
L_0x149262380 .part L_0x149261300, 1, 1;
L_0x1492624a0 .part L_0x149261300, 0, 1;
L_0x149262630 .part L_0x149262910, 0, 1;
L_0x149262910 .concat8 [ 1 1 1 1], L_0x149261930, L_0x149261dd0, L_0x149262860, L_0x149263ab0;
L_0x149262a70 .part L_0x149261800, 2, 1;
L_0x149262b70 .part L_0x149261300, 2, 1;
L_0x149262c10 .part L_0x149261800, 1, 1;
L_0x149262ee0 .part L_0x149261300, 2, 1;
L_0x149262f80 .part L_0x149261300, 1, 1;
L_0x149263210 .part L_0x149261800, 0, 1;
L_0x1492634d0 .part L_0x149261300, 2, 1;
L_0x149263600 .part L_0x149261300, 1, 1;
L_0x1492636e0 .part L_0x149261300, 0, 1;
L_0x149263940 .part L_0x149262910, 0, 1;
L_0x149263c80 .part L_0x149261800, 3, 1;
L_0x149263780 .part L_0x149261300, 3, 1;
L_0x149263e20 .part L_0x149261800, 2, 1;
L_0x149263be0 .part L_0x149261300, 3, 1;
L_0x149264160 .part L_0x149261300, 2, 1;
L_0x149264360 .part L_0x149261800, 1, 1;
L_0x149264620 .part L_0x149261300, 3, 1;
L_0x1492647a0 .part L_0x149261300, 2, 1;
L_0x149263060 .part L_0x149261300, 1, 1;
L_0x149264700 .part L_0x149261800, 0, 1;
L_0x149264e40 .part L_0x149261300, 3, 1;
L_0x149264fe0 .part L_0x149261300, 2, 1;
L_0x149265170 .part L_0x149261300, 1, 1;
L_0x149264f20 .part L_0x149261300, 0, 1;
L_0x149265510 .part L_0x149262910, 0, 1;
S_0x14ffdc9b0 .scope module, "n3" "cla_4" 6 16, 7 3 0, S_0x13ff65570;
 .timescale -9 -11;
    .port_info 0 /INPUT 4 "a";
    .port_info 1 /INPUT 4 "b";
    .port_info 2 /INPUT 1 "cin";
    .port_info 3 /OUTPUT 4 "sum";
    .port_info 4 /OUTPUT 1 "cout";
L_0x149265920 .functor XOR 4, L_0x1492699a0, L_0x149269a40, C4<0000>, C4<0000>;
L_0x149265990 .functor AND 4, L_0x1492699a0, L_0x149269a40, C4<1111>, C4<1111>;
L_0x149265ac0 .functor BUFZ 1, L_0x149265210, C4<0>, C4<0>, C4<0>;
L_0x149265e30 .functor AND 1, L_0x149265c90, L_0x149265d70, C4<1>, C4<1>;
L_0x149265f60 .functor OR 1, L_0x149265bb0, L_0x149265e30, C4<0>, C4<0>;
L_0x149266310 .functor AND 1, L_0x149266120, L_0x1492661f0, C4<1>, C4<1>;
L_0x1492663e0 .functor OR 1, L_0x149266080, L_0x149266310, C4<0>, C4<0>;
L_0x1492666d0 .functor AND 1, L_0x149266510, L_0x149266630, C4<1>, C4<1>;
L_0x1492668f0 .functor AND 1, L_0x1492666d0, L_0x1492667c0, C4<1>, C4<1>;
L_0x1492669f0 .functor OR 1, L_0x1492663e0, L_0x1492668f0, C4<0>, C4<0>;
L_0x149266ee0 .functor AND 1, L_0x149266d30, L_0x149266dd0, C4<1>, C4<1>;
L_0x149266ff0 .functor OR 1, L_0x149266c30, L_0x149266ee0, C4<0>, C4<0>;
L_0x149266e70 .functor AND 1, L_0x1492670a0, L_0x149267140, C4<1>, C4<1>;
L_0x149267470 .functor AND 1, L_0x149266e70, L_0x1492673d0, C4<1>, C4<1>;
L_0x149267520 .functor OR 1, L_0x149266ff0, L_0x149267470, C4<0>, C4<0>;
L_0x149267360 .functor AND 1, L_0x149267690, L_0x1492677c0, C4<1>, C4<1>;
L_0x1492679e0 .functor AND 1, L_0x149267360, L_0x1492678a0, C4<1>, C4<1>;
L_0x149267ba0 .functor AND 1, L_0x1492679e0, L_0x149267b00, C4<1>, C4<1>;
L_0x149267c70 .functor OR 1, L_0x149267520, L_0x149267ba0, C4<0>, C4<0>;
L_0x149266290 .functor AND 1, L_0x149267940, L_0x149267fe0, C4<1>, C4<1>;
L_0x149268180 .functor OR 1, L_0x149267e40, L_0x149266290, C4<0>, C4<0>;
L_0x149268490 .functor AND 1, L_0x149267da0, L_0x149268320, C4<1>, C4<1>;
L_0x1492685c0 .functor AND 1, L_0x149268490, L_0x149268520, C4<1>, C4<1>;
L_0x149268770 .functor OR 1, L_0x149268180, L_0x1492685c0, C4<0>, C4<0>;
L_0x1492683c0 .functor AND 1, L_0x1492687e0, L_0x149268960, C4<1>, C4<1>;
L_0x1492686b0 .functor AND 1, L_0x1492683c0, L_0x149267220, C4<1>, C4<1>;
L_0x149268dc0 .functor AND 1, L_0x1492686b0, L_0x149268880, C4<1>, C4<1>;
L_0x149268f50 .functor OR 1, L_0x149268770, L_0x149268dc0, C4<0>, C4<0>;
L_0x149268c80 .functor AND 1, L_0x149268fc0, L_0x149269160, C4<1>, C4<1>;
L_0x149268e70 .functor AND 1, L_0x149268c80, L_0x1492692f0, C4<1>, C4<1>;
L_0x1492694a0 .functor AND 1, L_0x149268e70, L_0x1492690a0, C4<1>, C4<1>;
L_0x149269200 .functor AND 1, L_0x1492694a0, L_0x149269690, C4<1>, C4<1>;
L_0x1492693d0 .functor OR 1, L_0x149268f50, L_0x149269200, C4<0>, C4<0>;
L_0x149269590 .functor XOR 4, L_0x149265920, L_0x149266aa0, C4<0000>, C4<0000>;
v0x14ffdcb20_0 .net "G", 3 0, L_0x149265990;  1 drivers
v0x14ff07e10_0 .net "P", 3 0, L_0x149265920;  1 drivers
v0x14ff07ea0_0 .net *"_ivl_102", 0 0, L_0x149268520;  1 drivers
v0x14ff07f30_0 .net *"_ivl_103", 0 0, L_0x1492685c0;  1 drivers
v0x14ff07fc0_0 .net *"_ivl_105", 0 0, L_0x149268770;  1 drivers
v0x14ff08050_0 .net *"_ivl_108", 0 0, L_0x1492687e0;  1 drivers
v0x14ff0a850_0 .net *"_ivl_11", 0 0, L_0x149265bb0;  1 drivers
v0x14ff0a8e0_0 .net *"_ivl_110", 0 0, L_0x149268960;  1 drivers
v0x14ff0a970_0 .net *"_ivl_111", 0 0, L_0x1492683c0;  1 drivers
v0x14ff0aa80_0 .net *"_ivl_114", 0 0, L_0x149267220;  1 drivers
v0x14ff63ae0_0 .net *"_ivl_115", 0 0, L_0x1492686b0;  1 drivers
v0x14ff63b70_0 .net *"_ivl_118", 0 0, L_0x149268880;  1 drivers
v0x14ff63c00_0 .net *"_ivl_119", 0 0, L_0x149268dc0;  1 drivers
v0x14ff63c90_0 .net *"_ivl_121", 0 0, L_0x149268f50;  1 drivers
v0x14ff63d40_0 .net *"_ivl_124", 0 0, L_0x149268fc0;  1 drivers
v0x14ff8cdb0_0 .net *"_ivl_126", 0 0, L_0x149269160;  1 drivers
v0x14ff8ce60_0 .net *"_ivl_127", 0 0, L_0x149268c80;  1 drivers
v0x14ff8cff0_0 .net *"_ivl_13", 0 0, L_0x149265c90;  1 drivers
v0x14ff97610_0 .net *"_ivl_130", 0 0, L_0x1492692f0;  1 drivers
v0x14ff976a0_0 .net *"_ivl_131", 0 0, L_0x149268e70;  1 drivers
v0x14ff97730_0 .net *"_ivl_134", 0 0, L_0x1492690a0;  1 drivers
v0x14ff977e0_0 .net *"_ivl_135", 0 0, L_0x1492694a0;  1 drivers
v0x14ff97890_0 .net *"_ivl_138", 0 0, L_0x149269690;  1 drivers
v0x14ffd2550_0 .net *"_ivl_139", 0 0, L_0x149269200;  1 drivers
v0x14ffd2600_0 .net *"_ivl_15", 0 0, L_0x149265d70;  1 drivers
v0x14ffd26b0_0 .net *"_ivl_16", 0 0, L_0x149265e30;  1 drivers
v0x14ffd2760_0 .net *"_ivl_18", 0 0, L_0x149265f60;  1 drivers
v0x14ff04db0_0 .net *"_ivl_23", 0 0, L_0x149266080;  1 drivers
v0x14ff04e40_0 .net *"_ivl_25", 0 0, L_0x149266120;  1 drivers
v0x14ff04ee0_0 .net *"_ivl_27", 0 0, L_0x1492661f0;  1 drivers
v0x14ff04f90_0 .net *"_ivl_28", 0 0, L_0x149266310;  1 drivers
v0x14ff70e40_0 .net *"_ivl_30", 0 0, L_0x1492663e0;  1 drivers
v0x14ff70ed0_0 .net *"_ivl_33", 0 0, L_0x149266510;  1 drivers
v0x14ff8cef0_0 .net *"_ivl_35", 0 0, L_0x149266630;  1 drivers
v0x14ff81c70_0 .net *"_ivl_36", 0 0, L_0x1492666d0;  1 drivers
v0x14ff70f60_0 .net *"_ivl_39", 0 0, L_0x1492667c0;  1 drivers
v0x14ff70ff0_0 .net *"_ivl_40", 0 0, L_0x1492668f0;  1 drivers
v0x14ff71080_0 .net *"_ivl_42", 0 0, L_0x1492669f0;  1 drivers
v0x14ff6e240_0 .net *"_ivl_48", 0 0, L_0x149266c30;  1 drivers
v0x14ff6e2d0_0 .net *"_ivl_50", 0 0, L_0x149266d30;  1 drivers
v0x14ff6e360_0 .net *"_ivl_52", 0 0, L_0x149266dd0;  1 drivers
v0x14ff6e3f0_0 .net *"_ivl_53", 0 0, L_0x149266ee0;  1 drivers
v0x14ff6e480_0 .net *"_ivl_55", 0 0, L_0x149266ff0;  1 drivers
v0x14ff7c700_0 .net *"_ivl_58", 0 0, L_0x1492670a0;  1 drivers
v0x14ff7c790_0 .net *"_ivl_60", 0 0, L_0x149267140;  1 drivers
v0x14ff7c820_0 .net *"_ivl_61", 0 0, L_0x149266e70;  1 drivers
v0x14ff7c8b0_0 .net *"_ivl_64", 0 0, L_0x1492673d0;  1 drivers
v0x14ff7c950_0 .net *"_ivl_65", 0 0, L_0x149267470;  1 drivers
v0x14ff6b840_0 .net *"_ivl_67", 0 0, L_0x149267520;  1 drivers
v0x14ff6b8e0_0 .net *"_ivl_7", 0 0, L_0x149265ac0;  1 drivers
v0x14ff6b990_0 .net *"_ivl_70", 0 0, L_0x149267690;  1 drivers
v0x14ff6ba40_0 .net *"_ivl_72", 0 0, L_0x1492677c0;  1 drivers
v0x14ffbaa60_0 .net *"_ivl_73", 0 0, L_0x149267360;  1 drivers
v0x14ffbaaf0_0 .net *"_ivl_76", 0 0, L_0x1492678a0;  1 drivers
v0x14ffbab80_0 .net *"_ivl_77", 0 0, L_0x1492679e0;  1 drivers
v0x14ffbac10_0 .net *"_ivl_80", 0 0, L_0x149267b00;  1 drivers
v0x14ffbacc0_0 .net *"_ivl_81", 0 0, L_0x149267ba0;  1 drivers
v0x14ff7f0e0_0 .net *"_ivl_83", 0 0, L_0x149267c70;  1 drivers
v0x14ff7f190_0 .net *"_ivl_86", 0 0, L_0x149267e40;  1 drivers
v0x14ff7f240_0 .net *"_ivl_88", 0 0, L_0x149267940;  1 drivers
v0x14ff7f2f0_0 .net *"_ivl_90", 0 0, L_0x149267fe0;  1 drivers
v0x14ff69290_0 .net *"_ivl_91", 0 0, L_0x149266290;  1 drivers
v0x14ff69320_0 .net *"_ivl_93", 0 0, L_0x149268180;  1 drivers
v0x14ff693b0_0 .net *"_ivl_96", 0 0, L_0x149267da0;  1 drivers
v0x14ff69450_0 .net *"_ivl_98", 0 0, L_0x149268320;  1 drivers
v0x14ff69500_0 .net *"_ivl_99", 0 0, L_0x149268490;  1 drivers
v0x14ff81a80_0 .net "a", 3 0, L_0x1492699a0;  1 drivers
v0x14ff81b30_0 .net "b", 3 0, L_0x149269a40;  1 drivers
v0x14ff81be0_0 .net "c", 3 0, L_0x149266aa0;  1 drivers
v0x14ff9dea0_0 .net "cin", 0 0, L_0x149265210;  alias, 1 drivers
v0x14ff9df50_0 .net "cout", 0 0, L_0x1492693d0;  alias, 1 drivers
v0x14ff9dfe0_0 .net "sum", 3 0, L_0x149269590;  1 drivers
L_0x149265bb0 .part L_0x149265990, 0, 1;
L_0x149265c90 .part L_0x149265920, 0, 1;
L_0x149265d70 .part L_0x149266aa0, 0, 1;
L_0x149266080 .part L_0x149265990, 1, 1;
L_0x149266120 .part L_0x149265920, 1, 1;
L_0x1492661f0 .part L_0x149265990, 0, 1;
L_0x149266510 .part L_0x149265920, 1, 1;
L_0x149266630 .part L_0x149265920, 0, 1;
L_0x1492667c0 .part L_0x149266aa0, 0, 1;
L_0x149266aa0 .concat8 [ 1 1 1 1], L_0x149265ac0, L_0x149265f60, L_0x1492669f0, L_0x149267c70;
L_0x149266c30 .part L_0x149265990, 2, 1;
L_0x149266d30 .part L_0x149265920, 2, 1;
L_0x149266dd0 .part L_0x149265990, 1, 1;
L_0x1492670a0 .part L_0x149265920, 2, 1;
L_0x149267140 .part L_0x149265920, 1, 1;
L_0x1492673d0 .part L_0x149265990, 0, 1;
L_0x149267690 .part L_0x149265920, 2, 1;
L_0x1492677c0 .part L_0x149265920, 1, 1;
L_0x1492678a0 .part L_0x149265920, 0, 1;
L_0x149267b00 .part L_0x149266aa0, 0, 1;
L_0x149267e40 .part L_0x149265990, 3, 1;
L_0x149267940 .part L_0x149265920, 3, 1;
L_0x149267fe0 .part L_0x149265990, 2, 1;
L_0x149267da0 .part L_0x149265920, 3, 1;
L_0x149268320 .part L_0x149265920, 2, 1;
L_0x149268520 .part L_0x149265990, 1, 1;
L_0x1492687e0 .part L_0x149265920, 3, 1;
L_0x149268960 .part L_0x149265920, 2, 1;
L_0x149267220 .part L_0x149265920, 1, 1;
L_0x149268880 .part L_0x149265990, 0, 1;
L_0x149268fc0 .part L_0x149265920, 3, 1;
L_0x149269160 .part L_0x149265920, 2, 1;
L_0x1492692f0 .part L_0x149265920, 1, 1;
L_0x1492690a0 .part L_0x149265920, 0, 1;
L_0x149269690 .part L_0x149266aa0, 0, 1;
S_0x14ffbdaf0 .scope module, "n4" "cla_4" 6 17, 7 3 0, S_0x13ff65570;
 .timescale -9 -11;
    .port_info 0 /INPUT 4 "a";
    .port_info 1 /INPUT 4 "b";
    .port_info 2 /INPUT 1 "cin";
    .port_info 3 /OUTPUT 4 "sum";
    .port_info 4 /OUTPUT 1 "cout";
L_0x149269ae0 .functor XOR 4, L_0x14926db00, L_0x14926dba0, C4<0000>, C4<0000>;
L_0x149269b50 .functor AND 4, L_0x14926db00, L_0x14926dba0, C4<1111>, C4<1111>;
L_0x149269c40 .functor BUFZ 1, L_0x1492693d0, C4<0>, C4<0>, C4<0>;
L_0x149269f90 .functor AND 1, L_0x149269dd0, L_0x149269eb0, C4<1>, C4<1>;
L_0x14926a0c0 .functor OR 1, L_0x149269d30, L_0x149269f90, C4<0>, C4<0>;
L_0x14926a470 .functor AND 1, L_0x14926a280, L_0x14926a350, C4<1>, C4<1>;
L_0x14926a540 .functor OR 1, L_0x14926a1e0, L_0x14926a470, C4<0>, C4<0>;
L_0x14926a830 .functor AND 1, L_0x14926a670, L_0x14926a790, C4<1>, C4<1>;
L_0x14926aa50 .functor AND 1, L_0x14926a830, L_0x14926a920, C4<1>, C4<1>;
L_0x14926ab50 .functor OR 1, L_0x14926a540, L_0x14926aa50, C4<0>, C4<0>;
L_0x14926b040 .functor AND 1, L_0x14926ae90, L_0x14926af30, C4<1>, C4<1>;
L_0x14926b150 .functor OR 1, L_0x14926ad90, L_0x14926b040, C4<0>, C4<0>;
L_0x14926afd0 .functor AND 1, L_0x14926b200, L_0x14926b2a0, C4<1>, C4<1>;
L_0x14926b5d0 .functor AND 1, L_0x14926afd0, L_0x14926b530, C4<1>, C4<1>;
L_0x14926b680 .functor OR 1, L_0x14926b150, L_0x14926b5d0, C4<0>, C4<0>;
L_0x14926b4c0 .functor AND 1, L_0x14926b7f0, L_0x14926b920, C4<1>, C4<1>;
L_0x14926bb40 .functor AND 1, L_0x14926b4c0, L_0x14926ba00, C4<1>, C4<1>;
L_0x14926bd00 .functor AND 1, L_0x14926bb40, L_0x14926bc60, C4<1>, C4<1>;
L_0x14926bdd0 .functor OR 1, L_0x14926b680, L_0x14926bd00, C4<0>, C4<0>;
L_0x14926a3f0 .functor AND 1, L_0x14926baa0, L_0x14926c140, C4<1>, C4<1>;
L_0x14926c2e0 .functor OR 1, L_0x14926bfa0, L_0x14926a3f0, C4<0>, C4<0>;
L_0x14926c5f0 .functor AND 1, L_0x14926bf00, L_0x14926c480, C4<1>, C4<1>;
L_0x14926c720 .functor AND 1, L_0x14926c5f0, L_0x14926c680, C4<1>, C4<1>;
L_0x14926c8d0 .functor OR 1, L_0x14926c2e0, L_0x14926c720, C4<0>, C4<0>;
L_0x14926c520 .functor AND 1, L_0x14926c940, L_0x14926cac0, C4<1>, C4<1>;
L_0x14926c810 .functor AND 1, L_0x14926c520, L_0x14926b380, C4<1>, C4<1>;
L_0x14926cf20 .functor AND 1, L_0x14926c810, L_0x14926ca20, C4<1>, C4<1>;
L_0x14926d0f0 .functor OR 1, L_0x14926c8d0, L_0x14926cf20, C4<0>, C4<0>;
L_0x14926cde0 .functor AND 1, L_0x14926d160, L_0x14926d300, C4<1>, C4<1>;
L_0x14926d010 .functor AND 1, L_0x14926cde0, L_0x14926d490, C4<1>, C4<1>;
L_0x14926d640 .functor AND 1, L_0x14926d010, L_0x14926d240, C4<1>, C4<1>;
L_0x14926d3a0 .functor AND 1, L_0x14926d640, L_0x14926d830, C4<1>, C4<1>;
L_0x14926d530 .functor OR 1, L_0x14926d0f0, L_0x14926d3a0, C4<0>, C4<0>;
L_0x14926d730 .functor XOR 4, L_0x149269ae0, L_0x14926ac00, C4<0000>, C4<0000>;
v0x14ffbdc60_0 .net "G", 3 0, L_0x149269b50;  1 drivers
v0x14ffbdcf0_0 .net "P", 3 0, L_0x149269ae0;  1 drivers
v0x14ffc8530_0 .net *"_ivl_102", 0 0, L_0x14926c680;  1 drivers
v0x14ffc85c0_0 .net *"_ivl_103", 0 0, L_0x14926c720;  1 drivers
v0x14ffc8650_0 .net *"_ivl_105", 0 0, L_0x14926c8d0;  1 drivers
v0x14ffc8730_0 .net *"_ivl_108", 0 0, L_0x14926c940;  1 drivers
v0x14ffb8260_0 .net *"_ivl_11", 0 0, L_0x149269d30;  1 drivers
v0x14ffb82f0_0 .net *"_ivl_110", 0 0, L_0x14926cac0;  1 drivers
v0x14ffb8380_0 .net *"_ivl_111", 0 0, L_0x14926c520;  1 drivers
v0x14ffb8490_0 .net *"_ivl_114", 0 0, L_0x14926b380;  1 drivers
v0x14ffb8520_0 .net *"_ivl_115", 0 0, L_0x14926c810;  1 drivers
v0x14ff901f0_0 .net *"_ivl_118", 0 0, L_0x14926ca20;  1 drivers
v0x14ff902a0_0 .net *"_ivl_119", 0 0, L_0x14926cf20;  1 drivers
v0x14ff90350_0 .net *"_ivl_121", 0 0, L_0x14926d0f0;  1 drivers
v0x14ff90400_0 .net *"_ivl_124", 0 0, L_0x14926d160;  1 drivers
v0x14ff904b0_0 .net *"_ivl_126", 0 0, L_0x14926d300;  1 drivers
v0x14ff92530_0 .net *"_ivl_127", 0 0, L_0x14926cde0;  1 drivers
v0x14ff926c0_0 .net *"_ivl_13", 0 0, L_0x149269dd0;  1 drivers
v0x14ff92750_0 .net *"_ivl_130", 0 0, L_0x14926d490;  1 drivers
v0x13ffcdb20_0 .net *"_ivl_131", 0 0, L_0x14926d010;  1 drivers
v0x13ffcdbb0_0 .net *"_ivl_134", 0 0, L_0x14926d240;  1 drivers
v0x13ffcdc40_0 .net *"_ivl_135", 0 0, L_0x14926d640;  1 drivers
v0x13ffcdcd0_0 .net *"_ivl_138", 0 0, L_0x14926d830;  1 drivers
v0x13ffcdd70_0 .net *"_ivl_139", 0 0, L_0x14926d3a0;  1 drivers
v0x13ffefbb0_0 .net *"_ivl_15", 0 0, L_0x149269eb0;  1 drivers
v0x13ffefc40_0 .net *"_ivl_16", 0 0, L_0x149269f90;  1 drivers
v0x13ffefcd0_0 .net *"_ivl_18", 0 0, L_0x14926a0c0;  1 drivers
v0x13ffefd60_0 .net *"_ivl_23", 0 0, L_0x14926a1e0;  1 drivers
v0x13ffefe10_0 .net *"_ivl_25", 0 0, L_0x14926a280;  1 drivers
v0x13fff02f0_0 .net *"_ivl_27", 0 0, L_0x14926a350;  1 drivers
v0x13fff0380_0 .net *"_ivl_28", 0 0, L_0x14926a470;  1 drivers
v0x13fff0410_0 .net *"_ivl_30", 0 0, L_0x14926a540;  1 drivers
v0x13fff04b0_0 .net *"_ivl_33", 0 0, L_0x14926a670;  1 drivers
v0x14ff925e0_0 .net *"_ivl_35", 0 0, L_0x14926a790;  1 drivers
v0x13fff0740_0 .net *"_ivl_36", 0 0, L_0x14926a830;  1 drivers
v0x13fff07d0_0 .net *"_ivl_39", 0 0, L_0x14926a920;  1 drivers
v0x13fff0870_0 .net *"_ivl_40", 0 0, L_0x14926aa50;  1 drivers
v0x13fff0920_0 .net *"_ivl_42", 0 0, L_0x14926ab50;  1 drivers
v0x13fff09d0_0 .net *"_ivl_48", 0 0, L_0x14926ad90;  1 drivers
v0x13fff0a80_0 .net *"_ivl_50", 0 0, L_0x14926ae90;  1 drivers
v0x13fff0b30_0 .net *"_ivl_52", 0 0, L_0x14926af30;  1 drivers
v0x13fff0be0_0 .net *"_ivl_53", 0 0, L_0x14926b040;  1 drivers
v0x13fff0c90_0 .net *"_ivl_55", 0 0, L_0x14926b150;  1 drivers
v0x13fff0d40_0 .net *"_ivl_58", 0 0, L_0x14926b200;  1 drivers
v0x13fff0df0_0 .net *"_ivl_60", 0 0, L_0x14926b2a0;  1 drivers
v0x13fff0ea0_0 .net *"_ivl_61", 0 0, L_0x14926afd0;  1 drivers
v0x13fff0f50_0 .net *"_ivl_64", 0 0, L_0x14926b530;  1 drivers
v0x13fff1000_0 .net *"_ivl_65", 0 0, L_0x14926b5d0;  1 drivers
v0x13fff10b0_0 .net *"_ivl_67", 0 0, L_0x14926b680;  1 drivers
v0x13fff1160_0 .net *"_ivl_7", 0 0, L_0x149269c40;  1 drivers
v0x13fff1210_0 .net *"_ivl_70", 0 0, L_0x14926b7f0;  1 drivers
v0x13fff12c0_0 .net *"_ivl_72", 0 0, L_0x14926b920;  1 drivers
v0x13fff1370_0 .net *"_ivl_73", 0 0, L_0x14926b4c0;  1 drivers
v0x13fff1420_0 .net *"_ivl_76", 0 0, L_0x14926ba00;  1 drivers
v0x13fff14d0_0 .net *"_ivl_77", 0 0, L_0x14926bb40;  1 drivers
v0x13fff1580_0 .net *"_ivl_80", 0 0, L_0x14926bc60;  1 drivers
v0x13fff1630_0 .net *"_ivl_81", 0 0, L_0x14926bd00;  1 drivers
v0x13fff16e0_0 .net *"_ivl_83", 0 0, L_0x14926bdd0;  1 drivers
v0x13fff1790_0 .net *"_ivl_86", 0 0, L_0x14926bfa0;  1 drivers
v0x13fff1840_0 .net *"_ivl_88", 0 0, L_0x14926baa0;  1 drivers
v0x13fff18f0_0 .net *"_ivl_90", 0 0, L_0x14926c140;  1 drivers
v0x13fff19a0_0 .net *"_ivl_91", 0 0, L_0x14926a3f0;  1 drivers
v0x13fff1a50_0 .net *"_ivl_93", 0 0, L_0x14926c2e0;  1 drivers
v0x13fff1b00_0 .net *"_ivl_96", 0 0, L_0x14926bf00;  1 drivers
v0x13fff1bb0_0 .net *"_ivl_98", 0 0, L_0x14926c480;  1 drivers
v0x13fff0560_0 .net *"_ivl_99", 0 0, L_0x14926c5f0;  1 drivers
v0x13fff0610_0 .net "a", 3 0, L_0x14926db00;  1 drivers
v0x13fff1c40_0 .net "b", 3 0, L_0x14926dba0;  1 drivers
v0x13fff1cd0_0 .net "c", 3 0, L_0x14926ac00;  1 drivers
v0x13fff1d60_0 .net "cin", 0 0, L_0x1492693d0;  alias, 1 drivers
v0x13fff1df0_0 .net "cout", 0 0, L_0x14926d530;  alias, 1 drivers
v0x13fff1e80_0 .net "sum", 3 0, L_0x14926d730;  1 drivers
L_0x149269d30 .part L_0x149269b50, 0, 1;
L_0x149269dd0 .part L_0x149269ae0, 0, 1;
L_0x149269eb0 .part L_0x14926ac00, 0, 1;
L_0x14926a1e0 .part L_0x149269b50, 1, 1;
L_0x14926a280 .part L_0x149269ae0, 1, 1;
L_0x14926a350 .part L_0x149269b50, 0, 1;
L_0x14926a670 .part L_0x149269ae0, 1, 1;
L_0x14926a790 .part L_0x149269ae0, 0, 1;
L_0x14926a920 .part L_0x14926ac00, 0, 1;
L_0x14926ac00 .concat8 [ 1 1 1 1], L_0x149269c40, L_0x14926a0c0, L_0x14926ab50, L_0x14926bdd0;
L_0x14926ad90 .part L_0x149269b50, 2, 1;
L_0x14926ae90 .part L_0x149269ae0, 2, 1;
L_0x14926af30 .part L_0x149269b50, 1, 1;
L_0x14926b200 .part L_0x149269ae0, 2, 1;
L_0x14926b2a0 .part L_0x149269ae0, 1, 1;
L_0x14926b530 .part L_0x149269b50, 0, 1;
L_0x14926b7f0 .part L_0x149269ae0, 2, 1;
L_0x14926b920 .part L_0x149269ae0, 1, 1;
L_0x14926ba00 .part L_0x149269ae0, 0, 1;
L_0x14926bc60 .part L_0x14926ac00, 0, 1;
L_0x14926bfa0 .part L_0x149269b50, 3, 1;
L_0x14926baa0 .part L_0x149269ae0, 3, 1;
L_0x14926c140 .part L_0x149269b50, 2, 1;
L_0x14926bf00 .part L_0x149269ae0, 3, 1;
L_0x14926c480 .part L_0x149269ae0, 2, 1;
L_0x14926c680 .part L_0x149269b50, 1, 1;
L_0x14926c940 .part L_0x149269ae0, 3, 1;
L_0x14926cac0 .part L_0x149269ae0, 2, 1;
L_0x14926b380 .part L_0x149269ae0, 1, 1;
L_0x14926ca20 .part L_0x149269b50, 0, 1;
L_0x14926d160 .part L_0x149269ae0, 3, 1;
L_0x14926d300 .part L_0x149269ae0, 2, 1;
L_0x14926d490 .part L_0x149269ae0, 1, 1;
L_0x14926d240 .part L_0x149269ae0, 0, 1;
L_0x14926d830 .part L_0x14926ac00, 0, 1;
S_0x13fff2500 .scope module, "n2" "cla16" 6 33, 6 4 0, S_0x13ff68620;
 .timescale -9 -11;
    .port_info 0 /INPUT 16 "d1";
    .port_info 1 /INPUT 16 "d2";
    .port_info 2 /INPUT 1 "cin";
    .port_info 3 /OUTPUT 16 "sum";
    .port_info 4 /OUTPUT 1 "cout";
P_0x13fff26d0 .param/l "DATA_WIDTH" 0 6 4, +C4<00000000000000000000000000100000>;
v0x13ffff8c0_0 .net "c1", 0 0, L_0x149271aa0;  1 drivers
v0x13ffff9a0_0 .net "c2", 0 0, L_0x149275c50;  1 drivers
v0x13ffffa70_0 .net "c3", 0 0, L_0x149279e30;  1 drivers
v0x13ffffb40_0 .net "cin", 0 0, L_0x14926d530;  alias, 1 drivers
v0x13ffffbd0_0 .net8 "cout", 0 0, RS_0x140057f90;  alias, 3 drivers
v0x13ffffca0_0 .net "d1", 15 0, L_0x14927e8f0;  1 drivers
v0x13ffffd30_0 .net "d2", 15 0, L_0x14927e990;  1 drivers
v0x13ffffdc0_0 .net "sum", 15 0, L_0x14927e740;  1 drivers
L_0x149272070 .part L_0x14927e8f0, 0, 4;
L_0x149272110 .part L_0x14927e990, 0, 4;
L_0x149276220 .part L_0x14927e8f0, 4, 4;
L_0x1492762c0 .part L_0x14927e990, 4, 4;
L_0x14927a400 .part L_0x14927e8f0, 8, 4;
L_0x14927a4a0 .part L_0x14927e990, 8, 4;
L_0x14927e580 .part L_0x14927e8f0, 12, 4;
L_0x14927e620 .part L_0x14927e990, 12, 4;
L_0x14927e740 .concat8 [ 4 4 4 4], L_0x149271ca0, L_0x149275e50, L_0x14927a030, L_0x14927e1b0;
S_0x13fff2800 .scope module, "n1" "cla_4" 6 14, 7 3 0, S_0x13fff2500;
 .timescale -9 -11;
    .port_info 0 /INPUT 4 "a";
    .port_info 1 /INPUT 4 "b";
    .port_info 2 /INPUT 1 "cin";
    .port_info 3 /OUTPUT 4 "sum";
    .port_info 4 /OUTPUT 1 "cout";
L_0x14926e110 .functor XOR 4, L_0x149272070, L_0x149272110, C4<0000>, C4<0000>;
L_0x14926e180 .functor AND 4, L_0x149272070, L_0x149272110, C4<1111>, C4<1111>;
L_0x14926e1f0 .functor BUFZ 1, L_0x14926d530, C4<0>, C4<0>, C4<0>;
L_0x14926e500 .functor AND 1, L_0x14926e340, L_0x14926e420, C4<1>, C4<1>;
L_0x14926e630 .functor OR 1, L_0x14926e260, L_0x14926e500, C4<0>, C4<0>;
L_0x14926e9e0 .functor AND 1, L_0x14926e7f0, L_0x14926e8c0, C4<1>, C4<1>;
L_0x14926eab0 .functor OR 1, L_0x14926e750, L_0x14926e9e0, C4<0>, C4<0>;
L_0x14926eda0 .functor AND 1, L_0x14926ebe0, L_0x14926ed00, C4<1>, C4<1>;
L_0x14926efc0 .functor AND 1, L_0x14926eda0, L_0x14926ee90, C4<1>, C4<1>;
L_0x14926f0c0 .functor OR 1, L_0x14926eab0, L_0x14926efc0, C4<0>, C4<0>;
L_0x14926f5b0 .functor AND 1, L_0x14926f400, L_0x14926f4a0, C4<1>, C4<1>;
L_0x14926f6c0 .functor OR 1, L_0x14926f300, L_0x14926f5b0, C4<0>, C4<0>;
L_0x14926f540 .functor AND 1, L_0x14926f770, L_0x14926f810, C4<1>, C4<1>;
L_0x14926fb40 .functor AND 1, L_0x14926f540, L_0x14926faa0, C4<1>, C4<1>;
L_0x14926fbf0 .functor OR 1, L_0x14926f6c0, L_0x14926fb40, C4<0>, C4<0>;
L_0x14926fa30 .functor AND 1, L_0x14926fd60, L_0x14926fe90, C4<1>, C4<1>;
L_0x1492700b0 .functor AND 1, L_0x14926fa30, L_0x14926ff70, C4<1>, C4<1>;
L_0x149270270 .functor AND 1, L_0x1492700b0, L_0x1492701d0, C4<1>, C4<1>;
L_0x149270340 .functor OR 1, L_0x14926fbf0, L_0x149270270, C4<0>, C4<0>;
L_0x14926e960 .functor AND 1, L_0x149270010, L_0x1492706b0, C4<1>, C4<1>;
L_0x149270850 .functor OR 1, L_0x149270510, L_0x14926e960, C4<0>, C4<0>;
L_0x149270b60 .functor AND 1, L_0x149270470, L_0x1492709f0, C4<1>, C4<1>;
L_0x149270c90 .functor AND 1, L_0x149270b60, L_0x149270bf0, C4<1>, C4<1>;
L_0x149270e40 .functor OR 1, L_0x149270850, L_0x149270c90, C4<0>, C4<0>;
L_0x149270a90 .functor AND 1, L_0x149270eb0, L_0x149271030, C4<1>, C4<1>;
L_0x149270d80 .functor AND 1, L_0x149270a90, L_0x14926f8f0, C4<1>, C4<1>;
L_0x149271490 .functor AND 1, L_0x149270d80, L_0x149270f50, C4<1>, C4<1>;
L_0x149271660 .functor OR 1, L_0x149270e40, L_0x149271490, C4<0>, C4<0>;
L_0x149271350 .functor AND 1, L_0x1492716d0, L_0x149271870, C4<1>, C4<1>;
L_0x149271580 .functor AND 1, L_0x149271350, L_0x149271a00, C4<1>, C4<1>;
L_0x149271bb0 .functor AND 1, L_0x149271580, L_0x1492717b0, C4<1>, C4<1>;
L_0x149271910 .functor AND 1, L_0x149271bb0, L_0x149271da0, C4<1>, C4<1>;
L_0x149271aa0 .functor OR 1, L_0x149271660, L_0x149271910, C4<0>, C4<0>;
L_0x149271ca0 .functor XOR 4, L_0x14926e110, L_0x14926f170, C4<0000>, C4<0000>;
v0x13fff2a70_0 .net "G", 3 0, L_0x14926e180;  1 drivers
v0x13fff2b20_0 .net "P", 3 0, L_0x14926e110;  1 drivers
v0x13fff2bd0_0 .net *"_ivl_102", 0 0, L_0x149270bf0;  1 drivers
v0x13fff2c90_0 .net *"_ivl_103", 0 0, L_0x149270c90;  1 drivers
v0x13fff2d40_0 .net *"_ivl_105", 0 0, L_0x149270e40;  1 drivers
v0x13fff2e30_0 .net *"_ivl_108", 0 0, L_0x149270eb0;  1 drivers
v0x13fff2ee0_0 .net *"_ivl_11", 0 0, L_0x14926e260;  1 drivers
v0x13fff2f90_0 .net *"_ivl_110", 0 0, L_0x149271030;  1 drivers
v0x13fff3040_0 .net *"_ivl_111", 0 0, L_0x149270a90;  1 drivers
v0x13fff3150_0 .net *"_ivl_114", 0 0, L_0x14926f8f0;  1 drivers
v0x13fff3200_0 .net *"_ivl_115", 0 0, L_0x149270d80;  1 drivers
v0x13fff32b0_0 .net *"_ivl_118", 0 0, L_0x149270f50;  1 drivers
v0x13fff3360_0 .net *"_ivl_119", 0 0, L_0x149271490;  1 drivers
v0x13fff3410_0 .net *"_ivl_121", 0 0, L_0x149271660;  1 drivers
v0x13fff34c0_0 .net *"_ivl_124", 0 0, L_0x1492716d0;  1 drivers
v0x13fff3570_0 .net *"_ivl_126", 0 0, L_0x149271870;  1 drivers
v0x13fff3620_0 .net *"_ivl_127", 0 0, L_0x149271350;  1 drivers
v0x13fff37b0_0 .net *"_ivl_13", 0 0, L_0x14926e340;  1 drivers
v0x13fff3840_0 .net *"_ivl_130", 0 0, L_0x149271a00;  1 drivers
v0x13fff38f0_0 .net *"_ivl_131", 0 0, L_0x149271580;  1 drivers
v0x13fff39a0_0 .net *"_ivl_134", 0 0, L_0x1492717b0;  1 drivers
v0x13fff3a50_0 .net *"_ivl_135", 0 0, L_0x149271bb0;  1 drivers
v0x13fff3b00_0 .net *"_ivl_138", 0 0, L_0x149271da0;  1 drivers
v0x13fff3bb0_0 .net *"_ivl_139", 0 0, L_0x149271910;  1 drivers
v0x13fff3c60_0 .net *"_ivl_15", 0 0, L_0x14926e420;  1 drivers
v0x13fff3d10_0 .net *"_ivl_16", 0 0, L_0x14926e500;  1 drivers
v0x13fff3dc0_0 .net *"_ivl_18", 0 0, L_0x14926e630;  1 drivers
v0x13fff3e70_0 .net *"_ivl_23", 0 0, L_0x14926e750;  1 drivers
v0x13fff3f20_0 .net *"_ivl_25", 0 0, L_0x14926e7f0;  1 drivers
v0x13fff3fd0_0 .net *"_ivl_27", 0 0, L_0x14926e8c0;  1 drivers
v0x13fff4080_0 .net *"_ivl_28", 0 0, L_0x14926e9e0;  1 drivers
v0x13fff4130_0 .net *"_ivl_30", 0 0, L_0x14926eab0;  1 drivers
v0x13fff41e0_0 .net *"_ivl_33", 0 0, L_0x14926ebe0;  1 drivers
v0x13fff36d0_0 .net *"_ivl_35", 0 0, L_0x14926ed00;  1 drivers
v0x13fff4470_0 .net *"_ivl_36", 0 0, L_0x14926eda0;  1 drivers
v0x13fff4500_0 .net *"_ivl_39", 0 0, L_0x14926ee90;  1 drivers
v0x13fff45a0_0 .net *"_ivl_40", 0 0, L_0x14926efc0;  1 drivers
v0x13fff4650_0 .net *"_ivl_42", 0 0, L_0x14926f0c0;  1 drivers
v0x13fff4700_0 .net *"_ivl_48", 0 0, L_0x14926f300;  1 drivers
v0x13fff47b0_0 .net *"_ivl_50", 0 0, L_0x14926f400;  1 drivers
v0x13fff4860_0 .net *"_ivl_52", 0 0, L_0x14926f4a0;  1 drivers
v0x13fff4910_0 .net *"_ivl_53", 0 0, L_0x14926f5b0;  1 drivers
v0x13fff49c0_0 .net *"_ivl_55", 0 0, L_0x14926f6c0;  1 drivers
v0x13fff4a70_0 .net *"_ivl_58", 0 0, L_0x14926f770;  1 drivers
v0x13fff4b20_0 .net *"_ivl_60", 0 0, L_0x14926f810;  1 drivers
v0x13fff4bd0_0 .net *"_ivl_61", 0 0, L_0x14926f540;  1 drivers
v0x13fff4c80_0 .net *"_ivl_64", 0 0, L_0x14926faa0;  1 drivers
v0x13fff4d30_0 .net *"_ivl_65", 0 0, L_0x14926fb40;  1 drivers
v0x13fff4de0_0 .net *"_ivl_67", 0 0, L_0x14926fbf0;  1 drivers
v0x13fff4e90_0 .net *"_ivl_7", 0 0, L_0x14926e1f0;  1 drivers
v0x13fff4f40_0 .net *"_ivl_70", 0 0, L_0x14926fd60;  1 drivers
v0x13fff4ff0_0 .net *"_ivl_72", 0 0, L_0x14926fe90;  1 drivers
v0x13fff50a0_0 .net *"_ivl_73", 0 0, L_0x14926fa30;  1 drivers
v0x13fff5150_0 .net *"_ivl_76", 0 0, L_0x14926ff70;  1 drivers
v0x13fff5200_0 .net *"_ivl_77", 0 0, L_0x1492700b0;  1 drivers
v0x13fff52b0_0 .net *"_ivl_80", 0 0, L_0x1492701d0;  1 drivers
v0x13fff5360_0 .net *"_ivl_81", 0 0, L_0x149270270;  1 drivers
v0x13fff5410_0 .net *"_ivl_83", 0 0, L_0x149270340;  1 drivers
v0x13fff54c0_0 .net *"_ivl_86", 0 0, L_0x149270510;  1 drivers
v0x13fff5570_0 .net *"_ivl_88", 0 0, L_0x149270010;  1 drivers
v0x13fff5620_0 .net *"_ivl_90", 0 0, L_0x1492706b0;  1 drivers
v0x13fff56d0_0 .net *"_ivl_91", 0 0, L_0x14926e960;  1 drivers
v0x13fff5780_0 .net *"_ivl_93", 0 0, L_0x149270850;  1 drivers
v0x13fff5830_0 .net *"_ivl_96", 0 0, L_0x149270470;  1 drivers
v0x13fff58e0_0 .net *"_ivl_98", 0 0, L_0x1492709f0;  1 drivers
v0x13fff4290_0 .net *"_ivl_99", 0 0, L_0x149270b60;  1 drivers
v0x13fff4340_0 .net "a", 3 0, L_0x149272070;  1 drivers
v0x13fff5970_0 .net "b", 3 0, L_0x149272110;  1 drivers
v0x13fff5a00_0 .net "c", 3 0, L_0x14926f170;  1 drivers
v0x13fff5a90_0 .net "cin", 0 0, L_0x14926d530;  alias, 1 drivers
v0x13fff5b20_0 .net "cout", 0 0, L_0x149271aa0;  alias, 1 drivers
v0x13fff5bb0_0 .net "sum", 3 0, L_0x149271ca0;  1 drivers
L_0x14926e260 .part L_0x14926e180, 0, 1;
L_0x14926e340 .part L_0x14926e110, 0, 1;
L_0x14926e420 .part L_0x14926f170, 0, 1;
L_0x14926e750 .part L_0x14926e180, 1, 1;
L_0x14926e7f0 .part L_0x14926e110, 1, 1;
L_0x14926e8c0 .part L_0x14926e180, 0, 1;
L_0x14926ebe0 .part L_0x14926e110, 1, 1;
L_0x14926ed00 .part L_0x14926e110, 0, 1;
L_0x14926ee90 .part L_0x14926f170, 0, 1;
L_0x14926f170 .concat8 [ 1 1 1 1], L_0x14926e1f0, L_0x14926e630, L_0x14926f0c0, L_0x149270340;
L_0x14926f300 .part L_0x14926e180, 2, 1;
L_0x14926f400 .part L_0x14926e110, 2, 1;
L_0x14926f4a0 .part L_0x14926e180, 1, 1;
L_0x14926f770 .part L_0x14926e110, 2, 1;
L_0x14926f810 .part L_0x14926e110, 1, 1;
L_0x14926faa0 .part L_0x14926e180, 0, 1;
L_0x14926fd60 .part L_0x14926e110, 2, 1;
L_0x14926fe90 .part L_0x14926e110, 1, 1;
L_0x14926ff70 .part L_0x14926e110, 0, 1;
L_0x1492701d0 .part L_0x14926f170, 0, 1;
L_0x149270510 .part L_0x14926e180, 3, 1;
L_0x149270010 .part L_0x14926e110, 3, 1;
L_0x1492706b0 .part L_0x14926e180, 2, 1;
L_0x149270470 .part L_0x14926e110, 3, 1;
L_0x1492709f0 .part L_0x14926e110, 2, 1;
L_0x149270bf0 .part L_0x14926e180, 1, 1;
L_0x149270eb0 .part L_0x14926e110, 3, 1;
L_0x149271030 .part L_0x14926e110, 2, 1;
L_0x14926f8f0 .part L_0x14926e110, 1, 1;
L_0x149270f50 .part L_0x14926e180, 0, 1;
L_0x1492716d0 .part L_0x14926e110, 3, 1;
L_0x149271870 .part L_0x14926e110, 2, 1;
L_0x149271a00 .part L_0x14926e110, 1, 1;
L_0x1492717b0 .part L_0x14926e110, 0, 1;
L_0x149271da0 .part L_0x14926f170, 0, 1;
S_0x13fff5c70 .scope module, "n2" "cla_4" 6 15, 7 3 0, S_0x13fff2500;
 .timescale -9 -11;
    .port_info 0 /INPUT 4 "a";
    .port_info 1 /INPUT 4 "b";
    .port_info 2 /INPUT 1 "cin";
    .port_info 3 /OUTPUT 4 "sum";
    .port_info 4 /OUTPUT 1 "cout";
L_0x149271d10 .functor XOR 4, L_0x149276220, L_0x1492762c0, C4<0000>, C4<0000>;
L_0x149272210 .functor AND 4, L_0x149276220, L_0x1492762c0, C4<1111>, C4<1111>;
L_0x149272340 .functor BUFZ 1, L_0x149271aa0, C4<0>, C4<0>, C4<0>;
L_0x1492726b0 .functor AND 1, L_0x149272510, L_0x1492725f0, C4<1>, C4<1>;
L_0x1492727e0 .functor OR 1, L_0x149272430, L_0x1492726b0, C4<0>, C4<0>;
L_0x149272b90 .functor AND 1, L_0x1492729a0, L_0x149272a70, C4<1>, C4<1>;
L_0x149272c60 .functor OR 1, L_0x149272900, L_0x149272b90, C4<0>, C4<0>;
L_0x149272f50 .functor AND 1, L_0x149272d90, L_0x149272eb0, C4<1>, C4<1>;
L_0x149273170 .functor AND 1, L_0x149272f50, L_0x149273040, C4<1>, C4<1>;
L_0x149273270 .functor OR 1, L_0x149272c60, L_0x149273170, C4<0>, C4<0>;
L_0x149273760 .functor AND 1, L_0x1492735b0, L_0x149273650, C4<1>, C4<1>;
L_0x149273870 .functor OR 1, L_0x1492734b0, L_0x149273760, C4<0>, C4<0>;
L_0x1492736f0 .functor AND 1, L_0x149273920, L_0x1492739c0, C4<1>, C4<1>;
L_0x149273cf0 .functor AND 1, L_0x1492736f0, L_0x149273c50, C4<1>, C4<1>;
L_0x149273da0 .functor OR 1, L_0x149273870, L_0x149273cf0, C4<0>, C4<0>;
L_0x149273be0 .functor AND 1, L_0x149273f10, L_0x149274040, C4<1>, C4<1>;
L_0x149274260 .functor AND 1, L_0x149273be0, L_0x149274120, C4<1>, C4<1>;
L_0x149274420 .functor AND 1, L_0x149274260, L_0x149274380, C4<1>, C4<1>;
L_0x1492744f0 .functor OR 1, L_0x149273da0, L_0x149274420, C4<0>, C4<0>;
L_0x149272b10 .functor AND 1, L_0x1492741c0, L_0x149274860, C4<1>, C4<1>;
L_0x149274a00 .functor OR 1, L_0x1492746c0, L_0x149272b10, C4<0>, C4<0>;
L_0x149274d10 .functor AND 1, L_0x149274620, L_0x149274ba0, C4<1>, C4<1>;
L_0x149274e40 .functor AND 1, L_0x149274d10, L_0x149274da0, C4<1>, C4<1>;
L_0x149274ff0 .functor OR 1, L_0x149274a00, L_0x149274e40, C4<0>, C4<0>;
L_0x149274c40 .functor AND 1, L_0x149275060, L_0x1492751e0, C4<1>, C4<1>;
L_0x149274f30 .functor AND 1, L_0x149274c40, L_0x149273aa0, C4<1>, C4<1>;
L_0x149275640 .functor AND 1, L_0x149274f30, L_0x149275100, C4<1>, C4<1>;
L_0x149275810 .functor OR 1, L_0x149274ff0, L_0x149275640, C4<0>, C4<0>;
L_0x149275500 .functor AND 1, L_0x149275880, L_0x149275a20, C4<1>, C4<1>;
L_0x149275730 .functor AND 1, L_0x149275500, L_0x149275bb0, C4<1>, C4<1>;
L_0x149275d60 .functor AND 1, L_0x149275730, L_0x149275960, C4<1>, C4<1>;
L_0x149275ac0 .functor AND 1, L_0x149275d60, L_0x149275f50, C4<1>, C4<1>;
L_0x149275c50 .functor OR 1, L_0x149275810, L_0x149275ac0, C4<0>, C4<0>;
L_0x149275e50 .functor XOR 4, L_0x149271d10, L_0x149273320, C4<0000>, C4<0000>;
v0x13fff5eb0_0 .net "G", 3 0, L_0x149272210;  1 drivers
v0x13fff5f50_0 .net "P", 3 0, L_0x149271d10;  1 drivers
v0x13fff6000_0 .net *"_ivl_102", 0 0, L_0x149274da0;  1 drivers
v0x13fff60c0_0 .net *"_ivl_103", 0 0, L_0x149274e40;  1 drivers
v0x13fff6170_0 .net *"_ivl_105", 0 0, L_0x149274ff0;  1 drivers
v0x13fff6260_0 .net *"_ivl_108", 0 0, L_0x149275060;  1 drivers
v0x13fff6310_0 .net *"_ivl_11", 0 0, L_0x149272430;  1 drivers
v0x13fff63c0_0 .net *"_ivl_110", 0 0, L_0x1492751e0;  1 drivers
v0x13fff6470_0 .net *"_ivl_111", 0 0, L_0x149274c40;  1 drivers
v0x13fff6580_0 .net *"_ivl_114", 0 0, L_0x149273aa0;  1 drivers
v0x13fff6630_0 .net *"_ivl_115", 0 0, L_0x149274f30;  1 drivers
v0x13fff66e0_0 .net *"_ivl_118", 0 0, L_0x149275100;  1 drivers
v0x13fff6790_0 .net *"_ivl_119", 0 0, L_0x149275640;  1 drivers
v0x13fff6840_0 .net *"_ivl_121", 0 0, L_0x149275810;  1 drivers
v0x13fff68f0_0 .net *"_ivl_124", 0 0, L_0x149275880;  1 drivers
v0x13fff69a0_0 .net *"_ivl_126", 0 0, L_0x149275a20;  1 drivers
v0x13fff6a50_0 .net *"_ivl_127", 0 0, L_0x149275500;  1 drivers
v0x13fff6be0_0 .net *"_ivl_13", 0 0, L_0x149272510;  1 drivers
v0x13fff6c70_0 .net *"_ivl_130", 0 0, L_0x149275bb0;  1 drivers
v0x13fff6d20_0 .net *"_ivl_131", 0 0, L_0x149275730;  1 drivers
v0x13fff6dd0_0 .net *"_ivl_134", 0 0, L_0x149275960;  1 drivers
v0x13fff6e80_0 .net *"_ivl_135", 0 0, L_0x149275d60;  1 drivers
v0x13fff6f30_0 .net *"_ivl_138", 0 0, L_0x149275f50;  1 drivers
v0x13fff6fe0_0 .net *"_ivl_139", 0 0, L_0x149275ac0;  1 drivers
v0x13fff7090_0 .net *"_ivl_15", 0 0, L_0x1492725f0;  1 drivers
v0x13fff7140_0 .net *"_ivl_16", 0 0, L_0x1492726b0;  1 drivers
v0x13fff71f0_0 .net *"_ivl_18", 0 0, L_0x1492727e0;  1 drivers
v0x13fff72a0_0 .net *"_ivl_23", 0 0, L_0x149272900;  1 drivers
v0x13fff7350_0 .net *"_ivl_25", 0 0, L_0x1492729a0;  1 drivers
v0x13fff7400_0 .net *"_ivl_27", 0 0, L_0x149272a70;  1 drivers
v0x13fff74b0_0 .net *"_ivl_28", 0 0, L_0x149272b90;  1 drivers
v0x13fff7560_0 .net *"_ivl_30", 0 0, L_0x149272c60;  1 drivers
v0x13fff7610_0 .net *"_ivl_33", 0 0, L_0x149272d90;  1 drivers
v0x13fff6b00_0 .net *"_ivl_35", 0 0, L_0x149272eb0;  1 drivers
v0x13fff78a0_0 .net *"_ivl_36", 0 0, L_0x149272f50;  1 drivers
v0x13fff7930_0 .net *"_ivl_39", 0 0, L_0x149273040;  1 drivers
v0x13fff79d0_0 .net *"_ivl_40", 0 0, L_0x149273170;  1 drivers
v0x13fff7a80_0 .net *"_ivl_42", 0 0, L_0x149273270;  1 drivers
v0x13fff7b30_0 .net *"_ivl_48", 0 0, L_0x1492734b0;  1 drivers
v0x13fff7be0_0 .net *"_ivl_50", 0 0, L_0x1492735b0;  1 drivers
v0x13fff7c90_0 .net *"_ivl_52", 0 0, L_0x149273650;  1 drivers
v0x13fff7d40_0 .net *"_ivl_53", 0 0, L_0x149273760;  1 drivers
v0x13fff7df0_0 .net *"_ivl_55", 0 0, L_0x149273870;  1 drivers
v0x13fff7ea0_0 .net *"_ivl_58", 0 0, L_0x149273920;  1 drivers
v0x13fff7f50_0 .net *"_ivl_60", 0 0, L_0x1492739c0;  1 drivers
v0x13fff8000_0 .net *"_ivl_61", 0 0, L_0x1492736f0;  1 drivers
v0x13fff80b0_0 .net *"_ivl_64", 0 0, L_0x149273c50;  1 drivers
v0x13fff8160_0 .net *"_ivl_65", 0 0, L_0x149273cf0;  1 drivers
v0x13fff8210_0 .net *"_ivl_67", 0 0, L_0x149273da0;  1 drivers
v0x13fff82c0_0 .net *"_ivl_7", 0 0, L_0x149272340;  1 drivers
v0x13fff8370_0 .net *"_ivl_70", 0 0, L_0x149273f10;  1 drivers
v0x13fff8420_0 .net *"_ivl_72", 0 0, L_0x149274040;  1 drivers
v0x13fff84d0_0 .net *"_ivl_73", 0 0, L_0x149273be0;  1 drivers
v0x13fff8580_0 .net *"_ivl_76", 0 0, L_0x149274120;  1 drivers
v0x13fff8630_0 .net *"_ivl_77", 0 0, L_0x149274260;  1 drivers
v0x13fff86e0_0 .net *"_ivl_80", 0 0, L_0x149274380;  1 drivers
v0x13fff8790_0 .net *"_ivl_81", 0 0, L_0x149274420;  1 drivers
v0x13fff8840_0 .net *"_ivl_83", 0 0, L_0x1492744f0;  1 drivers
v0x13fff88f0_0 .net *"_ivl_86", 0 0, L_0x1492746c0;  1 drivers
v0x13fff89a0_0 .net *"_ivl_88", 0 0, L_0x1492741c0;  1 drivers
v0x13fff8a50_0 .net *"_ivl_90", 0 0, L_0x149274860;  1 drivers
v0x13fff8b00_0 .net *"_ivl_91", 0 0, L_0x149272b10;  1 drivers
v0x13fff8bb0_0 .net *"_ivl_93", 0 0, L_0x149274a00;  1 drivers
v0x13fff8c60_0 .net *"_ivl_96", 0 0, L_0x149274620;  1 drivers
v0x13fff8d10_0 .net *"_ivl_98", 0 0, L_0x149274ba0;  1 drivers
v0x13fff76c0_0 .net *"_ivl_99", 0 0, L_0x149274d10;  1 drivers
v0x13fff7770_0 .net "a", 3 0, L_0x149276220;  1 drivers
v0x13fff8da0_0 .net "b", 3 0, L_0x1492762c0;  1 drivers
v0x13fff8e30_0 .net "c", 3 0, L_0x149273320;  1 drivers
v0x13fff8ec0_0 .net "cin", 0 0, L_0x149271aa0;  alias, 1 drivers
v0x13fff8f50_0 .net "cout", 0 0, L_0x149275c50;  alias, 1 drivers
v0x13fff8fe0_0 .net "sum", 3 0, L_0x149275e50;  1 drivers
L_0x149272430 .part L_0x149272210, 0, 1;
L_0x149272510 .part L_0x149271d10, 0, 1;
L_0x1492725f0 .part L_0x149273320, 0, 1;
L_0x149272900 .part L_0x149272210, 1, 1;
L_0x1492729a0 .part L_0x149271d10, 1, 1;
L_0x149272a70 .part L_0x149272210, 0, 1;
L_0x149272d90 .part L_0x149271d10, 1, 1;
L_0x149272eb0 .part L_0x149271d10, 0, 1;
L_0x149273040 .part L_0x149273320, 0, 1;
L_0x149273320 .concat8 [ 1 1 1 1], L_0x149272340, L_0x1492727e0, L_0x149273270, L_0x1492744f0;
L_0x1492734b0 .part L_0x149272210, 2, 1;
L_0x1492735b0 .part L_0x149271d10, 2, 1;
L_0x149273650 .part L_0x149272210, 1, 1;
L_0x149273920 .part L_0x149271d10, 2, 1;
L_0x1492739c0 .part L_0x149271d10, 1, 1;
L_0x149273c50 .part L_0x149272210, 0, 1;
L_0x149273f10 .part L_0x149271d10, 2, 1;
L_0x149274040 .part L_0x149271d10, 1, 1;
L_0x149274120 .part L_0x149271d10, 0, 1;
L_0x149274380 .part L_0x149273320, 0, 1;
L_0x1492746c0 .part L_0x149272210, 3, 1;
L_0x1492741c0 .part L_0x149271d10, 3, 1;
L_0x149274860 .part L_0x149272210, 2, 1;
L_0x149274620 .part L_0x149271d10, 3, 1;
L_0x149274ba0 .part L_0x149271d10, 2, 1;
L_0x149274da0 .part L_0x149272210, 1, 1;
L_0x149275060 .part L_0x149271d10, 3, 1;
L_0x1492751e0 .part L_0x149271d10, 2, 1;
L_0x149273aa0 .part L_0x149271d10, 1, 1;
L_0x149275100 .part L_0x149272210, 0, 1;
L_0x149275880 .part L_0x149271d10, 3, 1;
L_0x149275a20 .part L_0x149271d10, 2, 1;
L_0x149275bb0 .part L_0x149271d10, 1, 1;
L_0x149275960 .part L_0x149271d10, 0, 1;
L_0x149275f50 .part L_0x149273320, 0, 1;
S_0x13fff9070 .scope module, "n3" "cla_4" 6 16, 7 3 0, S_0x13fff2500;
 .timescale -9 -11;
    .port_info 0 /INPUT 4 "a";
    .port_info 1 /INPUT 4 "b";
    .port_info 2 /INPUT 1 "cin";
    .port_info 3 /OUTPUT 4 "sum";
    .port_info 4 /OUTPUT 1 "cout";
L_0x149276360 .functor XOR 4, L_0x14927a400, L_0x14927a4a0, C4<0000>, C4<0000>;
L_0x1492763f0 .functor AND 4, L_0x14927a400, L_0x14927a4a0, C4<1111>, C4<1111>;
L_0x149276520 .functor BUFZ 1, L_0x149275c50, C4<0>, C4<0>, C4<0>;
L_0x149276890 .functor AND 1, L_0x1492766f0, L_0x1492767d0, C4<1>, C4<1>;
L_0x1492769c0 .functor OR 1, L_0x149276610, L_0x149276890, C4<0>, C4<0>;
L_0x149276d70 .functor AND 1, L_0x149276b80, L_0x149276c50, C4<1>, C4<1>;
L_0x149276e40 .functor OR 1, L_0x149276ae0, L_0x149276d70, C4<0>, C4<0>;
L_0x149277130 .functor AND 1, L_0x149276f70, L_0x149277090, C4<1>, C4<1>;
L_0x149277350 .functor AND 1, L_0x149277130, L_0x149277220, C4<1>, C4<1>;
L_0x149277450 .functor OR 1, L_0x149276e40, L_0x149277350, C4<0>, C4<0>;
L_0x149277940 .functor AND 1, L_0x149277790, L_0x149277830, C4<1>, C4<1>;
L_0x149277a50 .functor OR 1, L_0x149277690, L_0x149277940, C4<0>, C4<0>;
L_0x1492778d0 .functor AND 1, L_0x149277b00, L_0x149277ba0, C4<1>, C4<1>;
L_0x149277ed0 .functor AND 1, L_0x1492778d0, L_0x149277e30, C4<1>, C4<1>;
L_0x149277f80 .functor OR 1, L_0x149277a50, L_0x149277ed0, C4<0>, C4<0>;
L_0x149277dc0 .functor AND 1, L_0x1492780f0, L_0x149278220, C4<1>, C4<1>;
L_0x149278440 .functor AND 1, L_0x149277dc0, L_0x149278300, C4<1>, C4<1>;
L_0x149278600 .functor AND 1, L_0x149278440, L_0x149278560, C4<1>, C4<1>;
L_0x1492786d0 .functor OR 1, L_0x149277f80, L_0x149278600, C4<0>, C4<0>;
L_0x149276cf0 .functor AND 1, L_0x1492783a0, L_0x149278a40, C4<1>, C4<1>;
L_0x149278be0 .functor OR 1, L_0x1492788a0, L_0x149276cf0, C4<0>, C4<0>;
L_0x149278ef0 .functor AND 1, L_0x149278800, L_0x149278d80, C4<1>, C4<1>;
L_0x149279020 .functor AND 1, L_0x149278ef0, L_0x149278f80, C4<1>, C4<1>;
L_0x1492791d0 .functor OR 1, L_0x149278be0, L_0x149279020, C4<0>, C4<0>;
L_0x149278e20 .functor AND 1, L_0x149279240, L_0x1492793c0, C4<1>, C4<1>;
L_0x149279110 .functor AND 1, L_0x149278e20, L_0x149277c80, C4<1>, C4<1>;
L_0x149279820 .functor AND 1, L_0x149279110, L_0x1492792e0, C4<1>, C4<1>;
L_0x1492799f0 .functor OR 1, L_0x1492791d0, L_0x149279820, C4<0>, C4<0>;
L_0x1492796e0 .functor AND 1, L_0x149279a60, L_0x149279c00, C4<1>, C4<1>;
L_0x149279910 .functor AND 1, L_0x1492796e0, L_0x149279d90, C4<1>, C4<1>;
L_0x149279f40 .functor AND 1, L_0x149279910, L_0x149279b40, C4<1>, C4<1>;
L_0x149279ca0 .functor AND 1, L_0x149279f40, L_0x14927a130, C4<1>, C4<1>;
L_0x149279e30 .functor OR 1, L_0x1492799f0, L_0x149279ca0, C4<0>, C4<0>;
L_0x14927a030 .functor XOR 4, L_0x149276360, L_0x149277500, C4<0000>, C4<0000>;
v0x13fff92d0_0 .net "G", 3 0, L_0x1492763f0;  1 drivers
v0x13fff9380_0 .net "P", 3 0, L_0x149276360;  1 drivers
v0x13fff9430_0 .net *"_ivl_102", 0 0, L_0x149278f80;  1 drivers
v0x13fff94f0_0 .net *"_ivl_103", 0 0, L_0x149279020;  1 drivers
v0x13fff95a0_0 .net *"_ivl_105", 0 0, L_0x1492791d0;  1 drivers
v0x13fff9690_0 .net *"_ivl_108", 0 0, L_0x149279240;  1 drivers
v0x13fff9740_0 .net *"_ivl_11", 0 0, L_0x149276610;  1 drivers
v0x13fff97f0_0 .net *"_ivl_110", 0 0, L_0x1492793c0;  1 drivers
v0x13fff98a0_0 .net *"_ivl_111", 0 0, L_0x149278e20;  1 drivers
v0x13fff99b0_0 .net *"_ivl_114", 0 0, L_0x149277c80;  1 drivers
v0x13fff9a60_0 .net *"_ivl_115", 0 0, L_0x149279110;  1 drivers
v0x13fff9b10_0 .net *"_ivl_118", 0 0, L_0x1492792e0;  1 drivers
v0x13fff9bc0_0 .net *"_ivl_119", 0 0, L_0x149279820;  1 drivers
v0x13fff9c70_0 .net *"_ivl_121", 0 0, L_0x1492799f0;  1 drivers
v0x13fff9d20_0 .net *"_ivl_124", 0 0, L_0x149279a60;  1 drivers
v0x13fff9dd0_0 .net *"_ivl_126", 0 0, L_0x149279c00;  1 drivers
v0x13fff9e80_0 .net *"_ivl_127", 0 0, L_0x1492796e0;  1 drivers
v0x13fffa010_0 .net *"_ivl_13", 0 0, L_0x1492766f0;  1 drivers
v0x13fffa0a0_0 .net *"_ivl_130", 0 0, L_0x149279d90;  1 drivers
v0x13fffa150_0 .net *"_ivl_131", 0 0, L_0x149279910;  1 drivers
v0x13fffa200_0 .net *"_ivl_134", 0 0, L_0x149279b40;  1 drivers
v0x13fffa2b0_0 .net *"_ivl_135", 0 0, L_0x149279f40;  1 drivers
v0x13fffa360_0 .net *"_ivl_138", 0 0, L_0x14927a130;  1 drivers
v0x13fffa410_0 .net *"_ivl_139", 0 0, L_0x149279ca0;  1 drivers
v0x13fffa4c0_0 .net *"_ivl_15", 0 0, L_0x1492767d0;  1 drivers
v0x13fffa570_0 .net *"_ivl_16", 0 0, L_0x149276890;  1 drivers
v0x13fffa620_0 .net *"_ivl_18", 0 0, L_0x1492769c0;  1 drivers
v0x13fffa6d0_0 .net *"_ivl_23", 0 0, L_0x149276ae0;  1 drivers
v0x13fffa780_0 .net *"_ivl_25", 0 0, L_0x149276b80;  1 drivers
v0x13fffa830_0 .net *"_ivl_27", 0 0, L_0x149276c50;  1 drivers
v0x13fffa8e0_0 .net *"_ivl_28", 0 0, L_0x149276d70;  1 drivers
v0x13fffa990_0 .net *"_ivl_30", 0 0, L_0x149276e40;  1 drivers
v0x13fffaa40_0 .net *"_ivl_33", 0 0, L_0x149276f70;  1 drivers
v0x13fff9f30_0 .net *"_ivl_35", 0 0, L_0x149277090;  1 drivers
v0x13fffacd0_0 .net *"_ivl_36", 0 0, L_0x149277130;  1 drivers
v0x13fffad60_0 .net *"_ivl_39", 0 0, L_0x149277220;  1 drivers
v0x13fffae00_0 .net *"_ivl_40", 0 0, L_0x149277350;  1 drivers
v0x13fffaeb0_0 .net *"_ivl_42", 0 0, L_0x149277450;  1 drivers
v0x13fffaf60_0 .net *"_ivl_48", 0 0, L_0x149277690;  1 drivers
v0x13fffb010_0 .net *"_ivl_50", 0 0, L_0x149277790;  1 drivers
v0x13fffb0c0_0 .net *"_ivl_52", 0 0, L_0x149277830;  1 drivers
v0x13fffb170_0 .net *"_ivl_53", 0 0, L_0x149277940;  1 drivers
v0x13fffb220_0 .net *"_ivl_55", 0 0, L_0x149277a50;  1 drivers
v0x13fffb2d0_0 .net *"_ivl_58", 0 0, L_0x149277b00;  1 drivers
v0x13fffb380_0 .net *"_ivl_60", 0 0, L_0x149277ba0;  1 drivers
v0x13fffb430_0 .net *"_ivl_61", 0 0, L_0x1492778d0;  1 drivers
v0x13fffb4e0_0 .net *"_ivl_64", 0 0, L_0x149277e30;  1 drivers
v0x13fffb590_0 .net *"_ivl_65", 0 0, L_0x149277ed0;  1 drivers
v0x13fffb640_0 .net *"_ivl_67", 0 0, L_0x149277f80;  1 drivers
v0x13fffb6f0_0 .net *"_ivl_7", 0 0, L_0x149276520;  1 drivers
v0x13fffb7a0_0 .net *"_ivl_70", 0 0, L_0x1492780f0;  1 drivers
v0x13fffb850_0 .net *"_ivl_72", 0 0, L_0x149278220;  1 drivers
v0x13fffb900_0 .net *"_ivl_73", 0 0, L_0x149277dc0;  1 drivers
v0x13fffb9b0_0 .net *"_ivl_76", 0 0, L_0x149278300;  1 drivers
v0x13fffba60_0 .net *"_ivl_77", 0 0, L_0x149278440;  1 drivers
v0x13fffbb10_0 .net *"_ivl_80", 0 0, L_0x149278560;  1 drivers
v0x13fffbbc0_0 .net *"_ivl_81", 0 0, L_0x149278600;  1 drivers
v0x13fffbc70_0 .net *"_ivl_83", 0 0, L_0x1492786d0;  1 drivers
v0x13fffbd20_0 .net *"_ivl_86", 0 0, L_0x1492788a0;  1 drivers
v0x13fffbdd0_0 .net *"_ivl_88", 0 0, L_0x1492783a0;  1 drivers
v0x13fffbe80_0 .net *"_ivl_90", 0 0, L_0x149278a40;  1 drivers
v0x13fffbf30_0 .net *"_ivl_91", 0 0, L_0x149276cf0;  1 drivers
v0x13fffbfe0_0 .net *"_ivl_93", 0 0, L_0x149278be0;  1 drivers
v0x13fffc090_0 .net *"_ivl_96", 0 0, L_0x149278800;  1 drivers
v0x13fffc140_0 .net *"_ivl_98", 0 0, L_0x149278d80;  1 drivers
v0x13fffaaf0_0 .net *"_ivl_99", 0 0, L_0x149278ef0;  1 drivers
v0x13fffaba0_0 .net "a", 3 0, L_0x14927a400;  1 drivers
v0x13fffc1d0_0 .net "b", 3 0, L_0x14927a4a0;  1 drivers
v0x13fffc260_0 .net "c", 3 0, L_0x149277500;  1 drivers
v0x13fffc2f0_0 .net "cin", 0 0, L_0x149275c50;  alias, 1 drivers
v0x13fffc380_0 .net "cout", 0 0, L_0x149279e30;  alias, 1 drivers
v0x13fffc410_0 .net "sum", 3 0, L_0x14927a030;  1 drivers
L_0x149276610 .part L_0x1492763f0, 0, 1;
L_0x1492766f0 .part L_0x149276360, 0, 1;
L_0x1492767d0 .part L_0x149277500, 0, 1;
L_0x149276ae0 .part L_0x1492763f0, 1, 1;
L_0x149276b80 .part L_0x149276360, 1, 1;
L_0x149276c50 .part L_0x1492763f0, 0, 1;
L_0x149276f70 .part L_0x149276360, 1, 1;
L_0x149277090 .part L_0x149276360, 0, 1;
L_0x149277220 .part L_0x149277500, 0, 1;
L_0x149277500 .concat8 [ 1 1 1 1], L_0x149276520, L_0x1492769c0, L_0x149277450, L_0x1492786d0;
L_0x149277690 .part L_0x1492763f0, 2, 1;
L_0x149277790 .part L_0x149276360, 2, 1;
L_0x149277830 .part L_0x1492763f0, 1, 1;
L_0x149277b00 .part L_0x149276360, 2, 1;
L_0x149277ba0 .part L_0x149276360, 1, 1;
L_0x149277e30 .part L_0x1492763f0, 0, 1;
L_0x1492780f0 .part L_0x149276360, 2, 1;
L_0x149278220 .part L_0x149276360, 1, 1;
L_0x149278300 .part L_0x149276360, 0, 1;
L_0x149278560 .part L_0x149277500, 0, 1;
L_0x1492788a0 .part L_0x1492763f0, 3, 1;
L_0x1492783a0 .part L_0x149276360, 3, 1;
L_0x149278a40 .part L_0x1492763f0, 2, 1;
L_0x149278800 .part L_0x149276360, 3, 1;
L_0x149278d80 .part L_0x149276360, 2, 1;
L_0x149278f80 .part L_0x1492763f0, 1, 1;
L_0x149279240 .part L_0x149276360, 3, 1;
L_0x1492793c0 .part L_0x149276360, 2, 1;
L_0x149277c80 .part L_0x149276360, 1, 1;
L_0x1492792e0 .part L_0x1492763f0, 0, 1;
L_0x149279a60 .part L_0x149276360, 3, 1;
L_0x149279c00 .part L_0x149276360, 2, 1;
L_0x149279d90 .part L_0x149276360, 1, 1;
L_0x149279b40 .part L_0x149276360, 0, 1;
L_0x14927a130 .part L_0x149277500, 0, 1;
S_0x13fffc4a0 .scope module, "n4" "cla_4" 6 17, 7 3 0, S_0x13fff2500;
 .timescale -9 -11;
    .port_info 0 /INPUT 4 "a";
    .port_info 1 /INPUT 4 "b";
    .port_info 2 /INPUT 1 "cin";
    .port_info 3 /OUTPUT 4 "sum";
    .port_info 4 /OUTPUT 1 "cout";
L_0x14927a540 .functor XOR 4, L_0x14927e580, L_0x14927e620, C4<0000>, C4<0000>;
L_0x14927a5b0 .functor AND 4, L_0x14927e580, L_0x14927e620, C4<1111>, C4<1111>;
L_0x14927a6a0 .functor BUFZ 1, L_0x149279e30, C4<0>, C4<0>, C4<0>;
L_0x14927aa10 .functor AND 1, L_0x14927a870, L_0x14927a950, C4<1>, C4<1>;
L_0x14927ab40 .functor OR 1, L_0x14927a790, L_0x14927aa10, C4<0>, C4<0>;
L_0x14927aef0 .functor AND 1, L_0x14927ad00, L_0x14927add0, C4<1>, C4<1>;
L_0x14927afc0 .functor OR 1, L_0x14927ac60, L_0x14927aef0, C4<0>, C4<0>;
L_0x14927b2b0 .functor AND 1, L_0x14927b0f0, L_0x14927b210, C4<1>, C4<1>;
L_0x14927b4d0 .functor AND 1, L_0x14927b2b0, L_0x14927b3a0, C4<1>, C4<1>;
L_0x14927b5d0 .functor OR 1, L_0x14927afc0, L_0x14927b4d0, C4<0>, C4<0>;
L_0x14927bac0 .functor AND 1, L_0x14927b910, L_0x14927b9b0, C4<1>, C4<1>;
L_0x14927bbd0 .functor OR 1, L_0x14927b810, L_0x14927bac0, C4<0>, C4<0>;
L_0x14927ba50 .functor AND 1, L_0x14927bc80, L_0x14927bd20, C4<1>, C4<1>;
L_0x14927c050 .functor AND 1, L_0x14927ba50, L_0x14927bfb0, C4<1>, C4<1>;
L_0x14927c100 .functor OR 1, L_0x14927bbd0, L_0x14927c050, C4<0>, C4<0>;
L_0x14927bf40 .functor AND 1, L_0x14927c270, L_0x14927c3a0, C4<1>, C4<1>;
L_0x14927c5c0 .functor AND 1, L_0x14927bf40, L_0x14927c480, C4<1>, C4<1>;
L_0x14927c780 .functor AND 1, L_0x14927c5c0, L_0x14927c6e0, C4<1>, C4<1>;
L_0x14927c850 .functor OR 1, L_0x14927c100, L_0x14927c780, C4<0>, C4<0>;
L_0x14927ae70 .functor AND 1, L_0x14927c520, L_0x14927cbc0, C4<1>, C4<1>;
L_0x14927cd60 .functor OR 1, L_0x14927ca20, L_0x14927ae70, C4<0>, C4<0>;
L_0x14927d070 .functor AND 1, L_0x14927c980, L_0x14927cf00, C4<1>, C4<1>;
L_0x14927d1a0 .functor AND 1, L_0x14927d070, L_0x14927d100, C4<1>, C4<1>;
L_0x14927d350 .functor OR 1, L_0x14927cd60, L_0x14927d1a0, C4<0>, C4<0>;
L_0x14927cfa0 .functor AND 1, L_0x14927d3c0, L_0x14927d540, C4<1>, C4<1>;
L_0x14927d290 .functor AND 1, L_0x14927cfa0, L_0x14927be00, C4<1>, C4<1>;
L_0x14927d9a0 .functor AND 1, L_0x14927d290, L_0x14927d460, C4<1>, C4<1>;
L_0x14927db70 .functor OR 1, L_0x14927d350, L_0x14927d9a0, C4<0>, C4<0>;
L_0x14927d860 .functor AND 1, L_0x14927dbe0, L_0x14927dd80, C4<1>, C4<1>;
L_0x14927da90 .functor AND 1, L_0x14927d860, L_0x14927df10, C4<1>, C4<1>;
L_0x14927e0c0 .functor AND 1, L_0x14927da90, L_0x14927dcc0, C4<1>, C4<1>;
L_0x14927de20 .functor AND 1, L_0x14927e0c0, L_0x14927e2b0, C4<1>, C4<1>;
L_0x14927dfb0 .functor OR 1, L_0x14927db70, L_0x14927de20, C4<0>, C4<0>;
L_0x14927e1b0 .functor XOR 4, L_0x14927a540, L_0x14927b680, C4<0000>, C4<0000>;
v0x13fffc6e0_0 .net "G", 3 0, L_0x14927a5b0;  1 drivers
v0x13fffc7a0_0 .net "P", 3 0, L_0x14927a540;  1 drivers
v0x13fffc850_0 .net *"_ivl_102", 0 0, L_0x14927d100;  1 drivers
v0x13fffc910_0 .net *"_ivl_103", 0 0, L_0x14927d1a0;  1 drivers
v0x13fffc9c0_0 .net *"_ivl_105", 0 0, L_0x14927d350;  1 drivers
v0x13fffcab0_0 .net *"_ivl_108", 0 0, L_0x14927d3c0;  1 drivers
v0x13fffcb60_0 .net *"_ivl_11", 0 0, L_0x14927a790;  1 drivers
v0x13fffcc10_0 .net *"_ivl_110", 0 0, L_0x14927d540;  1 drivers
v0x13fffccc0_0 .net *"_ivl_111", 0 0, L_0x14927cfa0;  1 drivers
v0x13fffcdd0_0 .net *"_ivl_114", 0 0, L_0x14927be00;  1 drivers
v0x13fffce80_0 .net *"_ivl_115", 0 0, L_0x14927d290;  1 drivers
v0x13fffcf30_0 .net *"_ivl_118", 0 0, L_0x14927d460;  1 drivers
v0x13fffcfe0_0 .net *"_ivl_119", 0 0, L_0x14927d9a0;  1 drivers
v0x13fffd090_0 .net *"_ivl_121", 0 0, L_0x14927db70;  1 drivers
v0x13fffd140_0 .net *"_ivl_124", 0 0, L_0x14927dbe0;  1 drivers
v0x13fffd1f0_0 .net *"_ivl_126", 0 0, L_0x14927dd80;  1 drivers
v0x13fffd2a0_0 .net *"_ivl_127", 0 0, L_0x14927d860;  1 drivers
v0x13fffd430_0 .net *"_ivl_13", 0 0, L_0x14927a870;  1 drivers
v0x13fffd4c0_0 .net *"_ivl_130", 0 0, L_0x14927df10;  1 drivers
v0x13fffd570_0 .net *"_ivl_131", 0 0, L_0x14927da90;  1 drivers
v0x13fffd620_0 .net *"_ivl_134", 0 0, L_0x14927dcc0;  1 drivers
v0x13fffd6d0_0 .net *"_ivl_135", 0 0, L_0x14927e0c0;  1 drivers
v0x13fffd780_0 .net *"_ivl_138", 0 0, L_0x14927e2b0;  1 drivers
v0x13fffd830_0 .net *"_ivl_139", 0 0, L_0x14927de20;  1 drivers
v0x13fffd8e0_0 .net *"_ivl_15", 0 0, L_0x14927a950;  1 drivers
v0x13fffd990_0 .net *"_ivl_16", 0 0, L_0x14927aa10;  1 drivers
v0x13fffda40_0 .net *"_ivl_18", 0 0, L_0x14927ab40;  1 drivers
v0x13fffdaf0_0 .net *"_ivl_23", 0 0, L_0x14927ac60;  1 drivers
v0x13fffdba0_0 .net *"_ivl_25", 0 0, L_0x14927ad00;  1 drivers
v0x13fffdc50_0 .net *"_ivl_27", 0 0, L_0x14927add0;  1 drivers
v0x13fffdd00_0 .net *"_ivl_28", 0 0, L_0x14927aef0;  1 drivers
v0x13fffddb0_0 .net *"_ivl_30", 0 0, L_0x14927afc0;  1 drivers
v0x13fffde60_0 .net *"_ivl_33", 0 0, L_0x14927b0f0;  1 drivers
v0x13fffd350_0 .net *"_ivl_35", 0 0, L_0x14927b210;  1 drivers
v0x13fffe0f0_0 .net *"_ivl_36", 0 0, L_0x14927b2b0;  1 drivers
v0x13fffe180_0 .net *"_ivl_39", 0 0, L_0x14927b3a0;  1 drivers
v0x13fffe220_0 .net *"_ivl_40", 0 0, L_0x14927b4d0;  1 drivers
v0x13fffe2d0_0 .net *"_ivl_42", 0 0, L_0x14927b5d0;  1 drivers
v0x13fffe380_0 .net *"_ivl_48", 0 0, L_0x14927b810;  1 drivers
v0x13fffe430_0 .net *"_ivl_50", 0 0, L_0x14927b910;  1 drivers
v0x13fffe4e0_0 .net *"_ivl_52", 0 0, L_0x14927b9b0;  1 drivers
v0x13fffe590_0 .net *"_ivl_53", 0 0, L_0x14927bac0;  1 drivers
v0x13fffe640_0 .net *"_ivl_55", 0 0, L_0x14927bbd0;  1 drivers
v0x13fffe6f0_0 .net *"_ivl_58", 0 0, L_0x14927bc80;  1 drivers
v0x13fffe7a0_0 .net *"_ivl_60", 0 0, L_0x14927bd20;  1 drivers
v0x13fffe850_0 .net *"_ivl_61", 0 0, L_0x14927ba50;  1 drivers
v0x13fffe900_0 .net *"_ivl_64", 0 0, L_0x14927bfb0;  1 drivers
v0x13fffe9b0_0 .net *"_ivl_65", 0 0, L_0x14927c050;  1 drivers
v0x13fffea60_0 .net *"_ivl_67", 0 0, L_0x14927c100;  1 drivers
v0x13fffeb10_0 .net *"_ivl_7", 0 0, L_0x14927a6a0;  1 drivers
v0x13fffebc0_0 .net *"_ivl_70", 0 0, L_0x14927c270;  1 drivers
v0x13fffec70_0 .net *"_ivl_72", 0 0, L_0x14927c3a0;  1 drivers
v0x13fffed20_0 .net *"_ivl_73", 0 0, L_0x14927bf40;  1 drivers
v0x13fffedd0_0 .net *"_ivl_76", 0 0, L_0x14927c480;  1 drivers
v0x13fffee80_0 .net *"_ivl_77", 0 0, L_0x14927c5c0;  1 drivers
v0x13fffef30_0 .net *"_ivl_80", 0 0, L_0x14927c6e0;  1 drivers
v0x13fffefe0_0 .net *"_ivl_81", 0 0, L_0x14927c780;  1 drivers
v0x13ffff090_0 .net *"_ivl_83", 0 0, L_0x14927c850;  1 drivers
v0x13ffff140_0 .net *"_ivl_86", 0 0, L_0x14927ca20;  1 drivers
v0x13ffff1f0_0 .net *"_ivl_88", 0 0, L_0x14927c520;  1 drivers
v0x13ffff2a0_0 .net *"_ivl_90", 0 0, L_0x14927cbc0;  1 drivers
v0x13ffff350_0 .net *"_ivl_91", 0 0, L_0x14927ae70;  1 drivers
v0x13ffff400_0 .net *"_ivl_93", 0 0, L_0x14927cd60;  1 drivers
v0x13ffff4b0_0 .net *"_ivl_96", 0 0, L_0x14927c980;  1 drivers
v0x13ffff560_0 .net *"_ivl_98", 0 0, L_0x14927cf00;  1 drivers
v0x13fffdf10_0 .net *"_ivl_99", 0 0, L_0x14927d070;  1 drivers
v0x13fffdfc0_0 .net "a", 3 0, L_0x14927e580;  1 drivers
v0x13ffff5f0_0 .net "b", 3 0, L_0x14927e620;  1 drivers
v0x13ffff680_0 .net "c", 3 0, L_0x14927b680;  1 drivers
v0x13ffff710_0 .net "cin", 0 0, L_0x149279e30;  alias, 1 drivers
v0x13ffff7a0_0 .net8 "cout", 0 0, RS_0x140057f90;  alias, 3 drivers
v0x13ffff830_0 .net "sum", 3 0, L_0x14927e1b0;  1 drivers
L_0x14927a790 .part L_0x14927a5b0, 0, 1;
L_0x14927a870 .part L_0x14927a540, 0, 1;
L_0x14927a950 .part L_0x14927b680, 0, 1;
L_0x14927ac60 .part L_0x14927a5b0, 1, 1;
L_0x14927ad00 .part L_0x14927a540, 1, 1;
L_0x14927add0 .part L_0x14927a5b0, 0, 1;
L_0x14927b0f0 .part L_0x14927a540, 1, 1;
L_0x14927b210 .part L_0x14927a540, 0, 1;
L_0x14927b3a0 .part L_0x14927b680, 0, 1;
L_0x14927b680 .concat8 [ 1 1 1 1], L_0x14927a6a0, L_0x14927ab40, L_0x14927b5d0, L_0x14927c850;
L_0x14927b810 .part L_0x14927a5b0, 2, 1;
L_0x14927b910 .part L_0x14927a540, 2, 1;
L_0x14927b9b0 .part L_0x14927a5b0, 1, 1;
L_0x14927bc80 .part L_0x14927a540, 2, 1;
L_0x14927bd20 .part L_0x14927a540, 1, 1;
L_0x14927bfb0 .part L_0x14927a5b0, 0, 1;
L_0x14927c270 .part L_0x14927a540, 2, 1;
L_0x14927c3a0 .part L_0x14927a540, 1, 1;
L_0x14927c480 .part L_0x14927a540, 0, 1;
L_0x14927c6e0 .part L_0x14927b680, 0, 1;
L_0x14927ca20 .part L_0x14927a5b0, 3, 1;
L_0x14927c520 .part L_0x14927a540, 3, 1;
L_0x14927cbc0 .part L_0x14927a5b0, 2, 1;
L_0x14927c980 .part L_0x14927a540, 3, 1;
L_0x14927cf00 .part L_0x14927a540, 2, 1;
L_0x14927d100 .part L_0x14927a5b0, 1, 1;
L_0x14927d3c0 .part L_0x14927a540, 3, 1;
L_0x14927d540 .part L_0x14927a540, 2, 1;
L_0x14927be00 .part L_0x14927a540, 1, 1;
L_0x14927d460 .part L_0x14927a5b0, 0, 1;
L_0x14927dbe0 .part L_0x14927a540, 3, 1;
L_0x14927dd80 .part L_0x14927a540, 2, 1;
L_0x14927df10 .part L_0x14927a540, 1, 1;
L_0x14927dcc0 .part L_0x14927a540, 0, 1;
L_0x14927e2b0 .part L_0x14927b680, 0, 1;
S_0x149204410 .scope module, "AND" "and_op" 5 54, 8 1 0, S_0x13ff69600;
 .timescale -9 -11;
    .port_info 0 /INPUT 32 "a";
    .port_info 1 /INPUT 32 "b";
    .port_info 2 /OUTPUT 32 "data_out";
P_0x1492045d0 .param/l "DATA_WIDTH" 0 8 1, +C4<00000000000000000000000000100000>;
L_0x1492c1660 .functor AND 32, v0x149256c70_0, v0x149244d70_0, C4<11111111111111111111111111111111>, C4<11111111111111111111111111111111>;
v0x149204740_0 .net "a", 31 0, v0x149256c70_0;  alias, 1 drivers
v0x1492047f0_0 .net "b", 31 0, v0x149244d70_0;  alias, 1 drivers
v0x149204880_0 .net "data_out", 31 0, L_0x1492c1660;  alias, 1 drivers
S_0x149204910 .scope module, "DIV" "non_restore_div" 5 47, 9 2 0, S_0x13ff69600;
 .timescale -9 -11;
    .port_info 0 /INPUT 32 "a";
    .port_info 1 /INPUT 32 "b";
    .port_info 2 /OUTPUT 64 "data_out";
P_0x149204ad0 .param/l "DATA_WIDTH" 0 9 2, +C4<00000000000000000000000000100000>;
v0x149204ce0_0 .net "a", 31 0, v0x149256c70_0;  alias, 1 drivers
v0x149204dd0_0 .net "b", 31 0, v0x149244d70_0;  alias, 1 drivers
v0x149204e60_0 .var "data_out", 63 0;
v0x149204ef0_0 .var "dividend", 63 0;
v0x149204f80_0 .var "dividend_sign", 0 0;
v0x149205050_0 .var "divisor", 31 0;
v0x1492050f0_0 .var "divisor_sign", 0 0;
v0x149205190_0 .var/i "i", 31 0;
v0x149205240_0 .var "quotient", 31 0;
v0x149205350_0 .var "remainder", 31 0;
E_0x149204c60/0 .event anyedge, v0x1492041a0_0, v0x149204230_0, v0x149204f80_0, v0x1492050f0_0;
E_0x149204c60/1 .event anyedge, v0x149204ef0_0, v0x149205350_0, v0x149205050_0, v0x149205240_0;
E_0x149204c60 .event/or E_0x149204c60/0, E_0x149204c60/1;
S_0x149205450 .scope module, "MUL" "boothMul" 5 41, 10 1 0, S_0x13ff69600;
 .timescale -9 -11;
    .port_info 0 /INPUT 32 "a";
    .port_info 1 /INPUT 32 "b";
    .port_info 2 /OUTPUT 64 "data_out";
P_0x149205010 .param/l "DATA_WIDTH" 0 10 1, +C4<00000000000000000000000000100000>;
v0x1492057f0_0 .var "A", 64 0;
v0x1492058b0_0 .var "M", 32 0;
v0x149205950_0 .var "Q", 31 0;
v0x1492059e0_0 .var "Q_1", 0 0;
v0x149205a70_0 .net "a", 31 0, v0x149256c70_0;  alias, 1 drivers
v0x149205b40_0 .var "a_is_negative", 0 0;
v0x149205bd0_0 .var "a_twos", 31 0;
v0x149205c70_0 .net "b", 31 0, v0x149244d70_0;  alias, 1 drivers
v0x149205d10_0 .var "b_is_negative", 0 0;
v0x149205e20_0 .var "b_twos", 31 0;
v0x149205ec0_0 .var "data_out", 63 0;
v0x149205f70_0 .var/i "i", 31 0;
v0x149206020_0 .var "result_sign", 0 0;
v0x1492060c0_0 .var "unsigned_result", 63 0;
E_0x149205740/0 .event anyedge, v0x1492041a0_0, v0x149204230_0, v0x149205b40_0, v0x149205d10_0;
E_0x149205740/1 .event anyedge, v0x149205e20_0, v0x149205bd0_0, v0x149205950_0, v0x1492059e0_0;
E_0x149205740/2 .event anyedge, v0x1492057f0_0, v0x1492058b0_0, v0x149206020_0, v0x1492060c0_0;
E_0x149205740 .event/or E_0x149205740/0, E_0x149205740/1, E_0x149205740/2;
S_0x1492061c0 .scope module, "NEG" "neg" 5 96, 11 1 0, S_0x13ff69600;
 .timescale -9 -11;
    .port_info 0 /INPUT 32 "data_in";
    .port_info 1 /OUTPUT 32 "data_out";
P_0x149206380 .param/l "DATA_WIDTH" 0 11 1, +C4<00000000000000000000000000100000>;
L_0x1400882e0 .functor BUFT 1, C4<00000000000000000000000000000000>, C4<0>, C4<0>, C4<0>;
v0x1492064b0_0 .net *"_ivl_0", 31 0, L_0x1400882e0;  1 drivers
v0x149206560_0 .net "data_in", 31 0, v0x149244d70_0;  alias, 1 drivers
v0x149206600_0 .net "data_out", 31 0, L_0x1492c28c0;  alias, 1 drivers
L_0x1492c28c0 .arith/sub 32, L_0x1400882e0, v0x149244d70_0;
S_0x1492066b0 .scope module, "NOT" "not_op" 5 101, 12 1 0, S_0x13ff69600;
 .timescale -9 -11;
    .port_info 0 /INPUT 32 "data_in";
    .port_info 1 /OUTPUT 32 "data_out";
P_0x149206870 .param/l "DATA_WIDTH" 0 12 1, +C4<00000000000000000000000000100000>;
L_0x1492c2a00 .functor NOT 32, v0x149244d70_0, C4<00000000000000000000000000000000>, C4<00000000000000000000000000000000>, C4<00000000000000000000000000000000>;
v0x1492069c0_0 .net "data_in", 31 0, v0x149244d70_0;  alias, 1 drivers
v0x149206a70_0 .net "data_out", 31 0, L_0x1492c2a00;  alias, 1 drivers
S_0x149206b10 .scope module, "OR" "or_op" 5 60, 13 1 0, S_0x13ff69600;
 .timescale -9 -11;
    .port_info 0 /INPUT 32 "a";
    .port_info 1 /INPUT 32 "b";
    .port_info 2 /OUTPUT 32 "data_out";
P_0x149206930 .param/l "DATA_WIDTH" 0 13 1, +C4<00000000000000000000000000100000>;
L_0x1492c1710 .functor OR 32, v0x149256c70_0, v0x149244d70_0, C4<00000000000000000000000000000000>, C4<00000000000000000000000000000000>;
v0x149206e20_0 .net "a", 31 0, v0x149256c70_0;  alias, 1 drivers
v0x149206ec0_0 .net "b", 31 0, v0x149244d70_0;  alias, 1 drivers
v0x149206f60_0 .net "data_out", 31 0, L_0x1492c1710;  alias, 1 drivers
S_0x149207030 .scope module, "PC" "collective_add" 5 25, 6 22 0, S_0x13ff69600;
 .timescale -9 -11;
    .port_info 0 /INPUT 32 "d1";
    .port_info 1 /INPUT 32 "d2";
    .port_info 2 /INPUT 1 "cin";
    .port_info 3 /OUTPUT 32 "sum";
    .port_info 4 /OUTPUT 1 "cout";
P_0x1492071f0 .param/l "DATA_WIDTH" 0 6 22, +C4<00000000000000000000000000100000>;
v0x149222700_0 .net "c1", 0 0, L_0x14928eaa0;  1 drivers
L_0x1400880e8 .functor BUFT 1, C4<0>, C4<0>, C4<0>, C4<0>;
v0x149222810_0 .net "cin", 0 0, L_0x1400880e8;  1 drivers
v0x1492228a0_0 .net8 "cout", 0 0, RS_0x140057f90;  alias, 3 drivers
v0x149222930_0 .net "d1", 31 0, v0x149244d70_0;  alias, 1 drivers
L_0x1400880a0 .functor BUFT 1, C4<00000000000000000000000000000001>, C4<0>, C4<0>, C4<0>;
v0x1492229c0_0 .net "d2", 31 0, L_0x1400880a0;  1 drivers
v0x149222a90_0 .net "sum", 31 0, L_0x14929fea0;  alias, 1 drivers
L_0x14928f3e0 .part v0x149244d70_0, 0, 16;
L_0x14928f480 .part L_0x1400880a0, 0, 16;
L_0x14929fd60 .part v0x149244d70_0, 16, 16;
L_0x14929fe00 .part L_0x1400880a0, 16, 16;
L_0x14929fea0 .concat8 [ 16 16 0 0], L_0x14928f230, L_0x14929fbb0;
S_0x149207320 .scope module, "n1" "cla16" 6 32, 6 4 0, S_0x149207030;
 .timescale -9 -11;
    .port_info 0 /INPUT 16 "d1";
    .port_info 1 /INPUT 16 "d2";
    .port_info 2 /INPUT 1 "cin";
    .port_info 3 /OUTPUT 16 "sum";
    .port_info 4 /OUTPUT 1 "cout";
P_0x1492074f0 .param/l "DATA_WIDTH" 0 6 4, +C4<00000000000000000000000000100000>;
v0x149214710_0 .net "c1", 0 0, L_0x1492825d0;  1 drivers
v0x1492147f0_0 .net "c2", 0 0, L_0x149286760;  1 drivers
v0x1492148c0_0 .net "c3", 0 0, L_0x14928a920;  1 drivers
v0x149214990_0 .net "cin", 0 0, L_0x1400880e8;  alias, 1 drivers
v0x149214a20_0 .net "cout", 0 0, L_0x14928eaa0;  alias, 1 drivers
v0x149214af0_0 .net "d1", 15 0, L_0x14928f3e0;  1 drivers
v0x149214b80_0 .net "d2", 15 0, L_0x14928f480;  1 drivers
v0x149214c10_0 .net "sum", 15 0, L_0x14928f230;  1 drivers
L_0x149282ba0 .part L_0x14928f3e0, 0, 4;
L_0x149282c40 .part L_0x14928f480, 0, 4;
L_0x149286d30 .part L_0x14928f3e0, 4, 4;
L_0x149286dd0 .part L_0x14928f480, 4, 4;
L_0x14928aef0 .part L_0x14928f3e0, 8, 4;
L_0x14928af90 .part L_0x14928f480, 8, 4;
L_0x14928f070 .part L_0x14928f3e0, 12, 4;
L_0x14928f110 .part L_0x14928f480, 12, 4;
L_0x14928f230 .concat8 [ 4 4 4 4], L_0x1492827d0, L_0x149286960, L_0x14928ab20, L_0x14928eca0;
S_0x149207640 .scope module, "n1" "cla_4" 6 14, 7 3 0, S_0x149207320;
 .timescale -9 -11;
    .port_info 0 /INPUT 4 "a";
    .port_info 1 /INPUT 4 "b";
    .port_info 2 /INPUT 1 "cin";
    .port_info 3 /OUTPUT 4 "sum";
    .port_info 4 /OUTPUT 1 "cout";
L_0x14927ec00 .functor XOR 4, L_0x149282ba0, L_0x149282c40, C4<0000>, C4<0000>;
L_0x14927ec70 .functor AND 4, L_0x149282ba0, L_0x149282c40, C4<1111>, C4<1111>;
L_0x14927ed20 .functor BUFZ 1, L_0x1400880e8, C4<0>, C4<0>, C4<0>;
L_0x14927f030 .functor AND 1, L_0x14927ee70, L_0x14927ef50, C4<1>, C4<1>;
L_0x14927f160 .functor OR 1, L_0x14927ed90, L_0x14927f030, C4<0>, C4<0>;
L_0x14927f510 .functor AND 1, L_0x14927f320, L_0x14927f3f0, C4<1>, C4<1>;
L_0x14927f5e0 .functor OR 1, L_0x14927f280, L_0x14927f510, C4<0>, C4<0>;
L_0x14927f8d0 .functor AND 1, L_0x14927f710, L_0x14927f830, C4<1>, C4<1>;
L_0x14927faf0 .functor AND 1, L_0x14927f8d0, L_0x14927f9c0, C4<1>, C4<1>;
L_0x14927fbf0 .functor OR 1, L_0x14927f5e0, L_0x14927faf0, C4<0>, C4<0>;
L_0x1492800e0 .functor AND 1, L_0x14927ff30, L_0x14927ffd0, C4<1>, C4<1>;
L_0x1492801f0 .functor OR 1, L_0x14927fe30, L_0x1492800e0, C4<0>, C4<0>;
L_0x149280070 .functor AND 1, L_0x1492802a0, L_0x149280340, C4<1>, C4<1>;
L_0x149280670 .functor AND 1, L_0x149280070, L_0x1492805d0, C4<1>, C4<1>;
L_0x149280720 .functor OR 1, L_0x1492801f0, L_0x149280670, C4<0>, C4<0>;
L_0x149280560 .functor AND 1, L_0x149280890, L_0x1492809c0, C4<1>, C4<1>;
L_0x149280be0 .functor AND 1, L_0x149280560, L_0x149280aa0, C4<1>, C4<1>;
L_0x149280da0 .functor AND 1, L_0x149280be0, L_0x149280d00, C4<1>, C4<1>;
L_0x149280e70 .functor OR 1, L_0x149280720, L_0x149280da0, C4<0>, C4<0>;
L_0x14927f490 .functor AND 1, L_0x149280b40, L_0x1492811e0, C4<1>, C4<1>;
L_0x149281380 .functor OR 1, L_0x149281040, L_0x14927f490, C4<0>, C4<0>;
L_0x149281690 .functor AND 1, L_0x149280fa0, L_0x149281520, C4<1>, C4<1>;
L_0x1492817c0 .functor AND 1, L_0x149281690, L_0x149281720, C4<1>, C4<1>;
L_0x149281970 .functor OR 1, L_0x149281380, L_0x1492817c0, C4<0>, C4<0>;
L_0x1492815c0 .functor AND 1, L_0x1492819e0, L_0x149281b60, C4<1>, C4<1>;
L_0x1492818b0 .functor AND 1, L_0x1492815c0, L_0x149280420, C4<1>, C4<1>;
L_0x149281fc0 .functor AND 1, L_0x1492818b0, L_0x149281a80, C4<1>, C4<1>;
L_0x149282190 .functor OR 1, L_0x149281970, L_0x149281fc0, C4<0>, C4<0>;
L_0x149281e80 .functor AND 1, L_0x149282200, L_0x1492823a0, C4<1>, C4<1>;
L_0x1492820b0 .functor AND 1, L_0x149281e80, L_0x149282530, C4<1>, C4<1>;
L_0x1492826e0 .functor AND 1, L_0x1492820b0, L_0x1492822e0, C4<1>, C4<1>;
L_0x149282440 .functor AND 1, L_0x1492826e0, L_0x1492828d0, C4<1>, C4<1>;
L_0x1492825d0 .functor OR 1, L_0x149282190, L_0x149282440, C4<0>, C4<0>;
L_0x1492827d0 .functor XOR 4, L_0x14927ec00, L_0x14927fca0, C4<0000>, C4<0000>;
v0x1492078c0_0 .net "G", 3 0, L_0x14927ec70;  1 drivers
v0x149207980_0 .net "P", 3 0, L_0x14927ec00;  1 drivers
v0x149207a30_0 .net *"_ivl_102", 0 0, L_0x149281720;  1 drivers
v0x149207af0_0 .net *"_ivl_103", 0 0, L_0x1492817c0;  1 drivers
v0x149207ba0_0 .net *"_ivl_105", 0 0, L_0x149281970;  1 drivers
v0x149207c90_0 .net *"_ivl_108", 0 0, L_0x1492819e0;  1 drivers
v0x149207d40_0 .net *"_ivl_11", 0 0, L_0x14927ed90;  1 drivers
v0x149207df0_0 .net *"_ivl_110", 0 0, L_0x149281b60;  1 drivers
v0x149207ea0_0 .net *"_ivl_111", 0 0, L_0x1492815c0;  1 drivers
v0x149207fb0_0 .net *"_ivl_114", 0 0, L_0x149280420;  1 drivers
v0x149208060_0 .net *"_ivl_115", 0 0, L_0x1492818b0;  1 drivers
v0x149208110_0 .net *"_ivl_118", 0 0, L_0x149281a80;  1 drivers
v0x1492081c0_0 .net *"_ivl_119", 0 0, L_0x149281fc0;  1 drivers
v0x149208270_0 .net *"_ivl_121", 0 0, L_0x149282190;  1 drivers
v0x149208320_0 .net *"_ivl_124", 0 0, L_0x149282200;  1 drivers
v0x1492083d0_0 .net *"_ivl_126", 0 0, L_0x1492823a0;  1 drivers
v0x149208480_0 .net *"_ivl_127", 0 0, L_0x149281e80;  1 drivers
v0x149208610_0 .net *"_ivl_13", 0 0, L_0x14927ee70;  1 drivers
v0x1492086a0_0 .net *"_ivl_130", 0 0, L_0x149282530;  1 drivers
v0x149208750_0 .net *"_ivl_131", 0 0, L_0x1492820b0;  1 drivers
v0x149208800_0 .net *"_ivl_134", 0 0, L_0x1492822e0;  1 drivers
v0x1492088b0_0 .net *"_ivl_135", 0 0, L_0x1492826e0;  1 drivers
v0x149208960_0 .net *"_ivl_138", 0 0, L_0x1492828d0;  1 drivers
v0x149208a10_0 .net *"_ivl_139", 0 0, L_0x149282440;  1 drivers
v0x149208ac0_0 .net *"_ivl_15", 0 0, L_0x14927ef50;  1 drivers
v0x149208b70_0 .net *"_ivl_16", 0 0, L_0x14927f030;  1 drivers
v0x149208c20_0 .net *"_ivl_18", 0 0, L_0x14927f160;  1 drivers
v0x149208cd0_0 .net *"_ivl_23", 0 0, L_0x14927f280;  1 drivers
v0x149208d80_0 .net *"_ivl_25", 0 0, L_0x14927f320;  1 drivers
v0x149208e30_0 .net *"_ivl_27", 0 0, L_0x14927f3f0;  1 drivers
v0x149208ee0_0 .net *"_ivl_28", 0 0, L_0x14927f510;  1 drivers
v0x149208f90_0 .net *"_ivl_30", 0 0, L_0x14927f5e0;  1 drivers
v0x149209040_0 .net *"_ivl_33", 0 0, L_0x14927f710;  1 drivers
v0x149208530_0 .net *"_ivl_35", 0 0, L_0x14927f830;  1 drivers
v0x1492092d0_0 .net *"_ivl_36", 0 0, L_0x14927f8d0;  1 drivers
v0x149209360_0 .net *"_ivl_39", 0 0, L_0x14927f9c0;  1 drivers
v0x149209400_0 .net *"_ivl_40", 0 0, L_0x14927faf0;  1 drivers
v0x1492094b0_0 .net *"_ivl_42", 0 0, L_0x14927fbf0;  1 drivers
v0x149209560_0 .net *"_ivl_48", 0 0, L_0x14927fe30;  1 drivers
v0x149209610_0 .net *"_ivl_50", 0 0, L_0x14927ff30;  1 drivers
v0x1492096c0_0 .net *"_ivl_52", 0 0, L_0x14927ffd0;  1 drivers
v0x149209770_0 .net *"_ivl_53", 0 0, L_0x1492800e0;  1 drivers
v0x149209820_0 .net *"_ivl_55", 0 0, L_0x1492801f0;  1 drivers
v0x1492098d0_0 .net *"_ivl_58", 0 0, L_0x1492802a0;  1 drivers
v0x149209980_0 .net *"_ivl_60", 0 0, L_0x149280340;  1 drivers
v0x149209a30_0 .net *"_ivl_61", 0 0, L_0x149280070;  1 drivers
v0x149209ae0_0 .net *"_ivl_64", 0 0, L_0x1492805d0;  1 drivers
v0x149209b90_0 .net *"_ivl_65", 0 0, L_0x149280670;  1 drivers
v0x149209c40_0 .net *"_ivl_67", 0 0, L_0x149280720;  1 drivers
v0x149209cf0_0 .net *"_ivl_7", 0 0, L_0x14927ed20;  1 drivers
v0x149209da0_0 .net *"_ivl_70", 0 0, L_0x149280890;  1 drivers
v0x149209e50_0 .net *"_ivl_72", 0 0, L_0x1492809c0;  1 drivers
v0x149209f00_0 .net *"_ivl_73", 0 0, L_0x149280560;  1 drivers
v0x149209fb0_0 .net *"_ivl_76", 0 0, L_0x149280aa0;  1 drivers
v0x14920a060_0 .net *"_ivl_77", 0 0, L_0x149280be0;  1 drivers
v0x14920a110_0 .net *"_ivl_80", 0 0, L_0x149280d00;  1 drivers
v0x14920a1c0_0 .net *"_ivl_81", 0 0, L_0x149280da0;  1 drivers
v0x14920a270_0 .net *"_ivl_83", 0 0, L_0x149280e70;  1 drivers
v0x14920a320_0 .net *"_ivl_86", 0 0, L_0x149281040;  1 drivers
v0x14920a3d0_0 .net *"_ivl_88", 0 0, L_0x149280b40;  1 drivers
v0x14920a480_0 .net *"_ivl_90", 0 0, L_0x1492811e0;  1 drivers
v0x14920a530_0 .net *"_ivl_91", 0 0, L_0x14927f490;  1 drivers
v0x14920a5e0_0 .net *"_ivl_93", 0 0, L_0x149281380;  1 drivers
v0x14920a690_0 .net *"_ivl_96", 0 0, L_0x149280fa0;  1 drivers
v0x14920a740_0 .net *"_ivl_98", 0 0, L_0x149281520;  1 drivers
v0x1492090f0_0 .net *"_ivl_99", 0 0, L_0x149281690;  1 drivers
v0x1492091a0_0 .net "a", 3 0, L_0x149282ba0;  1 drivers
v0x14920a7d0_0 .net "b", 3 0, L_0x149282c40;  1 drivers
v0x14920a860_0 .net "c", 3 0, L_0x14927fca0;  1 drivers
v0x14920a8f0_0 .net "cin", 0 0, L_0x1400880e8;  alias, 1 drivers
v0x14920a980_0 .net "cout", 0 0, L_0x1492825d0;  alias, 1 drivers
v0x14920aa10_0 .net "sum", 3 0, L_0x1492827d0;  1 drivers
L_0x14927ed90 .part L_0x14927ec70, 0, 1;
L_0x14927ee70 .part L_0x14927ec00, 0, 1;
L_0x14927ef50 .part L_0x14927fca0, 0, 1;
L_0x14927f280 .part L_0x14927ec70, 1, 1;
L_0x14927f320 .part L_0x14927ec00, 1, 1;
L_0x14927f3f0 .part L_0x14927ec70, 0, 1;
L_0x14927f710 .part L_0x14927ec00, 1, 1;
L_0x14927f830 .part L_0x14927ec00, 0, 1;
L_0x14927f9c0 .part L_0x14927fca0, 0, 1;
L_0x14927fca0 .concat8 [ 1 1 1 1], L_0x14927ed20, L_0x14927f160, L_0x14927fbf0, L_0x149280e70;
L_0x14927fe30 .part L_0x14927ec70, 2, 1;
L_0x14927ff30 .part L_0x14927ec00, 2, 1;
L_0x14927ffd0 .part L_0x14927ec70, 1, 1;
L_0x1492802a0 .part L_0x14927ec00, 2, 1;
L_0x149280340 .part L_0x14927ec00, 1, 1;
L_0x1492805d0 .part L_0x14927ec70, 0, 1;
L_0x149280890 .part L_0x14927ec00, 2, 1;
L_0x1492809c0 .part L_0x14927ec00, 1, 1;
L_0x149280aa0 .part L_0x14927ec00, 0, 1;
L_0x149280d00 .part L_0x14927fca0, 0, 1;
L_0x149281040 .part L_0x14927ec70, 3, 1;
L_0x149280b40 .part L_0x14927ec00, 3, 1;
L_0x1492811e0 .part L_0x14927ec70, 2, 1;
L_0x149280fa0 .part L_0x14927ec00, 3, 1;
L_0x149281520 .part L_0x14927ec00, 2, 1;
L_0x149281720 .part L_0x14927ec70, 1, 1;
L_0x1492819e0 .part L_0x14927ec00, 3, 1;
L_0x149281b60 .part L_0x14927ec00, 2, 1;
L_0x149280420 .part L_0x14927ec00, 1, 1;
L_0x149281a80 .part L_0x14927ec70, 0, 1;
L_0x149282200 .part L_0x14927ec00, 3, 1;
L_0x1492823a0 .part L_0x14927ec00, 2, 1;
L_0x149282530 .part L_0x14927ec00, 1, 1;
L_0x1492822e0 .part L_0x14927ec00, 0, 1;
L_0x1492828d0 .part L_0x14927fca0, 0, 1;
S_0x14920ab20 .scope module, "n2" "cla_4" 6 15, 7 3 0, S_0x149207320;
 .timescale -9 -11;
    .port_info 0 /INPUT 4 "a";
    .port_info 1 /INPUT 4 "b";
    .port_info 2 /INPUT 1 "cin";
    .port_info 3 /OUTPUT 4 "sum";
    .port_info 4 /OUTPUT 1 "cout";
L_0x149282840 .functor XOR 4, L_0x149286d30, L_0x149286dd0, C4<0000>, C4<0000>;
L_0x149282d40 .functor AND 4, L_0x149286d30, L_0x149286dd0, C4<1111>, C4<1111>;
L_0x149282e70 .functor BUFZ 1, L_0x1492825d0, C4<0>, C4<0>, C4<0>;
L_0x1492831e0 .functor AND 1, L_0x149283040, L_0x149283120, C4<1>, C4<1>;
L_0x1492832f0 .functor OR 1, L_0x149282f60, L_0x1492831e0, C4<0>, C4<0>;
L_0x1492836a0 .functor AND 1, L_0x1492834b0, L_0x149283580, C4<1>, C4<1>;
L_0x149283770 .functor OR 1, L_0x149283410, L_0x1492836a0, C4<0>, C4<0>;
L_0x149283a60 .functor AND 1, L_0x1492838a0, L_0x1492839c0, C4<1>, C4<1>;
L_0x149283c80 .functor AND 1, L_0x149283a60, L_0x149283b50, C4<1>, C4<1>;
L_0x149283d80 .functor OR 1, L_0x149283770, L_0x149283c80, C4<0>, C4<0>;
L_0x149284270 .functor AND 1, L_0x1492840c0, L_0x149284160, C4<1>, C4<1>;
L_0x149284380 .functor OR 1, L_0x149283fc0, L_0x149284270, C4<0>, C4<0>;
L_0x149284200 .functor AND 1, L_0x149284430, L_0x1492844d0, C4<1>, C4<1>;
L_0x149284800 .functor AND 1, L_0x149284200, L_0x149284760, C4<1>, C4<1>;
L_0x1492848b0 .functor OR 1, L_0x149284380, L_0x149284800, C4<0>, C4<0>;
L_0x1492846f0 .functor AND 1, L_0x149284a20, L_0x149284b50, C4<1>, C4<1>;
L_0x149284d70 .functor AND 1, L_0x1492846f0, L_0x149284c30, C4<1>, C4<1>;
L_0x149284f30 .functor AND 1, L_0x149284d70, L_0x149284e90, C4<1>, C4<1>;
L_0x149285000 .functor OR 1, L_0x1492848b0, L_0x149284f30, C4<0>, C4<0>;
L_0x149283620 .functor AND 1, L_0x149284cd0, L_0x149285370, C4<1>, C4<1>;
L_0x149285510 .functor OR 1, L_0x1492851d0, L_0x149283620, C4<0>, C4<0>;
L_0x149285820 .functor AND 1, L_0x149285130, L_0x1492856b0, C4<1>, C4<1>;
L_0x149285950 .functor AND 1, L_0x149285820, L_0x1492858b0, C4<1>, C4<1>;
L_0x149285b00 .functor OR 1, L_0x149285510, L_0x149285950, C4<0>, C4<0>;
L_0x149285750 .functor AND 1, L_0x149285b70, L_0x149285cf0, C4<1>, C4<1>;
L_0x149285a40 .functor AND 1, L_0x149285750, L_0x1492845b0, C4<1>, C4<1>;
L_0x149286150 .functor AND 1, L_0x149285a40, L_0x149285c10, C4<1>, C4<1>;
L_0x149286320 .functor OR 1, L_0x149285b00, L_0x149286150, C4<0>, C4<0>;
L_0x149286010 .functor AND 1, L_0x149286390, L_0x149286530, C4<1>, C4<1>;
L_0x149286240 .functor AND 1, L_0x149286010, L_0x1492866c0, C4<1>, C4<1>;
L_0x149286870 .functor AND 1, L_0x149286240, L_0x149286470, C4<1>, C4<1>;
L_0x1492865d0 .functor AND 1, L_0x149286870, L_0x149286a60, C4<1>, C4<1>;
L_0x149286760 .functor OR 1, L_0x149286320, L_0x1492865d0, C4<0>, C4<0>;
L_0x149286960 .functor XOR 4, L_0x149282840, L_0x149283e30, C4<0000>, C4<0000>;
v0x14920ad10_0 .net "G", 3 0, L_0x149282d40;  1 drivers
v0x14920ada0_0 .net "P", 3 0, L_0x149282840;  1 drivers
v0x14920ae50_0 .net *"_ivl_102", 0 0, L_0x1492858b0;  1 drivers
v0x14920af10_0 .net *"_ivl_103", 0 0, L_0x149285950;  1 drivers
v0x14920afc0_0 .net *"_ivl_105", 0 0, L_0x149285b00;  1 drivers
v0x14920b0b0_0 .net *"_ivl_108", 0 0, L_0x149285b70;  1 drivers
v0x14920b160_0 .net *"_ivl_11", 0 0, L_0x149282f60;  1 drivers
v0x14920b210_0 .net *"_ivl_110", 0 0, L_0x149285cf0;  1 drivers
v0x14920b2c0_0 .net *"_ivl_111", 0 0, L_0x149285750;  1 drivers
v0x14920b3d0_0 .net *"_ivl_114", 0 0, L_0x1492845b0;  1 drivers
v0x14920b480_0 .net *"_ivl_115", 0 0, L_0x149285a40;  1 drivers
v0x14920b530_0 .net *"_ivl_118", 0 0, L_0x149285c10;  1 drivers
v0x14920b5e0_0 .net *"_ivl_119", 0 0, L_0x149286150;  1 drivers
v0x14920b690_0 .net *"_ivl_121", 0 0, L_0x149286320;  1 drivers
v0x14920b740_0 .net *"_ivl_124", 0 0, L_0x149286390;  1 drivers
v0x14920b7f0_0 .net *"_ivl_126", 0 0, L_0x149286530;  1 drivers
v0x14920b8a0_0 .net *"_ivl_127", 0 0, L_0x149286010;  1 drivers
v0x14920ba30_0 .net *"_ivl_13", 0 0, L_0x149283040;  1 drivers
v0x14920bac0_0 .net *"_ivl_130", 0 0, L_0x1492866c0;  1 drivers
v0x14920bb70_0 .net *"_ivl_131", 0 0, L_0x149286240;  1 drivers
v0x14920bc20_0 .net *"_ivl_134", 0 0, L_0x149286470;  1 drivers
v0x14920bcd0_0 .net *"_ivl_135", 0 0, L_0x149286870;  1 drivers
v0x14920bd80_0 .net *"_ivl_138", 0 0, L_0x149286a60;  1 drivers
v0x14920be30_0 .net *"_ivl_139", 0 0, L_0x1492865d0;  1 drivers
v0x14920bee0_0 .net *"_ivl_15", 0 0, L_0x149283120;  1 drivers
v0x14920bf90_0 .net *"_ivl_16", 0 0, L_0x1492831e0;  1 drivers
v0x14920c040_0 .net *"_ivl_18", 0 0, L_0x1492832f0;  1 drivers
v0x14920c0f0_0 .net *"_ivl_23", 0 0, L_0x149283410;  1 drivers
v0x14920c1a0_0 .net *"_ivl_25", 0 0, L_0x1492834b0;  1 drivers
v0x14920c250_0 .net *"_ivl_27", 0 0, L_0x149283580;  1 drivers
v0x14920c300_0 .net *"_ivl_28", 0 0, L_0x1492836a0;  1 drivers
v0x14920c3b0_0 .net *"_ivl_30", 0 0, L_0x149283770;  1 drivers
v0x14920c460_0 .net *"_ivl_33", 0 0, L_0x1492838a0;  1 drivers
v0x14920b950_0 .net *"_ivl_35", 0 0, L_0x1492839c0;  1 drivers
v0x14920c6f0_0 .net *"_ivl_36", 0 0, L_0x149283a60;  1 drivers
v0x14920c780_0 .net *"_ivl_39", 0 0, L_0x149283b50;  1 drivers
v0x14920c820_0 .net *"_ivl_40", 0 0, L_0x149283c80;  1 drivers
v0x14920c8d0_0 .net *"_ivl_42", 0 0, L_0x149283d80;  1 drivers
v0x14920c980_0 .net *"_ivl_48", 0 0, L_0x149283fc0;  1 drivers
v0x14920ca30_0 .net *"_ivl_50", 0 0, L_0x1492840c0;  1 drivers
v0x14920cae0_0 .net *"_ivl_52", 0 0, L_0x149284160;  1 drivers
v0x14920cb90_0 .net *"_ivl_53", 0 0, L_0x149284270;  1 drivers
v0x14920cc40_0 .net *"_ivl_55", 0 0, L_0x149284380;  1 drivers
v0x14920ccf0_0 .net *"_ivl_58", 0 0, L_0x149284430;  1 drivers
v0x14920cda0_0 .net *"_ivl_60", 0 0, L_0x1492844d0;  1 drivers
v0x14920ce50_0 .net *"_ivl_61", 0 0, L_0x149284200;  1 drivers
v0x14920cf00_0 .net *"_ivl_64", 0 0, L_0x149284760;  1 drivers
v0x14920cfb0_0 .net *"_ivl_65", 0 0, L_0x149284800;  1 drivers
v0x14920d060_0 .net *"_ivl_67", 0 0, L_0x1492848b0;  1 drivers
v0x14920d110_0 .net *"_ivl_7", 0 0, L_0x149282e70;  1 drivers
v0x14920d1c0_0 .net *"_ivl_70", 0 0, L_0x149284a20;  1 drivers
v0x14920d270_0 .net *"_ivl_72", 0 0, L_0x149284b50;  1 drivers
v0x14920d320_0 .net *"_ivl_73", 0 0, L_0x1492846f0;  1 drivers
v0x14920d3d0_0 .net *"_ivl_76", 0 0, L_0x149284c30;  1 drivers
v0x14920d480_0 .net *"_ivl_77", 0 0, L_0x149284d70;  1 drivers
v0x14920d530_0 .net *"_ivl_80", 0 0, L_0x149284e90;  1 drivers
v0x14920d5e0_0 .net *"_ivl_81", 0 0, L_0x149284f30;  1 drivers
v0x14920d690_0 .net *"_ivl_83", 0 0, L_0x149285000;  1 drivers
v0x14920d740_0 .net *"_ivl_86", 0 0, L_0x1492851d0;  1 drivers
v0x14920d7f0_0 .net *"_ivl_88", 0 0, L_0x149284cd0;  1 drivers
v0x14920d8a0_0 .net *"_ivl_90", 0 0, L_0x149285370;  1 drivers
v0x14920d950_0 .net *"_ivl_91", 0 0, L_0x149283620;  1 drivers
v0x14920da00_0 .net *"_ivl_93", 0 0, L_0x149285510;  1 drivers
v0x14920dab0_0 .net *"_ivl_96", 0 0, L_0x149285130;  1 drivers
v0x14920db60_0 .net *"_ivl_98", 0 0, L_0x1492856b0;  1 drivers
v0x14920c510_0 .net *"_ivl_99", 0 0, L_0x149285820;  1 drivers
v0x14920c5c0_0 .net "a", 3 0, L_0x149286d30;  1 drivers
v0x14920dbf0_0 .net "b", 3 0, L_0x149286dd0;  1 drivers
v0x14920dc80_0 .net "c", 3 0, L_0x149283e30;  1 drivers
v0x14920dd10_0 .net "cin", 0 0, L_0x1492825d0;  alias, 1 drivers
v0x14920dda0_0 .net "cout", 0 0, L_0x149286760;  alias, 1 drivers
v0x14920de30_0 .net "sum", 3 0, L_0x149286960;  1 drivers
L_0x149282f60 .part L_0x149282d40, 0, 1;
L_0x149283040 .part L_0x149282840, 0, 1;
L_0x149283120 .part L_0x149283e30, 0, 1;
L_0x149283410 .part L_0x149282d40, 1, 1;
L_0x1492834b0 .part L_0x149282840, 1, 1;
L_0x149283580 .part L_0x149282d40, 0, 1;
L_0x1492838a0 .part L_0x149282840, 1, 1;
L_0x1492839c0 .part L_0x149282840, 0, 1;
L_0x149283b50 .part L_0x149283e30, 0, 1;
L_0x149283e30 .concat8 [ 1 1 1 1], L_0x149282e70, L_0x1492832f0, L_0x149283d80, L_0x149285000;
L_0x149283fc0 .part L_0x149282d40, 2, 1;
L_0x1492840c0 .part L_0x149282840, 2, 1;
L_0x149284160 .part L_0x149282d40, 1, 1;
L_0x149284430 .part L_0x149282840, 2, 1;
L_0x1492844d0 .part L_0x149282840, 1, 1;
L_0x149284760 .part L_0x149282d40, 0, 1;
L_0x149284a20 .part L_0x149282840, 2, 1;
L_0x149284b50 .part L_0x149282840, 1, 1;
L_0x149284c30 .part L_0x149282840, 0, 1;
L_0x149284e90 .part L_0x149283e30, 0, 1;
L_0x1492851d0 .part L_0x149282d40, 3, 1;
L_0x149284cd0 .part L_0x149282840, 3, 1;
L_0x149285370 .part L_0x149282d40, 2, 1;
L_0x149285130 .part L_0x149282840, 3, 1;
L_0x1492856b0 .part L_0x149282840, 2, 1;
L_0x1492858b0 .part L_0x149282d40, 1, 1;
L_0x149285b70 .part L_0x149282840, 3, 1;
L_0x149285cf0 .part L_0x149282840, 2, 1;
L_0x1492845b0 .part L_0x149282840, 1, 1;
L_0x149285c10 .part L_0x149282d40, 0, 1;
L_0x149286390 .part L_0x149282840, 3, 1;
L_0x149286530 .part L_0x149282840, 2, 1;
L_0x1492866c0 .part L_0x149282840, 1, 1;
L_0x149286470 .part L_0x149282840, 0, 1;
L_0x149286a60 .part L_0x149283e30, 0, 1;
S_0x14920dec0 .scope module, "n3" "cla_4" 6 16, 7 3 0, S_0x149207320;
 .timescale -9 -11;
    .port_info 0 /INPUT 4 "a";
    .port_info 1 /INPUT 4 "b";
    .port_info 2 /INPUT 1 "cin";
    .port_info 3 /OUTPUT 4 "sum";
    .port_info 4 /OUTPUT 1 "cout";
L_0x149286e70 .functor XOR 4, L_0x14928aef0, L_0x14928af90, C4<0000>, C4<0000>;
L_0x149286ee0 .functor AND 4, L_0x14928aef0, L_0x14928af90, C4<1111>, C4<1111>;
L_0x149287010 .functor BUFZ 1, L_0x149286760, C4<0>, C4<0>, C4<0>;
L_0x149287380 .functor AND 1, L_0x1492871e0, L_0x1492872c0, C4<1>, C4<1>;
L_0x1492874b0 .functor OR 1, L_0x149287100, L_0x149287380, C4<0>, C4<0>;
L_0x149287860 .functor AND 1, L_0x149287670, L_0x149287740, C4<1>, C4<1>;
L_0x149287930 .functor OR 1, L_0x1492875d0, L_0x149287860, C4<0>, C4<0>;
L_0x149287c20 .functor AND 1, L_0x149287a60, L_0x149287b80, C4<1>, C4<1>;
L_0x149287e40 .functor AND 1, L_0x149287c20, L_0x149287d10, C4<1>, C4<1>;
L_0x149287f40 .functor OR 1, L_0x149287930, L_0x149287e40, C4<0>, C4<0>;
L_0x149288430 .functor AND 1, L_0x149288280, L_0x149288320, C4<1>, C4<1>;
L_0x149288540 .functor OR 1, L_0x149288180, L_0x149288430, C4<0>, C4<0>;
L_0x1492883c0 .functor AND 1, L_0x1492885f0, L_0x149288690, C4<1>, C4<1>;
L_0x1492889c0 .functor AND 1, L_0x1492883c0, L_0x149288920, C4<1>, C4<1>;
L_0x149288a70 .functor OR 1, L_0x149288540, L_0x1492889c0, C4<0>, C4<0>;
L_0x1492888b0 .functor AND 1, L_0x149288be0, L_0x149288d10, C4<1>, C4<1>;
L_0x149288f30 .functor AND 1, L_0x1492888b0, L_0x149288df0, C4<1>, C4<1>;
L_0x1492890f0 .functor AND 1, L_0x149288f30, L_0x149289050, C4<1>, C4<1>;
L_0x1492891c0 .functor OR 1, L_0x149288a70, L_0x1492890f0, C4<0>, C4<0>;
L_0x1492877e0 .functor AND 1, L_0x149288e90, L_0x149289530, C4<1>, C4<1>;
L_0x1492896d0 .functor OR 1, L_0x149289390, L_0x1492877e0, C4<0>, C4<0>;
L_0x1492899e0 .functor AND 1, L_0x1492892f0, L_0x149289870, C4<1>, C4<1>;
L_0x149289b10 .functor AND 1, L_0x1492899e0, L_0x149289a70, C4<1>, C4<1>;
L_0x149289cc0 .functor OR 1, L_0x1492896d0, L_0x149289b10, C4<0>, C4<0>;
L_0x149289910 .functor AND 1, L_0x149289d30, L_0x149289eb0, C4<1>, C4<1>;
L_0x149289c00 .functor AND 1, L_0x149289910, L_0x149288770, C4<1>, C4<1>;
L_0x14928a310 .functor AND 1, L_0x149289c00, L_0x149289dd0, C4<1>, C4<1>;
L_0x14928a4e0 .functor OR 1, L_0x149289cc0, L_0x14928a310, C4<0>, C4<0>;
L_0x14928a1d0 .functor AND 1, L_0x14928a550, L_0x14928a6f0, C4<1>, C4<1>;
L_0x14928a400 .functor AND 1, L_0x14928a1d0, L_0x14928a880, C4<1>, C4<1>;
L_0x14928aa30 .functor AND 1, L_0x14928a400, L_0x14928a630, C4<1>, C4<1>;
L_0x14928a790 .functor AND 1, L_0x14928aa30, L_0x14928ac20, C4<1>, C4<1>;
L_0x14928a920 .functor OR 1, L_0x14928a4e0, L_0x14928a790, C4<0>, C4<0>;
L_0x14928ab20 .functor XOR 4, L_0x149286e70, L_0x149287ff0, C4<0000>, C4<0000>;
v0x14920e120_0 .net "G", 3 0, L_0x149286ee0;  1 drivers
v0x14920e1d0_0 .net "P", 3 0, L_0x149286e70;  1 drivers
v0x14920e280_0 .net *"_ivl_102", 0 0, L_0x149289a70;  1 drivers
v0x14920e340_0 .net *"_ivl_103", 0 0, L_0x149289b10;  1 drivers
v0x14920e3f0_0 .net *"_ivl_105", 0 0, L_0x149289cc0;  1 drivers
v0x14920e4e0_0 .net *"_ivl_108", 0 0, L_0x149289d30;  1 drivers
v0x14920e590_0 .net *"_ivl_11", 0 0, L_0x149287100;  1 drivers
v0x14920e640_0 .net *"_ivl_110", 0 0, L_0x149289eb0;  1 drivers
v0x14920e6f0_0 .net *"_ivl_111", 0 0, L_0x149289910;  1 drivers
v0x14920e800_0 .net *"_ivl_114", 0 0, L_0x149288770;  1 drivers
v0x14920e8b0_0 .net *"_ivl_115", 0 0, L_0x149289c00;  1 drivers
v0x14920e960_0 .net *"_ivl_118", 0 0, L_0x149289dd0;  1 drivers
v0x14920ea10_0 .net *"_ivl_119", 0 0, L_0x14928a310;  1 drivers
v0x14920eac0_0 .net *"_ivl_121", 0 0, L_0x14928a4e0;  1 drivers
v0x14920eb70_0 .net *"_ivl_124", 0 0, L_0x14928a550;  1 drivers
v0x14920ec20_0 .net *"_ivl_126", 0 0, L_0x14928a6f0;  1 drivers
v0x14920ecd0_0 .net *"_ivl_127", 0 0, L_0x14928a1d0;  1 drivers
v0x14920ee60_0 .net *"_ivl_13", 0 0, L_0x1492871e0;  1 drivers
v0x14920eef0_0 .net *"_ivl_130", 0 0, L_0x14928a880;  1 drivers
v0x14920efa0_0 .net *"_ivl_131", 0 0, L_0x14928a400;  1 drivers
v0x14920f050_0 .net *"_ivl_134", 0 0, L_0x14928a630;  1 drivers
v0x14920f100_0 .net *"_ivl_135", 0 0, L_0x14928aa30;  1 drivers
v0x14920f1b0_0 .net *"_ivl_138", 0 0, L_0x14928ac20;  1 drivers
v0x14920f260_0 .net *"_ivl_139", 0 0, L_0x14928a790;  1 drivers
v0x14920f310_0 .net *"_ivl_15", 0 0, L_0x1492872c0;  1 drivers
v0x14920f3c0_0 .net *"_ivl_16", 0 0, L_0x149287380;  1 drivers
v0x14920f470_0 .net *"_ivl_18", 0 0, L_0x1492874b0;  1 drivers
v0x14920f520_0 .net *"_ivl_23", 0 0, L_0x1492875d0;  1 drivers
v0x14920f5d0_0 .net *"_ivl_25", 0 0, L_0x149287670;  1 drivers
v0x14920f680_0 .net *"_ivl_27", 0 0, L_0x149287740;  1 drivers
v0x14920f730_0 .net *"_ivl_28", 0 0, L_0x149287860;  1 drivers
v0x14920f7e0_0 .net *"_ivl_30", 0 0, L_0x149287930;  1 drivers
v0x14920f890_0 .net *"_ivl_33", 0 0, L_0x149287a60;  1 drivers
v0x14920ed80_0 .net *"_ivl_35", 0 0, L_0x149287b80;  1 drivers
v0x14920fb20_0 .net *"_ivl_36", 0 0, L_0x149287c20;  1 drivers
v0x14920fbb0_0 .net *"_ivl_39", 0 0, L_0x149287d10;  1 drivers
v0x14920fc50_0 .net *"_ivl_40", 0 0, L_0x149287e40;  1 drivers
v0x14920fd00_0 .net *"_ivl_42", 0 0, L_0x149287f40;  1 drivers
v0x14920fdb0_0 .net *"_ivl_48", 0 0, L_0x149288180;  1 drivers
v0x14920fe60_0 .net *"_ivl_50", 0 0, L_0x149288280;  1 drivers
v0x14920ff10_0 .net *"_ivl_52", 0 0, L_0x149288320;  1 drivers
v0x14920ffc0_0 .net *"_ivl_53", 0 0, L_0x149288430;  1 drivers
v0x149210070_0 .net *"_ivl_55", 0 0, L_0x149288540;  1 drivers
v0x149210120_0 .net *"_ivl_58", 0 0, L_0x1492885f0;  1 drivers
v0x1492101d0_0 .net *"_ivl_60", 0 0, L_0x149288690;  1 drivers
v0x149210280_0 .net *"_ivl_61", 0 0, L_0x1492883c0;  1 drivers
v0x149210330_0 .net *"_ivl_64", 0 0, L_0x149288920;  1 drivers
v0x1492103e0_0 .net *"_ivl_65", 0 0, L_0x1492889c0;  1 drivers
v0x149210490_0 .net *"_ivl_67", 0 0, L_0x149288a70;  1 drivers
v0x149210540_0 .net *"_ivl_7", 0 0, L_0x149287010;  1 drivers
v0x1492105f0_0 .net *"_ivl_70", 0 0, L_0x149288be0;  1 drivers
v0x1492106a0_0 .net *"_ivl_72", 0 0, L_0x149288d10;  1 drivers
v0x149210750_0 .net *"_ivl_73", 0 0, L_0x1492888b0;  1 drivers
v0x149210800_0 .net *"_ivl_76", 0 0, L_0x149288df0;  1 drivers
v0x1492108b0_0 .net *"_ivl_77", 0 0, L_0x149288f30;  1 drivers
v0x149210960_0 .net *"_ivl_80", 0 0, L_0x149289050;  1 drivers
v0x149210a10_0 .net *"_ivl_81", 0 0, L_0x1492890f0;  1 drivers
v0x149210ac0_0 .net *"_ivl_83", 0 0, L_0x1492891c0;  1 drivers
v0x149210b70_0 .net *"_ivl_86", 0 0, L_0x149289390;  1 drivers
v0x149210c20_0 .net *"_ivl_88", 0 0, L_0x149288e90;  1 drivers
v0x149210cd0_0 .net *"_ivl_90", 0 0, L_0x149289530;  1 drivers
v0x149210d80_0 .net *"_ivl_91", 0 0, L_0x1492877e0;  1 drivers
v0x149210e30_0 .net *"_ivl_93", 0 0, L_0x1492896d0;  1 drivers
v0x149210ee0_0 .net *"_ivl_96", 0 0, L_0x1492892f0;  1 drivers
v0x149210f90_0 .net *"_ivl_98", 0 0, L_0x149289870;  1 drivers
v0x14920f940_0 .net *"_ivl_99", 0 0, L_0x1492899e0;  1 drivers
v0x14920f9f0_0 .net "a", 3 0, L_0x14928aef0;  1 drivers
v0x149211020_0 .net "b", 3 0, L_0x14928af90;  1 drivers
v0x1492110b0_0 .net "c", 3 0, L_0x149287ff0;  1 drivers
v0x149211140_0 .net "cin", 0 0, L_0x149286760;  alias, 1 drivers
v0x1492111d0_0 .net "cout", 0 0, L_0x14928a920;  alias, 1 drivers
v0x149211260_0 .net "sum", 3 0, L_0x14928ab20;  1 drivers
L_0x149287100 .part L_0x149286ee0, 0, 1;
L_0x1492871e0 .part L_0x149286e70, 0, 1;
L_0x1492872c0 .part L_0x149287ff0, 0, 1;
L_0x1492875d0 .part L_0x149286ee0, 1, 1;
L_0x149287670 .part L_0x149286e70, 1, 1;
L_0x149287740 .part L_0x149286ee0, 0, 1;
L_0x149287a60 .part L_0x149286e70, 1, 1;
L_0x149287b80 .part L_0x149286e70, 0, 1;
L_0x149287d10 .part L_0x149287ff0, 0, 1;
L_0x149287ff0 .concat8 [ 1 1 1 1], L_0x149287010, L_0x1492874b0, L_0x149287f40, L_0x1492891c0;
L_0x149288180 .part L_0x149286ee0, 2, 1;
L_0x149288280 .part L_0x149286e70, 2, 1;
L_0x149288320 .part L_0x149286ee0, 1, 1;
L_0x1492885f0 .part L_0x149286e70, 2, 1;
L_0x149288690 .part L_0x149286e70, 1, 1;
L_0x149288920 .part L_0x149286ee0, 0, 1;
L_0x149288be0 .part L_0x149286e70, 2, 1;
L_0x149288d10 .part L_0x149286e70, 1, 1;
L_0x149288df0 .part L_0x149286e70, 0, 1;
L_0x149289050 .part L_0x149287ff0, 0, 1;
L_0x149289390 .part L_0x149286ee0, 3, 1;
L_0x149288e90 .part L_0x149286e70, 3, 1;
L_0x149289530 .part L_0x149286ee0, 2, 1;
L_0x1492892f0 .part L_0x149286e70, 3, 1;
L_0x149289870 .part L_0x149286e70, 2, 1;
L_0x149289a70 .part L_0x149286ee0, 1, 1;
L_0x149289d30 .part L_0x149286e70, 3, 1;
L_0x149289eb0 .part L_0x149286e70, 2, 1;
L_0x149288770 .part L_0x149286e70, 1, 1;
L_0x149289dd0 .part L_0x149286ee0, 0, 1;
L_0x14928a550 .part L_0x149286e70, 3, 1;
L_0x14928a6f0 .part L_0x149286e70, 2, 1;
L_0x14928a880 .part L_0x149286e70, 1, 1;
L_0x14928a630 .part L_0x149286e70, 0, 1;
L_0x14928ac20 .part L_0x149287ff0, 0, 1;
S_0x1492112f0 .scope module, "n4" "cla_4" 6 17, 7 3 0, S_0x149207320;
 .timescale -9 -11;
    .port_info 0 /INPUT 4 "a";
    .port_info 1 /INPUT 4 "b";
    .port_info 2 /INPUT 1 "cin";
    .port_info 3 /OUTPUT 4 "sum";
    .port_info 4 /OUTPUT 1 "cout";
L_0x14928b030 .functor XOR 4, L_0x14928f070, L_0x14928f110, C4<0000>, C4<0000>;
L_0x14928b0a0 .functor AND 4, L_0x14928f070, L_0x14928f110, C4<1111>, C4<1111>;
L_0x14928b190 .functor BUFZ 1, L_0x14928a920, C4<0>, C4<0>, C4<0>;
L_0x14928b500 .functor AND 1, L_0x14928b360, L_0x14928b440, C4<1>, C4<1>;
L_0x14928b630 .functor OR 1, L_0x14928b280, L_0x14928b500, C4<0>, C4<0>;
L_0x14928b9e0 .functor AND 1, L_0x14928b7f0, L_0x14928b8c0, C4<1>, C4<1>;
L_0x14928bab0 .functor OR 1, L_0x14928b750, L_0x14928b9e0, C4<0>, C4<0>;
L_0x14928bda0 .functor AND 1, L_0x14928bbe0, L_0x14928bd00, C4<1>, C4<1>;
L_0x14928bfc0 .functor AND 1, L_0x14928bda0, L_0x14928be90, C4<1>, C4<1>;
L_0x14928c0c0 .functor OR 1, L_0x14928bab0, L_0x14928bfc0, C4<0>, C4<0>;
L_0x14928c5b0 .functor AND 1, L_0x14928c400, L_0x14928c4a0, C4<1>, C4<1>;
L_0x14928c6c0 .functor OR 1, L_0x14928c300, L_0x14928c5b0, C4<0>, C4<0>;
L_0x14928c540 .functor AND 1, L_0x14928c770, L_0x14928c810, C4<1>, C4<1>;
L_0x14928cb40 .functor AND 1, L_0x14928c540, L_0x14928caa0, C4<1>, C4<1>;
L_0x14928cbf0 .functor OR 1, L_0x14928c6c0, L_0x14928cb40, C4<0>, C4<0>;
L_0x14928ca30 .functor AND 1, L_0x14928cd60, L_0x14928ce90, C4<1>, C4<1>;
L_0x14928d0b0 .functor AND 1, L_0x14928ca30, L_0x14928cf70, C4<1>, C4<1>;
L_0x14928d270 .functor AND 1, L_0x14928d0b0, L_0x14928d1d0, C4<1>, C4<1>;
L_0x14928d340 .functor OR 1, L_0x14928cbf0, L_0x14928d270, C4<0>, C4<0>;
L_0x14928b960 .functor AND 1, L_0x14928d010, L_0x14928d6b0, C4<1>, C4<1>;
L_0x14928d850 .functor OR 1, L_0x14928d510, L_0x14928b960, C4<0>, C4<0>;
L_0x14928db60 .functor AND 1, L_0x14928d470, L_0x14928d9f0, C4<1>, C4<1>;
L_0x14928dc90 .functor AND 1, L_0x14928db60, L_0x14928dbf0, C4<1>, C4<1>;
L_0x14928de40 .functor OR 1, L_0x14928d850, L_0x14928dc90, C4<0>, C4<0>;
L_0x14928da90 .functor AND 1, L_0x14928deb0, L_0x14928e030, C4<1>, C4<1>;
L_0x14928dd80 .functor AND 1, L_0x14928da90, L_0x14928c8f0, C4<1>, C4<1>;
L_0x14928e490 .functor AND 1, L_0x14928dd80, L_0x14928df50, C4<1>, C4<1>;
L_0x14928e660 .functor OR 1, L_0x14928de40, L_0x14928e490, C4<0>, C4<0>;
L_0x14928e350 .functor AND 1, L_0x14928e6d0, L_0x14928e870, C4<1>, C4<1>;
L_0x14928e580 .functor AND 1, L_0x14928e350, L_0x14928ea00, C4<1>, C4<1>;
L_0x14928ebb0 .functor AND 1, L_0x14928e580, L_0x14928e7b0, C4<1>, C4<1>;
L_0x14928e910 .functor AND 1, L_0x14928ebb0, L_0x14928eda0, C4<1>, C4<1>;
L_0x14928eaa0 .functor OR 1, L_0x14928e660, L_0x14928e910, C4<0>, C4<0>;
L_0x14928eca0 .functor XOR 4, L_0x14928b030, L_0x14928c170, C4<0000>, C4<0000>;
v0x149211530_0 .net "G", 3 0, L_0x14928b0a0;  1 drivers
v0x1492115f0_0 .net "P", 3 0, L_0x14928b030;  1 drivers
v0x1492116a0_0 .net *"_ivl_102", 0 0, L_0x14928dbf0;  1 drivers
v0x149211760_0 .net *"_ivl_103", 0 0, L_0x14928dc90;  1 drivers
v0x149211810_0 .net *"_ivl_105", 0 0, L_0x14928de40;  1 drivers
v0x149211900_0 .net *"_ivl_108", 0 0, L_0x14928deb0;  1 drivers
v0x1492119b0_0 .net *"_ivl_11", 0 0, L_0x14928b280;  1 drivers
v0x149211a60_0 .net *"_ivl_110", 0 0, L_0x14928e030;  1 drivers
v0x149211b10_0 .net *"_ivl_111", 0 0, L_0x14928da90;  1 drivers
v0x149211c20_0 .net *"_ivl_114", 0 0, L_0x14928c8f0;  1 drivers
v0x149211cd0_0 .net *"_ivl_115", 0 0, L_0x14928dd80;  1 drivers
v0x149211d80_0 .net *"_ivl_118", 0 0, L_0x14928df50;  1 drivers
v0x149211e30_0 .net *"_ivl_119", 0 0, L_0x14928e490;  1 drivers
v0x149211ee0_0 .net *"_ivl_121", 0 0, L_0x14928e660;  1 drivers
v0x149211f90_0 .net *"_ivl_124", 0 0, L_0x14928e6d0;  1 drivers
v0x149212040_0 .net *"_ivl_126", 0 0, L_0x14928e870;  1 drivers
v0x1492120f0_0 .net *"_ivl_127", 0 0, L_0x14928e350;  1 drivers
v0x149212280_0 .net *"_ivl_13", 0 0, L_0x14928b360;  1 drivers
v0x149212310_0 .net *"_ivl_130", 0 0, L_0x14928ea00;  1 drivers
v0x1492123c0_0 .net *"_ivl_131", 0 0, L_0x14928e580;  1 drivers
v0x149212470_0 .net *"_ivl_134", 0 0, L_0x14928e7b0;  1 drivers
v0x149212520_0 .net *"_ivl_135", 0 0, L_0x14928ebb0;  1 drivers
v0x1492125d0_0 .net *"_ivl_138", 0 0, L_0x14928eda0;  1 drivers
v0x149212680_0 .net *"_ivl_139", 0 0, L_0x14928e910;  1 drivers
v0x149212730_0 .net *"_ivl_15", 0 0, L_0x14928b440;  1 drivers
v0x1492127e0_0 .net *"_ivl_16", 0 0, L_0x14928b500;  1 drivers
v0x149212890_0 .net *"_ivl_18", 0 0, L_0x14928b630;  1 drivers
v0x149212940_0 .net *"_ivl_23", 0 0, L_0x14928b750;  1 drivers
v0x1492129f0_0 .net *"_ivl_25", 0 0, L_0x14928b7f0;  1 drivers
v0x149212aa0_0 .net *"_ivl_27", 0 0, L_0x14928b8c0;  1 drivers
v0x149212b50_0 .net *"_ivl_28", 0 0, L_0x14928b9e0;  1 drivers
v0x149212c00_0 .net *"_ivl_30", 0 0, L_0x14928bab0;  1 drivers
v0x149212cb0_0 .net *"_ivl_33", 0 0, L_0x14928bbe0;  1 drivers
v0x1492121a0_0 .net *"_ivl_35", 0 0, L_0x14928bd00;  1 drivers
v0x149212f40_0 .net *"_ivl_36", 0 0, L_0x14928bda0;  1 drivers
v0x149212fd0_0 .net *"_ivl_39", 0 0, L_0x14928be90;  1 drivers
v0x149213070_0 .net *"_ivl_40", 0 0, L_0x14928bfc0;  1 drivers
v0x149213120_0 .net *"_ivl_42", 0 0, L_0x14928c0c0;  1 drivers
v0x1492131d0_0 .net *"_ivl_48", 0 0, L_0x14928c300;  1 drivers
v0x149213280_0 .net *"_ivl_50", 0 0, L_0x14928c400;  1 drivers
v0x149213330_0 .net *"_ivl_52", 0 0, L_0x14928c4a0;  1 drivers
v0x1492133e0_0 .net *"_ivl_53", 0 0, L_0x14928c5b0;  1 drivers
v0x149213490_0 .net *"_ivl_55", 0 0, L_0x14928c6c0;  1 drivers
v0x149213540_0 .net *"_ivl_58", 0 0, L_0x14928c770;  1 drivers
v0x1492135f0_0 .net *"_ivl_60", 0 0, L_0x14928c810;  1 drivers
v0x1492136a0_0 .net *"_ivl_61", 0 0, L_0x14928c540;  1 drivers
v0x149213750_0 .net *"_ivl_64", 0 0, L_0x14928caa0;  1 drivers
v0x149213800_0 .net *"_ivl_65", 0 0, L_0x14928cb40;  1 drivers
v0x1492138b0_0 .net *"_ivl_67", 0 0, L_0x14928cbf0;  1 drivers
v0x149213960_0 .net *"_ivl_7", 0 0, L_0x14928b190;  1 drivers
v0x149213a10_0 .net *"_ivl_70", 0 0, L_0x14928cd60;  1 drivers
v0x149213ac0_0 .net *"_ivl_72", 0 0, L_0x14928ce90;  1 drivers
v0x149213b70_0 .net *"_ivl_73", 0 0, L_0x14928ca30;  1 drivers
v0x149213c20_0 .net *"_ivl_76", 0 0, L_0x14928cf70;  1 drivers
v0x149213cd0_0 .net *"_ivl_77", 0 0, L_0x14928d0b0;  1 drivers
v0x149213d80_0 .net *"_ivl_80", 0 0, L_0x14928d1d0;  1 drivers
v0x149213e30_0 .net *"_ivl_81", 0 0, L_0x14928d270;  1 drivers
v0x149213ee0_0 .net *"_ivl_83", 0 0, L_0x14928d340;  1 drivers
v0x149213f90_0 .net *"_ivl_86", 0 0, L_0x14928d510;  1 drivers
v0x149214040_0 .net *"_ivl_88", 0 0, L_0x14928d010;  1 drivers
v0x1492140f0_0 .net *"_ivl_90", 0 0, L_0x14928d6b0;  1 drivers
v0x1492141a0_0 .net *"_ivl_91", 0 0, L_0x14928b960;  1 drivers
v0x149214250_0 .net *"_ivl_93", 0 0, L_0x14928d850;  1 drivers
v0x149214300_0 .net *"_ivl_96", 0 0, L_0x14928d470;  1 drivers
v0x1492143b0_0 .net *"_ivl_98", 0 0, L_0x14928d9f0;  1 drivers
v0x149212d60_0 .net *"_ivl_99", 0 0, L_0x14928db60;  1 drivers
v0x149212e10_0 .net "a", 3 0, L_0x14928f070;  1 drivers
v0x149214440_0 .net "b", 3 0, L_0x14928f110;  1 drivers
v0x1492144d0_0 .net "c", 3 0, L_0x14928c170;  1 drivers
v0x149214560_0 .net "cin", 0 0, L_0x14928a920;  alias, 1 drivers
v0x1492145f0_0 .net "cout", 0 0, L_0x14928eaa0;  alias, 1 drivers
v0x149214680_0 .net "sum", 3 0, L_0x14928eca0;  1 drivers
L_0x14928b280 .part L_0x14928b0a0, 0, 1;
L_0x14928b360 .part L_0x14928b030, 0, 1;
L_0x14928b440 .part L_0x14928c170, 0, 1;
L_0x14928b750 .part L_0x14928b0a0, 1, 1;
L_0x14928b7f0 .part L_0x14928b030, 1, 1;
L_0x14928b8c0 .part L_0x14928b0a0, 0, 1;
L_0x14928bbe0 .part L_0x14928b030, 1, 1;
L_0x14928bd00 .part L_0x14928b030, 0, 1;
L_0x14928be90 .part L_0x14928c170, 0, 1;
L_0x14928c170 .concat8 [ 1 1 1 1], L_0x14928b190, L_0x14928b630, L_0x14928c0c0, L_0x14928d340;
L_0x14928c300 .part L_0x14928b0a0, 2, 1;
L_0x14928c400 .part L_0x14928b030, 2, 1;
L_0x14928c4a0 .part L_0x14928b0a0, 1, 1;
L_0x14928c770 .part L_0x14928b030, 2, 1;
L_0x14928c810 .part L_0x14928b030, 1, 1;
L_0x14928caa0 .part L_0x14928b0a0, 0, 1;
L_0x14928cd60 .part L_0x14928b030, 2, 1;
L_0x14928ce90 .part L_0x14928b030, 1, 1;
L_0x14928cf70 .part L_0x14928b030, 0, 1;
L_0x14928d1d0 .part L_0x14928c170, 0, 1;
L_0x14928d510 .part L_0x14928b0a0, 3, 1;
L_0x14928d010 .part L_0x14928b030, 3, 1;
L_0x14928d6b0 .part L_0x14928b0a0, 2, 1;
L_0x14928d470 .part L_0x14928b030, 3, 1;
L_0x14928d9f0 .part L_0x14928b030, 2, 1;
L_0x14928dbf0 .part L_0x14928b0a0, 1, 1;
L_0x14928deb0 .part L_0x14928b030, 3, 1;
L_0x14928e030 .part L_0x14928b030, 2, 1;
L_0x14928c8f0 .part L_0x14928b030, 1, 1;
L_0x14928df50 .part L_0x14928b0a0, 0, 1;
L_0x14928e6d0 .part L_0x14928b030, 3, 1;
L_0x14928e870 .part L_0x14928b030, 2, 1;
L_0x14928ea00 .part L_0x14928b030, 1, 1;
L_0x14928e7b0 .part L_0x14928b030, 0, 1;
L_0x14928eda0 .part L_0x14928c170, 0, 1;
S_0x149214d00 .scope module, "n2" "cla16" 6 33, 6 4 0, S_0x149207030;
 .timescale -9 -11;
    .port_info 0 /INPUT 16 "d1";
    .port_info 1 /INPUT 16 "d2";
    .port_info 2 /INPUT 1 "cin";
    .port_info 3 /OUTPUT 16 "sum";
    .port_info 4 /OUTPUT 1 "cout";
P_0x149214ed0 .param/l "DATA_WIDTH" 0 6 4, +C4<00000000000000000000000000100000>;
v0x1492220c0_0 .net "c1", 0 0, L_0x149292f50;  1 drivers
v0x149222190_0 .net "c2", 0 0, L_0x149297100;  1 drivers
v0x149222260_0 .net "c3", 0 0, L_0x14929b2c0;  1 drivers
v0x149222330_0 .net "cin", 0 0, L_0x14928eaa0;  alias, 1 drivers
v0x1492223c0_0 .net8 "cout", 0 0, RS_0x140057f90;  alias, 3 drivers
v0x149222510_0 .net "d1", 15 0, L_0x14929fd60;  1 drivers
v0x1492225a0_0 .net "d2", 15 0, L_0x14929fe00;  1 drivers
v0x149222630_0 .net "sum", 15 0, L_0x14929fbb0;  1 drivers
L_0x149293520 .part L_0x14929fd60, 0, 4;
L_0x1492935c0 .part L_0x14929fe00, 0, 4;
L_0x1492976d0 .part L_0x14929fd60, 4, 4;
L_0x149297770 .part L_0x14929fe00, 4, 4;
L_0x14929b890 .part L_0x14929fd60, 8, 4;
L_0x14929b930 .part L_0x14929fe00, 8, 4;
L_0x14929f9f0 .part L_0x14929fd60, 12, 4;
L_0x14929fa90 .part L_0x14929fe00, 12, 4;
L_0x14929fbb0 .concat8 [ 4 4 4 4], L_0x149293150, L_0x149297300, L_0x14929b4c0, L_0x14929f620;
S_0x149215000 .scope module, "n1" "cla_4" 6 14, 7 3 0, S_0x149214d00;
 .timescale -9 -11;
    .port_info 0 /INPUT 4 "a";
    .port_info 1 /INPUT 4 "b";
    .port_info 2 /INPUT 1 "cin";
    .port_info 3 /OUTPUT 4 "sum";
    .port_info 4 /OUTPUT 1 "cout";
L_0x14928f520 .functor XOR 4, L_0x149293520, L_0x1492935c0, C4<0000>, C4<0000>;
L_0x14928f590 .functor AND 4, L_0x149293520, L_0x1492935c0, C4<1111>, C4<1111>;
L_0x14928f680 .functor BUFZ 1, L_0x14928eaa0, C4<0>, C4<0>, C4<0>;
L_0x14928f9b0 .functor AND 1, L_0x14928f7f0, L_0x14928f8d0, C4<1>, C4<1>;
L_0x14928fae0 .functor OR 1, L_0x14928f6f0, L_0x14928f9b0, C4<0>, C4<0>;
L_0x14928fe90 .functor AND 1, L_0x14928fca0, L_0x14928fd70, C4<1>, C4<1>;
L_0x14928ff60 .functor OR 1, L_0x14928fc00, L_0x14928fe90, C4<0>, C4<0>;
L_0x149290250 .functor AND 1, L_0x149290090, L_0x1492901b0, C4<1>, C4<1>;
L_0x149290470 .functor AND 1, L_0x149290250, L_0x149290340, C4<1>, C4<1>;
L_0x149290570 .functor OR 1, L_0x14928ff60, L_0x149290470, C4<0>, C4<0>;
L_0x149290a60 .functor AND 1, L_0x1492908b0, L_0x149290950, C4<1>, C4<1>;
L_0x149290b70 .functor OR 1, L_0x1492907b0, L_0x149290a60, C4<0>, C4<0>;
L_0x1492909f0 .functor AND 1, L_0x149290c20, L_0x149290cc0, C4<1>, C4<1>;
L_0x149290ff0 .functor AND 1, L_0x1492909f0, L_0x149290f50, C4<1>, C4<1>;
L_0x1492910a0 .functor OR 1, L_0x149290b70, L_0x149290ff0, C4<0>, C4<0>;
L_0x149290ee0 .functor AND 1, L_0x149291210, L_0x149291340, C4<1>, C4<1>;
L_0x149291560 .functor AND 1, L_0x149290ee0, L_0x149291420, C4<1>, C4<1>;
L_0x149291720 .functor AND 1, L_0x149291560, L_0x149291680, C4<1>, C4<1>;
L_0x1492917f0 .functor OR 1, L_0x1492910a0, L_0x149291720, C4<0>, C4<0>;
L_0x14928fe10 .functor AND 1, L_0x1492914c0, L_0x149291b60, C4<1>, C4<1>;
L_0x149291d00 .functor OR 1, L_0x1492919c0, L_0x14928fe10, C4<0>, C4<0>;
L_0x149292010 .functor AND 1, L_0x149291920, L_0x149291ea0, C4<1>, C4<1>;
L_0x149292140 .functor AND 1, L_0x149292010, L_0x1492920a0, C4<1>, C4<1>;
L_0x1492922f0 .functor OR 1, L_0x149291d00, L_0x149292140, C4<0>, C4<0>;
L_0x149291f40 .functor AND 1, L_0x149292360, L_0x1492924e0, C4<1>, C4<1>;
L_0x149292230 .functor AND 1, L_0x149291f40, L_0x149290da0, C4<1>, C4<1>;
L_0x149292940 .functor AND 1, L_0x149292230, L_0x149292400, C4<1>, C4<1>;
L_0x149292b10 .functor OR 1, L_0x1492922f0, L_0x149292940, C4<0>, C4<0>;
L_0x149292800 .functor AND 1, L_0x149292b80, L_0x149292d20, C4<1>, C4<1>;
L_0x149292a30 .functor AND 1, L_0x149292800, L_0x149292eb0, C4<1>, C4<1>;
L_0x149293060 .functor AND 1, L_0x149292a30, L_0x149292c60, C4<1>, C4<1>;
L_0x149292dc0 .functor AND 1, L_0x149293060, L_0x149293250, C4<1>, C4<1>;
L_0x149292f50 .functor OR 1, L_0x149292b10, L_0x149292dc0, C4<0>, C4<0>;
L_0x149293150 .functor XOR 4, L_0x14928f520, L_0x149290620, C4<0000>, C4<0000>;
v0x149215270_0 .net "G", 3 0, L_0x14928f590;  1 drivers
v0x149215320_0 .net "P", 3 0, L_0x14928f520;  1 drivers
v0x1492153d0_0 .net *"_ivl_102", 0 0, L_0x1492920a0;  1 drivers
v0x149215490_0 .net *"_ivl_103", 0 0, L_0x149292140;  1 drivers
v0x149215540_0 .net *"_ivl_105", 0 0, L_0x1492922f0;  1 drivers
v0x149215630_0 .net *"_ivl_108", 0 0, L_0x149292360;  1 drivers
v0x1492156e0_0 .net *"_ivl_11", 0 0, L_0x14928f6f0;  1 drivers
v0x149215790_0 .net *"_ivl_110", 0 0, L_0x1492924e0;  1 drivers
v0x149215840_0 .net *"_ivl_111", 0 0, L_0x149291f40;  1 drivers
v0x149215950_0 .net *"_ivl_114", 0 0, L_0x149290da0;  1 drivers
v0x149215a00_0 .net *"_ivl_115", 0 0, L_0x149292230;  1 drivers
v0x149215ab0_0 .net *"_ivl_118", 0 0, L_0x149292400;  1 drivers
v0x149215b60_0 .net *"_ivl_119", 0 0, L_0x149292940;  1 drivers
v0x149215c10_0 .net *"_ivl_121", 0 0, L_0x149292b10;  1 drivers
v0x149215cc0_0 .net *"_ivl_124", 0 0, L_0x149292b80;  1 drivers
v0x149215d70_0 .net *"_ivl_126", 0 0, L_0x149292d20;  1 drivers
v0x149215e20_0 .net *"_ivl_127", 0 0, L_0x149292800;  1 drivers
v0x149215fb0_0 .net *"_ivl_13", 0 0, L_0x14928f7f0;  1 drivers
v0x149216040_0 .net *"_ivl_130", 0 0, L_0x149292eb0;  1 drivers
v0x1492160f0_0 .net *"_ivl_131", 0 0, L_0x149292a30;  1 drivers
v0x1492161a0_0 .net *"_ivl_134", 0 0, L_0x149292c60;  1 drivers
v0x149216250_0 .net *"_ivl_135", 0 0, L_0x149293060;  1 drivers
v0x149216300_0 .net *"_ivl_138", 0 0, L_0x149293250;  1 drivers
v0x1492163b0_0 .net *"_ivl_139", 0 0, L_0x149292dc0;  1 drivers
v0x149216460_0 .net *"_ivl_15", 0 0, L_0x14928f8d0;  1 drivers
v0x149216510_0 .net *"_ivl_16", 0 0, L_0x14928f9b0;  1 drivers
v0x1492165c0_0 .net *"_ivl_18", 0 0, L_0x14928fae0;  1 drivers
v0x149216670_0 .net *"_ivl_23", 0 0, L_0x14928fc00;  1 drivers
v0x149216720_0 .net *"_ivl_25", 0 0, L_0x14928fca0;  1 drivers
v0x1492167d0_0 .net *"_ivl_27", 0 0, L_0x14928fd70;  1 drivers
v0x149216880_0 .net *"_ivl_28", 0 0, L_0x14928fe90;  1 drivers
v0x149216930_0 .net *"_ivl_30", 0 0, L_0x14928ff60;  1 drivers
v0x1492169e0_0 .net *"_ivl_33", 0 0, L_0x149290090;  1 drivers
v0x149215ed0_0 .net *"_ivl_35", 0 0, L_0x1492901b0;  1 drivers
v0x149216c70_0 .net *"_ivl_36", 0 0, L_0x149290250;  1 drivers
v0x149216d00_0 .net *"_ivl_39", 0 0, L_0x149290340;  1 drivers
v0x149216da0_0 .net *"_ivl_40", 0 0, L_0x149290470;  1 drivers
v0x149216e50_0 .net *"_ivl_42", 0 0, L_0x149290570;  1 drivers
v0x149216f00_0 .net *"_ivl_48", 0 0, L_0x1492907b0;  1 drivers
v0x149216fb0_0 .net *"_ivl_50", 0 0, L_0x1492908b0;  1 drivers
v0x149217060_0 .net *"_ivl_52", 0 0, L_0x149290950;  1 drivers
v0x149217110_0 .net *"_ivl_53", 0 0, L_0x149290a60;  1 drivers
v0x1492171c0_0 .net *"_ivl_55", 0 0, L_0x149290b70;  1 drivers
v0x149217270_0 .net *"_ivl_58", 0 0, L_0x149290c20;  1 drivers
v0x149217320_0 .net *"_ivl_60", 0 0, L_0x149290cc0;  1 drivers
v0x1492173d0_0 .net *"_ivl_61", 0 0, L_0x1492909f0;  1 drivers
v0x149217480_0 .net *"_ivl_64", 0 0, L_0x149290f50;  1 drivers
v0x149217530_0 .net *"_ivl_65", 0 0, L_0x149290ff0;  1 drivers
v0x1492175e0_0 .net *"_ivl_67", 0 0, L_0x1492910a0;  1 drivers
v0x149217690_0 .net *"_ivl_7", 0 0, L_0x14928f680;  1 drivers
v0x149217740_0 .net *"_ivl_70", 0 0, L_0x149291210;  1 drivers
v0x1492177f0_0 .net *"_ivl_72", 0 0, L_0x149291340;  1 drivers
v0x1492178a0_0 .net *"_ivl_73", 0 0, L_0x149290ee0;  1 drivers
v0x149217950_0 .net *"_ivl_76", 0 0, L_0x149291420;  1 drivers
v0x149217a00_0 .net *"_ivl_77", 0 0, L_0x149291560;  1 drivers
v0x149217ab0_0 .net *"_ivl_80", 0 0, L_0x149291680;  1 drivers
v0x149217b60_0 .net *"_ivl_81", 0 0, L_0x149291720;  1 drivers
v0x149217c10_0 .net *"_ivl_83", 0 0, L_0x1492917f0;  1 drivers
v0x149217cc0_0 .net *"_ivl_86", 0 0, L_0x1492919c0;  1 drivers
v0x149217d70_0 .net *"_ivl_88", 0 0, L_0x1492914c0;  1 drivers
v0x149217e20_0 .net *"_ivl_90", 0 0, L_0x149291b60;  1 drivers
v0x149217ed0_0 .net *"_ivl_91", 0 0, L_0x14928fe10;  1 drivers
v0x149217f80_0 .net *"_ivl_93", 0 0, L_0x149291d00;  1 drivers
v0x149218030_0 .net *"_ivl_96", 0 0, L_0x149291920;  1 drivers
v0x1492180e0_0 .net *"_ivl_98", 0 0, L_0x149291ea0;  1 drivers
v0x149216a90_0 .net *"_ivl_99", 0 0, L_0x149292010;  1 drivers
v0x149216b40_0 .net "a", 3 0, L_0x149293520;  1 drivers
v0x149218170_0 .net "b", 3 0, L_0x1492935c0;  1 drivers
v0x149218200_0 .net "c", 3 0, L_0x149290620;  1 drivers
v0x149218290_0 .net "cin", 0 0, L_0x14928eaa0;  alias, 1 drivers
v0x149218320_0 .net "cout", 0 0, L_0x149292f50;  alias, 1 drivers
v0x1492183b0_0 .net "sum", 3 0, L_0x149293150;  1 drivers
L_0x14928f6f0 .part L_0x14928f590, 0, 1;
L_0x14928f7f0 .part L_0x14928f520, 0, 1;
L_0x14928f8d0 .part L_0x149290620, 0, 1;
L_0x14928fc00 .part L_0x14928f590, 1, 1;
L_0x14928fca0 .part L_0x14928f520, 1, 1;
L_0x14928fd70 .part L_0x14928f590, 0, 1;
L_0x149290090 .part L_0x14928f520, 1, 1;
L_0x1492901b0 .part L_0x14928f520, 0, 1;
L_0x149290340 .part L_0x149290620, 0, 1;
L_0x149290620 .concat8 [ 1 1 1 1], L_0x14928f680, L_0x14928fae0, L_0x149290570, L_0x1492917f0;
L_0x1492907b0 .part L_0x14928f590, 2, 1;
L_0x1492908b0 .part L_0x14928f520, 2, 1;
L_0x149290950 .part L_0x14928f590, 1, 1;
L_0x149290c20 .part L_0x14928f520, 2, 1;
L_0x149290cc0 .part L_0x14928f520, 1, 1;
L_0x149290f50 .part L_0x14928f590, 0, 1;
L_0x149291210 .part L_0x14928f520, 2, 1;
L_0x149291340 .part L_0x14928f520, 1, 1;
L_0x149291420 .part L_0x14928f520, 0, 1;
L_0x149291680 .part L_0x149290620, 0, 1;
L_0x1492919c0 .part L_0x14928f590, 3, 1;
L_0x1492914c0 .part L_0x14928f520, 3, 1;
L_0x149291b60 .part L_0x14928f590, 2, 1;
L_0x149291920 .part L_0x14928f520, 3, 1;
L_0x149291ea0 .part L_0x14928f520, 2, 1;
L_0x1492920a0 .part L_0x14928f590, 1, 1;
L_0x149292360 .part L_0x14928f520, 3, 1;
L_0x1492924e0 .part L_0x14928f520, 2, 1;
L_0x149290da0 .part L_0x14928f520, 1, 1;
L_0x149292400 .part L_0x14928f590, 0, 1;
L_0x149292b80 .part L_0x14928f520, 3, 1;
L_0x149292d20 .part L_0x14928f520, 2, 1;
L_0x149292eb0 .part L_0x14928f520, 1, 1;
L_0x149292c60 .part L_0x14928f520, 0, 1;
L_0x149293250 .part L_0x149290620, 0, 1;
S_0x149218470 .scope module, "n2" "cla_4" 6 15, 7 3 0, S_0x149214d00;
 .timescale -9 -11;
    .port_info 0 /INPUT 4 "a";
    .port_info 1 /INPUT 4 "b";
    .port_info 2 /INPUT 1 "cin";
    .port_info 3 /OUTPUT 4 "sum";
    .port_info 4 /OUTPUT 1 "cout";
L_0x1492931c0 .functor XOR 4, L_0x1492976d0, L_0x149297770, C4<0000>, C4<0000>;
L_0x1492936c0 .functor AND 4, L_0x1492976d0, L_0x149297770, C4<1111>, C4<1111>;
L_0x1492937f0 .functor BUFZ 1, L_0x149292f50, C4<0>, C4<0>, C4<0>;
L_0x149293b60 .functor AND 1, L_0x1492939c0, L_0x149293aa0, C4<1>, C4<1>;
L_0x149293c90 .functor OR 1, L_0x1492938e0, L_0x149293b60, C4<0>, C4<0>;
L_0x149294040 .functor AND 1, L_0x149293e50, L_0x149293f20, C4<1>, C4<1>;
L_0x149294110 .functor OR 1, L_0x149293db0, L_0x149294040, C4<0>, C4<0>;
L_0x149294400 .functor AND 1, L_0x149294240, L_0x149294360, C4<1>, C4<1>;
L_0x149294620 .functor AND 1, L_0x149294400, L_0x1492944f0, C4<1>, C4<1>;
L_0x149294720 .functor OR 1, L_0x149294110, L_0x149294620, C4<0>, C4<0>;
L_0x149294c10 .functor AND 1, L_0x149294a60, L_0x149294b00, C4<1>, C4<1>;
L_0x149294d20 .functor OR 1, L_0x149294960, L_0x149294c10, C4<0>, C4<0>;
L_0x149294ba0 .functor AND 1, L_0x149294dd0, L_0x149294e70, C4<1>, C4<1>;
L_0x1492951a0 .functor AND 1, L_0x149294ba0, L_0x149295100, C4<1>, C4<1>;
L_0x149295250 .functor OR 1, L_0x149294d20, L_0x1492951a0, C4<0>, C4<0>;
L_0x149295090 .functor AND 1, L_0x1492953c0, L_0x1492954f0, C4<1>, C4<1>;
L_0x149295710 .functor AND 1, L_0x149295090, L_0x1492955d0, C4<1>, C4<1>;
L_0x1492958d0 .functor AND 1, L_0x149295710, L_0x149295830, C4<1>, C4<1>;
L_0x1492959a0 .functor OR 1, L_0x149295250, L_0x1492958d0, C4<0>, C4<0>;
L_0x149293fc0 .functor AND 1, L_0x149295670, L_0x149295d10, C4<1>, C4<1>;
L_0x149295eb0 .functor OR 1, L_0x149295b70, L_0x149293fc0, C4<0>, C4<0>;
L_0x1492961c0 .functor AND 1, L_0x149295ad0, L_0x149296050, C4<1>, C4<1>;
L_0x1492962f0 .functor AND 1, L_0x1492961c0, L_0x149296250, C4<1>, C4<1>;
L_0x1492964a0 .functor OR 1, L_0x149295eb0, L_0x1492962f0, C4<0>, C4<0>;
L_0x1492960f0 .functor AND 1, L_0x149296510, L_0x149296690, C4<1>, C4<1>;
L_0x1492963e0 .functor AND 1, L_0x1492960f0, L_0x149294f50, C4<1>, C4<1>;
L_0x149296af0 .functor AND 1, L_0x1492963e0, L_0x1492965b0, C4<1>, C4<1>;
L_0x149296cc0 .functor OR 1, L_0x1492964a0, L_0x149296af0, C4<0>, C4<0>;
L_0x1492969b0 .functor AND 1, L_0x149296d30, L_0x149296ed0, C4<1>, C4<1>;
L_0x149296be0 .functor AND 1, L_0x1492969b0, L_0x149297060, C4<1>, C4<1>;
L_0x149297210 .functor AND 1, L_0x149296be0, L_0x149296e10, C4<1>, C4<1>;
L_0x149296f70 .functor AND 1, L_0x149297210, L_0x149297400, C4<1>, C4<1>;
L_0x149297100 .functor OR 1, L_0x149296cc0, L_0x149296f70, C4<0>, C4<0>;
L_0x149297300 .functor XOR 4, L_0x1492931c0, L_0x1492947d0, C4<0000>, C4<0000>;
v0x1492186b0_0 .net "G", 3 0, L_0x1492936c0;  1 drivers
v0x149218750_0 .net "P", 3 0, L_0x1492931c0;  1 drivers
v0x149218800_0 .net *"_ivl_102", 0 0, L_0x149296250;  1 drivers
v0x1492188c0_0 .net *"_ivl_103", 0 0, L_0x1492962f0;  1 drivers
v0x149218970_0 .net *"_ivl_105", 0 0, L_0x1492964a0;  1 drivers
v0x149218a60_0 .net *"_ivl_108", 0 0, L_0x149296510;  1 drivers
v0x149218b10_0 .net *"_ivl_11", 0 0, L_0x1492938e0;  1 drivers
v0x149218bc0_0 .net *"_ivl_110", 0 0, L_0x149296690;  1 drivers
v0x149218c70_0 .net *"_ivl_111", 0 0, L_0x1492960f0;  1 drivers
v0x149218d80_0 .net *"_ivl_114", 0 0, L_0x149294f50;  1 drivers
v0x149218e30_0 .net *"_ivl_115", 0 0, L_0x1492963e0;  1 drivers
v0x149218ee0_0 .net *"_ivl_118", 0 0, L_0x1492965b0;  1 drivers
v0x149218f90_0 .net *"_ivl_119", 0 0, L_0x149296af0;  1 drivers
v0x149219040_0 .net *"_ivl_121", 0 0, L_0x149296cc0;  1 drivers
v0x1492190f0_0 .net *"_ivl_124", 0 0, L_0x149296d30;  1 drivers
v0x1492191a0_0 .net *"_ivl_126", 0 0, L_0x149296ed0;  1 drivers
v0x149219250_0 .net *"_ivl_127", 0 0, L_0x1492969b0;  1 drivers
v0x1492193e0_0 .net *"_ivl_13", 0 0, L_0x1492939c0;  1 drivers
v0x149219470_0 .net *"_ivl_130", 0 0, L_0x149297060;  1 drivers
v0x149219520_0 .net *"_ivl_131", 0 0, L_0x149296be0;  1 drivers
v0x1492195d0_0 .net *"_ivl_134", 0 0, L_0x149296e10;  1 drivers
v0x149219680_0 .net *"_ivl_135", 0 0, L_0x149297210;  1 drivers
v0x149219730_0 .net *"_ivl_138", 0 0, L_0x149297400;  1 drivers
v0x1492197e0_0 .net *"_ivl_139", 0 0, L_0x149296f70;  1 drivers
v0x149219890_0 .net *"_ivl_15", 0 0, L_0x149293aa0;  1 drivers
v0x149219940_0 .net *"_ivl_16", 0 0, L_0x149293b60;  1 drivers
v0x1492199f0_0 .net *"_ivl_18", 0 0, L_0x149293c90;  1 drivers
v0x149219aa0_0 .net *"_ivl_23", 0 0, L_0x149293db0;  1 drivers
v0x149219b50_0 .net *"_ivl_25", 0 0, L_0x149293e50;  1 drivers
v0x149219c00_0 .net *"_ivl_27", 0 0, L_0x149293f20;  1 drivers
v0x149219cb0_0 .net *"_ivl_28", 0 0, L_0x149294040;  1 drivers
v0x149219d60_0 .net *"_ivl_30", 0 0, L_0x149294110;  1 drivers
v0x149219e10_0 .net *"_ivl_33", 0 0, L_0x149294240;  1 drivers
v0x149219300_0 .net *"_ivl_35", 0 0, L_0x149294360;  1 drivers
v0x14921a0a0_0 .net *"_ivl_36", 0 0, L_0x149294400;  1 drivers
v0x14921a130_0 .net *"_ivl_39", 0 0, L_0x1492944f0;  1 drivers
v0x14921a1d0_0 .net *"_ivl_40", 0 0, L_0x149294620;  1 drivers
v0x14921a280_0 .net *"_ivl_42", 0 0, L_0x149294720;  1 drivers
v0x14921a330_0 .net *"_ivl_48", 0 0, L_0x149294960;  1 drivers
v0x14921a3e0_0 .net *"_ivl_50", 0 0, L_0x149294a60;  1 drivers
v0x14921a490_0 .net *"_ivl_52", 0 0, L_0x149294b00;  1 drivers
v0x14921a540_0 .net *"_ivl_53", 0 0, L_0x149294c10;  1 drivers
v0x14921a5f0_0 .net *"_ivl_55", 0 0, L_0x149294d20;  1 drivers
v0x14921a6a0_0 .net *"_ivl_58", 0 0, L_0x149294dd0;  1 drivers
v0x14921a750_0 .net *"_ivl_60", 0 0, L_0x149294e70;  1 drivers
v0x14921a800_0 .net *"_ivl_61", 0 0, L_0x149294ba0;  1 drivers
v0x14921a8b0_0 .net *"_ivl_64", 0 0, L_0x149295100;  1 drivers
v0x14921a960_0 .net *"_ivl_65", 0 0, L_0x1492951a0;  1 drivers
v0x14921aa10_0 .net *"_ivl_67", 0 0, L_0x149295250;  1 drivers
v0x14921aac0_0 .net *"_ivl_7", 0 0, L_0x1492937f0;  1 drivers
v0x14921ab70_0 .net *"_ivl_70", 0 0, L_0x1492953c0;  1 drivers
v0x14921ac20_0 .net *"_ivl_72", 0 0, L_0x1492954f0;  1 drivers
v0x14921acd0_0 .net *"_ivl_73", 0 0, L_0x149295090;  1 drivers
v0x14921ad80_0 .net *"_ivl_76", 0 0, L_0x1492955d0;  1 drivers
v0x14921ae30_0 .net *"_ivl_77", 0 0, L_0x149295710;  1 drivers
v0x14921aee0_0 .net *"_ivl_80", 0 0, L_0x149295830;  1 drivers
v0x14921af90_0 .net *"_ivl_81", 0 0, L_0x1492958d0;  1 drivers
v0x14921b040_0 .net *"_ivl_83", 0 0, L_0x1492959a0;  1 drivers
v0x14921b0f0_0 .net *"_ivl_86", 0 0, L_0x149295b70;  1 drivers
v0x14921b1a0_0 .net *"_ivl_88", 0 0, L_0x149295670;  1 drivers
v0x14921b250_0 .net *"_ivl_90", 0 0, L_0x149295d10;  1 drivers
v0x14921b300_0 .net *"_ivl_91", 0 0, L_0x149293fc0;  1 drivers
v0x14921b3b0_0 .net *"_ivl_93", 0 0, L_0x149295eb0;  1 drivers
v0x14921b460_0 .net *"_ivl_96", 0 0, L_0x149295ad0;  1 drivers
v0x14921b510_0 .net *"_ivl_98", 0 0, L_0x149296050;  1 drivers
v0x149219ec0_0 .net *"_ivl_99", 0 0, L_0x1492961c0;  1 drivers
v0x149219f70_0 .net "a", 3 0, L_0x1492976d0;  1 drivers
v0x14921b5a0_0 .net "b", 3 0, L_0x149297770;  1 drivers
v0x14921b630_0 .net "c", 3 0, L_0x1492947d0;  1 drivers
v0x14921b6c0_0 .net "cin", 0 0, L_0x149292f50;  alias, 1 drivers
v0x14921b750_0 .net "cout", 0 0, L_0x149297100;  alias, 1 drivers
v0x14921b7e0_0 .net "sum", 3 0, L_0x149297300;  1 drivers
L_0x1492938e0 .part L_0x1492936c0, 0, 1;
L_0x1492939c0 .part L_0x1492931c0, 0, 1;
L_0x149293aa0 .part L_0x1492947d0, 0, 1;
L_0x149293db0 .part L_0x1492936c0, 1, 1;
L_0x149293e50 .part L_0x1492931c0, 1, 1;
L_0x149293f20 .part L_0x1492936c0, 0, 1;
L_0x149294240 .part L_0x1492931c0, 1, 1;
L_0x149294360 .part L_0x1492931c0, 0, 1;
L_0x1492944f0 .part L_0x1492947d0, 0, 1;
L_0x1492947d0 .concat8 [ 1 1 1 1], L_0x1492937f0, L_0x149293c90, L_0x149294720, L_0x1492959a0;
L_0x149294960 .part L_0x1492936c0, 2, 1;
L_0x149294a60 .part L_0x1492931c0, 2, 1;
L_0x149294b00 .part L_0x1492936c0, 1, 1;
L_0x149294dd0 .part L_0x1492931c0, 2, 1;
L_0x149294e70 .part L_0x1492931c0, 1, 1;
L_0x149295100 .part L_0x1492936c0, 0, 1;
L_0x1492953c0 .part L_0x1492931c0, 2, 1;
L_0x1492954f0 .part L_0x1492931c0, 1, 1;
L_0x1492955d0 .part L_0x1492931c0, 0, 1;
L_0x149295830 .part L_0x1492947d0, 0, 1;
L_0x149295b70 .part L_0x1492936c0, 3, 1;
L_0x149295670 .part L_0x1492931c0, 3, 1;
L_0x149295d10 .part L_0x1492936c0, 2, 1;
L_0x149295ad0 .part L_0x1492931c0, 3, 1;
L_0x149296050 .part L_0x1492931c0, 2, 1;
L_0x149296250 .part L_0x1492936c0, 1, 1;
L_0x149296510 .part L_0x1492931c0, 3, 1;
L_0x149296690 .part L_0x1492931c0, 2, 1;
L_0x149294f50 .part L_0x1492931c0, 1, 1;
L_0x1492965b0 .part L_0x1492936c0, 0, 1;
L_0x149296d30 .part L_0x1492931c0, 3, 1;
L_0x149296ed0 .part L_0x1492931c0, 2, 1;
L_0x149297060 .part L_0x1492931c0, 1, 1;
L_0x149296e10 .part L_0x1492931c0, 0, 1;
L_0x149297400 .part L_0x1492947d0, 0, 1;
S_0x14921b870 .scope module, "n3" "cla_4" 6 16, 7 3 0, S_0x149214d00;
 .timescale -9 -11;
    .port_info 0 /INPUT 4 "a";
    .port_info 1 /INPUT 4 "b";
    .port_info 2 /INPUT 1 "cin";
    .port_info 3 /OUTPUT 4 "sum";
    .port_info 4 /OUTPUT 1 "cout";
L_0x149297810 .functor XOR 4, L_0x14929b890, L_0x14929b930, C4<0000>, C4<0000>;
L_0x1492978a0 .functor AND 4, L_0x14929b890, L_0x14929b930, C4<1111>, C4<1111>;
L_0x1492979d0 .functor BUFZ 1, L_0x149297100, C4<0>, C4<0>, C4<0>;
L_0x149297d40 .functor AND 1, L_0x149297ba0, L_0x149297c80, C4<1>, C4<1>;
L_0x149297e50 .functor OR 1, L_0x149297ac0, L_0x149297d40, C4<0>, C4<0>;
L_0x149298200 .functor AND 1, L_0x149298010, L_0x1492980e0, C4<1>, C4<1>;
L_0x1492982d0 .functor OR 1, L_0x149297f70, L_0x149298200, C4<0>, C4<0>;
L_0x1492985c0 .functor AND 1, L_0x149298400, L_0x149298520, C4<1>, C4<1>;
L_0x1492987e0 .functor AND 1, L_0x1492985c0, L_0x1492986b0, C4<1>, C4<1>;
L_0x1492988e0 .functor OR 1, L_0x1492982d0, L_0x1492987e0, C4<0>, C4<0>;
L_0x149298dd0 .functor AND 1, L_0x149298c20, L_0x149298cc0, C4<1>, C4<1>;
L_0x149298ee0 .functor OR 1, L_0x149298b20, L_0x149298dd0, C4<0>, C4<0>;
L_0x149298d60 .functor AND 1, L_0x149298f90, L_0x149299030, C4<1>, C4<1>;
L_0x149299360 .functor AND 1, L_0x149298d60, L_0x1492992c0, C4<1>, C4<1>;
L_0x149299410 .functor OR 1, L_0x149298ee0, L_0x149299360, C4<0>, C4<0>;
L_0x149299250 .functor AND 1, L_0x149299580, L_0x1492996b0, C4<1>, C4<1>;
L_0x1492998d0 .functor AND 1, L_0x149299250, L_0x149299790, C4<1>, C4<1>;
L_0x149299a90 .functor AND 1, L_0x1492998d0, L_0x1492999f0, C4<1>, C4<1>;
L_0x149299b60 .functor OR 1, L_0x149299410, L_0x149299a90, C4<0>, C4<0>;
L_0x149298180 .functor AND 1, L_0x149299830, L_0x149299ed0, C4<1>, C4<1>;
L_0x14929a070 .functor OR 1, L_0x149299d30, L_0x149298180, C4<0>, C4<0>;
L_0x14929a380 .functor AND 1, L_0x149299c90, L_0x14929a210, C4<1>, C4<1>;
L_0x14929a4b0 .functor AND 1, L_0x14929a380, L_0x14929a410, C4<1>, C4<1>;
L_0x14929a660 .functor OR 1, L_0x14929a070, L_0x14929a4b0, C4<0>, C4<0>;
L_0x14929a2b0 .functor AND 1, L_0x14929a6d0, L_0x14929a850, C4<1>, C4<1>;
L_0x14929a5a0 .functor AND 1, L_0x14929a2b0, L_0x149299110, C4<1>, C4<1>;
L_0x14929acb0 .functor AND 1, L_0x14929a5a0, L_0x14929a770, C4<1>, C4<1>;
L_0x14929ae80 .functor OR 1, L_0x14929a660, L_0x14929acb0, C4<0>, C4<0>;
L_0x14929ab70 .functor AND 1, L_0x14929aef0, L_0x14929b090, C4<1>, C4<1>;
L_0x14929ada0 .functor AND 1, L_0x14929ab70, L_0x14929b220, C4<1>, C4<1>;
L_0x14929b3d0 .functor AND 1, L_0x14929ada0, L_0x14929afd0, C4<1>, C4<1>;
L_0x14929b130 .functor AND 1, L_0x14929b3d0, L_0x14929b5c0, C4<1>, C4<1>;
L_0x14929b2c0 .functor OR 1, L_0x14929ae80, L_0x14929b130, C4<0>, C4<0>;
L_0x14929b4c0 .functor XOR 4, L_0x149297810, L_0x149298990, C4<0000>, C4<0000>;
v0x14921bad0_0 .net "G", 3 0, L_0x1492978a0;  1 drivers
v0x14921bb80_0 .net "P", 3 0, L_0x149297810;  1 drivers
v0x14921bc30_0 .net *"_ivl_102", 0 0, L_0x14929a410;  1 drivers
v0x14921bcf0_0 .net *"_ivl_103", 0 0, L_0x14929a4b0;  1 drivers
v0x14921bda0_0 .net *"_ivl_105", 0 0, L_0x14929a660;  1 drivers
v0x14921be90_0 .net *"_ivl_108", 0 0, L_0x14929a6d0;  1 drivers
v0x14921bf40_0 .net *"_ivl_11", 0 0, L_0x149297ac0;  1 drivers
v0x14921bff0_0 .net *"_ivl_110", 0 0, L_0x14929a850;  1 drivers
v0x14921c0a0_0 .net *"_ivl_111", 0 0, L_0x14929a2b0;  1 drivers
v0x14921c1b0_0 .net *"_ivl_114", 0 0, L_0x149299110;  1 drivers
v0x14921c260_0 .net *"_ivl_115", 0 0, L_0x14929a5a0;  1 drivers
v0x14921c310_0 .net *"_ivl_118", 0 0, L_0x14929a770;  1 drivers
v0x14921c3c0_0 .net *"_ivl_119", 0 0, L_0x14929acb0;  1 drivers
v0x14921c470_0 .net *"_ivl_121", 0 0, L_0x14929ae80;  1 drivers
v0x14921c520_0 .net *"_ivl_124", 0 0, L_0x14929aef0;  1 drivers
v0x14921c5d0_0 .net *"_ivl_126", 0 0, L_0x14929b090;  1 drivers
v0x14921c680_0 .net *"_ivl_127", 0 0, L_0x14929ab70;  1 drivers
v0x14921c810_0 .net *"_ivl_13", 0 0, L_0x149297ba0;  1 drivers
v0x14921c8a0_0 .net *"_ivl_130", 0 0, L_0x14929b220;  1 drivers
v0x14921c950_0 .net *"_ivl_131", 0 0, L_0x14929ada0;  1 drivers
v0x14921ca00_0 .net *"_ivl_134", 0 0, L_0x14929afd0;  1 drivers
v0x14921cab0_0 .net *"_ivl_135", 0 0, L_0x14929b3d0;  1 drivers
v0x14921cb60_0 .net *"_ivl_138", 0 0, L_0x14929b5c0;  1 drivers
v0x14921cc10_0 .net *"_ivl_139", 0 0, L_0x14929b130;  1 drivers
v0x14921ccc0_0 .net *"_ivl_15", 0 0, L_0x149297c80;  1 drivers
v0x14921cd70_0 .net *"_ivl_16", 0 0, L_0x149297d40;  1 drivers
v0x14921ce20_0 .net *"_ivl_18", 0 0, L_0x149297e50;  1 drivers
v0x14921ced0_0 .net *"_ivl_23", 0 0, L_0x149297f70;  1 drivers
v0x14921cf80_0 .net *"_ivl_25", 0 0, L_0x149298010;  1 drivers
v0x14921d030_0 .net *"_ivl_27", 0 0, L_0x1492980e0;  1 drivers
v0x14921d0e0_0 .net *"_ivl_28", 0 0, L_0x149298200;  1 drivers
v0x14921d190_0 .net *"_ivl_30", 0 0, L_0x1492982d0;  1 drivers
v0x14921d240_0 .net *"_ivl_33", 0 0, L_0x149298400;  1 drivers
v0x14921c730_0 .net *"_ivl_35", 0 0, L_0x149298520;  1 drivers
v0x14921d4d0_0 .net *"_ivl_36", 0 0, L_0x1492985c0;  1 drivers
v0x14921d560_0 .net *"_ivl_39", 0 0, L_0x1492986b0;  1 drivers
v0x14921d600_0 .net *"_ivl_40", 0 0, L_0x1492987e0;  1 drivers
v0x14921d6b0_0 .net *"_ivl_42", 0 0, L_0x1492988e0;  1 drivers
v0x14921d760_0 .net *"_ivl_48", 0 0, L_0x149298b20;  1 drivers
v0x14921d810_0 .net *"_ivl_50", 0 0, L_0x149298c20;  1 drivers
v0x14921d8c0_0 .net *"_ivl_52", 0 0, L_0x149298cc0;  1 drivers
v0x14921d970_0 .net *"_ivl_53", 0 0, L_0x149298dd0;  1 drivers
v0x14921da20_0 .net *"_ivl_55", 0 0, L_0x149298ee0;  1 drivers
v0x14921dad0_0 .net *"_ivl_58", 0 0, L_0x149298f90;  1 drivers
v0x14921db80_0 .net *"_ivl_60", 0 0, L_0x149299030;  1 drivers
v0x14921dc30_0 .net *"_ivl_61", 0 0, L_0x149298d60;  1 drivers
v0x14921dce0_0 .net *"_ivl_64", 0 0, L_0x1492992c0;  1 drivers
v0x14921dd90_0 .net *"_ivl_65", 0 0, L_0x149299360;  1 drivers
v0x14921de40_0 .net *"_ivl_67", 0 0, L_0x149299410;  1 drivers
v0x14921def0_0 .net *"_ivl_7", 0 0, L_0x1492979d0;  1 drivers
v0x14921dfa0_0 .net *"_ivl_70", 0 0, L_0x149299580;  1 drivers
v0x14921e050_0 .net *"_ivl_72", 0 0, L_0x1492996b0;  1 drivers
v0x14921e100_0 .net *"_ivl_73", 0 0, L_0x149299250;  1 drivers
v0x14921e1b0_0 .net *"_ivl_76", 0 0, L_0x149299790;  1 drivers
v0x14921e260_0 .net *"_ivl_77", 0 0, L_0x1492998d0;  1 drivers
v0x14921e310_0 .net *"_ivl_80", 0 0, L_0x1492999f0;  1 drivers
v0x14921e3c0_0 .net *"_ivl_81", 0 0, L_0x149299a90;  1 drivers
v0x14921e470_0 .net *"_ivl_83", 0 0, L_0x149299b60;  1 drivers
v0x14921e520_0 .net *"_ivl_86", 0 0, L_0x149299d30;  1 drivers
v0x14921e5d0_0 .net *"_ivl_88", 0 0, L_0x149299830;  1 drivers
v0x14921e680_0 .net *"_ivl_90", 0 0, L_0x149299ed0;  1 drivers
v0x14921e730_0 .net *"_ivl_91", 0 0, L_0x149298180;  1 drivers
v0x14921e7e0_0 .net *"_ivl_93", 0 0, L_0x14929a070;  1 drivers
v0x14921e890_0 .net *"_ivl_96", 0 0, L_0x149299c90;  1 drivers
v0x14921e940_0 .net *"_ivl_98", 0 0, L_0x14929a210;  1 drivers
v0x14921d2f0_0 .net *"_ivl_99", 0 0, L_0x14929a380;  1 drivers
v0x14921d3a0_0 .net "a", 3 0, L_0x14929b890;  1 drivers
v0x14921e9d0_0 .net "b", 3 0, L_0x14929b930;  1 drivers
v0x14921ea60_0 .net "c", 3 0, L_0x149298990;  1 drivers
v0x14921eaf0_0 .net "cin", 0 0, L_0x149297100;  alias, 1 drivers
v0x14921eb80_0 .net "cout", 0 0, L_0x14929b2c0;  alias, 1 drivers
v0x14921ec10_0 .net "sum", 3 0, L_0x14929b4c0;  1 drivers
L_0x149297ac0 .part L_0x1492978a0, 0, 1;
L_0x149297ba0 .part L_0x149297810, 0, 1;
L_0x149297c80 .part L_0x149298990, 0, 1;
L_0x149297f70 .part L_0x1492978a0, 1, 1;
L_0x149298010 .part L_0x149297810, 1, 1;
L_0x1492980e0 .part L_0x1492978a0, 0, 1;
L_0x149298400 .part L_0x149297810, 1, 1;
L_0x149298520 .part L_0x149297810, 0, 1;
L_0x1492986b0 .part L_0x149298990, 0, 1;
L_0x149298990 .concat8 [ 1 1 1 1], L_0x1492979d0, L_0x149297e50, L_0x1492988e0, L_0x149299b60;
L_0x149298b20 .part L_0x1492978a0, 2, 1;
L_0x149298c20 .part L_0x149297810, 2, 1;
L_0x149298cc0 .part L_0x1492978a0, 1, 1;
L_0x149298f90 .part L_0x149297810, 2, 1;
L_0x149299030 .part L_0x149297810, 1, 1;
L_0x1492992c0 .part L_0x1492978a0, 0, 1;
L_0x149299580 .part L_0x149297810, 2, 1;
L_0x1492996b0 .part L_0x149297810, 1, 1;
L_0x149299790 .part L_0x149297810, 0, 1;
L_0x1492999f0 .part L_0x149298990, 0, 1;
L_0x149299d30 .part L_0x1492978a0, 3, 1;
L_0x149299830 .part L_0x149297810, 3, 1;
L_0x149299ed0 .part L_0x1492978a0, 2, 1;
L_0x149299c90 .part L_0x149297810, 3, 1;
L_0x14929a210 .part L_0x149297810, 2, 1;
L_0x14929a410 .part L_0x1492978a0, 1, 1;
L_0x14929a6d0 .part L_0x149297810, 3, 1;
L_0x14929a850 .part L_0x149297810, 2, 1;
L_0x149299110 .part L_0x149297810, 1, 1;
L_0x14929a770 .part L_0x1492978a0, 0, 1;
L_0x14929aef0 .part L_0x149297810, 3, 1;
L_0x14929b090 .part L_0x149297810, 2, 1;
L_0x14929b220 .part L_0x149297810, 1, 1;
L_0x14929afd0 .part L_0x149297810, 0, 1;
L_0x14929b5c0 .part L_0x149298990, 0, 1;
S_0x14921eca0 .scope module, "n4" "cla_4" 6 17, 7 3 0, S_0x149214d00;
 .timescale -9 -11;
    .port_info 0 /INPUT 4 "a";
    .port_info 1 /INPUT 4 "b";
    .port_info 2 /INPUT 1 "cin";
    .port_info 3 /OUTPUT 4 "sum";
    .port_info 4 /OUTPUT 1 "cout";
L_0x14929b9d0 .functor XOR 4, L_0x14929f9f0, L_0x14929fa90, C4<0000>, C4<0000>;
L_0x14929ba40 .functor AND 4, L_0x14929f9f0, L_0x14929fa90, C4<1111>, C4<1111>;
L_0x14929bb30 .functor BUFZ 1, L_0x14929b2c0, C4<0>, C4<0>, C4<0>;
L_0x14929bea0 .functor AND 1, L_0x14929bd00, L_0x14929bde0, C4<1>, C4<1>;
L_0x14929bfb0 .functor OR 1, L_0x14929bc20, L_0x14929bea0, C4<0>, C4<0>;
L_0x14929c360 .functor AND 1, L_0x14929c170, L_0x14929c240, C4<1>, C4<1>;
L_0x14929c430 .functor OR 1, L_0x14929c0d0, L_0x14929c360, C4<0>, C4<0>;
L_0x14929c720 .functor AND 1, L_0x14929c560, L_0x14929c680, C4<1>, C4<1>;
L_0x14929c940 .functor AND 1, L_0x14929c720, L_0x14929c810, C4<1>, C4<1>;
L_0x14929ca40 .functor OR 1, L_0x14929c430, L_0x14929c940, C4<0>, C4<0>;
L_0x14929cf30 .functor AND 1, L_0x14929cd80, L_0x14929ce20, C4<1>, C4<1>;
L_0x14929d040 .functor OR 1, L_0x14929cc80, L_0x14929cf30, C4<0>, C4<0>;
L_0x14929cec0 .functor AND 1, L_0x14929d0f0, L_0x14929d190, C4<1>, C4<1>;
L_0x14929d4c0 .functor AND 1, L_0x14929cec0, L_0x14929d420, C4<1>, C4<1>;
L_0x14929d570 .functor OR 1, L_0x14929d040, L_0x14929d4c0, C4<0>, C4<0>;
L_0x14929d3b0 .functor AND 1, L_0x14929d6e0, L_0x14929d810, C4<1>, C4<1>;
L_0x14929da30 .functor AND 1, L_0x14929d3b0, L_0x14929d8f0, C4<1>, C4<1>;
L_0x14929dbf0 .functor AND 1, L_0x14929da30, L_0x14929db50, C4<1>, C4<1>;
L_0x14929dcc0 .functor OR 1, L_0x14929d570, L_0x14929dbf0, C4<0>, C4<0>;
L_0x14929c2e0 .functor AND 1, L_0x14929d990, L_0x14929e030, C4<1>, C4<1>;
L_0x14929e1d0 .functor OR 1, L_0x14929de90, L_0x14929c2e0, C4<0>, C4<0>;
L_0x14929e4e0 .functor AND 1, L_0x14929ddf0, L_0x14929e370, C4<1>, C4<1>;
L_0x14929e610 .functor AND 1, L_0x14929e4e0, L_0x14929e570, C4<1>, C4<1>;
L_0x14929e7c0 .functor OR 1, L_0x14929e1d0, L_0x14929e610, C4<0>, C4<0>;
L_0x14929e410 .functor AND 1, L_0x14929e830, L_0x14929e9b0, C4<1>, C4<1>;
L_0x14929e700 .functor AND 1, L_0x14929e410, L_0x14929d270, C4<1>, C4<1>;
L_0x14929ee10 .functor AND 1, L_0x14929e700, L_0x14929e8d0, C4<1>, C4<1>;
L_0x14929efe0 .functor OR 1, L_0x14929e7c0, L_0x14929ee10, C4<0>, C4<0>;
L_0x14929ecd0 .functor AND 1, L_0x14929f050, L_0x14929f1f0, C4<1>, C4<1>;
L_0x14929ef00 .functor AND 1, L_0x14929ecd0, L_0x14929f380, C4<1>, C4<1>;
L_0x14929f530 .functor AND 1, L_0x14929ef00, L_0x14929f130, C4<1>, C4<1>;
L_0x14929f290 .functor AND 1, L_0x14929f530, L_0x14929f720, C4<1>, C4<1>;
L_0x14929f420 .functor OR 1, L_0x14929efe0, L_0x14929f290, C4<0>, C4<0>;
L_0x14929f620 .functor XOR 4, L_0x14929b9d0, L_0x14929caf0, C4<0000>, C4<0000>;
v0x14921eee0_0 .net "G", 3 0, L_0x14929ba40;  1 drivers
v0x14921efa0_0 .net "P", 3 0, L_0x14929b9d0;  1 drivers
v0x14921f050_0 .net *"_ivl_102", 0 0, L_0x14929e570;  1 drivers
v0x14921f110_0 .net *"_ivl_103", 0 0, L_0x14929e610;  1 drivers
v0x14921f1c0_0 .net *"_ivl_105", 0 0, L_0x14929e7c0;  1 drivers
v0x14921f2b0_0 .net *"_ivl_108", 0 0, L_0x14929e830;  1 drivers
v0x14921f360_0 .net *"_ivl_11", 0 0, L_0x14929bc20;  1 drivers
v0x14921f410_0 .net *"_ivl_110", 0 0, L_0x14929e9b0;  1 drivers
v0x14921f4c0_0 .net *"_ivl_111", 0 0, L_0x14929e410;  1 drivers
v0x14921f5d0_0 .net *"_ivl_114", 0 0, L_0x14929d270;  1 drivers
v0x14921f680_0 .net *"_ivl_115", 0 0, L_0x14929e700;  1 drivers
v0x14921f730_0 .net *"_ivl_118", 0 0, L_0x14929e8d0;  1 drivers
v0x14921f7e0_0 .net *"_ivl_119", 0 0, L_0x14929ee10;  1 drivers
v0x14921f890_0 .net *"_ivl_121", 0 0, L_0x14929efe0;  1 drivers
v0x14921f940_0 .net *"_ivl_124", 0 0, L_0x14929f050;  1 drivers
v0x14921f9f0_0 .net *"_ivl_126", 0 0, L_0x14929f1f0;  1 drivers
v0x14921faa0_0 .net *"_ivl_127", 0 0, L_0x14929ecd0;  1 drivers
v0x14921fc30_0 .net *"_ivl_13", 0 0, L_0x14929bd00;  1 drivers
v0x14921fcc0_0 .net *"_ivl_130", 0 0, L_0x14929f380;  1 drivers
v0x14921fd70_0 .net *"_ivl_131", 0 0, L_0x14929ef00;  1 drivers
v0x14921fe20_0 .net *"_ivl_134", 0 0, L_0x14929f130;  1 drivers
v0x14921fed0_0 .net *"_ivl_135", 0 0, L_0x14929f530;  1 drivers
v0x14921ff80_0 .net *"_ivl_138", 0 0, L_0x14929f720;  1 drivers
v0x149220030_0 .net *"_ivl_139", 0 0, L_0x14929f290;  1 drivers
v0x1492200e0_0 .net *"_ivl_15", 0 0, L_0x14929bde0;  1 drivers
v0x149220190_0 .net *"_ivl_16", 0 0, L_0x14929bea0;  1 drivers
v0x149220240_0 .net *"_ivl_18", 0 0, L_0x14929bfb0;  1 drivers
v0x1492202f0_0 .net *"_ivl_23", 0 0, L_0x14929c0d0;  1 drivers
v0x1492203a0_0 .net *"_ivl_25", 0 0, L_0x14929c170;  1 drivers
v0x149220450_0 .net *"_ivl_27", 0 0, L_0x14929c240;  1 drivers
v0x149220500_0 .net *"_ivl_28", 0 0, L_0x14929c360;  1 drivers
v0x1492205b0_0 .net *"_ivl_30", 0 0, L_0x14929c430;  1 drivers
v0x149220660_0 .net *"_ivl_33", 0 0, L_0x14929c560;  1 drivers
v0x14921fb50_0 .net *"_ivl_35", 0 0, L_0x14929c680;  1 drivers
v0x1492208f0_0 .net *"_ivl_36", 0 0, L_0x14929c720;  1 drivers
v0x149220980_0 .net *"_ivl_39", 0 0, L_0x14929c810;  1 drivers
v0x149220a20_0 .net *"_ivl_40", 0 0, L_0x14929c940;  1 drivers
v0x149220ad0_0 .net *"_ivl_42", 0 0, L_0x14929ca40;  1 drivers
v0x149220b80_0 .net *"_ivl_48", 0 0, L_0x14929cc80;  1 drivers
v0x149220c30_0 .net *"_ivl_50", 0 0, L_0x14929cd80;  1 drivers
v0x149220ce0_0 .net *"_ivl_52", 0 0, L_0x14929ce20;  1 drivers
v0x149220d90_0 .net *"_ivl_53", 0 0, L_0x14929cf30;  1 drivers
v0x149220e40_0 .net *"_ivl_55", 0 0, L_0x14929d040;  1 drivers
v0x149220ef0_0 .net *"_ivl_58", 0 0, L_0x14929d0f0;  1 drivers
v0x149220fa0_0 .net *"_ivl_60", 0 0, L_0x14929d190;  1 drivers
v0x149221050_0 .net *"_ivl_61", 0 0, L_0x14929cec0;  1 drivers
v0x149221100_0 .net *"_ivl_64", 0 0, L_0x14929d420;  1 drivers
v0x1492211b0_0 .net *"_ivl_65", 0 0, L_0x14929d4c0;  1 drivers
v0x149221260_0 .net *"_ivl_67", 0 0, L_0x14929d570;  1 drivers
v0x149221310_0 .net *"_ivl_7", 0 0, L_0x14929bb30;  1 drivers
v0x1492213c0_0 .net *"_ivl_70", 0 0, L_0x14929d6e0;  1 drivers
v0x149221470_0 .net *"_ivl_72", 0 0, L_0x14929d810;  1 drivers
v0x149221520_0 .net *"_ivl_73", 0 0, L_0x14929d3b0;  1 drivers
v0x1492215d0_0 .net *"_ivl_76", 0 0, L_0x14929d8f0;  1 drivers
v0x149221680_0 .net *"_ivl_77", 0 0, L_0x14929da30;  1 drivers
v0x149221730_0 .net *"_ivl_80", 0 0, L_0x14929db50;  1 drivers
v0x1492217e0_0 .net *"_ivl_81", 0 0, L_0x14929dbf0;  1 drivers
v0x149221890_0 .net *"_ivl_83", 0 0, L_0x14929dcc0;  1 drivers
v0x149221940_0 .net *"_ivl_86", 0 0, L_0x14929de90;  1 drivers
v0x1492219f0_0 .net *"_ivl_88", 0 0, L_0x14929d990;  1 drivers
v0x149221aa0_0 .net *"_ivl_90", 0 0, L_0x14929e030;  1 drivers
v0x149221b50_0 .net *"_ivl_91", 0 0, L_0x14929c2e0;  1 drivers
v0x149221c00_0 .net *"_ivl_93", 0 0, L_0x14929e1d0;  1 drivers
v0x149221cb0_0 .net *"_ivl_96", 0 0, L_0x14929ddf0;  1 drivers
v0x149221d60_0 .net *"_ivl_98", 0 0, L_0x14929e370;  1 drivers
v0x149220710_0 .net *"_ivl_99", 0 0, L_0x14929e4e0;  1 drivers
v0x1492207c0_0 .net "a", 3 0, L_0x14929f9f0;  1 drivers
v0x149221df0_0 .net "b", 3 0, L_0x14929fa90;  1 drivers
v0x149221e80_0 .net "c", 3 0, L_0x14929caf0;  1 drivers
v0x149221f10_0 .net "cin", 0 0, L_0x14929b2c0;  alias, 1 drivers
v0x149221fa0_0 .net8 "cout", 0 0, RS_0x140057f90;  alias, 3 drivers
v0x149222030_0 .net "sum", 3 0, L_0x14929f620;  1 drivers
L_0x14929bc20 .part L_0x14929ba40, 0, 1;
L_0x14929bd00 .part L_0x14929b9d0, 0, 1;
L_0x14929bde0 .part L_0x14929caf0, 0, 1;
L_0x14929c0d0 .part L_0x14929ba40, 1, 1;
L_0x14929c170 .part L_0x14929b9d0, 1, 1;
L_0x14929c240 .part L_0x14929ba40, 0, 1;
L_0x14929c560 .part L_0x14929b9d0, 1, 1;
L_0x14929c680 .part L_0x14929b9d0, 0, 1;
L_0x14929c810 .part L_0x14929caf0, 0, 1;
L_0x14929caf0 .concat8 [ 1 1 1 1], L_0x14929bb30, L_0x14929bfb0, L_0x14929ca40, L_0x14929dcc0;
L_0x14929cc80 .part L_0x14929ba40, 2, 1;
L_0x14929cd80 .part L_0x14929b9d0, 2, 1;
L_0x14929ce20 .part L_0x14929ba40, 1, 1;
L_0x14929d0f0 .part L_0x14929b9d0, 2, 1;
L_0x14929d190 .part L_0x14929b9d0, 1, 1;
L_0x14929d420 .part L_0x14929ba40, 0, 1;
L_0x14929d6e0 .part L_0x14929b9d0, 2, 1;
L_0x14929d810 .part L_0x14929b9d0, 1, 1;
L_0x14929d8f0 .part L_0x14929b9d0, 0, 1;
L_0x14929db50 .part L_0x14929caf0, 0, 1;
L_0x14929de90 .part L_0x14929ba40, 3, 1;
L_0x14929d990 .part L_0x14929b9d0, 3, 1;
L_0x14929e030 .part L_0x14929ba40, 2, 1;
L_0x14929ddf0 .part L_0x14929b9d0, 3, 1;
L_0x14929e370 .part L_0x14929b9d0, 2, 1;
L_0x14929e570 .part L_0x14929ba40, 1, 1;
L_0x14929e830 .part L_0x14929b9d0, 3, 1;
L_0x14929e9b0 .part L_0x14929b9d0, 2, 1;
L_0x14929d270 .part L_0x14929b9d0, 1, 1;
L_0x14929e8d0 .part L_0x14929ba40, 0, 1;
L_0x14929f050 .part L_0x14929b9d0, 3, 1;
L_0x14929f1f0 .part L_0x14929b9d0, 2, 1;
L_0x14929f380 .part L_0x14929b9d0, 1, 1;
L_0x14929f130 .part L_0x14929b9d0, 0, 1;
L_0x14929f720 .part L_0x14929caf0, 0, 1;
S_0x149222b80 .scope module, "ROL" "rol" 5 90, 14 1 0, S_0x13ff69600;
 .timescale -9 -11;
    .port_info 0 /INPUT 32 "a";
    .port_info 1 /INPUT 32 "b";
    .port_info 2 /OUTPUT 32 "data_out";
P_0x149205b00 .param/l "DATA_WIDTH" 0 14 1, +C4<00000000000000000000000000100000>;
L_0x1492c2790 .functor OR 32, L_0x1492c2340, L_0x1492c2680, C4<00000000000000000000000000000000>, C4<00000000000000000000000000000000>;
v0x149222ed0_0 .net *"_ivl_10", 31 0, L_0x1492c2540;  1 drivers
v0x149222f80_0 .net *"_ivl_12", 31 0, L_0x1492c2680;  1 drivers
v0x149223020_0 .net *"_ivl_2", 31 0, L_0x1492c2340;  1 drivers
L_0x140088250 .functor BUFT 1, C4<00000000000000000000000000100000>, C4<0>, C4<0>, C4<0>;
v0x1492230b0_0 .net/2u *"_ivl_4", 31 0, L_0x140088250;  1 drivers
v0x149223140_0 .net *"_ivl_6", 31 0, L_0x1492c24a0;  1 drivers
L_0x140088298 .functor BUFT 1, C4<000000000000000000000000000>, C4<0>, C4<0>, C4<0>;
v0x149223210_0 .net *"_ivl_9", 26 0, L_0x140088298;  1 drivers
v0x1492232c0_0 .net "a", 31 0, v0x149256c70_0;  alias, 1 drivers
v0x149223360_0 .net "b", 31 0, v0x149244d70_0;  alias, 1 drivers
v0x149223500_0 .net "count", 4 0, L_0x1492c22a0;  1 drivers
v0x149223590_0 .net "data_out", 31 0, L_0x1492c2790;  alias, 1 drivers
L_0x1492c22a0 .part v0x149244d70_0, 0, 5;
L_0x1492c2340 .shift/l 32, v0x149256c70_0, L_0x1492c22a0;
L_0x1492c24a0 .concat [ 5 27 0 0], L_0x1492c22a0, L_0x140088298;
L_0x1492c2540 .arith/sub 32, L_0x140088250, L_0x1492c24a0;
L_0x1492c2680 .shift/r 32, v0x149256c70_0, L_0x1492c2540;
S_0x149223690 .scope module, "ROR" "ror" 5 84, 15 1 0, S_0x13ff69600;
 .timescale -9 -11;
    .port_info 0 /INPUT 32 "a";
    .port_info 1 /INPUT 32 "b";
    .port_info 2 /OUTPUT 32 "data_out";
P_0x1492231d0 .param/l "DATA_WIDTH" 0 15 1, +C4<00000000000000000000000000100000>;
L_0x1492c2170 .functor OR 32, L_0x1492c1d60, L_0x1492c2060, C4<00000000000000000000000000000000>, C4<00000000000000000000000000000000>;
v0x149223980_0 .net *"_ivl_10", 31 0, L_0x1492c1f20;  1 drivers
v0x149223a40_0 .net *"_ivl_12", 31 0, L_0x1492c2060;  1 drivers
v0x149223ae0_0 .net *"_ivl_2", 31 0, L_0x1492c1d60;  1 drivers
L_0x1400881c0 .functor BUFT 1, C4<00000000000000000000000000100000>, C4<0>, C4<0>, C4<0>;
v0x149223b70_0 .net/2u *"_ivl_4", 31 0, L_0x1400881c0;  1 drivers
v0x149223c00_0 .net *"_ivl_6", 31 0, L_0x1492c1e40;  1 drivers
L_0x140088208 .functor BUFT 1, C4<000000000000000000000000000>, C4<0>, C4<0>, C4<0>;
v0x149223cd0_0 .net *"_ivl_9", 26 0, L_0x140088208;  1 drivers
v0x149223d80_0 .net "a", 31 0, v0x149256c70_0;  alias, 1 drivers
v0x149223e20_0 .net "b", 31 0, v0x149244d70_0;  alias, 1 drivers
v0x149223ec0_0 .net "count", 4 0, L_0x1492c1cc0;  1 drivers
v0x149223fd0_0 .net "data_out", 31 0, L_0x1492c2170;  alias, 1 drivers
L_0x1492c1cc0 .part v0x149244d70_0, 0, 5;
L_0x1492c1d60 .shift/r 32, v0x149256c70_0, L_0x1492c1cc0;
L_0x1492c1e40 .concat [ 5 27 0 0], L_0x1492c1cc0, L_0x140088208;
L_0x1492c1f20 .arith/sub 32, L_0x1400881c0, L_0x1492c1e40;
L_0x1492c2060 .shift/l 32, v0x149256c70_0, L_0x1492c1f20;
S_0x1492240d0 .scope module, "SHL" "shl" 5 78, 16 1 0, S_0x13ff69600;
 .timescale -9 -11;
    .port_info 0 /INPUT 32 "a";
    .port_info 1 /INPUT 32 "b";
    .port_info 2 /OUTPUT 32 "data_out";
P_0x149223c90 .param/l "DATA_WIDTH" 0 16 1, +C4<00000000000000000000000000100000>;
v0x1492243c0_0 .net "a", 31 0, v0x149256c70_0;  alias, 1 drivers
v0x149224470_0 .net "b", 31 0, v0x149244d70_0;  alias, 1 drivers
v0x149224510_0 .net "count", 4 0, L_0x1492c1b40;  1 drivers
v0x1492245a0_0 .net "data_out", 31 0, L_0x1492c1be0;  alias, 1 drivers
L_0x1492c1b40 .part v0x149244d70_0, 0, 5;
L_0x1492c1be0 .shift/l 32, v0x149256c70_0, L_0x1492c1b40;
S_0x149224650 .scope module, "SHR" "shr" 5 66, 17 1 0, S_0x13ff69600;
 .timescale -9 -11;
    .port_info 0 /INPUT 32 "a";
    .port_info 1 /INPUT 32 "b";
    .port_info 2 /OUTPUT 32 "data_out";
P_0x149224810 .param/l "DATA_WIDTH" 0 17 1, +C4<00000000000000000000000000100000>;
v0x149224980_0 .net "a", 31 0, v0x149256c70_0;  alias, 1 drivers
v0x149224b30_0 .net "b", 31 0, v0x149244d70_0;  alias, 1 drivers
v0x149224bc0_0 .net "count", 4 0, L_0x1492c17c0;  1 drivers
v0x149224c50_0 .net "data_out", 31 0, L_0x1492c1860;  alias, 1 drivers
L_0x1492c17c0 .part v0x149244d70_0, 0, 5;
L_0x1492c1860 .shift/r 32, v0x149256c70_0, L_0x1492c17c0;
S_0x149224ce0 .scope module, "SHRA" "shra" 5 72, 18 1 0, S_0x13ff69600;
 .timescale -9 -11;
    .port_info 0 /INPUT 32 "a";
    .port_info 1 /INPUT 32 "b";
    .port_info 2 /OUTPUT 32 "data_out";
P_0x149224e50 .param/l "DATA_WIDTH" 0 18 1, +C4<00000000000000000000000000100000>;
v0x149224fc0_0 .net/s "a", 31 0, v0x149256c70_0;  alias, 1 drivers
v0x149225070_0 .net "b", 31 0, v0x149244d70_0;  alias, 1 drivers
v0x149225110_0 .net "count", 4 0, L_0x1492c1980;  1 drivers
v0x1492251a0_0 .net "data_out", 31 0, L_0x1492c1a20;  alias, 1 drivers
L_0x1492c1980 .part v0x149244d70_0, 0, 5;
L_0x1492c1a20 .shift/rs 32, v0x149256c70_0, L_0x1492c1980;
S_0x149225250 .scope module, "SUB" "subtract" 5 33, 19 1 0, S_0x13ff69600;
 .timescale -9 -11;
    .port_info 0 /INPUT 32 "a";
    .port_info 1 /INPUT 32 "b";
    .port_info 2 /INPUT 1 "cin";
    .port_info 3 /OUTPUT 32 "sum";
    .port_info 4 /OUTPUT 1 "cout";
P_0x149225410 .param/l "DATA_WIDTH" 0 19 1, +C4<00000000000000000000000000100000>;
L_0x1492a00b0 .functor NOT 32, v0x149244d70_0, C4<00000000000000000000000000000000>, C4<00000000000000000000000000000000>, C4<00000000000000000000000000000000>;
v0x149241100_0 .net *"_ivl_0", 31 0, L_0x1492a00b0;  1 drivers
L_0x140088130 .functor BUFT 1, C4<00000000000000000000000000000001>, C4<0>, C4<0>, C4<0>;
v0x1492411a0_0 .net/2u *"_ivl_2", 31 0, L_0x140088130;  1 drivers
v0x149241240_0 .net "a", 31 0, v0x149256c70_0;  alias, 1 drivers
v0x1492412d0_0 .net "b", 31 0, v0x149244d70_0;  alias, 1 drivers
L_0x140088178 .functor BUFT 1, C4<0>, C4<0>, C4<0>, C4<0>;
v0x149241370_0 .net "cin", 0 0, L_0x140088178;  1 drivers
v0x149241440_0 .net8 "cout", 0 0, RS_0x140057f90;  alias, 3 drivers
v0x1492414d0_0 .net "negative_b", 31 0, L_0x1492a0120;  1 drivers
v0x149241570_0 .net "sum", 31 0, L_0x1492c1590;  alias, 1 drivers
L_0x1492a0120 .arith/sum 32, L_0x1492a00b0, L_0x140088130;
S_0x149225540 .scope module, "n1" "collective_add" 19 12, 6 22 0, S_0x149225250;
 .timescale -9 -11;
    .port_info 0 /INPUT 32 "d1";
    .port_info 1 /INPUT 32 "d2";
    .port_info 2 /INPUT 1 "cin";
    .port_info 3 /OUTPUT 32 "sum";
    .port_info 4 /OUTPUT 1 "cout";
P_0x149225710 .param/l "DATA_WIDTH" 0 6 22, +C4<00000000000000000000000000100000>;
v0x149240be0_0 .net "c1", 0 0, L_0x1492b0130;  1 drivers
v0x149240cf0_0 .net "cin", 0 0, L_0x140088178;  alias, 1 drivers
v0x149240d80_0 .net8 "cout", 0 0, RS_0x140057f90;  alias, 3 drivers
v0x149240f10_0 .net "d1", 31 0, v0x149256c70_0;  alias, 1 drivers
v0x149240fa0_0 .net "d2", 31 0, L_0x1492a0120;  alias, 1 drivers
v0x149241070_0 .net "sum", 31 0, L_0x1492c1590;  alias, 1 drivers
L_0x1492b0a70 .part v0x149256c70_0, 0, 16;
L_0x1492b0b10 .part L_0x1492a0120, 0, 16;
L_0x1492c13d0 .part v0x149256c70_0, 16, 16;
L_0x1492c1470 .part L_0x1492a0120, 16, 16;
L_0x1492c1590 .concat8 [ 16 16 0 0], L_0x1492b08c0, L_0x1492c1220;
S_0x149225860 .scope module, "n1" "cla16" 6 32, 6 4 0, S_0x149225540;
 .timescale -9 -11;
    .port_info 0 /INPUT 16 "d1";
    .port_info 1 /INPUT 16 "d2";
    .port_info 2 /INPUT 1 "cin";
    .port_info 3 /OUTPUT 16 "sum";
    .port_info 4 /OUTPUT 1 "cout";
P_0x149225a30 .param/l "DATA_WIDTH" 0 6 4, +C4<00000000000000000000000000100000>;
v0x149232c50_0 .net "c1", 0 0, L_0x1492a3c60;  1 drivers
v0x149232d30_0 .net "c2", 0 0, L_0x1492a7df0;  1 drivers
v0x149232e00_0 .net "c3", 0 0, L_0x1492abfb0;  1 drivers
v0x149232ed0_0 .net "cin", 0 0, L_0x140088178;  alias, 1 drivers
v0x149232f60_0 .net "cout", 0 0, L_0x1492b0130;  alias, 1 drivers
v0x149233030_0 .net "d1", 15 0, L_0x1492b0a70;  1 drivers
v0x1492330c0_0 .net "d2", 15 0, L_0x1492b0b10;  1 drivers
v0x149233150_0 .net "sum", 15 0, L_0x1492b08c0;  1 drivers
L_0x1492a4230 .part L_0x1492b0a70, 0, 4;
L_0x1492a42d0 .part L_0x1492b0b10, 0, 4;
L_0x1492a83c0 .part L_0x1492b0a70, 4, 4;
L_0x1492a8460 .part L_0x1492b0b10, 4, 4;
L_0x1492ac580 .part L_0x1492b0a70, 8, 4;
L_0x1492ac620 .part L_0x1492b0b10, 8, 4;
L_0x1492b0700 .part L_0x1492b0a70, 12, 4;
L_0x1492b07a0 .part L_0x1492b0b10, 12, 4;
L_0x1492b08c0 .concat8 [ 4 4 4 4], L_0x1492a3e60, L_0x1492a7ff0, L_0x1492ac1b0, L_0x1492b0330;
S_0x149225b80 .scope module, "n1" "cla_4" 6 14, 7 3 0, S_0x149225860;
 .timescale -9 -11;
    .port_info 0 /INPUT 4 "a";
    .port_info 1 /INPUT 4 "b";
    .port_info 2 /INPUT 1 "cin";
    .port_info 3 /OUTPUT 4 "sum";
    .port_info 4 /OUTPUT 1 "cout";
L_0x1492a02a0 .functor XOR 4, L_0x1492a4230, L_0x1492a42d0, C4<0000>, C4<0000>;
L_0x1492a0310 .functor AND 4, L_0x1492a4230, L_0x1492a42d0, C4<1111>, C4<1111>;
L_0x1492a0400 .functor BUFZ 1, L_0x140088178, C4<0>, C4<0>, C4<0>;
L_0x1492a0710 .functor AND 1, L_0x1492a0590, L_0x1492a0670, C4<1>, C4<1>;
L_0x1492a0800 .functor OR 1, L_0x1492a04f0, L_0x1492a0710, C4<0>, C4<0>;
L_0x1492a0b80 .functor AND 1, L_0x1492a09c0, L_0x1492a0a60, C4<1>, C4<1>;
L_0x1492a0c70 .functor OR 1, L_0x1492a0920, L_0x1492a0b80, C4<0>, C4<0>;
L_0x1492a0f60 .functor AND 1, L_0x1492a0da0, L_0x1492a0ec0, C4<1>, C4<1>;
L_0x1492a1180 .functor AND 1, L_0x1492a0f60, L_0x1492a1050, C4<1>, C4<1>;
L_0x1492a1280 .functor OR 1, L_0x1492a0c70, L_0x1492a1180, C4<0>, C4<0>;
L_0x1492a1770 .functor AND 1, L_0x1492a15c0, L_0x1492a1660, C4<1>, C4<1>;
L_0x1492a1880 .functor OR 1, L_0x1492a14c0, L_0x1492a1770, C4<0>, C4<0>;
L_0x1492a1700 .functor AND 1, L_0x1492a1930, L_0x1492a19d0, C4<1>, C4<1>;
L_0x1492a1d00 .functor AND 1, L_0x1492a1700, L_0x1492a1c60, C4<1>, C4<1>;
L_0x1492a1db0 .functor OR 1, L_0x1492a1880, L_0x1492a1d00, C4<0>, C4<0>;
L_0x1492a1bf0 .functor AND 1, L_0x1492a1f20, L_0x1492a2050, C4<1>, C4<1>;
L_0x1492a2270 .functor AND 1, L_0x1492a1bf0, L_0x1492a2130, C4<1>, C4<1>;
L_0x1492a2430 .functor AND 1, L_0x1492a2270, L_0x1492a2390, C4<1>, C4<1>;
L_0x1492a2500 .functor OR 1, L_0x1492a1db0, L_0x1492a2430, C4<0>, C4<0>;
L_0x1492a0b00 .functor AND 1, L_0x1492a21d0, L_0x1492a2870, C4<1>, C4<1>;
L_0x1492a2a10 .functor OR 1, L_0x1492a26d0, L_0x1492a0b00, C4<0>, C4<0>;
L_0x1492a2d20 .functor AND 1, L_0x1492a2630, L_0x1492a2bb0, C4<1>, C4<1>;
L_0x1492a2e50 .functor AND 1, L_0x1492a2d20, L_0x1492a2db0, C4<1>, C4<1>;
L_0x1492a3000 .functor OR 1, L_0x1492a2a10, L_0x1492a2e50, C4<0>, C4<0>;
L_0x1492a2c50 .functor AND 1, L_0x1492a3070, L_0x1492a31f0, C4<1>, C4<1>;
L_0x1492a2f40 .functor AND 1, L_0x1492a2c50, L_0x1492a1ab0, C4<1>, C4<1>;
L_0x1492a3650 .functor AND 1, L_0x1492a2f40, L_0x1492a3110, C4<1>, C4<1>;
L_0x1492a3820 .functor OR 1, L_0x1492a3000, L_0x1492a3650, C4<0>, C4<0>;
L_0x1492a3510 .functor AND 1, L_0x1492a3890, L_0x1492a3a30, C4<1>, C4<1>;
L_0x1492a3740 .functor AND 1, L_0x1492a3510, L_0x1492a3bc0, C4<1>, C4<1>;
L_0x1492a3d70 .functor AND 1, L_0x1492a3740, L_0x1492a3970, C4<1>, C4<1>;
L_0x1492a3ad0 .functor AND 1, L_0x1492a3d70, L_0x1492a3f60, C4<1>, C4<1>;
L_0x1492a3c60 .functor OR 1, L_0x1492a3820, L_0x1492a3ad0, C4<0>, C4<0>;
L_0x1492a3e60 .functor XOR 4, L_0x1492a02a0, L_0x1492a1330, C4<0000>, C4<0000>;
v0x149225e00_0 .net "G", 3 0, L_0x1492a0310;  1 drivers
v0x149225ec0_0 .net "P", 3 0, L_0x1492a02a0;  1 drivers
v0x149225f70_0 .net *"_ivl_102", 0 0, L_0x1492a2db0;  1 drivers
v0x149226030_0 .net *"_ivl_103", 0 0, L_0x1492a2e50;  1 drivers
v0x1492260e0_0 .net *"_ivl_105", 0 0, L_0x1492a3000;  1 drivers
v0x1492261d0_0 .net *"_ivl_108", 0 0, L_0x1492a3070;  1 drivers
v0x149226280_0 .net *"_ivl_11", 0 0, L_0x1492a04f0;  1 drivers
v0x149226330_0 .net *"_ivl_110", 0 0, L_0x1492a31f0;  1 drivers
v0x1492263e0_0 .net *"_ivl_111", 0 0, L_0x1492a2c50;  1 drivers
v0x1492264f0_0 .net *"_ivl_114", 0 0, L_0x1492a1ab0;  1 drivers
v0x1492265a0_0 .net *"_ivl_115", 0 0, L_0x1492a2f40;  1 drivers
v0x149226650_0 .net *"_ivl_118", 0 0, L_0x1492a3110;  1 drivers
v0x149226700_0 .net *"_ivl_119", 0 0, L_0x1492a3650;  1 drivers
v0x1492267b0_0 .net *"_ivl_121", 0 0, L_0x1492a3820;  1 drivers
v0x149226860_0 .net *"_ivl_124", 0 0, L_0x1492a3890;  1 drivers
v0x149226910_0 .net *"_ivl_126", 0 0, L_0x1492a3a30;  1 drivers
v0x1492269c0_0 .net *"_ivl_127", 0 0, L_0x1492a3510;  1 drivers
v0x149226b50_0 .net *"_ivl_13", 0 0, L_0x1492a0590;  1 drivers
v0x149226be0_0 .net *"_ivl_130", 0 0, L_0x1492a3bc0;  1 drivers
v0x149226c90_0 .net *"_ivl_131", 0 0, L_0x1492a3740;  1 drivers
v0x149226d40_0 .net *"_ivl_134", 0 0, L_0x1492a3970;  1 drivers
v0x149226df0_0 .net *"_ivl_135", 0 0, L_0x1492a3d70;  1 drivers
v0x149226ea0_0 .net *"_ivl_138", 0 0, L_0x1492a3f60;  1 drivers
v0x149226f50_0 .net *"_ivl_139", 0 0, L_0x1492a3ad0;  1 drivers
v0x149227000_0 .net *"_ivl_15", 0 0, L_0x1492a0670;  1 drivers
v0x1492270b0_0 .net *"_ivl_16", 0 0, L_0x1492a0710;  1 drivers
v0x149227160_0 .net *"_ivl_18", 0 0, L_0x1492a0800;  1 drivers
v0x149227210_0 .net *"_ivl_23", 0 0, L_0x1492a0920;  1 drivers
v0x1492272c0_0 .net *"_ivl_25", 0 0, L_0x1492a09c0;  1 drivers
v0x149227370_0 .net *"_ivl_27", 0 0, L_0x1492a0a60;  1 drivers
v0x149227420_0 .net *"_ivl_28", 0 0, L_0x1492a0b80;  1 drivers
v0x1492274d0_0 .net *"_ivl_30", 0 0, L_0x1492a0c70;  1 drivers
v0x149227580_0 .net *"_ivl_33", 0 0, L_0x1492a0da0;  1 drivers
v0x149226a70_0 .net *"_ivl_35", 0 0, L_0x1492a0ec0;  1 drivers
v0x149227810_0 .net *"_ivl_36", 0 0, L_0x1492a0f60;  1 drivers
v0x1492278a0_0 .net *"_ivl_39", 0 0, L_0x1492a1050;  1 drivers
v0x149227940_0 .net *"_ivl_40", 0 0, L_0x1492a1180;  1 drivers
v0x1492279f0_0 .net *"_ivl_42", 0 0, L_0x1492a1280;  1 drivers
v0x149227aa0_0 .net *"_ivl_48", 0 0, L_0x1492a14c0;  1 drivers
v0x149227b50_0 .net *"_ivl_50", 0 0, L_0x1492a15c0;  1 drivers
v0x149227c00_0 .net *"_ivl_52", 0 0, L_0x1492a1660;  1 drivers
v0x149227cb0_0 .net *"_ivl_53", 0 0, L_0x1492a1770;  1 drivers
v0x149227d60_0 .net *"_ivl_55", 0 0, L_0x1492a1880;  1 drivers
v0x149227e10_0 .net *"_ivl_58", 0 0, L_0x1492a1930;  1 drivers
v0x149227ec0_0 .net *"_ivl_60", 0 0, L_0x1492a19d0;  1 drivers
v0x149227f70_0 .net *"_ivl_61", 0 0, L_0x1492a1700;  1 drivers
v0x149228020_0 .net *"_ivl_64", 0 0, L_0x1492a1c60;  1 drivers
v0x1492280d0_0 .net *"_ivl_65", 0 0, L_0x1492a1d00;  1 drivers
v0x149228180_0 .net *"_ivl_67", 0 0, L_0x1492a1db0;  1 drivers
v0x149228230_0 .net *"_ivl_7", 0 0, L_0x1492a0400;  1 drivers
v0x1492282e0_0 .net *"_ivl_70", 0 0, L_0x1492a1f20;  1 drivers
v0x149228390_0 .net *"_ivl_72", 0 0, L_0x1492a2050;  1 drivers
v0x149228440_0 .net *"_ivl_73", 0 0, L_0x1492a1bf0;  1 drivers
v0x1492284f0_0 .net *"_ivl_76", 0 0, L_0x1492a2130;  1 drivers
v0x1492285a0_0 .net *"_ivl_77", 0 0, L_0x1492a2270;  1 drivers
v0x149228650_0 .net *"_ivl_80", 0 0, L_0x1492a2390;  1 drivers
v0x149228700_0 .net *"_ivl_81", 0 0, L_0x1492a2430;  1 drivers
v0x1492287b0_0 .net *"_ivl_83", 0 0, L_0x1492a2500;  1 drivers
v0x149228860_0 .net *"_ivl_86", 0 0, L_0x1492a26d0;  1 drivers
v0x149228910_0 .net *"_ivl_88", 0 0, L_0x1492a21d0;  1 drivers
v0x1492289c0_0 .net *"_ivl_90", 0 0, L_0x1492a2870;  1 drivers
v0x149228a70_0 .net *"_ivl_91", 0 0, L_0x1492a0b00;  1 drivers
v0x149228b20_0 .net *"_ivl_93", 0 0, L_0x1492a2a10;  1 drivers
v0x149228bd0_0 .net *"_ivl_96", 0 0, L_0x1492a2630;  1 drivers
v0x149228c80_0 .net *"_ivl_98", 0 0, L_0x1492a2bb0;  1 drivers
v0x149227630_0 .net *"_ivl_99", 0 0, L_0x1492a2d20;  1 drivers
v0x1492276e0_0 .net "a", 3 0, L_0x1492a4230;  1 drivers
v0x149228d10_0 .net "b", 3 0, L_0x1492a42d0;  1 drivers
v0x149228da0_0 .net "c", 3 0, L_0x1492a1330;  1 drivers
v0x149228e30_0 .net "cin", 0 0, L_0x140088178;  alias, 1 drivers
v0x149228ec0_0 .net "cout", 0 0, L_0x1492a3c60;  alias, 1 drivers
v0x149228f50_0 .net "sum", 3 0, L_0x1492a3e60;  1 drivers
L_0x1492a04f0 .part L_0x1492a0310, 0, 1;
L_0x1492a0590 .part L_0x1492a02a0, 0, 1;
L_0x1492a0670 .part L_0x1492a1330, 0, 1;
L_0x1492a0920 .part L_0x1492a0310, 1, 1;
L_0x1492a09c0 .part L_0x1492a02a0, 1, 1;
L_0x1492a0a60 .part L_0x1492a0310, 0, 1;
L_0x1492a0da0 .part L_0x1492a02a0, 1, 1;
L_0x1492a0ec0 .part L_0x1492a02a0, 0, 1;
L_0x1492a1050 .part L_0x1492a1330, 0, 1;
L_0x1492a1330 .concat8 [ 1 1 1 1], L_0x1492a0400, L_0x1492a0800, L_0x1492a1280, L_0x1492a2500;
L_0x1492a14c0 .part L_0x1492a0310, 2, 1;
L_0x1492a15c0 .part L_0x1492a02a0, 2, 1;
L_0x1492a1660 .part L_0x1492a0310, 1, 1;
L_0x1492a1930 .part L_0x1492a02a0, 2, 1;
L_0x1492a19d0 .part L_0x1492a02a0, 1, 1;
L_0x1492a1c60 .part L_0x1492a0310, 0, 1;
L_0x1492a1f20 .part L_0x1492a02a0, 2, 1;
L_0x1492a2050 .part L_0x1492a02a0, 1, 1;
L_0x1492a2130 .part L_0x1492a02a0, 0, 1;
L_0x1492a2390 .part L_0x1492a1330, 0, 1;
L_0x1492a26d0 .part L_0x1492a0310, 3, 1;
L_0x1492a21d0 .part L_0x1492a02a0, 3, 1;
L_0x1492a2870 .part L_0x1492a0310, 2, 1;
L_0x1492a2630 .part L_0x1492a02a0, 3, 1;
L_0x1492a2bb0 .part L_0x1492a02a0, 2, 1;
L_0x1492a2db0 .part L_0x1492a0310, 1, 1;
L_0x1492a3070 .part L_0x1492a02a0, 3, 1;
L_0x1492a31f0 .part L_0x1492a02a0, 2, 1;
L_0x1492a1ab0 .part L_0x1492a02a0, 1, 1;
L_0x1492a3110 .part L_0x1492a0310, 0, 1;
L_0x1492a3890 .part L_0x1492a02a0, 3, 1;
L_0x1492a3a30 .part L_0x1492a02a0, 2, 1;
L_0x1492a3bc0 .part L_0x1492a02a0, 1, 1;
L_0x1492a3970 .part L_0x1492a02a0, 0, 1;
L_0x1492a3f60 .part L_0x1492a1330, 0, 1;
S_0x149229060 .scope module, "n2" "cla_4" 6 15, 7 3 0, S_0x149225860;
 .timescale -9 -11;
    .port_info 0 /INPUT 4 "a";
    .port_info 1 /INPUT 4 "b";
    .port_info 2 /INPUT 1 "cin";
    .port_info 3 /OUTPUT 4 "sum";
    .port_info 4 /OUTPUT 1 "cout";
L_0x1492a3ed0 .functor XOR 4, L_0x1492a83c0, L_0x1492a8460, C4<0000>, C4<0000>;
L_0x1492a43d0 .functor AND 4, L_0x1492a83c0, L_0x1492a8460, C4<1111>, C4<1111>;
L_0x1492a4500 .functor BUFZ 1, L_0x1492a3c60, C4<0>, C4<0>, C4<0>;
L_0x1492a4870 .functor AND 1, L_0x1492a46d0, L_0x1492a47b0, C4<1>, C4<1>;
L_0x1492a4980 .functor OR 1, L_0x1492a45f0, L_0x1492a4870, C4<0>, C4<0>;
L_0x1492a4d30 .functor AND 1, L_0x1492a4b40, L_0x1492a4c10, C4<1>, C4<1>;
L_0x1492a4e00 .functor OR 1, L_0x1492a4aa0, L_0x1492a4d30, C4<0>, C4<0>;
L_0x1492a50f0 .functor AND 1, L_0x1492a4f30, L_0x1492a5050, C4<1>, C4<1>;
L_0x1492a5310 .functor AND 1, L_0x1492a50f0, L_0x1492a51e0, C4<1>, C4<1>;
L_0x1492a5410 .functor OR 1, L_0x1492a4e00, L_0x1492a5310, C4<0>, C4<0>;
L_0x1492a5900 .functor AND 1, L_0x1492a5750, L_0x1492a57f0, C4<1>, C4<1>;
L_0x1492a5a10 .functor OR 1, L_0x1492a5650, L_0x1492a5900, C4<0>, C4<0>;
L_0x1492a5890 .functor AND 1, L_0x1492a5ac0, L_0x1492a5b60, C4<1>, C4<1>;
L_0x1492a5e90 .functor AND 1, L_0x1492a5890, L_0x1492a5df0, C4<1>, C4<1>;
L_0x1492a5f40 .functor OR 1, L_0x1492a5a10, L_0x1492a5e90, C4<0>, C4<0>;
L_0x1492a5d80 .functor AND 1, L_0x1492a60b0, L_0x1492a61e0, C4<1>, C4<1>;
L_0x1492a6400 .functor AND 1, L_0x1492a5d80, L_0x1492a62c0, C4<1>, C4<1>;
L_0x1492a65c0 .functor AND 1, L_0x1492a6400, L_0x1492a6520, C4<1>, C4<1>;
L_0x1492a6690 .functor OR 1, L_0x1492a5f40, L_0x1492a65c0, C4<0>, C4<0>;
L_0x1492a4cb0 .functor AND 1, L_0x1492a6360, L_0x1492a6a00, C4<1>, C4<1>;
L_0x1492a6ba0 .functor OR 1, L_0x1492a6860, L_0x1492a4cb0, C4<0>, C4<0>;
L_0x1492a6eb0 .functor AND 1, L_0x1492a67c0, L_0x1492a6d40, C4<1>, C4<1>;
L_0x1492a6fe0 .functor AND 1, L_0x1492a6eb0, L_0x1492a6f40, C4<1>, C4<1>;
L_0x1492a7190 .functor OR 1, L_0x1492a6ba0, L_0x1492a6fe0, C4<0>, C4<0>;
L_0x1492a6de0 .functor AND 1, L_0x1492a7200, L_0x1492a7380, C4<1>, C4<1>;
L_0x1492a70d0 .functor AND 1, L_0x1492a6de0, L_0x1492a5c40, C4<1>, C4<1>;
L_0x1492a77e0 .functor AND 1, L_0x1492a70d0, L_0x1492a72a0, C4<1>, C4<1>;
L_0x1492a79b0 .functor OR 1, L_0x1492a7190, L_0x1492a77e0, C4<0>, C4<0>;
L_0x1492a76a0 .functor AND 1, L_0x1492a7a20, L_0x1492a7bc0, C4<1>, C4<1>;
L_0x1492a78d0 .functor AND 1, L_0x1492a76a0, L_0x1492a7d50, C4<1>, C4<1>;
L_0x1492a7f00 .functor AND 1, L_0x1492a78d0, L_0x1492a7b00, C4<1>, C4<1>;
L_0x1492a7c60 .functor AND 1, L_0x1492a7f00, L_0x1492a80f0, C4<1>, C4<1>;
L_0x1492a7df0 .functor OR 1, L_0x1492a79b0, L_0x1492a7c60, C4<0>, C4<0>;
L_0x1492a7ff0 .functor XOR 4, L_0x1492a3ed0, L_0x1492a54c0, C4<0000>, C4<0000>;
v0x149229250_0 .net "G", 3 0, L_0x1492a43d0;  1 drivers
v0x1492292e0_0 .net "P", 3 0, L_0x1492a3ed0;  1 drivers
v0x149229390_0 .net *"_ivl_102", 0 0, L_0x1492a6f40;  1 drivers
v0x149229450_0 .net *"_ivl_103", 0 0, L_0x1492a6fe0;  1 drivers
v0x149229500_0 .net *"_ivl_105", 0 0, L_0x1492a7190;  1 drivers
v0x1492295f0_0 .net *"_ivl_108", 0 0, L_0x1492a7200;  1 drivers
v0x1492296a0_0 .net *"_ivl_11", 0 0, L_0x1492a45f0;  1 drivers
v0x149229750_0 .net *"_ivl_110", 0 0, L_0x1492a7380;  1 drivers
v0x149229800_0 .net *"_ivl_111", 0 0, L_0x1492a6de0;  1 drivers
v0x149229910_0 .net *"_ivl_114", 0 0, L_0x1492a5c40;  1 drivers
v0x1492299c0_0 .net *"_ivl_115", 0 0, L_0x1492a70d0;  1 drivers
v0x149229a70_0 .net *"_ivl_118", 0 0, L_0x1492a72a0;  1 drivers
v0x149229b20_0 .net *"_ivl_119", 0 0, L_0x1492a77e0;  1 drivers
v0x149229bd0_0 .net *"_ivl_121", 0 0, L_0x1492a79b0;  1 drivers
v0x149229c80_0 .net *"_ivl_124", 0 0, L_0x1492a7a20;  1 drivers
v0x149229d30_0 .net *"_ivl_126", 0 0, L_0x1492a7bc0;  1 drivers
v0x149229de0_0 .net *"_ivl_127", 0 0, L_0x1492a76a0;  1 drivers
v0x149229f70_0 .net *"_ivl_13", 0 0, L_0x1492a46d0;  1 drivers
v0x14922a000_0 .net *"_ivl_130", 0 0, L_0x1492a7d50;  1 drivers
v0x14922a0b0_0 .net *"_ivl_131", 0 0, L_0x1492a78d0;  1 drivers
v0x14922a160_0 .net *"_ivl_134", 0 0, L_0x1492a7b00;  1 drivers
v0x14922a210_0 .net *"_ivl_135", 0 0, L_0x1492a7f00;  1 drivers
v0x14922a2c0_0 .net *"_ivl_138", 0 0, L_0x1492a80f0;  1 drivers
v0x14922a370_0 .net *"_ivl_139", 0 0, L_0x1492a7c60;  1 drivers
v0x14922a420_0 .net *"_ivl_15", 0 0, L_0x1492a47b0;  1 drivers
v0x14922a4d0_0 .net *"_ivl_16", 0 0, L_0x1492a4870;  1 drivers
v0x14922a580_0 .net *"_ivl_18", 0 0, L_0x1492a4980;  1 drivers
v0x14922a630_0 .net *"_ivl_23", 0 0, L_0x1492a4aa0;  1 drivers
v0x14922a6e0_0 .net *"_ivl_25", 0 0, L_0x1492a4b40;  1 drivers
v0x14922a790_0 .net *"_ivl_27", 0 0, L_0x1492a4c10;  1 drivers
v0x14922a840_0 .net *"_ivl_28", 0 0, L_0x1492a4d30;  1 drivers
v0x14922a8f0_0 .net *"_ivl_30", 0 0, L_0x1492a4e00;  1 drivers
v0x14922a9a0_0 .net *"_ivl_33", 0 0, L_0x1492a4f30;  1 drivers
v0x149229e90_0 .net *"_ivl_35", 0 0, L_0x1492a5050;  1 drivers
v0x14922ac30_0 .net *"_ivl_36", 0 0, L_0x1492a50f0;  1 drivers
v0x14922acc0_0 .net *"_ivl_39", 0 0, L_0x1492a51e0;  1 drivers
v0x14922ad60_0 .net *"_ivl_40", 0 0, L_0x1492a5310;  1 drivers
v0x14922ae10_0 .net *"_ivl_42", 0 0, L_0x1492a5410;  1 drivers
v0x14922aec0_0 .net *"_ivl_48", 0 0, L_0x1492a5650;  1 drivers
v0x14922af70_0 .net *"_ivl_50", 0 0, L_0x1492a5750;  1 drivers
v0x14922b020_0 .net *"_ivl_52", 0 0, L_0x1492a57f0;  1 drivers
v0x14922b0d0_0 .net *"_ivl_53", 0 0, L_0x1492a5900;  1 drivers
v0x14922b180_0 .net *"_ivl_55", 0 0, L_0x1492a5a10;  1 drivers
v0x14922b230_0 .net *"_ivl_58", 0 0, L_0x1492a5ac0;  1 drivers
v0x14922b2e0_0 .net *"_ivl_60", 0 0, L_0x1492a5b60;  1 drivers
v0x14922b390_0 .net *"_ivl_61", 0 0, L_0x1492a5890;  1 drivers
v0x14922b440_0 .net *"_ivl_64", 0 0, L_0x1492a5df0;  1 drivers
v0x14922b4f0_0 .net *"_ivl_65", 0 0, L_0x1492a5e90;  1 drivers
v0x14922b5a0_0 .net *"_ivl_67", 0 0, L_0x1492a5f40;  1 drivers
v0x14922b650_0 .net *"_ivl_7", 0 0, L_0x1492a4500;  1 drivers
v0x14922b700_0 .net *"_ivl_70", 0 0, L_0x1492a60b0;  1 drivers
v0x14922b7b0_0 .net *"_ivl_72", 0 0, L_0x1492a61e0;  1 drivers
v0x14922b860_0 .net *"_ivl_73", 0 0, L_0x1492a5d80;  1 drivers
v0x14922b910_0 .net *"_ivl_76", 0 0, L_0x1492a62c0;  1 drivers
v0x14922b9c0_0 .net *"_ivl_77", 0 0, L_0x1492a6400;  1 drivers
v0x14922ba70_0 .net *"_ivl_80", 0 0, L_0x1492a6520;  1 drivers
v0x14922bb20_0 .net *"_ivl_81", 0 0, L_0x1492a65c0;  1 drivers
v0x14922bbd0_0 .net *"_ivl_83", 0 0, L_0x1492a6690;  1 drivers
v0x14922bc80_0 .net *"_ivl_86", 0 0, L_0x1492a6860;  1 drivers
v0x14922bd30_0 .net *"_ivl_88", 0 0, L_0x1492a6360;  1 drivers
v0x14922bde0_0 .net *"_ivl_90", 0 0, L_0x1492a6a00;  1 drivers
v0x14922be90_0 .net *"_ivl_91", 0 0, L_0x1492a4cb0;  1 drivers
v0x14922bf40_0 .net *"_ivl_93", 0 0, L_0x1492a6ba0;  1 drivers
v0x14922bff0_0 .net *"_ivl_96", 0 0, L_0x1492a67c0;  1 drivers
v0x14922c0a0_0 .net *"_ivl_98", 0 0, L_0x1492a6d40;  1 drivers
v0x14922aa50_0 .net *"_ivl_99", 0 0, L_0x1492a6eb0;  1 drivers
v0x14922ab00_0 .net "a", 3 0, L_0x1492a83c0;  1 drivers
v0x14922c130_0 .net "b", 3 0, L_0x1492a8460;  1 drivers
v0x14922c1c0_0 .net "c", 3 0, L_0x1492a54c0;  1 drivers
v0x14922c250_0 .net "cin", 0 0, L_0x1492a3c60;  alias, 1 drivers
v0x14922c2e0_0 .net "cout", 0 0, L_0x1492a7df0;  alias, 1 drivers
v0x14922c370_0 .net "sum", 3 0, L_0x1492a7ff0;  1 drivers
L_0x1492a45f0 .part L_0x1492a43d0, 0, 1;
L_0x1492a46d0 .part L_0x1492a3ed0, 0, 1;
L_0x1492a47b0 .part L_0x1492a54c0, 0, 1;
L_0x1492a4aa0 .part L_0x1492a43d0, 1, 1;
L_0x1492a4b40 .part L_0x1492a3ed0, 1, 1;
L_0x1492a4c10 .part L_0x1492a43d0, 0, 1;
L_0x1492a4f30 .part L_0x1492a3ed0, 1, 1;
L_0x1492a5050 .part L_0x1492a3ed0, 0, 1;
L_0x1492a51e0 .part L_0x1492a54c0, 0, 1;
L_0x1492a54c0 .concat8 [ 1 1 1 1], L_0x1492a4500, L_0x1492a4980, L_0x1492a5410, L_0x1492a6690;
L_0x1492a5650 .part L_0x1492a43d0, 2, 1;
L_0x1492a5750 .part L_0x1492a3ed0, 2, 1;
L_0x1492a57f0 .part L_0x1492a43d0, 1, 1;
L_0x1492a5ac0 .part L_0x1492a3ed0, 2, 1;
L_0x1492a5b60 .part L_0x1492a3ed0, 1, 1;
L_0x1492a5df0 .part L_0x1492a43d0, 0, 1;
L_0x1492a60b0 .part L_0x1492a3ed0, 2, 1;
L_0x1492a61e0 .part L_0x1492a3ed0, 1, 1;
L_0x1492a62c0 .part L_0x1492a3ed0, 0, 1;
L_0x1492a6520 .part L_0x1492a54c0, 0, 1;
L_0x1492a6860 .part L_0x1492a43d0, 3, 1;
L_0x1492a6360 .part L_0x1492a3ed0, 3, 1;
L_0x1492a6a00 .part L_0x1492a43d0, 2, 1;
L_0x1492a67c0 .part L_0x1492a3ed0, 3, 1;
L_0x1492a6d40 .part L_0x1492a3ed0, 2, 1;
L_0x1492a6f40 .part L_0x1492a43d0, 1, 1;
L_0x1492a7200 .part L_0x1492a3ed0, 3, 1;
L_0x1492a7380 .part L_0x1492a3ed0, 2, 1;
L_0x1492a5c40 .part L_0x1492a3ed0, 1, 1;
L_0x1492a72a0 .part L_0x1492a43d0, 0, 1;
L_0x1492a7a20 .part L_0x1492a3ed0, 3, 1;
L_0x1492a7bc0 .part L_0x1492a3ed0, 2, 1;
L_0x1492a7d50 .part L_0x1492a3ed0, 1, 1;
L_0x1492a7b00 .part L_0x1492a3ed0, 0, 1;
L_0x1492a80f0 .part L_0x1492a54c0, 0, 1;
S_0x14922c400 .scope module, "n3" "cla_4" 6 16, 7 3 0, S_0x149225860;
 .timescale -9 -11;
    .port_info 0 /INPUT 4 "a";
    .port_info 1 /INPUT 4 "b";
    .port_info 2 /INPUT 1 "cin";
    .port_info 3 /OUTPUT 4 "sum";
    .port_info 4 /OUTPUT 1 "cout";
L_0x1492a8500 .functor XOR 4, L_0x1492ac580, L_0x1492ac620, C4<0000>, C4<0000>;
L_0x1492a8570 .functor AND 4, L_0x1492ac580, L_0x1492ac620, C4<1111>, C4<1111>;
L_0x1492a86a0 .functor BUFZ 1, L_0x1492a7df0, C4<0>, C4<0>, C4<0>;
L_0x1492a8a10 .functor AND 1, L_0x1492a8870, L_0x1492a8950, C4<1>, C4<1>;
L_0x1492a8b40 .functor OR 1, L_0x1492a8790, L_0x1492a8a10, C4<0>, C4<0>;
L_0x1492a8ef0 .functor AND 1, L_0x1492a8d00, L_0x1492a8dd0, C4<1>, C4<1>;
L_0x1492a8fc0 .functor OR 1, L_0x1492a8c60, L_0x1492a8ef0, C4<0>, C4<0>;
L_0x1492a92b0 .functor AND 1, L_0x1492a90f0, L_0x1492a9210, C4<1>, C4<1>;
L_0x1492a94d0 .functor AND 1, L_0x1492a92b0, L_0x1492a93a0, C4<1>, C4<1>;
L_0x1492a95d0 .functor OR 1, L_0x1492a8fc0, L_0x1492a94d0, C4<0>, C4<0>;
L_0x1492a9ac0 .functor AND 1, L_0x1492a9910, L_0x1492a99b0, C4<1>, C4<1>;
L_0x1492a9bd0 .functor OR 1, L_0x1492a9810, L_0x1492a9ac0, C4<0>, C4<0>;
L_0x1492a9a50 .functor AND 1, L_0x1492a9c80, L_0x1492a9d20, C4<1>, C4<1>;
L_0x1492aa050 .functor AND 1, L_0x1492a9a50, L_0x1492a9fb0, C4<1>, C4<1>;
L_0x1492aa100 .functor OR 1, L_0x1492a9bd0, L_0x1492aa050, C4<0>, C4<0>;
L_0x1492a9f40 .functor AND 1, L_0x1492aa270, L_0x1492aa3a0, C4<1>, C4<1>;
L_0x1492aa5c0 .functor AND 1, L_0x1492a9f40, L_0x1492aa480, C4<1>, C4<1>;
L_0x1492aa780 .functor AND 1, L_0x1492aa5c0, L_0x1492aa6e0, C4<1>, C4<1>;
L_0x1492aa850 .functor OR 1, L_0x1492aa100, L_0x1492aa780, C4<0>, C4<0>;
L_0x1492a8e70 .functor AND 1, L_0x1492aa520, L_0x1492aabc0, C4<1>, C4<1>;
L_0x1492aad60 .functor OR 1, L_0x1492aaa20, L_0x1492a8e70, C4<0>, C4<0>;
L_0x1492ab070 .functor AND 1, L_0x1492aa980, L_0x1492aaf00, C4<1>, C4<1>;
L_0x1492ab1a0 .functor AND 1, L_0x1492ab070, L_0x1492ab100, C4<1>, C4<1>;
L_0x1492ab350 .functor OR 1, L_0x1492aad60, L_0x1492ab1a0, C4<0>, C4<0>;
L_0x1492aafa0 .functor AND 1, L_0x1492ab3c0, L_0x1492ab540, C4<1>, C4<1>;
L_0x1492ab290 .functor AND 1, L_0x1492aafa0, L_0x1492a9e00, C4<1>, C4<1>;
L_0x1492ab9a0 .functor AND 1, L_0x1492ab290, L_0x1492ab460, C4<1>, C4<1>;
L_0x1492abb70 .functor OR 1, L_0x1492ab350, L_0x1492ab9a0, C4<0>, C4<0>;
L_0x1492ab860 .functor AND 1, L_0x1492abbe0, L_0x1492abd80, C4<1>, C4<1>;
L_0x1492aba90 .functor AND 1, L_0x1492ab860, L_0x1492abf10, C4<1>, C4<1>;
L_0x1492ac0c0 .functor AND 1, L_0x1492aba90, L_0x1492abcc0, C4<1>, C4<1>;
L_0x1492abe20 .functor AND 1, L_0x1492ac0c0, L_0x1492ac2b0, C4<1>, C4<1>;
L_0x1492abfb0 .functor OR 1, L_0x1492abb70, L_0x1492abe20, C4<0>, C4<0>;
L_0x1492ac1b0 .functor XOR 4, L_0x1492a8500, L_0x1492a9680, C4<0000>, C4<0000>;
v0x14922c660_0 .net "G", 3 0, L_0x1492a8570;  1 drivers
v0x14922c710_0 .net "P", 3 0, L_0x1492a8500;  1 drivers
v0x14922c7c0_0 .net *"_ivl_102", 0 0, L_0x1492ab100;  1 drivers
v0x14922c880_0 .net *"_ivl_103", 0 0, L_0x1492ab1a0;  1 drivers
v0x14922c930_0 .net *"_ivl_105", 0 0, L_0x1492ab350;  1 drivers
v0x14922ca20_0 .net *"_ivl_108", 0 0, L_0x1492ab3c0;  1 drivers
v0x14922cad0_0 .net *"_ivl_11", 0 0, L_0x1492a8790;  1 drivers
v0x14922cb80_0 .net *"_ivl_110", 0 0, L_0x1492ab540;  1 drivers
v0x14922cc30_0 .net *"_ivl_111", 0 0, L_0x1492aafa0;  1 drivers
v0x14922cd40_0 .net *"_ivl_114", 0 0, L_0x1492a9e00;  1 drivers
v0x14922cdf0_0 .net *"_ivl_115", 0 0, L_0x1492ab290;  1 drivers
v0x14922cea0_0 .net *"_ivl_118", 0 0, L_0x1492ab460;  1 drivers
v0x14922cf50_0 .net *"_ivl_119", 0 0, L_0x1492ab9a0;  1 drivers
v0x14922d000_0 .net *"_ivl_121", 0 0, L_0x1492abb70;  1 drivers
v0x14922d0b0_0 .net *"_ivl_124", 0 0, L_0x1492abbe0;  1 drivers
v0x14922d160_0 .net *"_ivl_126", 0 0, L_0x1492abd80;  1 drivers
v0x14922d210_0 .net *"_ivl_127", 0 0, L_0x1492ab860;  1 drivers
v0x14922d3a0_0 .net *"_ivl_13", 0 0, L_0x1492a8870;  1 drivers
v0x14922d430_0 .net *"_ivl_130", 0 0, L_0x1492abf10;  1 drivers
v0x14922d4e0_0 .net *"_ivl_131", 0 0, L_0x1492aba90;  1 drivers
v0x14922d590_0 .net *"_ivl_134", 0 0, L_0x1492abcc0;  1 drivers
v0x14922d640_0 .net *"_ivl_135", 0 0, L_0x1492ac0c0;  1 drivers
v0x14922d6f0_0 .net *"_ivl_138", 0 0, L_0x1492ac2b0;  1 drivers
v0x14922d7a0_0 .net *"_ivl_139", 0 0, L_0x1492abe20;  1 drivers
v0x14922d850_0 .net *"_ivl_15", 0 0, L_0x1492a8950;  1 drivers
v0x14922d900_0 .net *"_ivl_16", 0 0, L_0x1492a8a10;  1 drivers
v0x14922d9b0_0 .net *"_ivl_18", 0 0, L_0x1492a8b40;  1 drivers
v0x14922da60_0 .net *"_ivl_23", 0 0, L_0x1492a8c60;  1 drivers
v0x14922db10_0 .net *"_ivl_25", 0 0, L_0x1492a8d00;  1 drivers
v0x14922dbc0_0 .net *"_ivl_27", 0 0, L_0x1492a8dd0;  1 drivers
v0x14922dc70_0 .net *"_ivl_28", 0 0, L_0x1492a8ef0;  1 drivers
v0x14922dd20_0 .net *"_ivl_30", 0 0, L_0x1492a8fc0;  1 drivers
v0x14922ddd0_0 .net *"_ivl_33", 0 0, L_0x1492a90f0;  1 drivers
v0x14922d2c0_0 .net *"_ivl_35", 0 0, L_0x1492a9210;  1 drivers
v0x14922e060_0 .net *"_ivl_36", 0 0, L_0x1492a92b0;  1 drivers
v0x14922e0f0_0 .net *"_ivl_39", 0 0, L_0x1492a93a0;  1 drivers
v0x14922e190_0 .net *"_ivl_40", 0 0, L_0x1492a94d0;  1 drivers
v0x14922e240_0 .net *"_ivl_42", 0 0, L_0x1492a95d0;  1 drivers
v0x14922e2f0_0 .net *"_ivl_48", 0 0, L_0x1492a9810;  1 drivers
v0x14922e3a0_0 .net *"_ivl_50", 0 0, L_0x1492a9910;  1 drivers
v0x14922e450_0 .net *"_ivl_52", 0 0, L_0x1492a99b0;  1 drivers
v0x14922e500_0 .net *"_ivl_53", 0 0, L_0x1492a9ac0;  1 drivers
v0x14922e5b0_0 .net *"_ivl_55", 0 0, L_0x1492a9bd0;  1 drivers
v0x14922e660_0 .net *"_ivl_58", 0 0, L_0x1492a9c80;  1 drivers
v0x14922e710_0 .net *"_ivl_60", 0 0, L_0x1492a9d20;  1 drivers
v0x14922e7c0_0 .net *"_ivl_61", 0 0, L_0x1492a9a50;  1 drivers
v0x14922e870_0 .net *"_ivl_64", 0 0, L_0x1492a9fb0;  1 drivers
v0x14922e920_0 .net *"_ivl_65", 0 0, L_0x1492aa050;  1 drivers
v0x14922e9d0_0 .net *"_ivl_67", 0 0, L_0x1492aa100;  1 drivers
v0x14922ea80_0 .net *"_ivl_7", 0 0, L_0x1492a86a0;  1 drivers
v0x14922eb30_0 .net *"_ivl_70", 0 0, L_0x1492aa270;  1 drivers
v0x14922ebe0_0 .net *"_ivl_72", 0 0, L_0x1492aa3a0;  1 drivers
v0x14922ec90_0 .net *"_ivl_73", 0 0, L_0x1492a9f40;  1 drivers
v0x14922ed40_0 .net *"_ivl_76", 0 0, L_0x1492aa480;  1 drivers
v0x14922edf0_0 .net *"_ivl_77", 0 0, L_0x1492aa5c0;  1 drivers
v0x14922eea0_0 .net *"_ivl_80", 0 0, L_0x1492aa6e0;  1 drivers
v0x14922ef50_0 .net *"_ivl_81", 0 0, L_0x1492aa780;  1 drivers
v0x14922f000_0 .net *"_ivl_83", 0 0, L_0x1492aa850;  1 drivers
v0x14922f0b0_0 .net *"_ivl_86", 0 0, L_0x1492aaa20;  1 drivers
v0x14922f160_0 .net *"_ivl_88", 0 0, L_0x1492aa520;  1 drivers
v0x14922f210_0 .net *"_ivl_90", 0 0, L_0x1492aabc0;  1 drivers
v0x14922f2c0_0 .net *"_ivl_91", 0 0, L_0x1492a8e70;  1 drivers
v0x14922f370_0 .net *"_ivl_93", 0 0, L_0x1492aad60;  1 drivers
v0x14922f420_0 .net *"_ivl_96", 0 0, L_0x1492aa980;  1 drivers
v0x14922f4d0_0 .net *"_ivl_98", 0 0, L_0x1492aaf00;  1 drivers
v0x14922de80_0 .net *"_ivl_99", 0 0, L_0x1492ab070;  1 drivers
v0x14922df30_0 .net "a", 3 0, L_0x1492ac580;  1 drivers
v0x14922f560_0 .net "b", 3 0, L_0x1492ac620;  1 drivers
v0x14922f5f0_0 .net "c", 3 0, L_0x1492a9680;  1 drivers
v0x14922f680_0 .net "cin", 0 0, L_0x1492a7df0;  alias, 1 drivers
v0x14922f710_0 .net "cout", 0 0, L_0x1492abfb0;  alias, 1 drivers
v0x14922f7a0_0 .net "sum", 3 0, L_0x1492ac1b0;  1 drivers
L_0x1492a8790 .part L_0x1492a8570, 0, 1;
L_0x1492a8870 .part L_0x1492a8500, 0, 1;
L_0x1492a8950 .part L_0x1492a9680, 0, 1;
L_0x1492a8c60 .part L_0x1492a8570, 1, 1;
L_0x1492a8d00 .part L_0x1492a8500, 1, 1;
L_0x1492a8dd0 .part L_0x1492a8570, 0, 1;
L_0x1492a90f0 .part L_0x1492a8500, 1, 1;
L_0x1492a9210 .part L_0x1492a8500, 0, 1;
L_0x1492a93a0 .part L_0x1492a9680, 0, 1;
L_0x1492a9680 .concat8 [ 1 1 1 1], L_0x1492a86a0, L_0x1492a8b40, L_0x1492a95d0, L_0x1492aa850;
L_0x1492a9810 .part L_0x1492a8570, 2, 1;
L_0x1492a9910 .part L_0x1492a8500, 2, 1;
L_0x1492a99b0 .part L_0x1492a8570, 1, 1;
L_0x1492a9c80 .part L_0x1492a8500, 2, 1;
L_0x1492a9d20 .part L_0x1492a8500, 1, 1;
L_0x1492a9fb0 .part L_0x1492a8570, 0, 1;
L_0x1492aa270 .part L_0x1492a8500, 2, 1;
L_0x1492aa3a0 .part L_0x1492a8500, 1, 1;
L_0x1492aa480 .part L_0x1492a8500, 0, 1;
L_0x1492aa6e0 .part L_0x1492a9680, 0, 1;
L_0x1492aaa20 .part L_0x1492a8570, 3, 1;
L_0x1492aa520 .part L_0x1492a8500, 3, 1;
L_0x1492aabc0 .part L_0x1492a8570, 2, 1;
L_0x1492aa980 .part L_0x1492a8500, 3, 1;
L_0x1492aaf00 .part L_0x1492a8500, 2, 1;
L_0x1492ab100 .part L_0x1492a8570, 1, 1;
L_0x1492ab3c0 .part L_0x1492a8500, 3, 1;
L_0x1492ab540 .part L_0x1492a8500, 2, 1;
L_0x1492a9e00 .part L_0x1492a8500, 1, 1;
L_0x1492ab460 .part L_0x1492a8570, 0, 1;
L_0x1492abbe0 .part L_0x1492a8500, 3, 1;
L_0x1492abd80 .part L_0x1492a8500, 2, 1;
L_0x1492abf10 .part L_0x1492a8500, 1, 1;
L_0x1492abcc0 .part L_0x1492a8500, 0, 1;
L_0x1492ac2b0 .part L_0x1492a9680, 0, 1;
S_0x14922f830 .scope module, "n4" "cla_4" 6 17, 7 3 0, S_0x149225860;
 .timescale -9 -11;
    .port_info 0 /INPUT 4 "a";
    .port_info 1 /INPUT 4 "b";
    .port_info 2 /INPUT 1 "cin";
    .port_info 3 /OUTPUT 4 "sum";
    .port_info 4 /OUTPUT 1 "cout";
L_0x1492ac6c0 .functor XOR 4, L_0x1492b0700, L_0x1492b07a0, C4<0000>, C4<0000>;
L_0x1492ac730 .functor AND 4, L_0x1492b0700, L_0x1492b07a0, C4<1111>, C4<1111>;
L_0x1492ac820 .functor BUFZ 1, L_0x1492abfb0, C4<0>, C4<0>, C4<0>;
L_0x1492acb90 .functor AND 1, L_0x1492ac9f0, L_0x1492acad0, C4<1>, C4<1>;
L_0x1492accc0 .functor OR 1, L_0x1492ac910, L_0x1492acb90, C4<0>, C4<0>;
L_0x1492ad070 .functor AND 1, L_0x1492ace80, L_0x1492acf50, C4<1>, C4<1>;
L_0x1492ad140 .functor OR 1, L_0x1492acde0, L_0x1492ad070, C4<0>, C4<0>;
L_0x1492ad430 .functor AND 1, L_0x1492ad270, L_0x1492ad390, C4<1>, C4<1>;
L_0x1492ad650 .functor AND 1, L_0x1492ad430, L_0x1492ad520, C4<1>, C4<1>;
L_0x1492ad750 .functor OR 1, L_0x1492ad140, L_0x1492ad650, C4<0>, C4<0>;
L_0x1492adc40 .functor AND 1, L_0x1492ada90, L_0x1492adb30, C4<1>, C4<1>;
L_0x1492add50 .functor OR 1, L_0x1492ad990, L_0x1492adc40, C4<0>, C4<0>;
L_0x1492adbd0 .functor AND 1, L_0x1492ade00, L_0x1492adea0, C4<1>, C4<1>;
L_0x1492ae1d0 .functor AND 1, L_0x1492adbd0, L_0x1492ae130, C4<1>, C4<1>;
L_0x1492ae280 .functor OR 1, L_0x1492add50, L_0x1492ae1d0, C4<0>, C4<0>;
L_0x1492ae0c0 .functor AND 1, L_0x1492ae3f0, L_0x1492ae520, C4<1>, C4<1>;
L_0x1492ae740 .functor AND 1, L_0x1492ae0c0, L_0x1492ae600, C4<1>, C4<1>;
L_0x1492ae900 .functor AND 1, L_0x1492ae740, L_0x1492ae860, C4<1>, C4<1>;
L_0x1492ae9d0 .functor OR 1, L_0x1492ae280, L_0x1492ae900, C4<0>, C4<0>;
L_0x1492acff0 .functor AND 1, L_0x1492ae6a0, L_0x1492aed40, C4<1>, C4<1>;
L_0x1492aeee0 .functor OR 1, L_0x1492aeba0, L_0x1492acff0, C4<0>, C4<0>;
L_0x1492af1f0 .functor AND 1, L_0x1492aeb00, L_0x1492af080, C4<1>, C4<1>;
L_0x1492af320 .functor AND 1, L_0x1492af1f0, L_0x1492af280, C4<1>, C4<1>;
L_0x1492af4d0 .functor OR 1, L_0x1492aeee0, L_0x1492af320, C4<0>, C4<0>;
L_0x1492af120 .functor AND 1, L_0x1492af540, L_0x1492af6c0, C4<1>, C4<1>;
L_0x1492af410 .functor AND 1, L_0x1492af120, L_0x1492adf80, C4<1>, C4<1>;
L_0x1492afb20 .functor AND 1, L_0x1492af410, L_0x1492af5e0, C4<1>, C4<1>;
L_0x1492afcf0 .functor OR 1, L_0x1492af4d0, L_0x1492afb20, C4<0>, C4<0>;
L_0x1492af9e0 .functor AND 1, L_0x1492afd60, L_0x1492aff00, C4<1>, C4<1>;
L_0x1492afc10 .functor AND 1, L_0x1492af9e0, L_0x1492b0090, C4<1>, C4<1>;
L_0x1492b0240 .functor AND 1, L_0x1492afc10, L_0x1492afe40, C4<1>, C4<1>;
L_0x1492affa0 .functor AND 1, L_0x1492b0240, L_0x1492b0430, C4<1>, C4<1>;
L_0x1492b0130 .functor OR 1, L_0x1492afcf0, L_0x1492affa0, C4<0>, C4<0>;
L_0x1492b0330 .functor XOR 4, L_0x1492ac6c0, L_0x1492ad800, C4<0000>, C4<0000>;
v0x14922fa70_0 .net "G", 3 0, L_0x1492ac730;  1 drivers
v0x14922fb30_0 .net "P", 3 0, L_0x1492ac6c0;  1 drivers
v0x14922fbe0_0 .net *"_ivl_102", 0 0, L_0x1492af280;  1 drivers
v0x14922fca0_0 .net *"_ivl_103", 0 0, L_0x1492af320;  1 drivers
v0x14922fd50_0 .net *"_ivl_105", 0 0, L_0x1492af4d0;  1 drivers
v0x14922fe40_0 .net *"_ivl_108", 0 0, L_0x1492af540;  1 drivers
v0x14922fef0_0 .net *"_ivl_11", 0 0, L_0x1492ac910;  1 drivers
v0x14922ffa0_0 .net *"_ivl_110", 0 0, L_0x1492af6c0;  1 drivers
v0x149230050_0 .net *"_ivl_111", 0 0, L_0x1492af120;  1 drivers
v0x149230160_0 .net *"_ivl_114", 0 0, L_0x1492adf80;  1 drivers
v0x149230210_0 .net *"_ivl_115", 0 0, L_0x1492af410;  1 drivers
v0x1492302c0_0 .net *"_ivl_118", 0 0, L_0x1492af5e0;  1 drivers
v0x149230370_0 .net *"_ivl_119", 0 0, L_0x1492afb20;  1 drivers
v0x149230420_0 .net *"_ivl_121", 0 0, L_0x1492afcf0;  1 drivers
v0x1492304d0_0 .net *"_ivl_124", 0 0, L_0x1492afd60;  1 drivers
v0x149230580_0 .net *"_ivl_126", 0 0, L_0x1492aff00;  1 drivers
v0x149230630_0 .net *"_ivl_127", 0 0, L_0x1492af9e0;  1 drivers
v0x1492307c0_0 .net *"_ivl_13", 0 0, L_0x1492ac9f0;  1 drivers
v0x149230850_0 .net *"_ivl_130", 0 0, L_0x1492b0090;  1 drivers
v0x149230900_0 .net *"_ivl_131", 0 0, L_0x1492afc10;  1 drivers
v0x1492309b0_0 .net *"_ivl_134", 0 0, L_0x1492afe40;  1 drivers
v0x149230a60_0 .net *"_ivl_135", 0 0, L_0x1492b0240;  1 drivers
v0x149230b10_0 .net *"_ivl_138", 0 0, L_0x1492b0430;  1 drivers
v0x149230bc0_0 .net *"_ivl_139", 0 0, L_0x1492affa0;  1 drivers
v0x149230c70_0 .net *"_ivl_15", 0 0, L_0x1492acad0;  1 drivers
v0x149230d20_0 .net *"_ivl_16", 0 0, L_0x1492acb90;  1 drivers
v0x149230dd0_0 .net *"_ivl_18", 0 0, L_0x1492accc0;  1 drivers
v0x149230e80_0 .net *"_ivl_23", 0 0, L_0x1492acde0;  1 drivers
v0x149230f30_0 .net *"_ivl_25", 0 0, L_0x1492ace80;  1 drivers
v0x149230fe0_0 .net *"_ivl_27", 0 0, L_0x1492acf50;  1 drivers
v0x149231090_0 .net *"_ivl_28", 0 0, L_0x1492ad070;  1 drivers
v0x149231140_0 .net *"_ivl_30", 0 0, L_0x1492ad140;  1 drivers
v0x1492311f0_0 .net *"_ivl_33", 0 0, L_0x1492ad270;  1 drivers
v0x1492306e0_0 .net *"_ivl_35", 0 0, L_0x1492ad390;  1 drivers
v0x149231480_0 .net *"_ivl_36", 0 0, L_0x1492ad430;  1 drivers
v0x149231510_0 .net *"_ivl_39", 0 0, L_0x1492ad520;  1 drivers
v0x1492315b0_0 .net *"_ivl_40", 0 0, L_0x1492ad650;  1 drivers
v0x149231660_0 .net *"_ivl_42", 0 0, L_0x1492ad750;  1 drivers
v0x149231710_0 .net *"_ivl_48", 0 0, L_0x1492ad990;  1 drivers
v0x1492317c0_0 .net *"_ivl_50", 0 0, L_0x1492ada90;  1 drivers
v0x149231870_0 .net *"_ivl_52", 0 0, L_0x1492adb30;  1 drivers
v0x149231920_0 .net *"_ivl_53", 0 0, L_0x1492adc40;  1 drivers
v0x1492319d0_0 .net *"_ivl_55", 0 0, L_0x1492add50;  1 drivers
v0x149231a80_0 .net *"_ivl_58", 0 0, L_0x1492ade00;  1 drivers
v0x149231b30_0 .net *"_ivl_60", 0 0, L_0x1492adea0;  1 drivers
v0x149231be0_0 .net *"_ivl_61", 0 0, L_0x1492adbd0;  1 drivers
v0x149231c90_0 .net *"_ivl_64", 0 0, L_0x1492ae130;  1 drivers
v0x149231d40_0 .net *"_ivl_65", 0 0, L_0x1492ae1d0;  1 drivers
v0x149231df0_0 .net *"_ivl_67", 0 0, L_0x1492ae280;  1 drivers
v0x149231ea0_0 .net *"_ivl_7", 0 0, L_0x1492ac820;  1 drivers
v0x149231f50_0 .net *"_ivl_70", 0 0, L_0x1492ae3f0;  1 drivers
v0x149232000_0 .net *"_ivl_72", 0 0, L_0x1492ae520;  1 drivers
v0x1492320b0_0 .net *"_ivl_73", 0 0, L_0x1492ae0c0;  1 drivers
v0x149232160_0 .net *"_ivl_76", 0 0, L_0x1492ae600;  1 drivers
v0x149232210_0 .net *"_ivl_77", 0 0, L_0x1492ae740;  1 drivers
v0x1492322c0_0 .net *"_ivl_80", 0 0, L_0x1492ae860;  1 drivers
v0x149232370_0 .net *"_ivl_81", 0 0, L_0x1492ae900;  1 drivers
v0x149232420_0 .net *"_ivl_83", 0 0, L_0x1492ae9d0;  1 drivers
v0x1492324d0_0 .net *"_ivl_86", 0 0, L_0x1492aeba0;  1 drivers
v0x149232580_0 .net *"_ivl_88", 0 0, L_0x1492ae6a0;  1 drivers
v0x149232630_0 .net *"_ivl_90", 0 0, L_0x1492aed40;  1 drivers
v0x1492326e0_0 .net *"_ivl_91", 0 0, L_0x1492acff0;  1 drivers
v0x149232790_0 .net *"_ivl_93", 0 0, L_0x1492aeee0;  1 drivers
v0x149232840_0 .net *"_ivl_96", 0 0, L_0x1492aeb00;  1 drivers
v0x1492328f0_0 .net *"_ivl_98", 0 0, L_0x1492af080;  1 drivers
v0x1492312a0_0 .net *"_ivl_99", 0 0, L_0x1492af1f0;  1 drivers
v0x149231350_0 .net "a", 3 0, L_0x1492b0700;  1 drivers
v0x149232980_0 .net "b", 3 0, L_0x1492b07a0;  1 drivers
v0x149232a10_0 .net "c", 3 0, L_0x1492ad800;  1 drivers
v0x149232aa0_0 .net "cin", 0 0, L_0x1492abfb0;  alias, 1 drivers
v0x149232b30_0 .net "cout", 0 0, L_0x1492b0130;  alias, 1 drivers
v0x149232bc0_0 .net "sum", 3 0, L_0x1492b0330;  1 drivers
L_0x1492ac910 .part L_0x1492ac730, 0, 1;
L_0x1492ac9f0 .part L_0x1492ac6c0, 0, 1;
L_0x1492acad0 .part L_0x1492ad800, 0, 1;
L_0x1492acde0 .part L_0x1492ac730, 1, 1;
L_0x1492ace80 .part L_0x1492ac6c0, 1, 1;
L_0x1492acf50 .part L_0x1492ac730, 0, 1;
L_0x1492ad270 .part L_0x1492ac6c0, 1, 1;
L_0x1492ad390 .part L_0x1492ac6c0, 0, 1;
L_0x1492ad520 .part L_0x1492ad800, 0, 1;
L_0x1492ad800 .concat8 [ 1 1 1 1], L_0x1492ac820, L_0x1492accc0, L_0x1492ad750, L_0x1492ae9d0;
L_0x1492ad990 .part L_0x1492ac730, 2, 1;
L_0x1492ada90 .part L_0x1492ac6c0, 2, 1;
L_0x1492adb30 .part L_0x1492ac730, 1, 1;
L_0x1492ade00 .part L_0x1492ac6c0, 2, 1;
L_0x1492adea0 .part L_0x1492ac6c0, 1, 1;
L_0x1492ae130 .part L_0x1492ac730, 0, 1;
L_0x1492ae3f0 .part L_0x1492ac6c0, 2, 1;
L_0x1492ae520 .part L_0x1492ac6c0, 1, 1;
L_0x1492ae600 .part L_0x1492ac6c0, 0, 1;
L_0x1492ae860 .part L_0x1492ad800, 0, 1;
L_0x1492aeba0 .part L_0x1492ac730, 3, 1;
L_0x1492ae6a0 .part L_0x1492ac6c0, 3, 1;
L_0x1492aed40 .part L_0x1492ac730, 2, 1;
L_0x1492aeb00 .part L_0x1492ac6c0, 3, 1;
L_0x1492af080 .part L_0x1492ac6c0, 2, 1;
L_0x1492af280 .part L_0x1492ac730, 1, 1;
L_0x1492af540 .part L_0x1492ac6c0, 3, 1;
L_0x1492af6c0 .part L_0x1492ac6c0, 2, 1;
L_0x1492adf80 .part L_0x1492ac6c0, 1, 1;
L_0x1492af5e0 .part L_0x1492ac730, 0, 1;
L_0x1492afd60 .part L_0x1492ac6c0, 3, 1;
L_0x1492aff00 .part L_0x1492ac6c0, 2, 1;
L_0x1492b0090 .part L_0x1492ac6c0, 1, 1;
L_0x1492afe40 .part L_0x1492ac6c0, 0, 1;
L_0x1492b0430 .part L_0x1492ad800, 0, 1;
S_0x149233240 .scope module, "n2" "cla16" 6 33, 6 4 0, S_0x149225540;
 .timescale -9 -11;
    .port_info 0 /INPUT 16 "d1";
    .port_info 1 /INPUT 16 "d2";
    .port_info 2 /INPUT 1 "cin";
    .port_info 3 /OUTPUT 16 "sum";
    .port_info 4 /OUTPUT 1 "cout";
P_0x149233410 .param/l "DATA_WIDTH" 0 6 4, +C4<00000000000000000000000000100000>;
v0x149240600_0 .net "c1", 0 0, L_0x1492b45c0;  1 drivers
v0x1492406d0_0 .net "c2", 0 0, L_0x1492b8750;  1 drivers
v0x1492407a0_0 .net "c3", 0 0, L_0x1492bc930;  1 drivers
v0x149240870_0 .net "cin", 0 0, L_0x1492b0130;  alias, 1 drivers
v0x149240900_0 .net8 "cout", 0 0, RS_0x140057f90;  alias, 3 drivers
v0x1492409d0_0 .net "d1", 15 0, L_0x1492c13d0;  1 drivers
v0x149240a60_0 .net "d2", 15 0, L_0x1492c1470;  1 drivers
v0x149240af0_0 .net "sum", 15 0, L_0x1492c1220;  1 drivers
L_0x1492b4b90 .part L_0x1492c13d0, 0, 4;
L_0x1492b4c30 .part L_0x1492c1470, 0, 4;
L_0x1492b8d20 .part L_0x1492c13d0, 4, 4;
L_0x1492b8dc0 .part L_0x1492c1470, 4, 4;
L_0x1492bcf00 .part L_0x1492c13d0, 8, 4;
L_0x1492bcfa0 .part L_0x1492c1470, 8, 4;
L_0x1492c1060 .part L_0x1492c13d0, 12, 4;
L_0x1492c1100 .part L_0x1492c1470, 12, 4;
L_0x1492c1220 .concat8 [ 4 4 4 4], L_0x1492b47c0, L_0x1492b8950, L_0x1492bcb30, L_0x1492c0c90;
S_0x149233540 .scope module, "n1" "cla_4" 6 14, 7 3 0, S_0x149233240;
 .timescale -9 -11;
    .port_info 0 /INPUT 4 "a";
    .port_info 1 /INPUT 4 "b";
    .port_info 2 /INPUT 1 "cin";
    .port_info 3 /OUTPUT 4 "sum";
    .port_info 4 /OUTPUT 1 "cout";
L_0x1492b0bb0 .functor XOR 4, L_0x1492b4b90, L_0x1492b4c30, C4<0000>, C4<0000>;
L_0x1492b0c20 .functor AND 4, L_0x1492b4b90, L_0x1492b4c30, C4<1111>, C4<1111>;
L_0x1492b0d10 .functor BUFZ 1, L_0x1492b0130, C4<0>, C4<0>, C4<0>;
L_0x1492b1020 .functor AND 1, L_0x1492b0e60, L_0x1492b0f40, C4<1>, C4<1>;
L_0x1492b1150 .functor OR 1, L_0x1492b0d80, L_0x1492b1020, C4<0>, C4<0>;
L_0x1492b1500 .functor AND 1, L_0x1492b1310, L_0x1492b13e0, C4<1>, C4<1>;
L_0x1492b15d0 .functor OR 1, L_0x1492b1270, L_0x1492b1500, C4<0>, C4<0>;
L_0x1492b18c0 .functor AND 1, L_0x1492b1700, L_0x1492b1820, C4<1>, C4<1>;
L_0x1492b1ae0 .functor AND 1, L_0x1492b18c0, L_0x1492b19b0, C4<1>, C4<1>;
L_0x1492b1be0 .functor OR 1, L_0x1492b15d0, L_0x1492b1ae0, C4<0>, C4<0>;
L_0x1492b20d0 .functor AND 1, L_0x1492b1f20, L_0x1492b1fc0, C4<1>, C4<1>;
L_0x1492b21e0 .functor OR 1, L_0x1492b1e20, L_0x1492b20d0, C4<0>, C4<0>;
L_0x1492b2060 .functor AND 1, L_0x1492b2290, L_0x1492b2330, C4<1>, C4<1>;
L_0x1492b2660 .functor AND 1, L_0x1492b2060, L_0x1492b25c0, C4<1>, C4<1>;
L_0x1492b2710 .functor OR 1, L_0x1492b21e0, L_0x1492b2660, C4<0>, C4<0>;
L_0x1492b2550 .functor AND 1, L_0x1492b2880, L_0x1492b29b0, C4<1>, C4<1>;
L_0x1492b2bd0 .functor AND 1, L_0x1492b2550, L_0x1492b2a90, C4<1>, C4<1>;
L_0x1492b2d90 .functor AND 1, L_0x1492b2bd0, L_0x1492b2cf0, C4<1>, C4<1>;
L_0x1492b2e60 .functor OR 1, L_0x1492b2710, L_0x1492b2d90, C4<0>, C4<0>;
L_0x1492b1480 .functor AND 1, L_0x1492b2b30, L_0x1492b31d0, C4<1>, C4<1>;
L_0x1492b3370 .functor OR 1, L_0x1492b3030, L_0x1492b1480, C4<0>, C4<0>;
L_0x1492b3680 .functor AND 1, L_0x1492b2f90, L_0x1492b3510, C4<1>, C4<1>;
L_0x1492b37b0 .functor AND 1, L_0x1492b3680, L_0x1492b3710, C4<1>, C4<1>;
L_0x1492b3960 .functor OR 1, L_0x1492b3370, L_0x1492b37b0, C4<0>, C4<0>;
L_0x1492b35b0 .functor AND 1, L_0x1492b39d0, L_0x1492b3b50, C4<1>, C4<1>;
L_0x1492b38a0 .functor AND 1, L_0x1492b35b0, L_0x1492b2410, C4<1>, C4<1>;
L_0x1492b3fb0 .functor AND 1, L_0x1492b38a0, L_0x1492b3a70, C4<1>, C4<1>;
L_0x1492b4180 .functor OR 1, L_0x1492b3960, L_0x1492b3fb0, C4<0>, C4<0>;
L_0x1492b3e70 .functor AND 1, L_0x1492b41f0, L_0x1492b4390, C4<1>, C4<1>;
L_0x1492b40a0 .functor AND 1, L_0x1492b3e70, L_0x1492b4520, C4<1>, C4<1>;
L_0x1492b46d0 .functor AND 1, L_0x1492b40a0, L_0x1492b42d0, C4<1>, C4<1>;
L_0x1492b4430 .functor AND 1, L_0x1492b46d0, L_0x1492b48c0, C4<1>, C4<1>;
L_0x1492b45c0 .functor OR 1, L_0x1492b4180, L_0x1492b4430, C4<0>, C4<0>;
L_0x1492b47c0 .functor XOR 4, L_0x1492b0bb0, L_0x1492b1c90, C4<0000>, C4<0000>;
v0x1492337b0_0 .net "G", 3 0, L_0x1492b0c20;  1 drivers
v0x149233860_0 .net "P", 3 0, L_0x1492b0bb0;  1 drivers
v0x149233910_0 .net *"_ivl_102", 0 0, L_0x1492b3710;  1 drivers
v0x1492339d0_0 .net *"_ivl_103", 0 0, L_0x1492b37b0;  1 drivers
v0x149233a80_0 .net *"_ivl_105", 0 0, L_0x1492b3960;  1 drivers
v0x149233b70_0 .net *"_ivl_108", 0 0, L_0x1492b39d0;  1 drivers
v0x149233c20_0 .net *"_ivl_11", 0 0, L_0x1492b0d80;  1 drivers
v0x149233cd0_0 .net *"_ivl_110", 0 0, L_0x1492b3b50;  1 drivers
v0x149233d80_0 .net *"_ivl_111", 0 0, L_0x1492b35b0;  1 drivers
v0x149233e90_0 .net *"_ivl_114", 0 0, L_0x1492b2410;  1 drivers
v0x149233f40_0 .net *"_ivl_115", 0 0, L_0x1492b38a0;  1 drivers
v0x149233ff0_0 .net *"_ivl_118", 0 0, L_0x1492b3a70;  1 drivers
v0x1492340a0_0 .net *"_ivl_119", 0 0, L_0x1492b3fb0;  1 drivers
v0x149234150_0 .net *"_ivl_121", 0 0, L_0x1492b4180;  1 drivers
v0x149234200_0 .net *"_ivl_124", 0 0, L_0x1492b41f0;  1 drivers
v0x1492342b0_0 .net *"_ivl_126", 0 0, L_0x1492b4390;  1 drivers
v0x149234360_0 .net *"_ivl_127", 0 0, L_0x1492b3e70;  1 drivers
v0x1492344f0_0 .net *"_ivl_13", 0 0, L_0x1492b0e60;  1 drivers
v0x149234580_0 .net *"_ivl_130", 0 0, L_0x1492b4520;  1 drivers
v0x149234630_0 .net *"_ivl_131", 0 0, L_0x1492b40a0;  1 drivers
v0x1492346e0_0 .net *"_ivl_134", 0 0, L_0x1492b42d0;  1 drivers
v0x149234790_0 .net *"_ivl_135", 0 0, L_0x1492b46d0;  1 drivers
v0x149234840_0 .net *"_ivl_138", 0 0, L_0x1492b48c0;  1 drivers
v0x1492348f0_0 .net *"_ivl_139", 0 0, L_0x1492b4430;  1 drivers
v0x1492349a0_0 .net *"_ivl_15", 0 0, L_0x1492b0f40;  1 drivers
v0x149234a50_0 .net *"_ivl_16", 0 0, L_0x1492b1020;  1 drivers
v0x149234b00_0 .net *"_ivl_18", 0 0, L_0x1492b1150;  1 drivers
v0x149234bb0_0 .net *"_ivl_23", 0 0, L_0x1492b1270;  1 drivers
v0x149234c60_0 .net *"_ivl_25", 0 0, L_0x1492b1310;  1 drivers
v0x149234d10_0 .net *"_ivl_27", 0 0, L_0x1492b13e0;  1 drivers
v0x149234dc0_0 .net *"_ivl_28", 0 0, L_0x1492b1500;  1 drivers
v0x149234e70_0 .net *"_ivl_30", 0 0, L_0x1492b15d0;  1 drivers
v0x149234f20_0 .net *"_ivl_33", 0 0, L_0x1492b1700;  1 drivers
v0x149234410_0 .net *"_ivl_35", 0 0, L_0x1492b1820;  1 drivers
v0x1492351b0_0 .net *"_ivl_36", 0 0, L_0x1492b18c0;  1 drivers
v0x149235240_0 .net *"_ivl_39", 0 0, L_0x1492b19b0;  1 drivers
v0x1492352e0_0 .net *"_ivl_40", 0 0, L_0x1492b1ae0;  1 drivers
v0x149235390_0 .net *"_ivl_42", 0 0, L_0x1492b1be0;  1 drivers
v0x149235440_0 .net *"_ivl_48", 0 0, L_0x1492b1e20;  1 drivers
v0x1492354f0_0 .net *"_ivl_50", 0 0, L_0x1492b1f20;  1 drivers
v0x1492355a0_0 .net *"_ivl_52", 0 0, L_0x1492b1fc0;  1 drivers
v0x149235650_0 .net *"_ivl_53", 0 0, L_0x1492b20d0;  1 drivers
v0x149235700_0 .net *"_ivl_55", 0 0, L_0x1492b21e0;  1 drivers
v0x1492357b0_0 .net *"_ivl_58", 0 0, L_0x1492b2290;  1 drivers
v0x149235860_0 .net *"_ivl_60", 0 0, L_0x1492b2330;  1 drivers
v0x149235910_0 .net *"_ivl_61", 0 0, L_0x1492b2060;  1 drivers
v0x1492359c0_0 .net *"_ivl_64", 0 0, L_0x1492b25c0;  1 drivers
v0x149235a70_0 .net *"_ivl_65", 0 0, L_0x1492b2660;  1 drivers
v0x149235b20_0 .net *"_ivl_67", 0 0, L_0x1492b2710;  1 drivers
v0x149235bd0_0 .net *"_ivl_7", 0 0, L_0x1492b0d10;  1 drivers
v0x149235c80_0 .net *"_ivl_70", 0 0, L_0x1492b2880;  1 drivers
v0x149235d30_0 .net *"_ivl_72", 0 0, L_0x1492b29b0;  1 drivers
v0x149235de0_0 .net *"_ivl_73", 0 0, L_0x1492b2550;  1 drivers
v0x149235e90_0 .net *"_ivl_76", 0 0, L_0x1492b2a90;  1 drivers
v0x149235f40_0 .net *"_ivl_77", 0 0, L_0x1492b2bd0;  1 drivers
v0x149235ff0_0 .net *"_ivl_80", 0 0, L_0x1492b2cf0;  1 drivers
v0x1492360a0_0 .net *"_ivl_81", 0 0, L_0x1492b2d90;  1 drivers
v0x149236150_0 .net *"_ivl_83", 0 0, L_0x1492b2e60;  1 drivers
v0x149236200_0 .net *"_ivl_86", 0 0, L_0x1492b3030;  1 drivers
v0x1492362b0_0 .net *"_ivl_88", 0 0, L_0x1492b2b30;  1 drivers
v0x149236360_0 .net *"_ivl_90", 0 0, L_0x1492b31d0;  1 drivers
v0x149236410_0 .net *"_ivl_91", 0 0, L_0x1492b1480;  1 drivers
v0x1492364c0_0 .net *"_ivl_93", 0 0, L_0x1492b3370;  1 drivers
v0x149236570_0 .net *"_ivl_96", 0 0, L_0x1492b2f90;  1 drivers
v0x149236620_0 .net *"_ivl_98", 0 0, L_0x1492b3510;  1 drivers
v0x149234fd0_0 .net *"_ivl_99", 0 0, L_0x1492b3680;  1 drivers
v0x149235080_0 .net "a", 3 0, L_0x1492b4b90;  1 drivers
v0x1492366b0_0 .net "b", 3 0, L_0x1492b4c30;  1 drivers
v0x149236740_0 .net "c", 3 0, L_0x1492b1c90;  1 drivers
v0x1492367d0_0 .net "cin", 0 0, L_0x1492b0130;  alias, 1 drivers
v0x149236860_0 .net "cout", 0 0, L_0x1492b45c0;  alias, 1 drivers
v0x1492368f0_0 .net "sum", 3 0, L_0x1492b47c0;  1 drivers
L_0x1492b0d80 .part L_0x1492b0c20, 0, 1;
L_0x1492b0e60 .part L_0x1492b0bb0, 0, 1;
L_0x1492b0f40 .part L_0x1492b1c90, 0, 1;
L_0x1492b1270 .part L_0x1492b0c20, 1, 1;
L_0x1492b1310 .part L_0x1492b0bb0, 1, 1;
L_0x1492b13e0 .part L_0x1492b0c20, 0, 1;
L_0x1492b1700 .part L_0x1492b0bb0, 1, 1;
L_0x1492b1820 .part L_0x1492b0bb0, 0, 1;
L_0x1492b19b0 .part L_0x1492b1c90, 0, 1;
L_0x1492b1c90 .concat8 [ 1 1 1 1], L_0x1492b0d10, L_0x1492b1150, L_0x1492b1be0, L_0x1492b2e60;
L_0x1492b1e20 .part L_0x1492b0c20, 2, 1;
L_0x1492b1f20 .part L_0x1492b0bb0, 2, 1;
L_0x1492b1fc0 .part L_0x1492b0c20, 1, 1;
L_0x1492b2290 .part L_0x1492b0bb0, 2, 1;
L_0x1492b2330 .part L_0x1492b0bb0, 1, 1;
L_0x1492b25c0 .part L_0x1492b0c20, 0, 1;
L_0x1492b2880 .part L_0x1492b0bb0, 2, 1;
L_0x1492b29b0 .part L_0x1492b0bb0, 1, 1;
L_0x1492b2a90 .part L_0x1492b0bb0, 0, 1;
L_0x1492b2cf0 .part L_0x1492b1c90, 0, 1;
L_0x1492b3030 .part L_0x1492b0c20, 3, 1;
L_0x1492b2b30 .part L_0x1492b0bb0, 3, 1;
L_0x1492b31d0 .part L_0x1492b0c20, 2, 1;
L_0x1492b2f90 .part L_0x1492b0bb0, 3, 1;
L_0x1492b3510 .part L_0x1492b0bb0, 2, 1;
L_0x1492b3710 .part L_0x1492b0c20, 1, 1;
L_0x1492b39d0 .part L_0x1492b0bb0, 3, 1;
L_0x1492b3b50 .part L_0x1492b0bb0, 2, 1;
L_0x1492b2410 .part L_0x1492b0bb0, 1, 1;
L_0x1492b3a70 .part L_0x1492b0c20, 0, 1;
L_0x1492b41f0 .part L_0x1492b0bb0, 3, 1;
L_0x1492b4390 .part L_0x1492b0bb0, 2, 1;
L_0x1492b4520 .part L_0x1492b0bb0, 1, 1;
L_0x1492b42d0 .part L_0x1492b0bb0, 0, 1;
L_0x1492b48c0 .part L_0x1492b1c90, 0, 1;
S_0x1492369b0 .scope module, "n2" "cla_4" 6 15, 7 3 0, S_0x149233240;
 .timescale -9 -11;
    .port_info 0 /INPUT 4 "a";
    .port_info 1 /INPUT 4 "b";
    .port_info 2 /INPUT 1 "cin";
    .port_info 3 /OUTPUT 4 "sum";
    .port_info 4 /OUTPUT 1 "cout";
L_0x1492b4830 .functor XOR 4, L_0x1492b8d20, L_0x1492b8dc0, C4<0000>, C4<0000>;
L_0x1492b4d30 .functor AND 4, L_0x1492b8d20, L_0x1492b8dc0, C4<1111>, C4<1111>;
L_0x1492b4e60 .functor BUFZ 1, L_0x1492b45c0, C4<0>, C4<0>, C4<0>;
L_0x1492b51d0 .functor AND 1, L_0x1492b5030, L_0x1492b5110, C4<1>, C4<1>;
L_0x1492b52e0 .functor OR 1, L_0x1492b4f50, L_0x1492b51d0, C4<0>, C4<0>;
L_0x1492b5690 .functor AND 1, L_0x1492b54a0, L_0x1492b5570, C4<1>, C4<1>;
L_0x1492b5760 .functor OR 1, L_0x1492b5400, L_0x1492b5690, C4<0>, C4<0>;
L_0x1492b5a50 .functor AND 1, L_0x1492b5890, L_0x1492b59b0, C4<1>, C4<1>;
L_0x1492b5c70 .functor AND 1, L_0x1492b5a50, L_0x1492b5b40, C4<1>, C4<1>;
L_0x1492b5d70 .functor OR 1, L_0x1492b5760, L_0x1492b5c70, C4<0>, C4<0>;
L_0x1492b6260 .functor AND 1, L_0x1492b60b0, L_0x1492b6150, C4<1>, C4<1>;
L_0x1492b6370 .functor OR 1, L_0x1492b5fb0, L_0x1492b6260, C4<0>, C4<0>;
L_0x1492b61f0 .functor AND 1, L_0x1492b6420, L_0x1492b64c0, C4<1>, C4<1>;
L_0x1492b67f0 .functor AND 1, L_0x1492b61f0, L_0x1492b6750, C4<1>, C4<1>;
L_0x1492b68a0 .functor OR 1, L_0x1492b6370, L_0x1492b67f0, C4<0>, C4<0>;
L_0x1492b66e0 .functor AND 1, L_0x1492b6a10, L_0x1492b6b40, C4<1>, C4<1>;
L_0x1492b6d60 .functor AND 1, L_0x1492b66e0, L_0x1492b6c20, C4<1>, C4<1>;
L_0x1492b6f20 .functor AND 1, L_0x1492b6d60, L_0x1492b6e80, C4<1>, C4<1>;
L_0x1492b6ff0 .functor OR 1, L_0x1492b68a0, L_0x1492b6f20, C4<0>, C4<0>;
L_0x1492b5610 .functor AND 1, L_0x1492b6cc0, L_0x1492b7360, C4<1>, C4<1>;
L_0x1492b7500 .functor OR 1, L_0x1492b71c0, L_0x1492b5610, C4<0>, C4<0>;
L_0x1492b7810 .functor AND 1, L_0x1492b7120, L_0x1492b76a0, C4<1>, C4<1>;
L_0x1492b7940 .functor AND 1, L_0x1492b7810, L_0x1492b78a0, C4<1>, C4<1>;
L_0x1492b7af0 .functor OR 1, L_0x1492b7500, L_0x1492b7940, C4<0>, C4<0>;
L_0x1492b7740 .functor AND 1, L_0x1492b7b60, L_0x1492b7ce0, C4<1>, C4<1>;
L_0x1492b7a30 .functor AND 1, L_0x1492b7740, L_0x1492b65a0, C4<1>, C4<1>;
L_0x1492b8140 .functor AND 1, L_0x1492b7a30, L_0x1492b7c00, C4<1>, C4<1>;
L_0x1492b8310 .functor OR 1, L_0x1492b7af0, L_0x1492b8140, C4<0>, C4<0>;
L_0x1492b8000 .functor AND 1, L_0x1492b8380, L_0x1492b8520, C4<1>, C4<1>;
L_0x1492b8230 .functor AND 1, L_0x1492b8000, L_0x1492b86b0, C4<1>, C4<1>;
L_0x1492b8860 .functor AND 1, L_0x1492b8230, L_0x1492b8460, C4<1>, C4<1>;
L_0x1492b85c0 .functor AND 1, L_0x1492b8860, L_0x1492b8a50, C4<1>, C4<1>;
L_0x1492b8750 .functor OR 1, L_0x1492b8310, L_0x1492b85c0, C4<0>, C4<0>;
L_0x1492b8950 .functor XOR 4, L_0x1492b4830, L_0x1492b5e20, C4<0000>, C4<0000>;
v0x149236bf0_0 .net "G", 3 0, L_0x1492b4d30;  1 drivers
v0x149236c90_0 .net "P", 3 0, L_0x1492b4830;  1 drivers
v0x149236d40_0 .net *"_ivl_102", 0 0, L_0x1492b78a0;  1 drivers
v0x149236e00_0 .net *"_ivl_103", 0 0, L_0x1492b7940;  1 drivers
v0x149236eb0_0 .net *"_ivl_105", 0 0, L_0x1492b7af0;  1 drivers
v0x149236fa0_0 .net *"_ivl_108", 0 0, L_0x1492b7b60;  1 drivers
v0x149237050_0 .net *"_ivl_11", 0 0, L_0x1492b4f50;  1 drivers
v0x149237100_0 .net *"_ivl_110", 0 0, L_0x1492b7ce0;  1 drivers
v0x1492371b0_0 .net *"_ivl_111", 0 0, L_0x1492b7740;  1 drivers
v0x1492372c0_0 .net *"_ivl_114", 0 0, L_0x1492b65a0;  1 drivers
v0x149237370_0 .net *"_ivl_115", 0 0, L_0x1492b7a30;  1 drivers
v0x149237420_0 .net *"_ivl_118", 0 0, L_0x1492b7c00;  1 drivers
v0x1492374d0_0 .net *"_ivl_119", 0 0, L_0x1492b8140;  1 drivers
v0x149237580_0 .net *"_ivl_121", 0 0, L_0x1492b8310;  1 drivers
v0x149237630_0 .net *"_ivl_124", 0 0, L_0x1492b8380;  1 drivers
v0x1492376e0_0 .net *"_ivl_126", 0 0, L_0x1492b8520;  1 drivers
v0x149237790_0 .net *"_ivl_127", 0 0, L_0x1492b8000;  1 drivers
v0x149237920_0 .net *"_ivl_13", 0 0, L_0x1492b5030;  1 drivers
v0x1492379b0_0 .net *"_ivl_130", 0 0, L_0x1492b86b0;  1 drivers
v0x149237a60_0 .net *"_ivl_131", 0 0, L_0x1492b8230;  1 drivers
v0x149237b10_0 .net *"_ivl_134", 0 0, L_0x1492b8460;  1 drivers
v0x149237bc0_0 .net *"_ivl_135", 0 0, L_0x1492b8860;  1 drivers
v0x149237c70_0 .net *"_ivl_138", 0 0, L_0x1492b8a50;  1 drivers
v0x149237d20_0 .net *"_ivl_139", 0 0, L_0x1492b85c0;  1 drivers
v0x149237dd0_0 .net *"_ivl_15", 0 0, L_0x1492b5110;  1 drivers
v0x149237e80_0 .net *"_ivl_16", 0 0, L_0x1492b51d0;  1 drivers
v0x149237f30_0 .net *"_ivl_18", 0 0, L_0x1492b52e0;  1 drivers
v0x149237fe0_0 .net *"_ivl_23", 0 0, L_0x1492b5400;  1 drivers
v0x149238090_0 .net *"_ivl_25", 0 0, L_0x1492b54a0;  1 drivers
v0x149238140_0 .net *"_ivl_27", 0 0, L_0x1492b5570;  1 drivers
v0x1492381f0_0 .net *"_ivl_28", 0 0, L_0x1492b5690;  1 drivers
v0x1492382a0_0 .net *"_ivl_30", 0 0, L_0x1492b5760;  1 drivers
v0x149238350_0 .net *"_ivl_33", 0 0, L_0x1492b5890;  1 drivers
v0x149237840_0 .net *"_ivl_35", 0 0, L_0x1492b59b0;  1 drivers
v0x1492385e0_0 .net *"_ivl_36", 0 0, L_0x1492b5a50;  1 drivers
v0x149238670_0 .net *"_ivl_39", 0 0, L_0x1492b5b40;  1 drivers
v0x149238710_0 .net *"_ivl_40", 0 0, L_0x1492b5c70;  1 drivers
v0x1492387c0_0 .net *"_ivl_42", 0 0, L_0x1492b5d70;  1 drivers
v0x149238870_0 .net *"_ivl_48", 0 0, L_0x1492b5fb0;  1 drivers
v0x149238920_0 .net *"_ivl_50", 0 0, L_0x1492b60b0;  1 drivers
v0x1492389d0_0 .net *"_ivl_52", 0 0, L_0x1492b6150;  1 drivers
v0x149238a80_0 .net *"_ivl_53", 0 0, L_0x1492b6260;  1 drivers
v0x149238b30_0 .net *"_ivl_55", 0 0, L_0x1492b6370;  1 drivers
v0x149238be0_0 .net *"_ivl_58", 0 0, L_0x1492b6420;  1 drivers
v0x149238c90_0 .net *"_ivl_60", 0 0, L_0x1492b64c0;  1 drivers
v0x149238d40_0 .net *"_ivl_61", 0 0, L_0x1492b61f0;  1 drivers
v0x149238df0_0 .net *"_ivl_64", 0 0, L_0x1492b6750;  1 drivers
v0x149238ea0_0 .net *"_ivl_65", 0 0, L_0x1492b67f0;  1 drivers
v0x149238f50_0 .net *"_ivl_67", 0 0, L_0x1492b68a0;  1 drivers
v0x149239000_0 .net *"_ivl_7", 0 0, L_0x1492b4e60;  1 drivers
v0x1492390b0_0 .net *"_ivl_70", 0 0, L_0x1492b6a10;  1 drivers
v0x149239160_0 .net *"_ivl_72", 0 0, L_0x1492b6b40;  1 drivers
v0x149239210_0 .net *"_ivl_73", 0 0, L_0x1492b66e0;  1 drivers
v0x1492392c0_0 .net *"_ivl_76", 0 0, L_0x1492b6c20;  1 drivers
v0x149239370_0 .net *"_ivl_77", 0 0, L_0x1492b6d60;  1 drivers
v0x149239420_0 .net *"_ivl_80", 0 0, L_0x1492b6e80;  1 drivers
v0x1492394d0_0 .net *"_ivl_81", 0 0, L_0x1492b6f20;  1 drivers
v0x149239580_0 .net *"_ivl_83", 0 0, L_0x1492b6ff0;  1 drivers
v0x149239630_0 .net *"_ivl_86", 0 0, L_0x1492b71c0;  1 drivers
v0x1492396e0_0 .net *"_ivl_88", 0 0, L_0x1492b6cc0;  1 drivers
v0x149239790_0 .net *"_ivl_90", 0 0, L_0x1492b7360;  1 drivers
v0x149239840_0 .net *"_ivl_91", 0 0, L_0x1492b5610;  1 drivers
v0x1492398f0_0 .net *"_ivl_93", 0 0, L_0x1492b7500;  1 drivers
v0x1492399a0_0 .net *"_ivl_96", 0 0, L_0x1492b7120;  1 drivers
v0x149239a50_0 .net *"_ivl_98", 0 0, L_0x1492b76a0;  1 drivers
v0x149238400_0 .net *"_ivl_99", 0 0, L_0x1492b7810;  1 drivers
v0x1492384b0_0 .net "a", 3 0, L_0x1492b8d20;  1 drivers
v0x149239ae0_0 .net "b", 3 0, L_0x1492b8dc0;  1 drivers
v0x149239b70_0 .net "c", 3 0, L_0x1492b5e20;  1 drivers
v0x149239c00_0 .net "cin", 0 0, L_0x1492b45c0;  alias, 1 drivers
v0x149239c90_0 .net "cout", 0 0, L_0x1492b8750;  alias, 1 drivers
v0x149239d20_0 .net "sum", 3 0, L_0x1492b8950;  1 drivers
L_0x1492b4f50 .part L_0x1492b4d30, 0, 1;
L_0x1492b5030 .part L_0x1492b4830, 0, 1;
L_0x1492b5110 .part L_0x1492b5e20, 0, 1;
L_0x1492b5400 .part L_0x1492b4d30, 1, 1;
L_0x1492b54a0 .part L_0x1492b4830, 1, 1;
L_0x1492b5570 .part L_0x1492b4d30, 0, 1;
L_0x1492b5890 .part L_0x1492b4830, 1, 1;
L_0x1492b59b0 .part L_0x1492b4830, 0, 1;
L_0x1492b5b40 .part L_0x1492b5e20, 0, 1;
L_0x1492b5e20 .concat8 [ 1 1 1 1], L_0x1492b4e60, L_0x1492b52e0, L_0x1492b5d70, L_0x1492b6ff0;
L_0x1492b5fb0 .part L_0x1492b4d30, 2, 1;
L_0x1492b60b0 .part L_0x1492b4830, 2, 1;
L_0x1492b6150 .part L_0x1492b4d30, 1, 1;
L_0x1492b6420 .part L_0x1492b4830, 2, 1;
L_0x1492b64c0 .part L_0x1492b4830, 1, 1;
L_0x1492b6750 .part L_0x1492b4d30, 0, 1;
L_0x1492b6a10 .part L_0x1492b4830, 2, 1;
L_0x1492b6b40 .part L_0x1492b4830, 1, 1;
L_0x1492b6c20 .part L_0x1492b4830, 0, 1;
L_0x1492b6e80 .part L_0x1492b5e20, 0, 1;
L_0x1492b71c0 .part L_0x1492b4d30, 3, 1;
L_0x1492b6cc0 .part L_0x1492b4830, 3, 1;
L_0x1492b7360 .part L_0x1492b4d30, 2, 1;
L_0x1492b7120 .part L_0x1492b4830, 3, 1;
L_0x1492b76a0 .part L_0x1492b4830, 2, 1;
L_0x1492b78a0 .part L_0x1492b4d30, 1, 1;
L_0x1492b7b60 .part L_0x1492b4830, 3, 1;
L_0x1492b7ce0 .part L_0x1492b4830, 2, 1;
L_0x1492b65a0 .part L_0x1492b4830, 1, 1;
L_0x1492b7c00 .part L_0x1492b4d30, 0, 1;
L_0x1492b8380 .part L_0x1492b4830, 3, 1;
L_0x1492b8520 .part L_0x1492b4830, 2, 1;
L_0x1492b86b0 .part L_0x1492b4830, 1, 1;
L_0x1492b8460 .part L_0x1492b4830, 0, 1;
L_0x1492b8a50 .part L_0x1492b5e20, 0, 1;
S_0x149239db0 .scope module, "n3" "cla_4" 6 16, 7 3 0, S_0x149233240;
 .timescale -9 -11;
    .port_info 0 /INPUT 4 "a";
    .port_info 1 /INPUT 4 "b";
    .port_info 2 /INPUT 1 "cin";
    .port_info 3 /OUTPUT 4 "sum";
    .port_info 4 /OUTPUT 1 "cout";
L_0x1492b8e60 .functor XOR 4, L_0x1492bcf00, L_0x1492bcfa0, C4<0000>, C4<0000>;
L_0x1492b8ef0 .functor AND 4, L_0x1492bcf00, L_0x1492bcfa0, C4<1111>, C4<1111>;
L_0x1492b9020 .functor BUFZ 1, L_0x1492b8750, C4<0>, C4<0>, C4<0>;
L_0x1492b9390 .functor AND 1, L_0x1492b91f0, L_0x1492b92d0, C4<1>, C4<1>;
L_0x1492b94c0 .functor OR 1, L_0x1492b9110, L_0x1492b9390, C4<0>, C4<0>;
L_0x1492b9870 .functor AND 1, L_0x1492b9680, L_0x1492b9750, C4<1>, C4<1>;
L_0x1492b9940 .functor OR 1, L_0x1492b95e0, L_0x1492b9870, C4<0>, C4<0>;
L_0x1492b9c30 .functor AND 1, L_0x1492b9a70, L_0x1492b9b90, C4<1>, C4<1>;
L_0x1492b9e50 .functor AND 1, L_0x1492b9c30, L_0x1492b9d20, C4<1>, C4<1>;
L_0x1492b9f50 .functor OR 1, L_0x1492b9940, L_0x1492b9e50, C4<0>, C4<0>;
L_0x1492ba440 .functor AND 1, L_0x1492ba290, L_0x1492ba330, C4<1>, C4<1>;
L_0x1492ba550 .functor OR 1, L_0x1492ba190, L_0x1492ba440, C4<0>, C4<0>;
L_0x1492ba3d0 .functor AND 1, L_0x1492ba600, L_0x1492ba6a0, C4<1>, C4<1>;
L_0x1492ba9d0 .functor AND 1, L_0x1492ba3d0, L_0x1492ba930, C4<1>, C4<1>;
L_0x1492baa80 .functor OR 1, L_0x1492ba550, L_0x1492ba9d0, C4<0>, C4<0>;
L_0x1492ba8c0 .functor AND 1, L_0x1492babf0, L_0x1492bad20, C4<1>, C4<1>;
L_0x1492baf40 .functor AND 1, L_0x1492ba8c0, L_0x1492bae00, C4<1>, C4<1>;
L_0x1492bb100 .functor AND 1, L_0x1492baf40, L_0x1492bb060, C4<1>, C4<1>;
L_0x1492bb1d0 .functor OR 1, L_0x1492baa80, L_0x1492bb100, C4<0>, C4<0>;
L_0x1492b97f0 .functor AND 1, L_0x1492baea0, L_0x1492bb540, C4<1>, C4<1>;
L_0x1492bb6e0 .functor OR 1, L_0x1492bb3a0, L_0x1492b97f0, C4<0>, C4<0>;
L_0x1492bb9f0 .functor AND 1, L_0x1492bb300, L_0x1492bb880, C4<1>, C4<1>;
L_0x1492bbb20 .functor AND 1, L_0x1492bb9f0, L_0x1492bba80, C4<1>, C4<1>;
L_0x1492bbcd0 .functor OR 1, L_0x1492bb6e0, L_0x1492bbb20, C4<0>, C4<0>;
L_0x1492bb920 .functor AND 1, L_0x1492bbd40, L_0x1492bbec0, C4<1>, C4<1>;
L_0x1492bbc10 .functor AND 1, L_0x1492bb920, L_0x1492ba780, C4<1>, C4<1>;
L_0x1492bc320 .functor AND 1, L_0x1492bbc10, L_0x1492bbde0, C4<1>, C4<1>;
L_0x1492bc4f0 .functor OR 1, L_0x1492bbcd0, L_0x1492bc320, C4<0>, C4<0>;
L_0x1492bc1e0 .functor AND 1, L_0x1492bc560, L_0x1492bc700, C4<1>, C4<1>;
L_0x1492bc410 .functor AND 1, L_0x1492bc1e0, L_0x1492bc890, C4<1>, C4<1>;
L_0x1492bca40 .functor AND 1, L_0x1492bc410, L_0x1492bc640, C4<1>, C4<1>;
L_0x1492bc7a0 .functor AND 1, L_0x1492bca40, L_0x1492bcc30, C4<1>, C4<1>;
L_0x1492bc930 .functor OR 1, L_0x1492bc4f0, L_0x1492bc7a0, C4<0>, C4<0>;
L_0x1492bcb30 .functor XOR 4, L_0x1492b8e60, L_0x1492ba000, C4<0000>, C4<0000>;
v0x14923a010_0 .net "G", 3 0, L_0x1492b8ef0;  1 drivers
v0x14923a0c0_0 .net "P", 3 0, L_0x1492b8e60;  1 drivers
v0x14923a170_0 .net *"_ivl_102", 0 0, L_0x1492bba80;  1 drivers
v0x14923a230_0 .net *"_ivl_103", 0 0, L_0x1492bbb20;  1 drivers
v0x14923a2e0_0 .net *"_ivl_105", 0 0, L_0x1492bbcd0;  1 drivers
v0x14923a3d0_0 .net *"_ivl_108", 0 0, L_0x1492bbd40;  1 drivers
v0x14923a480_0 .net *"_ivl_11", 0 0, L_0x1492b9110;  1 drivers
v0x14923a530_0 .net *"_ivl_110", 0 0, L_0x1492bbec0;  1 drivers
v0x14923a5e0_0 .net *"_ivl_111", 0 0, L_0x1492bb920;  1 drivers
v0x14923a6f0_0 .net *"_ivl_114", 0 0, L_0x1492ba780;  1 drivers
v0x14923a7a0_0 .net *"_ivl_115", 0 0, L_0x1492bbc10;  1 drivers
v0x14923a850_0 .net *"_ivl_118", 0 0, L_0x1492bbde0;  1 drivers
v0x14923a900_0 .net *"_ivl_119", 0 0, L_0x1492bc320;  1 drivers
v0x14923a9b0_0 .net *"_ivl_121", 0 0, L_0x1492bc4f0;  1 drivers
v0x14923aa60_0 .net *"_ivl_124", 0 0, L_0x1492bc560;  1 drivers
v0x14923ab10_0 .net *"_ivl_126", 0 0, L_0x1492bc700;  1 drivers
v0x14923abc0_0 .net *"_ivl_127", 0 0, L_0x1492bc1e0;  1 drivers
v0x14923ad50_0 .net *"_ivl_13", 0 0, L_0x1492b91f0;  1 drivers
v0x14923ade0_0 .net *"_ivl_130", 0 0, L_0x1492bc890;  1 drivers
v0x14923ae90_0 .net *"_ivl_131", 0 0, L_0x1492bc410;  1 drivers
v0x14923af40_0 .net *"_ivl_134", 0 0, L_0x1492bc640;  1 drivers
v0x14923aff0_0 .net *"_ivl_135", 0 0, L_0x1492bca40;  1 drivers
v0x14923b0a0_0 .net *"_ivl_138", 0 0, L_0x1492bcc30;  1 drivers
v0x14923b150_0 .net *"_ivl_139", 0 0, L_0x1492bc7a0;  1 drivers
v0x14923b200_0 .net *"_ivl_15", 0 0, L_0x1492b92d0;  1 drivers
v0x14923b2b0_0 .net *"_ivl_16", 0 0, L_0x1492b9390;  1 drivers
v0x14923b360_0 .net *"_ivl_18", 0 0, L_0x1492b94c0;  1 drivers
v0x14923b410_0 .net *"_ivl_23", 0 0, L_0x1492b95e0;  1 drivers
v0x14923b4c0_0 .net *"_ivl_25", 0 0, L_0x1492b9680;  1 drivers
v0x14923b570_0 .net *"_ivl_27", 0 0, L_0x1492b9750;  1 drivers
v0x14923b620_0 .net *"_ivl_28", 0 0, L_0x1492b9870;  1 drivers
v0x14923b6d0_0 .net *"_ivl_30", 0 0, L_0x1492b9940;  1 drivers
v0x14923b780_0 .net *"_ivl_33", 0 0, L_0x1492b9a70;  1 drivers
v0x14923ac70_0 .net *"_ivl_35", 0 0, L_0x1492b9b90;  1 drivers
v0x14923ba10_0 .net *"_ivl_36", 0 0, L_0x1492b9c30;  1 drivers
v0x14923baa0_0 .net *"_ivl_39", 0 0, L_0x1492b9d20;  1 drivers
v0x14923bb40_0 .net *"_ivl_40", 0 0, L_0x1492b9e50;  1 drivers
v0x14923bbf0_0 .net *"_ivl_42", 0 0, L_0x1492b9f50;  1 drivers
v0x14923bca0_0 .net *"_ivl_48", 0 0, L_0x1492ba190;  1 drivers
v0x14923bd50_0 .net *"_ivl_50", 0 0, L_0x1492ba290;  1 drivers
v0x14923be00_0 .net *"_ivl_52", 0 0, L_0x1492ba330;  1 drivers
v0x14923beb0_0 .net *"_ivl_53", 0 0, L_0x1492ba440;  1 drivers
v0x14923bf60_0 .net *"_ivl_55", 0 0, L_0x1492ba550;  1 drivers
v0x14923c010_0 .net *"_ivl_58", 0 0, L_0x1492ba600;  1 drivers
v0x14923c0c0_0 .net *"_ivl_60", 0 0, L_0x1492ba6a0;  1 drivers
v0x14923c170_0 .net *"_ivl_61", 0 0, L_0x1492ba3d0;  1 drivers
v0x14923c220_0 .net *"_ivl_64", 0 0, L_0x1492ba930;  1 drivers
v0x14923c2d0_0 .net *"_ivl_65", 0 0, L_0x1492ba9d0;  1 drivers
v0x14923c380_0 .net *"_ivl_67", 0 0, L_0x1492baa80;  1 drivers
v0x14923c430_0 .net *"_ivl_7", 0 0, L_0x1492b9020;  1 drivers
v0x14923c4e0_0 .net *"_ivl_70", 0 0, L_0x1492babf0;  1 drivers
v0x14923c590_0 .net *"_ivl_72", 0 0, L_0x1492bad20;  1 drivers
v0x14923c640_0 .net *"_ivl_73", 0 0, L_0x1492ba8c0;  1 drivers
v0x14923c6f0_0 .net *"_ivl_76", 0 0, L_0x1492bae00;  1 drivers
v0x14923c7a0_0 .net *"_ivl_77", 0 0, L_0x1492baf40;  1 drivers
v0x14923c850_0 .net *"_ivl_80", 0 0, L_0x1492bb060;  1 drivers
v0x14923c900_0 .net *"_ivl_81", 0 0, L_0x1492bb100;  1 drivers
v0x14923c9b0_0 .net *"_ivl_83", 0 0, L_0x1492bb1d0;  1 drivers
v0x14923ca60_0 .net *"_ivl_86", 0 0, L_0x1492bb3a0;  1 drivers
v0x14923cb10_0 .net *"_ivl_88", 0 0, L_0x1492baea0;  1 drivers
v0x14923cbc0_0 .net *"_ivl_90", 0 0, L_0x1492bb540;  1 drivers
v0x14923cc70_0 .net *"_ivl_91", 0 0, L_0x1492b97f0;  1 drivers
v0x14923cd20_0 .net *"_ivl_93", 0 0, L_0x1492bb6e0;  1 drivers
v0x14923cdd0_0 .net *"_ivl_96", 0 0, L_0x1492bb300;  1 drivers
v0x14923ce80_0 .net *"_ivl_98", 0 0, L_0x1492bb880;  1 drivers
v0x14923b830_0 .net *"_ivl_99", 0 0, L_0x1492bb9f0;  1 drivers
v0x14923b8e0_0 .net "a", 3 0, L_0x1492bcf00;  1 drivers
v0x14923cf10_0 .net "b", 3 0, L_0x1492bcfa0;  1 drivers
v0x14923cfa0_0 .net "c", 3 0, L_0x1492ba000;  1 drivers
v0x14923d030_0 .net "cin", 0 0, L_0x1492b8750;  alias, 1 drivers
v0x14923d0c0_0 .net "cout", 0 0, L_0x1492bc930;  alias, 1 drivers
v0x14923d150_0 .net "sum", 3 0, L_0x1492bcb30;  1 drivers
L_0x1492b9110 .part L_0x1492b8ef0, 0, 1;
L_0x1492b91f0 .part L_0x1492b8e60, 0, 1;
L_0x1492b92d0 .part L_0x1492ba000, 0, 1;
L_0x1492b95e0 .part L_0x1492b8ef0, 1, 1;
L_0x1492b9680 .part L_0x1492b8e60, 1, 1;
L_0x1492b9750 .part L_0x1492b8ef0, 0, 1;
L_0x1492b9a70 .part L_0x1492b8e60, 1, 1;
L_0x1492b9b90 .part L_0x1492b8e60, 0, 1;
L_0x1492b9d20 .part L_0x1492ba000, 0, 1;
L_0x1492ba000 .concat8 [ 1 1 1 1], L_0x1492b9020, L_0x1492b94c0, L_0x1492b9f50, L_0x1492bb1d0;
L_0x1492ba190 .part L_0x1492b8ef0, 2, 1;
L_0x1492ba290 .part L_0x1492b8e60, 2, 1;
L_0x1492ba330 .part L_0x1492b8ef0, 1, 1;
L_0x1492ba600 .part L_0x1492b8e60, 2, 1;
L_0x1492ba6a0 .part L_0x1492b8e60, 1, 1;
L_0x1492ba930 .part L_0x1492b8ef0, 0, 1;
L_0x1492babf0 .part L_0x1492b8e60, 2, 1;
L_0x1492bad20 .part L_0x1492b8e60, 1, 1;
L_0x1492bae00 .part L_0x1492b8e60, 0, 1;
L_0x1492bb060 .part L_0x1492ba000, 0, 1;
L_0x1492bb3a0 .part L_0x1492b8ef0, 3, 1;
L_0x1492baea0 .part L_0x1492b8e60, 3, 1;
L_0x1492bb540 .part L_0x1492b8ef0, 2, 1;
L_0x1492bb300 .part L_0x1492b8e60, 3, 1;
L_0x1492bb880 .part L_0x1492b8e60, 2, 1;
L_0x1492bba80 .part L_0x1492b8ef0, 1, 1;
L_0x1492bbd40 .part L_0x1492b8e60, 3, 1;
L_0x1492bbec0 .part L_0x1492b8e60, 2, 1;
L_0x1492ba780 .part L_0x1492b8e60, 1, 1;
L_0x1492bbde0 .part L_0x1492b8ef0, 0, 1;
L_0x1492bc560 .part L_0x1492b8e60, 3, 1;
L_0x1492bc700 .part L_0x1492b8e60, 2, 1;
L_0x1492bc890 .part L_0x1492b8e60, 1, 1;
L_0x1492bc640 .part L_0x1492b8e60, 0, 1;
L_0x1492bcc30 .part L_0x1492ba000, 0, 1;
S_0x14923d1e0 .scope module, "n4" "cla_4" 6 17, 7 3 0, S_0x149233240;
 .timescale -9 -11;
    .port_info 0 /INPUT 4 "a";
    .port_info 1 /INPUT 4 "b";
    .port_info 2 /INPUT 1 "cin";
    .port_info 3 /OUTPUT 4 "sum";
    .port_info 4 /OUTPUT 1 "cout";
L_0x1492bd040 .functor XOR 4, L_0x1492c1060, L_0x1492c1100, C4<0000>, C4<0000>;
L_0x1492bd0b0 .functor AND 4, L_0x1492c1060, L_0x1492c1100, C4<1111>, C4<1111>;
L_0x1492bd1a0 .functor BUFZ 1, L_0x1492bc930, C4<0>, C4<0>, C4<0>;
L_0x1492bd510 .functor AND 1, L_0x1492bd370, L_0x1492bd450, C4<1>, C4<1>;
L_0x1492bd620 .functor OR 1, L_0x1492bd290, L_0x1492bd510, C4<0>, C4<0>;
L_0x1492bd9d0 .functor AND 1, L_0x1492bd7e0, L_0x1492bd8b0, C4<1>, C4<1>;
L_0x1492bdaa0 .functor OR 1, L_0x1492bd740, L_0x1492bd9d0, C4<0>, C4<0>;
L_0x1492bdd90 .functor AND 1, L_0x1492bdbd0, L_0x1492bdcf0, C4<1>, C4<1>;
L_0x1492bdfb0 .functor AND 1, L_0x1492bdd90, L_0x1492bde80, C4<1>, C4<1>;
L_0x1492be0b0 .functor OR 1, L_0x1492bdaa0, L_0x1492bdfb0, C4<0>, C4<0>;
L_0x1492be5a0 .functor AND 1, L_0x1492be3f0, L_0x1492be490, C4<1>, C4<1>;
L_0x1492be6b0 .functor OR 1, L_0x1492be2f0, L_0x1492be5a0, C4<0>, C4<0>;
L_0x1492be530 .functor AND 1, L_0x1492be760, L_0x1492be800, C4<1>, C4<1>;
L_0x1492beb30 .functor AND 1, L_0x1492be530, L_0x1492bea90, C4<1>, C4<1>;
L_0x1492bebe0 .functor OR 1, L_0x1492be6b0, L_0x1492beb30, C4<0>, C4<0>;
L_0x1492bea20 .functor AND 1, L_0x1492bed50, L_0x1492bee80, C4<1>, C4<1>;
L_0x1492bf0a0 .functor AND 1, L_0x1492bea20, L_0x1492bef60, C4<1>, C4<1>;
L_0x1492bf260 .functor AND 1, L_0x1492bf0a0, L_0x1492bf1c0, C4<1>, C4<1>;
L_0x1492bf330 .functor OR 1, L_0x1492bebe0, L_0x1492bf260, C4<0>, C4<0>;
L_0x1492bd950 .functor AND 1, L_0x1492bf000, L_0x1492bf6a0, C4<1>, C4<1>;
L_0x1492bf840 .functor OR 1, L_0x1492bf500, L_0x1492bd950, C4<0>, C4<0>;
L_0x1492bfb50 .functor AND 1, L_0x1492bf460, L_0x1492bf9e0, C4<1>, C4<1>;
L_0x1492bfc80 .functor AND 1, L_0x1492bfb50, L_0x1492bfbe0, C4<1>, C4<1>;
L_0x1492bfe30 .functor OR 1, L_0x1492bf840, L_0x1492bfc80, C4<0>, C4<0>;
L_0x1492bfa80 .functor AND 1, L_0x1492bfea0, L_0x1492c0020, C4<1>, C4<1>;
L_0x1492bfd70 .functor AND 1, L_0x1492bfa80, L_0x1492be8e0, C4<1>, C4<1>;
L_0x1492c0480 .functor AND 1, L_0x1492bfd70, L_0x1492bff40, C4<1>, C4<1>;
L_0x1492c0650 .functor OR 1, L_0x1492bfe30, L_0x1492c0480, C4<0>, C4<0>;
L_0x1492c0340 .functor AND 1, L_0x1492c06c0, L_0x1492c0860, C4<1>, C4<1>;
L_0x1492c0570 .functor AND 1, L_0x1492c0340, L_0x1492c09f0, C4<1>, C4<1>;
L_0x1492c0ba0 .functor AND 1, L_0x1492c0570, L_0x1492c07a0, C4<1>, C4<1>;
L_0x1492c0900 .functor AND 1, L_0x1492c0ba0, L_0x1492c0d90, C4<1>, C4<1>;
L_0x1492c0a90 .functor OR 1, L_0x1492c0650, L_0x1492c0900, C4<0>, C4<0>;
L_0x1492c0c90 .functor XOR 4, L_0x1492bd040, L_0x1492be160, C4<0000>, C4<0000>;
v0x14923d420_0 .net "G", 3 0, L_0x1492bd0b0;  1 drivers
v0x14923d4e0_0 .net "P", 3 0, L_0x1492bd040;  1 drivers
v0x14923d590_0 .net *"_ivl_102", 0 0, L_0x1492bfbe0;  1 drivers
v0x14923d650_0 .net *"_ivl_103", 0 0, L_0x1492bfc80;  1 drivers
v0x14923d700_0 .net *"_ivl_105", 0 0, L_0x1492bfe30;  1 drivers
v0x14923d7f0_0 .net *"_ivl_108", 0 0, L_0x1492bfea0;  1 drivers
v0x14923d8a0_0 .net *"_ivl_11", 0 0, L_0x1492bd290;  1 drivers
v0x14923d950_0 .net *"_ivl_110", 0 0, L_0x1492c0020;  1 drivers
v0x14923da00_0 .net *"_ivl_111", 0 0, L_0x1492bfa80;  1 drivers
v0x14923db10_0 .net *"_ivl_114", 0 0, L_0x1492be8e0;  1 drivers
v0x14923dbc0_0 .net *"_ivl_115", 0 0, L_0x1492bfd70;  1 drivers
v0x14923dc70_0 .net *"_ivl_118", 0 0, L_0x1492bff40;  1 drivers
v0x14923dd20_0 .net *"_ivl_119", 0 0, L_0x1492c0480;  1 drivers
v0x14923ddd0_0 .net *"_ivl_121", 0 0, L_0x1492c0650;  1 drivers
v0x14923de80_0 .net *"_ivl_124", 0 0, L_0x1492c06c0;  1 drivers
v0x14923df30_0 .net *"_ivl_126", 0 0, L_0x1492c0860;  1 drivers
v0x14923dfe0_0 .net *"_ivl_127", 0 0, L_0x1492c0340;  1 drivers
v0x14923e170_0 .net *"_ivl_13", 0 0, L_0x1492bd370;  1 drivers
v0x14923e200_0 .net *"_ivl_130", 0 0, L_0x1492c09f0;  1 drivers
v0x14923e2b0_0 .net *"_ivl_131", 0 0, L_0x1492c0570;  1 drivers
v0x14923e360_0 .net *"_ivl_134", 0 0, L_0x1492c07a0;  1 drivers
v0x14923e410_0 .net *"_ivl_135", 0 0, L_0x1492c0ba0;  1 drivers
v0x14923e4c0_0 .net *"_ivl_138", 0 0, L_0x1492c0d90;  1 drivers
v0x14923e570_0 .net *"_ivl_139", 0 0, L_0x1492c0900;  1 drivers
v0x14923e620_0 .net *"_ivl_15", 0 0, L_0x1492bd450;  1 drivers
v0x14923e6d0_0 .net *"_ivl_16", 0 0, L_0x1492bd510;  1 drivers
v0x14923e780_0 .net *"_ivl_18", 0 0, L_0x1492bd620;  1 drivers
v0x14923e830_0 .net *"_ivl_23", 0 0, L_0x1492bd740;  1 drivers
v0x14923e8e0_0 .net *"_ivl_25", 0 0, L_0x1492bd7e0;  1 drivers
v0x14923e990_0 .net *"_ivl_27", 0 0, L_0x1492bd8b0;  1 drivers
v0x14923ea40_0 .net *"_ivl_28", 0 0, L_0x1492bd9d0;  1 drivers
v0x14923eaf0_0 .net *"_ivl_30", 0 0, L_0x1492bdaa0;  1 drivers
v0x14923eba0_0 .net *"_ivl_33", 0 0, L_0x1492bdbd0;  1 drivers
v0x14923e090_0 .net *"_ivl_35", 0 0, L_0x1492bdcf0;  1 drivers
v0x14923ee30_0 .net *"_ivl_36", 0 0, L_0x1492bdd90;  1 drivers
v0x14923eec0_0 .net *"_ivl_39", 0 0, L_0x1492bde80;  1 drivers
v0x14923ef60_0 .net *"_ivl_40", 0 0, L_0x1492bdfb0;  1 drivers
v0x14923f010_0 .net *"_ivl_42", 0 0, L_0x1492be0b0;  1 drivers
v0x14923f0c0_0 .net *"_ivl_48", 0 0, L_0x1492be2f0;  1 drivers
v0x14923f170_0 .net *"_ivl_50", 0 0, L_0x1492be3f0;  1 drivers
v0x14923f220_0 .net *"_ivl_52", 0 0, L_0x1492be490;  1 drivers
v0x14923f2d0_0 .net *"_ivl_53", 0 0, L_0x1492be5a0;  1 drivers
v0x14923f380_0 .net *"_ivl_55", 0 0, L_0x1492be6b0;  1 drivers
v0x14923f430_0 .net *"_ivl_58", 0 0, L_0x1492be760;  1 drivers
v0x14923f4e0_0 .net *"_ivl_60", 0 0, L_0x1492be800;  1 drivers
v0x14923f590_0 .net *"_ivl_61", 0 0, L_0x1492be530;  1 drivers
v0x14923f640_0 .net *"_ivl_64", 0 0, L_0x1492bea90;  1 drivers
v0x14923f6f0_0 .net *"_ivl_65", 0 0, L_0x1492beb30;  1 drivers
v0x14923f7a0_0 .net *"_ivl_67", 0 0, L_0x1492bebe0;  1 drivers
v0x14923f850_0 .net *"_ivl_7", 0 0, L_0x1492bd1a0;  1 drivers
v0x14923f900_0 .net *"_ivl_70", 0 0, L_0x1492bed50;  1 drivers
v0x14923f9b0_0 .net *"_ivl_72", 0 0, L_0x1492bee80;  1 drivers
v0x14923fa60_0 .net *"_ivl_73", 0 0, L_0x1492bea20;  1 drivers
v0x14923fb10_0 .net *"_ivl_76", 0 0, L_0x1492bef60;  1 drivers
v0x14923fbc0_0 .net *"_ivl_77", 0 0, L_0x1492bf0a0;  1 drivers
v0x14923fc70_0 .net *"_ivl_80", 0 0, L_0x1492bf1c0;  1 drivers
v0x14923fd20_0 .net *"_ivl_81", 0 0, L_0x1492bf260;  1 drivers
v0x14923fdd0_0 .net *"_ivl_83", 0 0, L_0x1492bf330;  1 drivers
v0x14923fe80_0 .net *"_ivl_86", 0 0, L_0x1492bf500;  1 drivers
v0x14923ff30_0 .net *"_ivl_88", 0 0, L_0x1492bf000;  1 drivers
v0x14923ffe0_0 .net *"_ivl_90", 0 0, L_0x1492bf6a0;  1 drivers
v0x149240090_0 .net *"_ivl_91", 0 0, L_0x1492bd950;  1 drivers
v0x149240140_0 .net *"_ivl_93", 0 0, L_0x1492bf840;  1 drivers
v0x1492401f0_0 .net *"_ivl_96", 0 0, L_0x1492bf460;  1 drivers
v0x1492402a0_0 .net *"_ivl_98", 0 0, L_0x1492bf9e0;  1 drivers
v0x14923ec50_0 .net *"_ivl_99", 0 0, L_0x1492bfb50;  1 drivers
v0x14923ed00_0 .net "a", 3 0, L_0x1492c1060;  1 drivers
v0x149240330_0 .net "b", 3 0, L_0x1492c1100;  1 drivers
v0x1492403c0_0 .net "c", 3 0, L_0x1492be160;  1 drivers
v0x149240450_0 .net "cin", 0 0, L_0x1492bc930;  alias, 1 drivers
v0x1492404e0_0 .net8 "cout", 0 0, RS_0x140057f90;  alias, 3 drivers
v0x149240570_0 .net "sum", 3 0, L_0x1492c0c90;  1 drivers
L_0x1492bd290 .part L_0x1492bd0b0, 0, 1;
L_0x1492bd370 .part L_0x1492bd040, 0, 1;
L_0x1492bd450 .part L_0x1492be160, 0, 1;
L_0x1492bd740 .part L_0x1492bd0b0, 1, 1;
L_0x1492bd7e0 .part L_0x1492bd040, 1, 1;
L_0x1492bd8b0 .part L_0x1492bd0b0, 0, 1;
L_0x1492bdbd0 .part L_0x1492bd040, 1, 1;
L_0x1492bdcf0 .part L_0x1492bd040, 0, 1;
L_0x1492bde80 .part L_0x1492be160, 0, 1;
L_0x1492be160 .concat8 [ 1 1 1 1], L_0x1492bd1a0, L_0x1492bd620, L_0x1492be0b0, L_0x1492bf330;
L_0x1492be2f0 .part L_0x1492bd0b0, 2, 1;
L_0x1492be3f0 .part L_0x1492bd040, 2, 1;
L_0x1492be490 .part L_0x1492bd0b0, 1, 1;
L_0x1492be760 .part L_0x1492bd040, 2, 1;
L_0x1492be800 .part L_0x1492bd040, 1, 1;
L_0x1492bea90 .part L_0x1492bd0b0, 0, 1;
L_0x1492bed50 .part L_0x1492bd040, 2, 1;
L_0x1492bee80 .part L_0x1492bd040, 1, 1;
L_0x1492bef60 .part L_0x1492bd040, 0, 1;
L_0x1492bf1c0 .part L_0x1492be160, 0, 1;
L_0x1492bf500 .part L_0x1492bd0b0, 3, 1;
L_0x1492bf000 .part L_0x1492bd040, 3, 1;
L_0x1492bf6a0 .part L_0x1492bd0b0, 2, 1;
L_0x1492bf460 .part L_0x1492bd040, 3, 1;
L_0x1492bf9e0 .part L_0x1492bd040, 2, 1;
L_0x1492bfbe0 .part L_0x1492bd0b0, 1, 1;
L_0x1492bfea0 .part L_0x1492bd040, 3, 1;
L_0x1492c0020 .part L_0x1492bd040, 2, 1;
L_0x1492be8e0 .part L_0x1492bd040, 1, 1;
L_0x1492bff40 .part L_0x1492bd0b0, 0, 1;
L_0x1492c06c0 .part L_0x1492bd040, 3, 1;
L_0x1492c0860 .part L_0x1492bd040, 2, 1;
L_0x1492c09f0 .part L_0x1492bd040, 1, 1;
L_0x1492c07a0 .part L_0x1492bd040, 0, 1;
L_0x1492c0d90 .part L_0x1492be160, 0, 1;
S_0x149242550 .scope module, "bus" "Bus" 3 308, 20 1 0, S_0x13ff6b690;
 .timescale -9 -11;
    .port_info 0 /INPUT 32 "R0";
    .port_info 1 /INPUT 32 "R1";
    .port_info 2 /INPUT 32 "R2";
    .port_info 3 /INPUT 32 "R3";
    .port_info 4 /INPUT 32 "R4";
    .port_info 5 /INPUT 32 "R5";
    .port_info 6 /INPUT 32 "R6";
    .port_info 7 /INPUT 32 "R7";
    .port_info 8 /INPUT 32 "R8";
    .port_info 9 /INPUT 32 "R9";
    .port_info 10 /INPUT 32 "R10";
    .port_info 11 /INPUT 32 "R11";
    .port_info 12 /INPUT 32 "R12";
    .port_info 13 /INPUT 32 "R13";
    .port_info 14 /INPUT 32 "R14";
    .port_info 15 /INPUT 32 "R15";
    .port_info 16 /INPUT 32 "MDR";
    .port_info 17 /INPUT 32 "HI";
    .port_info 18 /INPUT 32 "LO";
    .port_info 19 /INPUT 32 "Z_high";
    .port_info 20 /INPUT 32 "Z_low";
    .port_info 21 /INPUT 32 "PC";
    .port_info 22 /INPUT 32 "In_Port";
    .port_info 23 /INPUT 32 "C_sign_extended";
    .port_info 24 /INPUT 1 "R0out";
    .port_info 25 /INPUT 1 "R1out";
    .port_info 26 /INPUT 1 "R2out";
    .port_info 27 /INPUT 1 "R3out";
    .port_info 28 /INPUT 1 "R4out";
    .port_info 29 /INPUT 1 "R5out";
    .port_info 30 /INPUT 1 "R6out";
    .port_info 31 /INPUT 1 "R7out";
    .port_info 32 /INPUT 1 "R8out";
    .port_info 33 /INPUT 1 "R9out";
    .port_info 34 /INPUT 1 "R10out";
    .port_info 35 /INPUT 1 "R11out";
    .port_info 36 /INPUT 1 "R12out";
    .port_info 37 /INPUT 1 "R13out";
    .port_info 38 /INPUT 1 "R14out";
    .port_info 39 /INPUT 1 "R15out";
    .port_info 40 /INPUT 1 "MDRout";
    .port_info 41 /INPUT 1 "HIout";
    .port_info 42 /INPUT 1 "LOout";
    .port_info 43 /INPUT 1 "Z_high_out";
    .port_info 44 /INPUT 1 "Z_low_out";
    .port_info 45 /INPUT 1 "PC_out";
    .port_info 46 /INPUT 1 "In_Port_out";
    .port_info 47 /INPUT 1 "C_sign_extended_out";
    .port_info 48 /OUTPUT 32 "bus_out";
P_0x149242710 .param/l "DATA_WIDTH" 0 20 1, +C4<00000000000000000000000000100000>;
v0x149242b80_0 .net "C_sign_extended", 31 0, v0x149255cc0_0;  alias, 1 drivers
v0x149242c40_0 .net "C_sign_extended_out", 0 0, v0x14fffd560_0;  alias, 1 drivers
v0x149242ce0_0 .net "HI", 31 0, L_0x14925d470;  alias, 1 drivers
v0x149242d70_0 .net "HIout", 0 0, v0x13ff643a0_0;  alias, 1 drivers
v0x149242e00_0 .net "In_Port", 31 0, L_0x14925b740;  alias, 1 drivers
v0x149242ed0_0 .net "In_Port_out", 0 0, v0x13ff9a820_0;  alias, 1 drivers
v0x149242f60_0 .net "LO", 31 0, L_0x14925d4e0;  alias, 1 drivers
v0x149242ff0_0 .net "LOout", 0 0, v0x13ff6e530_0;  alias, 1 drivers
v0x1492430a0_0 .net "MDR", 31 0, v0x149248cf0_0;  alias, 1 drivers
v0x1492431b0_0 .net "MDRout", 0 0, v0x13ff6a450_0;  alias, 1 drivers
v0x149243260_0 .net "PC", 31 0, L_0x14925d060;  alias, 1 drivers
v0x1492432f0_0 .net "PC_out", 0 0, v0x13ff741e0_0;  alias, 1 drivers
v0x149243380_0 .net "R0", 31 0, L_0x14925b860;  alias, 1 drivers
v0x149243410_0 .net "R0out", 0 0, L_0x1492c2da0;  1 drivers
v0x1492434b0_0 .net "R1", 31 0, L_0x14925ba60;  alias, 1 drivers
v0x149243560_0 .net "R10", 31 0, L_0x14925c720;  alias, 1 drivers
v0x149243610_0 .net "R10out", 0 0, L_0x1492c33e0;  1 drivers
v0x1492437b0_0 .net "R11", 31 0, L_0x14925c8b0;  alias, 1 drivers
v0x149243860_0 .net "R11out", 0 0, L_0x1492c37f0;  1 drivers
v0x149243900_0 .net "R12", 31 0, L_0x14925c9e0;  alias, 1 drivers
v0x1492439b0_0 .net "R12out", 0 0, L_0x1492c3560;  1 drivers
v0x149243a50_0 .net "R13", 31 0, L_0x14925cb80;  alias, 1 drivers
v0x149243b00_0 .net "R13out", 0 0, L_0x1492c36f0;  1 drivers
v0x149243ba0_0 .net "R14", 31 0, L_0x14925ccb0;  alias, 1 drivers
v0x149243c50_0 .net "R14out", 0 0, L_0x1492c39a0;  1 drivers
v0x149243cf0_0 .net "R15", 31 0, L_0x14925cb10;  alias, 1 drivers
v0x149243da0_0 .net "R15out", 0 0, L_0x1492c32e0;  1 drivers
v0x149243e40_0 .net "R1out", 0 0, L_0x1492c2bf0;  1 drivers
v0x149243ee0_0 .net "R2", 31 0, L_0x14925bb70;  alias, 1 drivers
v0x149243f90_0 .net "R2out", 0 0, L_0x1492c2ef0;  1 drivers
v0x149244030_0 .net "R3", 31 0, L_0x14925bd40;  alias, 1 drivers
v0x1492440e0_0 .net "R3out", 0 0, L_0x1492c30d0;  1 drivers
v0x149244180_0 .net "R4", 31 0, L_0x14925be50;  alias, 1 drivers
v0x1492436c0_0 .net "R4out", 0 0, L_0x1492c2e40;  1 drivers
v0x149244410_0 .net "R5", 31 0, L_0x14925bfd0;  alias, 1 drivers
v0x1492444a0_0 .net "R5out", 0 0, L_0x1492c3240;  1 drivers
v0x149244530_0 .net "R6", 31 0, L_0x14925c100;  alias, 1 drivers
v0x1492445d0_0 .net "R6out", 0 0, L_0x1492c3010;  1 drivers
v0x149244670_0 .net "R7", 31 0, L_0x14925bca0;  alias, 1 drivers
v0x149244720_0 .net "R7out", 0 0, L_0x1492c34c0;  1 drivers
v0x1492447c0_0 .net "R8", 31 0, L_0x14925c450;  alias, 1 drivers
v0x149244870_0 .net "R8out", 0 0, L_0x1492c3170;  1 drivers
v0x149244910_0 .net "R9", 31 0, L_0x14925c5f0;  alias, 1 drivers
v0x1492449c0_0 .net "R9out", 0 0, L_0x1492c3650;  1 drivers
v0x149244a60_0 .net "Z_high", 31 0, L_0x14925d360;  alias, 1 drivers
v0x149244b10_0 .net "Z_high_out", 0 0, v0x13ffbcf20_0;  alias, 1 drivers
v0x149244bc0_0 .net "Z_low", 31 0, L_0x14925d140;  alias, 1 drivers
v0x149244c50_0 .net "Z_low_out", 0 0, v0x13ffab180_0;  alias, 1 drivers
v0x149244ce0_0 .net "bus_out", 31 0, v0x149244d70_0;  alias, 1 drivers
v0x149244d70_0 .var "q", 31 0;
E_0x1492429c0/0 .event anyedge, v0x149243410_0, v0x149243380_0, v0x149243e40_0, v0x1492434b0_0;
E_0x1492429c0/1 .event anyedge, v0x149243f90_0, v0x149243ee0_0, v0x1492440e0_0, v0x149244030_0;
E_0x1492429c0/2 .event anyedge, v0x1492436c0_0, v0x149244180_0, v0x1492444a0_0, v0x149244410_0;
E_0x1492429c0/3 .event anyedge, v0x1492445d0_0, v0x149244530_0, v0x149244720_0, v0x149244670_0;
E_0x1492429c0/4 .event anyedge, v0x149244870_0, v0x1492447c0_0, v0x1492449c0_0, v0x149244910_0;
E_0x1492429c0/5 .event anyedge, v0x149243610_0, v0x149243560_0, v0x149243860_0, v0x1492437b0_0;
E_0x1492429c0/6 .event anyedge, v0x1492439b0_0, v0x149243900_0, v0x149243b00_0, v0x149243a50_0;
E_0x1492429c0/7 .event anyedge, v0x149243c50_0, v0x149243ba0_0, v0x149243da0_0, v0x149243cf0_0;
E_0x1492429c0/8 .event anyedge, v0x13ff6a450_0, v0x1492430a0_0, v0x13ff643a0_0, v0x149242ce0_0;
E_0x1492429c0/9 .event anyedge, v0x13ff6e530_0, v0x149242f60_0, v0x13ffbcf20_0, v0x149244a60_0;
E_0x1492429c0/10 .event anyedge, v0x13ffab180_0, v0x149244bc0_0, v0x13ff741e0_0, v0x149243260_0;
E_0x1492429c0/11 .event anyedge, v0x13ff9a820_0, v0x149242e00_0, v0x14fffd560_0, v0x149242b80_0;
E_0x1492429c0 .event/or E_0x1492429c0/0, E_0x1492429c0/1, E_0x1492429c0/2, E_0x1492429c0/3, E_0x1492429c0/4, E_0x1492429c0/5, E_0x1492429c0/6, E_0x1492429c0/7, E_0x1492429c0/8, E_0x1492429c0/9, E_0x1492429c0/10, E_0x1492429c0/11;
S_0x149242830 .scope module, "conFF" "conFF" 3 48, 21 3 0, S_0x13ff6b690;
 .timescale -9 -11;
    .port_info 0 /INPUT 32 "IR";
    .port_info 1 /INPUT 32 "BusMuxOut";
    .port_info 2 /INPUT 1 "CONin";
    .port_info 3 /OUTPUT 1 "CON";
P_0x1492452c0 .param/l "DATA_WIDTH" 0 21 3, +C4<00000000000000000000000000100000>;
v0x1492454f0_0 .net "BusMuxOut", 31 0, v0x149244d70_0;  alias, 1 drivers
v0x149223400_0 .var "BusOR", 0 0;
v0x1492457a0_0 .var "C2", 3 0;
v0x149245830_0 .var "CON", 0 0;
v0x1492458c0_0 .net "CONin", 0 0, v0x14fffb7e0_0;  alias, 1 drivers
v0x149245950_0 .var "CONout", 0 0;
v0x1492459e0_0 .var "D", 0 0;
v0x149245a70_0 .net "IR", 31 0, L_0x14925d0d0;  alias, 1 drivers
v0x149245b00_0 .var "Ra", 3 0;
v0x149245c10_0 .var "brmi", 0 0;
v0x149245ca0_0 .var "brnz", 0 0;
v0x149245d40_0 .var "brpl", 0 0;
v0x149245de0_0 .var "brzr", 0 0;
v0x149245e80_0 .var/i "i", 31 0;
v0x149245f30_0 .var "sigDig", 0 0;
E_0x149245440 .event posedge, v0x14fffb7e0_0;
E_0x1492454a0 .event anyedge, v0x149204230_0, v0x13ff715c0_0;
S_0x149246030 .scope module, "hi_register" "register" 3 235, 22 1 0, S_0x13ff6b690;
 .timescale -9 -11;
    .port_info 0 /INPUT 1 "clear";
    .port_info 1 /INPUT 1 "clock";
    .port_info 2 /INPUT 1 "enable";
    .port_info 3 /INPUT 32 "data_in";
    .port_info 4 /OUTPUT 32 "data_out";
P_0x1492461f0 .param/l "DATA_WIDTH" 0 22 1, +C4<00000000000000000000000000100000>;
P_0x149246230 .param/l "INIT" 0 22 1, C4<00000000000000000000000000000000>;
L_0x14925d470 .functor BUFZ 32, v0x1492467a0_0, C4<00000000000000000000000000000000>, C4<00000000000000000000000000000000>, C4<00000000000000000000000000000000>;
v0x149246400_0 .net "clear", 0 0, v0x13ff74f30_0;  alias, 1 drivers
v0x1492464c0_0 .net "clock", 0 0, v0x13ff74fc0_0;  alias, 1 drivers
v0x149246570_0 .net "data_in", 31 0, v0x149244d70_0;  alias, 1 drivers
v0x149246620_0 .net "data_out", 31 0, L_0x14925d470;  alias, 1 drivers
v0x1492466d0_0 .net "enable", 0 0, v0x13ff725f0_0;  alias, 1 drivers
v0x1492467a0_0 .var "q", 31 0;
E_0x1492463a0 .event posedge, v0x13ff890e0_0;
S_0x1492468a0 .scope module, "in_port" "In_port" 3 56, 23 1 0, S_0x13ff6b690;
 .timescale -9 -11;
    .port_info 0 /INPUT 1 "clear";
    .port_info 1 /INPUT 1 "clock";
    .port_info 2 /INPUT 32 "data_in";
    .port_info 3 /OUTPUT 32 "data_out";
P_0x149246a60 .param/l "DATA_WIDTH" 0 23 1, +C4<00000000000000000000000000100000>;
P_0x149246aa0 .param/l "INIT" 0 23 1, C4<00000000000000000000000000000000>;
L_0x14925b740 .functor BUFZ 32, v0x149246f00_0, C4<00000000000000000000000000000000>, C4<00000000000000000000000000000000>, C4<00000000000000000000000000000000>;
v0x149246c80_0 .net "clear", 0 0, v0x13ff74f30_0;  alias, 1 drivers
v0x149246d50_0 .net "clock", 0 0, v0x13ff74fc0_0;  alias, 1 drivers
v0x149246de0_0 .net "data_in", 31 0, v0x14925b5a0_0;  alias, 1 drivers
v0x149246e70_0 .net "data_out", 31 0, L_0x14925b740;  alias, 1 drivers
v0x149246f00_0 .var "q", 31 0;
S_0x149247000 .scope module, "ir_register" "register" 3 209, 22 1 0, S_0x13ff6b690;
 .timescale -9 -11;
    .port_info 0 /INPUT 1 "clear";
    .port_info 1 /INPUT 1 "clock";
    .port_info 2 /INPUT 1 "enable";
    .port_info 3 /INPUT 32 "data_in";
    .port_info 4 /OUTPUT 32 "data_out";
P_0x1492471c0 .param/l "DATA_WIDTH" 0 22 1, +C4<00000000000000000000000000100000>;
P_0x149247200 .param/l "INIT" 0 22 1, C4<00000000000000000000000000000000>;
L_0x14925d0d0 .functor BUFZ 32, v0x149247720_0, C4<00000000000000000000000000000000>, C4<00000000000000000000000000000000>, C4<00000000000000000000000000000000>;
v0x149247390_0 .net "clear", 0 0, v0x13ff74f30_0;  alias, 1 drivers
v0x149247430_0 .net "clock", 0 0, v0x13ff74fc0_0;  alias, 1 drivers
v0x1492474d0_0 .net "data_in", 31 0, v0x149244d70_0;  alias, 1 drivers
v0x149247580_0 .net "data_out", 31 0, L_0x14925d0d0;  alias, 1 drivers
v0x149247650_0 .net "enable", 0 0, v0x13ff70590_0;  alias, 1 drivers
v0x149247720_0 .var "q", 31 0;
S_0x149247820 .scope module, "lo_register" "register" 3 244, 22 1 0, S_0x13ff6b690;
 .timescale -9 -11;
    .port_info 0 /INPUT 1 "clear";
    .port_info 1 /INPUT 1 "clock";
    .port_info 2 /INPUT 1 "enable";
    .port_info 3 /INPUT 32 "data_in";
    .port_info 4 /OUTPUT 32 "data_out";
P_0x1492479e0 .param/l "DATA_WIDTH" 0 22 1, +C4<00000000000000000000000000100000>;
P_0x149247a20 .param/l "INIT" 0 22 1, C4<00000000000000000000000000000000>;
L_0x14925d4e0 .functor BUFZ 32, v0x149247f90_0, C4<00000000000000000000000000000000>, C4<00000000000000000000000000000000>, C4<00000000000000000000000000000000>;
v0x149247bb0_0 .net "clear", 0 0, v0x13ff74f30_0;  alias, 1 drivers
v0x149247cc0_0 .net "clock", 0 0, v0x13ff74fc0_0;  alias, 1 drivers
v0x149247de0_0 .net "data_in", 31 0, v0x149244d70_0;  alias, 1 drivers
v0x149247e70_0 .net "data_out", 31 0, L_0x14925d4e0;  alias, 1 drivers
v0x149247f00_0 .net "enable", 0 0, v0x13ff6f560_0;  alias, 1 drivers
v0x149247f90_0 .var "q", 31 0;
S_0x1492480a0 .scope module, "mar" "MAR" 3 279, 24 1 0, S_0x13ff6b690;
 .timescale -9 -11;
    .port_info 0 /INPUT 1 "clear";
    .port_info 1 /INPUT 1 "clock";
    .port_info 2 /INPUT 1 "enable";
    .port_info 3 /INPUT 32 "data_in";
    .port_info 4 /OUTPUT 9 "data_out";
P_0x1492482e0 .param/l "DATA_WIDTH" 0 24 1, +C4<00000000000000000000000000100000>;
P_0x149248320 .param/l "INIT" 0 24 1, C4<00000000000000000000000000000000>;
v0x149248470_0 .net "clear", 0 0, v0x13ff74f30_0;  alias, 1 drivers
v0x149248500_0 .net "clock", 0 0, v0x13ff74fc0_0;  alias, 1 drivers
v0x1492485a0_0 .net "data_in", 31 0, v0x149244d70_0;  alias, 1 drivers
v0x149248650_0 .net "data_out", 8 0, L_0x1492c2ab0;  alias, 1 drivers
v0x1492486f0_0 .net "enable", 0 0, v0x13ff6d500_0;  alias, 1 drivers
v0x1492487c0_0 .var "q", 31 0;
L_0x1492c2ab0 .part v0x1492487c0_0, 0, 9;
S_0x1492488e0 .scope module, "mdr" "MDR" 3 269, 25 1 0, S_0x13ff6b690;
 .timescale -9 -11;
    .port_info 0 /INPUT 32 "BusMuxOut";
    .port_info 1 /INPUT 32 "Mdatain";
    .port_info 2 /INPUT 1 "Clock";
    .port_info 3 /INPUT 1 "Clear";
    .port_info 4 /INPUT 1 "MDRin";
    .port_info 5 /INPUT 1 "Read";
    .port_info 6 /OUTPUT 32 "BusMuxIn_MDR";
P_0x149248aa0 .param/l "DATA_WIDTH" 0 25 1, +C4<00000000000000000000000000100000>;
v0x149248cf0_0 .var "BusMuxIn_MDR", 31 0;
v0x149248dc0_0 .net "BusMuxOut", 31 0, v0x149244d70_0;  alias, 1 drivers
v0x149248e50_0 .net "Clear", 0 0, v0x13ff74f30_0;  alias, 1 drivers
v0x149248ee0_0 .net "Clock", 0 0, v0x13ff74fc0_0;  alias, 1 drivers
v0x149248f70_0 .var "MDMuxout", 31 0;
v0x149249000_0 .net "MDRin", 0 0, v0x13ff6c4d0_0;  alias, 1 drivers
v0x149249090_0 .net "Mdatain", 31 0, v0x14924a8d0_0;  alias, 1 drivers
v0x149249120_0 .net "Read", 0 0, v0x13ffcd890_0;  alias, 1 drivers
E_0x149248cb0 .event anyedge, v0x13ffcd890_0, v0x149204230_0, v0x149249090_0;
S_0x149249270 .scope module, "out_port" "Out_port" 3 64, 26 1 0, S_0x13ff6b690;
 .timescale -9 -11;
    .port_info 0 /INPUT 1 "clear";
    .port_info 1 /INPUT 1 "clock";
    .port_info 2 /INPUT 1 "enable";
    .port_info 3 /INPUT 32 "data_in";
    .port_info 4 /OUTPUT 32 "data_out";
P_0x149249430 .param/l "DATA_WIDTH" 0 26 1, +C4<00000000000000000000000000100000>;
P_0x149249470 .param/l "INIT" 0 26 1, C4<00000000000000000000000000000000>;
v0x1492495e0_0 .net "clear", 0 0, v0x13ff74f30_0;  alias, 1 drivers
v0x149249680_0 .net "clock", 0 0, v0x13ff74fc0_0;  alias, 1 drivers
v0x149249720_0 .net "data_in", 31 0, v0x149244d70_0;  alias, 1 drivers
v0x1492497d0_0 .net "data_out", 31 0, v0x149249940_0;  alias, 1 drivers
v0x149249870_0 .net "enable", 0 0, v0x13ff633d0_0;  alias, 1 drivers
v0x149249940_0 .var "q", 31 0;
S_0x149249a60 .scope module, "pc_register" "PC" 3 201, 27 1 0, S_0x13ff6b690;
 .timescale -9 -11;
    .port_info 0 /INPUT 1 "clear";
    .port_info 1 /INPUT 1 "clock";
    .port_info 2 /INPUT 1 "enable";
    .port_info 3 /INPUT 32 "data_in";
    .port_info 4 /OUTPUT 32 "data_out";
P_0x149249c20 .param/l "DATA_WIDTH" 0 27 1, +C4<00000000000000000000000000100000>;
P_0x149249c60 .param/l "INIT" 0 27 1, C4<00000000000000000000000000000000>;
L_0x14925d060 .functor BUFZ 32, v0x14924a2d0_0, C4<00000000000000000000000000000000>, C4<00000000000000000000000000000000>, C4<00000000000000000000000000000000>;
v0x149249df0_0 .net "clear", 0 0, v0x13ff74f30_0;  alias, 1 drivers
v0x149249f80_0 .net "clock", 0 0, v0x13ff74fc0_0;  alias, 1 drivers
v0x14924a120_0 .net "data_in", 31 0, v0x149244d70_0;  alias, 1 drivers
v0x14924a1b0_0 .net "data_out", 31 0, L_0x14925d060;  alias, 1 drivers
v0x14924a240_0 .net "enable", 0 0, v0x13ff683f0_0;  alias, 1 drivers
v0x14924a2d0_0 .var "q", 31 0;
S_0x14924a360 .scope module, "ram" "RAM" 3 287, 28 1 0, S_0x13ff6b690;
 .timescale -9 -11;
    .port_info 0 /INPUT 1 "read";
    .port_info 1 /INPUT 1 "write";
    .port_info 2 /INPUT 32 "data_in";
    .port_info 3 /OUTPUT 32 "data_out";
    .port_info 4 /INPUT 9 "address";
P_0x14924a520 .param/l "DATA_WIDTH" 0 28 1, +C4<00000000000000000000000000100000>;
P_0x14924a560 .param/l "size" 1 28 9, +C4<00000000000000000000001000000000>;
v0x14924a730_0 .net "address", 8 0, L_0x1492c2ab0;  alias, 1 drivers
v0x14924a800_0 .net "data_in", 31 0, v0x149248cf0_0;  alias, 1 drivers
v0x14924a8d0_0 .var "data_out", 31 0;
v0x14924a980 .array "memory", 511 0, 31 0;
v0x14924ca10_0 .net "read", 0 0, v0x13ffbcd10_0;  alias, 1 drivers
v0x14924cae0_0 .net "write", 0 0, v0x13ffef930_0;  alias, 1 drivers
v0x14924a980_0 .array/port v0x14924a980, 0;
E_0x14924a6f0/0 .event anyedge, v0x13ffef930_0, v0x1492430a0_0, v0x149248650_0, v0x14924a980_0;
v0x14924a980_1 .array/port v0x14924a980, 1;
v0x14924a980_2 .array/port v0x14924a980, 2;
v0x14924a980_3 .array/port v0x14924a980, 3;
v0x14924a980_4 .array/port v0x14924a980, 4;
E_0x14924a6f0/1 .event anyedge, v0x14924a980_1, v0x14924a980_2, v0x14924a980_3, v0x14924a980_4;
v0x14924a980_5 .array/port v0x14924a980, 5;
v0x14924a980_6 .array/port v0x14924a980, 6;
v0x14924a980_7 .array/port v0x14924a980, 7;
v0x14924a980_8 .array/port v0x14924a980, 8;
E_0x14924a6f0/2 .event anyedge, v0x14924a980_5, v0x14924a980_6, v0x14924a980_7, v0x14924a980_8;
v0x14924a980_9 .array/port v0x14924a980, 9;
v0x14924a980_10 .array/port v0x14924a980, 10;
v0x14924a980_11 .array/port v0x14924a980, 11;
v0x14924a980_12 .array/port v0x14924a980, 12;
E_0x14924a6f0/3 .event anyedge, v0x14924a980_9, v0x14924a980_10, v0x14924a980_11, v0x14924a980_12;
v0x14924a980_13 .array/port v0x14924a980, 13;
v0x14924a980_14 .array/port v0x14924a980, 14;
v0x14924a980_15 .array/port v0x14924a980, 15;
v0x14924a980_16 .array/port v0x14924a980, 16;
E_0x14924a6f0/4 .event anyedge, v0x14924a980_13, v0x14924a980_14, v0x14924a980_15, v0x14924a980_16;
v0x14924a980_17 .array/port v0x14924a980, 17;
v0x14924a980_18 .array/port v0x14924a980, 18;
v0x14924a980_19 .array/port v0x14924a980, 19;
v0x14924a980_20 .array/port v0x14924a980, 20;
E_0x14924a6f0/5 .event anyedge, v0x14924a980_17, v0x14924a980_18, v0x14924a980_19, v0x14924a980_20;
v0x14924a980_21 .array/port v0x14924a980, 21;
v0x14924a980_22 .array/port v0x14924a980, 22;
v0x14924a980_23 .array/port v0x14924a980, 23;
v0x14924a980_24 .array/port v0x14924a980, 24;
E_0x14924a6f0/6 .event anyedge, v0x14924a980_21, v0x14924a980_22, v0x14924a980_23, v0x14924a980_24;
v0x14924a980_25 .array/port v0x14924a980, 25;
v0x14924a980_26 .array/port v0x14924a980, 26;
v0x14924a980_27 .array/port v0x14924a980, 27;
v0x14924a980_28 .array/port v0x14924a980, 28;
E_0x14924a6f0/7 .event anyedge, v0x14924a980_25, v0x14924a980_26, v0x14924a980_27, v0x14924a980_28;
v0x14924a980_29 .array/port v0x14924a980, 29;
v0x14924a980_30 .array/port v0x14924a980, 30;
v0x14924a980_31 .array/port v0x14924a980, 31;
v0x14924a980_32 .array/port v0x14924a980, 32;
E_0x14924a6f0/8 .event anyedge, v0x14924a980_29, v0x14924a980_30, v0x14924a980_31, v0x14924a980_32;
v0x14924a980_33 .array/port v0x14924a980, 33;
v0x14924a980_34 .array/port v0x14924a980, 34;
v0x14924a980_35 .array/port v0x14924a980, 35;
v0x14924a980_36 .array/port v0x14924a980, 36;
E_0x14924a6f0/9 .event anyedge, v0x14924a980_33, v0x14924a980_34, v0x14924a980_35, v0x14924a980_36;
v0x14924a980_37 .array/port v0x14924a980, 37;
v0x14924a980_38 .array/port v0x14924a980, 38;
v0x14924a980_39 .array/port v0x14924a980, 39;
v0x14924a980_40 .array/port v0x14924a980, 40;
E_0x14924a6f0/10 .event anyedge, v0x14924a980_37, v0x14924a980_38, v0x14924a980_39, v0x14924a980_40;
v0x14924a980_41 .array/port v0x14924a980, 41;
v0x14924a980_42 .array/port v0x14924a980, 42;
v0x14924a980_43 .array/port v0x14924a980, 43;
v0x14924a980_44 .array/port v0x14924a980, 44;
E_0x14924a6f0/11 .event anyedge, v0x14924a980_41, v0x14924a980_42, v0x14924a980_43, v0x14924a980_44;
v0x14924a980_45 .array/port v0x14924a980, 45;
v0x14924a980_46 .array/port v0x14924a980, 46;
v0x14924a980_47 .array/port v0x14924a980, 47;
v0x14924a980_48 .array/port v0x14924a980, 48;
E_0x14924a6f0/12 .event anyedge, v0x14924a980_45, v0x14924a980_46, v0x14924a980_47, v0x14924a980_48;
v0x14924a980_49 .array/port v0x14924a980, 49;
v0x14924a980_50 .array/port v0x14924a980, 50;
v0x14924a980_51 .array/port v0x14924a980, 51;
v0x14924a980_52 .array/port v0x14924a980, 52;
E_0x14924a6f0/13 .event anyedge, v0x14924a980_49, v0x14924a980_50, v0x14924a980_51, v0x14924a980_52;
v0x14924a980_53 .array/port v0x14924a980, 53;
v0x14924a980_54 .array/port v0x14924a980, 54;
v0x14924a980_55 .array/port v0x14924a980, 55;
v0x14924a980_56 .array/port v0x14924a980, 56;
E_0x14924a6f0/14 .event anyedge, v0x14924a980_53, v0x14924a980_54, v0x14924a980_55, v0x14924a980_56;
v0x14924a980_57 .array/port v0x14924a980, 57;
v0x14924a980_58 .array/port v0x14924a980, 58;
v0x14924a980_59 .array/port v0x14924a980, 59;
v0x14924a980_60 .array/port v0x14924a980, 60;
E_0x14924a6f0/15 .event anyedge, v0x14924a980_57, v0x14924a980_58, v0x14924a980_59, v0x14924a980_60;
v0x14924a980_61 .array/port v0x14924a980, 61;
v0x14924a980_62 .array/port v0x14924a980, 62;
v0x14924a980_63 .array/port v0x14924a980, 63;
v0x14924a980_64 .array/port v0x14924a980, 64;
E_0x14924a6f0/16 .event anyedge, v0x14924a980_61, v0x14924a980_62, v0x14924a980_63, v0x14924a980_64;
v0x14924a980_65 .array/port v0x14924a980, 65;
v0x14924a980_66 .array/port v0x14924a980, 66;
v0x14924a980_67 .array/port v0x14924a980, 67;
v0x14924a980_68 .array/port v0x14924a980, 68;
E_0x14924a6f0/17 .event anyedge, v0x14924a980_65, v0x14924a980_66, v0x14924a980_67, v0x14924a980_68;
v0x14924a980_69 .array/port v0x14924a980, 69;
v0x14924a980_70 .array/port v0x14924a980, 70;
v0x14924a980_71 .array/port v0x14924a980, 71;
v0x14924a980_72 .array/port v0x14924a980, 72;
E_0x14924a6f0/18 .event anyedge, v0x14924a980_69, v0x14924a980_70, v0x14924a980_71, v0x14924a980_72;
v0x14924a980_73 .array/port v0x14924a980, 73;
v0x14924a980_74 .array/port v0x14924a980, 74;
v0x14924a980_75 .array/port v0x14924a980, 75;
v0x14924a980_76 .array/port v0x14924a980, 76;
E_0x14924a6f0/19 .event anyedge, v0x14924a980_73, v0x14924a980_74, v0x14924a980_75, v0x14924a980_76;
v0x14924a980_77 .array/port v0x14924a980, 77;
v0x14924a980_78 .array/port v0x14924a980, 78;
v0x14924a980_79 .array/port v0x14924a980, 79;
v0x14924a980_80 .array/port v0x14924a980, 80;
E_0x14924a6f0/20 .event anyedge, v0x14924a980_77, v0x14924a980_78, v0x14924a980_79, v0x14924a980_80;
v0x14924a980_81 .array/port v0x14924a980, 81;
v0x14924a980_82 .array/port v0x14924a980, 82;
v0x14924a980_83 .array/port v0x14924a980, 83;
v0x14924a980_84 .array/port v0x14924a980, 84;
E_0x14924a6f0/21 .event anyedge, v0x14924a980_81, v0x14924a980_82, v0x14924a980_83, v0x14924a980_84;
v0x14924a980_85 .array/port v0x14924a980, 85;
v0x14924a980_86 .array/port v0x14924a980, 86;
v0x14924a980_87 .array/port v0x14924a980, 87;
v0x14924a980_88 .array/port v0x14924a980, 88;
E_0x14924a6f0/22 .event anyedge, v0x14924a980_85, v0x14924a980_86, v0x14924a980_87, v0x14924a980_88;
v0x14924a980_89 .array/port v0x14924a980, 89;
v0x14924a980_90 .array/port v0x14924a980, 90;
v0x14924a980_91 .array/port v0x14924a980, 91;
v0x14924a980_92 .array/port v0x14924a980, 92;
E_0x14924a6f0/23 .event anyedge, v0x14924a980_89, v0x14924a980_90, v0x14924a980_91, v0x14924a980_92;
v0x14924a980_93 .array/port v0x14924a980, 93;
v0x14924a980_94 .array/port v0x14924a980, 94;
v0x14924a980_95 .array/port v0x14924a980, 95;
v0x14924a980_96 .array/port v0x14924a980, 96;
E_0x14924a6f0/24 .event anyedge, v0x14924a980_93, v0x14924a980_94, v0x14924a980_95, v0x14924a980_96;
v0x14924a980_97 .array/port v0x14924a980, 97;
v0x14924a980_98 .array/port v0x14924a980, 98;
v0x14924a980_99 .array/port v0x14924a980, 99;
v0x14924a980_100 .array/port v0x14924a980, 100;
E_0x14924a6f0/25 .event anyedge, v0x14924a980_97, v0x14924a980_98, v0x14924a980_99, v0x14924a980_100;
v0x14924a980_101 .array/port v0x14924a980, 101;
v0x14924a980_102 .array/port v0x14924a980, 102;
v0x14924a980_103 .array/port v0x14924a980, 103;
v0x14924a980_104 .array/port v0x14924a980, 104;
E_0x14924a6f0/26 .event anyedge, v0x14924a980_101, v0x14924a980_102, v0x14924a980_103, v0x14924a980_104;
v0x14924a980_105 .array/port v0x14924a980, 105;
v0x14924a980_106 .array/port v0x14924a980, 106;
v0x14924a980_107 .array/port v0x14924a980, 107;
v0x14924a980_108 .array/port v0x14924a980, 108;
E_0x14924a6f0/27 .event anyedge, v0x14924a980_105, v0x14924a980_106, v0x14924a980_107, v0x14924a980_108;
v0x14924a980_109 .array/port v0x14924a980, 109;
v0x14924a980_110 .array/port v0x14924a980, 110;
v0x14924a980_111 .array/port v0x14924a980, 111;
v0x14924a980_112 .array/port v0x14924a980, 112;
E_0x14924a6f0/28 .event anyedge, v0x14924a980_109, v0x14924a980_110, v0x14924a980_111, v0x14924a980_112;
v0x14924a980_113 .array/port v0x14924a980, 113;
v0x14924a980_114 .array/port v0x14924a980, 114;
v0x14924a980_115 .array/port v0x14924a980, 115;
v0x14924a980_116 .array/port v0x14924a980, 116;
E_0x14924a6f0/29 .event anyedge, v0x14924a980_113, v0x14924a980_114, v0x14924a980_115, v0x14924a980_116;
v0x14924a980_117 .array/port v0x14924a980, 117;
v0x14924a980_118 .array/port v0x14924a980, 118;
v0x14924a980_119 .array/port v0x14924a980, 119;
v0x14924a980_120 .array/port v0x14924a980, 120;
E_0x14924a6f0/30 .event anyedge, v0x14924a980_117, v0x14924a980_118, v0x14924a980_119, v0x14924a980_120;
v0x14924a980_121 .array/port v0x14924a980, 121;
v0x14924a980_122 .array/port v0x14924a980, 122;
v0x14924a980_123 .array/port v0x14924a980, 123;
v0x14924a980_124 .array/port v0x14924a980, 124;
E_0x14924a6f0/31 .event anyedge, v0x14924a980_121, v0x14924a980_122, v0x14924a980_123, v0x14924a980_124;
v0x14924a980_125 .array/port v0x14924a980, 125;
v0x14924a980_126 .array/port v0x14924a980, 126;
v0x14924a980_127 .array/port v0x14924a980, 127;
v0x14924a980_128 .array/port v0x14924a980, 128;
E_0x14924a6f0/32 .event anyedge, v0x14924a980_125, v0x14924a980_126, v0x14924a980_127, v0x14924a980_128;
v0x14924a980_129 .array/port v0x14924a980, 129;
v0x14924a980_130 .array/port v0x14924a980, 130;
v0x14924a980_131 .array/port v0x14924a980, 131;
v0x14924a980_132 .array/port v0x14924a980, 132;
E_0x14924a6f0/33 .event anyedge, v0x14924a980_129, v0x14924a980_130, v0x14924a980_131, v0x14924a980_132;
v0x14924a980_133 .array/port v0x14924a980, 133;
v0x14924a980_134 .array/port v0x14924a980, 134;
v0x14924a980_135 .array/port v0x14924a980, 135;
v0x14924a980_136 .array/port v0x14924a980, 136;
E_0x14924a6f0/34 .event anyedge, v0x14924a980_133, v0x14924a980_134, v0x14924a980_135, v0x14924a980_136;
v0x14924a980_137 .array/port v0x14924a980, 137;
v0x14924a980_138 .array/port v0x14924a980, 138;
v0x14924a980_139 .array/port v0x14924a980, 139;
v0x14924a980_140 .array/port v0x14924a980, 140;
E_0x14924a6f0/35 .event anyedge, v0x14924a980_137, v0x14924a980_138, v0x14924a980_139, v0x14924a980_140;
v0x14924a980_141 .array/port v0x14924a980, 141;
v0x14924a980_142 .array/port v0x14924a980, 142;
v0x14924a980_143 .array/port v0x14924a980, 143;
v0x14924a980_144 .array/port v0x14924a980, 144;
E_0x14924a6f0/36 .event anyedge, v0x14924a980_141, v0x14924a980_142, v0x14924a980_143, v0x14924a980_144;
v0x14924a980_145 .array/port v0x14924a980, 145;
v0x14924a980_146 .array/port v0x14924a980, 146;
v0x14924a980_147 .array/port v0x14924a980, 147;
v0x14924a980_148 .array/port v0x14924a980, 148;
E_0x14924a6f0/37 .event anyedge, v0x14924a980_145, v0x14924a980_146, v0x14924a980_147, v0x14924a980_148;
v0x14924a980_149 .array/port v0x14924a980, 149;
v0x14924a980_150 .array/port v0x14924a980, 150;
v0x14924a980_151 .array/port v0x14924a980, 151;
v0x14924a980_152 .array/port v0x14924a980, 152;
E_0x14924a6f0/38 .event anyedge, v0x14924a980_149, v0x14924a980_150, v0x14924a980_151, v0x14924a980_152;
v0x14924a980_153 .array/port v0x14924a980, 153;
v0x14924a980_154 .array/port v0x14924a980, 154;
v0x14924a980_155 .array/port v0x14924a980, 155;
v0x14924a980_156 .array/port v0x14924a980, 156;
E_0x14924a6f0/39 .event anyedge, v0x14924a980_153, v0x14924a980_154, v0x14924a980_155, v0x14924a980_156;
v0x14924a980_157 .array/port v0x14924a980, 157;
v0x14924a980_158 .array/port v0x14924a980, 158;
v0x14924a980_159 .array/port v0x14924a980, 159;
v0x14924a980_160 .array/port v0x14924a980, 160;
E_0x14924a6f0/40 .event anyedge, v0x14924a980_157, v0x14924a980_158, v0x14924a980_159, v0x14924a980_160;
v0x14924a980_161 .array/port v0x14924a980, 161;
v0x14924a980_162 .array/port v0x14924a980, 162;
v0x14924a980_163 .array/port v0x14924a980, 163;
v0x14924a980_164 .array/port v0x14924a980, 164;
E_0x14924a6f0/41 .event anyedge, v0x14924a980_161, v0x14924a980_162, v0x14924a980_163, v0x14924a980_164;
v0x14924a980_165 .array/port v0x14924a980, 165;
v0x14924a980_166 .array/port v0x14924a980, 166;
v0x14924a980_167 .array/port v0x14924a980, 167;
v0x14924a980_168 .array/port v0x14924a980, 168;
E_0x14924a6f0/42 .event anyedge, v0x14924a980_165, v0x14924a980_166, v0x14924a980_167, v0x14924a980_168;
v0x14924a980_169 .array/port v0x14924a980, 169;
v0x14924a980_170 .array/port v0x14924a980, 170;
v0x14924a980_171 .array/port v0x14924a980, 171;
v0x14924a980_172 .array/port v0x14924a980, 172;
E_0x14924a6f0/43 .event anyedge, v0x14924a980_169, v0x14924a980_170, v0x14924a980_171, v0x14924a980_172;
v0x14924a980_173 .array/port v0x14924a980, 173;
v0x14924a980_174 .array/port v0x14924a980, 174;
v0x14924a980_175 .array/port v0x14924a980, 175;
v0x14924a980_176 .array/port v0x14924a980, 176;
E_0x14924a6f0/44 .event anyedge, v0x14924a980_173, v0x14924a980_174, v0x14924a980_175, v0x14924a980_176;
v0x14924a980_177 .array/port v0x14924a980, 177;
v0x14924a980_178 .array/port v0x14924a980, 178;
v0x14924a980_179 .array/port v0x14924a980, 179;
v0x14924a980_180 .array/port v0x14924a980, 180;
E_0x14924a6f0/45 .event anyedge, v0x14924a980_177, v0x14924a980_178, v0x14924a980_179, v0x14924a980_180;
v0x14924a980_181 .array/port v0x14924a980, 181;
v0x14924a980_182 .array/port v0x14924a980, 182;
v0x14924a980_183 .array/port v0x14924a980, 183;
v0x14924a980_184 .array/port v0x14924a980, 184;
E_0x14924a6f0/46 .event anyedge, v0x14924a980_181, v0x14924a980_182, v0x14924a980_183, v0x14924a980_184;
v0x14924a980_185 .array/port v0x14924a980, 185;
v0x14924a980_186 .array/port v0x14924a980, 186;
v0x14924a980_187 .array/port v0x14924a980, 187;
v0x14924a980_188 .array/port v0x14924a980, 188;
E_0x14924a6f0/47 .event anyedge, v0x14924a980_185, v0x14924a980_186, v0x14924a980_187, v0x14924a980_188;
v0x14924a980_189 .array/port v0x14924a980, 189;
v0x14924a980_190 .array/port v0x14924a980, 190;
v0x14924a980_191 .array/port v0x14924a980, 191;
v0x14924a980_192 .array/port v0x14924a980, 192;
E_0x14924a6f0/48 .event anyedge, v0x14924a980_189, v0x14924a980_190, v0x14924a980_191, v0x14924a980_192;
v0x14924a980_193 .array/port v0x14924a980, 193;
v0x14924a980_194 .array/port v0x14924a980, 194;
v0x14924a980_195 .array/port v0x14924a980, 195;
v0x14924a980_196 .array/port v0x14924a980, 196;
E_0x14924a6f0/49 .event anyedge, v0x14924a980_193, v0x14924a980_194, v0x14924a980_195, v0x14924a980_196;
v0x14924a980_197 .array/port v0x14924a980, 197;
v0x14924a980_198 .array/port v0x14924a980, 198;
v0x14924a980_199 .array/port v0x14924a980, 199;
v0x14924a980_200 .array/port v0x14924a980, 200;
E_0x14924a6f0/50 .event anyedge, v0x14924a980_197, v0x14924a980_198, v0x14924a980_199, v0x14924a980_200;
v0x14924a980_201 .array/port v0x14924a980, 201;
v0x14924a980_202 .array/port v0x14924a980, 202;
v0x14924a980_203 .array/port v0x14924a980, 203;
v0x14924a980_204 .array/port v0x14924a980, 204;
E_0x14924a6f0/51 .event anyedge, v0x14924a980_201, v0x14924a980_202, v0x14924a980_203, v0x14924a980_204;
v0x14924a980_205 .array/port v0x14924a980, 205;
v0x14924a980_206 .array/port v0x14924a980, 206;
v0x14924a980_207 .array/port v0x14924a980, 207;
v0x14924a980_208 .array/port v0x14924a980, 208;
E_0x14924a6f0/52 .event anyedge, v0x14924a980_205, v0x14924a980_206, v0x14924a980_207, v0x14924a980_208;
v0x14924a980_209 .array/port v0x14924a980, 209;
v0x14924a980_210 .array/port v0x14924a980, 210;
v0x14924a980_211 .array/port v0x14924a980, 211;
v0x14924a980_212 .array/port v0x14924a980, 212;
E_0x14924a6f0/53 .event anyedge, v0x14924a980_209, v0x14924a980_210, v0x14924a980_211, v0x14924a980_212;
v0x14924a980_213 .array/port v0x14924a980, 213;
v0x14924a980_214 .array/port v0x14924a980, 214;
v0x14924a980_215 .array/port v0x14924a980, 215;
v0x14924a980_216 .array/port v0x14924a980, 216;
E_0x14924a6f0/54 .event anyedge, v0x14924a980_213, v0x14924a980_214, v0x14924a980_215, v0x14924a980_216;
v0x14924a980_217 .array/port v0x14924a980, 217;
v0x14924a980_218 .array/port v0x14924a980, 218;
v0x14924a980_219 .array/port v0x14924a980, 219;
v0x14924a980_220 .array/port v0x14924a980, 220;
E_0x14924a6f0/55 .event anyedge, v0x14924a980_217, v0x14924a980_218, v0x14924a980_219, v0x14924a980_220;
v0x14924a980_221 .array/port v0x14924a980, 221;
v0x14924a980_222 .array/port v0x14924a980, 222;
v0x14924a980_223 .array/port v0x14924a980, 223;
v0x14924a980_224 .array/port v0x14924a980, 224;
E_0x14924a6f0/56 .event anyedge, v0x14924a980_221, v0x14924a980_222, v0x14924a980_223, v0x14924a980_224;
v0x14924a980_225 .array/port v0x14924a980, 225;
v0x14924a980_226 .array/port v0x14924a980, 226;
v0x14924a980_227 .array/port v0x14924a980, 227;
v0x14924a980_228 .array/port v0x14924a980, 228;
E_0x14924a6f0/57 .event anyedge, v0x14924a980_225, v0x14924a980_226, v0x14924a980_227, v0x14924a980_228;
v0x14924a980_229 .array/port v0x14924a980, 229;
v0x14924a980_230 .array/port v0x14924a980, 230;
v0x14924a980_231 .array/port v0x14924a980, 231;
v0x14924a980_232 .array/port v0x14924a980, 232;
E_0x14924a6f0/58 .event anyedge, v0x14924a980_229, v0x14924a980_230, v0x14924a980_231, v0x14924a980_232;
v0x14924a980_233 .array/port v0x14924a980, 233;
v0x14924a980_234 .array/port v0x14924a980, 234;
v0x14924a980_235 .array/port v0x14924a980, 235;
v0x14924a980_236 .array/port v0x14924a980, 236;
E_0x14924a6f0/59 .event anyedge, v0x14924a980_233, v0x14924a980_234, v0x14924a980_235, v0x14924a980_236;
v0x14924a980_237 .array/port v0x14924a980, 237;
v0x14924a980_238 .array/port v0x14924a980, 238;
v0x14924a980_239 .array/port v0x14924a980, 239;
v0x14924a980_240 .array/port v0x14924a980, 240;
E_0x14924a6f0/60 .event anyedge, v0x14924a980_237, v0x14924a980_238, v0x14924a980_239, v0x14924a980_240;
v0x14924a980_241 .array/port v0x14924a980, 241;
v0x14924a980_242 .array/port v0x14924a980, 242;
v0x14924a980_243 .array/port v0x14924a980, 243;
v0x14924a980_244 .array/port v0x14924a980, 244;
E_0x14924a6f0/61 .event anyedge, v0x14924a980_241, v0x14924a980_242, v0x14924a980_243, v0x14924a980_244;
v0x14924a980_245 .array/port v0x14924a980, 245;
v0x14924a980_246 .array/port v0x14924a980, 246;
v0x14924a980_247 .array/port v0x14924a980, 247;
v0x14924a980_248 .array/port v0x14924a980, 248;
E_0x14924a6f0/62 .event anyedge, v0x14924a980_245, v0x14924a980_246, v0x14924a980_247, v0x14924a980_248;
v0x14924a980_249 .array/port v0x14924a980, 249;
v0x14924a980_250 .array/port v0x14924a980, 250;
v0x14924a980_251 .array/port v0x14924a980, 251;
v0x14924a980_252 .array/port v0x14924a980, 252;
E_0x14924a6f0/63 .event anyedge, v0x14924a980_249, v0x14924a980_250, v0x14924a980_251, v0x14924a980_252;
v0x14924a980_253 .array/port v0x14924a980, 253;
v0x14924a980_254 .array/port v0x14924a980, 254;
v0x14924a980_255 .array/port v0x14924a980, 255;
v0x14924a980_256 .array/port v0x14924a980, 256;
E_0x14924a6f0/64 .event anyedge, v0x14924a980_253, v0x14924a980_254, v0x14924a980_255, v0x14924a980_256;
v0x14924a980_257 .array/port v0x14924a980, 257;
v0x14924a980_258 .array/port v0x14924a980, 258;
v0x14924a980_259 .array/port v0x14924a980, 259;
v0x14924a980_260 .array/port v0x14924a980, 260;
E_0x14924a6f0/65 .event anyedge, v0x14924a980_257, v0x14924a980_258, v0x14924a980_259, v0x14924a980_260;
v0x14924a980_261 .array/port v0x14924a980, 261;
v0x14924a980_262 .array/port v0x14924a980, 262;
v0x14924a980_263 .array/port v0x14924a980, 263;
v0x14924a980_264 .array/port v0x14924a980, 264;
E_0x14924a6f0/66 .event anyedge, v0x14924a980_261, v0x14924a980_262, v0x14924a980_263, v0x14924a980_264;
v0x14924a980_265 .array/port v0x14924a980, 265;
v0x14924a980_266 .array/port v0x14924a980, 266;
v0x14924a980_267 .array/port v0x14924a980, 267;
v0x14924a980_268 .array/port v0x14924a980, 268;
E_0x14924a6f0/67 .event anyedge, v0x14924a980_265, v0x14924a980_266, v0x14924a980_267, v0x14924a980_268;
v0x14924a980_269 .array/port v0x14924a980, 269;
v0x14924a980_270 .array/port v0x14924a980, 270;
v0x14924a980_271 .array/port v0x14924a980, 271;
v0x14924a980_272 .array/port v0x14924a980, 272;
E_0x14924a6f0/68 .event anyedge, v0x14924a980_269, v0x14924a980_270, v0x14924a980_271, v0x14924a980_272;
v0x14924a980_273 .array/port v0x14924a980, 273;
v0x14924a980_274 .array/port v0x14924a980, 274;
v0x14924a980_275 .array/port v0x14924a980, 275;
v0x14924a980_276 .array/port v0x14924a980, 276;
E_0x14924a6f0/69 .event anyedge, v0x14924a980_273, v0x14924a980_274, v0x14924a980_275, v0x14924a980_276;
v0x14924a980_277 .array/port v0x14924a980, 277;
v0x14924a980_278 .array/port v0x14924a980, 278;
v0x14924a980_279 .array/port v0x14924a980, 279;
v0x14924a980_280 .array/port v0x14924a980, 280;
E_0x14924a6f0/70 .event anyedge, v0x14924a980_277, v0x14924a980_278, v0x14924a980_279, v0x14924a980_280;
v0x14924a980_281 .array/port v0x14924a980, 281;
v0x14924a980_282 .array/port v0x14924a980, 282;
v0x14924a980_283 .array/port v0x14924a980, 283;
v0x14924a980_284 .array/port v0x14924a980, 284;
E_0x14924a6f0/71 .event anyedge, v0x14924a980_281, v0x14924a980_282, v0x14924a980_283, v0x14924a980_284;
v0x14924a980_285 .array/port v0x14924a980, 285;
v0x14924a980_286 .array/port v0x14924a980, 286;
v0x14924a980_287 .array/port v0x14924a980, 287;
v0x14924a980_288 .array/port v0x14924a980, 288;
E_0x14924a6f0/72 .event anyedge, v0x14924a980_285, v0x14924a980_286, v0x14924a980_287, v0x14924a980_288;
v0x14924a980_289 .array/port v0x14924a980, 289;
v0x14924a980_290 .array/port v0x14924a980, 290;
v0x14924a980_291 .array/port v0x14924a980, 291;
v0x14924a980_292 .array/port v0x14924a980, 292;
E_0x14924a6f0/73 .event anyedge, v0x14924a980_289, v0x14924a980_290, v0x14924a980_291, v0x14924a980_292;
v0x14924a980_293 .array/port v0x14924a980, 293;
v0x14924a980_294 .array/port v0x14924a980, 294;
v0x14924a980_295 .array/port v0x14924a980, 295;
v0x14924a980_296 .array/port v0x14924a980, 296;
E_0x14924a6f0/74 .event anyedge, v0x14924a980_293, v0x14924a980_294, v0x14924a980_295, v0x14924a980_296;
v0x14924a980_297 .array/port v0x14924a980, 297;
v0x14924a980_298 .array/port v0x14924a980, 298;
v0x14924a980_299 .array/port v0x14924a980, 299;
v0x14924a980_300 .array/port v0x14924a980, 300;
E_0x14924a6f0/75 .event anyedge, v0x14924a980_297, v0x14924a980_298, v0x14924a980_299, v0x14924a980_300;
v0x14924a980_301 .array/port v0x14924a980, 301;
v0x14924a980_302 .array/port v0x14924a980, 302;
v0x14924a980_303 .array/port v0x14924a980, 303;
v0x14924a980_304 .array/port v0x14924a980, 304;
E_0x14924a6f0/76 .event anyedge, v0x14924a980_301, v0x14924a980_302, v0x14924a980_303, v0x14924a980_304;
v0x14924a980_305 .array/port v0x14924a980, 305;
v0x14924a980_306 .array/port v0x14924a980, 306;
v0x14924a980_307 .array/port v0x14924a980, 307;
v0x14924a980_308 .array/port v0x14924a980, 308;
E_0x14924a6f0/77 .event anyedge, v0x14924a980_305, v0x14924a980_306, v0x14924a980_307, v0x14924a980_308;
v0x14924a980_309 .array/port v0x14924a980, 309;
v0x14924a980_310 .array/port v0x14924a980, 310;
v0x14924a980_311 .array/port v0x14924a980, 311;
v0x14924a980_312 .array/port v0x14924a980, 312;
E_0x14924a6f0/78 .event anyedge, v0x14924a980_309, v0x14924a980_310, v0x14924a980_311, v0x14924a980_312;
v0x14924a980_313 .array/port v0x14924a980, 313;
v0x14924a980_314 .array/port v0x14924a980, 314;
v0x14924a980_315 .array/port v0x14924a980, 315;
v0x14924a980_316 .array/port v0x14924a980, 316;
E_0x14924a6f0/79 .event anyedge, v0x14924a980_313, v0x14924a980_314, v0x14924a980_315, v0x14924a980_316;
v0x14924a980_317 .array/port v0x14924a980, 317;
v0x14924a980_318 .array/port v0x14924a980, 318;
v0x14924a980_319 .array/port v0x14924a980, 319;
v0x14924a980_320 .array/port v0x14924a980, 320;
E_0x14924a6f0/80 .event anyedge, v0x14924a980_317, v0x14924a980_318, v0x14924a980_319, v0x14924a980_320;
v0x14924a980_321 .array/port v0x14924a980, 321;
v0x14924a980_322 .array/port v0x14924a980, 322;
v0x14924a980_323 .array/port v0x14924a980, 323;
v0x14924a980_324 .array/port v0x14924a980, 324;
E_0x14924a6f0/81 .event anyedge, v0x14924a980_321, v0x14924a980_322, v0x14924a980_323, v0x14924a980_324;
v0x14924a980_325 .array/port v0x14924a980, 325;
v0x14924a980_326 .array/port v0x14924a980, 326;
v0x14924a980_327 .array/port v0x14924a980, 327;
v0x14924a980_328 .array/port v0x14924a980, 328;
E_0x14924a6f0/82 .event anyedge, v0x14924a980_325, v0x14924a980_326, v0x14924a980_327, v0x14924a980_328;
v0x14924a980_329 .array/port v0x14924a980, 329;
v0x14924a980_330 .array/port v0x14924a980, 330;
v0x14924a980_331 .array/port v0x14924a980, 331;
v0x14924a980_332 .array/port v0x14924a980, 332;
E_0x14924a6f0/83 .event anyedge, v0x14924a980_329, v0x14924a980_330, v0x14924a980_331, v0x14924a980_332;
v0x14924a980_333 .array/port v0x14924a980, 333;
v0x14924a980_334 .array/port v0x14924a980, 334;
v0x14924a980_335 .array/port v0x14924a980, 335;
v0x14924a980_336 .array/port v0x14924a980, 336;
E_0x14924a6f0/84 .event anyedge, v0x14924a980_333, v0x14924a980_334, v0x14924a980_335, v0x14924a980_336;
v0x14924a980_337 .array/port v0x14924a980, 337;
v0x14924a980_338 .array/port v0x14924a980, 338;
v0x14924a980_339 .array/port v0x14924a980, 339;
v0x14924a980_340 .array/port v0x14924a980, 340;
E_0x14924a6f0/85 .event anyedge, v0x14924a980_337, v0x14924a980_338, v0x14924a980_339, v0x14924a980_340;
v0x14924a980_341 .array/port v0x14924a980, 341;
v0x14924a980_342 .array/port v0x14924a980, 342;
v0x14924a980_343 .array/port v0x14924a980, 343;
v0x14924a980_344 .array/port v0x14924a980, 344;
E_0x14924a6f0/86 .event anyedge, v0x14924a980_341, v0x14924a980_342, v0x14924a980_343, v0x14924a980_344;
v0x14924a980_345 .array/port v0x14924a980, 345;
v0x14924a980_346 .array/port v0x14924a980, 346;
v0x14924a980_347 .array/port v0x14924a980, 347;
v0x14924a980_348 .array/port v0x14924a980, 348;
E_0x14924a6f0/87 .event anyedge, v0x14924a980_345, v0x14924a980_346, v0x14924a980_347, v0x14924a980_348;
v0x14924a980_349 .array/port v0x14924a980, 349;
v0x14924a980_350 .array/port v0x14924a980, 350;
v0x14924a980_351 .array/port v0x14924a980, 351;
v0x14924a980_352 .array/port v0x14924a980, 352;
E_0x14924a6f0/88 .event anyedge, v0x14924a980_349, v0x14924a980_350, v0x14924a980_351, v0x14924a980_352;
v0x14924a980_353 .array/port v0x14924a980, 353;
v0x14924a980_354 .array/port v0x14924a980, 354;
v0x14924a980_355 .array/port v0x14924a980, 355;
v0x14924a980_356 .array/port v0x14924a980, 356;
E_0x14924a6f0/89 .event anyedge, v0x14924a980_353, v0x14924a980_354, v0x14924a980_355, v0x14924a980_356;
v0x14924a980_357 .array/port v0x14924a980, 357;
v0x14924a980_358 .array/port v0x14924a980, 358;
v0x14924a980_359 .array/port v0x14924a980, 359;
v0x14924a980_360 .array/port v0x14924a980, 360;
E_0x14924a6f0/90 .event anyedge, v0x14924a980_357, v0x14924a980_358, v0x14924a980_359, v0x14924a980_360;
v0x14924a980_361 .array/port v0x14924a980, 361;
v0x14924a980_362 .array/port v0x14924a980, 362;
v0x14924a980_363 .array/port v0x14924a980, 363;
v0x14924a980_364 .array/port v0x14924a980, 364;
E_0x14924a6f0/91 .event anyedge, v0x14924a980_361, v0x14924a980_362, v0x14924a980_363, v0x14924a980_364;
v0x14924a980_365 .array/port v0x14924a980, 365;
v0x14924a980_366 .array/port v0x14924a980, 366;
v0x14924a980_367 .array/port v0x14924a980, 367;
v0x14924a980_368 .array/port v0x14924a980, 368;
E_0x14924a6f0/92 .event anyedge, v0x14924a980_365, v0x14924a980_366, v0x14924a980_367, v0x14924a980_368;
v0x14924a980_369 .array/port v0x14924a980, 369;
v0x14924a980_370 .array/port v0x14924a980, 370;
v0x14924a980_371 .array/port v0x14924a980, 371;
v0x14924a980_372 .array/port v0x14924a980, 372;
E_0x14924a6f0/93 .event anyedge, v0x14924a980_369, v0x14924a980_370, v0x14924a980_371, v0x14924a980_372;
v0x14924a980_373 .array/port v0x14924a980, 373;
v0x14924a980_374 .array/port v0x14924a980, 374;
v0x14924a980_375 .array/port v0x14924a980, 375;
v0x14924a980_376 .array/port v0x14924a980, 376;
E_0x14924a6f0/94 .event anyedge, v0x14924a980_373, v0x14924a980_374, v0x14924a980_375, v0x14924a980_376;
v0x14924a980_377 .array/port v0x14924a980, 377;
v0x14924a980_378 .array/port v0x14924a980, 378;
v0x14924a980_379 .array/port v0x14924a980, 379;
v0x14924a980_380 .array/port v0x14924a980, 380;
E_0x14924a6f0/95 .event anyedge, v0x14924a980_377, v0x14924a980_378, v0x14924a980_379, v0x14924a980_380;
v0x14924a980_381 .array/port v0x14924a980, 381;
v0x14924a980_382 .array/port v0x14924a980, 382;
v0x14924a980_383 .array/port v0x14924a980, 383;
v0x14924a980_384 .array/port v0x14924a980, 384;
E_0x14924a6f0/96 .event anyedge, v0x14924a980_381, v0x14924a980_382, v0x14924a980_383, v0x14924a980_384;
v0x14924a980_385 .array/port v0x14924a980, 385;
v0x14924a980_386 .array/port v0x14924a980, 386;
v0x14924a980_387 .array/port v0x14924a980, 387;
v0x14924a980_388 .array/port v0x14924a980, 388;
E_0x14924a6f0/97 .event anyedge, v0x14924a980_385, v0x14924a980_386, v0x14924a980_387, v0x14924a980_388;
v0x14924a980_389 .array/port v0x14924a980, 389;
v0x14924a980_390 .array/port v0x14924a980, 390;
v0x14924a980_391 .array/port v0x14924a980, 391;
v0x14924a980_392 .array/port v0x14924a980, 392;
E_0x14924a6f0/98 .event anyedge, v0x14924a980_389, v0x14924a980_390, v0x14924a980_391, v0x14924a980_392;
v0x14924a980_393 .array/port v0x14924a980, 393;
v0x14924a980_394 .array/port v0x14924a980, 394;
v0x14924a980_395 .array/port v0x14924a980, 395;
v0x14924a980_396 .array/port v0x14924a980, 396;
E_0x14924a6f0/99 .event anyedge, v0x14924a980_393, v0x14924a980_394, v0x14924a980_395, v0x14924a980_396;
v0x14924a980_397 .array/port v0x14924a980, 397;
v0x14924a980_398 .array/port v0x14924a980, 398;
v0x14924a980_399 .array/port v0x14924a980, 399;
v0x14924a980_400 .array/port v0x14924a980, 400;
E_0x14924a6f0/100 .event anyedge, v0x14924a980_397, v0x14924a980_398, v0x14924a980_399, v0x14924a980_400;
v0x14924a980_401 .array/port v0x14924a980, 401;
v0x14924a980_402 .array/port v0x14924a980, 402;
v0x14924a980_403 .array/port v0x14924a980, 403;
v0x14924a980_404 .array/port v0x14924a980, 404;
E_0x14924a6f0/101 .event anyedge, v0x14924a980_401, v0x14924a980_402, v0x14924a980_403, v0x14924a980_404;
v0x14924a980_405 .array/port v0x14924a980, 405;
v0x14924a980_406 .array/port v0x14924a980, 406;
v0x14924a980_407 .array/port v0x14924a980, 407;
v0x14924a980_408 .array/port v0x14924a980, 408;
E_0x14924a6f0/102 .event anyedge, v0x14924a980_405, v0x14924a980_406, v0x14924a980_407, v0x14924a980_408;
v0x14924a980_409 .array/port v0x14924a980, 409;
v0x14924a980_410 .array/port v0x14924a980, 410;
v0x14924a980_411 .array/port v0x14924a980, 411;
v0x14924a980_412 .array/port v0x14924a980, 412;
E_0x14924a6f0/103 .event anyedge, v0x14924a980_409, v0x14924a980_410, v0x14924a980_411, v0x14924a980_412;
v0x14924a980_413 .array/port v0x14924a980, 413;
v0x14924a980_414 .array/port v0x14924a980, 414;
v0x14924a980_415 .array/port v0x14924a980, 415;
v0x14924a980_416 .array/port v0x14924a980, 416;
E_0x14924a6f0/104 .event anyedge, v0x14924a980_413, v0x14924a980_414, v0x14924a980_415, v0x14924a980_416;
v0x14924a980_417 .array/port v0x14924a980, 417;
v0x14924a980_418 .array/port v0x14924a980, 418;
v0x14924a980_419 .array/port v0x14924a980, 419;
v0x14924a980_420 .array/port v0x14924a980, 420;
E_0x14924a6f0/105 .event anyedge, v0x14924a980_417, v0x14924a980_418, v0x14924a980_419, v0x14924a980_420;
v0x14924a980_421 .array/port v0x14924a980, 421;
v0x14924a980_422 .array/port v0x14924a980, 422;
v0x14924a980_423 .array/port v0x14924a980, 423;
v0x14924a980_424 .array/port v0x14924a980, 424;
E_0x14924a6f0/106 .event anyedge, v0x14924a980_421, v0x14924a980_422, v0x14924a980_423, v0x14924a980_424;
v0x14924a980_425 .array/port v0x14924a980, 425;
v0x14924a980_426 .array/port v0x14924a980, 426;
v0x14924a980_427 .array/port v0x14924a980, 427;
v0x14924a980_428 .array/port v0x14924a980, 428;
E_0x14924a6f0/107 .event anyedge, v0x14924a980_425, v0x14924a980_426, v0x14924a980_427, v0x14924a980_428;
v0x14924a980_429 .array/port v0x14924a980, 429;
v0x14924a980_430 .array/port v0x14924a980, 430;
v0x14924a980_431 .array/port v0x14924a980, 431;
v0x14924a980_432 .array/port v0x14924a980, 432;
E_0x14924a6f0/108 .event anyedge, v0x14924a980_429, v0x14924a980_430, v0x14924a980_431, v0x14924a980_432;
v0x14924a980_433 .array/port v0x14924a980, 433;
v0x14924a980_434 .array/port v0x14924a980, 434;
v0x14924a980_435 .array/port v0x14924a980, 435;
v0x14924a980_436 .array/port v0x14924a980, 436;
E_0x14924a6f0/109 .event anyedge, v0x14924a980_433, v0x14924a980_434, v0x14924a980_435, v0x14924a980_436;
v0x14924a980_437 .array/port v0x14924a980, 437;
v0x14924a980_438 .array/port v0x14924a980, 438;
v0x14924a980_439 .array/port v0x14924a980, 439;
v0x14924a980_440 .array/port v0x14924a980, 440;
E_0x14924a6f0/110 .event anyedge, v0x14924a980_437, v0x14924a980_438, v0x14924a980_439, v0x14924a980_440;
v0x14924a980_441 .array/port v0x14924a980, 441;
v0x14924a980_442 .array/port v0x14924a980, 442;
v0x14924a980_443 .array/port v0x14924a980, 443;
v0x14924a980_444 .array/port v0x14924a980, 444;
E_0x14924a6f0/111 .event anyedge, v0x14924a980_441, v0x14924a980_442, v0x14924a980_443, v0x14924a980_444;
v0x14924a980_445 .array/port v0x14924a980, 445;
v0x14924a980_446 .array/port v0x14924a980, 446;
v0x14924a980_447 .array/port v0x14924a980, 447;
v0x14924a980_448 .array/port v0x14924a980, 448;
E_0x14924a6f0/112 .event anyedge, v0x14924a980_445, v0x14924a980_446, v0x14924a980_447, v0x14924a980_448;
v0x14924a980_449 .array/port v0x14924a980, 449;
v0x14924a980_450 .array/port v0x14924a980, 450;
v0x14924a980_451 .array/port v0x14924a980, 451;
v0x14924a980_452 .array/port v0x14924a980, 452;
E_0x14924a6f0/113 .event anyedge, v0x14924a980_449, v0x14924a980_450, v0x14924a980_451, v0x14924a980_452;
v0x14924a980_453 .array/port v0x14924a980, 453;
v0x14924a980_454 .array/port v0x14924a980, 454;
v0x14924a980_455 .array/port v0x14924a980, 455;
v0x14924a980_456 .array/port v0x14924a980, 456;
E_0x14924a6f0/114 .event anyedge, v0x14924a980_453, v0x14924a980_454, v0x14924a980_455, v0x14924a980_456;
v0x14924a980_457 .array/port v0x14924a980, 457;
v0x14924a980_458 .array/port v0x14924a980, 458;
v0x14924a980_459 .array/port v0x14924a980, 459;
v0x14924a980_460 .array/port v0x14924a980, 460;
E_0x14924a6f0/115 .event anyedge, v0x14924a980_457, v0x14924a980_458, v0x14924a980_459, v0x14924a980_460;
v0x14924a980_461 .array/port v0x14924a980, 461;
v0x14924a980_462 .array/port v0x14924a980, 462;
v0x14924a980_463 .array/port v0x14924a980, 463;
v0x14924a980_464 .array/port v0x14924a980, 464;
E_0x14924a6f0/116 .event anyedge, v0x14924a980_461, v0x14924a980_462, v0x14924a980_463, v0x14924a980_464;
v0x14924a980_465 .array/port v0x14924a980, 465;
v0x14924a980_466 .array/port v0x14924a980, 466;
v0x14924a980_467 .array/port v0x14924a980, 467;
v0x14924a980_468 .array/port v0x14924a980, 468;
E_0x14924a6f0/117 .event anyedge, v0x14924a980_465, v0x14924a980_466, v0x14924a980_467, v0x14924a980_468;
v0x14924a980_469 .array/port v0x14924a980, 469;
v0x14924a980_470 .array/port v0x14924a980, 470;
v0x14924a980_471 .array/port v0x14924a980, 471;
v0x14924a980_472 .array/port v0x14924a980, 472;
E_0x14924a6f0/118 .event anyedge, v0x14924a980_469, v0x14924a980_470, v0x14924a980_471, v0x14924a980_472;
v0x14924a980_473 .array/port v0x14924a980, 473;
v0x14924a980_474 .array/port v0x14924a980, 474;
v0x14924a980_475 .array/port v0x14924a980, 475;
v0x14924a980_476 .array/port v0x14924a980, 476;
E_0x14924a6f0/119 .event anyedge, v0x14924a980_473, v0x14924a980_474, v0x14924a980_475, v0x14924a980_476;
v0x14924a980_477 .array/port v0x14924a980, 477;
v0x14924a980_478 .array/port v0x14924a980, 478;
v0x14924a980_479 .array/port v0x14924a980, 479;
v0x14924a980_480 .array/port v0x14924a980, 480;
E_0x14924a6f0/120 .event anyedge, v0x14924a980_477, v0x14924a980_478, v0x14924a980_479, v0x14924a980_480;
v0x14924a980_481 .array/port v0x14924a980, 481;
v0x14924a980_482 .array/port v0x14924a980, 482;
v0x14924a980_483 .array/port v0x14924a980, 483;
v0x14924a980_484 .array/port v0x14924a980, 484;
E_0x14924a6f0/121 .event anyedge, v0x14924a980_481, v0x14924a980_482, v0x14924a980_483, v0x14924a980_484;
v0x14924a980_485 .array/port v0x14924a980, 485;
v0x14924a980_486 .array/port v0x14924a980, 486;
v0x14924a980_487 .array/port v0x14924a980, 487;
v0x14924a980_488 .array/port v0x14924a980, 488;
E_0x14924a6f0/122 .event anyedge, v0x14924a980_485, v0x14924a980_486, v0x14924a980_487, v0x14924a980_488;
v0x14924a980_489 .array/port v0x14924a980, 489;
v0x14924a980_490 .array/port v0x14924a980, 490;
v0x14924a980_491 .array/port v0x14924a980, 491;
v0x14924a980_492 .array/port v0x14924a980, 492;
E_0x14924a6f0/123 .event anyedge, v0x14924a980_489, v0x14924a980_490, v0x14924a980_491, v0x14924a980_492;
v0x14924a980_493 .array/port v0x14924a980, 493;
v0x14924a980_494 .array/port v0x14924a980, 494;
v0x14924a980_495 .array/port v0x14924a980, 495;
v0x14924a980_496 .array/port v0x14924a980, 496;
E_0x14924a6f0/124 .event anyedge, v0x14924a980_493, v0x14924a980_494, v0x14924a980_495, v0x14924a980_496;
v0x14924a980_497 .array/port v0x14924a980, 497;
v0x14924a980_498 .array/port v0x14924a980, 498;
v0x14924a980_499 .array/port v0x14924a980, 499;
v0x14924a980_500 .array/port v0x14924a980, 500;
E_0x14924a6f0/125 .event anyedge, v0x14924a980_497, v0x14924a980_498, v0x14924a980_499, v0x14924a980_500;
v0x14924a980_501 .array/port v0x14924a980, 501;
v0x14924a980_502 .array/port v0x14924a980, 502;
v0x14924a980_503 .array/port v0x14924a980, 503;
v0x14924a980_504 .array/port v0x14924a980, 504;
E_0x14924a6f0/126 .event anyedge, v0x14924a980_501, v0x14924a980_502, v0x14924a980_503, v0x14924a980_504;
v0x14924a980_505 .array/port v0x14924a980, 505;
v0x14924a980_506 .array/port v0x14924a980, 506;
v0x14924a980_507 .array/port v0x14924a980, 507;
v0x14924a980_508 .array/port v0x14924a980, 508;
E_0x14924a6f0/127 .event anyedge, v0x14924a980_505, v0x14924a980_506, v0x14924a980_507, v0x14924a980_508;
v0x14924a980_509 .array/port v0x14924a980, 509;
v0x14924a980_510 .array/port v0x14924a980, 510;
v0x14924a980_511 .array/port v0x14924a980, 511;
E_0x14924a6f0/128 .event anyedge, v0x14924a980_509, v0x14924a980_510, v0x14924a980_511, v0x13ffbcd10_0;
E_0x14924a6f0 .event/or E_0x14924a6f0/0, E_0x14924a6f0/1, E_0x14924a6f0/2, E_0x14924a6f0/3, E_0x14924a6f0/4, E_0x14924a6f0/5, E_0x14924a6f0/6, E_0x14924a6f0/7, E_0x14924a6f0/8, E_0x14924a6f0/9, E_0x14924a6f0/10, E_0x14924a6f0/11, E_0x14924a6f0/12, E_0x14924a6f0/13, E_0x14924a6f0/14, E_0x14924a6f0/15, E_0x14924a6f0/16, E_0x14924a6f0/17, E_0x14924a6f0/18, E_0x14924a6f0/19, E_0x14924a6f0/20, E_0x14924a6f0/21, E_0x14924a6f0/22, E_0x14924a6f0/23, E_0x14924a6f0/24, E_0x14924a6f0/25, E_0x14924a6f0/26, E_0x14924a6f0/27, E_0x14924a6f0/28, E_0x14924a6f0/29, E_0x14924a6f0/30, E_0x14924a6f0/31, E_0x14924a6f0/32, E_0x14924a6f0/33, E_0x14924a6f0/34, E_0x14924a6f0/35, E_0x14924a6f0/36, E_0x14924a6f0/37, E_0x14924a6f0/38, E_0x14924a6f0/39, E_0x14924a6f0/40, E_0x14924a6f0/41, E_0x14924a6f0/42, E_0x14924a6f0/43, E_0x14924a6f0/44, E_0x14924a6f0/45, E_0x14924a6f0/46, E_0x14924a6f0/47, E_0x14924a6f0/48, E_0x14924a6f0/49, E_0x14924a6f0/50, E_0x14924a6f0/51, E_0x14924a6f0/52, E_0x14924a6f0/53, E_0x14924a6f0/54, E_0x14924a6f0/55, E_0x14924a6f0/56, E_0x14924a6f0/57, E_0x14924a6f0/58, E_0x14924a6f0/59, E_0x14924a6f0/60, E_0x14924a6f0/61, E_0x14924a6f0/62, E_0x14924a6f0/63, E_0x14924a6f0/64, E_0x14924a6f0/65, E_0x14924a6f0/66, E_0x14924a6f0/67, E_0x14924a6f0/68, E_0x14924a6f0/69, E_0x14924a6f0/70, E_0x14924a6f0/71, E_0x14924a6f0/72, E_0x14924a6f0/73, E_0x14924a6f0/74, E_0x14924a6f0/75, E_0x14924a6f0/76, E_0x14924a6f0/77, E_0x14924a6f0/78, E_0x14924a6f0/79, E_0x14924a6f0/80, E_0x14924a6f0/81, E_0x14924a6f0/82, E_0x14924a6f0/83, E_0x14924a6f0/84, E_0x14924a6f0/85, E_0x14924a6f0/86, E_0x14924a6f0/87, E_0x14924a6f0/88, E_0x14924a6f0/89, E_0x14924a6f0/90, E_0x14924a6f0/91, E_0x14924a6f0/92, E_0x14924a6f0/93, E_0x14924a6f0/94, E_0x14924a6f0/95, E_0x14924a6f0/96, E_0x14924a6f0/97, E_0x14924a6f0/98, E_0x14924a6f0/99, E_0x14924a6f0/100, E_0x14924a6f0/101, E_0x14924a6f0/102, E_0x14924a6f0/103, E_0x14924a6f0/104, E_0x14924a6f0/105, E_0x14924a6f0/106, E_0x14924a6f0/107, E_0x14924a6f0/108, E_0x14924a6f0/109, E_0x14924a6f0/110, E_0x14924a6f0/111, E_0x14924a6f0/112, E_0x14924a6f0/113, E_0x14924a6f0/114, E_0x14924a6f0/115, E_0x14924a6f0/116, E_0x14924a6f0/117, E_0x14924a6f0/118, E_0x14924a6f0/119, E_0x14924a6f0/120, E_0x14924a6f0/121, E_0x14924a6f0/122, E_0x14924a6f0/123, E_0x14924a6f0/124, E_0x14924a6f0/125, E_0x14924a6f0/126, E_0x14924a6f0/127, E_0x14924a6f0/128;
S_0x14924cbf0 .scope module, "reg0" "R0" 3 72, 29 1 0, S_0x13ff6b690;
 .timescale -9 -11;
    .port_info 0 /INPUT 1 "clear";
    .port_info 1 /INPUT 1 "clock";
    .port_info 2 /INPUT 1 "enable";
    .port_info 3 /INPUT 1 "BAout";
    .port_info 4 /INPUT 32 "data_in";
    .port_info 5 /OUTPUT 32 "data_out";
P_0x14924cdb0 .param/l "DATA_WIDTH" 0 29 1, +C4<00000000000000000000000000100000>;
P_0x14924cdf0 .param/l "INIT" 0 29 1, C4<00000000000000000000000000000000>;
v0x14924d010_0 .net "BAout", 0 0, v0x14ff91380_0;  alias, 1 drivers
L_0x140088010 .functor BUFT 1, C4<00000000000000000000000000000000>, C4<0>, C4<0>, C4<0>;
v0x14924d0c0_0 .net/2u *"_ivl_0", 31 0, L_0x140088010;  1 drivers
v0x14924d150_0 .net "clear", 0 0, v0x13ff74f30_0;  alias, 1 drivers
v0x14924d1e0_0 .net "clock", 0 0, v0x13ff74fc0_0;  alias, 1 drivers
v0x14924d270_0 .net "data_in", 31 0, v0x149244d70_0;  alias, 1 drivers
v0x14924d300_0 .net "data_out", 31 0, L_0x14925b860;  alias, 1 drivers
v0x14924d390_0 .net "enable", 0 0, L_0x14925b980;  1 drivers
v0x14924d420_0 .var "q", 31 0;
L_0x14925b860 .functor MUXZ 32, v0x14924d420_0, L_0x140088010, v0x14ff91380_0, C4<>;
S_0x14924d560 .scope module, "reg1" "register" 3 81, 22 1 0, S_0x13ff6b690;
 .timescale -9 -11;
    .port_info 0 /INPUT 1 "clear";
    .port_info 1 /INPUT 1 "clock";
    .port_info 2 /INPUT 1 "enable";
    .port_info 3 /INPUT 32 "data_in";
    .port_info 4 /OUTPUT 32 "data_out";
P_0x14924d720 .param/l "DATA_WIDTH" 0 22 1, +C4<00000000000000000000000000100000>;
P_0x14924d760 .param/l "INIT" 0 22 1, C4<00000000000000000000000000000000>;
L_0x14925ba60 .functor BUFZ 32, v0x14924dc50_0, C4<00000000000000000000000000000000>, C4<00000000000000000000000000000000>, C4<00000000000000000000000000000000>;
v0x14924d8f0_0 .net "clear", 0 0, v0x13ff74f30_0;  alias, 1 drivers
v0x14924d980_0 .net "clock", 0 0, v0x13ff74fc0_0;  alias, 1 drivers
v0x14924da20_0 .net "data_in", 31 0, v0x149244d70_0;  alias, 1 drivers
v0x14924dad0_0 .net "data_out", 31 0, L_0x14925ba60;  alias, 1 drivers
v0x14924db80_0 .net "enable", 0 0, L_0x14925bad0;  1 drivers
v0x14924dc50_0 .var "q", 31 0;
S_0x14924dd80 .scope module, "reg10" "register" 3 153, 22 1 0, S_0x13ff6b690;
 .timescale -9 -11;
    .port_info 0 /INPUT 1 "clear";
    .port_info 1 /INPUT 1 "clock";
    .port_info 2 /INPUT 1 "enable";
    .port_info 3 /INPUT 32 "data_in";
    .port_info 4 /OUTPUT 32 "data_out";
P_0x14924df40 .param/l "DATA_WIDTH" 0 22 1, +C4<00000000000000000000000000100000>;
P_0x14924df80 .param/l "INIT" 0 22 1, C4<00000000000000000000000000000000>;
L_0x14925c720 .functor BUFZ 32, v0x14924e450_0, C4<00000000000000000000000000000000>, C4<00000000000000000000000000000000>, C4<00000000000000000000000000000000>;
v0x14924e0f0_0 .net "clear", 0 0, v0x13ff74f30_0;  alias, 1 drivers
v0x14924e180_0 .net "clock", 0 0, v0x13ff74fc0_0;  alias, 1 drivers
v0x14924e220_0 .net "data_in", 31 0, v0x149244d70_0;  alias, 1 drivers
v0x14924e2d0_0 .net "data_out", 31 0, L_0x14925c720;  alias, 1 drivers
v0x14924e380_0 .net "enable", 0 0, L_0x14925c790;  1 drivers
v0x14924e450_0 .var "q", 31 0;
S_0x14924e580 .scope module, "reg11" "register" 3 161, 22 1 0, S_0x13ff6b690;
 .timescale -9 -11;
    .port_info 0 /INPUT 1 "clear";
    .port_info 1 /INPUT 1 "clock";
    .port_info 2 /INPUT 1 "enable";
    .port_info 3 /INPUT 32 "data_in";
    .port_info 4 /OUTPUT 32 "data_out";
P_0x149248260 .param/l "DATA_WIDTH" 0 22 1, +C4<00000000000000000000000000100000>;
P_0x1492482a0 .param/l "INIT" 0 22 1, C4<00000000000000000000000000000000>;
L_0x14925c8b0 .functor BUFZ 32, v0x14924ecd0_0, C4<00000000000000000000000000000000>, C4<00000000000000000000000000000000>, C4<00000000000000000000000000000000>;
v0x14924e970_0 .net "clear", 0 0, v0x13ff74f30_0;  alias, 1 drivers
v0x14924ea00_0 .net "clock", 0 0, v0x13ff74fc0_0;  alias, 1 drivers
v0x14924eaa0_0 .net "data_in", 31 0, v0x149244d70_0;  alias, 1 drivers
v0x14924eb50_0 .net "data_out", 31 0, L_0x14925c8b0;  alias, 1 drivers
v0x14924ec00_0 .net "enable", 0 0, L_0x14925c940;  1 drivers
v0x14924ecd0_0 .var "q", 31 0;
S_0x14924ee00 .scope module, "reg12" "register" 3 169, 22 1 0, S_0x13ff6b690;
 .timescale -9 -11;
    .port_info 0 /INPUT 1 "clear";
    .port_info 1 /INPUT 1 "clock";
    .port_info 2 /INPUT 1 "enable";
    .port_info 3 /INPUT 32 "data_in";
    .port_info 4 /OUTPUT 32 "data_out";
P_0x14924efc0 .param/l "DATA_WIDTH" 0 22 1, +C4<00000000000000000000000000100000>;
P_0x14924f000 .param/l "INIT" 0 22 1, C4<00000000000000000000000000000000>;
L_0x14925c9e0 .functor BUFZ 32, v0x14924f4d0_0, C4<00000000000000000000000000000000>, C4<00000000000000000000000000000000>, C4<00000000000000000000000000000000>;
v0x14924f170_0 .net "clear", 0 0, v0x13ff74f30_0;  alias, 1 drivers
v0x14924f200_0 .net "clock", 0 0, v0x13ff74fc0_0;  alias, 1 drivers
v0x14924f2a0_0 .net "data_in", 31 0, v0x149244d70_0;  alias, 1 drivers
v0x14924f350_0 .net "data_out", 31 0, L_0x14925c9e0;  alias, 1 drivers
v0x14924f400_0 .net "enable", 0 0, L_0x14925ca50;  1 drivers
v0x14924f4d0_0 .var "q", 31 0;
S_0x14924f600 .scope module, "reg13" "register" 3 177, 22 1 0, S_0x13ff6b690;
 .timescale -9 -11;
    .port_info 0 /INPUT 1 "clear";
    .port_info 1 /INPUT 1 "clock";
    .port_info 2 /INPUT 1 "enable";
    .port_info 3 /INPUT 32 "data_in";
    .port_info 4 /OUTPUT 32 "data_out";
P_0x14924f7c0 .param/l "DATA_WIDTH" 0 22 1, +C4<00000000000000000000000000100000>;
P_0x14924f800 .param/l "INIT" 0 22 1, C4<00000000000000000000000000000000>;
L_0x14925cb80 .functor BUFZ 32, v0x14924fcd0_0, C4<00000000000000000000000000000000>, C4<00000000000000000000000000000000>, C4<00000000000000000000000000000000>;
v0x14924f970_0 .net "clear", 0 0, v0x13ff74f30_0;  alias, 1 drivers
v0x14924fa00_0 .net "clock", 0 0, v0x13ff74fc0_0;  alias, 1 drivers
v0x14924faa0_0 .net "data_in", 31 0, v0x149244d70_0;  alias, 1 drivers
v0x14924fb50_0 .net "data_out", 31 0, L_0x14925cb80;  alias, 1 drivers
v0x14924fc00_0 .net "enable", 0 0, L_0x14925cc10;  1 drivers
v0x14924fcd0_0 .var "q", 31 0;
S_0x14924fe00 .scope module, "reg14" "register" 3 185, 22 1 0, S_0x13ff6b690;
 .timescale -9 -11;
    .port_info 0 /INPUT 1 "clear";
    .port_info 1 /INPUT 1 "clock";
    .port_info 2 /INPUT 1 "enable";
    .port_info 3 /INPUT 32 "data_in";
    .port_info 4 /OUTPUT 32 "data_out";
P_0x14924ffc0 .param/l "DATA_WIDTH" 0 22 1, +C4<00000000000000000000000000100000>;
P_0x149250000 .param/l "INIT" 0 22 1, C4<00000000000000000000000000000000>;
L_0x14925ccb0 .functor BUFZ 32, v0x1492504d0_0, C4<00000000000000000000000000000000>, C4<00000000000000000000000000000000>, C4<00000000000000000000000000000000>;
v0x149250170_0 .net "clear", 0 0, v0x13ff74f30_0;  alias, 1 drivers
v0x149250200_0 .net "clock", 0 0, v0x13ff74fc0_0;  alias, 1 drivers
v0x1492502a0_0 .net "data_in", 31 0, v0x149244d70_0;  alias, 1 drivers
v0x149250350_0 .net "data_out", 31 0, L_0x14925ccb0;  alias, 1 drivers
v0x149250400_0 .net "enable", 0 0, L_0x14925cd20;  1 drivers
v0x1492504d0_0 .var "q", 31 0;
S_0x149250600 .scope module, "reg15" "register" 3 193, 22 1 0, S_0x13ff6b690;
 .timescale -9 -11;
    .port_info 0 /INPUT 1 "clear";
    .port_info 1 /INPUT 1 "clock";
    .port_info 2 /INPUT 1 "enable";
    .port_info 3 /INPUT 32 "data_in";
    .port_info 4 /OUTPUT 32 "data_out";
P_0x1492507c0 .param/l "DATA_WIDTH" 0 22 1, +C4<00000000000000000000000000100000>;
P_0x149250800 .param/l "INIT" 0 22 1, C4<00000000000000000000000000000000>;
L_0x14925cb10 .functor BUFZ 32, v0x149250f20_0, C4<00000000000000000000000000000000>, C4<00000000000000000000000000000000>, C4<00000000000000000000000000000000>;
v0x149250970_0 .net "clear", 0 0, v0x13ff74f30_0;  alias, 1 drivers
v0x149249e80_0 .net "clock", 0 0, v0x13ff74fc0_0;  alias, 1 drivers
v0x14924a020_0 .net "data_in", 31 0, v0x149244d70_0;  alias, 1 drivers
v0x149250e00_0 .net "data_out", 31 0, L_0x14925cb10;  alias, 1 drivers
v0x149250e90_0 .net "enable", 0 0, L_0x14925cfc0;  1 drivers
v0x149250f20_0 .var "q", 31 0;
S_0x149251000 .scope module, "reg2" "register" 3 89, 22 1 0, S_0x13ff6b690;
 .timescale -9 -11;
    .port_info 0 /INPUT 1 "clear";
    .port_info 1 /INPUT 1 "clock";
    .port_info 2 /INPUT 1 "enable";
    .port_info 3 /INPUT 32 "data_in";
    .port_info 4 /OUTPUT 32 "data_out";
P_0x1492511c0 .param/l "DATA_WIDTH" 0 22 1, +C4<00000000000000000000000000100000>;
P_0x149251200 .param/l "INIT" 0 22 1, C4<00000000000000000000000000000000>;
L_0x14925bb70 .functor BUFZ 32, v0x149251550_0, C4<00000000000000000000000000000000>, C4<00000000000000000000000000000000>, C4<00000000000000000000000000000000>;
v0x149251370_0 .net "clear", 0 0, v0x13ff74f30_0;  alias, 1 drivers
v0x149251400_0 .net "clock", 0 0, v0x13ff74fc0_0;  alias, 1 drivers
v0x1492514a0_0 .net "data_in", 31 0, v0x149244d70_0;  alias, 1 drivers
v0x1492455a0_0 .net "data_out", 31 0, L_0x14925bb70;  alias, 1 drivers
v0x149245650_0 .net "enable", 0 0, L_0x14925bbe0;  1 drivers
v0x149251550_0 .var "q", 31 0;
S_0x149251600 .scope module, "reg3" "register" 3 97, 22 1 0, S_0x13ff6b690;
 .timescale -9 -11;
    .port_info 0 /INPUT 1 "clear";
    .port_info 1 /INPUT 1 "clock";
    .port_info 2 /INPUT 1 "enable";
    .port_info 3 /INPUT 32 "data_in";
    .port_info 4 /OUTPUT 32 "data_out";
P_0x1492517c0 .param/l "DATA_WIDTH" 0 22 1, +C4<00000000000000000000000000100000>;
P_0x149251800 .param/l "INIT" 0 22 1, C4<00000000000000000000000000000000>;
L_0x14925bd40 .functor BUFZ 32, v0x149251cd0_0, C4<00000000000000000000000000000000>, C4<00000000000000000000000000000000>, C4<00000000000000000000000000000000>;
v0x149251970_0 .net "clear", 0 0, v0x13ff74f30_0;  alias, 1 drivers
v0x149251a00_0 .net "clock", 0 0, v0x13ff74fc0_0;  alias, 1 drivers
v0x149251aa0_0 .net "data_in", 31 0, v0x149244d70_0;  alias, 1 drivers
v0x149251b50_0 .net "data_out", 31 0, L_0x14925bd40;  alias, 1 drivers
v0x149251c00_0 .net "enable", 0 0, L_0x14925bdb0;  1 drivers
v0x149251cd0_0 .var "q", 31 0;
S_0x149251e00 .scope module, "reg4" "register" 3 105, 22 1 0, S_0x13ff6b690;
 .timescale -9 -11;
    .port_info 0 /INPUT 1 "clear";
    .port_info 1 /INPUT 1 "clock";
    .port_info 2 /INPUT 1 "enable";
    .port_info 3 /INPUT 32 "data_in";
    .port_info 4 /OUTPUT 32 "data_out";
P_0x149251fc0 .param/l "DATA_WIDTH" 0 22 1, +C4<00000000000000000000000000100000>;
P_0x149252000 .param/l "INIT" 0 22 1, C4<00000000000000000000000000000000>;
L_0x14925be50 .functor BUFZ 32, v0x1492524d0_0, C4<00000000000000000000000000000000>, C4<00000000000000000000000000000000>, C4<00000000000000000000000000000000>;
v0x149252170_0 .net "clear", 0 0, v0x13ff74f30_0;  alias, 1 drivers
v0x149252200_0 .net "clock", 0 0, v0x13ff74fc0_0;  alias, 1 drivers
v0x1492522a0_0 .net "data_in", 31 0, v0x149244d70_0;  alias, 1 drivers
v0x149252350_0 .net "data_out", 31 0, L_0x14925be50;  alias, 1 drivers
v0x149252400_0 .net "enable", 0 0, L_0x14925bee0;  1 drivers
v0x1492524d0_0 .var "q", 31 0;
S_0x149252600 .scope module, "reg5" "register" 3 113, 22 1 0, S_0x13ff6b690;
 .timescale -9 -11;
    .port_info 0 /INPUT 1 "clear";
    .port_info 1 /INPUT 1 "clock";
    .port_info 2 /INPUT 1 "enable";
    .port_info 3 /INPUT 32 "data_in";
    .port_info 4 /OUTPUT 32 "data_out";
P_0x1492527c0 .param/l "DATA_WIDTH" 0 22 1, +C4<00000000000000000000000000100000>;
P_0x149252800 .param/l "INIT" 0 22 1, C4<00000000000000000000000000000000>;
L_0x14925bfd0 .functor BUFZ 32, v0x149252cd0_0, C4<00000000000000000000000000000000>, C4<00000000000000000000000000000000>, C4<00000000000000000000000000000000>;
v0x149252970_0 .net "clear", 0 0, v0x13ff74f30_0;  alias, 1 drivers
v0x149252a00_0 .net "clock", 0 0, v0x13ff74fc0_0;  alias, 1 drivers
v0x149252aa0_0 .net "data_in", 31 0, v0x149244d70_0;  alias, 1 drivers
v0x149252b50_0 .net "data_out", 31 0, L_0x14925bfd0;  alias, 1 drivers
v0x149252c00_0 .net "enable", 0 0, L_0x14925c040;  1 drivers
v0x149252cd0_0 .var "q", 31 0;
S_0x149252e00 .scope module, "reg6" "register" 3 121, 22 1 0, S_0x13ff6b690;
 .timescale -9 -11;
    .port_info 0 /INPUT 1 "clear";
    .port_info 1 /INPUT 1 "clock";
    .port_info 2 /INPUT 1 "enable";
    .port_info 3 /INPUT 32 "data_in";
    .port_info 4 /OUTPUT 32 "data_out";
P_0x149252fc0 .param/l "DATA_WIDTH" 0 22 1, +C4<00000000000000000000000000100000>;
P_0x149253000 .param/l "INIT" 0 22 1, C4<00000000000000000000000000000000>;
L_0x14925c100 .functor BUFZ 32, v0x1492534d0_0, C4<00000000000000000000000000000000>, C4<00000000000000000000000000000000>, C4<00000000000000000000000000000000>;
v0x149253170_0 .net "clear", 0 0, v0x13ff74f30_0;  alias, 1 drivers
v0x149253200_0 .net "clock", 0 0, v0x13ff74fc0_0;  alias, 1 drivers
v0x1492532a0_0 .net "data_in", 31 0, v0x149244d70_0;  alias, 1 drivers
v0x149253350_0 .net "data_out", 31 0, L_0x14925c100;  alias, 1 drivers
v0x149253400_0 .net "enable", 0 0, L_0x14925c190;  1 drivers
v0x1492534d0_0 .var "q", 31 0;
S_0x149253600 .scope module, "reg7" "register" 3 129, 22 1 0, S_0x13ff6b690;
 .timescale -9 -11;
    .port_info 0 /INPUT 1 "clear";
    .port_info 1 /INPUT 1 "clock";
    .port_info 2 /INPUT 1 "enable";
    .port_info 3 /INPUT 32 "data_in";
    .port_info 4 /OUTPUT 32 "data_out";
P_0x1492537c0 .param/l "DATA_WIDTH" 0 22 1, +C4<00000000000000000000000000100000>;
P_0x149253800 .param/l "INIT" 0 22 1, C4<00000000000000000000000000000000>;
L_0x14925bca0 .functor BUFZ 32, v0x149253cd0_0, C4<00000000000000000000000000000000>, C4<00000000000000000000000000000000>, C4<00000000000000000000000000000000>;
v0x149253970_0 .net "clear", 0 0, v0x13ff74f30_0;  alias, 1 drivers
v0x149253a00_0 .net "clock", 0 0, v0x13ff74fc0_0;  alias, 1 drivers
v0x149253aa0_0 .net "data_in", 31 0, v0x149244d70_0;  alias, 1 drivers
v0x149253b50_0 .net "data_out", 31 0, L_0x14925bca0;  alias, 1 drivers
v0x149253c00_0 .net "enable", 0 0, L_0x14925c3b0;  1 drivers
v0x149253cd0_0 .var "q", 31 0;
S_0x149253e00 .scope module, "reg8" "register" 3 137, 22 1 0, S_0x13ff6b690;
 .timescale -9 -11;
    .port_info 0 /INPUT 1 "clear";
    .port_info 1 /INPUT 1 "clock";
    .port_info 2 /INPUT 1 "enable";
    .port_info 3 /INPUT 32 "data_in";
    .port_info 4 /OUTPUT 32 "data_out";
P_0x149253fc0 .param/l "DATA_WIDTH" 0 22 1, +C4<00000000000000000000000000100000>;
P_0x149254000 .param/l "INIT" 0 22 1, C4<00000000000000000000000000000000>;
L_0x14925c450 .functor BUFZ 32, v0x1492544d0_0, C4<00000000000000000000000000000000>, C4<00000000000000000000000000000000>, C4<00000000000000000000000000000000>;
v0x149254170_0 .net "clear", 0 0, v0x13ff74f30_0;  alias, 1 drivers
v0x149254200_0 .net "clock", 0 0, v0x13ff74fc0_0;  alias, 1 drivers
v0x1492542a0_0 .net "data_in", 31 0, v0x149244d70_0;  alias, 1 drivers
v0x149254350_0 .net "data_out", 31 0, L_0x14925c450;  alias, 1 drivers
v0x149254400_0 .net "enable", 0 0, L_0x14925c4e0;  1 drivers
v0x1492544d0_0 .var "q", 31 0;
S_0x149254600 .scope module, "reg9" "register" 3 145, 22 1 0, S_0x13ff6b690;
 .timescale -9 -11;
    .port_info 0 /INPUT 1 "clear";
    .port_info 1 /INPUT 1 "clock";
    .port_info 2 /INPUT 1 "enable";
    .port_info 3 /INPUT 32 "data_in";
    .port_info 4 /OUTPUT 32 "data_out";
P_0x1492547c0 .param/l "DATA_WIDTH" 0 22 1, +C4<00000000000000000000000000100000>;
P_0x149254800 .param/l "INIT" 0 22 1, C4<00000000000000000000000000000000>;
L_0x14925c5f0 .functor BUFZ 32, v0x149254cd0_0, C4<00000000000000000000000000000000>, C4<00000000000000000000000000000000>, C4<00000000000000000000000000000000>;
v0x149254970_0 .net "clear", 0 0, v0x13ff74f30_0;  alias, 1 drivers
v0x149254a00_0 .net "clock", 0 0, v0x13ff74fc0_0;  alias, 1 drivers
v0x149254aa0_0 .net "data_in", 31 0, v0x149244d70_0;  alias, 1 drivers
v0x149254b50_0 .net "data_out", 31 0, L_0x14925c5f0;  alias, 1 drivers
v0x149254c00_0 .net "enable", 0 0, L_0x14925c680;  1 drivers
v0x149254cd0_0 .var "q", 31 0;
S_0x149254e00 .scope module, "seg0" "Seven_Seg_Display_Out" 3 295, 30 1 0, S_0x13ff6b690;
 .timescale 0 0;
    .port_info 0 /OUTPUT 8 "outputt";
    .port_info 1 /INPUT 1 "clk";
    .port_info 2 /INPUT 4 "data";
v0x149255070_0 .net "clk", 0 0, v0x13ff74fc0_0;  alias, 1 drivers
v0x149255110_0 .net "data", 3 0, L_0x1492c2b50;  1 drivers
v0x1492551b0_0 .var "outputt", 7 0;
E_0x149255010 .event negedge, v0x13ff890e0_0;
S_0x1492552a0 .scope module, "seg1" "Seven_Seg_Display_Out" 3 301, 30 1 0, S_0x13ff6b690;
 .timescale 0 0;
    .port_info 0 /OUTPUT 8 "outputt";
    .port_info 1 /INPUT 1 "clk";
    .port_info 2 /INPUT 4 "data";
v0x1492554b0_0 .net "clk", 0 0, v0x13ff74fc0_0;  alias, 1 drivers
v0x149255550_0 .net "data", 3 0, L_0x1492c2c90;  1 drivers
v0x149255600_0 .var "outputt", 7 0;
S_0x149255710 .scope module, "select_encode" "Select_Encode" 3 34, 31 1 0, S_0x13ff6b690;
 .timescale -9 -11;
    .port_info 0 /INPUT 32 "IR";
    .port_info 1 /INPUT 1 "Gra";
    .port_info 2 /INPUT 1 "Grb";
    .port_info 3 /INPUT 1 "Grc";
    .port_info 4 /INPUT 1 "Rin";
    .port_info 5 /INPUT 1 "Rout";
    .port_info 6 /INPUT 1 "BAout";
    .port_info 7 /INPUT 1 "Cout";
    .port_info 8 /OUTPUT 16 "Rin_out";
    .port_info 9 /OUTPUT 16 "Rout_out";
    .port_info 10 /OUTPUT 32 "C_sign_extended";
P_0x1492558d0 .param/l "DATA_WIDTH" 0 31 1, +C4<00000000000000000000000000100000>;
v0x149255be0_0 .net "BAout", 0 0, v0x14ff91380_0;  alias, 1 drivers
v0x149255cc0_0 .var "C_sign_extended", 31 0;
v0x149255d50_0 .net "Cout", 0 0, v0x14fffd560_0;  alias, 1 drivers
v0x149255de0_0 .net "Gra", 0 0, v0x13ff673d0_0;  alias, 1 drivers
v0x149255e70_0 .net "Grb", 0 0, v0x13ff663b0_0;  alias, 1 drivers
v0x149255f40_0 .net "Grc", 0 0, v0x13ff65380_0;  alias, 1 drivers
v0x149255ff0_0 .net "IR", 31 0, L_0x14925d0d0;  alias, 1 drivers
v0x149256080_0 .net "Rin", 0 0, v0x13ffeffd0_0;  alias, 1 drivers
v0x149256130_0 .var "Rin_out", 15 0;
v0x149256240_0 .net "Rout", 0 0, v0x13ffdf330_0;  alias, 1 drivers
v0x1492562f0_0 .var "Rout_out", 15 0;
v0x149256380_0 .var "reg_to_enable", 3 0;
E_0x149255b40/0 .event anyedge, v0x13ff715c0_0, v0x13ff673d0_0, v0x13ff663b0_0, v0x14fffd560_0;
E_0x149255b40/1 .event anyedge, v0x13ffeffd0_0, v0x149256380_0, v0x14ff91380_0, v0x13ffdf330_0;
E_0x149255b40/2 .event anyedge, v0x13ff65380_0;
E_0x149255b40 .event/or E_0x149255b40/0, E_0x149255b40/1, E_0x149255b40/2;
S_0x1492564d0 .scope module, "y_register" "register" 3 252, 22 1 0, S_0x13ff6b690;
 .timescale -9 -11;
    .port_info 0 /INPUT 1 "clear";
    .port_info 1 /INPUT 1 "clock";
    .port_info 2 /INPUT 1 "enable";
    .port_info 3 /INPUT 32 "data_in";
    .port_info 4 /OUTPUT 32 "data_out";
P_0x14924e740 .param/l "DATA_WIDTH" 0 22 1, +C4<00000000000000000000000000100000>;
P_0x14924e780 .param/l "INIT" 0 22 1, C4<00000000000000000000000000000000>;
v0x149256940_0 .net "clear", 0 0, v0x13ff74f30_0;  alias, 1 drivers
v0x1492569d0_0 .net "clock", 0 0, v0x13ff74fc0_0;  alias, 1 drivers
v0x149256a60_0 .net "data_in", 31 0, v0x149244d70_0;  alias, 1 drivers
v0x149256b10_0 .net "data_out", 31 0, v0x149256c70_0;  alias, 1 drivers
v0x149256ba0_0 .net "enable", 0 0, v0x13ffcdf60_0;  alias, 1 drivers
v0x149256c70_0 .var "q", 31 0;
S_0x149256d90 .scope module, "z_high_register" "register" 3 226, 22 1 0, S_0x13ff6b690;
 .timescale -9 -11;
    .port_info 0 /INPUT 1 "clear";
    .port_info 1 /INPUT 1 "clock";
    .port_info 2 /INPUT 1 "enable";
    .port_info 3 /INPUT 32 "data_in";
    .port_info 4 /OUTPUT 32 "data_out";
P_0x149256f50 .param/l "DATA_WIDTH" 0 22 1, +C4<00000000000000000000000000100000>;
P_0x149256f90 .param/l "INIT" 0 22 1, C4<00000000000000000000000000000000>;
L_0x14925d360 .functor BUFZ 32, v0x149257490_0, C4<00000000000000000000000000000000>, C4<00000000000000000000000000000000>, C4<00000000000000000000000000000000>;
v0x149257120_0 .net "clear", 0 0, v0x13ff74f30_0;  alias, 1 drivers
v0x1492571b0_0 .net "clock", 0 0, v0x13ff74fc0_0;  alias, 1 drivers
v0x149257250_0 .net "data_in", 31 0, L_0x14925d3d0;  1 drivers
v0x149257300_0 .net "data_out", 31 0, L_0x14925d360;  alias, 1 drivers
v0x1492573c0_0 .net "enable", 0 0, v0x13ffbc190_0;  alias, 1 drivers
v0x149257490_0 .var "q", 31 0;
S_0x1492575a0 .scope module, "z_low_register" "register" 3 218, 22 1 0, S_0x13ff6b690;
 .timescale -9 -11;
    .port_info 0 /INPUT 1 "clear";
    .port_info 1 /INPUT 1 "clock";
    .port_info 2 /INPUT 1 "enable";
    .port_info 3 /INPUT 32 "data_in";
    .port_info 4 /OUTPUT 32 "data_out";
P_0x149257760 .param/l "DATA_WIDTH" 0 22 1, +C4<00000000000000000000000000100000>;
P_0x1492577a0 .param/l "INIT" 0 22 1, C4<00000000000000000000000000000000>;
L_0x14925d140 .functor BUFZ 32, v0x149257ce0_0, C4<00000000000000000000000000000000>, C4<00000000000000000000000000000000>, C4<00000000000000000000000000000000>;
v0x149257930_0 .net "clear", 0 0, v0x13ff74f30_0;  alias, 1 drivers
v0x1492579c0_0 .net "clock", 0 0, v0x13ff74fc0_0;  alias, 1 drivers
v0x149257a60_0 .net "data_in", 31 0, L_0x14925d1d0;  1 drivers
v0x149257b10_0 .net "data_out", 31 0, L_0x14925d140;  alias, 1 drivers
v0x149257bd0_0 .net "enable", 0 0, v0x13ffbc190_0;  alias, 1 drivers
v0x149257ce0_0 .var "q", 31 0;
    .scope S_0x149255710;
T_0 ;
    %wait E_0x149255b40;
    %pushi/vec4 0, 0, 16;
    %store/vec4 v0x149256130_0, 0, 16;
    %pushi/vec4 0, 0, 16;
    %store/vec4 v0x1492562f0_0, 0, 16;
    %pushi/vec4 0, 0, 4;
    %store/vec4 v0x149256380_0, 0, 4;
    %pushi/vec4 0, 0, 32;
    %store/vec4 v0x149255cc0_0, 0, 32;
    %load/vec4 v0x149255ff0_0;
    %parti/s 5, 27, 6;
    %dup/vec4;
    %pushi/vec4 0, 0, 5;
    %cmp/u;
    %jmp/1 T_0.0, 6;
    %dup/vec4;
    %pushi/vec4 1, 0, 5;
    %cmp/u;
    %jmp/1 T_0.1, 6;
    %dup/vec4;
    %pushi/vec4 2, 0, 5;
    %cmp/u;
    %jmp/1 T_0.2, 6;
    %dup/vec4;
    %pushi/vec4 3, 0, 5;
    %cmp/u;
    %jmp/1 T_0.3, 6;
    %dup/vec4;
    %pushi/vec4 4, 0, 5;
    %cmp/u;
    %jmp/1 T_0.4, 6;
    %dup/vec4;
    %pushi/vec4 5, 0, 5;
    %cmp/u;
    %jmp/1 T_0.5, 6;
    %dup/vec4;
    %pushi/vec4 6, 0, 5;
    %cmp/u;
    %jmp/1 T_0.6, 6;
    %dup/vec4;
    %pushi/vec4 7, 0, 5;
    %cmp/u;
    %jmp/1 T_0.7, 6;
    %dup/vec4;
    %pushi/vec4 8, 0, 5;
    %cmp/u;
    %jmp/1 T_0.8, 6;
    %dup/vec4;
    %pushi/vec4 9, 0, 5;
    %cmp/u;
    %jmp/1 T_0.9, 6;
    %dup/vec4;
    %pushi/vec4 10, 0, 5;
    %cmp/u;
    %jmp/1 T_0.10, 6;
    %dup/vec4;
    %pushi/vec4 11, 0, 5;
    %cmp/u;
    %jmp/1 T_0.11, 6;
    %dup/vec4;
    %pushi/vec4 12, 0, 5;
    %cmp/u;
    %jmp/1 T_0.12, 6;
    %dup/vec4;
    %pushi/vec4 13, 0, 5;
    %cmp/u;
    %jmp/1 T_0.13, 6;
    %dup/vec4;
    %pushi/vec4 14, 0, 5;
    %cmp/u;
    %jmp/1 T_0.14, 6;
    %dup/vec4;
    %pushi/vec4 15, 0, 5;
    %cmp/u;
    %jmp/1 T_0.15, 6;
    %dup/vec4;
    %pushi/vec4 16, 0, 5;
    %cmp/u;
    %jmp/1 T_0.16, 6;
    %dup/vec4;
    %pushi/vec4 17, 0, 5;
    %cmp/u;
    %jmp/1 T_0.17, 6;
    %dup/vec4;
    %pushi/vec4 18, 0, 5;
    %cmp/u;
    %jmp/1 T_0.18, 6;
    %dup/vec4;
    %pushi/vec4 19, 0, 5;
    %cmp/u;
    %jmp/1 T_0.19, 6;
    %dup/vec4;
    %pushi/vec4 20, 0, 5;
    %cmp/u;
    %jmp/1 T_0.20, 6;
    %dup/vec4;
    %pushi/vec4 21, 0, 5;
    %cmp/u;
    %jmp/1 T_0.21, 6;
    %dup/vec4;
    %pushi/vec4 22, 0, 5;
    %cmp/u;
    %jmp/1 T_0.22, 6;
    %dup/vec4;
    %pushi/vec4 23, 0, 5;
    %cmp/u;
    %jmp/1 T_0.23, 6;
    %dup/vec4;
    %pushi/vec4 24, 0, 5;
    %cmp/u;
    %jmp/1 T_0.24, 6;
    %dup/vec4;
    %pushi/vec4 25, 0, 5;
    %cmp/u;
    %jmp/1 T_0.25, 6;
    %pushi/vec4 0, 0, 4;
    %store/vec4 v0x149256380_0, 0, 4;
    %jmp T_0.27;
T_0.0 ;
    %load/vec4 v0x149255de0_0;
    %flag_set/vec4 8;
    %jmp/0xz  T_0.28, 8;
    %load/vec4 v0x149255ff0_0;
    %parti/s 4, 23, 6;
    %store/vec4 v0x149256380_0, 0, 4;
T_0.28 ;
    %load/vec4 v0x149255e70_0;
    %flag_set/vec4 8;
    %jmp/0xz  T_0.30, 8;
    %load/vec4 v0x149255ff0_0;
    %parti/s 4, 19, 6;
    %store/vec4 v0x149256380_0, 0, 4;
T_0.30 ;
    %load/vec4 v0x149255d50_0;
    %flag_set/vec4 8;
    %jmp/0xz  T_0.32, 8;
    %load/vec4 v0x149255ff0_0;
    %parti/s 1, 18, 6;
    %replicate 13;
    %load/vec4 v0x149255ff0_0;
    %parti/s 19, 0, 2;
    %concat/vec4; draw_concat_vec4
    %store/vec4 v0x149255cc0_0, 0, 32;
T_0.32 ;
    %load/vec4 v0x149256080_0;
    %flag_set/vec4 8;
    %jmp/0xz  T_0.34, 8;
    %pushi/vec4 1, 0, 16;
    %ix/getv 4, v0x149256380_0;
    %shiftl 4;
    %store/vec4 v0x149256130_0, 0, 16;
T_0.34 ;
    %load/vec4 v0x149255be0_0;
    %flag_set/vec4 8;
    %jmp/0xz  T_0.36, 8;
    %load/vec4 v0x149255ff0_0;
    %parti/s 4, 19, 6;
    %cmpi/e 0, 0, 4;
    %jmp/0xz  T_0.38, 4;
    %pushi/vec4 1, 0, 16;
    %store/vec4 v0x1492562f0_0, 0, 16;
    %jmp T_0.39;
T_0.38 ;
    %pushi/vec4 1, 0, 16;
    %load/vec4 v0x149255ff0_0;
    %parti/s 4, 19, 6;
    %ix/vec4 4;
    %shiftl 4;
    %store/vec4 v0x1492562f0_0, 0, 16;
T_0.39 ;
    %jmp T_0.37;
T_0.36 ;
    %load/vec4 v0x149256240_0;
    %flag_set/vec4 8;
    %jmp/0xz  T_0.40, 8;
    %pushi/vec4 1, 0, 16;
    %ix/getv 4, v0x149256380_0;
    %shiftl 4;
    %store/vec4 v0x1492562f0_0, 0, 16;
T_0.40 ;
T_0.37 ;
    %jmp T_0.27;
T_0.1 ;
    %load/vec4 v0x149255de0_0;
    %flag_set/vec4 8;
    %jmp/0xz  T_0.42, 8;
    %load/vec4 v0x149255ff0_0;
    %parti/s 4, 23, 6;
    %store/vec4 v0x149256380_0, 0, 4;
T_0.42 ;
    %load/vec4 v0x149255e70_0;
    %flag_set/vec4 8;
    %jmp/0xz  T_0.44, 8;
    %load/vec4 v0x149255ff0_0;
    %parti/s 4, 19, 6;
    %store/vec4 v0x149256380_0, 0, 4;
T_0.44 ;
    %load/vec4 v0x149255d50_0;
    %flag_set/vec4 8;
    %jmp/0xz  T_0.46, 8;
    %load/vec4 v0x149255ff0_0;
    %parti/s 1, 18, 6;
    %replicate 13;
    %load/vec4 v0x149255ff0_0;
    %parti/s 19, 0, 2;
    %concat/vec4; draw_concat_vec4
    %store/vec4 v0x149255cc0_0, 0, 32;
T_0.46 ;
    %load/vec4 v0x149256080_0;
    %flag_set/vec4 8;
    %jmp/0xz  T_0.48, 8;
    %pushi/vec4 1, 0, 16;
    %ix/getv 4, v0x149256380_0;
    %shiftl 4;
    %store/vec4 v0x149256130_0, 0, 16;
T_0.48 ;
    %load/vec4 v0x149255be0_0;
    %flag_set/vec4 8;
    %jmp/0xz  T_0.50, 8;
    %load/vec4 v0x149255ff0_0;
    %parti/s 4, 19, 6;
    %cmpi/e 0, 0, 4;
    %jmp/0xz  T_0.52, 4;
    %pushi/vec4 1, 0, 16;
    %store/vec4 v0x1492562f0_0, 0, 16;
    %jmp T_0.53;
T_0.52 ;
    %pushi/vec4 1, 0, 16;
    %load/vec4 v0x149255ff0_0;
    %parti/s 4, 19, 6;
    %ix/vec4 4;
    %shiftl 4;
    %store/vec4 v0x1492562f0_0, 0, 16;
T_0.53 ;
    %jmp T_0.51;
T_0.50 ;
    %load/vec4 v0x149256240_0;
    %flag_set/vec4 8;
    %jmp/0xz  T_0.54, 8;
    %pushi/vec4 1, 0, 16;
    %ix/getv 4, v0x149256380_0;
    %shiftl 4;
    %store/vec4 v0x1492562f0_0, 0, 16;
T_0.54 ;
T_0.51 ;
    %jmp T_0.27;
T_0.2 ;
    %load/vec4 v0x149255de0_0;
    %flag_set/vec4 8;
    %jmp/0xz  T_0.56, 8;
    %load/vec4 v0x149255ff0_0;
    %parti/s 4, 23, 6;
    %store/vec4 v0x149256380_0, 0, 4;
T_0.56 ;
    %load/vec4 v0x149255e70_0;
    %flag_set/vec4 8;
    %jmp/0xz  T_0.58, 8;
    %load/vec4 v0x149255ff0_0;
    %parti/s 4, 19, 6;
    %store/vec4 v0x149256380_0, 0, 4;
T_0.58 ;
    %load/vec4 v0x149255d50_0;
    %flag_set/vec4 8;
    %jmp/0xz  T_0.60, 8;
    %load/vec4 v0x149255ff0_0;
    %parti/s 1, 18, 6;
    %replicate 13;
    %load/vec4 v0x149255ff0_0;
    %parti/s 19, 0, 2;
    %concat/vec4; draw_concat_vec4
    %store/vec4 v0x149255cc0_0, 0, 32;
T_0.60 ;
    %load/vec4 v0x149256080_0;
    %flag_set/vec4 8;
    %jmp/0xz  T_0.62, 8;
    %pushi/vec4 1, 0, 16;
    %ix/getv 4, v0x149256380_0;
    %shiftl 4;
    %store/vec4 v0x149256130_0, 0, 16;
T_0.62 ;
    %load/vec4 v0x149255be0_0;
    %flag_set/vec4 8;
    %jmp/0xz  T_0.64, 8;
    %load/vec4 v0x149255ff0_0;
    %parti/s 4, 19, 6;
    %cmpi/e 0, 0, 4;
    %jmp/0xz  T_0.66, 4;
    %pushi/vec4 1, 0, 16;
    %store/vec4 v0x1492562f0_0, 0, 16;
    %jmp T_0.67;
T_0.66 ;
    %pushi/vec4 1, 0, 16;
    %load/vec4 v0x149255ff0_0;
    %parti/s 4, 19, 6;
    %ix/vec4 4;
    %shiftl 4;
    %store/vec4 v0x1492562f0_0, 0, 16;
T_0.67 ;
    %jmp T_0.65;
T_0.64 ;
    %load/vec4 v0x149256240_0;
    %flag_set/vec4 8;
    %jmp/0xz  T_0.68, 8;
    %pushi/vec4 1, 0, 16;
    %ix/getv 4, v0x149256380_0;
    %shiftl 4;
    %store/vec4 v0x1492562f0_0, 0, 16;
T_0.68 ;
T_0.65 ;
    %jmp T_0.27;
T_0.3 ;
    %load/vec4 v0x149255de0_0;
    %flag_set/vec4 8;
    %jmp/0xz  T_0.70, 8;
    %load/vec4 v0x149255ff0_0;
    %parti/s 4, 23, 6;
    %store/vec4 v0x149256380_0, 0, 4;
T_0.70 ;
    %load/vec4 v0x149255e70_0;
    %flag_set/vec4 8;
    %jmp/0xz  T_0.72, 8;
    %load/vec4 v0x149255ff0_0;
    %parti/s 4, 19, 6;
    %store/vec4 v0x149256380_0, 0, 4;
T_0.72 ;
    %load/vec4 v0x149255f40_0;
    %flag_set/vec4 8;
    %jmp/0xz  T_0.74, 8;
    %load/vec4 v0x149255ff0_0;
    %parti/s 4, 15, 5;
    %store/vec4 v0x149256380_0, 0, 4;
T_0.74 ;
    %load/vec4 v0x149256080_0;
    %flag_set/vec4 8;
    %jmp/0xz  T_0.76, 8;
    %pushi/vec4 1, 0, 16;
    %ix/getv 4, v0x149256380_0;
    %shiftl 4;
    %store/vec4 v0x149256130_0, 0, 16;
T_0.76 ;
    %load/vec4 v0x149256240_0;
    %flag_set/vec4 8;
    %jmp/0xz  T_0.78, 8;
    %pushi/vec4 1, 0, 16;
    %ix/getv 4, v0x149256380_0;
    %shiftl 4;
    %store/vec4 v0x1492562f0_0, 0, 16;
T_0.78 ;
    %jmp T_0.27;
T_0.4 ;
    %load/vec4 v0x149255de0_0;
    %flag_set/vec4 8;
    %jmp/0xz  T_0.80, 8;
    %load/vec4 v0x149255ff0_0;
    %parti/s 4, 23, 6;
    %store/vec4 v0x149256380_0, 0, 4;
T_0.80 ;
    %load/vec4 v0x149255e70_0;
    %flag_set/vec4 8;
    %jmp/0xz  T_0.82, 8;
    %load/vec4 v0x149255ff0_0;
    %parti/s 4, 19, 6;
    %store/vec4 v0x149256380_0, 0, 4;
T_0.82 ;
    %load/vec4 v0x149255f40_0;
    %flag_set/vec4 8;
    %jmp/0xz  T_0.84, 8;
    %load/vec4 v0x149255ff0_0;
    %parti/s 4, 15, 5;
    %store/vec4 v0x149256380_0, 0, 4;
T_0.84 ;
    %load/vec4 v0x149256080_0;
    %flag_set/vec4 8;
    %jmp/0xz  T_0.86, 8;
    %pushi/vec4 1, 0, 16;
    %ix/getv 4, v0x149256380_0;
    %shiftl 4;
    %store/vec4 v0x149256130_0, 0, 16;
T_0.86 ;
    %load/vec4 v0x149256240_0;
    %flag_set/vec4 8;
    %jmp/0xz  T_0.88, 8;
    %pushi/vec4 1, 0, 16;
    %ix/getv 4, v0x149256380_0;
    %shiftl 4;
    %store/vec4 v0x1492562f0_0, 0, 16;
T_0.88 ;
    %jmp T_0.27;
T_0.5 ;
    %load/vec4 v0x149255de0_0;
    %flag_set/vec4 8;
    %jmp/0xz  T_0.90, 8;
    %load/vec4 v0x149255ff0_0;
    %parti/s 4, 23, 6;
    %store/vec4 v0x149256380_0, 0, 4;
T_0.90 ;
    %load/vec4 v0x149255e70_0;
    %flag_set/vec4 8;
    %jmp/0xz  T_0.92, 8;
    %load/vec4 v0x149255ff0_0;
    %parti/s 4, 19, 6;
    %store/vec4 v0x149256380_0, 0, 4;
T_0.92 ;
    %load/vec4 v0x149255f40_0;
    %flag_set/vec4 8;
    %jmp/0xz  T_0.94, 8;
    %load/vec4 v0x149255ff0_0;
    %parti/s 4, 15, 5;
    %store/vec4 v0x149256380_0, 0, 4;
T_0.94 ;
    %load/vec4 v0x149256080_0;
    %flag_set/vec4 8;
    %jmp/0xz  T_0.96, 8;
    %pushi/vec4 1, 0, 16;
    %ix/getv 4, v0x149256380_0;
    %shiftl 4;
    %store/vec4 v0x149256130_0, 0, 16;
T_0.96 ;
    %load/vec4 v0x149256240_0;
    %flag_set/vec4 8;
    %jmp/0xz  T_0.98, 8;
    %pushi/vec4 1, 0, 16;
    %ix/getv 4, v0x149256380_0;
    %shiftl 4;
    %store/vec4 v0x1492562f0_0, 0, 16;
T_0.98 ;
    %jmp T_0.27;
T_0.6 ;
    %load/vec4 v0x149255de0_0;
    %flag_set/vec4 8;
    %jmp/0xz  T_0.100, 8;
    %load/vec4 v0x149255ff0_0;
    %parti/s 4, 23, 6;
    %store/vec4 v0x149256380_0, 0, 4;
T_0.100 ;
    %load/vec4 v0x149255e70_0;
    %flag_set/vec4 8;
    %jmp/0xz  T_0.102, 8;
    %load/vec4 v0x149255ff0_0;
    %parti/s 4, 19, 6;
    %store/vec4 v0x149256380_0, 0, 4;
T_0.102 ;
    %load/vec4 v0x149255f40_0;
    %flag_set/vec4 8;
    %jmp/0xz  T_0.104, 8;
    %load/vec4 v0x149255ff0_0;
    %parti/s 4, 15, 5;
    %store/vec4 v0x149256380_0, 0, 4;
T_0.104 ;
    %load/vec4 v0x149256080_0;
    %flag_set/vec4 8;
    %jmp/0xz  T_0.106, 8;
    %pushi/vec4 1, 0, 16;
    %ix/getv 4, v0x149256380_0;
    %shiftl 4;
    %store/vec4 v0x149256130_0, 0, 16;
T_0.106 ;
    %load/vec4 v0x149256240_0;
    %flag_set/vec4 8;
    %jmp/0xz  T_0.108, 8;
    %pushi/vec4 1, 0, 16;
    %ix/getv 4, v0x149256380_0;
    %shiftl 4;
    %store/vec4 v0x1492562f0_0, 0, 16;
T_0.108 ;
    %jmp T_0.27;
T_0.7 ;
    %load/vec4 v0x149255de0_0;
    %flag_set/vec4 8;
    %jmp/0xz  T_0.110, 8;
    %load/vec4 v0x149255ff0_0;
    %parti/s 4, 23, 6;
    %store/vec4 v0x149256380_0, 0, 4;
T_0.110 ;
    %load/vec4 v0x149255e70_0;
    %flag_set/vec4 8;
    %jmp/0xz  T_0.112, 8;
    %load/vec4 v0x149255ff0_0;
    %parti/s 4, 19, 6;
    %store/vec4 v0x149256380_0, 0, 4;
T_0.112 ;
    %load/vec4 v0x149255f40_0;
    %flag_set/vec4 8;
    %jmp/0xz  T_0.114, 8;
    %load/vec4 v0x149255ff0_0;
    %parti/s 4, 15, 5;
    %store/vec4 v0x149256380_0, 0, 4;
T_0.114 ;
    %load/vec4 v0x149256080_0;
    %flag_set/vec4 8;
    %jmp/0xz  T_0.116, 8;
    %pushi/vec4 1, 0, 16;
    %ix/getv 4, v0x149256380_0;
    %shiftl 4;
    %store/vec4 v0x149256130_0, 0, 16;
T_0.116 ;
    %load/vec4 v0x149256240_0;
    %flag_set/vec4 8;
    %jmp/0xz  T_0.118, 8;
    %pushi/vec4 1, 0, 16;
    %ix/getv 4, v0x149256380_0;
    %shiftl 4;
    %store/vec4 v0x1492562f0_0, 0, 16;
T_0.118 ;
    %jmp T_0.27;
T_0.8 ;
    %load/vec4 v0x149255de0_0;
    %flag_set/vec4 8;
    %jmp/0xz  T_0.120, 8;
    %load/vec4 v0x149255ff0_0;
    %parti/s 4, 23, 6;
    %store/vec4 v0x149256380_0, 0, 4;
T_0.120 ;
    %load/vec4 v0x149255e70_0;
    %flag_set/vec4 8;
    %jmp/0xz  T_0.122, 8;
    %load/vec4 v0x149255ff0_0;
    %parti/s 4, 19, 6;
    %store/vec4 v0x149256380_0, 0, 4;
T_0.122 ;
    %load/vec4 v0x149255f40_0;
    %flag_set/vec4 8;
    %jmp/0xz  T_0.124, 8;
    %load/vec4 v0x149255ff0_0;
    %parti/s 4, 15, 5;
    %store/vec4 v0x149256380_0, 0, 4;
T_0.124 ;
    %load/vec4 v0x149256080_0;
    %flag_set/vec4 8;
    %jmp/0xz  T_0.126, 8;
    %pushi/vec4 1, 0, 16;
    %ix/getv 4, v0x149256380_0;
    %shiftl 4;
    %store/vec4 v0x149256130_0, 0, 16;
T_0.126 ;
    %load/vec4 v0x149256240_0;
    %flag_set/vec4 8;
    %jmp/0xz  T_0.128, 8;
    %pushi/vec4 1, 0, 16;
    %ix/getv 4, v0x149256380_0;
    %shiftl 4;
    %store/vec4 v0x1492562f0_0, 0, 16;
T_0.128 ;
    %jmp T_0.27;
T_0.9 ;
    %load/vec4 v0x149255de0_0;
    %flag_set/vec4 8;
    %jmp/0xz  T_0.130, 8;
    %load/vec4 v0x149255ff0_0;
    %parti/s 4, 23, 6;
    %store/vec4 v0x149256380_0, 0, 4;
T_0.130 ;
    %load/vec4 v0x149255e70_0;
    %flag_set/vec4 8;
    %jmp/0xz  T_0.132, 8;
    %load/vec4 v0x149255ff0_0;
    %parti/s 4, 19, 6;
    %store/vec4 v0x149256380_0, 0, 4;
T_0.132 ;
    %load/vec4 v0x149255f40_0;
    %flag_set/vec4 8;
    %jmp/0xz  T_0.134, 8;
    %load/vec4 v0x149255ff0_0;
    %parti/s 4, 15, 5;
    %store/vec4 v0x149256380_0, 0, 4;
T_0.134 ;
    %load/vec4 v0x149256080_0;
    %flag_set/vec4 8;
    %jmp/0xz  T_0.136, 8;
    %pushi/vec4 1, 0, 16;
    %ix/getv 4, v0x149256380_0;
    %shiftl 4;
    %store/vec4 v0x149256130_0, 0, 16;
T_0.136 ;
    %load/vec4 v0x149256240_0;
    %flag_set/vec4 8;
    %jmp/0xz  T_0.138, 8;
    %pushi/vec4 1, 0, 16;
    %ix/getv 4, v0x149256380_0;
    %shiftl 4;
    %store/vec4 v0x1492562f0_0, 0, 16;
T_0.138 ;
    %jmp T_0.27;
T_0.10 ;
    %load/vec4 v0x149255de0_0;
    %flag_set/vec4 8;
    %jmp/0xz  T_0.140, 8;
    %load/vec4 v0x149255ff0_0;
    %parti/s 4, 23, 6;
    %store/vec4 v0x149256380_0, 0, 4;
T_0.140 ;
    %load/vec4 v0x149255e70_0;
    %flag_set/vec4 8;
    %jmp/0xz  T_0.142, 8;
    %load/vec4 v0x149255ff0_0;
    %parti/s 4, 19, 6;
    %store/vec4 v0x149256380_0, 0, 4;
T_0.142 ;
    %load/vec4 v0x149255f40_0;
    %flag_set/vec4 8;
    %jmp/0xz  T_0.144, 8;
    %load/vec4 v0x149255ff0_0;
    %parti/s 4, 15, 5;
    %store/vec4 v0x149256380_0, 0, 4;
T_0.144 ;
    %load/vec4 v0x149256080_0;
    %flag_set/vec4 8;
    %jmp/0xz  T_0.146, 8;
    %pushi/vec4 1, 0, 16;
    %ix/getv 4, v0x149256380_0;
    %shiftl 4;
    %store/vec4 v0x149256130_0, 0, 16;
T_0.146 ;
    %load/vec4 v0x149256240_0;
    %flag_set/vec4 8;
    %jmp/0xz  T_0.148, 8;
    %pushi/vec4 1, 0, 16;
    %ix/getv 4, v0x149256380_0;
    %shiftl 4;
    %store/vec4 v0x1492562f0_0, 0, 16;
T_0.148 ;
    %jmp T_0.27;
T_0.11 ;
    %load/vec4 v0x149255de0_0;
    %flag_set/vec4 8;
    %jmp/0xz  T_0.150, 8;
    %load/vec4 v0x149255ff0_0;
    %parti/s 4, 23, 6;
    %store/vec4 v0x149256380_0, 0, 4;
T_0.150 ;
    %load/vec4 v0x149255e70_0;
    %flag_set/vec4 8;
    %jmp/0xz  T_0.152, 8;
    %load/vec4 v0x149255ff0_0;
    %parti/s 4, 19, 6;
    %store/vec4 v0x149256380_0, 0, 4;
T_0.152 ;
    %load/vec4 v0x149255f40_0;
    %flag_set/vec4 8;
    %jmp/0xz  T_0.154, 8;
    %load/vec4 v0x149255ff0_0;
    %parti/s 4, 15, 5;
    %store/vec4 v0x149256380_0, 0, 4;
T_0.154 ;
    %load/vec4 v0x149256080_0;
    %flag_set/vec4 8;
    %jmp/0xz  T_0.156, 8;
    %pushi/vec4 1, 0, 16;
    %ix/getv 4, v0x149256380_0;
    %shiftl 4;
    %store/vec4 v0x149256130_0, 0, 16;
T_0.156 ;
    %load/vec4 v0x149256240_0;
    %flag_set/vec4 8;
    %jmp/0xz  T_0.158, 8;
    %pushi/vec4 1, 0, 16;
    %ix/getv 4, v0x149256380_0;
    %shiftl 4;
    %store/vec4 v0x1492562f0_0, 0, 16;
T_0.158 ;
    %jmp T_0.27;
T_0.12 ;
    %load/vec4 v0x149255de0_0;
    %flag_set/vec4 8;
    %jmp/0xz  T_0.160, 8;
    %load/vec4 v0x149255ff0_0;
    %parti/s 4, 23, 6;
    %store/vec4 v0x149256380_0, 0, 4;
T_0.160 ;
    %load/vec4 v0x149255e70_0;
    %flag_set/vec4 8;
    %jmp/0xz  T_0.162, 8;
    %load/vec4 v0x149255ff0_0;
    %parti/s 4, 19, 6;
    %store/vec4 v0x149256380_0, 0, 4;
T_0.162 ;
    %load/vec4 v0x149255d50_0;
    %flag_set/vec4 8;
    %jmp/0xz  T_0.164, 8;
    %load/vec4 v0x149255ff0_0;
    %parti/s 1, 18, 6;
    %replicate 13;
    %load/vec4 v0x149255ff0_0;
    %parti/s 19, 0, 2;
    %concat/vec4; draw_concat_vec4
    %store/vec4 v0x149255cc0_0, 0, 32;
T_0.164 ;
    %load/vec4 v0x149256080_0;
    %flag_set/vec4 8;
    %jmp/0xz  T_0.166, 8;
    %pushi/vec4 1, 0, 16;
    %ix/getv 4, v0x149256380_0;
    %shiftl 4;
    %store/vec4 v0x149256130_0, 0, 16;
T_0.166 ;
    %load/vec4 v0x149256240_0;
    %flag_set/vec4 8;
    %jmp/0xz  T_0.168, 8;
    %pushi/vec4 1, 0, 16;
    %ix/getv 4, v0x149256380_0;
    %shiftl 4;
    %store/vec4 v0x1492562f0_0, 0, 16;
T_0.168 ;
    %jmp T_0.27;
T_0.13 ;
    %load/vec4 v0x149255de0_0;
    %flag_set/vec4 8;
    %jmp/0xz  T_0.170, 8;
    %load/vec4 v0x149255ff0_0;
    %parti/s 4, 23, 6;
    %store/vec4 v0x149256380_0, 0, 4;
T_0.170 ;
    %load/vec4 v0x149255e70_0;
    %flag_set/vec4 8;
    %jmp/0xz  T_0.172, 8;
    %load/vec4 v0x149255ff0_0;
    %parti/s 4, 19, 6;
    %store/vec4 v0x149256380_0, 0, 4;
T_0.172 ;
    %load/vec4 v0x149255d50_0;
    %flag_set/vec4 8;
    %jmp/0xz  T_0.174, 8;
    %load/vec4 v0x149255ff0_0;
    %parti/s 1, 18, 6;
    %replicate 13;
    %load/vec4 v0x149255ff0_0;
    %parti/s 19, 0, 2;
    %concat/vec4; draw_concat_vec4
    %store/vec4 v0x149255cc0_0, 0, 32;
T_0.174 ;
    %load/vec4 v0x149256080_0;
    %flag_set/vec4 8;
    %jmp/0xz  T_0.176, 8;
    %pushi/vec4 1, 0, 16;
    %ix/getv 4, v0x149256380_0;
    %shiftl 4;
    %store/vec4 v0x149256130_0, 0, 16;
T_0.176 ;
    %load/vec4 v0x149256240_0;
    %flag_set/vec4 8;
    %jmp/0xz  T_0.178, 8;
    %pushi/vec4 1, 0, 16;
    %ix/getv 4, v0x149256380_0;
    %shiftl 4;
    %store/vec4 v0x1492562f0_0, 0, 16;
T_0.178 ;
    %jmp T_0.27;
T_0.14 ;
    %load/vec4 v0x149255de0_0;
    %flag_set/vec4 8;
    %jmp/0xz  T_0.180, 8;
    %load/vec4 v0x149255ff0_0;
    %parti/s 4, 23, 6;
    %store/vec4 v0x149256380_0, 0, 4;
T_0.180 ;
    %load/vec4 v0x149255e70_0;
    %flag_set/vec4 8;
    %jmp/0xz  T_0.182, 8;
    %load/vec4 v0x149255ff0_0;
    %parti/s 4, 19, 6;
    %store/vec4 v0x149256380_0, 0, 4;
T_0.182 ;
    %load/vec4 v0x149255d50_0;
    %flag_set/vec4 8;
    %jmp/0xz  T_0.184, 8;
    %load/vec4 v0x149255ff0_0;
    %parti/s 1, 18, 6;
    %replicate 13;
    %load/vec4 v0x149255ff0_0;
    %parti/s 19, 0, 2;
    %concat/vec4; draw_concat_vec4
    %store/vec4 v0x149255cc0_0, 0, 32;
T_0.184 ;
    %load/vec4 v0x149256080_0;
    %flag_set/vec4 8;
    %jmp/0xz  T_0.186, 8;
    %pushi/vec4 1, 0, 16;
    %ix/getv 4, v0x149256380_0;
    %shiftl 4;
    %store/vec4 v0x149256130_0, 0, 16;
T_0.186 ;
    %load/vec4 v0x149256240_0;
    %flag_set/vec4 8;
    %jmp/0xz  T_0.188, 8;
    %pushi/vec4 1, 0, 16;
    %ix/getv 4, v0x149256380_0;
    %shiftl 4;
    %store/vec4 v0x1492562f0_0, 0, 16;
T_0.188 ;
    %jmp T_0.27;
T_0.15 ;
    %load/vec4 v0x149255de0_0;
    %flag_set/vec4 8;
    %jmp/0xz  T_0.190, 8;
    %load/vec4 v0x149255ff0_0;
    %parti/s 4, 23, 6;
    %store/vec4 v0x149256380_0, 0, 4;
T_0.190 ;
    %load/vec4 v0x149255e70_0;
    %flag_set/vec4 8;
    %jmp/0xz  T_0.192, 8;
    %load/vec4 v0x149255ff0_0;
    %parti/s 4, 19, 6;
    %store/vec4 v0x149256380_0, 0, 4;
T_0.192 ;
    %load/vec4 v0x149256080_0;
    %flag_set/vec4 8;
    %jmp/0xz  T_0.194, 8;
    %pushi/vec4 1, 0, 16;
    %ix/getv 4, v0x149256380_0;
    %shiftl 4;
    %store/vec4 v0x149256130_0, 0, 16;
T_0.194 ;
    %load/vec4 v0x149256240_0;
    %flag_set/vec4 8;
    %jmp/0xz  T_0.196, 8;
    %pushi/vec4 1, 0, 16;
    %ix/getv 4, v0x149256380_0;
    %shiftl 4;
    %store/vec4 v0x1492562f0_0, 0, 16;
T_0.196 ;
    %jmp T_0.27;
T_0.16 ;
    %load/vec4 v0x149255de0_0;
    %flag_set/vec4 8;
    %jmp/0xz  T_0.198, 8;
    %load/vec4 v0x149255ff0_0;
    %parti/s 4, 23, 6;
    %store/vec4 v0x149256380_0, 0, 4;
T_0.198 ;
    %load/vec4 v0x149255e70_0;
    %flag_set/vec4 8;
    %jmp/0xz  T_0.200, 8;
    %load/vec4 v0x149255ff0_0;
    %parti/s 4, 19, 6;
    %store/vec4 v0x149256380_0, 0, 4;
T_0.200 ;
    %load/vec4 v0x149256080_0;
    %flag_set/vec4 8;
    %jmp/0xz  T_0.202, 8;
    %pushi/vec4 1, 0, 16;
    %ix/getv 4, v0x149256380_0;
    %shiftl 4;
    %store/vec4 v0x149256130_0, 0, 16;
T_0.202 ;
    %load/vec4 v0x149256240_0;
    %flag_set/vec4 8;
    %jmp/0xz  T_0.204, 8;
    %pushi/vec4 1, 0, 16;
    %ix/getv 4, v0x149256380_0;
    %shiftl 4;
    %store/vec4 v0x1492562f0_0, 0, 16;
T_0.204 ;
    %jmp T_0.27;
T_0.17 ;
    %load/vec4 v0x149255de0_0;
    %flag_set/vec4 8;
    %jmp/0xz  T_0.206, 8;
    %load/vec4 v0x149255ff0_0;
    %parti/s 4, 23, 6;
    %store/vec4 v0x149256380_0, 0, 4;
T_0.206 ;
    %load/vec4 v0x149255e70_0;
    %flag_set/vec4 8;
    %jmp/0xz  T_0.208, 8;
    %load/vec4 v0x149255ff0_0;
    %parti/s 4, 19, 6;
    %store/vec4 v0x149256380_0, 0, 4;
T_0.208 ;
    %load/vec4 v0x149256080_0;
    %flag_set/vec4 8;
    %jmp/0xz  T_0.210, 8;
    %pushi/vec4 1, 0, 16;
    %ix/getv 4, v0x149256380_0;
    %shiftl 4;
    %store/vec4 v0x149256130_0, 0, 16;
T_0.210 ;
    %load/vec4 v0x149256240_0;
    %flag_set/vec4 8;
    %jmp/0xz  T_0.212, 8;
    %pushi/vec4 1, 0, 16;
    %ix/getv 4, v0x149256380_0;
    %shiftl 4;
    %store/vec4 v0x1492562f0_0, 0, 16;
T_0.212 ;
    %jmp T_0.27;
T_0.18 ;
    %load/vec4 v0x149255de0_0;
    %flag_set/vec4 8;
    %jmp/0xz  T_0.214, 8;
    %load/vec4 v0x149255ff0_0;
    %parti/s 4, 23, 6;
    %store/vec4 v0x149256380_0, 0, 4;
T_0.214 ;
    %load/vec4 v0x149255e70_0;
    %flag_set/vec4 8;
    %jmp/0xz  T_0.216, 8;
    %load/vec4 v0x149255ff0_0;
    %parti/s 4, 19, 6;
    %store/vec4 v0x149256380_0, 0, 4;
T_0.216 ;
    %load/vec4 v0x149256080_0;
    %flag_set/vec4 8;
    %jmp/0xz  T_0.218, 8;
    %pushi/vec4 1, 0, 16;
    %ix/getv 4, v0x149256380_0;
    %shiftl 4;
    %store/vec4 v0x149256130_0, 0, 16;
T_0.218 ;
    %load/vec4 v0x149256240_0;
    %flag_set/vec4 8;
    %jmp/0xz  T_0.220, 8;
    %pushi/vec4 1, 0, 16;
    %ix/getv 4, v0x149256380_0;
    %shiftl 4;
    %store/vec4 v0x1492562f0_0, 0, 16;
T_0.220 ;
    %jmp T_0.27;
T_0.19 ;
    %load/vec4 v0x149255de0_0;
    %flag_set/vec4 8;
    %jmp/0xz  T_0.222, 8;
    %load/vec4 v0x149255ff0_0;
    %parti/s 4, 23, 6;
    %store/vec4 v0x149256380_0, 0, 4;
T_0.222 ;
    %load/vec4 v0x149256080_0;
    %flag_set/vec4 8;
    %jmp/0xz  T_0.224, 8;
    %pushi/vec4 1, 0, 16;
    %ix/getv 4, v0x149256380_0;
    %shiftl 4;
    %store/vec4 v0x149256130_0, 0, 16;
T_0.224 ;
    %load/vec4 v0x149256240_0;
    %flag_set/vec4 8;
    %jmp/0xz  T_0.226, 8;
    %pushi/vec4 1, 0, 16;
    %ix/getv 4, v0x149256380_0;
    %shiftl 4;
    %store/vec4 v0x1492562f0_0, 0, 16;
T_0.226 ;
    %load/vec4 v0x149255d50_0;
    %flag_set/vec4 8;
    %jmp/0xz  T_0.228, 8;
    %load/vec4 v0x149255ff0_0;
    %parti/s 1, 18, 6;
    %replicate 13;
    %load/vec4 v0x149255ff0_0;
    %parti/s 19, 0, 2;
    %concat/vec4; draw_concat_vec4
    %store/vec4 v0x149255cc0_0, 0, 32;
T_0.228 ;
    %jmp T_0.27;
T_0.20 ;
    %load/vec4 v0x149255de0_0;
    %flag_set/vec4 8;
    %jmp/0xz  T_0.230, 8;
    %load/vec4 v0x149255ff0_0;
    %parti/s 4, 23, 6;
    %store/vec4 v0x149256380_0, 0, 4;
T_0.230 ;
    %load/vec4 v0x149255e70_0;
    %flag_set/vec4 8;
    %jmp/0xz  T_0.232, 8;
    %load/vec4 v0x149255ff0_0;
    %parti/s 4, 19, 6;
    %store/vec4 v0x149256380_0, 0, 4;
T_0.232 ;
    %load/vec4 v0x149256080_0;
    %flag_set/vec4 8;
    %jmp/0xz  T_0.234, 8;
    %pushi/vec4 1, 0, 16;
    %ix/getv 4, v0x149256380_0;
    %shiftl 4;
    %store/vec4 v0x149256130_0, 0, 16;
T_0.234 ;
    %load/vec4 v0x149256240_0;
    %flag_set/vec4 8;
    %jmp/0xz  T_0.236, 8;
    %pushi/vec4 1, 0, 16;
    %ix/getv 4, v0x149256380_0;
    %shiftl 4;
    %store/vec4 v0x1492562f0_0, 0, 16;
T_0.236 ;
    %jmp T_0.27;
T_0.21 ;
    %load/vec4 v0x149255de0_0;
    %flag_set/vec4 8;
    %jmp/0xz  T_0.238, 8;
    %load/vec4 v0x149255ff0_0;
    %parti/s 4, 23, 6;
    %store/vec4 v0x149256380_0, 0, 4;
T_0.238 ;
    %load/vec4 v0x149255e70_0;
    %flag_set/vec4 8;
    %jmp/0xz  T_0.240, 8;
    %load/vec4 v0x149255ff0_0;
    %parti/s 4, 19, 6;
    %store/vec4 v0x149256380_0, 0, 4;
T_0.240 ;
    %load/vec4 v0x149256080_0;
    %flag_set/vec4 8;
    %jmp/0xz  T_0.242, 8;
    %pushi/vec4 1, 0, 16;
    %ix/getv 4, v0x149256380_0;
    %shiftl 4;
    %store/vec4 v0x149256130_0, 0, 16;
T_0.242 ;
    %load/vec4 v0x149256240_0;
    %flag_set/vec4 8;
    %jmp/0xz  T_0.244, 8;
    %pushi/vec4 1, 0, 16;
    %ix/getv 4, v0x149256380_0;
    %shiftl 4;
    %store/vec4 v0x1492562f0_0, 0, 16;
T_0.244 ;
    %jmp T_0.27;
T_0.22 ;
    %load/vec4 v0x149255de0_0;
    %flag_set/vec4 8;
    %jmp/0xz  T_0.246, 8;
    %load/vec4 v0x149255ff0_0;
    %parti/s 4, 23, 6;
    %store/vec4 v0x149256380_0, 0, 4;
T_0.246 ;
    %load/vec4 v0x149256080_0;
    %flag_set/vec4 8;
    %jmp/0xz  T_0.248, 8;
    %pushi/vec4 1, 0, 16;
    %ix/getv 4, v0x149256380_0;
    %shiftl 4;
    %store/vec4 v0x149256130_0, 0, 16;
T_0.248 ;
    %load/vec4 v0x149256240_0;
    %flag_set/vec4 8;
    %jmp/0xz  T_0.250, 8;
    %pushi/vec4 1, 0, 16;
    %ix/getv 4, v0x149256380_0;
    %shiftl 4;
    %store/vec4 v0x1492562f0_0, 0, 16;
T_0.250 ;
    %jmp T_0.27;
T_0.23 ;
    %load/vec4 v0x149255de0_0;
    %flag_set/vec4 8;
    %jmp/0xz  T_0.252, 8;
    %load/vec4 v0x149255ff0_0;
    %parti/s 4, 23, 6;
    %store/vec4 v0x149256380_0, 0, 4;
T_0.252 ;
    %load/vec4 v0x149256080_0;
    %flag_set/vec4 8;
    %jmp/0xz  T_0.254, 8;
    %pushi/vec4 1, 0, 16;
    %ix/getv 4, v0x149256380_0;
    %shiftl 4;
    %store/vec4 v0x149256130_0, 0, 16;
T_0.254 ;
    %load/vec4 v0x149256240_0;
    %flag_set/vec4 8;
    %jmp/0xz  T_0.256, 8;
    %pushi/vec4 1, 0, 16;
    %ix/getv 4, v0x149256380_0;
    %shiftl 4;
    %store/vec4 v0x1492562f0_0, 0, 16;
T_0.256 ;
    %jmp T_0.27;
T_0.24 ;
    %load/vec4 v0x149255de0_0;
    %flag_set/vec4 8;
    %jmp/0xz  T_0.258, 8;
    %load/vec4 v0x149255ff0_0;
    %parti/s 4, 23, 6;
    %store/vec4 v0x149256380_0, 0, 4;
T_0.258 ;
    %load/vec4 v0x149256080_0;
    %flag_set/vec4 8;
    %jmp/0xz  T_0.260, 8;
    %pushi/vec4 1, 0, 16;
    %ix/getv 4, v0x149256380_0;
    %shiftl 4;
    %store/vec4 v0x149256130_0, 0, 16;
T_0.260 ;
    %load/vec4 v0x149256240_0;
    %flag_set/vec4 8;
    %jmp/0xz  T_0.262, 8;
    %pushi/vec4 1, 0, 16;
    %ix/getv 4, v0x149256380_0;
    %shiftl 4;
    %store/vec4 v0x1492562f0_0, 0, 16;
T_0.262 ;
    %jmp T_0.27;
T_0.25 ;
    %load/vec4 v0x149255de0_0;
    %flag_set/vec4 8;
    %jmp/0xz  T_0.264, 8;
    %load/vec4 v0x149255ff0_0;
    %parti/s 4, 23, 6;
    %store/vec4 v0x149256380_0, 0, 4;
T_0.264 ;
    %load/vec4 v0x149256080_0;
    %flag_set/vec4 8;
    %jmp/0xz  T_0.266, 8;
    %pushi/vec4 1, 0, 16;
    %ix/getv 4, v0x149256380_0;
    %shiftl 4;
    %store/vec4 v0x149256130_0, 0, 16;
T_0.266 ;
    %load/vec4 v0x149256240_0;
    %flag_set/vec4 8;
    %jmp/0xz  T_0.268, 8;
    %pushi/vec4 1, 0, 16;
    %ix/getv 4, v0x149256380_0;
    %shiftl 4;
    %store/vec4 v0x1492562f0_0, 0, 16;
T_0.268 ;
    %jmp T_0.27;
T_0.27 ;
    %pop/vec4 1;
    %jmp T_0;
    .thread T_0, $push;
    .scope S_0x149242830;
T_1 ;
    %pushi/vec4 0, 0, 1;
    %store/vec4 v0x149245950_0, 0, 1;
    %end;
    .thread T_1;
    .scope S_0x149242830;
T_2 ;
    %pushi/vec4 0, 0, 1;
    %store/vec4 v0x149245830_0, 0, 1;
    %end;
    .thread T_2;
    .scope S_0x149242830;
T_3 ;
    %wait E_0x1492454a0;
    %load/vec4 v0x149245a70_0;
    %parti/s 4, 23, 6;
    %store/vec4 v0x149245b00_0, 0, 4;
    %load/vec4 v0x149245a70_0;
    %parti/s 4, 19, 6;
    %store/vec4 v0x1492457a0_0, 0, 4;
    %pushi/vec4 0, 0, 1;
    %store/vec4 v0x149245de0_0, 0, 1;
    %pushi/vec4 0, 0, 1;
    %store/vec4 v0x149245ca0_0, 0, 1;
    %pushi/vec4 0, 0, 1;
    %store/vec4 v0x149245d40_0, 0, 1;
    %pushi/vec4 0, 0, 1;
    %store/vec4 v0x149245c10_0, 0, 1;
    %pushi/vec4 0, 0, 1;
    %store/vec4 v0x149223400_0, 0, 1;
    %load/vec4 v0x1492457a0_0;
    %dup/vec4;
    %pushi/vec4 0, 0, 4;
    %cmp/u;
    %jmp/1 T_3.0, 6;
    %dup/vec4;
    %pushi/vec4 1, 0, 4;
    %cmp/u;
    %jmp/1 T_3.1, 6;
    %dup/vec4;
    %pushi/vec4 2, 0, 4;
    %cmp/u;
    %jmp/1 T_3.2, 6;
    %dup/vec4;
    %pushi/vec4 3, 0, 4;
    %cmp/u;
    %jmp/1 T_3.3, 6;
    %jmp T_3.4;
T_3.0 ;
    %pushi/vec4 1, 0, 1;
    %store/vec4 v0x149245de0_0, 0, 1;
    %jmp T_3.4;
T_3.1 ;
    %pushi/vec4 1, 0, 1;
    %store/vec4 v0x149245ca0_0, 0, 1;
    %jmp T_3.4;
T_3.2 ;
    %pushi/vec4 1, 0, 1;
    %store/vec4 v0x149245d40_0, 0, 1;
    %jmp T_3.4;
T_3.3 ;
    %pushi/vec4 1, 0, 1;
    %store/vec4 v0x149245c10_0, 0, 1;
    %jmp T_3.4;
T_3.4 ;
    %pop/vec4 1;
    %load/vec4 v0x1492454f0_0;
    %parti/s 1, 31, 6;
    %store/vec4 v0x149245f30_0, 0, 1;
    %pushi/vec4 0, 0, 32;
    %store/vec4 v0x149245e80_0, 0, 32;
T_3.5 ;
    %load/vec4 v0x149245e80_0;
    %cmpi/s 32, 0, 32;
    %jmp/0xz T_3.6, 5;
    %load/vec4 v0x149223400_0;
    %load/vec4 v0x1492454f0_0;
    %load/vec4 v0x149245e80_0;
    %part/s 1;
    %or;
    %store/vec4 v0x149223400_0, 0, 1;
    %load/vec4 v0x149245e80_0;
    %addi 1, 0, 32;
    %store/vec4 v0x149245e80_0, 0, 32;
    %jmp T_3.5;
T_3.6 ;
    %load/vec4 v0x149245de0_0;
    %load/vec4 v0x149223400_0;
    %inv;
    %and;
    %load/vec4 v0x149245ca0_0;
    %load/vec4 v0x149223400_0;
    %and;
    %or;
    %load/vec4 v0x149245d40_0;
    %load/vec4 v0x149245f30_0;
    %inv;
    %and;
    %or;
    %load/vec4 v0x149245c10_0;
    %load/vec4 v0x149245f30_0;
    %and;
    %or;
    %store/vec4 v0x1492459e0_0, 0, 1;
    %jmp T_3;
    .thread T_3, $push;
    .scope S_0x149242830;
T_4 ;
    %wait E_0x149245440;
    %delay 200, 0;
    %load/vec4 v0x1492459e0_0;
    %store/vec4 v0x149245950_0, 0, 1;
    %load/vec4 v0x149245950_0;
    %store/vec4 v0x149245830_0, 0, 1;
    %jmp T_4;
    .thread T_4;
    .scope S_0x1492468a0;
T_5 ;
    %pushi/vec4 0, 0, 32;
    %store/vec4 v0x149246f00_0, 0, 32;
    %end;
    .thread T_5;
    .scope S_0x1492468a0;
T_6 ;
    %wait E_0x1492463a0;
    %load/vec4 v0x149246c80_0;
    %flag_set/vec4 8;
    %jmp/0xz  T_6.0, 8;
    %pushi/vec4 0, 0, 32;
    %assign/vec4 v0x149246f00_0, 0;
    %jmp T_6.1;
T_6.0 ;
    %load/vec4 v0x149246de0_0;
    %assign/vec4 v0x149246f00_0, 0;
T_6.1 ;
    %jmp T_6;
    .thread T_6;
    .scope S_0x149249270;
T_7 ;
    %pushi/vec4 0, 0, 32;
    %store/vec4 v0x149249940_0, 0, 32;
    %end;
    .thread T_7;
    .scope S_0x149249270;
T_8 ;
    %wait E_0x1492463a0;
    %load/vec4 v0x1492495e0_0;
    %flag_set/vec4 8;
    %jmp/0xz  T_8.0, 8;
    %pushi/vec4 0, 0, 32;
    %assign/vec4 v0x149249940_0, 0;
    %jmp T_8.1;
T_8.0 ;
    %load/vec4 v0x149249870_0;
    %flag_set/vec4 8;
    %jmp/0xz  T_8.2, 8;
    %load/vec4 v0x149249720_0;
    %assign/vec4 v0x149249940_0, 0;
T_8.2 ;
T_8.1 ;
    %jmp T_8;
    .thread T_8;
    .scope S_0x14924cbf0;
T_9 ;
    %pushi/vec4 0, 0, 32;
    %store/vec4 v0x14924d420_0, 0, 32;
    %end;
    .thread T_9;
    .scope S_0x14924cbf0;
T_10 ;
    %wait E_0x1492463a0;
    %load/vec4 v0x14924d150_0;
    %flag_set/vec4 8;
    %jmp/0xz  T_10.0, 8;
    %pushi/vec4 0, 0, 32;
    %assign/vec4 v0x14924d420_0, 0;
    %jmp T_10.1;
T_10.0 ;
    %load/vec4 v0x14924d390_0;
    %flag_set/vec4 8;
    %jmp/0xz  T_10.2, 8;
    %load/vec4 v0x14924d270_0;
    %assign/vec4 v0x14924d420_0, 0;
T_10.2 ;
T_10.1 ;
    %jmp T_10;
    .thread T_10;
    .scope S_0x14924d560;
T_11 ;
    %pushi/vec4 0, 0, 32;
    %store/vec4 v0x14924dc50_0, 0, 32;
    %end;
    .thread T_11;
    .scope S_0x14924d560;
T_12 ;
    %wait E_0x1492463a0;
    %load/vec4 v0x14924d8f0_0;
    %flag_set/vec4 8;
    %jmp/0xz  T_12.0, 8;
    %pushi/vec4 0, 0, 32;
    %assign/vec4 v0x14924dc50_0, 0;
    %jmp T_12.1;
T_12.0 ;
    %load/vec4 v0x14924db80_0;
    %flag_set/vec4 8;
    %jmp/0xz  T_12.2, 8;
    %load/vec4 v0x14924da20_0;
    %assign/vec4 v0x14924dc50_0, 0;
T_12.2 ;
T_12.1 ;
    %jmp T_12;
    .thread T_12;
    .scope S_0x149251000;
T_13 ;
    %pushi/vec4 0, 0, 32;
    %store/vec4 v0x149251550_0, 0, 32;
    %end;
    .thread T_13;
    .scope S_0x149251000;
T_14 ;
    %wait E_0x1492463a0;
    %load/vec4 v0x149251370_0;
    %flag_set/vec4 8;
    %jmp/0xz  T_14.0, 8;
    %pushi/vec4 0, 0, 32;
    %assign/vec4 v0x149251550_0, 0;
    %jmp T_14.1;
T_14.0 ;
    %load/vec4 v0x149245650_0;
    %flag_set/vec4 8;
    %jmp/0xz  T_14.2, 8;
    %load/vec4 v0x1492514a0_0;
    %assign/vec4 v0x149251550_0, 0;
T_14.2 ;
T_14.1 ;
    %jmp T_14;
    .thread T_14;
    .scope S_0x149251600;
T_15 ;
    %pushi/vec4 0, 0, 32;
    %store/vec4 v0x149251cd0_0, 0, 32;
    %end;
    .thread T_15;
    .scope S_0x149251600;
T_16 ;
    %wait E_0x1492463a0;
    %load/vec4 v0x149251970_0;
    %flag_set/vec4 8;
    %jmp/0xz  T_16.0, 8;
    %pushi/vec4 0, 0, 32;
    %assign/vec4 v0x149251cd0_0, 0;
    %jmp T_16.1;
T_16.0 ;
    %load/vec4 v0x149251c00_0;
    %flag_set/vec4 8;
    %jmp/0xz  T_16.2, 8;
    %load/vec4 v0x149251aa0_0;
    %assign/vec4 v0x149251cd0_0, 0;
T_16.2 ;
T_16.1 ;
    %jmp T_16;
    .thread T_16;
    .scope S_0x149251e00;
T_17 ;
    %pushi/vec4 0, 0, 32;
    %store/vec4 v0x1492524d0_0, 0, 32;
    %end;
    .thread T_17;
    .scope S_0x149251e00;
T_18 ;
    %wait E_0x1492463a0;
    %load/vec4 v0x149252170_0;
    %flag_set/vec4 8;
    %jmp/0xz  T_18.0, 8;
    %pushi/vec4 0, 0, 32;
    %assign/vec4 v0x1492524d0_0, 0;
    %jmp T_18.1;
T_18.0 ;
    %load/vec4 v0x149252400_0;
    %flag_set/vec4 8;
    %jmp/0xz  T_18.2, 8;
    %load/vec4 v0x1492522a0_0;
    %assign/vec4 v0x1492524d0_0, 0;
T_18.2 ;
T_18.1 ;
    %jmp T_18;
    .thread T_18;
    .scope S_0x149252600;
T_19 ;
    %pushi/vec4 0, 0, 32;
    %store/vec4 v0x149252cd0_0, 0, 32;
    %end;
    .thread T_19;
    .scope S_0x149252600;
T_20 ;
    %wait E_0x1492463a0;
    %load/vec4 v0x149252970_0;
    %flag_set/vec4 8;
    %jmp/0xz  T_20.0, 8;
    %pushi/vec4 0, 0, 32;
    %assign/vec4 v0x149252cd0_0, 0;
    %jmp T_20.1;
T_20.0 ;
    %load/vec4 v0x149252c00_0;
    %flag_set/vec4 8;
    %jmp/0xz  T_20.2, 8;
    %load/vec4 v0x149252aa0_0;
    %assign/vec4 v0x149252cd0_0, 0;
T_20.2 ;
T_20.1 ;
    %jmp T_20;
    .thread T_20;
    .scope S_0x149252e00;
T_21 ;
    %pushi/vec4 0, 0, 32;
    %store/vec4 v0x1492534d0_0, 0, 32;
    %end;
    .thread T_21;
    .scope S_0x149252e00;
T_22 ;
    %wait E_0x1492463a0;
    %load/vec4 v0x149253170_0;
    %flag_set/vec4 8;
    %jmp/0xz  T_22.0, 8;
    %pushi/vec4 0, 0, 32;
    %assign/vec4 v0x1492534d0_0, 0;
    %jmp T_22.1;
T_22.0 ;
    %load/vec4 v0x149253400_0;
    %flag_set/vec4 8;
    %jmp/0xz  T_22.2, 8;
    %load/vec4 v0x1492532a0_0;
    %assign/vec4 v0x1492534d0_0, 0;
T_22.2 ;
T_22.1 ;
    %jmp T_22;
    .thread T_22;
    .scope S_0x149253600;
T_23 ;
    %pushi/vec4 0, 0, 32;
    %store/vec4 v0x149253cd0_0, 0, 32;
    %end;
    .thread T_23;
    .scope S_0x149253600;
T_24 ;
    %wait E_0x1492463a0;
    %load/vec4 v0x149253970_0;
    %flag_set/vec4 8;
    %jmp/0xz  T_24.0, 8;
    %pushi/vec4 0, 0, 32;
    %assign/vec4 v0x149253cd0_0, 0;
    %jmp T_24.1;
T_24.0 ;
    %load/vec4 v0x149253c00_0;
    %flag_set/vec4 8;
    %jmp/0xz  T_24.2, 8;
    %load/vec4 v0x149253aa0_0;
    %assign/vec4 v0x149253cd0_0, 0;
T_24.2 ;
T_24.1 ;
    %jmp T_24;
    .thread T_24;
    .scope S_0x149253e00;
T_25 ;
    %pushi/vec4 0, 0, 32;
    %store/vec4 v0x1492544d0_0, 0, 32;
    %end;
    .thread T_25;
    .scope S_0x149253e00;
T_26 ;
    %wait E_0x1492463a0;
    %load/vec4 v0x149254170_0;
    %flag_set/vec4 8;
    %jmp/0xz  T_26.0, 8;
    %pushi/vec4 0, 0, 32;
    %assign/vec4 v0x1492544d0_0, 0;
    %jmp T_26.1;
T_26.0 ;
    %load/vec4 v0x149254400_0;
    %flag_set/vec4 8;
    %jmp/0xz  T_26.2, 8;
    %load/vec4 v0x1492542a0_0;
    %assign/vec4 v0x1492544d0_0, 0;
T_26.2 ;
T_26.1 ;
    %jmp T_26;
    .thread T_26;
    .scope S_0x149254600;
T_27 ;
    %pushi/vec4 0, 0, 32;
    %store/vec4 v0x149254cd0_0, 0, 32;
    %end;
    .thread T_27;
    .scope S_0x149254600;
T_28 ;
    %wait E_0x1492463a0;
    %load/vec4 v0x149254970_0;
    %flag_set/vec4 8;
    %jmp/0xz  T_28.0, 8;
    %pushi/vec4 0, 0, 32;
    %assign/vec4 v0x149254cd0_0, 0;
    %jmp T_28.1;
T_28.0 ;
    %load/vec4 v0x149254c00_0;
    %flag_set/vec4 8;
    %jmp/0xz  T_28.2, 8;
    %load/vec4 v0x149254aa0_0;
    %assign/vec4 v0x149254cd0_0, 0;
T_28.2 ;
T_28.1 ;
    %jmp T_28;
    .thread T_28;
    .scope S_0x14924dd80;
T_29 ;
    %pushi/vec4 0, 0, 32;
    %store/vec4 v0x14924e450_0, 0, 32;
    %end;
    .thread T_29;
    .scope S_0x14924dd80;
T_30 ;
    %wait E_0x1492463a0;
    %load/vec4 v0x14924e0f0_0;
    %flag_set/vec4 8;
    %jmp/0xz  T_30.0, 8;
    %pushi/vec4 0, 0, 32;
    %assign/vec4 v0x14924e450_0, 0;
    %jmp T_30.1;
T_30.0 ;
    %load/vec4 v0x14924e380_0;
    %flag_set/vec4 8;
    %jmp/0xz  T_30.2, 8;
    %load/vec4 v0x14924e220_0;
    %assign/vec4 v0x14924e450_0, 0;
T_30.2 ;
T_30.1 ;
    %jmp T_30;
    .thread T_30;
    .scope S_0x14924e580;
T_31 ;
    %pushi/vec4 0, 0, 32;
    %store/vec4 v0x14924ecd0_0, 0, 32;
    %end;
    .thread T_31;
    .scope S_0x14924e580;
T_32 ;
    %wait E_0x1492463a0;
    %load/vec4 v0x14924e970_0;
    %flag_set/vec4 8;
    %jmp/0xz  T_32.0, 8;
    %pushi/vec4 0, 0, 32;
    %assign/vec4 v0x14924ecd0_0, 0;
    %jmp T_32.1;
T_32.0 ;
    %load/vec4 v0x14924ec00_0;
    %flag_set/vec4 8;
    %jmp/0xz  T_32.2, 8;
    %load/vec4 v0x14924eaa0_0;
    %assign/vec4 v0x14924ecd0_0, 0;
T_32.2 ;
T_32.1 ;
    %jmp T_32;
    .thread T_32;
    .scope S_0x14924ee00;
T_33 ;
    %pushi/vec4 0, 0, 32;
    %store/vec4 v0x14924f4d0_0, 0, 32;
    %end;
    .thread T_33;
    .scope S_0x14924ee00;
T_34 ;
    %wait E_0x1492463a0;
    %load/vec4 v0x14924f170_0;
    %flag_set/vec4 8;
    %jmp/0xz  T_34.0, 8;
    %pushi/vec4 0, 0, 32;
    %assign/vec4 v0x14924f4d0_0, 0;
    %jmp T_34.1;
T_34.0 ;
    %load/vec4 v0x14924f400_0;
    %flag_set/vec4 8;
    %jmp/0xz  T_34.2, 8;
    %load/vec4 v0x14924f2a0_0;
    %assign/vec4 v0x14924f4d0_0, 0;
T_34.2 ;
T_34.1 ;
    %jmp T_34;
    .thread T_34;
    .scope S_0x14924f600;
T_35 ;
    %pushi/vec4 0, 0, 32;
    %store/vec4 v0x14924fcd0_0, 0, 32;
    %end;
    .thread T_35;
    .scope S_0x14924f600;
T_36 ;
    %wait E_0x1492463a0;
    %load/vec4 v0x14924f970_0;
    %flag_set/vec4 8;
    %jmp/0xz  T_36.0, 8;
    %pushi/vec4 0, 0, 32;
    %assign/vec4 v0x14924fcd0_0, 0;
    %jmp T_36.1;
T_36.0 ;
    %load/vec4 v0x14924fc00_0;
    %flag_set/vec4 8;
    %jmp/0xz  T_36.2, 8;
    %load/vec4 v0x14924faa0_0;
    %assign/vec4 v0x14924fcd0_0, 0;
T_36.2 ;
T_36.1 ;
    %jmp T_36;
    .thread T_36;
    .scope S_0x14924fe00;
T_37 ;
    %pushi/vec4 0, 0, 32;
    %store/vec4 v0x1492504d0_0, 0, 32;
    %end;
    .thread T_37;
    .scope S_0x14924fe00;
T_38 ;
    %wait E_0x1492463a0;
    %load/vec4 v0x149250170_0;
    %flag_set/vec4 8;
    %jmp/0xz  T_38.0, 8;
    %pushi/vec4 0, 0, 32;
    %assign/vec4 v0x1492504d0_0, 0;
    %jmp T_38.1;
T_38.0 ;
    %load/vec4 v0x149250400_0;
    %flag_set/vec4 8;
    %jmp/0xz  T_38.2, 8;
    %load/vec4 v0x1492502a0_0;
    %assign/vec4 v0x1492504d0_0, 0;
T_38.2 ;
T_38.1 ;
    %jmp T_38;
    .thread T_38;
    .scope S_0x149250600;
T_39 ;
    %pushi/vec4 0, 0, 32;
    %store/vec4 v0x149250f20_0, 0, 32;
    %end;
    .thread T_39;
    .scope S_0x149250600;
T_40 ;
    %wait E_0x1492463a0;
    %load/vec4 v0x149250970_0;
    %flag_set/vec4 8;
    %jmp/0xz  T_40.0, 8;
    %pushi/vec4 0, 0, 32;
    %assign/vec4 v0x149250f20_0, 0;
    %jmp T_40.1;
T_40.0 ;
    %load/vec4 v0x149250e90_0;
    %flag_set/vec4 8;
    %jmp/0xz  T_40.2, 8;
    %load/vec4 v0x14924a020_0;
    %assign/vec4 v0x149250f20_0, 0;
T_40.2 ;
T_40.1 ;
    %jmp T_40;
    .thread T_40;
    .scope S_0x149249a60;
T_41 ;
    %pushi/vec4 0, 0, 32;
    %store/vec4 v0x14924a2d0_0, 0, 32;
    %end;
    .thread T_41;
    .scope S_0x149249a60;
T_42 ;
    %wait E_0x1492463a0;
    %load/vec4 v0x149249df0_0;
    %flag_set/vec4 8;
    %jmp/0xz  T_42.0, 8;
    %pushi/vec4 0, 0, 32;
    %assign/vec4 v0x14924a2d0_0, 0;
    %jmp T_42.1;
T_42.0 ;
    %load/vec4 v0x14924a240_0;
    %flag_set/vec4 8;
    %jmp/0xz  T_42.2, 8;
    %load/vec4 v0x14924a120_0;
    %assign/vec4 v0x14924a2d0_0, 0;
T_42.2 ;
T_42.1 ;
    %jmp T_42;
    .thread T_42;
    .scope S_0x149247000;
T_43 ;
    %pushi/vec4 0, 0, 32;
    %store/vec4 v0x149247720_0, 0, 32;
    %end;
    .thread T_43;
    .scope S_0x149247000;
T_44 ;
    %wait E_0x1492463a0;
    %load/vec4 v0x149247390_0;
    %flag_set/vec4 8;
    %jmp/0xz  T_44.0, 8;
    %pushi/vec4 0, 0, 32;
    %assign/vec4 v0x149247720_0, 0;
    %jmp T_44.1;
T_44.0 ;
    %load/vec4 v0x149247650_0;
    %flag_set/vec4 8;
    %jmp/0xz  T_44.2, 8;
    %load/vec4 v0x1492474d0_0;
    %assign/vec4 v0x149247720_0, 0;
T_44.2 ;
T_44.1 ;
    %jmp T_44;
    .thread T_44;
    .scope S_0x1492575a0;
T_45 ;
    %pushi/vec4 0, 0, 32;
    %store/vec4 v0x149257ce0_0, 0, 32;
    %end;
    .thread T_45;
    .scope S_0x1492575a0;
T_46 ;
    %wait E_0x1492463a0;
    %load/vec4 v0x149257930_0;
    %flag_set/vec4 8;
    %jmp/0xz  T_46.0, 8;
    %pushi/vec4 0, 0, 32;
    %assign/vec4 v0x149257ce0_0, 0;
    %jmp T_46.1;
T_46.0 ;
    %load/vec4 v0x149257bd0_0;
    %flag_set/vec4 8;
    %jmp/0xz  T_46.2, 8;
    %load/vec4 v0x149257a60_0;
    %assign/vec4 v0x149257ce0_0, 0;
T_46.2 ;
T_46.1 ;
    %jmp T_46;
    .thread T_46;
    .scope S_0x149256d90;
T_47 ;
    %pushi/vec4 0, 0, 32;
    %store/vec4 v0x149257490_0, 0, 32;
    %end;
    .thread T_47;
    .scope S_0x149256d90;
T_48 ;
    %wait E_0x1492463a0;
    %load/vec4 v0x149257120_0;
    %flag_set/vec4 8;
    %jmp/0xz  T_48.0, 8;
    %pushi/vec4 0, 0, 32;
    %assign/vec4 v0x149257490_0, 0;
    %jmp T_48.1;
T_48.0 ;
    %load/vec4 v0x1492573c0_0;
    %flag_set/vec4 8;
    %jmp/0xz  T_48.2, 8;
    %load/vec4 v0x149257250_0;
    %assign/vec4 v0x149257490_0, 0;
T_48.2 ;
T_48.1 ;
    %jmp T_48;
    .thread T_48;
    .scope S_0x149246030;
T_49 ;
    %pushi/vec4 0, 0, 32;
    %store/vec4 v0x1492467a0_0, 0, 32;
    %end;
    .thread T_49;
    .scope S_0x149246030;
T_50 ;
    %wait E_0x1492463a0;
    %load/vec4 v0x149246400_0;
    %flag_set/vec4 8;
    %jmp/0xz  T_50.0, 8;
    %pushi/vec4 0, 0, 32;
    %assign/vec4 v0x1492467a0_0, 0;
    %jmp T_50.1;
T_50.0 ;
    %load/vec4 v0x1492466d0_0;
    %flag_set/vec4 8;
    %jmp/0xz  T_50.2, 8;
    %load/vec4 v0x149246570_0;
    %assign/vec4 v0x1492467a0_0, 0;
T_50.2 ;
T_50.1 ;
    %jmp T_50;
    .thread T_50;
    .scope S_0x149247820;
T_51 ;
    %pushi/vec4 0, 0, 32;
    %store/vec4 v0x149247f90_0, 0, 32;
    %end;
    .thread T_51;
    .scope S_0x149247820;
T_52 ;
    %wait E_0x1492463a0;
    %load/vec4 v0x149247bb0_0;
    %flag_set/vec4 8;
    %jmp/0xz  T_52.0, 8;
    %pushi/vec4 0, 0, 32;
    %assign/vec4 v0x149247f90_0, 0;
    %jmp T_52.1;
T_52.0 ;
    %load/vec4 v0x149247f00_0;
    %flag_set/vec4 8;
    %jmp/0xz  T_52.2, 8;
    %load/vec4 v0x149247de0_0;
    %assign/vec4 v0x149247f90_0, 0;
T_52.2 ;
T_52.1 ;
    %jmp T_52;
    .thread T_52;
    .scope S_0x1492564d0;
T_53 ;
    %pushi/vec4 0, 0, 32;
    %store/vec4 v0x149256c70_0, 0, 32;
    %end;
    .thread T_53;
    .scope S_0x1492564d0;
T_54 ;
    %wait E_0x1492463a0;
    %load/vec4 v0x149256940_0;
    %flag_set/vec4 8;
    %jmp/0xz  T_54.0, 8;
    %pushi/vec4 0, 0, 32;
    %assign/vec4 v0x149256c70_0, 0;
    %jmp T_54.1;
T_54.0 ;
    %load/vec4 v0x149256ba0_0;
    %flag_set/vec4 8;
    %jmp/0xz  T_54.2, 8;
    %load/vec4 v0x149256a60_0;
    %assign/vec4 v0x149256c70_0, 0;
T_54.2 ;
T_54.1 ;
    %jmp T_54;
    .thread T_54;
    .scope S_0x149205450;
T_55 ;
    %wait E_0x149205740;
    %load/vec4 v0x149205a70_0;
    %parti/s 1, 31, 6;
    %store/vec4 v0x149205b40_0, 0, 1;
    %load/vec4 v0x149205c70_0;
    %parti/s 1, 31, 6;
    %store/vec4 v0x149205d10_0, 0, 1;
    %load/vec4 v0x149205b40_0;
    %flag_set/vec4 8;
    %jmp/0xz  T_55.0, 8;
    %load/vec4 v0x149205a70_0;
    %inv;
    %addi 1, 0, 32;
    %store/vec4 v0x149205bd0_0, 0, 32;
    %jmp T_55.1;
T_55.0 ;
    %load/vec4 v0x149205a70_0;
    %store/vec4 v0x149205bd0_0, 0, 32;
T_55.1 ;
    %load/vec4 v0x149205d10_0;
    %flag_set/vec4 8;
    %jmp/0xz  T_55.2, 8;
    %load/vec4 v0x149205c70_0;
    %inv;
    %addi 1, 0, 32;
    %store/vec4 v0x149205e20_0, 0, 32;
    %jmp T_55.3;
T_55.2 ;
    %load/vec4 v0x149205c70_0;
    %store/vec4 v0x149205e20_0, 0, 32;
T_55.3 ;
    %pushi/vec4 0, 0, 65;
    %store/vec4 v0x1492057f0_0, 0, 65;
    %load/vec4 v0x149205e20_0;
    %store/vec4 v0x149205950_0, 0, 32;
    %pushi/vec4 0, 0, 1;
    %store/vec4 v0x1492059e0_0, 0, 1;
    %load/vec4 v0x149205bd0_0;
    %pad/u 33;
    %store/vec4 v0x1492058b0_0, 0, 33;
    %pushi/vec4 0, 0, 32;
    %store/vec4 v0x149205f70_0, 0, 32;
T_55.4 ;
    %load/vec4 v0x149205f70_0;
    %cmpi/s 32, 0, 32;
    %jmp/0xz T_55.5, 5;
    %load/vec4 v0x149205950_0;
    %parti/s 1, 0, 2;
    %load/vec4 v0x1492059e0_0;
    %concat/vec4; draw_concat_vec4
    %dup/vec4;
    %pushi/vec4 1, 0, 2;
    %cmp/u;
    %jmp/1 T_55.6, 6;
    %dup/vec4;
    %pushi/vec4 2, 0, 2;
    %cmp/u;
    %jmp/1 T_55.7, 6;
    %load/vec4 v0x1492057f0_0;
    %store/vec4 v0x1492057f0_0, 0, 65;
    %jmp T_55.9;
T_55.6 ;
    %load/vec4 v0x1492057f0_0;
    %load/vec4 v0x1492058b0_0;
    %pad/u 65;
    %add;
    %store/vec4 v0x1492057f0_0, 0, 65;
    %jmp T_55.9;
T_55.7 ;
    %load/vec4 v0x1492057f0_0;
    %load/vec4 v0x1492058b0_0;
    %pad/u 65;
    %sub;
    %store/vec4 v0x1492057f0_0, 0, 65;
    %jmp T_55.9;
T_55.9 ;
    %pop/vec4 1;
    %load/vec4 v0x149205950_0;
    %parti/s 1, 0, 2;
    %store/vec4 v0x1492059e0_0, 0, 1;
    %load/vec4 v0x1492057f0_0;
    %parti/s 1, 0, 2;
    %load/vec4 v0x149205950_0;
    %parti/s 31, 1, 2;
    %concat/vec4; draw_concat_vec4
    %store/vec4 v0x149205950_0, 0, 32;
    %load/vec4 v0x1492057f0_0;
    %parti/s 1, 32, 7;
    %load/vec4 v0x1492057f0_0;
    %parti/s 64, 1, 2;
    %concat/vec4; draw_concat_vec4
    %store/vec4 v0x1492057f0_0, 0, 65;
    %load/vec4 v0x149205f70_0;
    %addi 1, 0, 32;
    %store/vec4 v0x149205f70_0, 0, 32;
    %jmp T_55.4;
T_55.5 ;
    %load/vec4 v0x1492057f0_0;
    %parti/s 64, 0, 2;
    %load/vec4 v0x149205950_0;
    %concat/vec4; draw_concat_vec4
    %pad/u 64;
    %store/vec4 v0x1492060c0_0, 0, 64;
    %load/vec4 v0x149205b40_0;
    %load/vec4 v0x149205d10_0;
    %xor;
    %store/vec4 v0x149206020_0, 0, 1;
    %load/vec4 v0x149206020_0;
    %flag_set/vec4 8;
    %jmp/0xz  T_55.10, 8;
    %load/vec4 v0x1492060c0_0;
    %inv;
    %addi 1, 0, 64;
    %store/vec4 v0x149205ec0_0, 0, 64;
    %jmp T_55.11;
T_55.10 ;
    %load/vec4 v0x1492060c0_0;
    %store/vec4 v0x149205ec0_0, 0, 64;
T_55.11 ;
    %jmp T_55;
    .thread T_55, $push;
    .scope S_0x149204910;
T_56 ;
    %wait E_0x149204c60;
    %load/vec4 v0x149204ce0_0;
    %parti/s 1, 31, 6;
    %store/vec4 v0x149204f80_0, 0, 1;
    %load/vec4 v0x149204dd0_0;
    %parti/s 1, 31, 6;
    %store/vec4 v0x1492050f0_0, 0, 1;
    %load/vec4 v0x149204f80_0;
    %flag_set/vec4 8;
    %jmp/0xz  T_56.0, 8;
    %load/vec4 v0x149204ce0_0;
    %pad/u 64;
    %inv;
    %addi 1, 0, 64;
    %store/vec4 v0x149204ef0_0, 0, 64;
    %jmp T_56.1;
T_56.0 ;
    %load/vec4 v0x149204ce0_0;
    %pad/u 64;
    %store/vec4 v0x149204ef0_0, 0, 64;
T_56.1 ;
    %load/vec4 v0x1492050f0_0;
    %flag_set/vec4 8;
    %jmp/0xz  T_56.2, 8;
    %load/vec4 v0x149204dd0_0;
    %inv;
    %addi 1, 0, 32;
    %store/vec4 v0x149205050_0, 0, 32;
    %jmp T_56.3;
T_56.2 ;
    %load/vec4 v0x149204dd0_0;
    %store/vec4 v0x149205050_0, 0, 32;
T_56.3 ;
    %load/vec4 v0x149204ef0_0;
    %concati/vec4 0, 0, 32;
    %pad/u 64;
    %store/vec4 v0x149204ef0_0, 0, 64;
    %pushi/vec4 0, 0, 32;
    %store/vec4 v0x149205240_0, 0, 32;
    %pushi/vec4 0, 0, 32;
    %store/vec4 v0x149205350_0, 0, 32;
    %pushi/vec4 0, 0, 32;
    %store/vec4 v0x149205190_0, 0, 32;
T_56.4 ;
    %load/vec4 v0x149205190_0;
    %cmpi/s 32, 0, 32;
    %jmp/0xz T_56.5, 5;
    %load/vec4 v0x149205350_0;
    %parti/s 31, 0, 2;
    %load/vec4 v0x149204ef0_0;
    %parti/s 1, 63, 7;
    %concat/vec4; draw_concat_vec4
    %store/vec4 v0x149205350_0, 0, 32;
    %load/vec4 v0x149204ef0_0;
    %ix/load 4, 1, 0;
    %flag_set/imm 4, 0;
    %shiftl 4;
    %store/vec4 v0x149204ef0_0, 0, 64;
    %load/vec4 v0x149205350_0;
    %parti/s 1, 31, 6;
    %pad/u 32;
    %cmpi/e 0, 0, 32;
    %jmp/0xz  T_56.6, 4;
    %load/vec4 v0x149205350_0;
    %load/vec4 v0x149205050_0;
    %sub;
    %store/vec4 v0x149205350_0, 0, 32;
    %jmp T_56.7;
T_56.6 ;
    %load/vec4 v0x149205350_0;
    %load/vec4 v0x149205050_0;
    %add;
    %store/vec4 v0x149205350_0, 0, 32;
T_56.7 ;
    %load/vec4 v0x149205350_0;
    %parti/s 1, 31, 6;
    %pad/u 32;
    %cmpi/e 0, 0, 32;
    %jmp/0xz  T_56.8, 4;
    %load/vec4 v0x149205240_0;
    %pushi/vec4 1, 0, 32;
    %pushi/vec4 31, 0, 32;
    %load/vec4 v0x149205190_0;
    %sub;
    %ix/vec4 4;
    %shiftl 4;
    %or;
    %store/vec4 v0x149205240_0, 0, 32;
T_56.8 ;
    %load/vec4 v0x149205190_0;
    %addi 1, 0, 32;
    %store/vec4 v0x149205190_0, 0, 32;
    %jmp T_56.4;
T_56.5 ;
    %load/vec4 v0x149205350_0;
    %parti/s 1, 31, 6;
    %pad/u 32;
    %cmpi/e 1, 0, 32;
    %jmp/0xz  T_56.10, 4;
    %load/vec4 v0x149205350_0;
    %load/vec4 v0x149205050_0;
    %add;
    %store/vec4 v0x149205350_0, 0, 32;
T_56.10 ;
    %load/vec4 v0x149204f80_0;
    %load/vec4 v0x1492050f0_0;
    %xor;
    %flag_set/vec4 8;
    %jmp/0xz  T_56.12, 8;
    %load/vec4 v0x149205240_0;
    %inv;
    %addi 1, 0, 32;
    %store/vec4 v0x149205240_0, 0, 32;
T_56.12 ;
    %load/vec4 v0x149204f80_0;
    %flag_set/vec4 8;
    %jmp/0xz  T_56.14, 8;
    %load/vec4 v0x149205350_0;
    %inv;
    %addi 1, 0, 32;
    %store/vec4 v0x149205350_0, 0, 32;
T_56.14 ;
    %load/vec4 v0x149205350_0;
    %load/vec4 v0x149205240_0;
    %concat/vec4; draw_concat_vec4
    %store/vec4 v0x149204e60_0, 0, 64;
    %jmp T_56;
    .thread T_56, $push;
    .scope S_0x13ff69600;
T_57 ;
    %wait E_0x13ffbcff0;
    %load/vec4 v0x149241a20_0;
    %dup/vec4;
    %pushi/vec4 3, 0, 5;
    %cmp/u;
    %jmp/1 T_57.0, 6;
    %dup/vec4;
    %pushi/vec4 4, 0, 5;
    %cmp/u;
    %jmp/1 T_57.1, 6;
    %dup/vec4;
    %pushi/vec4 5, 0, 5;
    %cmp/u;
    %jmp/1 T_57.2, 6;
    %dup/vec4;
    %pushi/vec4 6, 0, 5;
    %cmp/u;
    %jmp/1 T_57.3, 6;
    %dup/vec4;
    %pushi/vec4 7, 0, 5;
    %cmp/u;
    %jmp/1 T_57.4, 6;
    %dup/vec4;
    %pushi/vec4 8, 0, 5;
    %cmp/u;
    %jmp/1 T_57.5, 6;
    %dup/vec4;
    %pushi/vec4 9, 0, 5;
    %cmp/u;
    %jmp/1 T_57.6, 6;
    %dup/vec4;
    %pushi/vec4 10, 0, 5;
    %cmp/u;
    %jmp/1 T_57.7, 6;
    %dup/vec4;
    %pushi/vec4 11, 0, 5;
    %cmp/u;
    %jmp/1 T_57.8, 6;
    %dup/vec4;
    %pushi/vec4 15, 0, 5;
    %cmp/u;
    %jmp/1 T_57.9, 6;
    %dup/vec4;
    %pushi/vec4 16, 0, 5;
    %cmp/u;
    %jmp/1 T_57.10, 6;
    %dup/vec4;
    %pushi/vec4 17, 0, 5;
    %cmp/u;
    %jmp/1 T_57.11, 6;
    %dup/vec4;
    %pushi/vec4 18, 0, 5;
    %cmp/u;
    %jmp/1 T_57.12, 6;
    %dup/vec4;
    %pushi/vec4 19, 0, 5;
    %cmp/u;
    %jmp/1 T_57.13, 6;
    %pushi/vec4 0, 0, 64;
    %store/vec4 v0x149241fa0_0, 0, 64;
    %jmp T_57.15;
T_57.0 ;
    %pushi/vec4 0, 0, 32;
    %load/vec4 v0x1492417f0_0;
    %concat/vec4; draw_concat_vec4
    %store/vec4 v0x149241fa0_0, 0, 64;
    %jmp T_57.15;
T_57.1 ;
    %pushi/vec4 0, 0, 32;
    %load/vec4 v0x149242480_0;
    %concat/vec4; draw_concat_vec4
    %store/vec4 v0x149241fa0_0, 0, 64;
    %jmp T_57.15;
T_57.2 ;
    %pushi/vec4 0, 0, 32;
    %load/vec4 v0x1492418a0_0;
    %concat/vec4; draw_concat_vec4
    %store/vec4 v0x149241fa0_0, 0, 64;
    %jmp T_57.15;
T_57.3 ;
    %pushi/vec4 0, 0, 32;
    %load/vec4 v0x149241e40_0;
    %concat/vec4; draw_concat_vec4
    %store/vec4 v0x149241fa0_0, 0, 64;
    %jmp T_57.15;
T_57.4 ;
    %pushi/vec4 0, 0, 32;
    %load/vec4 v0x149242100_0;
    %concat/vec4; draw_concat_vec4
    %store/vec4 v0x149241fa0_0, 0, 64;
    %jmp T_57.15;
T_57.5 ;
    %pushi/vec4 0, 0, 32;
    %load/vec4 v0x149242040_0;
    %concat/vec4; draw_concat_vec4
    %store/vec4 v0x149241fa0_0, 0, 64;
    %jmp T_57.15;
T_57.6 ;
    %pushi/vec4 0, 0, 32;
    %load/vec4 v0x149242360_0;
    %concat/vec4; draw_concat_vec4
    %store/vec4 v0x149241fa0_0, 0, 64;
    %jmp T_57.15;
T_57.7 ;
    %pushi/vec4 0, 0, 32;
    %load/vec4 v0x1492423f0_0;
    %concat/vec4; draw_concat_vec4
    %store/vec4 v0x149241fa0_0, 0, 64;
    %jmp T_57.15;
T_57.8 ;
    %pushi/vec4 0, 0, 32;
    %load/vec4 v0x1492421b0_0;
    %concat/vec4; draw_concat_vec4
    %store/vec4 v0x149241fa0_0, 0, 64;
    %jmp T_57.15;
T_57.9 ;
    %load/vec4 v0x149241b40_0;
    %store/vec4 v0x149241fa0_0, 0, 64;
    %jmp T_57.15;
T_57.10 ;
    %load/vec4 v0x149241bf0_0;
    %store/vec4 v0x149241fa0_0, 0, 64;
    %jmp T_57.15;
T_57.11 ;
    %pushi/vec4 0, 0, 32;
    %load/vec4 v0x149241d20_0;
    %concat/vec4; draw_concat_vec4
    %store/vec4 v0x149241fa0_0, 0, 64;
    %jmp T_57.15;
T_57.12 ;
    %pushi/vec4 0, 0, 32;
    %load/vec4 v0x149241db0_0;
    %concat/vec4; draw_concat_vec4
    %store/vec4 v0x149241fa0_0, 0, 64;
    %jmp T_57.15;
T_57.13 ;
    %pushi/vec4 0, 0, 32;
    %load/vec4 v0x149241ef0_0;
    %concat/vec4; draw_concat_vec4
    %store/vec4 v0x149241fa0_0, 0, 64;
    %jmp T_57.15;
T_57.15 ;
    %pop/vec4 1;
    %jmp T_57;
    .thread T_57, $push;
    .scope S_0x13ff69600;
T_58 ;
    %wait E_0x13ffbcfb0;
    %load/vec4 v0x149241fa0_0;
    %store/vec4 v0x149241690_0, 0, 64;
    %jmp T_58;
    .thread T_58, $push;
    .scope S_0x1492488e0;
T_59 ;
    %pushi/vec4 0, 0, 32;
    %store/vec4 v0x149248cf0_0, 0, 32;
    %end;
    .thread T_59;
    .scope S_0x1492488e0;
T_60 ;
    %wait E_0x149248cb0;
    %load/vec4 v0x149249120_0;
    %dup/vec4;
    %pushi/vec4 0, 0, 1;
    %cmp/u;
    %jmp/1 T_60.0, 6;
    %dup/vec4;
    %pushi/vec4 1, 0, 1;
    %cmp/u;
    %jmp/1 T_60.1, 6;
    %jmp T_60.2;
T_60.0 ;
    %load/vec4 v0x149248dc0_0;
    %store/vec4 v0x149248f70_0, 0, 32;
    %jmp T_60.2;
T_60.1 ;
    %load/vec4 v0x149249090_0;
    %store/vec4 v0x149248f70_0, 0, 32;
    %jmp T_60.2;
T_60.2 ;
    %pop/vec4 1;
    %jmp T_60;
    .thread T_60, $push;
    .scope S_0x1492488e0;
T_61 ;
    %wait E_0x1492463a0;
    %load/vec4 v0x149248e50_0;
    %flag_set/vec4 8;
    %jmp/0xz  T_61.0, 8;
    %pushi/vec4 0, 0, 32;
    %assign/vec4 v0x149248cf0_0, 0;
    %jmp T_61.1;
T_61.0 ;
    %load/vec4 v0x149249000_0;
    %flag_set/vec4 8;
    %jmp/0xz  T_61.2, 8;
    %load/vec4 v0x149248f70_0;
    %assign/vec4 v0x149248cf0_0, 0;
T_61.2 ;
T_61.1 ;
    %jmp T_61;
    .thread T_61;
    .scope S_0x1492480a0;
T_62 ;
    %pushi/vec4 0, 0, 32;
    %store/vec4 v0x1492487c0_0, 0, 32;
    %end;
    .thread T_62;
    .scope S_0x1492480a0;
T_63 ;
    %wait E_0x1492463a0;
    %load/vec4 v0x149248470_0;
    %flag_set/vec4 8;
    %jmp/0xz  T_63.0, 8;
    %pushi/vec4 0, 0, 32;
    %assign/vec4 v0x1492487c0_0, 0;
    %jmp T_63.1;
T_63.0 ;
    %load/vec4 v0x1492486f0_0;
    %flag_set/vec4 8;
    %jmp/0xz  T_63.2, 8;
    %load/vec4 v0x1492485a0_0;
    %assign/vec4 v0x1492487c0_0, 0;
T_63.2 ;
T_63.1 ;
    %jmp T_63;
    .thread T_63;
    .scope S_0x14924a360;
T_64 ;
    %pushi/vec4 0, 0, 32;
    %store/vec4 v0x14924a8d0_0, 0, 32;
    %vpi_call 28 14 "$readmemh", "mem_init.hex", v0x14924a980 {0 0 0};
    %end;
    .thread T_64;
    .scope S_0x14924a360;
T_65 ;
    %wait E_0x14924a6f0;
    %load/vec4 v0x14924cae0_0;
    %flag_set/vec4 8;
    %jmp/0xz  T_65.0, 8;
    %load/vec4 v0x14924a800_0;
    %load/vec4 v0x14924a730_0;
    %pad/u 11;
    %ix/vec4 3;
    %ix/load 4, 0, 0; Constant delay
    %assign/vec4/a/d v0x14924a980, 0, 4;
    %load/vec4 v0x14924a730_0;
    %pad/u 11;
    %ix/vec4 4;
    %load/vec4a v0x14924a980, 4;
    %vpi_call 28 20 "$display", "Write: Address=%h, Data In=%h, Memory at Address=%h", v0x14924a730_0, v0x14924a800_0, S<0,vec4,u32> {1 0 0};
    %jmp T_65.1;
T_65.0 ;
    %load/vec4 v0x14924ca10_0;
    %flag_set/vec4 8;
    %jmp/0xz  T_65.2, 8;
    %load/vec4 v0x14924a730_0;
    %pad/u 11;
    %ix/vec4 4;
    %load/vec4a v0x14924a980, 4;
    %assign/vec4 v0x14924a8d0_0, 0;
T_65.2 ;
T_65.1 ;
    %jmp T_65;
    .thread T_65, $push;
    .scope S_0x149254e00;
T_66 ;
    %wait E_0x149255010;
    %load/vec4 v0x149255110_0;
    %dup/vec4;
    %pushi/vec4 0, 0, 4;
    %cmp/u;
    %jmp/1 T_66.0, 6;
    %dup/vec4;
    %pushi/vec4 1, 0, 4;
    %cmp/u;
    %jmp/1 T_66.1, 6;
    %dup/vec4;
    %pushi/vec4 2, 0, 4;
    %cmp/u;
    %jmp/1 T_66.2, 6;
    %dup/vec4;
    %pushi/vec4 3, 0, 4;
    %cmp/u;
    %jmp/1 T_66.3, 6;
    %dup/vec4;
    %pushi/vec4 4, 0, 4;
    %cmp/u;
    %jmp/1 T_66.4, 6;
    %dup/vec4;
    %pushi/vec4 5, 0, 4;
    %cmp/u;
    %jmp/1 T_66.5, 6;
    %dup/vec4;
    %pushi/vec4 6, 0, 4;
    %cmp/u;
    %jmp/1 T_66.6, 6;
    %dup/vec4;
    %pushi/vec4 7, 0, 4;
    %cmp/u;
    %jmp/1 T_66.7, 6;
    %dup/vec4;
    %pushi/vec4 8, 0, 4;
    %cmp/u;
    %jmp/1 T_66.8, 6;
    %dup/vec4;
    %pushi/vec4 9, 0, 4;
    %cmp/u;
    %jmp/1 T_66.9, 6;
    %dup/vec4;
    %pushi/vec4 10, 0, 4;
    %cmp/u;
    %jmp/1 T_66.10, 6;
    %dup/vec4;
    %pushi/vec4 11, 0, 4;
    %cmp/u;
    %jmp/1 T_66.11, 6;
    %dup/vec4;
    %pushi/vec4 12, 0, 4;
    %cmp/u;
    %jmp/1 T_66.12, 6;
    %dup/vec4;
    %pushi/vec4 13, 0, 4;
    %cmp/u;
    %jmp/1 T_66.13, 6;
    %dup/vec4;
    %pushi/vec4 14, 0, 4;
    %cmp/u;
    %jmp/1 T_66.14, 6;
    %dup/vec4;
    %pushi/vec4 15, 0, 4;
    %cmp/u;
    %jmp/1 T_66.15, 6;
    %jmp T_66.16;
T_66.0 ;
    %pushi/vec4 192, 0, 8;
    %assign/vec4 v0x1492551b0_0, 0;
    %jmp T_66.16;
T_66.1 ;
    %pushi/vec4 249, 0, 8;
    %assign/vec4 v0x1492551b0_0, 0;
    %jmp T_66.16;
T_66.2 ;
    %pushi/vec4 164, 0, 8;
    %assign/vec4 v0x1492551b0_0, 0;
    %jmp T_66.16;
T_66.3 ;
    %pushi/vec4 176, 0, 8;
    %assign/vec4 v0x1492551b0_0, 0;
    %jmp T_66.16;
T_66.4 ;
    %pushi/vec4 153, 0, 8;
    %assign/vec4 v0x1492551b0_0, 0;
    %jmp T_66.16;
T_66.5 ;
    %pushi/vec4 146, 0, 8;
    %assign/vec4 v0x1492551b0_0, 0;
    %jmp T_66.16;
T_66.6 ;
    %pushi/vec4 130, 0, 8;
    %assign/vec4 v0x1492551b0_0, 0;
    %jmp T_66.16;
T_66.7 ;
    %pushi/vec4 248, 0, 8;
    %assign/vec4 v0x1492551b0_0, 0;
    %jmp T_66.16;
T_66.8 ;
    %pushi/vec4 128, 0, 8;
    %assign/vec4 v0x1492551b0_0, 0;
    %jmp T_66.16;
T_66.9 ;
    %pushi/vec4 144, 0, 8;
    %assign/vec4 v0x1492551b0_0, 0;
    %jmp T_66.16;
T_66.10 ;
    %pushi/vec4 136, 0, 8;
    %assign/vec4 v0x1492551b0_0, 0;
    %jmp T_66.16;
T_66.11 ;
    %pushi/vec4 131, 0, 8;
    %assign/vec4 v0x1492551b0_0, 0;
    %jmp T_66.16;
T_66.12 ;
    %pushi/vec4 198, 0, 8;
    %assign/vec4 v0x1492551b0_0, 0;
    %jmp T_66.16;
T_66.13 ;
    %pushi/vec4 161, 0, 8;
    %assign/vec4 v0x1492551b0_0, 0;
    %jmp T_66.16;
T_66.14 ;
    %pushi/vec4 134, 0, 8;
    %assign/vec4 v0x1492551b0_0, 0;
    %jmp T_66.16;
T_66.15 ;
    %pushi/vec4 142, 0, 8;
    %assign/vec4 v0x1492551b0_0, 0;
    %jmp T_66.16;
T_66.16 ;
    %pop/vec4 1;
    %jmp T_66;
    .thread T_66;
    .scope S_0x1492552a0;
T_67 ;
    %wait E_0x149255010;
    %load/vec4 v0x149255550_0;
    %dup/vec4;
    %pushi/vec4 0, 0, 4;
    %cmp/u;
    %jmp/1 T_67.0, 6;
    %dup/vec4;
    %pushi/vec4 1, 0, 4;
    %cmp/u;
    %jmp/1 T_67.1, 6;
    %dup/vec4;
    %pushi/vec4 2, 0, 4;
    %cmp/u;
    %jmp/1 T_67.2, 6;
    %dup/vec4;
    %pushi/vec4 3, 0, 4;
    %cmp/u;
    %jmp/1 T_67.3, 6;
    %dup/vec4;
    %pushi/vec4 4, 0, 4;
    %cmp/u;
    %jmp/1 T_67.4, 6;
    %dup/vec4;
    %pushi/vec4 5, 0, 4;
    %cmp/u;
    %jmp/1 T_67.5, 6;
    %dup/vec4;
    %pushi/vec4 6, 0, 4;
    %cmp/u;
    %jmp/1 T_67.6, 6;
    %dup/vec4;
    %pushi/vec4 7, 0, 4;
    %cmp/u;
    %jmp/1 T_67.7, 6;
    %dup/vec4;
    %pushi/vec4 8, 0, 4;
    %cmp/u;
    %jmp/1 T_67.8, 6;
    %dup/vec4;
    %pushi/vec4 9, 0, 4;
    %cmp/u;
    %jmp/1 T_67.9, 6;
    %dup/vec4;
    %pushi/vec4 10, 0, 4;
    %cmp/u;
    %jmp/1 T_67.10, 6;
    %dup/vec4;
    %pushi/vec4 11, 0, 4;
    %cmp/u;
    %jmp/1 T_67.11, 6;
    %dup/vec4;
    %pushi/vec4 12, 0, 4;
    %cmp/u;
    %jmp/1 T_67.12, 6;
    %dup/vec4;
    %pushi/vec4 13, 0, 4;
    %cmp/u;
    %jmp/1 T_67.13, 6;
    %dup/vec4;
    %pushi/vec4 14, 0, 4;
    %cmp/u;
    %jmp/1 T_67.14, 6;
    %dup/vec4;
    %pushi/vec4 15, 0, 4;
    %cmp/u;
    %jmp/1 T_67.15, 6;
    %jmp T_67.16;
T_67.0 ;
    %pushi/vec4 192, 0, 8;
    %assign/vec4 v0x149255600_0, 0;
    %jmp T_67.16;
T_67.1 ;
    %pushi/vec4 249, 0, 8;
    %assign/vec4 v0x149255600_0, 0;
    %jmp T_67.16;
T_67.2 ;
    %pushi/vec4 164, 0, 8;
    %assign/vec4 v0x149255600_0, 0;
    %jmp T_67.16;
T_67.3 ;
    %pushi/vec4 176, 0, 8;
    %assign/vec4 v0x149255600_0, 0;
    %jmp T_67.16;
T_67.4 ;
    %pushi/vec4 153, 0, 8;
    %assign/vec4 v0x149255600_0, 0;
    %jmp T_67.16;
T_67.5 ;
    %pushi/vec4 146, 0, 8;
    %assign/vec4 v0x149255600_0, 0;
    %jmp T_67.16;
T_67.6 ;
    %pushi/vec4 130, 0, 8;
    %assign/vec4 v0x149255600_0, 0;
    %jmp T_67.16;
T_67.7 ;
    %pushi/vec4 248, 0, 8;
    %assign/vec4 v0x149255600_0, 0;
    %jmp T_67.16;
T_67.8 ;
    %pushi/vec4 128, 0, 8;
    %assign/vec4 v0x149255600_0, 0;
    %jmp T_67.16;
T_67.9 ;
    %pushi/vec4 144, 0, 8;
    %assign/vec4 v0x149255600_0, 0;
    %jmp T_67.16;
T_67.10 ;
    %pushi/vec4 136, 0, 8;
    %assign/vec4 v0x149255600_0, 0;
    %jmp T_67.16;
T_67.11 ;
    %pushi/vec4 131, 0, 8;
    %assign/vec4 v0x149255600_0, 0;
    %jmp T_67.16;
T_67.12 ;
    %pushi/vec4 198, 0, 8;
    %assign/vec4 v0x149255600_0, 0;
    %jmp T_67.16;
T_67.13 ;
    %pushi/vec4 161, 0, 8;
    %assign/vec4 v0x149255600_0, 0;
    %jmp T_67.16;
T_67.14 ;
    %pushi/vec4 134, 0, 8;
    %assign/vec4 v0x149255600_0, 0;
    %jmp T_67.16;
T_67.15 ;
    %pushi/vec4 142, 0, 8;
    %assign/vec4 v0x149255600_0, 0;
    %jmp T_67.16;
T_67.16 ;
    %pop/vec4 1;
    %jmp T_67;
    .thread T_67;
    .scope S_0x149242550;
T_68 ;
    %pushi/vec4 0, 0, 32;
    %store/vec4 v0x149244d70_0, 0, 32;
    %end;
    .thread T_68;
    .scope S_0x149242550;
T_69 ;
    %wait E_0x1492429c0;
    %load/vec4 v0x149243410_0;
    %flag_set/vec4 8;
    %jmp/0xz  T_69.0, 8;
    %load/vec4 v0x149243380_0;
    %store/vec4 v0x149244d70_0, 0, 32;
    %jmp T_69.1;
T_69.0 ;
    %load/vec4 v0x149243e40_0;
    %flag_set/vec4 8;
    %jmp/0xz  T_69.2, 8;
    %load/vec4 v0x1492434b0_0;
    %store/vec4 v0x149244d70_0, 0, 32;
    %jmp T_69.3;
T_69.2 ;
    %load/vec4 v0x149243f90_0;
    %flag_set/vec4 8;
    %jmp/0xz  T_69.4, 8;
    %load/vec4 v0x149243ee0_0;
    %store/vec4 v0x149244d70_0, 0, 32;
    %jmp T_69.5;
T_69.4 ;
    %load/vec4 v0x1492440e0_0;
    %flag_set/vec4 8;
    %jmp/0xz  T_69.6, 8;
    %load/vec4 v0x149244030_0;
    %store/vec4 v0x149244d70_0, 0, 32;
    %jmp T_69.7;
T_69.6 ;
    %load/vec4 v0x1492436c0_0;
    %flag_set/vec4 8;
    %jmp/0xz  T_69.8, 8;
    %load/vec4 v0x149244180_0;
    %store/vec4 v0x149244d70_0, 0, 32;
    %jmp T_69.9;
T_69.8 ;
    %load/vec4 v0x1492444a0_0;
    %flag_set/vec4 8;
    %jmp/0xz  T_69.10, 8;
    %load/vec4 v0x149244410_0;
    %store/vec4 v0x149244d70_0, 0, 32;
    %jmp T_69.11;
T_69.10 ;
    %load/vec4 v0x1492445d0_0;
    %flag_set/vec4 8;
    %jmp/0xz  T_69.12, 8;
    %load/vec4 v0x149244530_0;
    %store/vec4 v0x149244d70_0, 0, 32;
    %jmp T_69.13;
T_69.12 ;
    %load/vec4 v0x149244720_0;
    %flag_set/vec4 8;
    %jmp/0xz  T_69.14, 8;
    %load/vec4 v0x149244670_0;
    %store/vec4 v0x149244d70_0, 0, 32;
    %jmp T_69.15;
T_69.14 ;
    %load/vec4 v0x149244870_0;
    %flag_set/vec4 8;
    %jmp/0xz  T_69.16, 8;
    %load/vec4 v0x1492447c0_0;
    %store/vec4 v0x149244d70_0, 0, 32;
    %jmp T_69.17;
T_69.16 ;
    %load/vec4 v0x1492449c0_0;
    %flag_set/vec4 8;
    %jmp/0xz  T_69.18, 8;
    %load/vec4 v0x149244910_0;
    %store/vec4 v0x149244d70_0, 0, 32;
    %jmp T_69.19;
T_69.18 ;
    %load/vec4 v0x149243610_0;
    %flag_set/vec4 8;
    %jmp/0xz  T_69.20, 8;
    %load/vec4 v0x149243560_0;
    %store/vec4 v0x149244d70_0, 0, 32;
    %jmp T_69.21;
T_69.20 ;
    %load/vec4 v0x149243860_0;
    %flag_set/vec4 8;
    %jmp/0xz  T_69.22, 8;
    %load/vec4 v0x1492437b0_0;
    %store/vec4 v0x149244d70_0, 0, 32;
    %jmp T_69.23;
T_69.22 ;
    %load/vec4 v0x1492439b0_0;
    %flag_set/vec4 8;
    %jmp/0xz  T_69.24, 8;
    %load/vec4 v0x149243900_0;
    %store/vec4 v0x149244d70_0, 0, 32;
    %jmp T_69.25;
T_69.24 ;
    %load/vec4 v0x149243b00_0;
    %flag_set/vec4 8;
    %jmp/0xz  T_69.26, 8;
    %load/vec4 v0x149243a50_0;
    %store/vec4 v0x149244d70_0, 0, 32;
    %jmp T_69.27;
T_69.26 ;
    %load/vec4 v0x149243c50_0;
    %flag_set/vec4 8;
    %jmp/0xz  T_69.28, 8;
    %load/vec4 v0x149243ba0_0;
    %store/vec4 v0x149244d70_0, 0, 32;
    %jmp T_69.29;
T_69.28 ;
    %load/vec4 v0x149243da0_0;
    %flag_set/vec4 8;
    %jmp/0xz  T_69.30, 8;
    %load/vec4 v0x149243cf0_0;
    %store/vec4 v0x149244d70_0, 0, 32;
    %jmp T_69.31;
T_69.30 ;
    %load/vec4 v0x1492431b0_0;
    %flag_set/vec4 8;
    %jmp/0xz  T_69.32, 8;
    %load/vec4 v0x1492430a0_0;
    %store/vec4 v0x149244d70_0, 0, 32;
    %jmp T_69.33;
T_69.32 ;
    %load/vec4 v0x149242d70_0;
    %flag_set/vec4 8;
    %jmp/0xz  T_69.34, 8;
    %load/vec4 v0x149242ce0_0;
    %store/vec4 v0x149244d70_0, 0, 32;
    %jmp T_69.35;
T_69.34 ;
    %load/vec4 v0x149242ff0_0;
    %flag_set/vec4 8;
    %jmp/0xz  T_69.36, 8;
    %load/vec4 v0x149242f60_0;
    %store/vec4 v0x149244d70_0, 0, 32;
    %jmp T_69.37;
T_69.36 ;
    %load/vec4 v0x149244b10_0;
    %flag_set/vec4 8;
    %jmp/0xz  T_69.38, 8;
    %load/vec4 v0x149244a60_0;
    %store/vec4 v0x149244d70_0, 0, 32;
    %jmp T_69.39;
T_69.38 ;
    %load/vec4 v0x149244c50_0;
    %flag_set/vec4 8;
    %jmp/0xz  T_69.40, 8;
    %load/vec4 v0x149244bc0_0;
    %store/vec4 v0x149244d70_0, 0, 32;
    %jmp T_69.41;
T_69.40 ;
    %load/vec4 v0x1492432f0_0;
    %flag_set/vec4 8;
    %jmp/0xz  T_69.42, 8;
    %load/vec4 v0x149243260_0;
    %store/vec4 v0x149244d70_0, 0, 32;
    %jmp T_69.43;
T_69.42 ;
    %load/vec4 v0x149242ed0_0;
    %flag_set/vec4 8;
    %jmp/0xz  T_69.44, 8;
    %load/vec4 v0x149242e00_0;
    %store/vec4 v0x149244d70_0, 0, 32;
    %jmp T_69.45;
T_69.44 ;
    %load/vec4 v0x149242c40_0;
    %flag_set/vec4 8;
    %jmp/0xz  T_69.46, 8;
    %load/vec4 v0x149242b80_0;
    %store/vec4 v0x149244d70_0, 0, 32;
T_69.46 ;
T_69.45 ;
T_69.43 ;
T_69.41 ;
T_69.39 ;
T_69.37 ;
T_69.35 ;
T_69.33 ;
T_69.31 ;
T_69.29 ;
T_69.27 ;
T_69.25 ;
T_69.23 ;
T_69.21 ;
T_69.19 ;
T_69.17 ;
T_69.15 ;
T_69.13 ;
T_69.11 ;
T_69.9 ;
T_69.7 ;
T_69.5 ;
T_69.3 ;
T_69.1 ;
    %jmp T_69;
    .thread T_69, $push;
    .scope S_0x13ff6a680;
T_70 ;
    %pushi/vec4 0, 0, 8;
    %store/vec4 v0x13ff693f0_0, 0, 8;
    %end;
    .thread T_70;
    .scope S_0x13ff6a680;
T_71 ;
    %wait E_0x14ff85230;
    %load/vec4 v0x13ffab820_0;
    %flag_set/vec4 8;
    %jmp/0xz  T_71.0, 8;
    %pushi/vec4 0, 0, 8;
    %assign/vec4 v0x13ff693f0_0, 0;
    %jmp T_71.1;
T_71.0 ;
    %load/vec4 v0x13ff69480_0;
    %flag_set/vec4 8;
    %jmp/0xz  T_71.2, 8;
    %pushi/vec4 76, 0, 8;
    %assign/vec4 v0x13ff693f0_0, 0;
    %jmp T_71.3;
T_71.2 ;
    %load/vec4 v0x13ff897b0_0;
    %assign/vec4 v0x13ff693f0_0, 0;
T_71.3 ;
T_71.1 ;
    %jmp T_71;
    .thread T_71;
    .scope S_0x13ff6a680;
T_72 ;
    %wait E_0x14ff85230;
    %load/vec4 v0x13ff693f0_0;
    %store/vec4 v0x13ff897b0_0, 0, 8;
    %load/vec4 v0x13ff693f0_0;
    %dup/vec4;
    %pushi/vec4 0, 0, 8;
    %cmp/u;
    %jmp/1 T_72.0, 6;
    %dup/vec4;
    %pushi/vec4 1, 0, 8;
    %cmp/u;
    %jmp/1 T_72.1, 6;
    %dup/vec4;
    %pushi/vec4 2, 0, 8;
    %cmp/u;
    %jmp/1 T_72.2, 6;
    %dup/vec4;
    %pushi/vec4 3, 0, 8;
    %cmp/u;
    %jmp/1 T_72.3, 6;
    %dup/vec4;
    %pushi/vec4 73, 0, 8;
    %cmp/u;
    %jmp/1 T_72.4, 6;
    %dup/vec4;
    %pushi/vec4 74, 0, 8;
    %cmp/u;
    %jmp/1 T_72.5, 6;
    %dup/vec4;
    %pushi/vec4 47, 0, 8;
    %cmp/u;
    %jmp/1 T_72.6, 6;
    %dup/vec4;
    %pushi/vec4 48, 0, 8;
    %cmp/u;
    %jmp/1 T_72.7, 6;
    %dup/vec4;
    %pushi/vec4 49, 0, 8;
    %cmp/u;
    %jmp/1 T_72.8, 6;
    %dup/vec4;
    %pushi/vec4 42, 0, 8;
    %cmp/u;
    %jmp/1 T_72.9, 6;
    %dup/vec4;
    %pushi/vec4 43, 0, 8;
    %cmp/u;
    %jmp/1 T_72.10, 6;
    %dup/vec4;
    %pushi/vec4 44, 0, 8;
    %cmp/u;
    %jmp/1 T_72.11, 6;
    %dup/vec4;
    %pushi/vec4 45, 0, 8;
    %cmp/u;
    %jmp/1 T_72.12, 6;
    %dup/vec4;
    %pushi/vec4 46, 0, 8;
    %cmp/u;
    %jmp/1 T_72.13, 6;
    %dup/vec4;
    %pushi/vec4 64, 0, 8;
    %cmp/u;
    %jmp/1 T_72.14, 6;
    %dup/vec4;
    %pushi/vec4 65, 0, 8;
    %cmp/u;
    %jmp/1 T_72.15, 6;
    %dup/vec4;
    %pushi/vec4 66, 0, 8;
    %cmp/u;
    %jmp/1 T_72.16, 6;
    %dup/vec4;
    %pushi/vec4 67, 0, 8;
    %cmp/u;
    %jmp/1 T_72.17, 6;
    %dup/vec4;
    %pushi/vec4 4, 0, 8;
    %cmp/u;
    %jmp/1 T_72.18, 6;
    %dup/vec4;
    %pushi/vec4 5, 0, 8;
    %cmp/u;
    %jmp/1 T_72.19, 6;
    %dup/vec4;
    %pushi/vec4 6, 0, 8;
    %cmp/u;
    %jmp/1 T_72.20, 6;
    %dup/vec4;
    %pushi/vec4 7, 0, 8;
    %cmp/u;
    %jmp/1 T_72.21, 6;
    %dup/vec4;
    %pushi/vec4 8, 0, 8;
    %cmp/u;
    %jmp/1 T_72.22, 6;
    %dup/vec4;
    %pushi/vec4 9, 0, 8;
    %cmp/u;
    %jmp/1 T_72.23, 6;
    %dup/vec4;
    %pushi/vec4 10, 0, 8;
    %cmp/u;
    %jmp/1 T_72.24, 6;
    %dup/vec4;
    %pushi/vec4 11, 0, 8;
    %cmp/u;
    %jmp/1 T_72.25, 6;
    %dup/vec4;
    %pushi/vec4 12, 0, 8;
    %cmp/u;
    %jmp/1 T_72.26, 6;
    %dup/vec4;
    %pushi/vec4 13, 0, 8;
    %cmp/u;
    %jmp/1 T_72.27, 6;
    %dup/vec4;
    %pushi/vec4 14, 0, 8;
    %cmp/u;
    %jmp/1 T_72.28, 6;
    %dup/vec4;
    %pushi/vec4 15, 0, 8;
    %cmp/u;
    %jmp/1 T_72.29, 6;
    %dup/vec4;
    %pushi/vec4 16, 0, 8;
    %cmp/u;
    %jmp/1 T_72.30, 6;
    %dup/vec4;
    %pushi/vec4 17, 0, 8;
    %cmp/u;
    %jmp/1 T_72.31, 6;
    %dup/vec4;
    %pushi/vec4 18, 0, 8;
    %cmp/u;
    %jmp/1 T_72.32, 6;
    %dup/vec4;
    %pushi/vec4 19, 0, 8;
    %cmp/u;
    %jmp/1 T_72.33, 6;
    %dup/vec4;
    %pushi/vec4 20, 0, 8;
    %cmp/u;
    %jmp/1 T_72.34, 6;
    %dup/vec4;
    %pushi/vec4 55, 0, 8;
    %cmp/u;
    %jmp/1 T_72.35, 6;
    %dup/vec4;
    %pushi/vec4 56, 0, 8;
    %cmp/u;
    %jmp/1 T_72.36, 6;
    %dup/vec4;
    %pushi/vec4 57, 0, 8;
    %cmp/u;
    %jmp/1 T_72.37, 6;
    %dup/vec4;
    %pushi/vec4 58, 0, 8;
    %cmp/u;
    %jmp/1 T_72.38, 6;
    %dup/vec4;
    %pushi/vec4 59, 0, 8;
    %cmp/u;
    %jmp/1 T_72.39, 6;
    %dup/vec4;
    %pushi/vec4 60, 0, 8;
    %cmp/u;
    %jmp/1 T_72.40, 6;
    %dup/vec4;
    %pushi/vec4 21, 0, 8;
    %cmp/u;
    %jmp/1 T_72.41, 6;
    %dup/vec4;
    %pushi/vec4 22, 0, 8;
    %cmp/u;
    %jmp/1 T_72.42, 6;
    %dup/vec4;
    %pushi/vec4 23, 0, 8;
    %cmp/u;
    %jmp/1 T_72.43, 6;
    %dup/vec4;
    %pushi/vec4 36, 0, 8;
    %cmp/u;
    %jmp/1 T_72.44, 6;
    %dup/vec4;
    %pushi/vec4 37, 0, 8;
    %cmp/u;
    %jmp/1 T_72.45, 6;
    %dup/vec4;
    %pushi/vec4 39, 0, 8;
    %cmp/u;
    %jmp/1 T_72.46, 6;
    %dup/vec4;
    %pushi/vec4 40, 0, 8;
    %cmp/u;
    %jmp/1 T_72.47, 6;
    %dup/vec4;
    %pushi/vec4 69, 0, 8;
    %cmp/u;
    %jmp/1 T_72.48, 6;
    %dup/vec4;
    %pushi/vec4 70, 0, 8;
    %cmp/u;
    %jmp/1 T_72.49, 6;
    %dup/vec4;
    %pushi/vec4 68, 0, 8;
    %cmp/u;
    %jmp/1 T_72.50, 6;
    %dup/vec4;
    %pushi/vec4 33, 0, 8;
    %cmp/u;
    %jmp/1 T_72.51, 6;
    %dup/vec4;
    %pushi/vec4 34, 0, 8;
    %cmp/u;
    %jmp/1 T_72.52, 6;
    %dup/vec4;
    %pushi/vec4 35, 0, 8;
    %cmp/u;
    %jmp/1 T_72.53, 6;
    %dup/vec4;
    %pushi/vec4 61, 0, 8;
    %cmp/u;
    %jmp/1 T_72.54, 6;
    %dup/vec4;
    %pushi/vec4 62, 0, 8;
    %cmp/u;
    %jmp/1 T_72.55, 6;
    %dup/vec4;
    %pushi/vec4 63, 0, 8;
    %cmp/u;
    %jmp/1 T_72.56, 6;
    %dup/vec4;
    %pushi/vec4 27, 0, 8;
    %cmp/u;
    %jmp/1 T_72.57, 6;
    %dup/vec4;
    %pushi/vec4 28, 0, 8;
    %cmp/u;
    %jmp/1 T_72.58, 6;
    %dup/vec4;
    %pushi/vec4 29, 0, 8;
    %cmp/u;
    %jmp/1 T_72.59, 6;
    %dup/vec4;
    %pushi/vec4 50, 0, 8;
    %cmp/u;
    %jmp/1 T_72.60, 6;
    %dup/vec4;
    %pushi/vec4 51, 0, 8;
    %cmp/u;
    %jmp/1 T_72.61, 6;
    %dup/vec4;
    %pushi/vec4 52, 0, 8;
    %cmp/u;
    %jmp/1 T_72.62, 6;
    %dup/vec4;
    %pushi/vec4 53, 0, 8;
    %cmp/u;
    %jmp/1 T_72.63, 6;
    %dup/vec4;
    %pushi/vec4 54, 0, 8;
    %cmp/u;
    %jmp/1 T_72.64, 6;
    %dup/vec4;
    %pushi/vec4 30, 0, 8;
    %cmp/u;
    %jmp/1 T_72.65, 6;
    %dup/vec4;
    %pushi/vec4 31, 0, 8;
    %cmp/u;
    %jmp/1 T_72.66, 6;
    %dup/vec4;
    %pushi/vec4 32, 0, 8;
    %cmp/u;
    %jmp/1 T_72.67, 6;
    %dup/vec4;
    %pushi/vec4 24, 0, 8;
    %cmp/u;
    %jmp/1 T_72.68, 6;
    %dup/vec4;
    %pushi/vec4 25, 0, 8;
    %cmp/u;
    %jmp/1 T_72.69, 6;
    %dup/vec4;
    %pushi/vec4 26, 0, 8;
    %cmp/u;
    %jmp/1 T_72.70, 6;
    %dup/vec4;
    %pushi/vec4 71, 0, 8;
    %cmp/u;
    %jmp/1 T_72.71, 6;
    %dup/vec4;
    %pushi/vec4 72, 0, 8;
    %cmp/u;
    %jmp/1 T_72.72, 6;
    %dup/vec4;
    %pushi/vec4 75, 0, 8;
    %cmp/u;
    %jmp/1 T_72.73, 6;
    %dup/vec4;
    %pushi/vec4 76, 0, 8;
    %cmp/u;
    %jmp/1 T_72.74, 6;
    %pushi/vec4 0, 0, 8;
    %store/vec4 v0x13ff897b0_0, 0, 8;
    %jmp T_72.76;
T_72.0 ;
    %pushi/vec4 1, 0, 8;
    %store/vec4 v0x13ff897b0_0, 0, 8;
    %jmp T_72.76;
T_72.1 ;
    %pushi/vec4 2, 0, 8;
    %store/vec4 v0x13ff897b0_0, 0, 8;
    %jmp T_72.76;
T_72.2 ;
    %pushi/vec4 3, 0, 8;
    %store/vec4 v0x13ff897b0_0, 0, 8;
    %jmp T_72.76;
T_72.3 ;
    %load/vec4 v0x13ff715c0_0;
    %parti/s 5, 27, 6;
    %dup/vec4;
    %pushi/vec4 0, 0, 5;
    %cmp/u;
    %jmp/1 T_72.77, 6;
    %dup/vec4;
    %pushi/vec4 1, 0, 5;
    %cmp/u;
    %jmp/1 T_72.78, 6;
    %dup/vec4;
    %pushi/vec4 19, 0, 5;
    %cmp/u;
    %jmp/1 T_72.79, 6;
    %dup/vec4;
    %pushi/vec4 3, 0, 5;
    %cmp/u;
    %jmp/1 T_72.80, 6;
    %dup/vec4;
    %pushi/vec4 4, 0, 5;
    %cmp/u;
    %jmp/1 T_72.81, 6;
    %dup/vec4;
    %pushi/vec4 16, 0, 5;
    %cmp/u;
    %jmp/1 T_72.82, 6;
    %dup/vec4;
    %pushi/vec4 15, 0, 5;
    %cmp/u;
    %jmp/1 T_72.83, 6;
    %dup/vec4;
    %pushi/vec4 9, 0, 5;
    %cmp/u;
    %jmp/1 T_72.84, 6;
    %dup/vec4;
    %pushi/vec4 11, 0, 5;
    %cmp/u;
    %jmp/1 T_72.85, 6;
    %dup/vec4;
    %pushi/vec4 7, 0, 5;
    %cmp/u;
    %jmp/1 T_72.86, 6;
    %dup/vec4;
    %pushi/vec4 8, 0, 5;
    %cmp/u;
    %jmp/1 T_72.87, 6;
    %dup/vec4;
    %pushi/vec4 5, 0, 5;
    %cmp/u;
    %jmp/1 T_72.88, 6;
    %dup/vec4;
    %pushi/vec4 6, 0, 5;
    %cmp/u;
    %jmp/1 T_72.89, 6;
    %dup/vec4;
    %pushi/vec4 17, 0, 5;
    %cmp/u;
    %jmp/1 T_72.90, 6;
    %dup/vec4;
    %pushi/vec4 18, 0, 5;
    %cmp/u;
    %jmp/1 T_72.91, 6;
    %dup/vec4;
    %pushi/vec4 10, 0, 5;
    %cmp/u;
    %jmp/1 T_72.92, 6;
    %dup/vec4;
    %pushi/vec4 12, 0, 5;
    %cmp/u;
    %jmp/1 T_72.93, 6;
    %dup/vec4;
    %pushi/vec4 13, 0, 5;
    %cmp/u;
    %jmp/1 T_72.94, 6;
    %dup/vec4;
    %pushi/vec4 14, 0, 5;
    %cmp/u;
    %jmp/1 T_72.95, 6;
    %dup/vec4;
    %pushi/vec4 2, 0, 5;
    %cmp/u;
    %jmp/1 T_72.96, 6;
    %dup/vec4;
    %pushi/vec4 21, 0, 5;
    %cmp/u;
    %jmp/1 T_72.97, 6;
    %dup/vec4;
    %pushi/vec4 20, 0, 5;
    %cmp/u;
    %jmp/1 T_72.98, 6;
    %dup/vec4;
    %pushi/vec4 25, 0, 5;
    %cmp/u;
    %jmp/1 T_72.99, 6;
    %dup/vec4;
    %pushi/vec4 24, 0, 5;
    %cmp/u;
    %jmp/1 T_72.100, 6;
    %dup/vec4;
    %pushi/vec4 22, 0, 5;
    %cmp/u;
    %jmp/1 T_72.101, 6;
    %dup/vec4;
    %pushi/vec4 23, 0, 5;
    %cmp/u;
    %jmp/1 T_72.102, 6;
    %dup/vec4;
    %pushi/vec4 26, 0, 5;
    %cmp/u;
    %jmp/1 T_72.103, 6;
    %dup/vec4;
    %pushi/vec4 27, 0, 5;
    %cmp/u;
    %jmp/1 T_72.104, 6;
    %jmp T_72.105;
T_72.77 ;
    %pushi/vec4 42, 0, 8;
    %store/vec4 v0x13ff897b0_0, 0, 8;
    %jmp T_72.105;
T_72.78 ;
    %pushi/vec4 47, 0, 8;
    %store/vec4 v0x13ff897b0_0, 0, 8;
    %jmp T_72.105;
T_72.79 ;
    %pushi/vec4 64, 0, 8;
    %store/vec4 v0x13ff897b0_0, 0, 8;
    %jmp T_72.105;
T_72.80 ;
    %pushi/vec4 4, 0, 8;
    %store/vec4 v0x13ff897b0_0, 0, 8;
    %jmp T_72.105;
T_72.81 ;
    %pushi/vec4 7, 0, 8;
    %store/vec4 v0x13ff897b0_0, 0, 8;
    %jmp T_72.105;
T_72.82 ;
    %pushi/vec4 10, 0, 8;
    %store/vec4 v0x13ff897b0_0, 0, 8;
    %jmp T_72.105;
T_72.83 ;
    %pushi/vec4 14, 0, 8;
    %store/vec4 v0x13ff897b0_0, 0, 8;
    %jmp T_72.105;
T_72.84 ;
    %pushi/vec4 27, 0, 8;
    %store/vec4 v0x13ff897b0_0, 0, 8;
    %jmp T_72.105;
T_72.85 ;
    %pushi/vec4 24, 0, 8;
    %store/vec4 v0x13ff897b0_0, 0, 8;
    %jmp T_72.105;
T_72.86 ;
    %pushi/vec4 33, 0, 8;
    %store/vec4 v0x13ff897b0_0, 0, 8;
    %jmp T_72.105;
T_72.87 ;
    %pushi/vec4 30, 0, 8;
    %store/vec4 v0x13ff897b0_0, 0, 8;
    %jmp T_72.105;
T_72.88 ;
    %pushi/vec4 21, 0, 8;
    %store/vec4 v0x13ff897b0_0, 0, 8;
    %jmp T_72.105;
T_72.89 ;
    %pushi/vec4 18, 0, 8;
    %store/vec4 v0x13ff897b0_0, 0, 8;
    %jmp T_72.105;
T_72.90 ;
    %pushi/vec4 36, 0, 8;
    %store/vec4 v0x13ff897b0_0, 0, 8;
    %jmp T_72.105;
T_72.91 ;
    %pushi/vec4 39, 0, 8;
    %store/vec4 v0x13ff897b0_0, 0, 8;
    %jmp T_72.105;
T_72.92 ;
    %pushi/vec4 27, 0, 8;
    %store/vec4 v0x13ff897b0_0, 0, 8;
    %jmp T_72.105;
T_72.93 ;
    %pushi/vec4 55, 0, 8;
    %store/vec4 v0x13ff897b0_0, 0, 8;
    %jmp T_72.105;
T_72.94 ;
    %pushi/vec4 58, 0, 8;
    %store/vec4 v0x13ff897b0_0, 0, 8;
    %jmp T_72.105;
T_72.95 ;
    %pushi/vec4 61, 0, 8;
    %store/vec4 v0x13ff897b0_0, 0, 8;
    %jmp T_72.105;
T_72.96 ;
    %pushi/vec4 50, 0, 8;
    %store/vec4 v0x13ff897b0_0, 0, 8;
    %jmp T_72.105;
T_72.97 ;
    %pushi/vec4 68, 0, 8;
    %store/vec4 v0x13ff897b0_0, 0, 8;
    %jmp T_72.105;
T_72.98 ;
    %pushi/vec4 69, 0, 8;
    %store/vec4 v0x13ff897b0_0, 0, 8;
    %jmp T_72.105;
T_72.99 ;
    %pushi/vec4 71, 0, 8;
    %store/vec4 v0x13ff897b0_0, 0, 8;
    %jmp T_72.105;
T_72.100 ;
    %pushi/vec4 72, 0, 8;
    %store/vec4 v0x13ff897b0_0, 0, 8;
    %jmp T_72.105;
T_72.101 ;
    %pushi/vec4 73, 0, 8;
    %store/vec4 v0x13ff897b0_0, 0, 8;
    %jmp T_72.105;
T_72.102 ;
    %pushi/vec4 74, 0, 8;
    %store/vec4 v0x13ff897b0_0, 0, 8;
    %jmp T_72.105;
T_72.103 ;
    %pushi/vec4 75, 0, 8;
    %store/vec4 v0x13ff897b0_0, 0, 8;
    %jmp T_72.105;
T_72.104 ;
    %pushi/vec4 76, 0, 8;
    %store/vec4 v0x13ff897b0_0, 0, 8;
    %jmp T_72.105;
T_72.105 ;
    %pop/vec4 1;
    %jmp T_72.76;
T_72.4 ;
    %pushi/vec4 1, 0, 8;
    %store/vec4 v0x13ff897b0_0, 0, 8;
    %jmp T_72.76;
T_72.5 ;
    %pushi/vec4 1, 0, 8;
    %store/vec4 v0x13ff897b0_0, 0, 8;
    %jmp T_72.76;
T_72.6 ;
    %pushi/vec4 48, 0, 8;
    %store/vec4 v0x13ff897b0_0, 0, 8;
    %jmp T_72.76;
T_72.7 ;
    %pushi/vec4 49, 0, 8;
    %store/vec4 v0x13ff897b0_0, 0, 8;
    %jmp T_72.76;
T_72.8 ;
    %pushi/vec4 1, 0, 8;
    %store/vec4 v0x13ff897b0_0, 0, 8;
    %jmp T_72.76;
T_72.9 ;
    %pushi/vec4 43, 0, 8;
    %store/vec4 v0x13ff897b0_0, 0, 8;
    %jmp T_72.76;
T_72.10 ;
    %pushi/vec4 44, 0, 8;
    %store/vec4 v0x13ff897b0_0, 0, 8;
    %jmp T_72.76;
T_72.11 ;
    %pushi/vec4 45, 0, 8;
    %store/vec4 v0x13ff897b0_0, 0, 8;
    %jmp T_72.76;
T_72.12 ;
    %pushi/vec4 46, 0, 8;
    %store/vec4 v0x13ff897b0_0, 0, 8;
    %jmp T_72.76;
T_72.13 ;
    %pushi/vec4 1, 0, 8;
    %store/vec4 v0x13ff897b0_0, 0, 8;
    %jmp T_72.76;
T_72.14 ;
    %pushi/vec4 65, 0, 8;
    %store/vec4 v0x13ff897b0_0, 0, 8;
    %jmp T_72.76;
T_72.15 ;
    %pushi/vec4 66, 0, 8;
    %store/vec4 v0x13ff897b0_0, 0, 8;
    %jmp T_72.76;
T_72.16 ;
    %pushi/vec4 67, 0, 8;
    %store/vec4 v0x13ff897b0_0, 0, 8;
    %jmp T_72.76;
T_72.17 ;
    %pushi/vec4 1, 0, 8;
    %store/vec4 v0x13ff897b0_0, 0, 8;
    %jmp T_72.76;
T_72.18 ;
    %pushi/vec4 5, 0, 8;
    %store/vec4 v0x13ff897b0_0, 0, 8;
    %jmp T_72.76;
T_72.19 ;
    %pushi/vec4 6, 0, 8;
    %store/vec4 v0x13ff897b0_0, 0, 8;
    %jmp T_72.76;
T_72.20 ;
    %pushi/vec4 1, 0, 8;
    %store/vec4 v0x13ff897b0_0, 0, 8;
    %jmp T_72.76;
T_72.21 ;
    %pushi/vec4 8, 0, 8;
    %store/vec4 v0x13ff897b0_0, 0, 8;
    %jmp T_72.76;
T_72.22 ;
    %pushi/vec4 9, 0, 8;
    %store/vec4 v0x13ff897b0_0, 0, 8;
    %jmp T_72.76;
T_72.23 ;
    %pushi/vec4 1, 0, 8;
    %store/vec4 v0x13ff897b0_0, 0, 8;
    %jmp T_72.76;
T_72.24 ;
    %pushi/vec4 11, 0, 8;
    %store/vec4 v0x13ff897b0_0, 0, 8;
    %jmp T_72.76;
T_72.25 ;
    %pushi/vec4 12, 0, 8;
    %store/vec4 v0x13ff897b0_0, 0, 8;
    %jmp T_72.76;
T_72.26 ;
    %pushi/vec4 13, 0, 8;
    %store/vec4 v0x13ff897b0_0, 0, 8;
    %jmp T_72.76;
T_72.27 ;
    %pushi/vec4 1, 0, 8;
    %store/vec4 v0x13ff897b0_0, 0, 8;
    %jmp T_72.76;
T_72.28 ;
    %pushi/vec4 15, 0, 8;
    %store/vec4 v0x13ff897b0_0, 0, 8;
    %jmp T_72.76;
T_72.29 ;
    %pushi/vec4 16, 0, 8;
    %store/vec4 v0x13ff897b0_0, 0, 8;
    %jmp T_72.76;
T_72.30 ;
    %pushi/vec4 17, 0, 8;
    %store/vec4 v0x13ff897b0_0, 0, 8;
    %jmp T_72.76;
T_72.31 ;
    %pushi/vec4 1, 0, 8;
    %store/vec4 v0x13ff897b0_0, 0, 8;
    %jmp T_72.76;
T_72.32 ;
    %pushi/vec4 19, 0, 8;
    %store/vec4 v0x13ff897b0_0, 0, 8;
    %jmp T_72.76;
T_72.33 ;
    %pushi/vec4 20, 0, 8;
    %store/vec4 v0x13ff897b0_0, 0, 8;
    %jmp T_72.76;
T_72.34 ;
    %pushi/vec4 1, 0, 8;
    %store/vec4 v0x13ff897b0_0, 0, 8;
    %jmp T_72.76;
T_72.35 ;
    %pushi/vec4 56, 0, 8;
    %store/vec4 v0x13ff897b0_0, 0, 8;
    %jmp T_72.76;
T_72.36 ;
    %pushi/vec4 57, 0, 8;
    %store/vec4 v0x13ff897b0_0, 0, 8;
    %jmp T_72.76;
T_72.37 ;
    %pushi/vec4 1, 0, 8;
    %store/vec4 v0x13ff897b0_0, 0, 8;
    %jmp T_72.76;
T_72.38 ;
    %pushi/vec4 59, 0, 8;
    %store/vec4 v0x13ff897b0_0, 0, 8;
    %jmp T_72.76;
T_72.39 ;
    %pushi/vec4 60, 0, 8;
    %store/vec4 v0x13ff897b0_0, 0, 8;
    %jmp T_72.76;
T_72.40 ;
    %pushi/vec4 1, 0, 8;
    %store/vec4 v0x13ff897b0_0, 0, 8;
    %jmp T_72.76;
T_72.41 ;
    %pushi/vec4 22, 0, 8;
    %store/vec4 v0x13ff897b0_0, 0, 8;
    %jmp T_72.76;
T_72.42 ;
    %pushi/vec4 23, 0, 8;
    %store/vec4 v0x13ff897b0_0, 0, 8;
    %jmp T_72.76;
T_72.43 ;
    %pushi/vec4 1, 0, 8;
    %store/vec4 v0x13ff897b0_0, 0, 8;
    %jmp T_72.76;
T_72.44 ;
    %pushi/vec4 37, 0, 8;
    %store/vec4 v0x13ff897b0_0, 0, 8;
    %jmp T_72.76;
T_72.45 ;
    %pushi/vec4 1, 0, 8;
    %store/vec4 v0x13ff897b0_0, 0, 8;
    %jmp T_72.76;
T_72.46 ;
    %pushi/vec4 40, 0, 8;
    %store/vec4 v0x13ff897b0_0, 0, 8;
    %jmp T_72.76;
T_72.47 ;
    %pushi/vec4 1, 0, 8;
    %store/vec4 v0x13ff897b0_0, 0, 8;
    %jmp T_72.76;
T_72.48 ;
    %pushi/vec4 70, 0, 8;
    %store/vec4 v0x13ff897b0_0, 0, 8;
    %jmp T_72.76;
T_72.49 ;
    %pushi/vec4 1, 0, 8;
    %store/vec4 v0x13ff897b0_0, 0, 8;
    %jmp T_72.76;
T_72.50 ;
    %pushi/vec4 1, 0, 8;
    %store/vec4 v0x13ff897b0_0, 0, 8;
    %jmp T_72.76;
T_72.51 ;
    %pushi/vec4 34, 0, 8;
    %store/vec4 v0x13ff897b0_0, 0, 8;
    %jmp T_72.76;
T_72.52 ;
    %pushi/vec4 35, 0, 8;
    %store/vec4 v0x13ff897b0_0, 0, 8;
    %jmp T_72.76;
T_72.53 ;
    %pushi/vec4 1, 0, 8;
    %store/vec4 v0x13ff897b0_0, 0, 8;
    %jmp T_72.76;
T_72.54 ;
    %pushi/vec4 62, 0, 8;
    %store/vec4 v0x13ff897b0_0, 0, 8;
    %jmp T_72.76;
T_72.55 ;
    %pushi/vec4 63, 0, 8;
    %store/vec4 v0x13ff897b0_0, 0, 8;
    %jmp T_72.76;
T_72.56 ;
    %pushi/vec4 1, 0, 8;
    %store/vec4 v0x13ff897b0_0, 0, 8;
    %jmp T_72.76;
T_72.57 ;
    %pushi/vec4 28, 0, 8;
    %store/vec4 v0x13ff897b0_0, 0, 8;
    %jmp T_72.76;
T_72.58 ;
    %pushi/vec4 29, 0, 8;
    %store/vec4 v0x13ff897b0_0, 0, 8;
    %jmp T_72.76;
T_72.59 ;
    %pushi/vec4 1, 0, 8;
    %store/vec4 v0x13ff897b0_0, 0, 8;
    %jmp T_72.76;
T_72.60 ;
    %pushi/vec4 51, 0, 8;
    %store/vec4 v0x13ff897b0_0, 0, 8;
    %jmp T_72.76;
T_72.61 ;
    %pushi/vec4 52, 0, 8;
    %store/vec4 v0x13ff897b0_0, 0, 8;
    %jmp T_72.76;
T_72.62 ;
    %pushi/vec4 53, 0, 8;
    %store/vec4 v0x13ff897b0_0, 0, 8;
    %jmp T_72.76;
T_72.63 ;
    %pushi/vec4 54, 0, 8;
    %store/vec4 v0x13ff897b0_0, 0, 8;
    %jmp T_72.76;
T_72.64 ;
    %pushi/vec4 1, 0, 8;
    %store/vec4 v0x13ff897b0_0, 0, 8;
    %jmp T_72.76;
T_72.65 ;
    %pushi/vec4 31, 0, 8;
    %store/vec4 v0x13ff897b0_0, 0, 8;
    %jmp T_72.76;
T_72.66 ;
    %pushi/vec4 32, 0, 8;
    %store/vec4 v0x13ff897b0_0, 0, 8;
    %jmp T_72.76;
T_72.67 ;
    %pushi/vec4 1, 0, 8;
    %store/vec4 v0x13ff897b0_0, 0, 8;
    %jmp T_72.76;
T_72.68 ;
    %pushi/vec4 25, 0, 8;
    %store/vec4 v0x13ff897b0_0, 0, 8;
    %jmp T_72.76;
T_72.69 ;
    %pushi/vec4 26, 0, 8;
    %store/vec4 v0x13ff897b0_0, 0, 8;
    %jmp T_72.76;
T_72.70 ;
    %pushi/vec4 1, 0, 8;
    %store/vec4 v0x13ff897b0_0, 0, 8;
    %jmp T_72.76;
T_72.71 ;
    %pushi/vec4 1, 0, 8;
    %store/vec4 v0x13ff897b0_0, 0, 8;
    %jmp T_72.76;
T_72.72 ;
    %pushi/vec4 1, 0, 8;
    %store/vec4 v0x13ff897b0_0, 0, 8;
    %jmp T_72.76;
T_72.73 ;
    %pushi/vec4 1, 0, 8;
    %store/vec4 v0x13ff897b0_0, 0, 8;
    %jmp T_72.76;
T_72.74 ;
    %pushi/vec4 76, 0, 8;
    %store/vec4 v0x13ff897b0_0, 0, 8;
    %jmp T_72.76;
T_72.76 ;
    %pop/vec4 1;
    %jmp T_72;
    .thread T_72;
    .scope S_0x13ff6a680;
T_73 ;
    %wait E_0x14ff85d30;
    %load/vec4 v0x13ff693f0_0;
    %dup/vec4;
    %pushi/vec4 0, 0, 8;
    %cmp/u;
    %jmp/1 T_73.0, 6;
    %dup/vec4;
    %pushi/vec4 1, 0, 8;
    %cmp/u;
    %jmp/1 T_73.1, 6;
    %dup/vec4;
    %pushi/vec4 2, 0, 8;
    %cmp/u;
    %jmp/1 T_73.2, 6;
    %dup/vec4;
    %pushi/vec4 3, 0, 8;
    %cmp/u;
    %jmp/1 T_73.3, 6;
    %dup/vec4;
    %pushi/vec4 47, 0, 8;
    %cmp/u;
    %jmp/1 T_73.4, 6;
    %dup/vec4;
    %pushi/vec4 48, 0, 8;
    %cmp/u;
    %jmp/1 T_73.5, 6;
    %dup/vec4;
    %pushi/vec4 49, 0, 8;
    %cmp/u;
    %jmp/1 T_73.6, 6;
    %dup/vec4;
    %pushi/vec4 42, 0, 8;
    %cmp/u;
    %jmp/1 T_73.7, 6;
    %dup/vec4;
    %pushi/vec4 43, 0, 8;
    %cmp/u;
    %jmp/1 T_73.8, 6;
    %dup/vec4;
    %pushi/vec4 44, 0, 8;
    %cmp/u;
    %jmp/1 T_73.9, 6;
    %dup/vec4;
    %pushi/vec4 45, 0, 8;
    %cmp/u;
    %jmp/1 T_73.10, 6;
    %dup/vec4;
    %pushi/vec4 46, 0, 8;
    %cmp/u;
    %jmp/1 T_73.11, 6;
    %dup/vec4;
    %pushi/vec4 64, 0, 8;
    %cmp/u;
    %jmp/1 T_73.12, 6;
    %dup/vec4;
    %pushi/vec4 65, 0, 8;
    %cmp/u;
    %jmp/1 T_73.13, 6;
    %dup/vec4;
    %pushi/vec4 66, 0, 8;
    %cmp/u;
    %jmp/1 T_73.14, 6;
    %dup/vec4;
    %pushi/vec4 67, 0, 8;
    %cmp/u;
    %jmp/1 T_73.15, 6;
    %dup/vec4;
    %pushi/vec4 73, 0, 8;
    %cmp/u;
    %jmp/1 T_73.16, 6;
    %dup/vec4;
    %pushi/vec4 74, 0, 8;
    %cmp/u;
    %jmp/1 T_73.17, 6;
    %dup/vec4;
    %pushi/vec4 4, 0, 8;
    %cmp/u;
    %jmp/1 T_73.18, 6;
    %dup/vec4;
    %pushi/vec4 5, 0, 8;
    %cmp/u;
    %jmp/1 T_73.19, 6;
    %dup/vec4;
    %pushi/vec4 6, 0, 8;
    %cmp/u;
    %jmp/1 T_73.20, 6;
    %dup/vec4;
    %pushi/vec4 7, 0, 8;
    %cmp/u;
    %jmp/1 T_73.21, 6;
    %dup/vec4;
    %pushi/vec4 8, 0, 8;
    %cmp/u;
    %jmp/1 T_73.22, 6;
    %dup/vec4;
    %pushi/vec4 9, 0, 8;
    %cmp/u;
    %jmp/1 T_73.23, 6;
    %dup/vec4;
    %pushi/vec4 10, 0, 8;
    %cmp/u;
    %jmp/1 T_73.24, 6;
    %dup/vec4;
    %pushi/vec4 11, 0, 8;
    %cmp/u;
    %jmp/1 T_73.25, 6;
    %dup/vec4;
    %pushi/vec4 12, 0, 8;
    %cmp/u;
    %jmp/1 T_73.26, 6;
    %dup/vec4;
    %pushi/vec4 13, 0, 8;
    %cmp/u;
    %jmp/1 T_73.27, 6;
    %dup/vec4;
    %pushi/vec4 14, 0, 8;
    %cmp/u;
    %jmp/1 T_73.28, 6;
    %dup/vec4;
    %pushi/vec4 15, 0, 8;
    %cmp/u;
    %jmp/1 T_73.29, 6;
    %dup/vec4;
    %pushi/vec4 16, 0, 8;
    %cmp/u;
    %jmp/1 T_73.30, 6;
    %dup/vec4;
    %pushi/vec4 17, 0, 8;
    %cmp/u;
    %jmp/1 T_73.31, 6;
    %dup/vec4;
    %pushi/vec4 18, 0, 8;
    %cmp/u;
    %jmp/1 T_73.32, 6;
    %dup/vec4;
    %pushi/vec4 19, 0, 8;
    %cmp/u;
    %jmp/1 T_73.33, 6;
    %dup/vec4;
    %pushi/vec4 20, 0, 8;
    %cmp/u;
    %jmp/1 T_73.34, 6;
    %dup/vec4;
    %pushi/vec4 21, 0, 8;
    %cmp/u;
    %jmp/1 T_73.35, 6;
    %dup/vec4;
    %pushi/vec4 22, 0, 8;
    %cmp/u;
    %jmp/1 T_73.36, 6;
    %dup/vec4;
    %pushi/vec4 23, 0, 8;
    %cmp/u;
    %jmp/1 T_73.37, 6;
    %dup/vec4;
    %pushi/vec4 61, 0, 8;
    %cmp/u;
    %jmp/1 T_73.38, 6;
    %dup/vec4;
    %pushi/vec4 62, 0, 8;
    %cmp/u;
    %jmp/1 T_73.39, 6;
    %dup/vec4;
    %pushi/vec4 63, 0, 8;
    %cmp/u;
    %jmp/1 T_73.40, 6;
    %dup/vec4;
    %pushi/vec4 55, 0, 8;
    %cmp/u;
    %jmp/1 T_73.41, 6;
    %dup/vec4;
    %pushi/vec4 56, 0, 8;
    %cmp/u;
    %jmp/1 T_73.42, 6;
    %dup/vec4;
    %pushi/vec4 57, 0, 8;
    %cmp/u;
    %jmp/1 T_73.43, 6;
    %dup/vec4;
    %pushi/vec4 36, 0, 8;
    %cmp/u;
    %jmp/1 T_73.44, 6;
    %dup/vec4;
    %pushi/vec4 37, 0, 8;
    %cmp/u;
    %jmp/1 T_73.45, 6;
    %dup/vec4;
    %pushi/vec4 39, 0, 8;
    %cmp/u;
    %jmp/1 T_73.46, 6;
    %dup/vec4;
    %pushi/vec4 40, 0, 8;
    %cmp/u;
    %jmp/1 T_73.47, 6;
    %dup/vec4;
    %pushi/vec4 58, 0, 8;
    %cmp/u;
    %jmp/1 T_73.48, 6;
    %dup/vec4;
    %pushi/vec4 59, 0, 8;
    %cmp/u;
    %jmp/1 T_73.49, 6;
    %dup/vec4;
    %pushi/vec4 60, 0, 8;
    %cmp/u;
    %jmp/1 T_73.50, 6;
    %dup/vec4;
    %pushi/vec4 33, 0, 8;
    %cmp/u;
    %jmp/1 T_73.51, 6;
    %dup/vec4;
    %pushi/vec4 34, 0, 8;
    %cmp/u;
    %jmp/1 T_73.52, 6;
    %dup/vec4;
    %pushi/vec4 35, 0, 8;
    %cmp/u;
    %jmp/1 T_73.53, 6;
    %dup/vec4;
    %pushi/vec4 30, 0, 8;
    %cmp/u;
    %jmp/1 T_73.54, 6;
    %dup/vec4;
    %pushi/vec4 31, 0, 8;
    %cmp/u;
    %jmp/1 T_73.55, 6;
    %dup/vec4;
    %pushi/vec4 32, 0, 8;
    %cmp/u;
    %jmp/1 T_73.56, 6;
    %dup/vec4;
    %pushi/vec4 24, 0, 8;
    %cmp/u;
    %jmp/1 T_73.57, 6;
    %dup/vec4;
    %pushi/vec4 25, 0, 8;
    %cmp/u;
    %jmp/1 T_73.58, 6;
    %dup/vec4;
    %pushi/vec4 26, 0, 8;
    %cmp/u;
    %jmp/1 T_73.59, 6;
    %dup/vec4;
    %pushi/vec4 27, 0, 8;
    %cmp/u;
    %jmp/1 T_73.60, 6;
    %dup/vec4;
    %pushi/vec4 28, 0, 8;
    %cmp/u;
    %jmp/1 T_73.61, 6;
    %dup/vec4;
    %pushi/vec4 29, 0, 8;
    %cmp/u;
    %jmp/1 T_73.62, 6;
    %dup/vec4;
    %pushi/vec4 50, 0, 8;
    %cmp/u;
    %jmp/1 T_73.63, 6;
    %dup/vec4;
    %pushi/vec4 51, 0, 8;
    %cmp/u;
    %jmp/1 T_73.64, 6;
    %dup/vec4;
    %pushi/vec4 52, 0, 8;
    %cmp/u;
    %jmp/1 T_73.65, 6;
    %dup/vec4;
    %pushi/vec4 53, 0, 8;
    %cmp/u;
    %jmp/1 T_73.66, 6;
    %dup/vec4;
    %pushi/vec4 54, 0, 8;
    %cmp/u;
    %jmp/1 T_73.67, 6;
    %dup/vec4;
    %pushi/vec4 71, 0, 8;
    %cmp/u;
    %jmp/1 T_73.68, 6;
    %dup/vec4;
    %pushi/vec4 72, 0, 8;
    %cmp/u;
    %jmp/1 T_73.69, 6;
    %dup/vec4;
    %pushi/vec4 69, 0, 8;
    %cmp/u;
    %jmp/1 T_73.70, 6;
    %dup/vec4;
    %pushi/vec4 70, 0, 8;
    %cmp/u;
    %jmp/1 T_73.71, 6;
    %dup/vec4;
    %pushi/vec4 68, 0, 8;
    %cmp/u;
    %jmp/1 T_73.72, 6;
    %dup/vec4;
    %pushi/vec4 75, 0, 8;
    %cmp/u;
    %jmp/1 T_73.73, 6;
    %dup/vec4;
    %pushi/vec4 76, 0, 8;
    %cmp/u;
    %jmp/1 T_73.74, 6;
    %jmp T_73.76;
T_73.0 ;
    %pushi/vec4 0, 0, 1;
    %store/vec4 v0x13ff741e0_0, 0, 1;
    %pushi/vec4 0, 0, 1;
    %store/vec4 v0x13ffbcf20_0, 0, 1;
    %pushi/vec4 0, 0, 1;
    %store/vec4 v0x13ff6a450_0, 0, 1;
    %pushi/vec4 0, 0, 1;
    %store/vec4 v0x13ff6d500_0, 0, 1;
    %pushi/vec4 0, 0, 1;
    %store/vec4 v0x13ff683f0_0, 0, 1;
    %pushi/vec4 0, 0, 1;
    %store/vec4 v0x13ff6c4d0_0, 0, 1;
    %pushi/vec4 0, 0, 1;
    %store/vec4 v0x13ff70590_0, 0, 1;
    %pushi/vec4 0, 0, 1;
    %store/vec4 v0x13ffcdf60_0, 0, 1;
    %pushi/vec4 0, 0, 1;
    %store/vec4 v0x13ffcd890_0, 0, 1;
    %pushi/vec4 0, 0, 1;
    %store/vec4 v0x13ff725f0_0, 0, 1;
    %pushi/vec4 0, 0, 1;
    %store/vec4 v0x13ff6f560_0, 0, 1;
    %pushi/vec4 0, 0, 1;
    %store/vec4 v0x13ff643a0_0, 0, 1;
    %pushi/vec4 0, 0, 1;
    %store/vec4 v0x13ff6e530_0, 0, 1;
    %pushi/vec4 0, 0, 1;
    %store/vec4 v0x13ffbc190_0, 0, 1;
    %pushi/vec4 0, 0, 1;
    %store/vec4 v0x14fffd560_0, 0, 1;
    %pushi/vec4 0, 0, 1;
    %store/vec4 v0x13ffef930_0, 0, 1;
    %pushi/vec4 0, 0, 1;
    %store/vec4 v0x13ff673d0_0, 0, 1;
    %pushi/vec4 0, 0, 1;
    %store/vec4 v0x13ff663b0_0, 0, 1;
    %pushi/vec4 0, 0, 1;
    %store/vec4 v0x13ff65380_0, 0, 1;
    %pushi/vec4 0, 0, 1;
    %store/vec4 v0x13ffeffd0_0, 0, 1;
    %pushi/vec4 0, 0, 1;
    %store/vec4 v0x13ffdf330_0, 0, 1;
    %pushi/vec4 0, 0, 1;
    %store/vec4 v0x14ff91380_0, 0, 1;
    %pushi/vec4 0, 0, 1;
    %store/vec4 v0x14fffb7e0_0, 0, 1;
    %pushi/vec4 0, 0, 1;
    %store/vec4 v0x13ff633d0_0, 0, 1;
    %pushi/vec4 0, 0, 1;
    %store/vec4 v0x13ff9a820_0, 0, 1;
    %pushi/vec4 1, 0, 1;
    %store/vec4 v0x13ffdefd0_0, 0, 1;
    %pushi/vec4 0, 0, 1;
    %store/vec4 v0x13ffab180_0, 0, 1;
    %pushi/vec4 0, 0, 1;
    %assign/vec4 v0x13ffcdf60_0, 0;
    %pushi/vec4 0, 0, 5;
    %assign/vec4 v0x13ff9ab80_0, 0;
    %pushi/vec4 0, 0, 1;
    %assign/vec4 v0x13ffbcd10_0, 0;
    %jmp T_73.76;
T_73.1 ;
    %pushi/vec4 1, 0, 1;
    %assign/vec4 v0x13ff741e0_0, 0;
    %pushi/vec4 19, 0, 5;
    %assign/vec4 v0x13ff9ab80_0, 0;
    %pushi/vec4 1, 0, 1;
    %assign/vec4 v0x13ff6d500_0, 0;
    %delay 500, 0;
    %pushi/vec4 1, 0, 1;
    %assign/vec4 v0x13ffbc190_0, 0;
    %delay 1000, 0;
    %pushi/vec4 0, 0, 1;
    %assign/vec4 v0x13ff741e0_0, 0;
    %delay 500, 0;
    %pushi/vec4 0, 0, 1;
    %assign/vec4 v0x13ff6d500_0, 0;
    %pushi/vec4 0, 0, 1;
    %assign/vec4 v0x13ffbc190_0, 0;
    %pushi/vec4 0, 0, 5;
    %assign/vec4 v0x13ff9ab80_0, 0;
    %jmp T_73.76;
T_73.2 ;
    %pushi/vec4 1, 0, 1;
    %assign/vec4 v0x13ffbcd10_0, 0;
    %pushi/vec4 1, 0, 1;
    %assign/vec4 v0x13ffab180_0, 0;
    %delay 500, 0;
    %pushi/vec4 1, 0, 1;
    %assign/vec4 v0x13ffcd890_0, 0;
    %pushi/vec4 1, 0, 1;
    %assign/vec4 v0x13ff683f0_0, 0;
    %pushi/vec4 1, 0, 1;
    %assign/vec4 v0x13ff6c4d0_0, 0;
    %delay 500, 0;
    %delay 500, 0;
    %pushi/vec4 0, 0, 1;
    %assign/vec4 v0x13ffab180_0, 0;
    %pushi/vec4 0, 0, 1;
    %assign/vec4 v0x13ffbcd10_0, 0;
    %delay 500, 0;
    %pushi/vec4 0, 0, 1;
    %assign/vec4 v0x13ff741e0_0, 0;
    %pushi/vec4 0, 0, 1;
    %assign/vec4 v0x13ffcd890_0, 0;
    %pushi/vec4 0, 0, 1;
    %assign/vec4 v0x13ff683f0_0, 0;
    %pushi/vec4 0, 0, 1;
    %assign/vec4 v0x13ff6c4d0_0, 0;
    %jmp T_73.76;
T_73.3 ;
    %pushi/vec4 1, 0, 1;
    %assign/vec4 v0x13ff6a450_0, 0;
    %delay 500, 0;
    %pushi/vec4 1, 0, 1;
    %assign/vec4 v0x13ff6d500_0, 0;
    %pushi/vec4 1, 0, 1;
    %assign/vec4 v0x13ff70590_0, 0;
    %delay 1000, 0;
    %pushi/vec4 0, 0, 1;
    %assign/vec4 v0x13ff6a450_0, 0;
    %delay 500, 0;
    %pushi/vec4 0, 0, 1;
    %assign/vec4 v0x13ff6d500_0, 0;
    %pushi/vec4 0, 0, 1;
    %assign/vec4 v0x13ff70590_0, 0;
    %jmp T_73.76;
T_73.4 ;
    %pushi/vec4 1, 0, 1;
    %assign/vec4 v0x13ff663b0_0, 0;
    %pushi/vec4 1, 0, 1;
    %assign/vec4 v0x14ff91380_0, 0;
    %delay 500, 0;
    %pushi/vec4 1, 0, 1;
    %assign/vec4 v0x13ffcdf60_0, 0;
    %delay 500, 0;
    %pushi/vec4 0, 0, 1;
    %assign/vec4 v0x13ff663b0_0, 0;
    %delay 1000, 0;
    %pushi/vec4 0, 0, 1;
    %assign/vec4 v0x13ffcdf60_0, 0;
    %pushi/vec4 0, 0, 1;
    %assign/vec4 v0x14ff91380_0, 0;
    %jmp T_73.76;
T_73.5 ;
    %pushi/vec4 1, 0, 1;
    %assign/vec4 v0x14fffd560_0, 0;
    %pushi/vec4 3, 0, 5;
    %assign/vec4 v0x13ff9ab80_0, 0;
    %delay 500, 0;
    %pushi/vec4 1, 0, 1;
    %assign/vec4 v0x13ffbc190_0, 0;
    %delay 1500, 0;
    %pushi/vec4 0, 0, 1;
    %assign/vec4 v0x14fffd560_0, 0;
    %pushi/vec4 0, 0, 1;
    %assign/vec4 v0x13ffbc190_0, 0;
    %jmp T_73.76;
T_73.6 ;
    %pushi/vec4 1, 0, 1;
    %assign/vec4 v0x13ffab180_0, 0;
    %delay 500, 0;
    %pushi/vec4 1, 0, 1;
    %assign/vec4 v0x13ffeffd0_0, 0;
    %pushi/vec4 1, 0, 1;
    %assign/vec4 v0x13ff673d0_0, 0;
    %pushi/vec4 0, 0, 1;
    %assign/vec4 v0x13ffab180_0, 0;
    %delay 1000, 0;
    %pushi/vec4 0, 0, 1;
    %assign/vec4 v0x13ffab180_0, 0;
    %delay 500, 0;
    %pushi/vec4 0, 0, 1;
    %assign/vec4 v0x13ffeffd0_0, 0;
    %pushi/vec4 0, 0, 1;
    %assign/vec4 v0x13ff673d0_0, 0;
    %jmp T_73.76;
T_73.7 ;
    %pushi/vec4 1, 0, 1;
    %assign/vec4 v0x13ff663b0_0, 0;
    %pushi/vec4 1, 0, 1;
    %assign/vec4 v0x14ff91380_0, 0;
    %delay 500, 0;
    %pushi/vec4 1, 0, 1;
    %assign/vec4 v0x13ffcdf60_0, 0;
    %delay 500, 0;
    %pushi/vec4 0, 0, 1;
    %assign/vec4 v0x13ff663b0_0, 0;
    %delay 1000, 0;
    %pushi/vec4 0, 0, 1;
    %assign/vec4 v0x13ffcdf60_0, 0;
    %pushi/vec4 0, 0, 1;
    %assign/vec4 v0x14ff91380_0, 0;
    %jmp T_73.76;
T_73.8 ;
    %pushi/vec4 1, 0, 1;
    %assign/vec4 v0x14fffd560_0, 0;
    %pushi/vec4 3, 0, 5;
    %assign/vec4 v0x13ff9ab80_0, 0;
    %delay 500, 0;
    %pushi/vec4 1, 0, 1;
    %assign/vec4 v0x13ffbc190_0, 0;
    %delay 1500, 0;
    %pushi/vec4 0, 0, 1;
    %assign/vec4 v0x14fffd560_0, 0;
    %pushi/vec4 0, 0, 1;
    %assign/vec4 v0x13ffbc190_0, 0;
    %jmp T_73.76;
T_73.9 ;
    %delay 500, 0;
    %pushi/vec4 1, 0, 1;
    %assign/vec4 v0x13ffab180_0, 0;
    %pushi/vec4 1, 0, 1;
    %assign/vec4 v0x13ff6d500_0, 0;
    %delay 1500, 0;
    %pushi/vec4 0, 0, 1;
    %assign/vec4 v0x13ffab180_0, 0;
    %pushi/vec4 0, 0, 1;
    %assign/vec4 v0x13ff6d500_0, 0;
    %jmp T_73.76;
T_73.10 ;
    %delay 500, 0;
    %pushi/vec4 1, 0, 1;
    %assign/vec4 v0x13ffcd890_0, 0;
    %pushi/vec4 1, 0, 1;
    %assign/vec4 v0x13ffbcd10_0, 0;
    %pushi/vec4 1, 0, 1;
    %assign/vec4 v0x13ff6c4d0_0, 0;
    %delay 1500, 0;
    %pushi/vec4 0, 0, 1;
    %assign/vec4 v0x13ffcd890_0, 0;
    %pushi/vec4 0, 0, 1;
    %assign/vec4 v0x13ffbcd10_0, 0;
    %pushi/vec4 0, 0, 1;
    %assign/vec4 v0x13ff6c4d0_0, 0;
    %jmp T_73.76;
T_73.11 ;
    %delay 500, 0;
    %pushi/vec4 1, 0, 1;
    %assign/vec4 v0x13ff6a450_0, 0;
    %pushi/vec4 1, 0, 1;
    %assign/vec4 v0x13ff673d0_0, 0;
    %pushi/vec4 1, 0, 1;
    %assign/vec4 v0x13ffeffd0_0, 0;
    %delay 1500, 0;
    %pushi/vec4 0, 0, 1;
    %assign/vec4 v0x13ff6a450_0, 0;
    %pushi/vec4 0, 0, 1;
    %assign/vec4 v0x13ff673d0_0, 0;
    %pushi/vec4 0, 0, 1;
    %assign/vec4 v0x13ffeffd0_0, 0;
    %jmp T_73.76;
T_73.12 ;
    %pushi/vec4 1, 0, 1;
    %assign/vec4 v0x13ff673d0_0, 0;
    %delay 500, 0;
    %pushi/vec4 1, 0, 1;
    %assign/vec4 v0x13ffdf330_0, 0;
    %pushi/vec4 1, 0, 1;
    %assign/vec4 v0x14fffb7e0_0, 0;
    %delay 1000, 0;
    %delay 500, 0;
    %pushi/vec4 0, 0, 1;
    %assign/vec4 v0x13ff673d0_0, 0;
    %pushi/vec4 0, 0, 1;
    %assign/vec4 v0x14fffb7e0_0, 0;
    %pushi/vec4 0, 0, 1;
    %assign/vec4 v0x13ffdf330_0, 0;
    %jmp T_73.76;
T_73.13 ;
    %pushi/vec4 1, 0, 1;
    %assign/vec4 v0x13ff741e0_0, 0;
    %delay 500, 0;
    %pushi/vec4 1, 0, 1;
    %assign/vec4 v0x13ffcdf60_0, 0;
    %delay 1500, 0;
    %pushi/vec4 0, 0, 1;
    %assign/vec4 v0x13ff741e0_0, 0;
    %pushi/vec4 0, 0, 1;
    %assign/vec4 v0x13ffcdf60_0, 0;
    %jmp T_73.76;
T_73.14 ;
    %pushi/vec4 1, 0, 1;
    %assign/vec4 v0x14fffd560_0, 0;
    %pushi/vec4 3, 0, 5;
    %assign/vec4 v0x13ff9ab80_0, 0;
    %delay 1000, 0;
    %pushi/vec4 1, 0, 1;
    %assign/vec4 v0x13ffbc190_0, 0;
    %delay 1000, 0;
    %pushi/vec4 0, 0, 1;
    %assign/vec4 v0x14fffd560_0, 0;
    %pushi/vec4 0, 0, 1;
    %assign/vec4 v0x13ffbc190_0, 0;
    %pushi/vec4 0, 0, 5;
    %assign/vec4 v0x13ff9ab80_0, 0;
    %jmp T_73.76;
T_73.15 ;
    %delay 500, 0;
    %pushi/vec4 1, 0, 1;
    %assign/vec4 v0x13ffab180_0, 0;
    %delay 500, 0;
    %load/vec4 v0x13ff77670_0;
    %flag_set/vec4 8;
    %jmp/0xz  T_73.77, 8;
    %pushi/vec4 1, 0, 1;
    %assign/vec4 v0x13ff683f0_0, 0;
T_73.77 ;
    %delay 500, 0;
    %pushi/vec4 0, 0, 1;
    %assign/vec4 v0x13ffab180_0, 0;
    %delay 500, 0;
    %pushi/vec4 0, 0, 1;
    %assign/vec4 v0x13ff683f0_0, 0;
    %pushi/vec4 0, 0, 1;
    %assign/vec4 v0x13ffbc190_0, 0;
    %jmp T_73.76;
T_73.16 ;
    %delay 500, 0;
    %pushi/vec4 1, 0, 1;
    %assign/vec4 v0x13ff9a820_0, 0;
    %pushi/vec4 1, 0, 1;
    %assign/vec4 v0x13ff673d0_0, 0;
    %pushi/vec4 1, 0, 1;
    %assign/vec4 v0x13ffeffd0_0, 0;
    %delay 500, 0;
    %delay 1000, 0;
    %pushi/vec4 0, 0, 1;
    %assign/vec4 v0x13ff9a820_0, 0;
    %pushi/vec4 0, 0, 1;
    %assign/vec4 v0x13ff673d0_0, 0;
    %pushi/vec4 0, 0, 1;
    %assign/vec4 v0x13ffeffd0_0, 0;
    %jmp T_73.76;
T_73.17 ;
    %delay 500, 0;
    %pushi/vec4 1, 0, 1;
    %assign/vec4 v0x13ff633d0_0, 0;
    %pushi/vec4 1, 0, 1;
    %assign/vec4 v0x13ff673d0_0, 0;
    %pushi/vec4 1, 0, 1;
    %assign/vec4 v0x13ffdf330_0, 0;
    %delay 500, 0;
    %delay 1000, 0;
    %pushi/vec4 0, 0, 1;
    %assign/vec4 v0x13ff633d0_0, 0;
    %pushi/vec4 0, 0, 1;
    %assign/vec4 v0x13ff673d0_0, 0;
    %pushi/vec4 0, 0, 1;
    %assign/vec4 v0x13ffdf330_0, 0;
    %jmp T_73.76;
T_73.18 ;
    %delay 500, 0;
    %pushi/vec4 1, 0, 1;
    %assign/vec4 v0x13ff663b0_0, 0;
    %pushi/vec4 1, 0, 1;
    %assign/vec4 v0x13ffdf330_0, 0;
    %pushi/vec4 1, 0, 1;
    %assign/vec4 v0x13ffcdf60_0, 0;
    %delay 1500, 0;
    %pushi/vec4 0, 0, 1;
    %assign/vec4 v0x13ff663b0_0, 0;
    %pushi/vec4 0, 0, 1;
    %assign/vec4 v0x13ffdf330_0, 0;
    %pushi/vec4 0, 0, 1;
    %assign/vec4 v0x13ffcdf60_0, 0;
    %jmp T_73.76;
T_73.19 ;
    %pushi/vec4 1, 0, 1;
    %assign/vec4 v0x13ff65380_0, 0;
    %pushi/vec4 1, 0, 1;
    %assign/vec4 v0x13ffdf330_0, 0;
    %pushi/vec4 3, 0, 5;
    %assign/vec4 v0x13ff9ab80_0, 0;
    %delay 500, 0;
    %pushi/vec4 1, 0, 1;
    %assign/vec4 v0x13ffbc190_0, 0;
    %delay 1000, 0;
    %pushi/vec4 0, 0, 1;
    %assign/vec4 v0x13ff65380_0, 0;
    %pushi/vec4 0, 0, 1;
    %assign/vec4 v0x13ffdf330_0, 0;
    %delay 500, 0;
    %pushi/vec4 0, 0, 1;
    %assign/vec4 v0x13ffbc190_0, 0;
    %jmp T_73.76;
T_73.20 ;
    %pushi/vec4 1, 0, 1;
    %assign/vec4 v0x13ffab180_0, 0;
    %delay 1000, 0;
    %pushi/vec4 1, 0, 1;
    %assign/vec4 v0x13ff673d0_0, 0;
    %pushi/vec4 1, 0, 1;
    %assign/vec4 v0x13ffeffd0_0, 0;
    %pushi/vec4 1, 0, 1;
    %assign/vec4 v0x13ff6f560_0, 0;
    %delay 1000, 0;
    %pushi/vec4 0, 0, 1;
    %assign/vec4 v0x13ff673d0_0, 0;
    %pushi/vec4 0, 0, 1;
    %assign/vec4 v0x13ffeffd0_0, 0;
    %pushi/vec4 0, 0, 1;
    %assign/vec4 v0x13ffab180_0, 0;
    %pushi/vec4 0, 0, 1;
    %assign/vec4 v0x13ff6f560_0, 0;
    %jmp T_73.76;
T_73.21 ;
    %delay 500, 0;
    %pushi/vec4 1, 0, 1;
    %assign/vec4 v0x13ff663b0_0, 0;
    %pushi/vec4 1, 0, 1;
    %assign/vec4 v0x13ffdf330_0, 0;
    %pushi/vec4 1, 0, 1;
    %assign/vec4 v0x13ffcdf60_0, 0;
    %delay 1500, 0;
    %pushi/vec4 0, 0, 1;
    %assign/vec4 v0x13ff663b0_0, 0;
    %pushi/vec4 0, 0, 1;
    %assign/vec4 v0x13ffdf330_0, 0;
    %pushi/vec4 0, 0, 1;
    %assign/vec4 v0x13ffcdf60_0, 0;
    %jmp T_73.76;
T_73.22 ;
    %pushi/vec4 1, 0, 1;
    %assign/vec4 v0x13ff65380_0, 0;
    %pushi/vec4 1, 0, 1;
    %assign/vec4 v0x13ffdf330_0, 0;
    %pushi/vec4 4, 0, 5;
    %assign/vec4 v0x13ff9ab80_0, 0;
    %delay 500, 0;
    %pushi/vec4 1, 0, 1;
    %assign/vec4 v0x13ffbc190_0, 0;
    %delay 1000, 0;
    %pushi/vec4 0, 0, 1;
    %assign/vec4 v0x13ff65380_0, 0;
    %pushi/vec4 0, 0, 1;
    %assign/vec4 v0x13ffdf330_0, 0;
    %delay 500, 0;
    %pushi/vec4 0, 0, 1;
    %assign/vec4 v0x13ffbc190_0, 0;
    %jmp T_73.76;
T_73.23 ;
    %pushi/vec4 1, 0, 1;
    %assign/vec4 v0x13ffab180_0, 0;
    %delay 1000, 0;
    %pushi/vec4 1, 0, 1;
    %assign/vec4 v0x13ff673d0_0, 0;
    %pushi/vec4 1, 0, 1;
    %assign/vec4 v0x13ffeffd0_0, 0;
    %pushi/vec4 1, 0, 1;
    %assign/vec4 v0x13ff6f560_0, 0;
    %delay 1000, 0;
    %pushi/vec4 0, 0, 1;
    %assign/vec4 v0x13ff673d0_0, 0;
    %pushi/vec4 0, 0, 1;
    %assign/vec4 v0x13ffeffd0_0, 0;
    %pushi/vec4 0, 0, 1;
    %assign/vec4 v0x13ffab180_0, 0;
    %pushi/vec4 0, 0, 1;
    %assign/vec4 v0x13ff6f560_0, 0;
    %jmp T_73.76;
T_73.24 ;
    %delay 500, 0;
    %pushi/vec4 1, 0, 1;
    %assign/vec4 v0x13ff663b0_0, 0;
    %pushi/vec4 1, 0, 1;
    %assign/vec4 v0x13ffdf330_0, 0;
    %pushi/vec4 1, 0, 1;
    %assign/vec4 v0x13ffcdf60_0, 0;
    %delay 1500, 0;
    %pushi/vec4 0, 0, 1;
    %assign/vec4 v0x13ff663b0_0, 0;
    %pushi/vec4 0, 0, 1;
    %assign/vec4 v0x13ffdf330_0, 0;
    %pushi/vec4 0, 0, 1;
    %assign/vec4 v0x13ffcdf60_0, 0;
    %jmp T_73.76;
T_73.25 ;
    %pushi/vec4 1, 0, 1;
    %assign/vec4 v0x13ff673d0_0, 0;
    %pushi/vec4 1, 0, 1;
    %assign/vec4 v0x13ffdf330_0, 0;
    %pushi/vec4 16, 0, 5;
    %assign/vec4 v0x13ff9ab80_0, 0;
    %delay 500, 0;
    %pushi/vec4 1, 0, 1;
    %assign/vec4 v0x13ffbc190_0, 0;
    %delay 1000, 0;
    %pushi/vec4 0, 0, 1;
    %assign/vec4 v0x13ff673d0_0, 0;
    %pushi/vec4 0, 0, 1;
    %assign/vec4 v0x13ffdf330_0, 0;
    %delay 500, 0;
    %pushi/vec4 0, 0, 1;
    %assign/vec4 v0x13ffbc190_0, 0;
    %jmp T_73.76;
T_73.26 ;
    %delay 500, 0;
    %pushi/vec4 1, 0, 1;
    %assign/vec4 v0x13ffab180_0, 0;
    %pushi/vec4 1, 0, 1;
    %assign/vec4 v0x13ff6f560_0, 0;
    %delay 1500, 0;
    %pushi/vec4 0, 0, 1;
    %assign/vec4 v0x13ffab180_0, 0;
    %pushi/vec4 0, 0, 1;
    %assign/vec4 v0x13ff6f560_0, 0;
    %jmp T_73.76;
T_73.27 ;
    %delay 500, 0;
    %pushi/vec4 1, 0, 1;
    %assign/vec4 v0x13ffbcf20_0, 0;
    %pushi/vec4 1, 0, 1;
    %assign/vec4 v0x13ff725f0_0, 0;
    %delay 1500, 0;
    %pushi/vec4 0, 0, 1;
    %assign/vec4 v0x13ffbcf20_0, 0;
    %pushi/vec4 0, 0, 1;
    %assign/vec4 v0x13ff725f0_0, 0;
    %jmp T_73.76;
T_73.28 ;
    %delay 500, 0;
    %pushi/vec4 1, 0, 1;
    %assign/vec4 v0x13ff673d0_0, 0;
    %pushi/vec4 1, 0, 1;
    %assign/vec4 v0x13ffdf330_0, 0;
    %pushi/vec4 1, 0, 1;
    %assign/vec4 v0x13ffcdf60_0, 0;
    %delay 1500, 0;
    %pushi/vec4 0, 0, 1;
    %assign/vec4 v0x13ff673d0_0, 0;
    %pushi/vec4 0, 0, 1;
    %assign/vec4 v0x13ffdf330_0, 0;
    %pushi/vec4 0, 0, 1;
    %assign/vec4 v0x13ffcdf60_0, 0;
    %jmp T_73.76;
T_73.29 ;
    %pushi/vec4 1, 0, 1;
    %assign/vec4 v0x13ff663b0_0, 0;
    %pushi/vec4 1, 0, 1;
    %assign/vec4 v0x13ffdf330_0, 0;
    %pushi/vec4 15, 0, 5;
    %assign/vec4 v0x13ff9ab80_0, 0;
    %delay 500, 0;
    %pushi/vec4 1, 0, 1;
    %assign/vec4 v0x13ffbc190_0, 0;
    %delay 1000, 0;
    %pushi/vec4 0, 0, 1;
    %assign/vec4 v0x13ff663b0_0, 0;
    %pushi/vec4 0, 0, 1;
    %assign/vec4 v0x13ffdf330_0, 0;
    %delay 500, 0;
    %pushi/vec4 0, 0, 1;
    %assign/vec4 v0x13ffbc190_0, 0;
    %jmp T_73.76;
T_73.30 ;
    %delay 500, 0;
    %pushi/vec4 1, 0, 1;
    %assign/vec4 v0x13ffab180_0, 0;
    %pushi/vec4 1, 0, 1;
    %assign/vec4 v0x13ff6f560_0, 0;
    %delay 1500, 0;
    %pushi/vec4 0, 0, 1;
    %assign/vec4 v0x13ffab180_0, 0;
    %pushi/vec4 0, 0, 1;
    %assign/vec4 v0x13ff6f560_0, 0;
    %jmp T_73.76;
T_73.31 ;
    %delay 500, 0;
    %pushi/vec4 1, 0, 1;
    %assign/vec4 v0x13ffbcf20_0, 0;
    %pushi/vec4 1, 0, 1;
    %assign/vec4 v0x13ff725f0_0, 0;
    %delay 1500, 0;
    %pushi/vec4 0, 0, 1;
    %assign/vec4 v0x13ffbcf20_0, 0;
    %pushi/vec4 0, 0, 1;
    %assign/vec4 v0x13ff725f0_0, 0;
    %jmp T_73.76;
T_73.32 ;
    %delay 500, 0;
    %pushi/vec4 1, 0, 1;
    %assign/vec4 v0x13ff663b0_0, 0;
    %pushi/vec4 1, 0, 1;
    %assign/vec4 v0x13ffdf330_0, 0;
    %pushi/vec4 1, 0, 1;
    %assign/vec4 v0x13ffcdf60_0, 0;
    %delay 1500, 0;
    %pushi/vec4 0, 0, 1;
    %assign/vec4 v0x13ff663b0_0, 0;
    %pushi/vec4 0, 0, 1;
    %assign/vec4 v0x13ffdf330_0, 0;
    %pushi/vec4 0, 0, 1;
    %assign/vec4 v0x13ffcdf60_0, 0;
    %jmp T_73.76;
T_73.33 ;
    %pushi/vec4 1, 0, 1;
    %assign/vec4 v0x13ff65380_0, 0;
    %pushi/vec4 1, 0, 1;
    %assign/vec4 v0x13ffdf330_0, 0;
    %pushi/vec4 6, 0, 5;
    %assign/vec4 v0x13ff9ab80_0, 0;
    %delay 500, 0;
    %pushi/vec4 1, 0, 1;
    %assign/vec4 v0x13ffbc190_0, 0;
    %delay 1000, 0;
    %pushi/vec4 0, 0, 1;
    %assign/vec4 v0x13ff65380_0, 0;
    %pushi/vec4 0, 0, 1;
    %assign/vec4 v0x13ffdf330_0, 0;
    %delay 500, 0;
    %pushi/vec4 0, 0, 1;
    %assign/vec4 v0x13ffbc190_0, 0;
    %jmp T_73.76;
T_73.34 ;
    %pushi/vec4 1, 0, 1;
    %assign/vec4 v0x13ffab180_0, 0;
    %delay 1000, 0;
    %pushi/vec4 1, 0, 1;
    %assign/vec4 v0x13ff673d0_0, 0;
    %pushi/vec4 1, 0, 1;
    %assign/vec4 v0x13ffeffd0_0, 0;
    %pushi/vec4 1, 0, 1;
    %assign/vec4 v0x13ff6f560_0, 0;
    %delay 1000, 0;
    %pushi/vec4 0, 0, 1;
    %assign/vec4 v0x13ff673d0_0, 0;
    %pushi/vec4 0, 0, 1;
    %assign/vec4 v0x13ffeffd0_0, 0;
    %pushi/vec4 0, 0, 1;
    %assign/vec4 v0x13ffab180_0, 0;
    %pushi/vec4 0, 0, 1;
    %assign/vec4 v0x13ff6f560_0, 0;
    %jmp T_73.76;
T_73.35 ;
    %delay 500, 0;
    %pushi/vec4 1, 0, 1;
    %assign/vec4 v0x13ff663b0_0, 0;
    %pushi/vec4 1, 0, 1;
    %assign/vec4 v0x13ffdf330_0, 0;
    %pushi/vec4 1, 0, 1;
    %assign/vec4 v0x13ffcdf60_0, 0;
    %delay 1500, 0;
    %pushi/vec4 0, 0, 1;
    %assign/vec4 v0x13ff663b0_0, 0;
    %pushi/vec4 0, 0, 1;
    %assign/vec4 v0x13ffdf330_0, 0;
    %pushi/vec4 0, 0, 1;
    %assign/vec4 v0x13ffcdf60_0, 0;
    %jmp T_73.76;
T_73.36 ;
    %pushi/vec4 1, 0, 1;
    %assign/vec4 v0x13ff65380_0, 0;
    %pushi/vec4 1, 0, 1;
    %assign/vec4 v0x13ffdf330_0, 0;
    %pushi/vec4 5, 0, 5;
    %assign/vec4 v0x13ff9ab80_0, 0;
    %delay 500, 0;
    %pushi/vec4 1, 0, 1;
    %assign/vec4 v0x13ffbc190_0, 0;
    %delay 1000, 0;
    %pushi/vec4 0, 0, 1;
    %assign/vec4 v0x13ff65380_0, 0;
    %pushi/vec4 0, 0, 1;
    %assign/vec4 v0x13ffdf330_0, 0;
    %delay 500, 0;
    %pushi/vec4 0, 0, 1;
    %assign/vec4 v0x13ffbc190_0, 0;
    %jmp T_73.76;
T_73.37 ;
    %pushi/vec4 1, 0, 1;
    %assign/vec4 v0x13ffab180_0, 0;
    %delay 1000, 0;
    %pushi/vec4 1, 0, 1;
    %assign/vec4 v0x13ff673d0_0, 0;
    %pushi/vec4 1, 0, 1;
    %assign/vec4 v0x13ffeffd0_0, 0;
    %pushi/vec4 1, 0, 1;
    %assign/vec4 v0x13ff6f560_0, 0;
    %delay 1000, 0;
    %pushi/vec4 0, 0, 1;
    %assign/vec4 v0x13ff673d0_0, 0;
    %pushi/vec4 0, 0, 1;
    %assign/vec4 v0x13ffeffd0_0, 0;
    %pushi/vec4 0, 0, 1;
    %assign/vec4 v0x13ffab180_0, 0;
    %pushi/vec4 0, 0, 1;
    %assign/vec4 v0x13ff6f560_0, 0;
    %jmp T_73.76;
T_73.38 ;
    %delay 500, 0;
    %pushi/vec4 1, 0, 1;
    %assign/vec4 v0x13ff663b0_0, 0;
    %pushi/vec4 1, 0, 1;
    %assign/vec4 v0x13ffdf330_0, 0;
    %pushi/vec4 1, 0, 1;
    %assign/vec4 v0x13ffcdf60_0, 0;
    %delay 1500, 0;
    %pushi/vec4 0, 0, 1;
    %assign/vec4 v0x13ff663b0_0, 0;
    %pushi/vec4 0, 0, 1;
    %assign/vec4 v0x13ffdf330_0, 0;
    %pushi/vec4 0, 0, 1;
    %assign/vec4 v0x13ffcdf60_0, 0;
    %jmp T_73.76;
T_73.39 ;
    %pushi/vec4 1, 0, 1;
    %assign/vec4 v0x14fffd560_0, 0;
    %pushi/vec4 6, 0, 5;
    %assign/vec4 v0x13ff9ab80_0, 0;
    %delay 500, 0;
    %pushi/vec4 1, 0, 1;
    %assign/vec4 v0x13ffbc190_0, 0;
    %delay 1000, 0;
    %pushi/vec4 0, 0, 1;
    %assign/vec4 v0x14fffd560_0, 0;
    %delay 500, 0;
    %pushi/vec4 0, 0, 1;
    %assign/vec4 v0x13ffbc190_0, 0;
    %jmp T_73.76;
T_73.40 ;
    %pushi/vec4 1, 0, 1;
    %assign/vec4 v0x13ffab180_0, 0;
    %delay 1000, 0;
    %pushi/vec4 1, 0, 1;
    %assign/vec4 v0x13ff673d0_0, 0;
    %pushi/vec4 1, 0, 1;
    %assign/vec4 v0x13ffeffd0_0, 0;
    %pushi/vec4 1, 0, 1;
    %assign/vec4 v0x13ff6f560_0, 0;
    %delay 1000, 0;
    %pushi/vec4 0, 0, 1;
    %assign/vec4 v0x13ff673d0_0, 0;
    %pushi/vec4 0, 0, 1;
    %assign/vec4 v0x13ffeffd0_0, 0;
    %pushi/vec4 0, 0, 1;
    %assign/vec4 v0x13ffab180_0, 0;
    %pushi/vec4 0, 0, 1;
    %assign/vec4 v0x13ff6f560_0, 0;
    %jmp T_73.76;
T_73.41 ;
    %delay 500, 0;
    %pushi/vec4 1, 0, 1;
    %assign/vec4 v0x13ff663b0_0, 0;
    %pushi/vec4 1, 0, 1;
    %assign/vec4 v0x13ffdf330_0, 0;
    %pushi/vec4 1, 0, 1;
    %assign/vec4 v0x13ffcdf60_0, 0;
    %delay 1500, 0;
    %pushi/vec4 0, 0, 1;
    %assign/vec4 v0x13ff663b0_0, 0;
    %pushi/vec4 0, 0, 1;
    %assign/vec4 v0x13ffdf330_0, 0;
    %pushi/vec4 0, 0, 1;
    %assign/vec4 v0x13ffcdf60_0, 0;
    %jmp T_73.76;
T_73.42 ;
    %pushi/vec4 1, 0, 1;
    %assign/vec4 v0x14fffd560_0, 0;
    %pushi/vec4 3, 0, 5;
    %assign/vec4 v0x13ff9ab80_0, 0;
    %delay 500, 0;
    %pushi/vec4 1, 0, 1;
    %assign/vec4 v0x13ffbc190_0, 0;
    %delay 1000, 0;
    %pushi/vec4 0, 0, 1;
    %assign/vec4 v0x14fffd560_0, 0;
    %delay 500, 0;
    %pushi/vec4 0, 0, 1;
    %assign/vec4 v0x13ffbc190_0, 0;
    %jmp T_73.76;
T_73.43 ;
    %pushi/vec4 1, 0, 1;
    %assign/vec4 v0x13ffab180_0, 0;
    %delay 1000, 0;
    %pushi/vec4 1, 0, 1;
    %assign/vec4 v0x13ff673d0_0, 0;
    %pushi/vec4 1, 0, 1;
    %assign/vec4 v0x13ffeffd0_0, 0;
    %pushi/vec4 1, 0, 1;
    %assign/vec4 v0x13ff6f560_0, 0;
    %delay 1000, 0;
    %pushi/vec4 0, 0, 1;
    %assign/vec4 v0x13ff673d0_0, 0;
    %pushi/vec4 0, 0, 1;
    %assign/vec4 v0x13ffeffd0_0, 0;
    %pushi/vec4 0, 0, 1;
    %assign/vec4 v0x13ffab180_0, 0;
    %pushi/vec4 0, 0, 1;
    %assign/vec4 v0x13ff6f560_0, 0;
    %jmp T_73.76;
T_73.44 ;
    %pushi/vec4 1, 0, 1;
    %assign/vec4 v0x13ff663b0_0, 0;
    %pushi/vec4 1, 0, 1;
    %assign/vec4 v0x13ffdf330_0, 0;
    %pushi/vec4 17, 0, 5;
    %assign/vec4 v0x13ff9ab80_0, 0;
    %delay 500, 0;
    %pushi/vec4 1, 0, 1;
    %assign/vec4 v0x13ffbc190_0, 0;
    %delay 1000, 0;
    %pushi/vec4 0, 0, 1;
    %assign/vec4 v0x13ff663b0_0, 0;
    %pushi/vec4 0, 0, 1;
    %assign/vec4 v0x13ffdf330_0, 0;
    %delay 500, 0;
    %pushi/vec4 0, 0, 1;
    %assign/vec4 v0x13ffbc190_0, 0;
    %jmp T_73.76;
T_73.45 ;
    %pushi/vec4 1, 0, 1;
    %assign/vec4 v0x13ffab180_0, 0;
    %delay 1000, 0;
    %pushi/vec4 1, 0, 1;
    %assign/vec4 v0x13ff673d0_0, 0;
    %pushi/vec4 1, 0, 1;
    %assign/vec4 v0x13ffeffd0_0, 0;
    %pushi/vec4 1, 0, 1;
    %assign/vec4 v0x13ff6f560_0, 0;
    %delay 1000, 0;
    %pushi/vec4 0, 0, 1;
    %assign/vec4 v0x13ff673d0_0, 0;
    %pushi/vec4 0, 0, 1;
    %assign/vec4 v0x13ffeffd0_0, 0;
    %pushi/vec4 0, 0, 1;
    %assign/vec4 v0x13ffab180_0, 0;
    %pushi/vec4 0, 0, 1;
    %assign/vec4 v0x13ff6f560_0, 0;
    %jmp T_73.76;
T_73.46 ;
    %pushi/vec4 1, 0, 1;
    %assign/vec4 v0x13ff663b0_0, 0;
    %pushi/vec4 1, 0, 1;
    %assign/vec4 v0x13ffdf330_0, 0;
    %pushi/vec4 18, 0, 5;
    %assign/vec4 v0x13ff9ab80_0, 0;
    %delay 500, 0;
    %pushi/vec4 1, 0, 1;
    %assign/vec4 v0x13ffbc190_0, 0;
    %delay 1000, 0;
    %pushi/vec4 0, 0, 1;
    %assign/vec4 v0x13ff663b0_0, 0;
    %pushi/vec4 0, 0, 1;
    %assign/vec4 v0x13ffdf330_0, 0;
    %delay 500, 0;
    %pushi/vec4 0, 0, 1;
    %assign/vec4 v0x13ffbc190_0, 0;
    %jmp T_73.76;
T_73.47 ;
    %pushi/vec4 1, 0, 1;
    %assign/vec4 v0x13ffab180_0, 0;
    %delay 1000, 0;
    %pushi/vec4 1, 0, 1;
    %assign/vec4 v0x13ff673d0_0, 0;
    %pushi/vec4 1, 0, 1;
    %assign/vec4 v0x13ffeffd0_0, 0;
    %pushi/vec4 1, 0, 1;
    %assign/vec4 v0x13ff6f560_0, 0;
    %delay 1000, 0;
    %pushi/vec4 0, 0, 1;
    %assign/vec4 v0x13ff673d0_0, 0;
    %pushi/vec4 0, 0, 1;
    %assign/vec4 v0x13ffeffd0_0, 0;
    %pushi/vec4 0, 0, 1;
    %assign/vec4 v0x13ffab180_0, 0;
    %pushi/vec4 0, 0, 1;
    %assign/vec4 v0x13ff6f560_0, 0;
    %jmp T_73.76;
T_73.48 ;
    %delay 500, 0;
    %pushi/vec4 1, 0, 1;
    %assign/vec4 v0x13ff663b0_0, 0;
    %pushi/vec4 1, 0, 1;
    %assign/vec4 v0x13ffdf330_0, 0;
    %pushi/vec4 1, 0, 1;
    %assign/vec4 v0x13ffcdf60_0, 0;
    %delay 1500, 0;
    %pushi/vec4 0, 0, 1;
    %assign/vec4 v0x13ff663b0_0, 0;
    %pushi/vec4 0, 0, 1;
    %assign/vec4 v0x13ffdf330_0, 0;
    %pushi/vec4 0, 0, 1;
    %assign/vec4 v0x13ffcdf60_0, 0;
    %jmp T_73.76;
T_73.49 ;
    %pushi/vec4 1, 0, 1;
    %assign/vec4 v0x14fffd560_0, 0;
    %pushi/vec4 5, 0, 5;
    %assign/vec4 v0x13ff9ab80_0, 0;
    %delay 500, 0;
    %pushi/vec4 1, 0, 1;
    %assign/vec4 v0x13ffbc190_0, 0;
    %delay 1000, 0;
    %pushi/vec4 0, 0, 1;
    %assign/vec4 v0x14fffd560_0, 0;
    %delay 500, 0;
    %pushi/vec4 0, 0, 1;
    %assign/vec4 v0x13ffbc190_0, 0;
    %jmp T_73.76;
T_73.50 ;
    %pushi/vec4 1, 0, 1;
    %assign/vec4 v0x13ffab180_0, 0;
    %delay 1000, 0;
    %pushi/vec4 1, 0, 1;
    %assign/vec4 v0x13ff673d0_0, 0;
    %pushi/vec4 1, 0, 1;
    %assign/vec4 v0x13ffeffd0_0, 0;
    %pushi/vec4 1, 0, 1;
    %assign/vec4 v0x13ff6f560_0, 0;
    %delay 1000, 0;
    %pushi/vec4 0, 0, 1;
    %assign/vec4 v0x13ff673d0_0, 0;
    %pushi/vec4 0, 0, 1;
    %assign/vec4 v0x13ffeffd0_0, 0;
    %pushi/vec4 0, 0, 1;
    %assign/vec4 v0x13ffab180_0, 0;
    %pushi/vec4 0, 0, 1;
    %assign/vec4 v0x13ff6f560_0, 0;
    %jmp T_73.76;
T_73.51 ;
    %delay 500, 0;
    %pushi/vec4 1, 0, 1;
    %assign/vec4 v0x13ff663b0_0, 0;
    %pushi/vec4 1, 0, 1;
    %assign/vec4 v0x13ffdf330_0, 0;
    %pushi/vec4 1, 0, 1;
    %assign/vec4 v0x13ffcdf60_0, 0;
    %delay 1500, 0;
    %pushi/vec4 0, 0, 1;
    %assign/vec4 v0x13ff663b0_0, 0;
    %pushi/vec4 0, 0, 1;
    %assign/vec4 v0x13ffdf330_0, 0;
    %pushi/vec4 0, 0, 1;
    %assign/vec4 v0x13ffcdf60_0, 0;
    %jmp T_73.76;
T_73.52 ;
    %pushi/vec4 1, 0, 1;
    %assign/vec4 v0x13ff65380_0, 0;
    %pushi/vec4 1, 0, 1;
    %assign/vec4 v0x13ffdf330_0, 0;
    %pushi/vec4 7, 0, 5;
    %assign/vec4 v0x13ff9ab80_0, 0;
    %delay 500, 0;
    %pushi/vec4 1, 0, 1;
    %assign/vec4 v0x13ffbc190_0, 0;
    %delay 1000, 0;
    %pushi/vec4 0, 0, 1;
    %assign/vec4 v0x13ff65380_0, 0;
    %pushi/vec4 0, 0, 1;
    %assign/vec4 v0x13ffdf330_0, 0;
    %delay 500, 0;
    %pushi/vec4 0, 0, 1;
    %assign/vec4 v0x13ffbc190_0, 0;
    %jmp T_73.76;
T_73.53 ;
    %pushi/vec4 1, 0, 1;
    %assign/vec4 v0x13ffab180_0, 0;
    %delay 1000, 0;
    %pushi/vec4 1, 0, 1;
    %assign/vec4 v0x13ff673d0_0, 0;
    %pushi/vec4 1, 0, 1;
    %assign/vec4 v0x13ffeffd0_0, 0;
    %pushi/vec4 1, 0, 1;
    %assign/vec4 v0x13ff6f560_0, 0;
    %delay 1000, 0;
    %pushi/vec4 0, 0, 1;
    %assign/vec4 v0x13ff673d0_0, 0;
    %pushi/vec4 0, 0, 1;
    %assign/vec4 v0x13ffeffd0_0, 0;
    %pushi/vec4 0, 0, 1;
    %assign/vec4 v0x13ffab180_0, 0;
    %pushi/vec4 0, 0, 1;
    %assign/vec4 v0x13ff6f560_0, 0;
    %jmp T_73.76;
T_73.54 ;
    %delay 500, 0;
    %pushi/vec4 1, 0, 1;
    %assign/vec4 v0x13ff663b0_0, 0;
    %pushi/vec4 1, 0, 1;
    %assign/vec4 v0x13ffdf330_0, 0;
    %pushi/vec4 1, 0, 1;
    %assign/vec4 v0x13ffcdf60_0, 0;
    %delay 1500, 0;
    %pushi/vec4 0, 0, 1;
    %assign/vec4 v0x13ff663b0_0, 0;
    %pushi/vec4 0, 0, 1;
    %assign/vec4 v0x13ffdf330_0, 0;
    %pushi/vec4 0, 0, 1;
    %assign/vec4 v0x13ffcdf60_0, 0;
    %jmp T_73.76;
T_73.55 ;
    %pushi/vec4 1, 0, 1;
    %assign/vec4 v0x13ff65380_0, 0;
    %pushi/vec4 1, 0, 1;
    %assign/vec4 v0x13ffdf330_0, 0;
    %pushi/vec4 8, 0, 5;
    %assign/vec4 v0x13ff9ab80_0, 0;
    %delay 500, 0;
    %pushi/vec4 1, 0, 1;
    %assign/vec4 v0x13ffbc190_0, 0;
    %delay 1000, 0;
    %pushi/vec4 0, 0, 1;
    %assign/vec4 v0x13ff65380_0, 0;
    %pushi/vec4 0, 0, 1;
    %assign/vec4 v0x13ffdf330_0, 0;
    %delay 500, 0;
    %pushi/vec4 0, 0, 1;
    %assign/vec4 v0x13ffbc190_0, 0;
    %jmp T_73.76;
T_73.56 ;
    %pushi/vec4 1, 0, 1;
    %assign/vec4 v0x13ffab180_0, 0;
    %delay 1000, 0;
    %pushi/vec4 1, 0, 1;
    %assign/vec4 v0x13ff673d0_0, 0;
    %pushi/vec4 1, 0, 1;
    %assign/vec4 v0x13ffeffd0_0, 0;
    %pushi/vec4 1, 0, 1;
    %assign/vec4 v0x13ff6f560_0, 0;
    %delay 1000, 0;
    %pushi/vec4 0, 0, 1;
    %assign/vec4 v0x13ff673d0_0, 0;
    %pushi/vec4 0, 0, 1;
    %assign/vec4 v0x13ffeffd0_0, 0;
    %pushi/vec4 0, 0, 1;
    %assign/vec4 v0x13ffab180_0, 0;
    %pushi/vec4 0, 0, 1;
    %assign/vec4 v0x13ff6f560_0, 0;
    %jmp T_73.76;
T_73.57 ;
    %delay 500, 0;
    %pushi/vec4 1, 0, 1;
    %assign/vec4 v0x13ff663b0_0, 0;
    %pushi/vec4 1, 0, 1;
    %assign/vec4 v0x13ffdf330_0, 0;
    %pushi/vec4 1, 0, 1;
    %assign/vec4 v0x13ffcdf60_0, 0;
    %delay 1500, 0;
    %pushi/vec4 0, 0, 1;
    %assign/vec4 v0x13ff663b0_0, 0;
    %pushi/vec4 0, 0, 1;
    %assign/vec4 v0x13ffdf330_0, 0;
    %pushi/vec4 0, 0, 1;
    %assign/vec4 v0x13ffcdf60_0, 0;
    %jmp T_73.76;
T_73.58 ;
    %pushi/vec4 1, 0, 1;
    %assign/vec4 v0x13ff65380_0, 0;
    %pushi/vec4 1, 0, 1;
    %assign/vec4 v0x13ffdf330_0, 0;
    %pushi/vec4 11, 0, 5;
    %assign/vec4 v0x13ff9ab80_0, 0;
    %delay 500, 0;
    %pushi/vec4 1, 0, 1;
    %assign/vec4 v0x13ffbc190_0, 0;
    %delay 1000, 0;
    %pushi/vec4 0, 0, 1;
    %assign/vec4 v0x13ff65380_0, 0;
    %pushi/vec4 0, 0, 1;
    %assign/vec4 v0x13ffdf330_0, 0;
    %delay 500, 0;
    %pushi/vec4 0, 0, 1;
    %assign/vec4 v0x13ffbc190_0, 0;
    %jmp T_73.76;
T_73.59 ;
    %pushi/vec4 1, 0, 1;
    %assign/vec4 v0x13ffab180_0, 0;
    %delay 1000, 0;
    %pushi/vec4 1, 0, 1;
    %assign/vec4 v0x13ff673d0_0, 0;
    %pushi/vec4 1, 0, 1;
    %assign/vec4 v0x13ffeffd0_0, 0;
    %pushi/vec4 1, 0, 1;
    %assign/vec4 v0x13ff6f560_0, 0;
    %delay 1000, 0;
    %pushi/vec4 0, 0, 1;
    %assign/vec4 v0x13ff673d0_0, 0;
    %pushi/vec4 0, 0, 1;
    %assign/vec4 v0x13ffeffd0_0, 0;
    %pushi/vec4 0, 0, 1;
    %assign/vec4 v0x13ffab180_0, 0;
    %pushi/vec4 0, 0, 1;
    %assign/vec4 v0x13ff6f560_0, 0;
    %jmp T_73.76;
T_73.60 ;
    %delay 500, 0;
    %pushi/vec4 1, 0, 1;
    %assign/vec4 v0x13ff663b0_0, 0;
    %pushi/vec4 1, 0, 1;
    %assign/vec4 v0x13ffdf330_0, 0;
    %pushi/vec4 1, 0, 1;
    %assign/vec4 v0x13ffcdf60_0, 0;
    %delay 1500, 0;
    %pushi/vec4 0, 0, 1;
    %assign/vec4 v0x13ff663b0_0, 0;
    %pushi/vec4 0, 0, 1;
    %assign/vec4 v0x13ffdf330_0, 0;
    %pushi/vec4 0, 0, 1;
    %assign/vec4 v0x13ffcdf60_0, 0;
    %jmp T_73.76;
T_73.61 ;
    %pushi/vec4 1, 0, 1;
    %assign/vec4 v0x13ff65380_0, 0;
    %pushi/vec4 1, 0, 1;
    %assign/vec4 v0x13ffdf330_0, 0;
    %load/vec4 v0x13ff715c0_0;
    %parti/s 5, 27, 6;
    %cmpi/e 10, 0, 5;
    %jmp/0xz  T_73.79, 4;
    %pushi/vec4 10, 0, 5;
    %assign/vec4 v0x13ff9ab80_0, 0;
    %jmp T_73.80;
T_73.79 ;
    %load/vec4 v0x13ff715c0_0;
    %parti/s 5, 27, 6;
    %cmpi/e 9, 0, 5;
    %jmp/0xz  T_73.81, 4;
    %pushi/vec4 9, 0, 5;
    %assign/vec4 v0x13ff9ab80_0, 0;
T_73.81 ;
T_73.80 ;
    %delay 500, 0;
    %pushi/vec4 1, 0, 1;
    %assign/vec4 v0x13ffbc190_0, 0;
    %delay 1000, 0;
    %pushi/vec4 0, 0, 1;
    %assign/vec4 v0x13ff65380_0, 0;
    %pushi/vec4 0, 0, 1;
    %assign/vec4 v0x13ffdf330_0, 0;
    %delay 500, 0;
    %pushi/vec4 0, 0, 1;
    %assign/vec4 v0x13ffbc190_0, 0;
    %jmp T_73.76;
T_73.62 ;
    %pushi/vec4 1, 0, 1;
    %assign/vec4 v0x13ffab180_0, 0;
    %delay 1000, 0;
    %pushi/vec4 1, 0, 1;
    %assign/vec4 v0x13ff673d0_0, 0;
    %pushi/vec4 1, 0, 1;
    %assign/vec4 v0x13ffeffd0_0, 0;
    %pushi/vec4 1, 0, 1;
    %assign/vec4 v0x13ff6f560_0, 0;
    %delay 1000, 0;
    %pushi/vec4 0, 0, 1;
    %assign/vec4 v0x13ff673d0_0, 0;
    %pushi/vec4 0, 0, 1;
    %assign/vec4 v0x13ffeffd0_0, 0;
    %pushi/vec4 0, 0, 1;
    %assign/vec4 v0x13ffab180_0, 0;
    %pushi/vec4 0, 0, 1;
    %assign/vec4 v0x13ff6f560_0, 0;
    %jmp T_73.76;
T_73.63 ;
    %pushi/vec4 1, 0, 1;
    %assign/vec4 v0x13ff663b0_0, 0;
    %pushi/vec4 1, 0, 1;
    %assign/vec4 v0x14ff91380_0, 0;
    %delay 500, 0;
    %pushi/vec4 1, 0, 1;
    %assign/vec4 v0x13ffcdf60_0, 0;
    %delay 500, 0;
    %pushi/vec4 0, 0, 1;
    %assign/vec4 v0x13ff663b0_0, 0;
    %delay 1000, 0;
    %pushi/vec4 0, 0, 1;
    %assign/vec4 v0x13ffcdf60_0, 0;
    %pushi/vec4 0, 0, 1;
    %assign/vec4 v0x14ff91380_0, 0;
    %jmp T_73.76;
T_73.64 ;
    %pushi/vec4 1, 0, 1;
    %assign/vec4 v0x14fffd560_0, 0;
    %pushi/vec4 3, 0, 5;
    %assign/vec4 v0x13ff9ab80_0, 0;
    %delay 500, 0;
    %pushi/vec4 1, 0, 1;
    %assign/vec4 v0x13ffbc190_0, 0;
    %delay 1500, 0;
    %pushi/vec4 0, 0, 1;
    %assign/vec4 v0x14fffd560_0, 0;
    %pushi/vec4 0, 0, 1;
    %assign/vec4 v0x13ffbc190_0, 0;
    %jmp T_73.76;
T_73.65 ;
    %delay 500, 0;
    %pushi/vec4 1, 0, 1;
    %assign/vec4 v0x13ffab180_0, 0;
    %pushi/vec4 1, 0, 1;
    %assign/vec4 v0x13ff6d500_0, 0;
    %delay 1500, 0;
    %pushi/vec4 0, 0, 1;
    %assign/vec4 v0x13ffab180_0, 0;
    %pushi/vec4 0, 0, 1;
    %assign/vec4 v0x13ff6d500_0, 0;
    %jmp T_73.76;
T_73.66 ;
    %delay 500, 0;
    %pushi/vec4 1, 0, 1;
    %assign/vec4 v0x13ff673d0_0, 0;
    %pushi/vec4 1, 0, 1;
    %assign/vec4 v0x13ffdf330_0, 0;
    %pushi/vec4 1, 0, 1;
    %assign/vec4 v0x13ff6c4d0_0, 0;
    %delay 1500, 0;
    %pushi/vec4 0, 0, 1;
    %assign/vec4 v0x13ff673d0_0, 0;
    %pushi/vec4 0, 0, 1;
    %assign/vec4 v0x13ffdf330_0, 0;
    %pushi/vec4 0, 0, 1;
    %assign/vec4 v0x13ff6c4d0_0, 0;
    %jmp T_73.76;
T_73.67 ;
    %delay 500, 0;
    %pushi/vec4 1, 0, 1;
    %assign/vec4 v0x13ff6a450_0, 0;
    %pushi/vec4 1, 0, 1;
    %assign/vec4 v0x13ffef930_0, 0;
    %delay 1500, 0;
    %pushi/vec4 0, 0, 1;
    %assign/vec4 v0x13ff6a450_0, 0;
    %pushi/vec4 0, 0, 1;
    %assign/vec4 v0x13ffef930_0, 0;
    %jmp T_73.76;
T_73.68 ;
    %delay 500, 0;
    %pushi/vec4 1, 0, 1;
    %assign/vec4 v0x13ff643a0_0, 0;
    %pushi/vec4 1, 0, 1;
    %assign/vec4 v0x13ff673d0_0, 0;
    %delay 500, 0;
    %pushi/vec4 1, 0, 1;
    %assign/vec4 v0x13ffeffd0_0, 0;
    %delay 500, 0;
    %delay 500, 0;
    %pushi/vec4 0, 0, 1;
    %assign/vec4 v0x13ff643a0_0, 0;
    %pushi/vec4 0, 0, 1;
    %assign/vec4 v0x13ff673d0_0, 0;
    %pushi/vec4 0, 0, 1;
    %assign/vec4 v0x13ffeffd0_0, 0;
    %jmp T_73.76;
T_73.69 ;
    %delay 500, 0;
    %pushi/vec4 1, 0, 1;
    %assign/vec4 v0x13ff6e530_0, 0;
    %pushi/vec4 1, 0, 1;
    %assign/vec4 v0x13ff673d0_0, 0;
    %delay 500, 0;
    %pushi/vec4 1, 0, 1;
    %assign/vec4 v0x13ffeffd0_0, 0;
    %delay 500, 0;
    %delay 500, 0;
    %pushi/vec4 0, 0, 1;
    %assign/vec4 v0x13ff6e530_0, 0;
    %pushi/vec4 0, 0, 1;
    %assign/vec4 v0x13ff673d0_0, 0;
    %pushi/vec4 0, 0, 1;
    %assign/vec4 v0x13ffeffd0_0, 0;
    %jmp T_73.76;
T_73.70 ;
    %pushi/vec4 1, 0, 1;
    %assign/vec4 v0x13ff741e0_0, 0;
    %delay 500, 0;
    %pushi/vec4 1, 0, 1;
    %assign/vec4 v0x13ff673d0_0, 0;
    %pushi/vec4 1, 0, 1;
    %assign/vec4 v0x13ffeffd0_0, 0;
    %delay 1500, 0;
    %pushi/vec4 0, 0, 1;
    %assign/vec4 v0x13ff741e0_0, 0;
    %pushi/vec4 0, 0, 1;
    %assign/vec4 v0x13ff673d0_0, 0;
    %pushi/vec4 0, 0, 1;
    %assign/vec4 v0x13ffeffd0_0, 0;
    %jmp T_73.76;
T_73.71 ;
    %pushi/vec4 1, 0, 1;
    %assign/vec4 v0x13ff663b0_0, 0;
    %pushi/vec4 1, 0, 1;
    %assign/vec4 v0x13ffdf330_0, 0;
    %delay 500, 0;
    %pushi/vec4 1, 0, 1;
    %assign/vec4 v0x13ff683f0_0, 0;
    %delay 1500, 0;
    %pushi/vec4 0, 0, 1;
    %assign/vec4 v0x13ff663b0_0, 0;
    %pushi/vec4 0, 0, 1;
    %assign/vec4 v0x13ffdf330_0, 0;
    %pushi/vec4 0, 0, 1;
    %assign/vec4 v0x13ff683f0_0, 0;
    %jmp T_73.76;
T_73.72 ;
    %pushi/vec4 1, 0, 1;
    %assign/vec4 v0x13ff673d0_0, 0;
    %pushi/vec4 1, 0, 1;
    %assign/vec4 v0x13ffdf330_0, 0;
    %delay 1000, 0;
    %pushi/vec4 1, 0, 1;
    %assign/vec4 v0x13ff683f0_0, 0;
    %delay 500, 0;
    %delay 500, 0;
    %pushi/vec4 0, 0, 1;
    %assign/vec4 v0x13ff673d0_0, 0;
    %pushi/vec4 0, 0, 1;
    %assign/vec4 v0x13ffdf330_0, 0;
    %pushi/vec4 0, 0, 1;
    %assign/vec4 v0x13ff683f0_0, 0;
    %jmp T_73.76;
T_73.73 ;
    %jmp T_73.76;
T_73.74 ;
    %pushi/vec4 0, 0, 1;
    %store/vec4 v0x13ffdefd0_0, 0, 1;
    %jmp T_73.76;
T_73.76 ;
    %pop/vec4 1;
    %jmp T_73;
    .thread T_73, $push;
    .scope S_0x13ff75140;
T_74 ;
    %pushi/vec4 0, 0, 1;
    %store/vec4 v0x14925b670_0, 0, 1;
    %pushi/vec4 1, 0, 1;
    %store/vec4 v0x13ff74f30_0, 0, 1;
    %delay 2000, 0;
    %pushi/vec4 0, 0, 1;
    %store/vec4 v0x13ff74f30_0, 0, 1;
    %end;
    .thread T_74;
    .scope S_0x13ff75140;
T_75 ;
    %pushi/vec4 0, 0, 1;
    %store/vec4 v0x13ff74fc0_0, 0, 1;
    %pushi/vec4 192, 0, 32;
    %assign/vec4 v0x14925b5a0_0, 0;
T_75.0 ;
    %delay 1000, 0;
    %load/vec4 v0x13ff74fc0_0;
    %inv;
    %store/vec4 v0x13ff74fc0_0, 0, 1;
    %jmp T_75.0;
    %end;
    .thread T_75;
    .scope S_0x13ff75140;
T_76 ;
    %vpi_call 2 29 "$dumpfile", "control_unit_tb.vcd" {0 0 0};
    %vpi_call 2 30 "$dumpvars" {0 0 0};
    %end;
    .thread T_76;
    .scope S_0x13ff75140;
T_77 ;
    %delay 12750000, 0;
    %vpi_call 2 35 "$display", "Simulation complete." {0 0 0};
    %vpi_call 2 36 "$finish" {0 0 0};
    %end;
    .thread T_77;
# The file index is used to find the file name in the following table.
:file_names 32;
    "N/A";
    "<interactive>";
    "control_unit_tb.v";
    "DataPath.v";
    "control_unit.v";
    "ALU.v";
    "collective_add.v";
    "adder.v";
    "and_op.v";
    "non_restore_div.v";
    "boothMul.v";
    "neg.v";
    "not_op.v";
    "or_op.v";
    "rol.v";
    "ror.v";
    "shl.v";
    "shr.v";
    "shra.v";
    "subtract.v";
    "Bus.v";
    "conFF.v";
    "register.v";
    "In_port.v";
    "MAR.v";
    "MDR.v";
    "Out_port.v";
    "PC.v";
    "RAM.v";
    "R0.v";
    "Seven_Seg_Display_Out.v";
    "Select_Encode.v";
