#! /opt/homebrew/Cellar/icarus-verilog/12.0/bin/vvp
:ivl_version "12.0 (stable)";
:ivl_delay_selection "TYPICAL";
:vpi_time_precision - 11;
:vpi_module "/opt/homebrew/Cellar/icarus-verilog/12.0/lib/ivl/system.vpi";
:vpi_module "/opt/homebrew/Cellar/icarus-verilog/12.0/lib/ivl/vhdl_sys.vpi";
:vpi_module "/opt/homebrew/Cellar/icarus-verilog/12.0/lib/ivl/vhdl_textio.vpi";
:vpi_module "/opt/homebrew/Cellar/icarus-verilog/12.0/lib/ivl/v2005_math.vpi";
:vpi_module "/opt/homebrew/Cellar/icarus-verilog/12.0/lib/ivl/va_math.vpi";
S_0x146eff730 .scope module, "de_tb" "de_tb" 2 2;
 .timescale -9 -11;
P_0x1500d6d50 .param/l "Default" 0 2 15, C4<0000>;
P_0x1500d6d90 .param/l "Reg_load1a" 0 2 15, C4<0001>;
P_0x1500d6dd0 .param/l "Reg_load1b" 0 2 15, C4<0010>;
P_0x1500d6e10 .param/l "Reg_load1c" 0 2 15, C4<0011>;
P_0x1500d6e50 .param/l "Reg_load1d" 0 2 16, C4<0100>;
P_0x1500d6e90 .param/l "Reg_load1e" 0 2 16, C4<0101>;
P_0x1500d6ed0 .param/l "Reg_load1f" 0 2 16, C4<0110>;
P_0x1500d6f10 .param/l "T0" 0 2 16, C4<0111>;
P_0x1500d6f50 .param/l "T1" 0 2 17, C4<1000>;
P_0x1500d6f90 .param/l "T2" 0 2 17, C4<1001>;
P_0x1500d6fd0 .param/l "T3" 0 2 17, C4<1010>;
P_0x1500d7010 .param/l "T4" 0 2 17, C4<1011>;
P_0x1500d7050 .param/l "T5" 0 2 17, C4<1100>;
P_0x1500d7090 .param/l "T6" 0 2 17, C4<1101>;
P_0x1500d70d0 .param/l "T7" 0 2 18, C4<1110>;
v0x150243120_0 .var "BAout", 0 0;
v0x1502431c0_0 .var "Clear", 0 0;
v0x150243260_0 .var "Clock", 0 0;
v0x150243310_0 .var "Cout", 0 0;
v0x1502433a0_0 .var "Gra", 0 0;
v0x1502434b0_0 .var "Grb", 0 0;
v0x150243580_0 .var "Grc", 0 0;
v0x150243650_0 .var "HIin", 0 0;
v0x150243720_0 .var "HIout", 0 0;
v0x150243830_0 .var "IRin", 0 0;
v0x150243900_0 .var "In_Port_out", 0 0;
v0x1502439d0_0 .var "LOin", 0 0;
v0x150243a60_0 .var "LOout", 0 0;
v0x150243b30_0 .var "MARin", 0 0;
v0x150243c00_0 .var "MDRin", 0 0;
v0x150243cd0_0 .var "MDRout", 0 0;
v0x150243da0_0 .var "Mdatain", 31 0;
v0x150243f70_0 .var "PC", 31 0;
v0x150244000_0 .var "PC_tb_enable", 0 0;
v0x150244090_0 .var "PCin", 0 0;
v0x150244160_0 .var "PCout", 0 0;
v0x150244230_0 .var "Present_state", 3 0;
v0x1502442c0_0 .var "RAM_read", 0 0;
v0x150244390_0 .var "RAM_write", 0 0;
v0x150244460_0 .var "Read", 0 0;
v0x150244530_0 .var "Rin", 0 0;
v0x150244600_0 .var "Rout", 0 0;
v0x1502446d0_0 .var "Write", 0 0;
v0x150244760_0 .var "Yin", 0 0;
v0x1502447f0_0 .var "Z_high_out", 0 0;
v0x1502448c0_0 .var "Zin", 0 0;
v0x150244950_0 .var "Zlowout", 0 0;
v0x150244a20_0 .var "control", 4 0;
v0x150243e70_0 .var "in_enable", 15 0;
v0x150244cb0_0 .var "out_enable", 15 0;
E_0x146f79eb0 .event anyedge, v0x150244230_0;
S_0x146efe760 .scope module, "DUT" "DataPath" 2 21, 3 1 0, S_0x146eff730;
 .timescale -9 -11;
    .port_info 0 /INPUT 1 "Clock";
    .port_info 1 /INPUT 1 "Clear";
    .port_info 2 /INPUT 1 "Zin";
    .port_info 3 /INPUT 1 "PCin";
    .port_info 4 /INPUT 1 "MDRin";
    .port_info 5 /INPUT 1 "IRin";
    .port_info 6 /INPUT 1 "Yin";
    .port_info 7 /INPUT 1 "MARin";
    .port_info 8 /INPUT 1 "LOin";
    .port_info 9 /INPUT 1 "HIin";
    .port_info 10 /INPUT 1 "Read";
    .port_info 11 /INPUT 16 "in_enable";
    .port_info 12 /INPUT 16 "out_enable";
    .port_info 13 /INPUT 32 "Mdatain";
    .port_info 14 /INPUT 5 "control";
    .port_info 15 /INPUT 1 "PCout";
    .port_info 16 /INPUT 1 "MDRout";
    .port_info 17 /INPUT 1 "HIout";
    .port_info 18 /INPUT 1 "LOout";
    .port_info 19 /INPUT 1 "Z_high_out";
    .port_info 20 /INPUT 1 "Z_low_out";
    .port_info 21 /INPUT 1 "In_Port_out";
    .port_info 22 /INPUT 1 "Cout";
    .port_info 23 /INPUT 1 "RAM_read";
    .port_info 24 /INPUT 1 "RAM_write";
    .port_info 25 /INPUT 1 "Gra";
    .port_info 26 /INPUT 1 "Grb";
    .port_info 27 /INPUT 1 "Grc";
    .port_info 28 /INPUT 1 "Rin";
    .port_info 29 /INPUT 1 "Rout";
    .port_info 30 /INPUT 1 "BAout";
    .port_info 31 /INPUT 1 "PC_tb_enable";
    .port_info 32 /INPUT 32 "PC_tb_value";
P_0x146f9bba0 .param/l "DATA_WIDTH" 0 3 1, +C4<00000000000000000000000000100000>;
v0x150240110_0 .net "ALU_result", 63 0, v0x15022b5f0_0;  1 drivers
v0x1502401e0_0 .net "BAout", 0 0, v0x150243120_0;  1 drivers
v0x1502402b0_0 .net "BusMuxIn_MDR", 31 0, v0x150231fb0_0;  1 drivers
v0x150240340_0 .net "BusMuxOut", 31 0, v0x15022ed90_0;  1 drivers
v0x1502403d0_0 .net "C_sign_extended", 31 0, v0x15023e020_0;  1 drivers
v0x1502404e0_0 .net "Clear", 0 0, v0x1502431c0_0;  1 drivers
v0x150240570_0 .net "Clock", 0 0, v0x150243260_0;  1 drivers
v0x150240600_0 .net "Cout", 0 0, v0x150243310_0;  1 drivers
v0x1502406d0_0 .net "Data", 31 0, v0x150233480_0;  1 drivers
v0x1502407e0_0 .net "Gra", 0 0, v0x1502433a0_0;  1 drivers
v0x150240870_0 .net "Grb", 0 0, v0x1502434b0_0;  1 drivers
v0x150240900_0 .net "Grc", 0 0, v0x150243580_0;  1 drivers
v0x150240990_0 .net "HI", 31 0, L_0x150246790;  1 drivers
v0x150240a60_0 .net "HIin", 0 0, v0x150243650_0;  1 drivers
v0x150240af0_0 .net "HIout", 0 0, v0x150243720_0;  1 drivers
v0x150240b80_0 .net "IR", 31 0, L_0x1502463f0;  1 drivers
v0x150240c50_0 .net "IRin", 0 0, v0x150243830_0;  1 drivers
v0x150240de0_0 .net "In_Port", 31 0, L_0x150246870;  1 drivers
v0x150240e70_0 .net "In_Port_out", 0 0, v0x150243900_0;  1 drivers
v0x150240f00_0 .net "LO", 31 0, L_0x150246800;  1 drivers
v0x150240f90_0 .net "LOin", 0 0, v0x1502439d0_0;  1 drivers
v0x150241020_0 .net "LOout", 0 0, v0x150243a60_0;  1 drivers
v0x1502410d0_0 .net "MAR_address_out", 8 0, L_0x1502ac1d0;  1 drivers
v0x1502411a0_0 .net "MARin", 0 0, v0x150243b30_0;  1 drivers
v0x150241230_0 .net "MDRin", 0 0, v0x150243c00_0;  1 drivers
v0x1502412e0_0 .net "MDRout", 0 0, v0x150243cd0_0;  1 drivers
v0x150241390_0 .net "Mdatain", 31 0, v0x150243da0_0;  1 drivers
v0x150241440_0 .net "PC", 31 0, L_0x150246350;  1 drivers
v0x150241510_0 .net "PC_tb_enable", 0 0, v0x150244000_0;  1 drivers
v0x1502415a0_0 .net "PC_tb_value", 31 0, v0x150243f70_0;  1 drivers
v0x150241650_0 .net "PCin", 0 0, v0x150244090_0;  1 drivers
v0x150241700_0 .net "PCout", 0 0, v0x150244160_0;  1 drivers
v0x1502417b0_0 .net "R0", 31 0, L_0x150244d40;  1 drivers
v0x150240d20_0 .net "R1", 31 0, L_0x150244f40;  1 drivers
v0x150241a80_0 .net "R10", 31 0, L_0x150245a30;  1 drivers
v0x150241b50_0 .net "R11", 31 0, L_0x150245ba0;  1 drivers
v0x150241c20_0 .net "R12", 31 0, L_0x150245cd0;  1 drivers
v0x150241cf0_0 .net "R13", 31 0, L_0x150245e70;  1 drivers
v0x150241dc0_0 .net "R14", 31 0, L_0x150245fa0;  1 drivers
v0x150241e90_0 .net "R15", 31 0, L_0x150245e00;  1 drivers
v0x150241f60_0 .net "R2", 31 0, L_0x150245050;  1 drivers
v0x150242030_0 .net "R3", 31 0, L_0x1502451e0;  1 drivers
v0x150242100_0 .net "R4", 31 0, L_0x1502452f0;  1 drivers
v0x1502421d0_0 .net "R5", 31 0, L_0x150245400;  1 drivers
v0x1502422a0_0 .net "R6", 31 0, L_0x150245510;  1 drivers
v0x150242370_0 .net "R7", 31 0, L_0x150245720;  1 drivers
v0x150242440_0 .net "R8", 31 0, L_0x150245160;  1 drivers
v0x150242510_0 .net "R9", 31 0, L_0x150245920;  1 drivers
v0x1502425e0_0 .net "RAM_read", 0 0, v0x1502442c0_0;  1 drivers
v0x150242670_0 .net "RAM_write", 0 0, v0x150244390_0;  1 drivers
v0x150242700_0 .net "Read", 0 0, v0x150244460_0;  1 drivers
v0x150242790_0 .net "Rin", 0 0, v0x150244530_0;  1 drivers
v0x150242820_0 .net "Rout", 0 0, v0x150244600_0;  1 drivers
v0x1502428b0_0 .net "Y", 31 0, v0x15023efd0_0;  1 drivers
v0x150242940_0 .net "Yin", 0 0, v0x150244760_0;  1 drivers
v0x150242a10_0 .net "Z_high", 31 0, L_0x150246680;  1 drivers
v0x150242ae0_0 .net "Z_high_out", 0 0, v0x1502447f0_0;  1 drivers
v0x150242b70_0 .net "Z_low", 31 0, L_0x150246460;  1 drivers
v0x150242c40_0 .net "Z_low_out", 0 0, v0x150244950_0;  1 drivers
v0x150242cd0_0 .net "Zin", 0 0, v0x1502448c0_0;  1 drivers
v0x150242da0_0 .net "control", 4 0, v0x150244a20_0;  1 drivers
v0x150242e30_0 .net "in_enable", 15 0, v0x15023e450_0;  1 drivers
v0x150242ec0_0 .net "out_enable", 15 0, v0x15023e600_0;  1 drivers
L_0x150244e60 .part v0x15023e450_0, 0, 1;
L_0x150244fb0 .part v0x15023e450_0, 1, 1;
L_0x1502450c0 .part v0x15023e450_0, 2, 1;
L_0x150245250 .part v0x15023e450_0, 3, 1;
L_0x150245360 .part v0x15023e450_0, 4, 1;
L_0x150245470 .part v0x15023e450_0, 5, 1;
L_0x150245580 .part v0x15023e450_0, 6, 1;
L_0x150245790 .part v0x15023e450_0, 7, 1;
L_0x150245830 .part v0x15023e450_0, 8, 1;
L_0x150245990 .part v0x15023e450_0, 9, 1;
L_0x150245aa0 .part v0x15023e450_0, 10, 1;
L_0x150245c30 .part v0x15023e450_0, 11, 1;
L_0x150245d40 .part v0x15023e450_0, 12, 1;
L_0x150245f00 .part v0x15023e450_0, 13, 1;
L_0x150246010 .part v0x15023e450_0, 14, 1;
L_0x1502462b0 .part v0x15023e450_0, 15, 1;
L_0x1502464f0 .part v0x15022b5f0_0, 0, 32;
L_0x1502466f0 .part v0x15022b5f0_0, 32, 32;
L_0x1502ac2e0 .part v0x15023e600_0, 0, 1;
L_0x1502ac460 .part v0x15023e600_0, 1, 1;
L_0x1502ac500 .part v0x15023e600_0, 2, 1;
L_0x1502ac3c0 .part v0x15023e600_0, 3, 1;
L_0x1502ac650 .part v0x15023e600_0, 4, 1;
L_0x1502ac7b0 .part v0x15023e600_0, 5, 1;
L_0x1502ac5a0 .part v0x15023e600_0, 6, 1;
L_0x1502aca20 .part v0x15023e600_0, 7, 1;
L_0x1502ac6f0 .part v0x15023e600_0, 8, 1;
L_0x1502acba0 .part v0x15023e600_0, 9, 1;
L_0x1502ac950 .part v0x15023e600_0, 10, 1;
L_0x1502acd30 .part v0x15023e600_0, 11, 1;
L_0x1502acac0 .part v0x15023e600_0, 12, 1;
L_0x1502aced0 .part v0x15023e600_0, 13, 1;
L_0x1502acc40 .part v0x15023e600_0, 14, 1;
L_0x1502acdd0 .part v0x15023e600_0, 15, 1;
S_0x146efd790 .scope module, "alu" "ALU" 3 240, 4 1 0, S_0x146efe760;
 .timescale -9 -11;
    .port_info 0 /INPUT 32 "a";
    .port_info 1 /INPUT 32 "b";
    .port_info 2 /INPUT 5 "control";
    .port_info 3 /OUTPUT 64 "Z_reg";
P_0x146f8a680 .param/l "DATA_WIDTH" 0 4 1, +C4<00000000000000000000000000100000>;
v0x15022b5f0_0 .var "Z_reg", 63 0;
v0x15022b6b0_0 .net "a", 31 0, v0x15023efd0_0;  alias, 1 drivers
v0x15022b750_0 .net "add_result", 31 0, L_0x150267f80;  1 drivers
v0x15022b800_0 .net "and_result", 31 0, L_0x1502aad60;  1 drivers
v0x15022b8b0_0 .net "b", 31 0, v0x15022ed90_0;  alias, 1 drivers
v0x15022b990_0 .net "control", 4 0, v0x150244a20_0;  alias, 1 drivers
RS_0x148057270 .resolv tri, L_0x150267410, L_0x150288b10, L_0x1502aa190;
v0x15022ba40_0 .net8 "cout", 0 0, RS_0x148057270;  3 drivers
v0x15022bad0_0 .net "div_result", 63 0, v0x1500d9960_0;  1 drivers
v0x15022bb70_0 .net "mul_result", 63 0, v0x1500da4f0_0;  1 drivers
v0x15022bcb0_0 .net "neg_result", 31 0, L_0x1502abfe0;  1 drivers
v0x15022bd70_0 .net "not_result", 31 0, L_0x1502ac120;  1 drivers
v0x15022be30_0 .net "or_result", 31 0, L_0x1502aae10;  1 drivers
v0x15022bef0_0 .net "pc_result", 31 0, L_0x150289590;  1 drivers
v0x15022bfb0_0 .var "result", 31 0;
v0x15022c040_0 .net "rol_result", 31 0, L_0x1502abeb0;  1 drivers
v0x15022c0d0_0 .net "ror_result", 31 0, L_0x1502ab9a0;  1 drivers
v0x15022c180_0 .net "shl_result", 31 0, L_0x1502ab500;  1 drivers
v0x15022c330_0 .net "shr_result", 31 0, L_0x1502ab0c0;  1 drivers
v0x15022c3c0_0 .net "shra_result", 31 0, L_0x1502ab280;  1 drivers
v0x15022c450_0 .net "sub_result", 31 0, L_0x1502aac90;  1 drivers
E_0x146f8b1c0 .event anyedge, v0x15022bfb0_0;
E_0x146f56ee0/0 .event anyedge, v0x15022b990_0, v0x1500d9320_0, v0x15022afd0_0, v0x1500d9640_0;
E_0x146f56ee0/1 .event anyedge, v0x1500daf70_0, v0x15020e030_0, v0x15020d7c0_0, v0x15020eb80_0;
E_0x146f56ee0/2 .event anyedge, v0x15020f110_0, v0x15020e5f0_0, v0x1500d9960_0, v0x1500da4f0_0;
E_0x146f56ee0/3 .event anyedge, v0x1500da9c0_0, v0x1500dac50_0, v0x15020cd70_0;
E_0x146f56ee0 .event/or E_0x146f56ee0/0, E_0x146f56ee0/1, E_0x146f56ee0/2, E_0x146f56ee0/3;
S_0x146efc7c0 .scope module, "ADD" "collective_add" 4 18, 5 22 0, S_0x146efd790;
 .timescale -9 -11;
    .port_info 0 /INPUT 32 "d1";
    .port_info 1 /INPUT 32 "d2";
    .port_info 2 /INPUT 1 "cin";
    .port_info 3 /OUTPUT 32 "sum";
    .port_info 4 /OUTPUT 1 "cout";
P_0x146f56e60 .param/l "DATA_WIDTH" 0 5 22, +C4<00000000000000000000000000100000>;
v0x1500d9050_0 .net "c1", 0 0, L_0x150256980;  1 drivers
L_0x138008058 .functor BUFT 1, C4<0>, C4<0>, C4<0>, C4<0>;
v0x1500d90e0_0 .net "cin", 0 0, L_0x138008058;  1 drivers
v0x1500d9170_0 .net8 "cout", 0 0, RS_0x148057270;  alias, 3 drivers
v0x1500d9200_0 .net "d1", 31 0, v0x15023efd0_0;  alias, 1 drivers
v0x1500d9290_0 .net "d2", 31 0, v0x15022ed90_0;  alias, 1 drivers
v0x1500d9320_0 .net "sum", 31 0, L_0x150267f80;  alias, 1 drivers
L_0x1502573b0 .part v0x15023efd0_0, 0, 16;
L_0x150257450 .part v0x15022ed90_0, 0, 16;
L_0x150267e40 .part v0x15023efd0_0, 16, 16;
L_0x150267ee0 .part v0x15022ed90_0, 16, 16;
L_0x150267f80 .concat8 [ 16 16 0 0], L_0x150257200, L_0x150267c90;
S_0x146efb7f0 .scope module, "n1" "cla16" 5 32, 5 4 0, S_0x146efc7c0;
 .timescale -9 -11;
    .port_info 0 /INPUT 16 "d1";
    .port_info 1 /INPUT 16 "d2";
    .port_info 2 /INPUT 1 "cin";
    .port_info 3 /OUTPUT 16 "sum";
    .port_info 4 /OUTPUT 1 "cout";
P_0x146f45e50 .param/l "DATA_WIDTH" 0 5 4, +C4<00000000000000000000000000100000>;
v0x150076460_0 .net "c1", 0 0, L_0x15024a390;  1 drivers
v0x150064cd0_0 .net "c2", 0 0, L_0x15024e590;  1 drivers
v0x150064d60_0 .net "c3", 0 0, L_0x1502527c0;  1 drivers
v0x150053cc0_0 .net "cin", 0 0, L_0x138008058;  alias, 1 drivers
v0x150053d50_0 .net "cout", 0 0, L_0x150256980;  alias, 1 drivers
v0x150042cb0_0 .net "d1", 15 0, L_0x1502573b0;  1 drivers
v0x150042d40_0 .net "d2", 15 0, L_0x150257450;  1 drivers
v0x150031c20_0 .net "sum", 15 0, L_0x150257200;  1 drivers
L_0x15024aa50 .part L_0x1502573b0, 0, 4;
L_0x15024aaf0 .part L_0x150257450, 0, 4;
L_0x15024ec50 .part L_0x1502573b0, 4, 4;
L_0x15024ecf0 .part L_0x150257450, 4, 4;
L_0x150252e80 .part L_0x1502573b0, 8, 4;
L_0x150252f20 .part L_0x150257450, 8, 4;
L_0x150257040 .part L_0x1502573b0, 12, 4;
L_0x1502570e0 .part L_0x150257450, 12, 4;
L_0x150257200 .concat8 [ 4 4 4 4], L_0x15024a680, L_0x15024e880, L_0x150252ab0, L_0x150256c70;
S_0x146ef9830 .scope module, "n1" "cla_4" 5 14, 6 3 0, S_0x146efb7f0;
 .timescale -9 -11;
    .port_info 0 /INPUT 4 "a";
    .port_info 1 /INPUT 4 "b";
    .port_info 2 /INPUT 1 "cin";
    .port_info 3 /OUTPUT 4 "sum";
    .port_info 4 /OUTPUT 1 "cout";
L_0x150246990 .functor XOR 4, L_0x15024aa50, L_0x15024aaf0, C4<0000>, C4<0000>;
L_0x150246a90 .functor AND 4, L_0x15024aa50, L_0x15024aaf0, C4<1111>, C4<1111>;
L_0x150246bc0 .functor BUFZ 1, L_0x138008058, C4<0>, C4<0>, C4<0>;
L_0x150246f10 .functor AND 1, L_0x150246d50, L_0x150246e30, C4<1>, C4<1>;
L_0x150247040 .functor OR 1, L_0x150246c50, L_0x150246f10, C4<0>, C4<0>;
L_0x1502473f0 .functor AND 1, L_0x150247200, L_0x1502472d0, C4<1>, C4<1>;
L_0x1502474c0 .functor OR 1, L_0x150247160, L_0x1502473f0, C4<0>, C4<0>;
L_0x1502477b0 .functor AND 1, L_0x1502475f0, L_0x150247710, C4<1>, C4<1>;
L_0x1502479f0 .functor AND 1, L_0x1502477b0, L_0x1502478c0, C4<1>, C4<1>;
L_0x150247af0 .functor OR 1, L_0x1502474c0, L_0x1502479f0, C4<0>, C4<0>;
L_0x150247f70 .functor AND 1, L_0x150247dc0, L_0x150247e60, C4<1>, C4<1>;
L_0x150248080 .functor OR 1, L_0x150247cc0, L_0x150247f70, C4<0>, C4<0>;
L_0x150247f00 .functor AND 1, L_0x150248130, L_0x1502481d0, C4<1>, C4<1>;
L_0x150248520 .functor AND 1, L_0x150247f00, L_0x150248480, C4<1>, C4<1>;
L_0x1502485f0 .functor OR 1, L_0x150248080, L_0x150248520, C4<0>, C4<0>;
L_0x150248410 .functor AND 1, L_0x150248760, L_0x150248890, C4<1>, C4<1>;
L_0x150248ad0 .functor AND 1, L_0x150248410, L_0x150248990, C4<1>, C4<1>;
L_0x150248cb0 .functor AND 1, L_0x150248ad0, L_0x150248c10, C4<1>, C4<1>;
L_0x150248d20 .functor OR 1, L_0x1502485f0, L_0x150248cb0, C4<0>, C4<0>;
L_0x150247370 .functor AND 1, L_0x150248a30, L_0x150249140, C4<1>, C4<1>;
L_0x1502490d0 .functor OR 1, L_0x150248ef0, L_0x150247370, C4<0>, C4<0>;
L_0x150249540 .functor AND 1, L_0x150248e50, L_0x1502493d0, C4<1>, C4<1>;
L_0x150249220 .functor AND 1, L_0x150249540, L_0x150249610, C4<1>, C4<1>;
L_0x150249810 .functor OR 1, L_0x1502490d0, L_0x150249220, C4<0>, C4<0>;
L_0x150249360 .functor AND 1, L_0x1502498c0, L_0x150249a40, C4<1>, C4<1>;
L_0x150249750 .functor AND 1, L_0x150249360, L_0x150249ce0, C4<1>, C4<1>;
L_0x150249e70 .functor AND 1, L_0x150249750, L_0x1502499a0, C4<1>, C4<1>;
L_0x15024a040 .functor OR 1, L_0x150249810, L_0x150249e70, C4<0>, C4<0>;
L_0x1502494b0 .functor AND 1, L_0x15024a0f0, L_0x15024a290, C4<1>, C4<1>;
L_0x15024a190 .functor AND 1, L_0x1502494b0, L_0x150249dc0, C4<1>, C4<1>;
L_0x15024a590 .functor AND 1, L_0x15024a190, L_0x150249fa0, C4<1>, C4<1>;
L_0x15024a480 .functor AND 1, L_0x15024a590, L_0x15024a780, C4<1>, C4<1>;
L_0x15024a390 .functor OR 1, L_0x15024a040, L_0x15024a480, C4<0>, C4<0>;
L_0x15024a680 .functor XOR 4, L_0x150246990, L_0x150247ba0, C4<0000>, C4<0000>;
v0x146e08370_0 .net "G", 3 0, L_0x150246a90;  1 drivers
v0x146e0a160_0 .net "P", 3 0, L_0x150246990;  1 drivers
v0x146e08c70_0 .net *"_ivl_102", 0 0, L_0x150249610;  1 drivers
v0x146e42750_0 .net *"_ivl_103", 0 0, L_0x150249220;  1 drivers
v0x146e3f340_0 .net *"_ivl_105", 0 0, L_0x150249810;  1 drivers
v0x146e54440_0 .net *"_ivl_108", 0 0, L_0x1502498c0;  1 drivers
v0x146e772e0_0 .net *"_ivl_11", 0 0, L_0x150246c50;  1 drivers
v0x146ff1880_0 .net *"_ivl_110", 0 0, L_0x150249a40;  1 drivers
v0x146fad0d0_0 .net *"_ivl_111", 0 0, L_0x150249360;  1 drivers
v0x146f68700_0 .net *"_ivl_114", 0 0, L_0x150249ce0;  1 drivers
v0x146f23f50_0 .net *"_ivl_115", 0 0, L_0x150249750;  1 drivers
v0x150076ca0_0 .net *"_ivl_118", 0 0, L_0x1502499a0;  1 drivers
v0x1500324f0_0 .net *"_ivl_119", 0 0, L_0x150249e70;  1 drivers
v0x146eff0c0_0 .net *"_ivl_121", 0 0, L_0x15024a040;  1 drivers
v0x146efe0f0_0 .net *"_ivl_124", 0 0, L_0x15024a0f0;  1 drivers
v0x146efd120_0 .net *"_ivl_126", 0 0, L_0x15024a290;  1 drivers
v0x146efc150_0 .net *"_ivl_127", 0 0, L_0x1502494b0;  1 drivers
v0x146efb180_0 .net *"_ivl_13", 0 0, L_0x150246d50;  1 drivers
v0x146efa190_0 .net *"_ivl_130", 0 0, L_0x150249dc0;  1 drivers
v0x146ef9160_0 .net *"_ivl_131", 0 0, L_0x15024a190;  1 drivers
v0x146e0ab00_0 .net *"_ivl_134", 0 0, L_0x150249fa0;  1 drivers
v0x146f0ee00_0 .net *"_ivl_135", 0 0, L_0x15024a590;  1 drivers
v0x146f13350_0 .net *"_ivl_138", 0 0, L_0x15024a780;  1 drivers
v0x146f061d0_0 .net *"_ivl_139", 0 0, L_0x15024a480;  1 drivers
v0x146f04130_0 .net *"_ivl_15", 0 0, L_0x150246e30;  1 drivers
v0x146f0c2c0_0 .net *"_ivl_16", 0 0, L_0x150246f10;  1 drivers
v0x146f0b290_0 .net *"_ivl_18", 0 0, L_0x150247040;  1 drivers
v0x146f0a260_0 .net *"_ivl_23", 0 0, L_0x150247160;  1 drivers
v0x146f09230_0 .net *"_ivl_25", 0 0, L_0x150247200;  1 drivers
v0x146f08200_0 .net *"_ivl_27", 0 0, L_0x1502472d0;  1 drivers
v0x146f071d0_0 .net *"_ivl_28", 0 0, L_0x1502473f0;  1 drivers
v0x146f119c0_0 .net *"_ivl_30", 0 0, L_0x1502474c0;  1 drivers
v0x146f0e150_0 .net *"_ivl_33", 0 0, L_0x1502475f0;  1 drivers
v0x146f12690_0 .net *"_ivl_35", 0 0, L_0x150247710;  1 drivers
v0x1500ce120_0 .net *"_ivl_36", 0 0, L_0x1502477b0;  1 drivers
v0x1500bb760_0 .net *"_ivl_39", 0 0, L_0x1502478c0;  1 drivers
v0x1500bc470_0 .net *"_ivl_40", 0 0, L_0x1502479f0;  1 drivers
v0x146f0fde0_0 .net *"_ivl_42", 0 0, L_0x150247af0;  1 drivers
v0x146f05140_0 .net *"_ivl_48", 0 0, L_0x150247cc0;  1 drivers
v0x146e54900_0 .net *"_ivl_50", 0 0, L_0x150247dc0;  1 drivers
v0x146f0d430_0 .net *"_ivl_52", 0 0, L_0x150247e60;  1 drivers
v0x146efb5c0_0 .net *"_ivl_53", 0 0, L_0x150247f70;  1 drivers
v0x146efa640_0 .net *"_ivl_55", 0 0, L_0x150248080;  1 drivers
v0x146eff530_0 .net *"_ivl_58", 0 0, L_0x150248130;  1 drivers
v0x146efe530_0 .net *"_ivl_60", 0 0, L_0x1502481d0;  1 drivers
v0x146ef9640_0 .net *"_ivl_61", 0 0, L_0x150247f00;  1 drivers
v0x146e53ed0_0 .net *"_ivl_64", 0 0, L_0x150248480;  1 drivers
v0x146f0f280_0 .net *"_ivl_65", 0 0, L_0x150248520;  1 drivers
v0x146f0c7a0_0 .net *"_ivl_67", 0 0, L_0x1502485f0;  1 drivers
v0x146f0b770_0 .net *"_ivl_7", 0 0, L_0x150246bc0;  1 drivers
v0x146f0a740_0 .net *"_ivl_70", 0 0, L_0x150248760;  1 drivers
v0x146f09710_0 .net *"_ivl_72", 0 0, L_0x150248890;  1 drivers
v0x146f086e0_0 .net *"_ivl_73", 0 0, L_0x150248410;  1 drivers
v0x146f076b0_0 .net *"_ivl_76", 0 0, L_0x150248990;  1 drivers
v0x146f06680_0 .net *"_ivl_77", 0 0, L_0x150248ad0;  1 drivers
v0x146f05630_0 .net *"_ivl_80", 0 0, L_0x150248c10;  1 drivers
v0x146f04820_0 .net *"_ivl_81", 0 0, L_0x150248cb0;  1 drivers
v0x146f0c970_0 .net *"_ivl_83", 0 0, L_0x150248d20;  1 drivers
v0x146f11d80_0 .net *"_ivl_86", 0 0, L_0x150248ef0;  1 drivers
v0x146f9c7b0_0 .net *"_ivl_88", 0 0, L_0x150248a30;  1 drivers
v0x146fe0e70_0 .net *"_ivl_90", 0 0, L_0x150249140;  1 drivers
v0x146fe0c60_0 .net *"_ivl_91", 0 0, L_0x150247370;  1 drivers
v0x146fe0a90_0 .net *"_ivl_93", 0 0, L_0x1502490d0;  1 drivers
v0x146ff19f0_0 .net *"_ivl_96", 0 0, L_0x150248e50;  1 drivers
v0x146ff20c0_0 .net *"_ivl_98", 0 0, L_0x1502493d0;  1 drivers
v0x146fe1080_0 .net *"_ivl_99", 0 0, L_0x150249540;  1 drivers
v0x146fe02f0_0 .net "a", 3 0, L_0x15024aa50;  1 drivers
v0x146fcf2e0_0 .net "b", 3 0, L_0x15024aaf0;  1 drivers
v0x146fad240_0 .net "c", 3 0, L_0x150247ba0;  1 drivers
v0x146fcf980_0 .net "cin", 0 0, L_0x138008058;  alias, 1 drivers
v0x146fbece0_0 .net "cout", 0 0, L_0x15024a390;  alias, 1 drivers
v0x146fbe980_0 .net "sum", 3 0, L_0x15024a680;  1 drivers
L_0x150246c50 .part L_0x150246a90, 0, 1;
L_0x150246d50 .part L_0x150246990, 0, 1;
L_0x150246e30 .part L_0x150247ba0, 0, 1;
L_0x150247160 .part L_0x150246a90, 1, 1;
L_0x150247200 .part L_0x150246990, 1, 1;
L_0x1502472d0 .part L_0x150246a90, 0, 1;
L_0x1502475f0 .part L_0x150246990, 1, 1;
L_0x150247710 .part L_0x150246990, 0, 1;
L_0x1502478c0 .part L_0x150247ba0, 0, 1;
L_0x150247ba0 .concat8 [ 1 1 1 1], L_0x150246bc0, L_0x150247040, L_0x150247af0, L_0x150248d20;
L_0x150247cc0 .part L_0x150246a90, 2, 1;
L_0x150247dc0 .part L_0x150246990, 2, 1;
L_0x150247e60 .part L_0x150246a90, 1, 1;
L_0x150248130 .part L_0x150246990, 2, 1;
L_0x1502481d0 .part L_0x150246990, 1, 1;
L_0x150248480 .part L_0x150246a90, 0, 1;
L_0x150248760 .part L_0x150246990, 2, 1;
L_0x150248890 .part L_0x150246990, 1, 1;
L_0x150248990 .part L_0x150246990, 0, 1;
L_0x150248c10 .part L_0x150247ba0, 0, 1;
L_0x150248ef0 .part L_0x150246a90, 3, 1;
L_0x150248a30 .part L_0x150246990, 3, 1;
L_0x150249140 .part L_0x150246a90, 2, 1;
L_0x150248e50 .part L_0x150246990, 3, 1;
L_0x1502493d0 .part L_0x150246990, 2, 1;
L_0x150249610 .part L_0x150246a90, 1, 1;
L_0x1502498c0 .part L_0x150246990, 3, 1;
L_0x150249a40 .part L_0x150246990, 2, 1;
L_0x150249ce0 .part L_0x150246990, 1, 1;
L_0x1502499a0 .part L_0x150246a90, 0, 1;
L_0x15024a0f0 .part L_0x150246990, 3, 1;
L_0x15024a290 .part L_0x150246990, 2, 1;
L_0x150249dc0 .part L_0x150246990, 1, 1;
L_0x150249fa0 .part L_0x150246990, 0, 1;
L_0x15024a780 .part L_0x150247ba0, 0, 1;
S_0x146f0e460 .scope module, "n2" "cla_4" 5 15, 6 3 0, S_0x146efb7f0;
 .timescale -9 -11;
    .port_info 0 /INPUT 4 "a";
    .port_info 1 /INPUT 4 "b";
    .port_info 2 /INPUT 1 "cin";
    .port_info 3 /OUTPUT 4 "sum";
    .port_info 4 /OUTPUT 1 "cout";
L_0x15024a710 .functor XOR 4, L_0x15024ec50, L_0x15024ecf0, C4<0000>, C4<0000>;
L_0x15024ac10 .functor AND 4, L_0x15024ec50, L_0x15024ecf0, C4<1111>, C4<1111>;
L_0x15024ad40 .functor BUFZ 1, L_0x15024a390, C4<0>, C4<0>, C4<0>;
L_0x15024b0f0 .functor AND 1, L_0x15024af30, L_0x15024b010, C4<1>, C4<1>;
L_0x15024b220 .functor OR 1, L_0x15024ae30, L_0x15024b0f0, C4<0>, C4<0>;
L_0x15024b5d0 .functor AND 1, L_0x15024b3e0, L_0x15024b4b0, C4<1>, C4<1>;
L_0x15024b6a0 .functor OR 1, L_0x15024b340, L_0x15024b5d0, C4<0>, C4<0>;
L_0x15024b990 .functor AND 1, L_0x15024b7d0, L_0x15024b8f0, C4<1>, C4<1>;
L_0x15024bbd0 .functor AND 1, L_0x15024b990, L_0x15024baa0, C4<1>, C4<1>;
L_0x15024bcd0 .functor OR 1, L_0x15024b6a0, L_0x15024bbd0, C4<0>, C4<0>;
L_0x15024c190 .functor AND 1, L_0x15024bfe0, L_0x15024c080, C4<1>, C4<1>;
L_0x15024c2a0 .functor OR 1, L_0x15024bee0, L_0x15024c190, C4<0>, C4<0>;
L_0x15024c120 .functor AND 1, L_0x15024c350, L_0x15024c3f0, C4<1>, C4<1>;
L_0x15024c720 .functor AND 1, L_0x15024c120, L_0x15024c680, C4<1>, C4<1>;
L_0x15024c7f0 .functor OR 1, L_0x15024c2a0, L_0x15024c720, C4<0>, C4<0>;
L_0x15024c610 .functor AND 1, L_0x15024c960, L_0x15024ca90, C4<1>, C4<1>;
L_0x15024ccd0 .functor AND 1, L_0x15024c610, L_0x15024cb90, C4<1>, C4<1>;
L_0x15024ceb0 .functor AND 1, L_0x15024ccd0, L_0x15024ce10, C4<1>, C4<1>;
L_0x15024cf20 .functor OR 1, L_0x15024c7f0, L_0x15024ceb0, C4<0>, C4<0>;
L_0x15024b550 .functor AND 1, L_0x15024cc30, L_0x15024d340, C4<1>, C4<1>;
L_0x15024d2d0 .functor OR 1, L_0x15024d0f0, L_0x15024b550, C4<0>, C4<0>;
L_0x15024d740 .functor AND 1, L_0x15024d050, L_0x15024d5d0, C4<1>, C4<1>;
L_0x15024d420 .functor AND 1, L_0x15024d740, L_0x15024d810, C4<1>, C4<1>;
L_0x15024da10 .functor OR 1, L_0x15024d2d0, L_0x15024d420, C4<0>, C4<0>;
L_0x15024d560 .functor AND 1, L_0x15024dac0, L_0x15024dc40, C4<1>, C4<1>;
L_0x15024d950 .functor AND 1, L_0x15024d560, L_0x15024dee0, C4<1>, C4<1>;
L_0x15024e070 .functor AND 1, L_0x15024d950, L_0x15024dba0, C4<1>, C4<1>;
L_0x15024e240 .functor OR 1, L_0x15024da10, L_0x15024e070, C4<0>, C4<0>;
L_0x15024d6b0 .functor AND 1, L_0x15024e2f0, L_0x15024e490, C4<1>, C4<1>;
L_0x15024e390 .functor AND 1, L_0x15024d6b0, L_0x15024dfc0, C4<1>, C4<1>;
L_0x15024e790 .functor AND 1, L_0x15024e390, L_0x15024e1a0, C4<1>, C4<1>;
L_0x15024e680 .functor AND 1, L_0x15024e790, L_0x15024e980, C4<1>, C4<1>;
L_0x15024e590 .functor OR 1, L_0x15024e240, L_0x15024e680, C4<0>, C4<0>;
L_0x15024e880 .functor XOR 4, L_0x15024a710, L_0x15024bd80, C4<0000>, C4<0000>;
v0x146fad910_0 .net "G", 3 0, L_0x15024ac10;  1 drivers
v0x146f9cc60_0 .net "P", 3 0, L_0x15024a710;  1 drivers
v0x146f9c900_0 .net *"_ivl_102", 0 0, L_0x15024d810;  1 drivers
v0x146f9c2d0_0 .net *"_ivl_103", 0 0, L_0x15024d420;  1 drivers
v0x146f9c0c0_0 .net *"_ivl_105", 0 0, L_0x15024da10;  1 drivers
v0x146f57cf0_0 .net *"_ivl_108", 0 0, L_0x15024dac0;  1 drivers
v0x146f57ae0_0 .net *"_ivl_11", 0 0, L_0x15024ae30;  1 drivers
v0x146f9b920_0 .net *"_ivl_110", 0 0, L_0x15024dc40;  1 drivers
v0x146f8a910_0 .net *"_ivl_111", 0 0, L_0x15024d560;  1 drivers
v0x146f68870_0 .net *"_ivl_114", 0 0, L_0x15024dee0;  1 drivers
v0x146f8afb0_0 .net *"_ivl_115", 0 0, L_0x15024d950;  1 drivers
v0x146f7a310_0 .net *"_ivl_118", 0 0, L_0x15024dba0;  1 drivers
v0x146f79fb0_0 .net *"_ivl_119", 0 0, L_0x15024e070;  1 drivers
v0x146f68f40_0 .net *"_ivl_121", 0 0, L_0x15024e240;  1 drivers
v0x146f57f00_0 .net *"_ivl_124", 0 0, L_0x15024e2f0;  1 drivers
v0x146f57170_0 .net *"_ivl_126", 0 0, L_0x15024e490;  1 drivers
v0x146f46160_0 .net *"_ivl_127", 0 0, L_0x15024d6b0;  1 drivers
v0x146f46800_0 .net *"_ivl_13", 0 0, L_0x15024af30;  1 drivers
v0x146f35b60_0 .net *"_ivl_130", 0 0, L_0x15024dfc0;  1 drivers
v0x146f35800_0 .net *"_ivl_131", 0 0, L_0x15024e390;  1 drivers
v0x146f24790_0 .net *"_ivl_134", 0 0, L_0x15024e1a0;  1 drivers
v0x1500cc3c0_0 .net *"_ivl_135", 0 0, L_0x15024e790;  1 drivers
v0x1500cc100_0 .net *"_ivl_138", 0 0, L_0x15024e980;  1 drivers
v0x1500cbe40_0 .net *"_ivl_139", 0 0, L_0x15024e680;  1 drivers
v0x1500cbb80_0 .net *"_ivl_15", 0 0, L_0x15024b010;  1 drivers
v0x1500cb8c0_0 .net *"_ivl_16", 0 0, L_0x15024b0f0;  1 drivers
v0x1500cb600_0 .net *"_ivl_18", 0 0, L_0x15024b220;  1 drivers
v0x1500cb340_0 .net *"_ivl_23", 0 0, L_0x15024b340;  1 drivers
v0x1500cb080_0 .net *"_ivl_25", 0 0, L_0x15024b3e0;  1 drivers
v0x1500cac90_0 .net *"_ivl_27", 0 0, L_0x15024b4b0;  1 drivers
v0x1500ca9d0_0 .net *"_ivl_28", 0 0, L_0x15024b5d0;  1 drivers
v0x1500ca710_0 .net *"_ivl_30", 0 0, L_0x15024b6a0;  1 drivers
v0x1500ca450_0 .net *"_ivl_33", 0 0, L_0x15024b7d0;  1 drivers
v0x146f240c0_0 .net *"_ivl_35", 0 0, L_0x15024b8f0;  1 drivers
v0x1500ca190_0 .net *"_ivl_36", 0 0, L_0x15024b990;  1 drivers
v0x1500c9ed0_0 .net *"_ivl_39", 0 0, L_0x15024baa0;  1 drivers
v0x1500c9c10_0 .net *"_ivl_40", 0 0, L_0x15024bbd0;  1 drivers
v0x1500c9950_0 .net *"_ivl_42", 0 0, L_0x15024bcd0;  1 drivers
v0x1500cd4f0_0 .net *"_ivl_48", 0 0, L_0x15024bee0;  1 drivers
v0x1500aad50_0 .net *"_ivl_50", 0 0, L_0x15024bfe0;  1 drivers
v0x1500aa870_0 .net *"_ivl_52", 0 0, L_0x15024c080;  1 drivers
v0x1500aa660_0 .net *"_ivl_53", 0 0, L_0x15024c190;  1 drivers
v0x150066290_0 .net *"_ivl_55", 0 0, L_0x15024c2a0;  1 drivers
v0x150066080_0 .net *"_ivl_58", 0 0, L_0x15024c350;  1 drivers
v0x1500a9ec0_0 .net *"_ivl_60", 0 0, L_0x15024c3f0;  1 drivers
v0x150098eb0_0 .net *"_ivl_61", 0 0, L_0x15024c120;  1 drivers
v0x150076e10_0 .net *"_ivl_64", 0 0, L_0x15024c680;  1 drivers
v0x150099550_0 .net *"_ivl_65", 0 0, L_0x15024c720;  1 drivers
v0x1500888b0_0 .net *"_ivl_67", 0 0, L_0x15024c7f0;  1 drivers
v0x150088550_0 .net *"_ivl_7", 0 0, L_0x15024ad40;  1 drivers
v0x1500774e0_0 .net *"_ivl_70", 0 0, L_0x15024c960;  1 drivers
v0x1500664a0_0 .net *"_ivl_72", 0 0, L_0x15024ca90;  1 drivers
v0x150065710_0 .net *"_ivl_73", 0 0, L_0x15024c610;  1 drivers
v0x150054700_0 .net *"_ivl_76", 0 0, L_0x15024cb90;  1 drivers
v0x150032660_0 .net *"_ivl_77", 0 0, L_0x15024ccd0;  1 drivers
v0x150054da0_0 .net *"_ivl_80", 0 0, L_0x15024ce10;  1 drivers
v0x150044100_0 .net *"_ivl_81", 0 0, L_0x15024ceb0;  1 drivers
v0x150043da0_0 .net *"_ivl_83", 0 0, L_0x15024cf20;  1 drivers
v0x150032d30_0 .net *"_ivl_86", 0 0, L_0x15024d0f0;  1 drivers
v0x150021c70_0 .net *"_ivl_88", 0 0, L_0x15024cc30;  1 drivers
v0x1500b3570_0 .net *"_ivl_90", 0 0, L_0x15024d340;  1 drivers
v0x1500b2b50_0 .net *"_ivl_91", 0 0, L_0x15024b550;  1 drivers
v0x1500b3f70_0 .net *"_ivl_93", 0 0, L_0x15024d2d0;  1 drivers
v0x150020580_0 .net *"_ivl_96", 0 0, L_0x15024d050;  1 drivers
v0x15001fda0_0 .net *"_ivl_98", 0 0, L_0x15024d5d0;  1 drivers
v0x150007510_0 .net *"_ivl_99", 0 0, L_0x15024d740;  1 drivers
v0x1500071b0_0 .net "a", 3 0, L_0x15024ec50;  1 drivers
v0x1500b2530_0 .net "b", 3 0, L_0x15024ecf0;  1 drivers
v0x1500b22f0_0 .net "c", 3 0, L_0x15024bd80;  1 drivers
v0x150020b10_0 .net "cin", 0 0, L_0x15024a390;  alias, 1 drivers
v0x150020ba0_0 .net "cout", 0 0, L_0x15024e590;  alias, 1 drivers
v0x146f101f0_0 .net "sum", 3 0, L_0x15024e880;  1 drivers
L_0x15024ae30 .part L_0x15024ac10, 0, 1;
L_0x15024af30 .part L_0x15024a710, 0, 1;
L_0x15024b010 .part L_0x15024bd80, 0, 1;
L_0x15024b340 .part L_0x15024ac10, 1, 1;
L_0x15024b3e0 .part L_0x15024a710, 1, 1;
L_0x15024b4b0 .part L_0x15024ac10, 0, 1;
L_0x15024b7d0 .part L_0x15024a710, 1, 1;
L_0x15024b8f0 .part L_0x15024a710, 0, 1;
L_0x15024baa0 .part L_0x15024bd80, 0, 1;
L_0x15024bd80 .concat8 [ 1 1 1 1], L_0x15024ad40, L_0x15024b220, L_0x15024bcd0, L_0x15024cf20;
L_0x15024bee0 .part L_0x15024ac10, 2, 1;
L_0x15024bfe0 .part L_0x15024a710, 2, 1;
L_0x15024c080 .part L_0x15024ac10, 1, 1;
L_0x15024c350 .part L_0x15024a710, 2, 1;
L_0x15024c3f0 .part L_0x15024a710, 1, 1;
L_0x15024c680 .part L_0x15024ac10, 0, 1;
L_0x15024c960 .part L_0x15024a710, 2, 1;
L_0x15024ca90 .part L_0x15024a710, 1, 1;
L_0x15024cb90 .part L_0x15024a710, 0, 1;
L_0x15024ce10 .part L_0x15024bd80, 0, 1;
L_0x15024d0f0 .part L_0x15024ac10, 3, 1;
L_0x15024cc30 .part L_0x15024a710, 3, 1;
L_0x15024d340 .part L_0x15024ac10, 2, 1;
L_0x15024d050 .part L_0x15024a710, 3, 1;
L_0x15024d5d0 .part L_0x15024a710, 2, 1;
L_0x15024d810 .part L_0x15024ac10, 1, 1;
L_0x15024dac0 .part L_0x15024a710, 3, 1;
L_0x15024dc40 .part L_0x15024a710, 2, 1;
L_0x15024dee0 .part L_0x15024a710, 1, 1;
L_0x15024dba0 .part L_0x15024ac10, 0, 1;
L_0x15024e2f0 .part L_0x15024a710, 3, 1;
L_0x15024e490 .part L_0x15024a710, 2, 1;
L_0x15024dfc0 .part L_0x15024a710, 1, 1;
L_0x15024e1a0 .part L_0x15024a710, 0, 1;
L_0x15024e980 .part L_0x15024bd80, 0, 1;
S_0x146f0f470 .scope module, "n3" "cla_4" 5 16, 6 3 0, S_0x146efb7f0;
 .timescale -9 -11;
    .port_info 0 /INPUT 4 "a";
    .port_info 1 /INPUT 4 "b";
    .port_info 2 /INPUT 1 "cin";
    .port_info 3 /OUTPUT 4 "sum";
    .port_info 4 /OUTPUT 1 "cout";
L_0x15024ed90 .functor XOR 4, L_0x150252e80, L_0x150252f20, C4<0000>, C4<0000>;
L_0x15024ee40 .functor AND 4, L_0x150252e80, L_0x150252f20, C4<1111>, C4<1111>;
L_0x15024ef70 .functor BUFZ 1, L_0x15024e590, C4<0>, C4<0>, C4<0>;
L_0x15024f320 .functor AND 1, L_0x15024f160, L_0x15024f240, C4<1>, C4<1>;
L_0x15024f450 .functor OR 1, L_0x15024f060, L_0x15024f320, C4<0>, C4<0>;
L_0x15024f800 .functor AND 1, L_0x15024f610, L_0x15024f6e0, C4<1>, C4<1>;
L_0x15024f8d0 .functor OR 1, L_0x15024f570, L_0x15024f800, C4<0>, C4<0>;
L_0x15024fbc0 .functor AND 1, L_0x15024fa00, L_0x15024fb20, C4<1>, C4<1>;
L_0x15024fe00 .functor AND 1, L_0x15024fbc0, L_0x15024fcd0, C4<1>, C4<1>;
L_0x15024ff00 .functor OR 1, L_0x15024f8d0, L_0x15024fe00, C4<0>, C4<0>;
L_0x1502503c0 .functor AND 1, L_0x150250210, L_0x1502502b0, C4<1>, C4<1>;
L_0x1502504d0 .functor OR 1, L_0x150250110, L_0x1502503c0, C4<0>, C4<0>;
L_0x150250350 .functor AND 1, L_0x150250580, L_0x150250620, C4<1>, C4<1>;
L_0x150250950 .functor AND 1, L_0x150250350, L_0x1502508b0, C4<1>, C4<1>;
L_0x150250a20 .functor OR 1, L_0x1502504d0, L_0x150250950, C4<0>, C4<0>;
L_0x150250840 .functor AND 1, L_0x150250b90, L_0x150250cc0, C4<1>, C4<1>;
L_0x150250f00 .functor AND 1, L_0x150250840, L_0x150250dc0, C4<1>, C4<1>;
L_0x1502510e0 .functor AND 1, L_0x150250f00, L_0x150251040, C4<1>, C4<1>;
L_0x150251150 .functor OR 1, L_0x150250a20, L_0x1502510e0, C4<0>, C4<0>;
L_0x15024f780 .functor AND 1, L_0x150250e60, L_0x150251570, C4<1>, C4<1>;
L_0x150251500 .functor OR 1, L_0x150251320, L_0x15024f780, C4<0>, C4<0>;
L_0x150251970 .functor AND 1, L_0x150251280, L_0x150251800, C4<1>, C4<1>;
L_0x150251650 .functor AND 1, L_0x150251970, L_0x150251a40, C4<1>, C4<1>;
L_0x150251c40 .functor OR 1, L_0x150251500, L_0x150251650, C4<0>, C4<0>;
L_0x150251790 .functor AND 1, L_0x150251cf0, L_0x150251e70, C4<1>, C4<1>;
L_0x150251b80 .functor AND 1, L_0x150251790, L_0x150252110, C4<1>, C4<1>;
L_0x1502522a0 .functor AND 1, L_0x150251b80, L_0x150251dd0, C4<1>, C4<1>;
L_0x150252470 .functor OR 1, L_0x150251c40, L_0x1502522a0, C4<0>, C4<0>;
L_0x1502518e0 .functor AND 1, L_0x150252520, L_0x1502526c0, C4<1>, C4<1>;
L_0x1502525c0 .functor AND 1, L_0x1502518e0, L_0x1502521f0, C4<1>, C4<1>;
L_0x1502529c0 .functor AND 1, L_0x1502525c0, L_0x1502523d0, C4<1>, C4<1>;
L_0x1502528b0 .functor AND 1, L_0x1502529c0, L_0x150252bb0, C4<1>, C4<1>;
L_0x1502527c0 .functor OR 1, L_0x150252470, L_0x1502528b0, C4<0>, C4<0>;
L_0x150252ab0 .functor XOR 4, L_0x15024ed90, L_0x15024ffb0, C4<0000>, C4<0000>;
v0x146f10280_0 .net "G", 3 0, L_0x15024ee40;  1 drivers
v0x146efa850_0 .net "P", 3 0, L_0x15024ed90;  1 drivers
v0x146efa8e0_0 .net *"_ivl_102", 0 0, L_0x150251a40;  1 drivers
v0x146ef8710_0 .net *"_ivl_103", 0 0, L_0x150251650;  1 drivers
v0x146ef87a0_0 .net *"_ivl_105", 0 0, L_0x150251c40;  1 drivers
v0x146f04610_0 .net *"_ivl_108", 0 0, L_0x150251cf0;  1 drivers
v0x146f046a0_0 .net *"_ivl_11", 0 0, L_0x15024f060;  1 drivers
v0x146ff2460_0 .net *"_ivl_110", 0 0, L_0x150251e70;  1 drivers
v0x146ff24f0_0 .net *"_ivl_111", 0 0, L_0x150251790;  1 drivers
v0x146fe13d0_0 .net *"_ivl_114", 0 0, L_0x150252110;  1 drivers
v0x146fe1460_0 .net *"_ivl_115", 0 0, L_0x150251b80;  1 drivers
v0x146ff1380_0 .net *"_ivl_118", 0 0, L_0x150251dd0;  1 drivers
v0x146ff1410_0 .net *"_ivl_119", 0 0, L_0x1502522a0;  1 drivers
v0x146fcfce0_0 .net *"_ivl_121", 0 0, L_0x150252470;  1 drivers
v0x146fcfd70_0 .net *"_ivl_124", 0 0, L_0x150252520;  1 drivers
v0x146fdfc80_0 .net *"_ivl_126", 0 0, L_0x1502526c0;  1 drivers
v0x146fdfd10_0 .net *"_ivl_127", 0 0, L_0x1502518e0;  1 drivers
v0x146fadcb0_0 .net *"_ivl_13", 0 0, L_0x15024f160;  1 drivers
v0x146fadd40_0 .net *"_ivl_130", 0 0, L_0x1502521f0;  1 drivers
v0x146fbdc60_0 .net *"_ivl_131", 0 0, L_0x1502525c0;  1 drivers
v0x146fbdcf0_0 .net *"_ivl_134", 0 0, L_0x1502523d0;  1 drivers
v0x146facbd0_0 .net *"_ivl_135", 0 0, L_0x1502529c0;  1 drivers
v0x146facc60_0 .net *"_ivl_138", 0 0, L_0x150252bb0;  1 drivers
v0x146f8b310_0 .net *"_ivl_139", 0 0, L_0x1502528b0;  1 drivers
v0x146f8b3a0_0 .net *"_ivl_15", 0 0, L_0x15024f240;  1 drivers
v0x146f9b2b0_0 .net *"_ivl_16", 0 0, L_0x15024f320;  1 drivers
v0x146f9b340_0 .net *"_ivl_18", 0 0, L_0x15024f450;  1 drivers
v0x146f8a2a0_0 .net *"_ivl_23", 0 0, L_0x15024f570;  1 drivers
v0x146f8a330_0 .net *"_ivl_25", 0 0, L_0x15024f610;  1 drivers
v0x146f692e0_0 .net *"_ivl_27", 0 0, L_0x15024f6e0;  1 drivers
v0x146f69370_0 .net *"_ivl_28", 0 0, L_0x15024f800;  1 drivers
v0x146f79290_0 .net *"_ivl_30", 0 0, L_0x15024f8d0;  1 drivers
v0x146f79320_0 .net *"_ivl_33", 0 0, L_0x15024fa00;  1 drivers
v0x146fcec70_0 .net *"_ivl_35", 0 0, L_0x15024fb20;  1 drivers
v0x146f58250_0 .net *"_ivl_36", 0 0, L_0x15024fbc0;  1 drivers
v0x146f582e0_0 .net *"_ivl_39", 0 0, L_0x15024fcd0;  1 drivers
v0x146f68200_0 .net *"_ivl_40", 0 0, L_0x15024fe00;  1 drivers
v0x146f68290_0 .net *"_ivl_42", 0 0, L_0x15024ff00;  1 drivers
v0x146f46b60_0 .net *"_ivl_48", 0 0, L_0x150250110;  1 drivers
v0x146f46bf0_0 .net *"_ivl_50", 0 0, L_0x150250210;  1 drivers
v0x146f56b00_0 .net *"_ivl_52", 0 0, L_0x1502502b0;  1 drivers
v0x146f56b90_0 .net *"_ivl_53", 0 0, L_0x1502503c0;  1 drivers
v0x146f45af0_0 .net *"_ivl_55", 0 0, L_0x1502504d0;  1 drivers
v0x146f45b80_0 .net *"_ivl_58", 0 0, L_0x150250580;  1 drivers
v0x146f24b30_0 .net *"_ivl_60", 0 0, L_0x150250620;  1 drivers
v0x146f24bc0_0 .net *"_ivl_61", 0 0, L_0x150250350;  1 drivers
v0x146f34ae0_0 .net *"_ivl_64", 0 0, L_0x1502508b0;  1 drivers
v0x146f34b70_0 .net *"_ivl_65", 0 0, L_0x150250950;  1 drivers
v0x146f13aa0_0 .net *"_ivl_67", 0 0, L_0x150250a20;  1 drivers
v0x146f13b30_0 .net *"_ivl_7", 0 0, L_0x15024ef70;  1 drivers
v0x146f23a50_0 .net *"_ivl_70", 0 0, L_0x150250b90;  1 drivers
v0x146f23ae0_0 .net *"_ivl_72", 0 0, L_0x150250cc0;  1 drivers
v0x146f136b0_0 .net *"_ivl_73", 0 0, L_0x150250840;  1 drivers
v0x146f13740_0 .net *"_ivl_76", 0 0, L_0x150250dc0;  1 drivers
v0x1500bbb50_0 .net *"_ivl_77", 0 0, L_0x150250f00;  1 drivers
v0x1500bbbe0_0 .net *"_ivl_80", 0 0, L_0x150251040;  1 drivers
v0x1500aaa40_0 .net *"_ivl_81", 0 0, L_0x1502510e0;  1 drivers
v0x1500aaad0_0 .net *"_ivl_83", 0 0, L_0x150251150;  1 drivers
v0x150020df0_0 .net *"_ivl_86", 0 0, L_0x150251320;  1 drivers
v0x150020e80_0 .net *"_ivl_88", 0 0, L_0x150250e60;  1 drivers
v0x1500216f0_0 .net *"_ivl_90", 0 0, L_0x150251570;  1 drivers
v0x150021780_0 .net *"_ivl_91", 0 0, L_0x15024f780;  1 drivers
v0x1500998b0_0 .net *"_ivl_93", 0 0, L_0x150251500;  1 drivers
v0x150099940_0 .net *"_ivl_96", 0 0, L_0x150251280;  1 drivers
v0x1500a9850_0 .net *"_ivl_98", 0 0, L_0x150251800;  1 drivers
v0x1500a98e0_0 .net *"_ivl_99", 0 0, L_0x150251970;  1 drivers
v0x150098840_0 .net "a", 3 0, L_0x150252e80;  1 drivers
v0x1500988d0_0 .net "b", 3 0, L_0x150252f20;  1 drivers
v0x150077880_0 .net "c", 3 0, L_0x15024ffb0;  1 drivers
v0x150077910_0 .net "cin", 0 0, L_0x15024e590;  alias, 1 drivers
v0x150087830_0 .net "cout", 0 0, L_0x1502527c0;  alias, 1 drivers
v0x1500878c0_0 .net "sum", 3 0, L_0x150252ab0;  1 drivers
L_0x15024f060 .part L_0x15024ee40, 0, 1;
L_0x15024f160 .part L_0x15024ed90, 0, 1;
L_0x15024f240 .part L_0x15024ffb0, 0, 1;
L_0x15024f570 .part L_0x15024ee40, 1, 1;
L_0x15024f610 .part L_0x15024ed90, 1, 1;
L_0x15024f6e0 .part L_0x15024ee40, 0, 1;
L_0x15024fa00 .part L_0x15024ed90, 1, 1;
L_0x15024fb20 .part L_0x15024ed90, 0, 1;
L_0x15024fcd0 .part L_0x15024ffb0, 0, 1;
L_0x15024ffb0 .concat8 [ 1 1 1 1], L_0x15024ef70, L_0x15024f450, L_0x15024ff00, L_0x150251150;
L_0x150250110 .part L_0x15024ee40, 2, 1;
L_0x150250210 .part L_0x15024ed90, 2, 1;
L_0x1502502b0 .part L_0x15024ee40, 1, 1;
L_0x150250580 .part L_0x15024ed90, 2, 1;
L_0x150250620 .part L_0x15024ed90, 1, 1;
L_0x1502508b0 .part L_0x15024ee40, 0, 1;
L_0x150250b90 .part L_0x15024ed90, 2, 1;
L_0x150250cc0 .part L_0x15024ed90, 1, 1;
L_0x150250dc0 .part L_0x15024ed90, 0, 1;
L_0x150251040 .part L_0x15024ffb0, 0, 1;
L_0x150251320 .part L_0x15024ee40, 3, 1;
L_0x150250e60 .part L_0x15024ed90, 3, 1;
L_0x150251570 .part L_0x15024ee40, 2, 1;
L_0x150251280 .part L_0x15024ed90, 3, 1;
L_0x150251800 .part L_0x15024ed90, 2, 1;
L_0x150251a40 .part L_0x15024ee40, 1, 1;
L_0x150251cf0 .part L_0x15024ed90, 3, 1;
L_0x150251e70 .part L_0x15024ed90, 2, 1;
L_0x150252110 .part L_0x15024ed90, 1, 1;
L_0x150251dd0 .part L_0x15024ee40, 0, 1;
L_0x150252520 .part L_0x15024ed90, 3, 1;
L_0x1502526c0 .part L_0x15024ed90, 2, 1;
L_0x1502521f0 .part L_0x15024ed90, 1, 1;
L_0x1502523d0 .part L_0x15024ed90, 0, 1;
L_0x150252bb0 .part L_0x15024ffb0, 0, 1;
S_0x146f05870 .scope module, "n4" "cla_4" 5 17, 6 3 0, S_0x146efb7f0;
 .timescale -9 -11;
    .port_info 0 /INPUT 4 "a";
    .port_info 1 /INPUT 4 "b";
    .port_info 2 /INPUT 1 "cin";
    .port_info 3 /OUTPUT 4 "sum";
    .port_info 4 /OUTPUT 1 "cout";
L_0x150252b20 .functor XOR 4, L_0x150257040, L_0x1502570e0, C4<0000>, C4<0000>;
L_0x150253000 .functor AND 4, L_0x150257040, L_0x1502570e0, C4<1111>, C4<1111>;
L_0x150253130 .functor BUFZ 1, L_0x1502527c0, C4<0>, C4<0>, C4<0>;
L_0x1502534e0 .functor AND 1, L_0x150253320, L_0x150253400, C4<1>, C4<1>;
L_0x150253610 .functor OR 1, L_0x150253220, L_0x1502534e0, C4<0>, C4<0>;
L_0x1502539c0 .functor AND 1, L_0x1502537d0, L_0x1502538a0, C4<1>, C4<1>;
L_0x150253a90 .functor OR 1, L_0x150253730, L_0x1502539c0, C4<0>, C4<0>;
L_0x150253d80 .functor AND 1, L_0x150253bc0, L_0x150253ce0, C4<1>, C4<1>;
L_0x150253fc0 .functor AND 1, L_0x150253d80, L_0x150253e90, C4<1>, C4<1>;
L_0x1502540c0 .functor OR 1, L_0x150253a90, L_0x150253fc0, C4<0>, C4<0>;
L_0x150254580 .functor AND 1, L_0x1502543d0, L_0x150254470, C4<1>, C4<1>;
L_0x150254690 .functor OR 1, L_0x1502542d0, L_0x150254580, C4<0>, C4<0>;
L_0x150254510 .functor AND 1, L_0x150254740, L_0x1502547e0, C4<1>, C4<1>;
L_0x150254b10 .functor AND 1, L_0x150254510, L_0x150254a70, C4<1>, C4<1>;
L_0x150254be0 .functor OR 1, L_0x150254690, L_0x150254b10, C4<0>, C4<0>;
L_0x150254a00 .functor AND 1, L_0x150254d50, L_0x150254e80, C4<1>, C4<1>;
L_0x1502550c0 .functor AND 1, L_0x150254a00, L_0x150254f80, C4<1>, C4<1>;
L_0x1502552a0 .functor AND 1, L_0x1502550c0, L_0x150255200, C4<1>, C4<1>;
L_0x150255310 .functor OR 1, L_0x150254be0, L_0x1502552a0, C4<0>, C4<0>;
L_0x150253940 .functor AND 1, L_0x150255020, L_0x150255730, C4<1>, C4<1>;
L_0x1502556c0 .functor OR 1, L_0x1502554e0, L_0x150253940, C4<0>, C4<0>;
L_0x150255b30 .functor AND 1, L_0x150255440, L_0x1502559c0, C4<1>, C4<1>;
L_0x150255810 .functor AND 1, L_0x150255b30, L_0x150255c00, C4<1>, C4<1>;
L_0x150255e00 .functor OR 1, L_0x1502556c0, L_0x150255810, C4<0>, C4<0>;
L_0x150255950 .functor AND 1, L_0x150255eb0, L_0x150256030, C4<1>, C4<1>;
L_0x150255d40 .functor AND 1, L_0x150255950, L_0x1502562d0, C4<1>, C4<1>;
L_0x150256460 .functor AND 1, L_0x150255d40, L_0x150255f90, C4<1>, C4<1>;
L_0x150256630 .functor OR 1, L_0x150255e00, L_0x150256460, C4<0>, C4<0>;
L_0x150255aa0 .functor AND 1, L_0x1502566e0, L_0x150256880, C4<1>, C4<1>;
L_0x150256780 .functor AND 1, L_0x150255aa0, L_0x1502563b0, C4<1>, C4<1>;
L_0x150256b80 .functor AND 1, L_0x150256780, L_0x150256590, C4<1>, C4<1>;
L_0x150256a70 .functor AND 1, L_0x150256b80, L_0x150256d70, C4<1>, C4<1>;
L_0x150256980 .functor OR 1, L_0x150256630, L_0x150256a70, C4<0>, C4<0>;
L_0x150256c70 .functor XOR 4, L_0x150252b20, L_0x150254170, C4<0000>, C4<0000>;
v0x1500667f0_0 .net "G", 3 0, L_0x150253000;  1 drivers
v0x150066880_0 .net "P", 3 0, L_0x150252b20;  1 drivers
v0x1500767a0_0 .net *"_ivl_102", 0 0, L_0x150255c00;  1 drivers
v0x150076830_0 .net *"_ivl_103", 0 0, L_0x150255810;  1 drivers
v0x150055100_0 .net *"_ivl_105", 0 0, L_0x150255e00;  1 drivers
v0x150055190_0 .net *"_ivl_108", 0 0, L_0x150255eb0;  1 drivers
v0x1500650a0_0 .net *"_ivl_11", 0 0, L_0x150253220;  1 drivers
v0x150065130_0 .net *"_ivl_110", 0 0, L_0x150256030;  1 drivers
v0x150054090_0 .net *"_ivl_111", 0 0, L_0x150255950;  1 drivers
v0x150054120_0 .net *"_ivl_114", 0 0, L_0x1502562d0;  1 drivers
v0x1500330d0_0 .net *"_ivl_115", 0 0, L_0x150255d40;  1 drivers
v0x150033160_0 .net *"_ivl_118", 0 0, L_0x150255f90;  1 drivers
v0x150043080_0 .net *"_ivl_119", 0 0, L_0x150256460;  1 drivers
v0x150043110_0 .net *"_ivl_121", 0 0, L_0x150256630;  1 drivers
v0x150022030_0 .net *"_ivl_124", 0 0, L_0x1502566e0;  1 drivers
v0x1500220c0_0 .net *"_ivl_126", 0 0, L_0x150256880;  1 drivers
v0x150031ff0_0 .net *"_ivl_127", 0 0, L_0x150255aa0;  1 drivers
v0x150032080_0 .net *"_ivl_13", 0 0, L_0x150253320;  1 drivers
v0x1500b7270_0 .net *"_ivl_130", 0 0, L_0x1502563b0;  1 drivers
v0x1500b7300_0 .net *"_ivl_131", 0 0, L_0x150256780;  1 drivers
v0x15001f730_0 .net *"_ivl_134", 0 0, L_0x150256590;  1 drivers
v0x15001f7c0_0 .net *"_ivl_135", 0 0, L_0x150256b80;  1 drivers
v0x150006490_0 .net *"_ivl_138", 0 0, L_0x150256d70;  1 drivers
v0x150006520_0 .net *"_ivl_139", 0 0, L_0x150256a70;  1 drivers
v0x146fbe290_0 .net *"_ivl_15", 0 0, L_0x150253400;  1 drivers
v0x146fbe320_0 .net *"_ivl_16", 0 0, L_0x1502534e0;  1 drivers
v0x146f798c0_0 .net *"_ivl_18", 0 0, L_0x150253610;  1 drivers
v0x146f79950_0 .net *"_ivl_23", 0 0, L_0x150253730;  1 drivers
v0x146f35110_0 .net *"_ivl_25", 0 0, L_0x1502537d0;  1 drivers
v0x146f351a0_0 .net *"_ivl_27", 0 0, L_0x1502538a0;  1 drivers
v0x150087e60_0 .net *"_ivl_28", 0 0, L_0x1502539c0;  1 drivers
v0x150087ef0_0 .net *"_ivl_30", 0 0, L_0x150253a90;  1 drivers
v0x1500436b0_0 .net *"_ivl_33", 0 0, L_0x150253bc0;  1 drivers
v0x150043740_0 .net *"_ivl_35", 0 0, L_0x150253ce0;  1 drivers
v0x1500b5b10_0 .net *"_ivl_36", 0 0, L_0x150253d80;  1 drivers
v0x150006ac0_0 .net *"_ivl_39", 0 0, L_0x150253e90;  1 drivers
v0x150006b50_0 .net *"_ivl_40", 0 0, L_0x150253fc0;  1 drivers
v0x1500b7cc0_0 .net *"_ivl_42", 0 0, L_0x1502540c0;  1 drivers
v0x1500b7d50_0 .net *"_ivl_48", 0 0, L_0x1502542d0;  1 drivers
v0x146ff0fb0_0 .net *"_ivl_50", 0 0, L_0x1502543d0;  1 drivers
v0x146ff1040_0 .net *"_ivl_52", 0 0, L_0x150254470;  1 drivers
v0x146fdf8b0_0 .net *"_ivl_53", 0 0, L_0x150254580;  1 drivers
v0x146fdf940_0 .net *"_ivl_55", 0 0, L_0x150254690;  1 drivers
v0x146fce8a0_0 .net *"_ivl_58", 0 0, L_0x150254740;  1 drivers
v0x146fce930_0 .net *"_ivl_60", 0 0, L_0x1502547e0;  1 drivers
v0x146fbd890_0 .net *"_ivl_61", 0 0, L_0x150254510;  1 drivers
v0x146fbd920_0 .net *"_ivl_64", 0 0, L_0x150254a70;  1 drivers
v0x146fac800_0 .net *"_ivl_65", 0 0, L_0x150254b10;  1 drivers
v0x146fac890_0 .net *"_ivl_67", 0 0, L_0x150254be0;  1 drivers
v0x146f9aee0_0 .net *"_ivl_7", 0 0, L_0x150253130;  1 drivers
v0x146f9af70_0 .net *"_ivl_70", 0 0, L_0x150254d50;  1 drivers
v0x146f89ed0_0 .net *"_ivl_72", 0 0, L_0x150254e80;  1 drivers
v0x146f89f60_0 .net *"_ivl_73", 0 0, L_0x150254a00;  1 drivers
v0x146f78ec0_0 .net *"_ivl_76", 0 0, L_0x150254f80;  1 drivers
v0x146f78f50_0 .net *"_ivl_77", 0 0, L_0x1502550c0;  1 drivers
v0x146f67e30_0 .net *"_ivl_80", 0 0, L_0x150255200;  1 drivers
v0x146f67ec0_0 .net *"_ivl_81", 0 0, L_0x1502552a0;  1 drivers
v0x146f56730_0 .net *"_ivl_83", 0 0, L_0x150255310;  1 drivers
v0x146f567c0_0 .net *"_ivl_86", 0 0, L_0x1502554e0;  1 drivers
v0x146f45720_0 .net *"_ivl_88", 0 0, L_0x150255020;  1 drivers
v0x146f457b0_0 .net *"_ivl_90", 0 0, L_0x150255730;  1 drivers
v0x146f34710_0 .net *"_ivl_91", 0 0, L_0x150253940;  1 drivers
v0x146f347a0_0 .net *"_ivl_93", 0 0, L_0x1502556c0;  1 drivers
v0x146f23680_0 .net *"_ivl_96", 0 0, L_0x150255440;  1 drivers
v0x146f23710_0 .net *"_ivl_98", 0 0, L_0x1502559c0;  1 drivers
v0x1500a9480_0 .net *"_ivl_99", 0 0, L_0x150255b30;  1 drivers
v0x1500a9510_0 .net "a", 3 0, L_0x150257040;  1 drivers
v0x150098470_0 .net "b", 3 0, L_0x1502570e0;  1 drivers
v0x150098500_0 .net "c", 3 0, L_0x150254170;  1 drivers
v0x150087460_0 .net "cin", 0 0, L_0x1502527c0;  alias, 1 drivers
v0x1500874f0_0 .net "cout", 0 0, L_0x150256980;  alias, 1 drivers
v0x1500763d0_0 .net "sum", 3 0, L_0x150256c70;  1 drivers
L_0x150253220 .part L_0x150253000, 0, 1;
L_0x150253320 .part L_0x150252b20, 0, 1;
L_0x150253400 .part L_0x150254170, 0, 1;
L_0x150253730 .part L_0x150253000, 1, 1;
L_0x1502537d0 .part L_0x150252b20, 1, 1;
L_0x1502538a0 .part L_0x150253000, 0, 1;
L_0x150253bc0 .part L_0x150252b20, 1, 1;
L_0x150253ce0 .part L_0x150252b20, 0, 1;
L_0x150253e90 .part L_0x150254170, 0, 1;
L_0x150254170 .concat8 [ 1 1 1 1], L_0x150253130, L_0x150253610, L_0x1502540c0, L_0x150255310;
L_0x1502542d0 .part L_0x150253000, 2, 1;
L_0x1502543d0 .part L_0x150252b20, 2, 1;
L_0x150254470 .part L_0x150253000, 1, 1;
L_0x150254740 .part L_0x150252b20, 2, 1;
L_0x1502547e0 .part L_0x150252b20, 1, 1;
L_0x150254a70 .part L_0x150253000, 0, 1;
L_0x150254d50 .part L_0x150252b20, 2, 1;
L_0x150254e80 .part L_0x150252b20, 1, 1;
L_0x150254f80 .part L_0x150252b20, 0, 1;
L_0x150255200 .part L_0x150254170, 0, 1;
L_0x1502554e0 .part L_0x150253000, 3, 1;
L_0x150255020 .part L_0x150252b20, 3, 1;
L_0x150255730 .part L_0x150253000, 2, 1;
L_0x150255440 .part L_0x150252b20, 3, 1;
L_0x1502559c0 .part L_0x150252b20, 2, 1;
L_0x150255c00 .part L_0x150253000, 1, 1;
L_0x150255eb0 .part L_0x150252b20, 3, 1;
L_0x150256030 .part L_0x150252b20, 2, 1;
L_0x1502562d0 .part L_0x150252b20, 1, 1;
L_0x150255f90 .part L_0x150253000, 0, 1;
L_0x1502566e0 .part L_0x150252b20, 3, 1;
L_0x150256880 .part L_0x150252b20, 2, 1;
L_0x1502563b0 .part L_0x150252b20, 1, 1;
L_0x150256590 .part L_0x150252b20, 0, 1;
L_0x150256d70 .part L_0x150254170, 0, 1;
S_0x146f0b960 .scope module, "n2" "cla16" 5 33, 5 4 0, S_0x146efc7c0;
 .timescale -9 -11;
    .port_info 0 /INPUT 16 "d1";
    .port_info 1 /INPUT 16 "d2";
    .port_info 2 /INPUT 1 "cin";
    .port_info 3 /OUTPUT 16 "sum";
    .port_info 4 /OUTPUT 1 "cout";
P_0x150006990 .param/l "DATA_WIDTH" 0 5 4, +C4<00000000000000000000000000100000>;
v0x1500d8bd0_0 .net "c1", 0 0, L_0x15025ae20;  1 drivers
v0x1500d8c60_0 .net "c2", 0 0, L_0x15025f020;  1 drivers
v0x1500d8cf0_0 .net "c3", 0 0, L_0x150263250;  1 drivers
v0x1500d8d80_0 .net "cin", 0 0, L_0x150256980;  alias, 1 drivers
v0x1500d8e10_0 .net8 "cout", 0 0, RS_0x148057270;  alias, 3 drivers
v0x1500d8ea0_0 .net "d1", 15 0, L_0x150267e40;  1 drivers
v0x1500d8f30_0 .net "d2", 15 0, L_0x150267ee0;  1 drivers
v0x1500d8fc0_0 .net "sum", 15 0, L_0x150267c90;  1 drivers
L_0x15025b4e0 .part L_0x150267e40, 0, 4;
L_0x15025b580 .part L_0x150267ee0, 0, 4;
L_0x15025f6e0 .part L_0x150267e40, 4, 4;
L_0x15025f780 .part L_0x150267ee0, 4, 4;
L_0x150263910 .part L_0x150267e40, 8, 4;
L_0x1502639b0 .part L_0x150267ee0, 8, 4;
L_0x150267ad0 .part L_0x150267e40, 12, 4;
L_0x150267b70 .part L_0x150267ee0, 12, 4;
L_0x150267c90 .concat8 [ 4 4 4 4], L_0x15025b110, L_0x15025f310, L_0x150263540, L_0x150267700;
S_0x146f0a930 .scope module, "n1" "cla_4" 5 14, 6 3 0, S_0x146f0b960;
 .timescale -9 -11;
    .port_info 0 /INPUT 4 "a";
    .port_info 1 /INPUT 4 "b";
    .port_info 2 /INPUT 1 "cin";
    .port_info 3 /OUTPUT 4 "sum";
    .port_info 4 /OUTPUT 1 "cout";
L_0x1502574f0 .functor XOR 4, L_0x15025b4e0, L_0x15025b580, C4<0000>, C4<0000>;
L_0x150257560 .functor AND 4, L_0x15025b4e0, L_0x15025b580, C4<1111>, C4<1111>;
L_0x150257650 .functor BUFZ 1, L_0x150256980, C4<0>, C4<0>, C4<0>;
L_0x150257980 .functor AND 1, L_0x1502577c0, L_0x1502578a0, C4<1>, C4<1>;
L_0x150257ab0 .functor OR 1, L_0x1502576c0, L_0x150257980, C4<0>, C4<0>;
L_0x150257e60 .functor AND 1, L_0x150257c70, L_0x150257d40, C4<1>, C4<1>;
L_0x150257f30 .functor OR 1, L_0x150257bd0, L_0x150257e60, C4<0>, C4<0>;
L_0x150258220 .functor AND 1, L_0x150258060, L_0x150258180, C4<1>, C4<1>;
L_0x150258460 .functor AND 1, L_0x150258220, L_0x150258330, C4<1>, C4<1>;
L_0x150258560 .functor OR 1, L_0x150257f30, L_0x150258460, C4<0>, C4<0>;
L_0x150258a20 .functor AND 1, L_0x150258870, L_0x150258910, C4<1>, C4<1>;
L_0x150258b30 .functor OR 1, L_0x150258770, L_0x150258a20, C4<0>, C4<0>;
L_0x1502589b0 .functor AND 1, L_0x150258be0, L_0x150258c80, C4<1>, C4<1>;
L_0x150258fb0 .functor AND 1, L_0x1502589b0, L_0x150258f10, C4<1>, C4<1>;
L_0x150259080 .functor OR 1, L_0x150258b30, L_0x150258fb0, C4<0>, C4<0>;
L_0x150258ea0 .functor AND 1, L_0x1502591f0, L_0x150259320, C4<1>, C4<1>;
L_0x150259560 .functor AND 1, L_0x150258ea0, L_0x150259420, C4<1>, C4<1>;
L_0x150259740 .functor AND 1, L_0x150259560, L_0x1502596a0, C4<1>, C4<1>;
L_0x1502597b0 .functor OR 1, L_0x150259080, L_0x150259740, C4<0>, C4<0>;
L_0x150257de0 .functor AND 1, L_0x1502594c0, L_0x150259bd0, C4<1>, C4<1>;
L_0x150259b60 .functor OR 1, L_0x150259980, L_0x150257de0, C4<0>, C4<0>;
L_0x150259fd0 .functor AND 1, L_0x1502598e0, L_0x150259e60, C4<1>, C4<1>;
L_0x150259cb0 .functor AND 1, L_0x150259fd0, L_0x15025a0a0, C4<1>, C4<1>;
L_0x15025a2a0 .functor OR 1, L_0x150259b60, L_0x150259cb0, C4<0>, C4<0>;
L_0x150259df0 .functor AND 1, L_0x15025a350, L_0x15025a4d0, C4<1>, C4<1>;
L_0x15025a1e0 .functor AND 1, L_0x150259df0, L_0x15025a770, C4<1>, C4<1>;
L_0x15025a900 .functor AND 1, L_0x15025a1e0, L_0x15025a430, C4<1>, C4<1>;
L_0x15025aad0 .functor OR 1, L_0x15025a2a0, L_0x15025a900, C4<0>, C4<0>;
L_0x150259f40 .functor AND 1, L_0x15025ab80, L_0x15025ad20, C4<1>, C4<1>;
L_0x15025ac20 .functor AND 1, L_0x150259f40, L_0x15025a850, C4<1>, C4<1>;
L_0x15025b020 .functor AND 1, L_0x15025ac20, L_0x15025aa30, C4<1>, C4<1>;
L_0x15025af10 .functor AND 1, L_0x15025b020, L_0x15025b210, C4<1>, C4<1>;
L_0x15025ae20 .functor OR 1, L_0x15025aad0, L_0x15025af10, C4<0>, C4<0>;
L_0x15025b110 .functor XOR 4, L_0x1502574f0, L_0x150258610, C4<0000>, C4<0000>;
v0x150031cb0_0 .net "G", 3 0, L_0x150257560;  1 drivers
v0x15001f360_0 .net "P", 3 0, L_0x1502574f0;  1 drivers
v0x15001f3f0_0 .net *"_ivl_102", 0 0, L_0x15025a0a0;  1 drivers
v0x1500060c0_0 .net *"_ivl_103", 0 0, L_0x150259cb0;  1 drivers
v0x150006150_0 .net *"_ivl_105", 0 0, L_0x15025a2a0;  1 drivers
v0x146f09900_0 .net *"_ivl_108", 0 0, L_0x15025a350;  1 drivers
v0x146f09990_0 .net *"_ivl_11", 0 0, L_0x1502576c0;  1 drivers
v0x146f088d0_0 .net *"_ivl_110", 0 0, L_0x15025a4d0;  1 drivers
v0x146f08960_0 .net *"_ivl_111", 0 0, L_0x150259df0;  1 drivers
v0x146f078a0_0 .net *"_ivl_114", 0 0, L_0x15025a770;  1 drivers
v0x146f07930_0 .net *"_ivl_115", 0 0, L_0x15025a1e0;  1 drivers
v0x146f06870_0 .net *"_ivl_118", 0 0, L_0x15025a430;  1 drivers
v0x146f06900_0 .net *"_ivl_119", 0 0, L_0x15025a900;  1 drivers
v0x146f0d7e0_0 .net *"_ivl_121", 0 0, L_0x15025aad0;  1 drivers
v0x146f0d870_0 .net *"_ivl_124", 0 0, L_0x15025ab80;  1 drivers
v0x146f103e0_0 .net *"_ivl_126", 0 0, L_0x15025ad20;  1 drivers
v0x146f10470_0 .net *"_ivl_127", 0 0, L_0x150259f40;  1 drivers
v0x146f57910_0 .net *"_ivl_13", 0 0, L_0x1502577c0;  1 drivers
v0x146f579a0_0 .net *"_ivl_130", 0 0, L_0x15025a850;  1 drivers
v0x150065eb0_0 .net *"_ivl_131", 0 0, L_0x15025ac20;  1 drivers
v0x150065f40_0 .net *"_ivl_134", 0 0, L_0x15025aa30;  1 drivers
v0x1500b7ac0_0 .net *"_ivl_135", 0 0, L_0x15025b020;  1 drivers
v0x1500b7b50_0 .net *"_ivl_138", 0 0, L_0x15025b210;  1 drivers
v0x146f11020_0 .net *"_ivl_139", 0 0, L_0x15025af10;  1 drivers
v0x146f110b0_0 .net *"_ivl_15", 0 0, L_0x1502578a0;  1 drivers
v0x146e71390_0 .net *"_ivl_16", 0 0, L_0x150257980;  1 drivers
v0x146e71420_0 .net *"_ivl_18", 0 0, L_0x150257ab0;  1 drivers
v0x146f129b0_0 .net *"_ivl_23", 0 0, L_0x150257bd0;  1 drivers
v0x146f12a40_0 .net *"_ivl_25", 0 0, L_0x150257c70;  1 drivers
v0x146fe05c0_0 .net *"_ivl_27", 0 0, L_0x150257d40;  1 drivers
v0x146fe0650_0 .net *"_ivl_28", 0 0, L_0x150257e60;  1 drivers
v0x146fe06e0_0 .net *"_ivl_30", 0 0, L_0x150257f30;  1 drivers
v0x146f9bbf0_0 .net *"_ivl_33", 0 0, L_0x150258060;  1 drivers
v0x146f9c470_0 .net *"_ivl_35", 0 0, L_0x150258180;  1 drivers
v0x146f9c500_0 .net *"_ivl_36", 0 0, L_0x150258220;  1 drivers
v0x146f9bc80_0 .net *"_ivl_39", 0 0, L_0x150258330;  1 drivers
v0x146f9bd10_0 .net *"_ivl_40", 0 0, L_0x150258460;  1 drivers
v0x146f9bda0_0 .net *"_ivl_42", 0 0, L_0x150258560;  1 drivers
v0x146f46430_0 .net *"_ivl_48", 0 0, L_0x150258770;  1 drivers
v0x146f464c0_0 .net *"_ivl_50", 0 0, L_0x150258870;  1 drivers
v0x146f46550_0 .net *"_ivl_52", 0 0, L_0x150258910;  1 drivers
v0x146f465e0_0 .net *"_ivl_53", 0 0, L_0x150258a20;  1 drivers
v0x1500aa190_0 .net *"_ivl_55", 0 0, L_0x150258b30;  1 drivers
v0x1500aa220_0 .net *"_ivl_58", 0 0, L_0x150258be0;  1 drivers
v0x1500aa2b0_0 .net *"_ivl_60", 0 0, L_0x150258c80;  1 drivers
v0x1500aa340_0 .net *"_ivl_61", 0 0, L_0x1502589b0;  1 drivers
v0x1500659e0_0 .net *"_ivl_64", 0 0, L_0x150258f10;  1 drivers
v0x150065a70_0 .net *"_ivl_65", 0 0, L_0x150258fb0;  1 drivers
v0x150065b00_0 .net *"_ivl_67", 0 0, L_0x150259080;  1 drivers
v0x150065b90_0 .net *"_ivl_7", 0 0, L_0x150257650;  1 drivers
v0x146fcf5a0_0 .net *"_ivl_70", 0 0, L_0x1502591f0;  1 drivers
v0x146fcf630_0 .net *"_ivl_72", 0 0, L_0x150259320;  1 drivers
v0x146fcf6c0_0 .net *"_ivl_73", 0 0, L_0x150258ea0;  1 drivers
v0x146fcf750_0 .net *"_ivl_76", 0 0, L_0x150259420;  1 drivers
v0x1500549c0_0 .net *"_ivl_77", 0 0, L_0x150259560;  1 drivers
v0x150054a50_0 .net *"_ivl_80", 0 0, L_0x1502596a0;  1 drivers
v0x150054ae0_0 .net *"_ivl_81", 0 0, L_0x150259740;  1 drivers
v0x150054b70_0 .net *"_ivl_83", 0 0, L_0x1502597b0;  1 drivers
v0x146f8abc0_0 .net *"_ivl_86", 0 0, L_0x150259980;  1 drivers
v0x146f8ac50_0 .net *"_ivl_88", 0 0, L_0x1502594c0;  1 drivers
v0x146f8ace0_0 .net *"_ivl_90", 0 0, L_0x150259bd0;  1 drivers
v0x146f8ad70_0 .net *"_ivl_91", 0 0, L_0x150257de0;  1 drivers
v0x150099160_0 .net *"_ivl_93", 0 0, L_0x150259b60;  1 drivers
v0x1500991f0_0 .net *"_ivl_96", 0 0, L_0x1502598e0;  1 drivers
v0x150099280_0 .net *"_ivl_98", 0 0, L_0x150259e60;  1 drivers
v0x150099310_0 .net *"_ivl_99", 0 0, L_0x150259fd0;  1 drivers
v0x146f57440_0 .net "a", 3 0, L_0x15025b4e0;  1 drivers
v0x146f574d0_0 .net "b", 3 0, L_0x15025b580;  1 drivers
v0x146f57560_0 .net "c", 3 0, L_0x150258610;  1 drivers
v0x150020050_0 .net "cin", 0 0, L_0x150256980;  alias, 1 drivers
v0x1500200e0_0 .net "cout", 0 0, L_0x15025ae20;  alias, 1 drivers
v0x150020170_0 .net "sum", 3 0, L_0x15025b110;  1 drivers
L_0x1502576c0 .part L_0x150257560, 0, 1;
L_0x1502577c0 .part L_0x1502574f0, 0, 1;
L_0x1502578a0 .part L_0x150258610, 0, 1;
L_0x150257bd0 .part L_0x150257560, 1, 1;
L_0x150257c70 .part L_0x1502574f0, 1, 1;
L_0x150257d40 .part L_0x150257560, 0, 1;
L_0x150258060 .part L_0x1502574f0, 1, 1;
L_0x150258180 .part L_0x1502574f0, 0, 1;
L_0x150258330 .part L_0x150258610, 0, 1;
L_0x150258610 .concat8 [ 1 1 1 1], L_0x150257650, L_0x150257ab0, L_0x150258560, L_0x1502597b0;
L_0x150258770 .part L_0x150257560, 2, 1;
L_0x150258870 .part L_0x1502574f0, 2, 1;
L_0x150258910 .part L_0x150257560, 1, 1;
L_0x150258be0 .part L_0x1502574f0, 2, 1;
L_0x150258c80 .part L_0x1502574f0, 1, 1;
L_0x150258f10 .part L_0x150257560, 0, 1;
L_0x1502591f0 .part L_0x1502574f0, 2, 1;
L_0x150259320 .part L_0x1502574f0, 1, 1;
L_0x150259420 .part L_0x1502574f0, 0, 1;
L_0x1502596a0 .part L_0x150258610, 0, 1;
L_0x150259980 .part L_0x150257560, 3, 1;
L_0x1502594c0 .part L_0x1502574f0, 3, 1;
L_0x150259bd0 .part L_0x150257560, 2, 1;
L_0x1502598e0 .part L_0x1502574f0, 3, 1;
L_0x150259e60 .part L_0x1502574f0, 2, 1;
L_0x15025a0a0 .part L_0x150257560, 1, 1;
L_0x15025a350 .part L_0x1502574f0, 3, 1;
L_0x15025a4d0 .part L_0x1502574f0, 2, 1;
L_0x15025a770 .part L_0x1502574f0, 1, 1;
L_0x15025a430 .part L_0x150257560, 0, 1;
L_0x15025ab80 .part L_0x1502574f0, 3, 1;
L_0x15025ad20 .part L_0x1502574f0, 2, 1;
L_0x15025a850 .part L_0x1502574f0, 1, 1;
L_0x15025aa30 .part L_0x1502574f0, 0, 1;
L_0x15025b210 .part L_0x150258610, 0, 1;
S_0x146ff1cd0 .scope module, "n2" "cla_4" 5 15, 6 3 0, S_0x146f0b960;
 .timescale -9 -11;
    .port_info 0 /INPUT 4 "a";
    .port_info 1 /INPUT 4 "b";
    .port_info 2 /INPUT 1 "cin";
    .port_info 3 /OUTPUT 4 "sum";
    .port_info 4 /OUTPUT 1 "cout";
L_0x15025b1a0 .functor XOR 4, L_0x15025f6e0, L_0x15025f780, C4<0000>, C4<0000>;
L_0x15025b6a0 .functor AND 4, L_0x15025f6e0, L_0x15025f780, C4<1111>, C4<1111>;
L_0x15025b7d0 .functor BUFZ 1, L_0x15025ae20, C4<0>, C4<0>, C4<0>;
L_0x15025bb80 .functor AND 1, L_0x15025b9c0, L_0x15025baa0, C4<1>, C4<1>;
L_0x15025bcb0 .functor OR 1, L_0x15025b8c0, L_0x15025bb80, C4<0>, C4<0>;
L_0x15025c060 .functor AND 1, L_0x15025be70, L_0x15025bf40, C4<1>, C4<1>;
L_0x15025c130 .functor OR 1, L_0x15025bdd0, L_0x15025c060, C4<0>, C4<0>;
L_0x15025c420 .functor AND 1, L_0x15025c260, L_0x15025c380, C4<1>, C4<1>;
L_0x15025c660 .functor AND 1, L_0x15025c420, L_0x15025c530, C4<1>, C4<1>;
L_0x15025c760 .functor OR 1, L_0x15025c130, L_0x15025c660, C4<0>, C4<0>;
L_0x15025cc20 .functor AND 1, L_0x15025ca70, L_0x15025cb10, C4<1>, C4<1>;
L_0x15025cd30 .functor OR 1, L_0x15025c970, L_0x15025cc20, C4<0>, C4<0>;
L_0x15025cbb0 .functor AND 1, L_0x15025cde0, L_0x15025ce80, C4<1>, C4<1>;
L_0x15025d1b0 .functor AND 1, L_0x15025cbb0, L_0x15025d110, C4<1>, C4<1>;
L_0x15025d280 .functor OR 1, L_0x15025cd30, L_0x15025d1b0, C4<0>, C4<0>;
L_0x15025d0a0 .functor AND 1, L_0x15025d3f0, L_0x15025d520, C4<1>, C4<1>;
L_0x15025d760 .functor AND 1, L_0x15025d0a0, L_0x15025d620, C4<1>, C4<1>;
L_0x15025d940 .functor AND 1, L_0x15025d760, L_0x15025d8a0, C4<1>, C4<1>;
L_0x15025d9b0 .functor OR 1, L_0x15025d280, L_0x15025d940, C4<0>, C4<0>;
L_0x15025bfe0 .functor AND 1, L_0x15025d6c0, L_0x15025ddd0, C4<1>, C4<1>;
L_0x15025dd60 .functor OR 1, L_0x15025db80, L_0x15025bfe0, C4<0>, C4<0>;
L_0x15025e1d0 .functor AND 1, L_0x15025dae0, L_0x15025e060, C4<1>, C4<1>;
L_0x15025deb0 .functor AND 1, L_0x15025e1d0, L_0x15025e2a0, C4<1>, C4<1>;
L_0x15025e4a0 .functor OR 1, L_0x15025dd60, L_0x15025deb0, C4<0>, C4<0>;
L_0x15025dff0 .functor AND 1, L_0x15025e550, L_0x15025e6d0, C4<1>, C4<1>;
L_0x15025e3e0 .functor AND 1, L_0x15025dff0, L_0x15025e970, C4<1>, C4<1>;
L_0x15025eb00 .functor AND 1, L_0x15025e3e0, L_0x15025e630, C4<1>, C4<1>;
L_0x15025ecd0 .functor OR 1, L_0x15025e4a0, L_0x15025eb00, C4<0>, C4<0>;
L_0x15025e140 .functor AND 1, L_0x15025ed80, L_0x15025ef20, C4<1>, C4<1>;
L_0x15025ee20 .functor AND 1, L_0x15025e140, L_0x15025ea50, C4<1>, C4<1>;
L_0x15025f220 .functor AND 1, L_0x15025ee20, L_0x15025ec30, C4<1>, C4<1>;
L_0x15025f110 .functor AND 1, L_0x15025f220, L_0x15025f410, C4<1>, C4<1>;
L_0x15025f020 .functor OR 1, L_0x15025ecd0, L_0x15025f110, C4<0>, C4<0>;
L_0x15025f310 .functor XOR 4, L_0x15025b1a0, L_0x15025c810, C4<0000>, C4<0000>;
v0x150020200_0 .net "G", 3 0, L_0x15025b6a0;  1 drivers
v0x146ff1e40_0 .net "P", 3 0, L_0x15025b1a0;  1 drivers
v0x146fad520_0 .net *"_ivl_102", 0 0, L_0x15025e2a0;  1 drivers
v0x146fad5b0_0 .net *"_ivl_103", 0 0, L_0x15025deb0;  1 drivers
v0x146fad640_0 .net *"_ivl_105", 0 0, L_0x15025e4a0;  1 drivers
v0x146fad6d0_0 .net *"_ivl_108", 0 0, L_0x15025e550;  1 drivers
v0x146f243a0_0 .net *"_ivl_11", 0 0, L_0x15025b8c0;  1 drivers
v0x146f24430_0 .net *"_ivl_110", 0 0, L_0x15025e6d0;  1 drivers
v0x146f244c0_0 .net *"_ivl_111", 0 0, L_0x15025dff0;  1 drivers
v0x146f24550_0 .net *"_ivl_114", 0 0, L_0x15025e970;  1 drivers
v0x1500770f0_0 .net *"_ivl_115", 0 0, L_0x15025e3e0;  1 drivers
v0x150077180_0 .net *"_ivl_118", 0 0, L_0x15025e630;  1 drivers
v0x150077210_0 .net *"_ivl_119", 0 0, L_0x15025eb00;  1 drivers
v0x1500772a0_0 .net *"_ivl_121", 0 0, L_0x15025ecd0;  1 drivers
v0x150032940_0 .net *"_ivl_124", 0 0, L_0x15025ed80;  1 drivers
v0x1500329d0_0 .net *"_ivl_126", 0 0, L_0x15025ef20;  1 drivers
v0x150032a60_0 .net *"_ivl_127", 0 0, L_0x15025e140;  1 drivers
v0x150032af0_0 .net *"_ivl_13", 0 0, L_0x15025b9c0;  1 drivers
v0x150020910_0 .net *"_ivl_130", 0 0, L_0x15025ea50;  1 drivers
v0x1500209a0_0 .net *"_ivl_131", 0 0, L_0x15025ee20;  1 drivers
v0x146f68b30_0 .net *"_ivl_134", 0 0, L_0x15025ec30;  1 drivers
v0x146f68bc0_0 .net *"_ivl_135", 0 0, L_0x15025f220;  1 drivers
v0x146f68c50_0 .net *"_ivl_138", 0 0, L_0x15025f410;  1 drivers
v0x146f68ce0_0 .net *"_ivl_139", 0 0, L_0x15025f110;  1 drivers
v0x146fbe510_0 .net *"_ivl_15", 0 0, L_0x15025baa0;  1 drivers
v0x146fbe5a0_0 .net *"_ivl_16", 0 0, L_0x15025bb80;  1 drivers
v0x146fbe630_0 .net *"_ivl_18", 0 0, L_0x15025bcb0;  1 drivers
v0x146fbe6c0_0 .net *"_ivl_23", 0 0, L_0x15025bdd0;  1 drivers
v0x146f35390_0 .net *"_ivl_25", 0 0, L_0x15025be70;  1 drivers
v0x146f35420_0 .net *"_ivl_27", 0 0, L_0x15025bf40;  1 drivers
v0x146f354b0_0 .net *"_ivl_28", 0 0, L_0x15025c060;  1 drivers
v0x146f35540_0 .net *"_ivl_30", 0 0, L_0x15025c130;  1 drivers
v0x1500880e0_0 .net *"_ivl_33", 0 0, L_0x15025c260;  1 drivers
v0x150020810_0 .net *"_ivl_35", 0 0, L_0x15025c380;  1 drivers
v0x150043930_0 .net *"_ivl_36", 0 0, L_0x15025c420;  1 drivers
v0x1500439c0_0 .net *"_ivl_39", 0 0, L_0x15025c530;  1 drivers
v0x150043a50_0 .net *"_ivl_40", 0 0, L_0x15025c660;  1 drivers
v0x150043ae0_0 .net *"_ivl_42", 0 0, L_0x15025c760;  1 drivers
v0x150006d40_0 .net *"_ivl_48", 0 0, L_0x15025c970;  1 drivers
v0x150006dd0_0 .net *"_ivl_50", 0 0, L_0x15025ca70;  1 drivers
v0x150006e60_0 .net *"_ivl_52", 0 0, L_0x15025cb10;  1 drivers
v0x150006ef0_0 .net *"_ivl_53", 0 0, L_0x15025cc20;  1 drivers
v0x146f79b40_0 .net *"_ivl_55", 0 0, L_0x15025cd30;  1 drivers
v0x146f79bd0_0 .net *"_ivl_58", 0 0, L_0x15025cde0;  1 drivers
v0x146f79c60_0 .net *"_ivl_60", 0 0, L_0x15025ce80;  1 drivers
v0x146f79cf0_0 .net *"_ivl_61", 0 0, L_0x15025cbb0;  1 drivers
v0x146f79d80_0 .net *"_ivl_64", 0 0, L_0x15025d110;  1 drivers
v0x146e35ba0_0 .net *"_ivl_65", 0 0, L_0x15025d1b0;  1 drivers
v0x146e35c30_0 .net *"_ivl_67", 0 0, L_0x15025d280;  1 drivers
v0x146e35cc0_0 .net *"_ivl_7", 0 0, L_0x15025b7d0;  1 drivers
v0x146e35d50_0 .net *"_ivl_70", 0 0, L_0x15025d3f0;  1 drivers
v0x146e35de0_0 .net *"_ivl_72", 0 0, L_0x15025d520;  1 drivers
v0x146e825e0_0 .net *"_ivl_73", 0 0, L_0x15025d0a0;  1 drivers
v0x146e82670_0 .net *"_ivl_76", 0 0, L_0x15025d620;  1 drivers
v0x146e82700_0 .net *"_ivl_77", 0 0, L_0x15025d760;  1 drivers
v0x146e82790_0 .net *"_ivl_80", 0 0, L_0x15025d8a0;  1 drivers
v0x146e82820_0 .net *"_ivl_81", 0 0, L_0x15025d940;  1 drivers
v0x146e816a0_0 .net *"_ivl_83", 0 0, L_0x15025d9b0;  1 drivers
v0x146e81730_0 .net *"_ivl_86", 0 0, L_0x15025db80;  1 drivers
v0x146e817c0_0 .net *"_ivl_88", 0 0, L_0x15025d6c0;  1 drivers
v0x146e81850_0 .net *"_ivl_90", 0 0, L_0x15025ddd0;  1 drivers
v0x146e818e0_0 .net *"_ivl_91", 0 0, L_0x15025bfe0;  1 drivers
v0x146e83540_0 .net *"_ivl_93", 0 0, L_0x15025dd60;  1 drivers
v0x146e835d0_0 .net *"_ivl_96", 0 0, L_0x15025dae0;  1 drivers
v0x146e83660_0 .net *"_ivl_98", 0 0, L_0x15025e060;  1 drivers
v0x146e836f0_0 .net *"_ivl_99", 0 0, L_0x15025e1d0;  1 drivers
v0x146e83780_0 .net "a", 3 0, L_0x15025f6e0;  1 drivers
v0x150088170_0 .net "b", 3 0, L_0x15025f780;  1 drivers
v0x150088200_0 .net "c", 3 0, L_0x15025c810;  1 drivers
v0x150088290_0 .net "cin", 0 0, L_0x15025ae20;  alias, 1 drivers
v0x146e844a0_0 .net "cout", 0 0, L_0x15025f020;  alias, 1 drivers
v0x146e84530_0 .net "sum", 3 0, L_0x15025f310;  1 drivers
L_0x15025b8c0 .part L_0x15025b6a0, 0, 1;
L_0x15025b9c0 .part L_0x15025b1a0, 0, 1;
L_0x15025baa0 .part L_0x15025c810, 0, 1;
L_0x15025bdd0 .part L_0x15025b6a0, 1, 1;
L_0x15025be70 .part L_0x15025b1a0, 1, 1;
L_0x15025bf40 .part L_0x15025b6a0, 0, 1;
L_0x15025c260 .part L_0x15025b1a0, 1, 1;
L_0x15025c380 .part L_0x15025b1a0, 0, 1;
L_0x15025c530 .part L_0x15025c810, 0, 1;
L_0x15025c810 .concat8 [ 1 1 1 1], L_0x15025b7d0, L_0x15025bcb0, L_0x15025c760, L_0x15025d9b0;
L_0x15025c970 .part L_0x15025b6a0, 2, 1;
L_0x15025ca70 .part L_0x15025b1a0, 2, 1;
L_0x15025cb10 .part L_0x15025b6a0, 1, 1;
L_0x15025cde0 .part L_0x15025b1a0, 2, 1;
L_0x15025ce80 .part L_0x15025b1a0, 1, 1;
L_0x15025d110 .part L_0x15025b6a0, 0, 1;
L_0x15025d3f0 .part L_0x15025b1a0, 2, 1;
L_0x15025d520 .part L_0x15025b1a0, 1, 1;
L_0x15025d620 .part L_0x15025b1a0, 0, 1;
L_0x15025d8a0 .part L_0x15025c810, 0, 1;
L_0x15025db80 .part L_0x15025b6a0, 3, 1;
L_0x15025d6c0 .part L_0x15025b1a0, 3, 1;
L_0x15025ddd0 .part L_0x15025b6a0, 2, 1;
L_0x15025dae0 .part L_0x15025b1a0, 3, 1;
L_0x15025e060 .part L_0x15025b1a0, 2, 1;
L_0x15025e2a0 .part L_0x15025b6a0, 1, 1;
L_0x15025e550 .part L_0x15025b1a0, 3, 1;
L_0x15025e6d0 .part L_0x15025b1a0, 2, 1;
L_0x15025e970 .part L_0x15025b1a0, 1, 1;
L_0x15025e630 .part L_0x15025b6a0, 0, 1;
L_0x15025ed80 .part L_0x15025b1a0, 3, 1;
L_0x15025ef20 .part L_0x15025b1a0, 2, 1;
L_0x15025ea50 .part L_0x15025b1a0, 1, 1;
L_0x15025ec30 .part L_0x15025b1a0, 0, 1;
L_0x15025f410 .part L_0x15025c810, 0, 1;
S_0x146e845c0 .scope module, "n3" "cla_4" 5 16, 6 3 0, S_0x146f0b960;
 .timescale -9 -11;
    .port_info 0 /INPUT 4 "a";
    .port_info 1 /INPUT 4 "b";
    .port_info 2 /INPUT 1 "cin";
    .port_info 3 /OUTPUT 4 "sum";
    .port_info 4 /OUTPUT 1 "cout";
L_0x15025f820 .functor XOR 4, L_0x150263910, L_0x1502639b0, C4<0000>, C4<0000>;
L_0x15025f8d0 .functor AND 4, L_0x150263910, L_0x1502639b0, C4<1111>, C4<1111>;
L_0x15025fa00 .functor BUFZ 1, L_0x15025f020, C4<0>, C4<0>, C4<0>;
L_0x15025fdb0 .functor AND 1, L_0x15025fbf0, L_0x15025fcd0, C4<1>, C4<1>;
L_0x15025fee0 .functor OR 1, L_0x15025faf0, L_0x15025fdb0, C4<0>, C4<0>;
L_0x150260290 .functor AND 1, L_0x1502600a0, L_0x150260170, C4<1>, C4<1>;
L_0x150260360 .functor OR 1, L_0x150260000, L_0x150260290, C4<0>, C4<0>;
L_0x150260650 .functor AND 1, L_0x150260490, L_0x1502605b0, C4<1>, C4<1>;
L_0x150260890 .functor AND 1, L_0x150260650, L_0x150260760, C4<1>, C4<1>;
L_0x150260990 .functor OR 1, L_0x150260360, L_0x150260890, C4<0>, C4<0>;
L_0x150260e50 .functor AND 1, L_0x150260ca0, L_0x150260d40, C4<1>, C4<1>;
L_0x150260f60 .functor OR 1, L_0x150260ba0, L_0x150260e50, C4<0>, C4<0>;
L_0x150260de0 .functor AND 1, L_0x150261010, L_0x1502610b0, C4<1>, C4<1>;
L_0x1502613e0 .functor AND 1, L_0x150260de0, L_0x150261340, C4<1>, C4<1>;
L_0x1502614b0 .functor OR 1, L_0x150260f60, L_0x1502613e0, C4<0>, C4<0>;
L_0x1502612d0 .functor AND 1, L_0x150261620, L_0x150261750, C4<1>, C4<1>;
L_0x150261990 .functor AND 1, L_0x1502612d0, L_0x150261850, C4<1>, C4<1>;
L_0x150261b70 .functor AND 1, L_0x150261990, L_0x150261ad0, C4<1>, C4<1>;
L_0x150261be0 .functor OR 1, L_0x1502614b0, L_0x150261b70, C4<0>, C4<0>;
L_0x150260210 .functor AND 1, L_0x1502618f0, L_0x150262000, C4<1>, C4<1>;
L_0x150261f90 .functor OR 1, L_0x150261db0, L_0x150260210, C4<0>, C4<0>;
L_0x150262400 .functor AND 1, L_0x150261d10, L_0x150262290, C4<1>, C4<1>;
L_0x1502620e0 .functor AND 1, L_0x150262400, L_0x1502624d0, C4<1>, C4<1>;
L_0x1502626d0 .functor OR 1, L_0x150261f90, L_0x1502620e0, C4<0>, C4<0>;
L_0x150262220 .functor AND 1, L_0x150262780, L_0x150262900, C4<1>, C4<1>;
L_0x150262610 .functor AND 1, L_0x150262220, L_0x150262ba0, C4<1>, C4<1>;
L_0x150262d30 .functor AND 1, L_0x150262610, L_0x150262860, C4<1>, C4<1>;
L_0x150262f00 .functor OR 1, L_0x1502626d0, L_0x150262d30, C4<0>, C4<0>;
L_0x150262370 .functor AND 1, L_0x150262fb0, L_0x150263150, C4<1>, C4<1>;
L_0x150263050 .functor AND 1, L_0x150262370, L_0x150262c80, C4<1>, C4<1>;
L_0x150263450 .functor AND 1, L_0x150263050, L_0x150262e60, C4<1>, C4<1>;
L_0x150263340 .functor AND 1, L_0x150263450, L_0x150263640, C4<1>, C4<1>;
L_0x150263250 .functor OR 1, L_0x150262f00, L_0x150263340, C4<0>, C4<0>;
L_0x150263540 .functor XOR 4, L_0x15025f820, L_0x150260a40, C4<0000>, C4<0000>;
v0x146e85610_0 .net "G", 3 0, L_0x15025f8d0;  1 drivers
v0x146e856a0_0 .net "P", 3 0, L_0x15025f820;  1 drivers
v0x146e85730_0 .net *"_ivl_102", 0 0, L_0x1502624d0;  1 drivers
v0x146e857c0_0 .net *"_ivl_103", 0 0, L_0x1502620e0;  1 drivers
v0x146e85850_0 .net *"_ivl_105", 0 0, L_0x1502626d0;  1 drivers
v0x146e804e0_0 .net *"_ivl_108", 0 0, L_0x150262780;  1 drivers
v0x146e80570_0 .net *"_ivl_11", 0 0, L_0x15025faf0;  1 drivers
v0x146e80600_0 .net *"_ivl_110", 0 0, L_0x150262900;  1 drivers
v0x146e80690_0 .net *"_ivl_111", 0 0, L_0x150262220;  1 drivers
v0x146e80720_0 .net *"_ivl_114", 0 0, L_0x150262ba0;  1 drivers
v0x146e87680_0 .net *"_ivl_115", 0 0, L_0x150262610;  1 drivers
v0x146e87710_0 .net *"_ivl_118", 0 0, L_0x150262860;  1 drivers
v0x146e877a0_0 .net *"_ivl_119", 0 0, L_0x150262d30;  1 drivers
v0x146e87830_0 .net *"_ivl_121", 0 0, L_0x150262f00;  1 drivers
v0x146e878c0_0 .net *"_ivl_124", 0 0, L_0x150262fb0;  1 drivers
v0x146e86780_0 .net *"_ivl_126", 0 0, L_0x150263150;  1 drivers
v0x146e86810_0 .net *"_ivl_127", 0 0, L_0x150262370;  1 drivers
v0x146e869a0_0 .net *"_ivl_13", 0 0, L_0x15025fbf0;  1 drivers
v0x146e3e180_0 .net *"_ivl_130", 0 0, L_0x150262c80;  1 drivers
v0x146e3e210_0 .net *"_ivl_131", 0 0, L_0x150263050;  1 drivers
v0x146e3e2a0_0 .net *"_ivl_134", 0 0, L_0x150262e60;  1 drivers
v0x146e3e330_0 .net *"_ivl_135", 0 0, L_0x150263450;  1 drivers
v0x146e3e3c0_0 .net *"_ivl_138", 0 0, L_0x150263640;  1 drivers
v0x146e489e0_0 .net *"_ivl_139", 0 0, L_0x150263340;  1 drivers
v0x146e48a70_0 .net *"_ivl_15", 0 0, L_0x15025fcd0;  1 drivers
v0x146e48b00_0 .net *"_ivl_16", 0 0, L_0x15025fdb0;  1 drivers
v0x146e48b90_0 .net *"_ivl_18", 0 0, L_0x15025fee0;  1 drivers
v0x146e48c20_0 .net *"_ivl_23", 0 0, L_0x150260000;  1 drivers
v0x146e7f2e0_0 .net *"_ivl_25", 0 0, L_0x1502600a0;  1 drivers
v0x146e7f370_0 .net *"_ivl_27", 0 0, L_0x150260170;  1 drivers
v0x146e7f400_0 .net *"_ivl_28", 0 0, L_0x150260290;  1 drivers
v0x146e7f490_0 .net *"_ivl_30", 0 0, L_0x150260360;  1 drivers
v0x146e7f520_0 .net *"_ivl_33", 0 0, L_0x150260490;  1 drivers
v0x146e868a0_0 .net *"_ivl_35", 0 0, L_0x1502605b0;  1 drivers
v0x146e225b0_0 .net *"_ivl_36", 0 0, L_0x150260650;  1 drivers
v0x146e32e50_0 .net *"_ivl_39", 0 0, L_0x150260760;  1 drivers
v0x146e32ee0_0 .net *"_ivl_40", 0 0, L_0x150260890;  1 drivers
v0x146e32f70_0 .net *"_ivl_42", 0 0, L_0x150260990;  1 drivers
v0x146e33000_0 .net *"_ivl_48", 0 0, L_0x150260ba0;  1 drivers
v0x146e33090_0 .net *"_ivl_50", 0 0, L_0x150260ca0;  1 drivers
v0x146e1f7a0_0 .net *"_ivl_52", 0 0, L_0x150260d40;  1 drivers
v0x146e1f830_0 .net *"_ivl_53", 0 0, L_0x150260e50;  1 drivers
v0x146e1f8c0_0 .net *"_ivl_55", 0 0, L_0x150260f60;  1 drivers
v0x146e1f950_0 .net *"_ivl_58", 0 0, L_0x150261010;  1 drivers
v0x146e1f9e0_0 .net *"_ivl_60", 0 0, L_0x1502610b0;  1 drivers
v0x146e2d3a0_0 .net *"_ivl_61", 0 0, L_0x150260de0;  1 drivers
v0x146e2d430_0 .net *"_ivl_64", 0 0, L_0x150261340;  1 drivers
v0x146e2d4c0_0 .net *"_ivl_65", 0 0, L_0x1502613e0;  1 drivers
v0x146e2d550_0 .net *"_ivl_67", 0 0, L_0x1502614b0;  1 drivers
v0x146e2d5e0_0 .net *"_ivl_7", 0 0, L_0x15025fa00;  1 drivers
v0x146e67a60_0 .net *"_ivl_70", 0 0, L_0x150261620;  1 drivers
v0x146e67af0_0 .net *"_ivl_72", 0 0, L_0x150261750;  1 drivers
v0x146e67b80_0 .net *"_ivl_73", 0 0, L_0x1502612d0;  1 drivers
v0x146e67c10_0 .net *"_ivl_76", 0 0, L_0x150261850;  1 drivers
v0x146e67ca0_0 .net *"_ivl_77", 0 0, L_0x150261990;  1 drivers
v0x146e304c0_0 .net *"_ivl_80", 0 0, L_0x150261ad0;  1 drivers
v0x146e30550_0 .net *"_ivl_81", 0 0, L_0x150261b70;  1 drivers
v0x146e305e0_0 .net *"_ivl_83", 0 0, L_0x150261be0;  1 drivers
v0x146e30670_0 .net *"_ivl_86", 0 0, L_0x150261db0;  1 drivers
v0x146e30700_0 .net *"_ivl_88", 0 0, L_0x1502618f0;  1 drivers
v0x146e4f250_0 .net *"_ivl_90", 0 0, L_0x150262000;  1 drivers
v0x146e4f2e0_0 .net *"_ivl_91", 0 0, L_0x150260210;  1 drivers
v0x146e4f370_0 .net *"_ivl_93", 0 0, L_0x150261f90;  1 drivers
v0x146e4f400_0 .net *"_ivl_96", 0 0, L_0x150261d10;  1 drivers
v0x146e4f490_0 .net *"_ivl_98", 0 0, L_0x150262290;  1 drivers
v0x146e223b0_0 .net *"_ivl_99", 0 0, L_0x150262400;  1 drivers
v0x146e22440_0 .net "a", 3 0, L_0x150263910;  1 drivers
v0x146e224d0_0 .net "b", 3 0, L_0x1502639b0;  1 drivers
v0x146e6aaf0_0 .net "c", 3 0, L_0x150260a40;  1 drivers
v0x146e6ab80_0 .net "cin", 0 0, L_0x15025f020;  alias, 1 drivers
v0x146e6ac10_0 .net "cout", 0 0, L_0x150263250;  alias, 1 drivers
v0x146e6aca0_0 .net "sum", 3 0, L_0x150263540;  1 drivers
L_0x15025faf0 .part L_0x15025f8d0, 0, 1;
L_0x15025fbf0 .part L_0x15025f820, 0, 1;
L_0x15025fcd0 .part L_0x150260a40, 0, 1;
L_0x150260000 .part L_0x15025f8d0, 1, 1;
L_0x1502600a0 .part L_0x15025f820, 1, 1;
L_0x150260170 .part L_0x15025f8d0, 0, 1;
L_0x150260490 .part L_0x15025f820, 1, 1;
L_0x1502605b0 .part L_0x15025f820, 0, 1;
L_0x150260760 .part L_0x150260a40, 0, 1;
L_0x150260a40 .concat8 [ 1 1 1 1], L_0x15025fa00, L_0x15025fee0, L_0x150260990, L_0x150261be0;
L_0x150260ba0 .part L_0x15025f8d0, 2, 1;
L_0x150260ca0 .part L_0x15025f820, 2, 1;
L_0x150260d40 .part L_0x15025f8d0, 1, 1;
L_0x150261010 .part L_0x15025f820, 2, 1;
L_0x1502610b0 .part L_0x15025f820, 1, 1;
L_0x150261340 .part L_0x15025f8d0, 0, 1;
L_0x150261620 .part L_0x15025f820, 2, 1;
L_0x150261750 .part L_0x15025f820, 1, 1;
L_0x150261850 .part L_0x15025f820, 0, 1;
L_0x150261ad0 .part L_0x150260a40, 0, 1;
L_0x150261db0 .part L_0x15025f8d0, 3, 1;
L_0x1502618f0 .part L_0x15025f820, 3, 1;
L_0x150262000 .part L_0x15025f8d0, 2, 1;
L_0x150261d10 .part L_0x15025f820, 3, 1;
L_0x150262290 .part L_0x15025f820, 2, 1;
L_0x1502624d0 .part L_0x15025f8d0, 1, 1;
L_0x150262780 .part L_0x15025f820, 3, 1;
L_0x150262900 .part L_0x15025f820, 2, 1;
L_0x150262ba0 .part L_0x15025f820, 1, 1;
L_0x150262860 .part L_0x15025f8d0, 0, 1;
L_0x150262fb0 .part L_0x15025f820, 3, 1;
L_0x150263150 .part L_0x15025f820, 2, 1;
L_0x150262c80 .part L_0x15025f820, 1, 1;
L_0x150262e60 .part L_0x15025f820, 0, 1;
L_0x150263640 .part L_0x150260a40, 0, 1;
S_0x146e75530 .scope module, "n4" "cla_4" 5 17, 6 3 0, S_0x146f0b960;
 .timescale -9 -11;
    .port_info 0 /INPUT 4 "a";
    .port_info 1 /INPUT 4 "b";
    .port_info 2 /INPUT 1 "cin";
    .port_info 3 /OUTPUT 4 "sum";
    .port_info 4 /OUTPUT 1 "cout";
L_0x1502635b0 .functor XOR 4, L_0x150267ad0, L_0x150267b70, C4<0000>, C4<0000>;
L_0x150263a90 .functor AND 4, L_0x150267ad0, L_0x150267b70, C4<1111>, C4<1111>;
L_0x150263bc0 .functor BUFZ 1, L_0x150263250, C4<0>, C4<0>, C4<0>;
L_0x150263f70 .functor AND 1, L_0x150263db0, L_0x150263e90, C4<1>, C4<1>;
L_0x1502640a0 .functor OR 1, L_0x150263cb0, L_0x150263f70, C4<0>, C4<0>;
L_0x150264450 .functor AND 1, L_0x150264260, L_0x150264330, C4<1>, C4<1>;
L_0x150264520 .functor OR 1, L_0x1502641c0, L_0x150264450, C4<0>, C4<0>;
L_0x150264810 .functor AND 1, L_0x150264650, L_0x150264770, C4<1>, C4<1>;
L_0x150264a50 .functor AND 1, L_0x150264810, L_0x150264920, C4<1>, C4<1>;
L_0x150264b50 .functor OR 1, L_0x150264520, L_0x150264a50, C4<0>, C4<0>;
L_0x150265010 .functor AND 1, L_0x150264e60, L_0x150264f00, C4<1>, C4<1>;
L_0x150265120 .functor OR 1, L_0x150264d60, L_0x150265010, C4<0>, C4<0>;
L_0x150264fa0 .functor AND 1, L_0x1502651d0, L_0x150265270, C4<1>, C4<1>;
L_0x1502655a0 .functor AND 1, L_0x150264fa0, L_0x150265500, C4<1>, C4<1>;
L_0x150265670 .functor OR 1, L_0x150265120, L_0x1502655a0, C4<0>, C4<0>;
L_0x150265490 .functor AND 1, L_0x1502657e0, L_0x150265910, C4<1>, C4<1>;
L_0x150265b50 .functor AND 1, L_0x150265490, L_0x150265a10, C4<1>, C4<1>;
L_0x150265d30 .functor AND 1, L_0x150265b50, L_0x150265c90, C4<1>, C4<1>;
L_0x150265da0 .functor OR 1, L_0x150265670, L_0x150265d30, C4<0>, C4<0>;
L_0x1502643d0 .functor AND 1, L_0x150265ab0, L_0x1502661c0, C4<1>, C4<1>;
L_0x150266150 .functor OR 1, L_0x150265f70, L_0x1502643d0, C4<0>, C4<0>;
L_0x1502665c0 .functor AND 1, L_0x150265ed0, L_0x150266450, C4<1>, C4<1>;
L_0x1502662a0 .functor AND 1, L_0x1502665c0, L_0x150266690, C4<1>, C4<1>;
L_0x150266890 .functor OR 1, L_0x150266150, L_0x1502662a0, C4<0>, C4<0>;
L_0x1502663e0 .functor AND 1, L_0x150266940, L_0x150266ac0, C4<1>, C4<1>;
L_0x1502667d0 .functor AND 1, L_0x1502663e0, L_0x150266d60, C4<1>, C4<1>;
L_0x150266ef0 .functor AND 1, L_0x1502667d0, L_0x150266a20, C4<1>, C4<1>;
L_0x1502670c0 .functor OR 1, L_0x150266890, L_0x150266ef0, C4<0>, C4<0>;
L_0x150266530 .functor AND 1, L_0x150267170, L_0x150267310, C4<1>, C4<1>;
L_0x150267210 .functor AND 1, L_0x150266530, L_0x150266e40, C4<1>, C4<1>;
L_0x150267610 .functor AND 1, L_0x150267210, L_0x150267020, C4<1>, C4<1>;
L_0x150267500 .functor AND 1, L_0x150267610, L_0x150267800, C4<1>, C4<1>;
L_0x150267410 .functor OR 1, L_0x1502670c0, L_0x150267500, C4<0>, C4<0>;
L_0x150267700 .functor XOR 4, L_0x1502635b0, L_0x150264c00, C4<0000>, C4<0000>;
v0x146e6ad30_0 .net "G", 3 0, L_0x150263a90;  1 drivers
v0x146e756a0_0 .net "P", 3 0, L_0x1502635b0;  1 drivers
v0x146e75730_0 .net *"_ivl_102", 0 0, L_0x150266690;  1 drivers
v0x146e378d0_0 .net *"_ivl_103", 0 0, L_0x1502662a0;  1 drivers
v0x146e37960_0 .net *"_ivl_105", 0 0, L_0x150266890;  1 drivers
v0x146e379f0_0 .net *"_ivl_108", 0 0, L_0x150266940;  1 drivers
v0x146e37a80_0 .net *"_ivl_11", 0 0, L_0x150263cb0;  1 drivers
v0x146e37b10_0 .net *"_ivl_110", 0 0, L_0x150266ac0;  1 drivers
v0x146e65260_0 .net *"_ivl_111", 0 0, L_0x1502663e0;  1 drivers
v0x146e652f0_0 .net *"_ivl_114", 0 0, L_0x150266d60;  1 drivers
v0x146e65380_0 .net *"_ivl_115", 0 0, L_0x1502667d0;  1 drivers
v0x146e65410_0 .net *"_ivl_118", 0 0, L_0x150266a20;  1 drivers
v0x146e654a0_0 .net *"_ivl_119", 0 0, L_0x150266ef0;  1 drivers
v0x146e65530_0 .net *"_ivl_121", 0 0, L_0x1502670c0;  1 drivers
v0x146e415b0_0 .net *"_ivl_124", 0 0, L_0x150267170;  1 drivers
v0x146e41640_0 .net *"_ivl_126", 0 0, L_0x150267310;  1 drivers
v0x146e416d0_0 .net *"_ivl_127", 0 0, L_0x150266530;  1 drivers
v0x146e41860_0 .net *"_ivl_13", 0 0, L_0x150263db0;  1 drivers
v0x146e438e0_0 .net *"_ivl_130", 0 0, L_0x150266e40;  1 drivers
v0x146e43970_0 .net *"_ivl_131", 0 0, L_0x150267210;  1 drivers
v0x146e43a00_0 .net *"_ivl_134", 0 0, L_0x150267020;  1 drivers
v0x146e43a90_0 .net *"_ivl_135", 0 0, L_0x150267610;  1 drivers
v0x146e43b20_0 .net *"_ivl_138", 0 0, L_0x150267800;  1 drivers
v0x146e43bb0_0 .net *"_ivl_139", 0 0, L_0x150267500;  1 drivers
v0x1500d7110_0 .net *"_ivl_15", 0 0, L_0x150263e90;  1 drivers
v0x1500d71a0_0 .net *"_ivl_16", 0 0, L_0x150263f70;  1 drivers
v0x1500d7230_0 .net *"_ivl_18", 0 0, L_0x1502640a0;  1 drivers
v0x1500d72c0_0 .net *"_ivl_23", 0 0, L_0x1502641c0;  1 drivers
v0x1500d7350_0 .net *"_ivl_25", 0 0, L_0x150264260;  1 drivers
v0x1500d73e0_0 .net *"_ivl_27", 0 0, L_0x150264330;  1 drivers
v0x1500d7470_0 .net *"_ivl_28", 0 0, L_0x150264450;  1 drivers
v0x1500d7500_0 .net *"_ivl_30", 0 0, L_0x150264520;  1 drivers
v0x1500d7590_0 .net *"_ivl_33", 0 0, L_0x150264650;  1 drivers
v0x146e41760_0 .net *"_ivl_35", 0 0, L_0x150264770;  1 drivers
v0x1500d7820_0 .net *"_ivl_36", 0 0, L_0x150264810;  1 drivers
v0x1500d78b0_0 .net *"_ivl_39", 0 0, L_0x150264920;  1 drivers
v0x1500d7940_0 .net *"_ivl_40", 0 0, L_0x150264a50;  1 drivers
v0x1500d79d0_0 .net *"_ivl_42", 0 0, L_0x150264b50;  1 drivers
v0x1500d7a60_0 .net *"_ivl_48", 0 0, L_0x150264d60;  1 drivers
v0x1500d7af0_0 .net *"_ivl_50", 0 0, L_0x150264e60;  1 drivers
v0x1500d7b80_0 .net *"_ivl_52", 0 0, L_0x150264f00;  1 drivers
v0x1500d7c10_0 .net *"_ivl_53", 0 0, L_0x150265010;  1 drivers
v0x1500d7ca0_0 .net *"_ivl_55", 0 0, L_0x150265120;  1 drivers
v0x1500d7d30_0 .net *"_ivl_58", 0 0, L_0x1502651d0;  1 drivers
v0x1500d7dc0_0 .net *"_ivl_60", 0 0, L_0x150265270;  1 drivers
v0x1500d7e50_0 .net *"_ivl_61", 0 0, L_0x150264fa0;  1 drivers
v0x1500d7ee0_0 .net *"_ivl_64", 0 0, L_0x150265500;  1 drivers
v0x1500d7f70_0 .net *"_ivl_65", 0 0, L_0x1502655a0;  1 drivers
v0x1500d8000_0 .net *"_ivl_67", 0 0, L_0x150265670;  1 drivers
v0x1500d8090_0 .net *"_ivl_7", 0 0, L_0x150263bc0;  1 drivers
v0x1500d8120_0 .net *"_ivl_70", 0 0, L_0x1502657e0;  1 drivers
v0x1500d81b0_0 .net *"_ivl_72", 0 0, L_0x150265910;  1 drivers
v0x1500d8240_0 .net *"_ivl_73", 0 0, L_0x150265490;  1 drivers
v0x1500d82d0_0 .net *"_ivl_76", 0 0, L_0x150265a10;  1 drivers
v0x1500d8360_0 .net *"_ivl_77", 0 0, L_0x150265b50;  1 drivers
v0x1500d83f0_0 .net *"_ivl_80", 0 0, L_0x150265c90;  1 drivers
v0x1500d8480_0 .net *"_ivl_81", 0 0, L_0x150265d30;  1 drivers
v0x1500d8510_0 .net *"_ivl_83", 0 0, L_0x150265da0;  1 drivers
v0x1500d85a0_0 .net *"_ivl_86", 0 0, L_0x150265f70;  1 drivers
v0x1500d8630_0 .net *"_ivl_88", 0 0, L_0x150265ab0;  1 drivers
v0x1500d86c0_0 .net *"_ivl_90", 0 0, L_0x1502661c0;  1 drivers
v0x1500d8750_0 .net *"_ivl_91", 0 0, L_0x1502643d0;  1 drivers
v0x1500d87e0_0 .net *"_ivl_93", 0 0, L_0x150266150;  1 drivers
v0x1500d8870_0 .net *"_ivl_96", 0 0, L_0x150265ed0;  1 drivers
v0x1500d8900_0 .net *"_ivl_98", 0 0, L_0x150266450;  1 drivers
v0x1500d7620_0 .net *"_ivl_99", 0 0, L_0x1502665c0;  1 drivers
v0x1500d76b0_0 .net "a", 3 0, L_0x150267ad0;  1 drivers
v0x1500d7740_0 .net "b", 3 0, L_0x150267b70;  1 drivers
v0x1500d8990_0 .net "c", 3 0, L_0x150264c00;  1 drivers
v0x1500d8a20_0 .net "cin", 0 0, L_0x150263250;  alias, 1 drivers
v0x1500d8ab0_0 .net8 "cout", 0 0, RS_0x148057270;  alias, 3 drivers
v0x1500d8b40_0 .net "sum", 3 0, L_0x150267700;  1 drivers
L_0x150263cb0 .part L_0x150263a90, 0, 1;
L_0x150263db0 .part L_0x1502635b0, 0, 1;
L_0x150263e90 .part L_0x150264c00, 0, 1;
L_0x1502641c0 .part L_0x150263a90, 1, 1;
L_0x150264260 .part L_0x1502635b0, 1, 1;
L_0x150264330 .part L_0x150263a90, 0, 1;
L_0x150264650 .part L_0x1502635b0, 1, 1;
L_0x150264770 .part L_0x1502635b0, 0, 1;
L_0x150264920 .part L_0x150264c00, 0, 1;
L_0x150264c00 .concat8 [ 1 1 1 1], L_0x150263bc0, L_0x1502640a0, L_0x150264b50, L_0x150265da0;
L_0x150264d60 .part L_0x150263a90, 2, 1;
L_0x150264e60 .part L_0x1502635b0, 2, 1;
L_0x150264f00 .part L_0x150263a90, 1, 1;
L_0x1502651d0 .part L_0x1502635b0, 2, 1;
L_0x150265270 .part L_0x1502635b0, 1, 1;
L_0x150265500 .part L_0x150263a90, 0, 1;
L_0x1502657e0 .part L_0x1502635b0, 2, 1;
L_0x150265910 .part L_0x1502635b0, 1, 1;
L_0x150265a10 .part L_0x1502635b0, 0, 1;
L_0x150265c90 .part L_0x150264c00, 0, 1;
L_0x150265f70 .part L_0x150263a90, 3, 1;
L_0x150265ab0 .part L_0x1502635b0, 3, 1;
L_0x1502661c0 .part L_0x150263a90, 2, 1;
L_0x150265ed0 .part L_0x1502635b0, 3, 1;
L_0x150266450 .part L_0x1502635b0, 2, 1;
L_0x150266690 .part L_0x150263a90, 1, 1;
L_0x150266940 .part L_0x1502635b0, 3, 1;
L_0x150266ac0 .part L_0x1502635b0, 2, 1;
L_0x150266d60 .part L_0x1502635b0, 1, 1;
L_0x150266a20 .part L_0x150263a90, 0, 1;
L_0x150267170 .part L_0x1502635b0, 3, 1;
L_0x150267310 .part L_0x1502635b0, 2, 1;
L_0x150266e40 .part L_0x1502635b0, 1, 1;
L_0x150267020 .part L_0x1502635b0, 0, 1;
L_0x150267800 .part L_0x150264c00, 0, 1;
S_0x1500d93b0 .scope module, "AND" "and_op" 4 55, 7 1 0, S_0x146efd790;
 .timescale -9 -11;
    .port_info 0 /INPUT 32 "a";
    .port_info 1 /INPUT 32 "b";
    .port_info 2 /OUTPUT 32 "data_out";
P_0x146e6ae60 .param/l "DATA_WIDTH" 0 7 1, +C4<00000000000000000000000000100000>;
L_0x1502aad60 .functor AND 32, v0x15023efd0_0, v0x15022ed90_0, C4<11111111111111111111111111111111>, C4<11111111111111111111111111111111>;
v0x1500d9520_0 .net "a", 31 0, v0x15023efd0_0;  alias, 1 drivers
v0x1500d95b0_0 .net "b", 31 0, v0x15022ed90_0;  alias, 1 drivers
v0x1500d9640_0 .net "data_out", 31 0, L_0x1502aad60;  alias, 1 drivers
S_0x1500d96d0 .scope module, "DIV" "non_restore_div" 4 48, 8 1 0, S_0x146efd790;
 .timescale -9 -11;
    .port_info 0 /INPUT 32 "a";
    .port_info 1 /INPUT 32 "b";
    .port_info 2 /OUTPUT 64 "data_out";
P_0x146f35bf0 .param/l "DATA_WIDTH" 0 8 1, +C4<00000000000000000000000000100000>;
v0x1500d9840_0 .net "a", 31 0, v0x15023efd0_0;  alias, 1 drivers
v0x1500d98d0_0 .net "b", 31 0, v0x15022ed90_0;  alias, 1 drivers
v0x1500d9960_0 .var "data_out", 63 0;
v0x1500d99f0_0 .var "dividend", 63 0;
v0x1500d9a80_0 .var "dividend_sign", 0 0;
v0x1500d9b10_0 .var "divisor", 31 0;
v0x1500d9ba0_0 .var "divisor_sign", 0 0;
v0x1500d9c30_0 .var/i "i", 31 0;
v0x1500d9cc0_0 .var "quotient", 31 0;
v0x1500d9d50_0 .var "remainder", 31 0;
E_0x146f57200/0 .event anyedge, v0x1500d9200_0, v0x1500d9290_0, v0x1500d9a80_0, v0x1500d9ba0_0;
E_0x146f57200/1 .event anyedge, v0x1500d99f0_0, v0x1500d9d50_0, v0x1500d9b10_0, v0x1500d9cc0_0;
E_0x146f57200 .event/or E_0x146f57200/0, E_0x146f57200/1;
S_0x1500d9de0 .scope module, "MUL" "boothMul" 4 42, 9 1 0, S_0x146efd790;
 .timescale -9 -11;
    .port_info 0 /INPUT 32 "a";
    .port_info 1 /INPUT 32 "b";
    .port_info 2 /OUTPUT 64 "data_out";
P_0x146f46890 .param/l "DATA_WIDTH" 0 9 1, +C4<00000000000000000000000000100000>;
v0x1500d9f50_0 .var "A", 64 0;
v0x1500d9fe0_0 .var "M", 32 0;
v0x1500da070_0 .var "Q", 31 0;
v0x1500da100_0 .var "Q_1", 0 0;
v0x1500da190_0 .net "a", 31 0, v0x15023efd0_0;  alias, 1 drivers
v0x1500da220_0 .var "a_is_negative", 0 0;
v0x1500da2b0_0 .var "a_twos", 31 0;
v0x1500da340_0 .net "b", 31 0, v0x15022ed90_0;  alias, 1 drivers
v0x1500da3d0_0 .var "b_is_negative", 0 0;
v0x1500da460_0 .var "b_twos", 31 0;
v0x1500da4f0_0 .var "data_out", 63 0;
v0x1500da580_0 .var/i "i", 31 0;
v0x1500da610_0 .var "result_sign", 0 0;
v0x1500da6a0_0 .var "unsigned_result", 63 0;
E_0x146f8b080/0 .event anyedge, v0x1500d9200_0, v0x1500d9290_0, v0x1500da220_0, v0x1500da3d0_0;
E_0x146f8b080/1 .event anyedge, v0x1500da460_0, v0x1500da2b0_0, v0x1500da070_0, v0x1500da100_0;
E_0x146f8b080/2 .event anyedge, v0x1500d9f50_0, v0x1500d9fe0_0, v0x1500da610_0, v0x1500da6a0_0;
E_0x146f8b080 .event/or E_0x146f8b080/0, E_0x146f8b080/1, E_0x146f8b080/2;
S_0x1500da730 .scope module, "NEG" "neg" 4 92, 10 1 0, S_0x146efd790;
 .timescale -9 -11;
    .port_info 0 /INPUT 32 "data_in";
    .port_info 1 /OUTPUT 32 "data_out";
P_0x146f9c990 .param/l "DATA_WIDTH" 0 10 1, +C4<00000000000000000000000000100000>;
L_0x1380083b8 .functor BUFT 1, C4<00000000000000000000000000000000>, C4<0>, C4<0>, C4<0>;
v0x1500da8a0_0 .net *"_ivl_0", 31 0, L_0x1380083b8;  1 drivers
v0x1500da930_0 .net "data_in", 31 0, v0x15022ed90_0;  alias, 1 drivers
v0x1500da9c0_0 .net "data_out", 31 0, L_0x1502abfe0;  alias, 1 drivers
L_0x1502abfe0 .arith/sub 32, L_0x1380083b8, v0x15022ed90_0;
S_0x1500daa50 .scope module, "NOT" "not_op" 4 97, 11 1 0, S_0x146efd790;
 .timescale -9 -11;
    .port_info 0 /INPUT 32 "data_in";
    .port_info 1 /OUTPUT 32 "data_out";
P_0x146fbed70 .param/l "DATA_WIDTH" 0 11 1, +C4<00000000000000000000000000100000>;
L_0x1502ac120 .functor NOT 32, v0x15022ed90_0, C4<00000000000000000000000000000000>, C4<00000000000000000000000000000000>, C4<00000000000000000000000000000000>;
v0x1500dabc0_0 .net "data_in", 31 0, v0x15022ed90_0;  alias, 1 drivers
v0x1500dac50_0 .net "data_out", 31 0, L_0x1502ac120;  alias, 1 drivers
S_0x1500dace0 .scope module, "OR" "or_op" 4 61, 12 1 0, S_0x146efd790;
 .timescale -9 -11;
    .port_info 0 /INPUT 32 "a";
    .port_info 1 /INPUT 32 "b";
    .port_info 2 /OUTPUT 32 "data_out";
P_0x146fcf370 .param/l "DATA_WIDTH" 0 12 1, +C4<00000000000000000000000000100000>;
L_0x1502aae10 .functor OR 32, v0x15023efd0_0, v0x15022ed90_0, C4<00000000000000000000000000000000>, C4<00000000000000000000000000000000>;
v0x1500dae50_0 .net "a", 31 0, v0x15023efd0_0;  alias, 1 drivers
v0x1500daee0_0 .net "b", 31 0, v0x15022ed90_0;  alias, 1 drivers
v0x1500daf70_0 .net "data_out", 31 0, L_0x1502aae10;  alias, 1 drivers
S_0x1500db000 .scope module, "PC" "collective_add" 4 26, 5 22 0, S_0x146efd790;
 .timescale -9 -11;
    .port_info 0 /INPUT 32 "d1";
    .port_info 1 /INPUT 32 "d2";
    .port_info 2 /INPUT 1 "cin";
    .port_info 3 /OUTPUT 32 "sum";
    .port_info 4 /OUTPUT 1 "cout";
P_0x146ff2190 .param/l "DATA_WIDTH" 0 5 22, +C4<00000000000000000000000000100000>;
v0x15020c970_0 .net "c1", 0 0, L_0x150278060;  1 drivers
L_0x1380080e8 .functor BUFT 1, C4<0>, C4<0>, C4<0>, C4<0>;
v0x15020ca90_0 .net "cin", 0 0, L_0x1380080e8;  1 drivers
v0x15020cb70_0 .net8 "cout", 0 0, RS_0x148057270;  alias, 3 drivers
v0x15020cc00_0 .net "d1", 31 0, v0x15022ed90_0;  alias, 1 drivers
L_0x1380080a0 .functor BUFT 1, C4<00000000000000000000000000000001>, C4<0>, C4<0>, C4<0>;
v0x15020cc90_0 .net "d2", 31 0, L_0x1380080a0;  1 drivers
v0x15020cd70_0 .net "sum", 31 0, L_0x150289590;  alias, 1 drivers
L_0x150278a90 .part v0x15022ed90_0, 0, 16;
L_0x150278b30 .part L_0x1380080a0, 0, 16;
L_0x150289450 .part v0x15022ed90_0, 16, 16;
L_0x1502894f0 .part L_0x1380080a0, 16, 16;
L_0x150289590 .concat8 [ 16 16 0 0], L_0x1502788e0, L_0x1502892a0;
S_0x1500db170 .scope module, "n1" "cla16" 5 32, 5 4 0, S_0x1500db000;
 .timescale -9 -11;
    .port_info 0 /INPUT 16 "d1";
    .port_info 1 /INPUT 16 "d2";
    .port_info 2 /INPUT 1 "cin";
    .port_info 3 /OUTPUT 16 "sum";
    .port_info 4 /OUTPUT 1 "cout";
P_0x146fe0b60 .param/l "DATA_WIDTH" 0 5 4, +C4<00000000000000000000000000100000>;
v0x1500e66a0_0 .net "c1", 0 0, L_0x15026ba70;  1 drivers
v0x1500e6780_0 .net "c2", 0 0, L_0x15026fc70;  1 drivers
v0x1500e6850_0 .net "c3", 0 0, L_0x150273ea0;  1 drivers
v0x1500e6920_0 .net "cin", 0 0, L_0x1380080e8;  alias, 1 drivers
v0x1500e69b0_0 .net "cout", 0 0, L_0x150278060;  alias, 1 drivers
v0x1500e6a80_0 .net "d1", 15 0, L_0x150278a90;  1 drivers
v0x1500e6b10_0 .net "d2", 15 0, L_0x150278b30;  1 drivers
v0x1500e6ba0_0 .net "sum", 15 0, L_0x1502788e0;  1 drivers
L_0x15026c130 .part L_0x150278a90, 0, 4;
L_0x15026c1d0 .part L_0x150278b30, 0, 4;
L_0x150270330 .part L_0x150278a90, 4, 4;
L_0x1502703d0 .part L_0x150278b30, 4, 4;
L_0x150274560 .part L_0x150278a90, 8, 4;
L_0x150274600 .part L_0x150278b30, 8, 4;
L_0x150278720 .part L_0x150278a90, 12, 4;
L_0x1502787c0 .part L_0x150278b30, 12, 4;
L_0x1502788e0 .concat8 [ 4 4 4 4], L_0x15026bd60, L_0x15026ff60, L_0x150274190, L_0x150278350;
S_0x1500db2e0 .scope module, "n1" "cla_4" 5 14, 6 3 0, S_0x1500db170;
 .timescale -9 -11;
    .port_info 0 /INPUT 4 "a";
    .port_info 1 /INPUT 4 "b";
    .port_info 2 /INPUT 1 "cin";
    .port_info 3 /OUTPUT 4 "sum";
    .port_info 4 /OUTPUT 1 "cout";
L_0x150268120 .functor XOR 4, L_0x15026c130, L_0x15026c1d0, C4<0000>, C4<0000>;
L_0x150268190 .functor AND 4, L_0x15026c130, L_0x15026c1d0, C4<1111>, C4<1111>;
L_0x1502682a0 .functor BUFZ 1, L_0x1380080e8, C4<0>, C4<0>, C4<0>;
L_0x1502685d0 .functor AND 1, L_0x150268410, L_0x1502684f0, C4<1>, C4<1>;
L_0x150268700 .functor OR 1, L_0x150268310, L_0x1502685d0, C4<0>, C4<0>;
L_0x150268ab0 .functor AND 1, L_0x1502688c0, L_0x150268990, C4<1>, C4<1>;
L_0x150268b80 .functor OR 1, L_0x150268820, L_0x150268ab0, C4<0>, C4<0>;
L_0x150268e70 .functor AND 1, L_0x150268cb0, L_0x150268dd0, C4<1>, C4<1>;
L_0x1502690b0 .functor AND 1, L_0x150268e70, L_0x150268f80, C4<1>, C4<1>;
L_0x1502691b0 .functor OR 1, L_0x150268b80, L_0x1502690b0, C4<0>, C4<0>;
L_0x150269670 .functor AND 1, L_0x1502694c0, L_0x150269560, C4<1>, C4<1>;
L_0x150269780 .functor OR 1, L_0x1502693c0, L_0x150269670, C4<0>, C4<0>;
L_0x150269600 .functor AND 1, L_0x150269830, L_0x1502698d0, C4<1>, C4<1>;
L_0x150269c00 .functor AND 1, L_0x150269600, L_0x150269b60, C4<1>, C4<1>;
L_0x150269cd0 .functor OR 1, L_0x150269780, L_0x150269c00, C4<0>, C4<0>;
L_0x150269af0 .functor AND 1, L_0x150269e40, L_0x150269f70, C4<1>, C4<1>;
L_0x15026a1b0 .functor AND 1, L_0x150269af0, L_0x15026a070, C4<1>, C4<1>;
L_0x15026a390 .functor AND 1, L_0x15026a1b0, L_0x15026a2f0, C4<1>, C4<1>;
L_0x15026a400 .functor OR 1, L_0x150269cd0, L_0x15026a390, C4<0>, C4<0>;
L_0x150268a30 .functor AND 1, L_0x15026a110, L_0x15026a820, C4<1>, C4<1>;
L_0x15026a7b0 .functor OR 1, L_0x15026a5d0, L_0x150268a30, C4<0>, C4<0>;
L_0x15026ac20 .functor AND 1, L_0x15026a530, L_0x15026aab0, C4<1>, C4<1>;
L_0x15026a900 .functor AND 1, L_0x15026ac20, L_0x15026acf0, C4<1>, C4<1>;
L_0x15026aef0 .functor OR 1, L_0x15026a7b0, L_0x15026a900, C4<0>, C4<0>;
L_0x15026aa40 .functor AND 1, L_0x15026afa0, L_0x15026b120, C4<1>, C4<1>;
L_0x15026ae30 .functor AND 1, L_0x15026aa40, L_0x15026b3c0, C4<1>, C4<1>;
L_0x15026b550 .functor AND 1, L_0x15026ae30, L_0x15026b080, C4<1>, C4<1>;
L_0x15026b720 .functor OR 1, L_0x15026aef0, L_0x15026b550, C4<0>, C4<0>;
L_0x15026ab90 .functor AND 1, L_0x15026b7d0, L_0x15026b970, C4<1>, C4<1>;
L_0x15026b870 .functor AND 1, L_0x15026ab90, L_0x15026b4a0, C4<1>, C4<1>;
L_0x15026bc70 .functor AND 1, L_0x15026b870, L_0x15026b680, C4<1>, C4<1>;
L_0x15026bb60 .functor AND 1, L_0x15026bc70, L_0x15026be60, C4<1>, C4<1>;
L_0x15026ba70 .functor OR 1, L_0x15026b720, L_0x15026bb60, C4<0>, C4<0>;
L_0x15026bd60 .functor XOR 4, L_0x150268120, L_0x150269260, C4<0000>, C4<0000>;
v0x1500db450_0 .net "G", 3 0, L_0x150268190;  1 drivers
v0x1500db4e0_0 .net "P", 3 0, L_0x150268120;  1 drivers
v0x1500db570_0 .net *"_ivl_102", 0 0, L_0x15026acf0;  1 drivers
v0x1500db600_0 .net *"_ivl_103", 0 0, L_0x15026a900;  1 drivers
v0x1500db690_0 .net *"_ivl_105", 0 0, L_0x15026aef0;  1 drivers
v0x1500db720_0 .net *"_ivl_108", 0 0, L_0x15026afa0;  1 drivers
v0x1500db7b0_0 .net *"_ivl_11", 0 0, L_0x150268310;  1 drivers
v0x1500db840_0 .net *"_ivl_110", 0 0, L_0x15026b120;  1 drivers
v0x1500db8d0_0 .net *"_ivl_111", 0 0, L_0x15026aa40;  1 drivers
v0x1500db960_0 .net *"_ivl_114", 0 0, L_0x15026b3c0;  1 drivers
v0x1500db9f0_0 .net *"_ivl_115", 0 0, L_0x15026ae30;  1 drivers
v0x1500dba80_0 .net *"_ivl_118", 0 0, L_0x15026b080;  1 drivers
v0x1500dbb10_0 .net *"_ivl_119", 0 0, L_0x15026b550;  1 drivers
v0x1500dbba0_0 .net *"_ivl_121", 0 0, L_0x15026b720;  1 drivers
v0x1500dbc30_0 .net *"_ivl_124", 0 0, L_0x15026b7d0;  1 drivers
v0x1500dbcc0_0 .net *"_ivl_126", 0 0, L_0x15026b970;  1 drivers
v0x1500dbd50_0 .net *"_ivl_127", 0 0, L_0x15026ab90;  1 drivers
v0x1500dbee0_0 .net *"_ivl_13", 0 0, L_0x150268410;  1 drivers
v0x1500dbf70_0 .net *"_ivl_130", 0 0, L_0x15026b4a0;  1 drivers
v0x1500dc000_0 .net *"_ivl_131", 0 0, L_0x15026b870;  1 drivers
v0x1500dc090_0 .net *"_ivl_134", 0 0, L_0x15026b680;  1 drivers
v0x1500dc120_0 .net *"_ivl_135", 0 0, L_0x15026bc70;  1 drivers
v0x1500dc1b0_0 .net *"_ivl_138", 0 0, L_0x15026be60;  1 drivers
v0x1500dc240_0 .net *"_ivl_139", 0 0, L_0x15026bb60;  1 drivers
v0x1500dc2d0_0 .net *"_ivl_15", 0 0, L_0x1502684f0;  1 drivers
v0x1500dc360_0 .net *"_ivl_16", 0 0, L_0x1502685d0;  1 drivers
v0x1500dc3f0_0 .net *"_ivl_18", 0 0, L_0x150268700;  1 drivers
v0x1500dc480_0 .net *"_ivl_23", 0 0, L_0x150268820;  1 drivers
v0x1500dc510_0 .net *"_ivl_25", 0 0, L_0x1502688c0;  1 drivers
v0x1500dc5a0_0 .net *"_ivl_27", 0 0, L_0x150268990;  1 drivers
v0x1500dc630_0 .net *"_ivl_28", 0 0, L_0x150268ab0;  1 drivers
v0x1500dc6c0_0 .net *"_ivl_30", 0 0, L_0x150268b80;  1 drivers
v0x1500dc750_0 .net *"_ivl_33", 0 0, L_0x150268cb0;  1 drivers
v0x1500dbde0_0 .net *"_ivl_35", 0 0, L_0x150268dd0;  1 drivers
v0x1500dc9e0_0 .net *"_ivl_36", 0 0, L_0x150268e70;  1 drivers
v0x1500dca70_0 .net *"_ivl_39", 0 0, L_0x150268f80;  1 drivers
v0x1500dcb00_0 .net *"_ivl_40", 0 0, L_0x1502690b0;  1 drivers
v0x1500dcb90_0 .net *"_ivl_42", 0 0, L_0x1502691b0;  1 drivers
v0x1500dcc20_0 .net *"_ivl_48", 0 0, L_0x1502693c0;  1 drivers
v0x1500dccb0_0 .net *"_ivl_50", 0 0, L_0x1502694c0;  1 drivers
v0x1500dcd40_0 .net *"_ivl_52", 0 0, L_0x150269560;  1 drivers
v0x1500dcdd0_0 .net *"_ivl_53", 0 0, L_0x150269670;  1 drivers
v0x1500dce60_0 .net *"_ivl_55", 0 0, L_0x150269780;  1 drivers
v0x1500dcef0_0 .net *"_ivl_58", 0 0, L_0x150269830;  1 drivers
v0x1500dcf80_0 .net *"_ivl_60", 0 0, L_0x1502698d0;  1 drivers
v0x1500dd010_0 .net *"_ivl_61", 0 0, L_0x150269600;  1 drivers
v0x1500dd0a0_0 .net *"_ivl_64", 0 0, L_0x150269b60;  1 drivers
v0x1500dd130_0 .net *"_ivl_65", 0 0, L_0x150269c00;  1 drivers
v0x1500dd1c0_0 .net *"_ivl_67", 0 0, L_0x150269cd0;  1 drivers
v0x1500dd250_0 .net *"_ivl_7", 0 0, L_0x1502682a0;  1 drivers
v0x1500dd2e0_0 .net *"_ivl_70", 0 0, L_0x150269e40;  1 drivers
v0x1500dd370_0 .net *"_ivl_72", 0 0, L_0x150269f70;  1 drivers
v0x1500dd400_0 .net *"_ivl_73", 0 0, L_0x150269af0;  1 drivers
v0x1500dd490_0 .net *"_ivl_76", 0 0, L_0x15026a070;  1 drivers
v0x1500dd520_0 .net *"_ivl_77", 0 0, L_0x15026a1b0;  1 drivers
v0x1500dd5b0_0 .net *"_ivl_80", 0 0, L_0x15026a2f0;  1 drivers
v0x1500dd640_0 .net *"_ivl_81", 0 0, L_0x15026a390;  1 drivers
v0x1500dd6d0_0 .net *"_ivl_83", 0 0, L_0x15026a400;  1 drivers
v0x1500dd760_0 .net *"_ivl_86", 0 0, L_0x15026a5d0;  1 drivers
v0x1500dd7f0_0 .net *"_ivl_88", 0 0, L_0x15026a110;  1 drivers
v0x1500dd880_0 .net *"_ivl_90", 0 0, L_0x15026a820;  1 drivers
v0x1500dd910_0 .net *"_ivl_91", 0 0, L_0x150268a30;  1 drivers
v0x1500dd9a0_0 .net *"_ivl_93", 0 0, L_0x15026a7b0;  1 drivers
v0x1500dda30_0 .net *"_ivl_96", 0 0, L_0x15026a530;  1 drivers
v0x1500ddac0_0 .net *"_ivl_98", 0 0, L_0x15026aab0;  1 drivers
v0x1500dc7e0_0 .net *"_ivl_99", 0 0, L_0x15026ac20;  1 drivers
v0x1500dc870_0 .net "a", 3 0, L_0x15026c130;  1 drivers
v0x1500dc900_0 .net "b", 3 0, L_0x15026c1d0;  1 drivers
v0x1500ddb50_0 .net "c", 3 0, L_0x150269260;  1 drivers
v0x1500ddbe0_0 .net "cin", 0 0, L_0x1380080e8;  alias, 1 drivers
v0x1500ddc70_0 .net "cout", 0 0, L_0x15026ba70;  alias, 1 drivers
v0x1500ddd00_0 .net "sum", 3 0, L_0x15026bd60;  1 drivers
L_0x150268310 .part L_0x150268190, 0, 1;
L_0x150268410 .part L_0x150268120, 0, 1;
L_0x1502684f0 .part L_0x150269260, 0, 1;
L_0x150268820 .part L_0x150268190, 1, 1;
L_0x1502688c0 .part L_0x150268120, 1, 1;
L_0x150268990 .part L_0x150268190, 0, 1;
L_0x150268cb0 .part L_0x150268120, 1, 1;
L_0x150268dd0 .part L_0x150268120, 0, 1;
L_0x150268f80 .part L_0x150269260, 0, 1;
L_0x150269260 .concat8 [ 1 1 1 1], L_0x1502682a0, L_0x150268700, L_0x1502691b0, L_0x15026a400;
L_0x1502693c0 .part L_0x150268190, 2, 1;
L_0x1502694c0 .part L_0x150268120, 2, 1;
L_0x150269560 .part L_0x150268190, 1, 1;
L_0x150269830 .part L_0x150268120, 2, 1;
L_0x1502698d0 .part L_0x150268120, 1, 1;
L_0x150269b60 .part L_0x150268190, 0, 1;
L_0x150269e40 .part L_0x150268120, 2, 1;
L_0x150269f70 .part L_0x150268120, 1, 1;
L_0x15026a070 .part L_0x150268120, 0, 1;
L_0x15026a2f0 .part L_0x150269260, 0, 1;
L_0x15026a5d0 .part L_0x150268190, 3, 1;
L_0x15026a110 .part L_0x150268120, 3, 1;
L_0x15026a820 .part L_0x150268190, 2, 1;
L_0x15026a530 .part L_0x150268120, 3, 1;
L_0x15026aab0 .part L_0x150268120, 2, 1;
L_0x15026acf0 .part L_0x150268190, 1, 1;
L_0x15026afa0 .part L_0x150268120, 3, 1;
L_0x15026b120 .part L_0x150268120, 2, 1;
L_0x15026b3c0 .part L_0x150268120, 1, 1;
L_0x15026b080 .part L_0x150268190, 0, 1;
L_0x15026b7d0 .part L_0x150268120, 3, 1;
L_0x15026b970 .part L_0x150268120, 2, 1;
L_0x15026b4a0 .part L_0x150268120, 1, 1;
L_0x15026b680 .part L_0x150268120, 0, 1;
L_0x15026be60 .part L_0x150269260, 0, 1;
S_0x1500ddd90 .scope module, "n2" "cla_4" 5 15, 6 3 0, S_0x1500db170;
 .timescale -9 -11;
    .port_info 0 /INPUT 4 "a";
    .port_info 1 /INPUT 4 "b";
    .port_info 2 /INPUT 1 "cin";
    .port_info 3 /OUTPUT 4 "sum";
    .port_info 4 /OUTPUT 1 "cout";
L_0x15026bdf0 .functor XOR 4, L_0x150270330, L_0x1502703d0, C4<0000>, C4<0000>;
L_0x15026c2f0 .functor AND 4, L_0x150270330, L_0x1502703d0, C4<1111>, C4<1111>;
L_0x15026c420 .functor BUFZ 1, L_0x15026ba70, C4<0>, C4<0>, C4<0>;
L_0x15026c7d0 .functor AND 1, L_0x15026c610, L_0x15026c6f0, C4<1>, C4<1>;
L_0x15026c900 .functor OR 1, L_0x15026c510, L_0x15026c7d0, C4<0>, C4<0>;
L_0x15026ccb0 .functor AND 1, L_0x15026cac0, L_0x15026cb90, C4<1>, C4<1>;
L_0x15026cd80 .functor OR 1, L_0x15026ca20, L_0x15026ccb0, C4<0>, C4<0>;
L_0x15026d070 .functor AND 1, L_0x15026ceb0, L_0x15026cfd0, C4<1>, C4<1>;
L_0x15026d2b0 .functor AND 1, L_0x15026d070, L_0x15026d180, C4<1>, C4<1>;
L_0x15026d3b0 .functor OR 1, L_0x15026cd80, L_0x15026d2b0, C4<0>, C4<0>;
L_0x15026d870 .functor AND 1, L_0x15026d6c0, L_0x15026d760, C4<1>, C4<1>;
L_0x15026d980 .functor OR 1, L_0x15026d5c0, L_0x15026d870, C4<0>, C4<0>;
L_0x15026d800 .functor AND 1, L_0x15026da30, L_0x15026dad0, C4<1>, C4<1>;
L_0x15026de00 .functor AND 1, L_0x15026d800, L_0x15026dd60, C4<1>, C4<1>;
L_0x15026ded0 .functor OR 1, L_0x15026d980, L_0x15026de00, C4<0>, C4<0>;
L_0x15026dcf0 .functor AND 1, L_0x15026e040, L_0x15026e170, C4<1>, C4<1>;
L_0x15026e3b0 .functor AND 1, L_0x15026dcf0, L_0x15026e270, C4<1>, C4<1>;
L_0x15026e590 .functor AND 1, L_0x15026e3b0, L_0x15026e4f0, C4<1>, C4<1>;
L_0x15026e600 .functor OR 1, L_0x15026ded0, L_0x15026e590, C4<0>, C4<0>;
L_0x15026cc30 .functor AND 1, L_0x15026e310, L_0x15026ea20, C4<1>, C4<1>;
L_0x15026e9b0 .functor OR 1, L_0x15026e7d0, L_0x15026cc30, C4<0>, C4<0>;
L_0x15026ee20 .functor AND 1, L_0x15026e730, L_0x15026ecb0, C4<1>, C4<1>;
L_0x15026eb00 .functor AND 1, L_0x15026ee20, L_0x15026eef0, C4<1>, C4<1>;
L_0x15026f0f0 .functor OR 1, L_0x15026e9b0, L_0x15026eb00, C4<0>, C4<0>;
L_0x15026ec40 .functor AND 1, L_0x15026f1a0, L_0x15026f320, C4<1>, C4<1>;
L_0x15026f030 .functor AND 1, L_0x15026ec40, L_0x15026f5c0, C4<1>, C4<1>;
L_0x15026f750 .functor AND 1, L_0x15026f030, L_0x15026f280, C4<1>, C4<1>;
L_0x15026f920 .functor OR 1, L_0x15026f0f0, L_0x15026f750, C4<0>, C4<0>;
L_0x15026ed90 .functor AND 1, L_0x15026f9d0, L_0x15026fb70, C4<1>, C4<1>;
L_0x15026fa70 .functor AND 1, L_0x15026ed90, L_0x15026f6a0, C4<1>, C4<1>;
L_0x15026fe70 .functor AND 1, L_0x15026fa70, L_0x15026f880, C4<1>, C4<1>;
L_0x15026fd60 .functor AND 1, L_0x15026fe70, L_0x150270060, C4<1>, C4<1>;
L_0x15026fc70 .functor OR 1, L_0x15026f920, L_0x15026fd60, C4<0>, C4<0>;
L_0x15026ff60 .functor XOR 4, L_0x15026bdf0, L_0x15026d460, C4<0000>, C4<0000>;
v0x1500ddf00_0 .net "G", 3 0, L_0x15026c2f0;  1 drivers
v0x1500ddf90_0 .net "P", 3 0, L_0x15026bdf0;  1 drivers
v0x1500de020_0 .net *"_ivl_102", 0 0, L_0x15026eef0;  1 drivers
v0x1500de0b0_0 .net *"_ivl_103", 0 0, L_0x15026eb00;  1 drivers
v0x1500de140_0 .net *"_ivl_105", 0 0, L_0x15026f0f0;  1 drivers
v0x1500de1d0_0 .net *"_ivl_108", 0 0, L_0x15026f1a0;  1 drivers
v0x1500de260_0 .net *"_ivl_11", 0 0, L_0x15026c510;  1 drivers
v0x1500de2f0_0 .net *"_ivl_110", 0 0, L_0x15026f320;  1 drivers
v0x1500de380_0 .net *"_ivl_111", 0 0, L_0x15026ec40;  1 drivers
v0x1500de410_0 .net *"_ivl_114", 0 0, L_0x15026f5c0;  1 drivers
v0x1500de4a0_0 .net *"_ivl_115", 0 0, L_0x15026f030;  1 drivers
v0x1500de530_0 .net *"_ivl_118", 0 0, L_0x15026f280;  1 drivers
v0x1500de5c0_0 .net *"_ivl_119", 0 0, L_0x15026f750;  1 drivers
v0x1500de650_0 .net *"_ivl_121", 0 0, L_0x15026f920;  1 drivers
v0x1500de6e0_0 .net *"_ivl_124", 0 0, L_0x15026f9d0;  1 drivers
v0x1500de770_0 .net *"_ivl_126", 0 0, L_0x15026fb70;  1 drivers
v0x1500de800_0 .net *"_ivl_127", 0 0, L_0x15026ed90;  1 drivers
v0x1500de990_0 .net *"_ivl_13", 0 0, L_0x15026c610;  1 drivers
v0x1500dea20_0 .net *"_ivl_130", 0 0, L_0x15026f6a0;  1 drivers
v0x1500deab0_0 .net *"_ivl_131", 0 0, L_0x15026fa70;  1 drivers
v0x1500deb40_0 .net *"_ivl_134", 0 0, L_0x15026f880;  1 drivers
v0x1500debd0_0 .net *"_ivl_135", 0 0, L_0x15026fe70;  1 drivers
v0x1500dec60_0 .net *"_ivl_138", 0 0, L_0x150270060;  1 drivers
v0x1500decf0_0 .net *"_ivl_139", 0 0, L_0x15026fd60;  1 drivers
v0x1500ded80_0 .net *"_ivl_15", 0 0, L_0x15026c6f0;  1 drivers
v0x1500dee10_0 .net *"_ivl_16", 0 0, L_0x15026c7d0;  1 drivers
v0x1500deea0_0 .net *"_ivl_18", 0 0, L_0x15026c900;  1 drivers
v0x1500def30_0 .net *"_ivl_23", 0 0, L_0x15026ca20;  1 drivers
v0x1500defc0_0 .net *"_ivl_25", 0 0, L_0x15026cac0;  1 drivers
v0x1500df050_0 .net *"_ivl_27", 0 0, L_0x15026cb90;  1 drivers
v0x1500df0e0_0 .net *"_ivl_28", 0 0, L_0x15026ccb0;  1 drivers
v0x1500df170_0 .net *"_ivl_30", 0 0, L_0x15026cd80;  1 drivers
v0x1500df200_0 .net *"_ivl_33", 0 0, L_0x15026ceb0;  1 drivers
v0x1500de890_0 .net *"_ivl_35", 0 0, L_0x15026cfd0;  1 drivers
v0x1500df490_0 .net *"_ivl_36", 0 0, L_0x15026d070;  1 drivers
v0x1500df520_0 .net *"_ivl_39", 0 0, L_0x15026d180;  1 drivers
v0x1500df5b0_0 .net *"_ivl_40", 0 0, L_0x15026d2b0;  1 drivers
v0x1500df640_0 .net *"_ivl_42", 0 0, L_0x15026d3b0;  1 drivers
v0x1500df6d0_0 .net *"_ivl_48", 0 0, L_0x15026d5c0;  1 drivers
v0x1500df760_0 .net *"_ivl_50", 0 0, L_0x15026d6c0;  1 drivers
v0x1500df7f0_0 .net *"_ivl_52", 0 0, L_0x15026d760;  1 drivers
v0x1500df880_0 .net *"_ivl_53", 0 0, L_0x15026d870;  1 drivers
v0x1500df910_0 .net *"_ivl_55", 0 0, L_0x15026d980;  1 drivers
v0x1500df9a0_0 .net *"_ivl_58", 0 0, L_0x15026da30;  1 drivers
v0x1500dfa30_0 .net *"_ivl_60", 0 0, L_0x15026dad0;  1 drivers
v0x1500dfac0_0 .net *"_ivl_61", 0 0, L_0x15026d800;  1 drivers
v0x1500dfb50_0 .net *"_ivl_64", 0 0, L_0x15026dd60;  1 drivers
v0x1500dfbe0_0 .net *"_ivl_65", 0 0, L_0x15026de00;  1 drivers
v0x1500dfc70_0 .net *"_ivl_67", 0 0, L_0x15026ded0;  1 drivers
v0x1500dfd00_0 .net *"_ivl_7", 0 0, L_0x15026c420;  1 drivers
v0x1500dfd90_0 .net *"_ivl_70", 0 0, L_0x15026e040;  1 drivers
v0x1500dfe20_0 .net *"_ivl_72", 0 0, L_0x15026e170;  1 drivers
v0x1500dfeb0_0 .net *"_ivl_73", 0 0, L_0x15026dcf0;  1 drivers
v0x1500dff40_0 .net *"_ivl_76", 0 0, L_0x15026e270;  1 drivers
v0x1500dffd0_0 .net *"_ivl_77", 0 0, L_0x15026e3b0;  1 drivers
v0x1500e0060_0 .net *"_ivl_80", 0 0, L_0x15026e4f0;  1 drivers
v0x1500e00f0_0 .net *"_ivl_81", 0 0, L_0x15026e590;  1 drivers
v0x1500e0180_0 .net *"_ivl_83", 0 0, L_0x15026e600;  1 drivers
v0x1500e0210_0 .net *"_ivl_86", 0 0, L_0x15026e7d0;  1 drivers
v0x1500e02a0_0 .net *"_ivl_88", 0 0, L_0x15026e310;  1 drivers
v0x1500e0330_0 .net *"_ivl_90", 0 0, L_0x15026ea20;  1 drivers
v0x1500e03c0_0 .net *"_ivl_91", 0 0, L_0x15026cc30;  1 drivers
v0x1500e0450_0 .net *"_ivl_93", 0 0, L_0x15026e9b0;  1 drivers
v0x1500e04e0_0 .net *"_ivl_96", 0 0, L_0x15026e730;  1 drivers
v0x1500e0570_0 .net *"_ivl_98", 0 0, L_0x15026ecb0;  1 drivers
v0x1500df290_0 .net *"_ivl_99", 0 0, L_0x15026ee20;  1 drivers
v0x1500df320_0 .net "a", 3 0, L_0x150270330;  1 drivers
v0x1500df3b0_0 .net "b", 3 0, L_0x1502703d0;  1 drivers
v0x1500e0600_0 .net "c", 3 0, L_0x15026d460;  1 drivers
v0x1500e0690_0 .net "cin", 0 0, L_0x15026ba70;  alias, 1 drivers
v0x1500e0720_0 .net "cout", 0 0, L_0x15026fc70;  alias, 1 drivers
v0x1500e07b0_0 .net "sum", 3 0, L_0x15026ff60;  1 drivers
L_0x15026c510 .part L_0x15026c2f0, 0, 1;
L_0x15026c610 .part L_0x15026bdf0, 0, 1;
L_0x15026c6f0 .part L_0x15026d460, 0, 1;
L_0x15026ca20 .part L_0x15026c2f0, 1, 1;
L_0x15026cac0 .part L_0x15026bdf0, 1, 1;
L_0x15026cb90 .part L_0x15026c2f0, 0, 1;
L_0x15026ceb0 .part L_0x15026bdf0, 1, 1;
L_0x15026cfd0 .part L_0x15026bdf0, 0, 1;
L_0x15026d180 .part L_0x15026d460, 0, 1;
L_0x15026d460 .concat8 [ 1 1 1 1], L_0x15026c420, L_0x15026c900, L_0x15026d3b0, L_0x15026e600;
L_0x15026d5c0 .part L_0x15026c2f0, 2, 1;
L_0x15026d6c0 .part L_0x15026bdf0, 2, 1;
L_0x15026d760 .part L_0x15026c2f0, 1, 1;
L_0x15026da30 .part L_0x15026bdf0, 2, 1;
L_0x15026dad0 .part L_0x15026bdf0, 1, 1;
L_0x15026dd60 .part L_0x15026c2f0, 0, 1;
L_0x15026e040 .part L_0x15026bdf0, 2, 1;
L_0x15026e170 .part L_0x15026bdf0, 1, 1;
L_0x15026e270 .part L_0x15026bdf0, 0, 1;
L_0x15026e4f0 .part L_0x15026d460, 0, 1;
L_0x15026e7d0 .part L_0x15026c2f0, 3, 1;
L_0x15026e310 .part L_0x15026bdf0, 3, 1;
L_0x15026ea20 .part L_0x15026c2f0, 2, 1;
L_0x15026e730 .part L_0x15026bdf0, 3, 1;
L_0x15026ecb0 .part L_0x15026bdf0, 2, 1;
L_0x15026eef0 .part L_0x15026c2f0, 1, 1;
L_0x15026f1a0 .part L_0x15026bdf0, 3, 1;
L_0x15026f320 .part L_0x15026bdf0, 2, 1;
L_0x15026f5c0 .part L_0x15026bdf0, 1, 1;
L_0x15026f280 .part L_0x15026c2f0, 0, 1;
L_0x15026f9d0 .part L_0x15026bdf0, 3, 1;
L_0x15026fb70 .part L_0x15026bdf0, 2, 1;
L_0x15026f6a0 .part L_0x15026bdf0, 1, 1;
L_0x15026f880 .part L_0x15026bdf0, 0, 1;
L_0x150270060 .part L_0x15026d460, 0, 1;
S_0x1500e0840 .scope module, "n3" "cla_4" 5 16, 6 3 0, S_0x1500db170;
 .timescale -9 -11;
    .port_info 0 /INPUT 4 "a";
    .port_info 1 /INPUT 4 "b";
    .port_info 2 /INPUT 1 "cin";
    .port_info 3 /OUTPUT 4 "sum";
    .port_info 4 /OUTPUT 1 "cout";
L_0x150270470 .functor XOR 4, L_0x150274560, L_0x150274600, C4<0000>, C4<0000>;
L_0x150270520 .functor AND 4, L_0x150274560, L_0x150274600, C4<1111>, C4<1111>;
L_0x150270650 .functor BUFZ 1, L_0x15026fc70, C4<0>, C4<0>, C4<0>;
L_0x150270a00 .functor AND 1, L_0x150270840, L_0x150270920, C4<1>, C4<1>;
L_0x150270b30 .functor OR 1, L_0x150270740, L_0x150270a00, C4<0>, C4<0>;
L_0x150270ee0 .functor AND 1, L_0x150270cf0, L_0x150270dc0, C4<1>, C4<1>;
L_0x150270fb0 .functor OR 1, L_0x150270c50, L_0x150270ee0, C4<0>, C4<0>;
L_0x1502712a0 .functor AND 1, L_0x1502710e0, L_0x150271200, C4<1>, C4<1>;
L_0x1502714e0 .functor AND 1, L_0x1502712a0, L_0x1502713b0, C4<1>, C4<1>;
L_0x1502715e0 .functor OR 1, L_0x150270fb0, L_0x1502714e0, C4<0>, C4<0>;
L_0x150271aa0 .functor AND 1, L_0x1502718f0, L_0x150271990, C4<1>, C4<1>;
L_0x150271bb0 .functor OR 1, L_0x1502717f0, L_0x150271aa0, C4<0>, C4<0>;
L_0x150271a30 .functor AND 1, L_0x150271c60, L_0x150271d00, C4<1>, C4<1>;
L_0x150272030 .functor AND 1, L_0x150271a30, L_0x150271f90, C4<1>, C4<1>;
L_0x150272100 .functor OR 1, L_0x150271bb0, L_0x150272030, C4<0>, C4<0>;
L_0x150271f20 .functor AND 1, L_0x150272270, L_0x1502723a0, C4<1>, C4<1>;
L_0x1502725e0 .functor AND 1, L_0x150271f20, L_0x1502724a0, C4<1>, C4<1>;
L_0x1502727c0 .functor AND 1, L_0x1502725e0, L_0x150272720, C4<1>, C4<1>;
L_0x150272830 .functor OR 1, L_0x150272100, L_0x1502727c0, C4<0>, C4<0>;
L_0x150270e60 .functor AND 1, L_0x150272540, L_0x150272c50, C4<1>, C4<1>;
L_0x150272be0 .functor OR 1, L_0x150272a00, L_0x150270e60, C4<0>, C4<0>;
L_0x150273050 .functor AND 1, L_0x150272960, L_0x150272ee0, C4<1>, C4<1>;
L_0x150272d30 .functor AND 1, L_0x150273050, L_0x150273120, C4<1>, C4<1>;
L_0x150273320 .functor OR 1, L_0x150272be0, L_0x150272d30, C4<0>, C4<0>;
L_0x150272e70 .functor AND 1, L_0x1502733d0, L_0x150273550, C4<1>, C4<1>;
L_0x150273260 .functor AND 1, L_0x150272e70, L_0x1502737f0, C4<1>, C4<1>;
L_0x150273980 .functor AND 1, L_0x150273260, L_0x1502734b0, C4<1>, C4<1>;
L_0x150273b50 .functor OR 1, L_0x150273320, L_0x150273980, C4<0>, C4<0>;
L_0x150272fc0 .functor AND 1, L_0x150273c00, L_0x150273da0, C4<1>, C4<1>;
L_0x150273ca0 .functor AND 1, L_0x150272fc0, L_0x1502738d0, C4<1>, C4<1>;
L_0x1502740a0 .functor AND 1, L_0x150273ca0, L_0x150273ab0, C4<1>, C4<1>;
L_0x150273f90 .functor AND 1, L_0x1502740a0, L_0x150274290, C4<1>, C4<1>;
L_0x150273ea0 .functor OR 1, L_0x150273b50, L_0x150273f90, C4<0>, C4<0>;
L_0x150274190 .functor XOR 4, L_0x150270470, L_0x150271690, C4<0000>, C4<0000>;
v0x1500e09b0_0 .net "G", 3 0, L_0x150270520;  1 drivers
v0x1500e0a40_0 .net "P", 3 0, L_0x150270470;  1 drivers
v0x1500e0ad0_0 .net *"_ivl_102", 0 0, L_0x150273120;  1 drivers
v0x1500e0b60_0 .net *"_ivl_103", 0 0, L_0x150272d30;  1 drivers
v0x1500e0bf0_0 .net *"_ivl_105", 0 0, L_0x150273320;  1 drivers
v0x1500e0c80_0 .net *"_ivl_108", 0 0, L_0x1502733d0;  1 drivers
v0x1500e0d10_0 .net *"_ivl_11", 0 0, L_0x150270740;  1 drivers
v0x1500e0da0_0 .net *"_ivl_110", 0 0, L_0x150273550;  1 drivers
v0x1500e0e30_0 .net *"_ivl_111", 0 0, L_0x150272e70;  1 drivers
v0x1500e0ec0_0 .net *"_ivl_114", 0 0, L_0x1502737f0;  1 drivers
v0x1500e0f50_0 .net *"_ivl_115", 0 0, L_0x150273260;  1 drivers
v0x1500e0fe0_0 .net *"_ivl_118", 0 0, L_0x1502734b0;  1 drivers
v0x1500e1070_0 .net *"_ivl_119", 0 0, L_0x150273980;  1 drivers
v0x1500e1100_0 .net *"_ivl_121", 0 0, L_0x150273b50;  1 drivers
v0x1500e1190_0 .net *"_ivl_124", 0 0, L_0x150273c00;  1 drivers
v0x1500e1220_0 .net *"_ivl_126", 0 0, L_0x150273da0;  1 drivers
v0x1500e12b0_0 .net *"_ivl_127", 0 0, L_0x150272fc0;  1 drivers
v0x1500e1440_0 .net *"_ivl_13", 0 0, L_0x150270840;  1 drivers
v0x1500e14d0_0 .net *"_ivl_130", 0 0, L_0x1502738d0;  1 drivers
v0x1500e1560_0 .net *"_ivl_131", 0 0, L_0x150273ca0;  1 drivers
v0x1500e15f0_0 .net *"_ivl_134", 0 0, L_0x150273ab0;  1 drivers
v0x1500e1680_0 .net *"_ivl_135", 0 0, L_0x1502740a0;  1 drivers
v0x1500e1710_0 .net *"_ivl_138", 0 0, L_0x150274290;  1 drivers
v0x1500e17a0_0 .net *"_ivl_139", 0 0, L_0x150273f90;  1 drivers
v0x1500e1830_0 .net *"_ivl_15", 0 0, L_0x150270920;  1 drivers
v0x1500e18c0_0 .net *"_ivl_16", 0 0, L_0x150270a00;  1 drivers
v0x1500e1950_0 .net *"_ivl_18", 0 0, L_0x150270b30;  1 drivers
v0x1500e19e0_0 .net *"_ivl_23", 0 0, L_0x150270c50;  1 drivers
v0x1500e1a70_0 .net *"_ivl_25", 0 0, L_0x150270cf0;  1 drivers
v0x1500e1b00_0 .net *"_ivl_27", 0 0, L_0x150270dc0;  1 drivers
v0x1500e1b90_0 .net *"_ivl_28", 0 0, L_0x150270ee0;  1 drivers
v0x1500e1c20_0 .net *"_ivl_30", 0 0, L_0x150270fb0;  1 drivers
v0x1500e1cb0_0 .net *"_ivl_33", 0 0, L_0x1502710e0;  1 drivers
v0x1500e1340_0 .net *"_ivl_35", 0 0, L_0x150271200;  1 drivers
v0x1500e1f40_0 .net *"_ivl_36", 0 0, L_0x1502712a0;  1 drivers
v0x1500e1fd0_0 .net *"_ivl_39", 0 0, L_0x1502713b0;  1 drivers
v0x1500e2060_0 .net *"_ivl_40", 0 0, L_0x1502714e0;  1 drivers
v0x1500e20f0_0 .net *"_ivl_42", 0 0, L_0x1502715e0;  1 drivers
v0x1500e2180_0 .net *"_ivl_48", 0 0, L_0x1502717f0;  1 drivers
v0x1500e2210_0 .net *"_ivl_50", 0 0, L_0x1502718f0;  1 drivers
v0x1500e22a0_0 .net *"_ivl_52", 0 0, L_0x150271990;  1 drivers
v0x1500e2330_0 .net *"_ivl_53", 0 0, L_0x150271aa0;  1 drivers
v0x1500e23c0_0 .net *"_ivl_55", 0 0, L_0x150271bb0;  1 drivers
v0x1500e2450_0 .net *"_ivl_58", 0 0, L_0x150271c60;  1 drivers
v0x1500e24e0_0 .net *"_ivl_60", 0 0, L_0x150271d00;  1 drivers
v0x1500e2570_0 .net *"_ivl_61", 0 0, L_0x150271a30;  1 drivers
v0x1500e2600_0 .net *"_ivl_64", 0 0, L_0x150271f90;  1 drivers
v0x1500e2690_0 .net *"_ivl_65", 0 0, L_0x150272030;  1 drivers
v0x1500e2720_0 .net *"_ivl_67", 0 0, L_0x150272100;  1 drivers
v0x1500e27b0_0 .net *"_ivl_7", 0 0, L_0x150270650;  1 drivers
v0x1500e2840_0 .net *"_ivl_70", 0 0, L_0x150272270;  1 drivers
v0x1500e28d0_0 .net *"_ivl_72", 0 0, L_0x1502723a0;  1 drivers
v0x1500e2960_0 .net *"_ivl_73", 0 0, L_0x150271f20;  1 drivers
v0x1500e29f0_0 .net *"_ivl_76", 0 0, L_0x1502724a0;  1 drivers
v0x1500e2a80_0 .net *"_ivl_77", 0 0, L_0x1502725e0;  1 drivers
v0x1500e2b10_0 .net *"_ivl_80", 0 0, L_0x150272720;  1 drivers
v0x1500e2ba0_0 .net *"_ivl_81", 0 0, L_0x1502727c0;  1 drivers
v0x1500e2c30_0 .net *"_ivl_83", 0 0, L_0x150272830;  1 drivers
v0x1500e2cc0_0 .net *"_ivl_86", 0 0, L_0x150272a00;  1 drivers
v0x1500e2d50_0 .net *"_ivl_88", 0 0, L_0x150272540;  1 drivers
v0x1500e2de0_0 .net *"_ivl_90", 0 0, L_0x150272c50;  1 drivers
v0x1500e2e70_0 .net *"_ivl_91", 0 0, L_0x150270e60;  1 drivers
v0x1500e2f00_0 .net *"_ivl_93", 0 0, L_0x150272be0;  1 drivers
v0x1500e2f90_0 .net *"_ivl_96", 0 0, L_0x150272960;  1 drivers
v0x1500e3020_0 .net *"_ivl_98", 0 0, L_0x150272ee0;  1 drivers
v0x1500e1d40_0 .net *"_ivl_99", 0 0, L_0x150273050;  1 drivers
v0x1500e1dd0_0 .net "a", 3 0, L_0x150274560;  1 drivers
v0x1500e1e60_0 .net "b", 3 0, L_0x150274600;  1 drivers
v0x1500e30b0_0 .net "c", 3 0, L_0x150271690;  1 drivers
v0x1500e3140_0 .net "cin", 0 0, L_0x15026fc70;  alias, 1 drivers
v0x1500e31d0_0 .net "cout", 0 0, L_0x150273ea0;  alias, 1 drivers
v0x1500e3260_0 .net "sum", 3 0, L_0x150274190;  1 drivers
L_0x150270740 .part L_0x150270520, 0, 1;
L_0x150270840 .part L_0x150270470, 0, 1;
L_0x150270920 .part L_0x150271690, 0, 1;
L_0x150270c50 .part L_0x150270520, 1, 1;
L_0x150270cf0 .part L_0x150270470, 1, 1;
L_0x150270dc0 .part L_0x150270520, 0, 1;
L_0x1502710e0 .part L_0x150270470, 1, 1;
L_0x150271200 .part L_0x150270470, 0, 1;
L_0x1502713b0 .part L_0x150271690, 0, 1;
L_0x150271690 .concat8 [ 1 1 1 1], L_0x150270650, L_0x150270b30, L_0x1502715e0, L_0x150272830;
L_0x1502717f0 .part L_0x150270520, 2, 1;
L_0x1502718f0 .part L_0x150270470, 2, 1;
L_0x150271990 .part L_0x150270520, 1, 1;
L_0x150271c60 .part L_0x150270470, 2, 1;
L_0x150271d00 .part L_0x150270470, 1, 1;
L_0x150271f90 .part L_0x150270520, 0, 1;
L_0x150272270 .part L_0x150270470, 2, 1;
L_0x1502723a0 .part L_0x150270470, 1, 1;
L_0x1502724a0 .part L_0x150270470, 0, 1;
L_0x150272720 .part L_0x150271690, 0, 1;
L_0x150272a00 .part L_0x150270520, 3, 1;
L_0x150272540 .part L_0x150270470, 3, 1;
L_0x150272c50 .part L_0x150270520, 2, 1;
L_0x150272960 .part L_0x150270470, 3, 1;
L_0x150272ee0 .part L_0x150270470, 2, 1;
L_0x150273120 .part L_0x150270520, 1, 1;
L_0x1502733d0 .part L_0x150270470, 3, 1;
L_0x150273550 .part L_0x150270470, 2, 1;
L_0x1502737f0 .part L_0x150270470, 1, 1;
L_0x1502734b0 .part L_0x150270520, 0, 1;
L_0x150273c00 .part L_0x150270470, 3, 1;
L_0x150273da0 .part L_0x150270470, 2, 1;
L_0x1502738d0 .part L_0x150270470, 1, 1;
L_0x150273ab0 .part L_0x150270470, 0, 1;
L_0x150274290 .part L_0x150271690, 0, 1;
S_0x1500e32f0 .scope module, "n4" "cla_4" 5 17, 6 3 0, S_0x1500db170;
 .timescale -9 -11;
    .port_info 0 /INPUT 4 "a";
    .port_info 1 /INPUT 4 "b";
    .port_info 2 /INPUT 1 "cin";
    .port_info 3 /OUTPUT 4 "sum";
    .port_info 4 /OUTPUT 1 "cout";
L_0x150274200 .functor XOR 4, L_0x150278720, L_0x1502787c0, C4<0000>, C4<0000>;
L_0x1502746e0 .functor AND 4, L_0x150278720, L_0x1502787c0, C4<1111>, C4<1111>;
L_0x150274810 .functor BUFZ 1, L_0x150273ea0, C4<0>, C4<0>, C4<0>;
L_0x150274bc0 .functor AND 1, L_0x150274a00, L_0x150274ae0, C4<1>, C4<1>;
L_0x150274cf0 .functor OR 1, L_0x150274900, L_0x150274bc0, C4<0>, C4<0>;
L_0x1502750a0 .functor AND 1, L_0x150274eb0, L_0x150274f80, C4<1>, C4<1>;
L_0x150275170 .functor OR 1, L_0x150274e10, L_0x1502750a0, C4<0>, C4<0>;
L_0x150275460 .functor AND 1, L_0x1502752a0, L_0x1502753c0, C4<1>, C4<1>;
L_0x1502756a0 .functor AND 1, L_0x150275460, L_0x150275570, C4<1>, C4<1>;
L_0x1502757a0 .functor OR 1, L_0x150275170, L_0x1502756a0, C4<0>, C4<0>;
L_0x150275c60 .functor AND 1, L_0x150275ab0, L_0x150275b50, C4<1>, C4<1>;
L_0x150275d70 .functor OR 1, L_0x1502759b0, L_0x150275c60, C4<0>, C4<0>;
L_0x150275bf0 .functor AND 1, L_0x150275e20, L_0x150275ec0, C4<1>, C4<1>;
L_0x1502761f0 .functor AND 1, L_0x150275bf0, L_0x150276150, C4<1>, C4<1>;
L_0x1502762c0 .functor OR 1, L_0x150275d70, L_0x1502761f0, C4<0>, C4<0>;
L_0x1502760e0 .functor AND 1, L_0x150276430, L_0x150276560, C4<1>, C4<1>;
L_0x1502767a0 .functor AND 1, L_0x1502760e0, L_0x150276660, C4<1>, C4<1>;
L_0x150276980 .functor AND 1, L_0x1502767a0, L_0x1502768e0, C4<1>, C4<1>;
L_0x1502769f0 .functor OR 1, L_0x1502762c0, L_0x150276980, C4<0>, C4<0>;
L_0x150275020 .functor AND 1, L_0x150276700, L_0x150276e10, C4<1>, C4<1>;
L_0x150276da0 .functor OR 1, L_0x150276bc0, L_0x150275020, C4<0>, C4<0>;
L_0x150277210 .functor AND 1, L_0x150276b20, L_0x1502770a0, C4<1>, C4<1>;
L_0x150276ef0 .functor AND 1, L_0x150277210, L_0x1502772e0, C4<1>, C4<1>;
L_0x1502774e0 .functor OR 1, L_0x150276da0, L_0x150276ef0, C4<0>, C4<0>;
L_0x150277030 .functor AND 1, L_0x150277590, L_0x150277710, C4<1>, C4<1>;
L_0x150277420 .functor AND 1, L_0x150277030, L_0x1502779b0, C4<1>, C4<1>;
L_0x150277b40 .functor AND 1, L_0x150277420, L_0x150277670, C4<1>, C4<1>;
L_0x150277d10 .functor OR 1, L_0x1502774e0, L_0x150277b40, C4<0>, C4<0>;
L_0x150277180 .functor AND 1, L_0x150277dc0, L_0x150277f60, C4<1>, C4<1>;
L_0x150277e60 .functor AND 1, L_0x150277180, L_0x150277a90, C4<1>, C4<1>;
L_0x150278260 .functor AND 1, L_0x150277e60, L_0x150277c70, C4<1>, C4<1>;
L_0x150278150 .functor AND 1, L_0x150278260, L_0x150278450, C4<1>, C4<1>;
L_0x150278060 .functor OR 1, L_0x150277d10, L_0x150278150, C4<0>, C4<0>;
L_0x150278350 .functor XOR 4, L_0x150274200, L_0x150275850, C4<0000>, C4<0000>;
v0x1500e34e0_0 .net "G", 3 0, L_0x1502746e0;  1 drivers
v0x1500e3580_0 .net "P", 3 0, L_0x150274200;  1 drivers
v0x1500e3630_0 .net *"_ivl_102", 0 0, L_0x1502772e0;  1 drivers
v0x1500e36f0_0 .net *"_ivl_103", 0 0, L_0x150276ef0;  1 drivers
v0x1500e37a0_0 .net *"_ivl_105", 0 0, L_0x1502774e0;  1 drivers
v0x1500e3890_0 .net *"_ivl_108", 0 0, L_0x150277590;  1 drivers
v0x1500e3940_0 .net *"_ivl_11", 0 0, L_0x150274900;  1 drivers
v0x1500e39f0_0 .net *"_ivl_110", 0 0, L_0x150277710;  1 drivers
v0x1500e3aa0_0 .net *"_ivl_111", 0 0, L_0x150277030;  1 drivers
v0x1500e3bb0_0 .net *"_ivl_114", 0 0, L_0x1502779b0;  1 drivers
v0x1500e3c60_0 .net *"_ivl_115", 0 0, L_0x150277420;  1 drivers
v0x1500e3d10_0 .net *"_ivl_118", 0 0, L_0x150277670;  1 drivers
v0x1500e3dc0_0 .net *"_ivl_119", 0 0, L_0x150277b40;  1 drivers
v0x1500e3e70_0 .net *"_ivl_121", 0 0, L_0x150277d10;  1 drivers
v0x1500e3f20_0 .net *"_ivl_124", 0 0, L_0x150277dc0;  1 drivers
v0x1500e3fd0_0 .net *"_ivl_126", 0 0, L_0x150277f60;  1 drivers
v0x1500e4080_0 .net *"_ivl_127", 0 0, L_0x150277180;  1 drivers
v0x1500e4210_0 .net *"_ivl_13", 0 0, L_0x150274a00;  1 drivers
v0x1500e42a0_0 .net *"_ivl_130", 0 0, L_0x150277a90;  1 drivers
v0x1500e4350_0 .net *"_ivl_131", 0 0, L_0x150277e60;  1 drivers
v0x1500e4400_0 .net *"_ivl_134", 0 0, L_0x150277c70;  1 drivers
v0x1500e44b0_0 .net *"_ivl_135", 0 0, L_0x150278260;  1 drivers
v0x1500e4560_0 .net *"_ivl_138", 0 0, L_0x150278450;  1 drivers
v0x1500e4610_0 .net *"_ivl_139", 0 0, L_0x150278150;  1 drivers
v0x1500e46c0_0 .net *"_ivl_15", 0 0, L_0x150274ae0;  1 drivers
v0x1500e4770_0 .net *"_ivl_16", 0 0, L_0x150274bc0;  1 drivers
v0x1500e4820_0 .net *"_ivl_18", 0 0, L_0x150274cf0;  1 drivers
v0x1500e48d0_0 .net *"_ivl_23", 0 0, L_0x150274e10;  1 drivers
v0x1500e4980_0 .net *"_ivl_25", 0 0, L_0x150274eb0;  1 drivers
v0x1500e4a30_0 .net *"_ivl_27", 0 0, L_0x150274f80;  1 drivers
v0x1500e4ae0_0 .net *"_ivl_28", 0 0, L_0x1502750a0;  1 drivers
v0x1500e4b90_0 .net *"_ivl_30", 0 0, L_0x150275170;  1 drivers
v0x1500e4c40_0 .net *"_ivl_33", 0 0, L_0x1502752a0;  1 drivers
v0x1500e4130_0 .net *"_ivl_35", 0 0, L_0x1502753c0;  1 drivers
v0x1500e4ed0_0 .net *"_ivl_36", 0 0, L_0x150275460;  1 drivers
v0x1500e4f60_0 .net *"_ivl_39", 0 0, L_0x150275570;  1 drivers
v0x1500e5000_0 .net *"_ivl_40", 0 0, L_0x1502756a0;  1 drivers
v0x1500e50b0_0 .net *"_ivl_42", 0 0, L_0x1502757a0;  1 drivers
v0x1500e5160_0 .net *"_ivl_48", 0 0, L_0x1502759b0;  1 drivers
v0x1500e5210_0 .net *"_ivl_50", 0 0, L_0x150275ab0;  1 drivers
v0x1500e52c0_0 .net *"_ivl_52", 0 0, L_0x150275b50;  1 drivers
v0x1500e5370_0 .net *"_ivl_53", 0 0, L_0x150275c60;  1 drivers
v0x1500e5420_0 .net *"_ivl_55", 0 0, L_0x150275d70;  1 drivers
v0x1500e54d0_0 .net *"_ivl_58", 0 0, L_0x150275e20;  1 drivers
v0x1500e5580_0 .net *"_ivl_60", 0 0, L_0x150275ec0;  1 drivers
v0x1500e5630_0 .net *"_ivl_61", 0 0, L_0x150275bf0;  1 drivers
v0x1500e56e0_0 .net *"_ivl_64", 0 0, L_0x150276150;  1 drivers
v0x1500e5790_0 .net *"_ivl_65", 0 0, L_0x1502761f0;  1 drivers
v0x1500e5840_0 .net *"_ivl_67", 0 0, L_0x1502762c0;  1 drivers
v0x1500e58f0_0 .net *"_ivl_7", 0 0, L_0x150274810;  1 drivers
v0x1500e59a0_0 .net *"_ivl_70", 0 0, L_0x150276430;  1 drivers
v0x1500e5a50_0 .net *"_ivl_72", 0 0, L_0x150276560;  1 drivers
v0x1500e5b00_0 .net *"_ivl_73", 0 0, L_0x1502760e0;  1 drivers
v0x1500e5bb0_0 .net *"_ivl_76", 0 0, L_0x150276660;  1 drivers
v0x1500e5c60_0 .net *"_ivl_77", 0 0, L_0x1502767a0;  1 drivers
v0x1500e5d10_0 .net *"_ivl_80", 0 0, L_0x1502768e0;  1 drivers
v0x1500e5dc0_0 .net *"_ivl_81", 0 0, L_0x150276980;  1 drivers
v0x1500e5e70_0 .net *"_ivl_83", 0 0, L_0x1502769f0;  1 drivers
v0x1500e5f20_0 .net *"_ivl_86", 0 0, L_0x150276bc0;  1 drivers
v0x1500e5fd0_0 .net *"_ivl_88", 0 0, L_0x150276700;  1 drivers
v0x1500e6080_0 .net *"_ivl_90", 0 0, L_0x150276e10;  1 drivers
v0x1500e6130_0 .net *"_ivl_91", 0 0, L_0x150275020;  1 drivers
v0x1500e61e0_0 .net *"_ivl_93", 0 0, L_0x150276da0;  1 drivers
v0x1500e6290_0 .net *"_ivl_96", 0 0, L_0x150276b20;  1 drivers
v0x1500e6340_0 .net *"_ivl_98", 0 0, L_0x1502770a0;  1 drivers
v0x1500e4cf0_0 .net *"_ivl_99", 0 0, L_0x150277210;  1 drivers
v0x1500e4da0_0 .net "a", 3 0, L_0x150278720;  1 drivers
v0x1500e63d0_0 .net "b", 3 0, L_0x1502787c0;  1 drivers
v0x1500e6460_0 .net "c", 3 0, L_0x150275850;  1 drivers
v0x1500e64f0_0 .net "cin", 0 0, L_0x150273ea0;  alias, 1 drivers
v0x1500e6580_0 .net "cout", 0 0, L_0x150278060;  alias, 1 drivers
v0x1500e6610_0 .net "sum", 3 0, L_0x150278350;  1 drivers
L_0x150274900 .part L_0x1502746e0, 0, 1;
L_0x150274a00 .part L_0x150274200, 0, 1;
L_0x150274ae0 .part L_0x150275850, 0, 1;
L_0x150274e10 .part L_0x1502746e0, 1, 1;
L_0x150274eb0 .part L_0x150274200, 1, 1;
L_0x150274f80 .part L_0x1502746e0, 0, 1;
L_0x1502752a0 .part L_0x150274200, 1, 1;
L_0x1502753c0 .part L_0x150274200, 0, 1;
L_0x150275570 .part L_0x150275850, 0, 1;
L_0x150275850 .concat8 [ 1 1 1 1], L_0x150274810, L_0x150274cf0, L_0x1502757a0, L_0x1502769f0;
L_0x1502759b0 .part L_0x1502746e0, 2, 1;
L_0x150275ab0 .part L_0x150274200, 2, 1;
L_0x150275b50 .part L_0x1502746e0, 1, 1;
L_0x150275e20 .part L_0x150274200, 2, 1;
L_0x150275ec0 .part L_0x150274200, 1, 1;
L_0x150276150 .part L_0x1502746e0, 0, 1;
L_0x150276430 .part L_0x150274200, 2, 1;
L_0x150276560 .part L_0x150274200, 1, 1;
L_0x150276660 .part L_0x150274200, 0, 1;
L_0x1502768e0 .part L_0x150275850, 0, 1;
L_0x150276bc0 .part L_0x1502746e0, 3, 1;
L_0x150276700 .part L_0x150274200, 3, 1;
L_0x150276e10 .part L_0x1502746e0, 2, 1;
L_0x150276b20 .part L_0x150274200, 3, 1;
L_0x1502770a0 .part L_0x150274200, 2, 1;
L_0x1502772e0 .part L_0x1502746e0, 1, 1;
L_0x150277590 .part L_0x150274200, 3, 1;
L_0x150277710 .part L_0x150274200, 2, 1;
L_0x1502779b0 .part L_0x150274200, 1, 1;
L_0x150277670 .part L_0x1502746e0, 0, 1;
L_0x150277dc0 .part L_0x150274200, 3, 1;
L_0x150277f60 .part L_0x150274200, 2, 1;
L_0x150277a90 .part L_0x150274200, 1, 1;
L_0x150277c70 .part L_0x150274200, 0, 1;
L_0x150278450 .part L_0x150275850, 0, 1;
S_0x1500e6c90 .scope module, "n2" "cla16" 5 33, 5 4 0, S_0x1500db000;
 .timescale -9 -11;
    .port_info 0 /INPUT 16 "d1";
    .port_info 1 /INPUT 16 "d2";
    .port_info 2 /INPUT 1 "cin";
    .port_info 3 /OUTPUT 16 "sum";
    .port_info 4 /OUTPUT 1 "cout";
P_0x1500e6e60 .param/l "DATA_WIDTH" 0 5 4, +C4<00000000000000000000000000100000>;
v0x15020c310_0 .net "c1", 0 0, L_0x15027c520;  1 drivers
v0x15020c3e0_0 .net "c2", 0 0, L_0x1502806d0;  1 drivers
v0x15020c4b0_0 .net "c3", 0 0, L_0x1502849c0;  1 drivers
v0x15020c580_0 .net "cin", 0 0, L_0x150278060;  alias, 1 drivers
v0x15020c610_0 .net8 "cout", 0 0, RS_0x148057270;  alias, 3 drivers
v0x15020c760_0 .net "d1", 15 0, L_0x150289450;  1 drivers
v0x15020c7f0_0 .net "d2", 15 0, L_0x1502894f0;  1 drivers
v0x15020c880_0 .net "sum", 15 0, L_0x1502892a0;  1 drivers
L_0x15027cbe0 .part L_0x150289450, 0, 4;
L_0x15027cc80 .part L_0x1502894f0, 0, 4;
L_0x150280d90 .part L_0x150289450, 4, 4;
L_0x150280e30 .part L_0x1502894f0, 4, 4;
L_0x150284f90 .part L_0x150289450, 8, 4;
L_0x150285030 .part L_0x1502894f0, 8, 4;
L_0x1502890e0 .part L_0x150289450, 12, 4;
L_0x150289180 .part L_0x1502894f0, 12, 4;
L_0x1502892a0 .concat8 [ 4 4 4 4], L_0x15027c810, L_0x1502809c0, L_0x150284bc0, L_0x150288d10;
S_0x1500e6f90 .scope module, "n1" "cla_4" 5 14, 6 3 0, S_0x1500e6c90;
 .timescale -9 -11;
    .port_info 0 /INPUT 4 "a";
    .port_info 1 /INPUT 4 "b";
    .port_info 2 /INPUT 1 "cin";
    .port_info 3 /OUTPUT 4 "sum";
    .port_info 4 /OUTPUT 1 "cout";
L_0x150278bd0 .functor XOR 4, L_0x15027cbe0, L_0x15027cc80, C4<0000>, C4<0000>;
L_0x150278c40 .functor AND 4, L_0x15027cbe0, L_0x15027cc80, C4<1111>, C4<1111>;
L_0x150278d50 .functor BUFZ 1, L_0x150278060, C4<0>, C4<0>, C4<0>;
L_0x150279080 .functor AND 1, L_0x150278ec0, L_0x150278fa0, C4<1>, C4<1>;
L_0x1502791b0 .functor OR 1, L_0x150278dc0, L_0x150279080, C4<0>, C4<0>;
L_0x150279560 .functor AND 1, L_0x150279370, L_0x150279440, C4<1>, C4<1>;
L_0x150279630 .functor OR 1, L_0x1502792d0, L_0x150279560, C4<0>, C4<0>;
L_0x150279920 .functor AND 1, L_0x150279760, L_0x150279880, C4<1>, C4<1>;
L_0x150279b60 .functor AND 1, L_0x150279920, L_0x150279a30, C4<1>, C4<1>;
L_0x150279c60 .functor OR 1, L_0x150279630, L_0x150279b60, C4<0>, C4<0>;
L_0x15027a120 .functor AND 1, L_0x150279f70, L_0x15027a010, C4<1>, C4<1>;
L_0x15027a230 .functor OR 1, L_0x150279e70, L_0x15027a120, C4<0>, C4<0>;
L_0x15027a0b0 .functor AND 1, L_0x15027a2e0, L_0x15027a380, C4<1>, C4<1>;
L_0x15027a6b0 .functor AND 1, L_0x15027a0b0, L_0x15027a610, C4<1>, C4<1>;
L_0x15027a780 .functor OR 1, L_0x15027a230, L_0x15027a6b0, C4<0>, C4<0>;
L_0x15027a5a0 .functor AND 1, L_0x15027a8f0, L_0x15027aa20, C4<1>, C4<1>;
L_0x15027ac60 .functor AND 1, L_0x15027a5a0, L_0x15027ab20, C4<1>, C4<1>;
L_0x15027ae40 .functor AND 1, L_0x15027ac60, L_0x15027ada0, C4<1>, C4<1>;
L_0x15027aeb0 .functor OR 1, L_0x15027a780, L_0x15027ae40, C4<0>, C4<0>;
L_0x1502794e0 .functor AND 1, L_0x15027abc0, L_0x15027b2d0, C4<1>, C4<1>;
L_0x15027b260 .functor OR 1, L_0x15027b080, L_0x1502794e0, C4<0>, C4<0>;
L_0x15027b6d0 .functor AND 1, L_0x15027afe0, L_0x15027b560, C4<1>, C4<1>;
L_0x15027b3b0 .functor AND 1, L_0x15027b6d0, L_0x15027b7a0, C4<1>, C4<1>;
L_0x15027b9a0 .functor OR 1, L_0x15027b260, L_0x15027b3b0, C4<0>, C4<0>;
L_0x15027b4f0 .functor AND 1, L_0x15027ba50, L_0x15027bbd0, C4<1>, C4<1>;
L_0x15027b8e0 .functor AND 1, L_0x15027b4f0, L_0x15027be70, C4<1>, C4<1>;
L_0x15027c000 .functor AND 1, L_0x15027b8e0, L_0x15027bb30, C4<1>, C4<1>;
L_0x15027c1d0 .functor OR 1, L_0x15027b9a0, L_0x15027c000, C4<0>, C4<0>;
L_0x15027b640 .functor AND 1, L_0x15027c280, L_0x15027c420, C4<1>, C4<1>;
L_0x15027c320 .functor AND 1, L_0x15027b640, L_0x15027bf50, C4<1>, C4<1>;
L_0x15027c720 .functor AND 1, L_0x15027c320, L_0x15027c130, C4<1>, C4<1>;
L_0x15027c610 .functor AND 1, L_0x15027c720, L_0x15027c910, C4<1>, C4<1>;
L_0x15027c520 .functor OR 1, L_0x15027c1d0, L_0x15027c610, C4<0>, C4<0>;
L_0x15027c810 .functor XOR 4, L_0x150278bd0, L_0x150279d10, C4<0000>, C4<0000>;
v0x1500e7200_0 .net "G", 3 0, L_0x150278c40;  1 drivers
v0x1500e72b0_0 .net "P", 3 0, L_0x150278bd0;  1 drivers
v0x1500e7360_0 .net *"_ivl_102", 0 0, L_0x15027b7a0;  1 drivers
v0x1500e7420_0 .net *"_ivl_103", 0 0, L_0x15027b3b0;  1 drivers
v0x1500e74d0_0 .net *"_ivl_105", 0 0, L_0x15027b9a0;  1 drivers
v0x1500e75c0_0 .net *"_ivl_108", 0 0, L_0x15027ba50;  1 drivers
v0x1500e7670_0 .net *"_ivl_11", 0 0, L_0x150278dc0;  1 drivers
v0x1500e7720_0 .net *"_ivl_110", 0 0, L_0x15027bbd0;  1 drivers
v0x1500e77d0_0 .net *"_ivl_111", 0 0, L_0x15027b4f0;  1 drivers
v0x1500e78e0_0 .net *"_ivl_114", 0 0, L_0x15027be70;  1 drivers
v0x1500e7990_0 .net *"_ivl_115", 0 0, L_0x15027b8e0;  1 drivers
v0x1500e7a40_0 .net *"_ivl_118", 0 0, L_0x15027bb30;  1 drivers
v0x1500e7af0_0 .net *"_ivl_119", 0 0, L_0x15027c000;  1 drivers
v0x1500e7ba0_0 .net *"_ivl_121", 0 0, L_0x15027c1d0;  1 drivers
v0x1500e7c50_0 .net *"_ivl_124", 0 0, L_0x15027c280;  1 drivers
v0x1500e7d00_0 .net *"_ivl_126", 0 0, L_0x15027c420;  1 drivers
v0x1500e7db0_0 .net *"_ivl_127", 0 0, L_0x15027b640;  1 drivers
v0x1500e7f40_0 .net *"_ivl_13", 0 0, L_0x150278ec0;  1 drivers
v0x1500e7fd0_0 .net *"_ivl_130", 0 0, L_0x15027bf50;  1 drivers
v0x1500e8080_0 .net *"_ivl_131", 0 0, L_0x15027c320;  1 drivers
v0x1500e8130_0 .net *"_ivl_134", 0 0, L_0x15027c130;  1 drivers
v0x1500e81e0_0 .net *"_ivl_135", 0 0, L_0x15027c720;  1 drivers
v0x1500e8290_0 .net *"_ivl_138", 0 0, L_0x15027c910;  1 drivers
v0x1500e8340_0 .net *"_ivl_139", 0 0, L_0x15027c610;  1 drivers
v0x1500e83f0_0 .net *"_ivl_15", 0 0, L_0x150278fa0;  1 drivers
v0x1500e84a0_0 .net *"_ivl_16", 0 0, L_0x150279080;  1 drivers
v0x1500e8550_0 .net *"_ivl_18", 0 0, L_0x1502791b0;  1 drivers
v0x1500e8600_0 .net *"_ivl_23", 0 0, L_0x1502792d0;  1 drivers
v0x1500e86b0_0 .net *"_ivl_25", 0 0, L_0x150279370;  1 drivers
v0x1500e8760_0 .net *"_ivl_27", 0 0, L_0x150279440;  1 drivers
v0x1500e8810_0 .net *"_ivl_28", 0 0, L_0x150279560;  1 drivers
v0x1500e88c0_0 .net *"_ivl_30", 0 0, L_0x150279630;  1 drivers
v0x1500e8970_0 .net *"_ivl_33", 0 0, L_0x150279760;  1 drivers
v0x1500e7e60_0 .net *"_ivl_35", 0 0, L_0x150279880;  1 drivers
v0x1500e8c00_0 .net *"_ivl_36", 0 0, L_0x150279920;  1 drivers
v0x1500e8c90_0 .net *"_ivl_39", 0 0, L_0x150279a30;  1 drivers
v0x1500e8d30_0 .net *"_ivl_40", 0 0, L_0x150279b60;  1 drivers
v0x1500e8de0_0 .net *"_ivl_42", 0 0, L_0x150279c60;  1 drivers
v0x1500e8e90_0 .net *"_ivl_48", 0 0, L_0x150279e70;  1 drivers
v0x1500e8f40_0 .net *"_ivl_50", 0 0, L_0x150279f70;  1 drivers
v0x1500e8ff0_0 .net *"_ivl_52", 0 0, L_0x15027a010;  1 drivers
v0x1500e90a0_0 .net *"_ivl_53", 0 0, L_0x15027a120;  1 drivers
v0x1500e9150_0 .net *"_ivl_55", 0 0, L_0x15027a230;  1 drivers
v0x1500e9200_0 .net *"_ivl_58", 0 0, L_0x15027a2e0;  1 drivers
v0x1500e92b0_0 .net *"_ivl_60", 0 0, L_0x15027a380;  1 drivers
v0x1500e9360_0 .net *"_ivl_61", 0 0, L_0x15027a0b0;  1 drivers
v0x1500e9410_0 .net *"_ivl_64", 0 0, L_0x15027a610;  1 drivers
v0x1500e94c0_0 .net *"_ivl_65", 0 0, L_0x15027a6b0;  1 drivers
v0x1500e9570_0 .net *"_ivl_67", 0 0, L_0x15027a780;  1 drivers
v0x1500e9620_0 .net *"_ivl_7", 0 0, L_0x150278d50;  1 drivers
v0x1500e96d0_0 .net *"_ivl_70", 0 0, L_0x15027a8f0;  1 drivers
v0x1500e9780_0 .net *"_ivl_72", 0 0, L_0x15027aa20;  1 drivers
v0x1500e9830_0 .net *"_ivl_73", 0 0, L_0x15027a5a0;  1 drivers
v0x1500e98e0_0 .net *"_ivl_76", 0 0, L_0x15027ab20;  1 drivers
v0x1500e9990_0 .net *"_ivl_77", 0 0, L_0x15027ac60;  1 drivers
v0x1500e9a40_0 .net *"_ivl_80", 0 0, L_0x15027ada0;  1 drivers
v0x1500e9af0_0 .net *"_ivl_81", 0 0, L_0x15027ae40;  1 drivers
v0x1500e9ba0_0 .net *"_ivl_83", 0 0, L_0x15027aeb0;  1 drivers
v0x1500e9c50_0 .net *"_ivl_86", 0 0, L_0x15027b080;  1 drivers
v0x1500e9d00_0 .net *"_ivl_88", 0 0, L_0x15027abc0;  1 drivers
v0x1500e9db0_0 .net *"_ivl_90", 0 0, L_0x15027b2d0;  1 drivers
v0x1500e9e60_0 .net *"_ivl_91", 0 0, L_0x1502794e0;  1 drivers
v0x1500e9f10_0 .net *"_ivl_93", 0 0, L_0x15027b260;  1 drivers
v0x1500e9fc0_0 .net *"_ivl_96", 0 0, L_0x15027afe0;  1 drivers
v0x1500ea070_0 .net *"_ivl_98", 0 0, L_0x15027b560;  1 drivers
v0x1500e8a20_0 .net *"_ivl_99", 0 0, L_0x15027b6d0;  1 drivers
v0x1500e8ad0_0 .net "a", 3 0, L_0x15027cbe0;  1 drivers
v0x1500ea100_0 .net "b", 3 0, L_0x15027cc80;  1 drivers
v0x1500ea190_0 .net "c", 3 0, L_0x150279d10;  1 drivers
v0x1500ea220_0 .net "cin", 0 0, L_0x150278060;  alias, 1 drivers
v0x1500ea2b0_0 .net "cout", 0 0, L_0x15027c520;  alias, 1 drivers
v0x1500ea340_0 .net "sum", 3 0, L_0x15027c810;  1 drivers
L_0x150278dc0 .part L_0x150278c40, 0, 1;
L_0x150278ec0 .part L_0x150278bd0, 0, 1;
L_0x150278fa0 .part L_0x150279d10, 0, 1;
L_0x1502792d0 .part L_0x150278c40, 1, 1;
L_0x150279370 .part L_0x150278bd0, 1, 1;
L_0x150279440 .part L_0x150278c40, 0, 1;
L_0x150279760 .part L_0x150278bd0, 1, 1;
L_0x150279880 .part L_0x150278bd0, 0, 1;
L_0x150279a30 .part L_0x150279d10, 0, 1;
L_0x150279d10 .concat8 [ 1 1 1 1], L_0x150278d50, L_0x1502791b0, L_0x150279c60, L_0x15027aeb0;
L_0x150279e70 .part L_0x150278c40, 2, 1;
L_0x150279f70 .part L_0x150278bd0, 2, 1;
L_0x15027a010 .part L_0x150278c40, 1, 1;
L_0x15027a2e0 .part L_0x150278bd0, 2, 1;
L_0x15027a380 .part L_0x150278bd0, 1, 1;
L_0x15027a610 .part L_0x150278c40, 0, 1;
L_0x15027a8f0 .part L_0x150278bd0, 2, 1;
L_0x15027aa20 .part L_0x150278bd0, 1, 1;
L_0x15027ab20 .part L_0x150278bd0, 0, 1;
L_0x15027ada0 .part L_0x150279d10, 0, 1;
L_0x15027b080 .part L_0x150278c40, 3, 1;
L_0x15027abc0 .part L_0x150278bd0, 3, 1;
L_0x15027b2d0 .part L_0x150278c40, 2, 1;
L_0x15027afe0 .part L_0x150278bd0, 3, 1;
L_0x15027b560 .part L_0x150278bd0, 2, 1;
L_0x15027b7a0 .part L_0x150278c40, 1, 1;
L_0x15027ba50 .part L_0x150278bd0, 3, 1;
L_0x15027bbd0 .part L_0x150278bd0, 2, 1;
L_0x15027be70 .part L_0x150278bd0, 1, 1;
L_0x15027bb30 .part L_0x150278c40, 0, 1;
L_0x15027c280 .part L_0x150278bd0, 3, 1;
L_0x15027c420 .part L_0x150278bd0, 2, 1;
L_0x15027bf50 .part L_0x150278bd0, 1, 1;
L_0x15027c130 .part L_0x150278bd0, 0, 1;
L_0x15027c910 .part L_0x150279d10, 0, 1;
S_0x1500ea400 .scope module, "n2" "cla_4" 5 15, 6 3 0, S_0x1500e6c90;
 .timescale -9 -11;
    .port_info 0 /INPUT 4 "a";
    .port_info 1 /INPUT 4 "b";
    .port_info 2 /INPUT 1 "cin";
    .port_info 3 /OUTPUT 4 "sum";
    .port_info 4 /OUTPUT 1 "cout";
L_0x15027c8a0 .functor XOR 4, L_0x150280d90, L_0x150280e30, C4<0000>, C4<0000>;
L_0x15027cda0 .functor AND 4, L_0x150280d90, L_0x150280e30, C4<1111>, C4<1111>;
L_0x15027ced0 .functor BUFZ 1, L_0x15027c520, C4<0>, C4<0>, C4<0>;
L_0x15027d240 .functor AND 1, L_0x15027d0a0, L_0x15027d180, C4<1>, C4<1>;
L_0x15027d370 .functor OR 1, L_0x15027cfc0, L_0x15027d240, C4<0>, C4<0>;
L_0x15027d720 .functor AND 1, L_0x15027d530, L_0x15027d600, C4<1>, C4<1>;
L_0x15027d7f0 .functor OR 1, L_0x15027d490, L_0x15027d720, C4<0>, C4<0>;
L_0x15027dae0 .functor AND 1, L_0x15027d920, L_0x15027da40, C4<1>, C4<1>;
L_0x15027dd20 .functor AND 1, L_0x15027dae0, L_0x15027dbf0, C4<1>, C4<1>;
L_0x15027de20 .functor OR 1, L_0x15027d7f0, L_0x15027dd20, C4<0>, C4<0>;
L_0x15027e2e0 .functor AND 1, L_0x15027e130, L_0x15027e1d0, C4<1>, C4<1>;
L_0x15027e3f0 .functor OR 1, L_0x15027e030, L_0x15027e2e0, C4<0>, C4<0>;
L_0x15027e270 .functor AND 1, L_0x15027e4a0, L_0x15027e540, C4<1>, C4<1>;
L_0x15027e870 .functor AND 1, L_0x15027e270, L_0x15027e7d0, C4<1>, C4<1>;
L_0x15027e920 .functor OR 1, L_0x15027e3f0, L_0x15027e870, C4<0>, C4<0>;
L_0x15027e760 .functor AND 1, L_0x15027ea90, L_0x15027ebc0, C4<1>, C4<1>;
L_0x15027ede0 .functor AND 1, L_0x15027e760, L_0x15027eca0, C4<1>, C4<1>;
L_0x15027efa0 .functor AND 1, L_0x15027ede0, L_0x15027ef00, C4<1>, C4<1>;
L_0x15027f070 .functor OR 1, L_0x15027e920, L_0x15027efa0, C4<0>, C4<0>;
L_0x15027d6a0 .functor AND 1, L_0x15027ed40, L_0x15027f3e0, C4<1>, C4<1>;
L_0x15027f580 .functor OR 1, L_0x15027f240, L_0x15027d6a0, C4<0>, C4<0>;
L_0x15027f890 .functor AND 1, L_0x15027f1a0, L_0x15027f720, C4<1>, C4<1>;
L_0x15027f9c0 .functor AND 1, L_0x15027f890, L_0x15027f920, C4<1>, C4<1>;
L_0x15027fb70 .functor OR 1, L_0x15027f580, L_0x15027f9c0, C4<0>, C4<0>;
L_0x15027f6b0 .functor AND 1, L_0x15027fc20, L_0x15027fda0, C4<1>, C4<1>;
L_0x15027fab0 .functor AND 1, L_0x15027f6b0, L_0x150280040, C4<1>, C4<1>;
L_0x1502801d0 .functor AND 1, L_0x15027fab0, L_0x15027fd00, C4<1>, C4<1>;
L_0x1502803a0 .functor OR 1, L_0x15027fb70, L_0x1502801d0, C4<0>, C4<0>;
L_0x15027f800 .functor AND 1, L_0x150280450, L_0x1502805f0, C4<1>, C4<1>;
L_0x1502804f0 .functor AND 1, L_0x15027f800, L_0x150280120, C4<1>, C4<1>;
L_0x1502808d0 .functor AND 1, L_0x1502804f0, L_0x150280300, C4<1>, C4<1>;
L_0x1502807c0 .functor AND 1, L_0x1502808d0, L_0x150280ac0, C4<1>, C4<1>;
L_0x1502806d0 .functor OR 1, L_0x1502803a0, L_0x1502807c0, C4<0>, C4<0>;
L_0x1502809c0 .functor XOR 4, L_0x15027c8a0, L_0x15027ded0, C4<0000>, C4<0000>;
v0x1500ea640_0 .net "G", 3 0, L_0x15027cda0;  1 drivers
v0x1500ea6e0_0 .net "P", 3 0, L_0x15027c8a0;  1 drivers
v0x1500ea790_0 .net *"_ivl_102", 0 0, L_0x15027f920;  1 drivers
v0x1500ea850_0 .net *"_ivl_103", 0 0, L_0x15027f9c0;  1 drivers
v0x1500ea900_0 .net *"_ivl_105", 0 0, L_0x15027fb70;  1 drivers
v0x1500ea9f0_0 .net *"_ivl_108", 0 0, L_0x15027fc20;  1 drivers
v0x1500eaaa0_0 .net *"_ivl_11", 0 0, L_0x15027cfc0;  1 drivers
v0x1500eab50_0 .net *"_ivl_110", 0 0, L_0x15027fda0;  1 drivers
v0x1500eac00_0 .net *"_ivl_111", 0 0, L_0x15027f6b0;  1 drivers
v0x1500ead10_0 .net *"_ivl_114", 0 0, L_0x150280040;  1 drivers
v0x1500eadc0_0 .net *"_ivl_115", 0 0, L_0x15027fab0;  1 drivers
v0x1500eae70_0 .net *"_ivl_118", 0 0, L_0x15027fd00;  1 drivers
v0x1500eaf20_0 .net *"_ivl_119", 0 0, L_0x1502801d0;  1 drivers
v0x1500eafd0_0 .net *"_ivl_121", 0 0, L_0x1502803a0;  1 drivers
v0x1500eb080_0 .net *"_ivl_124", 0 0, L_0x150280450;  1 drivers
v0x1500eb130_0 .net *"_ivl_126", 0 0, L_0x1502805f0;  1 drivers
v0x1500eb1e0_0 .net *"_ivl_127", 0 0, L_0x15027f800;  1 drivers
v0x1500eb370_0 .net *"_ivl_13", 0 0, L_0x15027d0a0;  1 drivers
v0x1500eb400_0 .net *"_ivl_130", 0 0, L_0x150280120;  1 drivers
v0x1500eb4b0_0 .net *"_ivl_131", 0 0, L_0x1502804f0;  1 drivers
v0x1500eb560_0 .net *"_ivl_134", 0 0, L_0x150280300;  1 drivers
v0x1500eb610_0 .net *"_ivl_135", 0 0, L_0x1502808d0;  1 drivers
v0x1500eb6c0_0 .net *"_ivl_138", 0 0, L_0x150280ac0;  1 drivers
v0x1500eb770_0 .net *"_ivl_139", 0 0, L_0x1502807c0;  1 drivers
v0x1500eb820_0 .net *"_ivl_15", 0 0, L_0x15027d180;  1 drivers
v0x1500eb8d0_0 .net *"_ivl_16", 0 0, L_0x15027d240;  1 drivers
v0x1500eb980_0 .net *"_ivl_18", 0 0, L_0x15027d370;  1 drivers
v0x1500eba30_0 .net *"_ivl_23", 0 0, L_0x15027d490;  1 drivers
v0x1500ebae0_0 .net *"_ivl_25", 0 0, L_0x15027d530;  1 drivers
v0x1500ebb90_0 .net *"_ivl_27", 0 0, L_0x15027d600;  1 drivers
v0x1500ebc40_0 .net *"_ivl_28", 0 0, L_0x15027d720;  1 drivers
v0x1500ebcf0_0 .net *"_ivl_30", 0 0, L_0x15027d7f0;  1 drivers
v0x1500ebda0_0 .net *"_ivl_33", 0 0, L_0x15027d920;  1 drivers
v0x1500eb290_0 .net *"_ivl_35", 0 0, L_0x15027da40;  1 drivers
v0x1500ec030_0 .net *"_ivl_36", 0 0, L_0x15027dae0;  1 drivers
v0x1502040a0_0 .net *"_ivl_39", 0 0, L_0x15027dbf0;  1 drivers
v0x150204150_0 .net *"_ivl_40", 0 0, L_0x15027dd20;  1 drivers
v0x150204200_0 .net *"_ivl_42", 0 0, L_0x15027de20;  1 drivers
v0x1502042b0_0 .net *"_ivl_48", 0 0, L_0x15027e030;  1 drivers
v0x150204360_0 .net *"_ivl_50", 0 0, L_0x15027e130;  1 drivers
v0x150204410_0 .net *"_ivl_52", 0 0, L_0x15027e1d0;  1 drivers
v0x1502044c0_0 .net *"_ivl_53", 0 0, L_0x15027e2e0;  1 drivers
v0x150204570_0 .net *"_ivl_55", 0 0, L_0x15027e3f0;  1 drivers
v0x150204620_0 .net *"_ivl_58", 0 0, L_0x15027e4a0;  1 drivers
v0x1502046d0_0 .net *"_ivl_60", 0 0, L_0x15027e540;  1 drivers
v0x150204780_0 .net *"_ivl_61", 0 0, L_0x15027e270;  1 drivers
v0x150204830_0 .net *"_ivl_64", 0 0, L_0x15027e7d0;  1 drivers
v0x1502048e0_0 .net *"_ivl_65", 0 0, L_0x15027e870;  1 drivers
v0x150204990_0 .net *"_ivl_67", 0 0, L_0x15027e920;  1 drivers
v0x150204a40_0 .net *"_ivl_7", 0 0, L_0x15027ced0;  1 drivers
v0x150204af0_0 .net *"_ivl_70", 0 0, L_0x15027ea90;  1 drivers
v0x150204ba0_0 .net *"_ivl_72", 0 0, L_0x15027ebc0;  1 drivers
v0x150204c50_0 .net *"_ivl_73", 0 0, L_0x15027e760;  1 drivers
v0x150204d00_0 .net *"_ivl_76", 0 0, L_0x15027eca0;  1 drivers
v0x150204db0_0 .net *"_ivl_77", 0 0, L_0x15027ede0;  1 drivers
v0x150204e60_0 .net *"_ivl_80", 0 0, L_0x15027ef00;  1 drivers
v0x150204f10_0 .net *"_ivl_81", 0 0, L_0x15027efa0;  1 drivers
v0x150204fc0_0 .net *"_ivl_83", 0 0, L_0x15027f070;  1 drivers
v0x150205070_0 .net *"_ivl_86", 0 0, L_0x15027f240;  1 drivers
v0x150205120_0 .net *"_ivl_88", 0 0, L_0x15027ed40;  1 drivers
v0x1502051d0_0 .net *"_ivl_90", 0 0, L_0x15027f3e0;  1 drivers
v0x150205280_0 .net *"_ivl_91", 0 0, L_0x15027d6a0;  1 drivers
v0x150205330_0 .net *"_ivl_93", 0 0, L_0x15027f580;  1 drivers
v0x1502053e0_0 .net *"_ivl_96", 0 0, L_0x15027f1a0;  1 drivers
v0x150205490_0 .net *"_ivl_98", 0 0, L_0x15027f720;  1 drivers
v0x150205540_0 .net *"_ivl_99", 0 0, L_0x15027f890;  1 drivers
v0x1502055f0_0 .net "a", 3 0, L_0x150280d90;  1 drivers
v0x1502056a0_0 .net "b", 3 0, L_0x150280e30;  1 drivers
v0x150205750_0 .net "c", 3 0, L_0x15027ded0;  1 drivers
v0x150205800_0 .net "cin", 0 0, L_0x15027c520;  alias, 1 drivers
v0x1502058b0_0 .net "cout", 0 0, L_0x1502806d0;  alias, 1 drivers
v0x150205950_0 .net "sum", 3 0, L_0x1502809c0;  1 drivers
L_0x15027cfc0 .part L_0x15027cda0, 0, 1;
L_0x15027d0a0 .part L_0x15027c8a0, 0, 1;
L_0x15027d180 .part L_0x15027ded0, 0, 1;
L_0x15027d490 .part L_0x15027cda0, 1, 1;
L_0x15027d530 .part L_0x15027c8a0, 1, 1;
L_0x15027d600 .part L_0x15027cda0, 0, 1;
L_0x15027d920 .part L_0x15027c8a0, 1, 1;
L_0x15027da40 .part L_0x15027c8a0, 0, 1;
L_0x15027dbf0 .part L_0x15027ded0, 0, 1;
L_0x15027ded0 .concat8 [ 1 1 1 1], L_0x15027ced0, L_0x15027d370, L_0x15027de20, L_0x15027f070;
L_0x15027e030 .part L_0x15027cda0, 2, 1;
L_0x15027e130 .part L_0x15027c8a0, 2, 1;
L_0x15027e1d0 .part L_0x15027cda0, 1, 1;
L_0x15027e4a0 .part L_0x15027c8a0, 2, 1;
L_0x15027e540 .part L_0x15027c8a0, 1, 1;
L_0x15027e7d0 .part L_0x15027cda0, 0, 1;
L_0x15027ea90 .part L_0x15027c8a0, 2, 1;
L_0x15027ebc0 .part L_0x15027c8a0, 1, 1;
L_0x15027eca0 .part L_0x15027c8a0, 0, 1;
L_0x15027ef00 .part L_0x15027ded0, 0, 1;
L_0x15027f240 .part L_0x15027cda0, 3, 1;
L_0x15027ed40 .part L_0x15027c8a0, 3, 1;
L_0x15027f3e0 .part L_0x15027cda0, 2, 1;
L_0x15027f1a0 .part L_0x15027c8a0, 3, 1;
L_0x15027f720 .part L_0x15027c8a0, 2, 1;
L_0x15027f920 .part L_0x15027cda0, 1, 1;
L_0x15027fc20 .part L_0x15027c8a0, 3, 1;
L_0x15027fda0 .part L_0x15027c8a0, 2, 1;
L_0x150280040 .part L_0x15027c8a0, 1, 1;
L_0x15027fd00 .part L_0x15027cda0, 0, 1;
L_0x150280450 .part L_0x15027c8a0, 3, 1;
L_0x1502805f0 .part L_0x15027c8a0, 2, 1;
L_0x150280120 .part L_0x15027c8a0, 1, 1;
L_0x150280300 .part L_0x15027c8a0, 0, 1;
L_0x150280ac0 .part L_0x15027ded0, 0, 1;
S_0x150205a80 .scope module, "n3" "cla_4" 5 16, 6 3 0, S_0x1500e6c90;
 .timescale -9 -11;
    .port_info 0 /INPUT 4 "a";
    .port_info 1 /INPUT 4 "b";
    .port_info 2 /INPUT 1 "cin";
    .port_info 3 /OUTPUT 4 "sum";
    .port_info 4 /OUTPUT 1 "cout";
L_0x150280ed0 .functor XOR 4, L_0x150284f90, L_0x150285030, C4<0000>, C4<0000>;
L_0x150280f80 .functor AND 4, L_0x150284f90, L_0x150285030, C4<1111>, C4<1111>;
L_0x1502810b0 .functor BUFZ 1, L_0x1502806d0, C4<0>, C4<0>, C4<0>;
L_0x150281420 .functor AND 1, L_0x150281280, L_0x150281360, C4<1>, C4<1>;
L_0x150281550 .functor OR 1, L_0x1502811a0, L_0x150281420, C4<0>, C4<0>;
L_0x150281900 .functor AND 1, L_0x150281710, L_0x1502817e0, C4<1>, C4<1>;
L_0x1502819d0 .functor OR 1, L_0x150281670, L_0x150281900, C4<0>, C4<0>;
L_0x150281cc0 .functor AND 1, L_0x150281b00, L_0x150281c20, C4<1>, C4<1>;
L_0x150281ee0 .functor AND 1, L_0x150281cc0, L_0x150281db0, C4<1>, C4<1>;
L_0x150281fe0 .functor OR 1, L_0x1502819d0, L_0x150281ee0, C4<0>, C4<0>;
L_0x1502824d0 .functor AND 1, L_0x150282320, L_0x1502823c0, C4<1>, C4<1>;
L_0x1502825e0 .functor OR 1, L_0x150282220, L_0x1502824d0, C4<0>, C4<0>;
L_0x150282460 .functor AND 1, L_0x150282690, L_0x150282730, C4<1>, C4<1>;
L_0x150282a60 .functor AND 1, L_0x150282460, L_0x1502829c0, C4<1>, C4<1>;
L_0x150282b10 .functor OR 1, L_0x1502825e0, L_0x150282a60, C4<0>, C4<0>;
L_0x150282950 .functor AND 1, L_0x150282c80, L_0x150282db0, C4<1>, C4<1>;
L_0x150282fd0 .functor AND 1, L_0x150282950, L_0x150282e90, C4<1>, C4<1>;
L_0x150283190 .functor AND 1, L_0x150282fd0, L_0x1502830f0, C4<1>, C4<1>;
L_0x150283260 .functor OR 1, L_0x150282b10, L_0x150283190, C4<0>, C4<0>;
L_0x150281880 .functor AND 1, L_0x150282f30, L_0x1502835d0, C4<1>, C4<1>;
L_0x150283770 .functor OR 1, L_0x150283430, L_0x150281880, C4<0>, C4<0>;
L_0x150283a80 .functor AND 1, L_0x150283390, L_0x150283910, C4<1>, C4<1>;
L_0x150283bb0 .functor AND 1, L_0x150283a80, L_0x150283b10, C4<1>, C4<1>;
L_0x150283d60 .functor OR 1, L_0x150283770, L_0x150283bb0, C4<0>, C4<0>;
L_0x1502839b0 .functor AND 1, L_0x150283dd0, L_0x150283f50, C4<1>, C4<1>;
L_0x150283ca0 .functor AND 1, L_0x1502839b0, L_0x150282810, C4<1>, C4<1>;
L_0x1502843b0 .functor AND 1, L_0x150283ca0, L_0x150283e70, C4<1>, C4<1>;
L_0x150284580 .functor OR 1, L_0x150283d60, L_0x1502843b0, C4<0>, C4<0>;
L_0x150284270 .functor AND 1, L_0x1502845f0, L_0x150284790, C4<1>, C4<1>;
L_0x1502844a0 .functor AND 1, L_0x150284270, L_0x150284920, C4<1>, C4<1>;
L_0x150284ad0 .functor AND 1, L_0x1502844a0, L_0x1502846d0, C4<1>, C4<1>;
L_0x150284830 .functor AND 1, L_0x150284ad0, L_0x150284cc0, C4<1>, C4<1>;
L_0x1502849c0 .functor OR 1, L_0x150284580, L_0x150284830, C4<0>, C4<0>;
L_0x150284bc0 .functor XOR 4, L_0x150280ed0, L_0x150282090, C4<0000>, C4<0000>;
v0x150205d10_0 .net "G", 3 0, L_0x150280f80;  1 drivers
v0x150205dd0_0 .net "P", 3 0, L_0x150280ed0;  1 drivers
v0x150205e80_0 .net *"_ivl_102", 0 0, L_0x150283b10;  1 drivers
v0x150205f40_0 .net *"_ivl_103", 0 0, L_0x150283bb0;  1 drivers
v0x150205ff0_0 .net *"_ivl_105", 0 0, L_0x150283d60;  1 drivers
v0x1502060e0_0 .net *"_ivl_108", 0 0, L_0x150283dd0;  1 drivers
v0x150206190_0 .net *"_ivl_11", 0 0, L_0x1502811a0;  1 drivers
v0x150206240_0 .net *"_ivl_110", 0 0, L_0x150283f50;  1 drivers
v0x1502062f0_0 .net *"_ivl_111", 0 0, L_0x1502839b0;  1 drivers
v0x150206400_0 .net *"_ivl_114", 0 0, L_0x150282810;  1 drivers
v0x1502064b0_0 .net *"_ivl_115", 0 0, L_0x150283ca0;  1 drivers
v0x150206560_0 .net *"_ivl_118", 0 0, L_0x150283e70;  1 drivers
v0x150206610_0 .net *"_ivl_119", 0 0, L_0x1502843b0;  1 drivers
v0x1502066c0_0 .net *"_ivl_121", 0 0, L_0x150284580;  1 drivers
v0x150206770_0 .net *"_ivl_124", 0 0, L_0x1502845f0;  1 drivers
v0x150206820_0 .net *"_ivl_126", 0 0, L_0x150284790;  1 drivers
v0x1502068d0_0 .net *"_ivl_127", 0 0, L_0x150284270;  1 drivers
v0x150206a60_0 .net *"_ivl_13", 0 0, L_0x150281280;  1 drivers
v0x150206af0_0 .net *"_ivl_130", 0 0, L_0x150284920;  1 drivers
v0x150206ba0_0 .net *"_ivl_131", 0 0, L_0x1502844a0;  1 drivers
v0x150206c50_0 .net *"_ivl_134", 0 0, L_0x1502846d0;  1 drivers
v0x150206d00_0 .net *"_ivl_135", 0 0, L_0x150284ad0;  1 drivers
v0x150206db0_0 .net *"_ivl_138", 0 0, L_0x150284cc0;  1 drivers
v0x150206e60_0 .net *"_ivl_139", 0 0, L_0x150284830;  1 drivers
v0x150206f10_0 .net *"_ivl_15", 0 0, L_0x150281360;  1 drivers
v0x150206fc0_0 .net *"_ivl_16", 0 0, L_0x150281420;  1 drivers
v0x150207070_0 .net *"_ivl_18", 0 0, L_0x150281550;  1 drivers
v0x150207120_0 .net *"_ivl_23", 0 0, L_0x150281670;  1 drivers
v0x1502071d0_0 .net *"_ivl_25", 0 0, L_0x150281710;  1 drivers
v0x150207280_0 .net *"_ivl_27", 0 0, L_0x1502817e0;  1 drivers
v0x150207330_0 .net *"_ivl_28", 0 0, L_0x150281900;  1 drivers
v0x1502073e0_0 .net *"_ivl_30", 0 0, L_0x1502819d0;  1 drivers
v0x150207490_0 .net *"_ivl_33", 0 0, L_0x150281b00;  1 drivers
v0x150206980_0 .net *"_ivl_35", 0 0, L_0x150281c20;  1 drivers
v0x150207720_0 .net *"_ivl_36", 0 0, L_0x150281cc0;  1 drivers
v0x1502077b0_0 .net *"_ivl_39", 0 0, L_0x150281db0;  1 drivers
v0x150207850_0 .net *"_ivl_40", 0 0, L_0x150281ee0;  1 drivers
v0x150207900_0 .net *"_ivl_42", 0 0, L_0x150281fe0;  1 drivers
v0x1502079b0_0 .net *"_ivl_48", 0 0, L_0x150282220;  1 drivers
v0x150207a60_0 .net *"_ivl_50", 0 0, L_0x150282320;  1 drivers
v0x150207b10_0 .net *"_ivl_52", 0 0, L_0x1502823c0;  1 drivers
v0x150207bc0_0 .net *"_ivl_53", 0 0, L_0x1502824d0;  1 drivers
v0x150207c70_0 .net *"_ivl_55", 0 0, L_0x1502825e0;  1 drivers
v0x150207d20_0 .net *"_ivl_58", 0 0, L_0x150282690;  1 drivers
v0x150207dd0_0 .net *"_ivl_60", 0 0, L_0x150282730;  1 drivers
v0x150207e80_0 .net *"_ivl_61", 0 0, L_0x150282460;  1 drivers
v0x150207f30_0 .net *"_ivl_64", 0 0, L_0x1502829c0;  1 drivers
v0x150207fe0_0 .net *"_ivl_65", 0 0, L_0x150282a60;  1 drivers
v0x150208090_0 .net *"_ivl_67", 0 0, L_0x150282b10;  1 drivers
v0x150208140_0 .net *"_ivl_7", 0 0, L_0x1502810b0;  1 drivers
v0x1502081f0_0 .net *"_ivl_70", 0 0, L_0x150282c80;  1 drivers
v0x1502082a0_0 .net *"_ivl_72", 0 0, L_0x150282db0;  1 drivers
v0x150208350_0 .net *"_ivl_73", 0 0, L_0x150282950;  1 drivers
v0x150208400_0 .net *"_ivl_76", 0 0, L_0x150282e90;  1 drivers
v0x1502084b0_0 .net *"_ivl_77", 0 0, L_0x150282fd0;  1 drivers
v0x150208560_0 .net *"_ivl_80", 0 0, L_0x1502830f0;  1 drivers
v0x150208610_0 .net *"_ivl_81", 0 0, L_0x150283190;  1 drivers
v0x1502086c0_0 .net *"_ivl_83", 0 0, L_0x150283260;  1 drivers
v0x150208770_0 .net *"_ivl_86", 0 0, L_0x150283430;  1 drivers
v0x150208820_0 .net *"_ivl_88", 0 0, L_0x150282f30;  1 drivers
v0x1502088d0_0 .net *"_ivl_90", 0 0, L_0x1502835d0;  1 drivers
v0x150208980_0 .net *"_ivl_91", 0 0, L_0x150281880;  1 drivers
v0x150208a30_0 .net *"_ivl_93", 0 0, L_0x150283770;  1 drivers
v0x150208ae0_0 .net *"_ivl_96", 0 0, L_0x150283390;  1 drivers
v0x150208b90_0 .net *"_ivl_98", 0 0, L_0x150283910;  1 drivers
v0x150207540_0 .net *"_ivl_99", 0 0, L_0x150283a80;  1 drivers
v0x1502075f0_0 .net "a", 3 0, L_0x150284f90;  1 drivers
v0x150208c20_0 .net "b", 3 0, L_0x150285030;  1 drivers
v0x150208cb0_0 .net "c", 3 0, L_0x150282090;  1 drivers
v0x150208d40_0 .net "cin", 0 0, L_0x1502806d0;  alias, 1 drivers
v0x150208dd0_0 .net "cout", 0 0, L_0x1502849c0;  alias, 1 drivers
v0x150208e60_0 .net "sum", 3 0, L_0x150284bc0;  1 drivers
L_0x1502811a0 .part L_0x150280f80, 0, 1;
L_0x150281280 .part L_0x150280ed0, 0, 1;
L_0x150281360 .part L_0x150282090, 0, 1;
L_0x150281670 .part L_0x150280f80, 1, 1;
L_0x150281710 .part L_0x150280ed0, 1, 1;
L_0x1502817e0 .part L_0x150280f80, 0, 1;
L_0x150281b00 .part L_0x150280ed0, 1, 1;
L_0x150281c20 .part L_0x150280ed0, 0, 1;
L_0x150281db0 .part L_0x150282090, 0, 1;
L_0x150282090 .concat8 [ 1 1 1 1], L_0x1502810b0, L_0x150281550, L_0x150281fe0, L_0x150283260;
L_0x150282220 .part L_0x150280f80, 2, 1;
L_0x150282320 .part L_0x150280ed0, 2, 1;
L_0x1502823c0 .part L_0x150280f80, 1, 1;
L_0x150282690 .part L_0x150280ed0, 2, 1;
L_0x150282730 .part L_0x150280ed0, 1, 1;
L_0x1502829c0 .part L_0x150280f80, 0, 1;
L_0x150282c80 .part L_0x150280ed0, 2, 1;
L_0x150282db0 .part L_0x150280ed0, 1, 1;
L_0x150282e90 .part L_0x150280ed0, 0, 1;
L_0x1502830f0 .part L_0x150282090, 0, 1;
L_0x150283430 .part L_0x150280f80, 3, 1;
L_0x150282f30 .part L_0x150280ed0, 3, 1;
L_0x1502835d0 .part L_0x150280f80, 2, 1;
L_0x150283390 .part L_0x150280ed0, 3, 1;
L_0x150283910 .part L_0x150280ed0, 2, 1;
L_0x150283b10 .part L_0x150280f80, 1, 1;
L_0x150283dd0 .part L_0x150280ed0, 3, 1;
L_0x150283f50 .part L_0x150280ed0, 2, 1;
L_0x150282810 .part L_0x150280ed0, 1, 1;
L_0x150283e70 .part L_0x150280f80, 0, 1;
L_0x1502845f0 .part L_0x150280ed0, 3, 1;
L_0x150284790 .part L_0x150280ed0, 2, 1;
L_0x150284920 .part L_0x150280ed0, 1, 1;
L_0x1502846d0 .part L_0x150280ed0, 0, 1;
L_0x150284cc0 .part L_0x150282090, 0, 1;
S_0x150208ef0 .scope module, "n4" "cla_4" 5 17, 6 3 0, S_0x1500e6c90;
 .timescale -9 -11;
    .port_info 0 /INPUT 4 "a";
    .port_info 1 /INPUT 4 "b";
    .port_info 2 /INPUT 1 "cin";
    .port_info 3 /OUTPUT 4 "sum";
    .port_info 4 /OUTPUT 1 "cout";
L_0x150284c30 .functor XOR 4, L_0x1502890e0, L_0x150289180, C4<0000>, C4<0000>;
L_0x1502850f0 .functor AND 4, L_0x1502890e0, L_0x150289180, C4<1111>, C4<1111>;
L_0x150285220 .functor BUFZ 1, L_0x1502849c0, C4<0>, C4<0>, C4<0>;
L_0x150285590 .functor AND 1, L_0x1502853f0, L_0x1502854d0, C4<1>, C4<1>;
L_0x1502856a0 .functor OR 1, L_0x150285310, L_0x150285590, C4<0>, C4<0>;
L_0x150285a50 .functor AND 1, L_0x150285860, L_0x150285930, C4<1>, C4<1>;
L_0x150285b20 .functor OR 1, L_0x1502857c0, L_0x150285a50, C4<0>, C4<0>;
L_0x150285e10 .functor AND 1, L_0x150285c50, L_0x150285d70, C4<1>, C4<1>;
L_0x150286030 .functor AND 1, L_0x150285e10, L_0x150285f00, C4<1>, C4<1>;
L_0x150286130 .functor OR 1, L_0x150285b20, L_0x150286030, C4<0>, C4<0>;
L_0x150286620 .functor AND 1, L_0x150286470, L_0x150286510, C4<1>, C4<1>;
L_0x150286730 .functor OR 1, L_0x150286370, L_0x150286620, C4<0>, C4<0>;
L_0x1502865b0 .functor AND 1, L_0x1502867e0, L_0x150286880, C4<1>, C4<1>;
L_0x150286bb0 .functor AND 1, L_0x1502865b0, L_0x150286b10, C4<1>, C4<1>;
L_0x150286c60 .functor OR 1, L_0x150286730, L_0x150286bb0, C4<0>, C4<0>;
L_0x150286aa0 .functor AND 1, L_0x150286dd0, L_0x150286f00, C4<1>, C4<1>;
L_0x150287120 .functor AND 1, L_0x150286aa0, L_0x150286fe0, C4<1>, C4<1>;
L_0x1502872e0 .functor AND 1, L_0x150287120, L_0x150287240, C4<1>, C4<1>;
L_0x1502873b0 .functor OR 1, L_0x150286c60, L_0x1502872e0, C4<0>, C4<0>;
L_0x1502859d0 .functor AND 1, L_0x150287080, L_0x150287720, C4<1>, C4<1>;
L_0x1502878c0 .functor OR 1, L_0x150287580, L_0x1502859d0, C4<0>, C4<0>;
L_0x150287bd0 .functor AND 1, L_0x1502874e0, L_0x150287a60, C4<1>, C4<1>;
L_0x150287d00 .functor AND 1, L_0x150287bd0, L_0x150287c60, C4<1>, C4<1>;
L_0x150287eb0 .functor OR 1, L_0x1502878c0, L_0x150287d00, C4<0>, C4<0>;
L_0x150287b00 .functor AND 1, L_0x150287f20, L_0x1502880a0, C4<1>, C4<1>;
L_0x150287df0 .functor AND 1, L_0x150287b00, L_0x150286960, C4<1>, C4<1>;
L_0x150288500 .functor AND 1, L_0x150287df0, L_0x150287fc0, C4<1>, C4<1>;
L_0x1502886d0 .functor OR 1, L_0x150287eb0, L_0x150288500, C4<0>, C4<0>;
L_0x1502883c0 .functor AND 1, L_0x150288740, L_0x1502888e0, C4<1>, C4<1>;
L_0x1502885f0 .functor AND 1, L_0x1502883c0, L_0x150288a70, C4<1>, C4<1>;
L_0x150288c20 .functor AND 1, L_0x1502885f0, L_0x150288820, C4<1>, C4<1>;
L_0x150288980 .functor AND 1, L_0x150288c20, L_0x150288e10, C4<1>, C4<1>;
L_0x150288b10 .functor OR 1, L_0x1502886d0, L_0x150288980, C4<0>, C4<0>;
L_0x150288d10 .functor XOR 4, L_0x150284c30, L_0x1502861e0, C4<0000>, C4<0000>;
v0x150209130_0 .net "G", 3 0, L_0x1502850f0;  1 drivers
v0x1502091f0_0 .net "P", 3 0, L_0x150284c30;  1 drivers
v0x1502092a0_0 .net *"_ivl_102", 0 0, L_0x150287c60;  1 drivers
v0x150209360_0 .net *"_ivl_103", 0 0, L_0x150287d00;  1 drivers
v0x150209410_0 .net *"_ivl_105", 0 0, L_0x150287eb0;  1 drivers
v0x150209500_0 .net *"_ivl_108", 0 0, L_0x150287f20;  1 drivers
v0x1502095b0_0 .net *"_ivl_11", 0 0, L_0x150285310;  1 drivers
v0x150209660_0 .net *"_ivl_110", 0 0, L_0x1502880a0;  1 drivers
v0x150209710_0 .net *"_ivl_111", 0 0, L_0x150287b00;  1 drivers
v0x150209820_0 .net *"_ivl_114", 0 0, L_0x150286960;  1 drivers
v0x1502098d0_0 .net *"_ivl_115", 0 0, L_0x150287df0;  1 drivers
v0x150209980_0 .net *"_ivl_118", 0 0, L_0x150287fc0;  1 drivers
v0x150209a30_0 .net *"_ivl_119", 0 0, L_0x150288500;  1 drivers
v0x150209ae0_0 .net *"_ivl_121", 0 0, L_0x1502886d0;  1 drivers
v0x150209b90_0 .net *"_ivl_124", 0 0, L_0x150288740;  1 drivers
v0x150209c40_0 .net *"_ivl_126", 0 0, L_0x1502888e0;  1 drivers
v0x150209cf0_0 .net *"_ivl_127", 0 0, L_0x1502883c0;  1 drivers
v0x150209e80_0 .net *"_ivl_13", 0 0, L_0x1502853f0;  1 drivers
v0x150209f10_0 .net *"_ivl_130", 0 0, L_0x150288a70;  1 drivers
v0x150209fc0_0 .net *"_ivl_131", 0 0, L_0x1502885f0;  1 drivers
v0x15020a070_0 .net *"_ivl_134", 0 0, L_0x150288820;  1 drivers
v0x15020a120_0 .net *"_ivl_135", 0 0, L_0x150288c20;  1 drivers
v0x15020a1d0_0 .net *"_ivl_138", 0 0, L_0x150288e10;  1 drivers
v0x15020a280_0 .net *"_ivl_139", 0 0, L_0x150288980;  1 drivers
v0x15020a330_0 .net *"_ivl_15", 0 0, L_0x1502854d0;  1 drivers
v0x15020a3e0_0 .net *"_ivl_16", 0 0, L_0x150285590;  1 drivers
v0x15020a490_0 .net *"_ivl_18", 0 0, L_0x1502856a0;  1 drivers
v0x15020a540_0 .net *"_ivl_23", 0 0, L_0x1502857c0;  1 drivers
v0x15020a5f0_0 .net *"_ivl_25", 0 0, L_0x150285860;  1 drivers
v0x15020a6a0_0 .net *"_ivl_27", 0 0, L_0x150285930;  1 drivers
v0x15020a750_0 .net *"_ivl_28", 0 0, L_0x150285a50;  1 drivers
v0x15020a800_0 .net *"_ivl_30", 0 0, L_0x150285b20;  1 drivers
v0x15020a8b0_0 .net *"_ivl_33", 0 0, L_0x150285c50;  1 drivers
v0x150209da0_0 .net *"_ivl_35", 0 0, L_0x150285d70;  1 drivers
v0x15020ab40_0 .net *"_ivl_36", 0 0, L_0x150285e10;  1 drivers
v0x15020abd0_0 .net *"_ivl_39", 0 0, L_0x150285f00;  1 drivers
v0x15020ac70_0 .net *"_ivl_40", 0 0, L_0x150286030;  1 drivers
v0x15020ad20_0 .net *"_ivl_42", 0 0, L_0x150286130;  1 drivers
v0x15020add0_0 .net *"_ivl_48", 0 0, L_0x150286370;  1 drivers
v0x15020ae80_0 .net *"_ivl_50", 0 0, L_0x150286470;  1 drivers
v0x15020af30_0 .net *"_ivl_52", 0 0, L_0x150286510;  1 drivers
v0x15020afe0_0 .net *"_ivl_53", 0 0, L_0x150286620;  1 drivers
v0x15020b090_0 .net *"_ivl_55", 0 0, L_0x150286730;  1 drivers
v0x15020b140_0 .net *"_ivl_58", 0 0, L_0x1502867e0;  1 drivers
v0x15020b1f0_0 .net *"_ivl_60", 0 0, L_0x150286880;  1 drivers
v0x15020b2a0_0 .net *"_ivl_61", 0 0, L_0x1502865b0;  1 drivers
v0x15020b350_0 .net *"_ivl_64", 0 0, L_0x150286b10;  1 drivers
v0x15020b400_0 .net *"_ivl_65", 0 0, L_0x150286bb0;  1 drivers
v0x15020b4b0_0 .net *"_ivl_67", 0 0, L_0x150286c60;  1 drivers
v0x15020b560_0 .net *"_ivl_7", 0 0, L_0x150285220;  1 drivers
v0x15020b610_0 .net *"_ivl_70", 0 0, L_0x150286dd0;  1 drivers
v0x15020b6c0_0 .net *"_ivl_72", 0 0, L_0x150286f00;  1 drivers
v0x15020b770_0 .net *"_ivl_73", 0 0, L_0x150286aa0;  1 drivers
v0x15020b820_0 .net *"_ivl_76", 0 0, L_0x150286fe0;  1 drivers
v0x15020b8d0_0 .net *"_ivl_77", 0 0, L_0x150287120;  1 drivers
v0x15020b980_0 .net *"_ivl_80", 0 0, L_0x150287240;  1 drivers
v0x15020ba30_0 .net *"_ivl_81", 0 0, L_0x1502872e0;  1 drivers
v0x15020bae0_0 .net *"_ivl_83", 0 0, L_0x1502873b0;  1 drivers
v0x15020bb90_0 .net *"_ivl_86", 0 0, L_0x150287580;  1 drivers
v0x15020bc40_0 .net *"_ivl_88", 0 0, L_0x150287080;  1 drivers
v0x15020bcf0_0 .net *"_ivl_90", 0 0, L_0x150287720;  1 drivers
v0x15020bda0_0 .net *"_ivl_91", 0 0, L_0x1502859d0;  1 drivers
v0x15020be50_0 .net *"_ivl_93", 0 0, L_0x1502878c0;  1 drivers
v0x15020bf00_0 .net *"_ivl_96", 0 0, L_0x1502874e0;  1 drivers
v0x15020bfb0_0 .net *"_ivl_98", 0 0, L_0x150287a60;  1 drivers
v0x15020a960_0 .net *"_ivl_99", 0 0, L_0x150287bd0;  1 drivers
v0x15020aa10_0 .net "a", 3 0, L_0x1502890e0;  1 drivers
v0x15020c040_0 .net "b", 3 0, L_0x150289180;  1 drivers
v0x15020c0d0_0 .net "c", 3 0, L_0x1502861e0;  1 drivers
v0x15020c160_0 .net "cin", 0 0, L_0x1502849c0;  alias, 1 drivers
v0x15020c1f0_0 .net8 "cout", 0 0, RS_0x148057270;  alias, 3 drivers
v0x15020c280_0 .net "sum", 3 0, L_0x150288d10;  1 drivers
L_0x150285310 .part L_0x1502850f0, 0, 1;
L_0x1502853f0 .part L_0x150284c30, 0, 1;
L_0x1502854d0 .part L_0x1502861e0, 0, 1;
L_0x1502857c0 .part L_0x1502850f0, 1, 1;
L_0x150285860 .part L_0x150284c30, 1, 1;
L_0x150285930 .part L_0x1502850f0, 0, 1;
L_0x150285c50 .part L_0x150284c30, 1, 1;
L_0x150285d70 .part L_0x150284c30, 0, 1;
L_0x150285f00 .part L_0x1502861e0, 0, 1;
L_0x1502861e0 .concat8 [ 1 1 1 1], L_0x150285220, L_0x1502856a0, L_0x150286130, L_0x1502873b0;
L_0x150286370 .part L_0x1502850f0, 2, 1;
L_0x150286470 .part L_0x150284c30, 2, 1;
L_0x150286510 .part L_0x1502850f0, 1, 1;
L_0x1502867e0 .part L_0x150284c30, 2, 1;
L_0x150286880 .part L_0x150284c30, 1, 1;
L_0x150286b10 .part L_0x1502850f0, 0, 1;
L_0x150286dd0 .part L_0x150284c30, 2, 1;
L_0x150286f00 .part L_0x150284c30, 1, 1;
L_0x150286fe0 .part L_0x150284c30, 0, 1;
L_0x150287240 .part L_0x1502861e0, 0, 1;
L_0x150287580 .part L_0x1502850f0, 3, 1;
L_0x150287080 .part L_0x150284c30, 3, 1;
L_0x150287720 .part L_0x1502850f0, 2, 1;
L_0x1502874e0 .part L_0x150284c30, 3, 1;
L_0x150287a60 .part L_0x150284c30, 2, 1;
L_0x150287c60 .part L_0x1502850f0, 1, 1;
L_0x150287f20 .part L_0x150284c30, 3, 1;
L_0x1502880a0 .part L_0x150284c30, 2, 1;
L_0x150286960 .part L_0x150284c30, 1, 1;
L_0x150287fc0 .part L_0x1502850f0, 0, 1;
L_0x150288740 .part L_0x150284c30, 3, 1;
L_0x1502888e0 .part L_0x150284c30, 2, 1;
L_0x150288a70 .part L_0x150284c30, 1, 1;
L_0x150288820 .part L_0x150284c30, 0, 1;
L_0x150288e10 .part L_0x1502861e0, 0, 1;
S_0x15020cea0 .scope module, "ROL" "rol" 4 87, 13 1 0, S_0x146efd790;
 .timescale -9 -11;
    .port_info 0 /INPUT 32 "data_in";
    .port_info 1 /OUTPUT 32 "data_out";
P_0x15020d0e0 .param/l "DATA_WIDTH" 0 13 1, +C4<00000000000000000000000000100000>;
L_0x1502abeb0 .functor OR 32, L_0x1502abb70, L_0x1502abd50, C4<00000000000000000000000000000000>, C4<00000000000000000000000000000000>;
v0x15020d220_0 .net *"_ivl_0", 31 0, L_0x1502abb70;  1 drivers
L_0x138008370 .functor BUFT 1, C4<0000000000000000000000000000000>, C4<0>, C4<0>, C4<0>;
v0x15020d2e0_0 .net *"_ivl_10", 30 0, L_0x138008370;  1 drivers
v0x15020d380_0 .net *"_ivl_2", 30 0, L_0x1502abad0;  1 drivers
L_0x138008328 .functor BUFT 1, C4<0>, C4<0>, C4<0>, C4<0>;
v0x15020d410_0 .net *"_ivl_4", 0 0, L_0x138008328;  1 drivers
v0x15020d4a0_0 .net *"_ivl_6", 31 0, L_0x1502abd50;  1 drivers
v0x15020d570_0 .net *"_ivl_8", 0 0, L_0x1502abc90;  1 drivers
v0x15020d620_0 .net "data_in", 31 0, v0x15022ed90_0;  alias, 1 drivers
v0x15020d7c0_0 .net "data_out", 31 0, L_0x1502abeb0;  alias, 1 drivers
L_0x1502abad0 .part v0x15022ed90_0, 0, 31;
L_0x1502abb70 .concat [ 1 31 0 0], L_0x138008328, L_0x1502abad0;
L_0x1502abc90 .part v0x15022ed90_0, 31, 1;
L_0x1502abd50 .concat [ 1 31 0 0], L_0x1502abc90, L_0x138008370;
S_0x15020d8a0 .scope module, "ROR" "ror" 4 82, 14 1 0, S_0x146efd790;
 .timescale -9 -11;
    .port_info 0 /INPUT 32 "data_in";
    .port_info 1 /OUTPUT 32 "data_out";
P_0x15020da60 .param/l "DATA_WIDTH" 0 14 1, +C4<00000000000000000000000000100000>;
L_0x1502ab9a0 .functor OR 32, L_0x1502ab6c0, L_0x1502ab880, C4<00000000000000000000000000000000>, C4<00000000000000000000000000000000>;
v0x15020db90_0 .net *"_ivl_0", 31 0, L_0x1502ab6c0;  1 drivers
L_0x1380082e0 .functor BUFT 1, C4<0000000000000000000000000000000>, C4<0>, C4<0>, C4<0>;
v0x15020dc50_0 .net *"_ivl_10", 30 0, L_0x1380082e0;  1 drivers
v0x15020dcf0_0 .net *"_ivl_2", 30 0, L_0x1502ab620;  1 drivers
L_0x138008298 .functor BUFT 1, C4<0>, C4<0>, C4<0>, C4<0>;
v0x15020dd80_0 .net *"_ivl_4", 0 0, L_0x138008298;  1 drivers
v0x15020de10_0 .net *"_ivl_6", 31 0, L_0x1502ab880;  1 drivers
v0x15020dee0_0 .net *"_ivl_8", 0 0, L_0x1502ab7e0;  1 drivers
v0x15020df90_0 .net "data_in", 31 0, v0x15022ed90_0;  alias, 1 drivers
v0x15020e030_0 .net "data_out", 31 0, L_0x1502ab9a0;  alias, 1 drivers
L_0x1502ab620 .part v0x15022ed90_0, 1, 31;
L_0x1502ab6c0 .concat [ 31 1 0 0], L_0x1502ab620, L_0x138008298;
L_0x1502ab7e0 .part v0x15022ed90_0, 0, 1;
L_0x1502ab880 .concat [ 31 1 0 0], L_0x1380082e0, L_0x1502ab7e0;
S_0x15020e110 .scope module, "SHL" "shl" 4 77, 15 1 0, S_0x146efd790;
 .timescale -9 -11;
    .port_info 0 /INPUT 32 "data_in";
    .port_info 1 /OUTPUT 32 "data_out";
P_0x15020e2d0 .param/l "DATA_WIDTH" 0 15 1, +C4<00000000000000000000000000100000>;
v0x15020e400_0 .net *"_ivl_2", 30 0, L_0x1502ab3e0;  1 drivers
L_0x138008250 .functor BUFT 1, C4<0>, C4<0>, C4<0>, C4<0>;
v0x15020e4c0_0 .net *"_ivl_4", 0 0, L_0x138008250;  1 drivers
v0x15020e560_0 .net "data_in", 31 0, v0x15022ed90_0;  alias, 1 drivers
v0x15020e5f0_0 .net "data_out", 31 0, L_0x1502ab500;  alias, 1 drivers
L_0x1502ab3e0 .part v0x15022ed90_0, 0, 31;
L_0x1502ab500 .concat [ 1 31 0 0], L_0x138008250, L_0x1502ab3e0;
S_0x15020e680 .scope module, "SHR" "shr" 4 67, 16 1 0, S_0x146efd790;
 .timescale -9 -11;
    .port_info 0 /INPUT 32 "data_in";
    .port_info 1 /OUTPUT 32 "data_out";
P_0x15020e840 .param/l "DATA_WIDTH" 0 16 1, +C4<00000000000000000000000000100000>;
v0x15020e990_0 .net *"_ivl_2", 30 0, L_0x15023ee00;  1 drivers
L_0x1380081c0 .functor BUFT 1, C4<0>, C4<0>, C4<0>, C4<0>;
v0x15020ea50_0 .net *"_ivl_4", 0 0, L_0x1380081c0;  1 drivers
v0x15020eaf0_0 .net "data_in", 31 0, v0x15022ed90_0;  alias, 1 drivers
v0x15020eb80_0 .net "data_out", 31 0, L_0x1502ab0c0;  alias, 1 drivers
L_0x15023ee00 .part v0x15022ed90_0, 1, 31;
L_0x1502ab0c0 .concat [ 31 1 0 0], L_0x15023ee00, L_0x1380081c0;
S_0x15020ec10 .scope module, "SHRA" "shra" 4 72, 17 1 0, S_0x146efd790;
 .timescale -9 -11;
    .port_info 0 /INPUT 32 "data_in";
    .port_info 1 /OUTPUT 32 "data_out";
P_0x15020edd0 .param/l "DATA_WIDTH" 0 17 1, +C4<00000000000000000000000000100000>;
v0x15020ef20_0 .net *"_ivl_2", 30 0, L_0x1502ab1e0;  1 drivers
L_0x138008208 .functor BUFT 1, C4<0>, C4<0>, C4<0>, C4<0>;
v0x15020efe0_0 .net *"_ivl_4", 0 0, L_0x138008208;  1 drivers
v0x15020f080_0 .net "data_in", 31 0, v0x15022ed90_0;  alias, 1 drivers
v0x15020f110_0 .net "data_out", 31 0, L_0x1502ab280;  alias, 1 drivers
L_0x1502ab1e0 .part v0x15022ed90_0, 1, 31;
L_0x1502ab280 .concat [ 31 1 0 0], L_0x1502ab1e0, L_0x138008208;
S_0x15020f1a0 .scope module, "SUB" "subtract" 4 34, 18 1 0, S_0x146efd790;
 .timescale -9 -11;
    .port_info 0 /INPUT 32 "a";
    .port_info 1 /INPUT 32 "b";
    .port_info 2 /INPUT 1 "cin";
    .port_info 3 /OUTPUT 32 "sum";
    .port_info 4 /OUTPUT 1 "cout";
P_0x15020f360 .param/l "DATA_WIDTH" 0 18 1, +C4<00000000000000000000000000100000>;
L_0x150289770 .functor NOT 32, v0x15022ed90_0, C4<00000000000000000000000000000000>, C4<00000000000000000000000000000000>, C4<00000000000000000000000000000000>;
v0x15022b060_0 .net *"_ivl_0", 31 0, L_0x150289770;  1 drivers
L_0x138008130 .functor BUFT 1, C4<00000000000000000000000000000001>, C4<0>, C4<0>, C4<0>;
v0x15022b100_0 .net/2u *"_ivl_2", 31 0, L_0x138008130;  1 drivers
v0x15022b1a0_0 .net "a", 31 0, v0x15023efd0_0;  alias, 1 drivers
v0x15022b230_0 .net "b", 31 0, v0x15022ed90_0;  alias, 1 drivers
L_0x138008178 .functor BUFT 1, C4<0>, C4<0>, C4<0>, C4<0>;
v0x15022b2d0_0 .net "cin", 0 0, L_0x138008178;  1 drivers
v0x15022b3a0_0 .net8 "cout", 0 0, RS_0x148057270;  alias, 3 drivers
v0x15022b430_0 .net "negative_b", 31 0, L_0x1502897e0;  1 drivers
v0x15022b4d0_0 .net "sum", 31 0, L_0x1502aac90;  alias, 1 drivers
L_0x1502897e0 .arith/sum 32, L_0x150289770, L_0x138008130;
S_0x15020f4b0 .scope module, "n1" "collective_add" 18 12, 5 22 0, S_0x15020f1a0;
 .timescale -9 -11;
    .port_info 0 /INPUT 32 "d1";
    .port_info 1 /INPUT 32 "d2";
    .port_info 2 /INPUT 1 "cin";
    .port_info 3 /OUTPUT 32 "sum";
    .port_info 4 /OUTPUT 1 "cout";
P_0x15020f670 .param/l "DATA_WIDTH" 0 5 22, +C4<00000000000000000000000000100000>;
v0x15022ab40_0 .net "c1", 0 0, L_0x150299830;  1 drivers
v0x15022ac50_0 .net "cin", 0 0, L_0x138008178;  alias, 1 drivers
v0x15022ace0_0 .net8 "cout", 0 0, RS_0x148057270;  alias, 3 drivers
v0x15022ae70_0 .net "d1", 31 0, v0x15023efd0_0;  alias, 1 drivers
v0x15022af00_0 .net "d2", 31 0, L_0x1502897e0;  alias, 1 drivers
v0x15022afd0_0 .net "sum", 31 0, L_0x1502aac90;  alias, 1 drivers
L_0x15029a170 .part v0x15023efd0_0, 0, 16;
L_0x15029a210 .part L_0x1502897e0, 0, 16;
L_0x1502aaad0 .part v0x15023efd0_0, 16, 16;
L_0x1502aab70 .part L_0x1502897e0, 16, 16;
L_0x1502aac90 .concat8 [ 16 16 0 0], L_0x150299fc0, L_0x1502aa920;
S_0x15020f7c0 .scope module, "n1" "cla16" 5 32, 5 4 0, S_0x15020f4b0;
 .timescale -9 -11;
    .port_info 0 /INPUT 16 "d1";
    .port_info 1 /INPUT 16 "d2";
    .port_info 2 /INPUT 1 "cin";
    .port_info 3 /OUTPUT 16 "sum";
    .port_info 4 /OUTPUT 1 "cout";
P_0x15020f990 .param/l "DATA_WIDTH" 0 5 4, +C4<00000000000000000000000000100000>;
v0x15021cbb0_0 .net "c1", 0 0, L_0x15028d360;  1 drivers
v0x15021cc90_0 .net "c2", 0 0, L_0x1502914f0;  1 drivers
v0x15021cd60_0 .net "c3", 0 0, L_0x1502956b0;  1 drivers
v0x15021ce30_0 .net "cin", 0 0, L_0x138008178;  alias, 1 drivers
v0x15021cec0_0 .net "cout", 0 0, L_0x150299830;  alias, 1 drivers
v0x15021cf90_0 .net "d1", 15 0, L_0x15029a170;  1 drivers
v0x15021d020_0 .net "d2", 15 0, L_0x15029a210;  1 drivers
v0x15021d0b0_0 .net "sum", 15 0, L_0x150299fc0;  1 drivers
L_0x15028d930 .part L_0x15029a170, 0, 4;
L_0x15028d9d0 .part L_0x15029a210, 0, 4;
L_0x150291ac0 .part L_0x15029a170, 4, 4;
L_0x150291b60 .part L_0x15029a210, 4, 4;
L_0x150295c80 .part L_0x15029a170, 8, 4;
L_0x150295d20 .part L_0x15029a210, 8, 4;
L_0x150299e00 .part L_0x15029a170, 12, 4;
L_0x150299ea0 .part L_0x15029a210, 12, 4;
L_0x150299fc0 .concat8 [ 4 4 4 4], L_0x15028d560, L_0x1502916f0, L_0x1502958b0, L_0x150299a30;
S_0x15020fae0 .scope module, "n1" "cla_4" 5 14, 6 3 0, S_0x15020f7c0;
 .timescale -9 -11;
    .port_info 0 /INPUT 4 "a";
    .port_info 1 /INPUT 4 "b";
    .port_info 2 /INPUT 1 "cin";
    .port_info 3 /OUTPUT 4 "sum";
    .port_info 4 /OUTPUT 1 "cout";
L_0x150289960 .functor XOR 4, L_0x15028d930, L_0x15028d9d0, C4<0000>, C4<0000>;
L_0x1502899d0 .functor AND 4, L_0x15028d930, L_0x15028d9d0, C4<1111>, C4<1111>;
L_0x150289ac0 .functor BUFZ 1, L_0x138008178, C4<0>, C4<0>, C4<0>;
L_0x150289dd0 .functor AND 1, L_0x150289c50, L_0x150289d30, C4<1>, C4<1>;
L_0x150289f00 .functor OR 1, L_0x150289bb0, L_0x150289dd0, C4<0>, C4<0>;
L_0x15028a280 .functor AND 1, L_0x15028a0c0, L_0x15028a160, C4<1>, C4<1>;
L_0x15028a370 .functor OR 1, L_0x15028a020, L_0x15028a280, C4<0>, C4<0>;
L_0x15028a660 .functor AND 1, L_0x15028a4a0, L_0x15028a5c0, C4<1>, C4<1>;
L_0x15028a880 .functor AND 1, L_0x15028a660, L_0x15028a750, C4<1>, C4<1>;
L_0x15028a980 .functor OR 1, L_0x15028a370, L_0x15028a880, C4<0>, C4<0>;
L_0x15028ae70 .functor AND 1, L_0x15028acc0, L_0x15028ad60, C4<1>, C4<1>;
L_0x15028af80 .functor OR 1, L_0x15028abc0, L_0x15028ae70, C4<0>, C4<0>;
L_0x15028ae00 .functor AND 1, L_0x15028b030, L_0x15028b0d0, C4<1>, C4<1>;
L_0x15028b400 .functor AND 1, L_0x15028ae00, L_0x15028b360, C4<1>, C4<1>;
L_0x15028b4b0 .functor OR 1, L_0x15028af80, L_0x15028b400, C4<0>, C4<0>;
L_0x15028b2f0 .functor AND 1, L_0x15028b620, L_0x15028b750, C4<1>, C4<1>;
L_0x15028b970 .functor AND 1, L_0x15028b2f0, L_0x15028b830, C4<1>, C4<1>;
L_0x15028bb30 .functor AND 1, L_0x15028b970, L_0x15028ba90, C4<1>, C4<1>;
L_0x15028bc00 .functor OR 1, L_0x15028b4b0, L_0x15028bb30, C4<0>, C4<0>;
L_0x15028a200 .functor AND 1, L_0x15028b8d0, L_0x15028bf70, C4<1>, C4<1>;
L_0x15028c110 .functor OR 1, L_0x15028bdd0, L_0x15028a200, C4<0>, C4<0>;
L_0x15028c420 .functor AND 1, L_0x15028bd30, L_0x15028c2b0, C4<1>, C4<1>;
L_0x15028c550 .functor AND 1, L_0x15028c420, L_0x15028c4b0, C4<1>, C4<1>;
L_0x15028c700 .functor OR 1, L_0x15028c110, L_0x15028c550, C4<0>, C4<0>;
L_0x15028c350 .functor AND 1, L_0x15028c770, L_0x15028c8f0, C4<1>, C4<1>;
L_0x15028c640 .functor AND 1, L_0x15028c350, L_0x15028b1b0, C4<1>, C4<1>;
L_0x15028cd50 .functor AND 1, L_0x15028c640, L_0x15028c810, C4<1>, C4<1>;
L_0x15028cf20 .functor OR 1, L_0x15028c700, L_0x15028cd50, C4<0>, C4<0>;
L_0x15028cc10 .functor AND 1, L_0x15028cf90, L_0x15028d130, C4<1>, C4<1>;
L_0x15028ce40 .functor AND 1, L_0x15028cc10, L_0x15028d2c0, C4<1>, C4<1>;
L_0x15028d470 .functor AND 1, L_0x15028ce40, L_0x15028d070, C4<1>, C4<1>;
L_0x15028d1d0 .functor AND 1, L_0x15028d470, L_0x15028d660, C4<1>, C4<1>;
L_0x15028d360 .functor OR 1, L_0x15028cf20, L_0x15028d1d0, C4<0>, C4<0>;
L_0x15028d560 .functor XOR 4, L_0x150289960, L_0x15028aa30, C4<0000>, C4<0000>;
v0x15020fd60_0 .net "G", 3 0, L_0x1502899d0;  1 drivers
v0x15020fe20_0 .net "P", 3 0, L_0x150289960;  1 drivers
v0x15020fed0_0 .net *"_ivl_102", 0 0, L_0x15028c4b0;  1 drivers
v0x15020ff90_0 .net *"_ivl_103", 0 0, L_0x15028c550;  1 drivers
v0x150210040_0 .net *"_ivl_105", 0 0, L_0x15028c700;  1 drivers
v0x150210130_0 .net *"_ivl_108", 0 0, L_0x15028c770;  1 drivers
v0x1502101e0_0 .net *"_ivl_11", 0 0, L_0x150289bb0;  1 drivers
v0x150210290_0 .net *"_ivl_110", 0 0, L_0x15028c8f0;  1 drivers
v0x150210340_0 .net *"_ivl_111", 0 0, L_0x15028c350;  1 drivers
v0x150210450_0 .net *"_ivl_114", 0 0, L_0x15028b1b0;  1 drivers
v0x150210500_0 .net *"_ivl_115", 0 0, L_0x15028c640;  1 drivers
v0x1502105b0_0 .net *"_ivl_118", 0 0, L_0x15028c810;  1 drivers
v0x150210660_0 .net *"_ivl_119", 0 0, L_0x15028cd50;  1 drivers
v0x150210710_0 .net *"_ivl_121", 0 0, L_0x15028cf20;  1 drivers
v0x1502107c0_0 .net *"_ivl_124", 0 0, L_0x15028cf90;  1 drivers
v0x150210870_0 .net *"_ivl_126", 0 0, L_0x15028d130;  1 drivers
v0x150210920_0 .net *"_ivl_127", 0 0, L_0x15028cc10;  1 drivers
v0x150210ab0_0 .net *"_ivl_13", 0 0, L_0x150289c50;  1 drivers
v0x150210b40_0 .net *"_ivl_130", 0 0, L_0x15028d2c0;  1 drivers
v0x150210bf0_0 .net *"_ivl_131", 0 0, L_0x15028ce40;  1 drivers
v0x150210ca0_0 .net *"_ivl_134", 0 0, L_0x15028d070;  1 drivers
v0x150210d50_0 .net *"_ivl_135", 0 0, L_0x15028d470;  1 drivers
v0x150210e00_0 .net *"_ivl_138", 0 0, L_0x15028d660;  1 drivers
v0x150210eb0_0 .net *"_ivl_139", 0 0, L_0x15028d1d0;  1 drivers
v0x150210f60_0 .net *"_ivl_15", 0 0, L_0x150289d30;  1 drivers
v0x150211010_0 .net *"_ivl_16", 0 0, L_0x150289dd0;  1 drivers
v0x1502110c0_0 .net *"_ivl_18", 0 0, L_0x150289f00;  1 drivers
v0x150211170_0 .net *"_ivl_23", 0 0, L_0x15028a020;  1 drivers
v0x150211220_0 .net *"_ivl_25", 0 0, L_0x15028a0c0;  1 drivers
v0x1502112d0_0 .net *"_ivl_27", 0 0, L_0x15028a160;  1 drivers
v0x150211380_0 .net *"_ivl_28", 0 0, L_0x15028a280;  1 drivers
v0x150211430_0 .net *"_ivl_30", 0 0, L_0x15028a370;  1 drivers
v0x1502114e0_0 .net *"_ivl_33", 0 0, L_0x15028a4a0;  1 drivers
v0x1502109d0_0 .net *"_ivl_35", 0 0, L_0x15028a5c0;  1 drivers
v0x150211770_0 .net *"_ivl_36", 0 0, L_0x15028a660;  1 drivers
v0x150211800_0 .net *"_ivl_39", 0 0, L_0x15028a750;  1 drivers
v0x1502118a0_0 .net *"_ivl_40", 0 0, L_0x15028a880;  1 drivers
v0x150211950_0 .net *"_ivl_42", 0 0, L_0x15028a980;  1 drivers
v0x150211a00_0 .net *"_ivl_48", 0 0, L_0x15028abc0;  1 drivers
v0x150211ab0_0 .net *"_ivl_50", 0 0, L_0x15028acc0;  1 drivers
v0x150211b60_0 .net *"_ivl_52", 0 0, L_0x15028ad60;  1 drivers
v0x150211c10_0 .net *"_ivl_53", 0 0, L_0x15028ae70;  1 drivers
v0x150211cc0_0 .net *"_ivl_55", 0 0, L_0x15028af80;  1 drivers
v0x150211d70_0 .net *"_ivl_58", 0 0, L_0x15028b030;  1 drivers
v0x150211e20_0 .net *"_ivl_60", 0 0, L_0x15028b0d0;  1 drivers
v0x150211ed0_0 .net *"_ivl_61", 0 0, L_0x15028ae00;  1 drivers
v0x150211f80_0 .net *"_ivl_64", 0 0, L_0x15028b360;  1 drivers
v0x150212030_0 .net *"_ivl_65", 0 0, L_0x15028b400;  1 drivers
v0x1502120e0_0 .net *"_ivl_67", 0 0, L_0x15028b4b0;  1 drivers
v0x150212190_0 .net *"_ivl_7", 0 0, L_0x150289ac0;  1 drivers
v0x150212240_0 .net *"_ivl_70", 0 0, L_0x15028b620;  1 drivers
v0x1502122f0_0 .net *"_ivl_72", 0 0, L_0x15028b750;  1 drivers
v0x1502123a0_0 .net *"_ivl_73", 0 0, L_0x15028b2f0;  1 drivers
v0x150212450_0 .net *"_ivl_76", 0 0, L_0x15028b830;  1 drivers
v0x150212500_0 .net *"_ivl_77", 0 0, L_0x15028b970;  1 drivers
v0x1502125b0_0 .net *"_ivl_80", 0 0, L_0x15028ba90;  1 drivers
v0x150212660_0 .net *"_ivl_81", 0 0, L_0x15028bb30;  1 drivers
v0x150212710_0 .net *"_ivl_83", 0 0, L_0x15028bc00;  1 drivers
v0x1502127c0_0 .net *"_ivl_86", 0 0, L_0x15028bdd0;  1 drivers
v0x150212870_0 .net *"_ivl_88", 0 0, L_0x15028b8d0;  1 drivers
v0x150212920_0 .net *"_ivl_90", 0 0, L_0x15028bf70;  1 drivers
v0x1502129d0_0 .net *"_ivl_91", 0 0, L_0x15028a200;  1 drivers
v0x150212a80_0 .net *"_ivl_93", 0 0, L_0x15028c110;  1 drivers
v0x150212b30_0 .net *"_ivl_96", 0 0, L_0x15028bd30;  1 drivers
v0x150212be0_0 .net *"_ivl_98", 0 0, L_0x15028c2b0;  1 drivers
v0x150211590_0 .net *"_ivl_99", 0 0, L_0x15028c420;  1 drivers
v0x150211640_0 .net "a", 3 0, L_0x15028d930;  1 drivers
v0x150212c70_0 .net "b", 3 0, L_0x15028d9d0;  1 drivers
v0x150212d00_0 .net "c", 3 0, L_0x15028aa30;  1 drivers
v0x150212d90_0 .net "cin", 0 0, L_0x138008178;  alias, 1 drivers
v0x150212e20_0 .net "cout", 0 0, L_0x15028d360;  alias, 1 drivers
v0x150212eb0_0 .net "sum", 3 0, L_0x15028d560;  1 drivers
L_0x150289bb0 .part L_0x1502899d0, 0, 1;
L_0x150289c50 .part L_0x150289960, 0, 1;
L_0x150289d30 .part L_0x15028aa30, 0, 1;
L_0x15028a020 .part L_0x1502899d0, 1, 1;
L_0x15028a0c0 .part L_0x150289960, 1, 1;
L_0x15028a160 .part L_0x1502899d0, 0, 1;
L_0x15028a4a0 .part L_0x150289960, 1, 1;
L_0x15028a5c0 .part L_0x150289960, 0, 1;
L_0x15028a750 .part L_0x15028aa30, 0, 1;
L_0x15028aa30 .concat8 [ 1 1 1 1], L_0x150289ac0, L_0x150289f00, L_0x15028a980, L_0x15028bc00;
L_0x15028abc0 .part L_0x1502899d0, 2, 1;
L_0x15028acc0 .part L_0x150289960, 2, 1;
L_0x15028ad60 .part L_0x1502899d0, 1, 1;
L_0x15028b030 .part L_0x150289960, 2, 1;
L_0x15028b0d0 .part L_0x150289960, 1, 1;
L_0x15028b360 .part L_0x1502899d0, 0, 1;
L_0x15028b620 .part L_0x150289960, 2, 1;
L_0x15028b750 .part L_0x150289960, 1, 1;
L_0x15028b830 .part L_0x150289960, 0, 1;
L_0x15028ba90 .part L_0x15028aa30, 0, 1;
L_0x15028bdd0 .part L_0x1502899d0, 3, 1;
L_0x15028b8d0 .part L_0x150289960, 3, 1;
L_0x15028bf70 .part L_0x1502899d0, 2, 1;
L_0x15028bd30 .part L_0x150289960, 3, 1;
L_0x15028c2b0 .part L_0x150289960, 2, 1;
L_0x15028c4b0 .part L_0x1502899d0, 1, 1;
L_0x15028c770 .part L_0x150289960, 3, 1;
L_0x15028c8f0 .part L_0x150289960, 2, 1;
L_0x15028b1b0 .part L_0x150289960, 1, 1;
L_0x15028c810 .part L_0x1502899d0, 0, 1;
L_0x15028cf90 .part L_0x150289960, 3, 1;
L_0x15028d130 .part L_0x150289960, 2, 1;
L_0x15028d2c0 .part L_0x150289960, 1, 1;
L_0x15028d070 .part L_0x150289960, 0, 1;
L_0x15028d660 .part L_0x15028aa30, 0, 1;
S_0x150212fc0 .scope module, "n2" "cla_4" 5 15, 6 3 0, S_0x15020f7c0;
 .timescale -9 -11;
    .port_info 0 /INPUT 4 "a";
    .port_info 1 /INPUT 4 "b";
    .port_info 2 /INPUT 1 "cin";
    .port_info 3 /OUTPUT 4 "sum";
    .port_info 4 /OUTPUT 1 "cout";
L_0x15028d5d0 .functor XOR 4, L_0x150291ac0, L_0x150291b60, C4<0000>, C4<0000>;
L_0x15028dad0 .functor AND 4, L_0x150291ac0, L_0x150291b60, C4<1111>, C4<1111>;
L_0x15028dc00 .functor BUFZ 1, L_0x15028d360, C4<0>, C4<0>, C4<0>;
L_0x15028df70 .functor AND 1, L_0x15028ddd0, L_0x15028deb0, C4<1>, C4<1>;
L_0x15028e080 .functor OR 1, L_0x15028dcf0, L_0x15028df70, C4<0>, C4<0>;
L_0x15028e430 .functor AND 1, L_0x15028e240, L_0x15028e310, C4<1>, C4<1>;
L_0x15028e500 .functor OR 1, L_0x15028e1a0, L_0x15028e430, C4<0>, C4<0>;
L_0x15028e7f0 .functor AND 1, L_0x15028e630, L_0x15028e750, C4<1>, C4<1>;
L_0x15028ea10 .functor AND 1, L_0x15028e7f0, L_0x15028e8e0, C4<1>, C4<1>;
L_0x15028eb10 .functor OR 1, L_0x15028e500, L_0x15028ea10, C4<0>, C4<0>;
L_0x15028f000 .functor AND 1, L_0x15028ee50, L_0x15028eef0, C4<1>, C4<1>;
L_0x15028f110 .functor OR 1, L_0x15028ed50, L_0x15028f000, C4<0>, C4<0>;
L_0x15028ef90 .functor AND 1, L_0x15028f1c0, L_0x15028f260, C4<1>, C4<1>;
L_0x15028f590 .functor AND 1, L_0x15028ef90, L_0x15028f4f0, C4<1>, C4<1>;
L_0x15028f640 .functor OR 1, L_0x15028f110, L_0x15028f590, C4<0>, C4<0>;
L_0x15028f480 .functor AND 1, L_0x15028f7b0, L_0x15028f8e0, C4<1>, C4<1>;
L_0x15028fb00 .functor AND 1, L_0x15028f480, L_0x15028f9c0, C4<1>, C4<1>;
L_0x15028fcc0 .functor AND 1, L_0x15028fb00, L_0x15028fc20, C4<1>, C4<1>;
L_0x15028fd90 .functor OR 1, L_0x15028f640, L_0x15028fcc0, C4<0>, C4<0>;
L_0x15028e3b0 .functor AND 1, L_0x15028fa60, L_0x150290100, C4<1>, C4<1>;
L_0x1502902a0 .functor OR 1, L_0x15028ff60, L_0x15028e3b0, C4<0>, C4<0>;
L_0x1502905b0 .functor AND 1, L_0x15028fec0, L_0x150290440, C4<1>, C4<1>;
L_0x1502906e0 .functor AND 1, L_0x1502905b0, L_0x150290640, C4<1>, C4<1>;
L_0x150290890 .functor OR 1, L_0x1502902a0, L_0x1502906e0, C4<0>, C4<0>;
L_0x1502904e0 .functor AND 1, L_0x150290900, L_0x150290a80, C4<1>, C4<1>;
L_0x1502907d0 .functor AND 1, L_0x1502904e0, L_0x15028f340, C4<1>, C4<1>;
L_0x150290ee0 .functor AND 1, L_0x1502907d0, L_0x1502909a0, C4<1>, C4<1>;
L_0x1502910b0 .functor OR 1, L_0x150290890, L_0x150290ee0, C4<0>, C4<0>;
L_0x150290da0 .functor AND 1, L_0x150291120, L_0x1502912c0, C4<1>, C4<1>;
L_0x150290fd0 .functor AND 1, L_0x150290da0, L_0x150291450, C4<1>, C4<1>;
L_0x150291600 .functor AND 1, L_0x150290fd0, L_0x150291200, C4<1>, C4<1>;
L_0x150291360 .functor AND 1, L_0x150291600, L_0x1502917f0, C4<1>, C4<1>;
L_0x1502914f0 .functor OR 1, L_0x1502910b0, L_0x150291360, C4<0>, C4<0>;
L_0x1502916f0 .functor XOR 4, L_0x15028d5d0, L_0x15028ebc0, C4<0000>, C4<0000>;
v0x1502131b0_0 .net "G", 3 0, L_0x15028dad0;  1 drivers
v0x150213240_0 .net "P", 3 0, L_0x15028d5d0;  1 drivers
v0x1502132f0_0 .net *"_ivl_102", 0 0, L_0x150290640;  1 drivers
v0x1502133b0_0 .net *"_ivl_103", 0 0, L_0x1502906e0;  1 drivers
v0x150213460_0 .net *"_ivl_105", 0 0, L_0x150290890;  1 drivers
v0x150213550_0 .net *"_ivl_108", 0 0, L_0x150290900;  1 drivers
v0x150213600_0 .net *"_ivl_11", 0 0, L_0x15028dcf0;  1 drivers
v0x1502136b0_0 .net *"_ivl_110", 0 0, L_0x150290a80;  1 drivers
v0x150213760_0 .net *"_ivl_111", 0 0, L_0x1502904e0;  1 drivers
v0x150213870_0 .net *"_ivl_114", 0 0, L_0x15028f340;  1 drivers
v0x150213920_0 .net *"_ivl_115", 0 0, L_0x1502907d0;  1 drivers
v0x1502139d0_0 .net *"_ivl_118", 0 0, L_0x1502909a0;  1 drivers
v0x150213a80_0 .net *"_ivl_119", 0 0, L_0x150290ee0;  1 drivers
v0x150213b30_0 .net *"_ivl_121", 0 0, L_0x1502910b0;  1 drivers
v0x150213be0_0 .net *"_ivl_124", 0 0, L_0x150291120;  1 drivers
v0x150213c90_0 .net *"_ivl_126", 0 0, L_0x1502912c0;  1 drivers
v0x150213d40_0 .net *"_ivl_127", 0 0, L_0x150290da0;  1 drivers
v0x150213ed0_0 .net *"_ivl_13", 0 0, L_0x15028ddd0;  1 drivers
v0x150213f60_0 .net *"_ivl_130", 0 0, L_0x150291450;  1 drivers
v0x150214010_0 .net *"_ivl_131", 0 0, L_0x150290fd0;  1 drivers
v0x1502140c0_0 .net *"_ivl_134", 0 0, L_0x150291200;  1 drivers
v0x150214170_0 .net *"_ivl_135", 0 0, L_0x150291600;  1 drivers
v0x150214220_0 .net *"_ivl_138", 0 0, L_0x1502917f0;  1 drivers
v0x1502142d0_0 .net *"_ivl_139", 0 0, L_0x150291360;  1 drivers
v0x150214380_0 .net *"_ivl_15", 0 0, L_0x15028deb0;  1 drivers
v0x150214430_0 .net *"_ivl_16", 0 0, L_0x15028df70;  1 drivers
v0x1502144e0_0 .net *"_ivl_18", 0 0, L_0x15028e080;  1 drivers
v0x150214590_0 .net *"_ivl_23", 0 0, L_0x15028e1a0;  1 drivers
v0x150214640_0 .net *"_ivl_25", 0 0, L_0x15028e240;  1 drivers
v0x1502146f0_0 .net *"_ivl_27", 0 0, L_0x15028e310;  1 drivers
v0x1502147a0_0 .net *"_ivl_28", 0 0, L_0x15028e430;  1 drivers
v0x150214850_0 .net *"_ivl_30", 0 0, L_0x15028e500;  1 drivers
v0x150214900_0 .net *"_ivl_33", 0 0, L_0x15028e630;  1 drivers
v0x150213df0_0 .net *"_ivl_35", 0 0, L_0x15028e750;  1 drivers
v0x150214b90_0 .net *"_ivl_36", 0 0, L_0x15028e7f0;  1 drivers
v0x150214c20_0 .net *"_ivl_39", 0 0, L_0x15028e8e0;  1 drivers
v0x150214cc0_0 .net *"_ivl_40", 0 0, L_0x15028ea10;  1 drivers
v0x150214d70_0 .net *"_ivl_42", 0 0, L_0x15028eb10;  1 drivers
v0x150214e20_0 .net *"_ivl_48", 0 0, L_0x15028ed50;  1 drivers
v0x150214ed0_0 .net *"_ivl_50", 0 0, L_0x15028ee50;  1 drivers
v0x150214f80_0 .net *"_ivl_52", 0 0, L_0x15028eef0;  1 drivers
v0x150215030_0 .net *"_ivl_53", 0 0, L_0x15028f000;  1 drivers
v0x1502150e0_0 .net *"_ivl_55", 0 0, L_0x15028f110;  1 drivers
v0x150215190_0 .net *"_ivl_58", 0 0, L_0x15028f1c0;  1 drivers
v0x150215240_0 .net *"_ivl_60", 0 0, L_0x15028f260;  1 drivers
v0x1502152f0_0 .net *"_ivl_61", 0 0, L_0x15028ef90;  1 drivers
v0x1502153a0_0 .net *"_ivl_64", 0 0, L_0x15028f4f0;  1 drivers
v0x150215450_0 .net *"_ivl_65", 0 0, L_0x15028f590;  1 drivers
v0x150215500_0 .net *"_ivl_67", 0 0, L_0x15028f640;  1 drivers
v0x1502155b0_0 .net *"_ivl_7", 0 0, L_0x15028dc00;  1 drivers
v0x150215660_0 .net *"_ivl_70", 0 0, L_0x15028f7b0;  1 drivers
v0x150215710_0 .net *"_ivl_72", 0 0, L_0x15028f8e0;  1 drivers
v0x1502157c0_0 .net *"_ivl_73", 0 0, L_0x15028f480;  1 drivers
v0x150215870_0 .net *"_ivl_76", 0 0, L_0x15028f9c0;  1 drivers
v0x150215920_0 .net *"_ivl_77", 0 0, L_0x15028fb00;  1 drivers
v0x1502159d0_0 .net *"_ivl_80", 0 0, L_0x15028fc20;  1 drivers
v0x150215a80_0 .net *"_ivl_81", 0 0, L_0x15028fcc0;  1 drivers
v0x150215b30_0 .net *"_ivl_83", 0 0, L_0x15028fd90;  1 drivers
v0x150215be0_0 .net *"_ivl_86", 0 0, L_0x15028ff60;  1 drivers
v0x150215c90_0 .net *"_ivl_88", 0 0, L_0x15028fa60;  1 drivers
v0x150215d40_0 .net *"_ivl_90", 0 0, L_0x150290100;  1 drivers
v0x150215df0_0 .net *"_ivl_91", 0 0, L_0x15028e3b0;  1 drivers
v0x150215ea0_0 .net *"_ivl_93", 0 0, L_0x1502902a0;  1 drivers
v0x150215f50_0 .net *"_ivl_96", 0 0, L_0x15028fec0;  1 drivers
v0x150216000_0 .net *"_ivl_98", 0 0, L_0x150290440;  1 drivers
v0x1502149b0_0 .net *"_ivl_99", 0 0, L_0x1502905b0;  1 drivers
v0x150214a60_0 .net "a", 3 0, L_0x150291ac0;  1 drivers
v0x150216090_0 .net "b", 3 0, L_0x150291b60;  1 drivers
v0x150216120_0 .net "c", 3 0, L_0x15028ebc0;  1 drivers
v0x1502161b0_0 .net "cin", 0 0, L_0x15028d360;  alias, 1 drivers
v0x150216240_0 .net "cout", 0 0, L_0x1502914f0;  alias, 1 drivers
v0x1502162d0_0 .net "sum", 3 0, L_0x1502916f0;  1 drivers
L_0x15028dcf0 .part L_0x15028dad0, 0, 1;
L_0x15028ddd0 .part L_0x15028d5d0, 0, 1;
L_0x15028deb0 .part L_0x15028ebc0, 0, 1;
L_0x15028e1a0 .part L_0x15028dad0, 1, 1;
L_0x15028e240 .part L_0x15028d5d0, 1, 1;
L_0x15028e310 .part L_0x15028dad0, 0, 1;
L_0x15028e630 .part L_0x15028d5d0, 1, 1;
L_0x15028e750 .part L_0x15028d5d0, 0, 1;
L_0x15028e8e0 .part L_0x15028ebc0, 0, 1;
L_0x15028ebc0 .concat8 [ 1 1 1 1], L_0x15028dc00, L_0x15028e080, L_0x15028eb10, L_0x15028fd90;
L_0x15028ed50 .part L_0x15028dad0, 2, 1;
L_0x15028ee50 .part L_0x15028d5d0, 2, 1;
L_0x15028eef0 .part L_0x15028dad0, 1, 1;
L_0x15028f1c0 .part L_0x15028d5d0, 2, 1;
L_0x15028f260 .part L_0x15028d5d0, 1, 1;
L_0x15028f4f0 .part L_0x15028dad0, 0, 1;
L_0x15028f7b0 .part L_0x15028d5d0, 2, 1;
L_0x15028f8e0 .part L_0x15028d5d0, 1, 1;
L_0x15028f9c0 .part L_0x15028d5d0, 0, 1;
L_0x15028fc20 .part L_0x15028ebc0, 0, 1;
L_0x15028ff60 .part L_0x15028dad0, 3, 1;
L_0x15028fa60 .part L_0x15028d5d0, 3, 1;
L_0x150290100 .part L_0x15028dad0, 2, 1;
L_0x15028fec0 .part L_0x15028d5d0, 3, 1;
L_0x150290440 .part L_0x15028d5d0, 2, 1;
L_0x150290640 .part L_0x15028dad0, 1, 1;
L_0x150290900 .part L_0x15028d5d0, 3, 1;
L_0x150290a80 .part L_0x15028d5d0, 2, 1;
L_0x15028f340 .part L_0x15028d5d0, 1, 1;
L_0x1502909a0 .part L_0x15028dad0, 0, 1;
L_0x150291120 .part L_0x15028d5d0, 3, 1;
L_0x1502912c0 .part L_0x15028d5d0, 2, 1;
L_0x150291450 .part L_0x15028d5d0, 1, 1;
L_0x150291200 .part L_0x15028d5d0, 0, 1;
L_0x1502917f0 .part L_0x15028ebc0, 0, 1;
S_0x150216360 .scope module, "n3" "cla_4" 5 16, 6 3 0, S_0x15020f7c0;
 .timescale -9 -11;
    .port_info 0 /INPUT 4 "a";
    .port_info 1 /INPUT 4 "b";
    .port_info 2 /INPUT 1 "cin";
    .port_info 3 /OUTPUT 4 "sum";
    .port_info 4 /OUTPUT 1 "cout";
L_0x150291c00 .functor XOR 4, L_0x150295c80, L_0x150295d20, C4<0000>, C4<0000>;
L_0x150291c70 .functor AND 4, L_0x150295c80, L_0x150295d20, C4<1111>, C4<1111>;
L_0x150291da0 .functor BUFZ 1, L_0x1502914f0, C4<0>, C4<0>, C4<0>;
L_0x150292110 .functor AND 1, L_0x150291f70, L_0x150292050, C4<1>, C4<1>;
L_0x150292240 .functor OR 1, L_0x150291e90, L_0x150292110, C4<0>, C4<0>;
L_0x1502925f0 .functor AND 1, L_0x150292400, L_0x1502924d0, C4<1>, C4<1>;
L_0x1502926c0 .functor OR 1, L_0x150292360, L_0x1502925f0, C4<0>, C4<0>;
L_0x1502929b0 .functor AND 1, L_0x1502927f0, L_0x150292910, C4<1>, C4<1>;
L_0x150292bd0 .functor AND 1, L_0x1502929b0, L_0x150292aa0, C4<1>, C4<1>;
L_0x150292cd0 .functor OR 1, L_0x1502926c0, L_0x150292bd0, C4<0>, C4<0>;
L_0x1502931c0 .functor AND 1, L_0x150293010, L_0x1502930b0, C4<1>, C4<1>;
L_0x1502932d0 .functor OR 1, L_0x150292f10, L_0x1502931c0, C4<0>, C4<0>;
L_0x150293150 .functor AND 1, L_0x150293380, L_0x150293420, C4<1>, C4<1>;
L_0x150293750 .functor AND 1, L_0x150293150, L_0x1502936b0, C4<1>, C4<1>;
L_0x150293800 .functor OR 1, L_0x1502932d0, L_0x150293750, C4<0>, C4<0>;
L_0x150293640 .functor AND 1, L_0x150293970, L_0x150293aa0, C4<1>, C4<1>;
L_0x150293cc0 .functor AND 1, L_0x150293640, L_0x150293b80, C4<1>, C4<1>;
L_0x150293e80 .functor AND 1, L_0x150293cc0, L_0x150293de0, C4<1>, C4<1>;
L_0x150293f50 .functor OR 1, L_0x150293800, L_0x150293e80, C4<0>, C4<0>;
L_0x150292570 .functor AND 1, L_0x150293c20, L_0x1502942c0, C4<1>, C4<1>;
L_0x150294460 .functor OR 1, L_0x150294120, L_0x150292570, C4<0>, C4<0>;
L_0x150294770 .functor AND 1, L_0x150294080, L_0x150294600, C4<1>, C4<1>;
L_0x1502948a0 .functor AND 1, L_0x150294770, L_0x150294800, C4<1>, C4<1>;
L_0x150294a50 .functor OR 1, L_0x150294460, L_0x1502948a0, C4<0>, C4<0>;
L_0x1502946a0 .functor AND 1, L_0x150294ac0, L_0x150294c40, C4<1>, C4<1>;
L_0x150294990 .functor AND 1, L_0x1502946a0, L_0x150293500, C4<1>, C4<1>;
L_0x1502950a0 .functor AND 1, L_0x150294990, L_0x150294b60, C4<1>, C4<1>;
L_0x150295270 .functor OR 1, L_0x150294a50, L_0x1502950a0, C4<0>, C4<0>;
L_0x150294f60 .functor AND 1, L_0x1502952e0, L_0x150295480, C4<1>, C4<1>;
L_0x150295190 .functor AND 1, L_0x150294f60, L_0x150295610, C4<1>, C4<1>;
L_0x1502957c0 .functor AND 1, L_0x150295190, L_0x1502953c0, C4<1>, C4<1>;
L_0x150295520 .functor AND 1, L_0x1502957c0, L_0x1502959b0, C4<1>, C4<1>;
L_0x1502956b0 .functor OR 1, L_0x150295270, L_0x150295520, C4<0>, C4<0>;
L_0x1502958b0 .functor XOR 4, L_0x150291c00, L_0x150292d80, C4<0000>, C4<0000>;
v0x1502165c0_0 .net "G", 3 0, L_0x150291c70;  1 drivers
v0x150216670_0 .net "P", 3 0, L_0x150291c00;  1 drivers
v0x150216720_0 .net *"_ivl_102", 0 0, L_0x150294800;  1 drivers
v0x1502167e0_0 .net *"_ivl_103", 0 0, L_0x1502948a0;  1 drivers
v0x150216890_0 .net *"_ivl_105", 0 0, L_0x150294a50;  1 drivers
v0x150216980_0 .net *"_ivl_108", 0 0, L_0x150294ac0;  1 drivers
v0x150216a30_0 .net *"_ivl_11", 0 0, L_0x150291e90;  1 drivers
v0x150216ae0_0 .net *"_ivl_110", 0 0, L_0x150294c40;  1 drivers
v0x150216b90_0 .net *"_ivl_111", 0 0, L_0x1502946a0;  1 drivers
v0x150216ca0_0 .net *"_ivl_114", 0 0, L_0x150293500;  1 drivers
v0x150216d50_0 .net *"_ivl_115", 0 0, L_0x150294990;  1 drivers
v0x150216e00_0 .net *"_ivl_118", 0 0, L_0x150294b60;  1 drivers
v0x150216eb0_0 .net *"_ivl_119", 0 0, L_0x1502950a0;  1 drivers
v0x150216f60_0 .net *"_ivl_121", 0 0, L_0x150295270;  1 drivers
v0x150217010_0 .net *"_ivl_124", 0 0, L_0x1502952e0;  1 drivers
v0x1502170c0_0 .net *"_ivl_126", 0 0, L_0x150295480;  1 drivers
v0x150217170_0 .net *"_ivl_127", 0 0, L_0x150294f60;  1 drivers
v0x150217300_0 .net *"_ivl_13", 0 0, L_0x150291f70;  1 drivers
v0x150217390_0 .net *"_ivl_130", 0 0, L_0x150295610;  1 drivers
v0x150217440_0 .net *"_ivl_131", 0 0, L_0x150295190;  1 drivers
v0x1502174f0_0 .net *"_ivl_134", 0 0, L_0x1502953c0;  1 drivers
v0x1502175a0_0 .net *"_ivl_135", 0 0, L_0x1502957c0;  1 drivers
v0x150217650_0 .net *"_ivl_138", 0 0, L_0x1502959b0;  1 drivers
v0x150217700_0 .net *"_ivl_139", 0 0, L_0x150295520;  1 drivers
v0x1502177b0_0 .net *"_ivl_15", 0 0, L_0x150292050;  1 drivers
v0x150217860_0 .net *"_ivl_16", 0 0, L_0x150292110;  1 drivers
v0x150217910_0 .net *"_ivl_18", 0 0, L_0x150292240;  1 drivers
v0x1502179c0_0 .net *"_ivl_23", 0 0, L_0x150292360;  1 drivers
v0x150217a70_0 .net *"_ivl_25", 0 0, L_0x150292400;  1 drivers
v0x150217b20_0 .net *"_ivl_27", 0 0, L_0x1502924d0;  1 drivers
v0x150217bd0_0 .net *"_ivl_28", 0 0, L_0x1502925f0;  1 drivers
v0x150217c80_0 .net *"_ivl_30", 0 0, L_0x1502926c0;  1 drivers
v0x150217d30_0 .net *"_ivl_33", 0 0, L_0x1502927f0;  1 drivers
v0x150217220_0 .net *"_ivl_35", 0 0, L_0x150292910;  1 drivers
v0x150217fc0_0 .net *"_ivl_36", 0 0, L_0x1502929b0;  1 drivers
v0x150218050_0 .net *"_ivl_39", 0 0, L_0x150292aa0;  1 drivers
v0x1502180f0_0 .net *"_ivl_40", 0 0, L_0x150292bd0;  1 drivers
v0x1502181a0_0 .net *"_ivl_42", 0 0, L_0x150292cd0;  1 drivers
v0x150218250_0 .net *"_ivl_48", 0 0, L_0x150292f10;  1 drivers
v0x150218300_0 .net *"_ivl_50", 0 0, L_0x150293010;  1 drivers
v0x1502183b0_0 .net *"_ivl_52", 0 0, L_0x1502930b0;  1 drivers
v0x150218460_0 .net *"_ivl_53", 0 0, L_0x1502931c0;  1 drivers
v0x150218510_0 .net *"_ivl_55", 0 0, L_0x1502932d0;  1 drivers
v0x1502185c0_0 .net *"_ivl_58", 0 0, L_0x150293380;  1 drivers
v0x150218670_0 .net *"_ivl_60", 0 0, L_0x150293420;  1 drivers
v0x150218720_0 .net *"_ivl_61", 0 0, L_0x150293150;  1 drivers
v0x1502187d0_0 .net *"_ivl_64", 0 0, L_0x1502936b0;  1 drivers
v0x150218880_0 .net *"_ivl_65", 0 0, L_0x150293750;  1 drivers
v0x150218930_0 .net *"_ivl_67", 0 0, L_0x150293800;  1 drivers
v0x1502189e0_0 .net *"_ivl_7", 0 0, L_0x150291da0;  1 drivers
v0x150218a90_0 .net *"_ivl_70", 0 0, L_0x150293970;  1 drivers
v0x150218b40_0 .net *"_ivl_72", 0 0, L_0x150293aa0;  1 drivers
v0x150218bf0_0 .net *"_ivl_73", 0 0, L_0x150293640;  1 drivers
v0x150218ca0_0 .net *"_ivl_76", 0 0, L_0x150293b80;  1 drivers
v0x150218d50_0 .net *"_ivl_77", 0 0, L_0x150293cc0;  1 drivers
v0x150218e00_0 .net *"_ivl_80", 0 0, L_0x150293de0;  1 drivers
v0x150218eb0_0 .net *"_ivl_81", 0 0, L_0x150293e80;  1 drivers
v0x150218f60_0 .net *"_ivl_83", 0 0, L_0x150293f50;  1 drivers
v0x150219010_0 .net *"_ivl_86", 0 0, L_0x150294120;  1 drivers
v0x1502190c0_0 .net *"_ivl_88", 0 0, L_0x150293c20;  1 drivers
v0x150219170_0 .net *"_ivl_90", 0 0, L_0x1502942c0;  1 drivers
v0x150219220_0 .net *"_ivl_91", 0 0, L_0x150292570;  1 drivers
v0x1502192d0_0 .net *"_ivl_93", 0 0, L_0x150294460;  1 drivers
v0x150219380_0 .net *"_ivl_96", 0 0, L_0x150294080;  1 drivers
v0x150219430_0 .net *"_ivl_98", 0 0, L_0x150294600;  1 drivers
v0x150217de0_0 .net *"_ivl_99", 0 0, L_0x150294770;  1 drivers
v0x150217e90_0 .net "a", 3 0, L_0x150295c80;  1 drivers
v0x1502194c0_0 .net "b", 3 0, L_0x150295d20;  1 drivers
v0x150219550_0 .net "c", 3 0, L_0x150292d80;  1 drivers
v0x1502195e0_0 .net "cin", 0 0, L_0x1502914f0;  alias, 1 drivers
v0x150219670_0 .net "cout", 0 0, L_0x1502956b0;  alias, 1 drivers
v0x150219700_0 .net "sum", 3 0, L_0x1502958b0;  1 drivers
L_0x150291e90 .part L_0x150291c70, 0, 1;
L_0x150291f70 .part L_0x150291c00, 0, 1;
L_0x150292050 .part L_0x150292d80, 0, 1;
L_0x150292360 .part L_0x150291c70, 1, 1;
L_0x150292400 .part L_0x150291c00, 1, 1;
L_0x1502924d0 .part L_0x150291c70, 0, 1;
L_0x1502927f0 .part L_0x150291c00, 1, 1;
L_0x150292910 .part L_0x150291c00, 0, 1;
L_0x150292aa0 .part L_0x150292d80, 0, 1;
L_0x150292d80 .concat8 [ 1 1 1 1], L_0x150291da0, L_0x150292240, L_0x150292cd0, L_0x150293f50;
L_0x150292f10 .part L_0x150291c70, 2, 1;
L_0x150293010 .part L_0x150291c00, 2, 1;
L_0x1502930b0 .part L_0x150291c70, 1, 1;
L_0x150293380 .part L_0x150291c00, 2, 1;
L_0x150293420 .part L_0x150291c00, 1, 1;
L_0x1502936b0 .part L_0x150291c70, 0, 1;
L_0x150293970 .part L_0x150291c00, 2, 1;
L_0x150293aa0 .part L_0x150291c00, 1, 1;
L_0x150293b80 .part L_0x150291c00, 0, 1;
L_0x150293de0 .part L_0x150292d80, 0, 1;
L_0x150294120 .part L_0x150291c70, 3, 1;
L_0x150293c20 .part L_0x150291c00, 3, 1;
L_0x1502942c0 .part L_0x150291c70, 2, 1;
L_0x150294080 .part L_0x150291c00, 3, 1;
L_0x150294600 .part L_0x150291c00, 2, 1;
L_0x150294800 .part L_0x150291c70, 1, 1;
L_0x150294ac0 .part L_0x150291c00, 3, 1;
L_0x150294c40 .part L_0x150291c00, 2, 1;
L_0x150293500 .part L_0x150291c00, 1, 1;
L_0x150294b60 .part L_0x150291c70, 0, 1;
L_0x1502952e0 .part L_0x150291c00, 3, 1;
L_0x150295480 .part L_0x150291c00, 2, 1;
L_0x150295610 .part L_0x150291c00, 1, 1;
L_0x1502953c0 .part L_0x150291c00, 0, 1;
L_0x1502959b0 .part L_0x150292d80, 0, 1;
S_0x150219790 .scope module, "n4" "cla_4" 5 17, 6 3 0, S_0x15020f7c0;
 .timescale -9 -11;
    .port_info 0 /INPUT 4 "a";
    .port_info 1 /INPUT 4 "b";
    .port_info 2 /INPUT 1 "cin";
    .port_info 3 /OUTPUT 4 "sum";
    .port_info 4 /OUTPUT 1 "cout";
L_0x150295dc0 .functor XOR 4, L_0x150299e00, L_0x150299ea0, C4<0000>, C4<0000>;
L_0x150295e30 .functor AND 4, L_0x150299e00, L_0x150299ea0, C4<1111>, C4<1111>;
L_0x150295f20 .functor BUFZ 1, L_0x1502956b0, C4<0>, C4<0>, C4<0>;
L_0x150296290 .functor AND 1, L_0x1502960f0, L_0x1502961d0, C4<1>, C4<1>;
L_0x1502963c0 .functor OR 1, L_0x150296010, L_0x150296290, C4<0>, C4<0>;
L_0x150296770 .functor AND 1, L_0x150296580, L_0x150296650, C4<1>, C4<1>;
L_0x150296840 .functor OR 1, L_0x1502964e0, L_0x150296770, C4<0>, C4<0>;
L_0x150296b30 .functor AND 1, L_0x150296970, L_0x150296a90, C4<1>, C4<1>;
L_0x150296d50 .functor AND 1, L_0x150296b30, L_0x150296c20, C4<1>, C4<1>;
L_0x150296e50 .functor OR 1, L_0x150296840, L_0x150296d50, C4<0>, C4<0>;
L_0x150297340 .functor AND 1, L_0x150297190, L_0x150297230, C4<1>, C4<1>;
L_0x150297450 .functor OR 1, L_0x150297090, L_0x150297340, C4<0>, C4<0>;
L_0x1502972d0 .functor AND 1, L_0x150297500, L_0x1502975a0, C4<1>, C4<1>;
L_0x1502978d0 .functor AND 1, L_0x1502972d0, L_0x150297830, C4<1>, C4<1>;
L_0x150297980 .functor OR 1, L_0x150297450, L_0x1502978d0, C4<0>, C4<0>;
L_0x1502977c0 .functor AND 1, L_0x150297af0, L_0x150297c20, C4<1>, C4<1>;
L_0x150297e40 .functor AND 1, L_0x1502977c0, L_0x150297d00, C4<1>, C4<1>;
L_0x150298000 .functor AND 1, L_0x150297e40, L_0x150297f60, C4<1>, C4<1>;
L_0x1502980d0 .functor OR 1, L_0x150297980, L_0x150298000, C4<0>, C4<0>;
L_0x1502966f0 .functor AND 1, L_0x150297da0, L_0x150298440, C4<1>, C4<1>;
L_0x1502985e0 .functor OR 1, L_0x1502982a0, L_0x1502966f0, C4<0>, C4<0>;
L_0x1502988f0 .functor AND 1, L_0x150298200, L_0x150298780, C4<1>, C4<1>;
L_0x150298a20 .functor AND 1, L_0x1502988f0, L_0x150298980, C4<1>, C4<1>;
L_0x150298bd0 .functor OR 1, L_0x1502985e0, L_0x150298a20, C4<0>, C4<0>;
L_0x150298820 .functor AND 1, L_0x150298c40, L_0x150298dc0, C4<1>, C4<1>;
L_0x150298b10 .functor AND 1, L_0x150298820, L_0x150297680, C4<1>, C4<1>;
L_0x150299220 .functor AND 1, L_0x150298b10, L_0x150298ce0, C4<1>, C4<1>;
L_0x1502993f0 .functor OR 1, L_0x150298bd0, L_0x150299220, C4<0>, C4<0>;
L_0x1502990e0 .functor AND 1, L_0x150299460, L_0x150299600, C4<1>, C4<1>;
L_0x150299310 .functor AND 1, L_0x1502990e0, L_0x150299790, C4<1>, C4<1>;
L_0x150299940 .functor AND 1, L_0x150299310, L_0x150299540, C4<1>, C4<1>;
L_0x1502996a0 .functor AND 1, L_0x150299940, L_0x150299b30, C4<1>, C4<1>;
L_0x150299830 .functor OR 1, L_0x1502993f0, L_0x1502996a0, C4<0>, C4<0>;
L_0x150299a30 .functor XOR 4, L_0x150295dc0, L_0x150296f00, C4<0000>, C4<0000>;
v0x1502199d0_0 .net "G", 3 0, L_0x150295e30;  1 drivers
v0x150219a90_0 .net "P", 3 0, L_0x150295dc0;  1 drivers
v0x150219b40_0 .net *"_ivl_102", 0 0, L_0x150298980;  1 drivers
v0x150219c00_0 .net *"_ivl_103", 0 0, L_0x150298a20;  1 drivers
v0x150219cb0_0 .net *"_ivl_105", 0 0, L_0x150298bd0;  1 drivers
v0x150219da0_0 .net *"_ivl_108", 0 0, L_0x150298c40;  1 drivers
v0x150219e50_0 .net *"_ivl_11", 0 0, L_0x150296010;  1 drivers
v0x150219f00_0 .net *"_ivl_110", 0 0, L_0x150298dc0;  1 drivers
v0x150219fb0_0 .net *"_ivl_111", 0 0, L_0x150298820;  1 drivers
v0x15021a0c0_0 .net *"_ivl_114", 0 0, L_0x150297680;  1 drivers
v0x15021a170_0 .net *"_ivl_115", 0 0, L_0x150298b10;  1 drivers
v0x15021a220_0 .net *"_ivl_118", 0 0, L_0x150298ce0;  1 drivers
v0x15021a2d0_0 .net *"_ivl_119", 0 0, L_0x150299220;  1 drivers
v0x15021a380_0 .net *"_ivl_121", 0 0, L_0x1502993f0;  1 drivers
v0x15021a430_0 .net *"_ivl_124", 0 0, L_0x150299460;  1 drivers
v0x15021a4e0_0 .net *"_ivl_126", 0 0, L_0x150299600;  1 drivers
v0x15021a590_0 .net *"_ivl_127", 0 0, L_0x1502990e0;  1 drivers
v0x15021a720_0 .net *"_ivl_13", 0 0, L_0x1502960f0;  1 drivers
v0x15021a7b0_0 .net *"_ivl_130", 0 0, L_0x150299790;  1 drivers
v0x15021a860_0 .net *"_ivl_131", 0 0, L_0x150299310;  1 drivers
v0x15021a910_0 .net *"_ivl_134", 0 0, L_0x150299540;  1 drivers
v0x15021a9c0_0 .net *"_ivl_135", 0 0, L_0x150299940;  1 drivers
v0x15021aa70_0 .net *"_ivl_138", 0 0, L_0x150299b30;  1 drivers
v0x15021ab20_0 .net *"_ivl_139", 0 0, L_0x1502996a0;  1 drivers
v0x15021abd0_0 .net *"_ivl_15", 0 0, L_0x1502961d0;  1 drivers
v0x15021ac80_0 .net *"_ivl_16", 0 0, L_0x150296290;  1 drivers
v0x15021ad30_0 .net *"_ivl_18", 0 0, L_0x1502963c0;  1 drivers
v0x15021ade0_0 .net *"_ivl_23", 0 0, L_0x1502964e0;  1 drivers
v0x15021ae90_0 .net *"_ivl_25", 0 0, L_0x150296580;  1 drivers
v0x15021af40_0 .net *"_ivl_27", 0 0, L_0x150296650;  1 drivers
v0x15021aff0_0 .net *"_ivl_28", 0 0, L_0x150296770;  1 drivers
v0x15021b0a0_0 .net *"_ivl_30", 0 0, L_0x150296840;  1 drivers
v0x15021b150_0 .net *"_ivl_33", 0 0, L_0x150296970;  1 drivers
v0x15021a640_0 .net *"_ivl_35", 0 0, L_0x150296a90;  1 drivers
v0x15021b3e0_0 .net *"_ivl_36", 0 0, L_0x150296b30;  1 drivers
v0x15021b470_0 .net *"_ivl_39", 0 0, L_0x150296c20;  1 drivers
v0x15021b510_0 .net *"_ivl_40", 0 0, L_0x150296d50;  1 drivers
v0x15021b5c0_0 .net *"_ivl_42", 0 0, L_0x150296e50;  1 drivers
v0x15021b670_0 .net *"_ivl_48", 0 0, L_0x150297090;  1 drivers
v0x15021b720_0 .net *"_ivl_50", 0 0, L_0x150297190;  1 drivers
v0x15021b7d0_0 .net *"_ivl_52", 0 0, L_0x150297230;  1 drivers
v0x15021b880_0 .net *"_ivl_53", 0 0, L_0x150297340;  1 drivers
v0x15021b930_0 .net *"_ivl_55", 0 0, L_0x150297450;  1 drivers
v0x15021b9e0_0 .net *"_ivl_58", 0 0, L_0x150297500;  1 drivers
v0x15021ba90_0 .net *"_ivl_60", 0 0, L_0x1502975a0;  1 drivers
v0x15021bb40_0 .net *"_ivl_61", 0 0, L_0x1502972d0;  1 drivers
v0x15021bbf0_0 .net *"_ivl_64", 0 0, L_0x150297830;  1 drivers
v0x15021bca0_0 .net *"_ivl_65", 0 0, L_0x1502978d0;  1 drivers
v0x15021bd50_0 .net *"_ivl_67", 0 0, L_0x150297980;  1 drivers
v0x15021be00_0 .net *"_ivl_7", 0 0, L_0x150295f20;  1 drivers
v0x15021beb0_0 .net *"_ivl_70", 0 0, L_0x150297af0;  1 drivers
v0x15021bf60_0 .net *"_ivl_72", 0 0, L_0x150297c20;  1 drivers
v0x15021c010_0 .net *"_ivl_73", 0 0, L_0x1502977c0;  1 drivers
v0x15021c0c0_0 .net *"_ivl_76", 0 0, L_0x150297d00;  1 drivers
v0x15021c170_0 .net *"_ivl_77", 0 0, L_0x150297e40;  1 drivers
v0x15021c220_0 .net *"_ivl_80", 0 0, L_0x150297f60;  1 drivers
v0x15021c2d0_0 .net *"_ivl_81", 0 0, L_0x150298000;  1 drivers
v0x15021c380_0 .net *"_ivl_83", 0 0, L_0x1502980d0;  1 drivers
v0x15021c430_0 .net *"_ivl_86", 0 0, L_0x1502982a0;  1 drivers
v0x15021c4e0_0 .net *"_ivl_88", 0 0, L_0x150297da0;  1 drivers
v0x15021c590_0 .net *"_ivl_90", 0 0, L_0x150298440;  1 drivers
v0x15021c640_0 .net *"_ivl_91", 0 0, L_0x1502966f0;  1 drivers
v0x15021c6f0_0 .net *"_ivl_93", 0 0, L_0x1502985e0;  1 drivers
v0x15021c7a0_0 .net *"_ivl_96", 0 0, L_0x150298200;  1 drivers
v0x15021c850_0 .net *"_ivl_98", 0 0, L_0x150298780;  1 drivers
v0x15021b200_0 .net *"_ivl_99", 0 0, L_0x1502988f0;  1 drivers
v0x15021b2b0_0 .net "a", 3 0, L_0x150299e00;  1 drivers
v0x15021c8e0_0 .net "b", 3 0, L_0x150299ea0;  1 drivers
v0x15021c970_0 .net "c", 3 0, L_0x150296f00;  1 drivers
v0x15021ca00_0 .net "cin", 0 0, L_0x1502956b0;  alias, 1 drivers
v0x15021ca90_0 .net "cout", 0 0, L_0x150299830;  alias, 1 drivers
v0x15021cb20_0 .net "sum", 3 0, L_0x150299a30;  1 drivers
L_0x150296010 .part L_0x150295e30, 0, 1;
L_0x1502960f0 .part L_0x150295dc0, 0, 1;
L_0x1502961d0 .part L_0x150296f00, 0, 1;
L_0x1502964e0 .part L_0x150295e30, 1, 1;
L_0x150296580 .part L_0x150295dc0, 1, 1;
L_0x150296650 .part L_0x150295e30, 0, 1;
L_0x150296970 .part L_0x150295dc0, 1, 1;
L_0x150296a90 .part L_0x150295dc0, 0, 1;
L_0x150296c20 .part L_0x150296f00, 0, 1;
L_0x150296f00 .concat8 [ 1 1 1 1], L_0x150295f20, L_0x1502963c0, L_0x150296e50, L_0x1502980d0;
L_0x150297090 .part L_0x150295e30, 2, 1;
L_0x150297190 .part L_0x150295dc0, 2, 1;
L_0x150297230 .part L_0x150295e30, 1, 1;
L_0x150297500 .part L_0x150295dc0, 2, 1;
L_0x1502975a0 .part L_0x150295dc0, 1, 1;
L_0x150297830 .part L_0x150295e30, 0, 1;
L_0x150297af0 .part L_0x150295dc0, 2, 1;
L_0x150297c20 .part L_0x150295dc0, 1, 1;
L_0x150297d00 .part L_0x150295dc0, 0, 1;
L_0x150297f60 .part L_0x150296f00, 0, 1;
L_0x1502982a0 .part L_0x150295e30, 3, 1;
L_0x150297da0 .part L_0x150295dc0, 3, 1;
L_0x150298440 .part L_0x150295e30, 2, 1;
L_0x150298200 .part L_0x150295dc0, 3, 1;
L_0x150298780 .part L_0x150295dc0, 2, 1;
L_0x150298980 .part L_0x150295e30, 1, 1;
L_0x150298c40 .part L_0x150295dc0, 3, 1;
L_0x150298dc0 .part L_0x150295dc0, 2, 1;
L_0x150297680 .part L_0x150295dc0, 1, 1;
L_0x150298ce0 .part L_0x150295e30, 0, 1;
L_0x150299460 .part L_0x150295dc0, 3, 1;
L_0x150299600 .part L_0x150295dc0, 2, 1;
L_0x150299790 .part L_0x150295dc0, 1, 1;
L_0x150299540 .part L_0x150295dc0, 0, 1;
L_0x150299b30 .part L_0x150296f00, 0, 1;
S_0x15021d1a0 .scope module, "n2" "cla16" 5 33, 5 4 0, S_0x15020f4b0;
 .timescale -9 -11;
    .port_info 0 /INPUT 16 "d1";
    .port_info 1 /INPUT 16 "d2";
    .port_info 2 /INPUT 1 "cin";
    .port_info 3 /OUTPUT 16 "sum";
    .port_info 4 /OUTPUT 1 "cout";
P_0x15021d370 .param/l "DATA_WIDTH" 0 5 4, +C4<00000000000000000000000000100000>;
v0x15022a560_0 .net "c1", 0 0, L_0x15029dcc0;  1 drivers
v0x15022a630_0 .net "c2", 0 0, L_0x1502a1e50;  1 drivers
v0x15022a700_0 .net "c3", 0 0, L_0x1502a6030;  1 drivers
v0x15022a7d0_0 .net "cin", 0 0, L_0x150299830;  alias, 1 drivers
v0x15022a860_0 .net8 "cout", 0 0, RS_0x148057270;  alias, 3 drivers
v0x15022a930_0 .net "d1", 15 0, L_0x1502aaad0;  1 drivers
v0x15022a9c0_0 .net "d2", 15 0, L_0x1502aab70;  1 drivers
v0x15022aa50_0 .net "sum", 15 0, L_0x1502aa920;  1 drivers
L_0x15029e290 .part L_0x1502aaad0, 0, 4;
L_0x15029e330 .part L_0x1502aab70, 0, 4;
L_0x1502a2420 .part L_0x1502aaad0, 4, 4;
L_0x1502a24c0 .part L_0x1502aab70, 4, 4;
L_0x1502a6600 .part L_0x1502aaad0, 8, 4;
L_0x1502a66a0 .part L_0x1502aab70, 8, 4;
L_0x1502aa760 .part L_0x1502aaad0, 12, 4;
L_0x1502aa800 .part L_0x1502aab70, 12, 4;
L_0x1502aa920 .concat8 [ 4 4 4 4], L_0x15029dec0, L_0x1502a2050, L_0x1502a6230, L_0x1502aa390;
S_0x15021d4a0 .scope module, "n1" "cla_4" 5 14, 6 3 0, S_0x15021d1a0;
 .timescale -9 -11;
    .port_info 0 /INPUT 4 "a";
    .port_info 1 /INPUT 4 "b";
    .port_info 2 /INPUT 1 "cin";
    .port_info 3 /OUTPUT 4 "sum";
    .port_info 4 /OUTPUT 1 "cout";
L_0x15029a2b0 .functor XOR 4, L_0x15029e290, L_0x15029e330, C4<0000>, C4<0000>;
L_0x15029a320 .functor AND 4, L_0x15029e290, L_0x15029e330, C4<1111>, C4<1111>;
L_0x15029a410 .functor BUFZ 1, L_0x150299830, C4<0>, C4<0>, C4<0>;
L_0x15029a720 .functor AND 1, L_0x15029a560, L_0x15029a640, C4<1>, C4<1>;
L_0x15029a850 .functor OR 1, L_0x15029a480, L_0x15029a720, C4<0>, C4<0>;
L_0x15029ac00 .functor AND 1, L_0x15029aa10, L_0x15029aae0, C4<1>, C4<1>;
L_0x15029acd0 .functor OR 1, L_0x15029a970, L_0x15029ac00, C4<0>, C4<0>;
L_0x15029afc0 .functor AND 1, L_0x15029ae00, L_0x15029af20, C4<1>, C4<1>;
L_0x15029b1e0 .functor AND 1, L_0x15029afc0, L_0x15029b0b0, C4<1>, C4<1>;
L_0x15029b2e0 .functor OR 1, L_0x15029acd0, L_0x15029b1e0, C4<0>, C4<0>;
L_0x15029b7d0 .functor AND 1, L_0x15029b620, L_0x15029b6c0, C4<1>, C4<1>;
L_0x15029b8e0 .functor OR 1, L_0x15029b520, L_0x15029b7d0, C4<0>, C4<0>;
L_0x15029b760 .functor AND 1, L_0x15029b990, L_0x15029ba30, C4<1>, C4<1>;
L_0x15029bd60 .functor AND 1, L_0x15029b760, L_0x15029bcc0, C4<1>, C4<1>;
L_0x15029be10 .functor OR 1, L_0x15029b8e0, L_0x15029bd60, C4<0>, C4<0>;
L_0x15029bc50 .functor AND 1, L_0x15029bf80, L_0x15029c0b0, C4<1>, C4<1>;
L_0x15029c2d0 .functor AND 1, L_0x15029bc50, L_0x15029c190, C4<1>, C4<1>;
L_0x15029c490 .functor AND 1, L_0x15029c2d0, L_0x15029c3f0, C4<1>, C4<1>;
L_0x15029c560 .functor OR 1, L_0x15029be10, L_0x15029c490, C4<0>, C4<0>;
L_0x15029ab80 .functor AND 1, L_0x15029c230, L_0x15029c8d0, C4<1>, C4<1>;
L_0x15029ca70 .functor OR 1, L_0x15029c730, L_0x15029ab80, C4<0>, C4<0>;
L_0x15029cd80 .functor AND 1, L_0x15029c690, L_0x15029cc10, C4<1>, C4<1>;
L_0x15029ceb0 .functor AND 1, L_0x15029cd80, L_0x15029ce10, C4<1>, C4<1>;
L_0x15029d060 .functor OR 1, L_0x15029ca70, L_0x15029ceb0, C4<0>, C4<0>;
L_0x15029ccb0 .functor AND 1, L_0x15029d0d0, L_0x15029d250, C4<1>, C4<1>;
L_0x15029cfa0 .functor AND 1, L_0x15029ccb0, L_0x15029bb10, C4<1>, C4<1>;
L_0x15029d6b0 .functor AND 1, L_0x15029cfa0, L_0x15029d170, C4<1>, C4<1>;
L_0x15029d880 .functor OR 1, L_0x15029d060, L_0x15029d6b0, C4<0>, C4<0>;
L_0x15029d570 .functor AND 1, L_0x15029d8f0, L_0x15029da90, C4<1>, C4<1>;
L_0x15029d7a0 .functor AND 1, L_0x15029d570, L_0x15029dc20, C4<1>, C4<1>;
L_0x15029ddd0 .functor AND 1, L_0x15029d7a0, L_0x15029d9d0, C4<1>, C4<1>;
L_0x15029db30 .functor AND 1, L_0x15029ddd0, L_0x15029dfc0, C4<1>, C4<1>;
L_0x15029dcc0 .functor OR 1, L_0x15029d880, L_0x15029db30, C4<0>, C4<0>;
L_0x15029dec0 .functor XOR 4, L_0x15029a2b0, L_0x15029b390, C4<0000>, C4<0000>;
v0x15021d710_0 .net "G", 3 0, L_0x15029a320;  1 drivers
v0x15021d7c0_0 .net "P", 3 0, L_0x15029a2b0;  1 drivers
v0x15021d870_0 .net *"_ivl_102", 0 0, L_0x15029ce10;  1 drivers
v0x15021d930_0 .net *"_ivl_103", 0 0, L_0x15029ceb0;  1 drivers
v0x15021d9e0_0 .net *"_ivl_105", 0 0, L_0x15029d060;  1 drivers
v0x15021dad0_0 .net *"_ivl_108", 0 0, L_0x15029d0d0;  1 drivers
v0x15021db80_0 .net *"_ivl_11", 0 0, L_0x15029a480;  1 drivers
v0x15021dc30_0 .net *"_ivl_110", 0 0, L_0x15029d250;  1 drivers
v0x15021dce0_0 .net *"_ivl_111", 0 0, L_0x15029ccb0;  1 drivers
v0x15021ddf0_0 .net *"_ivl_114", 0 0, L_0x15029bb10;  1 drivers
v0x15021dea0_0 .net *"_ivl_115", 0 0, L_0x15029cfa0;  1 drivers
v0x15021df50_0 .net *"_ivl_118", 0 0, L_0x15029d170;  1 drivers
v0x15021e000_0 .net *"_ivl_119", 0 0, L_0x15029d6b0;  1 drivers
v0x15021e0b0_0 .net *"_ivl_121", 0 0, L_0x15029d880;  1 drivers
v0x15021e160_0 .net *"_ivl_124", 0 0, L_0x15029d8f0;  1 drivers
v0x15021e210_0 .net *"_ivl_126", 0 0, L_0x15029da90;  1 drivers
v0x15021e2c0_0 .net *"_ivl_127", 0 0, L_0x15029d570;  1 drivers
v0x15021e450_0 .net *"_ivl_13", 0 0, L_0x15029a560;  1 drivers
v0x15021e4e0_0 .net *"_ivl_130", 0 0, L_0x15029dc20;  1 drivers
v0x15021e590_0 .net *"_ivl_131", 0 0, L_0x15029d7a0;  1 drivers
v0x15021e640_0 .net *"_ivl_134", 0 0, L_0x15029d9d0;  1 drivers
v0x15021e6f0_0 .net *"_ivl_135", 0 0, L_0x15029ddd0;  1 drivers
v0x15021e7a0_0 .net *"_ivl_138", 0 0, L_0x15029dfc0;  1 drivers
v0x15021e850_0 .net *"_ivl_139", 0 0, L_0x15029db30;  1 drivers
v0x15021e900_0 .net *"_ivl_15", 0 0, L_0x15029a640;  1 drivers
v0x15021e9b0_0 .net *"_ivl_16", 0 0, L_0x15029a720;  1 drivers
v0x15021ea60_0 .net *"_ivl_18", 0 0, L_0x15029a850;  1 drivers
v0x15021eb10_0 .net *"_ivl_23", 0 0, L_0x15029a970;  1 drivers
v0x15021ebc0_0 .net *"_ivl_25", 0 0, L_0x15029aa10;  1 drivers
v0x15021ec70_0 .net *"_ivl_27", 0 0, L_0x15029aae0;  1 drivers
v0x15021ed20_0 .net *"_ivl_28", 0 0, L_0x15029ac00;  1 drivers
v0x15021edd0_0 .net *"_ivl_30", 0 0, L_0x15029acd0;  1 drivers
v0x15021ee80_0 .net *"_ivl_33", 0 0, L_0x15029ae00;  1 drivers
v0x15021e370_0 .net *"_ivl_35", 0 0, L_0x15029af20;  1 drivers
v0x15021f110_0 .net *"_ivl_36", 0 0, L_0x15029afc0;  1 drivers
v0x15021f1a0_0 .net *"_ivl_39", 0 0, L_0x15029b0b0;  1 drivers
v0x15021f240_0 .net *"_ivl_40", 0 0, L_0x15029b1e0;  1 drivers
v0x15021f2f0_0 .net *"_ivl_42", 0 0, L_0x15029b2e0;  1 drivers
v0x15021f3a0_0 .net *"_ivl_48", 0 0, L_0x15029b520;  1 drivers
v0x15021f450_0 .net *"_ivl_50", 0 0, L_0x15029b620;  1 drivers
v0x15021f500_0 .net *"_ivl_52", 0 0, L_0x15029b6c0;  1 drivers
v0x15021f5b0_0 .net *"_ivl_53", 0 0, L_0x15029b7d0;  1 drivers
v0x15021f660_0 .net *"_ivl_55", 0 0, L_0x15029b8e0;  1 drivers
v0x15021f710_0 .net *"_ivl_58", 0 0, L_0x15029b990;  1 drivers
v0x15021f7c0_0 .net *"_ivl_60", 0 0, L_0x15029ba30;  1 drivers
v0x15021f870_0 .net *"_ivl_61", 0 0, L_0x15029b760;  1 drivers
v0x15021f920_0 .net *"_ivl_64", 0 0, L_0x15029bcc0;  1 drivers
v0x15021f9d0_0 .net *"_ivl_65", 0 0, L_0x15029bd60;  1 drivers
v0x15021fa80_0 .net *"_ivl_67", 0 0, L_0x15029be10;  1 drivers
v0x15021fb30_0 .net *"_ivl_7", 0 0, L_0x15029a410;  1 drivers
v0x15021fbe0_0 .net *"_ivl_70", 0 0, L_0x15029bf80;  1 drivers
v0x15021fc90_0 .net *"_ivl_72", 0 0, L_0x15029c0b0;  1 drivers
v0x15021fd40_0 .net *"_ivl_73", 0 0, L_0x15029bc50;  1 drivers
v0x15021fdf0_0 .net *"_ivl_76", 0 0, L_0x15029c190;  1 drivers
v0x15021fea0_0 .net *"_ivl_77", 0 0, L_0x15029c2d0;  1 drivers
v0x15021ff50_0 .net *"_ivl_80", 0 0, L_0x15029c3f0;  1 drivers
v0x150220000_0 .net *"_ivl_81", 0 0, L_0x15029c490;  1 drivers
v0x1502200b0_0 .net *"_ivl_83", 0 0, L_0x15029c560;  1 drivers
v0x150220160_0 .net *"_ivl_86", 0 0, L_0x15029c730;  1 drivers
v0x150220210_0 .net *"_ivl_88", 0 0, L_0x15029c230;  1 drivers
v0x1502202c0_0 .net *"_ivl_90", 0 0, L_0x15029c8d0;  1 drivers
v0x150220370_0 .net *"_ivl_91", 0 0, L_0x15029ab80;  1 drivers
v0x150220420_0 .net *"_ivl_93", 0 0, L_0x15029ca70;  1 drivers
v0x1502204d0_0 .net *"_ivl_96", 0 0, L_0x15029c690;  1 drivers
v0x150220580_0 .net *"_ivl_98", 0 0, L_0x15029cc10;  1 drivers
v0x15021ef30_0 .net *"_ivl_99", 0 0, L_0x15029cd80;  1 drivers
v0x15021efe0_0 .net "a", 3 0, L_0x15029e290;  1 drivers
v0x150220610_0 .net "b", 3 0, L_0x15029e330;  1 drivers
v0x1502206a0_0 .net "c", 3 0, L_0x15029b390;  1 drivers
v0x150220730_0 .net "cin", 0 0, L_0x150299830;  alias, 1 drivers
v0x1502207c0_0 .net "cout", 0 0, L_0x15029dcc0;  alias, 1 drivers
v0x150220850_0 .net "sum", 3 0, L_0x15029dec0;  1 drivers
L_0x15029a480 .part L_0x15029a320, 0, 1;
L_0x15029a560 .part L_0x15029a2b0, 0, 1;
L_0x15029a640 .part L_0x15029b390, 0, 1;
L_0x15029a970 .part L_0x15029a320, 1, 1;
L_0x15029aa10 .part L_0x15029a2b0, 1, 1;
L_0x15029aae0 .part L_0x15029a320, 0, 1;
L_0x15029ae00 .part L_0x15029a2b0, 1, 1;
L_0x15029af20 .part L_0x15029a2b0, 0, 1;
L_0x15029b0b0 .part L_0x15029b390, 0, 1;
L_0x15029b390 .concat8 [ 1 1 1 1], L_0x15029a410, L_0x15029a850, L_0x15029b2e0, L_0x15029c560;
L_0x15029b520 .part L_0x15029a320, 2, 1;
L_0x15029b620 .part L_0x15029a2b0, 2, 1;
L_0x15029b6c0 .part L_0x15029a320, 1, 1;
L_0x15029b990 .part L_0x15029a2b0, 2, 1;
L_0x15029ba30 .part L_0x15029a2b0, 1, 1;
L_0x15029bcc0 .part L_0x15029a320, 0, 1;
L_0x15029bf80 .part L_0x15029a2b0, 2, 1;
L_0x15029c0b0 .part L_0x15029a2b0, 1, 1;
L_0x15029c190 .part L_0x15029a2b0, 0, 1;
L_0x15029c3f0 .part L_0x15029b390, 0, 1;
L_0x15029c730 .part L_0x15029a320, 3, 1;
L_0x15029c230 .part L_0x15029a2b0, 3, 1;
L_0x15029c8d0 .part L_0x15029a320, 2, 1;
L_0x15029c690 .part L_0x15029a2b0, 3, 1;
L_0x15029cc10 .part L_0x15029a2b0, 2, 1;
L_0x15029ce10 .part L_0x15029a320, 1, 1;
L_0x15029d0d0 .part L_0x15029a2b0, 3, 1;
L_0x15029d250 .part L_0x15029a2b0, 2, 1;
L_0x15029bb10 .part L_0x15029a2b0, 1, 1;
L_0x15029d170 .part L_0x15029a320, 0, 1;
L_0x15029d8f0 .part L_0x15029a2b0, 3, 1;
L_0x15029da90 .part L_0x15029a2b0, 2, 1;
L_0x15029dc20 .part L_0x15029a2b0, 1, 1;
L_0x15029d9d0 .part L_0x15029a2b0, 0, 1;
L_0x15029dfc0 .part L_0x15029b390, 0, 1;
S_0x150220910 .scope module, "n2" "cla_4" 5 15, 6 3 0, S_0x15021d1a0;
 .timescale -9 -11;
    .port_info 0 /INPUT 4 "a";
    .port_info 1 /INPUT 4 "b";
    .port_info 2 /INPUT 1 "cin";
    .port_info 3 /OUTPUT 4 "sum";
    .port_info 4 /OUTPUT 1 "cout";
L_0x15029df30 .functor XOR 4, L_0x1502a2420, L_0x1502a24c0, C4<0000>, C4<0000>;
L_0x15029e430 .functor AND 4, L_0x1502a2420, L_0x1502a24c0, C4<1111>, C4<1111>;
L_0x15029e560 .functor BUFZ 1, L_0x15029dcc0, C4<0>, C4<0>, C4<0>;
L_0x15029e8d0 .functor AND 1, L_0x15029e730, L_0x15029e810, C4<1>, C4<1>;
L_0x15029e9e0 .functor OR 1, L_0x15029e650, L_0x15029e8d0, C4<0>, C4<0>;
L_0x15029ed90 .functor AND 1, L_0x15029eba0, L_0x15029ec70, C4<1>, C4<1>;
L_0x15029ee60 .functor OR 1, L_0x15029eb00, L_0x15029ed90, C4<0>, C4<0>;
L_0x15029f150 .functor AND 1, L_0x15029ef90, L_0x15029f0b0, C4<1>, C4<1>;
L_0x15029f370 .functor AND 1, L_0x15029f150, L_0x15029f240, C4<1>, C4<1>;
L_0x15029f470 .functor OR 1, L_0x15029ee60, L_0x15029f370, C4<0>, C4<0>;
L_0x15029f960 .functor AND 1, L_0x15029f7b0, L_0x15029f850, C4<1>, C4<1>;
L_0x15029fa70 .functor OR 1, L_0x15029f6b0, L_0x15029f960, C4<0>, C4<0>;
L_0x15029f8f0 .functor AND 1, L_0x15029fb20, L_0x15029fbc0, C4<1>, C4<1>;
L_0x15029fef0 .functor AND 1, L_0x15029f8f0, L_0x15029fe50, C4<1>, C4<1>;
L_0x15029ffa0 .functor OR 1, L_0x15029fa70, L_0x15029fef0, C4<0>, C4<0>;
L_0x15029fde0 .functor AND 1, L_0x1502a0110, L_0x1502a0240, C4<1>, C4<1>;
L_0x1502a0460 .functor AND 1, L_0x15029fde0, L_0x1502a0320, C4<1>, C4<1>;
L_0x1502a0620 .functor AND 1, L_0x1502a0460, L_0x1502a0580, C4<1>, C4<1>;
L_0x1502a06f0 .functor OR 1, L_0x15029ffa0, L_0x1502a0620, C4<0>, C4<0>;
L_0x15029ed10 .functor AND 1, L_0x1502a03c0, L_0x1502a0a60, C4<1>, C4<1>;
L_0x1502a0c00 .functor OR 1, L_0x1502a08c0, L_0x15029ed10, C4<0>, C4<0>;
L_0x1502a0f10 .functor AND 1, L_0x1502a0820, L_0x1502a0da0, C4<1>, C4<1>;
L_0x1502a1040 .functor AND 1, L_0x1502a0f10, L_0x1502a0fa0, C4<1>, C4<1>;
L_0x1502a11f0 .functor OR 1, L_0x1502a0c00, L_0x1502a1040, C4<0>, C4<0>;
L_0x1502a0e40 .functor AND 1, L_0x1502a1260, L_0x1502a13e0, C4<1>, C4<1>;
L_0x1502a1130 .functor AND 1, L_0x1502a0e40, L_0x15029fca0, C4<1>, C4<1>;
L_0x1502a1840 .functor AND 1, L_0x1502a1130, L_0x1502a1300, C4<1>, C4<1>;
L_0x1502a1a10 .functor OR 1, L_0x1502a11f0, L_0x1502a1840, C4<0>, C4<0>;
L_0x1502a1700 .functor AND 1, L_0x1502a1a80, L_0x1502a1c20, C4<1>, C4<1>;
L_0x1502a1930 .functor AND 1, L_0x1502a1700, L_0x1502a1db0, C4<1>, C4<1>;
L_0x1502a1f60 .functor AND 1, L_0x1502a1930, L_0x1502a1b60, C4<1>, C4<1>;
L_0x1502a1cc0 .functor AND 1, L_0x1502a1f60, L_0x1502a2150, C4<1>, C4<1>;
L_0x1502a1e50 .functor OR 1, L_0x1502a1a10, L_0x1502a1cc0, C4<0>, C4<0>;
L_0x1502a2050 .functor XOR 4, L_0x15029df30, L_0x15029f520, C4<0000>, C4<0000>;
v0x150220b50_0 .net "G", 3 0, L_0x15029e430;  1 drivers
v0x150220bf0_0 .net "P", 3 0, L_0x15029df30;  1 drivers
v0x150220ca0_0 .net *"_ivl_102", 0 0, L_0x1502a0fa0;  1 drivers
v0x150220d60_0 .net *"_ivl_103", 0 0, L_0x1502a1040;  1 drivers
v0x150220e10_0 .net *"_ivl_105", 0 0, L_0x1502a11f0;  1 drivers
v0x150220f00_0 .net *"_ivl_108", 0 0, L_0x1502a1260;  1 drivers
v0x150220fb0_0 .net *"_ivl_11", 0 0, L_0x15029e650;  1 drivers
v0x150221060_0 .net *"_ivl_110", 0 0, L_0x1502a13e0;  1 drivers
v0x150221110_0 .net *"_ivl_111", 0 0, L_0x1502a0e40;  1 drivers
v0x150221220_0 .net *"_ivl_114", 0 0, L_0x15029fca0;  1 drivers
v0x1502212d0_0 .net *"_ivl_115", 0 0, L_0x1502a1130;  1 drivers
v0x150221380_0 .net *"_ivl_118", 0 0, L_0x1502a1300;  1 drivers
v0x150221430_0 .net *"_ivl_119", 0 0, L_0x1502a1840;  1 drivers
v0x1502214e0_0 .net *"_ivl_121", 0 0, L_0x1502a1a10;  1 drivers
v0x150221590_0 .net *"_ivl_124", 0 0, L_0x1502a1a80;  1 drivers
v0x150221640_0 .net *"_ivl_126", 0 0, L_0x1502a1c20;  1 drivers
v0x1502216f0_0 .net *"_ivl_127", 0 0, L_0x1502a1700;  1 drivers
v0x150221880_0 .net *"_ivl_13", 0 0, L_0x15029e730;  1 drivers
v0x150221910_0 .net *"_ivl_130", 0 0, L_0x1502a1db0;  1 drivers
v0x1502219c0_0 .net *"_ivl_131", 0 0, L_0x1502a1930;  1 drivers
v0x150221a70_0 .net *"_ivl_134", 0 0, L_0x1502a1b60;  1 drivers
v0x150221b20_0 .net *"_ivl_135", 0 0, L_0x1502a1f60;  1 drivers
v0x150221bd0_0 .net *"_ivl_138", 0 0, L_0x1502a2150;  1 drivers
v0x150221c80_0 .net *"_ivl_139", 0 0, L_0x1502a1cc0;  1 drivers
v0x150221d30_0 .net *"_ivl_15", 0 0, L_0x15029e810;  1 drivers
v0x150221de0_0 .net *"_ivl_16", 0 0, L_0x15029e8d0;  1 drivers
v0x150221e90_0 .net *"_ivl_18", 0 0, L_0x15029e9e0;  1 drivers
v0x150221f40_0 .net *"_ivl_23", 0 0, L_0x15029eb00;  1 drivers
v0x150221ff0_0 .net *"_ivl_25", 0 0, L_0x15029eba0;  1 drivers
v0x1502220a0_0 .net *"_ivl_27", 0 0, L_0x15029ec70;  1 drivers
v0x150222150_0 .net *"_ivl_28", 0 0, L_0x15029ed90;  1 drivers
v0x150222200_0 .net *"_ivl_30", 0 0, L_0x15029ee60;  1 drivers
v0x1502222b0_0 .net *"_ivl_33", 0 0, L_0x15029ef90;  1 drivers
v0x1502217a0_0 .net *"_ivl_35", 0 0, L_0x15029f0b0;  1 drivers
v0x150222540_0 .net *"_ivl_36", 0 0, L_0x15029f150;  1 drivers
v0x1502225d0_0 .net *"_ivl_39", 0 0, L_0x15029f240;  1 drivers
v0x150222670_0 .net *"_ivl_40", 0 0, L_0x15029f370;  1 drivers
v0x150222720_0 .net *"_ivl_42", 0 0, L_0x15029f470;  1 drivers
v0x1502227d0_0 .net *"_ivl_48", 0 0, L_0x15029f6b0;  1 drivers
v0x150222880_0 .net *"_ivl_50", 0 0, L_0x15029f7b0;  1 drivers
v0x150222930_0 .net *"_ivl_52", 0 0, L_0x15029f850;  1 drivers
v0x1502229e0_0 .net *"_ivl_53", 0 0, L_0x15029f960;  1 drivers
v0x150222a90_0 .net *"_ivl_55", 0 0, L_0x15029fa70;  1 drivers
v0x150222b40_0 .net *"_ivl_58", 0 0, L_0x15029fb20;  1 drivers
v0x150222bf0_0 .net *"_ivl_60", 0 0, L_0x15029fbc0;  1 drivers
v0x150222ca0_0 .net *"_ivl_61", 0 0, L_0x15029f8f0;  1 drivers
v0x150222d50_0 .net *"_ivl_64", 0 0, L_0x15029fe50;  1 drivers
v0x150222e00_0 .net *"_ivl_65", 0 0, L_0x15029fef0;  1 drivers
v0x150222eb0_0 .net *"_ivl_67", 0 0, L_0x15029ffa0;  1 drivers
v0x150222f60_0 .net *"_ivl_7", 0 0, L_0x15029e560;  1 drivers
v0x150223010_0 .net *"_ivl_70", 0 0, L_0x1502a0110;  1 drivers
v0x1502230c0_0 .net *"_ivl_72", 0 0, L_0x1502a0240;  1 drivers
v0x150223170_0 .net *"_ivl_73", 0 0, L_0x15029fde0;  1 drivers
v0x150223220_0 .net *"_ivl_76", 0 0, L_0x1502a0320;  1 drivers
v0x1502232d0_0 .net *"_ivl_77", 0 0, L_0x1502a0460;  1 drivers
v0x150223380_0 .net *"_ivl_80", 0 0, L_0x1502a0580;  1 drivers
v0x150223430_0 .net *"_ivl_81", 0 0, L_0x1502a0620;  1 drivers
v0x1502234e0_0 .net *"_ivl_83", 0 0, L_0x1502a06f0;  1 drivers
v0x150223590_0 .net *"_ivl_86", 0 0, L_0x1502a08c0;  1 drivers
v0x150223640_0 .net *"_ivl_88", 0 0, L_0x1502a03c0;  1 drivers
v0x1502236f0_0 .net *"_ivl_90", 0 0, L_0x1502a0a60;  1 drivers
v0x1502237a0_0 .net *"_ivl_91", 0 0, L_0x15029ed10;  1 drivers
v0x150223850_0 .net *"_ivl_93", 0 0, L_0x1502a0c00;  1 drivers
v0x150223900_0 .net *"_ivl_96", 0 0, L_0x1502a0820;  1 drivers
v0x1502239b0_0 .net *"_ivl_98", 0 0, L_0x1502a0da0;  1 drivers
v0x150222360_0 .net *"_ivl_99", 0 0, L_0x1502a0f10;  1 drivers
v0x150222410_0 .net "a", 3 0, L_0x1502a2420;  1 drivers
v0x150223a40_0 .net "b", 3 0, L_0x1502a24c0;  1 drivers
v0x150223ad0_0 .net "c", 3 0, L_0x15029f520;  1 drivers
v0x150223b60_0 .net "cin", 0 0, L_0x15029dcc0;  alias, 1 drivers
v0x150223bf0_0 .net "cout", 0 0, L_0x1502a1e50;  alias, 1 drivers
v0x150223c80_0 .net "sum", 3 0, L_0x1502a2050;  1 drivers
L_0x15029e650 .part L_0x15029e430, 0, 1;
L_0x15029e730 .part L_0x15029df30, 0, 1;
L_0x15029e810 .part L_0x15029f520, 0, 1;
L_0x15029eb00 .part L_0x15029e430, 1, 1;
L_0x15029eba0 .part L_0x15029df30, 1, 1;
L_0x15029ec70 .part L_0x15029e430, 0, 1;
L_0x15029ef90 .part L_0x15029df30, 1, 1;
L_0x15029f0b0 .part L_0x15029df30, 0, 1;
L_0x15029f240 .part L_0x15029f520, 0, 1;
L_0x15029f520 .concat8 [ 1 1 1 1], L_0x15029e560, L_0x15029e9e0, L_0x15029f470, L_0x1502a06f0;
L_0x15029f6b0 .part L_0x15029e430, 2, 1;
L_0x15029f7b0 .part L_0x15029df30, 2, 1;
L_0x15029f850 .part L_0x15029e430, 1, 1;
L_0x15029fb20 .part L_0x15029df30, 2, 1;
L_0x15029fbc0 .part L_0x15029df30, 1, 1;
L_0x15029fe50 .part L_0x15029e430, 0, 1;
L_0x1502a0110 .part L_0x15029df30, 2, 1;
L_0x1502a0240 .part L_0x15029df30, 1, 1;
L_0x1502a0320 .part L_0x15029df30, 0, 1;
L_0x1502a0580 .part L_0x15029f520, 0, 1;
L_0x1502a08c0 .part L_0x15029e430, 3, 1;
L_0x1502a03c0 .part L_0x15029df30, 3, 1;
L_0x1502a0a60 .part L_0x15029e430, 2, 1;
L_0x1502a0820 .part L_0x15029df30, 3, 1;
L_0x1502a0da0 .part L_0x15029df30, 2, 1;
L_0x1502a0fa0 .part L_0x15029e430, 1, 1;
L_0x1502a1260 .part L_0x15029df30, 3, 1;
L_0x1502a13e0 .part L_0x15029df30, 2, 1;
L_0x15029fca0 .part L_0x15029df30, 1, 1;
L_0x1502a1300 .part L_0x15029e430, 0, 1;
L_0x1502a1a80 .part L_0x15029df30, 3, 1;
L_0x1502a1c20 .part L_0x15029df30, 2, 1;
L_0x1502a1db0 .part L_0x15029df30, 1, 1;
L_0x1502a1b60 .part L_0x15029df30, 0, 1;
L_0x1502a2150 .part L_0x15029f520, 0, 1;
S_0x150223d10 .scope module, "n3" "cla_4" 5 16, 6 3 0, S_0x15021d1a0;
 .timescale -9 -11;
    .port_info 0 /INPUT 4 "a";
    .port_info 1 /INPUT 4 "b";
    .port_info 2 /INPUT 1 "cin";
    .port_info 3 /OUTPUT 4 "sum";
    .port_info 4 /OUTPUT 1 "cout";
L_0x1502a2560 .functor XOR 4, L_0x1502a6600, L_0x1502a66a0, C4<0000>, C4<0000>;
L_0x1502a25f0 .functor AND 4, L_0x1502a6600, L_0x1502a66a0, C4<1111>, C4<1111>;
L_0x1502a2720 .functor BUFZ 1, L_0x1502a1e50, C4<0>, C4<0>, C4<0>;
L_0x1502a2a90 .functor AND 1, L_0x1502a28f0, L_0x1502a29d0, C4<1>, C4<1>;
L_0x1502a2bc0 .functor OR 1, L_0x1502a2810, L_0x1502a2a90, C4<0>, C4<0>;
L_0x1502a2f70 .functor AND 1, L_0x1502a2d80, L_0x1502a2e50, C4<1>, C4<1>;
L_0x1502a3040 .functor OR 1, L_0x1502a2ce0, L_0x1502a2f70, C4<0>, C4<0>;
L_0x1502a3330 .functor AND 1, L_0x1502a3170, L_0x1502a3290, C4<1>, C4<1>;
L_0x1502a3550 .functor AND 1, L_0x1502a3330, L_0x1502a3420, C4<1>, C4<1>;
L_0x1502a3650 .functor OR 1, L_0x1502a3040, L_0x1502a3550, C4<0>, C4<0>;
L_0x1502a3b40 .functor AND 1, L_0x1502a3990, L_0x1502a3a30, C4<1>, C4<1>;
L_0x1502a3c50 .functor OR 1, L_0x1502a3890, L_0x1502a3b40, C4<0>, C4<0>;
L_0x1502a3ad0 .functor AND 1, L_0x1502a3d00, L_0x1502a3da0, C4<1>, C4<1>;
L_0x1502a40d0 .functor AND 1, L_0x1502a3ad0, L_0x1502a4030, C4<1>, C4<1>;
L_0x1502a4180 .functor OR 1, L_0x1502a3c50, L_0x1502a40d0, C4<0>, C4<0>;
L_0x1502a3fc0 .functor AND 1, L_0x1502a42f0, L_0x1502a4420, C4<1>, C4<1>;
L_0x1502a4640 .functor AND 1, L_0x1502a3fc0, L_0x1502a4500, C4<1>, C4<1>;
L_0x1502a4800 .functor AND 1, L_0x1502a4640, L_0x1502a4760, C4<1>, C4<1>;
L_0x1502a48d0 .functor OR 1, L_0x1502a4180, L_0x1502a4800, C4<0>, C4<0>;
L_0x1502a2ef0 .functor AND 1, L_0x1502a45a0, L_0x1502a4c40, C4<1>, C4<1>;
L_0x1502a4de0 .functor OR 1, L_0x1502a4aa0, L_0x1502a2ef0, C4<0>, C4<0>;
L_0x1502a50f0 .functor AND 1, L_0x1502a4a00, L_0x1502a4f80, C4<1>, C4<1>;
L_0x1502a5220 .functor AND 1, L_0x1502a50f0, L_0x1502a5180, C4<1>, C4<1>;
L_0x1502a53d0 .functor OR 1, L_0x1502a4de0, L_0x1502a5220, C4<0>, C4<0>;
L_0x1502a5020 .functor AND 1, L_0x1502a5440, L_0x1502a55c0, C4<1>, C4<1>;
L_0x1502a5310 .functor AND 1, L_0x1502a5020, L_0x1502a3e80, C4<1>, C4<1>;
L_0x1502a5a20 .functor AND 1, L_0x1502a5310, L_0x1502a54e0, C4<1>, C4<1>;
L_0x1502a5bf0 .functor OR 1, L_0x1502a53d0, L_0x1502a5a20, C4<0>, C4<0>;
L_0x1502a58e0 .functor AND 1, L_0x1502a5c60, L_0x1502a5e00, C4<1>, C4<1>;
L_0x1502a5b10 .functor AND 1, L_0x1502a58e0, L_0x1502a5f90, C4<1>, C4<1>;
L_0x1502a6140 .functor AND 1, L_0x1502a5b10, L_0x1502a5d40, C4<1>, C4<1>;
L_0x1502a5ea0 .functor AND 1, L_0x1502a6140, L_0x1502a6330, C4<1>, C4<1>;
L_0x1502a6030 .functor OR 1, L_0x1502a5bf0, L_0x1502a5ea0, C4<0>, C4<0>;
L_0x1502a6230 .functor XOR 4, L_0x1502a2560, L_0x1502a3700, C4<0000>, C4<0000>;
v0x150223f70_0 .net "G", 3 0, L_0x1502a25f0;  1 drivers
v0x150224020_0 .net "P", 3 0, L_0x1502a2560;  1 drivers
v0x1502240d0_0 .net *"_ivl_102", 0 0, L_0x1502a5180;  1 drivers
v0x150224190_0 .net *"_ivl_103", 0 0, L_0x1502a5220;  1 drivers
v0x150224240_0 .net *"_ivl_105", 0 0, L_0x1502a53d0;  1 drivers
v0x150224330_0 .net *"_ivl_108", 0 0, L_0x1502a5440;  1 drivers
v0x1502243e0_0 .net *"_ivl_11", 0 0, L_0x1502a2810;  1 drivers
v0x150224490_0 .net *"_ivl_110", 0 0, L_0x1502a55c0;  1 drivers
v0x150224540_0 .net *"_ivl_111", 0 0, L_0x1502a5020;  1 drivers
v0x150224650_0 .net *"_ivl_114", 0 0, L_0x1502a3e80;  1 drivers
v0x150224700_0 .net *"_ivl_115", 0 0, L_0x1502a5310;  1 drivers
v0x1502247b0_0 .net *"_ivl_118", 0 0, L_0x1502a54e0;  1 drivers
v0x150224860_0 .net *"_ivl_119", 0 0, L_0x1502a5a20;  1 drivers
v0x150224910_0 .net *"_ivl_121", 0 0, L_0x1502a5bf0;  1 drivers
v0x1502249c0_0 .net *"_ivl_124", 0 0, L_0x1502a5c60;  1 drivers
v0x150224a70_0 .net *"_ivl_126", 0 0, L_0x1502a5e00;  1 drivers
v0x150224b20_0 .net *"_ivl_127", 0 0, L_0x1502a58e0;  1 drivers
v0x150224cb0_0 .net *"_ivl_13", 0 0, L_0x1502a28f0;  1 drivers
v0x150224d40_0 .net *"_ivl_130", 0 0, L_0x1502a5f90;  1 drivers
v0x150224df0_0 .net *"_ivl_131", 0 0, L_0x1502a5b10;  1 drivers
v0x150224ea0_0 .net *"_ivl_134", 0 0, L_0x1502a5d40;  1 drivers
v0x150224f50_0 .net *"_ivl_135", 0 0, L_0x1502a6140;  1 drivers
v0x150225000_0 .net *"_ivl_138", 0 0, L_0x1502a6330;  1 drivers
v0x1502250b0_0 .net *"_ivl_139", 0 0, L_0x1502a5ea0;  1 drivers
v0x150225160_0 .net *"_ivl_15", 0 0, L_0x1502a29d0;  1 drivers
v0x150225210_0 .net *"_ivl_16", 0 0, L_0x1502a2a90;  1 drivers
v0x1502252c0_0 .net *"_ivl_18", 0 0, L_0x1502a2bc0;  1 drivers
v0x150225370_0 .net *"_ivl_23", 0 0, L_0x1502a2ce0;  1 drivers
v0x150225420_0 .net *"_ivl_25", 0 0, L_0x1502a2d80;  1 drivers
v0x1502254d0_0 .net *"_ivl_27", 0 0, L_0x1502a2e50;  1 drivers
v0x150225580_0 .net *"_ivl_28", 0 0, L_0x1502a2f70;  1 drivers
v0x150225630_0 .net *"_ivl_30", 0 0, L_0x1502a3040;  1 drivers
v0x1502256e0_0 .net *"_ivl_33", 0 0, L_0x1502a3170;  1 drivers
v0x150224bd0_0 .net *"_ivl_35", 0 0, L_0x1502a3290;  1 drivers
v0x150225970_0 .net *"_ivl_36", 0 0, L_0x1502a3330;  1 drivers
v0x150225a00_0 .net *"_ivl_39", 0 0, L_0x1502a3420;  1 drivers
v0x150225aa0_0 .net *"_ivl_40", 0 0, L_0x1502a3550;  1 drivers
v0x150225b50_0 .net *"_ivl_42", 0 0, L_0x1502a3650;  1 drivers
v0x150225c00_0 .net *"_ivl_48", 0 0, L_0x1502a3890;  1 drivers
v0x150225cb0_0 .net *"_ivl_50", 0 0, L_0x1502a3990;  1 drivers
v0x150225d60_0 .net *"_ivl_52", 0 0, L_0x1502a3a30;  1 drivers
v0x150225e10_0 .net *"_ivl_53", 0 0, L_0x1502a3b40;  1 drivers
v0x150225ec0_0 .net *"_ivl_55", 0 0, L_0x1502a3c50;  1 drivers
v0x150225f70_0 .net *"_ivl_58", 0 0, L_0x1502a3d00;  1 drivers
v0x150226020_0 .net *"_ivl_60", 0 0, L_0x1502a3da0;  1 drivers
v0x1502260d0_0 .net *"_ivl_61", 0 0, L_0x1502a3ad0;  1 drivers
v0x150226180_0 .net *"_ivl_64", 0 0, L_0x1502a4030;  1 drivers
v0x150226230_0 .net *"_ivl_65", 0 0, L_0x1502a40d0;  1 drivers
v0x1502262e0_0 .net *"_ivl_67", 0 0, L_0x1502a4180;  1 drivers
v0x150226390_0 .net *"_ivl_7", 0 0, L_0x1502a2720;  1 drivers
v0x150226440_0 .net *"_ivl_70", 0 0, L_0x1502a42f0;  1 drivers
v0x1502264f0_0 .net *"_ivl_72", 0 0, L_0x1502a4420;  1 drivers
v0x1502265a0_0 .net *"_ivl_73", 0 0, L_0x1502a3fc0;  1 drivers
v0x150226650_0 .net *"_ivl_76", 0 0, L_0x1502a4500;  1 drivers
v0x150226700_0 .net *"_ivl_77", 0 0, L_0x1502a4640;  1 drivers
v0x1502267b0_0 .net *"_ivl_80", 0 0, L_0x1502a4760;  1 drivers
v0x150226860_0 .net *"_ivl_81", 0 0, L_0x1502a4800;  1 drivers
v0x150226910_0 .net *"_ivl_83", 0 0, L_0x1502a48d0;  1 drivers
v0x1502269c0_0 .net *"_ivl_86", 0 0, L_0x1502a4aa0;  1 drivers
v0x150226a70_0 .net *"_ivl_88", 0 0, L_0x1502a45a0;  1 drivers
v0x150226b20_0 .net *"_ivl_90", 0 0, L_0x1502a4c40;  1 drivers
v0x150226bd0_0 .net *"_ivl_91", 0 0, L_0x1502a2ef0;  1 drivers
v0x150226c80_0 .net *"_ivl_93", 0 0, L_0x1502a4de0;  1 drivers
v0x150226d30_0 .net *"_ivl_96", 0 0, L_0x1502a4a00;  1 drivers
v0x150226de0_0 .net *"_ivl_98", 0 0, L_0x1502a4f80;  1 drivers
v0x150225790_0 .net *"_ivl_99", 0 0, L_0x1502a50f0;  1 drivers
v0x150225840_0 .net "a", 3 0, L_0x1502a6600;  1 drivers
v0x150226e70_0 .net "b", 3 0, L_0x1502a66a0;  1 drivers
v0x150226f00_0 .net "c", 3 0, L_0x1502a3700;  1 drivers
v0x150226f90_0 .net "cin", 0 0, L_0x1502a1e50;  alias, 1 drivers
v0x150227020_0 .net "cout", 0 0, L_0x1502a6030;  alias, 1 drivers
v0x1502270b0_0 .net "sum", 3 0, L_0x1502a6230;  1 drivers
L_0x1502a2810 .part L_0x1502a25f0, 0, 1;
L_0x1502a28f0 .part L_0x1502a2560, 0, 1;
L_0x1502a29d0 .part L_0x1502a3700, 0, 1;
L_0x1502a2ce0 .part L_0x1502a25f0, 1, 1;
L_0x1502a2d80 .part L_0x1502a2560, 1, 1;
L_0x1502a2e50 .part L_0x1502a25f0, 0, 1;
L_0x1502a3170 .part L_0x1502a2560, 1, 1;
L_0x1502a3290 .part L_0x1502a2560, 0, 1;
L_0x1502a3420 .part L_0x1502a3700, 0, 1;
L_0x1502a3700 .concat8 [ 1 1 1 1], L_0x1502a2720, L_0x1502a2bc0, L_0x1502a3650, L_0x1502a48d0;
L_0x1502a3890 .part L_0x1502a25f0, 2, 1;
L_0x1502a3990 .part L_0x1502a2560, 2, 1;
L_0x1502a3a30 .part L_0x1502a25f0, 1, 1;
L_0x1502a3d00 .part L_0x1502a2560, 2, 1;
L_0x1502a3da0 .part L_0x1502a2560, 1, 1;
L_0x1502a4030 .part L_0x1502a25f0, 0, 1;
L_0x1502a42f0 .part L_0x1502a2560, 2, 1;
L_0x1502a4420 .part L_0x1502a2560, 1, 1;
L_0x1502a4500 .part L_0x1502a2560, 0, 1;
L_0x1502a4760 .part L_0x1502a3700, 0, 1;
L_0x1502a4aa0 .part L_0x1502a25f0, 3, 1;
L_0x1502a45a0 .part L_0x1502a2560, 3, 1;
L_0x1502a4c40 .part L_0x1502a25f0, 2, 1;
L_0x1502a4a00 .part L_0x1502a2560, 3, 1;
L_0x1502a4f80 .part L_0x1502a2560, 2, 1;
L_0x1502a5180 .part L_0x1502a25f0, 1, 1;
L_0x1502a5440 .part L_0x1502a2560, 3, 1;
L_0x1502a55c0 .part L_0x1502a2560, 2, 1;
L_0x1502a3e80 .part L_0x1502a2560, 1, 1;
L_0x1502a54e0 .part L_0x1502a25f0, 0, 1;
L_0x1502a5c60 .part L_0x1502a2560, 3, 1;
L_0x1502a5e00 .part L_0x1502a2560, 2, 1;
L_0x1502a5f90 .part L_0x1502a2560, 1, 1;
L_0x1502a5d40 .part L_0x1502a2560, 0, 1;
L_0x1502a6330 .part L_0x1502a3700, 0, 1;
S_0x150227140 .scope module, "n4" "cla_4" 5 17, 6 3 0, S_0x15021d1a0;
 .timescale -9 -11;
    .port_info 0 /INPUT 4 "a";
    .port_info 1 /INPUT 4 "b";
    .port_info 2 /INPUT 1 "cin";
    .port_info 3 /OUTPUT 4 "sum";
    .port_info 4 /OUTPUT 1 "cout";
L_0x1502a6740 .functor XOR 4, L_0x1502aa760, L_0x1502aa800, C4<0000>, C4<0000>;
L_0x1502a67b0 .functor AND 4, L_0x1502aa760, L_0x1502aa800, C4<1111>, C4<1111>;
L_0x1502a68a0 .functor BUFZ 1, L_0x1502a6030, C4<0>, C4<0>, C4<0>;
L_0x1502a6c10 .functor AND 1, L_0x1502a6a70, L_0x1502a6b50, C4<1>, C4<1>;
L_0x1502a6d20 .functor OR 1, L_0x1502a6990, L_0x1502a6c10, C4<0>, C4<0>;
L_0x1502a70d0 .functor AND 1, L_0x1502a6ee0, L_0x1502a6fb0, C4<1>, C4<1>;
L_0x1502a71a0 .functor OR 1, L_0x1502a6e40, L_0x1502a70d0, C4<0>, C4<0>;
L_0x1502a7490 .functor AND 1, L_0x1502a72d0, L_0x1502a73f0, C4<1>, C4<1>;
L_0x1502a76b0 .functor AND 1, L_0x1502a7490, L_0x1502a7580, C4<1>, C4<1>;
L_0x1502a77b0 .functor OR 1, L_0x1502a71a0, L_0x1502a76b0, C4<0>, C4<0>;
L_0x1502a7ca0 .functor AND 1, L_0x1502a7af0, L_0x1502a7b90, C4<1>, C4<1>;
L_0x1502a7db0 .functor OR 1, L_0x1502a79f0, L_0x1502a7ca0, C4<0>, C4<0>;
L_0x1502a7c30 .functor AND 1, L_0x1502a7e60, L_0x1502a7f00, C4<1>, C4<1>;
L_0x1502a8230 .functor AND 1, L_0x1502a7c30, L_0x1502a8190, C4<1>, C4<1>;
L_0x1502a82e0 .functor OR 1, L_0x1502a7db0, L_0x1502a8230, C4<0>, C4<0>;
L_0x1502a8120 .functor AND 1, L_0x1502a8450, L_0x1502a8580, C4<1>, C4<1>;
L_0x1502a87a0 .functor AND 1, L_0x1502a8120, L_0x1502a8660, C4<1>, C4<1>;
L_0x1502a8960 .functor AND 1, L_0x1502a87a0, L_0x1502a88c0, C4<1>, C4<1>;
L_0x1502a8a30 .functor OR 1, L_0x1502a82e0, L_0x1502a8960, C4<0>, C4<0>;
L_0x1502a7050 .functor AND 1, L_0x1502a8700, L_0x1502a8da0, C4<1>, C4<1>;
L_0x1502a8f40 .functor OR 1, L_0x1502a8c00, L_0x1502a7050, C4<0>, C4<0>;
L_0x1502a9250 .functor AND 1, L_0x1502a8b60, L_0x1502a90e0, C4<1>, C4<1>;
L_0x1502a9380 .functor AND 1, L_0x1502a9250, L_0x1502a92e0, C4<1>, C4<1>;
L_0x1502a9530 .functor OR 1, L_0x1502a8f40, L_0x1502a9380, C4<0>, C4<0>;
L_0x1502a9180 .functor AND 1, L_0x1502a95a0, L_0x1502a9720, C4<1>, C4<1>;
L_0x1502a9470 .functor AND 1, L_0x1502a9180, L_0x1502a7fe0, C4<1>, C4<1>;
L_0x1502a9b80 .functor AND 1, L_0x1502a9470, L_0x1502a9640, C4<1>, C4<1>;
L_0x1502a9d50 .functor OR 1, L_0x1502a9530, L_0x1502a9b80, C4<0>, C4<0>;
L_0x1502a9a40 .functor AND 1, L_0x1502a9dc0, L_0x1502a9f60, C4<1>, C4<1>;
L_0x1502a9c70 .functor AND 1, L_0x1502a9a40, L_0x1502aa0f0, C4<1>, C4<1>;
L_0x1502aa2a0 .functor AND 1, L_0x1502a9c70, L_0x1502a9ea0, C4<1>, C4<1>;
L_0x1502aa000 .functor AND 1, L_0x1502aa2a0, L_0x1502aa490, C4<1>, C4<1>;
L_0x1502aa190 .functor OR 1, L_0x1502a9d50, L_0x1502aa000, C4<0>, C4<0>;
L_0x1502aa390 .functor XOR 4, L_0x1502a6740, L_0x1502a7860, C4<0000>, C4<0000>;
v0x150227380_0 .net "G", 3 0, L_0x1502a67b0;  1 drivers
v0x150227440_0 .net "P", 3 0, L_0x1502a6740;  1 drivers
v0x1502274f0_0 .net *"_ivl_102", 0 0, L_0x1502a92e0;  1 drivers
v0x1502275b0_0 .net *"_ivl_103", 0 0, L_0x1502a9380;  1 drivers
v0x150227660_0 .net *"_ivl_105", 0 0, L_0x1502a9530;  1 drivers
v0x150227750_0 .net *"_ivl_108", 0 0, L_0x1502a95a0;  1 drivers
v0x150227800_0 .net *"_ivl_11", 0 0, L_0x1502a6990;  1 drivers
v0x1502278b0_0 .net *"_ivl_110", 0 0, L_0x1502a9720;  1 drivers
v0x150227960_0 .net *"_ivl_111", 0 0, L_0x1502a9180;  1 drivers
v0x150227a70_0 .net *"_ivl_114", 0 0, L_0x1502a7fe0;  1 drivers
v0x150227b20_0 .net *"_ivl_115", 0 0, L_0x1502a9470;  1 drivers
v0x150227bd0_0 .net *"_ivl_118", 0 0, L_0x1502a9640;  1 drivers
v0x150227c80_0 .net *"_ivl_119", 0 0, L_0x1502a9b80;  1 drivers
v0x150227d30_0 .net *"_ivl_121", 0 0, L_0x1502a9d50;  1 drivers
v0x150227de0_0 .net *"_ivl_124", 0 0, L_0x1502a9dc0;  1 drivers
v0x150227e90_0 .net *"_ivl_126", 0 0, L_0x1502a9f60;  1 drivers
v0x150227f40_0 .net *"_ivl_127", 0 0, L_0x1502a9a40;  1 drivers
v0x1502280d0_0 .net *"_ivl_13", 0 0, L_0x1502a6a70;  1 drivers
v0x150228160_0 .net *"_ivl_130", 0 0, L_0x1502aa0f0;  1 drivers
v0x150228210_0 .net *"_ivl_131", 0 0, L_0x1502a9c70;  1 drivers
v0x1502282c0_0 .net *"_ivl_134", 0 0, L_0x1502a9ea0;  1 drivers
v0x150228370_0 .net *"_ivl_135", 0 0, L_0x1502aa2a0;  1 drivers
v0x150228420_0 .net *"_ivl_138", 0 0, L_0x1502aa490;  1 drivers
v0x1502284d0_0 .net *"_ivl_139", 0 0, L_0x1502aa000;  1 drivers
v0x150228580_0 .net *"_ivl_15", 0 0, L_0x1502a6b50;  1 drivers
v0x150228630_0 .net *"_ivl_16", 0 0, L_0x1502a6c10;  1 drivers
v0x1502286e0_0 .net *"_ivl_18", 0 0, L_0x1502a6d20;  1 drivers
v0x150228790_0 .net *"_ivl_23", 0 0, L_0x1502a6e40;  1 drivers
v0x150228840_0 .net *"_ivl_25", 0 0, L_0x1502a6ee0;  1 drivers
v0x1502288f0_0 .net *"_ivl_27", 0 0, L_0x1502a6fb0;  1 drivers
v0x1502289a0_0 .net *"_ivl_28", 0 0, L_0x1502a70d0;  1 drivers
v0x150228a50_0 .net *"_ivl_30", 0 0, L_0x1502a71a0;  1 drivers
v0x150228b00_0 .net *"_ivl_33", 0 0, L_0x1502a72d0;  1 drivers
v0x150227ff0_0 .net *"_ivl_35", 0 0, L_0x1502a73f0;  1 drivers
v0x150228d90_0 .net *"_ivl_36", 0 0, L_0x1502a7490;  1 drivers
v0x150228e20_0 .net *"_ivl_39", 0 0, L_0x1502a7580;  1 drivers
v0x150228ec0_0 .net *"_ivl_40", 0 0, L_0x1502a76b0;  1 drivers
v0x150228f70_0 .net *"_ivl_42", 0 0, L_0x1502a77b0;  1 drivers
v0x150229020_0 .net *"_ivl_48", 0 0, L_0x1502a79f0;  1 drivers
v0x1502290d0_0 .net *"_ivl_50", 0 0, L_0x1502a7af0;  1 drivers
v0x150229180_0 .net *"_ivl_52", 0 0, L_0x1502a7b90;  1 drivers
v0x150229230_0 .net *"_ivl_53", 0 0, L_0x1502a7ca0;  1 drivers
v0x1502292e0_0 .net *"_ivl_55", 0 0, L_0x1502a7db0;  1 drivers
v0x150229390_0 .net *"_ivl_58", 0 0, L_0x1502a7e60;  1 drivers
v0x150229440_0 .net *"_ivl_60", 0 0, L_0x1502a7f00;  1 drivers
v0x1502294f0_0 .net *"_ivl_61", 0 0, L_0x1502a7c30;  1 drivers
v0x1502295a0_0 .net *"_ivl_64", 0 0, L_0x1502a8190;  1 drivers
v0x150229650_0 .net *"_ivl_65", 0 0, L_0x1502a8230;  1 drivers
v0x150229700_0 .net *"_ivl_67", 0 0, L_0x1502a82e0;  1 drivers
v0x1502297b0_0 .net *"_ivl_7", 0 0, L_0x1502a68a0;  1 drivers
v0x150229860_0 .net *"_ivl_70", 0 0, L_0x1502a8450;  1 drivers
v0x150229910_0 .net *"_ivl_72", 0 0, L_0x1502a8580;  1 drivers
v0x1502299c0_0 .net *"_ivl_73", 0 0, L_0x1502a8120;  1 drivers
v0x150229a70_0 .net *"_ivl_76", 0 0, L_0x1502a8660;  1 drivers
v0x150229b20_0 .net *"_ivl_77", 0 0, L_0x1502a87a0;  1 drivers
v0x150229bd0_0 .net *"_ivl_80", 0 0, L_0x1502a88c0;  1 drivers
v0x150229c80_0 .net *"_ivl_81", 0 0, L_0x1502a8960;  1 drivers
v0x150229d30_0 .net *"_ivl_83", 0 0, L_0x1502a8a30;  1 drivers
v0x150229de0_0 .net *"_ivl_86", 0 0, L_0x1502a8c00;  1 drivers
v0x150229e90_0 .net *"_ivl_88", 0 0, L_0x1502a8700;  1 drivers
v0x150229f40_0 .net *"_ivl_90", 0 0, L_0x1502a8da0;  1 drivers
v0x150229ff0_0 .net *"_ivl_91", 0 0, L_0x1502a7050;  1 drivers
v0x15022a0a0_0 .net *"_ivl_93", 0 0, L_0x1502a8f40;  1 drivers
v0x15022a150_0 .net *"_ivl_96", 0 0, L_0x1502a8b60;  1 drivers
v0x15022a200_0 .net *"_ivl_98", 0 0, L_0x1502a90e0;  1 drivers
v0x150228bb0_0 .net *"_ivl_99", 0 0, L_0x1502a9250;  1 drivers
v0x150228c60_0 .net "a", 3 0, L_0x1502aa760;  1 drivers
v0x15022a290_0 .net "b", 3 0, L_0x1502aa800;  1 drivers
v0x15022a320_0 .net "c", 3 0, L_0x1502a7860;  1 drivers
v0x15022a3b0_0 .net "cin", 0 0, L_0x1502a6030;  alias, 1 drivers
v0x15022a440_0 .net8 "cout", 0 0, RS_0x148057270;  alias, 3 drivers
v0x15022a4d0_0 .net "sum", 3 0, L_0x1502aa390;  1 drivers
L_0x1502a6990 .part L_0x1502a67b0, 0, 1;
L_0x1502a6a70 .part L_0x1502a6740, 0, 1;
L_0x1502a6b50 .part L_0x1502a7860, 0, 1;
L_0x1502a6e40 .part L_0x1502a67b0, 1, 1;
L_0x1502a6ee0 .part L_0x1502a6740, 1, 1;
L_0x1502a6fb0 .part L_0x1502a67b0, 0, 1;
L_0x1502a72d0 .part L_0x1502a6740, 1, 1;
L_0x1502a73f0 .part L_0x1502a6740, 0, 1;
L_0x1502a7580 .part L_0x1502a7860, 0, 1;
L_0x1502a7860 .concat8 [ 1 1 1 1], L_0x1502a68a0, L_0x1502a6d20, L_0x1502a77b0, L_0x1502a8a30;
L_0x1502a79f0 .part L_0x1502a67b0, 2, 1;
L_0x1502a7af0 .part L_0x1502a6740, 2, 1;
L_0x1502a7b90 .part L_0x1502a67b0, 1, 1;
L_0x1502a7e60 .part L_0x1502a6740, 2, 1;
L_0x1502a7f00 .part L_0x1502a6740, 1, 1;
L_0x1502a8190 .part L_0x1502a67b0, 0, 1;
L_0x1502a8450 .part L_0x1502a6740, 2, 1;
L_0x1502a8580 .part L_0x1502a6740, 1, 1;
L_0x1502a8660 .part L_0x1502a6740, 0, 1;
L_0x1502a88c0 .part L_0x1502a7860, 0, 1;
L_0x1502a8c00 .part L_0x1502a67b0, 3, 1;
L_0x1502a8700 .part L_0x1502a6740, 3, 1;
L_0x1502a8da0 .part L_0x1502a67b0, 2, 1;
L_0x1502a8b60 .part L_0x1502a6740, 3, 1;
L_0x1502a90e0 .part L_0x1502a6740, 2, 1;
L_0x1502a92e0 .part L_0x1502a67b0, 1, 1;
L_0x1502a95a0 .part L_0x1502a6740, 3, 1;
L_0x1502a9720 .part L_0x1502a6740, 2, 1;
L_0x1502a7fe0 .part L_0x1502a6740, 1, 1;
L_0x1502a9640 .part L_0x1502a67b0, 0, 1;
L_0x1502a9dc0 .part L_0x1502a6740, 3, 1;
L_0x1502a9f60 .part L_0x1502a6740, 2, 1;
L_0x1502aa0f0 .part L_0x1502a6740, 1, 1;
L_0x1502a9ea0 .part L_0x1502a6740, 0, 1;
L_0x1502aa490 .part L_0x1502a7860, 0, 1;
S_0x15022c520 .scope module, "bus" "Bus" 3 275, 19 1 0, S_0x146efe760;
 .timescale -9 -11;
    .port_info 0 /INPUT 32 "R0";
    .port_info 1 /INPUT 32 "R1";
    .port_info 2 /INPUT 32 "R2";
    .port_info 3 /INPUT 32 "R3";
    .port_info 4 /INPUT 32 "R4";
    .port_info 5 /INPUT 32 "R5";
    .port_info 6 /INPUT 32 "R6";
    .port_info 7 /INPUT 32 "R7";
    .port_info 8 /INPUT 32 "R8";
    .port_info 9 /INPUT 32 "R9";
    .port_info 10 /INPUT 32 "R10";
    .port_info 11 /INPUT 32 "R11";
    .port_info 12 /INPUT 32 "R12";
    .port_info 13 /INPUT 32 "R13";
    .port_info 14 /INPUT 32 "R14";
    .port_info 15 /INPUT 32 "R15";
    .port_info 16 /INPUT 32 "MDR";
    .port_info 17 /INPUT 32 "HI";
    .port_info 18 /INPUT 32 "LO";
    .port_info 19 /INPUT 32 "Z_high";
    .port_info 20 /INPUT 32 "Z_low";
    .port_info 21 /INPUT 32 "PC";
    .port_info 22 /INPUT 32 "In_Port";
    .port_info 23 /INPUT 32 "C_sign_extended";
    .port_info 24 /INPUT 1 "R0out";
    .port_info 25 /INPUT 1 "R1out";
    .port_info 26 /INPUT 1 "R2out";
    .port_info 27 /INPUT 1 "R3out";
    .port_info 28 /INPUT 1 "R4out";
    .port_info 29 /INPUT 1 "R5out";
    .port_info 30 /INPUT 1 "R6out";
    .port_info 31 /INPUT 1 "R7out";
    .port_info 32 /INPUT 1 "R8out";
    .port_info 33 /INPUT 1 "R9out";
    .port_info 34 /INPUT 1 "R10out";
    .port_info 35 /INPUT 1 "R11out";
    .port_info 36 /INPUT 1 "R12out";
    .port_info 37 /INPUT 1 "R13out";
    .port_info 38 /INPUT 1 "R14out";
    .port_info 39 /INPUT 1 "R15out";
    .port_info 40 /INPUT 1 "MDRout";
    .port_info 41 /INPUT 1 "HIout";
    .port_info 42 /INPUT 1 "LOout";
    .port_info 43 /INPUT 1 "Z_high_out";
    .port_info 44 /INPUT 1 "Z_low_out";
    .port_info 45 /INPUT 1 "PC_out";
    .port_info 46 /INPUT 1 "In_Port_out";
    .port_info 47 /INPUT 1 "C_sign_extended_out";
    .port_info 48 /OUTPUT 32 "bus_out";
P_0x15022c6f0 .param/l "DATA_WIDTH" 0 19 1, +C4<00000000000000000000000000100000>;
v0x15022cb70_0 .net "C_sign_extended", 31 0, v0x15023e020_0;  alias, 1 drivers
v0x15022cc30_0 .net "C_sign_extended_out", 0 0, v0x150243310_0;  alias, 1 drivers
v0x15022ccd0_0 .net "HI", 31 0, L_0x150246790;  alias, 1 drivers
v0x15022cd60_0 .net "HIout", 0 0, v0x150243720_0;  alias, 1 drivers
v0x15022cdf0_0 .net "In_Port", 31 0, L_0x150246870;  alias, 1 drivers
v0x15022cea0_0 .net "In_Port_out", 0 0, v0x150243900_0;  alias, 1 drivers
v0x15022cf40_0 .net "LO", 31 0, L_0x150246800;  alias, 1 drivers
v0x15022cff0_0 .net "LOout", 0 0, v0x150243a60_0;  alias, 1 drivers
v0x15022d090_0 .net "MDR", 31 0, v0x150231fb0_0;  alias, 1 drivers
v0x15022d1a0_0 .net "MDRout", 0 0, v0x150243cd0_0;  alias, 1 drivers
v0x15022d240_0 .net "PC", 31 0, L_0x150246350;  alias, 1 drivers
v0x15022d2f0_0 .net "PC_out", 0 0, v0x150244160_0;  alias, 1 drivers
v0x15022d390_0 .net "R0", 31 0, L_0x150244d40;  alias, 1 drivers
v0x15022d440_0 .net "R0out", 0 0, L_0x1502ac2e0;  1 drivers
v0x15022d4e0_0 .net "R1", 31 0, L_0x150244f40;  alias, 1 drivers
v0x15022d590_0 .net "R10", 31 0, L_0x150245a30;  alias, 1 drivers
v0x15022d640_0 .net "R10out", 0 0, L_0x1502ac950;  1 drivers
v0x15022d7d0_0 .net "R11", 31 0, L_0x150245ba0;  alias, 1 drivers
v0x15022d860_0 .net "R11out", 0 0, L_0x1502acd30;  1 drivers
v0x15022d8f0_0 .net "R12", 31 0, L_0x150245cd0;  alias, 1 drivers
v0x15022d9a0_0 .net "R12out", 0 0, L_0x1502acac0;  1 drivers
v0x15022da40_0 .net "R13", 31 0, L_0x150245e70;  alias, 1 drivers
v0x15022daf0_0 .net "R13out", 0 0, L_0x1502aced0;  1 drivers
v0x15022db90_0 .net "R14", 31 0, L_0x150245fa0;  alias, 1 drivers
v0x15022dc40_0 .net "R14out", 0 0, L_0x1502acc40;  1 drivers
v0x15022dce0_0 .net "R15", 31 0, L_0x150245e00;  alias, 1 drivers
v0x15022dd90_0 .net "R15out", 0 0, L_0x1502acdd0;  1 drivers
v0x15022de30_0 .net "R1out", 0 0, L_0x1502ac460;  1 drivers
v0x15022ded0_0 .net "R2", 31 0, L_0x150245050;  alias, 1 drivers
v0x15022df80_0 .net "R2out", 0 0, L_0x1502ac500;  1 drivers
v0x15022e020_0 .net "R3", 31 0, L_0x1502451e0;  alias, 1 drivers
v0x15022e0d0_0 .net "R3out", 0 0, L_0x1502ac3c0;  1 drivers
v0x15022e170_0 .net "R4", 31 0, L_0x1502452f0;  alias, 1 drivers
v0x15022d6f0_0 .net "R4out", 0 0, L_0x1502ac650;  1 drivers
v0x15022e400_0 .net "R5", 31 0, L_0x150245400;  alias, 1 drivers
v0x15022e490_0 .net "R5out", 0 0, L_0x1502ac7b0;  1 drivers
v0x15022e520_0 .net "R6", 31 0, L_0x150245510;  alias, 1 drivers
v0x15022e5c0_0 .net "R6out", 0 0, L_0x1502ac5a0;  1 drivers
v0x15022e660_0 .net "R7", 31 0, L_0x150245720;  alias, 1 drivers
v0x15022e710_0 .net "R7out", 0 0, L_0x1502aca20;  1 drivers
v0x15022e7b0_0 .net "R8", 31 0, L_0x150245160;  alias, 1 drivers
v0x15022e860_0 .net "R8out", 0 0, L_0x1502ac6f0;  1 drivers
v0x15022e900_0 .net "R9", 31 0, L_0x150245920;  alias, 1 drivers
v0x15022e9b0_0 .net "R9out", 0 0, L_0x1502acba0;  1 drivers
v0x15022ea50_0 .net "Z_high", 31 0, L_0x150246680;  alias, 1 drivers
v0x15022eb00_0 .net "Z_high_out", 0 0, v0x1502447f0_0;  alias, 1 drivers
v0x15022eba0_0 .net "Z_low", 31 0, L_0x150246460;  alias, 1 drivers
v0x15022ec50_0 .net "Z_low_out", 0 0, v0x150244950_0;  alias, 1 drivers
v0x15022ecf0_0 .net "bus_out", 31 0, v0x15022ed90_0;  alias, 1 drivers
v0x15022ed90_0 .var "q", 31 0;
E_0x15022c9a0/0 .event anyedge, v0x15022d440_0, v0x15022d390_0, v0x15022de30_0, v0x15022d4e0_0;
E_0x15022c9a0/1 .event anyedge, v0x15022df80_0, v0x15022ded0_0, v0x15022e0d0_0, v0x15022e020_0;
E_0x15022c9a0/2 .event anyedge, v0x15022d6f0_0, v0x15022e170_0, v0x15022e490_0, v0x15022e400_0;
E_0x15022c9a0/3 .event anyedge, v0x15022e5c0_0, v0x15022e520_0, v0x15022e710_0, v0x15022e660_0;
E_0x15022c9a0/4 .event anyedge, v0x15022e860_0, v0x15022e7b0_0, v0x15022e9b0_0, v0x15022e900_0;
E_0x15022c9a0/5 .event anyedge, v0x15022d640_0, v0x15022d590_0, v0x15022d860_0, v0x15022d7d0_0;
E_0x15022c9a0/6 .event anyedge, v0x15022d9a0_0, v0x15022d8f0_0, v0x15022daf0_0, v0x15022da40_0;
E_0x15022c9a0/7 .event anyedge, v0x15022dc40_0, v0x15022db90_0, v0x15022dd90_0, v0x15022dce0_0;
E_0x15022c9a0/8 .event anyedge, v0x15022d1a0_0, v0x15022d090_0, v0x15022cd60_0, v0x15022ccd0_0;
E_0x15022c9a0/9 .event anyedge, v0x15022cff0_0, v0x15022cf40_0, v0x15022eb00_0, v0x15022ea50_0;
E_0x15022c9a0/10 .event anyedge, v0x15022ec50_0, v0x15022eba0_0, v0x15022d2f0_0, v0x15022d240_0;
E_0x15022c9a0/11 .event anyedge, v0x15022cea0_0, v0x15022cdf0_0, v0x15022cc30_0, v0x15022cb70_0;
E_0x15022c9a0 .event/or E_0x15022c9a0/0, E_0x15022c9a0/1, E_0x15022c9a0/2, E_0x15022c9a0/3, E_0x15022c9a0/4, E_0x15022c9a0/5, E_0x15022c9a0/6, E_0x15022c9a0/7, E_0x15022c9a0/8, E_0x15022c9a0/9, E_0x15022c9a0/10, E_0x15022c9a0/11;
S_0x15022c810 .scope module, "hi_register" "register" 3 205, 20 1 0, S_0x146efe760;
 .timescale -9 -11;
    .port_info 0 /INPUT 1 "clear";
    .port_info 1 /INPUT 1 "clock";
    .port_info 2 /INPUT 1 "enable";
    .port_info 3 /INPUT 32 "data_in";
    .port_info 4 /OUTPUT 32 "data_out";
P_0x15022d120 .param/l "DATA_WIDTH" 0 20 1, +C4<00000000000000000000000000100000>;
P_0x15022d160 .param/l "INIT" 0 20 1, C4<00000000000000000000000000000000>;
L_0x150246790 .functor BUFZ 32, v0x15022f980_0, C4<00000000000000000000000000000000>, C4<00000000000000000000000000000000>, C4<00000000000000000000000000000000>;
v0x15022f4f0_0 .net "clear", 0 0, v0x1502431c0_0;  alias, 1 drivers
v0x15022f5a0_0 .net "clock", 0 0, v0x150243260_0;  alias, 1 drivers
v0x15022f640_0 .net "data_in", 31 0, v0x15022ed90_0;  alias, 1 drivers
v0x15020d6c0_0 .net "data_out", 31 0, L_0x150246790;  alias, 1 drivers
v0x15022f8f0_0 .net "enable", 0 0, v0x150243650_0;  alias, 1 drivers
v0x15022f980_0 .var "q", 31 0;
E_0x15022f4a0 .event posedge, v0x15022f5a0_0;
S_0x15022fab0 .scope module, "in_port_register" "register" 3 223, 20 1 0, S_0x146efe760;
 .timescale -9 -11;
    .port_info 0 /INPUT 1 "clear";
    .port_info 1 /INPUT 1 "clock";
    .port_info 2 /INPUT 1 "enable";
    .port_info 3 /INPUT 32 "data_in";
    .port_info 4 /OUTPUT 32 "data_out";
P_0x15022fc70 .param/l "DATA_WIDTH" 0 20 1, +C4<00000000000000000000000000100000>;
P_0x15022fcb0 .param/l "INIT" 0 20 1, C4<00000000000000000000000000000000>;
L_0x150246870 .functor BUFZ 32, v0x1502301b0_0, C4<00000000000000000000000000000000>, C4<00000000000000000000000000000000>, C4<00000000000000000000000000000000>;
v0x15022fe20_0 .net "clear", 0 0, v0x1502431c0_0;  alias, 1 drivers
v0x15022fed0_0 .net "clock", 0 0, v0x150243260_0;  alias, 1 drivers
v0x15022ff80_0 .net "data_in", 31 0, v0x150243da0_0;  alias, 1 drivers
v0x150230030_0 .net "data_out", 31 0, L_0x150246870;  alias, 1 drivers
v0x1502300e0_0 .net "enable", 0 0, v0x150244760_0;  alias, 1 drivers
v0x1502301b0_0 .var "q", 31 0;
S_0x1502302e0 .scope module, "ir_register" "register" 3 179, 20 1 0, S_0x146efe760;
 .timescale -9 -11;
    .port_info 0 /INPUT 1 "clear";
    .port_info 1 /INPUT 1 "clock";
    .port_info 2 /INPUT 1 "enable";
    .port_info 3 /INPUT 32 "data_in";
    .port_info 4 /OUTPUT 32 "data_out";
P_0x1502304e0 .param/l "DATA_WIDTH" 0 20 1, +C4<00000000000000000000000000100000>;
P_0x150230520 .param/l "INIT" 0 20 1, C4<00000000000000000000000000000000>;
L_0x1502463f0 .functor BUFZ 32, v0x150230a10_0, C4<00000000000000000000000000000000>, C4<00000000000000000000000000000000>, C4<00000000000000000000000000000000>;
v0x150230660_0 .net "clear", 0 0, v0x1502431c0_0;  alias, 1 drivers
v0x150230740_0 .net "clock", 0 0, v0x150243260_0;  alias, 1 drivers
v0x150230820_0 .net "data_in", 31 0, v0x15022ed90_0;  alias, 1 drivers
v0x1502308b0_0 .net "data_out", 31 0, L_0x1502463f0;  alias, 1 drivers
v0x150230940_0 .net "enable", 0 0, v0x150243830_0;  alias, 1 drivers
v0x150230a10_0 .var "q", 31 0;
S_0x150230b40 .scope module, "lo_register" "register" 3 214, 20 1 0, S_0x146efe760;
 .timescale -9 -11;
    .port_info 0 /INPUT 1 "clear";
    .port_info 1 /INPUT 1 "clock";
    .port_info 2 /INPUT 1 "enable";
    .port_info 3 /INPUT 32 "data_in";
    .port_info 4 /OUTPUT 32 "data_out";
P_0x150230d00 .param/l "DATA_WIDTH" 0 20 1, +C4<00000000000000000000000000100000>;
P_0x150230d40 .param/l "INIT" 0 20 1, C4<00000000000000000000000000000000>;
L_0x150246800 .functor BUFZ 32, v0x150231210_0, C4<00000000000000000000000000000000>, C4<00000000000000000000000000000000>, C4<00000000000000000000000000000000>;
v0x150230eb0_0 .net "clear", 0 0, v0x1502431c0_0;  alias, 1 drivers
v0x150230f40_0 .net "clock", 0 0, v0x150243260_0;  alias, 1 drivers
v0x150230fe0_0 .net "data_in", 31 0, v0x15022ed90_0;  alias, 1 drivers
v0x150231090_0 .net "data_out", 31 0, L_0x150246800;  alias, 1 drivers
v0x150231140_0 .net "enable", 0 0, v0x1502439d0_0;  alias, 1 drivers
v0x150231210_0 .var "q", 31 0;
S_0x150231340 .scope module, "mar" "MAR" 3 258, 21 1 0, S_0x146efe760;
 .timescale -9 -11;
    .port_info 0 /INPUT 1 "clear";
    .port_info 1 /INPUT 1 "clock";
    .port_info 2 /INPUT 1 "enable";
    .port_info 3 /INPUT 32 "data_in";
    .port_info 4 /OUTPUT 9 "data_out";
P_0x150231500 .param/l "DATA_WIDTH" 0 21 1, +C4<00000000000000000000000000100000>;
P_0x150231540 .param/l "INIT" 0 21 1, C4<00000000000000000000000000000000>;
v0x1502316b0_0 .net "clear", 0 0, v0x1502431c0_0;  alias, 1 drivers
v0x1502317c0_0 .net "clock", 0 0, v0x150243260_0;  alias, 1 drivers
v0x1502318e0_0 .net "data_in", 31 0, v0x15022ed90_0;  alias, 1 drivers
v0x150231970_0 .net "data_out", 8 0, L_0x1502ac1d0;  alias, 1 drivers
v0x150231a00_0 .net "enable", 0 0, v0x150243b30_0;  alias, 1 drivers
v0x150231a90_0 .var "q", 31 0;
L_0x1502ac1d0 .part v0x150231a90_0, 0, 9;
S_0x150231bc0 .scope module, "mdr" "MDR" 3 248, 22 1 0, S_0x146efe760;
 .timescale -9 -11;
    .port_info 0 /INPUT 32 "BusMuxOut";
    .port_info 1 /INPUT 32 "Mdatain";
    .port_info 2 /INPUT 1 "Clock";
    .port_info 3 /INPUT 1 "Clear";
    .port_info 4 /INPUT 1 "MDRin";
    .port_info 5 /INPUT 1 "Read";
    .port_info 6 /OUTPUT 32 "BusMuxIn_MDR";
P_0x150231d80 .param/l "DATA_WIDTH" 0 22 1, +C4<00000000000000000000000000100000>;
v0x150231fb0_0 .var "BusMuxIn_MDR", 31 0;
v0x150232080_0 .net "BusMuxOut", 31 0, v0x15022ed90_0;  alias, 1 drivers
v0x150232110_0 .net "Clear", 0 0, v0x1502431c0_0;  alias, 1 drivers
v0x1502321a0_0 .net "Clock", 0 0, v0x150243260_0;  alias, 1 drivers
v0x150232230_0 .var "MDMuxout", 31 0;
v0x1502322c0_0 .net "MDRin", 0 0, v0x150243c00_0;  alias, 1 drivers
v0x150232350_0 .net "Mdatain", 31 0, v0x150233480_0;  alias, 1 drivers
v0x150232400_0 .net "Read", 0 0, v0x150244460_0;  alias, 1 drivers
E_0x150231f70 .event anyedge, v0x150232400_0, v0x1500d9290_0, v0x150232350_0;
S_0x150232550 .scope module, "pc_register" "PC" 3 169, 23 1 0, S_0x146efe760;
 .timescale -9 -11;
    .port_info 0 /INPUT 1 "clear";
    .port_info 1 /INPUT 1 "clock";
    .port_info 2 /INPUT 1 "enable";
    .port_info 3 /INPUT 1 "PC_tb_enable";
    .port_info 4 /INPUT 32 "data_in";
    .port_info 5 /INPUT 32 "PC_tb_value";
    .port_info 6 /OUTPUT 32 "data_out";
P_0x150232790 .param/l "DATA_WIDTH" 0 23 1, +C4<00000000000000000000000000100000>;
P_0x1502327d0 .param/l "INIT" 0 23 1, C4<00000000000000000000000000000000>;
v0x1502329a0_0 .net "PC_tb_enable", 0 0, v0x150244000_0;  alias, 1 drivers
v0x150232a50_0 .net "PC_tb_value", 31 0, v0x150243f70_0;  alias, 1 drivers
v0x150232af0_0 .net "clear", 0 0, v0x1502431c0_0;  alias, 1 drivers
v0x150232b80_0 .net "clock", 0 0, v0x150243260_0;  alias, 1 drivers
v0x150232c10_0 .net "data_in", 31 0, v0x15022ed90_0;  alias, 1 drivers
v0x150232ca0_0 .net "data_out", 31 0, L_0x150246350;  alias, 1 drivers
v0x150232d30_0 .net "enable", 0 0, v0x150244090_0;  alias, 1 drivers
v0x150232dc0_0 .var "q", 31 0;
L_0x150246350 .functor MUXZ 32, v0x150232dc0_0, v0x150243f70_0, v0x150244000_0, C4<>;
S_0x150232f20 .scope module, "ram" "RAM" 3 266, 24 1 0, S_0x146efe760;
 .timescale -9 -11;
    .port_info 0 /INPUT 1 "read";
    .port_info 1 /INPUT 1 "write";
    .port_info 2 /INPUT 32 "data_in";
    .port_info 3 /OUTPUT 32 "data_out";
    .port_info 4 /INPUT 9 "address";
P_0x1502330e0 .param/l "DATA_WIDTH" 0 24 1, +C4<00000000000000000000000000100000>;
P_0x150233120 .param/l "size" 1 24 9, +C4<00000000000000000000001000000000>;
v0x1502332e0_0 .net "address", 8 0, L_0x1502ac1d0;  alias, 1 drivers
v0x1502333b0_0 .net "data_in", 31 0, v0x150231fb0_0;  alias, 1 drivers
v0x150233480_0 .var "data_out", 31 0;
v0x150233530 .array "memory", 511 0, 31 0;
v0x1502355c0_0 .net "read", 0 0, v0x1502442c0_0;  alias, 1 drivers
v0x1502356a0_0 .net "write", 0 0, v0x150244390_0;  alias, 1 drivers
E_0x150233290/0 .event anyedge, v0x1502356a0_0, v0x15022d090_0, v0x150231970_0, v0x1502355c0_0;
v0x150233530_0 .array/port v0x150233530, 0;
v0x150233530_1 .array/port v0x150233530, 1;
v0x150233530_2 .array/port v0x150233530, 2;
v0x150233530_3 .array/port v0x150233530, 3;
E_0x150233290/1 .event anyedge, v0x150233530_0, v0x150233530_1, v0x150233530_2, v0x150233530_3;
v0x150233530_4 .array/port v0x150233530, 4;
v0x150233530_5 .array/port v0x150233530, 5;
v0x150233530_6 .array/port v0x150233530, 6;
v0x150233530_7 .array/port v0x150233530, 7;
E_0x150233290/2 .event anyedge, v0x150233530_4, v0x150233530_5, v0x150233530_6, v0x150233530_7;
v0x150233530_8 .array/port v0x150233530, 8;
v0x150233530_9 .array/port v0x150233530, 9;
v0x150233530_10 .array/port v0x150233530, 10;
v0x150233530_11 .array/port v0x150233530, 11;
E_0x150233290/3 .event anyedge, v0x150233530_8, v0x150233530_9, v0x150233530_10, v0x150233530_11;
v0x150233530_12 .array/port v0x150233530, 12;
v0x150233530_13 .array/port v0x150233530, 13;
v0x150233530_14 .array/port v0x150233530, 14;
v0x150233530_15 .array/port v0x150233530, 15;
E_0x150233290/4 .event anyedge, v0x150233530_12, v0x150233530_13, v0x150233530_14, v0x150233530_15;
v0x150233530_16 .array/port v0x150233530, 16;
v0x150233530_17 .array/port v0x150233530, 17;
v0x150233530_18 .array/port v0x150233530, 18;
v0x150233530_19 .array/port v0x150233530, 19;
E_0x150233290/5 .event anyedge, v0x150233530_16, v0x150233530_17, v0x150233530_18, v0x150233530_19;
v0x150233530_20 .array/port v0x150233530, 20;
v0x150233530_21 .array/port v0x150233530, 21;
v0x150233530_22 .array/port v0x150233530, 22;
v0x150233530_23 .array/port v0x150233530, 23;
E_0x150233290/6 .event anyedge, v0x150233530_20, v0x150233530_21, v0x150233530_22, v0x150233530_23;
v0x150233530_24 .array/port v0x150233530, 24;
v0x150233530_25 .array/port v0x150233530, 25;
v0x150233530_26 .array/port v0x150233530, 26;
v0x150233530_27 .array/port v0x150233530, 27;
E_0x150233290/7 .event anyedge, v0x150233530_24, v0x150233530_25, v0x150233530_26, v0x150233530_27;
v0x150233530_28 .array/port v0x150233530, 28;
v0x150233530_29 .array/port v0x150233530, 29;
v0x150233530_30 .array/port v0x150233530, 30;
v0x150233530_31 .array/port v0x150233530, 31;
E_0x150233290/8 .event anyedge, v0x150233530_28, v0x150233530_29, v0x150233530_30, v0x150233530_31;
v0x150233530_32 .array/port v0x150233530, 32;
v0x150233530_33 .array/port v0x150233530, 33;
v0x150233530_34 .array/port v0x150233530, 34;
v0x150233530_35 .array/port v0x150233530, 35;
E_0x150233290/9 .event anyedge, v0x150233530_32, v0x150233530_33, v0x150233530_34, v0x150233530_35;
v0x150233530_36 .array/port v0x150233530, 36;
v0x150233530_37 .array/port v0x150233530, 37;
v0x150233530_38 .array/port v0x150233530, 38;
v0x150233530_39 .array/port v0x150233530, 39;
E_0x150233290/10 .event anyedge, v0x150233530_36, v0x150233530_37, v0x150233530_38, v0x150233530_39;
v0x150233530_40 .array/port v0x150233530, 40;
v0x150233530_41 .array/port v0x150233530, 41;
v0x150233530_42 .array/port v0x150233530, 42;
v0x150233530_43 .array/port v0x150233530, 43;
E_0x150233290/11 .event anyedge, v0x150233530_40, v0x150233530_41, v0x150233530_42, v0x150233530_43;
v0x150233530_44 .array/port v0x150233530, 44;
v0x150233530_45 .array/port v0x150233530, 45;
v0x150233530_46 .array/port v0x150233530, 46;
v0x150233530_47 .array/port v0x150233530, 47;
E_0x150233290/12 .event anyedge, v0x150233530_44, v0x150233530_45, v0x150233530_46, v0x150233530_47;
v0x150233530_48 .array/port v0x150233530, 48;
v0x150233530_49 .array/port v0x150233530, 49;
v0x150233530_50 .array/port v0x150233530, 50;
v0x150233530_51 .array/port v0x150233530, 51;
E_0x150233290/13 .event anyedge, v0x150233530_48, v0x150233530_49, v0x150233530_50, v0x150233530_51;
v0x150233530_52 .array/port v0x150233530, 52;
v0x150233530_53 .array/port v0x150233530, 53;
v0x150233530_54 .array/port v0x150233530, 54;
v0x150233530_55 .array/port v0x150233530, 55;
E_0x150233290/14 .event anyedge, v0x150233530_52, v0x150233530_53, v0x150233530_54, v0x150233530_55;
v0x150233530_56 .array/port v0x150233530, 56;
v0x150233530_57 .array/port v0x150233530, 57;
v0x150233530_58 .array/port v0x150233530, 58;
v0x150233530_59 .array/port v0x150233530, 59;
E_0x150233290/15 .event anyedge, v0x150233530_56, v0x150233530_57, v0x150233530_58, v0x150233530_59;
v0x150233530_60 .array/port v0x150233530, 60;
v0x150233530_61 .array/port v0x150233530, 61;
v0x150233530_62 .array/port v0x150233530, 62;
v0x150233530_63 .array/port v0x150233530, 63;
E_0x150233290/16 .event anyedge, v0x150233530_60, v0x150233530_61, v0x150233530_62, v0x150233530_63;
v0x150233530_64 .array/port v0x150233530, 64;
v0x150233530_65 .array/port v0x150233530, 65;
v0x150233530_66 .array/port v0x150233530, 66;
v0x150233530_67 .array/port v0x150233530, 67;
E_0x150233290/17 .event anyedge, v0x150233530_64, v0x150233530_65, v0x150233530_66, v0x150233530_67;
v0x150233530_68 .array/port v0x150233530, 68;
v0x150233530_69 .array/port v0x150233530, 69;
v0x150233530_70 .array/port v0x150233530, 70;
v0x150233530_71 .array/port v0x150233530, 71;
E_0x150233290/18 .event anyedge, v0x150233530_68, v0x150233530_69, v0x150233530_70, v0x150233530_71;
v0x150233530_72 .array/port v0x150233530, 72;
v0x150233530_73 .array/port v0x150233530, 73;
v0x150233530_74 .array/port v0x150233530, 74;
v0x150233530_75 .array/port v0x150233530, 75;
E_0x150233290/19 .event anyedge, v0x150233530_72, v0x150233530_73, v0x150233530_74, v0x150233530_75;
v0x150233530_76 .array/port v0x150233530, 76;
v0x150233530_77 .array/port v0x150233530, 77;
v0x150233530_78 .array/port v0x150233530, 78;
v0x150233530_79 .array/port v0x150233530, 79;
E_0x150233290/20 .event anyedge, v0x150233530_76, v0x150233530_77, v0x150233530_78, v0x150233530_79;
v0x150233530_80 .array/port v0x150233530, 80;
v0x150233530_81 .array/port v0x150233530, 81;
v0x150233530_82 .array/port v0x150233530, 82;
v0x150233530_83 .array/port v0x150233530, 83;
E_0x150233290/21 .event anyedge, v0x150233530_80, v0x150233530_81, v0x150233530_82, v0x150233530_83;
v0x150233530_84 .array/port v0x150233530, 84;
v0x150233530_85 .array/port v0x150233530, 85;
v0x150233530_86 .array/port v0x150233530, 86;
v0x150233530_87 .array/port v0x150233530, 87;
E_0x150233290/22 .event anyedge, v0x150233530_84, v0x150233530_85, v0x150233530_86, v0x150233530_87;
v0x150233530_88 .array/port v0x150233530, 88;
v0x150233530_89 .array/port v0x150233530, 89;
v0x150233530_90 .array/port v0x150233530, 90;
v0x150233530_91 .array/port v0x150233530, 91;
E_0x150233290/23 .event anyedge, v0x150233530_88, v0x150233530_89, v0x150233530_90, v0x150233530_91;
v0x150233530_92 .array/port v0x150233530, 92;
v0x150233530_93 .array/port v0x150233530, 93;
v0x150233530_94 .array/port v0x150233530, 94;
v0x150233530_95 .array/port v0x150233530, 95;
E_0x150233290/24 .event anyedge, v0x150233530_92, v0x150233530_93, v0x150233530_94, v0x150233530_95;
v0x150233530_96 .array/port v0x150233530, 96;
v0x150233530_97 .array/port v0x150233530, 97;
v0x150233530_98 .array/port v0x150233530, 98;
v0x150233530_99 .array/port v0x150233530, 99;
E_0x150233290/25 .event anyedge, v0x150233530_96, v0x150233530_97, v0x150233530_98, v0x150233530_99;
v0x150233530_100 .array/port v0x150233530, 100;
v0x150233530_101 .array/port v0x150233530, 101;
v0x150233530_102 .array/port v0x150233530, 102;
v0x150233530_103 .array/port v0x150233530, 103;
E_0x150233290/26 .event anyedge, v0x150233530_100, v0x150233530_101, v0x150233530_102, v0x150233530_103;
v0x150233530_104 .array/port v0x150233530, 104;
v0x150233530_105 .array/port v0x150233530, 105;
v0x150233530_106 .array/port v0x150233530, 106;
v0x150233530_107 .array/port v0x150233530, 107;
E_0x150233290/27 .event anyedge, v0x150233530_104, v0x150233530_105, v0x150233530_106, v0x150233530_107;
v0x150233530_108 .array/port v0x150233530, 108;
v0x150233530_109 .array/port v0x150233530, 109;
v0x150233530_110 .array/port v0x150233530, 110;
v0x150233530_111 .array/port v0x150233530, 111;
E_0x150233290/28 .event anyedge, v0x150233530_108, v0x150233530_109, v0x150233530_110, v0x150233530_111;
v0x150233530_112 .array/port v0x150233530, 112;
v0x150233530_113 .array/port v0x150233530, 113;
v0x150233530_114 .array/port v0x150233530, 114;
v0x150233530_115 .array/port v0x150233530, 115;
E_0x150233290/29 .event anyedge, v0x150233530_112, v0x150233530_113, v0x150233530_114, v0x150233530_115;
v0x150233530_116 .array/port v0x150233530, 116;
v0x150233530_117 .array/port v0x150233530, 117;
v0x150233530_118 .array/port v0x150233530, 118;
v0x150233530_119 .array/port v0x150233530, 119;
E_0x150233290/30 .event anyedge, v0x150233530_116, v0x150233530_117, v0x150233530_118, v0x150233530_119;
v0x150233530_120 .array/port v0x150233530, 120;
v0x150233530_121 .array/port v0x150233530, 121;
v0x150233530_122 .array/port v0x150233530, 122;
v0x150233530_123 .array/port v0x150233530, 123;
E_0x150233290/31 .event anyedge, v0x150233530_120, v0x150233530_121, v0x150233530_122, v0x150233530_123;
v0x150233530_124 .array/port v0x150233530, 124;
v0x150233530_125 .array/port v0x150233530, 125;
v0x150233530_126 .array/port v0x150233530, 126;
v0x150233530_127 .array/port v0x150233530, 127;
E_0x150233290/32 .event anyedge, v0x150233530_124, v0x150233530_125, v0x150233530_126, v0x150233530_127;
v0x150233530_128 .array/port v0x150233530, 128;
v0x150233530_129 .array/port v0x150233530, 129;
v0x150233530_130 .array/port v0x150233530, 130;
v0x150233530_131 .array/port v0x150233530, 131;
E_0x150233290/33 .event anyedge, v0x150233530_128, v0x150233530_129, v0x150233530_130, v0x150233530_131;
v0x150233530_132 .array/port v0x150233530, 132;
v0x150233530_133 .array/port v0x150233530, 133;
v0x150233530_134 .array/port v0x150233530, 134;
v0x150233530_135 .array/port v0x150233530, 135;
E_0x150233290/34 .event anyedge, v0x150233530_132, v0x150233530_133, v0x150233530_134, v0x150233530_135;
v0x150233530_136 .array/port v0x150233530, 136;
v0x150233530_137 .array/port v0x150233530, 137;
v0x150233530_138 .array/port v0x150233530, 138;
v0x150233530_139 .array/port v0x150233530, 139;
E_0x150233290/35 .event anyedge, v0x150233530_136, v0x150233530_137, v0x150233530_138, v0x150233530_139;
v0x150233530_140 .array/port v0x150233530, 140;
v0x150233530_141 .array/port v0x150233530, 141;
v0x150233530_142 .array/port v0x150233530, 142;
v0x150233530_143 .array/port v0x150233530, 143;
E_0x150233290/36 .event anyedge, v0x150233530_140, v0x150233530_141, v0x150233530_142, v0x150233530_143;
v0x150233530_144 .array/port v0x150233530, 144;
v0x150233530_145 .array/port v0x150233530, 145;
v0x150233530_146 .array/port v0x150233530, 146;
v0x150233530_147 .array/port v0x150233530, 147;
E_0x150233290/37 .event anyedge, v0x150233530_144, v0x150233530_145, v0x150233530_146, v0x150233530_147;
v0x150233530_148 .array/port v0x150233530, 148;
v0x150233530_149 .array/port v0x150233530, 149;
v0x150233530_150 .array/port v0x150233530, 150;
v0x150233530_151 .array/port v0x150233530, 151;
E_0x150233290/38 .event anyedge, v0x150233530_148, v0x150233530_149, v0x150233530_150, v0x150233530_151;
v0x150233530_152 .array/port v0x150233530, 152;
v0x150233530_153 .array/port v0x150233530, 153;
v0x150233530_154 .array/port v0x150233530, 154;
v0x150233530_155 .array/port v0x150233530, 155;
E_0x150233290/39 .event anyedge, v0x150233530_152, v0x150233530_153, v0x150233530_154, v0x150233530_155;
v0x150233530_156 .array/port v0x150233530, 156;
v0x150233530_157 .array/port v0x150233530, 157;
v0x150233530_158 .array/port v0x150233530, 158;
v0x150233530_159 .array/port v0x150233530, 159;
E_0x150233290/40 .event anyedge, v0x150233530_156, v0x150233530_157, v0x150233530_158, v0x150233530_159;
v0x150233530_160 .array/port v0x150233530, 160;
v0x150233530_161 .array/port v0x150233530, 161;
v0x150233530_162 .array/port v0x150233530, 162;
v0x150233530_163 .array/port v0x150233530, 163;
E_0x150233290/41 .event anyedge, v0x150233530_160, v0x150233530_161, v0x150233530_162, v0x150233530_163;
v0x150233530_164 .array/port v0x150233530, 164;
v0x150233530_165 .array/port v0x150233530, 165;
v0x150233530_166 .array/port v0x150233530, 166;
v0x150233530_167 .array/port v0x150233530, 167;
E_0x150233290/42 .event anyedge, v0x150233530_164, v0x150233530_165, v0x150233530_166, v0x150233530_167;
v0x150233530_168 .array/port v0x150233530, 168;
v0x150233530_169 .array/port v0x150233530, 169;
v0x150233530_170 .array/port v0x150233530, 170;
v0x150233530_171 .array/port v0x150233530, 171;
E_0x150233290/43 .event anyedge, v0x150233530_168, v0x150233530_169, v0x150233530_170, v0x150233530_171;
v0x150233530_172 .array/port v0x150233530, 172;
v0x150233530_173 .array/port v0x150233530, 173;
v0x150233530_174 .array/port v0x150233530, 174;
v0x150233530_175 .array/port v0x150233530, 175;
E_0x150233290/44 .event anyedge, v0x150233530_172, v0x150233530_173, v0x150233530_174, v0x150233530_175;
v0x150233530_176 .array/port v0x150233530, 176;
v0x150233530_177 .array/port v0x150233530, 177;
v0x150233530_178 .array/port v0x150233530, 178;
v0x150233530_179 .array/port v0x150233530, 179;
E_0x150233290/45 .event anyedge, v0x150233530_176, v0x150233530_177, v0x150233530_178, v0x150233530_179;
v0x150233530_180 .array/port v0x150233530, 180;
v0x150233530_181 .array/port v0x150233530, 181;
v0x150233530_182 .array/port v0x150233530, 182;
v0x150233530_183 .array/port v0x150233530, 183;
E_0x150233290/46 .event anyedge, v0x150233530_180, v0x150233530_181, v0x150233530_182, v0x150233530_183;
v0x150233530_184 .array/port v0x150233530, 184;
v0x150233530_185 .array/port v0x150233530, 185;
v0x150233530_186 .array/port v0x150233530, 186;
v0x150233530_187 .array/port v0x150233530, 187;
E_0x150233290/47 .event anyedge, v0x150233530_184, v0x150233530_185, v0x150233530_186, v0x150233530_187;
v0x150233530_188 .array/port v0x150233530, 188;
v0x150233530_189 .array/port v0x150233530, 189;
v0x150233530_190 .array/port v0x150233530, 190;
v0x150233530_191 .array/port v0x150233530, 191;
E_0x150233290/48 .event anyedge, v0x150233530_188, v0x150233530_189, v0x150233530_190, v0x150233530_191;
v0x150233530_192 .array/port v0x150233530, 192;
v0x150233530_193 .array/port v0x150233530, 193;
v0x150233530_194 .array/port v0x150233530, 194;
v0x150233530_195 .array/port v0x150233530, 195;
E_0x150233290/49 .event anyedge, v0x150233530_192, v0x150233530_193, v0x150233530_194, v0x150233530_195;
v0x150233530_196 .array/port v0x150233530, 196;
v0x150233530_197 .array/port v0x150233530, 197;
v0x150233530_198 .array/port v0x150233530, 198;
v0x150233530_199 .array/port v0x150233530, 199;
E_0x150233290/50 .event anyedge, v0x150233530_196, v0x150233530_197, v0x150233530_198, v0x150233530_199;
v0x150233530_200 .array/port v0x150233530, 200;
v0x150233530_201 .array/port v0x150233530, 201;
v0x150233530_202 .array/port v0x150233530, 202;
v0x150233530_203 .array/port v0x150233530, 203;
E_0x150233290/51 .event anyedge, v0x150233530_200, v0x150233530_201, v0x150233530_202, v0x150233530_203;
v0x150233530_204 .array/port v0x150233530, 204;
v0x150233530_205 .array/port v0x150233530, 205;
v0x150233530_206 .array/port v0x150233530, 206;
v0x150233530_207 .array/port v0x150233530, 207;
E_0x150233290/52 .event anyedge, v0x150233530_204, v0x150233530_205, v0x150233530_206, v0x150233530_207;
v0x150233530_208 .array/port v0x150233530, 208;
v0x150233530_209 .array/port v0x150233530, 209;
v0x150233530_210 .array/port v0x150233530, 210;
v0x150233530_211 .array/port v0x150233530, 211;
E_0x150233290/53 .event anyedge, v0x150233530_208, v0x150233530_209, v0x150233530_210, v0x150233530_211;
v0x150233530_212 .array/port v0x150233530, 212;
v0x150233530_213 .array/port v0x150233530, 213;
v0x150233530_214 .array/port v0x150233530, 214;
v0x150233530_215 .array/port v0x150233530, 215;
E_0x150233290/54 .event anyedge, v0x150233530_212, v0x150233530_213, v0x150233530_214, v0x150233530_215;
v0x150233530_216 .array/port v0x150233530, 216;
v0x150233530_217 .array/port v0x150233530, 217;
v0x150233530_218 .array/port v0x150233530, 218;
v0x150233530_219 .array/port v0x150233530, 219;
E_0x150233290/55 .event anyedge, v0x150233530_216, v0x150233530_217, v0x150233530_218, v0x150233530_219;
v0x150233530_220 .array/port v0x150233530, 220;
v0x150233530_221 .array/port v0x150233530, 221;
v0x150233530_222 .array/port v0x150233530, 222;
v0x150233530_223 .array/port v0x150233530, 223;
E_0x150233290/56 .event anyedge, v0x150233530_220, v0x150233530_221, v0x150233530_222, v0x150233530_223;
v0x150233530_224 .array/port v0x150233530, 224;
v0x150233530_225 .array/port v0x150233530, 225;
v0x150233530_226 .array/port v0x150233530, 226;
v0x150233530_227 .array/port v0x150233530, 227;
E_0x150233290/57 .event anyedge, v0x150233530_224, v0x150233530_225, v0x150233530_226, v0x150233530_227;
v0x150233530_228 .array/port v0x150233530, 228;
v0x150233530_229 .array/port v0x150233530, 229;
v0x150233530_230 .array/port v0x150233530, 230;
v0x150233530_231 .array/port v0x150233530, 231;
E_0x150233290/58 .event anyedge, v0x150233530_228, v0x150233530_229, v0x150233530_230, v0x150233530_231;
v0x150233530_232 .array/port v0x150233530, 232;
v0x150233530_233 .array/port v0x150233530, 233;
v0x150233530_234 .array/port v0x150233530, 234;
v0x150233530_235 .array/port v0x150233530, 235;
E_0x150233290/59 .event anyedge, v0x150233530_232, v0x150233530_233, v0x150233530_234, v0x150233530_235;
v0x150233530_236 .array/port v0x150233530, 236;
v0x150233530_237 .array/port v0x150233530, 237;
v0x150233530_238 .array/port v0x150233530, 238;
v0x150233530_239 .array/port v0x150233530, 239;
E_0x150233290/60 .event anyedge, v0x150233530_236, v0x150233530_237, v0x150233530_238, v0x150233530_239;
v0x150233530_240 .array/port v0x150233530, 240;
v0x150233530_241 .array/port v0x150233530, 241;
v0x150233530_242 .array/port v0x150233530, 242;
v0x150233530_243 .array/port v0x150233530, 243;
E_0x150233290/61 .event anyedge, v0x150233530_240, v0x150233530_241, v0x150233530_242, v0x150233530_243;
v0x150233530_244 .array/port v0x150233530, 244;
v0x150233530_245 .array/port v0x150233530, 245;
v0x150233530_246 .array/port v0x150233530, 246;
v0x150233530_247 .array/port v0x150233530, 247;
E_0x150233290/62 .event anyedge, v0x150233530_244, v0x150233530_245, v0x150233530_246, v0x150233530_247;
v0x150233530_248 .array/port v0x150233530, 248;
v0x150233530_249 .array/port v0x150233530, 249;
v0x150233530_250 .array/port v0x150233530, 250;
v0x150233530_251 .array/port v0x150233530, 251;
E_0x150233290/63 .event anyedge, v0x150233530_248, v0x150233530_249, v0x150233530_250, v0x150233530_251;
v0x150233530_252 .array/port v0x150233530, 252;
v0x150233530_253 .array/port v0x150233530, 253;
v0x150233530_254 .array/port v0x150233530, 254;
v0x150233530_255 .array/port v0x150233530, 255;
E_0x150233290/64 .event anyedge, v0x150233530_252, v0x150233530_253, v0x150233530_254, v0x150233530_255;
v0x150233530_256 .array/port v0x150233530, 256;
v0x150233530_257 .array/port v0x150233530, 257;
v0x150233530_258 .array/port v0x150233530, 258;
v0x150233530_259 .array/port v0x150233530, 259;
E_0x150233290/65 .event anyedge, v0x150233530_256, v0x150233530_257, v0x150233530_258, v0x150233530_259;
v0x150233530_260 .array/port v0x150233530, 260;
v0x150233530_261 .array/port v0x150233530, 261;
v0x150233530_262 .array/port v0x150233530, 262;
v0x150233530_263 .array/port v0x150233530, 263;
E_0x150233290/66 .event anyedge, v0x150233530_260, v0x150233530_261, v0x150233530_262, v0x150233530_263;
v0x150233530_264 .array/port v0x150233530, 264;
v0x150233530_265 .array/port v0x150233530, 265;
v0x150233530_266 .array/port v0x150233530, 266;
v0x150233530_267 .array/port v0x150233530, 267;
E_0x150233290/67 .event anyedge, v0x150233530_264, v0x150233530_265, v0x150233530_266, v0x150233530_267;
v0x150233530_268 .array/port v0x150233530, 268;
v0x150233530_269 .array/port v0x150233530, 269;
v0x150233530_270 .array/port v0x150233530, 270;
v0x150233530_271 .array/port v0x150233530, 271;
E_0x150233290/68 .event anyedge, v0x150233530_268, v0x150233530_269, v0x150233530_270, v0x150233530_271;
v0x150233530_272 .array/port v0x150233530, 272;
v0x150233530_273 .array/port v0x150233530, 273;
v0x150233530_274 .array/port v0x150233530, 274;
v0x150233530_275 .array/port v0x150233530, 275;
E_0x150233290/69 .event anyedge, v0x150233530_272, v0x150233530_273, v0x150233530_274, v0x150233530_275;
v0x150233530_276 .array/port v0x150233530, 276;
v0x150233530_277 .array/port v0x150233530, 277;
v0x150233530_278 .array/port v0x150233530, 278;
v0x150233530_279 .array/port v0x150233530, 279;
E_0x150233290/70 .event anyedge, v0x150233530_276, v0x150233530_277, v0x150233530_278, v0x150233530_279;
v0x150233530_280 .array/port v0x150233530, 280;
v0x150233530_281 .array/port v0x150233530, 281;
v0x150233530_282 .array/port v0x150233530, 282;
v0x150233530_283 .array/port v0x150233530, 283;
E_0x150233290/71 .event anyedge, v0x150233530_280, v0x150233530_281, v0x150233530_282, v0x150233530_283;
v0x150233530_284 .array/port v0x150233530, 284;
v0x150233530_285 .array/port v0x150233530, 285;
v0x150233530_286 .array/port v0x150233530, 286;
v0x150233530_287 .array/port v0x150233530, 287;
E_0x150233290/72 .event anyedge, v0x150233530_284, v0x150233530_285, v0x150233530_286, v0x150233530_287;
v0x150233530_288 .array/port v0x150233530, 288;
v0x150233530_289 .array/port v0x150233530, 289;
v0x150233530_290 .array/port v0x150233530, 290;
v0x150233530_291 .array/port v0x150233530, 291;
E_0x150233290/73 .event anyedge, v0x150233530_288, v0x150233530_289, v0x150233530_290, v0x150233530_291;
v0x150233530_292 .array/port v0x150233530, 292;
v0x150233530_293 .array/port v0x150233530, 293;
v0x150233530_294 .array/port v0x150233530, 294;
v0x150233530_295 .array/port v0x150233530, 295;
E_0x150233290/74 .event anyedge, v0x150233530_292, v0x150233530_293, v0x150233530_294, v0x150233530_295;
v0x150233530_296 .array/port v0x150233530, 296;
v0x150233530_297 .array/port v0x150233530, 297;
v0x150233530_298 .array/port v0x150233530, 298;
v0x150233530_299 .array/port v0x150233530, 299;
E_0x150233290/75 .event anyedge, v0x150233530_296, v0x150233530_297, v0x150233530_298, v0x150233530_299;
v0x150233530_300 .array/port v0x150233530, 300;
v0x150233530_301 .array/port v0x150233530, 301;
v0x150233530_302 .array/port v0x150233530, 302;
v0x150233530_303 .array/port v0x150233530, 303;
E_0x150233290/76 .event anyedge, v0x150233530_300, v0x150233530_301, v0x150233530_302, v0x150233530_303;
v0x150233530_304 .array/port v0x150233530, 304;
v0x150233530_305 .array/port v0x150233530, 305;
v0x150233530_306 .array/port v0x150233530, 306;
v0x150233530_307 .array/port v0x150233530, 307;
E_0x150233290/77 .event anyedge, v0x150233530_304, v0x150233530_305, v0x150233530_306, v0x150233530_307;
v0x150233530_308 .array/port v0x150233530, 308;
v0x150233530_309 .array/port v0x150233530, 309;
v0x150233530_310 .array/port v0x150233530, 310;
v0x150233530_311 .array/port v0x150233530, 311;
E_0x150233290/78 .event anyedge, v0x150233530_308, v0x150233530_309, v0x150233530_310, v0x150233530_311;
v0x150233530_312 .array/port v0x150233530, 312;
v0x150233530_313 .array/port v0x150233530, 313;
v0x150233530_314 .array/port v0x150233530, 314;
v0x150233530_315 .array/port v0x150233530, 315;
E_0x150233290/79 .event anyedge, v0x150233530_312, v0x150233530_313, v0x150233530_314, v0x150233530_315;
v0x150233530_316 .array/port v0x150233530, 316;
v0x150233530_317 .array/port v0x150233530, 317;
v0x150233530_318 .array/port v0x150233530, 318;
v0x150233530_319 .array/port v0x150233530, 319;
E_0x150233290/80 .event anyedge, v0x150233530_316, v0x150233530_317, v0x150233530_318, v0x150233530_319;
v0x150233530_320 .array/port v0x150233530, 320;
v0x150233530_321 .array/port v0x150233530, 321;
v0x150233530_322 .array/port v0x150233530, 322;
v0x150233530_323 .array/port v0x150233530, 323;
E_0x150233290/81 .event anyedge, v0x150233530_320, v0x150233530_321, v0x150233530_322, v0x150233530_323;
v0x150233530_324 .array/port v0x150233530, 324;
v0x150233530_325 .array/port v0x150233530, 325;
v0x150233530_326 .array/port v0x150233530, 326;
v0x150233530_327 .array/port v0x150233530, 327;
E_0x150233290/82 .event anyedge, v0x150233530_324, v0x150233530_325, v0x150233530_326, v0x150233530_327;
v0x150233530_328 .array/port v0x150233530, 328;
v0x150233530_329 .array/port v0x150233530, 329;
v0x150233530_330 .array/port v0x150233530, 330;
v0x150233530_331 .array/port v0x150233530, 331;
E_0x150233290/83 .event anyedge, v0x150233530_328, v0x150233530_329, v0x150233530_330, v0x150233530_331;
v0x150233530_332 .array/port v0x150233530, 332;
v0x150233530_333 .array/port v0x150233530, 333;
v0x150233530_334 .array/port v0x150233530, 334;
v0x150233530_335 .array/port v0x150233530, 335;
E_0x150233290/84 .event anyedge, v0x150233530_332, v0x150233530_333, v0x150233530_334, v0x150233530_335;
v0x150233530_336 .array/port v0x150233530, 336;
v0x150233530_337 .array/port v0x150233530, 337;
v0x150233530_338 .array/port v0x150233530, 338;
v0x150233530_339 .array/port v0x150233530, 339;
E_0x150233290/85 .event anyedge, v0x150233530_336, v0x150233530_337, v0x150233530_338, v0x150233530_339;
v0x150233530_340 .array/port v0x150233530, 340;
v0x150233530_341 .array/port v0x150233530, 341;
v0x150233530_342 .array/port v0x150233530, 342;
v0x150233530_343 .array/port v0x150233530, 343;
E_0x150233290/86 .event anyedge, v0x150233530_340, v0x150233530_341, v0x150233530_342, v0x150233530_343;
v0x150233530_344 .array/port v0x150233530, 344;
v0x150233530_345 .array/port v0x150233530, 345;
v0x150233530_346 .array/port v0x150233530, 346;
v0x150233530_347 .array/port v0x150233530, 347;
E_0x150233290/87 .event anyedge, v0x150233530_344, v0x150233530_345, v0x150233530_346, v0x150233530_347;
v0x150233530_348 .array/port v0x150233530, 348;
v0x150233530_349 .array/port v0x150233530, 349;
v0x150233530_350 .array/port v0x150233530, 350;
v0x150233530_351 .array/port v0x150233530, 351;
E_0x150233290/88 .event anyedge, v0x150233530_348, v0x150233530_349, v0x150233530_350, v0x150233530_351;
v0x150233530_352 .array/port v0x150233530, 352;
v0x150233530_353 .array/port v0x150233530, 353;
v0x150233530_354 .array/port v0x150233530, 354;
v0x150233530_355 .array/port v0x150233530, 355;
E_0x150233290/89 .event anyedge, v0x150233530_352, v0x150233530_353, v0x150233530_354, v0x150233530_355;
v0x150233530_356 .array/port v0x150233530, 356;
v0x150233530_357 .array/port v0x150233530, 357;
v0x150233530_358 .array/port v0x150233530, 358;
v0x150233530_359 .array/port v0x150233530, 359;
E_0x150233290/90 .event anyedge, v0x150233530_356, v0x150233530_357, v0x150233530_358, v0x150233530_359;
v0x150233530_360 .array/port v0x150233530, 360;
v0x150233530_361 .array/port v0x150233530, 361;
v0x150233530_362 .array/port v0x150233530, 362;
v0x150233530_363 .array/port v0x150233530, 363;
E_0x150233290/91 .event anyedge, v0x150233530_360, v0x150233530_361, v0x150233530_362, v0x150233530_363;
v0x150233530_364 .array/port v0x150233530, 364;
v0x150233530_365 .array/port v0x150233530, 365;
v0x150233530_366 .array/port v0x150233530, 366;
v0x150233530_367 .array/port v0x150233530, 367;
E_0x150233290/92 .event anyedge, v0x150233530_364, v0x150233530_365, v0x150233530_366, v0x150233530_367;
v0x150233530_368 .array/port v0x150233530, 368;
v0x150233530_369 .array/port v0x150233530, 369;
v0x150233530_370 .array/port v0x150233530, 370;
v0x150233530_371 .array/port v0x150233530, 371;
E_0x150233290/93 .event anyedge, v0x150233530_368, v0x150233530_369, v0x150233530_370, v0x150233530_371;
v0x150233530_372 .array/port v0x150233530, 372;
v0x150233530_373 .array/port v0x150233530, 373;
v0x150233530_374 .array/port v0x150233530, 374;
v0x150233530_375 .array/port v0x150233530, 375;
E_0x150233290/94 .event anyedge, v0x150233530_372, v0x150233530_373, v0x150233530_374, v0x150233530_375;
v0x150233530_376 .array/port v0x150233530, 376;
v0x150233530_377 .array/port v0x150233530, 377;
v0x150233530_378 .array/port v0x150233530, 378;
v0x150233530_379 .array/port v0x150233530, 379;
E_0x150233290/95 .event anyedge, v0x150233530_376, v0x150233530_377, v0x150233530_378, v0x150233530_379;
v0x150233530_380 .array/port v0x150233530, 380;
v0x150233530_381 .array/port v0x150233530, 381;
v0x150233530_382 .array/port v0x150233530, 382;
v0x150233530_383 .array/port v0x150233530, 383;
E_0x150233290/96 .event anyedge, v0x150233530_380, v0x150233530_381, v0x150233530_382, v0x150233530_383;
v0x150233530_384 .array/port v0x150233530, 384;
v0x150233530_385 .array/port v0x150233530, 385;
v0x150233530_386 .array/port v0x150233530, 386;
v0x150233530_387 .array/port v0x150233530, 387;
E_0x150233290/97 .event anyedge, v0x150233530_384, v0x150233530_385, v0x150233530_386, v0x150233530_387;
v0x150233530_388 .array/port v0x150233530, 388;
v0x150233530_389 .array/port v0x150233530, 389;
v0x150233530_390 .array/port v0x150233530, 390;
v0x150233530_391 .array/port v0x150233530, 391;
E_0x150233290/98 .event anyedge, v0x150233530_388, v0x150233530_389, v0x150233530_390, v0x150233530_391;
v0x150233530_392 .array/port v0x150233530, 392;
v0x150233530_393 .array/port v0x150233530, 393;
v0x150233530_394 .array/port v0x150233530, 394;
v0x150233530_395 .array/port v0x150233530, 395;
E_0x150233290/99 .event anyedge, v0x150233530_392, v0x150233530_393, v0x150233530_394, v0x150233530_395;
v0x150233530_396 .array/port v0x150233530, 396;
v0x150233530_397 .array/port v0x150233530, 397;
v0x150233530_398 .array/port v0x150233530, 398;
v0x150233530_399 .array/port v0x150233530, 399;
E_0x150233290/100 .event anyedge, v0x150233530_396, v0x150233530_397, v0x150233530_398, v0x150233530_399;
v0x150233530_400 .array/port v0x150233530, 400;
v0x150233530_401 .array/port v0x150233530, 401;
v0x150233530_402 .array/port v0x150233530, 402;
v0x150233530_403 .array/port v0x150233530, 403;
E_0x150233290/101 .event anyedge, v0x150233530_400, v0x150233530_401, v0x150233530_402, v0x150233530_403;
v0x150233530_404 .array/port v0x150233530, 404;
v0x150233530_405 .array/port v0x150233530, 405;
v0x150233530_406 .array/port v0x150233530, 406;
v0x150233530_407 .array/port v0x150233530, 407;
E_0x150233290/102 .event anyedge, v0x150233530_404, v0x150233530_405, v0x150233530_406, v0x150233530_407;
v0x150233530_408 .array/port v0x150233530, 408;
v0x150233530_409 .array/port v0x150233530, 409;
v0x150233530_410 .array/port v0x150233530, 410;
v0x150233530_411 .array/port v0x150233530, 411;
E_0x150233290/103 .event anyedge, v0x150233530_408, v0x150233530_409, v0x150233530_410, v0x150233530_411;
v0x150233530_412 .array/port v0x150233530, 412;
v0x150233530_413 .array/port v0x150233530, 413;
v0x150233530_414 .array/port v0x150233530, 414;
v0x150233530_415 .array/port v0x150233530, 415;
E_0x150233290/104 .event anyedge, v0x150233530_412, v0x150233530_413, v0x150233530_414, v0x150233530_415;
v0x150233530_416 .array/port v0x150233530, 416;
v0x150233530_417 .array/port v0x150233530, 417;
v0x150233530_418 .array/port v0x150233530, 418;
v0x150233530_419 .array/port v0x150233530, 419;
E_0x150233290/105 .event anyedge, v0x150233530_416, v0x150233530_417, v0x150233530_418, v0x150233530_419;
v0x150233530_420 .array/port v0x150233530, 420;
v0x150233530_421 .array/port v0x150233530, 421;
v0x150233530_422 .array/port v0x150233530, 422;
v0x150233530_423 .array/port v0x150233530, 423;
E_0x150233290/106 .event anyedge, v0x150233530_420, v0x150233530_421, v0x150233530_422, v0x150233530_423;
v0x150233530_424 .array/port v0x150233530, 424;
v0x150233530_425 .array/port v0x150233530, 425;
v0x150233530_426 .array/port v0x150233530, 426;
v0x150233530_427 .array/port v0x150233530, 427;
E_0x150233290/107 .event anyedge, v0x150233530_424, v0x150233530_425, v0x150233530_426, v0x150233530_427;
v0x150233530_428 .array/port v0x150233530, 428;
v0x150233530_429 .array/port v0x150233530, 429;
v0x150233530_430 .array/port v0x150233530, 430;
v0x150233530_431 .array/port v0x150233530, 431;
E_0x150233290/108 .event anyedge, v0x150233530_428, v0x150233530_429, v0x150233530_430, v0x150233530_431;
v0x150233530_432 .array/port v0x150233530, 432;
v0x150233530_433 .array/port v0x150233530, 433;
v0x150233530_434 .array/port v0x150233530, 434;
v0x150233530_435 .array/port v0x150233530, 435;
E_0x150233290/109 .event anyedge, v0x150233530_432, v0x150233530_433, v0x150233530_434, v0x150233530_435;
v0x150233530_436 .array/port v0x150233530, 436;
v0x150233530_437 .array/port v0x150233530, 437;
v0x150233530_438 .array/port v0x150233530, 438;
v0x150233530_439 .array/port v0x150233530, 439;
E_0x150233290/110 .event anyedge, v0x150233530_436, v0x150233530_437, v0x150233530_438, v0x150233530_439;
v0x150233530_440 .array/port v0x150233530, 440;
v0x150233530_441 .array/port v0x150233530, 441;
v0x150233530_442 .array/port v0x150233530, 442;
v0x150233530_443 .array/port v0x150233530, 443;
E_0x150233290/111 .event anyedge, v0x150233530_440, v0x150233530_441, v0x150233530_442, v0x150233530_443;
v0x150233530_444 .array/port v0x150233530, 444;
v0x150233530_445 .array/port v0x150233530, 445;
v0x150233530_446 .array/port v0x150233530, 446;
v0x150233530_447 .array/port v0x150233530, 447;
E_0x150233290/112 .event anyedge, v0x150233530_444, v0x150233530_445, v0x150233530_446, v0x150233530_447;
v0x150233530_448 .array/port v0x150233530, 448;
v0x150233530_449 .array/port v0x150233530, 449;
v0x150233530_450 .array/port v0x150233530, 450;
v0x150233530_451 .array/port v0x150233530, 451;
E_0x150233290/113 .event anyedge, v0x150233530_448, v0x150233530_449, v0x150233530_450, v0x150233530_451;
v0x150233530_452 .array/port v0x150233530, 452;
v0x150233530_453 .array/port v0x150233530, 453;
v0x150233530_454 .array/port v0x150233530, 454;
v0x150233530_455 .array/port v0x150233530, 455;
E_0x150233290/114 .event anyedge, v0x150233530_452, v0x150233530_453, v0x150233530_454, v0x150233530_455;
v0x150233530_456 .array/port v0x150233530, 456;
v0x150233530_457 .array/port v0x150233530, 457;
v0x150233530_458 .array/port v0x150233530, 458;
v0x150233530_459 .array/port v0x150233530, 459;
E_0x150233290/115 .event anyedge, v0x150233530_456, v0x150233530_457, v0x150233530_458, v0x150233530_459;
v0x150233530_460 .array/port v0x150233530, 460;
v0x150233530_461 .array/port v0x150233530, 461;
v0x150233530_462 .array/port v0x150233530, 462;
v0x150233530_463 .array/port v0x150233530, 463;
E_0x150233290/116 .event anyedge, v0x150233530_460, v0x150233530_461, v0x150233530_462, v0x150233530_463;
v0x150233530_464 .array/port v0x150233530, 464;
v0x150233530_465 .array/port v0x150233530, 465;
v0x150233530_466 .array/port v0x150233530, 466;
v0x150233530_467 .array/port v0x150233530, 467;
E_0x150233290/117 .event anyedge, v0x150233530_464, v0x150233530_465, v0x150233530_466, v0x150233530_467;
v0x150233530_468 .array/port v0x150233530, 468;
v0x150233530_469 .array/port v0x150233530, 469;
v0x150233530_470 .array/port v0x150233530, 470;
v0x150233530_471 .array/port v0x150233530, 471;
E_0x150233290/118 .event anyedge, v0x150233530_468, v0x150233530_469, v0x150233530_470, v0x150233530_471;
v0x150233530_472 .array/port v0x150233530, 472;
v0x150233530_473 .array/port v0x150233530, 473;
v0x150233530_474 .array/port v0x150233530, 474;
v0x150233530_475 .array/port v0x150233530, 475;
E_0x150233290/119 .event anyedge, v0x150233530_472, v0x150233530_473, v0x150233530_474, v0x150233530_475;
v0x150233530_476 .array/port v0x150233530, 476;
v0x150233530_477 .array/port v0x150233530, 477;
v0x150233530_478 .array/port v0x150233530, 478;
v0x150233530_479 .array/port v0x150233530, 479;
E_0x150233290/120 .event anyedge, v0x150233530_476, v0x150233530_477, v0x150233530_478, v0x150233530_479;
v0x150233530_480 .array/port v0x150233530, 480;
v0x150233530_481 .array/port v0x150233530, 481;
v0x150233530_482 .array/port v0x150233530, 482;
v0x150233530_483 .array/port v0x150233530, 483;
E_0x150233290/121 .event anyedge, v0x150233530_480, v0x150233530_481, v0x150233530_482, v0x150233530_483;
v0x150233530_484 .array/port v0x150233530, 484;
v0x150233530_485 .array/port v0x150233530, 485;
v0x150233530_486 .array/port v0x150233530, 486;
v0x150233530_487 .array/port v0x150233530, 487;
E_0x150233290/122 .event anyedge, v0x150233530_484, v0x150233530_485, v0x150233530_486, v0x150233530_487;
v0x150233530_488 .array/port v0x150233530, 488;
v0x150233530_489 .array/port v0x150233530, 489;
v0x150233530_490 .array/port v0x150233530, 490;
v0x150233530_491 .array/port v0x150233530, 491;
E_0x150233290/123 .event anyedge, v0x150233530_488, v0x150233530_489, v0x150233530_490, v0x150233530_491;
v0x150233530_492 .array/port v0x150233530, 492;
v0x150233530_493 .array/port v0x150233530, 493;
v0x150233530_494 .array/port v0x150233530, 494;
v0x150233530_495 .array/port v0x150233530, 495;
E_0x150233290/124 .event anyedge, v0x150233530_492, v0x150233530_493, v0x150233530_494, v0x150233530_495;
v0x150233530_496 .array/port v0x150233530, 496;
v0x150233530_497 .array/port v0x150233530, 497;
v0x150233530_498 .array/port v0x150233530, 498;
v0x150233530_499 .array/port v0x150233530, 499;
E_0x150233290/125 .event anyedge, v0x150233530_496, v0x150233530_497, v0x150233530_498, v0x150233530_499;
v0x150233530_500 .array/port v0x150233530, 500;
v0x150233530_501 .array/port v0x150233530, 501;
v0x150233530_502 .array/port v0x150233530, 502;
v0x150233530_503 .array/port v0x150233530, 503;
E_0x150233290/126 .event anyedge, v0x150233530_500, v0x150233530_501, v0x150233530_502, v0x150233530_503;
v0x150233530_504 .array/port v0x150233530, 504;
v0x150233530_505 .array/port v0x150233530, 505;
v0x150233530_506 .array/port v0x150233530, 506;
v0x150233530_507 .array/port v0x150233530, 507;
E_0x150233290/127 .event anyedge, v0x150233530_504, v0x150233530_505, v0x150233530_506, v0x150233530_507;
v0x150233530_508 .array/port v0x150233530, 508;
v0x150233530_509 .array/port v0x150233530, 509;
v0x150233530_510 .array/port v0x150233530, 510;
v0x150233530_511 .array/port v0x150233530, 511;
E_0x150233290/128 .event anyedge, v0x150233530_508, v0x150233530_509, v0x150233530_510, v0x150233530_511;
E_0x150233290 .event/or E_0x150233290/0, E_0x150233290/1, E_0x150233290/2, E_0x150233290/3, E_0x150233290/4, E_0x150233290/5, E_0x150233290/6, E_0x150233290/7, E_0x150233290/8, E_0x150233290/9, E_0x150233290/10, E_0x150233290/11, E_0x150233290/12, E_0x150233290/13, E_0x150233290/14, E_0x150233290/15, E_0x150233290/16, E_0x150233290/17, E_0x150233290/18, E_0x150233290/19, E_0x150233290/20, E_0x150233290/21, E_0x150233290/22, E_0x150233290/23, E_0x150233290/24, E_0x150233290/25, E_0x150233290/26, E_0x150233290/27, E_0x150233290/28, E_0x150233290/29, E_0x150233290/30, E_0x150233290/31, E_0x150233290/32, E_0x150233290/33, E_0x150233290/34, E_0x150233290/35, E_0x150233290/36, E_0x150233290/37, E_0x150233290/38, E_0x150233290/39, E_0x150233290/40, E_0x150233290/41, E_0x150233290/42, E_0x150233290/43, E_0x150233290/44, E_0x150233290/45, E_0x150233290/46, E_0x150233290/47, E_0x150233290/48, E_0x150233290/49, E_0x150233290/50, E_0x150233290/51, E_0x150233290/52, E_0x150233290/53, E_0x150233290/54, E_0x150233290/55, E_0x150233290/56, E_0x150233290/57, E_0x150233290/58, E_0x150233290/59, E_0x150233290/60, E_0x150233290/61, E_0x150233290/62, E_0x150233290/63, E_0x150233290/64, E_0x150233290/65, E_0x150233290/66, E_0x150233290/67, E_0x150233290/68, E_0x150233290/69, E_0x150233290/70, E_0x150233290/71, E_0x150233290/72, E_0x150233290/73, E_0x150233290/74, E_0x150233290/75, E_0x150233290/76, E_0x150233290/77, E_0x150233290/78, E_0x150233290/79, E_0x150233290/80, E_0x150233290/81, E_0x150233290/82, E_0x150233290/83, E_0x150233290/84, E_0x150233290/85, E_0x150233290/86, E_0x150233290/87, E_0x150233290/88, E_0x150233290/89, E_0x150233290/90, E_0x150233290/91, E_0x150233290/92, E_0x150233290/93, E_0x150233290/94, E_0x150233290/95, E_0x150233290/96, E_0x150233290/97, E_0x150233290/98, E_0x150233290/99, E_0x150233290/100, E_0x150233290/101, E_0x150233290/102, E_0x150233290/103, E_0x150233290/104, E_0x150233290/105, E_0x150233290/106, E_0x150233290/107, E_0x150233290/108, E_0x150233290/109, E_0x150233290/110, E_0x150233290/111, E_0x150233290/112, E_0x150233290/113, E_0x150233290/114, E_0x150233290/115, E_0x150233290/116, E_0x150233290/117, E_0x150233290/118, E_0x150233290/119, E_0x150233290/120, E_0x150233290/121, E_0x150233290/122, E_0x150233290/123, E_0x150233290/124, E_0x150233290/125, E_0x150233290/126, E_0x150233290/127, E_0x150233290/128;
S_0x1502357c0 .scope module, "reg0" "R0" 3 40, 25 1 0, S_0x146efe760;
 .timescale -9 -11;
    .port_info 0 /INPUT 1 "clear";
    .port_info 1 /INPUT 1 "clock";
    .port_info 2 /INPUT 1 "enable";
    .port_info 3 /INPUT 1 "BAout";
    .port_info 4 /INPUT 32 "data_in";
    .port_info 5 /OUTPUT 32 "data_out";
P_0x150235980 .param/l "DATA_WIDTH" 0 25 1, +C4<00000000000000000000000000100000>;
P_0x1502359c0 .param/l "INIT" 0 25 1, C4<00000000000000000000000000000000>;
v0x150235bc0_0 .net "BAout", 0 0, v0x150243120_0;  alias, 1 drivers
L_0x138008010 .functor BUFT 1, C4<00000000000000000000000000000000>, C4<0>, C4<0>, C4<0>;
v0x150235c60_0 .net/2u *"_ivl_0", 31 0, L_0x138008010;  1 drivers
v0x150235d00_0 .net "clear", 0 0, v0x1502431c0_0;  alias, 1 drivers
v0x150235d90_0 .net "clock", 0 0, v0x150243260_0;  alias, 1 drivers
v0x150235e20_0 .net "data_in", 31 0, v0x15022ed90_0;  alias, 1 drivers
v0x150235eb0_0 .net "data_out", 31 0, L_0x150244d40;  alias, 1 drivers
v0x150235f40_0 .net "enable", 0 0, L_0x150244e60;  1 drivers
v0x150235fd0_0 .var "q", 31 0;
L_0x150244d40 .functor MUXZ 32, L_0x138008010, v0x150235fd0_0, v0x150243120_0, C4<>;
S_0x150236110 .scope module, "reg1" "register" 3 49, 20 1 0, S_0x146efe760;
 .timescale -9 -11;
    .port_info 0 /INPUT 1 "clear";
    .port_info 1 /INPUT 1 "clock";
    .port_info 2 /INPUT 1 "enable";
    .port_info 3 /INPUT 32 "data_in";
    .port_info 4 /OUTPUT 32 "data_out";
P_0x1502362d0 .param/l "DATA_WIDTH" 0 20 1, +C4<00000000000000000000000000100000>;
P_0x150236310 .param/l "INIT" 0 20 1, C4<00000000000000000000000000000000>;
L_0x150244f40 .functor BUFZ 32, v0x150236980_0, C4<00000000000000000000000000000000>, C4<00000000000000000000000000000000>, C4<00000000000000000000000000000000>;
v0x1502364a0_0 .net "clear", 0 0, v0x1502431c0_0;  alias, 1 drivers
v0x150236630_0 .net "clock", 0 0, v0x150243260_0;  alias, 1 drivers
v0x1502367d0_0 .net "data_in", 31 0, v0x15022ed90_0;  alias, 1 drivers
v0x150236860_0 .net "data_out", 31 0, L_0x150244f40;  alias, 1 drivers
v0x1502368f0_0 .net "enable", 0 0, L_0x150244fb0;  1 drivers
v0x150236980_0 .var "q", 31 0;
S_0x150236a30 .scope module, "reg10" "register" 3 121, 20 1 0, S_0x146efe760;
 .timescale -9 -11;
    .port_info 0 /INPUT 1 "clear";
    .port_info 1 /INPUT 1 "clock";
    .port_info 2 /INPUT 1 "enable";
    .port_info 3 /INPUT 32 "data_in";
    .port_info 4 /OUTPUT 32 "data_out";
P_0x150236bf0 .param/l "DATA_WIDTH" 0 20 1, +C4<00000000000000000000000000100000>;
P_0x150236c30 .param/l "INIT" 0 20 1, C4<00000000000000000000000000000000>;
L_0x150245a30 .functor BUFZ 32, v0x150237100_0, C4<00000000000000000000000000000000>, C4<00000000000000000000000000000000>, C4<00000000000000000000000000000000>;
v0x150236da0_0 .net "clear", 0 0, v0x1502431c0_0;  alias, 1 drivers
v0x150236e30_0 .net "clock", 0 0, v0x150243260_0;  alias, 1 drivers
v0x150236ed0_0 .net "data_in", 31 0, v0x15022ed90_0;  alias, 1 drivers
v0x150236f80_0 .net "data_out", 31 0, L_0x150245a30;  alias, 1 drivers
v0x150237030_0 .net "enable", 0 0, L_0x150245aa0;  1 drivers
v0x150237100_0 .var "q", 31 0;
S_0x150237230 .scope module, "reg11" "register" 3 129, 20 1 0, S_0x146efe760;
 .timescale -9 -11;
    .port_info 0 /INPUT 1 "clear";
    .port_info 1 /INPUT 1 "clock";
    .port_info 2 /INPUT 1 "enable";
    .port_info 3 /INPUT 32 "data_in";
    .port_info 4 /OUTPUT 32 "data_out";
P_0x1502373f0 .param/l "DATA_WIDTH" 0 20 1, +C4<00000000000000000000000000100000>;
P_0x150237430 .param/l "INIT" 0 20 1, C4<00000000000000000000000000000000>;
L_0x150245ba0 .functor BUFZ 32, v0x150237900_0, C4<00000000000000000000000000000000>, C4<00000000000000000000000000000000>, C4<00000000000000000000000000000000>;
v0x1502375a0_0 .net "clear", 0 0, v0x1502431c0_0;  alias, 1 drivers
v0x150237630_0 .net "clock", 0 0, v0x150243260_0;  alias, 1 drivers
v0x1502376d0_0 .net "data_in", 31 0, v0x15022ed90_0;  alias, 1 drivers
v0x150237780_0 .net "data_out", 31 0, L_0x150245ba0;  alias, 1 drivers
v0x150237830_0 .net "enable", 0 0, L_0x150245c30;  1 drivers
v0x150237900_0 .var "q", 31 0;
S_0x150237a30 .scope module, "reg12" "register" 3 137, 20 1 0, S_0x146efe760;
 .timescale -9 -11;
    .port_info 0 /INPUT 1 "clear";
    .port_info 1 /INPUT 1 "clock";
    .port_info 2 /INPUT 1 "enable";
    .port_info 3 /INPUT 32 "data_in";
    .port_info 4 /OUTPUT 32 "data_out";
P_0x150237bf0 .param/l "DATA_WIDTH" 0 20 1, +C4<00000000000000000000000000100000>;
P_0x150237c30 .param/l "INIT" 0 20 1, C4<00000000000000000000000000000000>;
L_0x150245cd0 .functor BUFZ 32, v0x150238100_0, C4<00000000000000000000000000000000>, C4<00000000000000000000000000000000>, C4<00000000000000000000000000000000>;
v0x150237da0_0 .net "clear", 0 0, v0x1502431c0_0;  alias, 1 drivers
v0x150237e30_0 .net "clock", 0 0, v0x150243260_0;  alias, 1 drivers
v0x150237ed0_0 .net "data_in", 31 0, v0x15022ed90_0;  alias, 1 drivers
v0x150237f80_0 .net "data_out", 31 0, L_0x150245cd0;  alias, 1 drivers
v0x150238030_0 .net "enable", 0 0, L_0x150245d40;  1 drivers
v0x150238100_0 .var "q", 31 0;
S_0x150238230 .scope module, "reg13" "register" 3 145, 20 1 0, S_0x146efe760;
 .timescale -9 -11;
    .port_info 0 /INPUT 1 "clear";
    .port_info 1 /INPUT 1 "clock";
    .port_info 2 /INPUT 1 "enable";
    .port_info 3 /INPUT 32 "data_in";
    .port_info 4 /OUTPUT 32 "data_out";
P_0x1502383f0 .param/l "DATA_WIDTH" 0 20 1, +C4<00000000000000000000000000100000>;
P_0x150238430 .param/l "INIT" 0 20 1, C4<00000000000000000000000000000000>;
L_0x150245e70 .functor BUFZ 32, v0x150238900_0, C4<00000000000000000000000000000000>, C4<00000000000000000000000000000000>, C4<00000000000000000000000000000000>;
v0x1502385a0_0 .net "clear", 0 0, v0x1502431c0_0;  alias, 1 drivers
v0x150238630_0 .net "clock", 0 0, v0x150243260_0;  alias, 1 drivers
v0x1502386d0_0 .net "data_in", 31 0, v0x15022ed90_0;  alias, 1 drivers
v0x150238780_0 .net "data_out", 31 0, L_0x150245e70;  alias, 1 drivers
v0x150238830_0 .net "enable", 0 0, L_0x150245f00;  1 drivers
v0x150238900_0 .var "q", 31 0;
S_0x150238a30 .scope module, "reg14" "register" 3 153, 20 1 0, S_0x146efe760;
 .timescale -9 -11;
    .port_info 0 /INPUT 1 "clear";
    .port_info 1 /INPUT 1 "clock";
    .port_info 2 /INPUT 1 "enable";
    .port_info 3 /INPUT 32 "data_in";
    .port_info 4 /OUTPUT 32 "data_out";
P_0x150232710 .param/l "DATA_WIDTH" 0 20 1, +C4<00000000000000000000000000100000>;
P_0x150232750 .param/l "INIT" 0 20 1, C4<00000000000000000000000000000000>;
L_0x150245fa0 .functor BUFZ 32, v0x150239180_0, C4<00000000000000000000000000000000>, C4<00000000000000000000000000000000>, C4<00000000000000000000000000000000>;
v0x150238e20_0 .net "clear", 0 0, v0x1502431c0_0;  alias, 1 drivers
v0x150238eb0_0 .net "clock", 0 0, v0x150243260_0;  alias, 1 drivers
v0x150238f50_0 .net "data_in", 31 0, v0x15022ed90_0;  alias, 1 drivers
v0x150239000_0 .net "data_out", 31 0, L_0x150245fa0;  alias, 1 drivers
v0x1502390b0_0 .net "enable", 0 0, L_0x150246010;  1 drivers
v0x150239180_0 .var "q", 31 0;
S_0x1502392b0 .scope module, "reg15" "register" 3 161, 20 1 0, S_0x146efe760;
 .timescale -9 -11;
    .port_info 0 /INPUT 1 "clear";
    .port_info 1 /INPUT 1 "clock";
    .port_info 2 /INPUT 1 "enable";
    .port_info 3 /INPUT 32 "data_in";
    .port_info 4 /OUTPUT 32 "data_out";
P_0x150239470 .param/l "DATA_WIDTH" 0 20 1, +C4<00000000000000000000000000100000>;
P_0x1502394b0 .param/l "INIT" 0 20 1, C4<00000000000000000000000000000000>;
L_0x150245e00 .functor BUFZ 32, v0x150239980_0, C4<00000000000000000000000000000000>, C4<00000000000000000000000000000000>, C4<00000000000000000000000000000000>;
v0x150239620_0 .net "clear", 0 0, v0x1502431c0_0;  alias, 1 drivers
v0x1502396b0_0 .net "clock", 0 0, v0x150243260_0;  alias, 1 drivers
v0x150239750_0 .net "data_in", 31 0, v0x15022ed90_0;  alias, 1 drivers
v0x150239800_0 .net "data_out", 31 0, L_0x150245e00;  alias, 1 drivers
v0x1502398b0_0 .net "enable", 0 0, L_0x1502462b0;  1 drivers
v0x150239980_0 .var "q", 31 0;
S_0x150239ab0 .scope module, "reg2" "register" 3 57, 20 1 0, S_0x146efe760;
 .timescale -9 -11;
    .port_info 0 /INPUT 1 "clear";
    .port_info 1 /INPUT 1 "clock";
    .port_info 2 /INPUT 1 "enable";
    .port_info 3 /INPUT 32 "data_in";
    .port_info 4 /OUTPUT 32 "data_out";
P_0x150239c70 .param/l "DATA_WIDTH" 0 20 1, +C4<00000000000000000000000000100000>;
P_0x150239cb0 .param/l "INIT" 0 20 1, C4<00000000000000000000000000000000>;
L_0x150245050 .functor BUFZ 32, v0x15023a180_0, C4<00000000000000000000000000000000>, C4<00000000000000000000000000000000>, C4<00000000000000000000000000000000>;
v0x150239e20_0 .net "clear", 0 0, v0x1502431c0_0;  alias, 1 drivers
v0x150239eb0_0 .net "clock", 0 0, v0x150243260_0;  alias, 1 drivers
v0x150239f50_0 .net "data_in", 31 0, v0x15022ed90_0;  alias, 1 drivers
v0x15023a000_0 .net "data_out", 31 0, L_0x150245050;  alias, 1 drivers
v0x15023a0b0_0 .net "enable", 0 0, L_0x1502450c0;  1 drivers
v0x15023a180_0 .var "q", 31 0;
S_0x15023a2b0 .scope module, "reg3" "register" 3 65, 20 1 0, S_0x146efe760;
 .timescale -9 -11;
    .port_info 0 /INPUT 1 "clear";
    .port_info 1 /INPUT 1 "clock";
    .port_info 2 /INPUT 1 "enable";
    .port_info 3 /INPUT 32 "data_in";
    .port_info 4 /OUTPUT 32 "data_out";
P_0x15023a470 .param/l "DATA_WIDTH" 0 20 1, +C4<00000000000000000000000000100000>;
P_0x15023a4b0 .param/l "INIT" 0 20 1, C4<00000000000000000000000000000000>;
L_0x1502451e0 .functor BUFZ 32, v0x15023abd0_0, C4<00000000000000000000000000000000>, C4<00000000000000000000000000000000>, C4<00000000000000000000000000000000>;
v0x15023a620_0 .net "clear", 0 0, v0x1502431c0_0;  alias, 1 drivers
v0x150236530_0 .net "clock", 0 0, v0x150243260_0;  alias, 1 drivers
v0x1502366d0_0 .net "data_in", 31 0, v0x15022ed90_0;  alias, 1 drivers
v0x15023aab0_0 .net "data_out", 31 0, L_0x1502451e0;  alias, 1 drivers
v0x15023ab40_0 .net "enable", 0 0, L_0x150245250;  1 drivers
v0x15023abd0_0 .var "q", 31 0;
S_0x15023acb0 .scope module, "reg4" "register" 3 73, 20 1 0, S_0x146efe760;
 .timescale -9 -11;
    .port_info 0 /INPUT 1 "clear";
    .port_info 1 /INPUT 1 "clock";
    .port_info 2 /INPUT 1 "enable";
    .port_info 3 /INPUT 32 "data_in";
    .port_info 4 /OUTPUT 32 "data_out";
P_0x15023ae70 .param/l "DATA_WIDTH" 0 20 1, +C4<00000000000000000000000000100000>;
P_0x15023aeb0 .param/l "INIT" 0 20 1, C4<00000000000000000000000000000000>;
L_0x1502452f0 .functor BUFZ 32, v0x15023b200_0, C4<00000000000000000000000000000000>, C4<00000000000000000000000000000000>, C4<00000000000000000000000000000000>;
v0x15023b020_0 .net "clear", 0 0, v0x1502431c0_0;  alias, 1 drivers
v0x15023b0b0_0 .net "clock", 0 0, v0x150243260_0;  alias, 1 drivers
v0x15023b150_0 .net "data_in", 31 0, v0x15022ed90_0;  alias, 1 drivers
v0x15022f6f0_0 .net "data_out", 31 0, L_0x1502452f0;  alias, 1 drivers
v0x15022f7a0_0 .net "enable", 0 0, L_0x150245360;  1 drivers
v0x15023b200_0 .var "q", 31 0;
S_0x15023b2b0 .scope module, "reg5" "register" 3 81, 20 1 0, S_0x146efe760;
 .timescale -9 -11;
    .port_info 0 /INPUT 1 "clear";
    .port_info 1 /INPUT 1 "clock";
    .port_info 2 /INPUT 1 "enable";
    .port_info 3 /INPUT 32 "data_in";
    .port_info 4 /OUTPUT 32 "data_out";
P_0x15023b470 .param/l "DATA_WIDTH" 0 20 1, +C4<00000000000000000000000000100000>;
P_0x15023b4b0 .param/l "INIT" 0 20 1, C4<00000000000000000000000000000000>;
L_0x150245400 .functor BUFZ 32, v0x15023b980_0, C4<00000000000000000000000000000000>, C4<00000000000000000000000000000000>, C4<00000000000000000000000000000000>;
v0x15023b620_0 .net "clear", 0 0, v0x1502431c0_0;  alias, 1 drivers
v0x15023b6b0_0 .net "clock", 0 0, v0x150243260_0;  alias, 1 drivers
v0x15023b750_0 .net "data_in", 31 0, v0x15022ed90_0;  alias, 1 drivers
v0x15023b800_0 .net "data_out", 31 0, L_0x150245400;  alias, 1 drivers
v0x15023b8b0_0 .net "enable", 0 0, L_0x150245470;  1 drivers
v0x15023b980_0 .var "q", 31 0;
S_0x15023bab0 .scope module, "reg6" "register" 3 89, 20 1 0, S_0x146efe760;
 .timescale -9 -11;
    .port_info 0 /INPUT 1 "clear";
    .port_info 1 /INPUT 1 "clock";
    .port_info 2 /INPUT 1 "enable";
    .port_info 3 /INPUT 32 "data_in";
    .port_info 4 /OUTPUT 32 "data_out";
P_0x15023bc70 .param/l "DATA_WIDTH" 0 20 1, +C4<00000000000000000000000000100000>;
P_0x15023bcb0 .param/l "INIT" 0 20 1, C4<00000000000000000000000000000000>;
L_0x150245510 .functor BUFZ 32, v0x15023c180_0, C4<00000000000000000000000000000000>, C4<00000000000000000000000000000000>, C4<00000000000000000000000000000000>;
v0x15023be20_0 .net "clear", 0 0, v0x1502431c0_0;  alias, 1 drivers
v0x15023beb0_0 .net "clock", 0 0, v0x150243260_0;  alias, 1 drivers
v0x15023bf50_0 .net "data_in", 31 0, v0x15022ed90_0;  alias, 1 drivers
v0x15023c000_0 .net "data_out", 31 0, L_0x150245510;  alias, 1 drivers
v0x15023c0b0_0 .net "enable", 0 0, L_0x150245580;  1 drivers
v0x15023c180_0 .var "q", 31 0;
S_0x15023c2b0 .scope module, "reg7" "register" 3 97, 20 1 0, S_0x146efe760;
 .timescale -9 -11;
    .port_info 0 /INPUT 1 "clear";
    .port_info 1 /INPUT 1 "clock";
    .port_info 2 /INPUT 1 "enable";
    .port_info 3 /INPUT 32 "data_in";
    .port_info 4 /OUTPUT 32 "data_out";
P_0x15023c470 .param/l "DATA_WIDTH" 0 20 1, +C4<00000000000000000000000000100000>;
P_0x15023c4b0 .param/l "INIT" 0 20 1, C4<00000000000000000000000000000000>;
L_0x150245720 .functor BUFZ 32, v0x15023c980_0, C4<00000000000000000000000000000000>, C4<00000000000000000000000000000000>, C4<00000000000000000000000000000000>;
v0x15023c620_0 .net "clear", 0 0, v0x1502431c0_0;  alias, 1 drivers
v0x15023c6b0_0 .net "clock", 0 0, v0x150243260_0;  alias, 1 drivers
v0x15023c750_0 .net "data_in", 31 0, v0x15022ed90_0;  alias, 1 drivers
v0x15023c800_0 .net "data_out", 31 0, L_0x150245720;  alias, 1 drivers
v0x15023c8b0_0 .net "enable", 0 0, L_0x150245790;  1 drivers
v0x15023c980_0 .var "q", 31 0;
S_0x15023cab0 .scope module, "reg8" "register" 3 105, 20 1 0, S_0x146efe760;
 .timescale -9 -11;
    .port_info 0 /INPUT 1 "clear";
    .port_info 1 /INPUT 1 "clock";
    .port_info 2 /INPUT 1 "enable";
    .port_info 3 /INPUT 32 "data_in";
    .port_info 4 /OUTPUT 32 "data_out";
P_0x15023cc70 .param/l "DATA_WIDTH" 0 20 1, +C4<00000000000000000000000000100000>;
P_0x15023ccb0 .param/l "INIT" 0 20 1, C4<00000000000000000000000000000000>;
L_0x150245160 .functor BUFZ 32, v0x15023d180_0, C4<00000000000000000000000000000000>, C4<00000000000000000000000000000000>, C4<00000000000000000000000000000000>;
v0x15023ce20_0 .net "clear", 0 0, v0x1502431c0_0;  alias, 1 drivers
v0x15023ceb0_0 .net "clock", 0 0, v0x150243260_0;  alias, 1 drivers
v0x15023cf50_0 .net "data_in", 31 0, v0x15022ed90_0;  alias, 1 drivers
v0x15023d000_0 .net "data_out", 31 0, L_0x150245160;  alias, 1 drivers
v0x15023d0b0_0 .net "enable", 0 0, L_0x150245830;  1 drivers
v0x15023d180_0 .var "q", 31 0;
S_0x15023d2b0 .scope module, "reg9" "register" 3 113, 20 1 0, S_0x146efe760;
 .timescale -9 -11;
    .port_info 0 /INPUT 1 "clear";
    .port_info 1 /INPUT 1 "clock";
    .port_info 2 /INPUT 1 "enable";
    .port_info 3 /INPUT 32 "data_in";
    .port_info 4 /OUTPUT 32 "data_out";
P_0x15023d470 .param/l "DATA_WIDTH" 0 20 1, +C4<00000000000000000000000000100000>;
P_0x15023d4b0 .param/l "INIT" 0 20 1, C4<00000000000000000000000000000000>;
L_0x150245920 .functor BUFZ 32, v0x15023d980_0, C4<00000000000000000000000000000000>, C4<00000000000000000000000000000000>, C4<00000000000000000000000000000000>;
v0x15023d620_0 .net "clear", 0 0, v0x1502431c0_0;  alias, 1 drivers
v0x15023d6b0_0 .net "clock", 0 0, v0x150243260_0;  alias, 1 drivers
v0x15023d750_0 .net "data_in", 31 0, v0x15022ed90_0;  alias, 1 drivers
v0x15023d800_0 .net "data_out", 31 0, L_0x150245920;  alias, 1 drivers
v0x15023d8b0_0 .net "enable", 0 0, L_0x150245990;  1 drivers
v0x15023d980_0 .var "q", 31 0;
S_0x15023dab0 .scope module, "select_encode" "Select_Encode" 3 26, 26 1 0, S_0x146efe760;
 .timescale -9 -11;
    .port_info 0 /INPUT 32 "IR";
    .port_info 1 /INPUT 1 "Gra";
    .port_info 2 /INPUT 1 "Grb";
    .port_info 3 /INPUT 1 "Grc";
    .port_info 4 /INPUT 1 "Rin";
    .port_info 5 /INPUT 1 "Rout";
    .port_info 6 /INPUT 1 "BAout";
    .port_info 7 /INPUT 1 "Cout";
    .port_info 8 /OUTPUT 16 "Rin_out";
    .port_info 9 /OUTPUT 16 "Rout_out";
    .port_info 10 /OUTPUT 32 "C_sign_extended";
P_0x15023dc70 .param/l "DATA_WIDTH" 0 26 1, +C4<00000000000000000000000000100000>;
v0x15023df70_0 .net "BAout", 0 0, v0x150243120_0;  alias, 1 drivers
v0x15023e020_0 .var "C_sign_extended", 31 0;
v0x15023e0b0_0 .net "Cout", 0 0, v0x150243310_0;  alias, 1 drivers
v0x15023e140_0 .net "Gra", 0 0, v0x1502433a0_0;  alias, 1 drivers
v0x15023e1d0_0 .net "Grb", 0 0, v0x1502434b0_0;  alias, 1 drivers
v0x15023e2a0_0 .net "Grc", 0 0, v0x150243580_0;  alias, 1 drivers
v0x15023e330_0 .net "IR", 31 0, L_0x1502463f0;  alias, 1 drivers
v0x15023e3c0_0 .net "Rin", 0 0, v0x150244530_0;  alias, 1 drivers
v0x15023e450_0 .var "Rin_out", 15 0;
v0x15023e560_0 .net "Rout", 0 0, v0x150244600_0;  alias, 1 drivers
v0x15023e600_0 .var "Rout_out", 15 0;
v0x15023e6b0_0 .var "reg_to_enable", 3 0;
E_0x15023dee0/0 .event anyedge, v0x1502308b0_0, v0x15023e140_0, v0x15023e1d0_0, v0x15022cc30_0;
E_0x15023dee0/1 .event anyedge, v0x15023e3c0_0, v0x15023e6b0_0, v0x150235bc0_0, v0x15023e560_0;
E_0x15023dee0/2 .event anyedge, v0x15023e2a0_0;
E_0x15023dee0 .event/or E_0x15023dee0/0, E_0x15023dee0/1, E_0x15023dee0/2;
S_0x15023e870 .scope module, "y_register" "register" 3 231, 20 1 0, S_0x146efe760;
 .timescale -9 -11;
    .port_info 0 /INPUT 1 "clear";
    .port_info 1 /INPUT 1 "clock";
    .port_info 2 /INPUT 1 "enable";
    .port_info 3 /INPUT 32 "data_in";
    .port_info 4 /OUTPUT 32 "data_out";
P_0x15023ea30 .param/l "DATA_WIDTH" 0 20 1, +C4<00000000000000000000000000100000>;
P_0x15023ea70 .param/l "INIT" 0 20 1, C4<00000000000000000000000000000000>;
v0x15023eb80_0 .net "clear", 0 0, v0x1502431c0_0;  alias, 1 drivers
v0x15023ec20_0 .net "clock", 0 0, v0x150243260_0;  alias, 1 drivers
v0x15023ecc0_0 .net "data_in", 31 0, v0x15022ed90_0;  alias, 1 drivers
v0x15023ed70_0 .net "data_out", 31 0, v0x15023efd0_0;  alias, 1 drivers
v0x15023ef00_0 .net "enable", 0 0, v0x150244760_0;  alias, 1 drivers
v0x15023efd0_0 .var "q", 31 0;
S_0x15023f0f0 .scope module, "z_high_register" "register" 3 196, 20 1 0, S_0x146efe760;
 .timescale -9 -11;
    .port_info 0 /INPUT 1 "clear";
    .port_info 1 /INPUT 1 "clock";
    .port_info 2 /INPUT 1 "enable";
    .port_info 3 /INPUT 32 "data_in";
    .port_info 4 /OUTPUT 32 "data_out";
P_0x15023f2b0 .param/l "DATA_WIDTH" 0 20 1, +C4<00000000000000000000000000100000>;
P_0x15023f2f0 .param/l "INIT" 0 20 1, C4<00000000000000000000000000000000>;
L_0x150246680 .functor BUFZ 32, v0x15023f7f0_0, C4<00000000000000000000000000000000>, C4<00000000000000000000000000000000>, C4<00000000000000000000000000000000>;
v0x15023f480_0 .net "clear", 0 0, v0x1502431c0_0;  alias, 1 drivers
v0x15023f510_0 .net "clock", 0 0, v0x150243260_0;  alias, 1 drivers
v0x15023f5b0_0 .net "data_in", 31 0, L_0x1502466f0;  1 drivers
v0x15023f660_0 .net "data_out", 31 0, L_0x150246680;  alias, 1 drivers
v0x15023f720_0 .net "enable", 0 0, v0x1502448c0_0;  alias, 1 drivers
v0x15023f7f0_0 .var "q", 31 0;
S_0x15023f920 .scope module, "z_low_register" "register" 3 188, 20 1 0, S_0x146efe760;
 .timescale -9 -11;
    .port_info 0 /INPUT 1 "clear";
    .port_info 1 /INPUT 1 "clock";
    .port_info 2 /INPUT 1 "enable";
    .port_info 3 /INPUT 32 "data_in";
    .port_info 4 /OUTPUT 32 "data_out";
P_0x15023fae0 .param/l "DATA_WIDTH" 0 20 1, +C4<00000000000000000000000000100000>;
P_0x15023fb20 .param/l "INIT" 0 20 1, C4<00000000000000000000000000000000>;
L_0x150246460 .functor BUFZ 32, v0x150240000_0, C4<00000000000000000000000000000000>, C4<00000000000000000000000000000000>, C4<00000000000000000000000000000000>;
v0x15023fc90_0 .net "clear", 0 0, v0x1502431c0_0;  alias, 1 drivers
v0x15023fd20_0 .net "clock", 0 0, v0x150243260_0;  alias, 1 drivers
v0x15023fdc0_0 .net "data_in", 31 0, L_0x1502464f0;  1 drivers
v0x15023fe70_0 .net "data_out", 31 0, L_0x150246460;  alias, 1 drivers
v0x15023ff30_0 .net "enable", 0 0, v0x1502448c0_0;  alias, 1 drivers
v0x150240000_0 .var "q", 31 0;
    .scope S_0x15023dab0;
T_0 ;
    %wait E_0x15023dee0;
    %pushi/vec4 0, 0, 16;
    %store/vec4 v0x15023e450_0, 0, 16;
    %pushi/vec4 0, 0, 16;
    %store/vec4 v0x15023e600_0, 0, 16;
    %pushi/vec4 0, 0, 4;
    %store/vec4 v0x15023e6b0_0, 0, 4;
    %pushi/vec4 0, 0, 32;
    %store/vec4 v0x15023e020_0, 0, 32;
    %load/vec4 v0x15023e330_0;
    %parti/s 5, 27, 6;
    %dup/vec4;
    %pushi/vec4 0, 0, 5;
    %cmp/u;
    %jmp/1 T_0.0, 6;
    %dup/vec4;
    %pushi/vec4 1, 0, 5;
    %cmp/u;
    %jmp/1 T_0.1, 6;
    %dup/vec4;
    %pushi/vec4 2, 0, 5;
    %cmp/u;
    %jmp/1 T_0.2, 6;
    %dup/vec4;
    %pushi/vec4 3, 0, 5;
    %cmp/u;
    %jmp/1 T_0.3, 6;
    %dup/vec4;
    %pushi/vec4 4, 0, 5;
    %cmp/u;
    %jmp/1 T_0.4, 6;
    %dup/vec4;
    %pushi/vec4 5, 0, 5;
    %cmp/u;
    %jmp/1 T_0.5, 6;
    %dup/vec4;
    %pushi/vec4 6, 0, 5;
    %cmp/u;
    %jmp/1 T_0.6, 6;
    %dup/vec4;
    %pushi/vec4 7, 0, 5;
    %cmp/u;
    %jmp/1 T_0.7, 6;
    %dup/vec4;
    %pushi/vec4 8, 0, 5;
    %cmp/u;
    %jmp/1 T_0.8, 6;
    %dup/vec4;
    %pushi/vec4 9, 0, 5;
    %cmp/u;
    %jmp/1 T_0.9, 6;
    %dup/vec4;
    %pushi/vec4 10, 0, 5;
    %cmp/u;
    %jmp/1 T_0.10, 6;
    %dup/vec4;
    %pushi/vec4 11, 0, 5;
    %cmp/u;
    %jmp/1 T_0.11, 6;
    %dup/vec4;
    %pushi/vec4 12, 0, 5;
    %cmp/u;
    %jmp/1 T_0.12, 6;
    %dup/vec4;
    %pushi/vec4 13, 0, 5;
    %cmp/u;
    %jmp/1 T_0.13, 6;
    %dup/vec4;
    %pushi/vec4 14, 0, 5;
    %cmp/u;
    %jmp/1 T_0.14, 6;
    %dup/vec4;
    %pushi/vec4 15, 0, 5;
    %cmp/u;
    %jmp/1 T_0.15, 6;
    %dup/vec4;
    %pushi/vec4 16, 0, 5;
    %cmp/u;
    %jmp/1 T_0.16, 6;
    %dup/vec4;
    %pushi/vec4 17, 0, 5;
    %cmp/u;
    %jmp/1 T_0.17, 6;
    %dup/vec4;
    %pushi/vec4 18, 0, 5;
    %cmp/u;
    %jmp/1 T_0.18, 6;
    %dup/vec4;
    %pushi/vec4 19, 0, 5;
    %cmp/u;
    %jmp/1 T_0.19, 6;
    %dup/vec4;
    %pushi/vec4 20, 0, 5;
    %cmp/u;
    %jmp/1 T_0.20, 6;
    %dup/vec4;
    %pushi/vec4 21, 0, 5;
    %cmp/u;
    %jmp/1 T_0.21, 6;
    %dup/vec4;
    %pushi/vec4 22, 0, 5;
    %cmp/u;
    %jmp/1 T_0.22, 6;
    %dup/vec4;
    %pushi/vec4 23, 0, 5;
    %cmp/u;
    %jmp/1 T_0.23, 6;
    %dup/vec4;
    %pushi/vec4 24, 0, 5;
    %cmp/u;
    %jmp/1 T_0.24, 6;
    %dup/vec4;
    %pushi/vec4 25, 0, 5;
    %cmp/u;
    %jmp/1 T_0.25, 6;
    %pushi/vec4 0, 0, 4;
    %store/vec4 v0x15023e6b0_0, 0, 4;
    %jmp T_0.27;
T_0.0 ;
    %load/vec4 v0x15023e140_0;
    %flag_set/vec4 8;
    %jmp/0xz  T_0.28, 8;
    %load/vec4 v0x15023e330_0;
    %parti/s 4, 23, 6;
    %store/vec4 v0x15023e6b0_0, 0, 4;
T_0.28 ;
    %load/vec4 v0x15023e1d0_0;
    %flag_set/vec4 8;
    %jmp/0xz  T_0.30, 8;
    %load/vec4 v0x15023e330_0;
    %parti/s 4, 19, 6;
    %store/vec4 v0x15023e6b0_0, 0, 4;
T_0.30 ;
    %load/vec4 v0x15023e0b0_0;
    %flag_set/vec4 8;
    %jmp/0xz  T_0.32, 8;
    %load/vec4 v0x15023e330_0;
    %parti/s 1, 18, 6;
    %replicate 13;
    %load/vec4 v0x15023e330_0;
    %parti/s 19, 0, 2;
    %concat/vec4; draw_concat_vec4
    %store/vec4 v0x15023e020_0, 0, 32;
T_0.32 ;
    %load/vec4 v0x15023e3c0_0;
    %flag_set/vec4 8;
    %jmp/0xz  T_0.34, 8;
    %pushi/vec4 1, 0, 16;
    %ix/getv 4, v0x15023e6b0_0;
    %shiftl 4;
    %store/vec4 v0x15023e450_0, 0, 16;
T_0.34 ;
    %load/vec4 v0x15023df70_0;
    %flag_set/vec4 8;
    %jmp/0xz  T_0.36, 8;
    %load/vec4 v0x15023e330_0;
    %parti/s 4, 19, 6;
    %cmpi/e 0, 0, 4;
    %jmp/0xz  T_0.38, 4;
    %pushi/vec4 1, 0, 16;
    %store/vec4 v0x15023e600_0, 0, 16;
    %jmp T_0.39;
T_0.38 ;
    %pushi/vec4 1, 0, 16;
    %load/vec4 v0x15023e330_0;
    %parti/s 4, 19, 6;
    %ix/vec4 4;
    %shiftl 4;
    %store/vec4 v0x15023e600_0, 0, 16;
T_0.39 ;
    %jmp T_0.37;
T_0.36 ;
    %load/vec4 v0x15023e560_0;
    %flag_set/vec4 8;
    %jmp/0xz  T_0.40, 8;
    %pushi/vec4 1, 0, 16;
    %ix/getv 4, v0x15023e6b0_0;
    %shiftl 4;
    %store/vec4 v0x15023e600_0, 0, 16;
T_0.40 ;
T_0.37 ;
    %jmp T_0.27;
T_0.1 ;
    %load/vec4 v0x15023e140_0;
    %flag_set/vec4 8;
    %jmp/0xz  T_0.42, 8;
    %load/vec4 v0x15023e330_0;
    %parti/s 4, 23, 6;
    %store/vec4 v0x15023e6b0_0, 0, 4;
T_0.42 ;
    %load/vec4 v0x15023e1d0_0;
    %flag_set/vec4 8;
    %jmp/0xz  T_0.44, 8;
    %load/vec4 v0x15023e330_0;
    %parti/s 4, 19, 6;
    %store/vec4 v0x15023e6b0_0, 0, 4;
T_0.44 ;
    %load/vec4 v0x15023e0b0_0;
    %flag_set/vec4 8;
    %jmp/0xz  T_0.46, 8;
    %load/vec4 v0x15023e330_0;
    %parti/s 1, 18, 6;
    %replicate 13;
    %load/vec4 v0x15023e330_0;
    %parti/s 19, 0, 2;
    %concat/vec4; draw_concat_vec4
    %store/vec4 v0x15023e020_0, 0, 32;
T_0.46 ;
    %load/vec4 v0x15023e3c0_0;
    %flag_set/vec4 8;
    %jmp/0xz  T_0.48, 8;
    %pushi/vec4 1, 0, 16;
    %ix/getv 4, v0x15023e6b0_0;
    %shiftl 4;
    %store/vec4 v0x15023e450_0, 0, 16;
T_0.48 ;
    %load/vec4 v0x15023df70_0;
    %flag_set/vec4 8;
    %jmp/0xz  T_0.50, 8;
    %load/vec4 v0x15023e330_0;
    %parti/s 4, 19, 6;
    %cmpi/e 0, 0, 4;
    %jmp/0xz  T_0.52, 4;
    %pushi/vec4 1, 0, 16;
    %store/vec4 v0x15023e600_0, 0, 16;
    %jmp T_0.53;
T_0.52 ;
    %pushi/vec4 1, 0, 16;
    %load/vec4 v0x15023e330_0;
    %parti/s 4, 19, 6;
    %ix/vec4 4;
    %shiftl 4;
    %store/vec4 v0x15023e600_0, 0, 16;
T_0.53 ;
    %jmp T_0.51;
T_0.50 ;
    %load/vec4 v0x15023e560_0;
    %flag_set/vec4 8;
    %jmp/0xz  T_0.54, 8;
    %pushi/vec4 1, 0, 16;
    %ix/getv 4, v0x15023e6b0_0;
    %shiftl 4;
    %store/vec4 v0x15023e600_0, 0, 16;
T_0.54 ;
T_0.51 ;
    %jmp T_0.27;
T_0.2 ;
    %load/vec4 v0x15023e140_0;
    %flag_set/vec4 8;
    %jmp/0xz  T_0.56, 8;
    %load/vec4 v0x15023e330_0;
    %parti/s 4, 23, 6;
    %store/vec4 v0x15023e6b0_0, 0, 4;
T_0.56 ;
    %load/vec4 v0x15023e1d0_0;
    %flag_set/vec4 8;
    %jmp/0xz  T_0.58, 8;
    %load/vec4 v0x15023e330_0;
    %parti/s 4, 19, 6;
    %store/vec4 v0x15023e6b0_0, 0, 4;
T_0.58 ;
    %load/vec4 v0x15023e0b0_0;
    %flag_set/vec4 8;
    %jmp/0xz  T_0.60, 8;
    %load/vec4 v0x15023e330_0;
    %parti/s 1, 18, 6;
    %replicate 13;
    %load/vec4 v0x15023e330_0;
    %parti/s 19, 0, 2;
    %concat/vec4; draw_concat_vec4
    %store/vec4 v0x15023e020_0, 0, 32;
T_0.60 ;
    %load/vec4 v0x15023e3c0_0;
    %flag_set/vec4 8;
    %jmp/0xz  T_0.62, 8;
    %pushi/vec4 1, 0, 16;
    %ix/getv 4, v0x15023e6b0_0;
    %shiftl 4;
    %store/vec4 v0x15023e450_0, 0, 16;
T_0.62 ;
    %load/vec4 v0x15023df70_0;
    %flag_set/vec4 8;
    %jmp/0xz  T_0.64, 8;
    %load/vec4 v0x15023e330_0;
    %parti/s 4, 19, 6;
    %cmpi/e 0, 0, 4;
    %jmp/0xz  T_0.66, 4;
    %pushi/vec4 1, 0, 16;
    %store/vec4 v0x15023e600_0, 0, 16;
    %jmp T_0.67;
T_0.66 ;
    %pushi/vec4 1, 0, 16;
    %load/vec4 v0x15023e330_0;
    %parti/s 4, 19, 6;
    %ix/vec4 4;
    %shiftl 4;
    %store/vec4 v0x15023e600_0, 0, 16;
T_0.67 ;
    %jmp T_0.65;
T_0.64 ;
    %load/vec4 v0x15023e560_0;
    %flag_set/vec4 8;
    %jmp/0xz  T_0.68, 8;
    %pushi/vec4 1, 0, 16;
    %ix/getv 4, v0x15023e6b0_0;
    %shiftl 4;
    %store/vec4 v0x15023e600_0, 0, 16;
T_0.68 ;
T_0.65 ;
    %jmp T_0.27;
T_0.3 ;
    %load/vec4 v0x15023e140_0;
    %flag_set/vec4 8;
    %jmp/0xz  T_0.70, 8;
    %load/vec4 v0x15023e330_0;
    %parti/s 4, 23, 6;
    %store/vec4 v0x15023e6b0_0, 0, 4;
T_0.70 ;
    %load/vec4 v0x15023e1d0_0;
    %flag_set/vec4 8;
    %jmp/0xz  T_0.72, 8;
    %load/vec4 v0x15023e330_0;
    %parti/s 4, 19, 6;
    %store/vec4 v0x15023e6b0_0, 0, 4;
T_0.72 ;
    %load/vec4 v0x15023e2a0_0;
    %flag_set/vec4 8;
    %jmp/0xz  T_0.74, 8;
    %load/vec4 v0x15023e330_0;
    %parti/s 4, 15, 5;
    %store/vec4 v0x15023e6b0_0, 0, 4;
T_0.74 ;
    %load/vec4 v0x15023e3c0_0;
    %flag_set/vec4 8;
    %jmp/0xz  T_0.76, 8;
    %pushi/vec4 1, 0, 16;
    %ix/getv 4, v0x15023e6b0_0;
    %shiftl 4;
    %store/vec4 v0x15023e450_0, 0, 16;
T_0.76 ;
    %load/vec4 v0x15023e560_0;
    %flag_set/vec4 8;
    %jmp/0xz  T_0.78, 8;
    %pushi/vec4 1, 0, 16;
    %ix/getv 4, v0x15023e6b0_0;
    %shiftl 4;
    %store/vec4 v0x15023e600_0, 0, 16;
T_0.78 ;
    %jmp T_0.27;
T_0.4 ;
    %load/vec4 v0x15023e140_0;
    %flag_set/vec4 8;
    %jmp/0xz  T_0.80, 8;
    %load/vec4 v0x15023e330_0;
    %parti/s 4, 23, 6;
    %store/vec4 v0x15023e6b0_0, 0, 4;
T_0.80 ;
    %load/vec4 v0x15023e1d0_0;
    %flag_set/vec4 8;
    %jmp/0xz  T_0.82, 8;
    %load/vec4 v0x15023e330_0;
    %parti/s 4, 19, 6;
    %store/vec4 v0x15023e6b0_0, 0, 4;
T_0.82 ;
    %load/vec4 v0x15023e2a0_0;
    %flag_set/vec4 8;
    %jmp/0xz  T_0.84, 8;
    %load/vec4 v0x15023e330_0;
    %parti/s 4, 15, 5;
    %store/vec4 v0x15023e6b0_0, 0, 4;
T_0.84 ;
    %load/vec4 v0x15023e3c0_0;
    %flag_set/vec4 8;
    %jmp/0xz  T_0.86, 8;
    %pushi/vec4 1, 0, 16;
    %ix/getv 4, v0x15023e6b0_0;
    %shiftl 4;
    %store/vec4 v0x15023e450_0, 0, 16;
T_0.86 ;
    %load/vec4 v0x15023e560_0;
    %flag_set/vec4 8;
    %jmp/0xz  T_0.88, 8;
    %pushi/vec4 1, 0, 16;
    %ix/getv 4, v0x15023e6b0_0;
    %shiftl 4;
    %store/vec4 v0x15023e600_0, 0, 16;
T_0.88 ;
    %jmp T_0.27;
T_0.5 ;
    %load/vec4 v0x15023e140_0;
    %flag_set/vec4 8;
    %jmp/0xz  T_0.90, 8;
    %load/vec4 v0x15023e330_0;
    %parti/s 4, 23, 6;
    %store/vec4 v0x15023e6b0_0, 0, 4;
T_0.90 ;
    %load/vec4 v0x15023e1d0_0;
    %flag_set/vec4 8;
    %jmp/0xz  T_0.92, 8;
    %load/vec4 v0x15023e330_0;
    %parti/s 4, 19, 6;
    %store/vec4 v0x15023e6b0_0, 0, 4;
T_0.92 ;
    %load/vec4 v0x15023e2a0_0;
    %flag_set/vec4 8;
    %jmp/0xz  T_0.94, 8;
    %load/vec4 v0x15023e330_0;
    %parti/s 4, 15, 5;
    %store/vec4 v0x15023e6b0_0, 0, 4;
T_0.94 ;
    %load/vec4 v0x15023e3c0_0;
    %flag_set/vec4 8;
    %jmp/0xz  T_0.96, 8;
    %pushi/vec4 1, 0, 16;
    %ix/getv 4, v0x15023e6b0_0;
    %shiftl 4;
    %store/vec4 v0x15023e450_0, 0, 16;
T_0.96 ;
    %load/vec4 v0x15023e560_0;
    %flag_set/vec4 8;
    %jmp/0xz  T_0.98, 8;
    %pushi/vec4 1, 0, 16;
    %ix/getv 4, v0x15023e6b0_0;
    %shiftl 4;
    %store/vec4 v0x15023e600_0, 0, 16;
T_0.98 ;
    %jmp T_0.27;
T_0.6 ;
    %load/vec4 v0x15023e140_0;
    %flag_set/vec4 8;
    %jmp/0xz  T_0.100, 8;
    %load/vec4 v0x15023e330_0;
    %parti/s 4, 23, 6;
    %store/vec4 v0x15023e6b0_0, 0, 4;
T_0.100 ;
    %load/vec4 v0x15023e1d0_0;
    %flag_set/vec4 8;
    %jmp/0xz  T_0.102, 8;
    %load/vec4 v0x15023e330_0;
    %parti/s 4, 19, 6;
    %store/vec4 v0x15023e6b0_0, 0, 4;
T_0.102 ;
    %load/vec4 v0x15023e2a0_0;
    %flag_set/vec4 8;
    %jmp/0xz  T_0.104, 8;
    %load/vec4 v0x15023e330_0;
    %parti/s 4, 15, 5;
    %store/vec4 v0x15023e6b0_0, 0, 4;
T_0.104 ;
    %load/vec4 v0x15023e3c0_0;
    %flag_set/vec4 8;
    %jmp/0xz  T_0.106, 8;
    %pushi/vec4 1, 0, 16;
    %ix/getv 4, v0x15023e6b0_0;
    %shiftl 4;
    %store/vec4 v0x15023e450_0, 0, 16;
T_0.106 ;
    %load/vec4 v0x15023e560_0;
    %flag_set/vec4 8;
    %jmp/0xz  T_0.108, 8;
    %pushi/vec4 1, 0, 16;
    %ix/getv 4, v0x15023e6b0_0;
    %shiftl 4;
    %store/vec4 v0x15023e600_0, 0, 16;
T_0.108 ;
    %jmp T_0.27;
T_0.7 ;
    %load/vec4 v0x15023e140_0;
    %flag_set/vec4 8;
    %jmp/0xz  T_0.110, 8;
    %load/vec4 v0x15023e330_0;
    %parti/s 4, 23, 6;
    %store/vec4 v0x15023e6b0_0, 0, 4;
T_0.110 ;
    %load/vec4 v0x15023e1d0_0;
    %flag_set/vec4 8;
    %jmp/0xz  T_0.112, 8;
    %load/vec4 v0x15023e330_0;
    %parti/s 4, 19, 6;
    %store/vec4 v0x15023e6b0_0, 0, 4;
T_0.112 ;
    %load/vec4 v0x15023e2a0_0;
    %flag_set/vec4 8;
    %jmp/0xz  T_0.114, 8;
    %load/vec4 v0x15023e330_0;
    %parti/s 4, 15, 5;
    %store/vec4 v0x15023e6b0_0, 0, 4;
T_0.114 ;
    %load/vec4 v0x15023e3c0_0;
    %flag_set/vec4 8;
    %jmp/0xz  T_0.116, 8;
    %pushi/vec4 1, 0, 16;
    %ix/getv 4, v0x15023e6b0_0;
    %shiftl 4;
    %store/vec4 v0x15023e450_0, 0, 16;
T_0.116 ;
    %load/vec4 v0x15023e560_0;
    %flag_set/vec4 8;
    %jmp/0xz  T_0.118, 8;
    %pushi/vec4 1, 0, 16;
    %ix/getv 4, v0x15023e6b0_0;
    %shiftl 4;
    %store/vec4 v0x15023e600_0, 0, 16;
T_0.118 ;
    %jmp T_0.27;
T_0.8 ;
    %load/vec4 v0x15023e140_0;
    %flag_set/vec4 8;
    %jmp/0xz  T_0.120, 8;
    %load/vec4 v0x15023e330_0;
    %parti/s 4, 23, 6;
    %store/vec4 v0x15023e6b0_0, 0, 4;
T_0.120 ;
    %load/vec4 v0x15023e1d0_0;
    %flag_set/vec4 8;
    %jmp/0xz  T_0.122, 8;
    %load/vec4 v0x15023e330_0;
    %parti/s 4, 19, 6;
    %store/vec4 v0x15023e6b0_0, 0, 4;
T_0.122 ;
    %load/vec4 v0x15023e2a0_0;
    %flag_set/vec4 8;
    %jmp/0xz  T_0.124, 8;
    %load/vec4 v0x15023e330_0;
    %parti/s 4, 15, 5;
    %store/vec4 v0x15023e6b0_0, 0, 4;
T_0.124 ;
    %load/vec4 v0x15023e3c0_0;
    %flag_set/vec4 8;
    %jmp/0xz  T_0.126, 8;
    %pushi/vec4 1, 0, 16;
    %ix/getv 4, v0x15023e6b0_0;
    %shiftl 4;
    %store/vec4 v0x15023e450_0, 0, 16;
T_0.126 ;
    %load/vec4 v0x15023e560_0;
    %flag_set/vec4 8;
    %jmp/0xz  T_0.128, 8;
    %pushi/vec4 1, 0, 16;
    %ix/getv 4, v0x15023e6b0_0;
    %shiftl 4;
    %store/vec4 v0x15023e600_0, 0, 16;
T_0.128 ;
    %jmp T_0.27;
T_0.9 ;
    %load/vec4 v0x15023e140_0;
    %flag_set/vec4 8;
    %jmp/0xz  T_0.130, 8;
    %load/vec4 v0x15023e330_0;
    %parti/s 4, 23, 6;
    %store/vec4 v0x15023e6b0_0, 0, 4;
T_0.130 ;
    %load/vec4 v0x15023e1d0_0;
    %flag_set/vec4 8;
    %jmp/0xz  T_0.132, 8;
    %load/vec4 v0x15023e330_0;
    %parti/s 4, 19, 6;
    %store/vec4 v0x15023e6b0_0, 0, 4;
T_0.132 ;
    %load/vec4 v0x15023e2a0_0;
    %flag_set/vec4 8;
    %jmp/0xz  T_0.134, 8;
    %load/vec4 v0x15023e330_0;
    %parti/s 4, 15, 5;
    %store/vec4 v0x15023e6b0_0, 0, 4;
T_0.134 ;
    %load/vec4 v0x15023e3c0_0;
    %flag_set/vec4 8;
    %jmp/0xz  T_0.136, 8;
    %pushi/vec4 1, 0, 16;
    %ix/getv 4, v0x15023e6b0_0;
    %shiftl 4;
    %store/vec4 v0x15023e450_0, 0, 16;
T_0.136 ;
    %load/vec4 v0x15023e560_0;
    %flag_set/vec4 8;
    %jmp/0xz  T_0.138, 8;
    %pushi/vec4 1, 0, 16;
    %ix/getv 4, v0x15023e6b0_0;
    %shiftl 4;
    %store/vec4 v0x15023e600_0, 0, 16;
T_0.138 ;
    %jmp T_0.27;
T_0.10 ;
    %load/vec4 v0x15023e140_0;
    %flag_set/vec4 8;
    %jmp/0xz  T_0.140, 8;
    %load/vec4 v0x15023e330_0;
    %parti/s 4, 23, 6;
    %store/vec4 v0x15023e6b0_0, 0, 4;
T_0.140 ;
    %load/vec4 v0x15023e1d0_0;
    %flag_set/vec4 8;
    %jmp/0xz  T_0.142, 8;
    %load/vec4 v0x15023e330_0;
    %parti/s 4, 19, 6;
    %store/vec4 v0x15023e6b0_0, 0, 4;
T_0.142 ;
    %load/vec4 v0x15023e2a0_0;
    %flag_set/vec4 8;
    %jmp/0xz  T_0.144, 8;
    %load/vec4 v0x15023e330_0;
    %parti/s 4, 15, 5;
    %store/vec4 v0x15023e6b0_0, 0, 4;
T_0.144 ;
    %load/vec4 v0x15023e3c0_0;
    %flag_set/vec4 8;
    %jmp/0xz  T_0.146, 8;
    %pushi/vec4 1, 0, 16;
    %ix/getv 4, v0x15023e6b0_0;
    %shiftl 4;
    %store/vec4 v0x15023e450_0, 0, 16;
T_0.146 ;
    %load/vec4 v0x15023e560_0;
    %flag_set/vec4 8;
    %jmp/0xz  T_0.148, 8;
    %pushi/vec4 1, 0, 16;
    %ix/getv 4, v0x15023e6b0_0;
    %shiftl 4;
    %store/vec4 v0x15023e600_0, 0, 16;
T_0.148 ;
    %jmp T_0.27;
T_0.11 ;
    %load/vec4 v0x15023e140_0;
    %flag_set/vec4 8;
    %jmp/0xz  T_0.150, 8;
    %load/vec4 v0x15023e330_0;
    %parti/s 4, 23, 6;
    %store/vec4 v0x15023e6b0_0, 0, 4;
T_0.150 ;
    %load/vec4 v0x15023e1d0_0;
    %flag_set/vec4 8;
    %jmp/0xz  T_0.152, 8;
    %load/vec4 v0x15023e330_0;
    %parti/s 4, 19, 6;
    %store/vec4 v0x15023e6b0_0, 0, 4;
T_0.152 ;
    %load/vec4 v0x15023e2a0_0;
    %flag_set/vec4 8;
    %jmp/0xz  T_0.154, 8;
    %load/vec4 v0x15023e330_0;
    %parti/s 4, 15, 5;
    %store/vec4 v0x15023e6b0_0, 0, 4;
T_0.154 ;
    %load/vec4 v0x15023e3c0_0;
    %flag_set/vec4 8;
    %jmp/0xz  T_0.156, 8;
    %pushi/vec4 1, 0, 16;
    %ix/getv 4, v0x15023e6b0_0;
    %shiftl 4;
    %store/vec4 v0x15023e450_0, 0, 16;
T_0.156 ;
    %load/vec4 v0x15023e560_0;
    %flag_set/vec4 8;
    %jmp/0xz  T_0.158, 8;
    %pushi/vec4 1, 0, 16;
    %ix/getv 4, v0x15023e6b0_0;
    %shiftl 4;
    %store/vec4 v0x15023e600_0, 0, 16;
T_0.158 ;
    %jmp T_0.27;
T_0.12 ;
    %load/vec4 v0x15023e140_0;
    %flag_set/vec4 8;
    %jmp/0xz  T_0.160, 8;
    %load/vec4 v0x15023e330_0;
    %parti/s 4, 23, 6;
    %store/vec4 v0x15023e6b0_0, 0, 4;
T_0.160 ;
    %load/vec4 v0x15023e1d0_0;
    %flag_set/vec4 8;
    %jmp/0xz  T_0.162, 8;
    %load/vec4 v0x15023e330_0;
    %parti/s 4, 19, 6;
    %store/vec4 v0x15023e6b0_0, 0, 4;
T_0.162 ;
    %load/vec4 v0x15023e0b0_0;
    %flag_set/vec4 8;
    %jmp/0xz  T_0.164, 8;
    %load/vec4 v0x15023e330_0;
    %parti/s 1, 18, 6;
    %replicate 13;
    %load/vec4 v0x15023e330_0;
    %parti/s 19, 0, 2;
    %concat/vec4; draw_concat_vec4
    %store/vec4 v0x15023e020_0, 0, 32;
T_0.164 ;
    %load/vec4 v0x15023e3c0_0;
    %flag_set/vec4 8;
    %jmp/0xz  T_0.166, 8;
    %pushi/vec4 1, 0, 16;
    %ix/getv 4, v0x15023e6b0_0;
    %shiftl 4;
    %store/vec4 v0x15023e450_0, 0, 16;
T_0.166 ;
    %load/vec4 v0x15023e560_0;
    %flag_set/vec4 8;
    %jmp/0xz  T_0.168, 8;
    %pushi/vec4 1, 0, 16;
    %ix/getv 4, v0x15023e6b0_0;
    %shiftl 4;
    %store/vec4 v0x15023e600_0, 0, 16;
T_0.168 ;
    %jmp T_0.27;
T_0.13 ;
    %load/vec4 v0x15023e140_0;
    %flag_set/vec4 8;
    %jmp/0xz  T_0.170, 8;
    %load/vec4 v0x15023e330_0;
    %parti/s 4, 23, 6;
    %store/vec4 v0x15023e6b0_0, 0, 4;
T_0.170 ;
    %load/vec4 v0x15023e1d0_0;
    %flag_set/vec4 8;
    %jmp/0xz  T_0.172, 8;
    %load/vec4 v0x15023e330_0;
    %parti/s 4, 19, 6;
    %store/vec4 v0x15023e6b0_0, 0, 4;
T_0.172 ;
    %load/vec4 v0x15023e0b0_0;
    %flag_set/vec4 8;
    %jmp/0xz  T_0.174, 8;
    %load/vec4 v0x15023e330_0;
    %parti/s 1, 18, 6;
    %replicate 13;
    %load/vec4 v0x15023e330_0;
    %parti/s 19, 0, 2;
    %concat/vec4; draw_concat_vec4
    %store/vec4 v0x15023e020_0, 0, 32;
T_0.174 ;
    %load/vec4 v0x15023e3c0_0;
    %flag_set/vec4 8;
    %jmp/0xz  T_0.176, 8;
    %pushi/vec4 1, 0, 16;
    %ix/getv 4, v0x15023e6b0_0;
    %shiftl 4;
    %store/vec4 v0x15023e450_0, 0, 16;
T_0.176 ;
    %load/vec4 v0x15023e560_0;
    %flag_set/vec4 8;
    %jmp/0xz  T_0.178, 8;
    %pushi/vec4 1, 0, 16;
    %ix/getv 4, v0x15023e6b0_0;
    %shiftl 4;
    %store/vec4 v0x15023e600_0, 0, 16;
T_0.178 ;
    %jmp T_0.27;
T_0.14 ;
    %load/vec4 v0x15023e140_0;
    %flag_set/vec4 8;
    %jmp/0xz  T_0.180, 8;
    %load/vec4 v0x15023e330_0;
    %parti/s 4, 23, 6;
    %store/vec4 v0x15023e6b0_0, 0, 4;
T_0.180 ;
    %load/vec4 v0x15023e1d0_0;
    %flag_set/vec4 8;
    %jmp/0xz  T_0.182, 8;
    %load/vec4 v0x15023e330_0;
    %parti/s 4, 19, 6;
    %store/vec4 v0x15023e6b0_0, 0, 4;
T_0.182 ;
    %load/vec4 v0x15023e0b0_0;
    %flag_set/vec4 8;
    %jmp/0xz  T_0.184, 8;
    %load/vec4 v0x15023e330_0;
    %parti/s 1, 18, 6;
    %replicate 13;
    %load/vec4 v0x15023e330_0;
    %parti/s 19, 0, 2;
    %concat/vec4; draw_concat_vec4
    %store/vec4 v0x15023e020_0, 0, 32;
T_0.184 ;
    %load/vec4 v0x15023e3c0_0;
    %flag_set/vec4 8;
    %jmp/0xz  T_0.186, 8;
    %pushi/vec4 1, 0, 16;
    %ix/getv 4, v0x15023e6b0_0;
    %shiftl 4;
    %store/vec4 v0x15023e450_0, 0, 16;
T_0.186 ;
    %load/vec4 v0x15023e560_0;
    %flag_set/vec4 8;
    %jmp/0xz  T_0.188, 8;
    %pushi/vec4 1, 0, 16;
    %ix/getv 4, v0x15023e6b0_0;
    %shiftl 4;
    %store/vec4 v0x15023e600_0, 0, 16;
T_0.188 ;
    %jmp T_0.27;
T_0.15 ;
    %load/vec4 v0x15023e140_0;
    %flag_set/vec4 8;
    %jmp/0xz  T_0.190, 8;
    %load/vec4 v0x15023e330_0;
    %parti/s 4, 23, 6;
    %store/vec4 v0x15023e6b0_0, 0, 4;
T_0.190 ;
    %load/vec4 v0x15023e1d0_0;
    %flag_set/vec4 8;
    %jmp/0xz  T_0.192, 8;
    %load/vec4 v0x15023e330_0;
    %parti/s 4, 19, 6;
    %store/vec4 v0x15023e6b0_0, 0, 4;
T_0.192 ;
    %load/vec4 v0x15023e3c0_0;
    %flag_set/vec4 8;
    %jmp/0xz  T_0.194, 8;
    %pushi/vec4 1, 0, 16;
    %ix/getv 4, v0x15023e6b0_0;
    %shiftl 4;
    %store/vec4 v0x15023e450_0, 0, 16;
T_0.194 ;
    %load/vec4 v0x15023e560_0;
    %flag_set/vec4 8;
    %jmp/0xz  T_0.196, 8;
    %pushi/vec4 1, 0, 16;
    %ix/getv 4, v0x15023e6b0_0;
    %shiftl 4;
    %store/vec4 v0x15023e600_0, 0, 16;
T_0.196 ;
    %jmp T_0.27;
T_0.16 ;
    %load/vec4 v0x15023e140_0;
    %flag_set/vec4 8;
    %jmp/0xz  T_0.198, 8;
    %load/vec4 v0x15023e330_0;
    %parti/s 4, 23, 6;
    %store/vec4 v0x15023e6b0_0, 0, 4;
T_0.198 ;
    %load/vec4 v0x15023e1d0_0;
    %flag_set/vec4 8;
    %jmp/0xz  T_0.200, 8;
    %load/vec4 v0x15023e330_0;
    %parti/s 4, 19, 6;
    %store/vec4 v0x15023e6b0_0, 0, 4;
T_0.200 ;
    %load/vec4 v0x15023e3c0_0;
    %flag_set/vec4 8;
    %jmp/0xz  T_0.202, 8;
    %pushi/vec4 1, 0, 16;
    %ix/getv 4, v0x15023e6b0_0;
    %shiftl 4;
    %store/vec4 v0x15023e450_0, 0, 16;
T_0.202 ;
    %load/vec4 v0x15023e560_0;
    %flag_set/vec4 8;
    %jmp/0xz  T_0.204, 8;
    %pushi/vec4 1, 0, 16;
    %ix/getv 4, v0x15023e6b0_0;
    %shiftl 4;
    %store/vec4 v0x15023e600_0, 0, 16;
T_0.204 ;
    %jmp T_0.27;
T_0.17 ;
    %load/vec4 v0x15023e140_0;
    %flag_set/vec4 8;
    %jmp/0xz  T_0.206, 8;
    %load/vec4 v0x15023e330_0;
    %parti/s 4, 23, 6;
    %store/vec4 v0x15023e6b0_0, 0, 4;
T_0.206 ;
    %load/vec4 v0x15023e1d0_0;
    %flag_set/vec4 8;
    %jmp/0xz  T_0.208, 8;
    %load/vec4 v0x15023e330_0;
    %parti/s 4, 19, 6;
    %store/vec4 v0x15023e6b0_0, 0, 4;
T_0.208 ;
    %load/vec4 v0x15023e3c0_0;
    %flag_set/vec4 8;
    %jmp/0xz  T_0.210, 8;
    %pushi/vec4 1, 0, 16;
    %ix/getv 4, v0x15023e6b0_0;
    %shiftl 4;
    %store/vec4 v0x15023e450_0, 0, 16;
T_0.210 ;
    %load/vec4 v0x15023e560_0;
    %flag_set/vec4 8;
    %jmp/0xz  T_0.212, 8;
    %pushi/vec4 1, 0, 16;
    %ix/getv 4, v0x15023e6b0_0;
    %shiftl 4;
    %store/vec4 v0x15023e600_0, 0, 16;
T_0.212 ;
    %jmp T_0.27;
T_0.18 ;
    %load/vec4 v0x15023e140_0;
    %flag_set/vec4 8;
    %jmp/0xz  T_0.214, 8;
    %load/vec4 v0x15023e330_0;
    %parti/s 4, 23, 6;
    %store/vec4 v0x15023e6b0_0, 0, 4;
T_0.214 ;
    %load/vec4 v0x15023e1d0_0;
    %flag_set/vec4 8;
    %jmp/0xz  T_0.216, 8;
    %load/vec4 v0x15023e330_0;
    %parti/s 4, 19, 6;
    %store/vec4 v0x15023e6b0_0, 0, 4;
T_0.216 ;
    %load/vec4 v0x15023e3c0_0;
    %flag_set/vec4 8;
    %jmp/0xz  T_0.218, 8;
    %pushi/vec4 1, 0, 16;
    %ix/getv 4, v0x15023e6b0_0;
    %shiftl 4;
    %store/vec4 v0x15023e450_0, 0, 16;
T_0.218 ;
    %load/vec4 v0x15023e560_0;
    %flag_set/vec4 8;
    %jmp/0xz  T_0.220, 8;
    %pushi/vec4 1, 0, 16;
    %ix/getv 4, v0x15023e6b0_0;
    %shiftl 4;
    %store/vec4 v0x15023e600_0, 0, 16;
T_0.220 ;
    %jmp T_0.27;
T_0.19 ;
    %load/vec4 v0x15023e140_0;
    %flag_set/vec4 8;
    %jmp/0xz  T_0.222, 8;
    %load/vec4 v0x15023e330_0;
    %parti/s 4, 23, 6;
    %store/vec4 v0x15023e6b0_0, 0, 4;
T_0.222 ;
    %load/vec4 v0x15023e3c0_0;
    %flag_set/vec4 8;
    %jmp/0xz  T_0.224, 8;
    %pushi/vec4 1, 0, 16;
    %ix/getv 4, v0x15023e6b0_0;
    %shiftl 4;
    %store/vec4 v0x15023e450_0, 0, 16;
T_0.224 ;
    %load/vec4 v0x15023e560_0;
    %flag_set/vec4 8;
    %jmp/0xz  T_0.226, 8;
    %pushi/vec4 1, 0, 16;
    %ix/getv 4, v0x15023e6b0_0;
    %shiftl 4;
    %store/vec4 v0x15023e600_0, 0, 16;
T_0.226 ;
    %jmp T_0.27;
T_0.20 ;
    %load/vec4 v0x15023e140_0;
    %flag_set/vec4 8;
    %jmp/0xz  T_0.228, 8;
    %load/vec4 v0x15023e330_0;
    %parti/s 4, 23, 6;
    %store/vec4 v0x15023e6b0_0, 0, 4;
T_0.228 ;
    %load/vec4 v0x15023e3c0_0;
    %flag_set/vec4 8;
    %jmp/0xz  T_0.230, 8;
    %pushi/vec4 1, 0, 16;
    %ix/getv 4, v0x15023e6b0_0;
    %shiftl 4;
    %store/vec4 v0x15023e450_0, 0, 16;
T_0.230 ;
    %load/vec4 v0x15023e560_0;
    %flag_set/vec4 8;
    %jmp/0xz  T_0.232, 8;
    %pushi/vec4 1, 0, 16;
    %ix/getv 4, v0x15023e6b0_0;
    %shiftl 4;
    %store/vec4 v0x15023e600_0, 0, 16;
T_0.232 ;
    %jmp T_0.27;
T_0.21 ;
    %load/vec4 v0x15023e140_0;
    %flag_set/vec4 8;
    %jmp/0xz  T_0.234, 8;
    %load/vec4 v0x15023e330_0;
    %parti/s 4, 23, 6;
    %store/vec4 v0x15023e6b0_0, 0, 4;
T_0.234 ;
    %load/vec4 v0x15023e3c0_0;
    %flag_set/vec4 8;
    %jmp/0xz  T_0.236, 8;
    %pushi/vec4 1, 0, 16;
    %ix/getv 4, v0x15023e6b0_0;
    %shiftl 4;
    %store/vec4 v0x15023e450_0, 0, 16;
T_0.236 ;
    %load/vec4 v0x15023e560_0;
    %flag_set/vec4 8;
    %jmp/0xz  T_0.238, 8;
    %pushi/vec4 1, 0, 16;
    %ix/getv 4, v0x15023e6b0_0;
    %shiftl 4;
    %store/vec4 v0x15023e600_0, 0, 16;
T_0.238 ;
    %jmp T_0.27;
T_0.22 ;
    %load/vec4 v0x15023e140_0;
    %flag_set/vec4 8;
    %jmp/0xz  T_0.240, 8;
    %load/vec4 v0x15023e330_0;
    %parti/s 4, 23, 6;
    %store/vec4 v0x15023e6b0_0, 0, 4;
T_0.240 ;
    %load/vec4 v0x15023e3c0_0;
    %flag_set/vec4 8;
    %jmp/0xz  T_0.242, 8;
    %pushi/vec4 1, 0, 16;
    %ix/getv 4, v0x15023e6b0_0;
    %shiftl 4;
    %store/vec4 v0x15023e450_0, 0, 16;
T_0.242 ;
    %load/vec4 v0x15023e560_0;
    %flag_set/vec4 8;
    %jmp/0xz  T_0.244, 8;
    %pushi/vec4 1, 0, 16;
    %ix/getv 4, v0x15023e6b0_0;
    %shiftl 4;
    %store/vec4 v0x15023e600_0, 0, 16;
T_0.244 ;
    %jmp T_0.27;
T_0.23 ;
    %load/vec4 v0x15023e140_0;
    %flag_set/vec4 8;
    %jmp/0xz  T_0.246, 8;
    %load/vec4 v0x15023e330_0;
    %parti/s 4, 23, 6;
    %store/vec4 v0x15023e6b0_0, 0, 4;
T_0.246 ;
    %load/vec4 v0x15023e3c0_0;
    %flag_set/vec4 8;
    %jmp/0xz  T_0.248, 8;
    %pushi/vec4 1, 0, 16;
    %ix/getv 4, v0x15023e6b0_0;
    %shiftl 4;
    %store/vec4 v0x15023e450_0, 0, 16;
T_0.248 ;
    %load/vec4 v0x15023e560_0;
    %flag_set/vec4 8;
    %jmp/0xz  T_0.250, 8;
    %pushi/vec4 1, 0, 16;
    %ix/getv 4, v0x15023e6b0_0;
    %shiftl 4;
    %store/vec4 v0x15023e600_0, 0, 16;
T_0.250 ;
    %jmp T_0.27;
T_0.24 ;
    %load/vec4 v0x15023e140_0;
    %flag_set/vec4 8;
    %jmp/0xz  T_0.252, 8;
    %load/vec4 v0x15023e330_0;
    %parti/s 4, 23, 6;
    %store/vec4 v0x15023e6b0_0, 0, 4;
T_0.252 ;
    %load/vec4 v0x15023e3c0_0;
    %flag_set/vec4 8;
    %jmp/0xz  T_0.254, 8;
    %pushi/vec4 1, 0, 16;
    %ix/getv 4, v0x15023e6b0_0;
    %shiftl 4;
    %store/vec4 v0x15023e450_0, 0, 16;
T_0.254 ;
    %load/vec4 v0x15023e560_0;
    %flag_set/vec4 8;
    %jmp/0xz  T_0.256, 8;
    %pushi/vec4 1, 0, 16;
    %ix/getv 4, v0x15023e6b0_0;
    %shiftl 4;
    %store/vec4 v0x15023e600_0, 0, 16;
T_0.256 ;
    %jmp T_0.27;
T_0.25 ;
    %load/vec4 v0x15023e140_0;
    %flag_set/vec4 8;
    %jmp/0xz  T_0.258, 8;
    %load/vec4 v0x15023e330_0;
    %parti/s 4, 23, 6;
    %store/vec4 v0x15023e6b0_0, 0, 4;
T_0.258 ;
    %load/vec4 v0x15023e3c0_0;
    %flag_set/vec4 8;
    %jmp/0xz  T_0.260, 8;
    %pushi/vec4 1, 0, 16;
    %ix/getv 4, v0x15023e6b0_0;
    %shiftl 4;
    %store/vec4 v0x15023e450_0, 0, 16;
T_0.260 ;
    %load/vec4 v0x15023e560_0;
    %flag_set/vec4 8;
    %jmp/0xz  T_0.262, 8;
    %pushi/vec4 1, 0, 16;
    %ix/getv 4, v0x15023e6b0_0;
    %shiftl 4;
    %store/vec4 v0x15023e600_0, 0, 16;
T_0.262 ;
    %jmp T_0.27;
T_0.27 ;
    %pop/vec4 1;
    %jmp T_0;
    .thread T_0, $push;
    .scope S_0x1502357c0;
T_1 ;
    %pushi/vec4 0, 0, 32;
    %store/vec4 v0x150235fd0_0, 0, 32;
    %end;
    .thread T_1;
    .scope S_0x1502357c0;
T_2 ;
    %wait E_0x15022f4a0;
    %load/vec4 v0x150235d00_0;
    %flag_set/vec4 8;
    %jmp/0xz  T_2.0, 8;
    %pushi/vec4 0, 0, 32;
    %assign/vec4 v0x150235fd0_0, 0;
    %jmp T_2.1;
T_2.0 ;
    %load/vec4 v0x150235f40_0;
    %flag_set/vec4 8;
    %jmp/0xz  T_2.2, 8;
    %load/vec4 v0x150235e20_0;
    %assign/vec4 v0x150235fd0_0, 0;
T_2.2 ;
T_2.1 ;
    %jmp T_2;
    .thread T_2;
    .scope S_0x150236110;
T_3 ;
    %pushi/vec4 0, 0, 32;
    %store/vec4 v0x150236980_0, 0, 32;
    %end;
    .thread T_3;
    .scope S_0x150236110;
T_4 ;
    %wait E_0x15022f4a0;
    %load/vec4 v0x1502364a0_0;
    %flag_set/vec4 8;
    %jmp/0xz  T_4.0, 8;
    %pushi/vec4 0, 0, 32;
    %assign/vec4 v0x150236980_0, 0;
    %jmp T_4.1;
T_4.0 ;
    %load/vec4 v0x1502368f0_0;
    %flag_set/vec4 8;
    %jmp/0xz  T_4.2, 8;
    %load/vec4 v0x1502367d0_0;
    %assign/vec4 v0x150236980_0, 0;
T_4.2 ;
T_4.1 ;
    %jmp T_4;
    .thread T_4;
    .scope S_0x150239ab0;
T_5 ;
    %pushi/vec4 0, 0, 32;
    %store/vec4 v0x15023a180_0, 0, 32;
    %end;
    .thread T_5;
    .scope S_0x150239ab0;
T_6 ;
    %wait E_0x15022f4a0;
    %load/vec4 v0x150239e20_0;
    %flag_set/vec4 8;
    %jmp/0xz  T_6.0, 8;
    %pushi/vec4 0, 0, 32;
    %assign/vec4 v0x15023a180_0, 0;
    %jmp T_6.1;
T_6.0 ;
    %load/vec4 v0x15023a0b0_0;
    %flag_set/vec4 8;
    %jmp/0xz  T_6.2, 8;
    %load/vec4 v0x150239f50_0;
    %assign/vec4 v0x15023a180_0, 0;
T_6.2 ;
T_6.1 ;
    %jmp T_6;
    .thread T_6;
    .scope S_0x15023a2b0;
T_7 ;
    %pushi/vec4 0, 0, 32;
    %store/vec4 v0x15023abd0_0, 0, 32;
    %end;
    .thread T_7;
    .scope S_0x15023a2b0;
T_8 ;
    %wait E_0x15022f4a0;
    %load/vec4 v0x15023a620_0;
    %flag_set/vec4 8;
    %jmp/0xz  T_8.0, 8;
    %pushi/vec4 0, 0, 32;
    %assign/vec4 v0x15023abd0_0, 0;
    %jmp T_8.1;
T_8.0 ;
    %load/vec4 v0x15023ab40_0;
    %flag_set/vec4 8;
    %jmp/0xz  T_8.2, 8;
    %load/vec4 v0x1502366d0_0;
    %assign/vec4 v0x15023abd0_0, 0;
T_8.2 ;
T_8.1 ;
    %jmp T_8;
    .thread T_8;
    .scope S_0x15023acb0;
T_9 ;
    %pushi/vec4 0, 0, 32;
    %store/vec4 v0x15023b200_0, 0, 32;
    %end;
    .thread T_9;
    .scope S_0x15023acb0;
T_10 ;
    %wait E_0x15022f4a0;
    %load/vec4 v0x15023b020_0;
    %flag_set/vec4 8;
    %jmp/0xz  T_10.0, 8;
    %pushi/vec4 0, 0, 32;
    %assign/vec4 v0x15023b200_0, 0;
    %jmp T_10.1;
T_10.0 ;
    %load/vec4 v0x15022f7a0_0;
    %flag_set/vec4 8;
    %jmp/0xz  T_10.2, 8;
    %load/vec4 v0x15023b150_0;
    %assign/vec4 v0x15023b200_0, 0;
T_10.2 ;
T_10.1 ;
    %jmp T_10;
    .thread T_10;
    .scope S_0x15023b2b0;
T_11 ;
    %pushi/vec4 0, 0, 32;
    %store/vec4 v0x15023b980_0, 0, 32;
    %end;
    .thread T_11;
    .scope S_0x15023b2b0;
T_12 ;
    %wait E_0x15022f4a0;
    %load/vec4 v0x15023b620_0;
    %flag_set/vec4 8;
    %jmp/0xz  T_12.0, 8;
    %pushi/vec4 0, 0, 32;
    %assign/vec4 v0x15023b980_0, 0;
    %jmp T_12.1;
T_12.0 ;
    %load/vec4 v0x15023b8b0_0;
    %flag_set/vec4 8;
    %jmp/0xz  T_12.2, 8;
    %load/vec4 v0x15023b750_0;
    %assign/vec4 v0x15023b980_0, 0;
T_12.2 ;
T_12.1 ;
    %jmp T_12;
    .thread T_12;
    .scope S_0x15023bab0;
T_13 ;
    %pushi/vec4 0, 0, 32;
    %store/vec4 v0x15023c180_0, 0, 32;
    %end;
    .thread T_13;
    .scope S_0x15023bab0;
T_14 ;
    %wait E_0x15022f4a0;
    %load/vec4 v0x15023be20_0;
    %flag_set/vec4 8;
    %jmp/0xz  T_14.0, 8;
    %pushi/vec4 0, 0, 32;
    %assign/vec4 v0x15023c180_0, 0;
    %jmp T_14.1;
T_14.0 ;
    %load/vec4 v0x15023c0b0_0;
    %flag_set/vec4 8;
    %jmp/0xz  T_14.2, 8;
    %load/vec4 v0x15023bf50_0;
    %assign/vec4 v0x15023c180_0, 0;
T_14.2 ;
T_14.1 ;
    %jmp T_14;
    .thread T_14;
    .scope S_0x15023c2b0;
T_15 ;
    %pushi/vec4 0, 0, 32;
    %store/vec4 v0x15023c980_0, 0, 32;
    %end;
    .thread T_15;
    .scope S_0x15023c2b0;
T_16 ;
    %wait E_0x15022f4a0;
    %load/vec4 v0x15023c620_0;
    %flag_set/vec4 8;
    %jmp/0xz  T_16.0, 8;
    %pushi/vec4 0, 0, 32;
    %assign/vec4 v0x15023c980_0, 0;
    %jmp T_16.1;
T_16.0 ;
    %load/vec4 v0x15023c8b0_0;
    %flag_set/vec4 8;
    %jmp/0xz  T_16.2, 8;
    %load/vec4 v0x15023c750_0;
    %assign/vec4 v0x15023c980_0, 0;
T_16.2 ;
T_16.1 ;
    %jmp T_16;
    .thread T_16;
    .scope S_0x15023cab0;
T_17 ;
    %pushi/vec4 0, 0, 32;
    %store/vec4 v0x15023d180_0, 0, 32;
    %end;
    .thread T_17;
    .scope S_0x15023cab0;
T_18 ;
    %wait E_0x15022f4a0;
    %load/vec4 v0x15023ce20_0;
    %flag_set/vec4 8;
    %jmp/0xz  T_18.0, 8;
    %pushi/vec4 0, 0, 32;
    %assign/vec4 v0x15023d180_0, 0;
    %jmp T_18.1;
T_18.0 ;
    %load/vec4 v0x15023d0b0_0;
    %flag_set/vec4 8;
    %jmp/0xz  T_18.2, 8;
    %load/vec4 v0x15023cf50_0;
    %assign/vec4 v0x15023d180_0, 0;
T_18.2 ;
T_18.1 ;
    %jmp T_18;
    .thread T_18;
    .scope S_0x15023d2b0;
T_19 ;
    %pushi/vec4 0, 0, 32;
    %store/vec4 v0x15023d980_0, 0, 32;
    %end;
    .thread T_19;
    .scope S_0x15023d2b0;
T_20 ;
    %wait E_0x15022f4a0;
    %load/vec4 v0x15023d620_0;
    %flag_set/vec4 8;
    %jmp/0xz  T_20.0, 8;
    %pushi/vec4 0, 0, 32;
    %assign/vec4 v0x15023d980_0, 0;
    %jmp T_20.1;
T_20.0 ;
    %load/vec4 v0x15023d8b0_0;
    %flag_set/vec4 8;
    %jmp/0xz  T_20.2, 8;
    %load/vec4 v0x15023d750_0;
    %assign/vec4 v0x15023d980_0, 0;
T_20.2 ;
T_20.1 ;
    %jmp T_20;
    .thread T_20;
    .scope S_0x150236a30;
T_21 ;
    %pushi/vec4 0, 0, 32;
    %store/vec4 v0x150237100_0, 0, 32;
    %end;
    .thread T_21;
    .scope S_0x150236a30;
T_22 ;
    %wait E_0x15022f4a0;
    %load/vec4 v0x150236da0_0;
    %flag_set/vec4 8;
    %jmp/0xz  T_22.0, 8;
    %pushi/vec4 0, 0, 32;
    %assign/vec4 v0x150237100_0, 0;
    %jmp T_22.1;
T_22.0 ;
    %load/vec4 v0x150237030_0;
    %flag_set/vec4 8;
    %jmp/0xz  T_22.2, 8;
    %load/vec4 v0x150236ed0_0;
    %assign/vec4 v0x150237100_0, 0;
T_22.2 ;
T_22.1 ;
    %jmp T_22;
    .thread T_22;
    .scope S_0x150237230;
T_23 ;
    %pushi/vec4 0, 0, 32;
    %store/vec4 v0x150237900_0, 0, 32;
    %end;
    .thread T_23;
    .scope S_0x150237230;
T_24 ;
    %wait E_0x15022f4a0;
    %load/vec4 v0x1502375a0_0;
    %flag_set/vec4 8;
    %jmp/0xz  T_24.0, 8;
    %pushi/vec4 0, 0, 32;
    %assign/vec4 v0x150237900_0, 0;
    %jmp T_24.1;
T_24.0 ;
    %load/vec4 v0x150237830_0;
    %flag_set/vec4 8;
    %jmp/0xz  T_24.2, 8;
    %load/vec4 v0x1502376d0_0;
    %assign/vec4 v0x150237900_0, 0;
T_24.2 ;
T_24.1 ;
    %jmp T_24;
    .thread T_24;
    .scope S_0x150237a30;
T_25 ;
    %pushi/vec4 0, 0, 32;
    %store/vec4 v0x150238100_0, 0, 32;
    %end;
    .thread T_25;
    .scope S_0x150237a30;
T_26 ;
    %wait E_0x15022f4a0;
    %load/vec4 v0x150237da0_0;
    %flag_set/vec4 8;
    %jmp/0xz  T_26.0, 8;
    %pushi/vec4 0, 0, 32;
    %assign/vec4 v0x150238100_0, 0;
    %jmp T_26.1;
T_26.0 ;
    %load/vec4 v0x150238030_0;
    %flag_set/vec4 8;
    %jmp/0xz  T_26.2, 8;
    %load/vec4 v0x150237ed0_0;
    %assign/vec4 v0x150238100_0, 0;
T_26.2 ;
T_26.1 ;
    %jmp T_26;
    .thread T_26;
    .scope S_0x150238230;
T_27 ;
    %pushi/vec4 0, 0, 32;
    %store/vec4 v0x150238900_0, 0, 32;
    %end;
    .thread T_27;
    .scope S_0x150238230;
T_28 ;
    %wait E_0x15022f4a0;
    %load/vec4 v0x1502385a0_0;
    %flag_set/vec4 8;
    %jmp/0xz  T_28.0, 8;
    %pushi/vec4 0, 0, 32;
    %assign/vec4 v0x150238900_0, 0;
    %jmp T_28.1;
T_28.0 ;
    %load/vec4 v0x150238830_0;
    %flag_set/vec4 8;
    %jmp/0xz  T_28.2, 8;
    %load/vec4 v0x1502386d0_0;
    %assign/vec4 v0x150238900_0, 0;
T_28.2 ;
T_28.1 ;
    %jmp T_28;
    .thread T_28;
    .scope S_0x150238a30;
T_29 ;
    %pushi/vec4 0, 0, 32;
    %store/vec4 v0x150239180_0, 0, 32;
    %end;
    .thread T_29;
    .scope S_0x150238a30;
T_30 ;
    %wait E_0x15022f4a0;
    %load/vec4 v0x150238e20_0;
    %flag_set/vec4 8;
    %jmp/0xz  T_30.0, 8;
    %pushi/vec4 0, 0, 32;
    %assign/vec4 v0x150239180_0, 0;
    %jmp T_30.1;
T_30.0 ;
    %load/vec4 v0x1502390b0_0;
    %flag_set/vec4 8;
    %jmp/0xz  T_30.2, 8;
    %load/vec4 v0x150238f50_0;
    %assign/vec4 v0x150239180_0, 0;
T_30.2 ;
T_30.1 ;
    %jmp T_30;
    .thread T_30;
    .scope S_0x1502392b0;
T_31 ;
    %pushi/vec4 0, 0, 32;
    %store/vec4 v0x150239980_0, 0, 32;
    %end;
    .thread T_31;
    .scope S_0x1502392b0;
T_32 ;
    %wait E_0x15022f4a0;
    %load/vec4 v0x150239620_0;
    %flag_set/vec4 8;
    %jmp/0xz  T_32.0, 8;
    %pushi/vec4 0, 0, 32;
    %assign/vec4 v0x150239980_0, 0;
    %jmp T_32.1;
T_32.0 ;
    %load/vec4 v0x1502398b0_0;
    %flag_set/vec4 8;
    %jmp/0xz  T_32.2, 8;
    %load/vec4 v0x150239750_0;
    %assign/vec4 v0x150239980_0, 0;
T_32.2 ;
T_32.1 ;
    %jmp T_32;
    .thread T_32;
    .scope S_0x150232550;
T_33 ;
    %pushi/vec4 0, 0, 32;
    %store/vec4 v0x150232dc0_0, 0, 32;
    %end;
    .thread T_33;
    .scope S_0x150232550;
T_34 ;
    %wait E_0x15022f4a0;
    %load/vec4 v0x150232af0_0;
    %flag_set/vec4 8;
    %jmp/0xz  T_34.0, 8;
    %pushi/vec4 0, 0, 32;
    %assign/vec4 v0x150232dc0_0, 0;
    %jmp T_34.1;
T_34.0 ;
    %load/vec4 v0x150232d30_0;
    %flag_set/vec4 8;
    %jmp/0xz  T_34.2, 8;
    %load/vec4 v0x150232c10_0;
    %assign/vec4 v0x150232dc0_0, 0;
T_34.2 ;
T_34.1 ;
    %jmp T_34;
    .thread T_34;
    .scope S_0x1502302e0;
T_35 ;
    %pushi/vec4 0, 0, 32;
    %store/vec4 v0x150230a10_0, 0, 32;
    %end;
    .thread T_35;
    .scope S_0x1502302e0;
T_36 ;
    %wait E_0x15022f4a0;
    %load/vec4 v0x150230660_0;
    %flag_set/vec4 8;
    %jmp/0xz  T_36.0, 8;
    %pushi/vec4 0, 0, 32;
    %assign/vec4 v0x150230a10_0, 0;
    %jmp T_36.1;
T_36.0 ;
    %load/vec4 v0x150230940_0;
    %flag_set/vec4 8;
    %jmp/0xz  T_36.2, 8;
    %load/vec4 v0x150230820_0;
    %assign/vec4 v0x150230a10_0, 0;
T_36.2 ;
T_36.1 ;
    %jmp T_36;
    .thread T_36;
    .scope S_0x15023f920;
T_37 ;
    %pushi/vec4 0, 0, 32;
    %store/vec4 v0x150240000_0, 0, 32;
    %end;
    .thread T_37;
    .scope S_0x15023f920;
T_38 ;
    %wait E_0x15022f4a0;
    %load/vec4 v0x15023fc90_0;
    %flag_set/vec4 8;
    %jmp/0xz  T_38.0, 8;
    %pushi/vec4 0, 0, 32;
    %assign/vec4 v0x150240000_0, 0;
    %jmp T_38.1;
T_38.0 ;
    %load/vec4 v0x15023ff30_0;
    %flag_set/vec4 8;
    %jmp/0xz  T_38.2, 8;
    %load/vec4 v0x15023fdc0_0;
    %assign/vec4 v0x150240000_0, 0;
T_38.2 ;
T_38.1 ;
    %jmp T_38;
    .thread T_38;
    .scope S_0x15023f0f0;
T_39 ;
    %pushi/vec4 0, 0, 32;
    %store/vec4 v0x15023f7f0_0, 0, 32;
    %end;
    .thread T_39;
    .scope S_0x15023f0f0;
T_40 ;
    %wait E_0x15022f4a0;
    %load/vec4 v0x15023f480_0;
    %flag_set/vec4 8;
    %jmp/0xz  T_40.0, 8;
    %pushi/vec4 0, 0, 32;
    %assign/vec4 v0x15023f7f0_0, 0;
    %jmp T_40.1;
T_40.0 ;
    %load/vec4 v0x15023f720_0;
    %flag_set/vec4 8;
    %jmp/0xz  T_40.2, 8;
    %load/vec4 v0x15023f5b0_0;
    %assign/vec4 v0x15023f7f0_0, 0;
T_40.2 ;
T_40.1 ;
    %jmp T_40;
    .thread T_40;
    .scope S_0x15022c810;
T_41 ;
    %pushi/vec4 0, 0, 32;
    %store/vec4 v0x15022f980_0, 0, 32;
    %end;
    .thread T_41;
    .scope S_0x15022c810;
T_42 ;
    %wait E_0x15022f4a0;
    %load/vec4 v0x15022f4f0_0;
    %flag_set/vec4 8;
    %jmp/0xz  T_42.0, 8;
    %pushi/vec4 0, 0, 32;
    %assign/vec4 v0x15022f980_0, 0;
    %jmp T_42.1;
T_42.0 ;
    %load/vec4 v0x15022f8f0_0;
    %flag_set/vec4 8;
    %jmp/0xz  T_42.2, 8;
    %load/vec4 v0x15022f640_0;
    %assign/vec4 v0x15022f980_0, 0;
T_42.2 ;
T_42.1 ;
    %jmp T_42;
    .thread T_42;
    .scope S_0x150230b40;
T_43 ;
    %pushi/vec4 0, 0, 32;
    %store/vec4 v0x150231210_0, 0, 32;
    %end;
    .thread T_43;
    .scope S_0x150230b40;
T_44 ;
    %wait E_0x15022f4a0;
    %load/vec4 v0x150230eb0_0;
    %flag_set/vec4 8;
    %jmp/0xz  T_44.0, 8;
    %pushi/vec4 0, 0, 32;
    %assign/vec4 v0x150231210_0, 0;
    %jmp T_44.1;
T_44.0 ;
    %load/vec4 v0x150231140_0;
    %flag_set/vec4 8;
    %jmp/0xz  T_44.2, 8;
    %load/vec4 v0x150230fe0_0;
    %assign/vec4 v0x150231210_0, 0;
T_44.2 ;
T_44.1 ;
    %jmp T_44;
    .thread T_44;
    .scope S_0x15022fab0;
T_45 ;
    %pushi/vec4 0, 0, 32;
    %store/vec4 v0x1502301b0_0, 0, 32;
    %end;
    .thread T_45;
    .scope S_0x15022fab0;
T_46 ;
    %wait E_0x15022f4a0;
    %load/vec4 v0x15022fe20_0;
    %flag_set/vec4 8;
    %jmp/0xz  T_46.0, 8;
    %pushi/vec4 0, 0, 32;
    %assign/vec4 v0x1502301b0_0, 0;
    %jmp T_46.1;
T_46.0 ;
    %load/vec4 v0x1502300e0_0;
    %flag_set/vec4 8;
    %jmp/0xz  T_46.2, 8;
    %load/vec4 v0x15022ff80_0;
    %assign/vec4 v0x1502301b0_0, 0;
T_46.2 ;
T_46.1 ;
    %jmp T_46;
    .thread T_46;
    .scope S_0x15023e870;
T_47 ;
    %pushi/vec4 0, 0, 32;
    %store/vec4 v0x15023efd0_0, 0, 32;
    %end;
    .thread T_47;
    .scope S_0x15023e870;
T_48 ;
    %wait E_0x15022f4a0;
    %load/vec4 v0x15023eb80_0;
    %flag_set/vec4 8;
    %jmp/0xz  T_48.0, 8;
    %pushi/vec4 0, 0, 32;
    %assign/vec4 v0x15023efd0_0, 0;
    %jmp T_48.1;
T_48.0 ;
    %load/vec4 v0x15023ef00_0;
    %flag_set/vec4 8;
    %jmp/0xz  T_48.2, 8;
    %load/vec4 v0x15023ecc0_0;
    %assign/vec4 v0x15023efd0_0, 0;
T_48.2 ;
T_48.1 ;
    %jmp T_48;
    .thread T_48;
    .scope S_0x1500d9de0;
T_49 ;
    %wait E_0x146f8b080;
    %load/vec4 v0x1500da190_0;
    %parti/s 1, 31, 6;
    %store/vec4 v0x1500da220_0, 0, 1;
    %load/vec4 v0x1500da340_0;
    %parti/s 1, 31, 6;
    %store/vec4 v0x1500da3d0_0, 0, 1;
    %load/vec4 v0x1500da220_0;
    %flag_set/vec4 8;
    %jmp/0xz  T_49.0, 8;
    %load/vec4 v0x1500da190_0;
    %inv;
    %addi 1, 0, 32;
    %store/vec4 v0x1500da2b0_0, 0, 32;
    %jmp T_49.1;
T_49.0 ;
    %load/vec4 v0x1500da190_0;
    %store/vec4 v0x1500da2b0_0, 0, 32;
T_49.1 ;
    %load/vec4 v0x1500da3d0_0;
    %flag_set/vec4 8;
    %jmp/0xz  T_49.2, 8;
    %load/vec4 v0x1500da340_0;
    %inv;
    %addi 1, 0, 32;
    %store/vec4 v0x1500da460_0, 0, 32;
    %jmp T_49.3;
T_49.2 ;
    %load/vec4 v0x1500da340_0;
    %store/vec4 v0x1500da460_0, 0, 32;
T_49.3 ;
    %pushi/vec4 0, 0, 65;
    %store/vec4 v0x1500d9f50_0, 0, 65;
    %load/vec4 v0x1500da460_0;
    %store/vec4 v0x1500da070_0, 0, 32;
    %pushi/vec4 0, 0, 1;
    %store/vec4 v0x1500da100_0, 0, 1;
    %load/vec4 v0x1500da2b0_0;
    %pad/u 33;
    %store/vec4 v0x1500d9fe0_0, 0, 33;
    %pushi/vec4 0, 0, 32;
    %store/vec4 v0x1500da580_0, 0, 32;
T_49.4 ;
    %load/vec4 v0x1500da580_0;
    %cmpi/s 32, 0, 32;
    %jmp/0xz T_49.5, 5;
    %load/vec4 v0x1500da070_0;
    %parti/s 1, 0, 2;
    %load/vec4 v0x1500da100_0;
    %concat/vec4; draw_concat_vec4
    %dup/vec4;
    %pushi/vec4 1, 0, 2;
    %cmp/u;
    %jmp/1 T_49.6, 6;
    %dup/vec4;
    %pushi/vec4 2, 0, 2;
    %cmp/u;
    %jmp/1 T_49.7, 6;
    %load/vec4 v0x1500d9f50_0;
    %store/vec4 v0x1500d9f50_0, 0, 65;
    %jmp T_49.9;
T_49.6 ;
    %load/vec4 v0x1500d9f50_0;
    %load/vec4 v0x1500d9fe0_0;
    %pad/u 65;
    %add;
    %store/vec4 v0x1500d9f50_0, 0, 65;
    %jmp T_49.9;
T_49.7 ;
    %load/vec4 v0x1500d9f50_0;
    %load/vec4 v0x1500d9fe0_0;
    %pad/u 65;
    %sub;
    %store/vec4 v0x1500d9f50_0, 0, 65;
    %jmp T_49.9;
T_49.9 ;
    %pop/vec4 1;
    %load/vec4 v0x1500da070_0;
    %parti/s 1, 0, 2;
    %store/vec4 v0x1500da100_0, 0, 1;
    %load/vec4 v0x1500d9f50_0;
    %parti/s 1, 0, 2;
    %load/vec4 v0x1500da070_0;
    %parti/s 31, 1, 2;
    %concat/vec4; draw_concat_vec4
    %store/vec4 v0x1500da070_0, 0, 32;
    %load/vec4 v0x1500d9f50_0;
    %parti/s 1, 32, 7;
    %load/vec4 v0x1500d9f50_0;
    %parti/s 64, 1, 2;
    %concat/vec4; draw_concat_vec4
    %store/vec4 v0x1500d9f50_0, 0, 65;
    %load/vec4 v0x1500da580_0;
    %addi 1, 0, 32;
    %store/vec4 v0x1500da580_0, 0, 32;
    %jmp T_49.4;
T_49.5 ;
    %load/vec4 v0x1500d9f50_0;
    %parti/s 64, 0, 2;
    %load/vec4 v0x1500da070_0;
    %concat/vec4; draw_concat_vec4
    %pad/u 64;
    %store/vec4 v0x1500da6a0_0, 0, 64;
    %load/vec4 v0x1500da220_0;
    %load/vec4 v0x1500da3d0_0;
    %xor;
    %store/vec4 v0x1500da610_0, 0, 1;
    %load/vec4 v0x1500da610_0;
    %flag_set/vec4 8;
    %jmp/0xz  T_49.10, 8;
    %load/vec4 v0x1500da6a0_0;
    %inv;
    %addi 1, 0, 64;
    %store/vec4 v0x1500da4f0_0, 0, 64;
    %jmp T_49.11;
T_49.10 ;
    %load/vec4 v0x1500da6a0_0;
    %store/vec4 v0x1500da4f0_0, 0, 64;
T_49.11 ;
    %jmp T_49;
    .thread T_49, $push;
    .scope S_0x1500d96d0;
T_50 ;
    %wait E_0x146f57200;
    %load/vec4 v0x1500d9840_0;
    %parti/s 1, 31, 6;
    %store/vec4 v0x1500d9a80_0, 0, 1;
    %load/vec4 v0x1500d98d0_0;
    %parti/s 1, 31, 6;
    %store/vec4 v0x1500d9ba0_0, 0, 1;
    %load/vec4 v0x1500d9a80_0;
    %flag_set/vec4 8;
    %jmp/0xz  T_50.0, 8;
    %load/vec4 v0x1500d9840_0;
    %pad/u 64;
    %inv;
    %addi 1, 0, 64;
    %store/vec4 v0x1500d99f0_0, 0, 64;
    %jmp T_50.1;
T_50.0 ;
    %load/vec4 v0x1500d9840_0;
    %pad/u 64;
    %store/vec4 v0x1500d99f0_0, 0, 64;
T_50.1 ;
    %load/vec4 v0x1500d9ba0_0;
    %flag_set/vec4 8;
    %jmp/0xz  T_50.2, 8;
    %load/vec4 v0x1500d98d0_0;
    %inv;
    %addi 1, 0, 32;
    %store/vec4 v0x1500d9b10_0, 0, 32;
    %jmp T_50.3;
T_50.2 ;
    %load/vec4 v0x1500d98d0_0;
    %store/vec4 v0x1500d9b10_0, 0, 32;
T_50.3 ;
    %load/vec4 v0x1500d99f0_0;
    %concati/vec4 0, 0, 32;
    %pad/u 64;
    %store/vec4 v0x1500d99f0_0, 0, 64;
    %pushi/vec4 0, 0, 32;
    %store/vec4 v0x1500d9cc0_0, 0, 32;
    %pushi/vec4 0, 0, 32;
    %store/vec4 v0x1500d9d50_0, 0, 32;
    %load/vec4 v0x1500d99f0_0;
    %concati/vec4 0, 0, 32;
    %pad/u 64;
    %store/vec4 v0x1500d99f0_0, 0, 64;
    %pushi/vec4 0, 0, 32;
    %store/vec4 v0x1500d9c30_0, 0, 32;
T_50.4 ;
    %load/vec4 v0x1500d9c30_0;
    %cmpi/s 32, 0, 32;
    %jmp/0xz T_50.5, 5;
    %load/vec4 v0x1500d9d50_0;
    %parti/s 31, 0, 2;
    %load/vec4 v0x1500d99f0_0;
    %parti/s 1, 63, 7;
    %concat/vec4; draw_concat_vec4
    %store/vec4 v0x1500d9d50_0, 0, 32;
    %load/vec4 v0x1500d99f0_0;
    %ix/load 4, 1, 0;
    %flag_set/imm 4, 0;
    %shiftl 4;
    %store/vec4 v0x1500d99f0_0, 0, 64;
    %load/vec4 v0x1500d9d50_0;
    %parti/s 1, 31, 6;
    %pad/u 32;
    %cmpi/e 0, 0, 32;
    %jmp/0xz  T_50.6, 4;
    %load/vec4 v0x1500d9d50_0;
    %load/vec4 v0x1500d9b10_0;
    %sub;
    %store/vec4 v0x1500d9d50_0, 0, 32;
    %jmp T_50.7;
T_50.6 ;
    %load/vec4 v0x1500d9d50_0;
    %load/vec4 v0x1500d9b10_0;
    %add;
    %store/vec4 v0x1500d9d50_0, 0, 32;
T_50.7 ;
    %load/vec4 v0x1500d9d50_0;
    %parti/s 1, 31, 6;
    %pad/u 32;
    %cmpi/e 0, 0, 32;
    %jmp/0xz  T_50.8, 4;
    %load/vec4 v0x1500d9cc0_0;
    %pushi/vec4 1, 0, 32;
    %pushi/vec4 31, 0, 32;
    %load/vec4 v0x1500d9c30_0;
    %sub;
    %ix/vec4 4;
    %shiftl 4;
    %or;
    %store/vec4 v0x1500d9cc0_0, 0, 32;
T_50.8 ;
    %load/vec4 v0x1500d9c30_0;
    %addi 1, 0, 32;
    %store/vec4 v0x1500d9c30_0, 0, 32;
    %jmp T_50.4;
T_50.5 ;
    %load/vec4 v0x1500d9d50_0;
    %parti/s 1, 31, 6;
    %pad/u 32;
    %cmpi/e 1, 0, 32;
    %jmp/0xz  T_50.10, 4;
    %load/vec4 v0x1500d9d50_0;
    %load/vec4 v0x1500d9b10_0;
    %add;
    %store/vec4 v0x1500d9d50_0, 0, 32;
T_50.10 ;
    %load/vec4 v0x1500d9a80_0;
    %load/vec4 v0x1500d9ba0_0;
    %xor;
    %flag_set/vec4 8;
    %jmp/0xz  T_50.12, 8;
    %load/vec4 v0x1500d9cc0_0;
    %inv;
    %addi 1, 0, 32;
    %store/vec4 v0x1500d9cc0_0, 0, 32;
T_50.12 ;
    %load/vec4 v0x1500d9a80_0;
    %flag_set/vec4 8;
    %jmp/0xz  T_50.14, 8;
    %load/vec4 v0x1500d9d50_0;
    %inv;
    %addi 1, 0, 32;
    %store/vec4 v0x1500d9d50_0, 0, 32;
T_50.14 ;
    %load/vec4 v0x1500d9cc0_0;
    %load/vec4 v0x1500d9d50_0;
    %concat/vec4; draw_concat_vec4
    %store/vec4 v0x1500d9960_0, 0, 64;
    %jmp T_50;
    .thread T_50, $push;
    .scope S_0x146efd790;
T_51 ;
    %wait E_0x146f56ee0;
    %load/vec4 v0x15022b990_0;
    %dup/vec4;
    %pushi/vec4 3, 0, 5;
    %cmp/u;
    %jmp/1 T_51.0, 6;
    %dup/vec4;
    %pushi/vec4 4, 0, 5;
    %cmp/u;
    %jmp/1 T_51.1, 6;
    %dup/vec4;
    %pushi/vec4 5, 0, 5;
    %cmp/u;
    %jmp/1 T_51.2, 6;
    %dup/vec4;
    %pushi/vec4 6, 0, 5;
    %cmp/u;
    %jmp/1 T_51.3, 6;
    %dup/vec4;
    %pushi/vec4 7, 0, 5;
    %cmp/u;
    %jmp/1 T_51.4, 6;
    %dup/vec4;
    %pushi/vec4 8, 0, 5;
    %cmp/u;
    %jmp/1 T_51.5, 6;
    %dup/vec4;
    %pushi/vec4 9, 0, 5;
    %cmp/u;
    %jmp/1 T_51.6, 6;
    %dup/vec4;
    %pushi/vec4 10, 0, 5;
    %cmp/u;
    %jmp/1 T_51.7, 6;
    %dup/vec4;
    %pushi/vec4 11, 0, 5;
    %cmp/u;
    %jmp/1 T_51.8, 6;
    %dup/vec4;
    %pushi/vec4 15, 0, 5;
    %cmp/u;
    %jmp/1 T_51.9, 6;
    %dup/vec4;
    %pushi/vec4 16, 0, 5;
    %cmp/u;
    %jmp/1 T_51.10, 6;
    %dup/vec4;
    %pushi/vec4 17, 0, 5;
    %cmp/u;
    %jmp/1 T_51.11, 6;
    %dup/vec4;
    %pushi/vec4 18, 0, 5;
    %cmp/u;
    %jmp/1 T_51.12, 6;
    %dup/vec4;
    %pushi/vec4 19, 0, 5;
    %cmp/u;
    %jmp/1 T_51.13, 6;
    %pushi/vec4 0, 0, 32;
    %store/vec4 v0x15022bfb0_0, 0, 32;
    %jmp T_51.15;
T_51.0 ;
    %pushi/vec4 0, 0, 32;
    %load/vec4 v0x15022b750_0;
    %concat/vec4; draw_concat_vec4
    %pad/u 32;
    %store/vec4 v0x15022bfb0_0, 0, 32;
    %jmp T_51.15;
T_51.1 ;
    %pushi/vec4 0, 0, 32;
    %load/vec4 v0x15022c450_0;
    %concat/vec4; draw_concat_vec4
    %pad/u 32;
    %store/vec4 v0x15022bfb0_0, 0, 32;
    %jmp T_51.15;
T_51.2 ;
    %pushi/vec4 0, 0, 32;
    %load/vec4 v0x15022b800_0;
    %concat/vec4; draw_concat_vec4
    %pad/u 32;
    %store/vec4 v0x15022bfb0_0, 0, 32;
    %jmp T_51.15;
T_51.3 ;
    %pushi/vec4 0, 0, 32;
    %load/vec4 v0x15022be30_0;
    %concat/vec4; draw_concat_vec4
    %pad/u 32;
    %store/vec4 v0x15022bfb0_0, 0, 32;
    %jmp T_51.15;
T_51.4 ;
    %pushi/vec4 0, 0, 32;
    %load/vec4 v0x15022c0d0_0;
    %concat/vec4; draw_concat_vec4
    %pad/u 32;
    %store/vec4 v0x15022bfb0_0, 0, 32;
    %jmp T_51.15;
T_51.5 ;
    %pushi/vec4 0, 0, 32;
    %load/vec4 v0x15022c040_0;
    %concat/vec4; draw_concat_vec4
    %pad/u 32;
    %store/vec4 v0x15022bfb0_0, 0, 32;
    %jmp T_51.15;
T_51.6 ;
    %pushi/vec4 0, 0, 32;
    %load/vec4 v0x15022c330_0;
    %concat/vec4; draw_concat_vec4
    %pad/u 32;
    %store/vec4 v0x15022bfb0_0, 0, 32;
    %jmp T_51.15;
T_51.7 ;
    %pushi/vec4 0, 0, 32;
    %load/vec4 v0x15022c3c0_0;
    %concat/vec4; draw_concat_vec4
    %pad/u 32;
    %store/vec4 v0x15022bfb0_0, 0, 32;
    %jmp T_51.15;
T_51.8 ;
    %pushi/vec4 0, 0, 32;
    %load/vec4 v0x15022c180_0;
    %concat/vec4; draw_concat_vec4
    %pad/u 32;
    %store/vec4 v0x15022bfb0_0, 0, 32;
    %jmp T_51.15;
T_51.9 ;
    %load/vec4 v0x15022bad0_0;
    %pad/u 32;
    %store/vec4 v0x15022bfb0_0, 0, 32;
    %jmp T_51.15;
T_51.10 ;
    %load/vec4 v0x15022bb70_0;
    %pad/u 32;
    %store/vec4 v0x15022bfb0_0, 0, 32;
    %jmp T_51.15;
T_51.11 ;
    %pushi/vec4 0, 0, 32;
    %load/vec4 v0x15022bcb0_0;
    %concat/vec4; draw_concat_vec4
    %pad/u 32;
    %store/vec4 v0x15022bfb0_0, 0, 32;
    %jmp T_51.15;
T_51.12 ;
    %pushi/vec4 0, 0, 32;
    %load/vec4 v0x15022bd70_0;
    %concat/vec4; draw_concat_vec4
    %pad/u 32;
    %store/vec4 v0x15022bfb0_0, 0, 32;
    %jmp T_51.15;
T_51.13 ;
    %pushi/vec4 0, 0, 32;
    %load/vec4 v0x15022bef0_0;
    %concat/vec4; draw_concat_vec4
    %pad/u 32;
    %store/vec4 v0x15022bfb0_0, 0, 32;
    %jmp T_51.15;
T_51.15 ;
    %pop/vec4 1;
    %jmp T_51;
    .thread T_51, $push;
    .scope S_0x146efd790;
T_52 ;
    %wait E_0x146f8b1c0;
    %load/vec4 v0x15022bfb0_0;
    %pad/u 64;
    %store/vec4 v0x15022b5f0_0, 0, 64;
    %jmp T_52;
    .thread T_52, $push;
    .scope S_0x150231bc0;
T_53 ;
    %pushi/vec4 0, 0, 32;
    %store/vec4 v0x150231fb0_0, 0, 32;
    %end;
    .thread T_53;
    .scope S_0x150231bc0;
T_54 ;
    %wait E_0x150231f70;
    %load/vec4 v0x150232400_0;
    %dup/vec4;
    %pushi/vec4 0, 0, 1;
    %cmp/u;
    %jmp/1 T_54.0, 6;
    %dup/vec4;
    %pushi/vec4 1, 0, 1;
    %cmp/u;
    %jmp/1 T_54.1, 6;
    %jmp T_54.2;
T_54.0 ;
    %load/vec4 v0x150232080_0;
    %store/vec4 v0x150232230_0, 0, 32;
    %jmp T_54.2;
T_54.1 ;
    %load/vec4 v0x150232350_0;
    %store/vec4 v0x150232230_0, 0, 32;
    %jmp T_54.2;
T_54.2 ;
    %pop/vec4 1;
    %jmp T_54;
    .thread T_54, $push;
    .scope S_0x150231bc0;
T_55 ;
    %wait E_0x15022f4a0;
    %load/vec4 v0x150232110_0;
    %flag_set/vec4 8;
    %jmp/0xz  T_55.0, 8;
    %pushi/vec4 0, 0, 32;
    %assign/vec4 v0x150231fb0_0, 0;
    %jmp T_55.1;
T_55.0 ;
    %load/vec4 v0x1502322c0_0;
    %flag_set/vec4 8;
    %jmp/0xz  T_55.2, 8;
    %load/vec4 v0x150232230_0;
    %assign/vec4 v0x150231fb0_0, 0;
T_55.2 ;
T_55.1 ;
    %jmp T_55;
    .thread T_55;
    .scope S_0x150231340;
T_56 ;
    %pushi/vec4 0, 0, 32;
    %store/vec4 v0x150231a90_0, 0, 32;
    %end;
    .thread T_56;
    .scope S_0x150231340;
T_57 ;
    %wait E_0x15022f4a0;
    %load/vec4 v0x1502316b0_0;
    %flag_set/vec4 8;
    %jmp/0xz  T_57.0, 8;
    %pushi/vec4 0, 0, 32;
    %assign/vec4 v0x150231a90_0, 0;
    %jmp T_57.1;
T_57.0 ;
    %load/vec4 v0x150231a00_0;
    %flag_set/vec4 8;
    %jmp/0xz  T_57.2, 8;
    %load/vec4 v0x1502318e0_0;
    %assign/vec4 v0x150231a90_0, 0;
T_57.2 ;
T_57.1 ;
    %jmp T_57;
    .thread T_57;
    .scope S_0x150232f20;
T_58 ;
    %pushi/vec4 0, 0, 32;
    %store/vec4 v0x150233480_0, 0, 32;
    %vpi_call 24 14 "$readmemh", "mem_init.hex", v0x150233530 {0 0 0};
    %end;
    .thread T_58;
    .scope S_0x150232f20;
T_59 ;
    %wait E_0x150233290;
    %load/vec4 v0x1502356a0_0;
    %flag_set/vec4 8;
    %jmp/0xz  T_59.0, 8;
    %load/vec4 v0x1502333b0_0;
    %load/vec4 v0x1502332e0_0;
    %pad/u 11;
    %ix/vec4 3;
    %ix/load 4, 0, 0; Constant delay
    %assign/vec4/a/d v0x150233530, 0, 4;
    %jmp T_59.1;
T_59.0 ;
    %load/vec4 v0x1502355c0_0;
    %flag_set/vec4 8;
    %jmp/0xz  T_59.2, 8;
    %load/vec4 v0x1502332e0_0;
    %pad/u 11;
    %ix/vec4 4;
    %load/vec4a v0x150233530, 4;
    %assign/vec4 v0x150233480_0, 0;
T_59.2 ;
T_59.1 ;
    %jmp T_59;
    .thread T_59, $push;
    .scope S_0x15022c520;
T_60 ;
    %pushi/vec4 0, 0, 32;
    %store/vec4 v0x15022ed90_0, 0, 32;
    %end;
    .thread T_60;
    .scope S_0x15022c520;
T_61 ;
    %wait E_0x15022c9a0;
    %load/vec4 v0x15022d440_0;
    %flag_set/vec4 8;
    %jmp/0xz  T_61.0, 8;
    %load/vec4 v0x15022d390_0;
    %store/vec4 v0x15022ed90_0, 0, 32;
    %jmp T_61.1;
T_61.0 ;
    %load/vec4 v0x15022de30_0;
    %flag_set/vec4 8;
    %jmp/0xz  T_61.2, 8;
    %load/vec4 v0x15022d4e0_0;
    %store/vec4 v0x15022ed90_0, 0, 32;
    %jmp T_61.3;
T_61.2 ;
    %load/vec4 v0x15022df80_0;
    %flag_set/vec4 8;
    %jmp/0xz  T_61.4, 8;
    %load/vec4 v0x15022ded0_0;
    %store/vec4 v0x15022ed90_0, 0, 32;
    %jmp T_61.5;
T_61.4 ;
    %load/vec4 v0x15022e0d0_0;
    %flag_set/vec4 8;
    %jmp/0xz  T_61.6, 8;
    %load/vec4 v0x15022e020_0;
    %store/vec4 v0x15022ed90_0, 0, 32;
    %jmp T_61.7;
T_61.6 ;
    %load/vec4 v0x15022d6f0_0;
    %flag_set/vec4 8;
    %jmp/0xz  T_61.8, 8;
    %load/vec4 v0x15022e170_0;
    %store/vec4 v0x15022ed90_0, 0, 32;
    %jmp T_61.9;
T_61.8 ;
    %load/vec4 v0x15022e490_0;
    %flag_set/vec4 8;
    %jmp/0xz  T_61.10, 8;
    %load/vec4 v0x15022e400_0;
    %store/vec4 v0x15022ed90_0, 0, 32;
    %jmp T_61.11;
T_61.10 ;
    %load/vec4 v0x15022e5c0_0;
    %flag_set/vec4 8;
    %jmp/0xz  T_61.12, 8;
    %load/vec4 v0x15022e520_0;
    %store/vec4 v0x15022ed90_0, 0, 32;
    %jmp T_61.13;
T_61.12 ;
    %load/vec4 v0x15022e710_0;
    %flag_set/vec4 8;
    %jmp/0xz  T_61.14, 8;
    %load/vec4 v0x15022e660_0;
    %store/vec4 v0x15022ed90_0, 0, 32;
    %jmp T_61.15;
T_61.14 ;
    %load/vec4 v0x15022e860_0;
    %flag_set/vec4 8;
    %jmp/0xz  T_61.16, 8;
    %load/vec4 v0x15022e7b0_0;
    %store/vec4 v0x15022ed90_0, 0, 32;
    %jmp T_61.17;
T_61.16 ;
    %load/vec4 v0x15022e9b0_0;
    %flag_set/vec4 8;
    %jmp/0xz  T_61.18, 8;
    %load/vec4 v0x15022e900_0;
    %store/vec4 v0x15022ed90_0, 0, 32;
    %jmp T_61.19;
T_61.18 ;
    %load/vec4 v0x15022d640_0;
    %flag_set/vec4 8;
    %jmp/0xz  T_61.20, 8;
    %load/vec4 v0x15022d590_0;
    %store/vec4 v0x15022ed90_0, 0, 32;
    %jmp T_61.21;
T_61.20 ;
    %load/vec4 v0x15022d860_0;
    %flag_set/vec4 8;
    %jmp/0xz  T_61.22, 8;
    %load/vec4 v0x15022d7d0_0;
    %store/vec4 v0x15022ed90_0, 0, 32;
    %jmp T_61.23;
T_61.22 ;
    %load/vec4 v0x15022d9a0_0;
    %flag_set/vec4 8;
    %jmp/0xz  T_61.24, 8;
    %load/vec4 v0x15022d8f0_0;
    %store/vec4 v0x15022ed90_0, 0, 32;
    %jmp T_61.25;
T_61.24 ;
    %load/vec4 v0x15022daf0_0;
    %flag_set/vec4 8;
    %jmp/0xz  T_61.26, 8;
    %load/vec4 v0x15022da40_0;
    %store/vec4 v0x15022ed90_0, 0, 32;
    %jmp T_61.27;
T_61.26 ;
    %load/vec4 v0x15022dc40_0;
    %flag_set/vec4 8;
    %jmp/0xz  T_61.28, 8;
    %load/vec4 v0x15022db90_0;
    %store/vec4 v0x15022ed90_0, 0, 32;
    %jmp T_61.29;
T_61.28 ;
    %load/vec4 v0x15022dd90_0;
    %flag_set/vec4 8;
    %jmp/0xz  T_61.30, 8;
    %load/vec4 v0x15022dce0_0;
    %store/vec4 v0x15022ed90_0, 0, 32;
    %jmp T_61.31;
T_61.30 ;
    %load/vec4 v0x15022d1a0_0;
    %flag_set/vec4 8;
    %jmp/0xz  T_61.32, 8;
    %load/vec4 v0x15022d090_0;
    %store/vec4 v0x15022ed90_0, 0, 32;
    %jmp T_61.33;
T_61.32 ;
    %load/vec4 v0x15022cd60_0;
    %flag_set/vec4 8;
    %jmp/0xz  T_61.34, 8;
    %load/vec4 v0x15022ccd0_0;
    %store/vec4 v0x15022ed90_0, 0, 32;
    %jmp T_61.35;
T_61.34 ;
    %load/vec4 v0x15022cff0_0;
    %flag_set/vec4 8;
    %jmp/0xz  T_61.36, 8;
    %load/vec4 v0x15022cf40_0;
    %store/vec4 v0x15022ed90_0, 0, 32;
    %jmp T_61.37;
T_61.36 ;
    %load/vec4 v0x15022eb00_0;
    %flag_set/vec4 8;
    %jmp/0xz  T_61.38, 8;
    %load/vec4 v0x15022ea50_0;
    %store/vec4 v0x15022ed90_0, 0, 32;
    %jmp T_61.39;
T_61.38 ;
    %load/vec4 v0x15022ec50_0;
    %flag_set/vec4 8;
    %jmp/0xz  T_61.40, 8;
    %load/vec4 v0x15022eba0_0;
    %store/vec4 v0x15022ed90_0, 0, 32;
    %jmp T_61.41;
T_61.40 ;
    %load/vec4 v0x15022d2f0_0;
    %flag_set/vec4 8;
    %jmp/0xz  T_61.42, 8;
    %load/vec4 v0x15022d240_0;
    %store/vec4 v0x15022ed90_0, 0, 32;
    %jmp T_61.43;
T_61.42 ;
    %load/vec4 v0x15022cea0_0;
    %flag_set/vec4 8;
    %jmp/0xz  T_61.44, 8;
    %load/vec4 v0x15022cdf0_0;
    %store/vec4 v0x15022ed90_0, 0, 32;
    %jmp T_61.45;
T_61.44 ;
    %load/vec4 v0x15022cc30_0;
    %flag_set/vec4 8;
    %jmp/0xz  T_61.46, 8;
    %load/vec4 v0x15022cb70_0;
    %store/vec4 v0x15022ed90_0, 0, 32;
T_61.46 ;
T_61.45 ;
T_61.43 ;
T_61.41 ;
T_61.39 ;
T_61.37 ;
T_61.35 ;
T_61.33 ;
T_61.31 ;
T_61.29 ;
T_61.27 ;
T_61.25 ;
T_61.23 ;
T_61.21 ;
T_61.19 ;
T_61.17 ;
T_61.15 ;
T_61.13 ;
T_61.11 ;
T_61.9 ;
T_61.7 ;
T_61.5 ;
T_61.3 ;
T_61.1 ;
    %jmp T_61;
    .thread T_61, $push;
    .scope S_0x146eff730;
T_62 ;
    %pushi/vec4 0, 0, 4;
    %store/vec4 v0x150244230_0, 0, 4;
    %end;
    .thread T_62;
    .scope S_0x146eff730;
T_63 ;
    %pushi/vec4 0, 0, 1;
    %store/vec4 v0x150243260_0, 0, 1;
T_63.0 ;
    %delay 1000, 0;
    %load/vec4 v0x150243260_0;
    %inv;
    %store/vec4 v0x150243260_0, 0, 1;
    %jmp T_63.0;
    %end;
    .thread T_63;
    .scope S_0x146eff730;
T_64 ;
    %wait E_0x15022f4a0;
    %load/vec4 v0x150244230_0;
    %dup/vec4;
    %pushi/vec4 0, 0, 4;
    %cmp/u;
    %jmp/1 T_64.0, 6;
    %dup/vec4;
    %pushi/vec4 1, 0, 4;
    %cmp/u;
    %jmp/1 T_64.1, 6;
    %dup/vec4;
    %pushi/vec4 2, 0, 4;
    %cmp/u;
    %jmp/1 T_64.2, 6;
    %dup/vec4;
    %pushi/vec4 3, 0, 4;
    %cmp/u;
    %jmp/1 T_64.3, 6;
    %dup/vec4;
    %pushi/vec4 4, 0, 4;
    %cmp/u;
    %jmp/1 T_64.4, 6;
    %dup/vec4;
    %pushi/vec4 5, 0, 4;
    %cmp/u;
    %jmp/1 T_64.5, 6;
    %dup/vec4;
    %pushi/vec4 6, 0, 4;
    %cmp/u;
    %jmp/1 T_64.6, 6;
    %dup/vec4;
    %pushi/vec4 7, 0, 4;
    %cmp/u;
    %jmp/1 T_64.7, 6;
    %dup/vec4;
    %pushi/vec4 8, 0, 4;
    %cmp/u;
    %jmp/1 T_64.8, 6;
    %dup/vec4;
    %pushi/vec4 9, 0, 4;
    %cmp/u;
    %jmp/1 T_64.9, 6;
    %dup/vec4;
    %pushi/vec4 10, 0, 4;
    %cmp/u;
    %jmp/1 T_64.10, 6;
    %dup/vec4;
    %pushi/vec4 11, 0, 4;
    %cmp/u;
    %jmp/1 T_64.11, 6;
    %dup/vec4;
    %pushi/vec4 12, 0, 4;
    %cmp/u;
    %jmp/1 T_64.12, 6;
    %dup/vec4;
    %pushi/vec4 13, 0, 4;
    %cmp/u;
    %jmp/1 T_64.13, 6;
    %jmp T_64.14;
T_64.0 ;
    %pushi/vec4 1, 0, 4;
    %store/vec4 v0x150244230_0, 0, 4;
    %jmp T_64.14;
T_64.1 ;
    %pushi/vec4 2, 0, 4;
    %store/vec4 v0x150244230_0, 0, 4;
    %jmp T_64.14;
T_64.2 ;
    %pushi/vec4 3, 0, 4;
    %store/vec4 v0x150244230_0, 0, 4;
    %jmp T_64.14;
T_64.3 ;
    %pushi/vec4 4, 0, 4;
    %store/vec4 v0x150244230_0, 0, 4;
    %jmp T_64.14;
T_64.4 ;
    %pushi/vec4 5, 0, 4;
    %store/vec4 v0x150244230_0, 0, 4;
    %jmp T_64.14;
T_64.5 ;
    %pushi/vec4 6, 0, 4;
    %store/vec4 v0x150244230_0, 0, 4;
    %jmp T_64.14;
T_64.6 ;
    %pushi/vec4 7, 0, 4;
    %store/vec4 v0x150244230_0, 0, 4;
    %jmp T_64.14;
T_64.7 ;
    %pushi/vec4 8, 0, 4;
    %store/vec4 v0x150244230_0, 0, 4;
    %jmp T_64.14;
T_64.8 ;
    %pushi/vec4 9, 0, 4;
    %store/vec4 v0x150244230_0, 0, 4;
    %jmp T_64.14;
T_64.9 ;
    %pushi/vec4 10, 0, 4;
    %store/vec4 v0x150244230_0, 0, 4;
    %jmp T_64.14;
T_64.10 ;
    %pushi/vec4 11, 0, 4;
    %store/vec4 v0x150244230_0, 0, 4;
    %jmp T_64.14;
T_64.11 ;
    %pushi/vec4 12, 0, 4;
    %store/vec4 v0x150244230_0, 0, 4;
    %jmp T_64.14;
T_64.12 ;
    %pushi/vec4 13, 0, 4;
    %store/vec4 v0x150244230_0, 0, 4;
    %jmp T_64.14;
T_64.13 ;
    %pushi/vec4 14, 0, 4;
    %store/vec4 v0x150244230_0, 0, 4;
    %jmp T_64.14;
T_64.14 ;
    %pop/vec4 1;
    %jmp T_64;
    .thread T_64;
    .scope S_0x146eff730;
T_65 ;
    %wait E_0x146f79eb0;
    %load/vec4 v0x150244230_0;
    %dup/vec4;
    %pushi/vec4 0, 0, 4;
    %cmp/u;
    %jmp/1 T_65.0, 6;
    %dup/vec4;
    %pushi/vec4 1, 0, 4;
    %cmp/u;
    %jmp/1 T_65.1, 6;
    %dup/vec4;
    %pushi/vec4 2, 0, 4;
    %cmp/u;
    %jmp/1 T_65.2, 6;
    %dup/vec4;
    %pushi/vec4 3, 0, 4;
    %cmp/u;
    %jmp/1 T_65.3, 6;
    %dup/vec4;
    %pushi/vec4 4, 0, 4;
    %cmp/u;
    %jmp/1 T_65.4, 6;
    %dup/vec4;
    %pushi/vec4 5, 0, 4;
    %cmp/u;
    %jmp/1 T_65.5, 6;
    %dup/vec4;
    %pushi/vec4 6, 0, 4;
    %cmp/u;
    %jmp/1 T_65.6, 6;
    %dup/vec4;
    %pushi/vec4 7, 0, 4;
    %cmp/u;
    %jmp/1 T_65.7, 6;
    %dup/vec4;
    %pushi/vec4 8, 0, 4;
    %cmp/u;
    %jmp/1 T_65.8, 6;
    %dup/vec4;
    %pushi/vec4 9, 0, 4;
    %cmp/u;
    %jmp/1 T_65.9, 6;
    %dup/vec4;
    %pushi/vec4 10, 0, 4;
    %cmp/u;
    %jmp/1 T_65.10, 6;
    %dup/vec4;
    %pushi/vec4 11, 0, 4;
    %cmp/u;
    %jmp/1 T_65.11, 6;
    %dup/vec4;
    %pushi/vec4 12, 0, 4;
    %cmp/u;
    %jmp/1 T_65.12, 6;
    %dup/vec4;
    %pushi/vec4 13, 0, 4;
    %cmp/u;
    %jmp/1 T_65.13, 6;
    %dup/vec4;
    %pushi/vec4 14, 0, 4;
    %cmp/u;
    %jmp/1 T_65.14, 6;
    %jmp T_65.15;
T_65.0 ;
    %pushi/vec4 0, 0, 1;
    %assign/vec4 v0x150244160_0, 0;
    %pushi/vec4 0, 0, 1;
    %assign/vec4 v0x150244950_0, 0;
    %pushi/vec4 0, 0, 1;
    %assign/vec4 v0x150243cd0_0, 0;
    %pushi/vec4 0, 0, 1;
    %assign/vec4 v0x150243720_0, 0;
    %pushi/vec4 0, 0, 1;
    %assign/vec4 v0x150243a60_0, 0;
    %pushi/vec4 0, 0, 1;
    %assign/vec4 v0x1502447f0_0, 0;
    %pushi/vec4 0, 0, 1;
    %assign/vec4 v0x150243310_0, 0;
    %pushi/vec4 0, 0, 1;
    %assign/vec4 v0x150243900_0, 0;
    %pushi/vec4 0, 0, 1;
    %assign/vec4 v0x1502439d0_0, 0;
    %pushi/vec4 0, 0, 1;
    %assign/vec4 v0x150243650_0, 0;
    %pushi/vec4 0, 0, 1;
    %assign/vec4 v0x150243b30_0, 0;
    %pushi/vec4 0, 0, 1;
    %assign/vec4 v0x150243b30_0, 0;
    %pushi/vec4 0, 0, 1;
    %assign/vec4 v0x1502448c0_0, 0;
    %pushi/vec4 0, 0, 1;
    %assign/vec4 v0x150244090_0, 0;
    %pushi/vec4 0, 0, 1;
    %assign/vec4 v0x150243c00_0, 0;
    %pushi/vec4 0, 0, 1;
    %assign/vec4 v0x150243830_0, 0;
    %pushi/vec4 0, 0, 1;
    %assign/vec4 v0x150244760_0, 0;
    %pushi/vec4 0, 0, 1;
    %assign/vec4 v0x150244460_0, 0;
    %pushi/vec4 0, 0, 1;
    %assign/vec4 v0x1502446d0_0, 0;
    %pushi/vec4 0, 0, 5;
    %assign/vec4 v0x150244a20_0, 0;
    %pushi/vec4 0, 0, 1;
    %assign/vec4 v0x1502431c0_0, 0;
    %pushi/vec4 0, 0, 1;
    %assign/vec4 v0x1502442c0_0, 0;
    %pushi/vec4 0, 0, 1;
    %assign/vec4 v0x150244390_0, 0;
    %pushi/vec4 0, 0, 1;
    %assign/vec4 v0x150244000_0, 0;
    %pushi/vec4 0, 0, 1;
    %assign/vec4 v0x1502433a0_0, 0;
    %pushi/vec4 0, 0, 1;
    %assign/vec4 v0x1502434b0_0, 0;
    %pushi/vec4 0, 0, 1;
    %assign/vec4 v0x150243580_0, 0;
    %pushi/vec4 0, 0, 1;
    %assign/vec4 v0x150244530_0, 0;
    %pushi/vec4 0, 0, 1;
    %assign/vec4 v0x150244600_0, 0;
    %pushi/vec4 0, 0, 1;
    %assign/vec4 v0x150243120_0, 0;
    %pushi/vec4 0, 0, 16;
    %assign/vec4 v0x150243e70_0, 0;
    %pushi/vec4 0, 0, 16;
    %assign/vec4 v0x150244cb0_0, 0;
    %pushi/vec4 0, 0, 32;
    %assign/vec4 v0x150243da0_0, 0;
    %pushi/vec4 0, 0, 32;
    %assign/vec4 v0x150243f70_0, 0;
    %jmp T_65.15;
T_65.1 ;
    %pushi/vec4 0, 0, 32;
    %assign/vec4 v0x150243f70_0, 0;
    %pushi/vec4 1, 0, 1;
    %assign/vec4 v0x150244000_0, 0;
    %pushi/vec4 1, 0, 1;
    %assign/vec4 v0x150244160_0, 0;
    %pushi/vec4 19, 0, 5;
    %assign/vec4 v0x150244a20_0, 0;
    %delay 500, 0;
    %pushi/vec4 1, 0, 1;
    %assign/vec4 v0x1502448c0_0, 0;
    %pushi/vec4 1, 0, 1;
    %assign/vec4 v0x150243b30_0, 0;
    %delay 1000, 0;
    %pushi/vec4 0, 0, 1;
    %assign/vec4 v0x150244160_0, 0;
    %pushi/vec4 0, 0, 1;
    %assign/vec4 v0x150244000_0, 0;
    %delay 500, 0;
    %pushi/vec4 0, 0, 1;
    %assign/vec4 v0x1502448c0_0, 0;
    %pushi/vec4 0, 0, 5;
    %assign/vec4 v0x150244a20_0, 0;
    %pushi/vec4 0, 0, 1;
    %assign/vec4 v0x150243b30_0, 0;
    %jmp T_65.15;
T_65.2 ;
    %pushi/vec4 1, 0, 1;
    %assign/vec4 v0x150244460_0, 0;
    %pushi/vec4 1, 0, 1;
    %assign/vec4 v0x150244950_0, 0;
    %delay 500, 0;
    %pushi/vec4 1, 0, 1;
    %assign/vec4 v0x1502442c0_0, 0;
    %pushi/vec4 1, 0, 1;
    %assign/vec4 v0x150244090_0, 0;
    %pushi/vec4 1, 0, 1;
    %assign/vec4 v0x150243c00_0, 0;
    %delay 500, 0;
    %delay 500, 0;
    %pushi/vec4 0, 0, 1;
    %assign/vec4 v0x150244950_0, 0;
    %pushi/vec4 0, 0, 1;
    %assign/vec4 v0x1502442c0_0, 0;
    %delay 500, 0;
    %pushi/vec4 0, 0, 1;
    %assign/vec4 v0x150244160_0, 0;
    %pushi/vec4 0, 0, 1;
    %assign/vec4 v0x150244460_0, 0;
    %pushi/vec4 0, 0, 1;
    %assign/vec4 v0x150244090_0, 0;
    %pushi/vec4 0, 0, 1;
    %assign/vec4 v0x150243c00_0, 0;
    %jmp T_65.15;
T_65.3 ;
    %pushi/vec4 1, 0, 1;
    %assign/vec4 v0x150243cd0_0, 0;
    %delay 500, 0;
    %pushi/vec4 1, 0, 1;
    %assign/vec4 v0x150243830_0, 0;
    %delay 1000, 0;
    %pushi/vec4 0, 0, 1;
    %assign/vec4 v0x150243cd0_0, 0;
    %delay 500, 0;
    %pushi/vec4 0, 0, 1;
    %assign/vec4 v0x150243830_0, 0;
    %jmp T_65.15;
T_65.4 ;
    %pushi/vec4 1, 0, 1;
    %assign/vec4 v0x1502434b0_0, 0;
    %pushi/vec4 1, 0, 1;
    %assign/vec4 v0x150243120_0, 0;
    %delay 500, 0;
    %pushi/vec4 1, 0, 1;
    %assign/vec4 v0x150244760_0, 0;
    %delay 1000, 0;
    %pushi/vec4 0, 0, 1;
    %assign/vec4 v0x1502434b0_0, 0;
    %pushi/vec4 0, 0, 1;
    %assign/vec4 v0x150243120_0, 0;
    %delay 500, 0;
    %pushi/vec4 0, 0, 1;
    %assign/vec4 v0x150244760_0, 0;
    %jmp T_65.15;
T_65.5 ;
    %pushi/vec4 1, 0, 1;
    %assign/vec4 v0x150243310_0, 0;
    %pushi/vec4 3, 0, 5;
    %assign/vec4 v0x150244a20_0, 0;
    %delay 500, 0;
    %pushi/vec4 1, 0, 1;
    %assign/vec4 v0x1502448c0_0, 0;
    %delay 1500, 0;
    %pushi/vec4 0, 0, 1;
    %assign/vec4 v0x1502448c0_0, 0;
    %pushi/vec4 0, 0, 1;
    %assign/vec4 v0x150243310_0, 0;
    %jmp T_65.15;
T_65.6 ;
    %pushi/vec4 1, 0, 1;
    %assign/vec4 v0x150244950_0, 0;
    %delay 500, 0;
    %pushi/vec4 1, 0, 1;
    %assign/vec4 v0x150244530_0, 0;
    %pushi/vec4 1, 0, 1;
    %assign/vec4 v0x1502433a0_0, 0;
    %delay 1000, 0;
    %pushi/vec4 0, 0, 1;
    %assign/vec4 v0x150244950_0, 0;
    %delay 500, 0;
    %pushi/vec4 0, 0, 1;
    %assign/vec4 v0x150244530_0, 0;
    %pushi/vec4 0, 0, 1;
    %assign/vec4 v0x1502433a0_0, 0;
    %jmp T_65.15;
T_65.7 ;
    %pushi/vec4 1, 0, 1;
    %assign/vec4 v0x150244160_0, 0;
    %pushi/vec4 19, 0, 5;
    %assign/vec4 v0x150244a20_0, 0;
    %pushi/vec4 1, 0, 1;
    %assign/vec4 v0x150243b30_0, 0;
    %delay 500, 0;
    %pushi/vec4 1, 0, 1;
    %assign/vec4 v0x1502448c0_0, 0;
    %pushi/vec4 1, 0, 1;
    %assign/vec4 v0x150243b30_0, 0;
    %delay 1000, 0;
    %pushi/vec4 0, 0, 1;
    %assign/vec4 v0x150244160_0, 0;
    %delay 500, 0;
    %pushi/vec4 0, 0, 1;
    %assign/vec4 v0x150243b30_0, 0;
    %pushi/vec4 0, 0, 1;
    %assign/vec4 v0x1502448c0_0, 0;
    %pushi/vec4 0, 0, 5;
    %assign/vec4 v0x150244a20_0, 0;
    %jmp T_65.15;
T_65.8 ;
    %pushi/vec4 1, 0, 1;
    %assign/vec4 v0x1502442c0_0, 0;
    %pushi/vec4 1, 0, 1;
    %assign/vec4 v0x150244950_0, 0;
    %delay 500, 0;
    %pushi/vec4 1, 0, 1;
    %assign/vec4 v0x150244460_0, 0;
    %pushi/vec4 1, 0, 1;
    %assign/vec4 v0x150244090_0, 0;
    %pushi/vec4 1, 0, 1;
    %assign/vec4 v0x150243c00_0, 0;
    %delay 500, 0;
    %delay 500, 0;
    %pushi/vec4 0, 0, 1;
    %assign/vec4 v0x150244950_0, 0;
    %pushi/vec4 0, 0, 1;
    %assign/vec4 v0x1502442c0_0, 0;
    %delay 500, 0;
    %pushi/vec4 0, 0, 1;
    %assign/vec4 v0x150244160_0, 0;
    %pushi/vec4 0, 0, 1;
    %assign/vec4 v0x150244460_0, 0;
    %pushi/vec4 0, 0, 1;
    %assign/vec4 v0x150244090_0, 0;
    %pushi/vec4 0, 0, 1;
    %assign/vec4 v0x150243c00_0, 0;
    %jmp T_65.15;
T_65.9 ;
    %pushi/vec4 1, 0, 1;
    %assign/vec4 v0x150243cd0_0, 0;
    %delay 500, 0;
    %pushi/vec4 1, 0, 1;
    %assign/vec4 v0x150243b30_0, 0;
    %pushi/vec4 1, 0, 1;
    %assign/vec4 v0x150243830_0, 0;
    %delay 1000, 0;
    %pushi/vec4 0, 0, 1;
    %assign/vec4 v0x150243cd0_0, 0;
    %delay 500, 0;
    %pushi/vec4 0, 0, 1;
    %assign/vec4 v0x150243b30_0, 0;
    %pushi/vec4 0, 0, 1;
    %assign/vec4 v0x150243830_0, 0;
    %jmp T_65.15;
T_65.10 ;
    %pushi/vec4 1, 0, 1;
    %assign/vec4 v0x1502434b0_0, 0;
    %pushi/vec4 1, 0, 1;
    %assign/vec4 v0x150243120_0, 0;
    %delay 500, 0;
    %pushi/vec4 1, 0, 1;
    %assign/vec4 v0x150244760_0, 0;
    %delay 500, 0;
    %pushi/vec4 0, 0, 1;
    %assign/vec4 v0x1502434b0_0, 0;
    %delay 1000, 0;
    %pushi/vec4 0, 0, 1;
    %assign/vec4 v0x150244760_0, 0;
    %pushi/vec4 0, 0, 1;
    %assign/vec4 v0x150243120_0, 0;
    %jmp T_65.15;
T_65.11 ;
    %pushi/vec4 1, 0, 1;
    %assign/vec4 v0x150243310_0, 0;
    %pushi/vec4 3, 0, 5;
    %assign/vec4 v0x150244a20_0, 0;
    %delay 500, 0;
    %pushi/vec4 1, 0, 1;
    %assign/vec4 v0x1502448c0_0, 0;
    %delay 1500, 0;
    %pushi/vec4 0, 0, 1;
    %assign/vec4 v0x150243310_0, 0;
    %pushi/vec4 0, 0, 1;
    %assign/vec4 v0x1502448c0_0, 0;
    %jmp T_65.15;
T_65.12 ;
    %delay 500, 0;
    %pushi/vec4 1, 0, 1;
    %assign/vec4 v0x150244950_0, 0;
    %pushi/vec4 1, 0, 1;
    %assign/vec4 v0x150243b30_0, 0;
    %delay 1500, 0;
    %pushi/vec4 0, 0, 1;
    %assign/vec4 v0x150244950_0, 0;
    %pushi/vec4 0, 0, 1;
    %assign/vec4 v0x150243b30_0, 0;
    %jmp T_65.15;
T_65.13 ;
    %delay 500, 0;
    %pushi/vec4 1, 0, 1;
    %assign/vec4 v0x150244460_0, 0;
    %pushi/vec4 1, 0, 1;
    %assign/vec4 v0x1502442c0_0, 0;
    %pushi/vec4 1, 0, 1;
    %assign/vec4 v0x150243c00_0, 0;
    %delay 1500, 0;
    %pushi/vec4 0, 0, 1;
    %assign/vec4 v0x150244460_0, 0;
    %pushi/vec4 0, 0, 1;
    %assign/vec4 v0x1502442c0_0, 0;
    %pushi/vec4 0, 0, 1;
    %assign/vec4 v0x150243c00_0, 0;
    %jmp T_65.15;
T_65.14 ;
    %delay 500, 0;
    %pushi/vec4 1, 0, 1;
    %assign/vec4 v0x150243cd0_0, 0;
    %pushi/vec4 1, 0, 1;
    %assign/vec4 v0x1502433a0_0, 0;
    %pushi/vec4 1, 0, 1;
    %assign/vec4 v0x150244530_0, 0;
    %delay 1500, 0;
    %pushi/vec4 0, 0, 1;
    %assign/vec4 v0x150243cd0_0, 0;
    %pushi/vec4 0, 0, 1;
    %assign/vec4 v0x1502433a0_0, 0;
    %pushi/vec4 0, 0, 1;
    %assign/vec4 v0x150244530_0, 0;
    %jmp T_65.15;
T_65.15 ;
    %pop/vec4 1;
    %jmp T_65;
    .thread T_65, $push;
    .scope S_0x146eff730;
T_66 ;
    %vpi_call 2 183 "$dumpfile", "de_tb.vcd" {0 0 0};
    %vpi_call 2 184 "$dumpvars" {0 0 0};
    %end;
    .thread T_66;
    .scope S_0x146eff730;
T_67 ;
    %delay 50000, 0;
    %vpi_call 2 190 "$display", "Simulation complete." {0 0 0};
    %vpi_call 2 191 "$finish" {0 0 0};
    %end;
    .thread T_67;
# The file index is used to find the file name in the following table.
:file_names 27;
    "N/A";
    "<interactive>";
    "ld_tb.v";
    "DataPath.v";
    "ALU.v";
    "collective_add.v";
    "adder.v";
    "and_op.v";
    "non_restore_div.v";
    "boothMul.v";
    "neg.v";
    "not_op.v";
    "or_op.v";
    "rol.v";
    "ror.v";
    "shl.v";
    "shr.v";
    "shra.v";
    "subtract.v";
    "Bus.v";
    "register.v";
    "MAR.v";
    "MDR.v";
    "PC.v";
    "RAM.v";
    "R0.v";
    "Select_Encode.v";
