#! /opt/homebrew/Cellar/icarus-verilog/12.0/bin/vvp
:ivl_version "12.0 (stable)";
:ivl_delay_selection "TYPICAL";
:vpi_time_precision - 11;
:vpi_module "/opt/homebrew/Cellar/icarus-verilog/12.0/lib/ivl/system.vpi";
:vpi_module "/opt/homebrew/Cellar/icarus-verilog/12.0/lib/ivl/vhdl_sys.vpi";
:vpi_module "/opt/homebrew/Cellar/icarus-verilog/12.0/lib/ivl/vhdl_textio.vpi";
:vpi_module "/opt/homebrew/Cellar/icarus-verilog/12.0/lib/ivl/v2005_math.vpi";
:vpi_module "/opt/homebrew/Cellar/icarus-verilog/12.0/lib/ivl/va_math.vpi";
S_0x125635490 .scope module, "in_out_tb" "in_out_tb" 2 2;
 .timescale -9 -11;
P_0x12569feb0 .param/l "Default" 0 2 16, C4<0000>;
P_0x12569fef0 .param/l "Reg_load1a" 0 2 16, C4<0001>;
P_0x12569ff30 .param/l "Reg_load1b" 0 2 16, C4<0010>;
P_0x12569ff70 .param/l "Reg_load1c" 0 2 16, C4<0011>;
P_0x12569ffb0 .param/l "Reg_load1d" 0 2 17, C4<0100>;
P_0x12569fff0 .param/l "Reg_load1e" 0 2 17, C4<0101>;
P_0x1256a0030 .param/l "Reg_load1f" 0 2 17, C4<0110>;
P_0x1256a0070 .param/l "T0" 0 2 17, C4<0111>;
P_0x1256a00b0 .param/l "T1" 0 2 18, C4<1000>;
P_0x1256a00f0 .param/l "T2" 0 2 18, C4<1001>;
P_0x1256a0130 .param/l "T3" 0 2 18, C4<1010>;
v0x125637220_0 .var "BAout", 0 0;
v0x125863380_0 .var "Clear", 0 0;
v0x125863410_0 .var "Clock", 0 0;
v0x1258634a0_0 .var "Cout", 0 0;
v0x125863530_0 .var "Gra", 0 0;
v0x1258635c0_0 .var "Grb", 0 0;
v0x125863650_0 .var "Grc", 0 0;
v0x1258636e0_0 .var "HIin", 0 0;
v0x1258637b0_0 .var "HIout", 0 0;
v0x1258638c0_0 .var "IRin", 0 0;
v0x125863990_0 .var "In_Port_out", 0 0;
v0x125863a60_0 .var "LOin", 0 0;
v0x125863b30_0 .var "LOout", 0 0;
v0x125863bc0_0 .var "MARin", 0 0;
v0x125863c90_0 .var "MDRin", 0 0;
v0x125863d60_0 .var "MDRout", 0 0;
v0x125863e30_0 .var "Mdatain", 31 0;
v0x125863fc0_0 .var "PC", 31 0;
v0x125864050_0 .var "PC_tb_enable", 0 0;
v0x1258640e0_0 .var "PCin", 0 0;
v0x1258641b0_0 .var "PCout", 0 0;
v0x125864280_0 .var "Present_state", 3 0;
v0x125864310_0 .var "RAM_read", 0 0;
v0x1258643a0_0 .var "RAM_write", 0 0;
v0x125864470_0 .var "Read", 0 0;
v0x125864540_0 .var "Rin", 0 0;
v0x125864610_0 .var "Rout", 0 0;
v0x1258646e0_0 .var "Write", 0 0;
v0x125864770_0 .var "Yin", 0 0;
v0x125864840_0 .var "Z_high_out", 0 0;
v0x125864910_0 .var "Zin", 0 0;
v0x1258649a0_0 .var "Zlowout", 0 0;
v0x125864a70_0 .var "control", 4 0;
v0x125863f00_0 .var "in_enable", 15 0;
v0x125864d00_0 .var "input_port_unit", 31 0;
v0x125864dd0_0 .var "out_enable", 15 0;
v0x125864e60_0 .var "output_port_in", 0 0;
E_0x1256f5340 .event anyedge, v0x125864280_0;
S_0x1256364a0 .scope module, "DUT" "DataPath" 2 22, 3 1 0, S_0x125635490;
 .timescale -9 -11;
    .port_info 0 /INPUT 1 "Clock";
    .port_info 1 /INPUT 1 "Clear";
    .port_info 2 /INPUT 1 "Zin";
    .port_info 3 /INPUT 1 "PCin";
    .port_info 4 /INPUT 1 "MDRin";
    .port_info 5 /INPUT 1 "IRin";
    .port_info 6 /INPUT 1 "Yin";
    .port_info 7 /INPUT 1 "MARin";
    .port_info 8 /INPUT 1 "LOin";
    .port_info 9 /INPUT 1 "HIin";
    .port_info 10 /INPUT 1 "Read";
    .port_info 11 /INPUT 32 "Mdatain";
    .port_info 12 /INPUT 32 "input_port_unit";
    .port_info 13 /INPUT 5 "control";
    .port_info 14 /INPUT 1 "PCout";
    .port_info 15 /INPUT 1 "MDRout";
    .port_info 16 /INPUT 1 "HIout";
    .port_info 17 /INPUT 1 "LOout";
    .port_info 18 /INPUT 1 "Z_high_out";
    .port_info 19 /INPUT 1 "Z_low_out";
    .port_info 20 /INPUT 1 "In_Port_out";
    .port_info 21 /INPUT 1 "Cout";
    .port_info 22 /INPUT 1 "RAM_read";
    .port_info 23 /INPUT 1 "RAM_write";
    .port_info 24 /INPUT 1 "output_port_in";
    .port_info 25 /INPUT 1 "Gra";
    .port_info 26 /INPUT 1 "Grb";
    .port_info 27 /INPUT 1 "Grc";
    .port_info 28 /INPUT 1 "Rin";
    .port_info 29 /INPUT 1 "Rout";
    .port_info 30 /INPUT 1 "BAout";
    .port_info 31 /INPUT 1 "PC_tb_enable";
    .port_info 32 /INPUT 1 "CONin";
    .port_info 33 /INPUT 1 "In_port";
    .port_info 34 /INPUT 32 "PC_tb_value";
    .port_info 35 /INPUT 1 "CON";
P_0x1256f5f00 .param/l "DATA_WIDTH" 0 3 1, +C4<00000000000000000000000000100000>;
v0x12585f020_0 .net "ALU_result", 63 0, v0x125849010_0;  1 drivers
v0x12585f0f0_0 .net "BA_out", 0 0, v0x135705720_0;  1 drivers
v0x12585f180_0 .net "BAout", 0 0, v0x125637220_0;  1 drivers
v0x12585f270_0 .net "BusMuxIn_MDR", 31 0, v0x125850690_0;  1 drivers
v0x12585f300_0 .net "BusMuxOut", 31 0, v0x12584c720_0;  1 drivers
v0x12585f3d0_0 .net "BusMuxOut_In_Port", 31 0, L_0x125864f30;  1 drivers
v0x12585f4a0_0 .net "CON", 0 0, v0x12584d1b0_0;  1 drivers
o0x128059390 .functor BUFZ 1, C4<z>; HiZ drive
v0x12585f530_0 .net "CONin", 0 0, o0x128059390;  0 drivers
v0x12585f5c0_0 .net "C_out", 0 0, v0x135706020_0;  1 drivers
v0x12585f6d0_0 .net "C_sign_extended", 31 0, v0x12585cec0_0;  1 drivers
v0x12585f760_0 .net "Clear", 0 0, v0x125863380_0;  1 drivers
v0x12585f7f0_0 .net "Clock", 0 0, v0x125863410_0;  1 drivers
v0x12585f880_0 .net "Cout", 0 0, v0x1258634a0_0;  1 drivers
v0x12585f950_0 .net "Data", 31 0, v0x125852320_0;  1 drivers
RS_0x128040070 .resolv tri, v0x135756740_0, v0x125863530_0;
v0x12585fa20_0 .net8 "Gra", 0 0, RS_0x128040070;  2 drivers
RS_0x1280400a0 .resolv tri, v0x135753330_0, v0x1258635c0_0;
v0x12585faf0_0 .net8 "Grb", 0 0, RS_0x1280400a0;  2 drivers
RS_0x1280400d0 .resolv tri, v0x135768a50_0, v0x125863650_0;
v0x12585fbc0_0 .net8 "Grc", 0 0, RS_0x1280400d0;  2 drivers
v0x12585fd50_0 .net "HI", 31 0, L_0x125866b70;  1 drivers
v0x12585fde0_0 .net "HI_enable", 0 0, v0x13578fb50_0;  1 drivers
v0x12585fe70_0 .net "HI_out", 0 0, v0x1256d3440_0;  1 drivers
v0x12585ff00_0 .net "HIin", 0 0, v0x1258636e0_0;  1 drivers
v0x12585ff90_0 .net "HIout", 0 0, v0x1258637b0_0;  1 drivers
v0x125860020_0 .net "IR", 31 0, L_0x1258667d0;  1 drivers
v0x125860130_0 .net "IR_enable", 0 0, v0x12564a2c0_0;  1 drivers
v0x1258601c0_0 .net "IRin", 0 0, v0x1258638c0_0;  1 drivers
v0x125860250_0 .net "In_Port_out", 0 0, v0x125863990_0;  1 drivers
o0x128062090 .functor BUFZ 1, C4<z>; HiZ drive
v0x1258602e0_0 .net "In_port", 0 0, o0x128062090;  0 drivers
v0x125860370_0 .net "IncPC", 0 0, v0x1257a5c40_0;  1 drivers
v0x125860400_0 .net "LO", 31 0, L_0x125866be0;  1 drivers
v0x1258604d0_0 .net "LO_enable", 0 0, v0x125761490_0;  1 drivers
v0x125860560_0 .net "LO_out", 0 0, v0x12571bc70_0;  1 drivers
v0x1258605f0_0 .net "LOin", 0 0, v0x125863a60_0;  1 drivers
v0x1258606a0_0 .net "LOout", 0 0, v0x125863b30_0;  1 drivers
v0x12585fc50_0 .net "MAR_address_out", 8 0, L_0x1258cc060;  1 drivers
v0x125860930_0 .net "MAR_enable", 0 0, v0x125635e30_0;  1 drivers
v0x1258609c0_0 .net "MARin", 0 0, v0x125863bc0_0;  1 drivers
v0x125860a50_0 .net "MDR_enable", 0 0, v0x1256396c0_0;  1 drivers
v0x125860b00_0 .net "MDR_out", 0 0, v0x12562d1d0_0;  1 drivers
v0x125860bb0_0 .net "MDRin", 0 0, v0x125863c90_0;  1 drivers
v0x125860c60_0 .net "MDRout", 0 0, v0x125863d60_0;  1 drivers
v0x125860d10_0 .net "Mdatain", 31 0, v0x125863e30_0;  1 drivers
v0x125860da0_0 .net "PC", 31 0, L_0x125866730;  1 drivers
v0x125860e70_0 .net "PC_enable", 0 0, v0x12562c1a0_0;  1 drivers
v0x125860f00_0 .net "PC_out", 0 0, v0x1256270d0_0;  1 drivers
v0x125860fb0_0 .net "PC_tb_enable", 0 0, v0x125864050_0;  1 drivers
v0x125861060_0 .net "PC_tb_value", 31 0, v0x125863fc0_0;  1 drivers
v0x125861110_0 .net "PCin", 0 0, v0x1258640e0_0;  1 drivers
v0x1258611c0_0 .net "PCout", 0 0, v0x1258641b0_0;  1 drivers
v0x125861270_0 .net "R0", 31 0, L_0x125865050;  1 drivers
v0x125861340_0 .net "R1", 31 0, L_0x125865250;  1 drivers
v0x125861410_0 .net "R10", 31 0, L_0x125865df0;  1 drivers
v0x1258614e0_0 .net "R11", 31 0, L_0x125865f80;  1 drivers
v0x1258615b0_0 .net "R12", 31 0, L_0x1258660b0;  1 drivers
v0x125861680_0 .net "R13", 31 0, L_0x125866250;  1 drivers
v0x125861750_0 .net "R14", 31 0, L_0x125866380;  1 drivers
v0x125861820_0 .net "R15", 31 0, L_0x1258661e0;  1 drivers
v0x1258618f0_0 .net "R2", 31 0, L_0x125865360;  1 drivers
v0x1258619c0_0 .net "R3", 31 0, L_0x1258654f0;  1 drivers
v0x125861a90_0 .net "R4", 31 0, L_0x125865600;  1 drivers
v0x125861b60_0 .net "R5", 31 0, L_0x125865710;  1 drivers
v0x125861c30_0 .net "R6", 31 0, L_0x125865820;  1 drivers
v0x125861d00_0 .net "R7", 31 0, L_0x125865a50;  1 drivers
v0x125861dd0_0 .net "R8", 31 0, L_0x125865b80;  1 drivers
v0x125861ea0_0 .net "R9", 31 0, L_0x125865ce0;  1 drivers
RS_0x1280403d0 .resolv tri, v0x125631290_0, v0x125864310_0;
v0x125861f70_0 .net8 "RAM_read", 0 0, RS_0x1280403d0;  2 drivers
v0x125860770_0 .net "RAM_write", 0 0, v0x1258643a0_0;  1 drivers
v0x125860800_0 .net "RAM_write_enable", 0 0, v0x125626110_0;  1 drivers
v0x125860890_0 .net "R_in", 0 0, v0x1256332f0_0;  1 drivers
v0x125862000_0 .net "R_out", 0 0, v0x1256322c0_0;  1 drivers
v0x125862090_0 .net "Read", 0 0, v0x125864470_0;  1 drivers
v0x125862120_0 .net "Rin", 0 0, v0x125864540_0;  1 drivers
v0x1258621b0_0 .net "Rout", 0 0, v0x125864610_0;  1 drivers
v0x125862240_0 .net "Run", 0 0, v0x125630260_0;  1 drivers
v0x1258622d0_0 .net "Y", 31 0, v0x12585de60_0;  1 drivers
v0x125862360_0 .net "Y_enable", 0 0, v0x12562f230_0;  1 drivers
v0x1258623f0_0 .net "Yin", 0 0, v0x125864770_0;  1 drivers
v0x125862480_0 .net "ZLow_out", 0 0, v0x125625120_0;  1 drivers
v0x125862510_0 .net "Z_enable", 0 0, v0x125624150_0;  1 drivers
v0x1258625a0_0 .net "Z_high", 31 0, L_0x125866a60;  1 drivers
v0x125862670_0 .net "Z_high_out", 0 0, v0x125864840_0;  1 drivers
v0x125862700_0 .net "Z_low", 31 0, L_0x125866840;  1 drivers
v0x1258627d0_0 .net "Z_low_out", 0 0, v0x1258649a0_0;  1 drivers
v0x125862860_0 .net "Zin", 0 0, v0x125864910_0;  1 drivers
o0x128040520 .functor BUFZ 1, C4<z>; HiZ drive
v0x125862930_0 .net "cl", 0 0, o0x128040520;  0 drivers
o0x1280404f0 .functor BUFZ 1, C4<z>; HiZ drive
v0x1258629c0_0 .net "clk", 0 0, o0x1280404f0;  0 drivers
v0x125862a50_0 .net "con_in", 0 0, v0x125635180_0;  1 drivers
v0x125862ae0_0 .net "control", 4 0, v0x125864a70_0;  1 drivers
v0x125862b70_0 .net "in_enable", 15 0, v0x12585d310_0;  1 drivers
v0x125862c00_0 .net "in_port_enable", 0 0, v0x125622280_0;  1 drivers
v0x125862c90_0 .net "in_port_out", 0 0, v0x1257ea700_0;  1 drivers
v0x125862d40_0 .net "input_port_unit", 31 0, v0x125864d00_0;  1 drivers
v0x125862df0_0 .net "out_enable", 15 0, v0x12585d4b0_0;  1 drivers
v0x125862ea0_0 .net "out_port_enable", 0 0, v0x125636e10_0;  1 drivers
v0x125862f50_0 .net "output_port_in", 0 0, v0x125864e60_0;  1 drivers
v0x125863000_0 .net "output_port_unit", 31 0, L_0x125864fa0;  1 drivers
o0x128040670 .functor BUFZ 1, C4<z>; HiZ drive
v0x1258630b0_0 .net "stop", 0 0, o0x128040670;  0 drivers
L_0x125865170 .part v0x12585d310_0, 0, 1;
L_0x1258652c0 .part v0x12585d310_0, 1, 1;
L_0x1258653d0 .part v0x12585d310_0, 2, 1;
L_0x125865560 .part v0x12585d310_0, 3, 1;
L_0x125865670 .part v0x12585d310_0, 4, 1;
L_0x125865780 .part v0x12585d310_0, 5, 1;
L_0x125865890 .part v0x12585d310_0, 6, 1;
L_0x125865ae0 .part v0x12585d310_0, 7, 1;
L_0x125865bf0 .part v0x12585d310_0, 8, 1;
L_0x125865d50 .part v0x12585d310_0, 9, 1;
L_0x125865e60 .part v0x12585d310_0, 10, 1;
L_0x125866010 .part v0x12585d310_0, 11, 1;
L_0x125866120 .part v0x12585d310_0, 12, 1;
L_0x1258662e0 .part v0x12585d310_0, 13, 1;
L_0x1258663f0 .part v0x12585d310_0, 14, 1;
L_0x125866690 .part v0x12585d310_0, 15, 1;
L_0x1258668d0 .part v0x125849010_0, 0, 32;
L_0x125866ad0 .part v0x125849010_0, 32, 32;
L_0x1258cc170 .part v0x12585d4b0_0, 0, 1;
L_0x1258cc2f0 .part v0x12585d4b0_0, 1, 1;
L_0x1258cc390 .part v0x12585d4b0_0, 2, 1;
L_0x1258cc250 .part v0x12585d4b0_0, 3, 1;
L_0x1258cc4e0 .part v0x12585d4b0_0, 4, 1;
L_0x1258cc640 .part v0x12585d4b0_0, 5, 1;
L_0x1258cc430 .part v0x12585d4b0_0, 6, 1;
L_0x1258cc8b0 .part v0x12585d4b0_0, 7, 1;
L_0x1258cc580 .part v0x12585d4b0_0, 8, 1;
L_0x1258cca30 .part v0x12585d4b0_0, 9, 1;
L_0x1258cc7e0 .part v0x12585d4b0_0, 10, 1;
L_0x1258ccbc0 .part v0x12585d4b0_0, 11, 1;
L_0x1258cc950 .part v0x12585d4b0_0, 12, 1;
L_0x1258ccd60 .part v0x12585d4b0_0, 13, 1;
L_0x1258ccad0 .part v0x12585d4b0_0, 14, 1;
L_0x1258ccc60 .part v0x12585d4b0_0, 15, 1;
S_0x12562c870 .scope module, "CU" "control_unit" 3 348, 4 2 0, S_0x1256364a0;
 .timescale -9 -11;
    .port_info 0 /OUTPUT 1 "PC_out";
    .port_info 1 /OUTPUT 1 "ZHigh_out";
    .port_info 2 /OUTPUT 1 "MDR_out";
    .port_info 3 /OUTPUT 1 "MAR_enable";
    .port_info 4 /OUTPUT 1 "PC_enable";
    .port_info 5 /OUTPUT 1 "MDR_enable";
    .port_info 6 /OUTPUT 1 "IR_enable";
    .port_info 7 /OUTPUT 1 "Y_enable";
    .port_info 8 /OUTPUT 1 "IncPC";
    .port_info 9 /OUTPUT 1 "Read";
    .port_info 10 /OUTPUT 1 "HI_enable";
    .port_info 11 /OUTPUT 1 "LO_enable";
    .port_info 12 /OUTPUT 1 "HI_out";
    .port_info 13 /OUTPUT 1 "LO_out";
    .port_info 14 /OUTPUT 1 "Z_enable";
    .port_info 15 /OUTPUT 1 "C_out";
    .port_info 16 /OUTPUT 1 "RAM_write_enable";
    .port_info 17 /OUTPUT 1 "Gra";
    .port_info 18 /OUTPUT 1 "Grb";
    .port_info 19 /OUTPUT 1 "Grc";
    .port_info 20 /OUTPUT 1 "R_in";
    .port_info 21 /OUTPUT 1 "R_out";
    .port_info 22 /OUTPUT 1 "BA_out";
    .port_info 23 /OUTPUT 1 "con_in";
    .port_info 24 /OUTPUT 1 "in_port_enable";
    .port_info 25 /OUTPUT 1 "out_port_enable";
    .port_info 26 /OUTPUT 1 "in_port_out";
    .port_info 27 /OUTPUT 1 "Run";
    .port_info 28 /OUTPUT 1 "ZLow_out";
    .port_info 29 /INPUT 32 "IR";
    .port_info 30 /INPUT 1 "clk";
    .port_info 31 /INPUT 1 "clr";
    .port_info 32 /INPUT 1 "stop";
P_0x12574fd20 .param/l "and3" 0 4 48, C4<00000100>;
P_0x12574fd60 .param/l "and4" 0 4 49, C4<00000101>;
P_0x12574fda0 .param/l "and5" 0 4 50, C4<00000110>;
P_0x12574fde0 .param/l "fetch0" 0 4 44, C4<00000001>;
P_0x12574fe20 .param/l "fetch1" 0 4 45, C4<00000010>;
P_0x12574fe60 .param/l "fetch2" 0 4 46, C4<00000011>;
P_0x12574fea0 .param/l "halt_state" 0 4 51, C4<01001100>;
P_0x12574fee0 .param/l "reset_state" 0 4 43, C4<00000000>;
v0x135705720_0 .var "BA_out", 0 0;
v0x135706020_0 .var "C_out", 0 0;
v0x135756740_0 .var "Gra", 0 0;
v0x135753330_0 .var "Grb", 0 0;
v0x135768a50_0 .var "Grc", 0 0;
v0x13578fb50_0 .var "HI_enable", 0 0;
v0x1256d3440_0 .var "HI_out", 0 0;
v0x12568ea70_0 .net "IR", 31 0, L_0x1258667d0;  alias, 1 drivers
v0x12564a2c0_0 .var "IR_enable", 0 0;
v0x1257a5c40_0 .var "IncPC", 0 0;
v0x125761490_0 .var "LO_enable", 0 0;
v0x12571bc70_0 .var "LO_out", 0 0;
v0x125635e30_0 .var "MAR_enable", 0 0;
v0x1256396c0_0 .var "MDR_enable", 0 0;
v0x12562d1d0_0 .var "MDR_out", 0 0;
v0x12562c1a0_0 .var "PC_enable", 0 0;
v0x1256270d0_0 .var "PC_out", 0 0;
v0x125626110_0 .var "RAM_write_enable", 0 0;
v0x1256332f0_0 .var "R_in", 0 0;
v0x1256322c0_0 .var "R_out", 0 0;
v0x125631290_0 .var "Read", 0 0;
v0x125630260_0 .var "Run", 0 0;
v0x12562f230_0 .var "Y_enable", 0 0;
v0x12562e200_0 .var "ZHigh_out", 0 0;
v0x125625120_0 .var "ZLow_out", 0 0;
v0x125624150_0 .var "Z_enable", 0 0;
v0x125622f50_0 .net "clk", 0 0, o0x1280404f0;  alias, 0 drivers
v0x1256389f0_0 .net "clr", 0 0, o0x128040520;  alias, 0 drivers
v0x125635180_0 .var "con_in", 0 0;
v0x125622280_0 .var "in_port_enable", 0 0;
v0x1257ea700_0 .var "in_port_out", 0 0;
v0x125806510_0 .var "next_state", 7 0;
v0x125636e10_0 .var "out_port_enable", 0 0;
v0x12562b160_0 .var "present_state", 7 0;
v0x12562a130_0 .net "stop", 0 0, o0x128040670;  alias, 0 drivers
E_0x12566c240 .event anyedge, v0x12562b160_0;
E_0x12566c1c0 .event anyedge, v0x12562b160_0, v0x12568ea70_0;
E_0x12566cd80 .event posedge, v0x12562a130_0, v0x1256389f0_0, v0x125622f50_0;
S_0x12562b840 .scope module, "alu" "ALU" 3 259, 5 1 0, S_0x1256364a0;
 .timescale -9 -11;
    .port_info 0 /INPUT 32 "a";
    .port_info 1 /INPUT 32 "b";
    .port_info 2 /INPUT 5 "control";
    .port_info 3 /OUTPUT 64 "Z_reg";
P_0x135765a40 .param/l "DATA_WIDTH" 0 5 1, +C4<00000000000000000000000000100000>;
v0x125849010_0 .var "Z_reg", 63 0;
v0x1258490d0_0 .net "a", 31 0, v0x12585de60_0;  alias, 1 drivers
v0x125849170_0 .net "add_result", 31 0, L_0x125888030;  1 drivers
v0x125849220_0 .net "and_result", 31 0, L_0x1258cabf0;  1 drivers
v0x1258492d0_0 .net "b", 31 0, v0x12584c720_0;  alias, 1 drivers
v0x1258493a0_0 .net "control", 4 0, v0x125864a70_0;  alias, 1 drivers
RS_0x128047f30 .resolv tri, L_0x1258875b0, L_0x1258a89b0, L_0x1258ca020;
v0x125849440_0 .net8 "cout", 0 0, RS_0x128047f30;  3 drivers
v0x1258494d0_0 .net "div_result", 63 0, v0x125810ed0_0;  1 drivers
v0x125849570_0 .net "mul_result", 63 0, v0x125811a60_0;  1 drivers
v0x1258496a0_0 .net "neg_result", 31 0, L_0x1258cbe70;  1 drivers
v0x125849730_0 .net "not_result", 31 0, L_0x1258cbfb0;  1 drivers
v0x1258497c0_0 .net "or_result", 31 0, L_0x1258caca0;  1 drivers
v0x125849870_0 .net "pc_result", 31 0, L_0x1258a9430;  1 drivers
v0x125849920_0 .var "result", 31 0;
v0x1258499c0_0 .net "rol_result", 31 0, L_0x1258cbd40;  1 drivers
v0x125849a80_0 .net "ror_result", 31 0, L_0x1258cb830;  1 drivers
v0x125849b30_0 .net "shl_result", 31 0, L_0x1258cb390;  1 drivers
v0x125849ce0_0 .net "shr_result", 31 0, L_0x1258caf50;  1 drivers
v0x125849d70_0 .net "shra_result", 31 0, L_0x1258cb110;  1 drivers
v0x125849e00_0 .net "sub_result", 31 0, L_0x1258cab20;  1 drivers
E_0x135764ee0 .event anyedge, v0x125849920_0;
E_0x13576a200/0 .event anyedge, v0x1258493a0_0, v0x125810890_0, v0x1258489f0_0, v0x125810bb0_0;
E_0x13576a200/1 .event anyedge, v0x1258124e0_0, v0x12582ba50_0, v0x12582b260_0, v0x12582c5a0_0;
E_0x13576a200/2 .event anyedge, v0x12582cb30_0, v0x12582c010_0, v0x125810ed0_0, v0x125811a60_0;
E_0x13576a200/3 .event anyedge, v0x125811f30_0, v0x1258121c0_0, v0x12582a8c0_0;
E_0x13576a200 .event/or E_0x13576a200/0, E_0x13576a200/1, E_0x13576a200/2, E_0x13576a200/3;
S_0x12562a810 .scope module, "ADD" "collective_add" 5 18, 6 22 0, S_0x12562b840;
 .timescale -9 -11;
    .port_info 0 /INPUT 32 "d1";
    .port_info 1 /INPUT 32 "d2";
    .port_info 2 /INPUT 1 "cin";
    .port_info 3 /OUTPUT 32 "sum";
    .port_info 4 /OUTPUT 1 "cout";
P_0x135764790 .param/l "DATA_WIDTH" 0 6 22, +C4<00000000000000000000000000100000>;
v0x1258105c0_0 .net "c1", 0 0, L_0x125876d00;  1 drivers
L_0x128078058 .functor BUFT 1, C4<0>, C4<0>, C4<0>, C4<0>;
v0x125810650_0 .net "cin", 0 0, L_0x128078058;  1 drivers
v0x1258106e0_0 .net8 "cout", 0 0, RS_0x128047f30;  alias, 3 drivers
v0x125810770_0 .net "d1", 31 0, v0x12585de60_0;  alias, 1 drivers
v0x125810800_0 .net "d2", 31 0, v0x12584c720_0;  alias, 1 drivers
v0x125810890_0 .net "sum", 31 0, L_0x125888030;  alias, 1 drivers
L_0x125877640 .part v0x12585de60_0, 0, 16;
L_0x1258776e0 .part v0x12584c720_0, 0, 16;
L_0x125887ef0 .part v0x12585de60_0, 16, 16;
L_0x125887f90 .part v0x12584c720_0, 16, 16;
L_0x125888030 .concat8 [ 16 16 0 0], L_0x125877490, L_0x125887d40;
S_0x1256297e0 .scope module, "n1" "cla16" 6 32, 6 4 0, S_0x12562a810;
 .timescale -9 -11;
    .port_info 0 /INPUT 16 "d1";
    .port_info 1 /INPUT 16 "d2";
    .port_info 2 /INPUT 1 "cin";
    .port_info 3 /OUTPUT 16 "sum";
    .port_info 4 /OUTPUT 1 "cout";
P_0x135767d80 .param/l "DATA_WIDTH" 0 6 4, +C4<00000000000000000000000000100000>;
v0x125621980_0 .net "c1", 0 0, L_0x12586a810;  1 drivers
v0x125621a10_0 .net "c2", 0 0, L_0x12586e9c0;  1 drivers
v0x125637410_0 .net "c3", 0 0, L_0x125872b80;  1 drivers
v0x1256374a0_0 .net "cin", 0 0, L_0x128078058;  alias, 1 drivers
v0x1256c27e0_0 .net "cout", 0 0, L_0x125876d00;  alias, 1 drivers
v0x1256c2870_0 .net "d1", 15 0, L_0x125877640;  1 drivers
v0x12567dc80_0 .net "d2", 15 0, L_0x1258776e0;  1 drivers
v0x12567dd10_0 .net "sum", 15 0, L_0x125877490;  1 drivers
L_0x12586ade0 .part L_0x125877640, 0, 4;
L_0x12586ae80 .part L_0x1258776e0, 0, 4;
L_0x12586ef90 .part L_0x125877640, 4, 4;
L_0x12586f030 .part L_0x1258776e0, 4, 4;
L_0x125873150 .part L_0x125877640, 8, 4;
L_0x1258731f0 .part L_0x1258776e0, 8, 4;
L_0x1258772d0 .part L_0x125877640, 12, 4;
L_0x125877370 .part L_0x1258776e0, 12, 4;
L_0x125877490 .concat8 [ 4 4 4 4], L_0x12586a9d0, L_0x12586eb80, L_0x125872d80, L_0x125876f00;
S_0x1256287b0 .scope module, "n1" "cla_4" 6 14, 7 3 0, S_0x1256297e0;
 .timescale -9 -11;
    .port_info 0 /INPUT 4 "a";
    .port_info 1 /INPUT 4 "b";
    .port_info 2 /INPUT 1 "cin";
    .port_info 3 /OUTPUT 4 "sum";
    .port_info 4 /OUTPUT 1 "cout";
L_0x125866ce0 .functor XOR 4, L_0x12586ade0, L_0x12586ae80, C4<0000>, C4<0000>;
L_0x125866dd0 .functor AND 4, L_0x12586ade0, L_0x12586ae80, C4<1111>, C4<1111>;
L_0x125866f00 .functor BUFZ 1, L_0x128078058, C4<0>, C4<0>, C4<0>;
L_0x125867230 .functor AND 1, L_0x125867070, L_0x125867150, C4<1>, C4<1>;
L_0x125867360 .functor OR 1, L_0x125866f70, L_0x125867230, C4<0>, C4<0>;
L_0x125867710 .functor AND 1, L_0x125867520, L_0x1258675f0, C4<1>, C4<1>;
L_0x1258677e0 .functor OR 1, L_0x125867480, L_0x125867710, C4<0>, C4<0>;
L_0x125867ad0 .functor AND 1, L_0x125867910, L_0x125867a30, C4<1>, C4<1>;
L_0x125867cf0 .functor AND 1, L_0x125867ad0, L_0x125867bc0, C4<1>, C4<1>;
L_0x125867df0 .functor OR 1, L_0x1258677e0, L_0x125867cf0, C4<0>, C4<0>;
L_0x1258682e0 .functor AND 1, L_0x125868130, L_0x1258681d0, C4<1>, C4<1>;
L_0x1258683f0 .functor OR 1, L_0x125868030, L_0x1258682e0, C4<0>, C4<0>;
L_0x125868270 .functor AND 1, L_0x1258684a0, L_0x125868540, C4<1>, C4<1>;
L_0x125868870 .functor AND 1, L_0x125868270, L_0x1258687d0, C4<1>, C4<1>;
L_0x125868920 .functor OR 1, L_0x1258683f0, L_0x125868870, C4<0>, C4<0>;
L_0x125868760 .functor AND 1, L_0x125868a90, L_0x125868bc0, C4<1>, C4<1>;
L_0x125868de0 .functor AND 1, L_0x125868760, L_0x125868ca0, C4<1>, C4<1>;
L_0x125868fa0 .functor AND 1, L_0x125868de0, L_0x125868f00, C4<1>, C4<1>;
L_0x125869070 .functor OR 1, L_0x125868920, L_0x125868fa0, C4<0>, C4<0>;
L_0x125867690 .functor AND 1, L_0x125868d40, L_0x1258693e0, C4<1>, C4<1>;
L_0x125869580 .functor OR 1, L_0x125869240, L_0x125867690, C4<0>, C4<0>;
L_0x125869890 .functor AND 1, L_0x1258691a0, L_0x125869720, C4<1>, C4<1>;
L_0x1258699c0 .functor AND 1, L_0x125869890, L_0x125869920, C4<1>, C4<1>;
L_0x125869b70 .functor OR 1, L_0x125869580, L_0x1258699c0, C4<0>, C4<0>;
L_0x1258697c0 .functor AND 1, L_0x125869be0, L_0x125869d60, C4<1>, C4<1>;
L_0x125869ab0 .functor AND 1, L_0x1258697c0, L_0x125868620, C4<1>, C4<1>;
L_0x12586a1c0 .functor AND 1, L_0x125869ab0, L_0x125869cc0, C4<1>, C4<1>;
L_0x12586a390 .functor OR 1, L_0x125869b70, L_0x12586a1c0, C4<0>, C4<0>;
L_0x12586a080 .functor AND 1, L_0x12586a400, L_0x12586a5a0, C4<1>, C4<1>;
L_0x12586a2b0 .functor AND 1, L_0x12586a080, L_0x12586a730, C4<1>, C4<1>;
L_0x12586a8e0 .functor AND 1, L_0x12586a2b0, L_0x12586a4e0, C4<1>, C4<1>;
L_0x12586a640 .functor AND 1, L_0x12586a8e0, L_0x12586aad0, C4<1>, C4<1>;
L_0x12586a810 .functor OR 1, L_0x12586a390, L_0x12586a640, C4<0>, C4<0>;
L_0x12586a9d0 .functor XOR 4, L_0x125866ce0, L_0x125867ea0, C4<0000>, C4<0000>;
v0x125629100_0 .net "G", 3 0, L_0x125866dd0;  1 drivers
v0x1256280d0_0 .net "P", 3 0, L_0x125866ce0;  1 drivers
v0x125634470_0 .net *"_ivl_102", 0 0, L_0x125869920;  1 drivers
v0x1257eb400_0 .net *"_ivl_103", 0 0, L_0x1258699c0;  1 drivers
v0x135768f10_0 .net *"_ivl_105", 0 0, L_0x125869b70;  1 drivers
v0x125626580_0 .net *"_ivl_108", 0 0, L_0x125869be0;  1 drivers
v0x125627540_0 .net *"_ivl_11", 0 0, L_0x125866f70;  1 drivers
v0x1256337d0_0 .net *"_ivl_110", 0 0, L_0x125869d60;  1 drivers
v0x1256255a0_0 .net *"_ivl_111", 0 0, L_0x1258697c0;  1 drivers
v0x1256327a0_0 .net *"_ivl_114", 0 0, L_0x125868620;  1 drivers
v0x125631770_0 .net *"_ivl_115", 0 0, L_0x125869ab0;  1 drivers
v0x125630740_0 .net *"_ivl_118", 0 0, L_0x125869cc0;  1 drivers
v0x12562f710_0 .net *"_ivl_119", 0 0, L_0x12586a1c0;  1 drivers
v0x12562e6e0_0 .net *"_ivl_121", 0 0, L_0x12586a390;  1 drivers
v0x12562d6b0_0 .net *"_ivl_124", 0 0, L_0x12586a400;  1 drivers
v0x12562c680_0 .net *"_ivl_126", 0 0, L_0x12586a5a0;  1 drivers
v0x12562b650_0 .net *"_ivl_127", 0 0, L_0x12586a080;  1 drivers
v0x1256295f0_0 .net *"_ivl_13", 0 0, L_0x125867070;  1 drivers
v0x1256245d0_0 .net *"_ivl_130", 0 0, L_0x12586a730;  1 drivers
v0x125638db0_0 .net *"_ivl_131", 0 0, L_0x12586a2b0;  1 drivers
v0x1256339a0_0 .net *"_ivl_134", 0 0, L_0x12586a4e0;  1 drivers
v0x1256c2b20_0 .net *"_ivl_135", 0 0, L_0x12586a8e0;  1 drivers
v0x1256f5650_0 .net *"_ivl_138", 0 0, L_0x12586aad0;  1 drivers
v0x1256d35b0_0 .net *"_ivl_139", 0 0, L_0x12586a640;  1 drivers
v0x1256f5cf0_0 .net *"_ivl_15", 0 0, L_0x125867150;  1 drivers
v0x1256e5050_0 .net *"_ivl_16", 0 0, L_0x125867230;  1 drivers
v0x1256e4cf0_0 .net *"_ivl_18", 0 0, L_0x125867360;  1 drivers
v0x1256d3c80_0 .net *"_ivl_23", 0 0, L_0x125867480;  1 drivers
v0x1256c2fd0_0 .net *"_ivl_25", 0 0, L_0x125867520;  1 drivers
v0x1256c2c70_0 .net *"_ivl_27", 0 0, L_0x1258675f0;  1 drivers
v0x1256c2640_0 .net *"_ivl_28", 0 0, L_0x125867710;  1 drivers
v0x1256c2430_0 .net *"_ivl_30", 0 0, L_0x1258677e0;  1 drivers
v0x12567e060_0 .net *"_ivl_33", 0 0, L_0x125867910;  1 drivers
v0x12562a620_0 .net *"_ivl_35", 0 0, L_0x125867a30;  1 drivers
v0x12567de50_0 .net *"_ivl_36", 0 0, L_0x125867ad0;  1 drivers
v0x1256c1c90_0 .net *"_ivl_39", 0 0, L_0x125867bc0;  1 drivers
v0x1256b0c80_0 .net *"_ivl_40", 0 0, L_0x125867cf0;  1 drivers
v0x12568ebe0_0 .net *"_ivl_42", 0 0, L_0x125867df0;  1 drivers
v0x1256b1320_0 .net *"_ivl_48", 0 0, L_0x125868030;  1 drivers
v0x1256a0680_0 .net *"_ivl_50", 0 0, L_0x125868130;  1 drivers
v0x1256a0320_0 .net *"_ivl_52", 0 0, L_0x1258681d0;  1 drivers
v0x12568f2b0_0 .net *"_ivl_53", 0 0, L_0x1258682e0;  1 drivers
v0x12567e270_0 .net *"_ivl_55", 0 0, L_0x1258683f0;  1 drivers
v0x12567d4e0_0 .net *"_ivl_58", 0 0, L_0x1258684a0;  1 drivers
v0x12566c4d0_0 .net *"_ivl_60", 0 0, L_0x125868540;  1 drivers
v0x12564a430_0 .net *"_ivl_61", 0 0, L_0x125868270;  1 drivers
v0x12566cb70_0 .net *"_ivl_64", 0 0, L_0x1258687d0;  1 drivers
v0x12565bed0_0 .net *"_ivl_65", 0 0, L_0x125868870;  1 drivers
v0x12565bb70_0 .net *"_ivl_67", 0 0, L_0x125868920;  1 drivers
v0x12564ab00_0 .net *"_ivl_7", 0 0, L_0x125866f00;  1 drivers
v0x1257fb990_0 .net *"_ivl_70", 0 0, L_0x125868a90;  1 drivers
v0x1257fb6d0_0 .net *"_ivl_72", 0 0, L_0x125868bc0;  1 drivers
v0x1257fb410_0 .net *"_ivl_73", 0 0, L_0x125868760;  1 drivers
v0x1257fb150_0 .net *"_ivl_76", 0 0, L_0x125868ca0;  1 drivers
v0x1257fae90_0 .net *"_ivl_77", 0 0, L_0x125868de0;  1 drivers
v0x1257fabd0_0 .net *"_ivl_80", 0 0, L_0x125868f00;  1 drivers
v0x1257fa910_0 .net *"_ivl_81", 0 0, L_0x125868fa0;  1 drivers
v0x1257fa650_0 .net *"_ivl_83", 0 0, L_0x125869070;  1 drivers
v0x1257fa260_0 .net *"_ivl_86", 0 0, L_0x125869240;  1 drivers
v0x1257f9fa0_0 .net *"_ivl_88", 0 0, L_0x125868d40;  1 drivers
v0x1257f9ce0_0 .net *"_ivl_90", 0 0, L_0x1258693e0;  1 drivers
v0x1257f9a20_0 .net *"_ivl_91", 0 0, L_0x125867690;  1 drivers
v0x1257f9760_0 .net *"_ivl_93", 0 0, L_0x125869580;  1 drivers
v0x1257f94a0_0 .net *"_ivl_96", 0 0, L_0x1258691a0;  1 drivers
v0x1257f91e0_0 .net *"_ivl_98", 0 0, L_0x125869720;  1 drivers
v0x1257f8f20_0 .net *"_ivl_99", 0 0, L_0x125869890;  1 drivers
v0x1257f66e0_0 .net "a", 3 0, L_0x12586ade0;  1 drivers
v0x1257d9cf0_0 .net "b", 3 0, L_0x12586ae80;  1 drivers
v0x1257d9810_0 .net "c", 3 0, L_0x125867ea0;  1 drivers
v0x1257d9600_0 .net "cin", 0 0, L_0x128078058;  alias, 1 drivers
v0x125795230_0 .net "cout", 0 0, L_0x12586a810;  alias, 1 drivers
v0x125795020_0 .net "sum", 3 0, L_0x12586a9d0;  1 drivers
L_0x125866f70 .part L_0x125866dd0, 0, 1;
L_0x125867070 .part L_0x125866ce0, 0, 1;
L_0x125867150 .part L_0x125867ea0, 0, 1;
L_0x125867480 .part L_0x125866dd0, 1, 1;
L_0x125867520 .part L_0x125866ce0, 1, 1;
L_0x1258675f0 .part L_0x125866dd0, 0, 1;
L_0x125867910 .part L_0x125866ce0, 1, 1;
L_0x125867a30 .part L_0x125866ce0, 0, 1;
L_0x125867bc0 .part L_0x125867ea0, 0, 1;
L_0x125867ea0 .concat8 [ 1 1 1 1], L_0x125866f00, L_0x125867360, L_0x125867df0, L_0x125869070;
L_0x125868030 .part L_0x125866dd0, 2, 1;
L_0x125868130 .part L_0x125866ce0, 2, 1;
L_0x1258681d0 .part L_0x125866dd0, 1, 1;
L_0x1258684a0 .part L_0x125866ce0, 2, 1;
L_0x125868540 .part L_0x125866ce0, 1, 1;
L_0x1258687d0 .part L_0x125866dd0, 0, 1;
L_0x125868a90 .part L_0x125866ce0, 2, 1;
L_0x125868bc0 .part L_0x125866ce0, 1, 1;
L_0x125868ca0 .part L_0x125866ce0, 0, 1;
L_0x125868f00 .part L_0x125867ea0, 0, 1;
L_0x125869240 .part L_0x125866dd0, 3, 1;
L_0x125868d40 .part L_0x125866ce0, 3, 1;
L_0x1258693e0 .part L_0x125866dd0, 2, 1;
L_0x1258691a0 .part L_0x125866ce0, 3, 1;
L_0x125869720 .part L_0x125866ce0, 2, 1;
L_0x125869920 .part L_0x125866dd0, 1, 1;
L_0x125869be0 .part L_0x125866ce0, 3, 1;
L_0x125869d60 .part L_0x125866ce0, 2, 1;
L_0x125868620 .part L_0x125866ce0, 1, 1;
L_0x125869cc0 .part L_0x125866dd0, 0, 1;
L_0x12586a400 .part L_0x125866ce0, 3, 1;
L_0x12586a5a0 .part L_0x125866ce0, 2, 1;
L_0x12586a730 .part L_0x125866ce0, 1, 1;
L_0x12586a4e0 .part L_0x125866ce0, 0, 1;
L_0x12586aad0 .part L_0x125867ea0, 0, 1;
S_0x125627740 .scope module, "n2" "cla_4" 6 15, 7 3 0, S_0x1256297e0;
 .timescale -9 -11;
    .port_info 0 /INPUT 4 "a";
    .port_info 1 /INPUT 4 "b";
    .port_info 2 /INPUT 1 "cin";
    .port_info 3 /OUTPUT 4 "sum";
    .port_info 4 /OUTPUT 1 "cout";
L_0x12586aa40 .functor XOR 4, L_0x12586ef90, L_0x12586f030, C4<0000>, C4<0000>;
L_0x12586af60 .functor AND 4, L_0x12586ef90, L_0x12586f030, C4<1111>, C4<1111>;
L_0x12586b090 .functor BUFZ 1, L_0x12586a810, C4<0>, C4<0>, C4<0>;
L_0x12586b400 .functor AND 1, L_0x12586b260, L_0x12586b340, C4<1>, C4<1>;
L_0x12586b530 .functor OR 1, L_0x12586b180, L_0x12586b400, C4<0>, C4<0>;
L_0x12586b8e0 .functor AND 1, L_0x12586b6f0, L_0x12586b7c0, C4<1>, C4<1>;
L_0x12586b9b0 .functor OR 1, L_0x12586b650, L_0x12586b8e0, C4<0>, C4<0>;
L_0x12586bca0 .functor AND 1, L_0x12586bae0, L_0x12586bc00, C4<1>, C4<1>;
L_0x12586bec0 .functor AND 1, L_0x12586bca0, L_0x12586bd90, C4<1>, C4<1>;
L_0x12586bfc0 .functor OR 1, L_0x12586b9b0, L_0x12586bec0, C4<0>, C4<0>;
L_0x12586c470 .functor AND 1, L_0x12586c2c0, L_0x12586c360, C4<1>, C4<1>;
L_0x12586c580 .functor OR 1, L_0x12586c1c0, L_0x12586c470, C4<0>, C4<0>;
L_0x12586c400 .functor AND 1, L_0x12586c630, L_0x12586c6d0, C4<1>, C4<1>;
L_0x12586ca20 .functor AND 1, L_0x12586c400, L_0x12586c980, C4<1>, C4<1>;
L_0x12586cad0 .functor OR 1, L_0x12586c580, L_0x12586ca20, C4<0>, C4<0>;
L_0x12586c910 .functor AND 1, L_0x12586cc40, L_0x12586cd70, C4<1>, C4<1>;
L_0x12586cf90 .functor AND 1, L_0x12586c910, L_0x12586ce50, C4<1>, C4<1>;
L_0x12586d150 .functor AND 1, L_0x12586cf90, L_0x12586d0b0, C4<1>, C4<1>;
L_0x12586d220 .functor OR 1, L_0x12586cad0, L_0x12586d150, C4<0>, C4<0>;
L_0x12586b860 .functor AND 1, L_0x12586cef0, L_0x12586d590, C4<1>, C4<1>;
L_0x12586d730 .functor OR 1, L_0x12586d3f0, L_0x12586b860, C4<0>, C4<0>;
L_0x12586da40 .functor AND 1, L_0x12586d350, L_0x12586d8d0, C4<1>, C4<1>;
L_0x12586db70 .functor AND 1, L_0x12586da40, L_0x12586dad0, C4<1>, C4<1>;
L_0x12586dd20 .functor OR 1, L_0x12586d730, L_0x12586db70, C4<0>, C4<0>;
L_0x12586d970 .functor AND 1, L_0x12586dd90, L_0x12586df10, C4<1>, C4<1>;
L_0x12586dc60 .functor AND 1, L_0x12586d970, L_0x12586c7b0, C4<1>, C4<1>;
L_0x12586e370 .functor AND 1, L_0x12586dc60, L_0x12586de70, C4<1>, C4<1>;
L_0x12586e540 .functor OR 1, L_0x12586dd20, L_0x12586e370, C4<0>, C4<0>;
L_0x12586e230 .functor AND 1, L_0x12586e5b0, L_0x12586e750, C4<1>, C4<1>;
L_0x12586e460 .functor AND 1, L_0x12586e230, L_0x12586e8e0, C4<1>, C4<1>;
L_0x12586ea90 .functor AND 1, L_0x12586e460, L_0x12586e690, C4<1>, C4<1>;
L_0x12586e7f0 .functor AND 1, L_0x12586ea90, L_0x12586ec80, C4<1>, C4<1>;
L_0x12586e9c0 .functor OR 1, L_0x12586e540, L_0x12586e7f0, C4<0>, C4<0>;
L_0x12586eb80 .functor XOR 4, L_0x12586aa40, L_0x12586c070, C4<0000>, C4<0000>;
v0x1257d8e60_0 .net "G", 3 0, L_0x12586af60;  1 drivers
v0x1257c7e50_0 .net "P", 3 0, L_0x12586aa40;  1 drivers
v0x1257a5db0_0 .net *"_ivl_102", 0 0, L_0x12586dad0;  1 drivers
v0x1257c84f0_0 .net *"_ivl_103", 0 0, L_0x12586db70;  1 drivers
v0x1257b7850_0 .net *"_ivl_105", 0 0, L_0x12586dd20;  1 drivers
v0x1257b74f0_0 .net *"_ivl_108", 0 0, L_0x12586dd90;  1 drivers
v0x1257a6480_0 .net *"_ivl_11", 0 0, L_0x12586b180;  1 drivers
v0x125795440_0 .net *"_ivl_110", 0 0, L_0x12586df10;  1 drivers
v0x1257946b0_0 .net *"_ivl_111", 0 0, L_0x12586d970;  1 drivers
v0x1257836a0_0 .net *"_ivl_114", 0 0, L_0x12586c7b0;  1 drivers
v0x125761600_0 .net *"_ivl_115", 0 0, L_0x12586dc60;  1 drivers
v0x125783d40_0 .net *"_ivl_118", 0 0, L_0x12586de70;  1 drivers
v0x1257730a0_0 .net *"_ivl_119", 0 0, L_0x12586e370;  1 drivers
v0x125772d40_0 .net *"_ivl_121", 0 0, L_0x12586e540;  1 drivers
v0x125761cd0_0 .net *"_ivl_124", 0 0, L_0x12586e5b0;  1 drivers
v0x125750c10_0 .net *"_ivl_126", 0 0, L_0x12586e750;  1 drivers
v0x1257e2510_0 .net *"_ivl_127", 0 0, L_0x12586e230;  1 drivers
v0x1257e2f10_0 .net *"_ivl_13", 0 0, L_0x12586b260;  1 drivers
v0x12574f840_0 .net *"_ivl_130", 0 0, L_0x12586e8e0;  1 drivers
v0x12574f630_0 .net *"_ivl_131", 0 0, L_0x12586e460;  1 drivers
v0x12570b260_0 .net *"_ivl_134", 0 0, L_0x12586e690;  1 drivers
v0x12574ee90_0 .net *"_ivl_135", 0 0, L_0x12586ea90;  1 drivers
v0x12573de80_0 .net *"_ivl_138", 0 0, L_0x12586ec80;  1 drivers
v0x12571bde0_0 .net *"_ivl_139", 0 0, L_0x12586e7f0;  1 drivers
v0x12573e520_0 .net *"_ivl_15", 0 0, L_0x12586b340;  1 drivers
v0x12572d880_0 .net *"_ivl_16", 0 0, L_0x12586b400;  1 drivers
v0x12572d520_0 .net *"_ivl_18", 0 0, L_0x12586b530;  1 drivers
v0x12571c4b0_0 .net *"_ivl_23", 0 0, L_0x12586b650;  1 drivers
v0x12570b470_0 .net *"_ivl_25", 0 0, L_0x12586b6f0;  1 drivers
v0x12570a6e0_0 .net *"_ivl_27", 0 0, L_0x12586b7c0;  1 drivers
v0x1257e14d0_0 .net *"_ivl_28", 0 0, L_0x12586b8e0;  1 drivers
v0x1257e1290_0 .net *"_ivl_30", 0 0, L_0x12586b9b0;  1 drivers
v0x125805240_0 .net *"_ivl_33", 0 0, L_0x12586bae0;  1 drivers
v0x1257e1af0_0 .net *"_ivl_35", 0 0, L_0x12586bc00;  1 drivers
v0x125805050_0 .net *"_ivl_36", 0 0, L_0x12586bca0;  1 drivers
v0x125804e60_0 .net *"_ivl_39", 0 0, L_0x12586bd90;  1 drivers
v0x125804cc0_0 .net *"_ivl_40", 0 0, L_0x12586bec0;  1 drivers
v0x12570b030_0 .net *"_ivl_42", 0 0, L_0x12586bfc0;  1 drivers
v0x12570b0c0_0 .net *"_ivl_48", 0 0, L_0x12586c1c0;  1 drivers
v0x1256257e0_0 .net *"_ivl_50", 0 0, L_0x12586c2c0;  1 drivers
v0x125625870_0 .net *"_ivl_52", 0 0, L_0x12586c360;  1 drivers
v0x125623680_0 .net *"_ivl_53", 0 0, L_0x12586c470;  1 drivers
v0x125623710_0 .net *"_ivl_55", 0 0, L_0x12586c580;  1 drivers
v0x1256225e0_0 .net *"_ivl_58", 0 0, L_0x12586c630;  1 drivers
v0x125622670_0 .net *"_ivl_60", 0 0, L_0x12586c6d0;  1 drivers
v0x1256f6050_0 .net *"_ivl_61", 0 0, L_0x12586c400;  1 drivers
v0x1256f60e0_0 .net *"_ivl_64", 0 0, L_0x12586c980;  1 drivers
v0x1256f4fe0_0 .net *"_ivl_65", 0 0, L_0x12586ca20;  1 drivers
v0x1256f5070_0 .net *"_ivl_67", 0 0, L_0x12586cad0;  1 drivers
v0x1256d4020_0 .net *"_ivl_7", 0 0, L_0x12586b090;  1 drivers
v0x1256d40b0_0 .net *"_ivl_70", 0 0, L_0x12586cc40;  1 drivers
v0x1256e3fd0_0 .net *"_ivl_72", 0 0, L_0x12586cd70;  1 drivers
v0x1256e4060_0 .net *"_ivl_73", 0 0, L_0x12586c910;  1 drivers
v0x1256d2f40_0 .net *"_ivl_76", 0 0, L_0x12586ce50;  1 drivers
v0x1256d2fd0_0 .net *"_ivl_77", 0 0, L_0x12586cf90;  1 drivers
v0x1256b1680_0 .net *"_ivl_80", 0 0, L_0x12586d0b0;  1 drivers
v0x1256b1710_0 .net *"_ivl_81", 0 0, L_0x12586d150;  1 drivers
v0x1256c1620_0 .net *"_ivl_83", 0 0, L_0x12586d220;  1 drivers
v0x1256c16b0_0 .net *"_ivl_86", 0 0, L_0x12586d3f0;  1 drivers
v0x1256b0610_0 .net *"_ivl_88", 0 0, L_0x12586cef0;  1 drivers
v0x1256b06a0_0 .net *"_ivl_90", 0 0, L_0x12586d590;  1 drivers
v0x12568f650_0 .net *"_ivl_91", 0 0, L_0x12586b860;  1 drivers
v0x12568f6e0_0 .net *"_ivl_93", 0 0, L_0x12586d730;  1 drivers
v0x12569f600_0 .net *"_ivl_96", 0 0, L_0x12586d350;  1 drivers
v0x12569f690_0 .net *"_ivl_98", 0 0, L_0x12586d8d0;  1 drivers
v0x12567e5c0_0 .net *"_ivl_99", 0 0, L_0x12586da40;  1 drivers
v0x12567e650_0 .net "a", 3 0, L_0x12586ef90;  1 drivers
v0x12568e570_0 .net "b", 3 0, L_0x12586f030;  1 drivers
v0x12568e600_0 .net "c", 3 0, L_0x12586c070;  1 drivers
v0x12566ced0_0 .net "cin", 0 0, L_0x12586a810;  alias, 1 drivers
v0x12566cf60_0 .net "cout", 0 0, L_0x12586e9c0;  alias, 1 drivers
v0x12567ce70_0 .net "sum", 3 0, L_0x12586eb80;  1 drivers
L_0x12586b180 .part L_0x12586af60, 0, 1;
L_0x12586b260 .part L_0x12586aa40, 0, 1;
L_0x12586b340 .part L_0x12586c070, 0, 1;
L_0x12586b650 .part L_0x12586af60, 1, 1;
L_0x12586b6f0 .part L_0x12586aa40, 1, 1;
L_0x12586b7c0 .part L_0x12586af60, 0, 1;
L_0x12586bae0 .part L_0x12586aa40, 1, 1;
L_0x12586bc00 .part L_0x12586aa40, 0, 1;
L_0x12586bd90 .part L_0x12586c070, 0, 1;
L_0x12586c070 .concat8 [ 1 1 1 1], L_0x12586b090, L_0x12586b530, L_0x12586bfc0, L_0x12586d220;
L_0x12586c1c0 .part L_0x12586af60, 2, 1;
L_0x12586c2c0 .part L_0x12586aa40, 2, 1;
L_0x12586c360 .part L_0x12586af60, 1, 1;
L_0x12586c630 .part L_0x12586aa40, 2, 1;
L_0x12586c6d0 .part L_0x12586aa40, 1, 1;
L_0x12586c980 .part L_0x12586af60, 0, 1;
L_0x12586cc40 .part L_0x12586aa40, 2, 1;
L_0x12586cd70 .part L_0x12586aa40, 1, 1;
L_0x12586ce50 .part L_0x12586aa40, 0, 1;
L_0x12586d0b0 .part L_0x12586c070, 0, 1;
L_0x12586d3f0 .part L_0x12586af60, 3, 1;
L_0x12586cef0 .part L_0x12586aa40, 3, 1;
L_0x12586d590 .part L_0x12586af60, 2, 1;
L_0x12586d350 .part L_0x12586aa40, 3, 1;
L_0x12586d8d0 .part L_0x12586aa40, 2, 1;
L_0x12586dad0 .part L_0x12586af60, 1, 1;
L_0x12586dd90 .part L_0x12586aa40, 3, 1;
L_0x12586df10 .part L_0x12586aa40, 2, 1;
L_0x12586c7b0 .part L_0x12586aa40, 1, 1;
L_0x12586de70 .part L_0x12586af60, 0, 1;
L_0x12586e5b0 .part L_0x12586aa40, 3, 1;
L_0x12586e750 .part L_0x12586aa40, 2, 1;
L_0x12586e8e0 .part L_0x12586aa40, 1, 1;
L_0x12586e690 .part L_0x12586aa40, 0, 1;
L_0x12586ec80 .part L_0x12586c070, 0, 1;
S_0x125626770 .scope module, "n3" "cla_4" 6 16, 7 3 0, S_0x1256297e0;
 .timescale -9 -11;
    .port_info 0 /INPUT 4 "a";
    .port_info 1 /INPUT 4 "b";
    .port_info 2 /INPUT 1 "cin";
    .port_info 3 /OUTPUT 4 "sum";
    .port_info 4 /OUTPUT 1 "cout";
L_0x12586f0d0 .functor XOR 4, L_0x125873150, L_0x1258731f0, C4<0000>, C4<0000>;
L_0x12586f140 .functor AND 4, L_0x125873150, L_0x1258731f0, C4<1111>, C4<1111>;
L_0x12586f270 .functor BUFZ 1, L_0x12586e9c0, C4<0>, C4<0>, C4<0>;
L_0x12586f5e0 .functor AND 1, L_0x12586f440, L_0x12586f520, C4<1>, C4<1>;
L_0x12586f710 .functor OR 1, L_0x12586f360, L_0x12586f5e0, C4<0>, C4<0>;
L_0x12586fac0 .functor AND 1, L_0x12586f8d0, L_0x12586f9a0, C4<1>, C4<1>;
L_0x12586fb90 .functor OR 1, L_0x12586f830, L_0x12586fac0, C4<0>, C4<0>;
L_0x12586fe80 .functor AND 1, L_0x12586fcc0, L_0x12586fde0, C4<1>, C4<1>;
L_0x1258700a0 .functor AND 1, L_0x12586fe80, L_0x12586ff70, C4<1>, C4<1>;
L_0x1258701a0 .functor OR 1, L_0x12586fb90, L_0x1258700a0, C4<0>, C4<0>;
L_0x125870690 .functor AND 1, L_0x1258704e0, L_0x125870580, C4<1>, C4<1>;
L_0x1258707a0 .functor OR 1, L_0x1258703e0, L_0x125870690, C4<0>, C4<0>;
L_0x125870620 .functor AND 1, L_0x125870850, L_0x1258708f0, C4<1>, C4<1>;
L_0x125870c20 .functor AND 1, L_0x125870620, L_0x125870b80, C4<1>, C4<1>;
L_0x125870cd0 .functor OR 1, L_0x1258707a0, L_0x125870c20, C4<0>, C4<0>;
L_0x125870b10 .functor AND 1, L_0x125870e40, L_0x125870f70, C4<1>, C4<1>;
L_0x125871190 .functor AND 1, L_0x125870b10, L_0x125871050, C4<1>, C4<1>;
L_0x125871350 .functor AND 1, L_0x125871190, L_0x1258712b0, C4<1>, C4<1>;
L_0x125871420 .functor OR 1, L_0x125870cd0, L_0x125871350, C4<0>, C4<0>;
L_0x12586fa40 .functor AND 1, L_0x1258710f0, L_0x125871790, C4<1>, C4<1>;
L_0x125871930 .functor OR 1, L_0x1258715f0, L_0x12586fa40, C4<0>, C4<0>;
L_0x125871c40 .functor AND 1, L_0x125871550, L_0x125871ad0, C4<1>, C4<1>;
L_0x125871d70 .functor AND 1, L_0x125871c40, L_0x125871cd0, C4<1>, C4<1>;
L_0x125871f20 .functor OR 1, L_0x125871930, L_0x125871d70, C4<0>, C4<0>;
L_0x125871b70 .functor AND 1, L_0x125871f90, L_0x125872110, C4<1>, C4<1>;
L_0x125871e60 .functor AND 1, L_0x125871b70, L_0x1258709d0, C4<1>, C4<1>;
L_0x125872570 .functor AND 1, L_0x125871e60, L_0x125872070, C4<1>, C4<1>;
L_0x125872740 .functor OR 1, L_0x125871f20, L_0x125872570, C4<0>, C4<0>;
L_0x125872430 .functor AND 1, L_0x1258727b0, L_0x125872950, C4<1>, C4<1>;
L_0x125872660 .functor AND 1, L_0x125872430, L_0x125872ae0, C4<1>, C4<1>;
L_0x125872c90 .functor AND 1, L_0x125872660, L_0x125872890, C4<1>, C4<1>;
L_0x1258729f0 .functor AND 1, L_0x125872c90, L_0x125872e80, C4<1>, C4<1>;
L_0x125872b80 .functor OR 1, L_0x125872740, L_0x1258729f0, C4<0>, C4<0>;
L_0x125872d80 .functor XOR 4, L_0x12586f0d0, L_0x125870250, C4<0000>, C4<0000>;
v0x12567cf00_0 .net "G", 3 0, L_0x12586f140;  1 drivers
v0x12566be60_0 .net "P", 3 0, L_0x12586f0d0;  1 drivers
v0x12566bef0_0 .net *"_ivl_102", 0 0, L_0x125871cd0;  1 drivers
v0x12564aea0_0 .net *"_ivl_103", 0 0, L_0x125871d70;  1 drivers
v0x12564af30_0 .net *"_ivl_105", 0 0, L_0x125871f20;  1 drivers
v0x12565ae50_0 .net *"_ivl_108", 0 0, L_0x125871f90;  1 drivers
v0x12565aee0_0 .net *"_ivl_11", 0 0, L_0x12586f360;  1 drivers
v0x125639e00_0 .net *"_ivl_110", 0 0, L_0x125872110;  1 drivers
v0x125639e90_0 .net *"_ivl_111", 0 0, L_0x125871b70;  1 drivers
v0x125649dc0_0 .net *"_ivl_114", 0 0, L_0x1258709d0;  1 drivers
v0x125649e50_0 .net *"_ivl_115", 0 0, L_0x125871e60;  1 drivers
v0x125639a10_0 .net *"_ivl_118", 0 0, L_0x125872070;  1 drivers
v0x125639aa0_0 .net *"_ivl_119", 0 0, L_0x125872570;  1 drivers
v0x1257eaaf0_0 .net *"_ivl_121", 0 0, L_0x125872740;  1 drivers
v0x1257eab80_0 .net *"_ivl_124", 0 0, L_0x1258727b0;  1 drivers
v0x1257d99e0_0 .net *"_ivl_126", 0 0, L_0x125872950;  1 drivers
v0x1257d9a70_0 .net *"_ivl_127", 0 0, L_0x125872430;  1 drivers
v0x1257506a0_0 .net *"_ivl_13", 0 0, L_0x12586f440;  1 drivers
v0x125750730_0 .net *"_ivl_130", 0 0, L_0x125872ae0;  1 drivers
v0x1257c8850_0 .net *"_ivl_131", 0 0, L_0x125872660;  1 drivers
v0x1257c88e0_0 .net *"_ivl_134", 0 0, L_0x125872890;  1 drivers
v0x1257d87f0_0 .net *"_ivl_135", 0 0, L_0x125872c90;  1 drivers
v0x1257d8880_0 .net *"_ivl_138", 0 0, L_0x125872e80;  1 drivers
v0x1257c77e0_0 .net *"_ivl_139", 0 0, L_0x1258729f0;  1 drivers
v0x1257c7870_0 .net *"_ivl_15", 0 0, L_0x12586f520;  1 drivers
v0x1257a6820_0 .net *"_ivl_16", 0 0, L_0x12586f5e0;  1 drivers
v0x1257a68b0_0 .net *"_ivl_18", 0 0, L_0x12586f710;  1 drivers
v0x1257b67d0_0 .net *"_ivl_23", 0 0, L_0x12586f830;  1 drivers
v0x1257b6860_0 .net *"_ivl_25", 0 0, L_0x12586f8d0;  1 drivers
v0x125795790_0 .net *"_ivl_27", 0 0, L_0x12586f9a0;  1 drivers
v0x125795820_0 .net *"_ivl_28", 0 0, L_0x12586fac0;  1 drivers
v0x1257a5740_0 .net *"_ivl_30", 0 0, L_0x12586fb90;  1 drivers
v0x1257a57d0_0 .net *"_ivl_33", 0 0, L_0x12586fcc0;  1 drivers
v0x12574f9e0_0 .net *"_ivl_35", 0 0, L_0x12586fde0;  1 drivers
v0x1257840a0_0 .net *"_ivl_36", 0 0, L_0x12586fe80;  1 drivers
v0x125784130_0 .net *"_ivl_39", 0 0, L_0x12586ff70;  1 drivers
v0x125794040_0 .net *"_ivl_40", 0 0, L_0x1258700a0;  1 drivers
v0x1257940d0_0 .net *"_ivl_42", 0 0, L_0x1258701a0;  1 drivers
v0x125783030_0 .net *"_ivl_48", 0 0, L_0x1258703e0;  1 drivers
v0x1257830c0_0 .net *"_ivl_50", 0 0, L_0x1258704e0;  1 drivers
v0x125762070_0 .net *"_ivl_52", 0 0, L_0x125870580;  1 drivers
v0x125762100_0 .net *"_ivl_53", 0 0, L_0x125870690;  1 drivers
v0x125772020_0 .net *"_ivl_55", 0 0, L_0x1258707a0;  1 drivers
v0x1257720b0_0 .net *"_ivl_58", 0 0, L_0x125870850;  1 drivers
v0x125750fd0_0 .net *"_ivl_60", 0 0, L_0x1258708f0;  1 drivers
v0x125751060_0 .net *"_ivl_61", 0 0, L_0x125870620;  1 drivers
v0x125760f90_0 .net *"_ivl_64", 0 0, L_0x125870b80;  1 drivers
v0x125761020_0 .net *"_ivl_65", 0 0, L_0x125870c20;  1 drivers
v0x1257e4ab0_0 .net *"_ivl_67", 0 0, L_0x125870cd0;  1 drivers
v0x1257e4b40_0 .net *"_ivl_7", 0 0, L_0x12586f270;  1 drivers
v0x1257e6210_0 .net *"_ivl_70", 0 0, L_0x125870e40;  1 drivers
v0x1257e62a0_0 .net *"_ivl_72", 0 0, L_0x125870f70;  1 drivers
v0x12573e880_0 .net *"_ivl_73", 0 0, L_0x125870b10;  1 drivers
v0x12573e910_0 .net *"_ivl_76", 0 0, L_0x125871050;  1 drivers
v0x12574e820_0 .net *"_ivl_77", 0 0, L_0x125871190;  1 drivers
v0x12574e8b0_0 .net *"_ivl_80", 0 0, L_0x1258712b0;  1 drivers
v0x12573d810_0 .net *"_ivl_81", 0 0, L_0x125871350;  1 drivers
v0x12573d8a0_0 .net *"_ivl_83", 0 0, L_0x125871420;  1 drivers
v0x12571c850_0 .net *"_ivl_86", 0 0, L_0x1258715f0;  1 drivers
v0x12571c8e0_0 .net *"_ivl_88", 0 0, L_0x1258710f0;  1 drivers
v0x12572c800_0 .net *"_ivl_90", 0 0, L_0x125871790;  1 drivers
v0x12572c890_0 .net *"_ivl_91", 0 0, L_0x12586fa40;  1 drivers
v0x12570b7c0_0 .net *"_ivl_93", 0 0, L_0x125871930;  1 drivers
v0x12570b850_0 .net *"_ivl_96", 0 0, L_0x125871550;  1 drivers
v0x12571b770_0 .net *"_ivl_98", 0 0, L_0x125871ad0;  1 drivers
v0x12571b800_0 .net *"_ivl_99", 0 0, L_0x125871c40;  1 drivers
v0x12570a070_0 .net "a", 3 0, L_0x125873150;  1 drivers
v0x12570a100_0 .net "b", 3 0, L_0x1258731f0;  1 drivers
v0x1256e4600_0 .net "c", 3 0, L_0x125870250;  1 drivers
v0x1256e4690_0 .net "cin", 0 0, L_0x12586e9c0;  alias, 1 drivers
v0x12569fc30_0 .net "cout", 0 0, L_0x125872b80;  alias, 1 drivers
v0x12569fcc0_0 .net "sum", 3 0, L_0x125872d80;  1 drivers
L_0x12586f360 .part L_0x12586f140, 0, 1;
L_0x12586f440 .part L_0x12586f0d0, 0, 1;
L_0x12586f520 .part L_0x125870250, 0, 1;
L_0x12586f830 .part L_0x12586f140, 1, 1;
L_0x12586f8d0 .part L_0x12586f0d0, 1, 1;
L_0x12586f9a0 .part L_0x12586f140, 0, 1;
L_0x12586fcc0 .part L_0x12586f0d0, 1, 1;
L_0x12586fde0 .part L_0x12586f0d0, 0, 1;
L_0x12586ff70 .part L_0x125870250, 0, 1;
L_0x125870250 .concat8 [ 1 1 1 1], L_0x12586f270, L_0x12586f710, L_0x1258701a0, L_0x125871420;
L_0x1258703e0 .part L_0x12586f140, 2, 1;
L_0x1258704e0 .part L_0x12586f0d0, 2, 1;
L_0x125870580 .part L_0x12586f140, 1, 1;
L_0x125870850 .part L_0x12586f0d0, 2, 1;
L_0x1258708f0 .part L_0x12586f0d0, 1, 1;
L_0x125870b80 .part L_0x12586f140, 0, 1;
L_0x125870e40 .part L_0x12586f0d0, 2, 1;
L_0x125870f70 .part L_0x12586f0d0, 1, 1;
L_0x125871050 .part L_0x12586f0d0, 0, 1;
L_0x1258712b0 .part L_0x125870250, 0, 1;
L_0x1258715f0 .part L_0x12586f140, 3, 1;
L_0x1258710f0 .part L_0x12586f0d0, 3, 1;
L_0x125871790 .part L_0x12586f140, 2, 1;
L_0x125871550 .part L_0x12586f0d0, 3, 1;
L_0x125871ad0 .part L_0x12586f0d0, 2, 1;
L_0x125871cd0 .part L_0x12586f140, 1, 1;
L_0x125871f90 .part L_0x12586f0d0, 3, 1;
L_0x125872110 .part L_0x12586f0d0, 2, 1;
L_0x1258709d0 .part L_0x12586f0d0, 1, 1;
L_0x125872070 .part L_0x12586f140, 0, 1;
L_0x1258727b0 .part L_0x12586f0d0, 3, 1;
L_0x125872950 .part L_0x12586f0d0, 2, 1;
L_0x125872ae0 .part L_0x12586f0d0, 1, 1;
L_0x125872890 .part L_0x12586f0d0, 0, 1;
L_0x125872e80 .part L_0x125870250, 0, 1;
S_0x125632990 .scope module, "n4" "cla_4" 6 17, 7 3 0, S_0x1256297e0;
 .timescale -9 -11;
    .port_info 0 /INPUT 4 "a";
    .port_info 1 /INPUT 4 "b";
    .port_info 2 /INPUT 1 "cin";
    .port_info 3 /OUTPUT 4 "sum";
    .port_info 4 /OUTPUT 1 "cout";
L_0x125873290 .functor XOR 4, L_0x1258772d0, L_0x125877370, C4<0000>, C4<0000>;
L_0x125873300 .functor AND 4, L_0x1258772d0, L_0x125877370, C4<1111>, C4<1111>;
L_0x1258733f0 .functor BUFZ 1, L_0x125872b80, C4<0>, C4<0>, C4<0>;
L_0x125873760 .functor AND 1, L_0x1258735c0, L_0x1258736a0, C4<1>, C4<1>;
L_0x125873890 .functor OR 1, L_0x1258734e0, L_0x125873760, C4<0>, C4<0>;
L_0x125873c40 .functor AND 1, L_0x125873a50, L_0x125873b20, C4<1>, C4<1>;
L_0x125873d10 .functor OR 1, L_0x1258739b0, L_0x125873c40, C4<0>, C4<0>;
L_0x125874000 .functor AND 1, L_0x125873e40, L_0x125873f60, C4<1>, C4<1>;
L_0x125874220 .functor AND 1, L_0x125874000, L_0x1258740f0, C4<1>, C4<1>;
L_0x125874320 .functor OR 1, L_0x125873d10, L_0x125874220, C4<0>, C4<0>;
L_0x125874810 .functor AND 1, L_0x125874660, L_0x125874700, C4<1>, C4<1>;
L_0x125874920 .functor OR 1, L_0x125874560, L_0x125874810, C4<0>, C4<0>;
L_0x1258747a0 .functor AND 1, L_0x1258749d0, L_0x125874a70, C4<1>, C4<1>;
L_0x125874da0 .functor AND 1, L_0x1258747a0, L_0x125874d00, C4<1>, C4<1>;
L_0x125874e50 .functor OR 1, L_0x125874920, L_0x125874da0, C4<0>, C4<0>;
L_0x125874c90 .functor AND 1, L_0x125874fc0, L_0x1258750f0, C4<1>, C4<1>;
L_0x125875310 .functor AND 1, L_0x125874c90, L_0x1258751d0, C4<1>, C4<1>;
L_0x1258754d0 .functor AND 1, L_0x125875310, L_0x125875430, C4<1>, C4<1>;
L_0x1258755a0 .functor OR 1, L_0x125874e50, L_0x1258754d0, C4<0>, C4<0>;
L_0x125873bc0 .functor AND 1, L_0x125875270, L_0x125875910, C4<1>, C4<1>;
L_0x125875ab0 .functor OR 1, L_0x125875770, L_0x125873bc0, C4<0>, C4<0>;
L_0x125875dc0 .functor AND 1, L_0x1258756d0, L_0x125875c50, C4<1>, C4<1>;
L_0x125875ef0 .functor AND 1, L_0x125875dc0, L_0x125875e50, C4<1>, C4<1>;
L_0x1258760a0 .functor OR 1, L_0x125875ab0, L_0x125875ef0, C4<0>, C4<0>;
L_0x125875cf0 .functor AND 1, L_0x125876110, L_0x125876290, C4<1>, C4<1>;
L_0x125875fe0 .functor AND 1, L_0x125875cf0, L_0x125874b50, C4<1>, C4<1>;
L_0x1258766f0 .functor AND 1, L_0x125875fe0, L_0x1258761f0, C4<1>, C4<1>;
L_0x1258768c0 .functor OR 1, L_0x1258760a0, L_0x1258766f0, C4<0>, C4<0>;
L_0x1258765b0 .functor AND 1, L_0x125876930, L_0x125876ad0, C4<1>, C4<1>;
L_0x1258767e0 .functor AND 1, L_0x1258765b0, L_0x125876c60, C4<1>, C4<1>;
L_0x125876e10 .functor AND 1, L_0x1258767e0, L_0x125876a10, C4<1>, C4<1>;
L_0x125876b70 .functor AND 1, L_0x125876e10, L_0x125877000, C4<1>, C4<1>;
L_0x125876d00 .functor OR 1, L_0x1258768c0, L_0x125876b70, C4<0>, C4<0>;
L_0x125876f00 .functor XOR 4, L_0x125873290, L_0x1258743d0, C4<0000>, C4<0000>;
v0x12565b480_0 .net "G", 3 0, L_0x125873300;  1 drivers
v0x12565b510_0 .net "P", 3 0, L_0x125873290;  1 drivers
v0x1257b6e00_0 .net *"_ivl_102", 0 0, L_0x125875e50;  1 drivers
v0x1257b6e90_0 .net *"_ivl_103", 0 0, L_0x125875ef0;  1 drivers
v0x125772650_0 .net *"_ivl_105", 0 0, L_0x1258760a0;  1 drivers
v0x1257726e0_0 .net *"_ivl_108", 0 0, L_0x125876110;  1 drivers
v0x12572ce30_0 .net *"_ivl_11", 0 0, L_0x1258734e0;  1 drivers
v0x12572cec0_0 .net *"_ivl_110", 0 0, L_0x125876290;  1 drivers
v0x1257e6c60_0 .net *"_ivl_111", 0 0, L_0x125875cf0;  1 drivers
v0x1257e6cf0_0 .net *"_ivl_114", 0 0, L_0x125874b50;  1 drivers
v0x1256f4c10_0 .net *"_ivl_115", 0 0, L_0x125875fe0;  1 drivers
v0x1256f4ca0_0 .net *"_ivl_118", 0 0, L_0x1258761f0;  1 drivers
v0x1256e3c00_0 .net *"_ivl_119", 0 0, L_0x1258766f0;  1 drivers
v0x1256e3c90_0 .net *"_ivl_121", 0 0, L_0x1258768c0;  1 drivers
v0x1256d2b70_0 .net *"_ivl_124", 0 0, L_0x125876930;  1 drivers
v0x1256d2c00_0 .net *"_ivl_126", 0 0, L_0x125876ad0;  1 drivers
v0x1256c1250_0 .net *"_ivl_127", 0 0, L_0x1258765b0;  1 drivers
v0x1256c12e0_0 .net *"_ivl_13", 0 0, L_0x1258735c0;  1 drivers
v0x12569f230_0 .net *"_ivl_130", 0 0, L_0x125876c60;  1 drivers
v0x12569f2c0_0 .net *"_ivl_131", 0 0, L_0x1258767e0;  1 drivers
v0x12568e1a0_0 .net *"_ivl_134", 0 0, L_0x125876a10;  1 drivers
v0x12568e230_0 .net *"_ivl_135", 0 0, L_0x125876e10;  1 drivers
v0x12567caa0_0 .net *"_ivl_138", 0 0, L_0x125877000;  1 drivers
v0x12567cb30_0 .net *"_ivl_139", 0 0, L_0x125876b70;  1 drivers
v0x12566ba90_0 .net *"_ivl_15", 0 0, L_0x1258736a0;  1 drivers
v0x12566bb20_0 .net *"_ivl_16", 0 0, L_0x125873760;  1 drivers
v0x12565aa80_0 .net *"_ivl_18", 0 0, L_0x125873890;  1 drivers
v0x12565ab10_0 .net *"_ivl_23", 0 0, L_0x1258739b0;  1 drivers
v0x1256499f0_0 .net *"_ivl_25", 0 0, L_0x125873a50;  1 drivers
v0x125649a80_0 .net *"_ivl_27", 0 0, L_0x125873b20;  1 drivers
v0x1257d8420_0 .net *"_ivl_28", 0 0, L_0x125873c40;  1 drivers
v0x1257d84b0_0 .net *"_ivl_30", 0 0, L_0x125873d10;  1 drivers
v0x1257c7410_0 .net *"_ivl_33", 0 0, L_0x125873e40;  1 drivers
v0x1257c74a0_0 .net *"_ivl_35", 0 0, L_0x125873f60;  1 drivers
v0x1256b0240_0 .net *"_ivl_36", 0 0, L_0x125874000;  1 drivers
v0x1256b02d0_0 .net *"_ivl_39", 0 0, L_0x1258740f0;  1 drivers
v0x1257b6400_0 .net *"_ivl_40", 0 0, L_0x125874220;  1 drivers
v0x1257b6490_0 .net *"_ivl_42", 0 0, L_0x125874320;  1 drivers
v0x1257a5370_0 .net *"_ivl_48", 0 0, L_0x125874560;  1 drivers
v0x1257a5400_0 .net *"_ivl_50", 0 0, L_0x125874660;  1 drivers
v0x125793c70_0 .net *"_ivl_52", 0 0, L_0x125874700;  1 drivers
v0x125793d00_0 .net *"_ivl_53", 0 0, L_0x125874810;  1 drivers
v0x125782c60_0 .net *"_ivl_55", 0 0, L_0x125874920;  1 drivers
v0x125782cf0_0 .net *"_ivl_58", 0 0, L_0x1258749d0;  1 drivers
v0x125771c50_0 .net *"_ivl_60", 0 0, L_0x125874a70;  1 drivers
v0x125771ce0_0 .net *"_ivl_61", 0 0, L_0x1258747a0;  1 drivers
v0x125760bc0_0 .net *"_ivl_64", 0 0, L_0x125874d00;  1 drivers
v0x125760c50_0 .net *"_ivl_65", 0 0, L_0x125874da0;  1 drivers
v0x12574e450_0 .net *"_ivl_67", 0 0, L_0x125874e50;  1 drivers
v0x12574e4e0_0 .net *"_ivl_7", 0 0, L_0x1258733f0;  1 drivers
v0x12573d440_0 .net *"_ivl_70", 0 0, L_0x125874fc0;  1 drivers
v0x12573d4d0_0 .net *"_ivl_72", 0 0, L_0x1258750f0;  1 drivers
v0x12572c430_0 .net *"_ivl_73", 0 0, L_0x125874c90;  1 drivers
v0x12572c4c0_0 .net *"_ivl_76", 0 0, L_0x1258751d0;  1 drivers
v0x12571b3a0_0 .net *"_ivl_77", 0 0, L_0x125875310;  1 drivers
v0x12571b430_0 .net *"_ivl_80", 0 0, L_0x125875430;  1 drivers
v0x125709ca0_0 .net *"_ivl_81", 0 0, L_0x1258754d0;  1 drivers
v0x125709d30_0 .net *"_ivl_83", 0 0, L_0x1258755a0;  1 drivers
v0x125631960_0 .net *"_ivl_86", 0 0, L_0x125875770;  1 drivers
v0x1256319f0_0 .net *"_ivl_88", 0 0, L_0x125875270;  1 drivers
v0x125630930_0 .net *"_ivl_90", 0 0, L_0x125875910;  1 drivers
v0x1256309c0_0 .net *"_ivl_91", 0 0, L_0x125873bc0;  1 drivers
v0x12562f900_0 .net *"_ivl_93", 0 0, L_0x125875ab0;  1 drivers
v0x12562f990_0 .net *"_ivl_96", 0 0, L_0x1258756d0;  1 drivers
v0x12562e8d0_0 .net *"_ivl_98", 0 0, L_0x125875c50;  1 drivers
v0x12562e960_0 .net *"_ivl_99", 0 0, L_0x125875dc0;  1 drivers
v0x12562d8a0_0 .net "a", 3 0, L_0x1258772d0;  1 drivers
v0x12562d930_0 .net "b", 3 0, L_0x125877370;  1 drivers
v0x1256247c0_0 .net "c", 3 0, L_0x1258743d0;  1 drivers
v0x125624850_0 .net "cin", 0 0, L_0x125872b80;  alias, 1 drivers
v0x125634810_0 .net "cout", 0 0, L_0x125876d00;  alias, 1 drivers
v0x1256348a0_0 .net "sum", 3 0, L_0x125876f00;  1 drivers
L_0x1258734e0 .part L_0x125873300, 0, 1;
L_0x1258735c0 .part L_0x125873290, 0, 1;
L_0x1258736a0 .part L_0x1258743d0, 0, 1;
L_0x1258739b0 .part L_0x125873300, 1, 1;
L_0x125873a50 .part L_0x125873290, 1, 1;
L_0x125873b20 .part L_0x125873300, 0, 1;
L_0x125873e40 .part L_0x125873290, 1, 1;
L_0x125873f60 .part L_0x125873290, 0, 1;
L_0x1258740f0 .part L_0x1258743d0, 0, 1;
L_0x1258743d0 .concat8 [ 1 1 1 1], L_0x1258733f0, L_0x125873890, L_0x125874320, L_0x1258755a0;
L_0x125874560 .part L_0x125873300, 2, 1;
L_0x125874660 .part L_0x125873290, 2, 1;
L_0x125874700 .part L_0x125873300, 1, 1;
L_0x1258749d0 .part L_0x125873290, 2, 1;
L_0x125874a70 .part L_0x125873290, 1, 1;
L_0x125874d00 .part L_0x125873300, 0, 1;
L_0x125874fc0 .part L_0x125873290, 2, 1;
L_0x1258750f0 .part L_0x125873290, 1, 1;
L_0x1258751d0 .part L_0x125873290, 0, 1;
L_0x125875430 .part L_0x1258743d0, 0, 1;
L_0x125875770 .part L_0x125873300, 3, 1;
L_0x125875270 .part L_0x125873290, 3, 1;
L_0x125875910 .part L_0x125873300, 2, 1;
L_0x1258756d0 .part L_0x125873290, 3, 1;
L_0x125875c50 .part L_0x125873290, 2, 1;
L_0x125875e50 .part L_0x125873300, 1, 1;
L_0x125876110 .part L_0x125873290, 3, 1;
L_0x125876290 .part L_0x125873290, 2, 1;
L_0x125874b50 .part L_0x125873290, 1, 1;
L_0x1258761f0 .part L_0x125873300, 0, 1;
L_0x125876930 .part L_0x125873290, 3, 1;
L_0x125876ad0 .part L_0x125873290, 2, 1;
L_0x125876c60 .part L_0x125873290, 1, 1;
L_0x125876a10 .part L_0x125873290, 0, 1;
L_0x125877000 .part L_0x1258743d0, 0, 1;
S_0x125794e50 .scope module, "n2" "cla16" 6 33, 6 4 0, S_0x12562a810;
 .timescale -9 -11;
    .port_info 0 /INPUT 16 "d1";
    .port_info 1 /INPUT 16 "d2";
    .port_info 2 /INPUT 1 "cin";
    .port_info 3 /OUTPUT 16 "sum";
    .port_info 4 /OUTPUT 1 "cout";
P_0x1256c2900 .param/l "DATA_WIDTH" 0 6 4, +C4<00000000000000000000000000100000>;
v0x125810140_0 .net "c1", 0 0, L_0x12587b140;  1 drivers
v0x1258101d0_0 .net "c2", 0 0, L_0x12587f250;  1 drivers
v0x125810260_0 .net "c3", 0 0, L_0x125883430;  1 drivers
v0x1258102f0_0 .net "cin", 0 0, L_0x125876d00;  alias, 1 drivers
v0x125810380_0 .net8 "cout", 0 0, RS_0x128047f30;  alias, 3 drivers
v0x125810410_0 .net "d1", 15 0, L_0x125887ef0;  1 drivers
v0x1258104a0_0 .net "d2", 15 0, L_0x125887f90;  1 drivers
v0x125810530_0 .net "sum", 15 0, L_0x125887d40;  1 drivers
L_0x12587b710 .part L_0x125887ef0, 0, 4;
L_0x12587b7b0 .part L_0x125887f90, 0, 4;
L_0x12587f820 .part L_0x125887ef0, 4, 4;
L_0x12587f8c0 .part L_0x125887f90, 4, 4;
L_0x125883a00 .part L_0x125887ef0, 8, 4;
L_0x125883aa0 .part L_0x125887f90, 8, 4;
L_0x125887b80 .part L_0x125887ef0, 12, 4;
L_0x125887c20 .part L_0x125887f90, 12, 4;
L_0x125887d40 .concat8 [ 4 4 4 4], L_0x12587b340, L_0x12587f450, L_0x125883630, L_0x1258877b0;
S_0x12570ae80 .scope module, "n1" "cla_4" 6 14, 7 3 0, S_0x125794e50;
 .timescale -9 -11;
    .port_info 0 /INPUT 4 "a";
    .port_info 1 /INPUT 4 "b";
    .port_info 2 /INPUT 1 "cin";
    .port_info 3 /OUTPUT 4 "sum";
    .port_info 4 /OUTPUT 1 "cout";
L_0x125877780 .functor XOR 4, L_0x12587b710, L_0x12587b7b0, C4<0000>, C4<0000>;
L_0x1258777f0 .functor AND 4, L_0x12587b710, L_0x12587b7b0, C4<1111>, C4<1111>;
L_0x1258778e0 .functor BUFZ 1, L_0x125876d00, C4<0>, C4<0>, C4<0>;
L_0x125877bf0 .functor AND 1, L_0x125877a30, L_0x125877b10, C4<1>, C4<1>;
L_0x125877d20 .functor OR 1, L_0x125877950, L_0x125877bf0, C4<0>, C4<0>;
L_0x1258780d0 .functor AND 1, L_0x125877ee0, L_0x125877fb0, C4<1>, C4<1>;
L_0x1258781a0 .functor OR 1, L_0x125877e40, L_0x1258780d0, C4<0>, C4<0>;
L_0x125878490 .functor AND 1, L_0x1258782d0, L_0x1258783f0, C4<1>, C4<1>;
L_0x1258786b0 .functor AND 1, L_0x125878490, L_0x125878580, C4<1>, C4<1>;
L_0x1258787b0 .functor OR 1, L_0x1258781a0, L_0x1258786b0, C4<0>, C4<0>;
L_0x125878c70 .functor AND 1, L_0x125878ac0, L_0x125878b60, C4<1>, C4<1>;
L_0x125878d40 .functor OR 1, L_0x1258789c0, L_0x125878c70, C4<0>, C4<0>;
L_0x125878c00 .functor AND 1, L_0x125878df0, L_0x125878e90, C4<1>, C4<1>;
L_0x1258791e0 .functor AND 1, L_0x125878c00, L_0x125879140, C4<1>, C4<1>;
L_0x125879290 .functor OR 1, L_0x125878d40, L_0x1258791e0, C4<0>, C4<0>;
L_0x1258790d0 .functor AND 1, L_0x125879400, L_0x125879530, C4<1>, C4<1>;
L_0x125879750 .functor AND 1, L_0x1258790d0, L_0x125879610, C4<1>, C4<1>;
L_0x125879910 .functor AND 1, L_0x125879750, L_0x125879870, C4<1>, C4<1>;
L_0x1258799e0 .functor OR 1, L_0x125879290, L_0x125879910, C4<0>, C4<0>;
L_0x125878050 .functor AND 1, L_0x1258796b0, L_0x125879d50, C4<1>, C4<1>;
L_0x125879ef0 .functor OR 1, L_0x125879bb0, L_0x125878050, C4<0>, C4<0>;
L_0x12587a200 .functor AND 1, L_0x125879b10, L_0x12587a090, C4<1>, C4<1>;
L_0x12587a330 .functor AND 1, L_0x12587a200, L_0x12587a290, C4<1>, C4<1>;
L_0x12587a4e0 .functor OR 1, L_0x125879ef0, L_0x12587a330, C4<0>, C4<0>;
L_0x12587a130 .functor AND 1, L_0x12587a550, L_0x12587a6d0, C4<1>, C4<1>;
L_0x12587a420 .functor AND 1, L_0x12587a130, L_0x125878f70, C4<1>, C4<1>;
L_0x12587ab30 .functor AND 1, L_0x12587a420, L_0x12587a5f0, C4<1>, C4<1>;
L_0x12587ad00 .functor OR 1, L_0x12587a4e0, L_0x12587ab30, C4<0>, C4<0>;
L_0x12587a9f0 .functor AND 1, L_0x12587ad70, L_0x12587af10, C4<1>, C4<1>;
L_0x12587ac20 .functor AND 1, L_0x12587a9f0, L_0x12587b0a0, C4<1>, C4<1>;
L_0x12587b250 .functor AND 1, L_0x12587ac20, L_0x12587ae50, C4<1>, C4<1>;
L_0x12587afb0 .functor AND 1, L_0x12587b250, L_0x12587b440, C4<1>, C4<1>;
L_0x12587b140 .functor OR 1, L_0x12587ad00, L_0x12587afb0, C4<0>, C4<0>;
L_0x12587b340 .functor XOR 4, L_0x125877780, L_0x125878860, C4<0000>, C4<0000>;
v0x1257e6a60_0 .net "G", 3 0, L_0x1258777f0;  1 drivers
v0x1257e6af0_0 .net "P", 3 0, L_0x125877780;  1 drivers
v0x135768370_0 .net *"_ivl_102", 0 0, L_0x12587a290;  1 drivers
v0x135768400_0 .net *"_ivl_103", 0 0, L_0x12587a330;  1 drivers
v0x125638050_0 .net *"_ivl_105", 0 0, L_0x12587a4e0;  1 drivers
v0x1256380e0_0 .net *"_ivl_108", 0 0, L_0x12587a550;  1 drivers
v0x1357be300_0 .net *"_ivl_11", 0 0, L_0x125877950;  1 drivers
v0x1357be390_0 .net *"_ivl_110", 0 0, L_0x12587a6d0;  1 drivers
v0x13571e960_0 .net *"_ivl_111", 0 0, L_0x12587a130;  1 drivers
v0x13571e9f0_0 .net *"_ivl_114", 0 0, L_0x125878f70;  1 drivers
v0x135789cb0_0 .net *"_ivl_115", 0 0, L_0x12587a420;  1 drivers
v0x135789d40_0 .net *"_ivl_118", 0 0, L_0x12587a5f0;  1 drivers
v0x1256c1f60_0 .net *"_ivl_119", 0 0, L_0x12587ab30;  1 drivers
v0x1256c1ff0_0 .net *"_ivl_121", 0 0, L_0x12587ad00;  1 drivers
v0x1256c2080_0 .net *"_ivl_124", 0 0, L_0x12587ad70;  1 drivers
v0x12567d7b0_0 .net *"_ivl_126", 0 0, L_0x12587af10;  1 drivers
v0x12567d840_0 .net *"_ivl_127", 0 0, L_0x12587a9f0;  1 drivers
v0x12566c7a0_0 .net *"_ivl_13", 0 0, L_0x125877a30;  1 drivers
v0x12566c830_0 .net *"_ivl_130", 0 0, L_0x12587b0a0;  1 drivers
v0x12566c8c0_0 .net *"_ivl_131", 0 0, L_0x12587ac20;  1 drivers
v0x12566c950_0 .net *"_ivl_134", 0 0, L_0x12587ae50;  1 drivers
v0x1257d9130_0 .net *"_ivl_135", 0 0, L_0x12587b250;  1 drivers
v0x1257d91c0_0 .net *"_ivl_138", 0 0, L_0x12587b440;  1 drivers
v0x1257d9250_0 .net *"_ivl_139", 0 0, L_0x12587afb0;  1 drivers
v0x1257d92e0_0 .net *"_ivl_15", 0 0, L_0x125877b10;  1 drivers
v0x1257c8120_0 .net *"_ivl_16", 0 0, L_0x125877bf0;  1 drivers
v0x1257c81b0_0 .net *"_ivl_18", 0 0, L_0x125877d20;  1 drivers
v0x1257c8240_0 .net *"_ivl_23", 0 0, L_0x125877e40;  1 drivers
v0x1257c82d0_0 .net *"_ivl_25", 0 0, L_0x125877ee0;  1 drivers
v0x125794980_0 .net *"_ivl_27", 0 0, L_0x125877fb0;  1 drivers
v0x125794a10_0 .net *"_ivl_28", 0 0, L_0x1258780d0;  1 drivers
v0x125794aa0_0 .net *"_ivl_30", 0 0, L_0x1258781a0;  1 drivers
v0x125794b30_0 .net *"_ivl_33", 0 0, L_0x1258782d0;  1 drivers
v0x12567d8d0_0 .net *"_ivl_35", 0 0, L_0x1258783f0;  1 drivers
v0x12570a9b0_0 .net *"_ivl_36", 0 0, L_0x125878490;  1 drivers
v0x12570aa40_0 .net *"_ivl_39", 0 0, L_0x125878580;  1 drivers
v0x12570aad0_0 .net *"_ivl_40", 0 0, L_0x1258786b0;  1 drivers
v0x12570ab60_0 .net *"_ivl_42", 0 0, L_0x1258787b0;  1 drivers
v0x125783960_0 .net *"_ivl_48", 0 0, L_0x1258789c0;  1 drivers
v0x1257839f0_0 .net *"_ivl_50", 0 0, L_0x125878ac0;  1 drivers
v0x125783a80_0 .net *"_ivl_52", 0 0, L_0x125878b60;  1 drivers
v0x125783b10_0 .net *"_ivl_53", 0 0, L_0x125878c70;  1 drivers
v0x1256b0f30_0 .net *"_ivl_55", 0 0, L_0x125878d40;  1 drivers
v0x1256b0fc0_0 .net *"_ivl_58", 0 0, L_0x125878df0;  1 drivers
v0x1256b1050_0 .net *"_ivl_60", 0 0, L_0x125878e90;  1 drivers
v0x1256b10e0_0 .net *"_ivl_61", 0 0, L_0x125878c00;  1 drivers
v0x12573e130_0 .net *"_ivl_64", 0 0, L_0x125879140;  1 drivers
v0x12573e1c0_0 .net *"_ivl_65", 0 0, L_0x1258791e0;  1 drivers
v0x12573e250_0 .net *"_ivl_67", 0 0, L_0x125879290;  1 drivers
v0x12573e2e0_0 .net *"_ivl_7", 0 0, L_0x1258778e0;  1 drivers
v0x12564a710_0 .net *"_ivl_70", 0 0, L_0x125879400;  1 drivers
v0x12564a7a0_0 .net *"_ivl_72", 0 0, L_0x125879530;  1 drivers
v0x12564a830_0 .net *"_ivl_73", 0 0, L_0x1258790d0;  1 drivers
v0x12564a8c0_0 .net *"_ivl_76", 0 0, L_0x125879610;  1 drivers
v0x1257a6090_0 .net *"_ivl_77", 0 0, L_0x125879750;  1 drivers
v0x1257a6120_0 .net *"_ivl_80", 0 0, L_0x125879870;  1 drivers
v0x1257a61b0_0 .net *"_ivl_81", 0 0, L_0x125879910;  1 drivers
v0x1257a6240_0 .net *"_ivl_83", 0 0, L_0x1258799e0;  1 drivers
v0x1257618e0_0 .net *"_ivl_86", 0 0, L_0x125879bb0;  1 drivers
v0x125761970_0 .net *"_ivl_88", 0 0, L_0x1258796b0;  1 drivers
v0x125761a00_0 .net *"_ivl_90", 0 0, L_0x125879d50;  1 drivers
v0x125761a90_0 .net *"_ivl_91", 0 0, L_0x125878050;  1 drivers
v0x12580db20_0 .net *"_ivl_93", 0 0, L_0x125879ef0;  1 drivers
v0x12580dbb0_0 .net *"_ivl_96", 0 0, L_0x125879b10;  1 drivers
v0x12580dc40_0 .net *"_ivl_98", 0 0, L_0x12587a090;  1 drivers
v0x12580dcd0_0 .net *"_ivl_99", 0 0, L_0x12587a200;  1 drivers
v0x12574f160_0 .net "a", 3 0, L_0x12587b710;  1 drivers
v0x12574f1f0_0 .net "b", 3 0, L_0x12587b7b0;  1 drivers
v0x12574f280_0 .net "c", 3 0, L_0x125878860;  1 drivers
v0x1256d3880_0 .net "cin", 0 0, L_0x125876d00;  alias, 1 drivers
v0x1256d3910_0 .net "cout", 0 0, L_0x12587b140;  alias, 1 drivers
v0x1256d39a0_0 .net "sum", 3 0, L_0x12587b340;  1 drivers
L_0x125877950 .part L_0x1258777f0, 0, 1;
L_0x125877a30 .part L_0x125877780, 0, 1;
L_0x125877b10 .part L_0x125878860, 0, 1;
L_0x125877e40 .part L_0x1258777f0, 1, 1;
L_0x125877ee0 .part L_0x125877780, 1, 1;
L_0x125877fb0 .part L_0x1258777f0, 0, 1;
L_0x1258782d0 .part L_0x125877780, 1, 1;
L_0x1258783f0 .part L_0x125877780, 0, 1;
L_0x125878580 .part L_0x125878860, 0, 1;
L_0x125878860 .concat8 [ 1 1 1 1], L_0x1258778e0, L_0x125877d20, L_0x1258787b0, L_0x1258799e0;
L_0x1258789c0 .part L_0x1258777f0, 2, 1;
L_0x125878ac0 .part L_0x125877780, 2, 1;
L_0x125878b60 .part L_0x1258777f0, 1, 1;
L_0x125878df0 .part L_0x125877780, 2, 1;
L_0x125878e90 .part L_0x125877780, 1, 1;
L_0x125879140 .part L_0x1258777f0, 0, 1;
L_0x125879400 .part L_0x125877780, 2, 1;
L_0x125879530 .part L_0x125877780, 1, 1;
L_0x125879610 .part L_0x125877780, 0, 1;
L_0x125879870 .part L_0x125878860, 0, 1;
L_0x125879bb0 .part L_0x1258777f0, 3, 1;
L_0x1258796b0 .part L_0x125877780, 3, 1;
L_0x125879d50 .part L_0x1258777f0, 2, 1;
L_0x125879b10 .part L_0x125877780, 3, 1;
L_0x12587a090 .part L_0x125877780, 2, 1;
L_0x12587a290 .part L_0x1258777f0, 1, 1;
L_0x12587a550 .part L_0x125877780, 3, 1;
L_0x12587a6d0 .part L_0x125877780, 2, 1;
L_0x125878f70 .part L_0x125877780, 1, 1;
L_0x12587a5f0 .part L_0x1258777f0, 0, 1;
L_0x12587ad70 .part L_0x125877780, 3, 1;
L_0x12587af10 .part L_0x125877780, 2, 1;
L_0x12587b0a0 .part L_0x125877780, 1, 1;
L_0x12587ae50 .part L_0x125877780, 0, 1;
L_0x12587b440 .part L_0x125878860, 0, 1;
S_0x12571c0b0 .scope module, "n2" "cla_4" 6 15, 7 3 0, S_0x125794e50;
 .timescale -9 -11;
    .port_info 0 /INPUT 4 "a";
    .port_info 1 /INPUT 4 "b";
    .port_info 2 /INPUT 1 "cin";
    .port_info 3 /OUTPUT 4 "sum";
    .port_info 4 /OUTPUT 1 "cout";
L_0x12587b3b0 .functor XOR 4, L_0x12587f820, L_0x12587f8c0, C4<0000>, C4<0000>;
L_0x12587b850 .functor AND 4, L_0x12587f820, L_0x12587f8c0, C4<1111>, C4<1111>;
L_0x12587b960 .functor BUFZ 1, L_0x12587b140, C4<0>, C4<0>, C4<0>;
L_0x12587bcd0 .functor AND 1, L_0x12587bb30, L_0x12587bc10, C4<1>, C4<1>;
L_0x12587be00 .functor OR 1, L_0x12587ba50, L_0x12587bcd0, C4<0>, C4<0>;
L_0x12587c1b0 .functor AND 1, L_0x12587bfc0, L_0x12587c090, C4<1>, C4<1>;
L_0x12587c260 .functor OR 1, L_0x12587bf20, L_0x12587c1b0, C4<0>, C4<0>;
L_0x12587c550 .functor AND 1, L_0x12587c390, L_0x12587c4b0, C4<1>, C4<1>;
L_0x12587c770 .functor AND 1, L_0x12587c550, L_0x12587c640, C4<1>, C4<1>;
L_0x12587c870 .functor OR 1, L_0x12587c260, L_0x12587c770, C4<0>, C4<0>;
L_0x12587cd60 .functor AND 1, L_0x12587cbb0, L_0x12587cc50, C4<1>, C4<1>;
L_0x12587ce70 .functor OR 1, L_0x12587cab0, L_0x12587cd60, C4<0>, C4<0>;
L_0x12587ccf0 .functor AND 1, L_0x12587cf20, L_0x12587cfc0, C4<1>, C4<1>;
L_0x12587d2f0 .functor AND 1, L_0x12587ccf0, L_0x12587d250, C4<1>, C4<1>;
L_0x12587d3a0 .functor OR 1, L_0x12587ce70, L_0x12587d2f0, C4<0>, C4<0>;
L_0x12587d1e0 .functor AND 1, L_0x12587d510, L_0x12587d640, C4<1>, C4<1>;
L_0x12587d860 .functor AND 1, L_0x12587d1e0, L_0x12587d720, C4<1>, C4<1>;
L_0x12587da20 .functor AND 1, L_0x12587d860, L_0x12587d980, C4<1>, C4<1>;
L_0x12587daf0 .functor OR 1, L_0x12587d3a0, L_0x12587da20, C4<0>, C4<0>;
L_0x12587c130 .functor AND 1, L_0x12587d7c0, L_0x12587de60, C4<1>, C4<1>;
L_0x12587e000 .functor OR 1, L_0x12587dcc0, L_0x12587c130, C4<0>, C4<0>;
L_0x12587e310 .functor AND 1, L_0x12587dc20, L_0x12587e1a0, C4<1>, C4<1>;
L_0x12587e440 .functor AND 1, L_0x12587e310, L_0x12587e3a0, C4<1>, C4<1>;
L_0x12587e5f0 .functor OR 1, L_0x12587e000, L_0x12587e440, C4<0>, C4<0>;
L_0x12587e240 .functor AND 1, L_0x12587e660, L_0x12587e7e0, C4<1>, C4<1>;
L_0x12587e530 .functor AND 1, L_0x12587e240, L_0x12587d0a0, C4<1>, C4<1>;
L_0x12587ec40 .functor AND 1, L_0x12587e530, L_0x12587e700, C4<1>, C4<1>;
L_0x12587ee10 .functor OR 1, L_0x12587e5f0, L_0x12587ec40, C4<0>, C4<0>;
L_0x12587eb00 .functor AND 1, L_0x12587ee80, L_0x12587f020, C4<1>, C4<1>;
L_0x12587ed30 .functor AND 1, L_0x12587eb00, L_0x12587f1b0, C4<1>, C4<1>;
L_0x12587f360 .functor AND 1, L_0x12587ed30, L_0x12587ef60, C4<1>, C4<1>;
L_0x12587f0c0 .functor AND 1, L_0x12587f360, L_0x12587f550, C4<1>, C4<1>;
L_0x12587f250 .functor OR 1, L_0x12587ee10, L_0x12587f0c0, C4<0>, C4<0>;
L_0x12587f450 .functor XOR 4, L_0x12587b3b0, L_0x12587c920, C4<0000>, C4<0000>;
v0x1256d3a30_0 .net "G", 3 0, L_0x12587b850;  1 drivers
v0x12571c220_0 .net "P", 3 0, L_0x12587b3b0;  1 drivers
v0x12571c2b0_0 .net *"_ivl_102", 0 0, L_0x12587e3a0;  1 drivers
v0x12568eea0_0 .net *"_ivl_103", 0 0, L_0x12587e440;  1 drivers
v0x12568ef30_0 .net *"_ivl_105", 0 0, L_0x12587e5f0;  1 drivers
v0x12568efc0_0 .net *"_ivl_108", 0 0, L_0x12587e660;  1 drivers
v0x12568f050_0 .net *"_ivl_11", 0 0, L_0x12587ba50;  1 drivers
v0x1256e4880_0 .net *"_ivl_110", 0 0, L_0x12587e7e0;  1 drivers
v0x1256e4910_0 .net *"_ivl_111", 0 0, L_0x12587e240;  1 drivers
v0x1256e49a0_0 .net *"_ivl_114", 0 0, L_0x12587d0a0;  1 drivers
v0x1256e4a30_0 .net *"_ivl_115", 0 0, L_0x12587e530;  1 drivers
v0x12565b700_0 .net *"_ivl_118", 0 0, L_0x12587e700;  1 drivers
v0x12565b790_0 .net *"_ivl_119", 0 0, L_0x12587ec40;  1 drivers
v0x12565b820_0 .net *"_ivl_121", 0 0, L_0x12587ee10;  1 drivers
v0x12565b8b0_0 .net *"_ivl_124", 0 0, L_0x12587ee80;  1 drivers
v0x1257b7080_0 .net *"_ivl_126", 0 0, L_0x12587f020;  1 drivers
v0x1257b7110_0 .net *"_ivl_127", 0 0, L_0x12587eb00;  1 drivers
v0x1257b72a0_0 .net *"_ivl_13", 0 0, L_0x12587bb30;  1 drivers
v0x1257728d0_0 .net *"_ivl_130", 0 0, L_0x12587f1b0;  1 drivers
v0x125772960_0 .net *"_ivl_131", 0 0, L_0x12587ed30;  1 drivers
v0x1257729f0_0 .net *"_ivl_134", 0 0, L_0x12587ef60;  1 drivers
v0x125772a80_0 .net *"_ivl_135", 0 0, L_0x12587f360;  1 drivers
v0x12572d0b0_0 .net *"_ivl_138", 0 0, L_0x12587f550;  1 drivers
v0x12572d140_0 .net *"_ivl_139", 0 0, L_0x12587f0c0;  1 drivers
v0x12572d1d0_0 .net *"_ivl_15", 0 0, L_0x12587bc10;  1 drivers
v0x12572d260_0 .net *"_ivl_16", 0 0, L_0x12587bcd0;  1 drivers
v0x12572d2f0_0 .net *"_ivl_18", 0 0, L_0x12587be00;  1 drivers
v0x135749b80_0 .net *"_ivl_23", 0 0, L_0x12587bf20;  1 drivers
v0x135749c10_0 .net *"_ivl_25", 0 0, L_0x12587bfc0;  1 drivers
v0x135749ca0_0 .net *"_ivl_27", 0 0, L_0x12587c090;  1 drivers
v0x135749d30_0 .net *"_ivl_28", 0 0, L_0x12587c1b0;  1 drivers
v0x135749dc0_0 .net *"_ivl_30", 0 0, L_0x12587c260;  1 drivers
v0x13579acc0_0 .net *"_ivl_33", 0 0, L_0x12587c390;  1 drivers
v0x1257b71a0_0 .net *"_ivl_35", 0 0, L_0x12587c4b0;  1 drivers
v0x135799d80_0 .net *"_ivl_36", 0 0, L_0x12587c550;  1 drivers
v0x135799e10_0 .net *"_ivl_39", 0 0, L_0x12587c640;  1 drivers
v0x135799ea0_0 .net *"_ivl_40", 0 0, L_0x12587c770;  1 drivers
v0x135799f30_0 .net *"_ivl_42", 0 0, L_0x12587c870;  1 drivers
v0x135799fc0_0 .net *"_ivl_48", 0 0, L_0x12587cab0;  1 drivers
v0x13579bc20_0 .net *"_ivl_50", 0 0, L_0x12587cbb0;  1 drivers
v0x13579bcb0_0 .net *"_ivl_52", 0 0, L_0x12587cc50;  1 drivers
v0x13579bd40_0 .net *"_ivl_53", 0 0, L_0x12587cd60;  1 drivers
v0x13579bdd0_0 .net *"_ivl_55", 0 0, L_0x12587ce70;  1 drivers
v0x13579be60_0 .net *"_ivl_58", 0 0, L_0x12587cf20;  1 drivers
v0x13579cb80_0 .net *"_ivl_60", 0 0, L_0x12587cfc0;  1 drivers
v0x13579cc10_0 .net *"_ivl_61", 0 0, L_0x12587ccf0;  1 drivers
v0x13579cca0_0 .net *"_ivl_64", 0 0, L_0x12587d250;  1 drivers
v0x13579cd30_0 .net *"_ivl_65", 0 0, L_0x12587d2f0;  1 drivers
v0x13579cdc0_0 .net *"_ivl_67", 0 0, L_0x12587d3a0;  1 drivers
v0x13579dcf0_0 .net *"_ivl_7", 0 0, L_0x12587b960;  1 drivers
v0x13579dd80_0 .net *"_ivl_70", 0 0, L_0x12587d510;  1 drivers
v0x13579de10_0 .net *"_ivl_72", 0 0, L_0x12587d640;  1 drivers
v0x13579dea0_0 .net *"_ivl_73", 0 0, L_0x12587d1e0;  1 drivers
v0x13579df30_0 .net *"_ivl_76", 0 0, L_0x12587d720;  1 drivers
v0x135798bc0_0 .net *"_ivl_77", 0 0, L_0x12587d860;  1 drivers
v0x135798c50_0 .net *"_ivl_80", 0 0, L_0x12587d980;  1 drivers
v0x135798ce0_0 .net *"_ivl_81", 0 0, L_0x12587da20;  1 drivers
v0x135798d70_0 .net *"_ivl_83", 0 0, L_0x12587daf0;  1 drivers
v0x135798e00_0 .net *"_ivl_86", 0 0, L_0x12587dcc0;  1 drivers
v0x13579fd60_0 .net *"_ivl_88", 0 0, L_0x12587d7c0;  1 drivers
v0x13579fdf0_0 .net *"_ivl_90", 0 0, L_0x12587de60;  1 drivers
v0x13579fe80_0 .net *"_ivl_91", 0 0, L_0x12587c130;  1 drivers
v0x13579ff10_0 .net *"_ivl_93", 0 0, L_0x12587e000;  1 drivers
v0x13579ffa0_0 .net *"_ivl_96", 0 0, L_0x12587dc20;  1 drivers
v0x13579ee60_0 .net *"_ivl_98", 0 0, L_0x12587e1a0;  1 drivers
v0x13579ad50_0 .net *"_ivl_99", 0 0, L_0x12587e310;  1 drivers
v0x13579ade0_0 .net "a", 3 0, L_0x12587f820;  1 drivers
v0x13579ae70_0 .net "b", 3 0, L_0x12587f8c0;  1 drivers
v0x13579af00_0 .net "c", 3 0, L_0x12587c920;  1 drivers
v0x13579eef0_0 .net "cin", 0 0, L_0x12587b140;  alias, 1 drivers
v0x13579ef80_0 .net "cout", 0 0, L_0x12587f250;  alias, 1 drivers
v0x13579f010_0 .net "sum", 3 0, L_0x12587f450;  1 drivers
L_0x12587ba50 .part L_0x12587b850, 0, 1;
L_0x12587bb30 .part L_0x12587b3b0, 0, 1;
L_0x12587bc10 .part L_0x12587c920, 0, 1;
L_0x12587bf20 .part L_0x12587b850, 1, 1;
L_0x12587bfc0 .part L_0x12587b3b0, 1, 1;
L_0x12587c090 .part L_0x12587b850, 0, 1;
L_0x12587c390 .part L_0x12587b3b0, 1, 1;
L_0x12587c4b0 .part L_0x12587b3b0, 0, 1;
L_0x12587c640 .part L_0x12587c920, 0, 1;
L_0x12587c920 .concat8 [ 1 1 1 1], L_0x12587b960, L_0x12587be00, L_0x12587c870, L_0x12587daf0;
L_0x12587cab0 .part L_0x12587b850, 2, 1;
L_0x12587cbb0 .part L_0x12587b3b0, 2, 1;
L_0x12587cc50 .part L_0x12587b850, 1, 1;
L_0x12587cf20 .part L_0x12587b3b0, 2, 1;
L_0x12587cfc0 .part L_0x12587b3b0, 1, 1;
L_0x12587d250 .part L_0x12587b850, 0, 1;
L_0x12587d510 .part L_0x12587b3b0, 2, 1;
L_0x12587d640 .part L_0x12587b3b0, 1, 1;
L_0x12587d720 .part L_0x12587b3b0, 0, 1;
L_0x12587d980 .part L_0x12587c920, 0, 1;
L_0x12587dcc0 .part L_0x12587b850, 3, 1;
L_0x12587d7c0 .part L_0x12587b3b0, 3, 1;
L_0x12587de60 .part L_0x12587b850, 2, 1;
L_0x12587dc20 .part L_0x12587b3b0, 3, 1;
L_0x12587e1a0 .part L_0x12587b3b0, 2, 1;
L_0x12587e3a0 .part L_0x12587b850, 1, 1;
L_0x12587e660 .part L_0x12587b3b0, 3, 1;
L_0x12587e7e0 .part L_0x12587b3b0, 2, 1;
L_0x12587d0a0 .part L_0x12587b3b0, 1, 1;
L_0x12587e700 .part L_0x12587b850, 0, 1;
L_0x12587ee80 .part L_0x12587b3b0, 3, 1;
L_0x12587f020 .part L_0x12587b3b0, 2, 1;
L_0x12587f1b0 .part L_0x12587b3b0, 1, 1;
L_0x12587ef60 .part L_0x12587b3b0, 0, 1;
L_0x12587f550 .part L_0x12587c920, 0, 1;
S_0x135719be0 .scope module, "n3" "cla_4" 6 16, 7 3 0, S_0x125794e50;
 .timescale -9 -11;
    .port_info 0 /INPUT 4 "a";
    .port_info 1 /INPUT 4 "b";
    .port_info 2 /INPUT 1 "cin";
    .port_info 3 /OUTPUT 4 "sum";
    .port_info 4 /OUTPUT 1 "cout";
L_0x12587f960 .functor XOR 4, L_0x125883a00, L_0x125883aa0, C4<0000>, C4<0000>;
L_0x12587f9f0 .functor AND 4, L_0x125883a00, L_0x125883aa0, C4<1111>, C4<1111>;
L_0x12587fb20 .functor BUFZ 1, L_0x12587f250, C4<0>, C4<0>, C4<0>;
L_0x12587fe90 .functor AND 1, L_0x12587fcf0, L_0x12587fdd0, C4<1>, C4<1>;
L_0x12587ffc0 .functor OR 1, L_0x12587fc10, L_0x12587fe90, C4<0>, C4<0>;
L_0x125880370 .functor AND 1, L_0x125880180, L_0x125880250, C4<1>, C4<1>;
L_0x125880440 .functor OR 1, L_0x1258800e0, L_0x125880370, C4<0>, C4<0>;
L_0x125880730 .functor AND 1, L_0x125880570, L_0x125880690, C4<1>, C4<1>;
L_0x125880950 .functor AND 1, L_0x125880730, L_0x125880820, C4<1>, C4<1>;
L_0x125880a50 .functor OR 1, L_0x125880440, L_0x125880950, C4<0>, C4<0>;
L_0x125880f40 .functor AND 1, L_0x125880d90, L_0x125880e30, C4<1>, C4<1>;
L_0x125881050 .functor OR 1, L_0x125880c90, L_0x125880f40, C4<0>, C4<0>;
L_0x125880ed0 .functor AND 1, L_0x125881100, L_0x1258811a0, C4<1>, C4<1>;
L_0x1258814d0 .functor AND 1, L_0x125880ed0, L_0x125881430, C4<1>, C4<1>;
L_0x125881580 .functor OR 1, L_0x125881050, L_0x1258814d0, C4<0>, C4<0>;
L_0x1258813c0 .functor AND 1, L_0x1258816f0, L_0x125881820, C4<1>, C4<1>;
L_0x125881a40 .functor AND 1, L_0x1258813c0, L_0x125881900, C4<1>, C4<1>;
L_0x125881c00 .functor AND 1, L_0x125881a40, L_0x125881b60, C4<1>, C4<1>;
L_0x125881cd0 .functor OR 1, L_0x125881580, L_0x125881c00, C4<0>, C4<0>;
L_0x1258802f0 .functor AND 1, L_0x1258819a0, L_0x125882040, C4<1>, C4<1>;
L_0x1258821e0 .functor OR 1, L_0x125881ea0, L_0x1258802f0, C4<0>, C4<0>;
L_0x1258824f0 .functor AND 1, L_0x125881e00, L_0x125882380, C4<1>, C4<1>;
L_0x125882620 .functor AND 1, L_0x1258824f0, L_0x125882580, C4<1>, C4<1>;
L_0x1258827d0 .functor OR 1, L_0x1258821e0, L_0x125882620, C4<0>, C4<0>;
L_0x125882420 .functor AND 1, L_0x125882840, L_0x1258829c0, C4<1>, C4<1>;
L_0x125882710 .functor AND 1, L_0x125882420, L_0x125881280, C4<1>, C4<1>;
L_0x125882e20 .functor AND 1, L_0x125882710, L_0x1258828e0, C4<1>, C4<1>;
L_0x125882ff0 .functor OR 1, L_0x1258827d0, L_0x125882e20, C4<0>, C4<0>;
L_0x125882ce0 .functor AND 1, L_0x125883060, L_0x125883200, C4<1>, C4<1>;
L_0x125882f10 .functor AND 1, L_0x125882ce0, L_0x125883390, C4<1>, C4<1>;
L_0x125883540 .functor AND 1, L_0x125882f10, L_0x125883140, C4<1>, C4<1>;
L_0x1258832a0 .functor AND 1, L_0x125883540, L_0x125883730, C4<1>, C4<1>;
L_0x125883430 .functor OR 1, L_0x125882ff0, L_0x1258832a0, C4<0>, C4<0>;
L_0x125883630 .functor XOR 4, L_0x12587f960, L_0x125880b00, C4<0000>, C4<0000>;
v0x13579f0a0_0 .net "G", 3 0, L_0x12587f9f0;  1 drivers
v0x135719d50_0 .net "P", 3 0, L_0x12587f960;  1 drivers
v0x135719de0_0 .net *"_ivl_102", 0 0, L_0x125882580;  1 drivers
v0x135728780_0 .net *"_ivl_103", 0 0, L_0x125882620;  1 drivers
v0x135728810_0 .net *"_ivl_105", 0 0, L_0x1258827d0;  1 drivers
v0x1357288a0_0 .net *"_ivl_108", 0 0, L_0x125882840;  1 drivers
v0x135728930_0 .net *"_ivl_11", 0 0, L_0x12587fc10;  1 drivers
v0x1357289c0_0 .net *"_ivl_110", 0 0, L_0x1258829c0;  1 drivers
v0x135752170_0 .net *"_ivl_111", 0 0, L_0x125882420;  1 drivers
v0x135752200_0 .net *"_ivl_114", 0 0, L_0x125881280;  1 drivers
v0x135752290_0 .net *"_ivl_115", 0 0, L_0x125882710;  1 drivers
v0x135752320_0 .net *"_ivl_118", 0 0, L_0x1258828e0;  1 drivers
v0x1357523b0_0 .net *"_ivl_119", 0 0, L_0x125882e20;  1 drivers
v0x13575c9d0_0 .net *"_ivl_121", 0 0, L_0x125882ff0;  1 drivers
v0x13575ca60_0 .net *"_ivl_124", 0 0, L_0x125883060;  1 drivers
v0x13575caf0_0 .net *"_ivl_126", 0 0, L_0x125883200;  1 drivers
v0x13575cb80_0 .net *"_ivl_127", 0 0, L_0x125882ce0;  1 drivers
v0x13575cc10_0 .net *"_ivl_13", 0 0, L_0x12587fcf0;  1 drivers
v0x135797b20_0 .net *"_ivl_130", 0 0, L_0x125883390;  1 drivers
v0x135797bb0_0 .net *"_ivl_131", 0 0, L_0x125882f10;  1 drivers
v0x135797c40_0 .net *"_ivl_134", 0 0, L_0x125883140;  1 drivers
v0x135735a80_0 .net *"_ivl_135", 0 0, L_0x125883540;  1 drivers
v0x135735b10_0 .net *"_ivl_138", 0 0, L_0x125883730;  1 drivers
v0x135735ba0_0 .net *"_ivl_139", 0 0, L_0x1258832a0;  1 drivers
v0x135735c30_0 .net *"_ivl_15", 0 0, L_0x12587fdd0;  1 drivers
v0x135735cc0_0 .net *"_ivl_16", 0 0, L_0x12587fe90;  1 drivers
v0x135746ac0_0 .net *"_ivl_18", 0 0, L_0x12587ffc0;  1 drivers
v0x135746b50_0 .net *"_ivl_23", 0 0, L_0x1258800e0;  1 drivers
v0x135746be0_0 .net *"_ivl_25", 0 0, L_0x125880180;  1 drivers
v0x135746c70_0 .net *"_ivl_27", 0 0, L_0x125880250;  1 drivers
v0x135746d00_0 .net *"_ivl_28", 0 0, L_0x125880370;  1 drivers
v0x135732e80_0 .net *"_ivl_30", 0 0, L_0x125880440;  1 drivers
v0x135732f10_0 .net *"_ivl_33", 0 0, L_0x125880570;  1 drivers
v0x135797a20_0 .net *"_ivl_35", 0 0, L_0x125880690;  1 drivers
v0x135741210_0 .net *"_ivl_36", 0 0, L_0x125880730;  1 drivers
v0x135732fa0_0 .net *"_ivl_39", 0 0, L_0x125880820;  1 drivers
v0x135733030_0 .net *"_ivl_40", 0 0, L_0x125880950;  1 drivers
v0x1357330c0_0 .net *"_ivl_42", 0 0, L_0x125880a50;  1 drivers
v0x135730480_0 .net *"_ivl_48", 0 0, L_0x125880c90;  1 drivers
v0x135730510_0 .net *"_ivl_50", 0 0, L_0x125880d90;  1 drivers
v0x1357305a0_0 .net *"_ivl_52", 0 0, L_0x125880e30;  1 drivers
v0x135730630_0 .net *"_ivl_53", 0 0, L_0x125880f40;  1 drivers
v0x1357306c0_0 .net *"_ivl_55", 0 0, L_0x125881050;  1 drivers
v0x135780380_0 .net *"_ivl_58", 0 0, L_0x125881100;  1 drivers
v0x135780410_0 .net *"_ivl_60", 0 0, L_0x1258811a0;  1 drivers
v0x1357804a0_0 .net *"_ivl_61", 0 0, L_0x125880ed0;  1 drivers
v0x135780530_0 .net *"_ivl_64", 0 0, L_0x125881430;  1 drivers
v0x1357805c0_0 .net *"_ivl_65", 0 0, L_0x1258814d0;  1 drivers
v0x135744130_0 .net *"_ivl_67", 0 0, L_0x125881580;  1 drivers
v0x1357441c0_0 .net *"_ivl_7", 0 0, L_0x12587fb20;  1 drivers
v0x135744250_0 .net *"_ivl_70", 0 0, L_0x1258816f0;  1 drivers
v0x1357442e0_0 .net *"_ivl_72", 0 0, L_0x125881820;  1 drivers
v0x135744370_0 .net *"_ivl_73", 0 0, L_0x1258813c0;  1 drivers
v0x13572ded0_0 .net *"_ivl_76", 0 0, L_0x125881900;  1 drivers
v0x13572df60_0 .net *"_ivl_77", 0 0, L_0x125881a40;  1 drivers
v0x13572dff0_0 .net *"_ivl_80", 0 0, L_0x125881b60;  1 drivers
v0x13572e080_0 .net *"_ivl_81", 0 0, L_0x125881c00;  1 drivers
v0x13572e110_0 .net *"_ivl_83", 0 0, L_0x125881cd0;  1 drivers
v0x135763240_0 .net *"_ivl_86", 0 0, L_0x125881ea0;  1 drivers
v0x1357632d0_0 .net *"_ivl_88", 0 0, L_0x1258819a0;  1 drivers
v0x135763360_0 .net *"_ivl_90", 0 0, L_0x125882040;  1 drivers
v0x1357633f0_0 .net *"_ivl_91", 0 0, L_0x1258802f0;  1 drivers
v0x135763480_0 .net *"_ivl_93", 0 0, L_0x1258821e0;  1 drivers
v0x135783410_0 .net *"_ivl_96", 0 0, L_0x125881e00;  1 drivers
v0x1357834a0_0 .net *"_ivl_98", 0 0, L_0x125882380;  1 drivers
v0x135783530_0 .net *"_ivl_99", 0 0, L_0x1258824f0;  1 drivers
v0x1357835c0_0 .net "a", 3 0, L_0x125883a00;  1 drivers
v0x135783650_0 .net "b", 3 0, L_0x125883aa0;  1 drivers
v0x135741010_0 .net "c", 3 0, L_0x125880b00;  1 drivers
v0x1357410a0_0 .net "cin", 0 0, L_0x12587f250;  alias, 1 drivers
v0x135741130_0 .net "cout", 0 0, L_0x125883430;  alias, 1 drivers
v0x13578de50_0 .net "sum", 3 0, L_0x125883630;  1 drivers
L_0x12587fc10 .part L_0x12587f9f0, 0, 1;
L_0x12587fcf0 .part L_0x12587f960, 0, 1;
L_0x12587fdd0 .part L_0x125880b00, 0, 1;
L_0x1258800e0 .part L_0x12587f9f0, 1, 1;
L_0x125880180 .part L_0x12587f960, 1, 1;
L_0x125880250 .part L_0x12587f9f0, 0, 1;
L_0x125880570 .part L_0x12587f960, 1, 1;
L_0x125880690 .part L_0x12587f960, 0, 1;
L_0x125880820 .part L_0x125880b00, 0, 1;
L_0x125880b00 .concat8 [ 1 1 1 1], L_0x12587fb20, L_0x12587ffc0, L_0x125880a50, L_0x125881cd0;
L_0x125880c90 .part L_0x12587f9f0, 2, 1;
L_0x125880d90 .part L_0x12587f960, 2, 1;
L_0x125880e30 .part L_0x12587f9f0, 1, 1;
L_0x125881100 .part L_0x12587f960, 2, 1;
L_0x1258811a0 .part L_0x12587f960, 1, 1;
L_0x125881430 .part L_0x12587f9f0, 0, 1;
L_0x1258816f0 .part L_0x12587f960, 2, 1;
L_0x125881820 .part L_0x12587f960, 1, 1;
L_0x125881900 .part L_0x12587f960, 0, 1;
L_0x125881b60 .part L_0x125880b00, 0, 1;
L_0x125881ea0 .part L_0x12587f9f0, 3, 1;
L_0x1258819a0 .part L_0x12587f960, 3, 1;
L_0x125882040 .part L_0x12587f9f0, 2, 1;
L_0x125881e00 .part L_0x12587f960, 3, 1;
L_0x125882380 .part L_0x12587f960, 2, 1;
L_0x125882580 .part L_0x12587f9f0, 1, 1;
L_0x125882840 .part L_0x12587f960, 3, 1;
L_0x1258829c0 .part L_0x12587f960, 2, 1;
L_0x125881280 .part L_0x12587f960, 1, 1;
L_0x1258828e0 .part L_0x12587f9f0, 0, 1;
L_0x125883060 .part L_0x12587f960, 3, 1;
L_0x125883200 .part L_0x12587f960, 2, 1;
L_0x125883390 .part L_0x12587f960, 1, 1;
L_0x125883140 .part L_0x12587f960, 0, 1;
L_0x125883730 .part L_0x125880b00, 0, 1;
S_0x13578dee0 .scope module, "n4" "cla_4" 6 17, 7 3 0, S_0x125794e50;
 .timescale -9 -11;
    .port_info 0 /INPUT 4 "a";
    .port_info 1 /INPUT 4 "b";
    .port_info 2 /INPUT 1 "cin";
    .port_info 3 /OUTPUT 4 "sum";
    .port_info 4 /OUTPUT 1 "cout";
L_0x125883b40 .functor XOR 4, L_0x125887b80, L_0x125887c20, C4<0000>, C4<0000>;
L_0x125883bb0 .functor AND 4, L_0x125887b80, L_0x125887c20, C4<1111>, C4<1111>;
L_0x125883ca0 .functor BUFZ 1, L_0x125883430, C4<0>, C4<0>, C4<0>;
L_0x125884010 .functor AND 1, L_0x125883e70, L_0x125883f50, C4<1>, C4<1>;
L_0x125884140 .functor OR 1, L_0x125883d90, L_0x125884010, C4<0>, C4<0>;
L_0x1258844f0 .functor AND 1, L_0x125884300, L_0x1258843d0, C4<1>, C4<1>;
L_0x1258845c0 .functor OR 1, L_0x125884260, L_0x1258844f0, C4<0>, C4<0>;
L_0x1258848b0 .functor AND 1, L_0x1258846f0, L_0x125884810, C4<1>, C4<1>;
L_0x125884ad0 .functor AND 1, L_0x1258848b0, L_0x1258849a0, C4<1>, C4<1>;
L_0x125884bd0 .functor OR 1, L_0x1258845c0, L_0x125884ad0, C4<0>, C4<0>;
L_0x1258850c0 .functor AND 1, L_0x125884f10, L_0x125884fb0, C4<1>, C4<1>;
L_0x1258851d0 .functor OR 1, L_0x125884e10, L_0x1258850c0, C4<0>, C4<0>;
L_0x125885050 .functor AND 1, L_0x125885280, L_0x125885320, C4<1>, C4<1>;
L_0x125885650 .functor AND 1, L_0x125885050, L_0x1258855b0, C4<1>, C4<1>;
L_0x125885700 .functor OR 1, L_0x1258851d0, L_0x125885650, C4<0>, C4<0>;
L_0x125885540 .functor AND 1, L_0x125885870, L_0x1258859a0, C4<1>, C4<1>;
L_0x125885bc0 .functor AND 1, L_0x125885540, L_0x125885a80, C4<1>, C4<1>;
L_0x125885d80 .functor AND 1, L_0x125885bc0, L_0x125885ce0, C4<1>, C4<1>;
L_0x125885e50 .functor OR 1, L_0x125885700, L_0x125885d80, C4<0>, C4<0>;
L_0x125884470 .functor AND 1, L_0x125885b20, L_0x1258861c0, C4<1>, C4<1>;
L_0x125886360 .functor OR 1, L_0x125886020, L_0x125884470, C4<0>, C4<0>;
L_0x125886670 .functor AND 1, L_0x125885f80, L_0x125886500, C4<1>, C4<1>;
L_0x1258867a0 .functor AND 1, L_0x125886670, L_0x125886700, C4<1>, C4<1>;
L_0x125886950 .functor OR 1, L_0x125886360, L_0x1258867a0, C4<0>, C4<0>;
L_0x1258865a0 .functor AND 1, L_0x1258869c0, L_0x125886b40, C4<1>, C4<1>;
L_0x125886890 .functor AND 1, L_0x1258865a0, L_0x125885400, C4<1>, C4<1>;
L_0x125886fa0 .functor AND 1, L_0x125886890, L_0x125886aa0, C4<1>, C4<1>;
L_0x125887170 .functor OR 1, L_0x125886950, L_0x125886fa0, C4<0>, C4<0>;
L_0x125886e60 .functor AND 1, L_0x1258871e0, L_0x125887380, C4<1>, C4<1>;
L_0x125887090 .functor AND 1, L_0x125886e60, L_0x125887510, C4<1>, C4<1>;
L_0x1258876c0 .functor AND 1, L_0x125887090, L_0x1258872c0, C4<1>, C4<1>;
L_0x125887420 .functor AND 1, L_0x1258876c0, L_0x1258878b0, C4<1>, C4<1>;
L_0x1258875b0 .functor OR 1, L_0x125887170, L_0x125887420, C4<0>, C4<0>;
L_0x1258877b0 .functor XOR 4, L_0x125883b40, L_0x125884c80, C4<0000>, C4<0000>;
v0x13578e050_0 .net "G", 3 0, L_0x125883bb0;  1 drivers
v0x13574b8c0_0 .net "P", 3 0, L_0x125883b40;  1 drivers
v0x13574b950_0 .net *"_ivl_102", 0 0, L_0x125886700;  1 drivers
v0x13574b9e0_0 .net *"_ivl_103", 0 0, L_0x1258867a0;  1 drivers
v0x13574ba70_0 .net *"_ivl_105", 0 0, L_0x125886950;  1 drivers
v0x13574bb00_0 .net *"_ivl_108", 0 0, L_0x1258869c0;  1 drivers
v0x1357555a0_0 .net *"_ivl_11", 0 0, L_0x125883d90;  1 drivers
v0x135755630_0 .net *"_ivl_110", 0 0, L_0x125886b40;  1 drivers
v0x1357556c0_0 .net *"_ivl_111", 0 0, L_0x1258865a0;  1 drivers
v0x135755750_0 .net *"_ivl_114", 0 0, L_0x125885400;  1 drivers
v0x1357557e0_0 .net *"_ivl_115", 0 0, L_0x125886890;  1 drivers
v0x135755870_0 .net *"_ivl_118", 0 0, L_0x125886aa0;  1 drivers
v0x1357578d0_0 .net *"_ivl_119", 0 0, L_0x125886fa0;  1 drivers
v0x135757960_0 .net *"_ivl_121", 0 0, L_0x125887170;  1 drivers
v0x1357579f0_0 .net *"_ivl_124", 0 0, L_0x1258871e0;  1 drivers
v0x135757a80_0 .net *"_ivl_126", 0 0, L_0x125887380;  1 drivers
v0x135757b10_0 .net *"_ivl_127", 0 0, L_0x125886e60;  1 drivers
v0x135757ba0_0 .net *"_ivl_13", 0 0, L_0x125883e70;  1 drivers
v0x12580e320_0 .net *"_ivl_130", 0 0, L_0x125887510;  1 drivers
v0x12580e3b0_0 .net *"_ivl_131", 0 0, L_0x125887090;  1 drivers
v0x12580e440_0 .net *"_ivl_134", 0 0, L_0x1258872c0;  1 drivers
v0x12580e4d0_0 .net *"_ivl_135", 0 0, L_0x1258876c0;  1 drivers
v0x12580e560_0 .net *"_ivl_138", 0 0, L_0x1258878b0;  1 drivers
v0x12580e5f0_0 .net *"_ivl_139", 0 0, L_0x125887420;  1 drivers
v0x12580e680_0 .net *"_ivl_15", 0 0, L_0x125883f50;  1 drivers
v0x12580e710_0 .net *"_ivl_16", 0 0, L_0x125884010;  1 drivers
v0x12580e7a0_0 .net *"_ivl_18", 0 0, L_0x125884140;  1 drivers
v0x12580e830_0 .net *"_ivl_23", 0 0, L_0x125884260;  1 drivers
v0x12580e8c0_0 .net *"_ivl_25", 0 0, L_0x125884300;  1 drivers
v0x12580e950_0 .net *"_ivl_27", 0 0, L_0x1258843d0;  1 drivers
v0x12580e9e0_0 .net *"_ivl_28", 0 0, L_0x1258844f0;  1 drivers
v0x12580ea70_0 .net *"_ivl_30", 0 0, L_0x1258845c0;  1 drivers
v0x12580eb00_0 .net *"_ivl_33", 0 0, L_0x1258846f0;  1 drivers
v0x12580e220_0 .net *"_ivl_35", 0 0, L_0x125884810;  1 drivers
v0x12580ed90_0 .net *"_ivl_36", 0 0, L_0x1258848b0;  1 drivers
v0x12580ee20_0 .net *"_ivl_39", 0 0, L_0x1258849a0;  1 drivers
v0x12580eeb0_0 .net *"_ivl_40", 0 0, L_0x125884ad0;  1 drivers
v0x12580ef40_0 .net *"_ivl_42", 0 0, L_0x125884bd0;  1 drivers
v0x12580efd0_0 .net *"_ivl_48", 0 0, L_0x125884e10;  1 drivers
v0x12580f060_0 .net *"_ivl_50", 0 0, L_0x125884f10;  1 drivers
v0x12580f0f0_0 .net *"_ivl_52", 0 0, L_0x125884fb0;  1 drivers
v0x12580f180_0 .net *"_ivl_53", 0 0, L_0x1258850c0;  1 drivers
v0x12580f210_0 .net *"_ivl_55", 0 0, L_0x1258851d0;  1 drivers
v0x12580f2a0_0 .net *"_ivl_58", 0 0, L_0x125885280;  1 drivers
v0x12580f330_0 .net *"_ivl_60", 0 0, L_0x125885320;  1 drivers
v0x12580f3c0_0 .net *"_ivl_61", 0 0, L_0x125885050;  1 drivers
v0x12580f450_0 .net *"_ivl_64", 0 0, L_0x1258855b0;  1 drivers
v0x12580f4e0_0 .net *"_ivl_65", 0 0, L_0x125885650;  1 drivers
v0x12580f570_0 .net *"_ivl_67", 0 0, L_0x125885700;  1 drivers
v0x12580f600_0 .net *"_ivl_7", 0 0, L_0x125883ca0;  1 drivers
v0x12580f690_0 .net *"_ivl_70", 0 0, L_0x125885870;  1 drivers
v0x12580f720_0 .net *"_ivl_72", 0 0, L_0x1258859a0;  1 drivers
v0x12580f7b0_0 .net *"_ivl_73", 0 0, L_0x125885540;  1 drivers
v0x12580f840_0 .net *"_ivl_76", 0 0, L_0x125885a80;  1 drivers
v0x12580f8d0_0 .net *"_ivl_77", 0 0, L_0x125885bc0;  1 drivers
v0x12580f960_0 .net *"_ivl_80", 0 0, L_0x125885ce0;  1 drivers
v0x12580f9f0_0 .net *"_ivl_81", 0 0, L_0x125885d80;  1 drivers
v0x12580fa80_0 .net *"_ivl_83", 0 0, L_0x125885e50;  1 drivers
v0x12580fb10_0 .net *"_ivl_86", 0 0, L_0x125886020;  1 drivers
v0x12580fba0_0 .net *"_ivl_88", 0 0, L_0x125885b20;  1 drivers
v0x12580fc30_0 .net *"_ivl_90", 0 0, L_0x1258861c0;  1 drivers
v0x12580fcc0_0 .net *"_ivl_91", 0 0, L_0x125884470;  1 drivers
v0x12580fd50_0 .net *"_ivl_93", 0 0, L_0x125886360;  1 drivers
v0x12580fde0_0 .net *"_ivl_96", 0 0, L_0x125885f80;  1 drivers
v0x12580fe70_0 .net *"_ivl_98", 0 0, L_0x125886500;  1 drivers
v0x12580eb90_0 .net *"_ivl_99", 0 0, L_0x125886670;  1 drivers
v0x12580ec20_0 .net "a", 3 0, L_0x125887b80;  1 drivers
v0x12580ecb0_0 .net "b", 3 0, L_0x125887c20;  1 drivers
v0x12580ff00_0 .net "c", 3 0, L_0x125884c80;  1 drivers
v0x12580ff90_0 .net "cin", 0 0, L_0x125883430;  alias, 1 drivers
v0x125810020_0 .net8 "cout", 0 0, RS_0x128047f30;  alias, 3 drivers
v0x1258100b0_0 .net "sum", 3 0, L_0x1258877b0;  1 drivers
L_0x125883d90 .part L_0x125883bb0, 0, 1;
L_0x125883e70 .part L_0x125883b40, 0, 1;
L_0x125883f50 .part L_0x125884c80, 0, 1;
L_0x125884260 .part L_0x125883bb0, 1, 1;
L_0x125884300 .part L_0x125883b40, 1, 1;
L_0x1258843d0 .part L_0x125883bb0, 0, 1;
L_0x1258846f0 .part L_0x125883b40, 1, 1;
L_0x125884810 .part L_0x125883b40, 0, 1;
L_0x1258849a0 .part L_0x125884c80, 0, 1;
L_0x125884c80 .concat8 [ 1 1 1 1], L_0x125883ca0, L_0x125884140, L_0x125884bd0, L_0x125885e50;
L_0x125884e10 .part L_0x125883bb0, 2, 1;
L_0x125884f10 .part L_0x125883b40, 2, 1;
L_0x125884fb0 .part L_0x125883bb0, 1, 1;
L_0x125885280 .part L_0x125883b40, 2, 1;
L_0x125885320 .part L_0x125883b40, 1, 1;
L_0x1258855b0 .part L_0x125883bb0, 0, 1;
L_0x125885870 .part L_0x125883b40, 2, 1;
L_0x1258859a0 .part L_0x125883b40, 1, 1;
L_0x125885a80 .part L_0x125883b40, 0, 1;
L_0x125885ce0 .part L_0x125884c80, 0, 1;
L_0x125886020 .part L_0x125883bb0, 3, 1;
L_0x125885b20 .part L_0x125883b40, 3, 1;
L_0x1258861c0 .part L_0x125883bb0, 2, 1;
L_0x125885f80 .part L_0x125883b40, 3, 1;
L_0x125886500 .part L_0x125883b40, 2, 1;
L_0x125886700 .part L_0x125883bb0, 1, 1;
L_0x1258869c0 .part L_0x125883b40, 3, 1;
L_0x125886b40 .part L_0x125883b40, 2, 1;
L_0x125885400 .part L_0x125883b40, 1, 1;
L_0x125886aa0 .part L_0x125883bb0, 0, 1;
L_0x1258871e0 .part L_0x125883b40, 3, 1;
L_0x125887380 .part L_0x125883b40, 2, 1;
L_0x125887510 .part L_0x125883b40, 1, 1;
L_0x1258872c0 .part L_0x125883b40, 0, 1;
L_0x1258878b0 .part L_0x125884c80, 0, 1;
S_0x125810920 .scope module, "AND" "and_op" 5 55, 8 1 0, S_0x12562b840;
 .timescale -9 -11;
    .port_info 0 /INPUT 32 "a";
    .port_info 1 /INPUT 32 "b";
    .port_info 2 /OUTPUT 32 "data_out";
P_0x1256321c0 .param/l "DATA_WIDTH" 0 8 1, +C4<00000000000000000000000000100000>;
L_0x1258cabf0 .functor AND 32, v0x12585de60_0, v0x12584c720_0, C4<11111111111111111111111111111111>, C4<11111111111111111111111111111111>;
v0x125810a90_0 .net "a", 31 0, v0x12585de60_0;  alias, 1 drivers
v0x125810b20_0 .net "b", 31 0, v0x12584c720_0;  alias, 1 drivers
v0x125810bb0_0 .net "data_out", 31 0, L_0x1258cabf0;  alias, 1 drivers
S_0x125810c40 .scope module, "DIV" "non_restore_div" 5 48, 9 1 0, S_0x12562b840;
 .timescale -9 -11;
    .port_info 0 /INPUT 32 "a";
    .port_info 1 /INPUT 32 "b";
    .port_info 2 /OUTPUT 64 "data_out";
P_0x12562e100 .param/l "DATA_WIDTH" 0 9 1, +C4<00000000000000000000000000100000>;
v0x125810db0_0 .net "a", 31 0, v0x12585de60_0;  alias, 1 drivers
v0x125810e40_0 .net "b", 31 0, v0x12584c720_0;  alias, 1 drivers
v0x125810ed0_0 .var "data_out", 63 0;
v0x125810f60_0 .var "dividend", 63 0;
v0x125810ff0_0 .var "dividend_sign", 0 0;
v0x125811080_0 .var "divisor", 31 0;
v0x125811110_0 .var "divisor_sign", 0 0;
v0x1258111a0_0 .var/i "i", 31 0;
v0x125811230_0 .var "quotient", 31 0;
v0x1258112c0_0 .var "remainder", 31 0;
E_0x125634380/0 .event anyedge, v0x125810770_0, v0x125810800_0, v0x125810ff0_0, v0x125811110_0;
E_0x125634380/1 .event anyedge, v0x125810f60_0, v0x1258112c0_0, v0x125811080_0, v0x125811230_0;
E_0x125634380 .event/or E_0x125634380/0, E_0x125634380/1;
S_0x125811350 .scope module, "MUL" "boothMul" 5 42, 10 1 0, S_0x12562b840;
 .timescale -9 -11;
    .port_info 0 /INPUT 32 "a";
    .port_info 1 /INPUT 32 "b";
    .port_info 2 /OUTPUT 64 "data_out";
P_0x125622180 .param/l "DATA_WIDTH" 0 10 1, +C4<00000000000000000000000000100000>;
v0x1258114c0_0 .var "A", 64 0;
v0x125811550_0 .var "M", 32 0;
v0x1258115e0_0 .var "Q", 31 0;
v0x125811670_0 .var "Q_1", 0 0;
v0x125811700_0 .net "a", 31 0, v0x12585de60_0;  alias, 1 drivers
v0x125811790_0 .var "a_is_negative", 0 0;
v0x125811820_0 .var "a_twos", 31 0;
v0x1258118b0_0 .net "b", 31 0, v0x12584c720_0;  alias, 1 drivers
v0x125811940_0 .var "b_is_negative", 0 0;
v0x1258119d0_0 .var "b_twos", 31 0;
v0x125811a60_0 .var "data_out", 63 0;
v0x125811af0_0 .var/i "i", 31 0;
v0x125811b80_0 .var "result_sign", 0 0;
v0x125811c10_0 .var "unsigned_result", 63 0;
E_0x1257e1b80/0 .event anyedge, v0x125810770_0, v0x125810800_0, v0x125811790_0, v0x125811940_0;
E_0x1257e1b80/1 .event anyedge, v0x1258119d0_0, v0x125811820_0, v0x1258115e0_0, v0x125811670_0;
E_0x1257e1b80/2 .event anyedge, v0x1258114c0_0, v0x125811550_0, v0x125811b80_0, v0x125811c10_0;
E_0x1257e1b80 .event/or E_0x1257e1b80/0, E_0x1257e1b80/1, E_0x1257e1b80/2;
S_0x125811ca0 .scope module, "NEG" "neg" 5 92, 11 1 0, S_0x12562b840;
 .timescale -9 -11;
    .port_info 0 /INPUT 32 "data_in";
    .port_info 1 /OUTPUT 32 "data_out";
P_0x1357087a0 .param/l "DATA_WIDTH" 0 11 1, +C4<00000000000000000000000000100000>;
L_0x1280783b8 .functor BUFT 1, C4<00000000000000000000000000000000>, C4<0>, C4<0>, C4<0>;
v0x125811e10_0 .net *"_ivl_0", 31 0, L_0x1280783b8;  1 drivers
v0x125811ea0_0 .net "data_in", 31 0, v0x12584c720_0;  alias, 1 drivers
v0x125811f30_0 .net "data_out", 31 0, L_0x1258cbe70;  alias, 1 drivers
L_0x1258cbe70 .arith/sub 32, L_0x1280783b8, v0x12584c720_0;
S_0x125811fc0 .scope module, "NOT" "not_op" 5 97, 12 1 0, S_0x12562b840;
 .timescale -9 -11;
    .port_info 0 /INPUT 32 "data_in";
    .port_info 1 /OUTPUT 32 "data_out";
P_0x135708250 .param/l "DATA_WIDTH" 0 12 1, +C4<00000000000000000000000000100000>;
L_0x1258cbfb0 .functor NOT 32, v0x12584c720_0, C4<00000000000000000000000000000000>, C4<00000000000000000000000000000000>, C4<00000000000000000000000000000000>;
v0x125812130_0 .net "data_in", 31 0, v0x12584c720_0;  alias, 1 drivers
v0x1258121c0_0 .net "data_out", 31 0, L_0x1258cbfb0;  alias, 1 drivers
S_0x125812250 .scope module, "OR" "or_op" 5 61, 13 1 0, S_0x12562b840;
 .timescale -9 -11;
    .port_info 0 /INPUT 32 "a";
    .port_info 1 /INPUT 32 "b";
    .port_info 2 /OUTPUT 32 "data_out";
P_0x13571f130 .param/l "DATA_WIDTH" 0 13 1, +C4<00000000000000000000000000100000>;
L_0x1258caca0 .functor OR 32, v0x12585de60_0, v0x12584c720_0, C4<00000000000000000000000000000000>, C4<00000000000000000000000000000000>;
v0x1258123c0_0 .net "a", 31 0, v0x12585de60_0;  alias, 1 drivers
v0x125812450_0 .net "b", 31 0, v0x12584c720_0;  alias, 1 drivers
v0x1258124e0_0 .net "data_out", 31 0, L_0x1258caca0;  alias, 1 drivers
S_0x125812570 .scope module, "PC" "collective_add" 5 26, 6 22 0, S_0x12562b840;
 .timescale -9 -11;
    .port_info 0 /INPUT 32 "d1";
    .port_info 1 /INPUT 32 "d2";
    .port_info 2 /INPUT 1 "cin";
    .port_info 3 /OUTPUT 32 "sum";
    .port_info 4 /OUTPUT 1 "cout";
P_0x135728b00 .param/l "DATA_WIDTH" 0 6 22, +C4<00000000000000000000000000100000>;
v0x12582a530_0 .net "c1", 0 0, L_0x125898070;  1 drivers
L_0x1280780e8 .functor BUFT 1, C4<0>, C4<0>, C4<0>, C4<0>;
v0x12582a640_0 .net "cin", 0 0, L_0x1280780e8;  1 drivers
v0x12582a6d0_0 .net8 "cout", 0 0, RS_0x128047f30;  alias, 3 drivers
v0x12582a760_0 .net "d1", 31 0, v0x12584c720_0;  alias, 1 drivers
L_0x1280780a0 .functor BUFT 1, C4<00000000000000000000000000000001>, C4<0>, C4<0>, C4<0>;
v0x12582a7f0_0 .net "d2", 31 0, L_0x1280780a0;  1 drivers
v0x12582a8c0_0 .net "sum", 31 0, L_0x1258a9430;  alias, 1 drivers
L_0x1258989b0 .part v0x12584c720_0, 0, 16;
L_0x125898a50 .part L_0x1280780a0, 0, 16;
L_0x1258a92f0 .part v0x12584c720_0, 16, 16;
L_0x1258a9390 .part L_0x1280780a0, 16, 16;
L_0x1258a9430 .concat8 [ 16 16 0 0], L_0x125898800, L_0x1258a9140;
S_0x1258126e0 .scope module, "n1" "cla16" 6 32, 6 4 0, S_0x125812570;
 .timescale -9 -11;
    .port_info 0 /INPUT 16 "d1";
    .port_info 1 /INPUT 16 "d2";
    .port_info 2 /INPUT 1 "cin";
    .port_info 3 /OUTPUT 16 "sum";
    .port_info 4 /OUTPUT 1 "cout";
P_0x135797df0 .param/l "DATA_WIDTH" 0 6 4, +C4<00000000000000000000000000100000>;
v0x12581d310_0 .net "c1", 0 0, L_0x12588bb80;  1 drivers
v0x12581d3a0_0 .net "c2", 0 0, L_0x12588fd10;  1 drivers
v0x12581d430_0 .net "c3", 0 0, L_0x125893ef0;  1 drivers
v0x12581d4c0_0 .net "cin", 0 0, L_0x1280780e8;  alias, 1 drivers
v0x12581d550_0 .net "cout", 0 0, L_0x125898070;  alias, 1 drivers
v0x12581d5e0_0 .net "d1", 15 0, L_0x1258989b0;  1 drivers
v0x12581d670_0 .net "d2", 15 0, L_0x125898a50;  1 drivers
v0x12581d700_0 .net "sum", 15 0, L_0x125898800;  1 drivers
L_0x12588c150 .part L_0x1258989b0, 0, 4;
L_0x12588c1f0 .part L_0x125898a50, 0, 4;
L_0x1258902e0 .part L_0x1258989b0, 4, 4;
L_0x125890380 .part L_0x125898a50, 4, 4;
L_0x1258944c0 .part L_0x1258989b0, 8, 4;
L_0x125894560 .part L_0x125898a50, 8, 4;
L_0x125898640 .part L_0x1258989b0, 12, 4;
L_0x1258986e0 .part L_0x125898a50, 12, 4;
L_0x125898800 .concat8 [ 4 4 4 4], L_0x12588bd80, L_0x12588ff10, L_0x1258940f0, L_0x125898270;
S_0x125812850 .scope module, "n1" "cla_4" 6 14, 7 3 0, S_0x1258126e0;
 .timescale -9 -11;
    .port_info 0 /INPUT 4 "a";
    .port_info 1 /INPUT 4 "b";
    .port_info 2 /INPUT 1 "cin";
    .port_info 3 /OUTPUT 4 "sum";
    .port_info 4 /OUTPUT 1 "cout";
L_0x1258881d0 .functor XOR 4, L_0x12588c150, L_0x12588c1f0, C4<0000>, C4<0000>;
L_0x125888240 .functor AND 4, L_0x12588c150, L_0x12588c1f0, C4<1111>, C4<1111>;
L_0x1258882f0 .functor BUFZ 1, L_0x1280780e8, C4<0>, C4<0>, C4<0>;
L_0x1258885e0 .functor AND 1, L_0x125888440, L_0x125888520, C4<1>, C4<1>;
L_0x125888710 .functor OR 1, L_0x125888360, L_0x1258885e0, C4<0>, C4<0>;
L_0x125888ac0 .functor AND 1, L_0x1258888d0, L_0x1258889a0, C4<1>, C4<1>;
L_0x125888b90 .functor OR 1, L_0x125888830, L_0x125888ac0, C4<0>, C4<0>;
L_0x125888e80 .functor AND 1, L_0x125888cc0, L_0x125888de0, C4<1>, C4<1>;
L_0x1258890a0 .functor AND 1, L_0x125888e80, L_0x125888f70, C4<1>, C4<1>;
L_0x1258891a0 .functor OR 1, L_0x125888b90, L_0x1258890a0, C4<0>, C4<0>;
L_0x125889690 .functor AND 1, L_0x1258894e0, L_0x125889580, C4<1>, C4<1>;
L_0x1258897a0 .functor OR 1, L_0x1258893e0, L_0x125889690, C4<0>, C4<0>;
L_0x125889620 .functor AND 1, L_0x125889850, L_0x1258898f0, C4<1>, C4<1>;
L_0x125889c20 .functor AND 1, L_0x125889620, L_0x125889b80, C4<1>, C4<1>;
L_0x125889cd0 .functor OR 1, L_0x1258897a0, L_0x125889c20, C4<0>, C4<0>;
L_0x125889b10 .functor AND 1, L_0x125889e40, L_0x125889f70, C4<1>, C4<1>;
L_0x12588a190 .functor AND 1, L_0x125889b10, L_0x12588a050, C4<1>, C4<1>;
L_0x12588a350 .functor AND 1, L_0x12588a190, L_0x12588a2b0, C4<1>, C4<1>;
L_0x12588a420 .functor OR 1, L_0x125889cd0, L_0x12588a350, C4<0>, C4<0>;
L_0x125888a40 .functor AND 1, L_0x12588a0f0, L_0x12588a790, C4<1>, C4<1>;
L_0x12588a930 .functor OR 1, L_0x12588a5f0, L_0x125888a40, C4<0>, C4<0>;
L_0x12588ac40 .functor AND 1, L_0x12588a550, L_0x12588aad0, C4<1>, C4<1>;
L_0x12588ad70 .functor AND 1, L_0x12588ac40, L_0x12588acd0, C4<1>, C4<1>;
L_0x12588af20 .functor OR 1, L_0x12588a930, L_0x12588ad70, C4<0>, C4<0>;
L_0x12588ab70 .functor AND 1, L_0x12588af90, L_0x12588b110, C4<1>, C4<1>;
L_0x12588ae60 .functor AND 1, L_0x12588ab70, L_0x1258899d0, C4<1>, C4<1>;
L_0x12588b570 .functor AND 1, L_0x12588ae60, L_0x12588b030, C4<1>, C4<1>;
L_0x12588b740 .functor OR 1, L_0x12588af20, L_0x12588b570, C4<0>, C4<0>;
L_0x12588b430 .functor AND 1, L_0x12588b7b0, L_0x12588b950, C4<1>, C4<1>;
L_0x12588b660 .functor AND 1, L_0x12588b430, L_0x12588bae0, C4<1>, C4<1>;
L_0x12588bc90 .functor AND 1, L_0x12588b660, L_0x12588b890, C4<1>, C4<1>;
L_0x12588b9f0 .functor AND 1, L_0x12588bc90, L_0x12588be80, C4<1>, C4<1>;
L_0x12588bb80 .functor OR 1, L_0x12588b740, L_0x12588b9f0, C4<0>, C4<0>;
L_0x12588bd80 .functor XOR 4, L_0x1258881d0, L_0x125889250, C4<0000>, C4<0000>;
v0x1258129c0_0 .net "G", 3 0, L_0x125888240;  1 drivers
v0x125812a50_0 .net "P", 3 0, L_0x1258881d0;  1 drivers
v0x125812ae0_0 .net *"_ivl_102", 0 0, L_0x12588acd0;  1 drivers
v0x125812b70_0 .net *"_ivl_103", 0 0, L_0x12588ad70;  1 drivers
v0x125812c00_0 .net *"_ivl_105", 0 0, L_0x12588af20;  1 drivers
v0x125812c90_0 .net *"_ivl_108", 0 0, L_0x12588af90;  1 drivers
v0x125812d20_0 .net *"_ivl_11", 0 0, L_0x125888360;  1 drivers
v0x125812db0_0 .net *"_ivl_110", 0 0, L_0x12588b110;  1 drivers
v0x125812e40_0 .net *"_ivl_111", 0 0, L_0x12588ab70;  1 drivers
v0x125812ed0_0 .net *"_ivl_114", 0 0, L_0x1258899d0;  1 drivers
v0x125812f60_0 .net *"_ivl_115", 0 0, L_0x12588ae60;  1 drivers
v0x125812ff0_0 .net *"_ivl_118", 0 0, L_0x12588b030;  1 drivers
v0x125813080_0 .net *"_ivl_119", 0 0, L_0x12588b570;  1 drivers
v0x125813110_0 .net *"_ivl_121", 0 0, L_0x12588b740;  1 drivers
v0x1258131a0_0 .net *"_ivl_124", 0 0, L_0x12588b7b0;  1 drivers
v0x125813230_0 .net *"_ivl_126", 0 0, L_0x12588b950;  1 drivers
v0x1258132c0_0 .net *"_ivl_127", 0 0, L_0x12588b430;  1 drivers
v0x125813450_0 .net *"_ivl_13", 0 0, L_0x125888440;  1 drivers
v0x1258134e0_0 .net *"_ivl_130", 0 0, L_0x12588bae0;  1 drivers
v0x125813570_0 .net *"_ivl_131", 0 0, L_0x12588b660;  1 drivers
v0x125813600_0 .net *"_ivl_134", 0 0, L_0x12588b890;  1 drivers
v0x125813690_0 .net *"_ivl_135", 0 0, L_0x12588bc90;  1 drivers
v0x125813720_0 .net *"_ivl_138", 0 0, L_0x12588be80;  1 drivers
v0x1258137b0_0 .net *"_ivl_139", 0 0, L_0x12588b9f0;  1 drivers
v0x125813840_0 .net *"_ivl_15", 0 0, L_0x125888520;  1 drivers
v0x1258138d0_0 .net *"_ivl_16", 0 0, L_0x1258885e0;  1 drivers
v0x125813960_0 .net *"_ivl_18", 0 0, L_0x125888710;  1 drivers
v0x1258139f0_0 .net *"_ivl_23", 0 0, L_0x125888830;  1 drivers
v0x125813a80_0 .net *"_ivl_25", 0 0, L_0x1258888d0;  1 drivers
v0x125813b10_0 .net *"_ivl_27", 0 0, L_0x1258889a0;  1 drivers
v0x125813ba0_0 .net *"_ivl_28", 0 0, L_0x125888ac0;  1 drivers
v0x125813c30_0 .net *"_ivl_30", 0 0, L_0x125888b90;  1 drivers
v0x125813cc0_0 .net *"_ivl_33", 0 0, L_0x125888cc0;  1 drivers
v0x125813350_0 .net *"_ivl_35", 0 0, L_0x125888de0;  1 drivers
v0x125813f50_0 .net *"_ivl_36", 0 0, L_0x125888e80;  1 drivers
v0x125813fe0_0 .net *"_ivl_39", 0 0, L_0x125888f70;  1 drivers
v0x125814070_0 .net *"_ivl_40", 0 0, L_0x1258890a0;  1 drivers
v0x125814100_0 .net *"_ivl_42", 0 0, L_0x1258891a0;  1 drivers
v0x125814190_0 .net *"_ivl_48", 0 0, L_0x1258893e0;  1 drivers
v0x125814220_0 .net *"_ivl_50", 0 0, L_0x1258894e0;  1 drivers
v0x1258142b0_0 .net *"_ivl_52", 0 0, L_0x125889580;  1 drivers
v0x125814340_0 .net *"_ivl_53", 0 0, L_0x125889690;  1 drivers
v0x1258143d0_0 .net *"_ivl_55", 0 0, L_0x1258897a0;  1 drivers
v0x125814460_0 .net *"_ivl_58", 0 0, L_0x125889850;  1 drivers
v0x1258144f0_0 .net *"_ivl_60", 0 0, L_0x1258898f0;  1 drivers
v0x125814580_0 .net *"_ivl_61", 0 0, L_0x125889620;  1 drivers
v0x125814610_0 .net *"_ivl_64", 0 0, L_0x125889b80;  1 drivers
v0x1258146a0_0 .net *"_ivl_65", 0 0, L_0x125889c20;  1 drivers
v0x125814730_0 .net *"_ivl_67", 0 0, L_0x125889cd0;  1 drivers
v0x1258147c0_0 .net *"_ivl_7", 0 0, L_0x1258882f0;  1 drivers
v0x125814850_0 .net *"_ivl_70", 0 0, L_0x125889e40;  1 drivers
v0x1258148e0_0 .net *"_ivl_72", 0 0, L_0x125889f70;  1 drivers
v0x125814970_0 .net *"_ivl_73", 0 0, L_0x125889b10;  1 drivers
v0x125814a00_0 .net *"_ivl_76", 0 0, L_0x12588a050;  1 drivers
v0x125814a90_0 .net *"_ivl_77", 0 0, L_0x12588a190;  1 drivers
v0x125814b20_0 .net *"_ivl_80", 0 0, L_0x12588a2b0;  1 drivers
v0x125814bb0_0 .net *"_ivl_81", 0 0, L_0x12588a350;  1 drivers
v0x125814c40_0 .net *"_ivl_83", 0 0, L_0x12588a420;  1 drivers
v0x125814cd0_0 .net *"_ivl_86", 0 0, L_0x12588a5f0;  1 drivers
v0x125814d60_0 .net *"_ivl_88", 0 0, L_0x12588a0f0;  1 drivers
v0x125814df0_0 .net *"_ivl_90", 0 0, L_0x12588a790;  1 drivers
v0x125814e80_0 .net *"_ivl_91", 0 0, L_0x125888a40;  1 drivers
v0x125814f10_0 .net *"_ivl_93", 0 0, L_0x12588a930;  1 drivers
v0x125814fa0_0 .net *"_ivl_96", 0 0, L_0x12588a550;  1 drivers
v0x125815030_0 .net *"_ivl_98", 0 0, L_0x12588aad0;  1 drivers
v0x125813d50_0 .net *"_ivl_99", 0 0, L_0x12588ac40;  1 drivers
v0x125813de0_0 .net "a", 3 0, L_0x12588c150;  1 drivers
v0x125813e70_0 .net "b", 3 0, L_0x12588c1f0;  1 drivers
v0x1258150c0_0 .net "c", 3 0, L_0x125889250;  1 drivers
v0x125815150_0 .net "cin", 0 0, L_0x1280780e8;  alias, 1 drivers
v0x1258151e0_0 .net "cout", 0 0, L_0x12588bb80;  alias, 1 drivers
v0x125815270_0 .net "sum", 3 0, L_0x12588bd80;  1 drivers
L_0x125888360 .part L_0x125888240, 0, 1;
L_0x125888440 .part L_0x1258881d0, 0, 1;
L_0x125888520 .part L_0x125889250, 0, 1;
L_0x125888830 .part L_0x125888240, 1, 1;
L_0x1258888d0 .part L_0x1258881d0, 1, 1;
L_0x1258889a0 .part L_0x125888240, 0, 1;
L_0x125888cc0 .part L_0x1258881d0, 1, 1;
L_0x125888de0 .part L_0x1258881d0, 0, 1;
L_0x125888f70 .part L_0x125889250, 0, 1;
L_0x125889250 .concat8 [ 1 1 1 1], L_0x1258882f0, L_0x125888710, L_0x1258891a0, L_0x12588a420;
L_0x1258893e0 .part L_0x125888240, 2, 1;
L_0x1258894e0 .part L_0x1258881d0, 2, 1;
L_0x125889580 .part L_0x125888240, 1, 1;
L_0x125889850 .part L_0x1258881d0, 2, 1;
L_0x1258898f0 .part L_0x1258881d0, 1, 1;
L_0x125889b80 .part L_0x125888240, 0, 1;
L_0x125889e40 .part L_0x1258881d0, 2, 1;
L_0x125889f70 .part L_0x1258881d0, 1, 1;
L_0x12588a050 .part L_0x1258881d0, 0, 1;
L_0x12588a2b0 .part L_0x125889250, 0, 1;
L_0x12588a5f0 .part L_0x125888240, 3, 1;
L_0x12588a0f0 .part L_0x1258881d0, 3, 1;
L_0x12588a790 .part L_0x125888240, 2, 1;
L_0x12588a550 .part L_0x1258881d0, 3, 1;
L_0x12588aad0 .part L_0x1258881d0, 2, 1;
L_0x12588acd0 .part L_0x125888240, 1, 1;
L_0x12588af90 .part L_0x1258881d0, 3, 1;
L_0x12588b110 .part L_0x1258881d0, 2, 1;
L_0x1258899d0 .part L_0x1258881d0, 1, 1;
L_0x12588b030 .part L_0x125888240, 0, 1;
L_0x12588b7b0 .part L_0x1258881d0, 3, 1;
L_0x12588b950 .part L_0x1258881d0, 2, 1;
L_0x12588bae0 .part L_0x1258881d0, 1, 1;
L_0x12588b890 .part L_0x1258881d0, 0, 1;
L_0x12588be80 .part L_0x125889250, 0, 1;
S_0x125815300 .scope module, "n2" "cla_4" 6 15, 7 3 0, S_0x1258126e0;
 .timescale -9 -11;
    .port_info 0 /INPUT 4 "a";
    .port_info 1 /INPUT 4 "b";
    .port_info 2 /INPUT 1 "cin";
    .port_info 3 /OUTPUT 4 "sum";
    .port_info 4 /OUTPUT 1 "cout";
L_0x12588bdf0 .functor XOR 4, L_0x1258902e0, L_0x125890380, C4<0000>, C4<0000>;
L_0x12588c2f0 .functor AND 4, L_0x1258902e0, L_0x125890380, C4<1111>, C4<1111>;
L_0x12588c400 .functor BUFZ 1, L_0x12588bb80, C4<0>, C4<0>, C4<0>;
L_0x12588c770 .functor AND 1, L_0x12588c5d0, L_0x12588c6b0, C4<1>, C4<1>;
L_0x12588c8a0 .functor OR 1, L_0x12588c4f0, L_0x12588c770, C4<0>, C4<0>;
L_0x12588cc50 .functor AND 1, L_0x12588ca60, L_0x12588cb30, C4<1>, C4<1>;
L_0x12588cd20 .functor OR 1, L_0x12588c9c0, L_0x12588cc50, C4<0>, C4<0>;
L_0x12588d010 .functor AND 1, L_0x12588ce50, L_0x12588cf70, C4<1>, C4<1>;
L_0x12588d230 .functor AND 1, L_0x12588d010, L_0x12588d100, C4<1>, C4<1>;
L_0x12588d330 .functor OR 1, L_0x12588cd20, L_0x12588d230, C4<0>, C4<0>;
L_0x12588d820 .functor AND 1, L_0x12588d670, L_0x12588d710, C4<1>, C4<1>;
L_0x12588d930 .functor OR 1, L_0x12588d570, L_0x12588d820, C4<0>, C4<0>;
L_0x12588d7b0 .functor AND 1, L_0x12588d9e0, L_0x12588da80, C4<1>, C4<1>;
L_0x12588ddb0 .functor AND 1, L_0x12588d7b0, L_0x12588dd10, C4<1>, C4<1>;
L_0x12588de60 .functor OR 1, L_0x12588d930, L_0x12588ddb0, C4<0>, C4<0>;
L_0x12588dca0 .functor AND 1, L_0x12588dfd0, L_0x12588e100, C4<1>, C4<1>;
L_0x12588e320 .functor AND 1, L_0x12588dca0, L_0x12588e1e0, C4<1>, C4<1>;
L_0x12588e4e0 .functor AND 1, L_0x12588e320, L_0x12588e440, C4<1>, C4<1>;
L_0x12588e5b0 .functor OR 1, L_0x12588de60, L_0x12588e4e0, C4<0>, C4<0>;
L_0x12588cbd0 .functor AND 1, L_0x12588e280, L_0x12588e920, C4<1>, C4<1>;
L_0x12588eac0 .functor OR 1, L_0x12588e780, L_0x12588cbd0, C4<0>, C4<0>;
L_0x12588edd0 .functor AND 1, L_0x12588e6e0, L_0x12588ec60, C4<1>, C4<1>;
L_0x12588ef00 .functor AND 1, L_0x12588edd0, L_0x12588ee60, C4<1>, C4<1>;
L_0x12588f0b0 .functor OR 1, L_0x12588eac0, L_0x12588ef00, C4<0>, C4<0>;
L_0x12588ed00 .functor AND 1, L_0x12588f120, L_0x12588f2a0, C4<1>, C4<1>;
L_0x12588eff0 .functor AND 1, L_0x12588ed00, L_0x12588db60, C4<1>, C4<1>;
L_0x12588f700 .functor AND 1, L_0x12588eff0, L_0x12588f200, C4<1>, C4<1>;
L_0x12588f8d0 .functor OR 1, L_0x12588f0b0, L_0x12588f700, C4<0>, C4<0>;
L_0x12588f5c0 .functor AND 1, L_0x12588f940, L_0x12588fae0, C4<1>, C4<1>;
L_0x12588f7f0 .functor AND 1, L_0x12588f5c0, L_0x12588fc70, C4<1>, C4<1>;
L_0x12588fe20 .functor AND 1, L_0x12588f7f0, L_0x12588fa20, C4<1>, C4<1>;
L_0x12588fb80 .functor AND 1, L_0x12588fe20, L_0x125890010, C4<1>, C4<1>;
L_0x12588fd10 .functor OR 1, L_0x12588f8d0, L_0x12588fb80, C4<0>, C4<0>;
L_0x12588ff10 .functor XOR 4, L_0x12588bdf0, L_0x12588d3e0, C4<0000>, C4<0000>;
v0x125815470_0 .net "G", 3 0, L_0x12588c2f0;  1 drivers
v0x125815500_0 .net "P", 3 0, L_0x12588bdf0;  1 drivers
v0x125815590_0 .net *"_ivl_102", 0 0, L_0x12588ee60;  1 drivers
v0x125815620_0 .net *"_ivl_103", 0 0, L_0x12588ef00;  1 drivers
v0x1258156b0_0 .net *"_ivl_105", 0 0, L_0x12588f0b0;  1 drivers
v0x125815740_0 .net *"_ivl_108", 0 0, L_0x12588f120;  1 drivers
v0x1258157d0_0 .net *"_ivl_11", 0 0, L_0x12588c4f0;  1 drivers
v0x125815860_0 .net *"_ivl_110", 0 0, L_0x12588f2a0;  1 drivers
v0x1258158f0_0 .net *"_ivl_111", 0 0, L_0x12588ed00;  1 drivers
v0x125815980_0 .net *"_ivl_114", 0 0, L_0x12588db60;  1 drivers
v0x125815a10_0 .net *"_ivl_115", 0 0, L_0x12588eff0;  1 drivers
v0x125815aa0_0 .net *"_ivl_118", 0 0, L_0x12588f200;  1 drivers
v0x125815b30_0 .net *"_ivl_119", 0 0, L_0x12588f700;  1 drivers
v0x125815bc0_0 .net *"_ivl_121", 0 0, L_0x12588f8d0;  1 drivers
v0x125815c50_0 .net *"_ivl_124", 0 0, L_0x12588f940;  1 drivers
v0x125815ce0_0 .net *"_ivl_126", 0 0, L_0x12588fae0;  1 drivers
v0x125815d70_0 .net *"_ivl_127", 0 0, L_0x12588f5c0;  1 drivers
v0x125815f00_0 .net *"_ivl_13", 0 0, L_0x12588c5d0;  1 drivers
v0x125815f90_0 .net *"_ivl_130", 0 0, L_0x12588fc70;  1 drivers
v0x125816020_0 .net *"_ivl_131", 0 0, L_0x12588f7f0;  1 drivers
v0x1258160b0_0 .net *"_ivl_134", 0 0, L_0x12588fa20;  1 drivers
v0x125816140_0 .net *"_ivl_135", 0 0, L_0x12588fe20;  1 drivers
v0x1258161d0_0 .net *"_ivl_138", 0 0, L_0x125890010;  1 drivers
v0x125816260_0 .net *"_ivl_139", 0 0, L_0x12588fb80;  1 drivers
v0x1258162f0_0 .net *"_ivl_15", 0 0, L_0x12588c6b0;  1 drivers
v0x125816380_0 .net *"_ivl_16", 0 0, L_0x12588c770;  1 drivers
v0x125816410_0 .net *"_ivl_18", 0 0, L_0x12588c8a0;  1 drivers
v0x1258164a0_0 .net *"_ivl_23", 0 0, L_0x12588c9c0;  1 drivers
v0x125816530_0 .net *"_ivl_25", 0 0, L_0x12588ca60;  1 drivers
v0x1258165c0_0 .net *"_ivl_27", 0 0, L_0x12588cb30;  1 drivers
v0x125816650_0 .net *"_ivl_28", 0 0, L_0x12588cc50;  1 drivers
v0x1258166e0_0 .net *"_ivl_30", 0 0, L_0x12588cd20;  1 drivers
v0x125816770_0 .net *"_ivl_33", 0 0, L_0x12588ce50;  1 drivers
v0x125815e00_0 .net *"_ivl_35", 0 0, L_0x12588cf70;  1 drivers
v0x125816a00_0 .net *"_ivl_36", 0 0, L_0x12588d010;  1 drivers
v0x125816a90_0 .net *"_ivl_39", 0 0, L_0x12588d100;  1 drivers
v0x125816b20_0 .net *"_ivl_40", 0 0, L_0x12588d230;  1 drivers
v0x125816bb0_0 .net *"_ivl_42", 0 0, L_0x12588d330;  1 drivers
v0x125816c40_0 .net *"_ivl_48", 0 0, L_0x12588d570;  1 drivers
v0x125816cd0_0 .net *"_ivl_50", 0 0, L_0x12588d670;  1 drivers
v0x125816d60_0 .net *"_ivl_52", 0 0, L_0x12588d710;  1 drivers
v0x125816df0_0 .net *"_ivl_53", 0 0, L_0x12588d820;  1 drivers
v0x125816e80_0 .net *"_ivl_55", 0 0, L_0x12588d930;  1 drivers
v0x125816f10_0 .net *"_ivl_58", 0 0, L_0x12588d9e0;  1 drivers
v0x125816fa0_0 .net *"_ivl_60", 0 0, L_0x12588da80;  1 drivers
v0x125817030_0 .net *"_ivl_61", 0 0, L_0x12588d7b0;  1 drivers
v0x1258170c0_0 .net *"_ivl_64", 0 0, L_0x12588dd10;  1 drivers
v0x125817150_0 .net *"_ivl_65", 0 0, L_0x12588ddb0;  1 drivers
v0x1258171e0_0 .net *"_ivl_67", 0 0, L_0x12588de60;  1 drivers
v0x125817270_0 .net *"_ivl_7", 0 0, L_0x12588c400;  1 drivers
v0x125817300_0 .net *"_ivl_70", 0 0, L_0x12588dfd0;  1 drivers
v0x125817390_0 .net *"_ivl_72", 0 0, L_0x12588e100;  1 drivers
v0x125817420_0 .net *"_ivl_73", 0 0, L_0x12588dca0;  1 drivers
v0x1258174b0_0 .net *"_ivl_76", 0 0, L_0x12588e1e0;  1 drivers
v0x125817540_0 .net *"_ivl_77", 0 0, L_0x12588e320;  1 drivers
v0x1258175d0_0 .net *"_ivl_80", 0 0, L_0x12588e440;  1 drivers
v0x125817660_0 .net *"_ivl_81", 0 0, L_0x12588e4e0;  1 drivers
v0x1258176f0_0 .net *"_ivl_83", 0 0, L_0x12588e5b0;  1 drivers
v0x125817780_0 .net *"_ivl_86", 0 0, L_0x12588e780;  1 drivers
v0x125817810_0 .net *"_ivl_88", 0 0, L_0x12588e280;  1 drivers
v0x1258178a0_0 .net *"_ivl_90", 0 0, L_0x12588e920;  1 drivers
v0x125817930_0 .net *"_ivl_91", 0 0, L_0x12588cbd0;  1 drivers
v0x1258179c0_0 .net *"_ivl_93", 0 0, L_0x12588eac0;  1 drivers
v0x125817a50_0 .net *"_ivl_96", 0 0, L_0x12588e6e0;  1 drivers
v0x125817ae0_0 .net *"_ivl_98", 0 0, L_0x12588ec60;  1 drivers
v0x125816800_0 .net *"_ivl_99", 0 0, L_0x12588edd0;  1 drivers
v0x125816890_0 .net "a", 3 0, L_0x1258902e0;  1 drivers
v0x125816920_0 .net "b", 3 0, L_0x125890380;  1 drivers
v0x125817b70_0 .net "c", 3 0, L_0x12588d3e0;  1 drivers
v0x125817c00_0 .net "cin", 0 0, L_0x12588bb80;  alias, 1 drivers
v0x125817c90_0 .net "cout", 0 0, L_0x12588fd10;  alias, 1 drivers
v0x125817d20_0 .net "sum", 3 0, L_0x12588ff10;  1 drivers
L_0x12588c4f0 .part L_0x12588c2f0, 0, 1;
L_0x12588c5d0 .part L_0x12588bdf0, 0, 1;
L_0x12588c6b0 .part L_0x12588d3e0, 0, 1;
L_0x12588c9c0 .part L_0x12588c2f0, 1, 1;
L_0x12588ca60 .part L_0x12588bdf0, 1, 1;
L_0x12588cb30 .part L_0x12588c2f0, 0, 1;
L_0x12588ce50 .part L_0x12588bdf0, 1, 1;
L_0x12588cf70 .part L_0x12588bdf0, 0, 1;
L_0x12588d100 .part L_0x12588d3e0, 0, 1;
L_0x12588d3e0 .concat8 [ 1 1 1 1], L_0x12588c400, L_0x12588c8a0, L_0x12588d330, L_0x12588e5b0;
L_0x12588d570 .part L_0x12588c2f0, 2, 1;
L_0x12588d670 .part L_0x12588bdf0, 2, 1;
L_0x12588d710 .part L_0x12588c2f0, 1, 1;
L_0x12588d9e0 .part L_0x12588bdf0, 2, 1;
L_0x12588da80 .part L_0x12588bdf0, 1, 1;
L_0x12588dd10 .part L_0x12588c2f0, 0, 1;
L_0x12588dfd0 .part L_0x12588bdf0, 2, 1;
L_0x12588e100 .part L_0x12588bdf0, 1, 1;
L_0x12588e1e0 .part L_0x12588bdf0, 0, 1;
L_0x12588e440 .part L_0x12588d3e0, 0, 1;
L_0x12588e780 .part L_0x12588c2f0, 3, 1;
L_0x12588e280 .part L_0x12588bdf0, 3, 1;
L_0x12588e920 .part L_0x12588c2f0, 2, 1;
L_0x12588e6e0 .part L_0x12588bdf0, 3, 1;
L_0x12588ec60 .part L_0x12588bdf0, 2, 1;
L_0x12588ee60 .part L_0x12588c2f0, 1, 1;
L_0x12588f120 .part L_0x12588bdf0, 3, 1;
L_0x12588f2a0 .part L_0x12588bdf0, 2, 1;
L_0x12588db60 .part L_0x12588bdf0, 1, 1;
L_0x12588f200 .part L_0x12588c2f0, 0, 1;
L_0x12588f940 .part L_0x12588bdf0, 3, 1;
L_0x12588fae0 .part L_0x12588bdf0, 2, 1;
L_0x12588fc70 .part L_0x12588bdf0, 1, 1;
L_0x12588fa20 .part L_0x12588bdf0, 0, 1;
L_0x125890010 .part L_0x12588d3e0, 0, 1;
S_0x125817db0 .scope module, "n3" "cla_4" 6 16, 7 3 0, S_0x1258126e0;
 .timescale -9 -11;
    .port_info 0 /INPUT 4 "a";
    .port_info 1 /INPUT 4 "b";
    .port_info 2 /INPUT 1 "cin";
    .port_info 3 /OUTPUT 4 "sum";
    .port_info 4 /OUTPUT 1 "cout";
L_0x125890420 .functor XOR 4, L_0x1258944c0, L_0x125894560, C4<0000>, C4<0000>;
L_0x1258904b0 .functor AND 4, L_0x1258944c0, L_0x125894560, C4<1111>, C4<1111>;
L_0x1258905e0 .functor BUFZ 1, L_0x12588fd10, C4<0>, C4<0>, C4<0>;
L_0x125890950 .functor AND 1, L_0x1258907b0, L_0x125890890, C4<1>, C4<1>;
L_0x125890a80 .functor OR 1, L_0x1258906d0, L_0x125890950, C4<0>, C4<0>;
L_0x125890e30 .functor AND 1, L_0x125890c40, L_0x125890d10, C4<1>, C4<1>;
L_0x125890f00 .functor OR 1, L_0x125890ba0, L_0x125890e30, C4<0>, C4<0>;
L_0x1258911f0 .functor AND 1, L_0x125891030, L_0x125891150, C4<1>, C4<1>;
L_0x125891410 .functor AND 1, L_0x1258911f0, L_0x1258912e0, C4<1>, C4<1>;
L_0x125891510 .functor OR 1, L_0x125890f00, L_0x125891410, C4<0>, C4<0>;
L_0x125891a00 .functor AND 1, L_0x125891850, L_0x1258918f0, C4<1>, C4<1>;
L_0x125891b10 .functor OR 1, L_0x125891750, L_0x125891a00, C4<0>, C4<0>;
L_0x125891990 .functor AND 1, L_0x125891bc0, L_0x125891c60, C4<1>, C4<1>;
L_0x125891f90 .functor AND 1, L_0x125891990, L_0x125891ef0, C4<1>, C4<1>;
L_0x125892040 .functor OR 1, L_0x125891b10, L_0x125891f90, C4<0>, C4<0>;
L_0x125891e80 .functor AND 1, L_0x1258921b0, L_0x1258922e0, C4<1>, C4<1>;
L_0x125892500 .functor AND 1, L_0x125891e80, L_0x1258923c0, C4<1>, C4<1>;
L_0x1258926c0 .functor AND 1, L_0x125892500, L_0x125892620, C4<1>, C4<1>;
L_0x125892790 .functor OR 1, L_0x125892040, L_0x1258926c0, C4<0>, C4<0>;
L_0x125890db0 .functor AND 1, L_0x125892460, L_0x125892b00, C4<1>, C4<1>;
L_0x125892ca0 .functor OR 1, L_0x125892960, L_0x125890db0, C4<0>, C4<0>;
L_0x125892fb0 .functor AND 1, L_0x1258928c0, L_0x125892e40, C4<1>, C4<1>;
L_0x1258930e0 .functor AND 1, L_0x125892fb0, L_0x125893040, C4<1>, C4<1>;
L_0x125893290 .functor OR 1, L_0x125892ca0, L_0x1258930e0, C4<0>, C4<0>;
L_0x125892ee0 .functor AND 1, L_0x125893300, L_0x125893480, C4<1>, C4<1>;
L_0x1258931d0 .functor AND 1, L_0x125892ee0, L_0x125891d40, C4<1>, C4<1>;
L_0x1258938e0 .functor AND 1, L_0x1258931d0, L_0x1258933e0, C4<1>, C4<1>;
L_0x125893ab0 .functor OR 1, L_0x125893290, L_0x1258938e0, C4<0>, C4<0>;
L_0x1258937a0 .functor AND 1, L_0x125893b20, L_0x125893cc0, C4<1>, C4<1>;
L_0x1258939d0 .functor AND 1, L_0x1258937a0, L_0x125893e50, C4<1>, C4<1>;
L_0x125894000 .functor AND 1, L_0x1258939d0, L_0x125893c00, C4<1>, C4<1>;
L_0x125893d60 .functor AND 1, L_0x125894000, L_0x1258941f0, C4<1>, C4<1>;
L_0x125893ef0 .functor OR 1, L_0x125893ab0, L_0x125893d60, C4<0>, C4<0>;
L_0x1258940f0 .functor XOR 4, L_0x125890420, L_0x1258915c0, C4<0000>, C4<0000>;
v0x125817f20_0 .net "G", 3 0, L_0x1258904b0;  1 drivers
v0x125817fb0_0 .net "P", 3 0, L_0x125890420;  1 drivers
v0x125818040_0 .net *"_ivl_102", 0 0, L_0x125893040;  1 drivers
v0x1258180d0_0 .net *"_ivl_103", 0 0, L_0x1258930e0;  1 drivers
v0x125818160_0 .net *"_ivl_105", 0 0, L_0x125893290;  1 drivers
v0x1258181f0_0 .net *"_ivl_108", 0 0, L_0x125893300;  1 drivers
v0x125818280_0 .net *"_ivl_11", 0 0, L_0x1258906d0;  1 drivers
v0x125818310_0 .net *"_ivl_110", 0 0, L_0x125893480;  1 drivers
v0x1258183a0_0 .net *"_ivl_111", 0 0, L_0x125892ee0;  1 drivers
v0x125818430_0 .net *"_ivl_114", 0 0, L_0x125891d40;  1 drivers
v0x1258184c0_0 .net *"_ivl_115", 0 0, L_0x1258931d0;  1 drivers
v0x125818550_0 .net *"_ivl_118", 0 0, L_0x1258933e0;  1 drivers
v0x1258185e0_0 .net *"_ivl_119", 0 0, L_0x1258938e0;  1 drivers
v0x125818670_0 .net *"_ivl_121", 0 0, L_0x125893ab0;  1 drivers
v0x125818700_0 .net *"_ivl_124", 0 0, L_0x125893b20;  1 drivers
v0x125818790_0 .net *"_ivl_126", 0 0, L_0x125893cc0;  1 drivers
v0x125818820_0 .net *"_ivl_127", 0 0, L_0x1258937a0;  1 drivers
v0x1258189b0_0 .net *"_ivl_13", 0 0, L_0x1258907b0;  1 drivers
v0x125818a40_0 .net *"_ivl_130", 0 0, L_0x125893e50;  1 drivers
v0x125818ad0_0 .net *"_ivl_131", 0 0, L_0x1258939d0;  1 drivers
v0x125818b60_0 .net *"_ivl_134", 0 0, L_0x125893c00;  1 drivers
v0x125818bf0_0 .net *"_ivl_135", 0 0, L_0x125894000;  1 drivers
v0x125818c80_0 .net *"_ivl_138", 0 0, L_0x1258941f0;  1 drivers
v0x125818d10_0 .net *"_ivl_139", 0 0, L_0x125893d60;  1 drivers
v0x125818da0_0 .net *"_ivl_15", 0 0, L_0x125890890;  1 drivers
v0x125818e30_0 .net *"_ivl_16", 0 0, L_0x125890950;  1 drivers
v0x125818ec0_0 .net *"_ivl_18", 0 0, L_0x125890a80;  1 drivers
v0x125818f50_0 .net *"_ivl_23", 0 0, L_0x125890ba0;  1 drivers
v0x125818fe0_0 .net *"_ivl_25", 0 0, L_0x125890c40;  1 drivers
v0x125819070_0 .net *"_ivl_27", 0 0, L_0x125890d10;  1 drivers
v0x125819100_0 .net *"_ivl_28", 0 0, L_0x125890e30;  1 drivers
v0x125819190_0 .net *"_ivl_30", 0 0, L_0x125890f00;  1 drivers
v0x125819220_0 .net *"_ivl_33", 0 0, L_0x125891030;  1 drivers
v0x1258188b0_0 .net *"_ivl_35", 0 0, L_0x125891150;  1 drivers
v0x1258194b0_0 .net *"_ivl_36", 0 0, L_0x1258911f0;  1 drivers
v0x125819540_0 .net *"_ivl_39", 0 0, L_0x1258912e0;  1 drivers
v0x1258195d0_0 .net *"_ivl_40", 0 0, L_0x125891410;  1 drivers
v0x125819660_0 .net *"_ivl_42", 0 0, L_0x125891510;  1 drivers
v0x1258196f0_0 .net *"_ivl_48", 0 0, L_0x125891750;  1 drivers
v0x125819780_0 .net *"_ivl_50", 0 0, L_0x125891850;  1 drivers
v0x125819810_0 .net *"_ivl_52", 0 0, L_0x1258918f0;  1 drivers
v0x1258198a0_0 .net *"_ivl_53", 0 0, L_0x125891a00;  1 drivers
v0x125819930_0 .net *"_ivl_55", 0 0, L_0x125891b10;  1 drivers
v0x1258199c0_0 .net *"_ivl_58", 0 0, L_0x125891bc0;  1 drivers
v0x125819a50_0 .net *"_ivl_60", 0 0, L_0x125891c60;  1 drivers
v0x125819ae0_0 .net *"_ivl_61", 0 0, L_0x125891990;  1 drivers
v0x125819b70_0 .net *"_ivl_64", 0 0, L_0x125891ef0;  1 drivers
v0x125819c00_0 .net *"_ivl_65", 0 0, L_0x125891f90;  1 drivers
v0x125819c90_0 .net *"_ivl_67", 0 0, L_0x125892040;  1 drivers
v0x125819d20_0 .net *"_ivl_7", 0 0, L_0x1258905e0;  1 drivers
v0x125819db0_0 .net *"_ivl_70", 0 0, L_0x1258921b0;  1 drivers
v0x125819e40_0 .net *"_ivl_72", 0 0, L_0x1258922e0;  1 drivers
v0x125819ed0_0 .net *"_ivl_73", 0 0, L_0x125891e80;  1 drivers
v0x125819f60_0 .net *"_ivl_76", 0 0, L_0x1258923c0;  1 drivers
v0x125819ff0_0 .net *"_ivl_77", 0 0, L_0x125892500;  1 drivers
v0x12581a080_0 .net *"_ivl_80", 0 0, L_0x125892620;  1 drivers
v0x12581a110_0 .net *"_ivl_81", 0 0, L_0x1258926c0;  1 drivers
v0x12581a1a0_0 .net *"_ivl_83", 0 0, L_0x125892790;  1 drivers
v0x12581a230_0 .net *"_ivl_86", 0 0, L_0x125892960;  1 drivers
v0x12581a2c0_0 .net *"_ivl_88", 0 0, L_0x125892460;  1 drivers
v0x12581a350_0 .net *"_ivl_90", 0 0, L_0x125892b00;  1 drivers
v0x12581a3e0_0 .net *"_ivl_91", 0 0, L_0x125890db0;  1 drivers
v0x12581a470_0 .net *"_ivl_93", 0 0, L_0x125892ca0;  1 drivers
v0x12581a500_0 .net *"_ivl_96", 0 0, L_0x1258928c0;  1 drivers
v0x12581a590_0 .net *"_ivl_98", 0 0, L_0x125892e40;  1 drivers
v0x1258192b0_0 .net *"_ivl_99", 0 0, L_0x125892fb0;  1 drivers
v0x125819340_0 .net "a", 3 0, L_0x1258944c0;  1 drivers
v0x1258193d0_0 .net "b", 3 0, L_0x125894560;  1 drivers
v0x12581a620_0 .net "c", 3 0, L_0x1258915c0;  1 drivers
v0x12581a6b0_0 .net "cin", 0 0, L_0x12588fd10;  alias, 1 drivers
v0x12581a740_0 .net "cout", 0 0, L_0x125893ef0;  alias, 1 drivers
v0x12581a7d0_0 .net "sum", 3 0, L_0x1258940f0;  1 drivers
L_0x1258906d0 .part L_0x1258904b0, 0, 1;
L_0x1258907b0 .part L_0x125890420, 0, 1;
L_0x125890890 .part L_0x1258915c0, 0, 1;
L_0x125890ba0 .part L_0x1258904b0, 1, 1;
L_0x125890c40 .part L_0x125890420, 1, 1;
L_0x125890d10 .part L_0x1258904b0, 0, 1;
L_0x125891030 .part L_0x125890420, 1, 1;
L_0x125891150 .part L_0x125890420, 0, 1;
L_0x1258912e0 .part L_0x1258915c0, 0, 1;
L_0x1258915c0 .concat8 [ 1 1 1 1], L_0x1258905e0, L_0x125890a80, L_0x125891510, L_0x125892790;
L_0x125891750 .part L_0x1258904b0, 2, 1;
L_0x125891850 .part L_0x125890420, 2, 1;
L_0x1258918f0 .part L_0x1258904b0, 1, 1;
L_0x125891bc0 .part L_0x125890420, 2, 1;
L_0x125891c60 .part L_0x125890420, 1, 1;
L_0x125891ef0 .part L_0x1258904b0, 0, 1;
L_0x1258921b0 .part L_0x125890420, 2, 1;
L_0x1258922e0 .part L_0x125890420, 1, 1;
L_0x1258923c0 .part L_0x125890420, 0, 1;
L_0x125892620 .part L_0x1258915c0, 0, 1;
L_0x125892960 .part L_0x1258904b0, 3, 1;
L_0x125892460 .part L_0x125890420, 3, 1;
L_0x125892b00 .part L_0x1258904b0, 2, 1;
L_0x1258928c0 .part L_0x125890420, 3, 1;
L_0x125892e40 .part L_0x125890420, 2, 1;
L_0x125893040 .part L_0x1258904b0, 1, 1;
L_0x125893300 .part L_0x125890420, 3, 1;
L_0x125893480 .part L_0x125890420, 2, 1;
L_0x125891d40 .part L_0x125890420, 1, 1;
L_0x1258933e0 .part L_0x1258904b0, 0, 1;
L_0x125893b20 .part L_0x125890420, 3, 1;
L_0x125893cc0 .part L_0x125890420, 2, 1;
L_0x125893e50 .part L_0x125890420, 1, 1;
L_0x125893c00 .part L_0x125890420, 0, 1;
L_0x1258941f0 .part L_0x1258915c0, 0, 1;
S_0x12581a860 .scope module, "n4" "cla_4" 6 17, 7 3 0, S_0x1258126e0;
 .timescale -9 -11;
    .port_info 0 /INPUT 4 "a";
    .port_info 1 /INPUT 4 "b";
    .port_info 2 /INPUT 1 "cin";
    .port_info 3 /OUTPUT 4 "sum";
    .port_info 4 /OUTPUT 1 "cout";
L_0x125894600 .functor XOR 4, L_0x125898640, L_0x1258986e0, C4<0000>, C4<0000>;
L_0x125894670 .functor AND 4, L_0x125898640, L_0x1258986e0, C4<1111>, C4<1111>;
L_0x125894760 .functor BUFZ 1, L_0x125893ef0, C4<0>, C4<0>, C4<0>;
L_0x125894ad0 .functor AND 1, L_0x125894930, L_0x125894a10, C4<1>, C4<1>;
L_0x125894c00 .functor OR 1, L_0x125894850, L_0x125894ad0, C4<0>, C4<0>;
L_0x125894fb0 .functor AND 1, L_0x125894dc0, L_0x125894e90, C4<1>, C4<1>;
L_0x125895080 .functor OR 1, L_0x125894d20, L_0x125894fb0, C4<0>, C4<0>;
L_0x125895370 .functor AND 1, L_0x1258951b0, L_0x1258952d0, C4<1>, C4<1>;
L_0x125895590 .functor AND 1, L_0x125895370, L_0x125895460, C4<1>, C4<1>;
L_0x125895690 .functor OR 1, L_0x125895080, L_0x125895590, C4<0>, C4<0>;
L_0x125895b80 .functor AND 1, L_0x1258959d0, L_0x125895a70, C4<1>, C4<1>;
L_0x125895c90 .functor OR 1, L_0x1258958d0, L_0x125895b80, C4<0>, C4<0>;
L_0x125895b10 .functor AND 1, L_0x125895d40, L_0x125895de0, C4<1>, C4<1>;
L_0x125896110 .functor AND 1, L_0x125895b10, L_0x125896070, C4<1>, C4<1>;
L_0x1258961c0 .functor OR 1, L_0x125895c90, L_0x125896110, C4<0>, C4<0>;
L_0x125896000 .functor AND 1, L_0x125896330, L_0x125896460, C4<1>, C4<1>;
L_0x125896680 .functor AND 1, L_0x125896000, L_0x125896540, C4<1>, C4<1>;
L_0x125896840 .functor AND 1, L_0x125896680, L_0x1258967a0, C4<1>, C4<1>;
L_0x125896910 .functor OR 1, L_0x1258961c0, L_0x125896840, C4<0>, C4<0>;
L_0x125894f30 .functor AND 1, L_0x1258965e0, L_0x125896c80, C4<1>, C4<1>;
L_0x125896e20 .functor OR 1, L_0x125896ae0, L_0x125894f30, C4<0>, C4<0>;
L_0x125897130 .functor AND 1, L_0x125896a40, L_0x125896fc0, C4<1>, C4<1>;
L_0x125897260 .functor AND 1, L_0x125897130, L_0x1258971c0, C4<1>, C4<1>;
L_0x125897410 .functor OR 1, L_0x125896e20, L_0x125897260, C4<0>, C4<0>;
L_0x125897060 .functor AND 1, L_0x125897480, L_0x125897600, C4<1>, C4<1>;
L_0x125897350 .functor AND 1, L_0x125897060, L_0x125895ec0, C4<1>, C4<1>;
L_0x125897a60 .functor AND 1, L_0x125897350, L_0x125897560, C4<1>, C4<1>;
L_0x125897c30 .functor OR 1, L_0x125897410, L_0x125897a60, C4<0>, C4<0>;
L_0x125897920 .functor AND 1, L_0x125897ca0, L_0x125897e40, C4<1>, C4<1>;
L_0x125897b50 .functor AND 1, L_0x125897920, L_0x125897fd0, C4<1>, C4<1>;
L_0x125898180 .functor AND 1, L_0x125897b50, L_0x125897d80, C4<1>, C4<1>;
L_0x125897ee0 .functor AND 1, L_0x125898180, L_0x125898370, C4<1>, C4<1>;
L_0x125898070 .functor OR 1, L_0x125897c30, L_0x125897ee0, C4<0>, C4<0>;
L_0x125898270 .functor XOR 4, L_0x125894600, L_0x125895740, C4<0000>, C4<0000>;
v0x12581a9d0_0 .net "G", 3 0, L_0x125894670;  1 drivers
v0x12581aa60_0 .net "P", 3 0, L_0x125894600;  1 drivers
v0x12581aaf0_0 .net *"_ivl_102", 0 0, L_0x1258971c0;  1 drivers
v0x12581ab80_0 .net *"_ivl_103", 0 0, L_0x125897260;  1 drivers
v0x12581ac10_0 .net *"_ivl_105", 0 0, L_0x125897410;  1 drivers
v0x12581aca0_0 .net *"_ivl_108", 0 0, L_0x125897480;  1 drivers
v0x12581ad30_0 .net *"_ivl_11", 0 0, L_0x125894850;  1 drivers
v0x12581adc0_0 .net *"_ivl_110", 0 0, L_0x125897600;  1 drivers
v0x12581ae50_0 .net *"_ivl_111", 0 0, L_0x125897060;  1 drivers
v0x12581aee0_0 .net *"_ivl_114", 0 0, L_0x125895ec0;  1 drivers
v0x12581af70_0 .net *"_ivl_115", 0 0, L_0x125897350;  1 drivers
v0x12581b000_0 .net *"_ivl_118", 0 0, L_0x125897560;  1 drivers
v0x12581b090_0 .net *"_ivl_119", 0 0, L_0x125897a60;  1 drivers
v0x12581b120_0 .net *"_ivl_121", 0 0, L_0x125897c30;  1 drivers
v0x12581b1b0_0 .net *"_ivl_124", 0 0, L_0x125897ca0;  1 drivers
v0x12581b240_0 .net *"_ivl_126", 0 0, L_0x125897e40;  1 drivers
v0x12581b2d0_0 .net *"_ivl_127", 0 0, L_0x125897920;  1 drivers
v0x12581b460_0 .net *"_ivl_13", 0 0, L_0x125894930;  1 drivers
v0x12581b4f0_0 .net *"_ivl_130", 0 0, L_0x125897fd0;  1 drivers
v0x12581b580_0 .net *"_ivl_131", 0 0, L_0x125897b50;  1 drivers
v0x12581b610_0 .net *"_ivl_134", 0 0, L_0x125897d80;  1 drivers
v0x12581b6a0_0 .net *"_ivl_135", 0 0, L_0x125898180;  1 drivers
v0x12581b730_0 .net *"_ivl_138", 0 0, L_0x125898370;  1 drivers
v0x12581b7c0_0 .net *"_ivl_139", 0 0, L_0x125897ee0;  1 drivers
v0x12581b850_0 .net *"_ivl_15", 0 0, L_0x125894a10;  1 drivers
v0x12581b8e0_0 .net *"_ivl_16", 0 0, L_0x125894ad0;  1 drivers
v0x12581b970_0 .net *"_ivl_18", 0 0, L_0x125894c00;  1 drivers
v0x12581ba00_0 .net *"_ivl_23", 0 0, L_0x125894d20;  1 drivers
v0x12581ba90_0 .net *"_ivl_25", 0 0, L_0x125894dc0;  1 drivers
v0x12581bb20_0 .net *"_ivl_27", 0 0, L_0x125894e90;  1 drivers
v0x12581bbb0_0 .net *"_ivl_28", 0 0, L_0x125894fb0;  1 drivers
v0x12581bc40_0 .net *"_ivl_30", 0 0, L_0x125895080;  1 drivers
v0x12581bcd0_0 .net *"_ivl_33", 0 0, L_0x1258951b0;  1 drivers
v0x12581b360_0 .net *"_ivl_35", 0 0, L_0x1258952d0;  1 drivers
v0x12581bf60_0 .net *"_ivl_36", 0 0, L_0x125895370;  1 drivers
v0x12581bff0_0 .net *"_ivl_39", 0 0, L_0x125895460;  1 drivers
v0x12581c080_0 .net *"_ivl_40", 0 0, L_0x125895590;  1 drivers
v0x12581c110_0 .net *"_ivl_42", 0 0, L_0x125895690;  1 drivers
v0x12581c1a0_0 .net *"_ivl_48", 0 0, L_0x1258958d0;  1 drivers
v0x12581c230_0 .net *"_ivl_50", 0 0, L_0x1258959d0;  1 drivers
v0x12581c2c0_0 .net *"_ivl_52", 0 0, L_0x125895a70;  1 drivers
v0x12581c350_0 .net *"_ivl_53", 0 0, L_0x125895b80;  1 drivers
v0x12581c3e0_0 .net *"_ivl_55", 0 0, L_0x125895c90;  1 drivers
v0x12581c470_0 .net *"_ivl_58", 0 0, L_0x125895d40;  1 drivers
v0x12581c500_0 .net *"_ivl_60", 0 0, L_0x125895de0;  1 drivers
v0x12581c590_0 .net *"_ivl_61", 0 0, L_0x125895b10;  1 drivers
v0x12581c620_0 .net *"_ivl_64", 0 0, L_0x125896070;  1 drivers
v0x12581c6b0_0 .net *"_ivl_65", 0 0, L_0x125896110;  1 drivers
v0x12581c740_0 .net *"_ivl_67", 0 0, L_0x1258961c0;  1 drivers
v0x12581c7d0_0 .net *"_ivl_7", 0 0, L_0x125894760;  1 drivers
v0x12581c860_0 .net *"_ivl_70", 0 0, L_0x125896330;  1 drivers
v0x12581c8f0_0 .net *"_ivl_72", 0 0, L_0x125896460;  1 drivers
v0x12581c980_0 .net *"_ivl_73", 0 0, L_0x125896000;  1 drivers
v0x12581ca10_0 .net *"_ivl_76", 0 0, L_0x125896540;  1 drivers
v0x12581caa0_0 .net *"_ivl_77", 0 0, L_0x125896680;  1 drivers
v0x12581cb30_0 .net *"_ivl_80", 0 0, L_0x1258967a0;  1 drivers
v0x12581cbc0_0 .net *"_ivl_81", 0 0, L_0x125896840;  1 drivers
v0x12581cc50_0 .net *"_ivl_83", 0 0, L_0x125896910;  1 drivers
v0x12581cce0_0 .net *"_ivl_86", 0 0, L_0x125896ae0;  1 drivers
v0x12581cd70_0 .net *"_ivl_88", 0 0, L_0x1258965e0;  1 drivers
v0x12581ce00_0 .net *"_ivl_90", 0 0, L_0x125896c80;  1 drivers
v0x12581ce90_0 .net *"_ivl_91", 0 0, L_0x125894f30;  1 drivers
v0x12581cf20_0 .net *"_ivl_93", 0 0, L_0x125896e20;  1 drivers
v0x12581cfb0_0 .net *"_ivl_96", 0 0, L_0x125896a40;  1 drivers
v0x12581d040_0 .net *"_ivl_98", 0 0, L_0x125896fc0;  1 drivers
v0x12581bd60_0 .net *"_ivl_99", 0 0, L_0x125897130;  1 drivers
v0x12581bdf0_0 .net "a", 3 0, L_0x125898640;  1 drivers
v0x12581be80_0 .net "b", 3 0, L_0x1258986e0;  1 drivers
v0x12581d0d0_0 .net "c", 3 0, L_0x125895740;  1 drivers
v0x12581d160_0 .net "cin", 0 0, L_0x125893ef0;  alias, 1 drivers
v0x12581d1f0_0 .net "cout", 0 0, L_0x125898070;  alias, 1 drivers
v0x12581d280_0 .net "sum", 3 0, L_0x125898270;  1 drivers
L_0x125894850 .part L_0x125894670, 0, 1;
L_0x125894930 .part L_0x125894600, 0, 1;
L_0x125894a10 .part L_0x125895740, 0, 1;
L_0x125894d20 .part L_0x125894670, 1, 1;
L_0x125894dc0 .part L_0x125894600, 1, 1;
L_0x125894e90 .part L_0x125894670, 0, 1;
L_0x1258951b0 .part L_0x125894600, 1, 1;
L_0x1258952d0 .part L_0x125894600, 0, 1;
L_0x125895460 .part L_0x125895740, 0, 1;
L_0x125895740 .concat8 [ 1 1 1 1], L_0x125894760, L_0x125894c00, L_0x125895690, L_0x125896910;
L_0x1258958d0 .part L_0x125894670, 2, 1;
L_0x1258959d0 .part L_0x125894600, 2, 1;
L_0x125895a70 .part L_0x125894670, 1, 1;
L_0x125895d40 .part L_0x125894600, 2, 1;
L_0x125895de0 .part L_0x125894600, 1, 1;
L_0x125896070 .part L_0x125894670, 0, 1;
L_0x125896330 .part L_0x125894600, 2, 1;
L_0x125896460 .part L_0x125894600, 1, 1;
L_0x125896540 .part L_0x125894600, 0, 1;
L_0x1258967a0 .part L_0x125895740, 0, 1;
L_0x125896ae0 .part L_0x125894670, 3, 1;
L_0x1258965e0 .part L_0x125894600, 3, 1;
L_0x125896c80 .part L_0x125894670, 2, 1;
L_0x125896a40 .part L_0x125894600, 3, 1;
L_0x125896fc0 .part L_0x125894600, 2, 1;
L_0x1258971c0 .part L_0x125894670, 1, 1;
L_0x125897480 .part L_0x125894600, 3, 1;
L_0x125897600 .part L_0x125894600, 2, 1;
L_0x125895ec0 .part L_0x125894600, 1, 1;
L_0x125897560 .part L_0x125894670, 0, 1;
L_0x125897ca0 .part L_0x125894600, 3, 1;
L_0x125897e40 .part L_0x125894600, 2, 1;
L_0x125897fd0 .part L_0x125894600, 1, 1;
L_0x125897d80 .part L_0x125894600, 0, 1;
L_0x125898370 .part L_0x125895740, 0, 1;
S_0x12581d790 .scope module, "n2" "cla16" 6 33, 6 4 0, S_0x125812570;
 .timescale -9 -11;
    .port_info 0 /INPUT 16 "d1";
    .port_info 1 /INPUT 16 "d2";
    .port_info 2 /INPUT 1 "cin";
    .port_info 3 /OUTPUT 16 "sum";
    .port_info 4 /OUTPUT 1 "cout";
P_0x1257d9690 .param/l "DATA_WIDTH" 0 6 4, +C4<00000000000000000000000000100000>;
v0x125829ef0_0 .net "c1", 0 0, L_0x12589c500;  1 drivers
v0x125829fc0_0 .net "c2", 0 0, L_0x1258a0690;  1 drivers
v0x12582a090_0 .net "c3", 0 0, L_0x1258a4850;  1 drivers
v0x12582a160_0 .net "cin", 0 0, L_0x125898070;  alias, 1 drivers
v0x12582a1f0_0 .net8 "cout", 0 0, RS_0x128047f30;  alias, 3 drivers
v0x12582a340_0 .net "d1", 15 0, L_0x1258a92f0;  1 drivers
v0x12582a3d0_0 .net "d2", 15 0, L_0x1258a9390;  1 drivers
v0x12582a460_0 .net "sum", 15 0, L_0x1258a9140;  1 drivers
L_0x12589cad0 .part L_0x1258a92f0, 0, 4;
L_0x12589cb70 .part L_0x1258a9390, 0, 4;
L_0x1258a0c60 .part L_0x1258a92f0, 4, 4;
L_0x1258a0d00 .part L_0x1258a9390, 4, 4;
L_0x1258a4e20 .part L_0x1258a92f0, 8, 4;
L_0x1258a4ec0 .part L_0x1258a9390, 8, 4;
L_0x1258a8f80 .part L_0x1258a92f0, 12, 4;
L_0x1258a9020 .part L_0x1258a9390, 12, 4;
L_0x1258a9140 .concat8 [ 4 4 4 4], L_0x12589c700, L_0x1258a0890, L_0x1258a4a50, L_0x1258a8bb0;
S_0x12581d900 .scope module, "n1" "cla_4" 6 14, 7 3 0, S_0x12581d790;
 .timescale -9 -11;
    .port_info 0 /INPUT 4 "a";
    .port_info 1 /INPUT 4 "b";
    .port_info 2 /INPUT 1 "cin";
    .port_info 3 /OUTPUT 4 "sum";
    .port_info 4 /OUTPUT 1 "cout";
L_0x125898af0 .functor XOR 4, L_0x12589cad0, L_0x12589cb70, C4<0000>, C4<0000>;
L_0x125898b60 .functor AND 4, L_0x12589cad0, L_0x12589cb70, C4<1111>, C4<1111>;
L_0x125898c50 .functor BUFZ 1, L_0x125898070, C4<0>, C4<0>, C4<0>;
L_0x125898f60 .functor AND 1, L_0x125898da0, L_0x125898e80, C4<1>, C4<1>;
L_0x125899090 .functor OR 1, L_0x125898cc0, L_0x125898f60, C4<0>, C4<0>;
L_0x125899440 .functor AND 1, L_0x125899250, L_0x125899320, C4<1>, C4<1>;
L_0x125899510 .functor OR 1, L_0x1258991b0, L_0x125899440, C4<0>, C4<0>;
L_0x125899800 .functor AND 1, L_0x125899640, L_0x125899760, C4<1>, C4<1>;
L_0x125899a20 .functor AND 1, L_0x125899800, L_0x1258998f0, C4<1>, C4<1>;
L_0x125899b20 .functor OR 1, L_0x125899510, L_0x125899a20, C4<0>, C4<0>;
L_0x12589a010 .functor AND 1, L_0x125899e60, L_0x125899f00, C4<1>, C4<1>;
L_0x12589a120 .functor OR 1, L_0x125899d60, L_0x12589a010, C4<0>, C4<0>;
L_0x125899fa0 .functor AND 1, L_0x12589a1d0, L_0x12589a270, C4<1>, C4<1>;
L_0x12589a5a0 .functor AND 1, L_0x125899fa0, L_0x12589a500, C4<1>, C4<1>;
L_0x12589a650 .functor OR 1, L_0x12589a120, L_0x12589a5a0, C4<0>, C4<0>;
L_0x12589a490 .functor AND 1, L_0x12589a7c0, L_0x12589a8f0, C4<1>, C4<1>;
L_0x12589ab10 .functor AND 1, L_0x12589a490, L_0x12589a9d0, C4<1>, C4<1>;
L_0x12589acd0 .functor AND 1, L_0x12589ab10, L_0x12589ac30, C4<1>, C4<1>;
L_0x12589ada0 .functor OR 1, L_0x12589a650, L_0x12589acd0, C4<0>, C4<0>;
L_0x1258993c0 .functor AND 1, L_0x12589aa70, L_0x12589b110, C4<1>, C4<1>;
L_0x12589b2b0 .functor OR 1, L_0x12589af70, L_0x1258993c0, C4<0>, C4<0>;
L_0x12589b5c0 .functor AND 1, L_0x12589aed0, L_0x12589b450, C4<1>, C4<1>;
L_0x12589b6f0 .functor AND 1, L_0x12589b5c0, L_0x12589b650, C4<1>, C4<1>;
L_0x12589b8a0 .functor OR 1, L_0x12589b2b0, L_0x12589b6f0, C4<0>, C4<0>;
L_0x12589b4f0 .functor AND 1, L_0x12589b910, L_0x12589ba90, C4<1>, C4<1>;
L_0x12589b7e0 .functor AND 1, L_0x12589b4f0, L_0x12589a350, C4<1>, C4<1>;
L_0x12589bef0 .functor AND 1, L_0x12589b7e0, L_0x12589b9f0, C4<1>, C4<1>;
L_0x12589c0c0 .functor OR 1, L_0x12589b8a0, L_0x12589bef0, C4<0>, C4<0>;
L_0x12589bdb0 .functor AND 1, L_0x12589c130, L_0x12589c2d0, C4<1>, C4<1>;
L_0x12589bfe0 .functor AND 1, L_0x12589bdb0, L_0x12589c460, C4<1>, C4<1>;
L_0x12589c610 .functor AND 1, L_0x12589bfe0, L_0x12589c210, C4<1>, C4<1>;
L_0x12589c370 .functor AND 1, L_0x12589c610, L_0x12589c800, C4<1>, C4<1>;
L_0x12589c500 .functor OR 1, L_0x12589c0c0, L_0x12589c370, C4<0>, C4<0>;
L_0x12589c700 .functor XOR 4, L_0x125898af0, L_0x125899bd0, C4<0000>, C4<0000>;
v0x12581da70_0 .net "G", 3 0, L_0x125898b60;  1 drivers
v0x12581db00_0 .net "P", 3 0, L_0x125898af0;  1 drivers
v0x12581db90_0 .net *"_ivl_102", 0 0, L_0x12589b650;  1 drivers
v0x12581dc20_0 .net *"_ivl_103", 0 0, L_0x12589b6f0;  1 drivers
v0x12581dcb0_0 .net *"_ivl_105", 0 0, L_0x12589b8a0;  1 drivers
v0x12581dd40_0 .net *"_ivl_108", 0 0, L_0x12589b910;  1 drivers
v0x12581ddd0_0 .net *"_ivl_11", 0 0, L_0x125898cc0;  1 drivers
v0x12581de60_0 .net *"_ivl_110", 0 0, L_0x12589ba90;  1 drivers
v0x12581def0_0 .net *"_ivl_111", 0 0, L_0x12589b4f0;  1 drivers
v0x12581df80_0 .net *"_ivl_114", 0 0, L_0x12589a350;  1 drivers
v0x12581e010_0 .net *"_ivl_115", 0 0, L_0x12589b7e0;  1 drivers
v0x12581e0a0_0 .net *"_ivl_118", 0 0, L_0x12589b9f0;  1 drivers
v0x12581e130_0 .net *"_ivl_119", 0 0, L_0x12589bef0;  1 drivers
v0x12581e1c0_0 .net *"_ivl_121", 0 0, L_0x12589c0c0;  1 drivers
v0x12581e250_0 .net *"_ivl_124", 0 0, L_0x12589c130;  1 drivers
v0x12581e2e0_0 .net *"_ivl_126", 0 0, L_0x12589c2d0;  1 drivers
v0x12581e370_0 .net *"_ivl_127", 0 0, L_0x12589bdb0;  1 drivers
v0x12581e500_0 .net *"_ivl_13", 0 0, L_0x125898da0;  1 drivers
v0x12581e590_0 .net *"_ivl_130", 0 0, L_0x12589c460;  1 drivers
v0x12581e620_0 .net *"_ivl_131", 0 0, L_0x12589bfe0;  1 drivers
v0x12581e6b0_0 .net *"_ivl_134", 0 0, L_0x12589c210;  1 drivers
v0x12581e740_0 .net *"_ivl_135", 0 0, L_0x12589c610;  1 drivers
v0x12581e7d0_0 .net *"_ivl_138", 0 0, L_0x12589c800;  1 drivers
v0x12581e860_0 .net *"_ivl_139", 0 0, L_0x12589c370;  1 drivers
v0x12581e8f0_0 .net *"_ivl_15", 0 0, L_0x125898e80;  1 drivers
v0x12581e980_0 .net *"_ivl_16", 0 0, L_0x125898f60;  1 drivers
v0x12581ea10_0 .net *"_ivl_18", 0 0, L_0x125899090;  1 drivers
v0x12581eaa0_0 .net *"_ivl_23", 0 0, L_0x1258991b0;  1 drivers
v0x12581eb30_0 .net *"_ivl_25", 0 0, L_0x125899250;  1 drivers
v0x12581ebc0_0 .net *"_ivl_27", 0 0, L_0x125899320;  1 drivers
v0x12581ec50_0 .net *"_ivl_28", 0 0, L_0x125899440;  1 drivers
v0x12581ece0_0 .net *"_ivl_30", 0 0, L_0x125899510;  1 drivers
v0x12581ed70_0 .net *"_ivl_33", 0 0, L_0x125899640;  1 drivers
v0x12581e400_0 .net *"_ivl_35", 0 0, L_0x125899760;  1 drivers
v0x12581f000_0 .net *"_ivl_36", 0 0, L_0x125899800;  1 drivers
v0x12581f090_0 .net *"_ivl_39", 0 0, L_0x1258998f0;  1 drivers
v0x12581f120_0 .net *"_ivl_40", 0 0, L_0x125899a20;  1 drivers
v0x12581f1b0_0 .net *"_ivl_42", 0 0, L_0x125899b20;  1 drivers
v0x12581f240_0 .net *"_ivl_48", 0 0, L_0x125899d60;  1 drivers
v0x12581f2d0_0 .net *"_ivl_50", 0 0, L_0x125899e60;  1 drivers
v0x12581f360_0 .net *"_ivl_52", 0 0, L_0x125899f00;  1 drivers
v0x12581f3f0_0 .net *"_ivl_53", 0 0, L_0x12589a010;  1 drivers
v0x12581f480_0 .net *"_ivl_55", 0 0, L_0x12589a120;  1 drivers
v0x12581f510_0 .net *"_ivl_58", 0 0, L_0x12589a1d0;  1 drivers
v0x12581f5a0_0 .net *"_ivl_60", 0 0, L_0x12589a270;  1 drivers
v0x12581f630_0 .net *"_ivl_61", 0 0, L_0x125899fa0;  1 drivers
v0x12581f6c0_0 .net *"_ivl_64", 0 0, L_0x12589a500;  1 drivers
v0x12581f750_0 .net *"_ivl_65", 0 0, L_0x12589a5a0;  1 drivers
v0x12581f7e0_0 .net *"_ivl_67", 0 0, L_0x12589a650;  1 drivers
v0x12581f870_0 .net *"_ivl_7", 0 0, L_0x125898c50;  1 drivers
v0x12581f900_0 .net *"_ivl_70", 0 0, L_0x12589a7c0;  1 drivers
v0x12581f990_0 .net *"_ivl_72", 0 0, L_0x12589a8f0;  1 drivers
v0x12581fa20_0 .net *"_ivl_73", 0 0, L_0x12589a490;  1 drivers
v0x12581fab0_0 .net *"_ivl_76", 0 0, L_0x12589a9d0;  1 drivers
v0x12581fb40_0 .net *"_ivl_77", 0 0, L_0x12589ab10;  1 drivers
v0x12581fbd0_0 .net *"_ivl_80", 0 0, L_0x12589ac30;  1 drivers
v0x12581fc60_0 .net *"_ivl_81", 0 0, L_0x12589acd0;  1 drivers
v0x12581fcf0_0 .net *"_ivl_83", 0 0, L_0x12589ada0;  1 drivers
v0x12581fd80_0 .net *"_ivl_86", 0 0, L_0x12589af70;  1 drivers
v0x12581fe10_0 .net *"_ivl_88", 0 0, L_0x12589aa70;  1 drivers
v0x12581fea0_0 .net *"_ivl_90", 0 0, L_0x12589b110;  1 drivers
v0x12581ff30_0 .net *"_ivl_91", 0 0, L_0x1258993c0;  1 drivers
v0x12581ffc0_0 .net *"_ivl_93", 0 0, L_0x12589b2b0;  1 drivers
v0x125820050_0 .net *"_ivl_96", 0 0, L_0x12589aed0;  1 drivers
v0x1258200e0_0 .net *"_ivl_98", 0 0, L_0x12589b450;  1 drivers
v0x12581ee00_0 .net *"_ivl_99", 0 0, L_0x12589b5c0;  1 drivers
v0x12581ee90_0 .net "a", 3 0, L_0x12589cad0;  1 drivers
v0x12581ef20_0 .net "b", 3 0, L_0x12589cb70;  1 drivers
v0x125820170_0 .net "c", 3 0, L_0x125899bd0;  1 drivers
v0x125820200_0 .net "cin", 0 0, L_0x125898070;  alias, 1 drivers
v0x125820290_0 .net "cout", 0 0, L_0x12589c500;  alias, 1 drivers
v0x125820320_0 .net "sum", 3 0, L_0x12589c700;  1 drivers
L_0x125898cc0 .part L_0x125898b60, 0, 1;
L_0x125898da0 .part L_0x125898af0, 0, 1;
L_0x125898e80 .part L_0x125899bd0, 0, 1;
L_0x1258991b0 .part L_0x125898b60, 1, 1;
L_0x125899250 .part L_0x125898af0, 1, 1;
L_0x125899320 .part L_0x125898b60, 0, 1;
L_0x125899640 .part L_0x125898af0, 1, 1;
L_0x125899760 .part L_0x125898af0, 0, 1;
L_0x1258998f0 .part L_0x125899bd0, 0, 1;
L_0x125899bd0 .concat8 [ 1 1 1 1], L_0x125898c50, L_0x125899090, L_0x125899b20, L_0x12589ada0;
L_0x125899d60 .part L_0x125898b60, 2, 1;
L_0x125899e60 .part L_0x125898af0, 2, 1;
L_0x125899f00 .part L_0x125898b60, 1, 1;
L_0x12589a1d0 .part L_0x125898af0, 2, 1;
L_0x12589a270 .part L_0x125898af0, 1, 1;
L_0x12589a500 .part L_0x125898b60, 0, 1;
L_0x12589a7c0 .part L_0x125898af0, 2, 1;
L_0x12589a8f0 .part L_0x125898af0, 1, 1;
L_0x12589a9d0 .part L_0x125898af0, 0, 1;
L_0x12589ac30 .part L_0x125899bd0, 0, 1;
L_0x12589af70 .part L_0x125898b60, 3, 1;
L_0x12589aa70 .part L_0x125898af0, 3, 1;
L_0x12589b110 .part L_0x125898b60, 2, 1;
L_0x12589aed0 .part L_0x125898af0, 3, 1;
L_0x12589b450 .part L_0x125898af0, 2, 1;
L_0x12589b650 .part L_0x125898b60, 1, 1;
L_0x12589b910 .part L_0x125898af0, 3, 1;
L_0x12589ba90 .part L_0x125898af0, 2, 1;
L_0x12589a350 .part L_0x125898af0, 1, 1;
L_0x12589b9f0 .part L_0x125898b60, 0, 1;
L_0x12589c130 .part L_0x125898af0, 3, 1;
L_0x12589c2d0 .part L_0x125898af0, 2, 1;
L_0x12589c460 .part L_0x125898af0, 1, 1;
L_0x12589c210 .part L_0x125898af0, 0, 1;
L_0x12589c800 .part L_0x125899bd0, 0, 1;
S_0x1258203b0 .scope module, "n2" "cla_4" 6 15, 7 3 0, S_0x12581d790;
 .timescale -9 -11;
    .port_info 0 /INPUT 4 "a";
    .port_info 1 /INPUT 4 "b";
    .port_info 2 /INPUT 1 "cin";
    .port_info 3 /OUTPUT 4 "sum";
    .port_info 4 /OUTPUT 1 "cout";
L_0x12589c770 .functor XOR 4, L_0x1258a0c60, L_0x1258a0d00, C4<0000>, C4<0000>;
L_0x12589cc70 .functor AND 4, L_0x1258a0c60, L_0x1258a0d00, C4<1111>, C4<1111>;
L_0x12589cda0 .functor BUFZ 1, L_0x12589c500, C4<0>, C4<0>, C4<0>;
L_0x12589d0f0 .functor AND 1, L_0x12589cf30, L_0x12589d010, C4<1>, C4<1>;
L_0x12589d220 .functor OR 1, L_0x12589ce90, L_0x12589d0f0, C4<0>, C4<0>;
L_0x12589d5d0 .functor AND 1, L_0x12589d3e0, L_0x12589d4b0, C4<1>, C4<1>;
L_0x12589d6a0 .functor OR 1, L_0x12589d340, L_0x12589d5d0, C4<0>, C4<0>;
L_0x12589d990 .functor AND 1, L_0x12589d7d0, L_0x12589d8f0, C4<1>, C4<1>;
L_0x12589dbb0 .functor AND 1, L_0x12589d990, L_0x12589da80, C4<1>, C4<1>;
L_0x12589dcb0 .functor OR 1, L_0x12589d6a0, L_0x12589dbb0, C4<0>, C4<0>;
L_0x12589e1a0 .functor AND 1, L_0x12589dff0, L_0x12589e090, C4<1>, C4<1>;
L_0x12589e2b0 .functor OR 1, L_0x12589def0, L_0x12589e1a0, C4<0>, C4<0>;
L_0x12589e130 .functor AND 1, L_0x12589e360, L_0x12589e400, C4<1>, C4<1>;
L_0x12589e730 .functor AND 1, L_0x12589e130, L_0x12589e690, C4<1>, C4<1>;
L_0x12589e7e0 .functor OR 1, L_0x12589e2b0, L_0x12589e730, C4<0>, C4<0>;
L_0x12589e620 .functor AND 1, L_0x12589e950, L_0x12589ea80, C4<1>, C4<1>;
L_0x12589eca0 .functor AND 1, L_0x12589e620, L_0x12589eb60, C4<1>, C4<1>;
L_0x12589ee60 .functor AND 1, L_0x12589eca0, L_0x12589edc0, C4<1>, C4<1>;
L_0x12589ef30 .functor OR 1, L_0x12589e7e0, L_0x12589ee60, C4<0>, C4<0>;
L_0x12589d550 .functor AND 1, L_0x12589ec00, L_0x12589f2a0, C4<1>, C4<1>;
L_0x12589f440 .functor OR 1, L_0x12589f100, L_0x12589d550, C4<0>, C4<0>;
L_0x12589f750 .functor AND 1, L_0x12589f060, L_0x12589f5e0, C4<1>, C4<1>;
L_0x12589f880 .functor AND 1, L_0x12589f750, L_0x12589f7e0, C4<1>, C4<1>;
L_0x12589fa30 .functor OR 1, L_0x12589f440, L_0x12589f880, C4<0>, C4<0>;
L_0x12589f680 .functor AND 1, L_0x12589faa0, L_0x12589fc20, C4<1>, C4<1>;
L_0x12589f970 .functor AND 1, L_0x12589f680, L_0x12589e4e0, C4<1>, C4<1>;
L_0x1258a0080 .functor AND 1, L_0x12589f970, L_0x12589fb80, C4<1>, C4<1>;
L_0x1258a0250 .functor OR 1, L_0x12589fa30, L_0x1258a0080, C4<0>, C4<0>;
L_0x12589ff40 .functor AND 1, L_0x1258a02c0, L_0x1258a0460, C4<1>, C4<1>;
L_0x1258a0170 .functor AND 1, L_0x12589ff40, L_0x1258a05f0, C4<1>, C4<1>;
L_0x1258a07a0 .functor AND 1, L_0x1258a0170, L_0x1258a03a0, C4<1>, C4<1>;
L_0x1258a0500 .functor AND 1, L_0x1258a07a0, L_0x1258a0990, C4<1>, C4<1>;
L_0x1258a0690 .functor OR 1, L_0x1258a0250, L_0x1258a0500, C4<0>, C4<0>;
L_0x1258a0890 .functor XOR 4, L_0x12589c770, L_0x12589dd60, C4<0000>, C4<0000>;
v0x125820520_0 .net "G", 3 0, L_0x12589cc70;  1 drivers
v0x1258205b0_0 .net "P", 3 0, L_0x12589c770;  1 drivers
v0x125820640_0 .net *"_ivl_102", 0 0, L_0x12589f7e0;  1 drivers
v0x1258206f0_0 .net *"_ivl_103", 0 0, L_0x12589f880;  1 drivers
v0x1258207a0_0 .net *"_ivl_105", 0 0, L_0x12589fa30;  1 drivers
v0x125820890_0 .net *"_ivl_108", 0 0, L_0x12589faa0;  1 drivers
v0x125820940_0 .net *"_ivl_11", 0 0, L_0x12589ce90;  1 drivers
v0x1258209f0_0 .net *"_ivl_110", 0 0, L_0x12589fc20;  1 drivers
v0x125820aa0_0 .net *"_ivl_111", 0 0, L_0x12589f680;  1 drivers
v0x125820bb0_0 .net *"_ivl_114", 0 0, L_0x12589e4e0;  1 drivers
v0x125820c60_0 .net *"_ivl_115", 0 0, L_0x12589f970;  1 drivers
v0x125820d10_0 .net *"_ivl_118", 0 0, L_0x12589fb80;  1 drivers
v0x125820dc0_0 .net *"_ivl_119", 0 0, L_0x1258a0080;  1 drivers
v0x125820e70_0 .net *"_ivl_121", 0 0, L_0x1258a0250;  1 drivers
v0x125820f20_0 .net *"_ivl_124", 0 0, L_0x1258a02c0;  1 drivers
v0x125820fd0_0 .net *"_ivl_126", 0 0, L_0x1258a0460;  1 drivers
v0x125821080_0 .net *"_ivl_127", 0 0, L_0x12589ff40;  1 drivers
v0x125821210_0 .net *"_ivl_13", 0 0, L_0x12589cf30;  1 drivers
v0x1258212a0_0 .net *"_ivl_130", 0 0, L_0x1258a05f0;  1 drivers
v0x125821350_0 .net *"_ivl_131", 0 0, L_0x1258a0170;  1 drivers
v0x125821400_0 .net *"_ivl_134", 0 0, L_0x1258a03a0;  1 drivers
v0x1258214b0_0 .net *"_ivl_135", 0 0, L_0x1258a07a0;  1 drivers
v0x125821560_0 .net *"_ivl_138", 0 0, L_0x1258a0990;  1 drivers
v0x125821610_0 .net *"_ivl_139", 0 0, L_0x1258a0500;  1 drivers
v0x1258216c0_0 .net *"_ivl_15", 0 0, L_0x12589d010;  1 drivers
v0x125821770_0 .net *"_ivl_16", 0 0, L_0x12589d0f0;  1 drivers
v0x125821820_0 .net *"_ivl_18", 0 0, L_0x12589d220;  1 drivers
v0x1258218d0_0 .net *"_ivl_23", 0 0, L_0x12589d340;  1 drivers
v0x125821980_0 .net *"_ivl_25", 0 0, L_0x12589d3e0;  1 drivers
v0x125821a30_0 .net *"_ivl_27", 0 0, L_0x12589d4b0;  1 drivers
v0x125821ae0_0 .net *"_ivl_28", 0 0, L_0x12589d5d0;  1 drivers
v0x125821b90_0 .net *"_ivl_30", 0 0, L_0x12589d6a0;  1 drivers
v0x125821c40_0 .net *"_ivl_33", 0 0, L_0x12589d7d0;  1 drivers
v0x125821130_0 .net *"_ivl_35", 0 0, L_0x12589d8f0;  1 drivers
v0x125821ed0_0 .net *"_ivl_36", 0 0, L_0x12589d990;  1 drivers
v0x125821f60_0 .net *"_ivl_39", 0 0, L_0x12589da80;  1 drivers
v0x125822000_0 .net *"_ivl_40", 0 0, L_0x12589dbb0;  1 drivers
v0x1258220b0_0 .net *"_ivl_42", 0 0, L_0x12589dcb0;  1 drivers
v0x125822160_0 .net *"_ivl_48", 0 0, L_0x12589def0;  1 drivers
v0x125822210_0 .net *"_ivl_50", 0 0, L_0x12589dff0;  1 drivers
v0x1258222c0_0 .net *"_ivl_52", 0 0, L_0x12589e090;  1 drivers
v0x125822370_0 .net *"_ivl_53", 0 0, L_0x12589e1a0;  1 drivers
v0x125822420_0 .net *"_ivl_55", 0 0, L_0x12589e2b0;  1 drivers
v0x1258224d0_0 .net *"_ivl_58", 0 0, L_0x12589e360;  1 drivers
v0x125822580_0 .net *"_ivl_60", 0 0, L_0x12589e400;  1 drivers
v0x125822630_0 .net *"_ivl_61", 0 0, L_0x12589e130;  1 drivers
v0x1258226e0_0 .net *"_ivl_64", 0 0, L_0x12589e690;  1 drivers
v0x125822790_0 .net *"_ivl_65", 0 0, L_0x12589e730;  1 drivers
v0x125822840_0 .net *"_ivl_67", 0 0, L_0x12589e7e0;  1 drivers
v0x1258228f0_0 .net *"_ivl_7", 0 0, L_0x12589cda0;  1 drivers
v0x1258229a0_0 .net *"_ivl_70", 0 0, L_0x12589e950;  1 drivers
v0x125822a50_0 .net *"_ivl_72", 0 0, L_0x12589ea80;  1 drivers
v0x125822b00_0 .net *"_ivl_73", 0 0, L_0x12589e620;  1 drivers
v0x125822bb0_0 .net *"_ivl_76", 0 0, L_0x12589eb60;  1 drivers
v0x125822c60_0 .net *"_ivl_77", 0 0, L_0x12589eca0;  1 drivers
v0x125822d10_0 .net *"_ivl_80", 0 0, L_0x12589edc0;  1 drivers
v0x125822dc0_0 .net *"_ivl_81", 0 0, L_0x12589ee60;  1 drivers
v0x125822e70_0 .net *"_ivl_83", 0 0, L_0x12589ef30;  1 drivers
v0x125822f20_0 .net *"_ivl_86", 0 0, L_0x12589f100;  1 drivers
v0x125822fd0_0 .net *"_ivl_88", 0 0, L_0x12589ec00;  1 drivers
v0x125823080_0 .net *"_ivl_90", 0 0, L_0x12589f2a0;  1 drivers
v0x125823130_0 .net *"_ivl_91", 0 0, L_0x12589d550;  1 drivers
v0x1258231e0_0 .net *"_ivl_93", 0 0, L_0x12589f440;  1 drivers
v0x125823290_0 .net *"_ivl_96", 0 0, L_0x12589f060;  1 drivers
v0x125823340_0 .net *"_ivl_98", 0 0, L_0x12589f5e0;  1 drivers
v0x125821cf0_0 .net *"_ivl_99", 0 0, L_0x12589f750;  1 drivers
v0x125821da0_0 .net "a", 3 0, L_0x1258a0c60;  1 drivers
v0x1258233d0_0 .net "b", 3 0, L_0x1258a0d00;  1 drivers
v0x125823460_0 .net "c", 3 0, L_0x12589dd60;  1 drivers
v0x1258234f0_0 .net "cin", 0 0, L_0x12589c500;  alias, 1 drivers
v0x125823580_0 .net "cout", 0 0, L_0x1258a0690;  alias, 1 drivers
v0x125823610_0 .net "sum", 3 0, L_0x1258a0890;  1 drivers
L_0x12589ce90 .part L_0x12589cc70, 0, 1;
L_0x12589cf30 .part L_0x12589c770, 0, 1;
L_0x12589d010 .part L_0x12589dd60, 0, 1;
L_0x12589d340 .part L_0x12589cc70, 1, 1;
L_0x12589d3e0 .part L_0x12589c770, 1, 1;
L_0x12589d4b0 .part L_0x12589cc70, 0, 1;
L_0x12589d7d0 .part L_0x12589c770, 1, 1;
L_0x12589d8f0 .part L_0x12589c770, 0, 1;
L_0x12589da80 .part L_0x12589dd60, 0, 1;
L_0x12589dd60 .concat8 [ 1 1 1 1], L_0x12589cda0, L_0x12589d220, L_0x12589dcb0, L_0x12589ef30;
L_0x12589def0 .part L_0x12589cc70, 2, 1;
L_0x12589dff0 .part L_0x12589c770, 2, 1;
L_0x12589e090 .part L_0x12589cc70, 1, 1;
L_0x12589e360 .part L_0x12589c770, 2, 1;
L_0x12589e400 .part L_0x12589c770, 1, 1;
L_0x12589e690 .part L_0x12589cc70, 0, 1;
L_0x12589e950 .part L_0x12589c770, 2, 1;
L_0x12589ea80 .part L_0x12589c770, 1, 1;
L_0x12589eb60 .part L_0x12589c770, 0, 1;
L_0x12589edc0 .part L_0x12589dd60, 0, 1;
L_0x12589f100 .part L_0x12589cc70, 3, 1;
L_0x12589ec00 .part L_0x12589c770, 3, 1;
L_0x12589f2a0 .part L_0x12589cc70, 2, 1;
L_0x12589f060 .part L_0x12589c770, 3, 1;
L_0x12589f5e0 .part L_0x12589c770, 2, 1;
L_0x12589f7e0 .part L_0x12589cc70, 1, 1;
L_0x12589faa0 .part L_0x12589c770, 3, 1;
L_0x12589fc20 .part L_0x12589c770, 2, 1;
L_0x12589e4e0 .part L_0x12589c770, 1, 1;
L_0x12589fb80 .part L_0x12589cc70, 0, 1;
L_0x1258a02c0 .part L_0x12589c770, 3, 1;
L_0x1258a0460 .part L_0x12589c770, 2, 1;
L_0x1258a05f0 .part L_0x12589c770, 1, 1;
L_0x1258a03a0 .part L_0x12589c770, 0, 1;
L_0x1258a0990 .part L_0x12589dd60, 0, 1;
S_0x1258236a0 .scope module, "n3" "cla_4" 6 16, 7 3 0, S_0x12581d790;
 .timescale -9 -11;
    .port_info 0 /INPUT 4 "a";
    .port_info 1 /INPUT 4 "b";
    .port_info 2 /INPUT 1 "cin";
    .port_info 3 /OUTPUT 4 "sum";
    .port_info 4 /OUTPUT 1 "cout";
L_0x1258a0da0 .functor XOR 4, L_0x1258a4e20, L_0x1258a4ec0, C4<0000>, C4<0000>;
L_0x1258a0e30 .functor AND 4, L_0x1258a4e20, L_0x1258a4ec0, C4<1111>, C4<1111>;
L_0x1258a0f60 .functor BUFZ 1, L_0x1258a0690, C4<0>, C4<0>, C4<0>;
L_0x1258a12d0 .functor AND 1, L_0x1258a1130, L_0x1258a1210, C4<1>, C4<1>;
L_0x1258a13e0 .functor OR 1, L_0x1258a1050, L_0x1258a12d0, C4<0>, C4<0>;
L_0x1258a1790 .functor AND 1, L_0x1258a15a0, L_0x1258a1670, C4<1>, C4<1>;
L_0x1258a1860 .functor OR 1, L_0x1258a1500, L_0x1258a1790, C4<0>, C4<0>;
L_0x1258a1b50 .functor AND 1, L_0x1258a1990, L_0x1258a1ab0, C4<1>, C4<1>;
L_0x1258a1d70 .functor AND 1, L_0x1258a1b50, L_0x1258a1c40, C4<1>, C4<1>;
L_0x1258a1e70 .functor OR 1, L_0x1258a1860, L_0x1258a1d70, C4<0>, C4<0>;
L_0x1258a2360 .functor AND 1, L_0x1258a21b0, L_0x1258a2250, C4<1>, C4<1>;
L_0x1258a2470 .functor OR 1, L_0x1258a20b0, L_0x1258a2360, C4<0>, C4<0>;
L_0x1258a22f0 .functor AND 1, L_0x1258a2520, L_0x1258a25c0, C4<1>, C4<1>;
L_0x1258a28f0 .functor AND 1, L_0x1258a22f0, L_0x1258a2850, C4<1>, C4<1>;
L_0x1258a29a0 .functor OR 1, L_0x1258a2470, L_0x1258a28f0, C4<0>, C4<0>;
L_0x1258a27e0 .functor AND 1, L_0x1258a2b10, L_0x1258a2c40, C4<1>, C4<1>;
L_0x1258a2e60 .functor AND 1, L_0x1258a27e0, L_0x1258a2d20, C4<1>, C4<1>;
L_0x1258a3020 .functor AND 1, L_0x1258a2e60, L_0x1258a2f80, C4<1>, C4<1>;
L_0x1258a30f0 .functor OR 1, L_0x1258a29a0, L_0x1258a3020, C4<0>, C4<0>;
L_0x1258a1710 .functor AND 1, L_0x1258a2dc0, L_0x1258a3460, C4<1>, C4<1>;
L_0x1258a3600 .functor OR 1, L_0x1258a32c0, L_0x1258a1710, C4<0>, C4<0>;
L_0x1258a3910 .functor AND 1, L_0x1258a3220, L_0x1258a37a0, C4<1>, C4<1>;
L_0x1258a3a40 .functor AND 1, L_0x1258a3910, L_0x1258a39a0, C4<1>, C4<1>;
L_0x1258a3bf0 .functor OR 1, L_0x1258a3600, L_0x1258a3a40, C4<0>, C4<0>;
L_0x1258a3840 .functor AND 1, L_0x1258a3c60, L_0x1258a3de0, C4<1>, C4<1>;
L_0x1258a3b30 .functor AND 1, L_0x1258a3840, L_0x1258a26a0, C4<1>, C4<1>;
L_0x1258a4240 .functor AND 1, L_0x1258a3b30, L_0x1258a3d00, C4<1>, C4<1>;
L_0x1258a4410 .functor OR 1, L_0x1258a3bf0, L_0x1258a4240, C4<0>, C4<0>;
L_0x1258a4100 .functor AND 1, L_0x1258a4480, L_0x1258a4620, C4<1>, C4<1>;
L_0x1258a4330 .functor AND 1, L_0x1258a4100, L_0x1258a47b0, C4<1>, C4<1>;
L_0x1258a4960 .functor AND 1, L_0x1258a4330, L_0x1258a4560, C4<1>, C4<1>;
L_0x1258a46c0 .functor AND 1, L_0x1258a4960, L_0x1258a4b50, C4<1>, C4<1>;
L_0x1258a4850 .functor OR 1, L_0x1258a4410, L_0x1258a46c0, C4<0>, C4<0>;
L_0x1258a4a50 .functor XOR 4, L_0x1258a0da0, L_0x1258a1f20, C4<0000>, C4<0000>;
v0x125823900_0 .net "G", 3 0, L_0x1258a0e30;  1 drivers
v0x1258239b0_0 .net "P", 3 0, L_0x1258a0da0;  1 drivers
v0x125823a60_0 .net *"_ivl_102", 0 0, L_0x1258a39a0;  1 drivers
v0x125823b20_0 .net *"_ivl_103", 0 0, L_0x1258a3a40;  1 drivers
v0x125823bd0_0 .net *"_ivl_105", 0 0, L_0x1258a3bf0;  1 drivers
v0x125823cc0_0 .net *"_ivl_108", 0 0, L_0x1258a3c60;  1 drivers
v0x125823d70_0 .net *"_ivl_11", 0 0, L_0x1258a1050;  1 drivers
v0x125823e20_0 .net *"_ivl_110", 0 0, L_0x1258a3de0;  1 drivers
v0x125823ed0_0 .net *"_ivl_111", 0 0, L_0x1258a3840;  1 drivers
v0x125823fe0_0 .net *"_ivl_114", 0 0, L_0x1258a26a0;  1 drivers
v0x125824090_0 .net *"_ivl_115", 0 0, L_0x1258a3b30;  1 drivers
v0x125824140_0 .net *"_ivl_118", 0 0, L_0x1258a3d00;  1 drivers
v0x1258241f0_0 .net *"_ivl_119", 0 0, L_0x1258a4240;  1 drivers
v0x1258242a0_0 .net *"_ivl_121", 0 0, L_0x1258a4410;  1 drivers
v0x125824350_0 .net *"_ivl_124", 0 0, L_0x1258a4480;  1 drivers
v0x125824400_0 .net *"_ivl_126", 0 0, L_0x1258a4620;  1 drivers
v0x1258244b0_0 .net *"_ivl_127", 0 0, L_0x1258a4100;  1 drivers
v0x125824640_0 .net *"_ivl_13", 0 0, L_0x1258a1130;  1 drivers
v0x1258246d0_0 .net *"_ivl_130", 0 0, L_0x1258a47b0;  1 drivers
v0x125824780_0 .net *"_ivl_131", 0 0, L_0x1258a4330;  1 drivers
v0x125824830_0 .net *"_ivl_134", 0 0, L_0x1258a4560;  1 drivers
v0x1258248e0_0 .net *"_ivl_135", 0 0, L_0x1258a4960;  1 drivers
v0x125824990_0 .net *"_ivl_138", 0 0, L_0x1258a4b50;  1 drivers
v0x125824a40_0 .net *"_ivl_139", 0 0, L_0x1258a46c0;  1 drivers
v0x125824af0_0 .net *"_ivl_15", 0 0, L_0x1258a1210;  1 drivers
v0x125824ba0_0 .net *"_ivl_16", 0 0, L_0x1258a12d0;  1 drivers
v0x125824c50_0 .net *"_ivl_18", 0 0, L_0x1258a13e0;  1 drivers
v0x125824d00_0 .net *"_ivl_23", 0 0, L_0x1258a1500;  1 drivers
v0x125824db0_0 .net *"_ivl_25", 0 0, L_0x1258a15a0;  1 drivers
v0x125824e60_0 .net *"_ivl_27", 0 0, L_0x1258a1670;  1 drivers
v0x125824f10_0 .net *"_ivl_28", 0 0, L_0x1258a1790;  1 drivers
v0x125824fc0_0 .net *"_ivl_30", 0 0, L_0x1258a1860;  1 drivers
v0x125825070_0 .net *"_ivl_33", 0 0, L_0x1258a1990;  1 drivers
v0x125824560_0 .net *"_ivl_35", 0 0, L_0x1258a1ab0;  1 drivers
v0x125825300_0 .net *"_ivl_36", 0 0, L_0x1258a1b50;  1 drivers
v0x125825390_0 .net *"_ivl_39", 0 0, L_0x1258a1c40;  1 drivers
v0x125825430_0 .net *"_ivl_40", 0 0, L_0x1258a1d70;  1 drivers
v0x1258254e0_0 .net *"_ivl_42", 0 0, L_0x1258a1e70;  1 drivers
v0x125825590_0 .net *"_ivl_48", 0 0, L_0x1258a20b0;  1 drivers
v0x125825640_0 .net *"_ivl_50", 0 0, L_0x1258a21b0;  1 drivers
v0x1258256f0_0 .net *"_ivl_52", 0 0, L_0x1258a2250;  1 drivers
v0x1258257a0_0 .net *"_ivl_53", 0 0, L_0x1258a2360;  1 drivers
v0x125825850_0 .net *"_ivl_55", 0 0, L_0x1258a2470;  1 drivers
v0x125825900_0 .net *"_ivl_58", 0 0, L_0x1258a2520;  1 drivers
v0x1258259b0_0 .net *"_ivl_60", 0 0, L_0x1258a25c0;  1 drivers
v0x125825a60_0 .net *"_ivl_61", 0 0, L_0x1258a22f0;  1 drivers
v0x125825b10_0 .net *"_ivl_64", 0 0, L_0x1258a2850;  1 drivers
v0x125825bc0_0 .net *"_ivl_65", 0 0, L_0x1258a28f0;  1 drivers
v0x125825c70_0 .net *"_ivl_67", 0 0, L_0x1258a29a0;  1 drivers
v0x125825d20_0 .net *"_ivl_7", 0 0, L_0x1258a0f60;  1 drivers
v0x125825dd0_0 .net *"_ivl_70", 0 0, L_0x1258a2b10;  1 drivers
v0x125825e80_0 .net *"_ivl_72", 0 0, L_0x1258a2c40;  1 drivers
v0x125825f30_0 .net *"_ivl_73", 0 0, L_0x1258a27e0;  1 drivers
v0x125825fe0_0 .net *"_ivl_76", 0 0, L_0x1258a2d20;  1 drivers
v0x125826090_0 .net *"_ivl_77", 0 0, L_0x1258a2e60;  1 drivers
v0x125826140_0 .net *"_ivl_80", 0 0, L_0x1258a2f80;  1 drivers
v0x1258261f0_0 .net *"_ivl_81", 0 0, L_0x1258a3020;  1 drivers
v0x1258262a0_0 .net *"_ivl_83", 0 0, L_0x1258a30f0;  1 drivers
v0x125826350_0 .net *"_ivl_86", 0 0, L_0x1258a32c0;  1 drivers
v0x125826400_0 .net *"_ivl_88", 0 0, L_0x1258a2dc0;  1 drivers
v0x1258264b0_0 .net *"_ivl_90", 0 0, L_0x1258a3460;  1 drivers
v0x125826560_0 .net *"_ivl_91", 0 0, L_0x1258a1710;  1 drivers
v0x125826610_0 .net *"_ivl_93", 0 0, L_0x1258a3600;  1 drivers
v0x1258266c0_0 .net *"_ivl_96", 0 0, L_0x1258a3220;  1 drivers
v0x125826770_0 .net *"_ivl_98", 0 0, L_0x1258a37a0;  1 drivers
v0x125825120_0 .net *"_ivl_99", 0 0, L_0x1258a3910;  1 drivers
v0x1258251d0_0 .net "a", 3 0, L_0x1258a4e20;  1 drivers
v0x125826800_0 .net "b", 3 0, L_0x1258a4ec0;  1 drivers
v0x125826890_0 .net "c", 3 0, L_0x1258a1f20;  1 drivers
v0x125826920_0 .net "cin", 0 0, L_0x1258a0690;  alias, 1 drivers
v0x1258269b0_0 .net "cout", 0 0, L_0x1258a4850;  alias, 1 drivers
v0x125826a40_0 .net "sum", 3 0, L_0x1258a4a50;  1 drivers
L_0x1258a1050 .part L_0x1258a0e30, 0, 1;
L_0x1258a1130 .part L_0x1258a0da0, 0, 1;
L_0x1258a1210 .part L_0x1258a1f20, 0, 1;
L_0x1258a1500 .part L_0x1258a0e30, 1, 1;
L_0x1258a15a0 .part L_0x1258a0da0, 1, 1;
L_0x1258a1670 .part L_0x1258a0e30, 0, 1;
L_0x1258a1990 .part L_0x1258a0da0, 1, 1;
L_0x1258a1ab0 .part L_0x1258a0da0, 0, 1;
L_0x1258a1c40 .part L_0x1258a1f20, 0, 1;
L_0x1258a1f20 .concat8 [ 1 1 1 1], L_0x1258a0f60, L_0x1258a13e0, L_0x1258a1e70, L_0x1258a30f0;
L_0x1258a20b0 .part L_0x1258a0e30, 2, 1;
L_0x1258a21b0 .part L_0x1258a0da0, 2, 1;
L_0x1258a2250 .part L_0x1258a0e30, 1, 1;
L_0x1258a2520 .part L_0x1258a0da0, 2, 1;
L_0x1258a25c0 .part L_0x1258a0da0, 1, 1;
L_0x1258a2850 .part L_0x1258a0e30, 0, 1;
L_0x1258a2b10 .part L_0x1258a0da0, 2, 1;
L_0x1258a2c40 .part L_0x1258a0da0, 1, 1;
L_0x1258a2d20 .part L_0x1258a0da0, 0, 1;
L_0x1258a2f80 .part L_0x1258a1f20, 0, 1;
L_0x1258a32c0 .part L_0x1258a0e30, 3, 1;
L_0x1258a2dc0 .part L_0x1258a0da0, 3, 1;
L_0x1258a3460 .part L_0x1258a0e30, 2, 1;
L_0x1258a3220 .part L_0x1258a0da0, 3, 1;
L_0x1258a37a0 .part L_0x1258a0da0, 2, 1;
L_0x1258a39a0 .part L_0x1258a0e30, 1, 1;
L_0x1258a3c60 .part L_0x1258a0da0, 3, 1;
L_0x1258a3de0 .part L_0x1258a0da0, 2, 1;
L_0x1258a26a0 .part L_0x1258a0da0, 1, 1;
L_0x1258a3d00 .part L_0x1258a0e30, 0, 1;
L_0x1258a4480 .part L_0x1258a0da0, 3, 1;
L_0x1258a4620 .part L_0x1258a0da0, 2, 1;
L_0x1258a47b0 .part L_0x1258a0da0, 1, 1;
L_0x1258a4560 .part L_0x1258a0da0, 0, 1;
L_0x1258a4b50 .part L_0x1258a1f20, 0, 1;
S_0x125826ad0 .scope module, "n4" "cla_4" 6 17, 7 3 0, S_0x12581d790;
 .timescale -9 -11;
    .port_info 0 /INPUT 4 "a";
    .port_info 1 /INPUT 4 "b";
    .port_info 2 /INPUT 1 "cin";
    .port_info 3 /OUTPUT 4 "sum";
    .port_info 4 /OUTPUT 1 "cout";
L_0x1258a4f60 .functor XOR 4, L_0x1258a8f80, L_0x1258a9020, C4<0000>, C4<0000>;
L_0x1258a4fd0 .functor AND 4, L_0x1258a8f80, L_0x1258a9020, C4<1111>, C4<1111>;
L_0x1258a50c0 .functor BUFZ 1, L_0x1258a4850, C4<0>, C4<0>, C4<0>;
L_0x1258a5430 .functor AND 1, L_0x1258a5290, L_0x1258a5370, C4<1>, C4<1>;
L_0x1258a5540 .functor OR 1, L_0x1258a51b0, L_0x1258a5430, C4<0>, C4<0>;
L_0x1258a58f0 .functor AND 1, L_0x1258a5700, L_0x1258a57d0, C4<1>, C4<1>;
L_0x1258a59c0 .functor OR 1, L_0x1258a5660, L_0x1258a58f0, C4<0>, C4<0>;
L_0x1258a5cb0 .functor AND 1, L_0x1258a5af0, L_0x1258a5c10, C4<1>, C4<1>;
L_0x1258a5ed0 .functor AND 1, L_0x1258a5cb0, L_0x1258a5da0, C4<1>, C4<1>;
L_0x1258a5fd0 .functor OR 1, L_0x1258a59c0, L_0x1258a5ed0, C4<0>, C4<0>;
L_0x1258a64c0 .functor AND 1, L_0x1258a6310, L_0x1258a63b0, C4<1>, C4<1>;
L_0x1258a65d0 .functor OR 1, L_0x1258a6210, L_0x1258a64c0, C4<0>, C4<0>;
L_0x1258a6450 .functor AND 1, L_0x1258a6680, L_0x1258a6720, C4<1>, C4<1>;
L_0x1258a6a50 .functor AND 1, L_0x1258a6450, L_0x1258a69b0, C4<1>, C4<1>;
L_0x1258a6b00 .functor OR 1, L_0x1258a65d0, L_0x1258a6a50, C4<0>, C4<0>;
L_0x1258a6940 .functor AND 1, L_0x1258a6c70, L_0x1258a6da0, C4<1>, C4<1>;
L_0x1258a6fc0 .functor AND 1, L_0x1258a6940, L_0x1258a6e80, C4<1>, C4<1>;
L_0x1258a7180 .functor AND 1, L_0x1258a6fc0, L_0x1258a70e0, C4<1>, C4<1>;
L_0x1258a7250 .functor OR 1, L_0x1258a6b00, L_0x1258a7180, C4<0>, C4<0>;
L_0x1258a5870 .functor AND 1, L_0x1258a6f20, L_0x1258a75c0, C4<1>, C4<1>;
L_0x1258a7760 .functor OR 1, L_0x1258a7420, L_0x1258a5870, C4<0>, C4<0>;
L_0x1258a7a70 .functor AND 1, L_0x1258a7380, L_0x1258a7900, C4<1>, C4<1>;
L_0x1258a7ba0 .functor AND 1, L_0x1258a7a70, L_0x1258a7b00, C4<1>, C4<1>;
L_0x1258a7d50 .functor OR 1, L_0x1258a7760, L_0x1258a7ba0, C4<0>, C4<0>;
L_0x1258a79a0 .functor AND 1, L_0x1258a7dc0, L_0x1258a7f40, C4<1>, C4<1>;
L_0x1258a7c90 .functor AND 1, L_0x1258a79a0, L_0x1258a6800, C4<1>, C4<1>;
L_0x1258a83a0 .functor AND 1, L_0x1258a7c90, L_0x1258a7e60, C4<1>, C4<1>;
L_0x1258a8570 .functor OR 1, L_0x1258a7d50, L_0x1258a83a0, C4<0>, C4<0>;
L_0x1258a8260 .functor AND 1, L_0x1258a85e0, L_0x1258a8780, C4<1>, C4<1>;
L_0x1258a8490 .functor AND 1, L_0x1258a8260, L_0x1258a8910, C4<1>, C4<1>;
L_0x1258a8ac0 .functor AND 1, L_0x1258a8490, L_0x1258a86c0, C4<1>, C4<1>;
L_0x1258a8820 .functor AND 1, L_0x1258a8ac0, L_0x1258a8cb0, C4<1>, C4<1>;
L_0x1258a89b0 .functor OR 1, L_0x1258a8570, L_0x1258a8820, C4<0>, C4<0>;
L_0x1258a8bb0 .functor XOR 4, L_0x1258a4f60, L_0x1258a6080, C4<0000>, C4<0000>;
v0x125826d10_0 .net "G", 3 0, L_0x1258a4fd0;  1 drivers
v0x125826dd0_0 .net "P", 3 0, L_0x1258a4f60;  1 drivers
v0x125826e80_0 .net *"_ivl_102", 0 0, L_0x1258a7b00;  1 drivers
v0x125826f40_0 .net *"_ivl_103", 0 0, L_0x1258a7ba0;  1 drivers
v0x125826ff0_0 .net *"_ivl_105", 0 0, L_0x1258a7d50;  1 drivers
v0x1258270e0_0 .net *"_ivl_108", 0 0, L_0x1258a7dc0;  1 drivers
v0x125827190_0 .net *"_ivl_11", 0 0, L_0x1258a51b0;  1 drivers
v0x125827240_0 .net *"_ivl_110", 0 0, L_0x1258a7f40;  1 drivers
v0x1258272f0_0 .net *"_ivl_111", 0 0, L_0x1258a79a0;  1 drivers
v0x125827400_0 .net *"_ivl_114", 0 0, L_0x1258a6800;  1 drivers
v0x1258274b0_0 .net *"_ivl_115", 0 0, L_0x1258a7c90;  1 drivers
v0x125827560_0 .net *"_ivl_118", 0 0, L_0x1258a7e60;  1 drivers
v0x125827610_0 .net *"_ivl_119", 0 0, L_0x1258a83a0;  1 drivers
v0x1258276c0_0 .net *"_ivl_121", 0 0, L_0x1258a8570;  1 drivers
v0x125827770_0 .net *"_ivl_124", 0 0, L_0x1258a85e0;  1 drivers
v0x125827820_0 .net *"_ivl_126", 0 0, L_0x1258a8780;  1 drivers
v0x1258278d0_0 .net *"_ivl_127", 0 0, L_0x1258a8260;  1 drivers
v0x125827a60_0 .net *"_ivl_13", 0 0, L_0x1258a5290;  1 drivers
v0x125827af0_0 .net *"_ivl_130", 0 0, L_0x1258a8910;  1 drivers
v0x125827ba0_0 .net *"_ivl_131", 0 0, L_0x1258a8490;  1 drivers
v0x125827c50_0 .net *"_ivl_134", 0 0, L_0x1258a86c0;  1 drivers
v0x125827d00_0 .net *"_ivl_135", 0 0, L_0x1258a8ac0;  1 drivers
v0x125827db0_0 .net *"_ivl_138", 0 0, L_0x1258a8cb0;  1 drivers
v0x125827e60_0 .net *"_ivl_139", 0 0, L_0x1258a8820;  1 drivers
v0x125827f10_0 .net *"_ivl_15", 0 0, L_0x1258a5370;  1 drivers
v0x125827fc0_0 .net *"_ivl_16", 0 0, L_0x1258a5430;  1 drivers
v0x125828070_0 .net *"_ivl_18", 0 0, L_0x1258a5540;  1 drivers
v0x125828120_0 .net *"_ivl_23", 0 0, L_0x1258a5660;  1 drivers
v0x1258281d0_0 .net *"_ivl_25", 0 0, L_0x1258a5700;  1 drivers
v0x125828280_0 .net *"_ivl_27", 0 0, L_0x1258a57d0;  1 drivers
v0x125828330_0 .net *"_ivl_28", 0 0, L_0x1258a58f0;  1 drivers
v0x1258283e0_0 .net *"_ivl_30", 0 0, L_0x1258a59c0;  1 drivers
v0x125828490_0 .net *"_ivl_33", 0 0, L_0x1258a5af0;  1 drivers
v0x125827980_0 .net *"_ivl_35", 0 0, L_0x1258a5c10;  1 drivers
v0x125828720_0 .net *"_ivl_36", 0 0, L_0x1258a5cb0;  1 drivers
v0x1258287b0_0 .net *"_ivl_39", 0 0, L_0x1258a5da0;  1 drivers
v0x125828850_0 .net *"_ivl_40", 0 0, L_0x1258a5ed0;  1 drivers
v0x125828900_0 .net *"_ivl_42", 0 0, L_0x1258a5fd0;  1 drivers
v0x1258289b0_0 .net *"_ivl_48", 0 0, L_0x1258a6210;  1 drivers
v0x125828a60_0 .net *"_ivl_50", 0 0, L_0x1258a6310;  1 drivers
v0x125828b10_0 .net *"_ivl_52", 0 0, L_0x1258a63b0;  1 drivers
v0x125828bc0_0 .net *"_ivl_53", 0 0, L_0x1258a64c0;  1 drivers
v0x125828c70_0 .net *"_ivl_55", 0 0, L_0x1258a65d0;  1 drivers
v0x125828d20_0 .net *"_ivl_58", 0 0, L_0x1258a6680;  1 drivers
v0x125828dd0_0 .net *"_ivl_60", 0 0, L_0x1258a6720;  1 drivers
v0x125828e80_0 .net *"_ivl_61", 0 0, L_0x1258a6450;  1 drivers
v0x125828f30_0 .net *"_ivl_64", 0 0, L_0x1258a69b0;  1 drivers
v0x125828fe0_0 .net *"_ivl_65", 0 0, L_0x1258a6a50;  1 drivers
v0x125829090_0 .net *"_ivl_67", 0 0, L_0x1258a6b00;  1 drivers
v0x125829140_0 .net *"_ivl_7", 0 0, L_0x1258a50c0;  1 drivers
v0x1258291f0_0 .net *"_ivl_70", 0 0, L_0x1258a6c70;  1 drivers
v0x1258292a0_0 .net *"_ivl_72", 0 0, L_0x1258a6da0;  1 drivers
v0x125829350_0 .net *"_ivl_73", 0 0, L_0x1258a6940;  1 drivers
v0x125829400_0 .net *"_ivl_76", 0 0, L_0x1258a6e80;  1 drivers
v0x1258294b0_0 .net *"_ivl_77", 0 0, L_0x1258a6fc0;  1 drivers
v0x125829560_0 .net *"_ivl_80", 0 0, L_0x1258a70e0;  1 drivers
v0x125829610_0 .net *"_ivl_81", 0 0, L_0x1258a7180;  1 drivers
v0x1258296c0_0 .net *"_ivl_83", 0 0, L_0x1258a7250;  1 drivers
v0x125829770_0 .net *"_ivl_86", 0 0, L_0x1258a7420;  1 drivers
v0x125829820_0 .net *"_ivl_88", 0 0, L_0x1258a6f20;  1 drivers
v0x1258298d0_0 .net *"_ivl_90", 0 0, L_0x1258a75c0;  1 drivers
v0x125829980_0 .net *"_ivl_91", 0 0, L_0x1258a5870;  1 drivers
v0x125829a30_0 .net *"_ivl_93", 0 0, L_0x1258a7760;  1 drivers
v0x125829ae0_0 .net *"_ivl_96", 0 0, L_0x1258a7380;  1 drivers
v0x125829b90_0 .net *"_ivl_98", 0 0, L_0x1258a7900;  1 drivers
v0x125828540_0 .net *"_ivl_99", 0 0, L_0x1258a7a70;  1 drivers
v0x1258285f0_0 .net "a", 3 0, L_0x1258a8f80;  1 drivers
v0x125829c20_0 .net "b", 3 0, L_0x1258a9020;  1 drivers
v0x125829cb0_0 .net "c", 3 0, L_0x1258a6080;  1 drivers
v0x125829d40_0 .net "cin", 0 0, L_0x1258a4850;  alias, 1 drivers
v0x125829dd0_0 .net8 "cout", 0 0, RS_0x128047f30;  alias, 3 drivers
v0x125829e60_0 .net "sum", 3 0, L_0x1258a8bb0;  1 drivers
L_0x1258a51b0 .part L_0x1258a4fd0, 0, 1;
L_0x1258a5290 .part L_0x1258a4f60, 0, 1;
L_0x1258a5370 .part L_0x1258a6080, 0, 1;
L_0x1258a5660 .part L_0x1258a4fd0, 1, 1;
L_0x1258a5700 .part L_0x1258a4f60, 1, 1;
L_0x1258a57d0 .part L_0x1258a4fd0, 0, 1;
L_0x1258a5af0 .part L_0x1258a4f60, 1, 1;
L_0x1258a5c10 .part L_0x1258a4f60, 0, 1;
L_0x1258a5da0 .part L_0x1258a6080, 0, 1;
L_0x1258a6080 .concat8 [ 1 1 1 1], L_0x1258a50c0, L_0x1258a5540, L_0x1258a5fd0, L_0x1258a7250;
L_0x1258a6210 .part L_0x1258a4fd0, 2, 1;
L_0x1258a6310 .part L_0x1258a4f60, 2, 1;
L_0x1258a63b0 .part L_0x1258a4fd0, 1, 1;
L_0x1258a6680 .part L_0x1258a4f60, 2, 1;
L_0x1258a6720 .part L_0x1258a4f60, 1, 1;
L_0x1258a69b0 .part L_0x1258a4fd0, 0, 1;
L_0x1258a6c70 .part L_0x1258a4f60, 2, 1;
L_0x1258a6da0 .part L_0x1258a4f60, 1, 1;
L_0x1258a6e80 .part L_0x1258a4f60, 0, 1;
L_0x1258a70e0 .part L_0x1258a6080, 0, 1;
L_0x1258a7420 .part L_0x1258a4fd0, 3, 1;
L_0x1258a6f20 .part L_0x1258a4f60, 3, 1;
L_0x1258a75c0 .part L_0x1258a4fd0, 2, 1;
L_0x1258a7380 .part L_0x1258a4f60, 3, 1;
L_0x1258a7900 .part L_0x1258a4f60, 2, 1;
L_0x1258a7b00 .part L_0x1258a4fd0, 1, 1;
L_0x1258a7dc0 .part L_0x1258a4f60, 3, 1;
L_0x1258a7f40 .part L_0x1258a4f60, 2, 1;
L_0x1258a6800 .part L_0x1258a4f60, 1, 1;
L_0x1258a7e60 .part L_0x1258a4fd0, 0, 1;
L_0x1258a85e0 .part L_0x1258a4f60, 3, 1;
L_0x1258a8780 .part L_0x1258a4f60, 2, 1;
L_0x1258a8910 .part L_0x1258a4f60, 1, 1;
L_0x1258a86c0 .part L_0x1258a4f60, 0, 1;
L_0x1258a8cb0 .part L_0x1258a6080, 0, 1;
S_0x12582a9b0 .scope module, "ROL" "rol" 5 87, 14 1 0, S_0x12562b840;
 .timescale -9 -11;
    .port_info 0 /INPUT 32 "data_in";
    .port_info 1 /OUTPUT 32 "data_out";
P_0x1257eb310 .param/l "DATA_WIDTH" 0 14 1, +C4<00000000000000000000000000100000>;
L_0x1258cbd40 .functor OR 32, L_0x1258cba00, L_0x1258cbbe0, C4<00000000000000000000000000000000>, C4<00000000000000000000000000000000>;
v0x12582ace0_0 .net *"_ivl_0", 31 0, L_0x1258cba00;  1 drivers
L_0x128078370 .functor BUFT 1, C4<0000000000000000000000000000000>, C4<0>, C4<0>, C4<0>;
v0x12582ad80_0 .net *"_ivl_10", 30 0, L_0x128078370;  1 drivers
v0x12582ae20_0 .net *"_ivl_2", 30 0, L_0x1258cb960;  1 drivers
L_0x128078328 .functor BUFT 1, C4<0>, C4<0>, C4<0>, C4<0>;
v0x12582aeb0_0 .net *"_ivl_4", 0 0, L_0x128078328;  1 drivers
v0x12582af40_0 .net *"_ivl_6", 31 0, L_0x1258cbbe0;  1 drivers
v0x12582b010_0 .net *"_ivl_8", 0 0, L_0x1258cbb20;  1 drivers
v0x12582b0c0_0 .net "data_in", 31 0, v0x12584c720_0;  alias, 1 drivers
v0x12582b260_0 .net "data_out", 31 0, L_0x1258cbd40;  alias, 1 drivers
L_0x1258cb960 .part v0x12584c720_0, 0, 31;
L_0x1258cba00 .concat [ 1 31 0 0], L_0x128078328, L_0x1258cb960;
L_0x1258cbb20 .part v0x12584c720_0, 31, 1;
L_0x1258cbbe0 .concat [ 1 31 0 0], L_0x1258cbb20, L_0x128078370;
S_0x12582b320 .scope module, "ROR" "ror" 5 82, 15 1 0, S_0x12562b840;
 .timescale -9 -11;
    .port_info 0 /INPUT 32 "data_in";
    .port_info 1 /OUTPUT 32 "data_out";
P_0x12582b490 .param/l "DATA_WIDTH" 0 15 1, +C4<00000000000000000000000000100000>;
L_0x1258cb830 .functor OR 32, L_0x1258cb550, L_0x1258cb710, C4<00000000000000000000000000000000>, C4<00000000000000000000000000000000>;
v0x12582b5c0_0 .net *"_ivl_0", 31 0, L_0x1258cb550;  1 drivers
L_0x1280782e0 .functor BUFT 1, C4<0000000000000000000000000000000>, C4<0>, C4<0>, C4<0>;
v0x12582b670_0 .net *"_ivl_10", 30 0, L_0x1280782e0;  1 drivers
v0x12582b710_0 .net *"_ivl_2", 30 0, L_0x1258cb4b0;  1 drivers
L_0x128078298 .functor BUFT 1, C4<0>, C4<0>, C4<0>, C4<0>;
v0x12582b7a0_0 .net *"_ivl_4", 0 0, L_0x128078298;  1 drivers
v0x12582b830_0 .net *"_ivl_6", 31 0, L_0x1258cb710;  1 drivers
v0x12582b900_0 .net *"_ivl_8", 0 0, L_0x1258cb670;  1 drivers
v0x12582b9b0_0 .net "data_in", 31 0, v0x12584c720_0;  alias, 1 drivers
v0x12582ba50_0 .net "data_out", 31 0, L_0x1258cb830;  alias, 1 drivers
L_0x1258cb4b0 .part v0x12584c720_0, 1, 31;
L_0x1258cb550 .concat [ 31 1 0 0], L_0x1258cb4b0, L_0x128078298;
L_0x1258cb670 .part v0x12584c720_0, 0, 1;
L_0x1258cb710 .concat [ 31 1 0 0], L_0x1280782e0, L_0x1258cb670;
S_0x12582bb30 .scope module, "SHL" "shl" 5 77, 16 1 0, S_0x12562b840;
 .timescale -9 -11;
    .port_info 0 /INPUT 32 "data_in";
    .port_info 1 /OUTPUT 32 "data_out";
P_0x12582bcf0 .param/l "DATA_WIDTH" 0 16 1, +C4<00000000000000000000000000100000>;
v0x12582be20_0 .net *"_ivl_2", 30 0, L_0x1258cb270;  1 drivers
L_0x128078250 .functor BUFT 1, C4<0>, C4<0>, C4<0>, C4<0>;
v0x12582bee0_0 .net *"_ivl_4", 0 0, L_0x128078250;  1 drivers
v0x12582bf80_0 .net "data_in", 31 0, v0x12584c720_0;  alias, 1 drivers
v0x12582c010_0 .net "data_out", 31 0, L_0x1258cb390;  alias, 1 drivers
L_0x1258cb270 .part v0x12584c720_0, 0, 31;
L_0x1258cb390 .concat [ 1 31 0 0], L_0x128078250, L_0x1258cb270;
S_0x12582c0a0 .scope module, "SHR" "shr" 5 67, 17 1 0, S_0x12562b840;
 .timescale -9 -11;
    .port_info 0 /INPUT 32 "data_in";
    .port_info 1 /OUTPUT 32 "data_out";
P_0x12582c260 .param/l "DATA_WIDTH" 0 17 1, +C4<00000000000000000000000000100000>;
v0x12582c3b0_0 .net *"_ivl_2", 30 0, L_0x12585dc90;  1 drivers
L_0x1280781c0 .functor BUFT 1, C4<0>, C4<0>, C4<0>, C4<0>;
v0x12582c470_0 .net *"_ivl_4", 0 0, L_0x1280781c0;  1 drivers
v0x12582c510_0 .net "data_in", 31 0, v0x12584c720_0;  alias, 1 drivers
v0x12582c5a0_0 .net "data_out", 31 0, L_0x1258caf50;  alias, 1 drivers
L_0x12585dc90 .part v0x12584c720_0, 1, 31;
L_0x1258caf50 .concat [ 31 1 0 0], L_0x12585dc90, L_0x1280781c0;
S_0x12582c630 .scope module, "SHRA" "shra" 5 72, 18 1 0, S_0x12562b840;
 .timescale -9 -11;
    .port_info 0 /INPUT 32 "data_in";
    .port_info 1 /OUTPUT 32 "data_out";
P_0x12582c7f0 .param/l "DATA_WIDTH" 0 18 1, +C4<00000000000000000000000000100000>;
v0x12582c940_0 .net *"_ivl_2", 30 0, L_0x1258cb070;  1 drivers
L_0x128078208 .functor BUFT 1, C4<0>, C4<0>, C4<0>, C4<0>;
v0x12582ca00_0 .net *"_ivl_4", 0 0, L_0x128078208;  1 drivers
v0x12582caa0_0 .net "data_in", 31 0, v0x12584c720_0;  alias, 1 drivers
v0x12582cb30_0 .net "data_out", 31 0, L_0x1258cb110;  alias, 1 drivers
L_0x1258cb070 .part v0x12584c720_0, 1, 31;
L_0x1258cb110 .concat [ 31 1 0 0], L_0x1258cb070, L_0x128078208;
S_0x12582cbc0 .scope module, "SUB" "subtract" 5 34, 19 1 0, S_0x12562b840;
 .timescale -9 -11;
    .port_info 0 /INPUT 32 "a";
    .port_info 1 /INPUT 32 "b";
    .port_info 2 /INPUT 1 "cin";
    .port_info 3 /OUTPUT 32 "sum";
    .port_info 4 /OUTPUT 1 "cout";
P_0x12582cd80 .param/l "DATA_WIDTH" 0 19 1, +C4<00000000000000000000000000100000>;
L_0x1258a9640 .functor NOT 32, v0x12584c720_0, C4<00000000000000000000000000000000>, C4<00000000000000000000000000000000>, C4<00000000000000000000000000000000>;
v0x125848a80_0 .net *"_ivl_0", 31 0, L_0x1258a9640;  1 drivers
L_0x128078130 .functor BUFT 1, C4<00000000000000000000000000000001>, C4<0>, C4<0>, C4<0>;
v0x125848b20_0 .net/2u *"_ivl_2", 31 0, L_0x128078130;  1 drivers
v0x125848bc0_0 .net "a", 31 0, v0x12585de60_0;  alias, 1 drivers
v0x125848c50_0 .net "b", 31 0, v0x12584c720_0;  alias, 1 drivers
L_0x128078178 .functor BUFT 1, C4<0>, C4<0>, C4<0>, C4<0>;
v0x125848cf0_0 .net "cin", 0 0, L_0x128078178;  1 drivers
v0x125848dc0_0 .net8 "cout", 0 0, RS_0x128047f30;  alias, 3 drivers
v0x125848e50_0 .net "negative_b", 31 0, L_0x1258a96b0;  1 drivers
v0x125848ef0_0 .net "sum", 31 0, L_0x1258cab20;  alias, 1 drivers
L_0x1258a96b0 .arith/sum 32, L_0x1258a9640, L_0x128078130;
S_0x12582ced0 .scope module, "n1" "collective_add" 19 12, 6 22 0, S_0x12582cbc0;
 .timescale -9 -11;
    .port_info 0 /INPUT 32 "d1";
    .port_info 1 /INPUT 32 "d2";
    .port_info 2 /INPUT 1 "cin";
    .port_info 3 /OUTPUT 32 "sum";
    .port_info 4 /OUTPUT 1 "cout";
P_0x12582d090 .param/l "DATA_WIDTH" 0 6 22, +C4<00000000000000000000000000100000>;
v0x125848560_0 .net "c1", 0 0, L_0x1258b96c0;  1 drivers
v0x125848670_0 .net "cin", 0 0, L_0x128078178;  alias, 1 drivers
v0x125848700_0 .net8 "cout", 0 0, RS_0x128047f30;  alias, 3 drivers
v0x125848890_0 .net "d1", 31 0, v0x12585de60_0;  alias, 1 drivers
v0x125848920_0 .net "d2", 31 0, L_0x1258a96b0;  alias, 1 drivers
v0x1258489f0_0 .net "sum", 31 0, L_0x1258cab20;  alias, 1 drivers
L_0x1258ba000 .part v0x12585de60_0, 0, 16;
L_0x1258ba0a0 .part L_0x1258a96b0, 0, 16;
L_0x1258ca960 .part v0x12585de60_0, 16, 16;
L_0x1258caa00 .part L_0x1258a96b0, 16, 16;
L_0x1258cab20 .concat8 [ 16 16 0 0], L_0x1258b9e50, L_0x1258ca7b0;
S_0x12582d1e0 .scope module, "n1" "cla16" 6 32, 6 4 0, S_0x12582ced0;
 .timescale -9 -11;
    .port_info 0 /INPUT 16 "d1";
    .port_info 1 /INPUT 16 "d2";
    .port_info 2 /INPUT 1 "cin";
    .port_info 3 /OUTPUT 16 "sum";
    .port_info 4 /OUTPUT 1 "cout";
P_0x12582d3b0 .param/l "DATA_WIDTH" 0 6 4, +C4<00000000000000000000000000100000>;
v0x12583a5d0_0 .net "c1", 0 0, L_0x1258ad1f0;  1 drivers
v0x12583a6b0_0 .net "c2", 0 0, L_0x1258b1380;  1 drivers
v0x12583a780_0 .net "c3", 0 0, L_0x1258b5540;  1 drivers
v0x12583a850_0 .net "cin", 0 0, L_0x128078178;  alias, 1 drivers
v0x12583a8e0_0 .net "cout", 0 0, L_0x1258b96c0;  alias, 1 drivers
v0x12583a9b0_0 .net "d1", 15 0, L_0x1258ba000;  1 drivers
v0x12583aa40_0 .net "d2", 15 0, L_0x1258ba0a0;  1 drivers
v0x12583aad0_0 .net "sum", 15 0, L_0x1258b9e50;  1 drivers
L_0x1258ad7c0 .part L_0x1258ba000, 0, 4;
L_0x1258ad860 .part L_0x1258ba0a0, 0, 4;
L_0x1258b1950 .part L_0x1258ba000, 4, 4;
L_0x1258b19f0 .part L_0x1258ba0a0, 4, 4;
L_0x1258b5b10 .part L_0x1258ba000, 8, 4;
L_0x1258b5bb0 .part L_0x1258ba0a0, 8, 4;
L_0x1258b9c90 .part L_0x1258ba000, 12, 4;
L_0x1258b9d30 .part L_0x1258ba0a0, 12, 4;
L_0x1258b9e50 .concat8 [ 4 4 4 4], L_0x1258ad3f0, L_0x1258b1580, L_0x1258b5740, L_0x1258b98c0;
S_0x12582d500 .scope module, "n1" "cla_4" 6 14, 7 3 0, S_0x12582d1e0;
 .timescale -9 -11;
    .port_info 0 /INPUT 4 "a";
    .port_info 1 /INPUT 4 "b";
    .port_info 2 /INPUT 1 "cin";
    .port_info 3 /OUTPUT 4 "sum";
    .port_info 4 /OUTPUT 1 "cout";
L_0x1258a9830 .functor XOR 4, L_0x1258ad7c0, L_0x1258ad860, C4<0000>, C4<0000>;
L_0x1258a98a0 .functor AND 4, L_0x1258ad7c0, L_0x1258ad860, C4<1111>, C4<1111>;
L_0x1258a9990 .functor BUFZ 1, L_0x128078178, C4<0>, C4<0>, C4<0>;
L_0x1258a9ca0 .functor AND 1, L_0x1258a9b20, L_0x1258a9c00, C4<1>, C4<1>;
L_0x1258a9d90 .functor OR 1, L_0x1258a9a80, L_0x1258a9ca0, C4<0>, C4<0>;
L_0x1258aa110 .functor AND 1, L_0x1258a9f50, L_0x1258a9ff0, C4<1>, C4<1>;
L_0x1258aa200 .functor OR 1, L_0x1258a9eb0, L_0x1258aa110, C4<0>, C4<0>;
L_0x1258aa4f0 .functor AND 1, L_0x1258aa330, L_0x1258aa450, C4<1>, C4<1>;
L_0x1258aa710 .functor AND 1, L_0x1258aa4f0, L_0x1258aa5e0, C4<1>, C4<1>;
L_0x1258aa810 .functor OR 1, L_0x1258aa200, L_0x1258aa710, C4<0>, C4<0>;
L_0x1258aad00 .functor AND 1, L_0x1258aab50, L_0x1258aabf0, C4<1>, C4<1>;
L_0x1258aae10 .functor OR 1, L_0x1258aaa50, L_0x1258aad00, C4<0>, C4<0>;
L_0x1258aac90 .functor AND 1, L_0x1258aaec0, L_0x1258aaf60, C4<1>, C4<1>;
L_0x1258ab290 .functor AND 1, L_0x1258aac90, L_0x1258ab1f0, C4<1>, C4<1>;
L_0x1258ab340 .functor OR 1, L_0x1258aae10, L_0x1258ab290, C4<0>, C4<0>;
L_0x1258ab180 .functor AND 1, L_0x1258ab4b0, L_0x1258ab5e0, C4<1>, C4<1>;
L_0x1258ab800 .functor AND 1, L_0x1258ab180, L_0x1258ab6c0, C4<1>, C4<1>;
L_0x1258ab9c0 .functor AND 1, L_0x1258ab800, L_0x1258ab920, C4<1>, C4<1>;
L_0x1258aba90 .functor OR 1, L_0x1258ab340, L_0x1258ab9c0, C4<0>, C4<0>;
L_0x1258aa090 .functor AND 1, L_0x1258ab760, L_0x1258abe00, C4<1>, C4<1>;
L_0x1258abfa0 .functor OR 1, L_0x1258abc60, L_0x1258aa090, C4<0>, C4<0>;
L_0x1258ac2b0 .functor AND 1, L_0x1258abbc0, L_0x1258ac140, C4<1>, C4<1>;
L_0x1258ac3e0 .functor AND 1, L_0x1258ac2b0, L_0x1258ac340, C4<1>, C4<1>;
L_0x1258ac590 .functor OR 1, L_0x1258abfa0, L_0x1258ac3e0, C4<0>, C4<0>;
L_0x1258ac1e0 .functor AND 1, L_0x1258ac600, L_0x1258ac780, C4<1>, C4<1>;
L_0x1258ac4d0 .functor AND 1, L_0x1258ac1e0, L_0x1258ab040, C4<1>, C4<1>;
L_0x1258acbe0 .functor AND 1, L_0x1258ac4d0, L_0x1258ac6a0, C4<1>, C4<1>;
L_0x1258acdb0 .functor OR 1, L_0x1258ac590, L_0x1258acbe0, C4<0>, C4<0>;
L_0x1258acaa0 .functor AND 1, L_0x1258ace20, L_0x1258acfc0, C4<1>, C4<1>;
L_0x1258accd0 .functor AND 1, L_0x1258acaa0, L_0x1258ad150, C4<1>, C4<1>;
L_0x1258ad300 .functor AND 1, L_0x1258accd0, L_0x1258acf00, C4<1>, C4<1>;
L_0x1258ad060 .functor AND 1, L_0x1258ad300, L_0x1258ad4f0, C4<1>, C4<1>;
L_0x1258ad1f0 .functor OR 1, L_0x1258acdb0, L_0x1258ad060, C4<0>, C4<0>;
L_0x1258ad3f0 .functor XOR 4, L_0x1258a9830, L_0x1258aa8c0, C4<0000>, C4<0000>;
v0x12582d780_0 .net "G", 3 0, L_0x1258a98a0;  1 drivers
v0x12582d840_0 .net "P", 3 0, L_0x1258a9830;  1 drivers
v0x12582d8f0_0 .net *"_ivl_102", 0 0, L_0x1258ac340;  1 drivers
v0x12582d9b0_0 .net *"_ivl_103", 0 0, L_0x1258ac3e0;  1 drivers
v0x12582da60_0 .net *"_ivl_105", 0 0, L_0x1258ac590;  1 drivers
v0x12582db50_0 .net *"_ivl_108", 0 0, L_0x1258ac600;  1 drivers
v0x12582dc00_0 .net *"_ivl_11", 0 0, L_0x1258a9a80;  1 drivers
v0x12582dcb0_0 .net *"_ivl_110", 0 0, L_0x1258ac780;  1 drivers
v0x12582dd60_0 .net *"_ivl_111", 0 0, L_0x1258ac1e0;  1 drivers
v0x12582de70_0 .net *"_ivl_114", 0 0, L_0x1258ab040;  1 drivers
v0x12582df20_0 .net *"_ivl_115", 0 0, L_0x1258ac4d0;  1 drivers
v0x12582dfd0_0 .net *"_ivl_118", 0 0, L_0x1258ac6a0;  1 drivers
v0x12582e080_0 .net *"_ivl_119", 0 0, L_0x1258acbe0;  1 drivers
v0x12582e130_0 .net *"_ivl_121", 0 0, L_0x1258acdb0;  1 drivers
v0x12582e1e0_0 .net *"_ivl_124", 0 0, L_0x1258ace20;  1 drivers
v0x12582e290_0 .net *"_ivl_126", 0 0, L_0x1258acfc0;  1 drivers
v0x12582e340_0 .net *"_ivl_127", 0 0, L_0x1258acaa0;  1 drivers
v0x12582e4d0_0 .net *"_ivl_13", 0 0, L_0x1258a9b20;  1 drivers
v0x12582e560_0 .net *"_ivl_130", 0 0, L_0x1258ad150;  1 drivers
v0x12582e610_0 .net *"_ivl_131", 0 0, L_0x1258accd0;  1 drivers
v0x12582e6c0_0 .net *"_ivl_134", 0 0, L_0x1258acf00;  1 drivers
v0x12582e770_0 .net *"_ivl_135", 0 0, L_0x1258ad300;  1 drivers
v0x12582e820_0 .net *"_ivl_138", 0 0, L_0x1258ad4f0;  1 drivers
v0x12582e8d0_0 .net *"_ivl_139", 0 0, L_0x1258ad060;  1 drivers
v0x12582e980_0 .net *"_ivl_15", 0 0, L_0x1258a9c00;  1 drivers
v0x12582ea30_0 .net *"_ivl_16", 0 0, L_0x1258a9ca0;  1 drivers
v0x12582eae0_0 .net *"_ivl_18", 0 0, L_0x1258a9d90;  1 drivers
v0x12582eb90_0 .net *"_ivl_23", 0 0, L_0x1258a9eb0;  1 drivers
v0x12582ec40_0 .net *"_ivl_25", 0 0, L_0x1258a9f50;  1 drivers
v0x12582ecf0_0 .net *"_ivl_27", 0 0, L_0x1258a9ff0;  1 drivers
v0x12582eda0_0 .net *"_ivl_28", 0 0, L_0x1258aa110;  1 drivers
v0x12582ee50_0 .net *"_ivl_30", 0 0, L_0x1258aa200;  1 drivers
v0x12582ef00_0 .net *"_ivl_33", 0 0, L_0x1258aa330;  1 drivers
v0x12582e3f0_0 .net *"_ivl_35", 0 0, L_0x1258aa450;  1 drivers
v0x12582f190_0 .net *"_ivl_36", 0 0, L_0x1258aa4f0;  1 drivers
v0x12582f220_0 .net *"_ivl_39", 0 0, L_0x1258aa5e0;  1 drivers
v0x12582f2c0_0 .net *"_ivl_40", 0 0, L_0x1258aa710;  1 drivers
v0x12582f370_0 .net *"_ivl_42", 0 0, L_0x1258aa810;  1 drivers
v0x12582f420_0 .net *"_ivl_48", 0 0, L_0x1258aaa50;  1 drivers
v0x12582f4d0_0 .net *"_ivl_50", 0 0, L_0x1258aab50;  1 drivers
v0x12582f580_0 .net *"_ivl_52", 0 0, L_0x1258aabf0;  1 drivers
v0x12582f630_0 .net *"_ivl_53", 0 0, L_0x1258aad00;  1 drivers
v0x12582f6e0_0 .net *"_ivl_55", 0 0, L_0x1258aae10;  1 drivers
v0x12582f790_0 .net *"_ivl_58", 0 0, L_0x1258aaec0;  1 drivers
v0x12582f840_0 .net *"_ivl_60", 0 0, L_0x1258aaf60;  1 drivers
v0x12582f8f0_0 .net *"_ivl_61", 0 0, L_0x1258aac90;  1 drivers
v0x12582f9a0_0 .net *"_ivl_64", 0 0, L_0x1258ab1f0;  1 drivers
v0x12582fa50_0 .net *"_ivl_65", 0 0, L_0x1258ab290;  1 drivers
v0x12582fb00_0 .net *"_ivl_67", 0 0, L_0x1258ab340;  1 drivers
v0x12582fbb0_0 .net *"_ivl_7", 0 0, L_0x1258a9990;  1 drivers
v0x12582fc60_0 .net *"_ivl_70", 0 0, L_0x1258ab4b0;  1 drivers
v0x12582fd10_0 .net *"_ivl_72", 0 0, L_0x1258ab5e0;  1 drivers
v0x12582fdc0_0 .net *"_ivl_73", 0 0, L_0x1258ab180;  1 drivers
v0x12582fe70_0 .net *"_ivl_76", 0 0, L_0x1258ab6c0;  1 drivers
v0x12582ff20_0 .net *"_ivl_77", 0 0, L_0x1258ab800;  1 drivers
v0x12582ffd0_0 .net *"_ivl_80", 0 0, L_0x1258ab920;  1 drivers
v0x125830080_0 .net *"_ivl_81", 0 0, L_0x1258ab9c0;  1 drivers
v0x125830130_0 .net *"_ivl_83", 0 0, L_0x1258aba90;  1 drivers
v0x1258301e0_0 .net *"_ivl_86", 0 0, L_0x1258abc60;  1 drivers
v0x125830290_0 .net *"_ivl_88", 0 0, L_0x1258ab760;  1 drivers
v0x125830340_0 .net *"_ivl_90", 0 0, L_0x1258abe00;  1 drivers
v0x1258303f0_0 .net *"_ivl_91", 0 0, L_0x1258aa090;  1 drivers
v0x1258304a0_0 .net *"_ivl_93", 0 0, L_0x1258abfa0;  1 drivers
v0x125830550_0 .net *"_ivl_96", 0 0, L_0x1258abbc0;  1 drivers
v0x125830600_0 .net *"_ivl_98", 0 0, L_0x1258ac140;  1 drivers
v0x12582efb0_0 .net *"_ivl_99", 0 0, L_0x1258ac2b0;  1 drivers
v0x12582f060_0 .net "a", 3 0, L_0x1258ad7c0;  1 drivers
v0x125830690_0 .net "b", 3 0, L_0x1258ad860;  1 drivers
v0x125830720_0 .net "c", 3 0, L_0x1258aa8c0;  1 drivers
v0x1258307b0_0 .net "cin", 0 0, L_0x128078178;  alias, 1 drivers
v0x125830840_0 .net "cout", 0 0, L_0x1258ad1f0;  alias, 1 drivers
v0x1258308d0_0 .net "sum", 3 0, L_0x1258ad3f0;  1 drivers
L_0x1258a9a80 .part L_0x1258a98a0, 0, 1;
L_0x1258a9b20 .part L_0x1258a9830, 0, 1;
L_0x1258a9c00 .part L_0x1258aa8c0, 0, 1;
L_0x1258a9eb0 .part L_0x1258a98a0, 1, 1;
L_0x1258a9f50 .part L_0x1258a9830, 1, 1;
L_0x1258a9ff0 .part L_0x1258a98a0, 0, 1;
L_0x1258aa330 .part L_0x1258a9830, 1, 1;
L_0x1258aa450 .part L_0x1258a9830, 0, 1;
L_0x1258aa5e0 .part L_0x1258aa8c0, 0, 1;
L_0x1258aa8c0 .concat8 [ 1 1 1 1], L_0x1258a9990, L_0x1258a9d90, L_0x1258aa810, L_0x1258aba90;
L_0x1258aaa50 .part L_0x1258a98a0, 2, 1;
L_0x1258aab50 .part L_0x1258a9830, 2, 1;
L_0x1258aabf0 .part L_0x1258a98a0, 1, 1;
L_0x1258aaec0 .part L_0x1258a9830, 2, 1;
L_0x1258aaf60 .part L_0x1258a9830, 1, 1;
L_0x1258ab1f0 .part L_0x1258a98a0, 0, 1;
L_0x1258ab4b0 .part L_0x1258a9830, 2, 1;
L_0x1258ab5e0 .part L_0x1258a9830, 1, 1;
L_0x1258ab6c0 .part L_0x1258a9830, 0, 1;
L_0x1258ab920 .part L_0x1258aa8c0, 0, 1;
L_0x1258abc60 .part L_0x1258a98a0, 3, 1;
L_0x1258ab760 .part L_0x1258a9830, 3, 1;
L_0x1258abe00 .part L_0x1258a98a0, 2, 1;
L_0x1258abbc0 .part L_0x1258a9830, 3, 1;
L_0x1258ac140 .part L_0x1258a9830, 2, 1;
L_0x1258ac340 .part L_0x1258a98a0, 1, 1;
L_0x1258ac600 .part L_0x1258a9830, 3, 1;
L_0x1258ac780 .part L_0x1258a9830, 2, 1;
L_0x1258ab040 .part L_0x1258a9830, 1, 1;
L_0x1258ac6a0 .part L_0x1258a98a0, 0, 1;
L_0x1258ace20 .part L_0x1258a9830, 3, 1;
L_0x1258acfc0 .part L_0x1258a9830, 2, 1;
L_0x1258ad150 .part L_0x1258a9830, 1, 1;
L_0x1258acf00 .part L_0x1258a9830, 0, 1;
L_0x1258ad4f0 .part L_0x1258aa8c0, 0, 1;
S_0x1258309e0 .scope module, "n2" "cla_4" 6 15, 7 3 0, S_0x12582d1e0;
 .timescale -9 -11;
    .port_info 0 /INPUT 4 "a";
    .port_info 1 /INPUT 4 "b";
    .port_info 2 /INPUT 1 "cin";
    .port_info 3 /OUTPUT 4 "sum";
    .port_info 4 /OUTPUT 1 "cout";
L_0x1258ad460 .functor XOR 4, L_0x1258b1950, L_0x1258b19f0, C4<0000>, C4<0000>;
L_0x1258ad960 .functor AND 4, L_0x1258b1950, L_0x1258b19f0, C4<1111>, C4<1111>;
L_0x1258ada90 .functor BUFZ 1, L_0x1258ad1f0, C4<0>, C4<0>, C4<0>;
L_0x1258ade00 .functor AND 1, L_0x1258adc60, L_0x1258add40, C4<1>, C4<1>;
L_0x1258adf10 .functor OR 1, L_0x1258adb80, L_0x1258ade00, C4<0>, C4<0>;
L_0x1258ae2c0 .functor AND 1, L_0x1258ae0d0, L_0x1258ae1a0, C4<1>, C4<1>;
L_0x1258ae390 .functor OR 1, L_0x1258ae030, L_0x1258ae2c0, C4<0>, C4<0>;
L_0x1258ae680 .functor AND 1, L_0x1258ae4c0, L_0x1258ae5e0, C4<1>, C4<1>;
L_0x1258ae8a0 .functor AND 1, L_0x1258ae680, L_0x1258ae770, C4<1>, C4<1>;
L_0x1258ae9a0 .functor OR 1, L_0x1258ae390, L_0x1258ae8a0, C4<0>, C4<0>;
L_0x1258aee90 .functor AND 1, L_0x1258aece0, L_0x1258aed80, C4<1>, C4<1>;
L_0x1258aefa0 .functor OR 1, L_0x1258aebe0, L_0x1258aee90, C4<0>, C4<0>;
L_0x1258aee20 .functor AND 1, L_0x1258af050, L_0x1258af0f0, C4<1>, C4<1>;
L_0x1258af420 .functor AND 1, L_0x1258aee20, L_0x1258af380, C4<1>, C4<1>;
L_0x1258af4d0 .functor OR 1, L_0x1258aefa0, L_0x1258af420, C4<0>, C4<0>;
L_0x1258af310 .functor AND 1, L_0x1258af640, L_0x1258af770, C4<1>, C4<1>;
L_0x1258af990 .functor AND 1, L_0x1258af310, L_0x1258af850, C4<1>, C4<1>;
L_0x1258afb50 .functor AND 1, L_0x1258af990, L_0x1258afab0, C4<1>, C4<1>;
L_0x1258afc20 .functor OR 1, L_0x1258af4d0, L_0x1258afb50, C4<0>, C4<0>;
L_0x1258ae240 .functor AND 1, L_0x1258af8f0, L_0x1258aff90, C4<1>, C4<1>;
L_0x1258b0130 .functor OR 1, L_0x1258afdf0, L_0x1258ae240, C4<0>, C4<0>;
L_0x1258b0440 .functor AND 1, L_0x1258afd50, L_0x1258b02d0, C4<1>, C4<1>;
L_0x1258b0570 .functor AND 1, L_0x1258b0440, L_0x1258b04d0, C4<1>, C4<1>;
L_0x1258b0720 .functor OR 1, L_0x1258b0130, L_0x1258b0570, C4<0>, C4<0>;
L_0x1258b0370 .functor AND 1, L_0x1258b0790, L_0x1258b0910, C4<1>, C4<1>;
L_0x1258b0660 .functor AND 1, L_0x1258b0370, L_0x1258af1d0, C4<1>, C4<1>;
L_0x1258b0d70 .functor AND 1, L_0x1258b0660, L_0x1258b0830, C4<1>, C4<1>;
L_0x1258b0f40 .functor OR 1, L_0x1258b0720, L_0x1258b0d70, C4<0>, C4<0>;
L_0x1258b0c30 .functor AND 1, L_0x1258b0fb0, L_0x1258b1150, C4<1>, C4<1>;
L_0x1258b0e60 .functor AND 1, L_0x1258b0c30, L_0x1258b12e0, C4<1>, C4<1>;
L_0x1258b1490 .functor AND 1, L_0x1258b0e60, L_0x1258b1090, C4<1>, C4<1>;
L_0x1258b11f0 .functor AND 1, L_0x1258b1490, L_0x1258b1680, C4<1>, C4<1>;
L_0x1258b1380 .functor OR 1, L_0x1258b0f40, L_0x1258b11f0, C4<0>, C4<0>;
L_0x1258b1580 .functor XOR 4, L_0x1258ad460, L_0x1258aea50, C4<0000>, C4<0000>;
v0x125830bd0_0 .net "G", 3 0, L_0x1258ad960;  1 drivers
v0x125830c60_0 .net "P", 3 0, L_0x1258ad460;  1 drivers
v0x125830d10_0 .net *"_ivl_102", 0 0, L_0x1258b04d0;  1 drivers
v0x125830dd0_0 .net *"_ivl_103", 0 0, L_0x1258b0570;  1 drivers
v0x125830e80_0 .net *"_ivl_105", 0 0, L_0x1258b0720;  1 drivers
v0x125830f70_0 .net *"_ivl_108", 0 0, L_0x1258b0790;  1 drivers
v0x125831020_0 .net *"_ivl_11", 0 0, L_0x1258adb80;  1 drivers
v0x1258310d0_0 .net *"_ivl_110", 0 0, L_0x1258b0910;  1 drivers
v0x125831180_0 .net *"_ivl_111", 0 0, L_0x1258b0370;  1 drivers
v0x125831290_0 .net *"_ivl_114", 0 0, L_0x1258af1d0;  1 drivers
v0x125831340_0 .net *"_ivl_115", 0 0, L_0x1258b0660;  1 drivers
v0x1258313f0_0 .net *"_ivl_118", 0 0, L_0x1258b0830;  1 drivers
v0x1258314a0_0 .net *"_ivl_119", 0 0, L_0x1258b0d70;  1 drivers
v0x125831550_0 .net *"_ivl_121", 0 0, L_0x1258b0f40;  1 drivers
v0x125831600_0 .net *"_ivl_124", 0 0, L_0x1258b0fb0;  1 drivers
v0x1258316b0_0 .net *"_ivl_126", 0 0, L_0x1258b1150;  1 drivers
v0x125831760_0 .net *"_ivl_127", 0 0, L_0x1258b0c30;  1 drivers
v0x1258318f0_0 .net *"_ivl_13", 0 0, L_0x1258adc60;  1 drivers
v0x125831980_0 .net *"_ivl_130", 0 0, L_0x1258b12e0;  1 drivers
v0x125831a30_0 .net *"_ivl_131", 0 0, L_0x1258b0e60;  1 drivers
v0x125831ae0_0 .net *"_ivl_134", 0 0, L_0x1258b1090;  1 drivers
v0x125831b90_0 .net *"_ivl_135", 0 0, L_0x1258b1490;  1 drivers
v0x125831c40_0 .net *"_ivl_138", 0 0, L_0x1258b1680;  1 drivers
v0x125831cf0_0 .net *"_ivl_139", 0 0, L_0x1258b11f0;  1 drivers
v0x125831da0_0 .net *"_ivl_15", 0 0, L_0x1258add40;  1 drivers
v0x125831e50_0 .net *"_ivl_16", 0 0, L_0x1258ade00;  1 drivers
v0x125831f00_0 .net *"_ivl_18", 0 0, L_0x1258adf10;  1 drivers
v0x125831fb0_0 .net *"_ivl_23", 0 0, L_0x1258ae030;  1 drivers
v0x125832060_0 .net *"_ivl_25", 0 0, L_0x1258ae0d0;  1 drivers
v0x125832110_0 .net *"_ivl_27", 0 0, L_0x1258ae1a0;  1 drivers
v0x1258321c0_0 .net *"_ivl_28", 0 0, L_0x1258ae2c0;  1 drivers
v0x125832270_0 .net *"_ivl_30", 0 0, L_0x1258ae390;  1 drivers
v0x125832320_0 .net *"_ivl_33", 0 0, L_0x1258ae4c0;  1 drivers
v0x125831810_0 .net *"_ivl_35", 0 0, L_0x1258ae5e0;  1 drivers
v0x1258325b0_0 .net *"_ivl_36", 0 0, L_0x1258ae680;  1 drivers
v0x125832640_0 .net *"_ivl_39", 0 0, L_0x1258ae770;  1 drivers
v0x1258326e0_0 .net *"_ivl_40", 0 0, L_0x1258ae8a0;  1 drivers
v0x125832790_0 .net *"_ivl_42", 0 0, L_0x1258ae9a0;  1 drivers
v0x125832840_0 .net *"_ivl_48", 0 0, L_0x1258aebe0;  1 drivers
v0x1258328f0_0 .net *"_ivl_50", 0 0, L_0x1258aece0;  1 drivers
v0x1258329a0_0 .net *"_ivl_52", 0 0, L_0x1258aed80;  1 drivers
v0x125832a50_0 .net *"_ivl_53", 0 0, L_0x1258aee90;  1 drivers
v0x125832b00_0 .net *"_ivl_55", 0 0, L_0x1258aefa0;  1 drivers
v0x125832bb0_0 .net *"_ivl_58", 0 0, L_0x1258af050;  1 drivers
v0x125832c60_0 .net *"_ivl_60", 0 0, L_0x1258af0f0;  1 drivers
v0x125832d10_0 .net *"_ivl_61", 0 0, L_0x1258aee20;  1 drivers
v0x125832dc0_0 .net *"_ivl_64", 0 0, L_0x1258af380;  1 drivers
v0x125832e70_0 .net *"_ivl_65", 0 0, L_0x1258af420;  1 drivers
v0x125832f20_0 .net *"_ivl_67", 0 0, L_0x1258af4d0;  1 drivers
v0x125832fd0_0 .net *"_ivl_7", 0 0, L_0x1258ada90;  1 drivers
v0x125833080_0 .net *"_ivl_70", 0 0, L_0x1258af640;  1 drivers
v0x125833130_0 .net *"_ivl_72", 0 0, L_0x1258af770;  1 drivers
v0x1258331e0_0 .net *"_ivl_73", 0 0, L_0x1258af310;  1 drivers
v0x125833290_0 .net *"_ivl_76", 0 0, L_0x1258af850;  1 drivers
v0x125833340_0 .net *"_ivl_77", 0 0, L_0x1258af990;  1 drivers
v0x1258333f0_0 .net *"_ivl_80", 0 0, L_0x1258afab0;  1 drivers
v0x1258334a0_0 .net *"_ivl_81", 0 0, L_0x1258afb50;  1 drivers
v0x125833550_0 .net *"_ivl_83", 0 0, L_0x1258afc20;  1 drivers
v0x125833600_0 .net *"_ivl_86", 0 0, L_0x1258afdf0;  1 drivers
v0x1258336b0_0 .net *"_ivl_88", 0 0, L_0x1258af8f0;  1 drivers
v0x125833760_0 .net *"_ivl_90", 0 0, L_0x1258aff90;  1 drivers
v0x125833810_0 .net *"_ivl_91", 0 0, L_0x1258ae240;  1 drivers
v0x1258338c0_0 .net *"_ivl_93", 0 0, L_0x1258b0130;  1 drivers
v0x125833970_0 .net *"_ivl_96", 0 0, L_0x1258afd50;  1 drivers
v0x125833a20_0 .net *"_ivl_98", 0 0, L_0x1258b02d0;  1 drivers
v0x1258323d0_0 .net *"_ivl_99", 0 0, L_0x1258b0440;  1 drivers
v0x125832480_0 .net "a", 3 0, L_0x1258b1950;  1 drivers
v0x125833ab0_0 .net "b", 3 0, L_0x1258b19f0;  1 drivers
v0x125833b40_0 .net "c", 3 0, L_0x1258aea50;  1 drivers
v0x125833bd0_0 .net "cin", 0 0, L_0x1258ad1f0;  alias, 1 drivers
v0x125833c60_0 .net "cout", 0 0, L_0x1258b1380;  alias, 1 drivers
v0x125833cf0_0 .net "sum", 3 0, L_0x1258b1580;  1 drivers
L_0x1258adb80 .part L_0x1258ad960, 0, 1;
L_0x1258adc60 .part L_0x1258ad460, 0, 1;
L_0x1258add40 .part L_0x1258aea50, 0, 1;
L_0x1258ae030 .part L_0x1258ad960, 1, 1;
L_0x1258ae0d0 .part L_0x1258ad460, 1, 1;
L_0x1258ae1a0 .part L_0x1258ad960, 0, 1;
L_0x1258ae4c0 .part L_0x1258ad460, 1, 1;
L_0x1258ae5e0 .part L_0x1258ad460, 0, 1;
L_0x1258ae770 .part L_0x1258aea50, 0, 1;
L_0x1258aea50 .concat8 [ 1 1 1 1], L_0x1258ada90, L_0x1258adf10, L_0x1258ae9a0, L_0x1258afc20;
L_0x1258aebe0 .part L_0x1258ad960, 2, 1;
L_0x1258aece0 .part L_0x1258ad460, 2, 1;
L_0x1258aed80 .part L_0x1258ad960, 1, 1;
L_0x1258af050 .part L_0x1258ad460, 2, 1;
L_0x1258af0f0 .part L_0x1258ad460, 1, 1;
L_0x1258af380 .part L_0x1258ad960, 0, 1;
L_0x1258af640 .part L_0x1258ad460, 2, 1;
L_0x1258af770 .part L_0x1258ad460, 1, 1;
L_0x1258af850 .part L_0x1258ad460, 0, 1;
L_0x1258afab0 .part L_0x1258aea50, 0, 1;
L_0x1258afdf0 .part L_0x1258ad960, 3, 1;
L_0x1258af8f0 .part L_0x1258ad460, 3, 1;
L_0x1258aff90 .part L_0x1258ad960, 2, 1;
L_0x1258afd50 .part L_0x1258ad460, 3, 1;
L_0x1258b02d0 .part L_0x1258ad460, 2, 1;
L_0x1258b04d0 .part L_0x1258ad960, 1, 1;
L_0x1258b0790 .part L_0x1258ad460, 3, 1;
L_0x1258b0910 .part L_0x1258ad460, 2, 1;
L_0x1258af1d0 .part L_0x1258ad460, 1, 1;
L_0x1258b0830 .part L_0x1258ad960, 0, 1;
L_0x1258b0fb0 .part L_0x1258ad460, 3, 1;
L_0x1258b1150 .part L_0x1258ad460, 2, 1;
L_0x1258b12e0 .part L_0x1258ad460, 1, 1;
L_0x1258b1090 .part L_0x1258ad460, 0, 1;
L_0x1258b1680 .part L_0x1258aea50, 0, 1;
S_0x125833d80 .scope module, "n3" "cla_4" 6 16, 7 3 0, S_0x12582d1e0;
 .timescale -9 -11;
    .port_info 0 /INPUT 4 "a";
    .port_info 1 /INPUT 4 "b";
    .port_info 2 /INPUT 1 "cin";
    .port_info 3 /OUTPUT 4 "sum";
    .port_info 4 /OUTPUT 1 "cout";
L_0x1258b1a90 .functor XOR 4, L_0x1258b5b10, L_0x1258b5bb0, C4<0000>, C4<0000>;
L_0x1258b1b00 .functor AND 4, L_0x1258b5b10, L_0x1258b5bb0, C4<1111>, C4<1111>;
L_0x1258b1c30 .functor BUFZ 1, L_0x1258b1380, C4<0>, C4<0>, C4<0>;
L_0x1258b1fa0 .functor AND 1, L_0x1258b1e00, L_0x1258b1ee0, C4<1>, C4<1>;
L_0x1258b20d0 .functor OR 1, L_0x1258b1d20, L_0x1258b1fa0, C4<0>, C4<0>;
L_0x1258b2480 .functor AND 1, L_0x1258b2290, L_0x1258b2360, C4<1>, C4<1>;
L_0x1258b2550 .functor OR 1, L_0x1258b21f0, L_0x1258b2480, C4<0>, C4<0>;
L_0x1258b2840 .functor AND 1, L_0x1258b2680, L_0x1258b27a0, C4<1>, C4<1>;
L_0x1258b2a60 .functor AND 1, L_0x1258b2840, L_0x1258b2930, C4<1>, C4<1>;
L_0x1258b2b60 .functor OR 1, L_0x1258b2550, L_0x1258b2a60, C4<0>, C4<0>;
L_0x1258b3050 .functor AND 1, L_0x1258b2ea0, L_0x1258b2f40, C4<1>, C4<1>;
L_0x1258b3160 .functor OR 1, L_0x1258b2da0, L_0x1258b3050, C4<0>, C4<0>;
L_0x1258b2fe0 .functor AND 1, L_0x1258b3210, L_0x1258b32b0, C4<1>, C4<1>;
L_0x1258b35e0 .functor AND 1, L_0x1258b2fe0, L_0x1258b3540, C4<1>, C4<1>;
L_0x1258b3690 .functor OR 1, L_0x1258b3160, L_0x1258b35e0, C4<0>, C4<0>;
L_0x1258b34d0 .functor AND 1, L_0x1258b3800, L_0x1258b3930, C4<1>, C4<1>;
L_0x1258b3b50 .functor AND 1, L_0x1258b34d0, L_0x1258b3a10, C4<1>, C4<1>;
L_0x1258b3d10 .functor AND 1, L_0x1258b3b50, L_0x1258b3c70, C4<1>, C4<1>;
L_0x1258b3de0 .functor OR 1, L_0x1258b3690, L_0x1258b3d10, C4<0>, C4<0>;
L_0x1258b2400 .functor AND 1, L_0x1258b3ab0, L_0x1258b4150, C4<1>, C4<1>;
L_0x1258b42f0 .functor OR 1, L_0x1258b3fb0, L_0x1258b2400, C4<0>, C4<0>;
L_0x1258b4600 .functor AND 1, L_0x1258b3f10, L_0x1258b4490, C4<1>, C4<1>;
L_0x1258b4730 .functor AND 1, L_0x1258b4600, L_0x1258b4690, C4<1>, C4<1>;
L_0x1258b48e0 .functor OR 1, L_0x1258b42f0, L_0x1258b4730, C4<0>, C4<0>;
L_0x1258b4530 .functor AND 1, L_0x1258b4950, L_0x1258b4ad0, C4<1>, C4<1>;
L_0x1258b4820 .functor AND 1, L_0x1258b4530, L_0x1258b3390, C4<1>, C4<1>;
L_0x1258b4f30 .functor AND 1, L_0x1258b4820, L_0x1258b49f0, C4<1>, C4<1>;
L_0x1258b5100 .functor OR 1, L_0x1258b48e0, L_0x1258b4f30, C4<0>, C4<0>;
L_0x1258b4df0 .functor AND 1, L_0x1258b5170, L_0x1258b5310, C4<1>, C4<1>;
L_0x1258b5020 .functor AND 1, L_0x1258b4df0, L_0x1258b54a0, C4<1>, C4<1>;
L_0x1258b5650 .functor AND 1, L_0x1258b5020, L_0x1258b5250, C4<1>, C4<1>;
L_0x1258b53b0 .functor AND 1, L_0x1258b5650, L_0x1258b5840, C4<1>, C4<1>;
L_0x1258b5540 .functor OR 1, L_0x1258b5100, L_0x1258b53b0, C4<0>, C4<0>;
L_0x1258b5740 .functor XOR 4, L_0x1258b1a90, L_0x1258b2c10, C4<0000>, C4<0000>;
v0x125833fe0_0 .net "G", 3 0, L_0x1258b1b00;  1 drivers
v0x125834090_0 .net "P", 3 0, L_0x1258b1a90;  1 drivers
v0x125834140_0 .net *"_ivl_102", 0 0, L_0x1258b4690;  1 drivers
v0x125834200_0 .net *"_ivl_103", 0 0, L_0x1258b4730;  1 drivers
v0x1258342b0_0 .net *"_ivl_105", 0 0, L_0x1258b48e0;  1 drivers
v0x1258343a0_0 .net *"_ivl_108", 0 0, L_0x1258b4950;  1 drivers
v0x125834450_0 .net *"_ivl_11", 0 0, L_0x1258b1d20;  1 drivers
v0x125834500_0 .net *"_ivl_110", 0 0, L_0x1258b4ad0;  1 drivers
v0x1258345b0_0 .net *"_ivl_111", 0 0, L_0x1258b4530;  1 drivers
v0x1258346c0_0 .net *"_ivl_114", 0 0, L_0x1258b3390;  1 drivers
v0x125834770_0 .net *"_ivl_115", 0 0, L_0x1258b4820;  1 drivers
v0x125834820_0 .net *"_ivl_118", 0 0, L_0x1258b49f0;  1 drivers
v0x1258348d0_0 .net *"_ivl_119", 0 0, L_0x1258b4f30;  1 drivers
v0x125834980_0 .net *"_ivl_121", 0 0, L_0x1258b5100;  1 drivers
v0x125834a30_0 .net *"_ivl_124", 0 0, L_0x1258b5170;  1 drivers
v0x125834ae0_0 .net *"_ivl_126", 0 0, L_0x1258b5310;  1 drivers
v0x125834b90_0 .net *"_ivl_127", 0 0, L_0x1258b4df0;  1 drivers
v0x125834d20_0 .net *"_ivl_13", 0 0, L_0x1258b1e00;  1 drivers
v0x125834db0_0 .net *"_ivl_130", 0 0, L_0x1258b54a0;  1 drivers
v0x125834e60_0 .net *"_ivl_131", 0 0, L_0x1258b5020;  1 drivers
v0x125834f10_0 .net *"_ivl_134", 0 0, L_0x1258b5250;  1 drivers
v0x125834fc0_0 .net *"_ivl_135", 0 0, L_0x1258b5650;  1 drivers
v0x125835070_0 .net *"_ivl_138", 0 0, L_0x1258b5840;  1 drivers
v0x125835120_0 .net *"_ivl_139", 0 0, L_0x1258b53b0;  1 drivers
v0x1258351d0_0 .net *"_ivl_15", 0 0, L_0x1258b1ee0;  1 drivers
v0x125835280_0 .net *"_ivl_16", 0 0, L_0x1258b1fa0;  1 drivers
v0x125835330_0 .net *"_ivl_18", 0 0, L_0x1258b20d0;  1 drivers
v0x1258353e0_0 .net *"_ivl_23", 0 0, L_0x1258b21f0;  1 drivers
v0x125835490_0 .net *"_ivl_25", 0 0, L_0x1258b2290;  1 drivers
v0x125835540_0 .net *"_ivl_27", 0 0, L_0x1258b2360;  1 drivers
v0x1258355f0_0 .net *"_ivl_28", 0 0, L_0x1258b2480;  1 drivers
v0x1258356a0_0 .net *"_ivl_30", 0 0, L_0x1258b2550;  1 drivers
v0x125835750_0 .net *"_ivl_33", 0 0, L_0x1258b2680;  1 drivers
v0x125834c40_0 .net *"_ivl_35", 0 0, L_0x1258b27a0;  1 drivers
v0x1258359e0_0 .net *"_ivl_36", 0 0, L_0x1258b2840;  1 drivers
v0x125835a70_0 .net *"_ivl_39", 0 0, L_0x1258b2930;  1 drivers
v0x125835b10_0 .net *"_ivl_40", 0 0, L_0x1258b2a60;  1 drivers
v0x125835bc0_0 .net *"_ivl_42", 0 0, L_0x1258b2b60;  1 drivers
v0x125835c70_0 .net *"_ivl_48", 0 0, L_0x1258b2da0;  1 drivers
v0x125835d20_0 .net *"_ivl_50", 0 0, L_0x1258b2ea0;  1 drivers
v0x125835dd0_0 .net *"_ivl_52", 0 0, L_0x1258b2f40;  1 drivers
v0x125835e80_0 .net *"_ivl_53", 0 0, L_0x1258b3050;  1 drivers
v0x125835f30_0 .net *"_ivl_55", 0 0, L_0x1258b3160;  1 drivers
v0x125835fe0_0 .net *"_ivl_58", 0 0, L_0x1258b3210;  1 drivers
v0x125836090_0 .net *"_ivl_60", 0 0, L_0x1258b32b0;  1 drivers
v0x125836140_0 .net *"_ivl_61", 0 0, L_0x1258b2fe0;  1 drivers
v0x1258361f0_0 .net *"_ivl_64", 0 0, L_0x1258b3540;  1 drivers
v0x1258362a0_0 .net *"_ivl_65", 0 0, L_0x1258b35e0;  1 drivers
v0x125836350_0 .net *"_ivl_67", 0 0, L_0x1258b3690;  1 drivers
v0x125836400_0 .net *"_ivl_7", 0 0, L_0x1258b1c30;  1 drivers
v0x1258364b0_0 .net *"_ivl_70", 0 0, L_0x1258b3800;  1 drivers
v0x125836560_0 .net *"_ivl_72", 0 0, L_0x1258b3930;  1 drivers
v0x125836610_0 .net *"_ivl_73", 0 0, L_0x1258b34d0;  1 drivers
v0x1258366c0_0 .net *"_ivl_76", 0 0, L_0x1258b3a10;  1 drivers
v0x125836770_0 .net *"_ivl_77", 0 0, L_0x1258b3b50;  1 drivers
v0x125836820_0 .net *"_ivl_80", 0 0, L_0x1258b3c70;  1 drivers
v0x1258368d0_0 .net *"_ivl_81", 0 0, L_0x1258b3d10;  1 drivers
v0x125836980_0 .net *"_ivl_83", 0 0, L_0x1258b3de0;  1 drivers
v0x125836a30_0 .net *"_ivl_86", 0 0, L_0x1258b3fb0;  1 drivers
v0x125836ae0_0 .net *"_ivl_88", 0 0, L_0x1258b3ab0;  1 drivers
v0x125836b90_0 .net *"_ivl_90", 0 0, L_0x1258b4150;  1 drivers
v0x125836c40_0 .net *"_ivl_91", 0 0, L_0x1258b2400;  1 drivers
v0x125836cf0_0 .net *"_ivl_93", 0 0, L_0x1258b42f0;  1 drivers
v0x125836da0_0 .net *"_ivl_96", 0 0, L_0x1258b3f10;  1 drivers
v0x125836e50_0 .net *"_ivl_98", 0 0, L_0x1258b4490;  1 drivers
v0x125835800_0 .net *"_ivl_99", 0 0, L_0x1258b4600;  1 drivers
v0x1258358b0_0 .net "a", 3 0, L_0x1258b5b10;  1 drivers
v0x125836ee0_0 .net "b", 3 0, L_0x1258b5bb0;  1 drivers
v0x125836f70_0 .net "c", 3 0, L_0x1258b2c10;  1 drivers
v0x125837000_0 .net "cin", 0 0, L_0x1258b1380;  alias, 1 drivers
v0x125837090_0 .net "cout", 0 0, L_0x1258b5540;  alias, 1 drivers
v0x125837120_0 .net "sum", 3 0, L_0x1258b5740;  1 drivers
L_0x1258b1d20 .part L_0x1258b1b00, 0, 1;
L_0x1258b1e00 .part L_0x1258b1a90, 0, 1;
L_0x1258b1ee0 .part L_0x1258b2c10, 0, 1;
L_0x1258b21f0 .part L_0x1258b1b00, 1, 1;
L_0x1258b2290 .part L_0x1258b1a90, 1, 1;
L_0x1258b2360 .part L_0x1258b1b00, 0, 1;
L_0x1258b2680 .part L_0x1258b1a90, 1, 1;
L_0x1258b27a0 .part L_0x1258b1a90, 0, 1;
L_0x1258b2930 .part L_0x1258b2c10, 0, 1;
L_0x1258b2c10 .concat8 [ 1 1 1 1], L_0x1258b1c30, L_0x1258b20d0, L_0x1258b2b60, L_0x1258b3de0;
L_0x1258b2da0 .part L_0x1258b1b00, 2, 1;
L_0x1258b2ea0 .part L_0x1258b1a90, 2, 1;
L_0x1258b2f40 .part L_0x1258b1b00, 1, 1;
L_0x1258b3210 .part L_0x1258b1a90, 2, 1;
L_0x1258b32b0 .part L_0x1258b1a90, 1, 1;
L_0x1258b3540 .part L_0x1258b1b00, 0, 1;
L_0x1258b3800 .part L_0x1258b1a90, 2, 1;
L_0x1258b3930 .part L_0x1258b1a90, 1, 1;
L_0x1258b3a10 .part L_0x1258b1a90, 0, 1;
L_0x1258b3c70 .part L_0x1258b2c10, 0, 1;
L_0x1258b3fb0 .part L_0x1258b1b00, 3, 1;
L_0x1258b3ab0 .part L_0x1258b1a90, 3, 1;
L_0x1258b4150 .part L_0x1258b1b00, 2, 1;
L_0x1258b3f10 .part L_0x1258b1a90, 3, 1;
L_0x1258b4490 .part L_0x1258b1a90, 2, 1;
L_0x1258b4690 .part L_0x1258b1b00, 1, 1;
L_0x1258b4950 .part L_0x1258b1a90, 3, 1;
L_0x1258b4ad0 .part L_0x1258b1a90, 2, 1;
L_0x1258b3390 .part L_0x1258b1a90, 1, 1;
L_0x1258b49f0 .part L_0x1258b1b00, 0, 1;
L_0x1258b5170 .part L_0x1258b1a90, 3, 1;
L_0x1258b5310 .part L_0x1258b1a90, 2, 1;
L_0x1258b54a0 .part L_0x1258b1a90, 1, 1;
L_0x1258b5250 .part L_0x1258b1a90, 0, 1;
L_0x1258b5840 .part L_0x1258b2c10, 0, 1;
S_0x1258371b0 .scope module, "n4" "cla_4" 6 17, 7 3 0, S_0x12582d1e0;
 .timescale -9 -11;
    .port_info 0 /INPUT 4 "a";
    .port_info 1 /INPUT 4 "b";
    .port_info 2 /INPUT 1 "cin";
    .port_info 3 /OUTPUT 4 "sum";
    .port_info 4 /OUTPUT 1 "cout";
L_0x1258b5c50 .functor XOR 4, L_0x1258b9c90, L_0x1258b9d30, C4<0000>, C4<0000>;
L_0x1258b5cc0 .functor AND 4, L_0x1258b9c90, L_0x1258b9d30, C4<1111>, C4<1111>;
L_0x1258b5db0 .functor BUFZ 1, L_0x1258b5540, C4<0>, C4<0>, C4<0>;
L_0x1258b6120 .functor AND 1, L_0x1258b5f80, L_0x1258b6060, C4<1>, C4<1>;
L_0x1258b6250 .functor OR 1, L_0x1258b5ea0, L_0x1258b6120, C4<0>, C4<0>;
L_0x1258b6600 .functor AND 1, L_0x1258b6410, L_0x1258b64e0, C4<1>, C4<1>;
L_0x1258b66d0 .functor OR 1, L_0x1258b6370, L_0x1258b6600, C4<0>, C4<0>;
L_0x1258b69c0 .functor AND 1, L_0x1258b6800, L_0x1258b6920, C4<1>, C4<1>;
L_0x1258b6be0 .functor AND 1, L_0x1258b69c0, L_0x1258b6ab0, C4<1>, C4<1>;
L_0x1258b6ce0 .functor OR 1, L_0x1258b66d0, L_0x1258b6be0, C4<0>, C4<0>;
L_0x1258b71d0 .functor AND 1, L_0x1258b7020, L_0x1258b70c0, C4<1>, C4<1>;
L_0x1258b72e0 .functor OR 1, L_0x1258b6f20, L_0x1258b71d0, C4<0>, C4<0>;
L_0x1258b7160 .functor AND 1, L_0x1258b7390, L_0x1258b7430, C4<1>, C4<1>;
L_0x1258b7760 .functor AND 1, L_0x1258b7160, L_0x1258b76c0, C4<1>, C4<1>;
L_0x1258b7810 .functor OR 1, L_0x1258b72e0, L_0x1258b7760, C4<0>, C4<0>;
L_0x1258b7650 .functor AND 1, L_0x1258b7980, L_0x1258b7ab0, C4<1>, C4<1>;
L_0x1258b7cd0 .functor AND 1, L_0x1258b7650, L_0x1258b7b90, C4<1>, C4<1>;
L_0x1258b7e90 .functor AND 1, L_0x1258b7cd0, L_0x1258b7df0, C4<1>, C4<1>;
L_0x1258b7f60 .functor OR 1, L_0x1258b7810, L_0x1258b7e90, C4<0>, C4<0>;
L_0x1258b6580 .functor AND 1, L_0x1258b7c30, L_0x1258b82d0, C4<1>, C4<1>;
L_0x1258b8470 .functor OR 1, L_0x1258b8130, L_0x1258b6580, C4<0>, C4<0>;
L_0x1258b8780 .functor AND 1, L_0x1258b8090, L_0x1258b8610, C4<1>, C4<1>;
L_0x1258b88b0 .functor AND 1, L_0x1258b8780, L_0x1258b8810, C4<1>, C4<1>;
L_0x1258b8a60 .functor OR 1, L_0x1258b8470, L_0x1258b88b0, C4<0>, C4<0>;
L_0x1258b86b0 .functor AND 1, L_0x1258b8ad0, L_0x1258b8c50, C4<1>, C4<1>;
L_0x1258b89a0 .functor AND 1, L_0x1258b86b0, L_0x1258b7510, C4<1>, C4<1>;
L_0x1258b90b0 .functor AND 1, L_0x1258b89a0, L_0x1258b8b70, C4<1>, C4<1>;
L_0x1258b9280 .functor OR 1, L_0x1258b8a60, L_0x1258b90b0, C4<0>, C4<0>;
L_0x1258b8f70 .functor AND 1, L_0x1258b92f0, L_0x1258b9490, C4<1>, C4<1>;
L_0x1258b91a0 .functor AND 1, L_0x1258b8f70, L_0x1258b9620, C4<1>, C4<1>;
L_0x1258b97d0 .functor AND 1, L_0x1258b91a0, L_0x1258b93d0, C4<1>, C4<1>;
L_0x1258b9530 .functor AND 1, L_0x1258b97d0, L_0x1258b99c0, C4<1>, C4<1>;
L_0x1258b96c0 .functor OR 1, L_0x1258b9280, L_0x1258b9530, C4<0>, C4<0>;
L_0x1258b98c0 .functor XOR 4, L_0x1258b5c50, L_0x1258b6d90, C4<0000>, C4<0000>;
v0x1258373f0_0 .net "G", 3 0, L_0x1258b5cc0;  1 drivers
v0x1258374b0_0 .net "P", 3 0, L_0x1258b5c50;  1 drivers
v0x125837560_0 .net *"_ivl_102", 0 0, L_0x1258b8810;  1 drivers
v0x125837620_0 .net *"_ivl_103", 0 0, L_0x1258b88b0;  1 drivers
v0x1258376d0_0 .net *"_ivl_105", 0 0, L_0x1258b8a60;  1 drivers
v0x1258377c0_0 .net *"_ivl_108", 0 0, L_0x1258b8ad0;  1 drivers
v0x125837870_0 .net *"_ivl_11", 0 0, L_0x1258b5ea0;  1 drivers
v0x125837920_0 .net *"_ivl_110", 0 0, L_0x1258b8c50;  1 drivers
v0x1258379d0_0 .net *"_ivl_111", 0 0, L_0x1258b86b0;  1 drivers
v0x125837ae0_0 .net *"_ivl_114", 0 0, L_0x1258b7510;  1 drivers
v0x125837b90_0 .net *"_ivl_115", 0 0, L_0x1258b89a0;  1 drivers
v0x125837c40_0 .net *"_ivl_118", 0 0, L_0x1258b8b70;  1 drivers
v0x125837cf0_0 .net *"_ivl_119", 0 0, L_0x1258b90b0;  1 drivers
v0x125837da0_0 .net *"_ivl_121", 0 0, L_0x1258b9280;  1 drivers
v0x125837e50_0 .net *"_ivl_124", 0 0, L_0x1258b92f0;  1 drivers
v0x125837f00_0 .net *"_ivl_126", 0 0, L_0x1258b9490;  1 drivers
v0x125837fb0_0 .net *"_ivl_127", 0 0, L_0x1258b8f70;  1 drivers
v0x125838140_0 .net *"_ivl_13", 0 0, L_0x1258b5f80;  1 drivers
v0x1258381d0_0 .net *"_ivl_130", 0 0, L_0x1258b9620;  1 drivers
v0x125838280_0 .net *"_ivl_131", 0 0, L_0x1258b91a0;  1 drivers
v0x125838330_0 .net *"_ivl_134", 0 0, L_0x1258b93d0;  1 drivers
v0x1258383e0_0 .net *"_ivl_135", 0 0, L_0x1258b97d0;  1 drivers
v0x125838490_0 .net *"_ivl_138", 0 0, L_0x1258b99c0;  1 drivers
v0x125838540_0 .net *"_ivl_139", 0 0, L_0x1258b9530;  1 drivers
v0x1258385f0_0 .net *"_ivl_15", 0 0, L_0x1258b6060;  1 drivers
v0x1258386a0_0 .net *"_ivl_16", 0 0, L_0x1258b6120;  1 drivers
v0x125838750_0 .net *"_ivl_18", 0 0, L_0x1258b6250;  1 drivers
v0x125838800_0 .net *"_ivl_23", 0 0, L_0x1258b6370;  1 drivers
v0x1258388b0_0 .net *"_ivl_25", 0 0, L_0x1258b6410;  1 drivers
v0x125838960_0 .net *"_ivl_27", 0 0, L_0x1258b64e0;  1 drivers
v0x125838a10_0 .net *"_ivl_28", 0 0, L_0x1258b6600;  1 drivers
v0x125838ac0_0 .net *"_ivl_30", 0 0, L_0x1258b66d0;  1 drivers
v0x125838b70_0 .net *"_ivl_33", 0 0, L_0x1258b6800;  1 drivers
v0x125838060_0 .net *"_ivl_35", 0 0, L_0x1258b6920;  1 drivers
v0x125838e00_0 .net *"_ivl_36", 0 0, L_0x1258b69c0;  1 drivers
v0x125838e90_0 .net *"_ivl_39", 0 0, L_0x1258b6ab0;  1 drivers
v0x125838f30_0 .net *"_ivl_40", 0 0, L_0x1258b6be0;  1 drivers
v0x125838fe0_0 .net *"_ivl_42", 0 0, L_0x1258b6ce0;  1 drivers
v0x125839090_0 .net *"_ivl_48", 0 0, L_0x1258b6f20;  1 drivers
v0x125839140_0 .net *"_ivl_50", 0 0, L_0x1258b7020;  1 drivers
v0x1258391f0_0 .net *"_ivl_52", 0 0, L_0x1258b70c0;  1 drivers
v0x1258392a0_0 .net *"_ivl_53", 0 0, L_0x1258b71d0;  1 drivers
v0x125839350_0 .net *"_ivl_55", 0 0, L_0x1258b72e0;  1 drivers
v0x125839400_0 .net *"_ivl_58", 0 0, L_0x1258b7390;  1 drivers
v0x1258394b0_0 .net *"_ivl_60", 0 0, L_0x1258b7430;  1 drivers
v0x125839560_0 .net *"_ivl_61", 0 0, L_0x1258b7160;  1 drivers
v0x125839610_0 .net *"_ivl_64", 0 0, L_0x1258b76c0;  1 drivers
v0x1258396c0_0 .net *"_ivl_65", 0 0, L_0x1258b7760;  1 drivers
v0x125839770_0 .net *"_ivl_67", 0 0, L_0x1258b7810;  1 drivers
v0x125839820_0 .net *"_ivl_7", 0 0, L_0x1258b5db0;  1 drivers
v0x1258398d0_0 .net *"_ivl_70", 0 0, L_0x1258b7980;  1 drivers
v0x125839980_0 .net *"_ivl_72", 0 0, L_0x1258b7ab0;  1 drivers
v0x125839a30_0 .net *"_ivl_73", 0 0, L_0x1258b7650;  1 drivers
v0x125839ae0_0 .net *"_ivl_76", 0 0, L_0x1258b7b90;  1 drivers
v0x125839b90_0 .net *"_ivl_77", 0 0, L_0x1258b7cd0;  1 drivers
v0x125839c40_0 .net *"_ivl_80", 0 0, L_0x1258b7df0;  1 drivers
v0x125839cf0_0 .net *"_ivl_81", 0 0, L_0x1258b7e90;  1 drivers
v0x125839da0_0 .net *"_ivl_83", 0 0, L_0x1258b7f60;  1 drivers
v0x125839e50_0 .net *"_ivl_86", 0 0, L_0x1258b8130;  1 drivers
v0x125839f00_0 .net *"_ivl_88", 0 0, L_0x1258b7c30;  1 drivers
v0x125839fb0_0 .net *"_ivl_90", 0 0, L_0x1258b82d0;  1 drivers
v0x12583a060_0 .net *"_ivl_91", 0 0, L_0x1258b6580;  1 drivers
v0x12583a110_0 .net *"_ivl_93", 0 0, L_0x1258b8470;  1 drivers
v0x12583a1c0_0 .net *"_ivl_96", 0 0, L_0x1258b8090;  1 drivers
v0x12583a270_0 .net *"_ivl_98", 0 0, L_0x1258b8610;  1 drivers
v0x125838c20_0 .net *"_ivl_99", 0 0, L_0x1258b8780;  1 drivers
v0x125838cd0_0 .net "a", 3 0, L_0x1258b9c90;  1 drivers
v0x12583a300_0 .net "b", 3 0, L_0x1258b9d30;  1 drivers
v0x12583a390_0 .net "c", 3 0, L_0x1258b6d90;  1 drivers
v0x12583a420_0 .net "cin", 0 0, L_0x1258b5540;  alias, 1 drivers
v0x12583a4b0_0 .net "cout", 0 0, L_0x1258b96c0;  alias, 1 drivers
v0x12583a540_0 .net "sum", 3 0, L_0x1258b98c0;  1 drivers
L_0x1258b5ea0 .part L_0x1258b5cc0, 0, 1;
L_0x1258b5f80 .part L_0x1258b5c50, 0, 1;
L_0x1258b6060 .part L_0x1258b6d90, 0, 1;
L_0x1258b6370 .part L_0x1258b5cc0, 1, 1;
L_0x1258b6410 .part L_0x1258b5c50, 1, 1;
L_0x1258b64e0 .part L_0x1258b5cc0, 0, 1;
L_0x1258b6800 .part L_0x1258b5c50, 1, 1;
L_0x1258b6920 .part L_0x1258b5c50, 0, 1;
L_0x1258b6ab0 .part L_0x1258b6d90, 0, 1;
L_0x1258b6d90 .concat8 [ 1 1 1 1], L_0x1258b5db0, L_0x1258b6250, L_0x1258b6ce0, L_0x1258b7f60;
L_0x1258b6f20 .part L_0x1258b5cc0, 2, 1;
L_0x1258b7020 .part L_0x1258b5c50, 2, 1;
L_0x1258b70c0 .part L_0x1258b5cc0, 1, 1;
L_0x1258b7390 .part L_0x1258b5c50, 2, 1;
L_0x1258b7430 .part L_0x1258b5c50, 1, 1;
L_0x1258b76c0 .part L_0x1258b5cc0, 0, 1;
L_0x1258b7980 .part L_0x1258b5c50, 2, 1;
L_0x1258b7ab0 .part L_0x1258b5c50, 1, 1;
L_0x1258b7b90 .part L_0x1258b5c50, 0, 1;
L_0x1258b7df0 .part L_0x1258b6d90, 0, 1;
L_0x1258b8130 .part L_0x1258b5cc0, 3, 1;
L_0x1258b7c30 .part L_0x1258b5c50, 3, 1;
L_0x1258b82d0 .part L_0x1258b5cc0, 2, 1;
L_0x1258b8090 .part L_0x1258b5c50, 3, 1;
L_0x1258b8610 .part L_0x1258b5c50, 2, 1;
L_0x1258b8810 .part L_0x1258b5cc0, 1, 1;
L_0x1258b8ad0 .part L_0x1258b5c50, 3, 1;
L_0x1258b8c50 .part L_0x1258b5c50, 2, 1;
L_0x1258b7510 .part L_0x1258b5c50, 1, 1;
L_0x1258b8b70 .part L_0x1258b5cc0, 0, 1;
L_0x1258b92f0 .part L_0x1258b5c50, 3, 1;
L_0x1258b9490 .part L_0x1258b5c50, 2, 1;
L_0x1258b9620 .part L_0x1258b5c50, 1, 1;
L_0x1258b93d0 .part L_0x1258b5c50, 0, 1;
L_0x1258b99c0 .part L_0x1258b6d90, 0, 1;
S_0x12583abc0 .scope module, "n2" "cla16" 6 33, 6 4 0, S_0x12582ced0;
 .timescale -9 -11;
    .port_info 0 /INPUT 16 "d1";
    .port_info 1 /INPUT 16 "d2";
    .port_info 2 /INPUT 1 "cin";
    .port_info 3 /OUTPUT 16 "sum";
    .port_info 4 /OUTPUT 1 "cout";
P_0x12583ad90 .param/l "DATA_WIDTH" 0 6 4, +C4<00000000000000000000000000100000>;
v0x125847f80_0 .net "c1", 0 0, L_0x1258bdb50;  1 drivers
v0x125848050_0 .net "c2", 0 0, L_0x1258c1ce0;  1 drivers
v0x125848120_0 .net "c3", 0 0, L_0x1258c5ec0;  1 drivers
v0x1258481f0_0 .net "cin", 0 0, L_0x1258b96c0;  alias, 1 drivers
v0x125848280_0 .net8 "cout", 0 0, RS_0x128047f30;  alias, 3 drivers
v0x125848350_0 .net "d1", 15 0, L_0x1258ca960;  1 drivers
v0x1258483e0_0 .net "d2", 15 0, L_0x1258caa00;  1 drivers
v0x125848470_0 .net "sum", 15 0, L_0x1258ca7b0;  1 drivers
L_0x1258be120 .part L_0x1258ca960, 0, 4;
L_0x1258be1c0 .part L_0x1258caa00, 0, 4;
L_0x1258c22b0 .part L_0x1258ca960, 4, 4;
L_0x1258c2350 .part L_0x1258caa00, 4, 4;
L_0x1258c6490 .part L_0x1258ca960, 8, 4;
L_0x1258c6530 .part L_0x1258caa00, 8, 4;
L_0x1258ca5f0 .part L_0x1258ca960, 12, 4;
L_0x1258ca690 .part L_0x1258caa00, 12, 4;
L_0x1258ca7b0 .concat8 [ 4 4 4 4], L_0x1258bdd50, L_0x1258c1ee0, L_0x1258c60c0, L_0x1258ca220;
S_0x12583aec0 .scope module, "n1" "cla_4" 6 14, 7 3 0, S_0x12583abc0;
 .timescale -9 -11;
    .port_info 0 /INPUT 4 "a";
    .port_info 1 /INPUT 4 "b";
    .port_info 2 /INPUT 1 "cin";
    .port_info 3 /OUTPUT 4 "sum";
    .port_info 4 /OUTPUT 1 "cout";
L_0x1258ba140 .functor XOR 4, L_0x1258be120, L_0x1258be1c0, C4<0000>, C4<0000>;
L_0x1258ba1b0 .functor AND 4, L_0x1258be120, L_0x1258be1c0, C4<1111>, C4<1111>;
L_0x1258ba2a0 .functor BUFZ 1, L_0x1258b96c0, C4<0>, C4<0>, C4<0>;
L_0x1258ba5b0 .functor AND 1, L_0x1258ba3f0, L_0x1258ba4d0, C4<1>, C4<1>;
L_0x1258ba6e0 .functor OR 1, L_0x1258ba310, L_0x1258ba5b0, C4<0>, C4<0>;
L_0x1258baa90 .functor AND 1, L_0x1258ba8a0, L_0x1258ba970, C4<1>, C4<1>;
L_0x1258bab60 .functor OR 1, L_0x1258ba800, L_0x1258baa90, C4<0>, C4<0>;
L_0x1258bae50 .functor AND 1, L_0x1258bac90, L_0x1258badb0, C4<1>, C4<1>;
L_0x1258bb070 .functor AND 1, L_0x1258bae50, L_0x1258baf40, C4<1>, C4<1>;
L_0x1258bb170 .functor OR 1, L_0x1258bab60, L_0x1258bb070, C4<0>, C4<0>;
L_0x1258bb660 .functor AND 1, L_0x1258bb4b0, L_0x1258bb550, C4<1>, C4<1>;
L_0x1258bb770 .functor OR 1, L_0x1258bb3b0, L_0x1258bb660, C4<0>, C4<0>;
L_0x1258bb5f0 .functor AND 1, L_0x1258bb820, L_0x1258bb8c0, C4<1>, C4<1>;
L_0x1258bbbf0 .functor AND 1, L_0x1258bb5f0, L_0x1258bbb50, C4<1>, C4<1>;
L_0x1258bbca0 .functor OR 1, L_0x1258bb770, L_0x1258bbbf0, C4<0>, C4<0>;
L_0x1258bbae0 .functor AND 1, L_0x1258bbe10, L_0x1258bbf40, C4<1>, C4<1>;
L_0x1258bc160 .functor AND 1, L_0x1258bbae0, L_0x1258bc020, C4<1>, C4<1>;
L_0x1258bc320 .functor AND 1, L_0x1258bc160, L_0x1258bc280, C4<1>, C4<1>;
L_0x1258bc3f0 .functor OR 1, L_0x1258bbca0, L_0x1258bc320, C4<0>, C4<0>;
L_0x1258baa10 .functor AND 1, L_0x1258bc0c0, L_0x1258bc760, C4<1>, C4<1>;
L_0x1258bc900 .functor OR 1, L_0x1258bc5c0, L_0x1258baa10, C4<0>, C4<0>;
L_0x1258bcc10 .functor AND 1, L_0x1258bc520, L_0x1258bcaa0, C4<1>, C4<1>;
L_0x1258bcd40 .functor AND 1, L_0x1258bcc10, L_0x1258bcca0, C4<1>, C4<1>;
L_0x1258bcef0 .functor OR 1, L_0x1258bc900, L_0x1258bcd40, C4<0>, C4<0>;
L_0x1258bcb40 .functor AND 1, L_0x1258bcf60, L_0x1258bd0e0, C4<1>, C4<1>;
L_0x1258bce30 .functor AND 1, L_0x1258bcb40, L_0x1258bb9a0, C4<1>, C4<1>;
L_0x1258bd540 .functor AND 1, L_0x1258bce30, L_0x1258bd000, C4<1>, C4<1>;
L_0x1258bd710 .functor OR 1, L_0x1258bcef0, L_0x1258bd540, C4<0>, C4<0>;
L_0x1258bd400 .functor AND 1, L_0x1258bd780, L_0x1258bd920, C4<1>, C4<1>;
L_0x1258bd630 .functor AND 1, L_0x1258bd400, L_0x1258bdab0, C4<1>, C4<1>;
L_0x1258bdc60 .functor AND 1, L_0x1258bd630, L_0x1258bd860, C4<1>, C4<1>;
L_0x1258bd9c0 .functor AND 1, L_0x1258bdc60, L_0x1258bde50, C4<1>, C4<1>;
L_0x1258bdb50 .functor OR 1, L_0x1258bd710, L_0x1258bd9c0, C4<0>, C4<0>;
L_0x1258bdd50 .functor XOR 4, L_0x1258ba140, L_0x1258bb220, C4<0000>, C4<0000>;
v0x12583b130_0 .net "G", 3 0, L_0x1258ba1b0;  1 drivers
v0x12583b1e0_0 .net "P", 3 0, L_0x1258ba140;  1 drivers
v0x12583b290_0 .net *"_ivl_102", 0 0, L_0x1258bcca0;  1 drivers
v0x12583b350_0 .net *"_ivl_103", 0 0, L_0x1258bcd40;  1 drivers
v0x12583b400_0 .net *"_ivl_105", 0 0, L_0x1258bcef0;  1 drivers
v0x12583b4f0_0 .net *"_ivl_108", 0 0, L_0x1258bcf60;  1 drivers
v0x12583b5a0_0 .net *"_ivl_11", 0 0, L_0x1258ba310;  1 drivers
v0x12583b650_0 .net *"_ivl_110", 0 0, L_0x1258bd0e0;  1 drivers
v0x12583b700_0 .net *"_ivl_111", 0 0, L_0x1258bcb40;  1 drivers
v0x12583b810_0 .net *"_ivl_114", 0 0, L_0x1258bb9a0;  1 drivers
v0x12583b8c0_0 .net *"_ivl_115", 0 0, L_0x1258bce30;  1 drivers
v0x12583b970_0 .net *"_ivl_118", 0 0, L_0x1258bd000;  1 drivers
v0x12583ba20_0 .net *"_ivl_119", 0 0, L_0x1258bd540;  1 drivers
v0x12583bad0_0 .net *"_ivl_121", 0 0, L_0x1258bd710;  1 drivers
v0x12583bb80_0 .net *"_ivl_124", 0 0, L_0x1258bd780;  1 drivers
v0x12583bc30_0 .net *"_ivl_126", 0 0, L_0x1258bd920;  1 drivers
v0x12583bce0_0 .net *"_ivl_127", 0 0, L_0x1258bd400;  1 drivers
v0x12583be70_0 .net *"_ivl_13", 0 0, L_0x1258ba3f0;  1 drivers
v0x12583bf00_0 .net *"_ivl_130", 0 0, L_0x1258bdab0;  1 drivers
v0x12583bfb0_0 .net *"_ivl_131", 0 0, L_0x1258bd630;  1 drivers
v0x12583c060_0 .net *"_ivl_134", 0 0, L_0x1258bd860;  1 drivers
v0x12583c110_0 .net *"_ivl_135", 0 0, L_0x1258bdc60;  1 drivers
v0x12583c1c0_0 .net *"_ivl_138", 0 0, L_0x1258bde50;  1 drivers
v0x12583c270_0 .net *"_ivl_139", 0 0, L_0x1258bd9c0;  1 drivers
v0x12583c320_0 .net *"_ivl_15", 0 0, L_0x1258ba4d0;  1 drivers
v0x12583c3d0_0 .net *"_ivl_16", 0 0, L_0x1258ba5b0;  1 drivers
v0x12583c480_0 .net *"_ivl_18", 0 0, L_0x1258ba6e0;  1 drivers
v0x12583c530_0 .net *"_ivl_23", 0 0, L_0x1258ba800;  1 drivers
v0x12583c5e0_0 .net *"_ivl_25", 0 0, L_0x1258ba8a0;  1 drivers
v0x12583c690_0 .net *"_ivl_27", 0 0, L_0x1258ba970;  1 drivers
v0x12583c740_0 .net *"_ivl_28", 0 0, L_0x1258baa90;  1 drivers
v0x12583c7f0_0 .net *"_ivl_30", 0 0, L_0x1258bab60;  1 drivers
v0x12583c8a0_0 .net *"_ivl_33", 0 0, L_0x1258bac90;  1 drivers
v0x12583bd90_0 .net *"_ivl_35", 0 0, L_0x1258badb0;  1 drivers
v0x12583cb30_0 .net *"_ivl_36", 0 0, L_0x1258bae50;  1 drivers
v0x12583cbc0_0 .net *"_ivl_39", 0 0, L_0x1258baf40;  1 drivers
v0x12583cc60_0 .net *"_ivl_40", 0 0, L_0x1258bb070;  1 drivers
v0x12583cd10_0 .net *"_ivl_42", 0 0, L_0x1258bb170;  1 drivers
v0x12583cdc0_0 .net *"_ivl_48", 0 0, L_0x1258bb3b0;  1 drivers
v0x12583ce70_0 .net *"_ivl_50", 0 0, L_0x1258bb4b0;  1 drivers
v0x12583cf20_0 .net *"_ivl_52", 0 0, L_0x1258bb550;  1 drivers
v0x12583cfd0_0 .net *"_ivl_53", 0 0, L_0x1258bb660;  1 drivers
v0x12583d080_0 .net *"_ivl_55", 0 0, L_0x1258bb770;  1 drivers
v0x12583d130_0 .net *"_ivl_58", 0 0, L_0x1258bb820;  1 drivers
v0x12583d1e0_0 .net *"_ivl_60", 0 0, L_0x1258bb8c0;  1 drivers
v0x12583d290_0 .net *"_ivl_61", 0 0, L_0x1258bb5f0;  1 drivers
v0x12583d340_0 .net *"_ivl_64", 0 0, L_0x1258bbb50;  1 drivers
v0x12583d3f0_0 .net *"_ivl_65", 0 0, L_0x1258bbbf0;  1 drivers
v0x12583d4a0_0 .net *"_ivl_67", 0 0, L_0x1258bbca0;  1 drivers
v0x12583d550_0 .net *"_ivl_7", 0 0, L_0x1258ba2a0;  1 drivers
v0x12583d600_0 .net *"_ivl_70", 0 0, L_0x1258bbe10;  1 drivers
v0x12583d6b0_0 .net *"_ivl_72", 0 0, L_0x1258bbf40;  1 drivers
v0x12583d760_0 .net *"_ivl_73", 0 0, L_0x1258bbae0;  1 drivers
v0x12583d810_0 .net *"_ivl_76", 0 0, L_0x1258bc020;  1 drivers
v0x12583d8c0_0 .net *"_ivl_77", 0 0, L_0x1258bc160;  1 drivers
v0x12583d970_0 .net *"_ivl_80", 0 0, L_0x1258bc280;  1 drivers
v0x12583da20_0 .net *"_ivl_81", 0 0, L_0x1258bc320;  1 drivers
v0x12583dad0_0 .net *"_ivl_83", 0 0, L_0x1258bc3f0;  1 drivers
v0x12583db80_0 .net *"_ivl_86", 0 0, L_0x1258bc5c0;  1 drivers
v0x12583dc30_0 .net *"_ivl_88", 0 0, L_0x1258bc0c0;  1 drivers
v0x12583dce0_0 .net *"_ivl_90", 0 0, L_0x1258bc760;  1 drivers
v0x12583dd90_0 .net *"_ivl_91", 0 0, L_0x1258baa10;  1 drivers
v0x12583de40_0 .net *"_ivl_93", 0 0, L_0x1258bc900;  1 drivers
v0x12583def0_0 .net *"_ivl_96", 0 0, L_0x1258bc520;  1 drivers
v0x12583dfa0_0 .net *"_ivl_98", 0 0, L_0x1258bcaa0;  1 drivers
v0x12583c950_0 .net *"_ivl_99", 0 0, L_0x1258bcc10;  1 drivers
v0x12583ca00_0 .net "a", 3 0, L_0x1258be120;  1 drivers
v0x12583e030_0 .net "b", 3 0, L_0x1258be1c0;  1 drivers
v0x12583e0c0_0 .net "c", 3 0, L_0x1258bb220;  1 drivers
v0x12583e150_0 .net "cin", 0 0, L_0x1258b96c0;  alias, 1 drivers
v0x12583e1e0_0 .net "cout", 0 0, L_0x1258bdb50;  alias, 1 drivers
v0x12583e270_0 .net "sum", 3 0, L_0x1258bdd50;  1 drivers
L_0x1258ba310 .part L_0x1258ba1b0, 0, 1;
L_0x1258ba3f0 .part L_0x1258ba140, 0, 1;
L_0x1258ba4d0 .part L_0x1258bb220, 0, 1;
L_0x1258ba800 .part L_0x1258ba1b0, 1, 1;
L_0x1258ba8a0 .part L_0x1258ba140, 1, 1;
L_0x1258ba970 .part L_0x1258ba1b0, 0, 1;
L_0x1258bac90 .part L_0x1258ba140, 1, 1;
L_0x1258badb0 .part L_0x1258ba140, 0, 1;
L_0x1258baf40 .part L_0x1258bb220, 0, 1;
L_0x1258bb220 .concat8 [ 1 1 1 1], L_0x1258ba2a0, L_0x1258ba6e0, L_0x1258bb170, L_0x1258bc3f0;
L_0x1258bb3b0 .part L_0x1258ba1b0, 2, 1;
L_0x1258bb4b0 .part L_0x1258ba140, 2, 1;
L_0x1258bb550 .part L_0x1258ba1b0, 1, 1;
L_0x1258bb820 .part L_0x1258ba140, 2, 1;
L_0x1258bb8c0 .part L_0x1258ba140, 1, 1;
L_0x1258bbb50 .part L_0x1258ba1b0, 0, 1;
L_0x1258bbe10 .part L_0x1258ba140, 2, 1;
L_0x1258bbf40 .part L_0x1258ba140, 1, 1;
L_0x1258bc020 .part L_0x1258ba140, 0, 1;
L_0x1258bc280 .part L_0x1258bb220, 0, 1;
L_0x1258bc5c0 .part L_0x1258ba1b0, 3, 1;
L_0x1258bc0c0 .part L_0x1258ba140, 3, 1;
L_0x1258bc760 .part L_0x1258ba1b0, 2, 1;
L_0x1258bc520 .part L_0x1258ba140, 3, 1;
L_0x1258bcaa0 .part L_0x1258ba140, 2, 1;
L_0x1258bcca0 .part L_0x1258ba1b0, 1, 1;
L_0x1258bcf60 .part L_0x1258ba140, 3, 1;
L_0x1258bd0e0 .part L_0x1258ba140, 2, 1;
L_0x1258bb9a0 .part L_0x1258ba140, 1, 1;
L_0x1258bd000 .part L_0x1258ba1b0, 0, 1;
L_0x1258bd780 .part L_0x1258ba140, 3, 1;
L_0x1258bd920 .part L_0x1258ba140, 2, 1;
L_0x1258bdab0 .part L_0x1258ba140, 1, 1;
L_0x1258bd860 .part L_0x1258ba140, 0, 1;
L_0x1258bde50 .part L_0x1258bb220, 0, 1;
S_0x12583e330 .scope module, "n2" "cla_4" 6 15, 7 3 0, S_0x12583abc0;
 .timescale -9 -11;
    .port_info 0 /INPUT 4 "a";
    .port_info 1 /INPUT 4 "b";
    .port_info 2 /INPUT 1 "cin";
    .port_info 3 /OUTPUT 4 "sum";
    .port_info 4 /OUTPUT 1 "cout";
L_0x1258bddc0 .functor XOR 4, L_0x1258c22b0, L_0x1258c2350, C4<0000>, C4<0000>;
L_0x1258be2c0 .functor AND 4, L_0x1258c22b0, L_0x1258c2350, C4<1111>, C4<1111>;
L_0x1258be3f0 .functor BUFZ 1, L_0x1258bdb50, C4<0>, C4<0>, C4<0>;
L_0x1258be760 .functor AND 1, L_0x1258be5c0, L_0x1258be6a0, C4<1>, C4<1>;
L_0x1258be870 .functor OR 1, L_0x1258be4e0, L_0x1258be760, C4<0>, C4<0>;
L_0x1258bec20 .functor AND 1, L_0x1258bea30, L_0x1258beb00, C4<1>, C4<1>;
L_0x1258becf0 .functor OR 1, L_0x1258be990, L_0x1258bec20, C4<0>, C4<0>;
L_0x1258befe0 .functor AND 1, L_0x1258bee20, L_0x1258bef40, C4<1>, C4<1>;
L_0x1258bf200 .functor AND 1, L_0x1258befe0, L_0x1258bf0d0, C4<1>, C4<1>;
L_0x1258bf300 .functor OR 1, L_0x1258becf0, L_0x1258bf200, C4<0>, C4<0>;
L_0x1258bf7f0 .functor AND 1, L_0x1258bf640, L_0x1258bf6e0, C4<1>, C4<1>;
L_0x1258bf900 .functor OR 1, L_0x1258bf540, L_0x1258bf7f0, C4<0>, C4<0>;
L_0x1258bf780 .functor AND 1, L_0x1258bf9b0, L_0x1258bfa50, C4<1>, C4<1>;
L_0x1258bfd80 .functor AND 1, L_0x1258bf780, L_0x1258bfce0, C4<1>, C4<1>;
L_0x1258bfe30 .functor OR 1, L_0x1258bf900, L_0x1258bfd80, C4<0>, C4<0>;
L_0x1258bfc70 .functor AND 1, L_0x1258bffa0, L_0x1258c00d0, C4<1>, C4<1>;
L_0x1258c02f0 .functor AND 1, L_0x1258bfc70, L_0x1258c01b0, C4<1>, C4<1>;
L_0x1258c04b0 .functor AND 1, L_0x1258c02f0, L_0x1258c0410, C4<1>, C4<1>;
L_0x1258c0580 .functor OR 1, L_0x1258bfe30, L_0x1258c04b0, C4<0>, C4<0>;
L_0x1258beba0 .functor AND 1, L_0x1258c0250, L_0x1258c08f0, C4<1>, C4<1>;
L_0x1258c0a90 .functor OR 1, L_0x1258c0750, L_0x1258beba0, C4<0>, C4<0>;
L_0x1258c0da0 .functor AND 1, L_0x1258c06b0, L_0x1258c0c30, C4<1>, C4<1>;
L_0x1258c0ed0 .functor AND 1, L_0x1258c0da0, L_0x1258c0e30, C4<1>, C4<1>;
L_0x1258c1080 .functor OR 1, L_0x1258c0a90, L_0x1258c0ed0, C4<0>, C4<0>;
L_0x1258c0cd0 .functor AND 1, L_0x1258c10f0, L_0x1258c1270, C4<1>, C4<1>;
L_0x1258c0fc0 .functor AND 1, L_0x1258c0cd0, L_0x1258bfb30, C4<1>, C4<1>;
L_0x1258c16d0 .functor AND 1, L_0x1258c0fc0, L_0x1258c1190, C4<1>, C4<1>;
L_0x1258c18a0 .functor OR 1, L_0x1258c1080, L_0x1258c16d0, C4<0>, C4<0>;
L_0x1258c1590 .functor AND 1, L_0x1258c1910, L_0x1258c1ab0, C4<1>, C4<1>;
L_0x1258c17c0 .functor AND 1, L_0x1258c1590, L_0x1258c1c40, C4<1>, C4<1>;
L_0x1258c1df0 .functor AND 1, L_0x1258c17c0, L_0x1258c19f0, C4<1>, C4<1>;
L_0x1258c1b50 .functor AND 1, L_0x1258c1df0, L_0x1258c1fe0, C4<1>, C4<1>;
L_0x1258c1ce0 .functor OR 1, L_0x1258c18a0, L_0x1258c1b50, C4<0>, C4<0>;
L_0x1258c1ee0 .functor XOR 4, L_0x1258bddc0, L_0x1258bf3b0, C4<0000>, C4<0000>;
v0x12583e570_0 .net "G", 3 0, L_0x1258be2c0;  1 drivers
v0x12583e610_0 .net "P", 3 0, L_0x1258bddc0;  1 drivers
v0x12583e6c0_0 .net *"_ivl_102", 0 0, L_0x1258c0e30;  1 drivers
v0x12583e780_0 .net *"_ivl_103", 0 0, L_0x1258c0ed0;  1 drivers
v0x12583e830_0 .net *"_ivl_105", 0 0, L_0x1258c1080;  1 drivers
v0x12583e920_0 .net *"_ivl_108", 0 0, L_0x1258c10f0;  1 drivers
v0x12583e9d0_0 .net *"_ivl_11", 0 0, L_0x1258be4e0;  1 drivers
v0x12583ea80_0 .net *"_ivl_110", 0 0, L_0x1258c1270;  1 drivers
v0x12583eb30_0 .net *"_ivl_111", 0 0, L_0x1258c0cd0;  1 drivers
v0x12583ec40_0 .net *"_ivl_114", 0 0, L_0x1258bfb30;  1 drivers
v0x12583ecf0_0 .net *"_ivl_115", 0 0, L_0x1258c0fc0;  1 drivers
v0x12583eda0_0 .net *"_ivl_118", 0 0, L_0x1258c1190;  1 drivers
v0x12583ee50_0 .net *"_ivl_119", 0 0, L_0x1258c16d0;  1 drivers
v0x12583ef00_0 .net *"_ivl_121", 0 0, L_0x1258c18a0;  1 drivers
v0x12583efb0_0 .net *"_ivl_124", 0 0, L_0x1258c1910;  1 drivers
v0x12583f060_0 .net *"_ivl_126", 0 0, L_0x1258c1ab0;  1 drivers
v0x12583f110_0 .net *"_ivl_127", 0 0, L_0x1258c1590;  1 drivers
v0x12583f2a0_0 .net *"_ivl_13", 0 0, L_0x1258be5c0;  1 drivers
v0x12583f330_0 .net *"_ivl_130", 0 0, L_0x1258c1c40;  1 drivers
v0x12583f3e0_0 .net *"_ivl_131", 0 0, L_0x1258c17c0;  1 drivers
v0x12583f490_0 .net *"_ivl_134", 0 0, L_0x1258c19f0;  1 drivers
v0x12583f540_0 .net *"_ivl_135", 0 0, L_0x1258c1df0;  1 drivers
v0x12583f5f0_0 .net *"_ivl_138", 0 0, L_0x1258c1fe0;  1 drivers
v0x12583f6a0_0 .net *"_ivl_139", 0 0, L_0x1258c1b50;  1 drivers
v0x12583f750_0 .net *"_ivl_15", 0 0, L_0x1258be6a0;  1 drivers
v0x12583f800_0 .net *"_ivl_16", 0 0, L_0x1258be760;  1 drivers
v0x12583f8b0_0 .net *"_ivl_18", 0 0, L_0x1258be870;  1 drivers
v0x12583f960_0 .net *"_ivl_23", 0 0, L_0x1258be990;  1 drivers
v0x12583fa10_0 .net *"_ivl_25", 0 0, L_0x1258bea30;  1 drivers
v0x12583fac0_0 .net *"_ivl_27", 0 0, L_0x1258beb00;  1 drivers
v0x12583fb70_0 .net *"_ivl_28", 0 0, L_0x1258bec20;  1 drivers
v0x12583fc20_0 .net *"_ivl_30", 0 0, L_0x1258becf0;  1 drivers
v0x12583fcd0_0 .net *"_ivl_33", 0 0, L_0x1258bee20;  1 drivers
v0x12583f1c0_0 .net *"_ivl_35", 0 0, L_0x1258bef40;  1 drivers
v0x12583ff60_0 .net *"_ivl_36", 0 0, L_0x1258befe0;  1 drivers
v0x12583fff0_0 .net *"_ivl_39", 0 0, L_0x1258bf0d0;  1 drivers
v0x125840090_0 .net *"_ivl_40", 0 0, L_0x1258bf200;  1 drivers
v0x125840140_0 .net *"_ivl_42", 0 0, L_0x1258bf300;  1 drivers
v0x1258401f0_0 .net *"_ivl_48", 0 0, L_0x1258bf540;  1 drivers
v0x1258402a0_0 .net *"_ivl_50", 0 0, L_0x1258bf640;  1 drivers
v0x125840350_0 .net *"_ivl_52", 0 0, L_0x1258bf6e0;  1 drivers
v0x125840400_0 .net *"_ivl_53", 0 0, L_0x1258bf7f0;  1 drivers
v0x1258404b0_0 .net *"_ivl_55", 0 0, L_0x1258bf900;  1 drivers
v0x125840560_0 .net *"_ivl_58", 0 0, L_0x1258bf9b0;  1 drivers
v0x125840610_0 .net *"_ivl_60", 0 0, L_0x1258bfa50;  1 drivers
v0x1258406c0_0 .net *"_ivl_61", 0 0, L_0x1258bf780;  1 drivers
v0x125840770_0 .net *"_ivl_64", 0 0, L_0x1258bfce0;  1 drivers
v0x125840820_0 .net *"_ivl_65", 0 0, L_0x1258bfd80;  1 drivers
v0x1258408d0_0 .net *"_ivl_67", 0 0, L_0x1258bfe30;  1 drivers
v0x125840980_0 .net *"_ivl_7", 0 0, L_0x1258be3f0;  1 drivers
v0x125840a30_0 .net *"_ivl_70", 0 0, L_0x1258bffa0;  1 drivers
v0x125840ae0_0 .net *"_ivl_72", 0 0, L_0x1258c00d0;  1 drivers
v0x125840b90_0 .net *"_ivl_73", 0 0, L_0x1258bfc70;  1 drivers
v0x125840c40_0 .net *"_ivl_76", 0 0, L_0x1258c01b0;  1 drivers
v0x125840cf0_0 .net *"_ivl_77", 0 0, L_0x1258c02f0;  1 drivers
v0x125840da0_0 .net *"_ivl_80", 0 0, L_0x1258c0410;  1 drivers
v0x125840e50_0 .net *"_ivl_81", 0 0, L_0x1258c04b0;  1 drivers
v0x125840f00_0 .net *"_ivl_83", 0 0, L_0x1258c0580;  1 drivers
v0x125840fb0_0 .net *"_ivl_86", 0 0, L_0x1258c0750;  1 drivers
v0x125841060_0 .net *"_ivl_88", 0 0, L_0x1258c0250;  1 drivers
v0x125841110_0 .net *"_ivl_90", 0 0, L_0x1258c08f0;  1 drivers
v0x1258411c0_0 .net *"_ivl_91", 0 0, L_0x1258beba0;  1 drivers
v0x125841270_0 .net *"_ivl_93", 0 0, L_0x1258c0a90;  1 drivers
v0x125841320_0 .net *"_ivl_96", 0 0, L_0x1258c06b0;  1 drivers
v0x1258413d0_0 .net *"_ivl_98", 0 0, L_0x1258c0c30;  1 drivers
v0x12583fd80_0 .net *"_ivl_99", 0 0, L_0x1258c0da0;  1 drivers
v0x12583fe30_0 .net "a", 3 0, L_0x1258c22b0;  1 drivers
v0x125841460_0 .net "b", 3 0, L_0x1258c2350;  1 drivers
v0x1258414f0_0 .net "c", 3 0, L_0x1258bf3b0;  1 drivers
v0x125841580_0 .net "cin", 0 0, L_0x1258bdb50;  alias, 1 drivers
v0x125841610_0 .net "cout", 0 0, L_0x1258c1ce0;  alias, 1 drivers
v0x1258416a0_0 .net "sum", 3 0, L_0x1258c1ee0;  1 drivers
L_0x1258be4e0 .part L_0x1258be2c0, 0, 1;
L_0x1258be5c0 .part L_0x1258bddc0, 0, 1;
L_0x1258be6a0 .part L_0x1258bf3b0, 0, 1;
L_0x1258be990 .part L_0x1258be2c0, 1, 1;
L_0x1258bea30 .part L_0x1258bddc0, 1, 1;
L_0x1258beb00 .part L_0x1258be2c0, 0, 1;
L_0x1258bee20 .part L_0x1258bddc0, 1, 1;
L_0x1258bef40 .part L_0x1258bddc0, 0, 1;
L_0x1258bf0d0 .part L_0x1258bf3b0, 0, 1;
L_0x1258bf3b0 .concat8 [ 1 1 1 1], L_0x1258be3f0, L_0x1258be870, L_0x1258bf300, L_0x1258c0580;
L_0x1258bf540 .part L_0x1258be2c0, 2, 1;
L_0x1258bf640 .part L_0x1258bddc0, 2, 1;
L_0x1258bf6e0 .part L_0x1258be2c0, 1, 1;
L_0x1258bf9b0 .part L_0x1258bddc0, 2, 1;
L_0x1258bfa50 .part L_0x1258bddc0, 1, 1;
L_0x1258bfce0 .part L_0x1258be2c0, 0, 1;
L_0x1258bffa0 .part L_0x1258bddc0, 2, 1;
L_0x1258c00d0 .part L_0x1258bddc0, 1, 1;
L_0x1258c01b0 .part L_0x1258bddc0, 0, 1;
L_0x1258c0410 .part L_0x1258bf3b0, 0, 1;
L_0x1258c0750 .part L_0x1258be2c0, 3, 1;
L_0x1258c0250 .part L_0x1258bddc0, 3, 1;
L_0x1258c08f0 .part L_0x1258be2c0, 2, 1;
L_0x1258c06b0 .part L_0x1258bddc0, 3, 1;
L_0x1258c0c30 .part L_0x1258bddc0, 2, 1;
L_0x1258c0e30 .part L_0x1258be2c0, 1, 1;
L_0x1258c10f0 .part L_0x1258bddc0, 3, 1;
L_0x1258c1270 .part L_0x1258bddc0, 2, 1;
L_0x1258bfb30 .part L_0x1258bddc0, 1, 1;
L_0x1258c1190 .part L_0x1258be2c0, 0, 1;
L_0x1258c1910 .part L_0x1258bddc0, 3, 1;
L_0x1258c1ab0 .part L_0x1258bddc0, 2, 1;
L_0x1258c1c40 .part L_0x1258bddc0, 1, 1;
L_0x1258c19f0 .part L_0x1258bddc0, 0, 1;
L_0x1258c1fe0 .part L_0x1258bf3b0, 0, 1;
S_0x125841730 .scope module, "n3" "cla_4" 6 16, 7 3 0, S_0x12583abc0;
 .timescale -9 -11;
    .port_info 0 /INPUT 4 "a";
    .port_info 1 /INPUT 4 "b";
    .port_info 2 /INPUT 1 "cin";
    .port_info 3 /OUTPUT 4 "sum";
    .port_info 4 /OUTPUT 1 "cout";
L_0x1258c23f0 .functor XOR 4, L_0x1258c6490, L_0x1258c6530, C4<0000>, C4<0000>;
L_0x1258c2480 .functor AND 4, L_0x1258c6490, L_0x1258c6530, C4<1111>, C4<1111>;
L_0x1258c25b0 .functor BUFZ 1, L_0x1258c1ce0, C4<0>, C4<0>, C4<0>;
L_0x1258c2920 .functor AND 1, L_0x1258c2780, L_0x1258c2860, C4<1>, C4<1>;
L_0x1258c2a50 .functor OR 1, L_0x1258c26a0, L_0x1258c2920, C4<0>, C4<0>;
L_0x1258c2e00 .functor AND 1, L_0x1258c2c10, L_0x1258c2ce0, C4<1>, C4<1>;
L_0x1258c2ed0 .functor OR 1, L_0x1258c2b70, L_0x1258c2e00, C4<0>, C4<0>;
L_0x1258c31c0 .functor AND 1, L_0x1258c3000, L_0x1258c3120, C4<1>, C4<1>;
L_0x1258c33e0 .functor AND 1, L_0x1258c31c0, L_0x1258c32b0, C4<1>, C4<1>;
L_0x1258c34e0 .functor OR 1, L_0x1258c2ed0, L_0x1258c33e0, C4<0>, C4<0>;
L_0x1258c39d0 .functor AND 1, L_0x1258c3820, L_0x1258c38c0, C4<1>, C4<1>;
L_0x1258c3ae0 .functor OR 1, L_0x1258c3720, L_0x1258c39d0, C4<0>, C4<0>;
L_0x1258c3960 .functor AND 1, L_0x1258c3b90, L_0x1258c3c30, C4<1>, C4<1>;
L_0x1258c3f60 .functor AND 1, L_0x1258c3960, L_0x1258c3ec0, C4<1>, C4<1>;
L_0x1258c4010 .functor OR 1, L_0x1258c3ae0, L_0x1258c3f60, C4<0>, C4<0>;
L_0x1258c3e50 .functor AND 1, L_0x1258c4180, L_0x1258c42b0, C4<1>, C4<1>;
L_0x1258c44d0 .functor AND 1, L_0x1258c3e50, L_0x1258c4390, C4<1>, C4<1>;
L_0x1258c4690 .functor AND 1, L_0x1258c44d0, L_0x1258c45f0, C4<1>, C4<1>;
L_0x1258c4760 .functor OR 1, L_0x1258c4010, L_0x1258c4690, C4<0>, C4<0>;
L_0x1258c2d80 .functor AND 1, L_0x1258c4430, L_0x1258c4ad0, C4<1>, C4<1>;
L_0x1258c4c70 .functor OR 1, L_0x1258c4930, L_0x1258c2d80, C4<0>, C4<0>;
L_0x1258c4f80 .functor AND 1, L_0x1258c4890, L_0x1258c4e10, C4<1>, C4<1>;
L_0x1258c50b0 .functor AND 1, L_0x1258c4f80, L_0x1258c5010, C4<1>, C4<1>;
L_0x1258c5260 .functor OR 1, L_0x1258c4c70, L_0x1258c50b0, C4<0>, C4<0>;
L_0x1258c4eb0 .functor AND 1, L_0x1258c52d0, L_0x1258c5450, C4<1>, C4<1>;
L_0x1258c51a0 .functor AND 1, L_0x1258c4eb0, L_0x1258c3d10, C4<1>, C4<1>;
L_0x1258c58b0 .functor AND 1, L_0x1258c51a0, L_0x1258c5370, C4<1>, C4<1>;
L_0x1258c5a80 .functor OR 1, L_0x1258c5260, L_0x1258c58b0, C4<0>, C4<0>;
L_0x1258c5770 .functor AND 1, L_0x1258c5af0, L_0x1258c5c90, C4<1>, C4<1>;
L_0x1258c59a0 .functor AND 1, L_0x1258c5770, L_0x1258c5e20, C4<1>, C4<1>;
L_0x1258c5fd0 .functor AND 1, L_0x1258c59a0, L_0x1258c5bd0, C4<1>, C4<1>;
L_0x1258c5d30 .functor AND 1, L_0x1258c5fd0, L_0x1258c61c0, C4<1>, C4<1>;
L_0x1258c5ec0 .functor OR 1, L_0x1258c5a80, L_0x1258c5d30, C4<0>, C4<0>;
L_0x1258c60c0 .functor XOR 4, L_0x1258c23f0, L_0x1258c3590, C4<0000>, C4<0000>;
v0x125841990_0 .net "G", 3 0, L_0x1258c2480;  1 drivers
v0x125841a40_0 .net "P", 3 0, L_0x1258c23f0;  1 drivers
v0x125841af0_0 .net *"_ivl_102", 0 0, L_0x1258c5010;  1 drivers
v0x125841bb0_0 .net *"_ivl_103", 0 0, L_0x1258c50b0;  1 drivers
v0x125841c60_0 .net *"_ivl_105", 0 0, L_0x1258c5260;  1 drivers
v0x125841d50_0 .net *"_ivl_108", 0 0, L_0x1258c52d0;  1 drivers
v0x125841e00_0 .net *"_ivl_11", 0 0, L_0x1258c26a0;  1 drivers
v0x125841eb0_0 .net *"_ivl_110", 0 0, L_0x1258c5450;  1 drivers
v0x125841f60_0 .net *"_ivl_111", 0 0, L_0x1258c4eb0;  1 drivers
v0x125842070_0 .net *"_ivl_114", 0 0, L_0x1258c3d10;  1 drivers
v0x125842120_0 .net *"_ivl_115", 0 0, L_0x1258c51a0;  1 drivers
v0x1258421d0_0 .net *"_ivl_118", 0 0, L_0x1258c5370;  1 drivers
v0x125842280_0 .net *"_ivl_119", 0 0, L_0x1258c58b0;  1 drivers
v0x125842330_0 .net *"_ivl_121", 0 0, L_0x1258c5a80;  1 drivers
v0x1258423e0_0 .net *"_ivl_124", 0 0, L_0x1258c5af0;  1 drivers
v0x125842490_0 .net *"_ivl_126", 0 0, L_0x1258c5c90;  1 drivers
v0x125842540_0 .net *"_ivl_127", 0 0, L_0x1258c5770;  1 drivers
v0x1258426d0_0 .net *"_ivl_13", 0 0, L_0x1258c2780;  1 drivers
v0x125842760_0 .net *"_ivl_130", 0 0, L_0x1258c5e20;  1 drivers
v0x125842810_0 .net *"_ivl_131", 0 0, L_0x1258c59a0;  1 drivers
v0x1258428c0_0 .net *"_ivl_134", 0 0, L_0x1258c5bd0;  1 drivers
v0x125842970_0 .net *"_ivl_135", 0 0, L_0x1258c5fd0;  1 drivers
v0x125842a20_0 .net *"_ivl_138", 0 0, L_0x1258c61c0;  1 drivers
v0x125842ad0_0 .net *"_ivl_139", 0 0, L_0x1258c5d30;  1 drivers
v0x125842b80_0 .net *"_ivl_15", 0 0, L_0x1258c2860;  1 drivers
v0x125842c30_0 .net *"_ivl_16", 0 0, L_0x1258c2920;  1 drivers
v0x125842ce0_0 .net *"_ivl_18", 0 0, L_0x1258c2a50;  1 drivers
v0x125842d90_0 .net *"_ivl_23", 0 0, L_0x1258c2b70;  1 drivers
v0x125842e40_0 .net *"_ivl_25", 0 0, L_0x1258c2c10;  1 drivers
v0x125842ef0_0 .net *"_ivl_27", 0 0, L_0x1258c2ce0;  1 drivers
v0x125842fa0_0 .net *"_ivl_28", 0 0, L_0x1258c2e00;  1 drivers
v0x125843050_0 .net *"_ivl_30", 0 0, L_0x1258c2ed0;  1 drivers
v0x125843100_0 .net *"_ivl_33", 0 0, L_0x1258c3000;  1 drivers
v0x1258425f0_0 .net *"_ivl_35", 0 0, L_0x1258c3120;  1 drivers
v0x125843390_0 .net *"_ivl_36", 0 0, L_0x1258c31c0;  1 drivers
v0x125843420_0 .net *"_ivl_39", 0 0, L_0x1258c32b0;  1 drivers
v0x1258434c0_0 .net *"_ivl_40", 0 0, L_0x1258c33e0;  1 drivers
v0x125843570_0 .net *"_ivl_42", 0 0, L_0x1258c34e0;  1 drivers
v0x125843620_0 .net *"_ivl_48", 0 0, L_0x1258c3720;  1 drivers
v0x1258436d0_0 .net *"_ivl_50", 0 0, L_0x1258c3820;  1 drivers
v0x125843780_0 .net *"_ivl_52", 0 0, L_0x1258c38c0;  1 drivers
v0x125843830_0 .net *"_ivl_53", 0 0, L_0x1258c39d0;  1 drivers
v0x1258438e0_0 .net *"_ivl_55", 0 0, L_0x1258c3ae0;  1 drivers
v0x125843990_0 .net *"_ivl_58", 0 0, L_0x1258c3b90;  1 drivers
v0x125843a40_0 .net *"_ivl_60", 0 0, L_0x1258c3c30;  1 drivers
v0x125843af0_0 .net *"_ivl_61", 0 0, L_0x1258c3960;  1 drivers
v0x125843ba0_0 .net *"_ivl_64", 0 0, L_0x1258c3ec0;  1 drivers
v0x125843c50_0 .net *"_ivl_65", 0 0, L_0x1258c3f60;  1 drivers
v0x125843d00_0 .net *"_ivl_67", 0 0, L_0x1258c4010;  1 drivers
v0x125843db0_0 .net *"_ivl_7", 0 0, L_0x1258c25b0;  1 drivers
v0x125843e60_0 .net *"_ivl_70", 0 0, L_0x1258c4180;  1 drivers
v0x125843f10_0 .net *"_ivl_72", 0 0, L_0x1258c42b0;  1 drivers
v0x125843fc0_0 .net *"_ivl_73", 0 0, L_0x1258c3e50;  1 drivers
v0x125844070_0 .net *"_ivl_76", 0 0, L_0x1258c4390;  1 drivers
v0x125844120_0 .net *"_ivl_77", 0 0, L_0x1258c44d0;  1 drivers
v0x1258441d0_0 .net *"_ivl_80", 0 0, L_0x1258c45f0;  1 drivers
v0x125844280_0 .net *"_ivl_81", 0 0, L_0x1258c4690;  1 drivers
v0x125844330_0 .net *"_ivl_83", 0 0, L_0x1258c4760;  1 drivers
v0x1258443e0_0 .net *"_ivl_86", 0 0, L_0x1258c4930;  1 drivers
v0x125844490_0 .net *"_ivl_88", 0 0, L_0x1258c4430;  1 drivers
v0x125844540_0 .net *"_ivl_90", 0 0, L_0x1258c4ad0;  1 drivers
v0x1258445f0_0 .net *"_ivl_91", 0 0, L_0x1258c2d80;  1 drivers
v0x1258446a0_0 .net *"_ivl_93", 0 0, L_0x1258c4c70;  1 drivers
v0x125844750_0 .net *"_ivl_96", 0 0, L_0x1258c4890;  1 drivers
v0x125844800_0 .net *"_ivl_98", 0 0, L_0x1258c4e10;  1 drivers
v0x1258431b0_0 .net *"_ivl_99", 0 0, L_0x1258c4f80;  1 drivers
v0x125843260_0 .net "a", 3 0, L_0x1258c6490;  1 drivers
v0x125844890_0 .net "b", 3 0, L_0x1258c6530;  1 drivers
v0x125844920_0 .net "c", 3 0, L_0x1258c3590;  1 drivers
v0x1258449b0_0 .net "cin", 0 0, L_0x1258c1ce0;  alias, 1 drivers
v0x125844a40_0 .net "cout", 0 0, L_0x1258c5ec0;  alias, 1 drivers
v0x125844ad0_0 .net "sum", 3 0, L_0x1258c60c0;  1 drivers
L_0x1258c26a0 .part L_0x1258c2480, 0, 1;
L_0x1258c2780 .part L_0x1258c23f0, 0, 1;
L_0x1258c2860 .part L_0x1258c3590, 0, 1;
L_0x1258c2b70 .part L_0x1258c2480, 1, 1;
L_0x1258c2c10 .part L_0x1258c23f0, 1, 1;
L_0x1258c2ce0 .part L_0x1258c2480, 0, 1;
L_0x1258c3000 .part L_0x1258c23f0, 1, 1;
L_0x1258c3120 .part L_0x1258c23f0, 0, 1;
L_0x1258c32b0 .part L_0x1258c3590, 0, 1;
L_0x1258c3590 .concat8 [ 1 1 1 1], L_0x1258c25b0, L_0x1258c2a50, L_0x1258c34e0, L_0x1258c4760;
L_0x1258c3720 .part L_0x1258c2480, 2, 1;
L_0x1258c3820 .part L_0x1258c23f0, 2, 1;
L_0x1258c38c0 .part L_0x1258c2480, 1, 1;
L_0x1258c3b90 .part L_0x1258c23f0, 2, 1;
L_0x1258c3c30 .part L_0x1258c23f0, 1, 1;
L_0x1258c3ec0 .part L_0x1258c2480, 0, 1;
L_0x1258c4180 .part L_0x1258c23f0, 2, 1;
L_0x1258c42b0 .part L_0x1258c23f0, 1, 1;
L_0x1258c4390 .part L_0x1258c23f0, 0, 1;
L_0x1258c45f0 .part L_0x1258c3590, 0, 1;
L_0x1258c4930 .part L_0x1258c2480, 3, 1;
L_0x1258c4430 .part L_0x1258c23f0, 3, 1;
L_0x1258c4ad0 .part L_0x1258c2480, 2, 1;
L_0x1258c4890 .part L_0x1258c23f0, 3, 1;
L_0x1258c4e10 .part L_0x1258c23f0, 2, 1;
L_0x1258c5010 .part L_0x1258c2480, 1, 1;
L_0x1258c52d0 .part L_0x1258c23f0, 3, 1;
L_0x1258c5450 .part L_0x1258c23f0, 2, 1;
L_0x1258c3d10 .part L_0x1258c23f0, 1, 1;
L_0x1258c5370 .part L_0x1258c2480, 0, 1;
L_0x1258c5af0 .part L_0x1258c23f0, 3, 1;
L_0x1258c5c90 .part L_0x1258c23f0, 2, 1;
L_0x1258c5e20 .part L_0x1258c23f0, 1, 1;
L_0x1258c5bd0 .part L_0x1258c23f0, 0, 1;
L_0x1258c61c0 .part L_0x1258c3590, 0, 1;
S_0x125844b60 .scope module, "n4" "cla_4" 6 17, 7 3 0, S_0x12583abc0;
 .timescale -9 -11;
    .port_info 0 /INPUT 4 "a";
    .port_info 1 /INPUT 4 "b";
    .port_info 2 /INPUT 1 "cin";
    .port_info 3 /OUTPUT 4 "sum";
    .port_info 4 /OUTPUT 1 "cout";
L_0x1258c65d0 .functor XOR 4, L_0x1258ca5f0, L_0x1258ca690, C4<0000>, C4<0000>;
L_0x1258c6640 .functor AND 4, L_0x1258ca5f0, L_0x1258ca690, C4<1111>, C4<1111>;
L_0x1258c6730 .functor BUFZ 1, L_0x1258c5ec0, C4<0>, C4<0>, C4<0>;
L_0x1258c6aa0 .functor AND 1, L_0x1258c6900, L_0x1258c69e0, C4<1>, C4<1>;
L_0x1258c6bb0 .functor OR 1, L_0x1258c6820, L_0x1258c6aa0, C4<0>, C4<0>;
L_0x1258c6f60 .functor AND 1, L_0x1258c6d70, L_0x1258c6e40, C4<1>, C4<1>;
L_0x1258c7030 .functor OR 1, L_0x1258c6cd0, L_0x1258c6f60, C4<0>, C4<0>;
L_0x1258c7320 .functor AND 1, L_0x1258c7160, L_0x1258c7280, C4<1>, C4<1>;
L_0x1258c7540 .functor AND 1, L_0x1258c7320, L_0x1258c7410, C4<1>, C4<1>;
L_0x1258c7640 .functor OR 1, L_0x1258c7030, L_0x1258c7540, C4<0>, C4<0>;
L_0x1258c7b30 .functor AND 1, L_0x1258c7980, L_0x1258c7a20, C4<1>, C4<1>;
L_0x1258c7c40 .functor OR 1, L_0x1258c7880, L_0x1258c7b30, C4<0>, C4<0>;
L_0x1258c7ac0 .functor AND 1, L_0x1258c7cf0, L_0x1258c7d90, C4<1>, C4<1>;
L_0x1258c80c0 .functor AND 1, L_0x1258c7ac0, L_0x1258c8020, C4<1>, C4<1>;
L_0x1258c8170 .functor OR 1, L_0x1258c7c40, L_0x1258c80c0, C4<0>, C4<0>;
L_0x1258c7fb0 .functor AND 1, L_0x1258c82e0, L_0x1258c8410, C4<1>, C4<1>;
L_0x1258c8630 .functor AND 1, L_0x1258c7fb0, L_0x1258c84f0, C4<1>, C4<1>;
L_0x1258c87f0 .functor AND 1, L_0x1258c8630, L_0x1258c8750, C4<1>, C4<1>;
L_0x1258c88c0 .functor OR 1, L_0x1258c8170, L_0x1258c87f0, C4<0>, C4<0>;
L_0x1258c6ee0 .functor AND 1, L_0x1258c8590, L_0x1258c8c30, C4<1>, C4<1>;
L_0x1258c8dd0 .functor OR 1, L_0x1258c8a90, L_0x1258c6ee0, C4<0>, C4<0>;
L_0x1258c90e0 .functor AND 1, L_0x1258c89f0, L_0x1258c8f70, C4<1>, C4<1>;
L_0x1258c9210 .functor AND 1, L_0x1258c90e0, L_0x1258c9170, C4<1>, C4<1>;
L_0x1258c93c0 .functor OR 1, L_0x1258c8dd0, L_0x1258c9210, C4<0>, C4<0>;
L_0x1258c9010 .functor AND 1, L_0x1258c9430, L_0x1258c95b0, C4<1>, C4<1>;
L_0x1258c9300 .functor AND 1, L_0x1258c9010, L_0x1258c7e70, C4<1>, C4<1>;
L_0x1258c9a10 .functor AND 1, L_0x1258c9300, L_0x1258c94d0, C4<1>, C4<1>;
L_0x1258c9be0 .functor OR 1, L_0x1258c93c0, L_0x1258c9a10, C4<0>, C4<0>;
L_0x1258c98d0 .functor AND 1, L_0x1258c9c50, L_0x1258c9df0, C4<1>, C4<1>;
L_0x1258c9b00 .functor AND 1, L_0x1258c98d0, L_0x1258c9f80, C4<1>, C4<1>;
L_0x1258ca130 .functor AND 1, L_0x1258c9b00, L_0x1258c9d30, C4<1>, C4<1>;
L_0x1258c9e90 .functor AND 1, L_0x1258ca130, L_0x1258ca320, C4<1>, C4<1>;
L_0x1258ca020 .functor OR 1, L_0x1258c9be0, L_0x1258c9e90, C4<0>, C4<0>;
L_0x1258ca220 .functor XOR 4, L_0x1258c65d0, L_0x1258c76f0, C4<0000>, C4<0000>;
v0x125844da0_0 .net "G", 3 0, L_0x1258c6640;  1 drivers
v0x125844e60_0 .net "P", 3 0, L_0x1258c65d0;  1 drivers
v0x125844f10_0 .net *"_ivl_102", 0 0, L_0x1258c9170;  1 drivers
v0x125844fd0_0 .net *"_ivl_103", 0 0, L_0x1258c9210;  1 drivers
v0x125845080_0 .net *"_ivl_105", 0 0, L_0x1258c93c0;  1 drivers
v0x125845170_0 .net *"_ivl_108", 0 0, L_0x1258c9430;  1 drivers
v0x125845220_0 .net *"_ivl_11", 0 0, L_0x1258c6820;  1 drivers
v0x1258452d0_0 .net *"_ivl_110", 0 0, L_0x1258c95b0;  1 drivers
v0x125845380_0 .net *"_ivl_111", 0 0, L_0x1258c9010;  1 drivers
v0x125845490_0 .net *"_ivl_114", 0 0, L_0x1258c7e70;  1 drivers
v0x125845540_0 .net *"_ivl_115", 0 0, L_0x1258c9300;  1 drivers
v0x1258455f0_0 .net *"_ivl_118", 0 0, L_0x1258c94d0;  1 drivers
v0x1258456a0_0 .net *"_ivl_119", 0 0, L_0x1258c9a10;  1 drivers
v0x125845750_0 .net *"_ivl_121", 0 0, L_0x1258c9be0;  1 drivers
v0x125845800_0 .net *"_ivl_124", 0 0, L_0x1258c9c50;  1 drivers
v0x1258458b0_0 .net *"_ivl_126", 0 0, L_0x1258c9df0;  1 drivers
v0x125845960_0 .net *"_ivl_127", 0 0, L_0x1258c98d0;  1 drivers
v0x125845af0_0 .net *"_ivl_13", 0 0, L_0x1258c6900;  1 drivers
v0x125845b80_0 .net *"_ivl_130", 0 0, L_0x1258c9f80;  1 drivers
v0x125845c30_0 .net *"_ivl_131", 0 0, L_0x1258c9b00;  1 drivers
v0x125845ce0_0 .net *"_ivl_134", 0 0, L_0x1258c9d30;  1 drivers
v0x125845d90_0 .net *"_ivl_135", 0 0, L_0x1258ca130;  1 drivers
v0x125845e40_0 .net *"_ivl_138", 0 0, L_0x1258ca320;  1 drivers
v0x125845ef0_0 .net *"_ivl_139", 0 0, L_0x1258c9e90;  1 drivers
v0x125845fa0_0 .net *"_ivl_15", 0 0, L_0x1258c69e0;  1 drivers
v0x125846050_0 .net *"_ivl_16", 0 0, L_0x1258c6aa0;  1 drivers
v0x125846100_0 .net *"_ivl_18", 0 0, L_0x1258c6bb0;  1 drivers
v0x1258461b0_0 .net *"_ivl_23", 0 0, L_0x1258c6cd0;  1 drivers
v0x125846260_0 .net *"_ivl_25", 0 0, L_0x1258c6d70;  1 drivers
v0x125846310_0 .net *"_ivl_27", 0 0, L_0x1258c6e40;  1 drivers
v0x1258463c0_0 .net *"_ivl_28", 0 0, L_0x1258c6f60;  1 drivers
v0x125846470_0 .net *"_ivl_30", 0 0, L_0x1258c7030;  1 drivers
v0x125846520_0 .net *"_ivl_33", 0 0, L_0x1258c7160;  1 drivers
v0x125845a10_0 .net *"_ivl_35", 0 0, L_0x1258c7280;  1 drivers
v0x1258467b0_0 .net *"_ivl_36", 0 0, L_0x1258c7320;  1 drivers
v0x125846840_0 .net *"_ivl_39", 0 0, L_0x1258c7410;  1 drivers
v0x1258468e0_0 .net *"_ivl_40", 0 0, L_0x1258c7540;  1 drivers
v0x125846990_0 .net *"_ivl_42", 0 0, L_0x1258c7640;  1 drivers
v0x125846a40_0 .net *"_ivl_48", 0 0, L_0x1258c7880;  1 drivers
v0x125846af0_0 .net *"_ivl_50", 0 0, L_0x1258c7980;  1 drivers
v0x125846ba0_0 .net *"_ivl_52", 0 0, L_0x1258c7a20;  1 drivers
v0x125846c50_0 .net *"_ivl_53", 0 0, L_0x1258c7b30;  1 drivers
v0x125846d00_0 .net *"_ivl_55", 0 0, L_0x1258c7c40;  1 drivers
v0x125846db0_0 .net *"_ivl_58", 0 0, L_0x1258c7cf0;  1 drivers
v0x125846e60_0 .net *"_ivl_60", 0 0, L_0x1258c7d90;  1 drivers
v0x125846f10_0 .net *"_ivl_61", 0 0, L_0x1258c7ac0;  1 drivers
v0x125846fc0_0 .net *"_ivl_64", 0 0, L_0x1258c8020;  1 drivers
v0x125847070_0 .net *"_ivl_65", 0 0, L_0x1258c80c0;  1 drivers
v0x125847120_0 .net *"_ivl_67", 0 0, L_0x1258c8170;  1 drivers
v0x1258471d0_0 .net *"_ivl_7", 0 0, L_0x1258c6730;  1 drivers
v0x125847280_0 .net *"_ivl_70", 0 0, L_0x1258c82e0;  1 drivers
v0x125847330_0 .net *"_ivl_72", 0 0, L_0x1258c8410;  1 drivers
v0x1258473e0_0 .net *"_ivl_73", 0 0, L_0x1258c7fb0;  1 drivers
v0x125847490_0 .net *"_ivl_76", 0 0, L_0x1258c84f0;  1 drivers
v0x125847540_0 .net *"_ivl_77", 0 0, L_0x1258c8630;  1 drivers
v0x1258475f0_0 .net *"_ivl_80", 0 0, L_0x1258c8750;  1 drivers
v0x1258476a0_0 .net *"_ivl_81", 0 0, L_0x1258c87f0;  1 drivers
v0x125847750_0 .net *"_ivl_83", 0 0, L_0x1258c88c0;  1 drivers
v0x125847800_0 .net *"_ivl_86", 0 0, L_0x1258c8a90;  1 drivers
v0x1258478b0_0 .net *"_ivl_88", 0 0, L_0x1258c8590;  1 drivers
v0x125847960_0 .net *"_ivl_90", 0 0, L_0x1258c8c30;  1 drivers
v0x125847a10_0 .net *"_ivl_91", 0 0, L_0x1258c6ee0;  1 drivers
v0x125847ac0_0 .net *"_ivl_93", 0 0, L_0x1258c8dd0;  1 drivers
v0x125847b70_0 .net *"_ivl_96", 0 0, L_0x1258c89f0;  1 drivers
v0x125847c20_0 .net *"_ivl_98", 0 0, L_0x1258c8f70;  1 drivers
v0x1258465d0_0 .net *"_ivl_99", 0 0, L_0x1258c90e0;  1 drivers
v0x125846680_0 .net "a", 3 0, L_0x1258ca5f0;  1 drivers
v0x125847cb0_0 .net "b", 3 0, L_0x1258ca690;  1 drivers
v0x125847d40_0 .net "c", 3 0, L_0x1258c76f0;  1 drivers
v0x125847dd0_0 .net "cin", 0 0, L_0x1258c5ec0;  alias, 1 drivers
v0x125847e60_0 .net8 "cout", 0 0, RS_0x128047f30;  alias, 3 drivers
v0x125847ef0_0 .net "sum", 3 0, L_0x1258ca220;  1 drivers
L_0x1258c6820 .part L_0x1258c6640, 0, 1;
L_0x1258c6900 .part L_0x1258c65d0, 0, 1;
L_0x1258c69e0 .part L_0x1258c76f0, 0, 1;
L_0x1258c6cd0 .part L_0x1258c6640, 1, 1;
L_0x1258c6d70 .part L_0x1258c65d0, 1, 1;
L_0x1258c6e40 .part L_0x1258c6640, 0, 1;
L_0x1258c7160 .part L_0x1258c65d0, 1, 1;
L_0x1258c7280 .part L_0x1258c65d0, 0, 1;
L_0x1258c7410 .part L_0x1258c76f0, 0, 1;
L_0x1258c76f0 .concat8 [ 1 1 1 1], L_0x1258c6730, L_0x1258c6bb0, L_0x1258c7640, L_0x1258c88c0;
L_0x1258c7880 .part L_0x1258c6640, 2, 1;
L_0x1258c7980 .part L_0x1258c65d0, 2, 1;
L_0x1258c7a20 .part L_0x1258c6640, 1, 1;
L_0x1258c7cf0 .part L_0x1258c65d0, 2, 1;
L_0x1258c7d90 .part L_0x1258c65d0, 1, 1;
L_0x1258c8020 .part L_0x1258c6640, 0, 1;
L_0x1258c82e0 .part L_0x1258c65d0, 2, 1;
L_0x1258c8410 .part L_0x1258c65d0, 1, 1;
L_0x1258c84f0 .part L_0x1258c65d0, 0, 1;
L_0x1258c8750 .part L_0x1258c76f0, 0, 1;
L_0x1258c8a90 .part L_0x1258c6640, 3, 1;
L_0x1258c8590 .part L_0x1258c65d0, 3, 1;
L_0x1258c8c30 .part L_0x1258c6640, 2, 1;
L_0x1258c89f0 .part L_0x1258c65d0, 3, 1;
L_0x1258c8f70 .part L_0x1258c65d0, 2, 1;
L_0x1258c9170 .part L_0x1258c6640, 1, 1;
L_0x1258c9430 .part L_0x1258c65d0, 3, 1;
L_0x1258c95b0 .part L_0x1258c65d0, 2, 1;
L_0x1258c7e70 .part L_0x1258c65d0, 1, 1;
L_0x1258c94d0 .part L_0x1258c6640, 0, 1;
L_0x1258c9c50 .part L_0x1258c65d0, 3, 1;
L_0x1258c9df0 .part L_0x1258c65d0, 2, 1;
L_0x1258c9f80 .part L_0x1258c65d0, 1, 1;
L_0x1258c9d30 .part L_0x1258c65d0, 0, 1;
L_0x1258ca320 .part L_0x1258c76f0, 0, 1;
S_0x125849ed0 .scope module, "bus" "Bus" 3 294, 20 1 0, S_0x1256364a0;
 .timescale -9 -11;
    .port_info 0 /INPUT 32 "R0";
    .port_info 1 /INPUT 32 "R1";
    .port_info 2 /INPUT 32 "R2";
    .port_info 3 /INPUT 32 "R3";
    .port_info 4 /INPUT 32 "R4";
    .port_info 5 /INPUT 32 "R5";
    .port_info 6 /INPUT 32 "R6";
    .port_info 7 /INPUT 32 "R7";
    .port_info 8 /INPUT 32 "R8";
    .port_info 9 /INPUT 32 "R9";
    .port_info 10 /INPUT 32 "R10";
    .port_info 11 /INPUT 32 "R11";
    .port_info 12 /INPUT 32 "R12";
    .port_info 13 /INPUT 32 "R13";
    .port_info 14 /INPUT 32 "R14";
    .port_info 15 /INPUT 32 "R15";
    .port_info 16 /INPUT 32 "MDR";
    .port_info 17 /INPUT 32 "HI";
    .port_info 18 /INPUT 32 "LO";
    .port_info 19 /INPUT 32 "Z_high";
    .port_info 20 /INPUT 32 "Z_low";
    .port_info 21 /INPUT 32 "PC";
    .port_info 22 /INPUT 32 "In_Port";
    .port_info 23 /INPUT 32 "C_sign_extended";
    .port_info 24 /INPUT 1 "R0out";
    .port_info 25 /INPUT 1 "R1out";
    .port_info 26 /INPUT 1 "R2out";
    .port_info 27 /INPUT 1 "R3out";
    .port_info 28 /INPUT 1 "R4out";
    .port_info 29 /INPUT 1 "R5out";
    .port_info 30 /INPUT 1 "R6out";
    .port_info 31 /INPUT 1 "R7out";
    .port_info 32 /INPUT 1 "R8out";
    .port_info 33 /INPUT 1 "R9out";
    .port_info 34 /INPUT 1 "R10out";
    .port_info 35 /INPUT 1 "R11out";
    .port_info 36 /INPUT 1 "R12out";
    .port_info 37 /INPUT 1 "R13out";
    .port_info 38 /INPUT 1 "R14out";
    .port_info 39 /INPUT 1 "R15out";
    .port_info 40 /INPUT 1 "MDRout";
    .port_info 41 /INPUT 1 "HIout";
    .port_info 42 /INPUT 1 "LOout";
    .port_info 43 /INPUT 1 "Z_high_out";
    .port_info 44 /INPUT 1 "Z_low_out";
    .port_info 45 /INPUT 1 "PC_out";
    .port_info 46 /INPUT 1 "In_Port_out";
    .port_info 47 /INPUT 1 "C_sign_extended_out";
    .port_info 48 /OUTPUT 32 "bus_out";
P_0x12584a090 .param/l "DATA_WIDTH" 0 20 1, +C4<00000000000000000000000000100000>;
v0x12584a500_0 .net "C_sign_extended", 31 0, v0x12585cec0_0;  alias, 1 drivers
v0x12584a5c0_0 .net "C_sign_extended_out", 0 0, v0x1258634a0_0;  alias, 1 drivers
v0x12584a660_0 .net "HI", 31 0, L_0x125866b70;  alias, 1 drivers
v0x12584a6f0_0 .net "HIout", 0 0, v0x1258637b0_0;  alias, 1 drivers
v0x12584a780_0 .net "In_Port", 31 0, L_0x125864f30;  alias, 1 drivers
v0x12584a830_0 .net "In_Port_out", 0 0, v0x125863990_0;  alias, 1 drivers
v0x12584a8d0_0 .net "LO", 31 0, L_0x125866be0;  alias, 1 drivers
v0x12584a980_0 .net "LOout", 0 0, v0x125863b30_0;  alias, 1 drivers
v0x12584aa20_0 .net "MDR", 31 0, v0x125850690_0;  alias, 1 drivers
v0x12584ab30_0 .net "MDRout", 0 0, v0x125863d60_0;  alias, 1 drivers
v0x12584abd0_0 .net "PC", 31 0, L_0x125866730;  alias, 1 drivers
v0x12584ac80_0 .net "PC_out", 0 0, v0x1258641b0_0;  alias, 1 drivers
v0x12584ad20_0 .net "R0", 31 0, L_0x125865050;  alias, 1 drivers
v0x12584add0_0 .net "R0out", 0 0, L_0x1258cc170;  1 drivers
v0x12584ae70_0 .net "R1", 31 0, L_0x125865250;  alias, 1 drivers
v0x12584af20_0 .net "R10", 31 0, L_0x125865df0;  alias, 1 drivers
v0x12584afd0_0 .net "R10out", 0 0, L_0x1258cc7e0;  1 drivers
v0x12584b160_0 .net "R11", 31 0, L_0x125865f80;  alias, 1 drivers
v0x12584b1f0_0 .net "R11out", 0 0, L_0x1258ccbc0;  1 drivers
v0x12584b280_0 .net "R12", 31 0, L_0x1258660b0;  alias, 1 drivers
v0x12584b330_0 .net "R12out", 0 0, L_0x1258cc950;  1 drivers
v0x12584b3d0_0 .net "R13", 31 0, L_0x125866250;  alias, 1 drivers
v0x12584b480_0 .net "R13out", 0 0, L_0x1258ccd60;  1 drivers
v0x12584b520_0 .net "R14", 31 0, L_0x125866380;  alias, 1 drivers
v0x12584b5d0_0 .net "R14out", 0 0, L_0x1258ccad0;  1 drivers
v0x12584b670_0 .net "R15", 31 0, L_0x1258661e0;  alias, 1 drivers
v0x12584b720_0 .net "R15out", 0 0, L_0x1258ccc60;  1 drivers
v0x12584b7c0_0 .net "R1out", 0 0, L_0x1258cc2f0;  1 drivers
v0x12584b860_0 .net "R2", 31 0, L_0x125865360;  alias, 1 drivers
v0x12584b910_0 .net "R2out", 0 0, L_0x1258cc390;  1 drivers
v0x12584b9b0_0 .net "R3", 31 0, L_0x1258654f0;  alias, 1 drivers
v0x12584ba60_0 .net "R3out", 0 0, L_0x1258cc250;  1 drivers
v0x12584bb00_0 .net "R4", 31 0, L_0x125865600;  alias, 1 drivers
v0x12584b080_0 .net "R4out", 0 0, L_0x1258cc4e0;  1 drivers
v0x12584bd90_0 .net "R5", 31 0, L_0x125865710;  alias, 1 drivers
v0x12584be20_0 .net "R5out", 0 0, L_0x1258cc640;  1 drivers
v0x12584beb0_0 .net "R6", 31 0, L_0x125865820;  alias, 1 drivers
v0x12584bf50_0 .net "R6out", 0 0, L_0x1258cc430;  1 drivers
v0x12584bff0_0 .net "R7", 31 0, L_0x125865a50;  alias, 1 drivers
v0x12584c0a0_0 .net "R7out", 0 0, L_0x1258cc8b0;  1 drivers
v0x12584c140_0 .net "R8", 31 0, L_0x125865b80;  alias, 1 drivers
v0x12584c1f0_0 .net "R8out", 0 0, L_0x1258cc580;  1 drivers
v0x12584c290_0 .net "R9", 31 0, L_0x125865ce0;  alias, 1 drivers
v0x12584c340_0 .net "R9out", 0 0, L_0x1258cca30;  1 drivers
v0x12584c3e0_0 .net "Z_high", 31 0, L_0x125866a60;  alias, 1 drivers
v0x12584c490_0 .net "Z_high_out", 0 0, v0x125864840_0;  alias, 1 drivers
v0x12584c530_0 .net "Z_low", 31 0, L_0x125866840;  alias, 1 drivers
v0x12584c5e0_0 .net "Z_low_out", 0 0, v0x1258649a0_0;  alias, 1 drivers
v0x12584c680_0 .net "bus_out", 31 0, v0x12584c720_0;  alias, 1 drivers
v0x12584c720_0 .var "q", 31 0;
E_0x12584a340/0 .event anyedge, v0x12584add0_0, v0x12584ad20_0, v0x12584b7c0_0, v0x12584ae70_0;
E_0x12584a340/1 .event anyedge, v0x12584b910_0, v0x12584b860_0, v0x12584ba60_0, v0x12584b9b0_0;
E_0x12584a340/2 .event anyedge, v0x12584b080_0, v0x12584bb00_0, v0x12584be20_0, v0x12584bd90_0;
E_0x12584a340/3 .event anyedge, v0x12584bf50_0, v0x12584beb0_0, v0x12584c0a0_0, v0x12584bff0_0;
E_0x12584a340/4 .event anyedge, v0x12584c1f0_0, v0x12584c140_0, v0x12584c340_0, v0x12584c290_0;
E_0x12584a340/5 .event anyedge, v0x12584afd0_0, v0x12584af20_0, v0x12584b1f0_0, v0x12584b160_0;
E_0x12584a340/6 .event anyedge, v0x12584b330_0, v0x12584b280_0, v0x12584b480_0, v0x12584b3d0_0;
E_0x12584a340/7 .event anyedge, v0x12584b5d0_0, v0x12584b520_0, v0x12584b720_0, v0x12584b670_0;
E_0x12584a340/8 .event anyedge, v0x12584ab30_0, v0x12584aa20_0, v0x12584a6f0_0, v0x12584a660_0;
E_0x12584a340/9 .event anyedge, v0x12584a980_0, v0x12584a8d0_0, v0x12584c490_0, v0x12584c3e0_0;
E_0x12584a340/10 .event anyedge, v0x12584c5e0_0, v0x12584c530_0, v0x12584ac80_0, v0x12584abd0_0;
E_0x12584a340/11 .event anyedge, v0x12584a830_0, v0x12584a780_0, v0x12584a5c0_0, v0x12584a500_0;
E_0x12584a340 .event/or E_0x12584a340/0, E_0x12584a340/1, E_0x12584a340/2, E_0x12584a340/3, E_0x12584a340/4, E_0x12584a340/5, E_0x12584a340/6, E_0x12584a340/7, E_0x12584a340/8, E_0x12584a340/9, E_0x12584a340/10, E_0x12584a340/11;
S_0x12584a1b0 .scope module, "conFF" "conFF" 3 44, 21 3 0, S_0x1256364a0;
 .timescale -9 -11;
    .port_info 0 /INPUT 32 "IR";
    .port_info 1 /INPUT 32 "BusMuxOut";
    .port_info 2 /INPUT 1 "CONin";
    .port_info 3 /OUTPUT 1 "CON";
P_0x12584ccc0 .param/l "DATA_WIDTH" 0 21 3, +C4<00000000000000000000000000100000>;
v0x12584ce70_0 .net "BusMuxOut", 31 0, v0x12584c720_0;  alias, 1 drivers
v0x12582b160_0 .var "BusOR", 0 0;
v0x12584d120_0 .var "C2", 3 0;
v0x12584d1b0_0 .var "CON", 0 0;
v0x12584d240_0 .net "CONin", 0 0, o0x128059390;  alias, 0 drivers
v0x12584d2d0_0 .var "CONout", 0 0;
v0x12584d360_0 .var "D", 0 0;
v0x12584d3f0_0 .net "IR", 31 0, L_0x1258667d0;  alias, 1 drivers
v0x12584d480_0 .var "Ra", 3 0;
v0x12584d590_0 .var "brmi", 0 0;
v0x12584d620_0 .var "brnz", 0 0;
v0x12584d6c0_0 .var "brpl", 0 0;
v0x12584d760_0 .var "brzr", 0 0;
v0x12584d800_0 .var/i "i", 31 0;
v0x12584d8b0_0 .var "sigDig", 0 0;
E_0x12584cdc0 .event posedge, v0x12584d240_0;
E_0x12584ce20 .event anyedge, v0x125810800_0, v0x12568ea70_0;
S_0x12584d9b0 .scope module, "hi_register" "register" 3 233, 22 1 0, S_0x1256364a0;
 .timescale -9 -11;
    .port_info 0 /INPUT 1 "clear";
    .port_info 1 /INPUT 1 "clock";
    .port_info 2 /INPUT 1 "enable";
    .port_info 3 /INPUT 32 "data_in";
    .port_info 4 /OUTPUT 32 "data_out";
P_0x12584db70 .param/l "DATA_WIDTH" 0 22 1, +C4<00000000000000000000000000100000>;
P_0x12584dbb0 .param/l "INIT" 0 22 1, C4<00000000000000000000000000000000>;
L_0x125866b70 .functor BUFZ 32, v0x12584e110_0, C4<00000000000000000000000000000000>, C4<00000000000000000000000000000000>, C4<00000000000000000000000000000000>;
v0x12584dd80_0 .net "clear", 0 0, v0x125863380_0;  alias, 1 drivers
v0x12584de30_0 .net "clock", 0 0, v0x125863410_0;  alias, 1 drivers
v0x12584ded0_0 .net "data_in", 31 0, v0x12584c720_0;  alias, 1 drivers
v0x12584df80_0 .net "data_out", 31 0, L_0x125866b70;  alias, 1 drivers
v0x12584e040_0 .net "enable", 0 0, v0x1258636e0_0;  alias, 1 drivers
v0x12584e110_0 .var "q", 31 0;
E_0x12584dd20 .event posedge, v0x12584de30_0;
S_0x12584e240 .scope module, "in_port" "In_port" 3 52, 23 1 0, S_0x1256364a0;
 .timescale -9 -11;
    .port_info 0 /INPUT 1 "clear";
    .port_info 1 /INPUT 1 "clock";
    .port_info 2 /INPUT 32 "data_in";
    .port_info 3 /OUTPUT 32 "data_out";
P_0x12584e400 .param/l "DATA_WIDTH" 0 23 1, +C4<00000000000000000000000000100000>;
P_0x12584e440 .param/l "INIT" 0 23 1, C4<00000000000000000000000000000000>;
L_0x125864f30 .functor BUFZ 32, v0x12584e860_0, C4<00000000000000000000000000000000>, C4<00000000000000000000000000000000>, C4<00000000000000000000000000000000>;
v0x12584e600_0 .net "clear", 0 0, v0x125863380_0;  alias, 1 drivers
v0x12584e6b0_0 .net "clock", 0 0, v0x125863410_0;  alias, 1 drivers
v0x12584e740_0 .net "data_in", 31 0, v0x125864d00_0;  alias, 1 drivers
v0x12584e7d0_0 .net "data_out", 31 0, L_0x125864f30;  alias, 1 drivers
v0x12584e860_0 .var "q", 31 0;
S_0x12584e960 .scope module, "ir_register" "register" 3 207, 22 1 0, S_0x1256364a0;
 .timescale -9 -11;
    .port_info 0 /INPUT 1 "clear";
    .port_info 1 /INPUT 1 "clock";
    .port_info 2 /INPUT 1 "enable";
    .port_info 3 /INPUT 32 "data_in";
    .port_info 4 /OUTPUT 32 "data_out";
P_0x12584eb20 .param/l "DATA_WIDTH" 0 22 1, +C4<00000000000000000000000000100000>;
P_0x12584eb60 .param/l "INIT" 0 22 1, C4<00000000000000000000000000000000>;
L_0x1258667d0 .functor BUFZ 32, v0x12584f0e0_0, C4<00000000000000000000000000000000>, C4<00000000000000000000000000000000>, C4<00000000000000000000000000000000>;
v0x12584ecf0_0 .net "clear", 0 0, v0x125863380_0;  alias, 1 drivers
v0x12584edd0_0 .net "clock", 0 0, v0x125863410_0;  alias, 1 drivers
v0x12584eeb0_0 .net "data_in", 31 0, v0x12584c720_0;  alias, 1 drivers
v0x12584ef40_0 .net "data_out", 31 0, L_0x1258667d0;  alias, 1 drivers
v0x12584f010_0 .net "enable", 0 0, v0x1258638c0_0;  alias, 1 drivers
v0x12584f0e0_0 .var "q", 31 0;
S_0x12584f1e0 .scope module, "lo_register" "register" 3 242, 22 1 0, S_0x1256364a0;
 .timescale -9 -11;
    .port_info 0 /INPUT 1 "clear";
    .port_info 1 /INPUT 1 "clock";
    .port_info 2 /INPUT 1 "enable";
    .port_info 3 /INPUT 32 "data_in";
    .port_info 4 /OUTPUT 32 "data_out";
P_0x12584f3a0 .param/l "DATA_WIDTH" 0 22 1, +C4<00000000000000000000000000100000>;
P_0x12584f3e0 .param/l "INIT" 0 22 1, C4<00000000000000000000000000000000>;
L_0x125866be0 .functor BUFZ 32, v0x12584f8b0_0, C4<00000000000000000000000000000000>, C4<00000000000000000000000000000000>, C4<00000000000000000000000000000000>;
v0x12584f550_0 .net "clear", 0 0, v0x125863380_0;  alias, 1 drivers
v0x12584f5e0_0 .net "clock", 0 0, v0x125863410_0;  alias, 1 drivers
v0x12584f680_0 .net "data_in", 31 0, v0x12584c720_0;  alias, 1 drivers
v0x12584f730_0 .net "data_out", 31 0, L_0x125866be0;  alias, 1 drivers
v0x12584f7e0_0 .net "enable", 0 0, v0x125863a60_0;  alias, 1 drivers
v0x12584f8b0_0 .var "q", 31 0;
S_0x12584f9e0 .scope module, "mar" "MAR" 3 277, 24 1 0, S_0x1256364a0;
 .timescale -9 -11;
    .port_info 0 /INPUT 1 "clear";
    .port_info 1 /INPUT 1 "clock";
    .port_info 2 /INPUT 1 "enable";
    .port_info 3 /INPUT 32 "data_in";
    .port_info 4 /OUTPUT 9 "data_out";
P_0x12584fc20 .param/l "DATA_WIDTH" 0 24 1, +C4<00000000000000000000000000100000>;
P_0x12584fc60 .param/l "INIT" 0 24 1, C4<00000000000000000000000000000000>;
v0x12584fd90_0 .net "clear", 0 0, v0x125863380_0;  alias, 1 drivers
v0x12584fea0_0 .net "clock", 0 0, v0x125863410_0;  alias, 1 drivers
v0x12584ffc0_0 .net "data_in", 31 0, v0x12584c720_0;  alias, 1 drivers
v0x125850050_0 .net "data_out", 8 0, L_0x1258cc060;  alias, 1 drivers
v0x1258500e0_0 .net "enable", 0 0, v0x125863bc0_0;  alias, 1 drivers
v0x125850170_0 .var "q", 31 0;
L_0x1258cc060 .part v0x125850170_0, 0, 9;
S_0x1258502a0 .scope module, "mdr" "MDR" 3 267, 25 1 0, S_0x1256364a0;
 .timescale -9 -11;
    .port_info 0 /INPUT 32 "BusMuxOut";
    .port_info 1 /INPUT 32 "Mdatain";
    .port_info 2 /INPUT 1 "Clock";
    .port_info 3 /INPUT 1 "Clear";
    .port_info 4 /INPUT 1 "MDRin";
    .port_info 5 /INPUT 1 "Read";
    .port_info 6 /OUTPUT 32 "BusMuxIn_MDR";
P_0x125850460 .param/l "DATA_WIDTH" 0 25 1, +C4<00000000000000000000000000100000>;
v0x125850690_0 .var "BusMuxIn_MDR", 31 0;
v0x125850760_0 .net "BusMuxOut", 31 0, v0x12584c720_0;  alias, 1 drivers
v0x1258507f0_0 .net "Clear", 0 0, v0x125863380_0;  alias, 1 drivers
v0x125850880_0 .net "Clock", 0 0, v0x125863410_0;  alias, 1 drivers
v0x125850910_0 .var "MDMuxout", 31 0;
v0x1258509a0_0 .net "MDRin", 0 0, v0x125863c90_0;  alias, 1 drivers
v0x125850a30_0 .net "Mdatain", 31 0, v0x125852320_0;  alias, 1 drivers
v0x125850ae0_0 .net "Read", 0 0, v0x125864470_0;  alias, 1 drivers
E_0x125850650 .event anyedge, v0x125850ae0_0, v0x125810800_0, v0x125850a30_0;
S_0x125850c30 .scope module, "out_port" "Out_port" 3 60, 26 1 0, S_0x1256364a0;
 .timescale -9 -11;
    .port_info 0 /INPUT 1 "clear";
    .port_info 1 /INPUT 1 "clock";
    .port_info 2 /INPUT 1 "enable";
    .port_info 3 /INPUT 32 "data_in";
    .port_info 4 /OUTPUT 32 "data_out";
P_0x125850df0 .param/l "DATA_WIDTH" 0 26 1, +C4<00000000000000000000000000100000>;
P_0x125850e30 .param/l "INIT" 0 26 1, C4<00000000000000000000000000000000>;
L_0x125864fa0 .functor BUFZ 32, v0x1258512f0_0, C4<00000000000000000000000000000000>, C4<00000000000000000000000000000000>, C4<00000000000000000000000000000000>;
v0x125850f80_0 .net "clear", 0 0, v0x125863380_0;  alias, 1 drivers
v0x125851020_0 .net "clock", 0 0, v0x125863410_0;  alias, 1 drivers
v0x1258510c0_0 .net "data_in", 31 0, v0x12584c720_0;  alias, 1 drivers
v0x125851170_0 .net "data_out", 31 0, L_0x125864fa0;  alias, 1 drivers
v0x125851210_0 .net "enable", 0 0, v0x125864e60_0;  alias, 1 drivers
v0x1258512f0_0 .var "q", 31 0;
S_0x125851420 .scope module, "pc_register" "PC" 3 197, 27 1 0, S_0x1256364a0;
 .timescale -9 -11;
    .port_info 0 /INPUT 1 "clear";
    .port_info 1 /INPUT 1 "clock";
    .port_info 2 /INPUT 1 "enable";
    .port_info 3 /INPUT 1 "PC_tb_enable";
    .port_info 4 /INPUT 32 "data_in";
    .port_info 5 /INPUT 32 "PC_tb_value";
    .port_info 6 /OUTPUT 32 "data_out";
P_0x1258515e0 .param/l "DATA_WIDTH" 0 27 1, +C4<00000000000000000000000000100000>;
P_0x125851620 .param/l "INIT" 0 27 1, C4<00000000000000000000000000000000>;
v0x125851850_0 .net "PC_tb_enable", 0 0, v0x125864050_0;  alias, 1 drivers
v0x1258518f0_0 .net "PC_tb_value", 31 0, v0x125863fc0_0;  alias, 1 drivers
v0x125851990_0 .net "clear", 0 0, v0x125863380_0;  alias, 1 drivers
v0x125851a20_0 .net "clock", 0 0, v0x125863410_0;  alias, 1 drivers
v0x125851ab0_0 .net "data_in", 31 0, v0x12584c720_0;  alias, 1 drivers
v0x125851b40_0 .net "data_out", 31 0, L_0x125866730;  alias, 1 drivers
v0x125851bd0_0 .net "enable", 0 0, v0x1258640e0_0;  alias, 1 drivers
v0x125851c60_0 .var "q", 31 0;
L_0x125866730 .functor MUXZ 32, v0x125851c60_0, v0x125863fc0_0, v0x125864050_0, C4<>;
S_0x125851dc0 .scope module, "ram" "RAM" 3 285, 28 1 0, S_0x1256364a0;
 .timescale -9 -11;
    .port_info 0 /INPUT 1 "read";
    .port_info 1 /INPUT 1 "write";
    .port_info 2 /INPUT 32 "data_in";
    .port_info 3 /OUTPUT 32 "data_out";
    .port_info 4 /INPUT 9 "address";
P_0x125851f80 .param/l "DATA_WIDTH" 0 28 1, +C4<00000000000000000000000000100000>;
P_0x125851fc0 .param/l "size" 1 28 9, +C4<00000000000000000000001000000000>;
v0x125852180_0 .net "address", 8 0, L_0x1258cc060;  alias, 1 drivers
v0x125852250_0 .net "data_in", 31 0, v0x125850690_0;  alias, 1 drivers
v0x125852320_0 .var "data_out", 31 0;
v0x1258523d0 .array "memory", 511 0, 31 0;
v0x125854460_0 .net8 "read", 0 0, RS_0x1280403d0;  alias, 2 drivers
v0x125854530_0 .net "write", 0 0, v0x1258643a0_0;  alias, 1 drivers
v0x1258523d0_0 .array/port v0x1258523d0, 0;
E_0x125852130/0 .event anyedge, v0x125854530_0, v0x12584aa20_0, v0x125850050_0, v0x1258523d0_0;
v0x1258523d0_1 .array/port v0x1258523d0, 1;
v0x1258523d0_2 .array/port v0x1258523d0, 2;
v0x1258523d0_3 .array/port v0x1258523d0, 3;
v0x1258523d0_4 .array/port v0x1258523d0, 4;
E_0x125852130/1 .event anyedge, v0x1258523d0_1, v0x1258523d0_2, v0x1258523d0_3, v0x1258523d0_4;
v0x1258523d0_5 .array/port v0x1258523d0, 5;
v0x1258523d0_6 .array/port v0x1258523d0, 6;
v0x1258523d0_7 .array/port v0x1258523d0, 7;
v0x1258523d0_8 .array/port v0x1258523d0, 8;
E_0x125852130/2 .event anyedge, v0x1258523d0_5, v0x1258523d0_6, v0x1258523d0_7, v0x1258523d0_8;
v0x1258523d0_9 .array/port v0x1258523d0, 9;
v0x1258523d0_10 .array/port v0x1258523d0, 10;
v0x1258523d0_11 .array/port v0x1258523d0, 11;
v0x1258523d0_12 .array/port v0x1258523d0, 12;
E_0x125852130/3 .event anyedge, v0x1258523d0_9, v0x1258523d0_10, v0x1258523d0_11, v0x1258523d0_12;
v0x1258523d0_13 .array/port v0x1258523d0, 13;
v0x1258523d0_14 .array/port v0x1258523d0, 14;
v0x1258523d0_15 .array/port v0x1258523d0, 15;
v0x1258523d0_16 .array/port v0x1258523d0, 16;
E_0x125852130/4 .event anyedge, v0x1258523d0_13, v0x1258523d0_14, v0x1258523d0_15, v0x1258523d0_16;
v0x1258523d0_17 .array/port v0x1258523d0, 17;
v0x1258523d0_18 .array/port v0x1258523d0, 18;
v0x1258523d0_19 .array/port v0x1258523d0, 19;
v0x1258523d0_20 .array/port v0x1258523d0, 20;
E_0x125852130/5 .event anyedge, v0x1258523d0_17, v0x1258523d0_18, v0x1258523d0_19, v0x1258523d0_20;
v0x1258523d0_21 .array/port v0x1258523d0, 21;
v0x1258523d0_22 .array/port v0x1258523d0, 22;
v0x1258523d0_23 .array/port v0x1258523d0, 23;
v0x1258523d0_24 .array/port v0x1258523d0, 24;
E_0x125852130/6 .event anyedge, v0x1258523d0_21, v0x1258523d0_22, v0x1258523d0_23, v0x1258523d0_24;
v0x1258523d0_25 .array/port v0x1258523d0, 25;
v0x1258523d0_26 .array/port v0x1258523d0, 26;
v0x1258523d0_27 .array/port v0x1258523d0, 27;
v0x1258523d0_28 .array/port v0x1258523d0, 28;
E_0x125852130/7 .event anyedge, v0x1258523d0_25, v0x1258523d0_26, v0x1258523d0_27, v0x1258523d0_28;
v0x1258523d0_29 .array/port v0x1258523d0, 29;
v0x1258523d0_30 .array/port v0x1258523d0, 30;
v0x1258523d0_31 .array/port v0x1258523d0, 31;
v0x1258523d0_32 .array/port v0x1258523d0, 32;
E_0x125852130/8 .event anyedge, v0x1258523d0_29, v0x1258523d0_30, v0x1258523d0_31, v0x1258523d0_32;
v0x1258523d0_33 .array/port v0x1258523d0, 33;
v0x1258523d0_34 .array/port v0x1258523d0, 34;
v0x1258523d0_35 .array/port v0x1258523d0, 35;
v0x1258523d0_36 .array/port v0x1258523d0, 36;
E_0x125852130/9 .event anyedge, v0x1258523d0_33, v0x1258523d0_34, v0x1258523d0_35, v0x1258523d0_36;
v0x1258523d0_37 .array/port v0x1258523d0, 37;
v0x1258523d0_38 .array/port v0x1258523d0, 38;
v0x1258523d0_39 .array/port v0x1258523d0, 39;
v0x1258523d0_40 .array/port v0x1258523d0, 40;
E_0x125852130/10 .event anyedge, v0x1258523d0_37, v0x1258523d0_38, v0x1258523d0_39, v0x1258523d0_40;
v0x1258523d0_41 .array/port v0x1258523d0, 41;
v0x1258523d0_42 .array/port v0x1258523d0, 42;
v0x1258523d0_43 .array/port v0x1258523d0, 43;
v0x1258523d0_44 .array/port v0x1258523d0, 44;
E_0x125852130/11 .event anyedge, v0x1258523d0_41, v0x1258523d0_42, v0x1258523d0_43, v0x1258523d0_44;
v0x1258523d0_45 .array/port v0x1258523d0, 45;
v0x1258523d0_46 .array/port v0x1258523d0, 46;
v0x1258523d0_47 .array/port v0x1258523d0, 47;
v0x1258523d0_48 .array/port v0x1258523d0, 48;
E_0x125852130/12 .event anyedge, v0x1258523d0_45, v0x1258523d0_46, v0x1258523d0_47, v0x1258523d0_48;
v0x1258523d0_49 .array/port v0x1258523d0, 49;
v0x1258523d0_50 .array/port v0x1258523d0, 50;
v0x1258523d0_51 .array/port v0x1258523d0, 51;
v0x1258523d0_52 .array/port v0x1258523d0, 52;
E_0x125852130/13 .event anyedge, v0x1258523d0_49, v0x1258523d0_50, v0x1258523d0_51, v0x1258523d0_52;
v0x1258523d0_53 .array/port v0x1258523d0, 53;
v0x1258523d0_54 .array/port v0x1258523d0, 54;
v0x1258523d0_55 .array/port v0x1258523d0, 55;
v0x1258523d0_56 .array/port v0x1258523d0, 56;
E_0x125852130/14 .event anyedge, v0x1258523d0_53, v0x1258523d0_54, v0x1258523d0_55, v0x1258523d0_56;
v0x1258523d0_57 .array/port v0x1258523d0, 57;
v0x1258523d0_58 .array/port v0x1258523d0, 58;
v0x1258523d0_59 .array/port v0x1258523d0, 59;
v0x1258523d0_60 .array/port v0x1258523d0, 60;
E_0x125852130/15 .event anyedge, v0x1258523d0_57, v0x1258523d0_58, v0x1258523d0_59, v0x1258523d0_60;
v0x1258523d0_61 .array/port v0x1258523d0, 61;
v0x1258523d0_62 .array/port v0x1258523d0, 62;
v0x1258523d0_63 .array/port v0x1258523d0, 63;
v0x1258523d0_64 .array/port v0x1258523d0, 64;
E_0x125852130/16 .event anyedge, v0x1258523d0_61, v0x1258523d0_62, v0x1258523d0_63, v0x1258523d0_64;
v0x1258523d0_65 .array/port v0x1258523d0, 65;
v0x1258523d0_66 .array/port v0x1258523d0, 66;
v0x1258523d0_67 .array/port v0x1258523d0, 67;
v0x1258523d0_68 .array/port v0x1258523d0, 68;
E_0x125852130/17 .event anyedge, v0x1258523d0_65, v0x1258523d0_66, v0x1258523d0_67, v0x1258523d0_68;
v0x1258523d0_69 .array/port v0x1258523d0, 69;
v0x1258523d0_70 .array/port v0x1258523d0, 70;
v0x1258523d0_71 .array/port v0x1258523d0, 71;
v0x1258523d0_72 .array/port v0x1258523d0, 72;
E_0x125852130/18 .event anyedge, v0x1258523d0_69, v0x1258523d0_70, v0x1258523d0_71, v0x1258523d0_72;
v0x1258523d0_73 .array/port v0x1258523d0, 73;
v0x1258523d0_74 .array/port v0x1258523d0, 74;
v0x1258523d0_75 .array/port v0x1258523d0, 75;
v0x1258523d0_76 .array/port v0x1258523d0, 76;
E_0x125852130/19 .event anyedge, v0x1258523d0_73, v0x1258523d0_74, v0x1258523d0_75, v0x1258523d0_76;
v0x1258523d0_77 .array/port v0x1258523d0, 77;
v0x1258523d0_78 .array/port v0x1258523d0, 78;
v0x1258523d0_79 .array/port v0x1258523d0, 79;
v0x1258523d0_80 .array/port v0x1258523d0, 80;
E_0x125852130/20 .event anyedge, v0x1258523d0_77, v0x1258523d0_78, v0x1258523d0_79, v0x1258523d0_80;
v0x1258523d0_81 .array/port v0x1258523d0, 81;
v0x1258523d0_82 .array/port v0x1258523d0, 82;
v0x1258523d0_83 .array/port v0x1258523d0, 83;
v0x1258523d0_84 .array/port v0x1258523d0, 84;
E_0x125852130/21 .event anyedge, v0x1258523d0_81, v0x1258523d0_82, v0x1258523d0_83, v0x1258523d0_84;
v0x1258523d0_85 .array/port v0x1258523d0, 85;
v0x1258523d0_86 .array/port v0x1258523d0, 86;
v0x1258523d0_87 .array/port v0x1258523d0, 87;
v0x1258523d0_88 .array/port v0x1258523d0, 88;
E_0x125852130/22 .event anyedge, v0x1258523d0_85, v0x1258523d0_86, v0x1258523d0_87, v0x1258523d0_88;
v0x1258523d0_89 .array/port v0x1258523d0, 89;
v0x1258523d0_90 .array/port v0x1258523d0, 90;
v0x1258523d0_91 .array/port v0x1258523d0, 91;
v0x1258523d0_92 .array/port v0x1258523d0, 92;
E_0x125852130/23 .event anyedge, v0x1258523d0_89, v0x1258523d0_90, v0x1258523d0_91, v0x1258523d0_92;
v0x1258523d0_93 .array/port v0x1258523d0, 93;
v0x1258523d0_94 .array/port v0x1258523d0, 94;
v0x1258523d0_95 .array/port v0x1258523d0, 95;
v0x1258523d0_96 .array/port v0x1258523d0, 96;
E_0x125852130/24 .event anyedge, v0x1258523d0_93, v0x1258523d0_94, v0x1258523d0_95, v0x1258523d0_96;
v0x1258523d0_97 .array/port v0x1258523d0, 97;
v0x1258523d0_98 .array/port v0x1258523d0, 98;
v0x1258523d0_99 .array/port v0x1258523d0, 99;
v0x1258523d0_100 .array/port v0x1258523d0, 100;
E_0x125852130/25 .event anyedge, v0x1258523d0_97, v0x1258523d0_98, v0x1258523d0_99, v0x1258523d0_100;
v0x1258523d0_101 .array/port v0x1258523d0, 101;
v0x1258523d0_102 .array/port v0x1258523d0, 102;
v0x1258523d0_103 .array/port v0x1258523d0, 103;
v0x1258523d0_104 .array/port v0x1258523d0, 104;
E_0x125852130/26 .event anyedge, v0x1258523d0_101, v0x1258523d0_102, v0x1258523d0_103, v0x1258523d0_104;
v0x1258523d0_105 .array/port v0x1258523d0, 105;
v0x1258523d0_106 .array/port v0x1258523d0, 106;
v0x1258523d0_107 .array/port v0x1258523d0, 107;
v0x1258523d0_108 .array/port v0x1258523d0, 108;
E_0x125852130/27 .event anyedge, v0x1258523d0_105, v0x1258523d0_106, v0x1258523d0_107, v0x1258523d0_108;
v0x1258523d0_109 .array/port v0x1258523d0, 109;
v0x1258523d0_110 .array/port v0x1258523d0, 110;
v0x1258523d0_111 .array/port v0x1258523d0, 111;
v0x1258523d0_112 .array/port v0x1258523d0, 112;
E_0x125852130/28 .event anyedge, v0x1258523d0_109, v0x1258523d0_110, v0x1258523d0_111, v0x1258523d0_112;
v0x1258523d0_113 .array/port v0x1258523d0, 113;
v0x1258523d0_114 .array/port v0x1258523d0, 114;
v0x1258523d0_115 .array/port v0x1258523d0, 115;
v0x1258523d0_116 .array/port v0x1258523d0, 116;
E_0x125852130/29 .event anyedge, v0x1258523d0_113, v0x1258523d0_114, v0x1258523d0_115, v0x1258523d0_116;
v0x1258523d0_117 .array/port v0x1258523d0, 117;
v0x1258523d0_118 .array/port v0x1258523d0, 118;
v0x1258523d0_119 .array/port v0x1258523d0, 119;
v0x1258523d0_120 .array/port v0x1258523d0, 120;
E_0x125852130/30 .event anyedge, v0x1258523d0_117, v0x1258523d0_118, v0x1258523d0_119, v0x1258523d0_120;
v0x1258523d0_121 .array/port v0x1258523d0, 121;
v0x1258523d0_122 .array/port v0x1258523d0, 122;
v0x1258523d0_123 .array/port v0x1258523d0, 123;
v0x1258523d0_124 .array/port v0x1258523d0, 124;
E_0x125852130/31 .event anyedge, v0x1258523d0_121, v0x1258523d0_122, v0x1258523d0_123, v0x1258523d0_124;
v0x1258523d0_125 .array/port v0x1258523d0, 125;
v0x1258523d0_126 .array/port v0x1258523d0, 126;
v0x1258523d0_127 .array/port v0x1258523d0, 127;
v0x1258523d0_128 .array/port v0x1258523d0, 128;
E_0x125852130/32 .event anyedge, v0x1258523d0_125, v0x1258523d0_126, v0x1258523d0_127, v0x1258523d0_128;
v0x1258523d0_129 .array/port v0x1258523d0, 129;
v0x1258523d0_130 .array/port v0x1258523d0, 130;
v0x1258523d0_131 .array/port v0x1258523d0, 131;
v0x1258523d0_132 .array/port v0x1258523d0, 132;
E_0x125852130/33 .event anyedge, v0x1258523d0_129, v0x1258523d0_130, v0x1258523d0_131, v0x1258523d0_132;
v0x1258523d0_133 .array/port v0x1258523d0, 133;
v0x1258523d0_134 .array/port v0x1258523d0, 134;
v0x1258523d0_135 .array/port v0x1258523d0, 135;
v0x1258523d0_136 .array/port v0x1258523d0, 136;
E_0x125852130/34 .event anyedge, v0x1258523d0_133, v0x1258523d0_134, v0x1258523d0_135, v0x1258523d0_136;
v0x1258523d0_137 .array/port v0x1258523d0, 137;
v0x1258523d0_138 .array/port v0x1258523d0, 138;
v0x1258523d0_139 .array/port v0x1258523d0, 139;
v0x1258523d0_140 .array/port v0x1258523d0, 140;
E_0x125852130/35 .event anyedge, v0x1258523d0_137, v0x1258523d0_138, v0x1258523d0_139, v0x1258523d0_140;
v0x1258523d0_141 .array/port v0x1258523d0, 141;
v0x1258523d0_142 .array/port v0x1258523d0, 142;
v0x1258523d0_143 .array/port v0x1258523d0, 143;
v0x1258523d0_144 .array/port v0x1258523d0, 144;
E_0x125852130/36 .event anyedge, v0x1258523d0_141, v0x1258523d0_142, v0x1258523d0_143, v0x1258523d0_144;
v0x1258523d0_145 .array/port v0x1258523d0, 145;
v0x1258523d0_146 .array/port v0x1258523d0, 146;
v0x1258523d0_147 .array/port v0x1258523d0, 147;
v0x1258523d0_148 .array/port v0x1258523d0, 148;
E_0x125852130/37 .event anyedge, v0x1258523d0_145, v0x1258523d0_146, v0x1258523d0_147, v0x1258523d0_148;
v0x1258523d0_149 .array/port v0x1258523d0, 149;
v0x1258523d0_150 .array/port v0x1258523d0, 150;
v0x1258523d0_151 .array/port v0x1258523d0, 151;
v0x1258523d0_152 .array/port v0x1258523d0, 152;
E_0x125852130/38 .event anyedge, v0x1258523d0_149, v0x1258523d0_150, v0x1258523d0_151, v0x1258523d0_152;
v0x1258523d0_153 .array/port v0x1258523d0, 153;
v0x1258523d0_154 .array/port v0x1258523d0, 154;
v0x1258523d0_155 .array/port v0x1258523d0, 155;
v0x1258523d0_156 .array/port v0x1258523d0, 156;
E_0x125852130/39 .event anyedge, v0x1258523d0_153, v0x1258523d0_154, v0x1258523d0_155, v0x1258523d0_156;
v0x1258523d0_157 .array/port v0x1258523d0, 157;
v0x1258523d0_158 .array/port v0x1258523d0, 158;
v0x1258523d0_159 .array/port v0x1258523d0, 159;
v0x1258523d0_160 .array/port v0x1258523d0, 160;
E_0x125852130/40 .event anyedge, v0x1258523d0_157, v0x1258523d0_158, v0x1258523d0_159, v0x1258523d0_160;
v0x1258523d0_161 .array/port v0x1258523d0, 161;
v0x1258523d0_162 .array/port v0x1258523d0, 162;
v0x1258523d0_163 .array/port v0x1258523d0, 163;
v0x1258523d0_164 .array/port v0x1258523d0, 164;
E_0x125852130/41 .event anyedge, v0x1258523d0_161, v0x1258523d0_162, v0x1258523d0_163, v0x1258523d0_164;
v0x1258523d0_165 .array/port v0x1258523d0, 165;
v0x1258523d0_166 .array/port v0x1258523d0, 166;
v0x1258523d0_167 .array/port v0x1258523d0, 167;
v0x1258523d0_168 .array/port v0x1258523d0, 168;
E_0x125852130/42 .event anyedge, v0x1258523d0_165, v0x1258523d0_166, v0x1258523d0_167, v0x1258523d0_168;
v0x1258523d0_169 .array/port v0x1258523d0, 169;
v0x1258523d0_170 .array/port v0x1258523d0, 170;
v0x1258523d0_171 .array/port v0x1258523d0, 171;
v0x1258523d0_172 .array/port v0x1258523d0, 172;
E_0x125852130/43 .event anyedge, v0x1258523d0_169, v0x1258523d0_170, v0x1258523d0_171, v0x1258523d0_172;
v0x1258523d0_173 .array/port v0x1258523d0, 173;
v0x1258523d0_174 .array/port v0x1258523d0, 174;
v0x1258523d0_175 .array/port v0x1258523d0, 175;
v0x1258523d0_176 .array/port v0x1258523d0, 176;
E_0x125852130/44 .event anyedge, v0x1258523d0_173, v0x1258523d0_174, v0x1258523d0_175, v0x1258523d0_176;
v0x1258523d0_177 .array/port v0x1258523d0, 177;
v0x1258523d0_178 .array/port v0x1258523d0, 178;
v0x1258523d0_179 .array/port v0x1258523d0, 179;
v0x1258523d0_180 .array/port v0x1258523d0, 180;
E_0x125852130/45 .event anyedge, v0x1258523d0_177, v0x1258523d0_178, v0x1258523d0_179, v0x1258523d0_180;
v0x1258523d0_181 .array/port v0x1258523d0, 181;
v0x1258523d0_182 .array/port v0x1258523d0, 182;
v0x1258523d0_183 .array/port v0x1258523d0, 183;
v0x1258523d0_184 .array/port v0x1258523d0, 184;
E_0x125852130/46 .event anyedge, v0x1258523d0_181, v0x1258523d0_182, v0x1258523d0_183, v0x1258523d0_184;
v0x1258523d0_185 .array/port v0x1258523d0, 185;
v0x1258523d0_186 .array/port v0x1258523d0, 186;
v0x1258523d0_187 .array/port v0x1258523d0, 187;
v0x1258523d0_188 .array/port v0x1258523d0, 188;
E_0x125852130/47 .event anyedge, v0x1258523d0_185, v0x1258523d0_186, v0x1258523d0_187, v0x1258523d0_188;
v0x1258523d0_189 .array/port v0x1258523d0, 189;
v0x1258523d0_190 .array/port v0x1258523d0, 190;
v0x1258523d0_191 .array/port v0x1258523d0, 191;
v0x1258523d0_192 .array/port v0x1258523d0, 192;
E_0x125852130/48 .event anyedge, v0x1258523d0_189, v0x1258523d0_190, v0x1258523d0_191, v0x1258523d0_192;
v0x1258523d0_193 .array/port v0x1258523d0, 193;
v0x1258523d0_194 .array/port v0x1258523d0, 194;
v0x1258523d0_195 .array/port v0x1258523d0, 195;
v0x1258523d0_196 .array/port v0x1258523d0, 196;
E_0x125852130/49 .event anyedge, v0x1258523d0_193, v0x1258523d0_194, v0x1258523d0_195, v0x1258523d0_196;
v0x1258523d0_197 .array/port v0x1258523d0, 197;
v0x1258523d0_198 .array/port v0x1258523d0, 198;
v0x1258523d0_199 .array/port v0x1258523d0, 199;
v0x1258523d0_200 .array/port v0x1258523d0, 200;
E_0x125852130/50 .event anyedge, v0x1258523d0_197, v0x1258523d0_198, v0x1258523d0_199, v0x1258523d0_200;
v0x1258523d0_201 .array/port v0x1258523d0, 201;
v0x1258523d0_202 .array/port v0x1258523d0, 202;
v0x1258523d0_203 .array/port v0x1258523d0, 203;
v0x1258523d0_204 .array/port v0x1258523d0, 204;
E_0x125852130/51 .event anyedge, v0x1258523d0_201, v0x1258523d0_202, v0x1258523d0_203, v0x1258523d0_204;
v0x1258523d0_205 .array/port v0x1258523d0, 205;
v0x1258523d0_206 .array/port v0x1258523d0, 206;
v0x1258523d0_207 .array/port v0x1258523d0, 207;
v0x1258523d0_208 .array/port v0x1258523d0, 208;
E_0x125852130/52 .event anyedge, v0x1258523d0_205, v0x1258523d0_206, v0x1258523d0_207, v0x1258523d0_208;
v0x1258523d0_209 .array/port v0x1258523d0, 209;
v0x1258523d0_210 .array/port v0x1258523d0, 210;
v0x1258523d0_211 .array/port v0x1258523d0, 211;
v0x1258523d0_212 .array/port v0x1258523d0, 212;
E_0x125852130/53 .event anyedge, v0x1258523d0_209, v0x1258523d0_210, v0x1258523d0_211, v0x1258523d0_212;
v0x1258523d0_213 .array/port v0x1258523d0, 213;
v0x1258523d0_214 .array/port v0x1258523d0, 214;
v0x1258523d0_215 .array/port v0x1258523d0, 215;
v0x1258523d0_216 .array/port v0x1258523d0, 216;
E_0x125852130/54 .event anyedge, v0x1258523d0_213, v0x1258523d0_214, v0x1258523d0_215, v0x1258523d0_216;
v0x1258523d0_217 .array/port v0x1258523d0, 217;
v0x1258523d0_218 .array/port v0x1258523d0, 218;
v0x1258523d0_219 .array/port v0x1258523d0, 219;
v0x1258523d0_220 .array/port v0x1258523d0, 220;
E_0x125852130/55 .event anyedge, v0x1258523d0_217, v0x1258523d0_218, v0x1258523d0_219, v0x1258523d0_220;
v0x1258523d0_221 .array/port v0x1258523d0, 221;
v0x1258523d0_222 .array/port v0x1258523d0, 222;
v0x1258523d0_223 .array/port v0x1258523d0, 223;
v0x1258523d0_224 .array/port v0x1258523d0, 224;
E_0x125852130/56 .event anyedge, v0x1258523d0_221, v0x1258523d0_222, v0x1258523d0_223, v0x1258523d0_224;
v0x1258523d0_225 .array/port v0x1258523d0, 225;
v0x1258523d0_226 .array/port v0x1258523d0, 226;
v0x1258523d0_227 .array/port v0x1258523d0, 227;
v0x1258523d0_228 .array/port v0x1258523d0, 228;
E_0x125852130/57 .event anyedge, v0x1258523d0_225, v0x1258523d0_226, v0x1258523d0_227, v0x1258523d0_228;
v0x1258523d0_229 .array/port v0x1258523d0, 229;
v0x1258523d0_230 .array/port v0x1258523d0, 230;
v0x1258523d0_231 .array/port v0x1258523d0, 231;
v0x1258523d0_232 .array/port v0x1258523d0, 232;
E_0x125852130/58 .event anyedge, v0x1258523d0_229, v0x1258523d0_230, v0x1258523d0_231, v0x1258523d0_232;
v0x1258523d0_233 .array/port v0x1258523d0, 233;
v0x1258523d0_234 .array/port v0x1258523d0, 234;
v0x1258523d0_235 .array/port v0x1258523d0, 235;
v0x1258523d0_236 .array/port v0x1258523d0, 236;
E_0x125852130/59 .event anyedge, v0x1258523d0_233, v0x1258523d0_234, v0x1258523d0_235, v0x1258523d0_236;
v0x1258523d0_237 .array/port v0x1258523d0, 237;
v0x1258523d0_238 .array/port v0x1258523d0, 238;
v0x1258523d0_239 .array/port v0x1258523d0, 239;
v0x1258523d0_240 .array/port v0x1258523d0, 240;
E_0x125852130/60 .event anyedge, v0x1258523d0_237, v0x1258523d0_238, v0x1258523d0_239, v0x1258523d0_240;
v0x1258523d0_241 .array/port v0x1258523d0, 241;
v0x1258523d0_242 .array/port v0x1258523d0, 242;
v0x1258523d0_243 .array/port v0x1258523d0, 243;
v0x1258523d0_244 .array/port v0x1258523d0, 244;
E_0x125852130/61 .event anyedge, v0x1258523d0_241, v0x1258523d0_242, v0x1258523d0_243, v0x1258523d0_244;
v0x1258523d0_245 .array/port v0x1258523d0, 245;
v0x1258523d0_246 .array/port v0x1258523d0, 246;
v0x1258523d0_247 .array/port v0x1258523d0, 247;
v0x1258523d0_248 .array/port v0x1258523d0, 248;
E_0x125852130/62 .event anyedge, v0x1258523d0_245, v0x1258523d0_246, v0x1258523d0_247, v0x1258523d0_248;
v0x1258523d0_249 .array/port v0x1258523d0, 249;
v0x1258523d0_250 .array/port v0x1258523d0, 250;
v0x1258523d0_251 .array/port v0x1258523d0, 251;
v0x1258523d0_252 .array/port v0x1258523d0, 252;
E_0x125852130/63 .event anyedge, v0x1258523d0_249, v0x1258523d0_250, v0x1258523d0_251, v0x1258523d0_252;
v0x1258523d0_253 .array/port v0x1258523d0, 253;
v0x1258523d0_254 .array/port v0x1258523d0, 254;
v0x1258523d0_255 .array/port v0x1258523d0, 255;
v0x1258523d0_256 .array/port v0x1258523d0, 256;
E_0x125852130/64 .event anyedge, v0x1258523d0_253, v0x1258523d0_254, v0x1258523d0_255, v0x1258523d0_256;
v0x1258523d0_257 .array/port v0x1258523d0, 257;
v0x1258523d0_258 .array/port v0x1258523d0, 258;
v0x1258523d0_259 .array/port v0x1258523d0, 259;
v0x1258523d0_260 .array/port v0x1258523d0, 260;
E_0x125852130/65 .event anyedge, v0x1258523d0_257, v0x1258523d0_258, v0x1258523d0_259, v0x1258523d0_260;
v0x1258523d0_261 .array/port v0x1258523d0, 261;
v0x1258523d0_262 .array/port v0x1258523d0, 262;
v0x1258523d0_263 .array/port v0x1258523d0, 263;
v0x1258523d0_264 .array/port v0x1258523d0, 264;
E_0x125852130/66 .event anyedge, v0x1258523d0_261, v0x1258523d0_262, v0x1258523d0_263, v0x1258523d0_264;
v0x1258523d0_265 .array/port v0x1258523d0, 265;
v0x1258523d0_266 .array/port v0x1258523d0, 266;
v0x1258523d0_267 .array/port v0x1258523d0, 267;
v0x1258523d0_268 .array/port v0x1258523d0, 268;
E_0x125852130/67 .event anyedge, v0x1258523d0_265, v0x1258523d0_266, v0x1258523d0_267, v0x1258523d0_268;
v0x1258523d0_269 .array/port v0x1258523d0, 269;
v0x1258523d0_270 .array/port v0x1258523d0, 270;
v0x1258523d0_271 .array/port v0x1258523d0, 271;
v0x1258523d0_272 .array/port v0x1258523d0, 272;
E_0x125852130/68 .event anyedge, v0x1258523d0_269, v0x1258523d0_270, v0x1258523d0_271, v0x1258523d0_272;
v0x1258523d0_273 .array/port v0x1258523d0, 273;
v0x1258523d0_274 .array/port v0x1258523d0, 274;
v0x1258523d0_275 .array/port v0x1258523d0, 275;
v0x1258523d0_276 .array/port v0x1258523d0, 276;
E_0x125852130/69 .event anyedge, v0x1258523d0_273, v0x1258523d0_274, v0x1258523d0_275, v0x1258523d0_276;
v0x1258523d0_277 .array/port v0x1258523d0, 277;
v0x1258523d0_278 .array/port v0x1258523d0, 278;
v0x1258523d0_279 .array/port v0x1258523d0, 279;
v0x1258523d0_280 .array/port v0x1258523d0, 280;
E_0x125852130/70 .event anyedge, v0x1258523d0_277, v0x1258523d0_278, v0x1258523d0_279, v0x1258523d0_280;
v0x1258523d0_281 .array/port v0x1258523d0, 281;
v0x1258523d0_282 .array/port v0x1258523d0, 282;
v0x1258523d0_283 .array/port v0x1258523d0, 283;
v0x1258523d0_284 .array/port v0x1258523d0, 284;
E_0x125852130/71 .event anyedge, v0x1258523d0_281, v0x1258523d0_282, v0x1258523d0_283, v0x1258523d0_284;
v0x1258523d0_285 .array/port v0x1258523d0, 285;
v0x1258523d0_286 .array/port v0x1258523d0, 286;
v0x1258523d0_287 .array/port v0x1258523d0, 287;
v0x1258523d0_288 .array/port v0x1258523d0, 288;
E_0x125852130/72 .event anyedge, v0x1258523d0_285, v0x1258523d0_286, v0x1258523d0_287, v0x1258523d0_288;
v0x1258523d0_289 .array/port v0x1258523d0, 289;
v0x1258523d0_290 .array/port v0x1258523d0, 290;
v0x1258523d0_291 .array/port v0x1258523d0, 291;
v0x1258523d0_292 .array/port v0x1258523d0, 292;
E_0x125852130/73 .event anyedge, v0x1258523d0_289, v0x1258523d0_290, v0x1258523d0_291, v0x1258523d0_292;
v0x1258523d0_293 .array/port v0x1258523d0, 293;
v0x1258523d0_294 .array/port v0x1258523d0, 294;
v0x1258523d0_295 .array/port v0x1258523d0, 295;
v0x1258523d0_296 .array/port v0x1258523d0, 296;
E_0x125852130/74 .event anyedge, v0x1258523d0_293, v0x1258523d0_294, v0x1258523d0_295, v0x1258523d0_296;
v0x1258523d0_297 .array/port v0x1258523d0, 297;
v0x1258523d0_298 .array/port v0x1258523d0, 298;
v0x1258523d0_299 .array/port v0x1258523d0, 299;
v0x1258523d0_300 .array/port v0x1258523d0, 300;
E_0x125852130/75 .event anyedge, v0x1258523d0_297, v0x1258523d0_298, v0x1258523d0_299, v0x1258523d0_300;
v0x1258523d0_301 .array/port v0x1258523d0, 301;
v0x1258523d0_302 .array/port v0x1258523d0, 302;
v0x1258523d0_303 .array/port v0x1258523d0, 303;
v0x1258523d0_304 .array/port v0x1258523d0, 304;
E_0x125852130/76 .event anyedge, v0x1258523d0_301, v0x1258523d0_302, v0x1258523d0_303, v0x1258523d0_304;
v0x1258523d0_305 .array/port v0x1258523d0, 305;
v0x1258523d0_306 .array/port v0x1258523d0, 306;
v0x1258523d0_307 .array/port v0x1258523d0, 307;
v0x1258523d0_308 .array/port v0x1258523d0, 308;
E_0x125852130/77 .event anyedge, v0x1258523d0_305, v0x1258523d0_306, v0x1258523d0_307, v0x1258523d0_308;
v0x1258523d0_309 .array/port v0x1258523d0, 309;
v0x1258523d0_310 .array/port v0x1258523d0, 310;
v0x1258523d0_311 .array/port v0x1258523d0, 311;
v0x1258523d0_312 .array/port v0x1258523d0, 312;
E_0x125852130/78 .event anyedge, v0x1258523d0_309, v0x1258523d0_310, v0x1258523d0_311, v0x1258523d0_312;
v0x1258523d0_313 .array/port v0x1258523d0, 313;
v0x1258523d0_314 .array/port v0x1258523d0, 314;
v0x1258523d0_315 .array/port v0x1258523d0, 315;
v0x1258523d0_316 .array/port v0x1258523d0, 316;
E_0x125852130/79 .event anyedge, v0x1258523d0_313, v0x1258523d0_314, v0x1258523d0_315, v0x1258523d0_316;
v0x1258523d0_317 .array/port v0x1258523d0, 317;
v0x1258523d0_318 .array/port v0x1258523d0, 318;
v0x1258523d0_319 .array/port v0x1258523d0, 319;
v0x1258523d0_320 .array/port v0x1258523d0, 320;
E_0x125852130/80 .event anyedge, v0x1258523d0_317, v0x1258523d0_318, v0x1258523d0_319, v0x1258523d0_320;
v0x1258523d0_321 .array/port v0x1258523d0, 321;
v0x1258523d0_322 .array/port v0x1258523d0, 322;
v0x1258523d0_323 .array/port v0x1258523d0, 323;
v0x1258523d0_324 .array/port v0x1258523d0, 324;
E_0x125852130/81 .event anyedge, v0x1258523d0_321, v0x1258523d0_322, v0x1258523d0_323, v0x1258523d0_324;
v0x1258523d0_325 .array/port v0x1258523d0, 325;
v0x1258523d0_326 .array/port v0x1258523d0, 326;
v0x1258523d0_327 .array/port v0x1258523d0, 327;
v0x1258523d0_328 .array/port v0x1258523d0, 328;
E_0x125852130/82 .event anyedge, v0x1258523d0_325, v0x1258523d0_326, v0x1258523d0_327, v0x1258523d0_328;
v0x1258523d0_329 .array/port v0x1258523d0, 329;
v0x1258523d0_330 .array/port v0x1258523d0, 330;
v0x1258523d0_331 .array/port v0x1258523d0, 331;
v0x1258523d0_332 .array/port v0x1258523d0, 332;
E_0x125852130/83 .event anyedge, v0x1258523d0_329, v0x1258523d0_330, v0x1258523d0_331, v0x1258523d0_332;
v0x1258523d0_333 .array/port v0x1258523d0, 333;
v0x1258523d0_334 .array/port v0x1258523d0, 334;
v0x1258523d0_335 .array/port v0x1258523d0, 335;
v0x1258523d0_336 .array/port v0x1258523d0, 336;
E_0x125852130/84 .event anyedge, v0x1258523d0_333, v0x1258523d0_334, v0x1258523d0_335, v0x1258523d0_336;
v0x1258523d0_337 .array/port v0x1258523d0, 337;
v0x1258523d0_338 .array/port v0x1258523d0, 338;
v0x1258523d0_339 .array/port v0x1258523d0, 339;
v0x1258523d0_340 .array/port v0x1258523d0, 340;
E_0x125852130/85 .event anyedge, v0x1258523d0_337, v0x1258523d0_338, v0x1258523d0_339, v0x1258523d0_340;
v0x1258523d0_341 .array/port v0x1258523d0, 341;
v0x1258523d0_342 .array/port v0x1258523d0, 342;
v0x1258523d0_343 .array/port v0x1258523d0, 343;
v0x1258523d0_344 .array/port v0x1258523d0, 344;
E_0x125852130/86 .event anyedge, v0x1258523d0_341, v0x1258523d0_342, v0x1258523d0_343, v0x1258523d0_344;
v0x1258523d0_345 .array/port v0x1258523d0, 345;
v0x1258523d0_346 .array/port v0x1258523d0, 346;
v0x1258523d0_347 .array/port v0x1258523d0, 347;
v0x1258523d0_348 .array/port v0x1258523d0, 348;
E_0x125852130/87 .event anyedge, v0x1258523d0_345, v0x1258523d0_346, v0x1258523d0_347, v0x1258523d0_348;
v0x1258523d0_349 .array/port v0x1258523d0, 349;
v0x1258523d0_350 .array/port v0x1258523d0, 350;
v0x1258523d0_351 .array/port v0x1258523d0, 351;
v0x1258523d0_352 .array/port v0x1258523d0, 352;
E_0x125852130/88 .event anyedge, v0x1258523d0_349, v0x1258523d0_350, v0x1258523d0_351, v0x1258523d0_352;
v0x1258523d0_353 .array/port v0x1258523d0, 353;
v0x1258523d0_354 .array/port v0x1258523d0, 354;
v0x1258523d0_355 .array/port v0x1258523d0, 355;
v0x1258523d0_356 .array/port v0x1258523d0, 356;
E_0x125852130/89 .event anyedge, v0x1258523d0_353, v0x1258523d0_354, v0x1258523d0_355, v0x1258523d0_356;
v0x1258523d0_357 .array/port v0x1258523d0, 357;
v0x1258523d0_358 .array/port v0x1258523d0, 358;
v0x1258523d0_359 .array/port v0x1258523d0, 359;
v0x1258523d0_360 .array/port v0x1258523d0, 360;
E_0x125852130/90 .event anyedge, v0x1258523d0_357, v0x1258523d0_358, v0x1258523d0_359, v0x1258523d0_360;
v0x1258523d0_361 .array/port v0x1258523d0, 361;
v0x1258523d0_362 .array/port v0x1258523d0, 362;
v0x1258523d0_363 .array/port v0x1258523d0, 363;
v0x1258523d0_364 .array/port v0x1258523d0, 364;
E_0x125852130/91 .event anyedge, v0x1258523d0_361, v0x1258523d0_362, v0x1258523d0_363, v0x1258523d0_364;
v0x1258523d0_365 .array/port v0x1258523d0, 365;
v0x1258523d0_366 .array/port v0x1258523d0, 366;
v0x1258523d0_367 .array/port v0x1258523d0, 367;
v0x1258523d0_368 .array/port v0x1258523d0, 368;
E_0x125852130/92 .event anyedge, v0x1258523d0_365, v0x1258523d0_366, v0x1258523d0_367, v0x1258523d0_368;
v0x1258523d0_369 .array/port v0x1258523d0, 369;
v0x1258523d0_370 .array/port v0x1258523d0, 370;
v0x1258523d0_371 .array/port v0x1258523d0, 371;
v0x1258523d0_372 .array/port v0x1258523d0, 372;
E_0x125852130/93 .event anyedge, v0x1258523d0_369, v0x1258523d0_370, v0x1258523d0_371, v0x1258523d0_372;
v0x1258523d0_373 .array/port v0x1258523d0, 373;
v0x1258523d0_374 .array/port v0x1258523d0, 374;
v0x1258523d0_375 .array/port v0x1258523d0, 375;
v0x1258523d0_376 .array/port v0x1258523d0, 376;
E_0x125852130/94 .event anyedge, v0x1258523d0_373, v0x1258523d0_374, v0x1258523d0_375, v0x1258523d0_376;
v0x1258523d0_377 .array/port v0x1258523d0, 377;
v0x1258523d0_378 .array/port v0x1258523d0, 378;
v0x1258523d0_379 .array/port v0x1258523d0, 379;
v0x1258523d0_380 .array/port v0x1258523d0, 380;
E_0x125852130/95 .event anyedge, v0x1258523d0_377, v0x1258523d0_378, v0x1258523d0_379, v0x1258523d0_380;
v0x1258523d0_381 .array/port v0x1258523d0, 381;
v0x1258523d0_382 .array/port v0x1258523d0, 382;
v0x1258523d0_383 .array/port v0x1258523d0, 383;
v0x1258523d0_384 .array/port v0x1258523d0, 384;
E_0x125852130/96 .event anyedge, v0x1258523d0_381, v0x1258523d0_382, v0x1258523d0_383, v0x1258523d0_384;
v0x1258523d0_385 .array/port v0x1258523d0, 385;
v0x1258523d0_386 .array/port v0x1258523d0, 386;
v0x1258523d0_387 .array/port v0x1258523d0, 387;
v0x1258523d0_388 .array/port v0x1258523d0, 388;
E_0x125852130/97 .event anyedge, v0x1258523d0_385, v0x1258523d0_386, v0x1258523d0_387, v0x1258523d0_388;
v0x1258523d0_389 .array/port v0x1258523d0, 389;
v0x1258523d0_390 .array/port v0x1258523d0, 390;
v0x1258523d0_391 .array/port v0x1258523d0, 391;
v0x1258523d0_392 .array/port v0x1258523d0, 392;
E_0x125852130/98 .event anyedge, v0x1258523d0_389, v0x1258523d0_390, v0x1258523d0_391, v0x1258523d0_392;
v0x1258523d0_393 .array/port v0x1258523d0, 393;
v0x1258523d0_394 .array/port v0x1258523d0, 394;
v0x1258523d0_395 .array/port v0x1258523d0, 395;
v0x1258523d0_396 .array/port v0x1258523d0, 396;
E_0x125852130/99 .event anyedge, v0x1258523d0_393, v0x1258523d0_394, v0x1258523d0_395, v0x1258523d0_396;
v0x1258523d0_397 .array/port v0x1258523d0, 397;
v0x1258523d0_398 .array/port v0x1258523d0, 398;
v0x1258523d0_399 .array/port v0x1258523d0, 399;
v0x1258523d0_400 .array/port v0x1258523d0, 400;
E_0x125852130/100 .event anyedge, v0x1258523d0_397, v0x1258523d0_398, v0x1258523d0_399, v0x1258523d0_400;
v0x1258523d0_401 .array/port v0x1258523d0, 401;
v0x1258523d0_402 .array/port v0x1258523d0, 402;
v0x1258523d0_403 .array/port v0x1258523d0, 403;
v0x1258523d0_404 .array/port v0x1258523d0, 404;
E_0x125852130/101 .event anyedge, v0x1258523d0_401, v0x1258523d0_402, v0x1258523d0_403, v0x1258523d0_404;
v0x1258523d0_405 .array/port v0x1258523d0, 405;
v0x1258523d0_406 .array/port v0x1258523d0, 406;
v0x1258523d0_407 .array/port v0x1258523d0, 407;
v0x1258523d0_408 .array/port v0x1258523d0, 408;
E_0x125852130/102 .event anyedge, v0x1258523d0_405, v0x1258523d0_406, v0x1258523d0_407, v0x1258523d0_408;
v0x1258523d0_409 .array/port v0x1258523d0, 409;
v0x1258523d0_410 .array/port v0x1258523d0, 410;
v0x1258523d0_411 .array/port v0x1258523d0, 411;
v0x1258523d0_412 .array/port v0x1258523d0, 412;
E_0x125852130/103 .event anyedge, v0x1258523d0_409, v0x1258523d0_410, v0x1258523d0_411, v0x1258523d0_412;
v0x1258523d0_413 .array/port v0x1258523d0, 413;
v0x1258523d0_414 .array/port v0x1258523d0, 414;
v0x1258523d0_415 .array/port v0x1258523d0, 415;
v0x1258523d0_416 .array/port v0x1258523d0, 416;
E_0x125852130/104 .event anyedge, v0x1258523d0_413, v0x1258523d0_414, v0x1258523d0_415, v0x1258523d0_416;
v0x1258523d0_417 .array/port v0x1258523d0, 417;
v0x1258523d0_418 .array/port v0x1258523d0, 418;
v0x1258523d0_419 .array/port v0x1258523d0, 419;
v0x1258523d0_420 .array/port v0x1258523d0, 420;
E_0x125852130/105 .event anyedge, v0x1258523d0_417, v0x1258523d0_418, v0x1258523d0_419, v0x1258523d0_420;
v0x1258523d0_421 .array/port v0x1258523d0, 421;
v0x1258523d0_422 .array/port v0x1258523d0, 422;
v0x1258523d0_423 .array/port v0x1258523d0, 423;
v0x1258523d0_424 .array/port v0x1258523d0, 424;
E_0x125852130/106 .event anyedge, v0x1258523d0_421, v0x1258523d0_422, v0x1258523d0_423, v0x1258523d0_424;
v0x1258523d0_425 .array/port v0x1258523d0, 425;
v0x1258523d0_426 .array/port v0x1258523d0, 426;
v0x1258523d0_427 .array/port v0x1258523d0, 427;
v0x1258523d0_428 .array/port v0x1258523d0, 428;
E_0x125852130/107 .event anyedge, v0x1258523d0_425, v0x1258523d0_426, v0x1258523d0_427, v0x1258523d0_428;
v0x1258523d0_429 .array/port v0x1258523d0, 429;
v0x1258523d0_430 .array/port v0x1258523d0, 430;
v0x1258523d0_431 .array/port v0x1258523d0, 431;
v0x1258523d0_432 .array/port v0x1258523d0, 432;
E_0x125852130/108 .event anyedge, v0x1258523d0_429, v0x1258523d0_430, v0x1258523d0_431, v0x1258523d0_432;
v0x1258523d0_433 .array/port v0x1258523d0, 433;
v0x1258523d0_434 .array/port v0x1258523d0, 434;
v0x1258523d0_435 .array/port v0x1258523d0, 435;
v0x1258523d0_436 .array/port v0x1258523d0, 436;
E_0x125852130/109 .event anyedge, v0x1258523d0_433, v0x1258523d0_434, v0x1258523d0_435, v0x1258523d0_436;
v0x1258523d0_437 .array/port v0x1258523d0, 437;
v0x1258523d0_438 .array/port v0x1258523d0, 438;
v0x1258523d0_439 .array/port v0x1258523d0, 439;
v0x1258523d0_440 .array/port v0x1258523d0, 440;
E_0x125852130/110 .event anyedge, v0x1258523d0_437, v0x1258523d0_438, v0x1258523d0_439, v0x1258523d0_440;
v0x1258523d0_441 .array/port v0x1258523d0, 441;
v0x1258523d0_442 .array/port v0x1258523d0, 442;
v0x1258523d0_443 .array/port v0x1258523d0, 443;
v0x1258523d0_444 .array/port v0x1258523d0, 444;
E_0x125852130/111 .event anyedge, v0x1258523d0_441, v0x1258523d0_442, v0x1258523d0_443, v0x1258523d0_444;
v0x1258523d0_445 .array/port v0x1258523d0, 445;
v0x1258523d0_446 .array/port v0x1258523d0, 446;
v0x1258523d0_447 .array/port v0x1258523d0, 447;
v0x1258523d0_448 .array/port v0x1258523d0, 448;
E_0x125852130/112 .event anyedge, v0x1258523d0_445, v0x1258523d0_446, v0x1258523d0_447, v0x1258523d0_448;
v0x1258523d0_449 .array/port v0x1258523d0, 449;
v0x1258523d0_450 .array/port v0x1258523d0, 450;
v0x1258523d0_451 .array/port v0x1258523d0, 451;
v0x1258523d0_452 .array/port v0x1258523d0, 452;
E_0x125852130/113 .event anyedge, v0x1258523d0_449, v0x1258523d0_450, v0x1258523d0_451, v0x1258523d0_452;
v0x1258523d0_453 .array/port v0x1258523d0, 453;
v0x1258523d0_454 .array/port v0x1258523d0, 454;
v0x1258523d0_455 .array/port v0x1258523d0, 455;
v0x1258523d0_456 .array/port v0x1258523d0, 456;
E_0x125852130/114 .event anyedge, v0x1258523d0_453, v0x1258523d0_454, v0x1258523d0_455, v0x1258523d0_456;
v0x1258523d0_457 .array/port v0x1258523d0, 457;
v0x1258523d0_458 .array/port v0x1258523d0, 458;
v0x1258523d0_459 .array/port v0x1258523d0, 459;
v0x1258523d0_460 .array/port v0x1258523d0, 460;
E_0x125852130/115 .event anyedge, v0x1258523d0_457, v0x1258523d0_458, v0x1258523d0_459, v0x1258523d0_460;
v0x1258523d0_461 .array/port v0x1258523d0, 461;
v0x1258523d0_462 .array/port v0x1258523d0, 462;
v0x1258523d0_463 .array/port v0x1258523d0, 463;
v0x1258523d0_464 .array/port v0x1258523d0, 464;
E_0x125852130/116 .event anyedge, v0x1258523d0_461, v0x1258523d0_462, v0x1258523d0_463, v0x1258523d0_464;
v0x1258523d0_465 .array/port v0x1258523d0, 465;
v0x1258523d0_466 .array/port v0x1258523d0, 466;
v0x1258523d0_467 .array/port v0x1258523d0, 467;
v0x1258523d0_468 .array/port v0x1258523d0, 468;
E_0x125852130/117 .event anyedge, v0x1258523d0_465, v0x1258523d0_466, v0x1258523d0_467, v0x1258523d0_468;
v0x1258523d0_469 .array/port v0x1258523d0, 469;
v0x1258523d0_470 .array/port v0x1258523d0, 470;
v0x1258523d0_471 .array/port v0x1258523d0, 471;
v0x1258523d0_472 .array/port v0x1258523d0, 472;
E_0x125852130/118 .event anyedge, v0x1258523d0_469, v0x1258523d0_470, v0x1258523d0_471, v0x1258523d0_472;
v0x1258523d0_473 .array/port v0x1258523d0, 473;
v0x1258523d0_474 .array/port v0x1258523d0, 474;
v0x1258523d0_475 .array/port v0x1258523d0, 475;
v0x1258523d0_476 .array/port v0x1258523d0, 476;
E_0x125852130/119 .event anyedge, v0x1258523d0_473, v0x1258523d0_474, v0x1258523d0_475, v0x1258523d0_476;
v0x1258523d0_477 .array/port v0x1258523d0, 477;
v0x1258523d0_478 .array/port v0x1258523d0, 478;
v0x1258523d0_479 .array/port v0x1258523d0, 479;
v0x1258523d0_480 .array/port v0x1258523d0, 480;
E_0x125852130/120 .event anyedge, v0x1258523d0_477, v0x1258523d0_478, v0x1258523d0_479, v0x1258523d0_480;
v0x1258523d0_481 .array/port v0x1258523d0, 481;
v0x1258523d0_482 .array/port v0x1258523d0, 482;
v0x1258523d0_483 .array/port v0x1258523d0, 483;
v0x1258523d0_484 .array/port v0x1258523d0, 484;
E_0x125852130/121 .event anyedge, v0x1258523d0_481, v0x1258523d0_482, v0x1258523d0_483, v0x1258523d0_484;
v0x1258523d0_485 .array/port v0x1258523d0, 485;
v0x1258523d0_486 .array/port v0x1258523d0, 486;
v0x1258523d0_487 .array/port v0x1258523d0, 487;
v0x1258523d0_488 .array/port v0x1258523d0, 488;
E_0x125852130/122 .event anyedge, v0x1258523d0_485, v0x1258523d0_486, v0x1258523d0_487, v0x1258523d0_488;
v0x1258523d0_489 .array/port v0x1258523d0, 489;
v0x1258523d0_490 .array/port v0x1258523d0, 490;
v0x1258523d0_491 .array/port v0x1258523d0, 491;
v0x1258523d0_492 .array/port v0x1258523d0, 492;
E_0x125852130/123 .event anyedge, v0x1258523d0_489, v0x1258523d0_490, v0x1258523d0_491, v0x1258523d0_492;
v0x1258523d0_493 .array/port v0x1258523d0, 493;
v0x1258523d0_494 .array/port v0x1258523d0, 494;
v0x1258523d0_495 .array/port v0x1258523d0, 495;
v0x1258523d0_496 .array/port v0x1258523d0, 496;
E_0x125852130/124 .event anyedge, v0x1258523d0_493, v0x1258523d0_494, v0x1258523d0_495, v0x1258523d0_496;
v0x1258523d0_497 .array/port v0x1258523d0, 497;
v0x1258523d0_498 .array/port v0x1258523d0, 498;
v0x1258523d0_499 .array/port v0x1258523d0, 499;
v0x1258523d0_500 .array/port v0x1258523d0, 500;
E_0x125852130/125 .event anyedge, v0x1258523d0_497, v0x1258523d0_498, v0x1258523d0_499, v0x1258523d0_500;
v0x1258523d0_501 .array/port v0x1258523d0, 501;
v0x1258523d0_502 .array/port v0x1258523d0, 502;
v0x1258523d0_503 .array/port v0x1258523d0, 503;
v0x1258523d0_504 .array/port v0x1258523d0, 504;
E_0x125852130/126 .event anyedge, v0x1258523d0_501, v0x1258523d0_502, v0x1258523d0_503, v0x1258523d0_504;
v0x1258523d0_505 .array/port v0x1258523d0, 505;
v0x1258523d0_506 .array/port v0x1258523d0, 506;
v0x1258523d0_507 .array/port v0x1258523d0, 507;
v0x1258523d0_508 .array/port v0x1258523d0, 508;
E_0x125852130/127 .event anyedge, v0x1258523d0_505, v0x1258523d0_506, v0x1258523d0_507, v0x1258523d0_508;
v0x1258523d0_509 .array/port v0x1258523d0, 509;
v0x1258523d0_510 .array/port v0x1258523d0, 510;
v0x1258523d0_511 .array/port v0x1258523d0, 511;
E_0x125852130/128 .event anyedge, v0x1258523d0_509, v0x1258523d0_510, v0x1258523d0_511, v0x125631290_0;
E_0x125852130 .event/or E_0x125852130/0, E_0x125852130/1, E_0x125852130/2, E_0x125852130/3, E_0x125852130/4, E_0x125852130/5, E_0x125852130/6, E_0x125852130/7, E_0x125852130/8, E_0x125852130/9, E_0x125852130/10, E_0x125852130/11, E_0x125852130/12, E_0x125852130/13, E_0x125852130/14, E_0x125852130/15, E_0x125852130/16, E_0x125852130/17, E_0x125852130/18, E_0x125852130/19, E_0x125852130/20, E_0x125852130/21, E_0x125852130/22, E_0x125852130/23, E_0x125852130/24, E_0x125852130/25, E_0x125852130/26, E_0x125852130/27, E_0x125852130/28, E_0x125852130/29, E_0x125852130/30, E_0x125852130/31, E_0x125852130/32, E_0x125852130/33, E_0x125852130/34, E_0x125852130/35, E_0x125852130/36, E_0x125852130/37, E_0x125852130/38, E_0x125852130/39, E_0x125852130/40, E_0x125852130/41, E_0x125852130/42, E_0x125852130/43, E_0x125852130/44, E_0x125852130/45, E_0x125852130/46, E_0x125852130/47, E_0x125852130/48, E_0x125852130/49, E_0x125852130/50, E_0x125852130/51, E_0x125852130/52, E_0x125852130/53, E_0x125852130/54, E_0x125852130/55, E_0x125852130/56, E_0x125852130/57, E_0x125852130/58, E_0x125852130/59, E_0x125852130/60, E_0x125852130/61, E_0x125852130/62, E_0x125852130/63, E_0x125852130/64, E_0x125852130/65, E_0x125852130/66, E_0x125852130/67, E_0x125852130/68, E_0x125852130/69, E_0x125852130/70, E_0x125852130/71, E_0x125852130/72, E_0x125852130/73, E_0x125852130/74, E_0x125852130/75, E_0x125852130/76, E_0x125852130/77, E_0x125852130/78, E_0x125852130/79, E_0x125852130/80, E_0x125852130/81, E_0x125852130/82, E_0x125852130/83, E_0x125852130/84, E_0x125852130/85, E_0x125852130/86, E_0x125852130/87, E_0x125852130/88, E_0x125852130/89, E_0x125852130/90, E_0x125852130/91, E_0x125852130/92, E_0x125852130/93, E_0x125852130/94, E_0x125852130/95, E_0x125852130/96, E_0x125852130/97, E_0x125852130/98, E_0x125852130/99, E_0x125852130/100, E_0x125852130/101, E_0x125852130/102, E_0x125852130/103, E_0x125852130/104, E_0x125852130/105, E_0x125852130/106, E_0x125852130/107, E_0x125852130/108, E_0x125852130/109, E_0x125852130/110, E_0x125852130/111, E_0x125852130/112, E_0x125852130/113, E_0x125852130/114, E_0x125852130/115, E_0x125852130/116, E_0x125852130/117, E_0x125852130/118, E_0x125852130/119, E_0x125852130/120, E_0x125852130/121, E_0x125852130/122, E_0x125852130/123, E_0x125852130/124, E_0x125852130/125, E_0x125852130/126, E_0x125852130/127, E_0x125852130/128;
S_0x125854640 .scope module, "reg0" "R0" 3 68, 29 1 0, S_0x1256364a0;
 .timescale -9 -11;
    .port_info 0 /INPUT 1 "clear";
    .port_info 1 /INPUT 1 "clock";
    .port_info 2 /INPUT 1 "enable";
    .port_info 3 /INPUT 1 "BAout";
    .port_info 4 /INPUT 32 "data_in";
    .port_info 5 /OUTPUT 32 "data_out";
P_0x125854800 .param/l "DATA_WIDTH" 0 29 1, +C4<00000000000000000000000000100000>;
P_0x125854840 .param/l "INIT" 0 29 1, C4<00000000000000000000000000000000>;
v0x125854a60_0 .net "BAout", 0 0, v0x125637220_0;  alias, 1 drivers
L_0x128078010 .functor BUFT 1, C4<00000000000000000000000000000000>, C4<0>, C4<0>, C4<0>;
v0x125854b00_0 .net/2u *"_ivl_0", 31 0, L_0x128078010;  1 drivers
v0x125854ba0_0 .net "clear", 0 0, v0x125863380_0;  alias, 1 drivers
v0x125854d30_0 .net "clock", 0 0, v0x125863410_0;  alias, 1 drivers
v0x125854ec0_0 .net "data_in", 31 0, v0x12584c720_0;  alias, 1 drivers
v0x125854f50_0 .net "data_out", 31 0, L_0x125865050;  alias, 1 drivers
v0x125854fe0_0 .net "enable", 0 0, L_0x125865170;  1 drivers
v0x125855070_0 .var "q", 31 0;
L_0x125865050 .functor MUXZ 32, v0x125855070_0, L_0x128078010, v0x125637220_0, C4<>;
S_0x125855100 .scope module, "reg1" "register" 3 77, 22 1 0, S_0x1256364a0;
 .timescale -9 -11;
    .port_info 0 /INPUT 1 "clear";
    .port_info 1 /INPUT 1 "clock";
    .port_info 2 /INPUT 1 "enable";
    .port_info 3 /INPUT 32 "data_in";
    .port_info 4 /OUTPUT 32 "data_out";
P_0x125855270 .param/l "DATA_WIDTH" 0 22 1, +C4<00000000000000000000000000100000>;
P_0x1258552b0 .param/l "INIT" 0 22 1, C4<00000000000000000000000000000000>;
L_0x125865250 .functor BUFZ 32, v0x1258557a0_0, C4<00000000000000000000000000000000>, C4<00000000000000000000000000000000>, C4<00000000000000000000000000000000>;
v0x125855440_0 .net "clear", 0 0, v0x125863380_0;  alias, 1 drivers
v0x1258554d0_0 .net "clock", 0 0, v0x125863410_0;  alias, 1 drivers
v0x125855570_0 .net "data_in", 31 0, v0x12584c720_0;  alias, 1 drivers
v0x125855620_0 .net "data_out", 31 0, L_0x125865250;  alias, 1 drivers
v0x1258556d0_0 .net "enable", 0 0, L_0x1258652c0;  1 drivers
v0x1258557a0_0 .var "q", 31 0;
S_0x1258558d0 .scope module, "reg10" "register" 3 149, 22 1 0, S_0x1256364a0;
 .timescale -9 -11;
    .port_info 0 /INPUT 1 "clear";
    .port_info 1 /INPUT 1 "clock";
    .port_info 2 /INPUT 1 "enable";
    .port_info 3 /INPUT 32 "data_in";
    .port_info 4 /OUTPUT 32 "data_out";
P_0x125855a90 .param/l "DATA_WIDTH" 0 22 1, +C4<00000000000000000000000000100000>;
P_0x125855ad0 .param/l "INIT" 0 22 1, C4<00000000000000000000000000000000>;
L_0x125865df0 .functor BUFZ 32, v0x125855fa0_0, C4<00000000000000000000000000000000>, C4<00000000000000000000000000000000>, C4<00000000000000000000000000000000>;
v0x125855c40_0 .net "clear", 0 0, v0x125863380_0;  alias, 1 drivers
v0x125855cd0_0 .net "clock", 0 0, v0x125863410_0;  alias, 1 drivers
v0x125855d70_0 .net "data_in", 31 0, v0x12584c720_0;  alias, 1 drivers
v0x125855e20_0 .net "data_out", 31 0, L_0x125865df0;  alias, 1 drivers
v0x125855ed0_0 .net "enable", 0 0, L_0x125865e60;  1 drivers
v0x125855fa0_0 .var "q", 31 0;
S_0x1258560d0 .scope module, "reg11" "register" 3 157, 22 1 0, S_0x1256364a0;
 .timescale -9 -11;
    .port_info 0 /INPUT 1 "clear";
    .port_info 1 /INPUT 1 "clock";
    .port_info 2 /INPUT 1 "enable";
    .port_info 3 /INPUT 32 "data_in";
    .port_info 4 /OUTPUT 32 "data_out";
P_0x12584fba0 .param/l "DATA_WIDTH" 0 22 1, +C4<00000000000000000000000000100000>;
P_0x12584fbe0 .param/l "INIT" 0 22 1, C4<00000000000000000000000000000000>;
L_0x125865f80 .functor BUFZ 32, v0x125856820_0, C4<00000000000000000000000000000000>, C4<00000000000000000000000000000000>, C4<00000000000000000000000000000000>;
v0x1258564c0_0 .net "clear", 0 0, v0x125863380_0;  alias, 1 drivers
v0x125856550_0 .net "clock", 0 0, v0x125863410_0;  alias, 1 drivers
v0x1258565f0_0 .net "data_in", 31 0, v0x12584c720_0;  alias, 1 drivers
v0x1258566a0_0 .net "data_out", 31 0, L_0x125865f80;  alias, 1 drivers
v0x125856750_0 .net "enable", 0 0, L_0x125866010;  1 drivers
v0x125856820_0 .var "q", 31 0;
S_0x125856950 .scope module, "reg12" "register" 3 165, 22 1 0, S_0x1256364a0;
 .timescale -9 -11;
    .port_info 0 /INPUT 1 "clear";
    .port_info 1 /INPUT 1 "clock";
    .port_info 2 /INPUT 1 "enable";
    .port_info 3 /INPUT 32 "data_in";
    .port_info 4 /OUTPUT 32 "data_out";
P_0x125856b10 .param/l "DATA_WIDTH" 0 22 1, +C4<00000000000000000000000000100000>;
P_0x125856b50 .param/l "INIT" 0 22 1, C4<00000000000000000000000000000000>;
L_0x1258660b0 .functor BUFZ 32, v0x125857020_0, C4<00000000000000000000000000000000>, C4<00000000000000000000000000000000>, C4<00000000000000000000000000000000>;
v0x125856cc0_0 .net "clear", 0 0, v0x125863380_0;  alias, 1 drivers
v0x125856d50_0 .net "clock", 0 0, v0x125863410_0;  alias, 1 drivers
v0x125856df0_0 .net "data_in", 31 0, v0x12584c720_0;  alias, 1 drivers
v0x125856ea0_0 .net "data_out", 31 0, L_0x1258660b0;  alias, 1 drivers
v0x125856f50_0 .net "enable", 0 0, L_0x125866120;  1 drivers
v0x125857020_0 .var "q", 31 0;
S_0x125857150 .scope module, "reg13" "register" 3 173, 22 1 0, S_0x1256364a0;
 .timescale -9 -11;
    .port_info 0 /INPUT 1 "clear";
    .port_info 1 /INPUT 1 "clock";
    .port_info 2 /INPUT 1 "enable";
    .port_info 3 /INPUT 32 "data_in";
    .port_info 4 /OUTPUT 32 "data_out";
P_0x125857310 .param/l "DATA_WIDTH" 0 22 1, +C4<00000000000000000000000000100000>;
P_0x125857350 .param/l "INIT" 0 22 1, C4<00000000000000000000000000000000>;
L_0x125866250 .functor BUFZ 32, v0x125857820_0, C4<00000000000000000000000000000000>, C4<00000000000000000000000000000000>, C4<00000000000000000000000000000000>;
v0x1258574c0_0 .net "clear", 0 0, v0x125863380_0;  alias, 1 drivers
v0x125857550_0 .net "clock", 0 0, v0x125863410_0;  alias, 1 drivers
v0x1258575f0_0 .net "data_in", 31 0, v0x12584c720_0;  alias, 1 drivers
v0x1258576a0_0 .net "data_out", 31 0, L_0x125866250;  alias, 1 drivers
v0x125857750_0 .net "enable", 0 0, L_0x1258662e0;  1 drivers
v0x125857820_0 .var "q", 31 0;
S_0x125857950 .scope module, "reg14" "register" 3 181, 22 1 0, S_0x1256364a0;
 .timescale -9 -11;
    .port_info 0 /INPUT 1 "clear";
    .port_info 1 /INPUT 1 "clock";
    .port_info 2 /INPUT 1 "enable";
    .port_info 3 /INPUT 32 "data_in";
    .port_info 4 /OUTPUT 32 "data_out";
P_0x125857b10 .param/l "DATA_WIDTH" 0 22 1, +C4<00000000000000000000000000100000>;
P_0x125857b50 .param/l "INIT" 0 22 1, C4<00000000000000000000000000000000>;
L_0x125866380 .functor BUFZ 32, v0x125858020_0, C4<00000000000000000000000000000000>, C4<00000000000000000000000000000000>, C4<00000000000000000000000000000000>;
v0x125857cc0_0 .net "clear", 0 0, v0x125863380_0;  alias, 1 drivers
v0x125857d50_0 .net "clock", 0 0, v0x125863410_0;  alias, 1 drivers
v0x125857df0_0 .net "data_in", 31 0, v0x12584c720_0;  alias, 1 drivers
v0x125857ea0_0 .net "data_out", 31 0, L_0x125866380;  alias, 1 drivers
v0x125857f50_0 .net "enable", 0 0, L_0x1258663f0;  1 drivers
v0x125858020_0 .var "q", 31 0;
S_0x125858150 .scope module, "reg15" "register" 3 189, 22 1 0, S_0x1256364a0;
 .timescale -9 -11;
    .port_info 0 /INPUT 1 "clear";
    .port_info 1 /INPUT 1 "clock";
    .port_info 2 /INPUT 1 "enable";
    .port_info 3 /INPUT 32 "data_in";
    .port_info 4 /OUTPUT 32 "data_out";
P_0x125858310 .param/l "DATA_WIDTH" 0 22 1, +C4<00000000000000000000000000100000>;
P_0x125858350 .param/l "INIT" 0 22 1, C4<00000000000000000000000000000000>;
L_0x1258661e0 .functor BUFZ 32, v0x125858820_0, C4<00000000000000000000000000000000>, C4<00000000000000000000000000000000>, C4<00000000000000000000000000000000>;
v0x1258584c0_0 .net "clear", 0 0, v0x125863380_0;  alias, 1 drivers
v0x125858550_0 .net "clock", 0 0, v0x125863410_0;  alias, 1 drivers
v0x1258585f0_0 .net "data_in", 31 0, v0x12584c720_0;  alias, 1 drivers
v0x1258586a0_0 .net "data_out", 31 0, L_0x1258661e0;  alias, 1 drivers
v0x125858750_0 .net "enable", 0 0, L_0x125866690;  1 drivers
v0x125858820_0 .var "q", 31 0;
S_0x125858950 .scope module, "reg2" "register" 3 85, 22 1 0, S_0x1256364a0;
 .timescale -9 -11;
    .port_info 0 /INPUT 1 "clear";
    .port_info 1 /INPUT 1 "clock";
    .port_info 2 /INPUT 1 "enable";
    .port_info 3 /INPUT 32 "data_in";
    .port_info 4 /OUTPUT 32 "data_out";
P_0x125858b10 .param/l "DATA_WIDTH" 0 22 1, +C4<00000000000000000000000000100000>;
P_0x125858b50 .param/l "INIT" 0 22 1, C4<00000000000000000000000000000000>;
L_0x125865360 .functor BUFZ 32, v0x12584d040_0, C4<00000000000000000000000000000000>, C4<00000000000000000000000000000000>, C4<00000000000000000000000000000000>;
v0x125858cc0_0 .net "clear", 0 0, v0x125863380_0;  alias, 1 drivers
v0x125854c30_0 .net "clock", 0 0, v0x125863410_0;  alias, 1 drivers
v0x125854dc0_0 .net "data_in", 31 0, v0x12584c720_0;  alias, 1 drivers
v0x12584cf20_0 .net "data_out", 31 0, L_0x125865360;  alias, 1 drivers
v0x12584cfb0_0 .net "enable", 0 0, L_0x1258653d0;  1 drivers
v0x12584d040_0 .var "q", 31 0;
S_0x125859150 .scope module, "reg3" "register" 3 93, 22 1 0, S_0x1256364a0;
 .timescale -9 -11;
    .port_info 0 /INPUT 1 "clear";
    .port_info 1 /INPUT 1 "clock";
    .port_info 2 /INPUT 1 "enable";
    .port_info 3 /INPUT 32 "data_in";
    .port_info 4 /OUTPUT 32 "data_out";
P_0x125859310 .param/l "DATA_WIDTH" 0 22 1, +C4<00000000000000000000000000100000>;
P_0x125859350 .param/l "INIT" 0 22 1, C4<00000000000000000000000000000000>;
L_0x1258654f0 .functor BUFZ 32, v0x125859820_0, C4<00000000000000000000000000000000>, C4<00000000000000000000000000000000>, C4<00000000000000000000000000000000>;
v0x1258594c0_0 .net "clear", 0 0, v0x125863380_0;  alias, 1 drivers
v0x125859550_0 .net "clock", 0 0, v0x125863410_0;  alias, 1 drivers
v0x1258595f0_0 .net "data_in", 31 0, v0x12584c720_0;  alias, 1 drivers
v0x1258596a0_0 .net "data_out", 31 0, L_0x1258654f0;  alias, 1 drivers
v0x125859750_0 .net "enable", 0 0, L_0x125865560;  1 drivers
v0x125859820_0 .var "q", 31 0;
S_0x125859950 .scope module, "reg4" "register" 3 101, 22 1 0, S_0x1256364a0;
 .timescale -9 -11;
    .port_info 0 /INPUT 1 "clear";
    .port_info 1 /INPUT 1 "clock";
    .port_info 2 /INPUT 1 "enable";
    .port_info 3 /INPUT 32 "data_in";
    .port_info 4 /OUTPUT 32 "data_out";
P_0x125859b10 .param/l "DATA_WIDTH" 0 22 1, +C4<00000000000000000000000000100000>;
P_0x125859b50 .param/l "INIT" 0 22 1, C4<00000000000000000000000000000000>;
L_0x125865600 .functor BUFZ 32, v0x12585a020_0, C4<00000000000000000000000000000000>, C4<00000000000000000000000000000000>, C4<00000000000000000000000000000000>;
v0x125859cc0_0 .net "clear", 0 0, v0x125863380_0;  alias, 1 drivers
v0x125859d50_0 .net "clock", 0 0, v0x125863410_0;  alias, 1 drivers
v0x125859df0_0 .net "data_in", 31 0, v0x12584c720_0;  alias, 1 drivers
v0x125859ea0_0 .net "data_out", 31 0, L_0x125865600;  alias, 1 drivers
v0x125859f50_0 .net "enable", 0 0, L_0x125865670;  1 drivers
v0x12585a020_0 .var "q", 31 0;
S_0x12585a150 .scope module, "reg5" "register" 3 109, 22 1 0, S_0x1256364a0;
 .timescale -9 -11;
    .port_info 0 /INPUT 1 "clear";
    .port_info 1 /INPUT 1 "clock";
    .port_info 2 /INPUT 1 "enable";
    .port_info 3 /INPUT 32 "data_in";
    .port_info 4 /OUTPUT 32 "data_out";
P_0x12585a310 .param/l "DATA_WIDTH" 0 22 1, +C4<00000000000000000000000000100000>;
P_0x12585a350 .param/l "INIT" 0 22 1, C4<00000000000000000000000000000000>;
L_0x125865710 .functor BUFZ 32, v0x12585a820_0, C4<00000000000000000000000000000000>, C4<00000000000000000000000000000000>, C4<00000000000000000000000000000000>;
v0x12585a4c0_0 .net "clear", 0 0, v0x125863380_0;  alias, 1 drivers
v0x12585a550_0 .net "clock", 0 0, v0x125863410_0;  alias, 1 drivers
v0x12585a5f0_0 .net "data_in", 31 0, v0x12584c720_0;  alias, 1 drivers
v0x12585a6a0_0 .net "data_out", 31 0, L_0x125865710;  alias, 1 drivers
v0x12585a750_0 .net "enable", 0 0, L_0x125865780;  1 drivers
v0x12585a820_0 .var "q", 31 0;
S_0x12585a950 .scope module, "reg6" "register" 3 117, 22 1 0, S_0x1256364a0;
 .timescale -9 -11;
    .port_info 0 /INPUT 1 "clear";
    .port_info 1 /INPUT 1 "clock";
    .port_info 2 /INPUT 1 "enable";
    .port_info 3 /INPUT 32 "data_in";
    .port_info 4 /OUTPUT 32 "data_out";
P_0x12585ab10 .param/l "DATA_WIDTH" 0 22 1, +C4<00000000000000000000000000100000>;
P_0x12585ab50 .param/l "INIT" 0 22 1, C4<00000000000000000000000000000000>;
L_0x125865820 .functor BUFZ 32, v0x12585b020_0, C4<00000000000000000000000000000000>, C4<00000000000000000000000000000000>, C4<00000000000000000000000000000000>;
v0x12585acc0_0 .net "clear", 0 0, v0x125863380_0;  alias, 1 drivers
v0x12585ad50_0 .net "clock", 0 0, v0x125863410_0;  alias, 1 drivers
v0x12585adf0_0 .net "data_in", 31 0, v0x12584c720_0;  alias, 1 drivers
v0x12585aea0_0 .net "data_out", 31 0, L_0x125865820;  alias, 1 drivers
v0x12585af50_0 .net "enable", 0 0, L_0x125865890;  1 drivers
v0x12585b020_0 .var "q", 31 0;
S_0x12585b150 .scope module, "reg7" "register" 3 125, 22 1 0, S_0x1256364a0;
 .timescale -9 -11;
    .port_info 0 /INPUT 1 "clear";
    .port_info 1 /INPUT 1 "clock";
    .port_info 2 /INPUT 1 "enable";
    .port_info 3 /INPUT 32 "data_in";
    .port_info 4 /OUTPUT 32 "data_out";
P_0x12585b310 .param/l "DATA_WIDTH" 0 22 1, +C4<00000000000000000000000000100000>;
P_0x12585b350 .param/l "INIT" 0 22 1, C4<00000000000000000000000000000000>;
L_0x125865a50 .functor BUFZ 32, v0x12585b820_0, C4<00000000000000000000000000000000>, C4<00000000000000000000000000000000>, C4<00000000000000000000000000000000>;
v0x12585b4c0_0 .net "clear", 0 0, v0x125863380_0;  alias, 1 drivers
v0x12585b550_0 .net "clock", 0 0, v0x125863410_0;  alias, 1 drivers
v0x12585b5f0_0 .net "data_in", 31 0, v0x12584c720_0;  alias, 1 drivers
v0x12585b6a0_0 .net "data_out", 31 0, L_0x125865a50;  alias, 1 drivers
v0x12585b750_0 .net "enable", 0 0, L_0x125865ae0;  1 drivers
v0x12585b820_0 .var "q", 31 0;
S_0x12585b950 .scope module, "reg8" "register" 3 133, 22 1 0, S_0x1256364a0;
 .timescale -9 -11;
    .port_info 0 /INPUT 1 "clear";
    .port_info 1 /INPUT 1 "clock";
    .port_info 2 /INPUT 1 "enable";
    .port_info 3 /INPUT 32 "data_in";
    .port_info 4 /OUTPUT 32 "data_out";
P_0x12585bb10 .param/l "DATA_WIDTH" 0 22 1, +C4<00000000000000000000000000100000>;
P_0x12585bb50 .param/l "INIT" 0 22 1, C4<00000000000000000000000000000000>;
L_0x125865b80 .functor BUFZ 32, v0x12585c020_0, C4<00000000000000000000000000000000>, C4<00000000000000000000000000000000>, C4<00000000000000000000000000000000>;
v0x12585bcc0_0 .net "clear", 0 0, v0x125863380_0;  alias, 1 drivers
v0x12585bd50_0 .net "clock", 0 0, v0x125863410_0;  alias, 1 drivers
v0x12585bdf0_0 .net "data_in", 31 0, v0x12584c720_0;  alias, 1 drivers
v0x12585bea0_0 .net "data_out", 31 0, L_0x125865b80;  alias, 1 drivers
v0x12585bf50_0 .net "enable", 0 0, L_0x125865bf0;  1 drivers
v0x12585c020_0 .var "q", 31 0;
S_0x12585c150 .scope module, "reg9" "register" 3 141, 22 1 0, S_0x1256364a0;
 .timescale -9 -11;
    .port_info 0 /INPUT 1 "clear";
    .port_info 1 /INPUT 1 "clock";
    .port_info 2 /INPUT 1 "enable";
    .port_info 3 /INPUT 32 "data_in";
    .port_info 4 /OUTPUT 32 "data_out";
P_0x12585c310 .param/l "DATA_WIDTH" 0 22 1, +C4<00000000000000000000000000100000>;
P_0x12585c350 .param/l "INIT" 0 22 1, C4<00000000000000000000000000000000>;
L_0x125865ce0 .functor BUFZ 32, v0x12585c820_0, C4<00000000000000000000000000000000>, C4<00000000000000000000000000000000>, C4<00000000000000000000000000000000>;
v0x12585c4c0_0 .net "clear", 0 0, v0x125863380_0;  alias, 1 drivers
v0x12585c550_0 .net "clock", 0 0, v0x125863410_0;  alias, 1 drivers
v0x12585c5f0_0 .net "data_in", 31 0, v0x12584c720_0;  alias, 1 drivers
v0x12585c6a0_0 .net "data_out", 31 0, L_0x125865ce0;  alias, 1 drivers
v0x12585c750_0 .net "enable", 0 0, L_0x125865d50;  1 drivers
v0x12585c820_0 .var "q", 31 0;
S_0x12585c950 .scope module, "select_encode" "Select_Encode" 3 30, 30 1 0, S_0x1256364a0;
 .timescale -9 -11;
    .port_info 0 /INPUT 32 "IR";
    .port_info 1 /INPUT 1 "Gra";
    .port_info 2 /INPUT 1 "Grb";
    .port_info 3 /INPUT 1 "Grc";
    .port_info 4 /INPUT 1 "Rin";
    .port_info 5 /INPUT 1 "Rout";
    .port_info 6 /INPUT 1 "BAout";
    .port_info 7 /INPUT 1 "Cout";
    .port_info 8 /OUTPUT 16 "Rin_out";
    .port_info 9 /OUTPUT 16 "Rout_out";
    .port_info 10 /OUTPUT 32 "C_sign_extended";
P_0x12585cb10 .param/l "DATA_WIDTH" 0 30 1, +C4<00000000000000000000000000100000>;
v0x12585ce10_0 .net "BAout", 0 0, v0x125637220_0;  alias, 1 drivers
v0x12585cec0_0 .var "C_sign_extended", 31 0;
v0x12585cf50_0 .net "Cout", 0 0, v0x1258634a0_0;  alias, 1 drivers
v0x12585cfe0_0 .net8 "Gra", 0 0, RS_0x128040070;  alias, 2 drivers
v0x12585d070_0 .net8 "Grb", 0 0, RS_0x1280400a0;  alias, 2 drivers
v0x12585d140_0 .net8 "Grc", 0 0, RS_0x1280400d0;  alias, 2 drivers
v0x12585d1f0_0 .net "IR", 31 0, L_0x1258667d0;  alias, 1 drivers
v0x12585d280_0 .net "Rin", 0 0, v0x125864540_0;  alias, 1 drivers
v0x12585d310_0 .var "Rin_out", 15 0;
v0x12585d420_0 .net "Rout", 0 0, v0x125864610_0;  alias, 1 drivers
v0x12585d4b0_0 .var "Rout_out", 15 0;
v0x12585d540_0 .var "reg_to_enable", 3 0;
E_0x12585cd80/0 .event anyedge, v0x12568ea70_0, v0x135756740_0, v0x135753330_0, v0x12584a5c0_0;
E_0x12585cd80/1 .event anyedge, v0x12585d280_0, v0x12585d540_0, v0x125854a60_0, v0x12585d420_0;
E_0x12585cd80/2 .event anyedge, v0x135768a50_0;
E_0x12585cd80 .event/or E_0x12585cd80/0, E_0x12585cd80/1, E_0x12585cd80/2;
S_0x12585d700 .scope module, "y_register" "register" 3 250, 22 1 0, S_0x1256364a0;
 .timescale -9 -11;
    .port_info 0 /INPUT 1 "clear";
    .port_info 1 /INPUT 1 "clock";
    .port_info 2 /INPUT 1 "enable";
    .port_info 3 /INPUT 32 "data_in";
    .port_info 4 /OUTPUT 32 "data_out";
P_0x12585d8c0 .param/l "DATA_WIDTH" 0 22 1, +C4<00000000000000000000000000100000>;
P_0x12585d900 .param/l "INIT" 0 22 1, C4<00000000000000000000000000000000>;
v0x12585da10_0 .net "clear", 0 0, v0x125863380_0;  alias, 1 drivers
v0x12585dab0_0 .net "clock", 0 0, v0x125863410_0;  alias, 1 drivers
v0x12585db50_0 .net "data_in", 31 0, v0x12584c720_0;  alias, 1 drivers
v0x12585dc00_0 .net "data_out", 31 0, v0x12585de60_0;  alias, 1 drivers
v0x12585dd90_0 .net "enable", 0 0, v0x125864770_0;  alias, 1 drivers
v0x12585de60_0 .var "q", 31 0;
S_0x12585df20 .scope module, "z_high_register" "register" 3 224, 22 1 0, S_0x1256364a0;
 .timescale -9 -11;
    .port_info 0 /INPUT 1 "clear";
    .port_info 1 /INPUT 1 "clock";
    .port_info 2 /INPUT 1 "enable";
    .port_info 3 /INPUT 32 "data_in";
    .port_info 4 /OUTPUT 32 "data_out";
P_0x12585e0e0 .param/l "DATA_WIDTH" 0 22 1, +C4<00000000000000000000000000100000>;
P_0x12585e120 .param/l "INIT" 0 22 1, C4<00000000000000000000000000000000>;
L_0x125866a60 .functor BUFZ 32, v0x12585e600_0, C4<00000000000000000000000000000000>, C4<00000000000000000000000000000000>, C4<00000000000000000000000000000000>;
v0x12585e290_0 .net "clear", 0 0, v0x125863380_0;  alias, 1 drivers
v0x12585e320_0 .net "clock", 0 0, v0x125863410_0;  alias, 1 drivers
v0x12585e3c0_0 .net "data_in", 31 0, L_0x125866ad0;  1 drivers
v0x12585e470_0 .net "data_out", 31 0, L_0x125866a60;  alias, 1 drivers
v0x12585e530_0 .net "enable", 0 0, v0x125864910_0;  alias, 1 drivers
v0x12585e600_0 .var "q", 31 0;
S_0x12585e730 .scope module, "z_low_register" "register" 3 216, 22 1 0, S_0x1256364a0;
 .timescale -9 -11;
    .port_info 0 /INPUT 1 "clear";
    .port_info 1 /INPUT 1 "clock";
    .port_info 2 /INPUT 1 "enable";
    .port_info 3 /INPUT 32 "data_in";
    .port_info 4 /OUTPUT 32 "data_out";
P_0x125856290 .param/l "DATA_WIDTH" 0 22 1, +C4<00000000000000000000000000100000>;
P_0x1258562d0 .param/l "INIT" 0 22 1, C4<00000000000000000000000000000000>;
L_0x125866840 .functor BUFZ 32, v0x12585ef10_0, C4<00000000000000000000000000000000>, C4<00000000000000000000000000000000>, C4<00000000000000000000000000000000>;
v0x12585eba0_0 .net "clear", 0 0, v0x125863380_0;  alias, 1 drivers
v0x12585ec30_0 .net "clock", 0 0, v0x125863410_0;  alias, 1 drivers
v0x12585ecd0_0 .net "data_in", 31 0, L_0x1258668d0;  1 drivers
v0x12585ed80_0 .net "data_out", 31 0, L_0x125866840;  alias, 1 drivers
v0x12585ee40_0 .net "enable", 0 0, v0x125864910_0;  alias, 1 drivers
v0x12585ef10_0 .var "q", 31 0;
    .scope S_0x12585c950;
T_0 ;
    %wait E_0x12585cd80;
    %pushi/vec4 0, 0, 16;
    %store/vec4 v0x12585d310_0, 0, 16;
    %pushi/vec4 0, 0, 16;
    %store/vec4 v0x12585d4b0_0, 0, 16;
    %pushi/vec4 0, 0, 4;
    %store/vec4 v0x12585d540_0, 0, 4;
    %pushi/vec4 0, 0, 32;
    %store/vec4 v0x12585cec0_0, 0, 32;
    %load/vec4 v0x12585d1f0_0;
    %parti/s 5, 27, 6;
    %dup/vec4;
    %pushi/vec4 0, 0, 5;
    %cmp/u;
    %jmp/1 T_0.0, 6;
    %dup/vec4;
    %pushi/vec4 1, 0, 5;
    %cmp/u;
    %jmp/1 T_0.1, 6;
    %dup/vec4;
    %pushi/vec4 2, 0, 5;
    %cmp/u;
    %jmp/1 T_0.2, 6;
    %dup/vec4;
    %pushi/vec4 3, 0, 5;
    %cmp/u;
    %jmp/1 T_0.3, 6;
    %dup/vec4;
    %pushi/vec4 4, 0, 5;
    %cmp/u;
    %jmp/1 T_0.4, 6;
    %dup/vec4;
    %pushi/vec4 5, 0, 5;
    %cmp/u;
    %jmp/1 T_0.5, 6;
    %dup/vec4;
    %pushi/vec4 6, 0, 5;
    %cmp/u;
    %jmp/1 T_0.6, 6;
    %dup/vec4;
    %pushi/vec4 7, 0, 5;
    %cmp/u;
    %jmp/1 T_0.7, 6;
    %dup/vec4;
    %pushi/vec4 8, 0, 5;
    %cmp/u;
    %jmp/1 T_0.8, 6;
    %dup/vec4;
    %pushi/vec4 9, 0, 5;
    %cmp/u;
    %jmp/1 T_0.9, 6;
    %dup/vec4;
    %pushi/vec4 10, 0, 5;
    %cmp/u;
    %jmp/1 T_0.10, 6;
    %dup/vec4;
    %pushi/vec4 11, 0, 5;
    %cmp/u;
    %jmp/1 T_0.11, 6;
    %dup/vec4;
    %pushi/vec4 12, 0, 5;
    %cmp/u;
    %jmp/1 T_0.12, 6;
    %dup/vec4;
    %pushi/vec4 13, 0, 5;
    %cmp/u;
    %jmp/1 T_0.13, 6;
    %dup/vec4;
    %pushi/vec4 14, 0, 5;
    %cmp/u;
    %jmp/1 T_0.14, 6;
    %dup/vec4;
    %pushi/vec4 15, 0, 5;
    %cmp/u;
    %jmp/1 T_0.15, 6;
    %dup/vec4;
    %pushi/vec4 16, 0, 5;
    %cmp/u;
    %jmp/1 T_0.16, 6;
    %dup/vec4;
    %pushi/vec4 17, 0, 5;
    %cmp/u;
    %jmp/1 T_0.17, 6;
    %dup/vec4;
    %pushi/vec4 18, 0, 5;
    %cmp/u;
    %jmp/1 T_0.18, 6;
    %dup/vec4;
    %pushi/vec4 19, 0, 5;
    %cmp/u;
    %jmp/1 T_0.19, 6;
    %dup/vec4;
    %pushi/vec4 20, 0, 5;
    %cmp/u;
    %jmp/1 T_0.20, 6;
    %dup/vec4;
    %pushi/vec4 21, 0, 5;
    %cmp/u;
    %jmp/1 T_0.21, 6;
    %dup/vec4;
    %pushi/vec4 22, 0, 5;
    %cmp/u;
    %jmp/1 T_0.22, 6;
    %dup/vec4;
    %pushi/vec4 23, 0, 5;
    %cmp/u;
    %jmp/1 T_0.23, 6;
    %dup/vec4;
    %pushi/vec4 24, 0, 5;
    %cmp/u;
    %jmp/1 T_0.24, 6;
    %dup/vec4;
    %pushi/vec4 25, 0, 5;
    %cmp/u;
    %jmp/1 T_0.25, 6;
    %pushi/vec4 0, 0, 4;
    %store/vec4 v0x12585d540_0, 0, 4;
    %jmp T_0.27;
T_0.0 ;
    %load/vec4 v0x12585cfe0_0;
    %flag_set/vec4 8;
    %jmp/0xz  T_0.28, 8;
    %load/vec4 v0x12585d1f0_0;
    %parti/s 4, 23, 6;
    %store/vec4 v0x12585d540_0, 0, 4;
T_0.28 ;
    %load/vec4 v0x12585d070_0;
    %flag_set/vec4 8;
    %jmp/0xz  T_0.30, 8;
    %load/vec4 v0x12585d1f0_0;
    %parti/s 4, 19, 6;
    %store/vec4 v0x12585d540_0, 0, 4;
T_0.30 ;
    %load/vec4 v0x12585cf50_0;
    %flag_set/vec4 8;
    %jmp/0xz  T_0.32, 8;
    %load/vec4 v0x12585d1f0_0;
    %parti/s 1, 18, 6;
    %replicate 13;
    %load/vec4 v0x12585d1f0_0;
    %parti/s 19, 0, 2;
    %concat/vec4; draw_concat_vec4
    %store/vec4 v0x12585cec0_0, 0, 32;
T_0.32 ;
    %load/vec4 v0x12585d280_0;
    %flag_set/vec4 8;
    %jmp/0xz  T_0.34, 8;
    %pushi/vec4 1, 0, 16;
    %ix/getv 4, v0x12585d540_0;
    %shiftl 4;
    %store/vec4 v0x12585d310_0, 0, 16;
T_0.34 ;
    %load/vec4 v0x12585ce10_0;
    %flag_set/vec4 8;
    %jmp/0xz  T_0.36, 8;
    %load/vec4 v0x12585d1f0_0;
    %parti/s 4, 19, 6;
    %cmpi/e 0, 0, 4;
    %jmp/0xz  T_0.38, 4;
    %pushi/vec4 1, 0, 16;
    %store/vec4 v0x12585d4b0_0, 0, 16;
    %jmp T_0.39;
T_0.38 ;
    %pushi/vec4 1, 0, 16;
    %load/vec4 v0x12585d1f0_0;
    %parti/s 4, 19, 6;
    %ix/vec4 4;
    %shiftl 4;
    %store/vec4 v0x12585d4b0_0, 0, 16;
T_0.39 ;
    %jmp T_0.37;
T_0.36 ;
    %load/vec4 v0x12585d420_0;
    %flag_set/vec4 8;
    %jmp/0xz  T_0.40, 8;
    %pushi/vec4 1, 0, 16;
    %ix/getv 4, v0x12585d540_0;
    %shiftl 4;
    %store/vec4 v0x12585d4b0_0, 0, 16;
T_0.40 ;
T_0.37 ;
    %jmp T_0.27;
T_0.1 ;
    %load/vec4 v0x12585cfe0_0;
    %flag_set/vec4 8;
    %jmp/0xz  T_0.42, 8;
    %load/vec4 v0x12585d1f0_0;
    %parti/s 4, 23, 6;
    %store/vec4 v0x12585d540_0, 0, 4;
T_0.42 ;
    %load/vec4 v0x12585d070_0;
    %flag_set/vec4 8;
    %jmp/0xz  T_0.44, 8;
    %load/vec4 v0x12585d1f0_0;
    %parti/s 4, 19, 6;
    %store/vec4 v0x12585d540_0, 0, 4;
T_0.44 ;
    %load/vec4 v0x12585cf50_0;
    %flag_set/vec4 8;
    %jmp/0xz  T_0.46, 8;
    %load/vec4 v0x12585d1f0_0;
    %parti/s 1, 18, 6;
    %replicate 13;
    %load/vec4 v0x12585d1f0_0;
    %parti/s 19, 0, 2;
    %concat/vec4; draw_concat_vec4
    %store/vec4 v0x12585cec0_0, 0, 32;
T_0.46 ;
    %load/vec4 v0x12585d280_0;
    %flag_set/vec4 8;
    %jmp/0xz  T_0.48, 8;
    %pushi/vec4 1, 0, 16;
    %ix/getv 4, v0x12585d540_0;
    %shiftl 4;
    %store/vec4 v0x12585d310_0, 0, 16;
T_0.48 ;
    %load/vec4 v0x12585ce10_0;
    %flag_set/vec4 8;
    %jmp/0xz  T_0.50, 8;
    %load/vec4 v0x12585d1f0_0;
    %parti/s 4, 19, 6;
    %cmpi/e 0, 0, 4;
    %jmp/0xz  T_0.52, 4;
    %pushi/vec4 1, 0, 16;
    %store/vec4 v0x12585d4b0_0, 0, 16;
    %jmp T_0.53;
T_0.52 ;
    %pushi/vec4 1, 0, 16;
    %load/vec4 v0x12585d1f0_0;
    %parti/s 4, 19, 6;
    %ix/vec4 4;
    %shiftl 4;
    %store/vec4 v0x12585d4b0_0, 0, 16;
T_0.53 ;
    %jmp T_0.51;
T_0.50 ;
    %load/vec4 v0x12585d420_0;
    %flag_set/vec4 8;
    %jmp/0xz  T_0.54, 8;
    %pushi/vec4 1, 0, 16;
    %ix/getv 4, v0x12585d540_0;
    %shiftl 4;
    %store/vec4 v0x12585d4b0_0, 0, 16;
T_0.54 ;
T_0.51 ;
    %jmp T_0.27;
T_0.2 ;
    %load/vec4 v0x12585cfe0_0;
    %flag_set/vec4 8;
    %jmp/0xz  T_0.56, 8;
    %load/vec4 v0x12585d1f0_0;
    %parti/s 4, 23, 6;
    %store/vec4 v0x12585d540_0, 0, 4;
T_0.56 ;
    %load/vec4 v0x12585d070_0;
    %flag_set/vec4 8;
    %jmp/0xz  T_0.58, 8;
    %load/vec4 v0x12585d1f0_0;
    %parti/s 4, 19, 6;
    %store/vec4 v0x12585d540_0, 0, 4;
T_0.58 ;
    %load/vec4 v0x12585cf50_0;
    %flag_set/vec4 8;
    %jmp/0xz  T_0.60, 8;
    %load/vec4 v0x12585d1f0_0;
    %parti/s 1, 18, 6;
    %replicate 13;
    %load/vec4 v0x12585d1f0_0;
    %parti/s 19, 0, 2;
    %concat/vec4; draw_concat_vec4
    %store/vec4 v0x12585cec0_0, 0, 32;
T_0.60 ;
    %load/vec4 v0x12585d280_0;
    %flag_set/vec4 8;
    %jmp/0xz  T_0.62, 8;
    %pushi/vec4 1, 0, 16;
    %ix/getv 4, v0x12585d540_0;
    %shiftl 4;
    %store/vec4 v0x12585d310_0, 0, 16;
T_0.62 ;
    %load/vec4 v0x12585ce10_0;
    %flag_set/vec4 8;
    %jmp/0xz  T_0.64, 8;
    %load/vec4 v0x12585d1f0_0;
    %parti/s 4, 19, 6;
    %cmpi/e 0, 0, 4;
    %jmp/0xz  T_0.66, 4;
    %pushi/vec4 1, 0, 16;
    %store/vec4 v0x12585d4b0_0, 0, 16;
    %jmp T_0.67;
T_0.66 ;
    %pushi/vec4 1, 0, 16;
    %load/vec4 v0x12585d1f0_0;
    %parti/s 4, 19, 6;
    %ix/vec4 4;
    %shiftl 4;
    %store/vec4 v0x12585d4b0_0, 0, 16;
T_0.67 ;
    %jmp T_0.65;
T_0.64 ;
    %load/vec4 v0x12585d420_0;
    %flag_set/vec4 8;
    %jmp/0xz  T_0.68, 8;
    %pushi/vec4 1, 0, 16;
    %ix/getv 4, v0x12585d540_0;
    %shiftl 4;
    %store/vec4 v0x12585d4b0_0, 0, 16;
T_0.68 ;
T_0.65 ;
    %jmp T_0.27;
T_0.3 ;
    %load/vec4 v0x12585cfe0_0;
    %flag_set/vec4 8;
    %jmp/0xz  T_0.70, 8;
    %load/vec4 v0x12585d1f0_0;
    %parti/s 4, 23, 6;
    %store/vec4 v0x12585d540_0, 0, 4;
T_0.70 ;
    %load/vec4 v0x12585d070_0;
    %flag_set/vec4 8;
    %jmp/0xz  T_0.72, 8;
    %load/vec4 v0x12585d1f0_0;
    %parti/s 4, 19, 6;
    %store/vec4 v0x12585d540_0, 0, 4;
T_0.72 ;
    %load/vec4 v0x12585d140_0;
    %flag_set/vec4 8;
    %jmp/0xz  T_0.74, 8;
    %load/vec4 v0x12585d1f0_0;
    %parti/s 4, 15, 5;
    %store/vec4 v0x12585d540_0, 0, 4;
T_0.74 ;
    %load/vec4 v0x12585d280_0;
    %flag_set/vec4 8;
    %jmp/0xz  T_0.76, 8;
    %pushi/vec4 1, 0, 16;
    %ix/getv 4, v0x12585d540_0;
    %shiftl 4;
    %store/vec4 v0x12585d310_0, 0, 16;
T_0.76 ;
    %load/vec4 v0x12585d420_0;
    %flag_set/vec4 8;
    %jmp/0xz  T_0.78, 8;
    %pushi/vec4 1, 0, 16;
    %ix/getv 4, v0x12585d540_0;
    %shiftl 4;
    %store/vec4 v0x12585d4b0_0, 0, 16;
T_0.78 ;
    %jmp T_0.27;
T_0.4 ;
    %load/vec4 v0x12585cfe0_0;
    %flag_set/vec4 8;
    %jmp/0xz  T_0.80, 8;
    %load/vec4 v0x12585d1f0_0;
    %parti/s 4, 23, 6;
    %store/vec4 v0x12585d540_0, 0, 4;
T_0.80 ;
    %load/vec4 v0x12585d070_0;
    %flag_set/vec4 8;
    %jmp/0xz  T_0.82, 8;
    %load/vec4 v0x12585d1f0_0;
    %parti/s 4, 19, 6;
    %store/vec4 v0x12585d540_0, 0, 4;
T_0.82 ;
    %load/vec4 v0x12585d140_0;
    %flag_set/vec4 8;
    %jmp/0xz  T_0.84, 8;
    %load/vec4 v0x12585d1f0_0;
    %parti/s 4, 15, 5;
    %store/vec4 v0x12585d540_0, 0, 4;
T_0.84 ;
    %load/vec4 v0x12585d280_0;
    %flag_set/vec4 8;
    %jmp/0xz  T_0.86, 8;
    %pushi/vec4 1, 0, 16;
    %ix/getv 4, v0x12585d540_0;
    %shiftl 4;
    %store/vec4 v0x12585d310_0, 0, 16;
T_0.86 ;
    %load/vec4 v0x12585d420_0;
    %flag_set/vec4 8;
    %jmp/0xz  T_0.88, 8;
    %pushi/vec4 1, 0, 16;
    %ix/getv 4, v0x12585d540_0;
    %shiftl 4;
    %store/vec4 v0x12585d4b0_0, 0, 16;
T_0.88 ;
    %jmp T_0.27;
T_0.5 ;
    %load/vec4 v0x12585cfe0_0;
    %flag_set/vec4 8;
    %jmp/0xz  T_0.90, 8;
    %load/vec4 v0x12585d1f0_0;
    %parti/s 4, 23, 6;
    %store/vec4 v0x12585d540_0, 0, 4;
T_0.90 ;
    %load/vec4 v0x12585d070_0;
    %flag_set/vec4 8;
    %jmp/0xz  T_0.92, 8;
    %load/vec4 v0x12585d1f0_0;
    %parti/s 4, 19, 6;
    %store/vec4 v0x12585d540_0, 0, 4;
T_0.92 ;
    %load/vec4 v0x12585d140_0;
    %flag_set/vec4 8;
    %jmp/0xz  T_0.94, 8;
    %load/vec4 v0x12585d1f0_0;
    %parti/s 4, 15, 5;
    %store/vec4 v0x12585d540_0, 0, 4;
T_0.94 ;
    %load/vec4 v0x12585d280_0;
    %flag_set/vec4 8;
    %jmp/0xz  T_0.96, 8;
    %pushi/vec4 1, 0, 16;
    %ix/getv 4, v0x12585d540_0;
    %shiftl 4;
    %store/vec4 v0x12585d310_0, 0, 16;
T_0.96 ;
    %load/vec4 v0x12585d420_0;
    %flag_set/vec4 8;
    %jmp/0xz  T_0.98, 8;
    %pushi/vec4 1, 0, 16;
    %ix/getv 4, v0x12585d540_0;
    %shiftl 4;
    %store/vec4 v0x12585d4b0_0, 0, 16;
T_0.98 ;
    %jmp T_0.27;
T_0.6 ;
    %load/vec4 v0x12585cfe0_0;
    %flag_set/vec4 8;
    %jmp/0xz  T_0.100, 8;
    %load/vec4 v0x12585d1f0_0;
    %parti/s 4, 23, 6;
    %store/vec4 v0x12585d540_0, 0, 4;
T_0.100 ;
    %load/vec4 v0x12585d070_0;
    %flag_set/vec4 8;
    %jmp/0xz  T_0.102, 8;
    %load/vec4 v0x12585d1f0_0;
    %parti/s 4, 19, 6;
    %store/vec4 v0x12585d540_0, 0, 4;
T_0.102 ;
    %load/vec4 v0x12585d140_0;
    %flag_set/vec4 8;
    %jmp/0xz  T_0.104, 8;
    %load/vec4 v0x12585d1f0_0;
    %parti/s 4, 15, 5;
    %store/vec4 v0x12585d540_0, 0, 4;
T_0.104 ;
    %load/vec4 v0x12585d280_0;
    %flag_set/vec4 8;
    %jmp/0xz  T_0.106, 8;
    %pushi/vec4 1, 0, 16;
    %ix/getv 4, v0x12585d540_0;
    %shiftl 4;
    %store/vec4 v0x12585d310_0, 0, 16;
T_0.106 ;
    %load/vec4 v0x12585d420_0;
    %flag_set/vec4 8;
    %jmp/0xz  T_0.108, 8;
    %pushi/vec4 1, 0, 16;
    %ix/getv 4, v0x12585d540_0;
    %shiftl 4;
    %store/vec4 v0x12585d4b0_0, 0, 16;
T_0.108 ;
    %jmp T_0.27;
T_0.7 ;
    %load/vec4 v0x12585cfe0_0;
    %flag_set/vec4 8;
    %jmp/0xz  T_0.110, 8;
    %load/vec4 v0x12585d1f0_0;
    %parti/s 4, 23, 6;
    %store/vec4 v0x12585d540_0, 0, 4;
T_0.110 ;
    %load/vec4 v0x12585d070_0;
    %flag_set/vec4 8;
    %jmp/0xz  T_0.112, 8;
    %load/vec4 v0x12585d1f0_0;
    %parti/s 4, 19, 6;
    %store/vec4 v0x12585d540_0, 0, 4;
T_0.112 ;
    %load/vec4 v0x12585d140_0;
    %flag_set/vec4 8;
    %jmp/0xz  T_0.114, 8;
    %load/vec4 v0x12585d1f0_0;
    %parti/s 4, 15, 5;
    %store/vec4 v0x12585d540_0, 0, 4;
T_0.114 ;
    %load/vec4 v0x12585d280_0;
    %flag_set/vec4 8;
    %jmp/0xz  T_0.116, 8;
    %pushi/vec4 1, 0, 16;
    %ix/getv 4, v0x12585d540_0;
    %shiftl 4;
    %store/vec4 v0x12585d310_0, 0, 16;
T_0.116 ;
    %load/vec4 v0x12585d420_0;
    %flag_set/vec4 8;
    %jmp/0xz  T_0.118, 8;
    %pushi/vec4 1, 0, 16;
    %ix/getv 4, v0x12585d540_0;
    %shiftl 4;
    %store/vec4 v0x12585d4b0_0, 0, 16;
T_0.118 ;
    %jmp T_0.27;
T_0.8 ;
    %load/vec4 v0x12585cfe0_0;
    %flag_set/vec4 8;
    %jmp/0xz  T_0.120, 8;
    %load/vec4 v0x12585d1f0_0;
    %parti/s 4, 23, 6;
    %store/vec4 v0x12585d540_0, 0, 4;
T_0.120 ;
    %load/vec4 v0x12585d070_0;
    %flag_set/vec4 8;
    %jmp/0xz  T_0.122, 8;
    %load/vec4 v0x12585d1f0_0;
    %parti/s 4, 19, 6;
    %store/vec4 v0x12585d540_0, 0, 4;
T_0.122 ;
    %load/vec4 v0x12585d140_0;
    %flag_set/vec4 8;
    %jmp/0xz  T_0.124, 8;
    %load/vec4 v0x12585d1f0_0;
    %parti/s 4, 15, 5;
    %store/vec4 v0x12585d540_0, 0, 4;
T_0.124 ;
    %load/vec4 v0x12585d280_0;
    %flag_set/vec4 8;
    %jmp/0xz  T_0.126, 8;
    %pushi/vec4 1, 0, 16;
    %ix/getv 4, v0x12585d540_0;
    %shiftl 4;
    %store/vec4 v0x12585d310_0, 0, 16;
T_0.126 ;
    %load/vec4 v0x12585d420_0;
    %flag_set/vec4 8;
    %jmp/0xz  T_0.128, 8;
    %pushi/vec4 1, 0, 16;
    %ix/getv 4, v0x12585d540_0;
    %shiftl 4;
    %store/vec4 v0x12585d4b0_0, 0, 16;
T_0.128 ;
    %jmp T_0.27;
T_0.9 ;
    %load/vec4 v0x12585cfe0_0;
    %flag_set/vec4 8;
    %jmp/0xz  T_0.130, 8;
    %load/vec4 v0x12585d1f0_0;
    %parti/s 4, 23, 6;
    %store/vec4 v0x12585d540_0, 0, 4;
T_0.130 ;
    %load/vec4 v0x12585d070_0;
    %flag_set/vec4 8;
    %jmp/0xz  T_0.132, 8;
    %load/vec4 v0x12585d1f0_0;
    %parti/s 4, 19, 6;
    %store/vec4 v0x12585d540_0, 0, 4;
T_0.132 ;
    %load/vec4 v0x12585d140_0;
    %flag_set/vec4 8;
    %jmp/0xz  T_0.134, 8;
    %load/vec4 v0x12585d1f0_0;
    %parti/s 4, 15, 5;
    %store/vec4 v0x12585d540_0, 0, 4;
T_0.134 ;
    %load/vec4 v0x12585d280_0;
    %flag_set/vec4 8;
    %jmp/0xz  T_0.136, 8;
    %pushi/vec4 1, 0, 16;
    %ix/getv 4, v0x12585d540_0;
    %shiftl 4;
    %store/vec4 v0x12585d310_0, 0, 16;
T_0.136 ;
    %load/vec4 v0x12585d420_0;
    %flag_set/vec4 8;
    %jmp/0xz  T_0.138, 8;
    %pushi/vec4 1, 0, 16;
    %ix/getv 4, v0x12585d540_0;
    %shiftl 4;
    %store/vec4 v0x12585d4b0_0, 0, 16;
T_0.138 ;
    %jmp T_0.27;
T_0.10 ;
    %load/vec4 v0x12585cfe0_0;
    %flag_set/vec4 8;
    %jmp/0xz  T_0.140, 8;
    %load/vec4 v0x12585d1f0_0;
    %parti/s 4, 23, 6;
    %store/vec4 v0x12585d540_0, 0, 4;
T_0.140 ;
    %load/vec4 v0x12585d070_0;
    %flag_set/vec4 8;
    %jmp/0xz  T_0.142, 8;
    %load/vec4 v0x12585d1f0_0;
    %parti/s 4, 19, 6;
    %store/vec4 v0x12585d540_0, 0, 4;
T_0.142 ;
    %load/vec4 v0x12585d140_0;
    %flag_set/vec4 8;
    %jmp/0xz  T_0.144, 8;
    %load/vec4 v0x12585d1f0_0;
    %parti/s 4, 15, 5;
    %store/vec4 v0x12585d540_0, 0, 4;
T_0.144 ;
    %load/vec4 v0x12585d280_0;
    %flag_set/vec4 8;
    %jmp/0xz  T_0.146, 8;
    %pushi/vec4 1, 0, 16;
    %ix/getv 4, v0x12585d540_0;
    %shiftl 4;
    %store/vec4 v0x12585d310_0, 0, 16;
T_0.146 ;
    %load/vec4 v0x12585d420_0;
    %flag_set/vec4 8;
    %jmp/0xz  T_0.148, 8;
    %pushi/vec4 1, 0, 16;
    %ix/getv 4, v0x12585d540_0;
    %shiftl 4;
    %store/vec4 v0x12585d4b0_0, 0, 16;
T_0.148 ;
    %jmp T_0.27;
T_0.11 ;
    %load/vec4 v0x12585cfe0_0;
    %flag_set/vec4 8;
    %jmp/0xz  T_0.150, 8;
    %load/vec4 v0x12585d1f0_0;
    %parti/s 4, 23, 6;
    %store/vec4 v0x12585d540_0, 0, 4;
T_0.150 ;
    %load/vec4 v0x12585d070_0;
    %flag_set/vec4 8;
    %jmp/0xz  T_0.152, 8;
    %load/vec4 v0x12585d1f0_0;
    %parti/s 4, 19, 6;
    %store/vec4 v0x12585d540_0, 0, 4;
T_0.152 ;
    %load/vec4 v0x12585d140_0;
    %flag_set/vec4 8;
    %jmp/0xz  T_0.154, 8;
    %load/vec4 v0x12585d1f0_0;
    %parti/s 4, 15, 5;
    %store/vec4 v0x12585d540_0, 0, 4;
T_0.154 ;
    %load/vec4 v0x12585d280_0;
    %flag_set/vec4 8;
    %jmp/0xz  T_0.156, 8;
    %pushi/vec4 1, 0, 16;
    %ix/getv 4, v0x12585d540_0;
    %shiftl 4;
    %store/vec4 v0x12585d310_0, 0, 16;
T_0.156 ;
    %load/vec4 v0x12585d420_0;
    %flag_set/vec4 8;
    %jmp/0xz  T_0.158, 8;
    %pushi/vec4 1, 0, 16;
    %ix/getv 4, v0x12585d540_0;
    %shiftl 4;
    %store/vec4 v0x12585d4b0_0, 0, 16;
T_0.158 ;
    %jmp T_0.27;
T_0.12 ;
    %load/vec4 v0x12585cfe0_0;
    %flag_set/vec4 8;
    %jmp/0xz  T_0.160, 8;
    %load/vec4 v0x12585d1f0_0;
    %parti/s 4, 23, 6;
    %store/vec4 v0x12585d540_0, 0, 4;
T_0.160 ;
    %load/vec4 v0x12585d070_0;
    %flag_set/vec4 8;
    %jmp/0xz  T_0.162, 8;
    %load/vec4 v0x12585d1f0_0;
    %parti/s 4, 19, 6;
    %store/vec4 v0x12585d540_0, 0, 4;
T_0.162 ;
    %load/vec4 v0x12585cf50_0;
    %flag_set/vec4 8;
    %jmp/0xz  T_0.164, 8;
    %load/vec4 v0x12585d1f0_0;
    %parti/s 1, 18, 6;
    %replicate 13;
    %load/vec4 v0x12585d1f0_0;
    %parti/s 19, 0, 2;
    %concat/vec4; draw_concat_vec4
    %store/vec4 v0x12585cec0_0, 0, 32;
T_0.164 ;
    %load/vec4 v0x12585d280_0;
    %flag_set/vec4 8;
    %jmp/0xz  T_0.166, 8;
    %pushi/vec4 1, 0, 16;
    %ix/getv 4, v0x12585d540_0;
    %shiftl 4;
    %store/vec4 v0x12585d310_0, 0, 16;
T_0.166 ;
    %load/vec4 v0x12585d420_0;
    %flag_set/vec4 8;
    %jmp/0xz  T_0.168, 8;
    %pushi/vec4 1, 0, 16;
    %ix/getv 4, v0x12585d540_0;
    %shiftl 4;
    %store/vec4 v0x12585d4b0_0, 0, 16;
T_0.168 ;
    %jmp T_0.27;
T_0.13 ;
    %load/vec4 v0x12585cfe0_0;
    %flag_set/vec4 8;
    %jmp/0xz  T_0.170, 8;
    %load/vec4 v0x12585d1f0_0;
    %parti/s 4, 23, 6;
    %store/vec4 v0x12585d540_0, 0, 4;
T_0.170 ;
    %load/vec4 v0x12585d070_0;
    %flag_set/vec4 8;
    %jmp/0xz  T_0.172, 8;
    %load/vec4 v0x12585d1f0_0;
    %parti/s 4, 19, 6;
    %store/vec4 v0x12585d540_0, 0, 4;
T_0.172 ;
    %load/vec4 v0x12585cf50_0;
    %flag_set/vec4 8;
    %jmp/0xz  T_0.174, 8;
    %load/vec4 v0x12585d1f0_0;
    %parti/s 1, 18, 6;
    %replicate 13;
    %load/vec4 v0x12585d1f0_0;
    %parti/s 19, 0, 2;
    %concat/vec4; draw_concat_vec4
    %store/vec4 v0x12585cec0_0, 0, 32;
T_0.174 ;
    %load/vec4 v0x12585d280_0;
    %flag_set/vec4 8;
    %jmp/0xz  T_0.176, 8;
    %pushi/vec4 1, 0, 16;
    %ix/getv 4, v0x12585d540_0;
    %shiftl 4;
    %store/vec4 v0x12585d310_0, 0, 16;
T_0.176 ;
    %load/vec4 v0x12585d420_0;
    %flag_set/vec4 8;
    %jmp/0xz  T_0.178, 8;
    %pushi/vec4 1, 0, 16;
    %ix/getv 4, v0x12585d540_0;
    %shiftl 4;
    %store/vec4 v0x12585d4b0_0, 0, 16;
T_0.178 ;
    %jmp T_0.27;
T_0.14 ;
    %load/vec4 v0x12585cfe0_0;
    %flag_set/vec4 8;
    %jmp/0xz  T_0.180, 8;
    %load/vec4 v0x12585d1f0_0;
    %parti/s 4, 23, 6;
    %store/vec4 v0x12585d540_0, 0, 4;
T_0.180 ;
    %load/vec4 v0x12585d070_0;
    %flag_set/vec4 8;
    %jmp/0xz  T_0.182, 8;
    %load/vec4 v0x12585d1f0_0;
    %parti/s 4, 19, 6;
    %store/vec4 v0x12585d540_0, 0, 4;
T_0.182 ;
    %load/vec4 v0x12585cf50_0;
    %flag_set/vec4 8;
    %jmp/0xz  T_0.184, 8;
    %load/vec4 v0x12585d1f0_0;
    %parti/s 1, 18, 6;
    %replicate 13;
    %load/vec4 v0x12585d1f0_0;
    %parti/s 19, 0, 2;
    %concat/vec4; draw_concat_vec4
    %store/vec4 v0x12585cec0_0, 0, 32;
T_0.184 ;
    %load/vec4 v0x12585d280_0;
    %flag_set/vec4 8;
    %jmp/0xz  T_0.186, 8;
    %pushi/vec4 1, 0, 16;
    %ix/getv 4, v0x12585d540_0;
    %shiftl 4;
    %store/vec4 v0x12585d310_0, 0, 16;
T_0.186 ;
    %load/vec4 v0x12585d420_0;
    %flag_set/vec4 8;
    %jmp/0xz  T_0.188, 8;
    %pushi/vec4 1, 0, 16;
    %ix/getv 4, v0x12585d540_0;
    %shiftl 4;
    %store/vec4 v0x12585d4b0_0, 0, 16;
T_0.188 ;
    %jmp T_0.27;
T_0.15 ;
    %load/vec4 v0x12585cfe0_0;
    %flag_set/vec4 8;
    %jmp/0xz  T_0.190, 8;
    %load/vec4 v0x12585d1f0_0;
    %parti/s 4, 23, 6;
    %store/vec4 v0x12585d540_0, 0, 4;
T_0.190 ;
    %load/vec4 v0x12585d070_0;
    %flag_set/vec4 8;
    %jmp/0xz  T_0.192, 8;
    %load/vec4 v0x12585d1f0_0;
    %parti/s 4, 19, 6;
    %store/vec4 v0x12585d540_0, 0, 4;
T_0.192 ;
    %load/vec4 v0x12585d280_0;
    %flag_set/vec4 8;
    %jmp/0xz  T_0.194, 8;
    %pushi/vec4 1, 0, 16;
    %ix/getv 4, v0x12585d540_0;
    %shiftl 4;
    %store/vec4 v0x12585d310_0, 0, 16;
T_0.194 ;
    %load/vec4 v0x12585d420_0;
    %flag_set/vec4 8;
    %jmp/0xz  T_0.196, 8;
    %pushi/vec4 1, 0, 16;
    %ix/getv 4, v0x12585d540_0;
    %shiftl 4;
    %store/vec4 v0x12585d4b0_0, 0, 16;
T_0.196 ;
    %jmp T_0.27;
T_0.16 ;
    %load/vec4 v0x12585cfe0_0;
    %flag_set/vec4 8;
    %jmp/0xz  T_0.198, 8;
    %load/vec4 v0x12585d1f0_0;
    %parti/s 4, 23, 6;
    %store/vec4 v0x12585d540_0, 0, 4;
T_0.198 ;
    %load/vec4 v0x12585d070_0;
    %flag_set/vec4 8;
    %jmp/0xz  T_0.200, 8;
    %load/vec4 v0x12585d1f0_0;
    %parti/s 4, 19, 6;
    %store/vec4 v0x12585d540_0, 0, 4;
T_0.200 ;
    %load/vec4 v0x12585d280_0;
    %flag_set/vec4 8;
    %jmp/0xz  T_0.202, 8;
    %pushi/vec4 1, 0, 16;
    %ix/getv 4, v0x12585d540_0;
    %shiftl 4;
    %store/vec4 v0x12585d310_0, 0, 16;
T_0.202 ;
    %load/vec4 v0x12585d420_0;
    %flag_set/vec4 8;
    %jmp/0xz  T_0.204, 8;
    %pushi/vec4 1, 0, 16;
    %ix/getv 4, v0x12585d540_0;
    %shiftl 4;
    %store/vec4 v0x12585d4b0_0, 0, 16;
T_0.204 ;
    %jmp T_0.27;
T_0.17 ;
    %load/vec4 v0x12585cfe0_0;
    %flag_set/vec4 8;
    %jmp/0xz  T_0.206, 8;
    %load/vec4 v0x12585d1f0_0;
    %parti/s 4, 23, 6;
    %store/vec4 v0x12585d540_0, 0, 4;
T_0.206 ;
    %load/vec4 v0x12585d070_0;
    %flag_set/vec4 8;
    %jmp/0xz  T_0.208, 8;
    %load/vec4 v0x12585d1f0_0;
    %parti/s 4, 19, 6;
    %store/vec4 v0x12585d540_0, 0, 4;
T_0.208 ;
    %load/vec4 v0x12585d280_0;
    %flag_set/vec4 8;
    %jmp/0xz  T_0.210, 8;
    %pushi/vec4 1, 0, 16;
    %ix/getv 4, v0x12585d540_0;
    %shiftl 4;
    %store/vec4 v0x12585d310_0, 0, 16;
T_0.210 ;
    %load/vec4 v0x12585d420_0;
    %flag_set/vec4 8;
    %jmp/0xz  T_0.212, 8;
    %pushi/vec4 1, 0, 16;
    %ix/getv 4, v0x12585d540_0;
    %shiftl 4;
    %store/vec4 v0x12585d4b0_0, 0, 16;
T_0.212 ;
    %jmp T_0.27;
T_0.18 ;
    %load/vec4 v0x12585cfe0_0;
    %flag_set/vec4 8;
    %jmp/0xz  T_0.214, 8;
    %load/vec4 v0x12585d1f0_0;
    %parti/s 4, 23, 6;
    %store/vec4 v0x12585d540_0, 0, 4;
T_0.214 ;
    %load/vec4 v0x12585d070_0;
    %flag_set/vec4 8;
    %jmp/0xz  T_0.216, 8;
    %load/vec4 v0x12585d1f0_0;
    %parti/s 4, 19, 6;
    %store/vec4 v0x12585d540_0, 0, 4;
T_0.216 ;
    %load/vec4 v0x12585d280_0;
    %flag_set/vec4 8;
    %jmp/0xz  T_0.218, 8;
    %pushi/vec4 1, 0, 16;
    %ix/getv 4, v0x12585d540_0;
    %shiftl 4;
    %store/vec4 v0x12585d310_0, 0, 16;
T_0.218 ;
    %load/vec4 v0x12585d420_0;
    %flag_set/vec4 8;
    %jmp/0xz  T_0.220, 8;
    %pushi/vec4 1, 0, 16;
    %ix/getv 4, v0x12585d540_0;
    %shiftl 4;
    %store/vec4 v0x12585d4b0_0, 0, 16;
T_0.220 ;
    %jmp T_0.27;
T_0.19 ;
    %load/vec4 v0x12585cfe0_0;
    %flag_set/vec4 8;
    %jmp/0xz  T_0.222, 8;
    %load/vec4 v0x12585d1f0_0;
    %parti/s 4, 23, 6;
    %store/vec4 v0x12585d540_0, 0, 4;
T_0.222 ;
    %load/vec4 v0x12585d280_0;
    %flag_set/vec4 8;
    %jmp/0xz  T_0.224, 8;
    %pushi/vec4 1, 0, 16;
    %ix/getv 4, v0x12585d540_0;
    %shiftl 4;
    %store/vec4 v0x12585d310_0, 0, 16;
T_0.224 ;
    %load/vec4 v0x12585d420_0;
    %flag_set/vec4 8;
    %jmp/0xz  T_0.226, 8;
    %pushi/vec4 1, 0, 16;
    %ix/getv 4, v0x12585d540_0;
    %shiftl 4;
    %store/vec4 v0x12585d4b0_0, 0, 16;
T_0.226 ;
    %load/vec4 v0x12585cf50_0;
    %flag_set/vec4 8;
    %jmp/0xz  T_0.228, 8;
    %load/vec4 v0x12585d1f0_0;
    %parti/s 1, 18, 6;
    %replicate 13;
    %load/vec4 v0x12585d1f0_0;
    %parti/s 19, 0, 2;
    %concat/vec4; draw_concat_vec4
    %store/vec4 v0x12585cec0_0, 0, 32;
T_0.228 ;
    %jmp T_0.27;
T_0.20 ;
    %load/vec4 v0x12585cfe0_0;
    %flag_set/vec4 8;
    %jmp/0xz  T_0.230, 8;
    %load/vec4 v0x12585d1f0_0;
    %parti/s 4, 23, 6;
    %store/vec4 v0x12585d540_0, 0, 4;
T_0.230 ;
    %load/vec4 v0x12585d280_0;
    %flag_set/vec4 8;
    %jmp/0xz  T_0.232, 8;
    %pushi/vec4 1, 0, 16;
    %ix/getv 4, v0x12585d540_0;
    %shiftl 4;
    %store/vec4 v0x12585d310_0, 0, 16;
T_0.232 ;
    %load/vec4 v0x12585d420_0;
    %flag_set/vec4 8;
    %jmp/0xz  T_0.234, 8;
    %pushi/vec4 1, 0, 16;
    %ix/getv 4, v0x12585d540_0;
    %shiftl 4;
    %store/vec4 v0x12585d4b0_0, 0, 16;
T_0.234 ;
    %jmp T_0.27;
T_0.21 ;
    %load/vec4 v0x12585cfe0_0;
    %flag_set/vec4 8;
    %jmp/0xz  T_0.236, 8;
    %load/vec4 v0x12585d1f0_0;
    %parti/s 4, 23, 6;
    %store/vec4 v0x12585d540_0, 0, 4;
T_0.236 ;
    %load/vec4 v0x12585d280_0;
    %flag_set/vec4 8;
    %jmp/0xz  T_0.238, 8;
    %pushi/vec4 1, 0, 16;
    %ix/getv 4, v0x12585d540_0;
    %shiftl 4;
    %store/vec4 v0x12585d310_0, 0, 16;
T_0.238 ;
    %load/vec4 v0x12585d420_0;
    %flag_set/vec4 8;
    %jmp/0xz  T_0.240, 8;
    %pushi/vec4 1, 0, 16;
    %ix/getv 4, v0x12585d540_0;
    %shiftl 4;
    %store/vec4 v0x12585d4b0_0, 0, 16;
T_0.240 ;
    %jmp T_0.27;
T_0.22 ;
    %load/vec4 v0x12585cfe0_0;
    %flag_set/vec4 8;
    %jmp/0xz  T_0.242, 8;
    %load/vec4 v0x12585d1f0_0;
    %parti/s 4, 23, 6;
    %store/vec4 v0x12585d540_0, 0, 4;
T_0.242 ;
    %load/vec4 v0x12585d280_0;
    %flag_set/vec4 8;
    %jmp/0xz  T_0.244, 8;
    %pushi/vec4 1, 0, 16;
    %ix/getv 4, v0x12585d540_0;
    %shiftl 4;
    %store/vec4 v0x12585d310_0, 0, 16;
T_0.244 ;
    %load/vec4 v0x12585d420_0;
    %flag_set/vec4 8;
    %jmp/0xz  T_0.246, 8;
    %pushi/vec4 1, 0, 16;
    %ix/getv 4, v0x12585d540_0;
    %shiftl 4;
    %store/vec4 v0x12585d4b0_0, 0, 16;
T_0.246 ;
    %jmp T_0.27;
T_0.23 ;
    %load/vec4 v0x12585cfe0_0;
    %flag_set/vec4 8;
    %jmp/0xz  T_0.248, 8;
    %load/vec4 v0x12585d1f0_0;
    %parti/s 4, 23, 6;
    %store/vec4 v0x12585d540_0, 0, 4;
T_0.248 ;
    %load/vec4 v0x12585d280_0;
    %flag_set/vec4 8;
    %jmp/0xz  T_0.250, 8;
    %pushi/vec4 1, 0, 16;
    %ix/getv 4, v0x12585d540_0;
    %shiftl 4;
    %store/vec4 v0x12585d310_0, 0, 16;
T_0.250 ;
    %load/vec4 v0x12585d420_0;
    %flag_set/vec4 8;
    %jmp/0xz  T_0.252, 8;
    %pushi/vec4 1, 0, 16;
    %ix/getv 4, v0x12585d540_0;
    %shiftl 4;
    %store/vec4 v0x12585d4b0_0, 0, 16;
T_0.252 ;
    %jmp T_0.27;
T_0.24 ;
    %load/vec4 v0x12585cfe0_0;
    %flag_set/vec4 8;
    %jmp/0xz  T_0.254, 8;
    %load/vec4 v0x12585d1f0_0;
    %parti/s 4, 23, 6;
    %store/vec4 v0x12585d540_0, 0, 4;
T_0.254 ;
    %load/vec4 v0x12585d280_0;
    %flag_set/vec4 8;
    %jmp/0xz  T_0.256, 8;
    %pushi/vec4 1, 0, 16;
    %ix/getv 4, v0x12585d540_0;
    %shiftl 4;
    %store/vec4 v0x12585d310_0, 0, 16;
T_0.256 ;
    %load/vec4 v0x12585d420_0;
    %flag_set/vec4 8;
    %jmp/0xz  T_0.258, 8;
    %pushi/vec4 1, 0, 16;
    %ix/getv 4, v0x12585d540_0;
    %shiftl 4;
    %store/vec4 v0x12585d4b0_0, 0, 16;
T_0.258 ;
    %jmp T_0.27;
T_0.25 ;
    %load/vec4 v0x12585cfe0_0;
    %flag_set/vec4 8;
    %jmp/0xz  T_0.260, 8;
    %load/vec4 v0x12585d1f0_0;
    %parti/s 4, 23, 6;
    %store/vec4 v0x12585d540_0, 0, 4;
T_0.260 ;
    %load/vec4 v0x12585d280_0;
    %flag_set/vec4 8;
    %jmp/0xz  T_0.262, 8;
    %pushi/vec4 1, 0, 16;
    %ix/getv 4, v0x12585d540_0;
    %shiftl 4;
    %store/vec4 v0x12585d310_0, 0, 16;
T_0.262 ;
    %load/vec4 v0x12585d420_0;
    %flag_set/vec4 8;
    %jmp/0xz  T_0.264, 8;
    %pushi/vec4 1, 0, 16;
    %ix/getv 4, v0x12585d540_0;
    %shiftl 4;
    %store/vec4 v0x12585d4b0_0, 0, 16;
T_0.264 ;
    %jmp T_0.27;
T_0.27 ;
    %pop/vec4 1;
    %jmp T_0;
    .thread T_0, $push;
    .scope S_0x12584a1b0;
T_1 ;
    %pushi/vec4 0, 0, 1;
    %store/vec4 v0x12584d2d0_0, 0, 1;
    %end;
    .thread T_1;
    .scope S_0x12584a1b0;
T_2 ;
    %pushi/vec4 0, 0, 1;
    %store/vec4 v0x12584d1b0_0, 0, 1;
    %end;
    .thread T_2;
    .scope S_0x12584a1b0;
T_3 ;
    %wait E_0x12584ce20;
    %load/vec4 v0x12584d3f0_0;
    %parti/s 4, 23, 6;
    %store/vec4 v0x12584d480_0, 0, 4;
    %load/vec4 v0x12584d3f0_0;
    %parti/s 4, 19, 6;
    %store/vec4 v0x12584d120_0, 0, 4;
    %pushi/vec4 0, 0, 1;
    %store/vec4 v0x12584d760_0, 0, 1;
    %pushi/vec4 0, 0, 1;
    %store/vec4 v0x12584d620_0, 0, 1;
    %pushi/vec4 0, 0, 1;
    %store/vec4 v0x12584d6c0_0, 0, 1;
    %pushi/vec4 0, 0, 1;
    %store/vec4 v0x12584d590_0, 0, 1;
    %pushi/vec4 0, 0, 1;
    %store/vec4 v0x12582b160_0, 0, 1;
    %load/vec4 v0x12584d120_0;
    %dup/vec4;
    %pushi/vec4 0, 0, 4;
    %cmp/u;
    %jmp/1 T_3.0, 6;
    %dup/vec4;
    %pushi/vec4 1, 0, 4;
    %cmp/u;
    %jmp/1 T_3.1, 6;
    %dup/vec4;
    %pushi/vec4 2, 0, 4;
    %cmp/u;
    %jmp/1 T_3.2, 6;
    %dup/vec4;
    %pushi/vec4 3, 0, 4;
    %cmp/u;
    %jmp/1 T_3.3, 6;
    %jmp T_3.4;
T_3.0 ;
    %pushi/vec4 1, 0, 1;
    %store/vec4 v0x12584d760_0, 0, 1;
    %jmp T_3.4;
T_3.1 ;
    %pushi/vec4 1, 0, 1;
    %store/vec4 v0x12584d620_0, 0, 1;
    %jmp T_3.4;
T_3.2 ;
    %pushi/vec4 1, 0, 1;
    %store/vec4 v0x12584d6c0_0, 0, 1;
    %jmp T_3.4;
T_3.3 ;
    %pushi/vec4 1, 0, 1;
    %store/vec4 v0x12584d590_0, 0, 1;
    %jmp T_3.4;
T_3.4 ;
    %pop/vec4 1;
    %load/vec4 v0x12584ce70_0;
    %parti/s 1, 31, 6;
    %store/vec4 v0x12584d8b0_0, 0, 1;
    %pushi/vec4 0, 0, 32;
    %store/vec4 v0x12584d800_0, 0, 32;
T_3.5 ;
    %load/vec4 v0x12584d800_0;
    %cmpi/s 32, 0, 32;
    %jmp/0xz T_3.6, 5;
    %load/vec4 v0x12582b160_0;
    %load/vec4 v0x12584ce70_0;
    %load/vec4 v0x12584d800_0;
    %part/s 1;
    %or;
    %store/vec4 v0x12582b160_0, 0, 1;
    %load/vec4 v0x12584d800_0;
    %addi 1, 0, 32;
    %store/vec4 v0x12584d800_0, 0, 32;
    %jmp T_3.5;
T_3.6 ;
    %load/vec4 v0x12584d760_0;
    %load/vec4 v0x12582b160_0;
    %inv;
    %and;
    %load/vec4 v0x12584d620_0;
    %load/vec4 v0x12582b160_0;
    %and;
    %or;
    %load/vec4 v0x12584d6c0_0;
    %load/vec4 v0x12584d8b0_0;
    %inv;
    %and;
    %or;
    %load/vec4 v0x12584d590_0;
    %load/vec4 v0x12584d8b0_0;
    %and;
    %or;
    %store/vec4 v0x12584d360_0, 0, 1;
    %jmp T_3;
    .thread T_3, $push;
    .scope S_0x12584a1b0;
T_4 ;
    %wait E_0x12584cdc0;
    %delay 200, 0;
    %load/vec4 v0x12584d360_0;
    %store/vec4 v0x12584d2d0_0, 0, 1;
    %load/vec4 v0x12584d2d0_0;
    %store/vec4 v0x12584d1b0_0, 0, 1;
    %jmp T_4;
    .thread T_4;
    .scope S_0x12584e240;
T_5 ;
    %pushi/vec4 0, 0, 32;
    %store/vec4 v0x12584e860_0, 0, 32;
    %end;
    .thread T_5;
    .scope S_0x12584e240;
T_6 ;
    %wait E_0x12584dd20;
    %load/vec4 v0x12584e600_0;
    %flag_set/vec4 8;
    %jmp/0xz  T_6.0, 8;
    %pushi/vec4 0, 0, 32;
    %assign/vec4 v0x12584e860_0, 0;
    %jmp T_6.1;
T_6.0 ;
    %load/vec4 v0x12584e740_0;
    %assign/vec4 v0x12584e860_0, 0;
T_6.1 ;
    %jmp T_6;
    .thread T_6;
    .scope S_0x125850c30;
T_7 ;
    %pushi/vec4 0, 0, 32;
    %store/vec4 v0x1258512f0_0, 0, 32;
    %end;
    .thread T_7;
    .scope S_0x125850c30;
T_8 ;
    %wait E_0x12584dd20;
    %load/vec4 v0x125850f80_0;
    %flag_set/vec4 8;
    %jmp/0xz  T_8.0, 8;
    %pushi/vec4 0, 0, 32;
    %assign/vec4 v0x1258512f0_0, 0;
    %jmp T_8.1;
T_8.0 ;
    %load/vec4 v0x125851210_0;
    %flag_set/vec4 8;
    %jmp/0xz  T_8.2, 8;
    %load/vec4 v0x1258510c0_0;
    %assign/vec4 v0x1258512f0_0, 0;
T_8.2 ;
T_8.1 ;
    %jmp T_8;
    .thread T_8;
    .scope S_0x125854640;
T_9 ;
    %pushi/vec4 0, 0, 32;
    %store/vec4 v0x125855070_0, 0, 32;
    %end;
    .thread T_9;
    .scope S_0x125854640;
T_10 ;
    %wait E_0x12584dd20;
    %load/vec4 v0x125854ba0_0;
    %flag_set/vec4 8;
    %jmp/0xz  T_10.0, 8;
    %pushi/vec4 0, 0, 32;
    %assign/vec4 v0x125855070_0, 0;
    %jmp T_10.1;
T_10.0 ;
    %load/vec4 v0x125854fe0_0;
    %flag_set/vec4 8;
    %jmp/0xz  T_10.2, 8;
    %load/vec4 v0x125854ec0_0;
    %assign/vec4 v0x125855070_0, 0;
T_10.2 ;
T_10.1 ;
    %jmp T_10;
    .thread T_10;
    .scope S_0x125855100;
T_11 ;
    %pushi/vec4 0, 0, 32;
    %store/vec4 v0x1258557a0_0, 0, 32;
    %end;
    .thread T_11;
    .scope S_0x125855100;
T_12 ;
    %wait E_0x12584dd20;
    %load/vec4 v0x125855440_0;
    %flag_set/vec4 8;
    %jmp/0xz  T_12.0, 8;
    %pushi/vec4 0, 0, 32;
    %assign/vec4 v0x1258557a0_0, 0;
    %jmp T_12.1;
T_12.0 ;
    %load/vec4 v0x1258556d0_0;
    %flag_set/vec4 8;
    %jmp/0xz  T_12.2, 8;
    %load/vec4 v0x125855570_0;
    %assign/vec4 v0x1258557a0_0, 0;
T_12.2 ;
T_12.1 ;
    %jmp T_12;
    .thread T_12;
    .scope S_0x125858950;
T_13 ;
    %pushi/vec4 0, 0, 32;
    %store/vec4 v0x12584d040_0, 0, 32;
    %end;
    .thread T_13;
    .scope S_0x125858950;
T_14 ;
    %wait E_0x12584dd20;
    %load/vec4 v0x125858cc0_0;
    %flag_set/vec4 8;
    %jmp/0xz  T_14.0, 8;
    %pushi/vec4 0, 0, 32;
    %assign/vec4 v0x12584d040_0, 0;
    %jmp T_14.1;
T_14.0 ;
    %load/vec4 v0x12584cfb0_0;
    %flag_set/vec4 8;
    %jmp/0xz  T_14.2, 8;
    %load/vec4 v0x125854dc0_0;
    %assign/vec4 v0x12584d040_0, 0;
T_14.2 ;
T_14.1 ;
    %jmp T_14;
    .thread T_14;
    .scope S_0x125859150;
T_15 ;
    %pushi/vec4 0, 0, 32;
    %store/vec4 v0x125859820_0, 0, 32;
    %end;
    .thread T_15;
    .scope S_0x125859150;
T_16 ;
    %wait E_0x12584dd20;
    %load/vec4 v0x1258594c0_0;
    %flag_set/vec4 8;
    %jmp/0xz  T_16.0, 8;
    %pushi/vec4 0, 0, 32;
    %assign/vec4 v0x125859820_0, 0;
    %jmp T_16.1;
T_16.0 ;
    %load/vec4 v0x125859750_0;
    %flag_set/vec4 8;
    %jmp/0xz  T_16.2, 8;
    %load/vec4 v0x1258595f0_0;
    %assign/vec4 v0x125859820_0, 0;
T_16.2 ;
T_16.1 ;
    %jmp T_16;
    .thread T_16;
    .scope S_0x125859950;
T_17 ;
    %pushi/vec4 0, 0, 32;
    %store/vec4 v0x12585a020_0, 0, 32;
    %end;
    .thread T_17;
    .scope S_0x125859950;
T_18 ;
    %wait E_0x12584dd20;
    %load/vec4 v0x125859cc0_0;
    %flag_set/vec4 8;
    %jmp/0xz  T_18.0, 8;
    %pushi/vec4 0, 0, 32;
    %assign/vec4 v0x12585a020_0, 0;
    %jmp T_18.1;
T_18.0 ;
    %load/vec4 v0x125859f50_0;
    %flag_set/vec4 8;
    %jmp/0xz  T_18.2, 8;
    %load/vec4 v0x125859df0_0;
    %assign/vec4 v0x12585a020_0, 0;
T_18.2 ;
T_18.1 ;
    %jmp T_18;
    .thread T_18;
    .scope S_0x12585a150;
T_19 ;
    %pushi/vec4 0, 0, 32;
    %store/vec4 v0x12585a820_0, 0, 32;
    %end;
    .thread T_19;
    .scope S_0x12585a150;
T_20 ;
    %wait E_0x12584dd20;
    %load/vec4 v0x12585a4c0_0;
    %flag_set/vec4 8;
    %jmp/0xz  T_20.0, 8;
    %pushi/vec4 0, 0, 32;
    %assign/vec4 v0x12585a820_0, 0;
    %jmp T_20.1;
T_20.0 ;
    %load/vec4 v0x12585a750_0;
    %flag_set/vec4 8;
    %jmp/0xz  T_20.2, 8;
    %load/vec4 v0x12585a5f0_0;
    %assign/vec4 v0x12585a820_0, 0;
T_20.2 ;
T_20.1 ;
    %jmp T_20;
    .thread T_20;
    .scope S_0x12585a950;
T_21 ;
    %pushi/vec4 0, 0, 32;
    %store/vec4 v0x12585b020_0, 0, 32;
    %end;
    .thread T_21;
    .scope S_0x12585a950;
T_22 ;
    %wait E_0x12584dd20;
    %load/vec4 v0x12585acc0_0;
    %flag_set/vec4 8;
    %jmp/0xz  T_22.0, 8;
    %pushi/vec4 0, 0, 32;
    %assign/vec4 v0x12585b020_0, 0;
    %jmp T_22.1;
T_22.0 ;
    %load/vec4 v0x12585af50_0;
    %flag_set/vec4 8;
    %jmp/0xz  T_22.2, 8;
    %load/vec4 v0x12585adf0_0;
    %assign/vec4 v0x12585b020_0, 0;
T_22.2 ;
T_22.1 ;
    %jmp T_22;
    .thread T_22;
    .scope S_0x12585b150;
T_23 ;
    %pushi/vec4 0, 0, 32;
    %store/vec4 v0x12585b820_0, 0, 32;
    %end;
    .thread T_23;
    .scope S_0x12585b150;
T_24 ;
    %wait E_0x12584dd20;
    %load/vec4 v0x12585b4c0_0;
    %flag_set/vec4 8;
    %jmp/0xz  T_24.0, 8;
    %pushi/vec4 0, 0, 32;
    %assign/vec4 v0x12585b820_0, 0;
    %jmp T_24.1;
T_24.0 ;
    %load/vec4 v0x12585b750_0;
    %flag_set/vec4 8;
    %jmp/0xz  T_24.2, 8;
    %load/vec4 v0x12585b5f0_0;
    %assign/vec4 v0x12585b820_0, 0;
T_24.2 ;
T_24.1 ;
    %jmp T_24;
    .thread T_24;
    .scope S_0x12585b950;
T_25 ;
    %pushi/vec4 0, 0, 32;
    %store/vec4 v0x12585c020_0, 0, 32;
    %end;
    .thread T_25;
    .scope S_0x12585b950;
T_26 ;
    %wait E_0x12584dd20;
    %load/vec4 v0x12585bcc0_0;
    %flag_set/vec4 8;
    %jmp/0xz  T_26.0, 8;
    %pushi/vec4 0, 0, 32;
    %assign/vec4 v0x12585c020_0, 0;
    %jmp T_26.1;
T_26.0 ;
    %load/vec4 v0x12585bf50_0;
    %flag_set/vec4 8;
    %jmp/0xz  T_26.2, 8;
    %load/vec4 v0x12585bdf0_0;
    %assign/vec4 v0x12585c020_0, 0;
T_26.2 ;
T_26.1 ;
    %jmp T_26;
    .thread T_26;
    .scope S_0x12585c150;
T_27 ;
    %pushi/vec4 0, 0, 32;
    %store/vec4 v0x12585c820_0, 0, 32;
    %end;
    .thread T_27;
    .scope S_0x12585c150;
T_28 ;
    %wait E_0x12584dd20;
    %load/vec4 v0x12585c4c0_0;
    %flag_set/vec4 8;
    %jmp/0xz  T_28.0, 8;
    %pushi/vec4 0, 0, 32;
    %assign/vec4 v0x12585c820_0, 0;
    %jmp T_28.1;
T_28.0 ;
    %load/vec4 v0x12585c750_0;
    %flag_set/vec4 8;
    %jmp/0xz  T_28.2, 8;
    %load/vec4 v0x12585c5f0_0;
    %assign/vec4 v0x12585c820_0, 0;
T_28.2 ;
T_28.1 ;
    %jmp T_28;
    .thread T_28;
    .scope S_0x1258558d0;
T_29 ;
    %pushi/vec4 0, 0, 32;
    %store/vec4 v0x125855fa0_0, 0, 32;
    %end;
    .thread T_29;
    .scope S_0x1258558d0;
T_30 ;
    %wait E_0x12584dd20;
    %load/vec4 v0x125855c40_0;
    %flag_set/vec4 8;
    %jmp/0xz  T_30.0, 8;
    %pushi/vec4 0, 0, 32;
    %assign/vec4 v0x125855fa0_0, 0;
    %jmp T_30.1;
T_30.0 ;
    %load/vec4 v0x125855ed0_0;
    %flag_set/vec4 8;
    %jmp/0xz  T_30.2, 8;
    %load/vec4 v0x125855d70_0;
    %assign/vec4 v0x125855fa0_0, 0;
T_30.2 ;
T_30.1 ;
    %jmp T_30;
    .thread T_30;
    .scope S_0x1258560d0;
T_31 ;
    %pushi/vec4 0, 0, 32;
    %store/vec4 v0x125856820_0, 0, 32;
    %end;
    .thread T_31;
    .scope S_0x1258560d0;
T_32 ;
    %wait E_0x12584dd20;
    %load/vec4 v0x1258564c0_0;
    %flag_set/vec4 8;
    %jmp/0xz  T_32.0, 8;
    %pushi/vec4 0, 0, 32;
    %assign/vec4 v0x125856820_0, 0;
    %jmp T_32.1;
T_32.0 ;
    %load/vec4 v0x125856750_0;
    %flag_set/vec4 8;
    %jmp/0xz  T_32.2, 8;
    %load/vec4 v0x1258565f0_0;
    %assign/vec4 v0x125856820_0, 0;
T_32.2 ;
T_32.1 ;
    %jmp T_32;
    .thread T_32;
    .scope S_0x125856950;
T_33 ;
    %pushi/vec4 0, 0, 32;
    %store/vec4 v0x125857020_0, 0, 32;
    %end;
    .thread T_33;
    .scope S_0x125856950;
T_34 ;
    %wait E_0x12584dd20;
    %load/vec4 v0x125856cc0_0;
    %flag_set/vec4 8;
    %jmp/0xz  T_34.0, 8;
    %pushi/vec4 0, 0, 32;
    %assign/vec4 v0x125857020_0, 0;
    %jmp T_34.1;
T_34.0 ;
    %load/vec4 v0x125856f50_0;
    %flag_set/vec4 8;
    %jmp/0xz  T_34.2, 8;
    %load/vec4 v0x125856df0_0;
    %assign/vec4 v0x125857020_0, 0;
T_34.2 ;
T_34.1 ;
    %jmp T_34;
    .thread T_34;
    .scope S_0x125857150;
T_35 ;
    %pushi/vec4 0, 0, 32;
    %store/vec4 v0x125857820_0, 0, 32;
    %end;
    .thread T_35;
    .scope S_0x125857150;
T_36 ;
    %wait E_0x12584dd20;
    %load/vec4 v0x1258574c0_0;
    %flag_set/vec4 8;
    %jmp/0xz  T_36.0, 8;
    %pushi/vec4 0, 0, 32;
    %assign/vec4 v0x125857820_0, 0;
    %jmp T_36.1;
T_36.0 ;
    %load/vec4 v0x125857750_0;
    %flag_set/vec4 8;
    %jmp/0xz  T_36.2, 8;
    %load/vec4 v0x1258575f0_0;
    %assign/vec4 v0x125857820_0, 0;
T_36.2 ;
T_36.1 ;
    %jmp T_36;
    .thread T_36;
    .scope S_0x125857950;
T_37 ;
    %pushi/vec4 0, 0, 32;
    %store/vec4 v0x125858020_0, 0, 32;
    %end;
    .thread T_37;
    .scope S_0x125857950;
T_38 ;
    %wait E_0x12584dd20;
    %load/vec4 v0x125857cc0_0;
    %flag_set/vec4 8;
    %jmp/0xz  T_38.0, 8;
    %pushi/vec4 0, 0, 32;
    %assign/vec4 v0x125858020_0, 0;
    %jmp T_38.1;
T_38.0 ;
    %load/vec4 v0x125857f50_0;
    %flag_set/vec4 8;
    %jmp/0xz  T_38.2, 8;
    %load/vec4 v0x125857df0_0;
    %assign/vec4 v0x125858020_0, 0;
T_38.2 ;
T_38.1 ;
    %jmp T_38;
    .thread T_38;
    .scope S_0x125858150;
T_39 ;
    %pushi/vec4 0, 0, 32;
    %store/vec4 v0x125858820_0, 0, 32;
    %end;
    .thread T_39;
    .scope S_0x125858150;
T_40 ;
    %wait E_0x12584dd20;
    %load/vec4 v0x1258584c0_0;
    %flag_set/vec4 8;
    %jmp/0xz  T_40.0, 8;
    %pushi/vec4 0, 0, 32;
    %assign/vec4 v0x125858820_0, 0;
    %jmp T_40.1;
T_40.0 ;
    %load/vec4 v0x125858750_0;
    %flag_set/vec4 8;
    %jmp/0xz  T_40.2, 8;
    %load/vec4 v0x1258585f0_0;
    %assign/vec4 v0x125858820_0, 0;
T_40.2 ;
T_40.1 ;
    %jmp T_40;
    .thread T_40;
    .scope S_0x125851420;
T_41 ;
    %pushi/vec4 0, 0, 32;
    %store/vec4 v0x125851c60_0, 0, 32;
    %end;
    .thread T_41;
    .scope S_0x125851420;
T_42 ;
    %wait E_0x12584dd20;
    %load/vec4 v0x125851990_0;
    %flag_set/vec4 8;
    %jmp/0xz  T_42.0, 8;
    %pushi/vec4 0, 0, 32;
    %assign/vec4 v0x125851c60_0, 0;
    %jmp T_42.1;
T_42.0 ;
    %load/vec4 v0x125851bd0_0;
    %flag_set/vec4 8;
    %jmp/0xz  T_42.2, 8;
    %load/vec4 v0x125851ab0_0;
    %assign/vec4 v0x125851c60_0, 0;
T_42.2 ;
T_42.1 ;
    %jmp T_42;
    .thread T_42;
    .scope S_0x12584e960;
T_43 ;
    %pushi/vec4 0, 0, 32;
    %store/vec4 v0x12584f0e0_0, 0, 32;
    %end;
    .thread T_43;
    .scope S_0x12584e960;
T_44 ;
    %wait E_0x12584dd20;
    %load/vec4 v0x12584ecf0_0;
    %flag_set/vec4 8;
    %jmp/0xz  T_44.0, 8;
    %pushi/vec4 0, 0, 32;
    %assign/vec4 v0x12584f0e0_0, 0;
    %jmp T_44.1;
T_44.0 ;
    %load/vec4 v0x12584f010_0;
    %flag_set/vec4 8;
    %jmp/0xz  T_44.2, 8;
    %load/vec4 v0x12584eeb0_0;
    %assign/vec4 v0x12584f0e0_0, 0;
T_44.2 ;
T_44.1 ;
    %jmp T_44;
    .thread T_44;
    .scope S_0x12585e730;
T_45 ;
    %pushi/vec4 0, 0, 32;
    %store/vec4 v0x12585ef10_0, 0, 32;
    %end;
    .thread T_45;
    .scope S_0x12585e730;
T_46 ;
    %wait E_0x12584dd20;
    %load/vec4 v0x12585eba0_0;
    %flag_set/vec4 8;
    %jmp/0xz  T_46.0, 8;
    %pushi/vec4 0, 0, 32;
    %assign/vec4 v0x12585ef10_0, 0;
    %jmp T_46.1;
T_46.0 ;
    %load/vec4 v0x12585ee40_0;
    %flag_set/vec4 8;
    %jmp/0xz  T_46.2, 8;
    %load/vec4 v0x12585ecd0_0;
    %assign/vec4 v0x12585ef10_0, 0;
T_46.2 ;
T_46.1 ;
    %jmp T_46;
    .thread T_46;
    .scope S_0x12585df20;
T_47 ;
    %pushi/vec4 0, 0, 32;
    %store/vec4 v0x12585e600_0, 0, 32;
    %end;
    .thread T_47;
    .scope S_0x12585df20;
T_48 ;
    %wait E_0x12584dd20;
    %load/vec4 v0x12585e290_0;
    %flag_set/vec4 8;
    %jmp/0xz  T_48.0, 8;
    %pushi/vec4 0, 0, 32;
    %assign/vec4 v0x12585e600_0, 0;
    %jmp T_48.1;
T_48.0 ;
    %load/vec4 v0x12585e530_0;
    %flag_set/vec4 8;
    %jmp/0xz  T_48.2, 8;
    %load/vec4 v0x12585e3c0_0;
    %assign/vec4 v0x12585e600_0, 0;
T_48.2 ;
T_48.1 ;
    %jmp T_48;
    .thread T_48;
    .scope S_0x12584d9b0;
T_49 ;
    %pushi/vec4 0, 0, 32;
    %store/vec4 v0x12584e110_0, 0, 32;
    %end;
    .thread T_49;
    .scope S_0x12584d9b0;
T_50 ;
    %wait E_0x12584dd20;
    %load/vec4 v0x12584dd80_0;
    %flag_set/vec4 8;
    %jmp/0xz  T_50.0, 8;
    %pushi/vec4 0, 0, 32;
    %assign/vec4 v0x12584e110_0, 0;
    %jmp T_50.1;
T_50.0 ;
    %load/vec4 v0x12584e040_0;
    %flag_set/vec4 8;
    %jmp/0xz  T_50.2, 8;
    %load/vec4 v0x12584ded0_0;
    %assign/vec4 v0x12584e110_0, 0;
T_50.2 ;
T_50.1 ;
    %jmp T_50;
    .thread T_50;
    .scope S_0x12584f1e0;
T_51 ;
    %pushi/vec4 0, 0, 32;
    %store/vec4 v0x12584f8b0_0, 0, 32;
    %end;
    .thread T_51;
    .scope S_0x12584f1e0;
T_52 ;
    %wait E_0x12584dd20;
    %load/vec4 v0x12584f550_0;
    %flag_set/vec4 8;
    %jmp/0xz  T_52.0, 8;
    %pushi/vec4 0, 0, 32;
    %assign/vec4 v0x12584f8b0_0, 0;
    %jmp T_52.1;
T_52.0 ;
    %load/vec4 v0x12584f7e0_0;
    %flag_set/vec4 8;
    %jmp/0xz  T_52.2, 8;
    %load/vec4 v0x12584f680_0;
    %assign/vec4 v0x12584f8b0_0, 0;
T_52.2 ;
T_52.1 ;
    %jmp T_52;
    .thread T_52;
    .scope S_0x12585d700;
T_53 ;
    %pushi/vec4 0, 0, 32;
    %store/vec4 v0x12585de60_0, 0, 32;
    %end;
    .thread T_53;
    .scope S_0x12585d700;
T_54 ;
    %wait E_0x12584dd20;
    %load/vec4 v0x12585da10_0;
    %flag_set/vec4 8;
    %jmp/0xz  T_54.0, 8;
    %pushi/vec4 0, 0, 32;
    %assign/vec4 v0x12585de60_0, 0;
    %jmp T_54.1;
T_54.0 ;
    %load/vec4 v0x12585dd90_0;
    %flag_set/vec4 8;
    %jmp/0xz  T_54.2, 8;
    %load/vec4 v0x12585db50_0;
    %assign/vec4 v0x12585de60_0, 0;
T_54.2 ;
T_54.1 ;
    %jmp T_54;
    .thread T_54;
    .scope S_0x125811350;
T_55 ;
    %wait E_0x1257e1b80;
    %load/vec4 v0x125811700_0;
    %parti/s 1, 31, 6;
    %store/vec4 v0x125811790_0, 0, 1;
    %load/vec4 v0x1258118b0_0;
    %parti/s 1, 31, 6;
    %store/vec4 v0x125811940_0, 0, 1;
    %load/vec4 v0x125811790_0;
    %flag_set/vec4 8;
    %jmp/0xz  T_55.0, 8;
    %load/vec4 v0x125811700_0;
    %inv;
    %addi 1, 0, 32;
    %store/vec4 v0x125811820_0, 0, 32;
    %jmp T_55.1;
T_55.0 ;
    %load/vec4 v0x125811700_0;
    %store/vec4 v0x125811820_0, 0, 32;
T_55.1 ;
    %load/vec4 v0x125811940_0;
    %flag_set/vec4 8;
    %jmp/0xz  T_55.2, 8;
    %load/vec4 v0x1258118b0_0;
    %inv;
    %addi 1, 0, 32;
    %store/vec4 v0x1258119d0_0, 0, 32;
    %jmp T_55.3;
T_55.2 ;
    %load/vec4 v0x1258118b0_0;
    %store/vec4 v0x1258119d0_0, 0, 32;
T_55.3 ;
    %pushi/vec4 0, 0, 65;
    %store/vec4 v0x1258114c0_0, 0, 65;
    %load/vec4 v0x1258119d0_0;
    %store/vec4 v0x1258115e0_0, 0, 32;
    %pushi/vec4 0, 0, 1;
    %store/vec4 v0x125811670_0, 0, 1;
    %load/vec4 v0x125811820_0;
    %pad/u 33;
    %store/vec4 v0x125811550_0, 0, 33;
    %pushi/vec4 0, 0, 32;
    %store/vec4 v0x125811af0_0, 0, 32;
T_55.4 ;
    %load/vec4 v0x125811af0_0;
    %cmpi/s 32, 0, 32;
    %jmp/0xz T_55.5, 5;
    %load/vec4 v0x1258115e0_0;
    %parti/s 1, 0, 2;
    %load/vec4 v0x125811670_0;
    %concat/vec4; draw_concat_vec4
    %dup/vec4;
    %pushi/vec4 1, 0, 2;
    %cmp/u;
    %jmp/1 T_55.6, 6;
    %dup/vec4;
    %pushi/vec4 2, 0, 2;
    %cmp/u;
    %jmp/1 T_55.7, 6;
    %load/vec4 v0x1258114c0_0;
    %store/vec4 v0x1258114c0_0, 0, 65;
    %jmp T_55.9;
T_55.6 ;
    %load/vec4 v0x1258114c0_0;
    %load/vec4 v0x125811550_0;
    %pad/u 65;
    %add;
    %store/vec4 v0x1258114c0_0, 0, 65;
    %jmp T_55.9;
T_55.7 ;
    %load/vec4 v0x1258114c0_0;
    %load/vec4 v0x125811550_0;
    %pad/u 65;
    %sub;
    %store/vec4 v0x1258114c0_0, 0, 65;
    %jmp T_55.9;
T_55.9 ;
    %pop/vec4 1;
    %load/vec4 v0x1258115e0_0;
    %parti/s 1, 0, 2;
    %store/vec4 v0x125811670_0, 0, 1;
    %load/vec4 v0x1258114c0_0;
    %parti/s 1, 0, 2;
    %load/vec4 v0x1258115e0_0;
    %parti/s 31, 1, 2;
    %concat/vec4; draw_concat_vec4
    %store/vec4 v0x1258115e0_0, 0, 32;
    %load/vec4 v0x1258114c0_0;
    %parti/s 1, 32, 7;
    %load/vec4 v0x1258114c0_0;
    %parti/s 64, 1, 2;
    %concat/vec4; draw_concat_vec4
    %store/vec4 v0x1258114c0_0, 0, 65;
    %load/vec4 v0x125811af0_0;
    %addi 1, 0, 32;
    %store/vec4 v0x125811af0_0, 0, 32;
    %jmp T_55.4;
T_55.5 ;
    %load/vec4 v0x1258114c0_0;
    %parti/s 64, 0, 2;
    %load/vec4 v0x1258115e0_0;
    %concat/vec4; draw_concat_vec4
    %pad/u 64;
    %store/vec4 v0x125811c10_0, 0, 64;
    %load/vec4 v0x125811790_0;
    %load/vec4 v0x125811940_0;
    %xor;
    %store/vec4 v0x125811b80_0, 0, 1;
    %load/vec4 v0x125811b80_0;
    %flag_set/vec4 8;
    %jmp/0xz  T_55.10, 8;
    %load/vec4 v0x125811c10_0;
    %inv;
    %addi 1, 0, 64;
    %store/vec4 v0x125811a60_0, 0, 64;
    %jmp T_55.11;
T_55.10 ;
    %load/vec4 v0x125811c10_0;
    %store/vec4 v0x125811a60_0, 0, 64;
T_55.11 ;
    %jmp T_55;
    .thread T_55, $push;
    .scope S_0x125810c40;
T_56 ;
    %wait E_0x125634380;
    %load/vec4 v0x125810db0_0;
    %parti/s 1, 31, 6;
    %store/vec4 v0x125810ff0_0, 0, 1;
    %load/vec4 v0x125810e40_0;
    %parti/s 1, 31, 6;
    %store/vec4 v0x125811110_0, 0, 1;
    %load/vec4 v0x125810ff0_0;
    %flag_set/vec4 8;
    %jmp/0xz  T_56.0, 8;
    %load/vec4 v0x125810db0_0;
    %pad/u 64;
    %inv;
    %addi 1, 0, 64;
    %store/vec4 v0x125810f60_0, 0, 64;
    %jmp T_56.1;
T_56.0 ;
    %load/vec4 v0x125810db0_0;
    %pad/u 64;
    %store/vec4 v0x125810f60_0, 0, 64;
T_56.1 ;
    %load/vec4 v0x125811110_0;
    %flag_set/vec4 8;
    %jmp/0xz  T_56.2, 8;
    %load/vec4 v0x125810e40_0;
    %inv;
    %addi 1, 0, 32;
    %store/vec4 v0x125811080_0, 0, 32;
    %jmp T_56.3;
T_56.2 ;
    %load/vec4 v0x125810e40_0;
    %store/vec4 v0x125811080_0, 0, 32;
T_56.3 ;
    %load/vec4 v0x125810f60_0;
    %concati/vec4 0, 0, 32;
    %pad/u 64;
    %store/vec4 v0x125810f60_0, 0, 64;
    %pushi/vec4 0, 0, 32;
    %store/vec4 v0x125811230_0, 0, 32;
    %pushi/vec4 0, 0, 32;
    %store/vec4 v0x1258112c0_0, 0, 32;
    %load/vec4 v0x125810f60_0;
    %concati/vec4 0, 0, 32;
    %pad/u 64;
    %store/vec4 v0x125810f60_0, 0, 64;
    %pushi/vec4 0, 0, 32;
    %store/vec4 v0x1258111a0_0, 0, 32;
T_56.4 ;
    %load/vec4 v0x1258111a0_0;
    %cmpi/s 32, 0, 32;
    %jmp/0xz T_56.5, 5;
    %load/vec4 v0x1258112c0_0;
    %parti/s 31, 0, 2;
    %load/vec4 v0x125810f60_0;
    %parti/s 1, 63, 7;
    %concat/vec4; draw_concat_vec4
    %store/vec4 v0x1258112c0_0, 0, 32;
    %load/vec4 v0x125810f60_0;
    %ix/load 4, 1, 0;
    %flag_set/imm 4, 0;
    %shiftl 4;
    %store/vec4 v0x125810f60_0, 0, 64;
    %load/vec4 v0x1258112c0_0;
    %parti/s 1, 31, 6;
    %pad/u 32;
    %cmpi/e 0, 0, 32;
    %jmp/0xz  T_56.6, 4;
    %load/vec4 v0x1258112c0_0;
    %load/vec4 v0x125811080_0;
    %sub;
    %store/vec4 v0x1258112c0_0, 0, 32;
    %jmp T_56.7;
T_56.6 ;
    %load/vec4 v0x1258112c0_0;
    %load/vec4 v0x125811080_0;
    %add;
    %store/vec4 v0x1258112c0_0, 0, 32;
T_56.7 ;
    %load/vec4 v0x1258112c0_0;
    %parti/s 1, 31, 6;
    %pad/u 32;
    %cmpi/e 0, 0, 32;
    %jmp/0xz  T_56.8, 4;
    %load/vec4 v0x125811230_0;
    %pushi/vec4 1, 0, 32;
    %pushi/vec4 31, 0, 32;
    %load/vec4 v0x1258111a0_0;
    %sub;
    %ix/vec4 4;
    %shiftl 4;
    %or;
    %store/vec4 v0x125811230_0, 0, 32;
T_56.8 ;
    %load/vec4 v0x1258111a0_0;
    %addi 1, 0, 32;
    %store/vec4 v0x1258111a0_0, 0, 32;
    %jmp T_56.4;
T_56.5 ;
    %load/vec4 v0x1258112c0_0;
    %parti/s 1, 31, 6;
    %pad/u 32;
    %cmpi/e 1, 0, 32;
    %jmp/0xz  T_56.10, 4;
    %load/vec4 v0x1258112c0_0;
    %load/vec4 v0x125811080_0;
    %add;
    %store/vec4 v0x1258112c0_0, 0, 32;
T_56.10 ;
    %load/vec4 v0x125810ff0_0;
    %load/vec4 v0x125811110_0;
    %xor;
    %flag_set/vec4 8;
    %jmp/0xz  T_56.12, 8;
    %load/vec4 v0x125811230_0;
    %inv;
    %addi 1, 0, 32;
    %store/vec4 v0x125811230_0, 0, 32;
T_56.12 ;
    %load/vec4 v0x125810ff0_0;
    %flag_set/vec4 8;
    %jmp/0xz  T_56.14, 8;
    %load/vec4 v0x1258112c0_0;
    %inv;
    %addi 1, 0, 32;
    %store/vec4 v0x1258112c0_0, 0, 32;
T_56.14 ;
    %load/vec4 v0x125811230_0;
    %load/vec4 v0x1258112c0_0;
    %concat/vec4; draw_concat_vec4
    %store/vec4 v0x125810ed0_0, 0, 64;
    %jmp T_56;
    .thread T_56, $push;
    .scope S_0x12562b840;
T_57 ;
    %wait E_0x13576a200;
    %load/vec4 v0x1258493a0_0;
    %dup/vec4;
    %pushi/vec4 3, 0, 5;
    %cmp/u;
    %jmp/1 T_57.0, 6;
    %dup/vec4;
    %pushi/vec4 4, 0, 5;
    %cmp/u;
    %jmp/1 T_57.1, 6;
    %dup/vec4;
    %pushi/vec4 5, 0, 5;
    %cmp/u;
    %jmp/1 T_57.2, 6;
    %dup/vec4;
    %pushi/vec4 6, 0, 5;
    %cmp/u;
    %jmp/1 T_57.3, 6;
    %dup/vec4;
    %pushi/vec4 7, 0, 5;
    %cmp/u;
    %jmp/1 T_57.4, 6;
    %dup/vec4;
    %pushi/vec4 8, 0, 5;
    %cmp/u;
    %jmp/1 T_57.5, 6;
    %dup/vec4;
    %pushi/vec4 9, 0, 5;
    %cmp/u;
    %jmp/1 T_57.6, 6;
    %dup/vec4;
    %pushi/vec4 10, 0, 5;
    %cmp/u;
    %jmp/1 T_57.7, 6;
    %dup/vec4;
    %pushi/vec4 11, 0, 5;
    %cmp/u;
    %jmp/1 T_57.8, 6;
    %dup/vec4;
    %pushi/vec4 15, 0, 5;
    %cmp/u;
    %jmp/1 T_57.9, 6;
    %dup/vec4;
    %pushi/vec4 16, 0, 5;
    %cmp/u;
    %jmp/1 T_57.10, 6;
    %dup/vec4;
    %pushi/vec4 17, 0, 5;
    %cmp/u;
    %jmp/1 T_57.11, 6;
    %dup/vec4;
    %pushi/vec4 18, 0, 5;
    %cmp/u;
    %jmp/1 T_57.12, 6;
    %dup/vec4;
    %pushi/vec4 19, 0, 5;
    %cmp/u;
    %jmp/1 T_57.13, 6;
    %pushi/vec4 0, 0, 32;
    %store/vec4 v0x125849920_0, 0, 32;
    %jmp T_57.15;
T_57.0 ;
    %pushi/vec4 0, 0, 32;
    %load/vec4 v0x125849170_0;
    %concat/vec4; draw_concat_vec4
    %pad/u 32;
    %store/vec4 v0x125849920_0, 0, 32;
    %jmp T_57.15;
T_57.1 ;
    %pushi/vec4 0, 0, 32;
    %load/vec4 v0x125849e00_0;
    %concat/vec4; draw_concat_vec4
    %pad/u 32;
    %store/vec4 v0x125849920_0, 0, 32;
    %jmp T_57.15;
T_57.2 ;
    %pushi/vec4 0, 0, 32;
    %load/vec4 v0x125849220_0;
    %concat/vec4; draw_concat_vec4
    %pad/u 32;
    %store/vec4 v0x125849920_0, 0, 32;
    %jmp T_57.15;
T_57.3 ;
    %pushi/vec4 0, 0, 32;
    %load/vec4 v0x1258497c0_0;
    %concat/vec4; draw_concat_vec4
    %pad/u 32;
    %store/vec4 v0x125849920_0, 0, 32;
    %jmp T_57.15;
T_57.4 ;
    %pushi/vec4 0, 0, 32;
    %load/vec4 v0x125849a80_0;
    %concat/vec4; draw_concat_vec4
    %pad/u 32;
    %store/vec4 v0x125849920_0, 0, 32;
    %jmp T_57.15;
T_57.5 ;
    %pushi/vec4 0, 0, 32;
    %load/vec4 v0x1258499c0_0;
    %concat/vec4; draw_concat_vec4
    %pad/u 32;
    %store/vec4 v0x125849920_0, 0, 32;
    %jmp T_57.15;
T_57.6 ;
    %pushi/vec4 0, 0, 32;
    %load/vec4 v0x125849ce0_0;
    %concat/vec4; draw_concat_vec4
    %pad/u 32;
    %store/vec4 v0x125849920_0, 0, 32;
    %jmp T_57.15;
T_57.7 ;
    %pushi/vec4 0, 0, 32;
    %load/vec4 v0x125849d70_0;
    %concat/vec4; draw_concat_vec4
    %pad/u 32;
    %store/vec4 v0x125849920_0, 0, 32;
    %jmp T_57.15;
T_57.8 ;
    %pushi/vec4 0, 0, 32;
    %load/vec4 v0x125849b30_0;
    %concat/vec4; draw_concat_vec4
    %pad/u 32;
    %store/vec4 v0x125849920_0, 0, 32;
    %jmp T_57.15;
T_57.9 ;
    %load/vec4 v0x1258494d0_0;
    %pad/u 32;
    %store/vec4 v0x125849920_0, 0, 32;
    %jmp T_57.15;
T_57.10 ;
    %load/vec4 v0x125849570_0;
    %pad/u 32;
    %store/vec4 v0x125849920_0, 0, 32;
    %jmp T_57.15;
T_57.11 ;
    %pushi/vec4 0, 0, 32;
    %load/vec4 v0x1258496a0_0;
    %concat/vec4; draw_concat_vec4
    %pad/u 32;
    %store/vec4 v0x125849920_0, 0, 32;
    %jmp T_57.15;
T_57.12 ;
    %pushi/vec4 0, 0, 32;
    %load/vec4 v0x125849730_0;
    %concat/vec4; draw_concat_vec4
    %pad/u 32;
    %store/vec4 v0x125849920_0, 0, 32;
    %jmp T_57.15;
T_57.13 ;
    %pushi/vec4 0, 0, 32;
    %load/vec4 v0x125849870_0;
    %concat/vec4; draw_concat_vec4
    %pad/u 32;
    %store/vec4 v0x125849920_0, 0, 32;
    %jmp T_57.15;
T_57.15 ;
    %pop/vec4 1;
    %jmp T_57;
    .thread T_57, $push;
    .scope S_0x12562b840;
T_58 ;
    %wait E_0x135764ee0;
    %load/vec4 v0x125849920_0;
    %pad/u 64;
    %store/vec4 v0x125849010_0, 0, 64;
    %jmp T_58;
    .thread T_58, $push;
    .scope S_0x1258502a0;
T_59 ;
    %pushi/vec4 0, 0, 32;
    %store/vec4 v0x125850690_0, 0, 32;
    %end;
    .thread T_59;
    .scope S_0x1258502a0;
T_60 ;
    %wait E_0x125850650;
    %load/vec4 v0x125850ae0_0;
    %dup/vec4;
    %pushi/vec4 0, 0, 1;
    %cmp/u;
    %jmp/1 T_60.0, 6;
    %dup/vec4;
    %pushi/vec4 1, 0, 1;
    %cmp/u;
    %jmp/1 T_60.1, 6;
    %jmp T_60.2;
T_60.0 ;
    %load/vec4 v0x125850760_0;
    %store/vec4 v0x125850910_0, 0, 32;
    %jmp T_60.2;
T_60.1 ;
    %load/vec4 v0x125850a30_0;
    %store/vec4 v0x125850910_0, 0, 32;
    %jmp T_60.2;
T_60.2 ;
    %pop/vec4 1;
    %jmp T_60;
    .thread T_60, $push;
    .scope S_0x1258502a0;
T_61 ;
    %wait E_0x12584dd20;
    %load/vec4 v0x1258507f0_0;
    %flag_set/vec4 8;
    %jmp/0xz  T_61.0, 8;
    %pushi/vec4 0, 0, 32;
    %assign/vec4 v0x125850690_0, 0;
    %jmp T_61.1;
T_61.0 ;
    %load/vec4 v0x1258509a0_0;
    %flag_set/vec4 8;
    %jmp/0xz  T_61.2, 8;
    %load/vec4 v0x125850910_0;
    %assign/vec4 v0x125850690_0, 0;
T_61.2 ;
T_61.1 ;
    %jmp T_61;
    .thread T_61;
    .scope S_0x12584f9e0;
T_62 ;
    %pushi/vec4 0, 0, 32;
    %store/vec4 v0x125850170_0, 0, 32;
    %end;
    .thread T_62;
    .scope S_0x12584f9e0;
T_63 ;
    %wait E_0x12584dd20;
    %load/vec4 v0x12584fd90_0;
    %flag_set/vec4 8;
    %jmp/0xz  T_63.0, 8;
    %pushi/vec4 0, 0, 32;
    %assign/vec4 v0x125850170_0, 0;
    %jmp T_63.1;
T_63.0 ;
    %load/vec4 v0x1258500e0_0;
    %flag_set/vec4 8;
    %jmp/0xz  T_63.2, 8;
    %load/vec4 v0x12584ffc0_0;
    %assign/vec4 v0x125850170_0, 0;
T_63.2 ;
T_63.1 ;
    %jmp T_63;
    .thread T_63;
    .scope S_0x125851dc0;
T_64 ;
    %pushi/vec4 0, 0, 32;
    %store/vec4 v0x125852320_0, 0, 32;
    %vpi_call 28 14 "$readmemh", "addi_andi_ori.hex", v0x1258523d0 {0 0 0};
    %end;
    .thread T_64;
    .scope S_0x125851dc0;
T_65 ;
    %wait E_0x125852130;
    %load/vec4 v0x125854530_0;
    %flag_set/vec4 8;
    %jmp/0xz  T_65.0, 8;
    %load/vec4 v0x125852250_0;
    %load/vec4 v0x125852180_0;
    %pad/u 11;
    %ix/vec4 3;
    %ix/load 4, 0, 0; Constant delay
    %assign/vec4/a/d v0x1258523d0, 0, 4;
    %load/vec4 v0x125852180_0;
    %pad/u 11;
    %ix/vec4 4;
    %load/vec4a v0x1258523d0, 4;
    %vpi_call 28 20 "$display", "Write: Address=%h, Data In=%h, Memory at Address=%h", v0x125852180_0, v0x125852250_0, S<0,vec4,u32> {1 0 0};
    %jmp T_65.1;
T_65.0 ;
    %load/vec4 v0x125854460_0;
    %flag_set/vec4 8;
    %jmp/0xz  T_65.2, 8;
    %load/vec4 v0x125852180_0;
    %pad/u 11;
    %ix/vec4 4;
    %load/vec4a v0x1258523d0, 4;
    %assign/vec4 v0x125852320_0, 0;
T_65.2 ;
T_65.1 ;
    %jmp T_65;
    .thread T_65, $push;
    .scope S_0x125849ed0;
T_66 ;
    %pushi/vec4 0, 0, 32;
    %store/vec4 v0x12584c720_0, 0, 32;
    %end;
    .thread T_66;
    .scope S_0x125849ed0;
T_67 ;
    %wait E_0x12584a340;
    %load/vec4 v0x12584add0_0;
    %flag_set/vec4 8;
    %jmp/0xz  T_67.0, 8;
    %load/vec4 v0x12584ad20_0;
    %store/vec4 v0x12584c720_0, 0, 32;
    %jmp T_67.1;
T_67.0 ;
    %load/vec4 v0x12584b7c0_0;
    %flag_set/vec4 8;
    %jmp/0xz  T_67.2, 8;
    %load/vec4 v0x12584ae70_0;
    %store/vec4 v0x12584c720_0, 0, 32;
    %jmp T_67.3;
T_67.2 ;
    %load/vec4 v0x12584b910_0;
    %flag_set/vec4 8;
    %jmp/0xz  T_67.4, 8;
    %load/vec4 v0x12584b860_0;
    %store/vec4 v0x12584c720_0, 0, 32;
    %jmp T_67.5;
T_67.4 ;
    %load/vec4 v0x12584ba60_0;
    %flag_set/vec4 8;
    %jmp/0xz  T_67.6, 8;
    %load/vec4 v0x12584b9b0_0;
    %store/vec4 v0x12584c720_0, 0, 32;
    %jmp T_67.7;
T_67.6 ;
    %load/vec4 v0x12584b080_0;
    %flag_set/vec4 8;
    %jmp/0xz  T_67.8, 8;
    %load/vec4 v0x12584bb00_0;
    %store/vec4 v0x12584c720_0, 0, 32;
    %jmp T_67.9;
T_67.8 ;
    %load/vec4 v0x12584be20_0;
    %flag_set/vec4 8;
    %jmp/0xz  T_67.10, 8;
    %load/vec4 v0x12584bd90_0;
    %store/vec4 v0x12584c720_0, 0, 32;
    %jmp T_67.11;
T_67.10 ;
    %load/vec4 v0x12584bf50_0;
    %flag_set/vec4 8;
    %jmp/0xz  T_67.12, 8;
    %load/vec4 v0x12584beb0_0;
    %store/vec4 v0x12584c720_0, 0, 32;
    %jmp T_67.13;
T_67.12 ;
    %load/vec4 v0x12584c0a0_0;
    %flag_set/vec4 8;
    %jmp/0xz  T_67.14, 8;
    %load/vec4 v0x12584bff0_0;
    %store/vec4 v0x12584c720_0, 0, 32;
    %jmp T_67.15;
T_67.14 ;
    %load/vec4 v0x12584c1f0_0;
    %flag_set/vec4 8;
    %jmp/0xz  T_67.16, 8;
    %load/vec4 v0x12584c140_0;
    %store/vec4 v0x12584c720_0, 0, 32;
    %jmp T_67.17;
T_67.16 ;
    %load/vec4 v0x12584c340_0;
    %flag_set/vec4 8;
    %jmp/0xz  T_67.18, 8;
    %load/vec4 v0x12584c290_0;
    %store/vec4 v0x12584c720_0, 0, 32;
    %jmp T_67.19;
T_67.18 ;
    %load/vec4 v0x12584afd0_0;
    %flag_set/vec4 8;
    %jmp/0xz  T_67.20, 8;
    %load/vec4 v0x12584af20_0;
    %store/vec4 v0x12584c720_0, 0, 32;
    %jmp T_67.21;
T_67.20 ;
    %load/vec4 v0x12584b1f0_0;
    %flag_set/vec4 8;
    %jmp/0xz  T_67.22, 8;
    %load/vec4 v0x12584b160_0;
    %store/vec4 v0x12584c720_0, 0, 32;
    %jmp T_67.23;
T_67.22 ;
    %load/vec4 v0x12584b330_0;
    %flag_set/vec4 8;
    %jmp/0xz  T_67.24, 8;
    %load/vec4 v0x12584b280_0;
    %store/vec4 v0x12584c720_0, 0, 32;
    %jmp T_67.25;
T_67.24 ;
    %load/vec4 v0x12584b480_0;
    %flag_set/vec4 8;
    %jmp/0xz  T_67.26, 8;
    %load/vec4 v0x12584b3d0_0;
    %store/vec4 v0x12584c720_0, 0, 32;
    %jmp T_67.27;
T_67.26 ;
    %load/vec4 v0x12584b5d0_0;
    %flag_set/vec4 8;
    %jmp/0xz  T_67.28, 8;
    %load/vec4 v0x12584b520_0;
    %store/vec4 v0x12584c720_0, 0, 32;
    %jmp T_67.29;
T_67.28 ;
    %load/vec4 v0x12584b720_0;
    %flag_set/vec4 8;
    %jmp/0xz  T_67.30, 8;
    %load/vec4 v0x12584b670_0;
    %store/vec4 v0x12584c720_0, 0, 32;
    %jmp T_67.31;
T_67.30 ;
    %load/vec4 v0x12584ab30_0;
    %flag_set/vec4 8;
    %jmp/0xz  T_67.32, 8;
    %load/vec4 v0x12584aa20_0;
    %store/vec4 v0x12584c720_0, 0, 32;
    %jmp T_67.33;
T_67.32 ;
    %load/vec4 v0x12584a6f0_0;
    %flag_set/vec4 8;
    %jmp/0xz  T_67.34, 8;
    %load/vec4 v0x12584a660_0;
    %store/vec4 v0x12584c720_0, 0, 32;
    %jmp T_67.35;
T_67.34 ;
    %load/vec4 v0x12584a980_0;
    %flag_set/vec4 8;
    %jmp/0xz  T_67.36, 8;
    %load/vec4 v0x12584a8d0_0;
    %store/vec4 v0x12584c720_0, 0, 32;
    %jmp T_67.37;
T_67.36 ;
    %load/vec4 v0x12584c490_0;
    %flag_set/vec4 8;
    %jmp/0xz  T_67.38, 8;
    %load/vec4 v0x12584c3e0_0;
    %store/vec4 v0x12584c720_0, 0, 32;
    %jmp T_67.39;
T_67.38 ;
    %load/vec4 v0x12584c5e0_0;
    %flag_set/vec4 8;
    %jmp/0xz  T_67.40, 8;
    %load/vec4 v0x12584c530_0;
    %store/vec4 v0x12584c720_0, 0, 32;
    %jmp T_67.41;
T_67.40 ;
    %load/vec4 v0x12584ac80_0;
    %flag_set/vec4 8;
    %jmp/0xz  T_67.42, 8;
    %load/vec4 v0x12584abd0_0;
    %store/vec4 v0x12584c720_0, 0, 32;
    %jmp T_67.43;
T_67.42 ;
    %load/vec4 v0x12584a830_0;
    %flag_set/vec4 8;
    %jmp/0xz  T_67.44, 8;
    %load/vec4 v0x12584a780_0;
    %store/vec4 v0x12584c720_0, 0, 32;
    %jmp T_67.45;
T_67.44 ;
    %load/vec4 v0x12584a5c0_0;
    %flag_set/vec4 8;
    %jmp/0xz  T_67.46, 8;
    %load/vec4 v0x12584a500_0;
    %store/vec4 v0x12584c720_0, 0, 32;
T_67.46 ;
T_67.45 ;
T_67.43 ;
T_67.41 ;
T_67.39 ;
T_67.37 ;
T_67.35 ;
T_67.33 ;
T_67.31 ;
T_67.29 ;
T_67.27 ;
T_67.25 ;
T_67.23 ;
T_67.21 ;
T_67.19 ;
T_67.17 ;
T_67.15 ;
T_67.13 ;
T_67.11 ;
T_67.9 ;
T_67.7 ;
T_67.5 ;
T_67.3 ;
T_67.1 ;
    %jmp T_67;
    .thread T_67, $push;
    .scope S_0x12562c870;
T_68 ;
    %wait E_0x12566cd80;
    %load/vec4 v0x1256389f0_0;
    %flag_set/vec4 8;
    %jmp/0xz  T_68.0, 8;
    %pushi/vec4 0, 0, 8;
    %assign/vec4 v0x12562b160_0, 0;
    %jmp T_68.1;
T_68.0 ;
    %load/vec4 v0x12562a130_0;
    %flag_set/vec4 8;
    %jmp/0xz  T_68.2, 8;
    %pushi/vec4 76, 0, 8;
    %assign/vec4 v0x12562b160_0, 0;
    %jmp T_68.3;
T_68.2 ;
    %load/vec4 v0x125806510_0;
    %assign/vec4 v0x12562b160_0, 0;
T_68.3 ;
T_68.1 ;
    %jmp T_68;
    .thread T_68;
    .scope S_0x12562c870;
T_69 ;
    %wait E_0x12566c1c0;
    %load/vec4 v0x12562b160_0;
    %store/vec4 v0x125806510_0, 0, 8;
    %load/vec4 v0x12562b160_0;
    %dup/vec4;
    %pushi/vec4 0, 0, 8;
    %cmp/u;
    %jmp/1 T_69.0, 6;
    %dup/vec4;
    %pushi/vec4 1, 0, 8;
    %cmp/u;
    %jmp/1 T_69.1, 6;
    %dup/vec4;
    %pushi/vec4 2, 0, 8;
    %cmp/u;
    %jmp/1 T_69.2, 6;
    %dup/vec4;
    %pushi/vec4 3, 0, 8;
    %cmp/u;
    %jmp/1 T_69.3, 6;
    %dup/vec4;
    %pushi/vec4 4, 0, 8;
    %cmp/u;
    %jmp/1 T_69.4, 6;
    %dup/vec4;
    %pushi/vec4 5, 0, 8;
    %cmp/u;
    %jmp/1 T_69.5, 6;
    %dup/vec4;
    %pushi/vec4 6, 0, 8;
    %cmp/u;
    %jmp/1 T_69.6, 6;
    %dup/vec4;
    %pushi/vec4 76, 0, 8;
    %cmp/u;
    %jmp/1 T_69.7, 6;
    %pushi/vec4 0, 0, 8;
    %store/vec4 v0x125806510_0, 0, 8;
    %jmp T_69.9;
T_69.0 ;
    %pushi/vec4 1, 0, 8;
    %store/vec4 v0x125806510_0, 0, 8;
    %jmp T_69.9;
T_69.1 ;
    %pushi/vec4 2, 0, 8;
    %store/vec4 v0x125806510_0, 0, 8;
    %jmp T_69.9;
T_69.2 ;
    %pushi/vec4 3, 0, 8;
    %store/vec4 v0x125806510_0, 0, 8;
    %jmp T_69.9;
T_69.3 ;
    %load/vec4 v0x12568ea70_0;
    %parti/s 5, 27, 6;
    %cmpi/e 5, 0, 5;
    %jmp/0xz  T_69.10, 4;
    %pushi/vec4 4, 0, 8;
    %store/vec4 v0x125806510_0, 0, 8;
    %jmp T_69.11;
T_69.10 ;
    %pushi/vec4 0, 0, 8;
    %store/vec4 v0x125806510_0, 0, 8;
T_69.11 ;
    %jmp T_69.9;
T_69.4 ;
    %pushi/vec4 5, 0, 8;
    %store/vec4 v0x125806510_0, 0, 8;
    %jmp T_69.9;
T_69.5 ;
    %pushi/vec4 6, 0, 8;
    %store/vec4 v0x125806510_0, 0, 8;
    %jmp T_69.9;
T_69.6 ;
    %pushi/vec4 1, 0, 8;
    %store/vec4 v0x125806510_0, 0, 8;
    %jmp T_69.9;
T_69.7 ;
    %pushi/vec4 76, 0, 8;
    %store/vec4 v0x125806510_0, 0, 8;
    %jmp T_69.9;
T_69.9 ;
    %pop/vec4 1;
    %jmp T_69;
    .thread T_69, $push;
    .scope S_0x12562c870;
T_70 ;
    %wait E_0x12566c240;
    %pushi/vec4 0, 0, 1;
    %store/vec4 v0x1256270d0_0, 0, 1;
    %pushi/vec4 0, 0, 1;
    %store/vec4 v0x12562e200_0, 0, 1;
    %pushi/vec4 0, 0, 1;
    %store/vec4 v0x12562d1d0_0, 0, 1;
    %pushi/vec4 0, 0, 1;
    %store/vec4 v0x125635e30_0, 0, 1;
    %pushi/vec4 0, 0, 1;
    %store/vec4 v0x12562c1a0_0, 0, 1;
    %pushi/vec4 0, 0, 1;
    %store/vec4 v0x1256396c0_0, 0, 1;
    %pushi/vec4 0, 0, 1;
    %store/vec4 v0x12564a2c0_0, 0, 1;
    %pushi/vec4 0, 0, 1;
    %store/vec4 v0x12562f230_0, 0, 1;
    %pushi/vec4 0, 0, 1;
    %store/vec4 v0x1257a5c40_0, 0, 1;
    %pushi/vec4 0, 0, 1;
    %store/vec4 v0x125631290_0, 0, 1;
    %pushi/vec4 0, 0, 1;
    %store/vec4 v0x13578fb50_0, 0, 1;
    %pushi/vec4 0, 0, 1;
    %store/vec4 v0x125761490_0, 0, 1;
    %pushi/vec4 0, 0, 1;
    %store/vec4 v0x1256d3440_0, 0, 1;
    %pushi/vec4 0, 0, 1;
    %store/vec4 v0x12571bc70_0, 0, 1;
    %pushi/vec4 0, 0, 1;
    %store/vec4 v0x125624150_0, 0, 1;
    %pushi/vec4 0, 0, 1;
    %store/vec4 v0x135706020_0, 0, 1;
    %pushi/vec4 0, 0, 1;
    %store/vec4 v0x125626110_0, 0, 1;
    %pushi/vec4 0, 0, 1;
    %store/vec4 v0x135756740_0, 0, 1;
    %pushi/vec4 0, 0, 1;
    %store/vec4 v0x135753330_0, 0, 1;
    %pushi/vec4 0, 0, 1;
    %store/vec4 v0x135768a50_0, 0, 1;
    %pushi/vec4 0, 0, 1;
    %store/vec4 v0x1256332f0_0, 0, 1;
    %pushi/vec4 0, 0, 1;
    %store/vec4 v0x1256322c0_0, 0, 1;
    %pushi/vec4 0, 0, 1;
    %store/vec4 v0x135705720_0, 0, 1;
    %pushi/vec4 0, 0, 1;
    %store/vec4 v0x125635180_0, 0, 1;
    %pushi/vec4 0, 0, 1;
    %store/vec4 v0x125622280_0, 0, 1;
    %pushi/vec4 0, 0, 1;
    %store/vec4 v0x125636e10_0, 0, 1;
    %pushi/vec4 0, 0, 1;
    %store/vec4 v0x1257ea700_0, 0, 1;
    %pushi/vec4 1, 0, 1;
    %store/vec4 v0x125630260_0, 0, 1;
    %pushi/vec4 0, 0, 1;
    %store/vec4 v0x125625120_0, 0, 1;
    %load/vec4 v0x12562b160_0;
    %dup/vec4;
    %pushi/vec4 0, 0, 8;
    %cmp/u;
    %jmp/1 T_70.0, 6;
    %dup/vec4;
    %pushi/vec4 1, 0, 8;
    %cmp/u;
    %jmp/1 T_70.1, 6;
    %dup/vec4;
    %pushi/vec4 2, 0, 8;
    %cmp/u;
    %jmp/1 T_70.2, 6;
    %dup/vec4;
    %pushi/vec4 3, 0, 8;
    %cmp/u;
    %jmp/1 T_70.3, 6;
    %dup/vec4;
    %pushi/vec4 4, 0, 8;
    %cmp/u;
    %jmp/1 T_70.4, 6;
    %dup/vec4;
    %pushi/vec4 5, 0, 8;
    %cmp/u;
    %jmp/1 T_70.5, 6;
    %dup/vec4;
    %pushi/vec4 6, 0, 8;
    %cmp/u;
    %jmp/1 T_70.6, 6;
    %dup/vec4;
    %pushi/vec4 76, 0, 8;
    %cmp/u;
    %jmp/1 T_70.7, 6;
    %jmp T_70.9;
T_70.0 ;
    %jmp T_70.9;
T_70.1 ;
    %pushi/vec4 1, 0, 1;
    %store/vec4 v0x1256270d0_0, 0, 1;
    %pushi/vec4 1, 0, 1;
    %store/vec4 v0x125635e30_0, 0, 1;
    %jmp T_70.9;
T_70.2 ;
    %pushi/vec4 1, 0, 1;
    %store/vec4 v0x1256396c0_0, 0, 1;
    %pushi/vec4 1, 0, 1;
    %store/vec4 v0x125631290_0, 0, 1;
    %jmp T_70.9;
T_70.3 ;
    %pushi/vec4 1, 0, 1;
    %store/vec4 v0x12562d1d0_0, 0, 1;
    %pushi/vec4 1, 0, 1;
    %store/vec4 v0x12564a2c0_0, 0, 1;
    %pushi/vec4 1, 0, 1;
    %store/vec4 v0x12562c1a0_0, 0, 1;
    %pushi/vec4 1, 0, 1;
    %store/vec4 v0x1257a5c40_0, 0, 1;
    %jmp T_70.9;
T_70.4 ;
    %pushi/vec4 1, 0, 1;
    %store/vec4 v0x135753330_0, 0, 1;
    %pushi/vec4 1, 0, 1;
    %store/vec4 v0x1256322c0_0, 0, 1;
    %pushi/vec4 1, 0, 1;
    %store/vec4 v0x12562f230_0, 0, 1;
    %jmp T_70.9;
T_70.5 ;
    %pushi/vec4 1, 0, 1;
    %store/vec4 v0x135768a50_0, 0, 1;
    %pushi/vec4 1, 0, 1;
    %store/vec4 v0x1256322c0_0, 0, 1;
    %pushi/vec4 1, 0, 1;
    %store/vec4 v0x125624150_0, 0, 1;
    %jmp T_70.9;
T_70.6 ;
    %pushi/vec4 1, 0, 1;
    %store/vec4 v0x125625120_0, 0, 1;
    %pushi/vec4 1, 0, 1;
    %store/vec4 v0x135756740_0, 0, 1;
    %pushi/vec4 1, 0, 1;
    %store/vec4 v0x1256332f0_0, 0, 1;
    %jmp T_70.9;
T_70.7 ;
    %pushi/vec4 0, 0, 1;
    %store/vec4 v0x125630260_0, 0, 1;
    %jmp T_70.9;
T_70.9 ;
    %pop/vec4 1;
    %jmp T_70;
    .thread T_70, $push;
    .scope S_0x125635490;
T_71 ;
    %pushi/vec4 0, 0, 4;
    %store/vec4 v0x125864280_0, 0, 4;
    %end;
    .thread T_71;
    .scope S_0x125635490;
T_72 ;
    %pushi/vec4 0, 0, 1;
    %store/vec4 v0x125863410_0, 0, 1;
T_72.0 ;
    %delay 1000, 0;
    %load/vec4 v0x125863410_0;
    %inv;
    %store/vec4 v0x125863410_0, 0, 1;
    %jmp T_72.0;
    %end;
    .thread T_72;
    .scope S_0x125635490;
T_73 ;
    %wait E_0x12584dd20;
    %load/vec4 v0x125864280_0;
    %dup/vec4;
    %pushi/vec4 0, 0, 4;
    %cmp/u;
    %jmp/1 T_73.0, 6;
    %dup/vec4;
    %pushi/vec4 1, 0, 4;
    %cmp/u;
    %jmp/1 T_73.1, 6;
    %dup/vec4;
    %pushi/vec4 2, 0, 4;
    %cmp/u;
    %jmp/1 T_73.2, 6;
    %dup/vec4;
    %pushi/vec4 3, 0, 4;
    %cmp/u;
    %jmp/1 T_73.3, 6;
    %dup/vec4;
    %pushi/vec4 4, 0, 4;
    %cmp/u;
    %jmp/1 T_73.4, 6;
    %dup/vec4;
    %pushi/vec4 5, 0, 4;
    %cmp/u;
    %jmp/1 T_73.5, 6;
    %dup/vec4;
    %pushi/vec4 6, 0, 4;
    %cmp/u;
    %jmp/1 T_73.6, 6;
    %dup/vec4;
    %pushi/vec4 7, 0, 4;
    %cmp/u;
    %jmp/1 T_73.7, 6;
    %dup/vec4;
    %pushi/vec4 8, 0, 4;
    %cmp/u;
    %jmp/1 T_73.8, 6;
    %dup/vec4;
    %pushi/vec4 9, 0, 4;
    %cmp/u;
    %jmp/1 T_73.9, 6;
    %jmp T_73.10;
T_73.0 ;
    %pushi/vec4 1, 0, 4;
    %store/vec4 v0x125864280_0, 0, 4;
    %jmp T_73.10;
T_73.1 ;
    %pushi/vec4 2, 0, 4;
    %store/vec4 v0x125864280_0, 0, 4;
    %jmp T_73.10;
T_73.2 ;
    %pushi/vec4 3, 0, 4;
    %store/vec4 v0x125864280_0, 0, 4;
    %jmp T_73.10;
T_73.3 ;
    %pushi/vec4 4, 0, 4;
    %store/vec4 v0x125864280_0, 0, 4;
    %jmp T_73.10;
T_73.4 ;
    %pushi/vec4 5, 0, 4;
    %store/vec4 v0x125864280_0, 0, 4;
    %jmp T_73.10;
T_73.5 ;
    %pushi/vec4 6, 0, 4;
    %store/vec4 v0x125864280_0, 0, 4;
    %jmp T_73.10;
T_73.6 ;
    %pushi/vec4 7, 0, 4;
    %store/vec4 v0x125864280_0, 0, 4;
    %jmp T_73.10;
T_73.7 ;
    %pushi/vec4 8, 0, 4;
    %store/vec4 v0x125864280_0, 0, 4;
    %jmp T_73.10;
T_73.8 ;
    %pushi/vec4 9, 0, 4;
    %store/vec4 v0x125864280_0, 0, 4;
    %jmp T_73.10;
T_73.9 ;
    %pushi/vec4 10, 0, 4;
    %store/vec4 v0x125864280_0, 0, 4;
    %jmp T_73.10;
T_73.10 ;
    %pop/vec4 1;
    %jmp T_73;
    .thread T_73;
    .scope S_0x125635490;
T_74 ;
    %wait E_0x1256f5340;
    %load/vec4 v0x125864280_0;
    %dup/vec4;
    %pushi/vec4 0, 0, 4;
    %cmp/u;
    %jmp/1 T_74.0, 6;
    %dup/vec4;
    %pushi/vec4 1, 0, 4;
    %cmp/u;
    %jmp/1 T_74.1, 6;
    %dup/vec4;
    %pushi/vec4 2, 0, 4;
    %cmp/u;
    %jmp/1 T_74.2, 6;
    %dup/vec4;
    %pushi/vec4 3, 0, 4;
    %cmp/u;
    %jmp/1 T_74.3, 6;
    %dup/vec4;
    %pushi/vec4 4, 0, 4;
    %cmp/u;
    %jmp/1 T_74.4, 6;
    %dup/vec4;
    %pushi/vec4 5, 0, 4;
    %cmp/u;
    %jmp/1 T_74.5, 6;
    %dup/vec4;
    %pushi/vec4 6, 0, 4;
    %cmp/u;
    %jmp/1 T_74.6, 6;
    %dup/vec4;
    %pushi/vec4 7, 0, 4;
    %cmp/u;
    %jmp/1 T_74.7, 6;
    %dup/vec4;
    %pushi/vec4 8, 0, 4;
    %cmp/u;
    %jmp/1 T_74.8, 6;
    %dup/vec4;
    %pushi/vec4 9, 0, 4;
    %cmp/u;
    %jmp/1 T_74.9, 6;
    %dup/vec4;
    %pushi/vec4 10, 0, 4;
    %cmp/u;
    %jmp/1 T_74.10, 6;
    %jmp T_74.11;
T_74.0 ;
    %pushi/vec4 0, 0, 1;
    %assign/vec4 v0x1258641b0_0, 0;
    %pushi/vec4 0, 0, 1;
    %assign/vec4 v0x1258649a0_0, 0;
    %pushi/vec4 0, 0, 1;
    %assign/vec4 v0x125863d60_0, 0;
    %pushi/vec4 0, 0, 1;
    %assign/vec4 v0x1258637b0_0, 0;
    %pushi/vec4 0, 0, 1;
    %assign/vec4 v0x125863b30_0, 0;
    %pushi/vec4 0, 0, 1;
    %assign/vec4 v0x125864840_0, 0;
    %pushi/vec4 0, 0, 1;
    %assign/vec4 v0x1258634a0_0, 0;
    %pushi/vec4 0, 0, 1;
    %assign/vec4 v0x125863990_0, 0;
    %pushi/vec4 0, 0, 1;
    %assign/vec4 v0x125863a60_0, 0;
    %pushi/vec4 0, 0, 1;
    %assign/vec4 v0x1258636e0_0, 0;
    %pushi/vec4 0, 0, 1;
    %assign/vec4 v0x125863bc0_0, 0;
    %pushi/vec4 0, 0, 1;
    %assign/vec4 v0x125864910_0, 0;
    %pushi/vec4 0, 0, 1;
    %assign/vec4 v0x1258640e0_0, 0;
    %pushi/vec4 0, 0, 1;
    %assign/vec4 v0x125863c90_0, 0;
    %pushi/vec4 0, 0, 1;
    %assign/vec4 v0x1258638c0_0, 0;
    %pushi/vec4 0, 0, 1;
    %assign/vec4 v0x125864770_0, 0;
    %pushi/vec4 0, 0, 1;
    %assign/vec4 v0x125864e60_0, 0;
    %pushi/vec4 0, 0, 1;
    %assign/vec4 v0x125864470_0, 0;
    %pushi/vec4 0, 0, 1;
    %assign/vec4 v0x1258646e0_0, 0;
    %pushi/vec4 0, 0, 5;
    %assign/vec4 v0x125864a70_0, 0;
    %pushi/vec4 0, 0, 1;
    %assign/vec4 v0x125863380_0, 0;
    %pushi/vec4 0, 0, 1;
    %assign/vec4 v0x125864310_0, 0;
    %pushi/vec4 0, 0, 1;
    %assign/vec4 v0x1258643a0_0, 0;
    %pushi/vec4 0, 0, 1;
    %assign/vec4 v0x125864050_0, 0;
    %pushi/vec4 0, 0, 1;
    %assign/vec4 v0x125863530_0, 0;
    %pushi/vec4 0, 0, 1;
    %assign/vec4 v0x1258635c0_0, 0;
    %pushi/vec4 0, 0, 1;
    %assign/vec4 v0x125863650_0, 0;
    %pushi/vec4 0, 0, 1;
    %assign/vec4 v0x125864540_0, 0;
    %pushi/vec4 0, 0, 1;
    %assign/vec4 v0x125864610_0, 0;
    %pushi/vec4 0, 0, 1;
    %assign/vec4 v0x125637220_0, 0;
    %pushi/vec4 0, 0, 16;
    %assign/vec4 v0x125863f00_0, 0;
    %pushi/vec4 0, 0, 16;
    %assign/vec4 v0x125864dd0_0, 0;
    %pushi/vec4 0, 0, 32;
    %assign/vec4 v0x125863e30_0, 0;
    %pushi/vec4 0, 0, 32;
    %assign/vec4 v0x125863fc0_0, 0;
    %pushi/vec4 0, 0, 32;
    %store/vec4 v0x125864d00_0, 0, 32;
    %jmp T_74.11;
T_74.1 ;
    %pushi/vec4 0, 0, 32;
    %assign/vec4 v0x125863fc0_0, 0;
    %pushi/vec4 1, 0, 1;
    %assign/vec4 v0x125864050_0, 0;
    %pushi/vec4 1, 0, 1;
    %assign/vec4 v0x1258641b0_0, 0;
    %pushi/vec4 19, 0, 5;
    %assign/vec4 v0x125864a70_0, 0;
    %delay 500, 0;
    %pushi/vec4 1, 0, 1;
    %assign/vec4 v0x125864910_0, 0;
    %pushi/vec4 1, 0, 1;
    %assign/vec4 v0x125863bc0_0, 0;
    %delay 1000, 0;
    %pushi/vec4 0, 0, 1;
    %assign/vec4 v0x1258641b0_0, 0;
    %pushi/vec4 0, 0, 1;
    %assign/vec4 v0x125864050_0, 0;
    %delay 500, 0;
    %pushi/vec4 0, 0, 1;
    %assign/vec4 v0x125864910_0, 0;
    %pushi/vec4 0, 0, 5;
    %assign/vec4 v0x125864a70_0, 0;
    %pushi/vec4 0, 0, 1;
    %assign/vec4 v0x125863bc0_0, 0;
    %jmp T_74.11;
T_74.2 ;
    %pushi/vec4 1, 0, 1;
    %assign/vec4 v0x125864470_0, 0;
    %pushi/vec4 1, 0, 1;
    %assign/vec4 v0x1258649a0_0, 0;
    %delay 500, 0;
    %pushi/vec4 1, 0, 1;
    %assign/vec4 v0x125864310_0, 0;
    %pushi/vec4 1, 0, 1;
    %assign/vec4 v0x1258640e0_0, 0;
    %pushi/vec4 1, 0, 1;
    %assign/vec4 v0x125863c90_0, 0;
    %delay 500, 0;
    %delay 500, 0;
    %pushi/vec4 0, 0, 1;
    %assign/vec4 v0x1258649a0_0, 0;
    %pushi/vec4 0, 0, 1;
    %assign/vec4 v0x125864310_0, 0;
    %delay 500, 0;
    %pushi/vec4 0, 0, 1;
    %assign/vec4 v0x1258641b0_0, 0;
    %pushi/vec4 0, 0, 1;
    %assign/vec4 v0x125864470_0, 0;
    %pushi/vec4 0, 0, 1;
    %assign/vec4 v0x1258640e0_0, 0;
    %pushi/vec4 0, 0, 1;
    %assign/vec4 v0x125863c90_0, 0;
    %jmp T_74.11;
T_74.3 ;
    %pushi/vec4 1, 0, 1;
    %assign/vec4 v0x125863d60_0, 0;
    %delay 500, 0;
    %pushi/vec4 1, 0, 1;
    %assign/vec4 v0x1258638c0_0, 0;
    %delay 1000, 0;
    %pushi/vec4 0, 0, 1;
    %assign/vec4 v0x125863d60_0, 0;
    %delay 500, 0;
    %pushi/vec4 0, 0, 1;
    %assign/vec4 v0x1258638c0_0, 0;
    %jmp T_74.11;
T_74.4 ;
    %pushi/vec4 1, 0, 1;
    %assign/vec4 v0x1258635c0_0, 0;
    %pushi/vec4 1, 0, 1;
    %assign/vec4 v0x125637220_0, 0;
    %delay 500, 0;
    %pushi/vec4 1, 0, 1;
    %assign/vec4 v0x125864770_0, 0;
    %delay 500, 0;
    %pushi/vec4 0, 0, 1;
    %assign/vec4 v0x1258635c0_0, 0;
    %delay 1000, 0;
    %pushi/vec4 0, 0, 1;
    %assign/vec4 v0x125864770_0, 0;
    %pushi/vec4 0, 0, 1;
    %assign/vec4 v0x125637220_0, 0;
    %jmp T_74.11;
T_74.5 ;
    %pushi/vec4 1, 0, 1;
    %assign/vec4 v0x1258634a0_0, 0;
    %pushi/vec4 3, 0, 5;
    %assign/vec4 v0x125864a70_0, 0;
    %delay 500, 0;
    %pushi/vec4 1, 0, 1;
    %assign/vec4 v0x125864910_0, 0;
    %delay 1500, 0;
    %pushi/vec4 0, 0, 1;
    %assign/vec4 v0x125864910_0, 0;
    %pushi/vec4 0, 0, 1;
    %assign/vec4 v0x1258634a0_0, 0;
    %jmp T_74.11;
T_74.6 ;
    %pushi/vec4 1, 0, 1;
    %assign/vec4 v0x1258649a0_0, 0;
    %delay 500, 0;
    %pushi/vec4 1, 0, 1;
    %assign/vec4 v0x125864540_0, 0;
    %pushi/vec4 1, 0, 1;
    %assign/vec4 v0x125863530_0, 0;
    %delay 1000, 0;
    %pushi/vec4 0, 0, 1;
    %assign/vec4 v0x1258649a0_0, 0;
    %delay 500, 0;
    %pushi/vec4 0, 0, 1;
    %assign/vec4 v0x125864540_0, 0;
    %pushi/vec4 0, 0, 1;
    %assign/vec4 v0x125863530_0, 0;
    %jmp T_74.11;
T_74.7 ;
    %pushi/vec4 1, 0, 1;
    %assign/vec4 v0x1258641b0_0, 0;
    %pushi/vec4 19, 0, 5;
    %assign/vec4 v0x125864a70_0, 0;
    %pushi/vec4 1, 0, 1;
    %assign/vec4 v0x125863bc0_0, 0;
    %delay 500, 0;
    %pushi/vec4 1, 0, 1;
    %assign/vec4 v0x125864910_0, 0;
    %pushi/vec4 1, 0, 1;
    %assign/vec4 v0x125863bc0_0, 0;
    %delay 1000, 0;
    %pushi/vec4 0, 0, 1;
    %assign/vec4 v0x1258641b0_0, 0;
    %delay 500, 0;
    %pushi/vec4 0, 0, 1;
    %assign/vec4 v0x125863bc0_0, 0;
    %pushi/vec4 0, 0, 1;
    %assign/vec4 v0x125864910_0, 0;
    %pushi/vec4 0, 0, 5;
    %assign/vec4 v0x125864a70_0, 0;
    %jmp T_74.11;
T_74.8 ;
    %pushi/vec4 1, 0, 1;
    %assign/vec4 v0x125864310_0, 0;
    %pushi/vec4 1, 0, 1;
    %assign/vec4 v0x1258649a0_0, 0;
    %delay 500, 0;
    %pushi/vec4 1, 0, 1;
    %assign/vec4 v0x125864470_0, 0;
    %pushi/vec4 1, 0, 1;
    %assign/vec4 v0x1258640e0_0, 0;
    %pushi/vec4 1, 0, 1;
    %assign/vec4 v0x125863c90_0, 0;
    %delay 500, 0;
    %delay 500, 0;
    %pushi/vec4 0, 0, 1;
    %assign/vec4 v0x1258649a0_0, 0;
    %pushi/vec4 0, 0, 1;
    %assign/vec4 v0x125864310_0, 0;
    %delay 500, 0;
    %pushi/vec4 0, 0, 1;
    %assign/vec4 v0x1258641b0_0, 0;
    %pushi/vec4 0, 0, 1;
    %assign/vec4 v0x125864470_0, 0;
    %pushi/vec4 0, 0, 1;
    %assign/vec4 v0x1258640e0_0, 0;
    %pushi/vec4 0, 0, 1;
    %assign/vec4 v0x125863c90_0, 0;
    %jmp T_74.11;
T_74.9 ;
    %pushi/vec4 1, 0, 1;
    %assign/vec4 v0x125863d60_0, 0;
    %delay 500, 0;
    %pushi/vec4 1, 0, 1;
    %assign/vec4 v0x125863bc0_0, 0;
    %pushi/vec4 1, 0, 1;
    %assign/vec4 v0x1258638c0_0, 0;
    %delay 1000, 0;
    %pushi/vec4 0, 0, 1;
    %assign/vec4 v0x125863d60_0, 0;
    %delay 500, 0;
    %pushi/vec4 0, 0, 1;
    %assign/vec4 v0x125863bc0_0, 0;
    %pushi/vec4 0, 0, 1;
    %assign/vec4 v0x1258638c0_0, 0;
    %pushi/vec4 255, 0, 32;
    %store/vec4 v0x125864d00_0, 0, 32;
    %jmp T_74.11;
T_74.10 ;
    %pushi/vec4 1, 0, 1;
    %assign/vec4 v0x125863990_0, 0;
    %delay 500, 0;
    %pushi/vec4 1, 0, 1;
    %assign/vec4 v0x125863530_0, 0;
    %pushi/vec4 1, 0, 1;
    %assign/vec4 v0x125864540_0, 0;
    %delay 500, 0;
    %pushi/vec4 0, 0, 1;
    %assign/vec4 v0x125863990_0, 0;
    %delay 1000, 0;
    %pushi/vec4 0, 0, 1;
    %assign/vec4 v0x125863990_0, 0;
    %pushi/vec4 0, 0, 1;
    %assign/vec4 v0x125863530_0, 0;
    %pushi/vec4 0, 0, 1;
    %assign/vec4 v0x125864540_0, 0;
    %jmp T_74.11;
T_74.11 ;
    %pop/vec4 1;
    %jmp T_74;
    .thread T_74, $push;
    .scope S_0x125635490;
T_75 ;
    %vpi_call 2 165 "$dumpfile", "in_out_tb.vcd" {0 0 0};
    %vpi_call 2 166 "$dumpvars" {0 0 0};
    %end;
    .thread T_75;
    .scope S_0x125635490;
T_76 ;
    %delay 50000, 0;
    %vpi_call 2 172 "$display", "Simulation complete." {0 0 0};
    %vpi_call 2 173 "$finish" {0 0 0};
    %end;
    .thread T_76;
# The file index is used to find the file name in the following table.
:file_names 31;
    "N/A";
    "<interactive>";
    "in_out_tb.v";
    "DataPath.v";
    "control_unit.v";
    "ALU.v";
    "collective_add.v";
    "adder.v";
    "and_op.v";
    "non_restore_div.v";
    "boothMul.v";
    "neg.v";
    "not_op.v";
    "or_op.v";
    "rol.v";
    "ror.v";
    "shl.v";
    "shr.v";
    "shra.v";
    "subtract.v";
    "Bus.v";
    "conFF.v";
    "register.v";
    "In_port.v";
    "MAR.v";
    "MDR.v";
    "Out_port.v";
    "PC.v";
    "RAM.v";
    "R0.v";
    "Select_Encode.v";
