#! /opt/homebrew/Cellar/icarus-verilog/12.0/bin/vvp
:ivl_version "12.0 (stable)";
:ivl_delay_selection "TYPICAL";
:vpi_time_precision - 11;
:vpi_module "/opt/homebrew/Cellar/icarus-verilog/12.0/lib/ivl/system.vpi";
:vpi_module "/opt/homebrew/Cellar/icarus-verilog/12.0/lib/ivl/vhdl_sys.vpi";
:vpi_module "/opt/homebrew/Cellar/icarus-verilog/12.0/lib/ivl/vhdl_textio.vpi";
:vpi_module "/opt/homebrew/Cellar/icarus-verilog/12.0/lib/ivl/v2005_math.vpi";
:vpi_module "/opt/homebrew/Cellar/icarus-verilog/12.0/lib/ivl/va_math.vpi";
S_0x14f60ec30 .scope module, "ldi_tb" "ldi_tb" 2 2;
 .timescale -9 -11;
P_0x14f61c4a0 .param/l "Default" 0 2 15, C4<0000>;
P_0x14f61c4e0 .param/l "Reg_load1a" 0 2 15, C4<0001>;
P_0x14f61c520 .param/l "Reg_load1b" 0 2 15, C4<0010>;
P_0x14f61c560 .param/l "Reg_load1c" 0 2 15, C4<0011>;
P_0x14f61c5a0 .param/l "Reg_load1d" 0 2 16, C4<0100>;
P_0x14f61c5e0 .param/l "Reg_load1e" 0 2 16, C4<0101>;
P_0x14f61c620 .param/l "Reg_load1f" 0 2 16, C4<0110>;
P_0x14f61c660 .param/l "T0" 0 2 16, C4<0111>;
P_0x14f61c6a0 .param/l "T1" 0 2 17, C4<1000>;
P_0x14f61c6e0 .param/l "T2" 0 2 17, C4<1001>;
P_0x14f61c720 .param/l "T3" 0 2 17, C4<1010>;
P_0x14f61c760 .param/l "T4" 0 2 17, C4<1011>;
P_0x14f61c7a0 .param/l "T5" 0 2 17, C4<1100>;
P_0x14f61c7e0 .param/l "T6" 0 2 17, C4<1101>;
P_0x14f61c820 .param/l "T7" 0 2 18, C4<1110>;
v0x14f60dc80_0 .var "BAout", 0 0;
v0x14f60dd10_0 .var "Clear", 0 0;
v0x14f6a0ac0_0 .var "Clock", 0 0;
v0x14f6a0b50_0 .var "Cout", 0 0;
v0x14f6a0be0_0 .var "Gra", 0 0;
v0x14f6a0cb0_0 .var "Grb", 0 0;
v0x14f6a0d40_0 .var "Grc", 0 0;
v0x14f6a0dd0_0 .var "HIin", 0 0;
v0x14f6a0e60_0 .var "HIout", 0 0;
v0x14f6a0f70_0 .var "IRin", 0 0;
v0x14f6a1000_0 .var "In_Port_out", 0 0;
v0x14f6a1090_0 .var "LOin", 0 0;
v0x14f6a1120_0 .var "LOout", 0 0;
v0x14f6a11b0_0 .var "MARin", 0 0;
v0x14f6a1240_0 .var "MDRin", 0 0;
v0x14f6a12d0_0 .var "MDRout", 0 0;
v0x14f6a1370_0 .var "Mdatain", 31 0;
v0x14f6a1520_0 .var "PC", 31 0;
v0x14f6a15b0_0 .var "PC_tb_enable", 0 0;
v0x14f6a1640_0 .var "PCin", 0 0;
v0x14f6a16d0_0 .var "PCout", 0 0;
v0x14f6a1760_0 .var "Present_state", 3 0;
v0x14f6a17f0_0 .var "RAM_read", 0 0;
v0x14f6a1880_0 .var "RAM_write", 0 0;
v0x14f6a1910_0 .var "Read", 0 0;
v0x14f6a19a0_0 .var "Rin", 0 0;
v0x14f6a1a40_0 .var "Rout", 0 0;
v0x14f6a1ae0_0 .var "Write", 0 0;
v0x14f6a1b80_0 .var "Yin", 0 0;
v0x14f6a1c20_0 .var "Z_high_out", 0 0;
v0x14f6a1cc0_0 .var "Zin", 0 0;
v0x14f6a1d60_0 .var "Zlowout", 0 0;
v0x14f6a1e00_0 .var "control", 4 0;
v0x14f6a1420_0 .var "in_enable", 15 0;
v0x14f6a2090_0 .var "out_enable", 15 0;
E_0x14f60e350 .event anyedge, v0x14f6a1760_0;
S_0x14f60f5a0 .scope module, "DUT" "DataPath" 2 21, 3 1 0, S_0x14f60ec30;
 .timescale -9 -11;
    .port_info 0 /INPUT 1 "Clock";
    .port_info 1 /INPUT 1 "Clear";
    .port_info 2 /INPUT 1 "Zin";
    .port_info 3 /INPUT 1 "PCin";
    .port_info 4 /INPUT 1 "MDRin";
    .port_info 5 /INPUT 1 "IRin";
    .port_info 6 /INPUT 1 "Yin";
    .port_info 7 /INPUT 1 "MARin";
    .port_info 8 /INPUT 1 "LOin";
    .port_info 9 /INPUT 1 "HIin";
    .port_info 10 /INPUT 1 "Read";
    .port_info 11 /INPUT 32 "Mdatain";
    .port_info 12 /INPUT 32 "input_port_unit";
    .port_info 13 /INPUT 5 "control";
    .port_info 14 /INPUT 1 "PCout";
    .port_info 15 /INPUT 1 "MDRout";
    .port_info 16 /INPUT 1 "HIout";
    .port_info 17 /INPUT 1 "LOout";
    .port_info 18 /INPUT 1 "Z_high_out";
    .port_info 19 /INPUT 1 "Z_low_out";
    .port_info 20 /INPUT 1 "In_Port_out";
    .port_info 21 /INPUT 1 "Cout";
    .port_info 22 /INPUT 1 "RAM_read";
    .port_info 23 /INPUT 1 "RAM_write";
    .port_info 24 /INPUT 1 "output_port_in";
    .port_info 25 /INPUT 1 "Gra";
    .port_info 26 /INPUT 1 "Grb";
    .port_info 27 /INPUT 1 "Grc";
    .port_info 28 /INPUT 1 "Rin";
    .port_info 29 /INPUT 1 "Rout";
    .port_info 30 /INPUT 1 "BAout";
    .port_info 31 /INPUT 1 "PC_tb_enable";
    .port_info 32 /INPUT 1 "CONin";
    .port_info 33 /INPUT 1 "In_port";
    .port_info 34 /INPUT 1 "stop";
    .port_info 35 /INPUT 1 "Run";
    .port_info 36 /INPUT 32 "PC_tb_value";
    .port_info 37 /INPUT 1 "CON";
P_0x14f60e3f0 .param/l "DATA_WIDTH" 0 3 1, +C4<00000000000000000000000000100000>;
v0x14f69d4b0_0 .net "ALU_result", 63 0, v0x14f6876a0_0;  1 drivers
RS_0x150050010 .resolv tri, v0x14f61bde0_0, v0x14f60dc80_0;
v0x14f69d560_0 .net8 "BAout", 0 0, RS_0x150050010;  2 drivers
v0x14f69d5f0_0 .net "BusMuxIn_MDR", 31 0, v0x14f68ed00_0;  1 drivers
v0x14f69d680_0 .net "BusMuxOut", 31 0, v0x14f68ad80_0;  1 drivers
v0x14f69d710_0 .net "BusMuxOut_In_Port", 31 0, L_0x14f6a2120;  1 drivers
v0x14f69d820_0 .net "CON", 0 0, v0x14f68b840_0;  1 drivers
v0x14f69d8f0_0 .net "CONin", 0 0, v0x14f62cb00_0;  1 drivers
v0x14f69d9c0_0 .net "C_sign_extended", 31 0, v0x14f69b3a0_0;  1 drivers
v0x14f69da90_0 .net "Clear", 0 0, v0x14f60dd10_0;  1 drivers
v0x14f69dba0_0 .net "Clock", 0 0, v0x14f6a0ac0_0;  1 drivers
RS_0x1500500a0 .resolv tri, v0x14f62cbb0_0, v0x14f6a0b50_0;
v0x14f69dc30_0 .net8 "Cout", 0 0, RS_0x1500500a0;  2 drivers
v0x14f69dcc0_0 .net "Data", 31 0, v0x14f6908e0_0;  1 drivers
RS_0x1500500d0 .resolv tri, v0x14f62cc50_0, v0x14f6a0be0_0;
v0x14f69dd50_0 .net8 "Gra", 0 0, RS_0x1500500d0;  2 drivers
RS_0x150050100 .resolv tri, v0x14f62cd30_0, v0x14f6a0cb0_0;
v0x14f69de20_0 .net8 "Grb", 0 0, RS_0x150050100;  2 drivers
RS_0x150050130 .resolv tri, v0x14f62cdd0_0, v0x14f6a0d40_0;
v0x14f69def0_0 .net8 "Grc", 0 0, RS_0x150050130;  2 drivers
v0x14f69dfc0_0 .net "HI", 31 0, L_0x14f6a3f50;  1 drivers
RS_0x150050160 .resolv tri, v0x14f62ce70_0, v0x14f6a0dd0_0;
v0x14f69e090_0 .net8 "HIin", 0 0, RS_0x150050160;  2 drivers
RS_0x150050190 .resolv tri, v0x14f62cf10_0, v0x14f6a0e60_0;
v0x14f69e260_0 .net8 "HIout", 0 0, RS_0x150050190;  2 drivers
v0x14f69e2f0_0 .net "IR", 31 0, L_0x14f6a3bb0;  1 drivers
RS_0x1500501f0 .resolv tri, v0x14f62d0c0_0, v0x14f6a0f70_0;
v0x14f69e400_0 .net8 "IRin", 0 0, RS_0x1500501f0;  2 drivers
v0x14f69e490_0 .net "In_Port_out", 0 0, v0x14f6a1000_0;  1 drivers
o0x150071c10 .functor BUFZ 1, C4<z>; HiZ drive
v0x14f69e520_0 .net "In_port", 0 0, o0x150071c10;  0 drivers
v0x14f69e5b0_0 .net "LO", 31 0, L_0x14f6a3fc0;  1 drivers
RS_0x150050220 .resolv tri, v0x14f62d160_0, v0x14f6a1090_0;
v0x14f69e640_0 .net8 "LOin", 0 0, RS_0x150050220;  2 drivers
RS_0x150050250 .resolv tri, v0x14f62d200_0, v0x14f6a1120_0;
v0x14f69e710_0 .net8 "LOout", 0 0, RS_0x150050250;  2 drivers
v0x14f69e7e0_0 .net "MAR_address_out", 8 0, L_0x158d0d680;  1 drivers
RS_0x150050280 .resolv tri, v0x14f62d2a0_0, v0x14f6a11b0_0;
v0x14f69e870_0 .net8 "MARin", 0 0, RS_0x150050280;  2 drivers
RS_0x1500502b0 .resolv tri, v0x14f62d340_0, v0x14f6a1240_0;
v0x14f69e900_0 .net8 "MDRin", 0 0, RS_0x1500502b0;  2 drivers
RS_0x1500502e0 .resolv tri, v0x14f62d3e0_0, v0x14f6a12d0_0;
v0x14f69e9d0_0 .net8 "MDRout", 0 0, RS_0x1500502e0;  2 drivers
v0x14f69eaa0_0 .net "Mdatain", 31 0, v0x14f6a1370_0;  1 drivers
v0x14f69eb30_0 .net "PC", 31 0, L_0x14f6a3b40;  1 drivers
v0x14f69ec00_0 .net "PC_tb_enable", 0 0, v0x14f6a15b0_0;  1 drivers
v0x14f69ec90_0 .net "PC_tb_value", 31 0, v0x14f6a1520_0;  1 drivers
RS_0x150050310 .resolv tri, v0x14f62d480_0, v0x14f6a1640_0;
v0x14f69e120_0 .net8 "PCin", 0 0, RS_0x150050310;  2 drivers
RS_0x150050340 .resolv tri, v0x14f62d610_0, v0x14f6a16d0_0;
v0x14f69ef20_0 .net8 "PCout", 0 0, RS_0x150050340;  2 drivers
v0x14f69eff0_0 .net "R0", 31 0, L_0x14f6a22c0;  1 drivers
v0x14f69f080_0 .net "R1", 31 0, L_0x14f6a2500;  1 drivers
v0x14f69f150_0 .net "R10", 31 0, L_0x14f6a3200;  1 drivers
v0x14f69f220_0 .net "R11", 31 0, L_0x14f6a3390;  1 drivers
v0x14f69f2f0_0 .net "R12", 31 0, L_0x14f6a34c0;  1 drivers
v0x14f69f3c0_0 .net "R13", 31 0, L_0x14f6a3660;  1 drivers
v0x14f69f490_0 .net "R14", 31 0, L_0x14f6a3790;  1 drivers
v0x14f69f560_0 .net "R15", 31 0, L_0x14f6a35f0;  1 drivers
v0x14f69f630_0 .net "R2", 31 0, L_0x14f6a2630;  1 drivers
v0x14f69f700_0 .net "R3", 31 0, L_0x14f6a2820;  1 drivers
v0x14f69f7d0_0 .net "R4", 31 0, L_0x14f6a2930;  1 drivers
v0x14f69f8a0_0 .net "R5", 31 0, L_0x14f6a2ab0;  1 drivers
v0x14f69f970_0 .net "R6", 31 0, L_0x14f6a2be0;  1 drivers
v0x14f69fa40_0 .net "R7", 31 0, L_0x14f6a2780;  1 drivers
v0x14f69fb10_0 .net "R8", 31 0, L_0x14f6a2f30;  1 drivers
v0x14f69fbe0_0 .net "R9", 31 0, L_0x14f6a30d0;  1 drivers
RS_0x150050370 .resolv tri, v0x14f62d6a0_0, v0x14f6a17f0_0;
v0x14f69fcb0_0 .net8 "RAM_read", 0 0, RS_0x150050370;  2 drivers
RS_0x1500503a0 .resolv tri, v0x14f62d730_0, v0x14f6a1880_0;
v0x14f69fd80_0 .net8 "RAM_write", 0 0, RS_0x1500503a0;  2 drivers
RS_0x1500503d0 .resolv tri, v0x14f62d7c0_0, v0x14f6a1910_0;
v0x14f69fe50_0 .net8 "Read", 0 0, RS_0x1500503d0;  2 drivers
RS_0x150050400 .resolv tri, v0x14f62d860_0, v0x14f6a19a0_0;
v0x14f69ff20_0 .net8 "Rin", 0 0, RS_0x150050400;  2 drivers
RS_0x150050430 .resolv tri, v0x14f62d900_0, v0x14f6a1a40_0;
v0x14f69fff0_0 .net8 "Rout", 0 0, RS_0x150050430;  2 drivers
v0x14f6a00c0_0 .net "Run", 0 0, v0x14f62d9a0_0;  1 drivers
v0x14f6a0150_0 .net "Y", 31 0, v0x14f69c240_0;  1 drivers
RS_0x150050490 .resolv tri, v0x14f62da40_0, v0x14f6a1b80_0;
v0x14f6a01e0_0 .net8 "Yin", 0 0, RS_0x150050490;  2 drivers
v0x14f6a02b0_0 .net "Z_high", 31 0, L_0x14f6a3e40;  1 drivers
RS_0x1500504c0 .resolv tri, v0x14f62dae0_0, v0x14f6a1c20_0;
v0x14f6a0380_0 .net8 "Z_high_out", 0 0, RS_0x1500504c0;  2 drivers
v0x14f6a0450_0 .net "Z_low", 31 0, L_0x14f6a3c20;  1 drivers
RS_0x150050520 .resolv tri, v0x14f62dc20_0, v0x14f6a1d60_0;
v0x14f6a0520_0 .net8 "Z_low_out", 0 0, RS_0x150050520;  2 drivers
RS_0x1500504f0 .resolv tri, v0x14f62db80_0, v0x14f6a1cc0_0;
v0x14f6a05f0_0 .net8 "Zin", 0 0, RS_0x1500504f0;  2 drivers
RS_0x1500505b0 .resolv tri, v0x14f62de00_0, v0x14f6a1e00_0;
v0x14f6a0680_0 .net8 "control", 4 0, RS_0x1500505b0;  2 drivers
v0x14f69ed60_0 .net "in_enable", 15 0, v0x14f69b7f0_0;  1 drivers
v0x14f69edf0_0 .net "in_port_out", 0 0, v0x14f62deb0_0;  1 drivers
o0x150069690 .functor BUFZ 32, C4<zzzzzzzzzzzzzzzzzzzzzzzzzzzzzzzz>; HiZ drive
v0x14f69ee80_0 .net "input_port_unit", 31 0, o0x150069690;  0 drivers
v0x14f6a0710_0 .net "out_enable", 15 0, v0x14f69b9b0_0;  1 drivers
v0x14f6a07a0_0 .net "output_port_in", 0 0, v0x14f62d530_0;  1 drivers
v0x14f6a0870_0 .net "output_port_unit", 31 0, L_0x14f6a21b0;  1 drivers
o0x1500506a0 .functor BUFZ 1, C4<z>; HiZ drive
v0x14f6a0900_0 .net "stop", 0 0, o0x1500506a0;  0 drivers
L_0x14f6a2420 .part v0x14f69b7f0_0, 0, 1;
L_0x14f6a2570 .part v0x14f69b7f0_0, 1, 1;
L_0x14f6a26c0 .part v0x14f69b7f0_0, 2, 1;
L_0x14f6a2890 .part v0x14f69b7f0_0, 3, 1;
L_0x14f6a29c0 .part v0x14f69b7f0_0, 4, 1;
L_0x14f6a2b20 .part v0x14f69b7f0_0, 5, 1;
L_0x14f6a2c70 .part v0x14f69b7f0_0, 6, 1;
L_0x14f6a2e90 .part v0x14f69b7f0_0, 7, 1;
L_0x14f6a2fc0 .part v0x14f69b7f0_0, 8, 1;
L_0x14f6a3160 .part v0x14f69b7f0_0, 9, 1;
L_0x14f6a3270 .part v0x14f69b7f0_0, 10, 1;
L_0x14f6a3420 .part v0x14f69b7f0_0, 11, 1;
L_0x14f6a3530 .part v0x14f69b7f0_0, 12, 1;
L_0x14f6a36f0 .part v0x14f69b7f0_0, 13, 1;
L_0x14f6a3800 .part v0x14f69b7f0_0, 14, 1;
L_0x14f6a3aa0 .part v0x14f69b7f0_0, 15, 1;
L_0x14f6a3cb0 .part v0x14f6876a0_0, 0, 32;
L_0x14f6a3eb0 .part v0x14f6876a0_0, 32, 32;
L_0x158d0d790 .part v0x14f69b9b0_0, 0, 1;
L_0x158d0d910 .part v0x14f69b9b0_0, 1, 1;
L_0x158d0d9b0 .part v0x14f69b9b0_0, 2, 1;
L_0x158d0d870 .part v0x14f69b9b0_0, 3, 1;
L_0x158d0db00 .part v0x14f69b9b0_0, 4, 1;
L_0x158d0dc60 .part v0x14f69b9b0_0, 5, 1;
L_0x158d0da50 .part v0x14f69b9b0_0, 6, 1;
L_0x158d0ded0 .part v0x14f69b9b0_0, 7, 1;
L_0x158d0dba0 .part v0x14f69b9b0_0, 8, 1;
L_0x158d0e050 .part v0x14f69b9b0_0, 9, 1;
L_0x158d0de00 .part v0x14f69b9b0_0, 10, 1;
L_0x158d0e1e0 .part v0x14f69b9b0_0, 11, 1;
L_0x158d0df70 .part v0x14f69b9b0_0, 12, 1;
L_0x158d0e380 .part v0x14f69b9b0_0, 13, 1;
L_0x158d0e0f0 .part v0x14f69b9b0_0, 14, 1;
L_0x158d0e280 .part v0x14f69b9b0_0, 15, 1;
S_0x14f6110c0 .scope module, "CU" "control_unit" 3 347, 4 2 0, S_0x14f60f5a0;
 .timescale -9 -11;
    .port_info 0 /OUTPUT 1 "PCout";
    .port_info 1 /OUTPUT 1 "Z_high_out";
    .port_info 2 /OUTPUT 1 "MDRout";
    .port_info 3 /OUTPUT 1 "MARin";
    .port_info 4 /OUTPUT 1 "PCin";
    .port_info 5 /OUTPUT 1 "MDRin";
    .port_info 6 /OUTPUT 1 "IRin";
    .port_info 7 /OUTPUT 1 "Yin";
    .port_info 8 /OUTPUT 1 "Read";
    .port_info 9 /OUTPUT 1 "HIin";
    .port_info 10 /OUTPUT 1 "LOin";
    .port_info 11 /OUTPUT 1 "HIout";
    .port_info 12 /OUTPUT 1 "LOout";
    .port_info 13 /OUTPUT 1 "Zin";
    .port_info 14 /OUTPUT 1 "Cout";
    .port_info 15 /OUTPUT 1 "RAM_write";
    .port_info 16 /OUTPUT 1 "Gra";
    .port_info 17 /OUTPUT 1 "Grb";
    .port_info 18 /OUTPUT 1 "Grc";
    .port_info 19 /OUTPUT 1 "Rin";
    .port_info 20 /OUTPUT 1 "Rout";
    .port_info 21 /OUTPUT 1 "BAout";
    .port_info 22 /OUTPUT 1 "CONin";
    .port_info 23 /OUTPUT 1 "output_port_in";
    .port_info 24 /OUTPUT 1 "in_port_out";
    .port_info 25 /OUTPUT 1 "Run";
    .port_info 26 /OUTPUT 1 "Zlowout";
    .port_info 27 /OUTPUT 1 "RAM_read";
    .port_info 28 /OUTPUT 1 "CON";
    .port_info 29 /INPUT 32 "IR";
    .port_info 30 /OUTPUT 5 "control";
    .port_info 31 /INPUT 1 "clk";
    .port_info 32 /INPUT 1 "clr";
    .port_info 33 /INPUT 1 "stop";
P_0x14f80f000 .param/l "add3" 0 4 18, C4<00000100>;
P_0x14f80f040 .param/l "add4" 0 4 19, C4<00000101>;
P_0x14f80f080 .param/l "add5" 0 4 20, C4<00000110>;
P_0x14f80f0c0 .param/l "addi3" 0 4 67, C4<00110111>;
P_0x14f80f100 .param/l "addi4" 0 4 68, C4<00111000>;
P_0x14f80f140 .param/l "addi5" 0 4 69, C4<00111001>;
P_0x14f80f180 .param/l "and3" 0 4 35, C4<00010101>;
P_0x14f80f1c0 .param/l "and4" 0 4 36, C4<00010110>;
P_0x14f80f200 .param/l "and5" 0 4 37, C4<00010111>;
P_0x14f80f240 .param/l "andi3" 0 4 70, C4<00111010>;
P_0x14f80f280 .param/l "andi4" 0 4 71, C4<00111011>;
P_0x14f80f2c0 .param/l "andi5" 0 4 72, C4<00111100>;
P_0x14f80f300 .param/l "br3" 0 4 76, C4<01000000>;
P_0x14f80f340 .param/l "br4" 0 4 77, C4<01000001>;
P_0x14f80f380 .param/l "br5" 0 4 78, C4<01000010>;
P_0x14f80f3c0 .param/l "br6" 0 4 79, C4<01000011>;
P_0x14f80f400 .param/l "br7" 0 4 80, C4<11111111>;
P_0x14f80f440 .param/l "div3" 0 4 28, C4<00001110>;
P_0x14f80f480 .param/l "div4" 0 4 29, C4<00001111>;
P_0x14f80f4c0 .param/l "div5" 0 4 30, C4<00010000>;
P_0x14f80f500 .param/l "div6" 0 4 31, C4<00010001>;
P_0x14f80f540 .param/l "fetch0" 0 4 15, C4<00000001>;
P_0x14f80f580 .param/l "fetch1" 0 4 16, C4<00000010>;
P_0x14f80f5c0 .param/l "fetch2" 0 4 17, C4<00000011>;
P_0x14f80f600 .param/l "halt3" 0 4 89, C4<01001100>;
P_0x14f80f640 .param/l "jal3" 0 4 82, C4<01000101>;
P_0x14f80f680 .param/l "jal4" 0 4 83, C4<01000110>;
P_0x14f80f6c0 .param/l "jr3" 0 4 81, C4<01000100>;
P_0x14f80f700 .param/l "ld3" 0 4 54, C4<00101010>;
P_0x14f80f740 .param/l "ld4" 0 4 55, C4<00101011>;
P_0x14f80f780 .param/l "ld5" 0 4 56, C4<00101100>;
P_0x14f80f7c0 .param/l "ld6" 0 4 57, C4<00101101>;
P_0x14f80f800 .param/l "ld7" 0 4 58, C4<00101110>;
P_0x14f80f840 .param/l "ldi3" 0 4 59, C4<00101111>;
P_0x14f80f880 .param/l "ldi4" 0 4 60, C4<00110000>;
P_0x14f80f8c0 .param/l "ldi5" 0 4 61, C4<00110001>;
P_0x14f80f900 .param/l "mfhi3" 0 4 84, C4<01000111>;
P_0x14f80f940 .param/l "mflo3" 0 4 85, C4<01001000>;
P_0x14f80f980 .param/l "mul3" 0 4 24, C4<00001010>;
P_0x14f80f9c0 .param/l "mul4" 0 4 25, C4<00001011>;
P_0x14f80fa00 .param/l "mul5" 0 4 26, C4<00001100>;
P_0x14f80fa40 .param/l "mul6" 0 4 27, C4<00001101>;
P_0x14f80fa80 .param/l "neg3" 0 4 50, C4<00100100>;
P_0x14f80fac0 .param/l "neg4" 0 4 51, C4<00100101>;
P_0x14f80fb00 .param/l "nop3" 0 4 88, C4<01001011>;
P_0x14f80fb40 .param/l "not3" 0 4 52, C4<00100111>;
P_0x14f80fb80 .param/l "not4" 0 4 53, C4<00101000>;
P_0x14f80fbc0 .param/l "or3" 0 4 32, C4<00010010>;
P_0x14f80fc00 .param/l "or4" 0 4 33, C4<00010011>;
P_0x14f80fc40 .param/l "or5" 0 4 34, C4<00010100>;
P_0x14f80fc80 .param/l "ori3" 0 4 73, C4<00111101>;
P_0x14f80fcc0 .param/l "ori4" 0 4 74, C4<00111110>;
P_0x14f80fd00 .param/l "ori5" 0 4 75, C4<00111111>;
P_0x14f80fd40 .param/l "reset_state" 0 4 14, C4<00000000>;
P_0x14f80fd80 .param/l "rol3" 0 4 44, C4<00011110>;
P_0x14f80fdc0 .param/l "rol4" 0 4 45, C4<00011111>;
P_0x14f80fe00 .param/l "rol5" 0 4 46, C4<00100000>;
P_0x14f80fe40 .param/l "ror3" 0 4 47, C4<00100001>;
P_0x14f80fe80 .param/l "ror4" 0 4 48, C4<00100010>;
P_0x14f80fec0 .param/l "ror5" 0 4 49, C4<00100011>;
P_0x14f80ff00 .param/l "shl3" 0 4 38, C4<00011000>;
P_0x14f80ff40 .param/l "shl4" 0 4 39, C4<00011001>;
P_0x14f80ff80 .param/l "shl5" 0 4 40, C4<00011010>;
P_0x14f80ffc0 .param/l "shr3" 0 4 41, C4<00011011>;
P_0x14f810000 .param/l "shr4" 0 4 42, C4<00011100>;
P_0x14f810040 .param/l "shr5" 0 4 43, C4<00011101>;
P_0x14f810080 .param/l "st3" 0 4 62, C4<00110010>;
P_0x14f8100c0 .param/l "st4" 0 4 63, C4<00110011>;
P_0x14f810100 .param/l "st5" 0 4 64, C4<00110100>;
P_0x14f810140 .param/l "st6" 0 4 65, C4<00110101>;
P_0x14f810180 .param/l "st7" 0 4 66, C4<00110110>;
P_0x14f8101c0 .param/l "sub3" 0 4 21, C4<00000111>;
P_0x14f810200 .param/l "sub4" 0 4 22, C4<00001000>;
P_0x14f810240 .param/l "sub5" 0 4 23, C4<00001001>;
v0x14f61bde0_0 .var "BAout", 0 0;
v0x14f62ca60_0 .net "CON", 0 0, v0x14f68b840_0;  alias, 1 drivers
v0x14f62cb00_0 .var "CONin", 0 0;
v0x14f62cbb0_0 .var "Cout", 0 0;
v0x14f62cc50_0 .var "Gra", 0 0;
v0x14f62cd30_0 .var "Grb", 0 0;
v0x14f62cdd0_0 .var "Grc", 0 0;
v0x14f62ce70_0 .var "HIin", 0 0;
v0x14f62cf10_0 .var "HIout", 0 0;
v0x14f62d020_0 .net "IR", 31 0, L_0x14f6a3bb0;  alias, 1 drivers
v0x14f62d0c0_0 .var "IRin", 0 0;
v0x14f62d160_0 .var "LOin", 0 0;
v0x14f62d200_0 .var "LOout", 0 0;
v0x14f62d2a0_0 .var "MARin", 0 0;
v0x14f62d340_0 .var "MDRin", 0 0;
v0x14f62d3e0_0 .var "MDRout", 0 0;
v0x14f62d480_0 .var "PCin", 0 0;
v0x14f62d610_0 .var "PCout", 0 0;
v0x14f62d6a0_0 .var "RAM_read", 0 0;
v0x14f62d730_0 .var "RAM_write", 0 0;
v0x14f62d7c0_0 .var "Read", 0 0;
v0x14f62d860_0 .var "Rin", 0 0;
v0x14f62d900_0 .var "Rout", 0 0;
v0x14f62d9a0_0 .var "Run", 0 0;
v0x14f62da40_0 .var "Yin", 0 0;
v0x14f62dae0_0 .var "Z_high_out", 0 0;
v0x14f62db80_0 .var "Zin", 0 0;
v0x14f62dc20_0 .var "Zlowout", 0 0;
v0x14f62dcc0_0 .net "clk", 0 0, v0x14f6a0ac0_0;  alias, 1 drivers
v0x14f62dd60_0 .net "clr", 0 0, v0x14f60dd10_0;  alias, 1 drivers
v0x14f62de00_0 .var "control", 4 0;
v0x14f62deb0_0 .var "in_port_out", 0 0;
v0x14f62df50_0 .var "next_state", 7 0;
v0x14f62d530_0 .var "output_port_in", 0 0;
v0x14f62e1e0_0 .var "present_state", 7 0;
v0x14f62e270_0 .net "stop", 0 0, o0x1500506a0;  alias, 0 drivers
E_0x14f60d470 .event anyedge, v0x14f62e1e0_0, v0x14f62ca60_0, v0x14f62d020_0;
E_0x14f60d4b0 .event posedge, v0x14f62e270_0, v0x14f62dd60_0, v0x14f62dcc0_0;
S_0x14f62e620 .scope module, "alu" "ALU" 3 258, 5 1 0, S_0x14f60f5a0;
 .timescale -9 -11;
    .port_info 0 /INPUT 32 "a";
    .port_info 1 /INPUT 32 "b";
    .port_info 2 /INPUT 5 "control";
    .port_info 3 /OUTPUT 64 "Z_reg";
P_0x14f62cfa0 .param/l "DATA_WIDTH" 0 5 1, +C4<00000000000000000000000000100000>;
v0x14f6876a0_0 .var "Z_reg", 63 0;
v0x14f687760_0 .net "a", 31 0, v0x14f69c240_0;  alias, 1 drivers
v0x14f687800_0 .net "add_result", 31 0, L_0x14f6c5580;  1 drivers
v0x14f6878b0_0 .net "and_result", 31 0, L_0x158d0c230;  1 drivers
v0x14f687960_0 .net "b", 31 0, v0x14f68ad80_0;  alias, 1 drivers
v0x14f687a30_0 .net8 "control", 4 0, RS_0x1500505b0;  alias, 2 drivers
RS_0x150057f90 .resolv tri, L_0x14f6c4b00, L_0x14f6e5f70, L_0x158d0b660;
v0x14f687ac0_0 .net8 "cout", 0 0, RS_0x150057f90;  3 drivers
v0x14f687b50_0 .net "div_result", 63 0, v0x14f64ae70_0;  1 drivers
v0x14f687c00_0 .net "mul_result", 63 0, v0x14f64bed0_0;  1 drivers
v0x14f687d30_0 .net "neg_result", 31 0, L_0x158d0d490;  1 drivers
v0x14f687dc0_0 .net "not_result", 31 0, L_0x158d0d5d0;  1 drivers
v0x14f687e50_0 .net "or_result", 31 0, L_0x158d0c2e0;  1 drivers
v0x14f687f00_0 .net "pc_result", 31 0, L_0x14f6e69f0;  1 drivers
v0x14f687fb0_0 .var "result", 63 0;
v0x14f688050_0 .net "rol_result", 31 0, L_0x158d0d360;  1 drivers
v0x14f688110_0 .net "ror_result", 31 0, L_0x158d0cd40;  1 drivers
v0x14f6881c0_0 .net "shl_result", 31 0, L_0x158d0c7b0;  1 drivers
v0x14f688370_0 .net "shr_result", 31 0, L_0x158d0c430;  1 drivers
v0x14f688400_0 .net "shra_result", 31 0, L_0x158d0c5f0;  1 drivers
v0x14f688490_0 .net "sub_result", 31 0, L_0x158d0c160;  1 drivers
E_0x14f62e810 .event anyedge, v0x14f687fb0_0;
E_0x14f62e850/0 .event anyedge, v0x14f62de00_0, v0x14f64a310_0, v0x14f687080_0, v0x14f64a890_0;
E_0x14f62e850/1 .event anyedge, v0x14f64cf70_0, v0x14f669fe0_0, v0x14f6695a0_0, v0x14f66ac60_0;
E_0x14f62e850/2 .event anyedge, v0x14f66b1b0_0, v0x14f66a5b0_0, v0x14f64ae70_0, v0x14f64bed0_0;
E_0x14f62e850/3 .event anyedge, v0x14f64c610_0, v0x14f64ca80_0, v0x14f668a60_0;
E_0x14f62e850 .event/or E_0x14f62e850/0, E_0x14f62e850/1, E_0x14f62e850/2, E_0x14f62e850/3;
S_0x14f62e890 .scope module, "ADD" "collective_add" 5 17, 6 22 0, S_0x14f62e620;
 .timescale -9 -11;
    .port_info 0 /INPUT 32 "d1";
    .port_info 1 /INPUT 32 "d2";
    .port_info 2 /INPUT 1 "cin";
    .port_info 3 /OUTPUT 32 "sum";
    .port_info 4 /OUTPUT 1 "cout";
P_0x14f62ea60 .param/l "DATA_WIDTH" 0 6 22, +C4<00000000000000000000000000100000>;
v0x14f649f30_0 .net "c1", 0 0, L_0x14f6b4060;  1 drivers
L_0x150088058 .functor BUFT 1, C4<0>, C4<0>, C4<0>, C4<0>;
v0x14f64a050_0 .net "cin", 0 0, L_0x150088058;  1 drivers
v0x14f64a0e0_0 .net8 "cout", 0 0, RS_0x150057f90;  alias, 3 drivers
v0x14f64a1b0_0 .net "d1", 31 0, v0x14f69c240_0;  alias, 1 drivers
v0x14f64a240_0 .net "d2", 31 0, v0x14f68ad80_0;  alias, 1 drivers
v0x14f64a310_0 .net "sum", 31 0, L_0x14f6c5580;  alias, 1 drivers
L_0x14f6b49a0 .part v0x14f69c240_0, 0, 16;
L_0x14f66aa40 .part v0x14f68ad80_0, 0, 16;
L_0x14f6c5440 .part v0x14f69c240_0, 16, 16;
L_0x14f6c54e0 .part v0x14f68ad80_0, 16, 16;
L_0x14f6c5580 .concat8 [ 16 16 0 0], L_0x14f6b47f0, L_0x14f6c5290;
S_0x14f62ebb0 .scope module, "n1" "cla16" 6 32, 6 4 0, S_0x14f62e890;
 .timescale -9 -11;
    .port_info 0 /INPUT 16 "d1";
    .port_info 1 /INPUT 16 "d2";
    .port_info 2 /INPUT 1 "cin";
    .port_info 3 /OUTPUT 16 "sum";
    .port_info 4 /OUTPUT 1 "cout";
P_0x14f62ed80 .param/l "DATA_WIDTH" 0 6 4, +C4<00000000000000000000000000100000>;
v0x14f63bfa0_0 .net "c1", 0 0, L_0x14f6a7b90;  1 drivers
v0x14f63c080_0 .net "c2", 0 0, L_0x14f6abd20;  1 drivers
v0x14f63c150_0 .net "c3", 0 0, L_0x14f6afee0;  1 drivers
v0x14f63c220_0 .net "cin", 0 0, L_0x150088058;  alias, 1 drivers
v0x14f63c2b0_0 .net "cout", 0 0, L_0x14f6b4060;  alias, 1 drivers
v0x14f63c380_0 .net "d1", 15 0, L_0x14f6b49a0;  1 drivers
v0x14f63c410_0 .net "d2", 15 0, L_0x14f66aa40;  1 drivers
v0x14f63c4a0_0 .net "sum", 15 0, L_0x14f6b47f0;  1 drivers
L_0x14f6a8160 .part L_0x14f6b49a0, 0, 4;
L_0x14f6a8200 .part L_0x14f66aa40, 0, 4;
L_0x14f6ac2f0 .part L_0x14f6b49a0, 4, 4;
L_0x14f6ac390 .part L_0x14f66aa40, 4, 4;
L_0x14f6b04b0 .part L_0x14f6b49a0, 8, 4;
L_0x14f6b0550 .part L_0x14f66aa40, 8, 4;
L_0x14f6b4630 .part L_0x14f6b49a0, 12, 4;
L_0x14f6b46d0 .part L_0x14f66aa40, 12, 4;
L_0x14f6b47f0 .concat8 [ 4 4 4 4], L_0x14f6a7d90, L_0x14f6abf20, L_0x14f6b00e0, L_0x14f6b4260;
S_0x14f62eed0 .scope module, "n1" "cla_4" 6 14, 7 3 0, S_0x14f62ebb0;
 .timescale -9 -11;
    .port_info 0 /INPUT 4 "a";
    .port_info 1 /INPUT 4 "b";
    .port_info 2 /INPUT 1 "cin";
    .port_info 3 /OUTPUT 4 "sum";
    .port_info 4 /OUTPUT 1 "cout";
L_0x14f6a40a0 .functor XOR 4, L_0x14f6a8160, L_0x14f6a8200, C4<0000>, C4<0000>;
L_0x14f6a4190 .functor AND 4, L_0x14f6a8160, L_0x14f6a8200, C4<1111>, C4<1111>;
L_0x14f6a42c0 .functor BUFZ 1, L_0x150088058, C4<0>, C4<0>, C4<0>;
L_0x14f6a45f0 .functor AND 1, L_0x14f6a4430, L_0x14f6a4510, C4<1>, C4<1>;
L_0x14f6a4720 .functor OR 1, L_0x14f6a4330, L_0x14f6a45f0, C4<0>, C4<0>;
L_0x14f6a4ad0 .functor AND 1, L_0x14f6a48e0, L_0x14f6a49b0, C4<1>, C4<1>;
L_0x14f6a4ba0 .functor OR 1, L_0x14f6a4840, L_0x14f6a4ad0, C4<0>, C4<0>;
L_0x14f6a4e90 .functor AND 1, L_0x14f6a4cd0, L_0x14f6a4df0, C4<1>, C4<1>;
L_0x14f6a50b0 .functor AND 1, L_0x14f6a4e90, L_0x14f6a4f80, C4<1>, C4<1>;
L_0x14f6a51b0 .functor OR 1, L_0x14f6a4ba0, L_0x14f6a50b0, C4<0>, C4<0>;
L_0x14f6a56a0 .functor AND 1, L_0x14f6a54f0, L_0x14f6a5590, C4<1>, C4<1>;
L_0x14f6a57b0 .functor OR 1, L_0x14f6a53f0, L_0x14f6a56a0, C4<0>, C4<0>;
L_0x14f6a5630 .functor AND 1, L_0x14f6a5860, L_0x14f6a5900, C4<1>, C4<1>;
L_0x14f6a5c30 .functor AND 1, L_0x14f6a5630, L_0x14f6a5b90, C4<1>, C4<1>;
L_0x14f6a5ce0 .functor OR 1, L_0x14f6a57b0, L_0x14f6a5c30, C4<0>, C4<0>;
L_0x14f6a5b20 .functor AND 1, L_0x14f6a5e50, L_0x14f6a5f80, C4<1>, C4<1>;
L_0x14f6a61a0 .functor AND 1, L_0x14f6a5b20, L_0x14f6a6060, C4<1>, C4<1>;
L_0x14f6a6360 .functor AND 1, L_0x14f6a61a0, L_0x14f6a62c0, C4<1>, C4<1>;
L_0x14f6a6430 .functor OR 1, L_0x14f6a5ce0, L_0x14f6a6360, C4<0>, C4<0>;
L_0x14f6a4a50 .functor AND 1, L_0x14f6a6100, L_0x14f6a67a0, C4<1>, C4<1>;
L_0x14f6a6940 .functor OR 1, L_0x14f6a6600, L_0x14f6a4a50, C4<0>, C4<0>;
L_0x14f6a6c50 .functor AND 1, L_0x14f6a6560, L_0x14f6a6ae0, C4<1>, C4<1>;
L_0x14f6a6d80 .functor AND 1, L_0x14f6a6c50, L_0x14f6a6ce0, C4<1>, C4<1>;
L_0x14f6a6f30 .functor OR 1, L_0x14f6a6940, L_0x14f6a6d80, C4<0>, C4<0>;
L_0x14f6a6b80 .functor AND 1, L_0x14f6a6fa0, L_0x14f6a7120, C4<1>, C4<1>;
L_0x14f6a6e70 .functor AND 1, L_0x14f6a6b80, L_0x14f6a59e0, C4<1>, C4<1>;
L_0x14f6a7580 .functor AND 1, L_0x14f6a6e70, L_0x14f6a7040, C4<1>, C4<1>;
L_0x14f6a7750 .functor OR 1, L_0x14f6a6f30, L_0x14f6a7580, C4<0>, C4<0>;
L_0x14f6a7440 .functor AND 1, L_0x14f6a77c0, L_0x14f6a7960, C4<1>, C4<1>;
L_0x14f6a7670 .functor AND 1, L_0x14f6a7440, L_0x14f6a7af0, C4<1>, C4<1>;
L_0x14f6a7ca0 .functor AND 1, L_0x14f6a7670, L_0x14f6a78a0, C4<1>, C4<1>;
L_0x14f6a7a00 .functor AND 1, L_0x14f6a7ca0, L_0x14f6a7e90, C4<1>, C4<1>;
L_0x14f6a7b90 .functor OR 1, L_0x14f6a7750, L_0x14f6a7a00, C4<0>, C4<0>;
L_0x14f6a7d90 .functor XOR 4, L_0x14f6a40a0, L_0x14f6a5260, C4<0000>, C4<0000>;
v0x14f62f150_0 .net "G", 3 0, L_0x14f6a4190;  1 drivers
v0x14f62f210_0 .net "P", 3 0, L_0x14f6a40a0;  1 drivers
v0x14f62f2c0_0 .net *"_ivl_102", 0 0, L_0x14f6a6ce0;  1 drivers
v0x14f62f380_0 .net *"_ivl_103", 0 0, L_0x14f6a6d80;  1 drivers
v0x14f62f430_0 .net *"_ivl_105", 0 0, L_0x14f6a6f30;  1 drivers
v0x14f62f520_0 .net *"_ivl_108", 0 0, L_0x14f6a6fa0;  1 drivers
v0x14f62f5d0_0 .net *"_ivl_11", 0 0, L_0x14f6a4330;  1 drivers
v0x14f62f680_0 .net *"_ivl_110", 0 0, L_0x14f6a7120;  1 drivers
v0x14f62f730_0 .net *"_ivl_111", 0 0, L_0x14f6a6b80;  1 drivers
v0x14f62f840_0 .net *"_ivl_114", 0 0, L_0x14f6a59e0;  1 drivers
v0x14f62f8f0_0 .net *"_ivl_115", 0 0, L_0x14f6a6e70;  1 drivers
v0x14f62f9a0_0 .net *"_ivl_118", 0 0, L_0x14f6a7040;  1 drivers
v0x14f62fa50_0 .net *"_ivl_119", 0 0, L_0x14f6a7580;  1 drivers
v0x14f62fb00_0 .net *"_ivl_121", 0 0, L_0x14f6a7750;  1 drivers
v0x14f62fbb0_0 .net *"_ivl_124", 0 0, L_0x14f6a77c0;  1 drivers
v0x14f62fc60_0 .net *"_ivl_126", 0 0, L_0x14f6a7960;  1 drivers
v0x14f62fd10_0 .net *"_ivl_127", 0 0, L_0x14f6a7440;  1 drivers
v0x14f62fea0_0 .net *"_ivl_13", 0 0, L_0x14f6a4430;  1 drivers
v0x14f62ff30_0 .net *"_ivl_130", 0 0, L_0x14f6a7af0;  1 drivers
v0x14f62ffe0_0 .net *"_ivl_131", 0 0, L_0x14f6a7670;  1 drivers
v0x14f630090_0 .net *"_ivl_134", 0 0, L_0x14f6a78a0;  1 drivers
v0x14f630140_0 .net *"_ivl_135", 0 0, L_0x14f6a7ca0;  1 drivers
v0x14f6301f0_0 .net *"_ivl_138", 0 0, L_0x14f6a7e90;  1 drivers
v0x14f6302a0_0 .net *"_ivl_139", 0 0, L_0x14f6a7a00;  1 drivers
v0x14f630350_0 .net *"_ivl_15", 0 0, L_0x14f6a4510;  1 drivers
v0x14f630400_0 .net *"_ivl_16", 0 0, L_0x14f6a45f0;  1 drivers
v0x14f6304b0_0 .net *"_ivl_18", 0 0, L_0x14f6a4720;  1 drivers
v0x14f630560_0 .net *"_ivl_23", 0 0, L_0x14f6a4840;  1 drivers
v0x14f630610_0 .net *"_ivl_25", 0 0, L_0x14f6a48e0;  1 drivers
v0x14f6306c0_0 .net *"_ivl_27", 0 0, L_0x14f6a49b0;  1 drivers
v0x14f630770_0 .net *"_ivl_28", 0 0, L_0x14f6a4ad0;  1 drivers
v0x14f630820_0 .net *"_ivl_30", 0 0, L_0x14f6a4ba0;  1 drivers
v0x14f6308d0_0 .net *"_ivl_33", 0 0, L_0x14f6a4cd0;  1 drivers
v0x14f62fdc0_0 .net *"_ivl_35", 0 0, L_0x14f6a4df0;  1 drivers
v0x14f630b60_0 .net *"_ivl_36", 0 0, L_0x14f6a4e90;  1 drivers
v0x14f630bf0_0 .net *"_ivl_39", 0 0, L_0x14f6a4f80;  1 drivers
v0x14f630c90_0 .net *"_ivl_40", 0 0, L_0x14f6a50b0;  1 drivers
v0x14f630d40_0 .net *"_ivl_42", 0 0, L_0x14f6a51b0;  1 drivers
v0x14f630df0_0 .net *"_ivl_48", 0 0, L_0x14f6a53f0;  1 drivers
v0x14f630ea0_0 .net *"_ivl_50", 0 0, L_0x14f6a54f0;  1 drivers
v0x14f630f50_0 .net *"_ivl_52", 0 0, L_0x14f6a5590;  1 drivers
v0x14f631000_0 .net *"_ivl_53", 0 0, L_0x14f6a56a0;  1 drivers
v0x14f6310b0_0 .net *"_ivl_55", 0 0, L_0x14f6a57b0;  1 drivers
v0x14f631160_0 .net *"_ivl_58", 0 0, L_0x14f6a5860;  1 drivers
v0x14f631210_0 .net *"_ivl_60", 0 0, L_0x14f6a5900;  1 drivers
v0x14f6312c0_0 .net *"_ivl_61", 0 0, L_0x14f6a5630;  1 drivers
v0x14f631370_0 .net *"_ivl_64", 0 0, L_0x14f6a5b90;  1 drivers
v0x14f631420_0 .net *"_ivl_65", 0 0, L_0x14f6a5c30;  1 drivers
v0x14f6314d0_0 .net *"_ivl_67", 0 0, L_0x14f6a5ce0;  1 drivers
v0x14f631580_0 .net *"_ivl_7", 0 0, L_0x14f6a42c0;  1 drivers
v0x14f631630_0 .net *"_ivl_70", 0 0, L_0x14f6a5e50;  1 drivers
v0x14f6316e0_0 .net *"_ivl_72", 0 0, L_0x14f6a5f80;  1 drivers
v0x14f631790_0 .net *"_ivl_73", 0 0, L_0x14f6a5b20;  1 drivers
v0x14f631840_0 .net *"_ivl_76", 0 0, L_0x14f6a6060;  1 drivers
v0x14f6318f0_0 .net *"_ivl_77", 0 0, L_0x14f6a61a0;  1 drivers
v0x14f6319a0_0 .net *"_ivl_80", 0 0, L_0x14f6a62c0;  1 drivers
v0x14f631a50_0 .net *"_ivl_81", 0 0, L_0x14f6a6360;  1 drivers
v0x14f631b00_0 .net *"_ivl_83", 0 0, L_0x14f6a6430;  1 drivers
v0x14f631bb0_0 .net *"_ivl_86", 0 0, L_0x14f6a6600;  1 drivers
v0x14f631c60_0 .net *"_ivl_88", 0 0, L_0x14f6a6100;  1 drivers
v0x14f631d10_0 .net *"_ivl_90", 0 0, L_0x14f6a67a0;  1 drivers
v0x14f631dc0_0 .net *"_ivl_91", 0 0, L_0x14f6a4a50;  1 drivers
v0x14f631e70_0 .net *"_ivl_93", 0 0, L_0x14f6a6940;  1 drivers
v0x14f631f20_0 .net *"_ivl_96", 0 0, L_0x14f6a6560;  1 drivers
v0x14f631fd0_0 .net *"_ivl_98", 0 0, L_0x14f6a6ae0;  1 drivers
v0x14f630980_0 .net *"_ivl_99", 0 0, L_0x14f6a6c50;  1 drivers
v0x14f630a30_0 .net "a", 3 0, L_0x14f6a8160;  1 drivers
v0x14f632060_0 .net "b", 3 0, L_0x14f6a8200;  1 drivers
v0x14f6320f0_0 .net "c", 3 0, L_0x14f6a5260;  1 drivers
v0x14f632180_0 .net "cin", 0 0, L_0x150088058;  alias, 1 drivers
v0x14f632210_0 .net "cout", 0 0, L_0x14f6a7b90;  alias, 1 drivers
v0x14f6322a0_0 .net "sum", 3 0, L_0x14f6a7d90;  1 drivers
L_0x14f6a4330 .part L_0x14f6a4190, 0, 1;
L_0x14f6a4430 .part L_0x14f6a40a0, 0, 1;
L_0x14f6a4510 .part L_0x14f6a5260, 0, 1;
L_0x14f6a4840 .part L_0x14f6a4190, 1, 1;
L_0x14f6a48e0 .part L_0x14f6a40a0, 1, 1;
L_0x14f6a49b0 .part L_0x14f6a4190, 0, 1;
L_0x14f6a4cd0 .part L_0x14f6a40a0, 1, 1;
L_0x14f6a4df0 .part L_0x14f6a40a0, 0, 1;
L_0x14f6a4f80 .part L_0x14f6a5260, 0, 1;
L_0x14f6a5260 .concat8 [ 1 1 1 1], L_0x14f6a42c0, L_0x14f6a4720, L_0x14f6a51b0, L_0x14f6a6430;
L_0x14f6a53f0 .part L_0x14f6a4190, 2, 1;
L_0x14f6a54f0 .part L_0x14f6a40a0, 2, 1;
L_0x14f6a5590 .part L_0x14f6a4190, 1, 1;
L_0x14f6a5860 .part L_0x14f6a40a0, 2, 1;
L_0x14f6a5900 .part L_0x14f6a40a0, 1, 1;
L_0x14f6a5b90 .part L_0x14f6a4190, 0, 1;
L_0x14f6a5e50 .part L_0x14f6a40a0, 2, 1;
L_0x14f6a5f80 .part L_0x14f6a40a0, 1, 1;
L_0x14f6a6060 .part L_0x14f6a40a0, 0, 1;
L_0x14f6a62c0 .part L_0x14f6a5260, 0, 1;
L_0x14f6a6600 .part L_0x14f6a4190, 3, 1;
L_0x14f6a6100 .part L_0x14f6a40a0, 3, 1;
L_0x14f6a67a0 .part L_0x14f6a4190, 2, 1;
L_0x14f6a6560 .part L_0x14f6a40a0, 3, 1;
L_0x14f6a6ae0 .part L_0x14f6a40a0, 2, 1;
L_0x14f6a6ce0 .part L_0x14f6a4190, 1, 1;
L_0x14f6a6fa0 .part L_0x14f6a40a0, 3, 1;
L_0x14f6a7120 .part L_0x14f6a40a0, 2, 1;
L_0x14f6a59e0 .part L_0x14f6a40a0, 1, 1;
L_0x14f6a7040 .part L_0x14f6a4190, 0, 1;
L_0x14f6a77c0 .part L_0x14f6a40a0, 3, 1;
L_0x14f6a7960 .part L_0x14f6a40a0, 2, 1;
L_0x14f6a7af0 .part L_0x14f6a40a0, 1, 1;
L_0x14f6a78a0 .part L_0x14f6a40a0, 0, 1;
L_0x14f6a7e90 .part L_0x14f6a5260, 0, 1;
S_0x14f6323b0 .scope module, "n2" "cla_4" 6 15, 7 3 0, S_0x14f62ebb0;
 .timescale -9 -11;
    .port_info 0 /INPUT 4 "a";
    .port_info 1 /INPUT 4 "b";
    .port_info 2 /INPUT 1 "cin";
    .port_info 3 /OUTPUT 4 "sum";
    .port_info 4 /OUTPUT 1 "cout";
L_0x14f6a7e00 .functor XOR 4, L_0x14f6ac2f0, L_0x14f6ac390, C4<0000>, C4<0000>;
L_0x14f6a8300 .functor AND 4, L_0x14f6ac2f0, L_0x14f6ac390, C4<1111>, C4<1111>;
L_0x14f6a8430 .functor BUFZ 1, L_0x14f6a7b90, C4<0>, C4<0>, C4<0>;
L_0x14f6a87a0 .functor AND 1, L_0x14f6a8600, L_0x14f6a86e0, C4<1>, C4<1>;
L_0x14f6a88b0 .functor OR 1, L_0x14f6a8520, L_0x14f6a87a0, C4<0>, C4<0>;
L_0x14f6a8c60 .functor AND 1, L_0x14f6a8a70, L_0x14f6a8b40, C4<1>, C4<1>;
L_0x14f6a8d30 .functor OR 1, L_0x14f6a89d0, L_0x14f6a8c60, C4<0>, C4<0>;
L_0x14f6a9020 .functor AND 1, L_0x14f6a8e60, L_0x14f6a8f80, C4<1>, C4<1>;
L_0x14f6a9240 .functor AND 1, L_0x14f6a9020, L_0x14f6a9110, C4<1>, C4<1>;
L_0x14f6a9340 .functor OR 1, L_0x14f6a8d30, L_0x14f6a9240, C4<0>, C4<0>;
L_0x14f6a9830 .functor AND 1, L_0x14f6a9680, L_0x14f6a9720, C4<1>, C4<1>;
L_0x14f6a9940 .functor OR 1, L_0x14f6a9580, L_0x14f6a9830, C4<0>, C4<0>;
L_0x14f6a97c0 .functor AND 1, L_0x14f6a99f0, L_0x14f6a9a90, C4<1>, C4<1>;
L_0x14f6a9dc0 .functor AND 1, L_0x14f6a97c0, L_0x14f6a9d20, C4<1>, C4<1>;
L_0x14f6a9e70 .functor OR 1, L_0x14f6a9940, L_0x14f6a9dc0, C4<0>, C4<0>;
L_0x14f6a9cb0 .functor AND 1, L_0x14f6a9fe0, L_0x14f6aa110, C4<1>, C4<1>;
L_0x14f6aa330 .functor AND 1, L_0x14f6a9cb0, L_0x14f6aa1f0, C4<1>, C4<1>;
L_0x14f6aa4f0 .functor AND 1, L_0x14f6aa330, L_0x14f6aa450, C4<1>, C4<1>;
L_0x14f6aa5c0 .functor OR 1, L_0x14f6a9e70, L_0x14f6aa4f0, C4<0>, C4<0>;
L_0x14f6a8be0 .functor AND 1, L_0x14f6aa290, L_0x14f6aa930, C4<1>, C4<1>;
L_0x14f6aaad0 .functor OR 1, L_0x14f6aa790, L_0x14f6a8be0, C4<0>, C4<0>;
L_0x14f6aade0 .functor AND 1, L_0x14f6aa6f0, L_0x14f6aac70, C4<1>, C4<1>;
L_0x14f6aaf10 .functor AND 1, L_0x14f6aade0, L_0x14f6aae70, C4<1>, C4<1>;
L_0x14f6ab0c0 .functor OR 1, L_0x14f6aaad0, L_0x14f6aaf10, C4<0>, C4<0>;
L_0x14f6aad10 .functor AND 1, L_0x14f6ab130, L_0x14f6ab2b0, C4<1>, C4<1>;
L_0x14f6ab000 .functor AND 1, L_0x14f6aad10, L_0x14f6a9b70, C4<1>, C4<1>;
L_0x14f6ab710 .functor AND 1, L_0x14f6ab000, L_0x14f6ab1d0, C4<1>, C4<1>;
L_0x14f6ab8e0 .functor OR 1, L_0x14f6ab0c0, L_0x14f6ab710, C4<0>, C4<0>;
L_0x14f6ab5d0 .functor AND 1, L_0x14f6ab950, L_0x14f6abaf0, C4<1>, C4<1>;
L_0x14f6ab800 .functor AND 1, L_0x14f6ab5d0, L_0x14f6abc80, C4<1>, C4<1>;
L_0x14f6abe30 .functor AND 1, L_0x14f6ab800, L_0x14f6aba30, C4<1>, C4<1>;
L_0x14f6abb90 .functor AND 1, L_0x14f6abe30, L_0x14f6ac020, C4<1>, C4<1>;
L_0x14f6abd20 .functor OR 1, L_0x14f6ab8e0, L_0x14f6abb90, C4<0>, C4<0>;
L_0x14f6abf20 .functor XOR 4, L_0x14f6a7e00, L_0x14f6a93f0, C4<0000>, C4<0000>;
v0x14f6325a0_0 .net "G", 3 0, L_0x14f6a8300;  1 drivers
v0x14f632630_0 .net "P", 3 0, L_0x14f6a7e00;  1 drivers
v0x14f6326e0_0 .net *"_ivl_102", 0 0, L_0x14f6aae70;  1 drivers
v0x14f6327a0_0 .net *"_ivl_103", 0 0, L_0x14f6aaf10;  1 drivers
v0x14f632850_0 .net *"_ivl_105", 0 0, L_0x14f6ab0c0;  1 drivers
v0x14f632940_0 .net *"_ivl_108", 0 0, L_0x14f6ab130;  1 drivers
v0x14f6329f0_0 .net *"_ivl_11", 0 0, L_0x14f6a8520;  1 drivers
v0x14f632aa0_0 .net *"_ivl_110", 0 0, L_0x14f6ab2b0;  1 drivers
v0x14f632b50_0 .net *"_ivl_111", 0 0, L_0x14f6aad10;  1 drivers
v0x14f632c60_0 .net *"_ivl_114", 0 0, L_0x14f6a9b70;  1 drivers
v0x14f632d10_0 .net *"_ivl_115", 0 0, L_0x14f6ab000;  1 drivers
v0x14f632dc0_0 .net *"_ivl_118", 0 0, L_0x14f6ab1d0;  1 drivers
v0x14f632e70_0 .net *"_ivl_119", 0 0, L_0x14f6ab710;  1 drivers
v0x14f632f20_0 .net *"_ivl_121", 0 0, L_0x14f6ab8e0;  1 drivers
v0x14f632fd0_0 .net *"_ivl_124", 0 0, L_0x14f6ab950;  1 drivers
v0x14f633080_0 .net *"_ivl_126", 0 0, L_0x14f6abaf0;  1 drivers
v0x14f633130_0 .net *"_ivl_127", 0 0, L_0x14f6ab5d0;  1 drivers
v0x14f6332c0_0 .net *"_ivl_13", 0 0, L_0x14f6a8600;  1 drivers
v0x14f633350_0 .net *"_ivl_130", 0 0, L_0x14f6abc80;  1 drivers
v0x14f633400_0 .net *"_ivl_131", 0 0, L_0x14f6ab800;  1 drivers
v0x14f6334b0_0 .net *"_ivl_134", 0 0, L_0x14f6aba30;  1 drivers
v0x14f633560_0 .net *"_ivl_135", 0 0, L_0x14f6abe30;  1 drivers
v0x14f633610_0 .net *"_ivl_138", 0 0, L_0x14f6ac020;  1 drivers
v0x14f6336c0_0 .net *"_ivl_139", 0 0, L_0x14f6abb90;  1 drivers
v0x14f633770_0 .net *"_ivl_15", 0 0, L_0x14f6a86e0;  1 drivers
v0x14f633820_0 .net *"_ivl_16", 0 0, L_0x14f6a87a0;  1 drivers
v0x14f6338d0_0 .net *"_ivl_18", 0 0, L_0x14f6a88b0;  1 drivers
v0x14f633980_0 .net *"_ivl_23", 0 0, L_0x14f6a89d0;  1 drivers
v0x14f633a30_0 .net *"_ivl_25", 0 0, L_0x14f6a8a70;  1 drivers
v0x14f633ae0_0 .net *"_ivl_27", 0 0, L_0x14f6a8b40;  1 drivers
v0x14f633b90_0 .net *"_ivl_28", 0 0, L_0x14f6a8c60;  1 drivers
v0x14f633c40_0 .net *"_ivl_30", 0 0, L_0x14f6a8d30;  1 drivers
v0x14f633cf0_0 .net *"_ivl_33", 0 0, L_0x14f6a8e60;  1 drivers
v0x14f6331e0_0 .net *"_ivl_35", 0 0, L_0x14f6a8f80;  1 drivers
v0x14f633f80_0 .net *"_ivl_36", 0 0, L_0x14f6a9020;  1 drivers
v0x14f634010_0 .net *"_ivl_39", 0 0, L_0x14f6a9110;  1 drivers
v0x14f6340b0_0 .net *"_ivl_40", 0 0, L_0x14f6a9240;  1 drivers
v0x14f634160_0 .net *"_ivl_42", 0 0, L_0x14f6a9340;  1 drivers
v0x14f634210_0 .net *"_ivl_48", 0 0, L_0x14f6a9580;  1 drivers
v0x14f6342c0_0 .net *"_ivl_50", 0 0, L_0x14f6a9680;  1 drivers
v0x14f634370_0 .net *"_ivl_52", 0 0, L_0x14f6a9720;  1 drivers
v0x14f634420_0 .net *"_ivl_53", 0 0, L_0x14f6a9830;  1 drivers
v0x14f6344d0_0 .net *"_ivl_55", 0 0, L_0x14f6a9940;  1 drivers
v0x14f634580_0 .net *"_ivl_58", 0 0, L_0x14f6a99f0;  1 drivers
v0x14f634630_0 .net *"_ivl_60", 0 0, L_0x14f6a9a90;  1 drivers
v0x14f6346e0_0 .net *"_ivl_61", 0 0, L_0x14f6a97c0;  1 drivers
v0x14f634790_0 .net *"_ivl_64", 0 0, L_0x14f6a9d20;  1 drivers
v0x14f634840_0 .net *"_ivl_65", 0 0, L_0x14f6a9dc0;  1 drivers
v0x14f6348f0_0 .net *"_ivl_67", 0 0, L_0x14f6a9e70;  1 drivers
v0x14f6349a0_0 .net *"_ivl_7", 0 0, L_0x14f6a8430;  1 drivers
v0x14f634a50_0 .net *"_ivl_70", 0 0, L_0x14f6a9fe0;  1 drivers
v0x14f634b00_0 .net *"_ivl_72", 0 0, L_0x14f6aa110;  1 drivers
v0x14f634bb0_0 .net *"_ivl_73", 0 0, L_0x14f6a9cb0;  1 drivers
v0x14f634c60_0 .net *"_ivl_76", 0 0, L_0x14f6aa1f0;  1 drivers
v0x14f634d10_0 .net *"_ivl_77", 0 0, L_0x14f6aa330;  1 drivers
v0x14f634dc0_0 .net *"_ivl_80", 0 0, L_0x14f6aa450;  1 drivers
v0x14f634e70_0 .net *"_ivl_81", 0 0, L_0x14f6aa4f0;  1 drivers
v0x14f634f20_0 .net *"_ivl_83", 0 0, L_0x14f6aa5c0;  1 drivers
v0x14f634fd0_0 .net *"_ivl_86", 0 0, L_0x14f6aa790;  1 drivers
v0x14f635080_0 .net *"_ivl_88", 0 0, L_0x14f6aa290;  1 drivers
v0x14f635130_0 .net *"_ivl_90", 0 0, L_0x14f6aa930;  1 drivers
v0x14f6351e0_0 .net *"_ivl_91", 0 0, L_0x14f6a8be0;  1 drivers
v0x14f635290_0 .net *"_ivl_93", 0 0, L_0x14f6aaad0;  1 drivers
v0x14f635340_0 .net *"_ivl_96", 0 0, L_0x14f6aa6f0;  1 drivers
v0x14f6353f0_0 .net *"_ivl_98", 0 0, L_0x14f6aac70;  1 drivers
v0x14f633da0_0 .net *"_ivl_99", 0 0, L_0x14f6aade0;  1 drivers
v0x14f633e50_0 .net "a", 3 0, L_0x14f6ac2f0;  1 drivers
v0x14f635480_0 .net "b", 3 0, L_0x14f6ac390;  1 drivers
v0x14f635510_0 .net "c", 3 0, L_0x14f6a93f0;  1 drivers
v0x14f6355a0_0 .net "cin", 0 0, L_0x14f6a7b90;  alias, 1 drivers
v0x14f635630_0 .net "cout", 0 0, L_0x14f6abd20;  alias, 1 drivers
v0x14f6356c0_0 .net "sum", 3 0, L_0x14f6abf20;  1 drivers
L_0x14f6a8520 .part L_0x14f6a8300, 0, 1;
L_0x14f6a8600 .part L_0x14f6a7e00, 0, 1;
L_0x14f6a86e0 .part L_0x14f6a93f0, 0, 1;
L_0x14f6a89d0 .part L_0x14f6a8300, 1, 1;
L_0x14f6a8a70 .part L_0x14f6a7e00, 1, 1;
L_0x14f6a8b40 .part L_0x14f6a8300, 0, 1;
L_0x14f6a8e60 .part L_0x14f6a7e00, 1, 1;
L_0x14f6a8f80 .part L_0x14f6a7e00, 0, 1;
L_0x14f6a9110 .part L_0x14f6a93f0, 0, 1;
L_0x14f6a93f0 .concat8 [ 1 1 1 1], L_0x14f6a8430, L_0x14f6a88b0, L_0x14f6a9340, L_0x14f6aa5c0;
L_0x14f6a9580 .part L_0x14f6a8300, 2, 1;
L_0x14f6a9680 .part L_0x14f6a7e00, 2, 1;
L_0x14f6a9720 .part L_0x14f6a8300, 1, 1;
L_0x14f6a99f0 .part L_0x14f6a7e00, 2, 1;
L_0x14f6a9a90 .part L_0x14f6a7e00, 1, 1;
L_0x14f6a9d20 .part L_0x14f6a8300, 0, 1;
L_0x14f6a9fe0 .part L_0x14f6a7e00, 2, 1;
L_0x14f6aa110 .part L_0x14f6a7e00, 1, 1;
L_0x14f6aa1f0 .part L_0x14f6a7e00, 0, 1;
L_0x14f6aa450 .part L_0x14f6a93f0, 0, 1;
L_0x14f6aa790 .part L_0x14f6a8300, 3, 1;
L_0x14f6aa290 .part L_0x14f6a7e00, 3, 1;
L_0x14f6aa930 .part L_0x14f6a8300, 2, 1;
L_0x14f6aa6f0 .part L_0x14f6a7e00, 3, 1;
L_0x14f6aac70 .part L_0x14f6a7e00, 2, 1;
L_0x14f6aae70 .part L_0x14f6a8300, 1, 1;
L_0x14f6ab130 .part L_0x14f6a7e00, 3, 1;
L_0x14f6ab2b0 .part L_0x14f6a7e00, 2, 1;
L_0x14f6a9b70 .part L_0x14f6a7e00, 1, 1;
L_0x14f6ab1d0 .part L_0x14f6a8300, 0, 1;
L_0x14f6ab950 .part L_0x14f6a7e00, 3, 1;
L_0x14f6abaf0 .part L_0x14f6a7e00, 2, 1;
L_0x14f6abc80 .part L_0x14f6a7e00, 1, 1;
L_0x14f6aba30 .part L_0x14f6a7e00, 0, 1;
L_0x14f6ac020 .part L_0x14f6a93f0, 0, 1;
S_0x14f635750 .scope module, "n3" "cla_4" 6 16, 7 3 0, S_0x14f62ebb0;
 .timescale -9 -11;
    .port_info 0 /INPUT 4 "a";
    .port_info 1 /INPUT 4 "b";
    .port_info 2 /INPUT 1 "cin";
    .port_info 3 /OUTPUT 4 "sum";
    .port_info 4 /OUTPUT 1 "cout";
L_0x14f6ac430 .functor XOR 4, L_0x14f6b04b0, L_0x14f6b0550, C4<0000>, C4<0000>;
L_0x14f6ac4a0 .functor AND 4, L_0x14f6b04b0, L_0x14f6b0550, C4<1111>, C4<1111>;
L_0x14f6ac5d0 .functor BUFZ 1, L_0x14f6abd20, C4<0>, C4<0>, C4<0>;
L_0x14f6ac940 .functor AND 1, L_0x14f6ac7a0, L_0x14f6ac880, C4<1>, C4<1>;
L_0x14f6aca70 .functor OR 1, L_0x14f6ac6c0, L_0x14f6ac940, C4<0>, C4<0>;
L_0x14f6ace20 .functor AND 1, L_0x14f6acc30, L_0x14f6acd00, C4<1>, C4<1>;
L_0x14f6acef0 .functor OR 1, L_0x14f6acb90, L_0x14f6ace20, C4<0>, C4<0>;
L_0x14f6ad1e0 .functor AND 1, L_0x14f6ad020, L_0x14f6ad140, C4<1>, C4<1>;
L_0x14f6ad400 .functor AND 1, L_0x14f6ad1e0, L_0x14f6ad2d0, C4<1>, C4<1>;
L_0x14f6ad500 .functor OR 1, L_0x14f6acef0, L_0x14f6ad400, C4<0>, C4<0>;
L_0x14f6ad9f0 .functor AND 1, L_0x14f6ad840, L_0x14f6ad8e0, C4<1>, C4<1>;
L_0x14f6adb00 .functor OR 1, L_0x14f6ad740, L_0x14f6ad9f0, C4<0>, C4<0>;
L_0x14f6ad980 .functor AND 1, L_0x14f6adbb0, L_0x14f6adc50, C4<1>, C4<1>;
L_0x14f6adf80 .functor AND 1, L_0x14f6ad980, L_0x14f6adee0, C4<1>, C4<1>;
L_0x14f6ae030 .functor OR 1, L_0x14f6adb00, L_0x14f6adf80, C4<0>, C4<0>;
L_0x14f6ade70 .functor AND 1, L_0x14f6ae1a0, L_0x14f6ae2d0, C4<1>, C4<1>;
L_0x14f6ae4f0 .functor AND 1, L_0x14f6ade70, L_0x14f6ae3b0, C4<1>, C4<1>;
L_0x14f6ae6b0 .functor AND 1, L_0x14f6ae4f0, L_0x14f6ae610, C4<1>, C4<1>;
L_0x14f6ae780 .functor OR 1, L_0x14f6ae030, L_0x14f6ae6b0, C4<0>, C4<0>;
L_0x14f6acda0 .functor AND 1, L_0x14f6ae450, L_0x14f6aeaf0, C4<1>, C4<1>;
L_0x14f6aec90 .functor OR 1, L_0x14f6ae950, L_0x14f6acda0, C4<0>, C4<0>;
L_0x14f6aefa0 .functor AND 1, L_0x14f6ae8b0, L_0x14f6aee30, C4<1>, C4<1>;
L_0x14f6af0d0 .functor AND 1, L_0x14f6aefa0, L_0x14f6af030, C4<1>, C4<1>;
L_0x14f6af280 .functor OR 1, L_0x14f6aec90, L_0x14f6af0d0, C4<0>, C4<0>;
L_0x14f6aeed0 .functor AND 1, L_0x14f6af2f0, L_0x14f6af470, C4<1>, C4<1>;
L_0x14f6af1c0 .functor AND 1, L_0x14f6aeed0, L_0x14f6add30, C4<1>, C4<1>;
L_0x14f6af8d0 .functor AND 1, L_0x14f6af1c0, L_0x14f6af390, C4<1>, C4<1>;
L_0x14f6afaa0 .functor OR 1, L_0x14f6af280, L_0x14f6af8d0, C4<0>, C4<0>;
L_0x14f6af790 .functor AND 1, L_0x14f6afb10, L_0x14f6afcb0, C4<1>, C4<1>;
L_0x14f6af9c0 .functor AND 1, L_0x14f6af790, L_0x14f6afe40, C4<1>, C4<1>;
L_0x14f6afff0 .functor AND 1, L_0x14f6af9c0, L_0x14f6afbf0, C4<1>, C4<1>;
L_0x14f6afd50 .functor AND 1, L_0x14f6afff0, L_0x14f6b01e0, C4<1>, C4<1>;
L_0x14f6afee0 .functor OR 1, L_0x14f6afaa0, L_0x14f6afd50, C4<0>, C4<0>;
L_0x14f6b00e0 .functor XOR 4, L_0x14f6ac430, L_0x14f6ad5b0, C4<0000>, C4<0000>;
v0x14f6359b0_0 .net "G", 3 0, L_0x14f6ac4a0;  1 drivers
v0x14f635a60_0 .net "P", 3 0, L_0x14f6ac430;  1 drivers
v0x14f635b10_0 .net *"_ivl_102", 0 0, L_0x14f6af030;  1 drivers
v0x14f635bd0_0 .net *"_ivl_103", 0 0, L_0x14f6af0d0;  1 drivers
v0x14f635c80_0 .net *"_ivl_105", 0 0, L_0x14f6af280;  1 drivers
v0x14f635d70_0 .net *"_ivl_108", 0 0, L_0x14f6af2f0;  1 drivers
v0x14f635e20_0 .net *"_ivl_11", 0 0, L_0x14f6ac6c0;  1 drivers
v0x14f635ed0_0 .net *"_ivl_110", 0 0, L_0x14f6af470;  1 drivers
v0x14f635f80_0 .net *"_ivl_111", 0 0, L_0x14f6aeed0;  1 drivers
v0x14f636090_0 .net *"_ivl_114", 0 0, L_0x14f6add30;  1 drivers
v0x14f636140_0 .net *"_ivl_115", 0 0, L_0x14f6af1c0;  1 drivers
v0x14f6361f0_0 .net *"_ivl_118", 0 0, L_0x14f6af390;  1 drivers
v0x14f6362a0_0 .net *"_ivl_119", 0 0, L_0x14f6af8d0;  1 drivers
v0x14f636350_0 .net *"_ivl_121", 0 0, L_0x14f6afaa0;  1 drivers
v0x14f636400_0 .net *"_ivl_124", 0 0, L_0x14f6afb10;  1 drivers
v0x14f6364b0_0 .net *"_ivl_126", 0 0, L_0x14f6afcb0;  1 drivers
v0x14f636560_0 .net *"_ivl_127", 0 0, L_0x14f6af790;  1 drivers
v0x14f6366f0_0 .net *"_ivl_13", 0 0, L_0x14f6ac7a0;  1 drivers
v0x14f636780_0 .net *"_ivl_130", 0 0, L_0x14f6afe40;  1 drivers
v0x14f636830_0 .net *"_ivl_131", 0 0, L_0x14f6af9c0;  1 drivers
v0x14f6368e0_0 .net *"_ivl_134", 0 0, L_0x14f6afbf0;  1 drivers
v0x14f636990_0 .net *"_ivl_135", 0 0, L_0x14f6afff0;  1 drivers
v0x14f636a40_0 .net *"_ivl_138", 0 0, L_0x14f6b01e0;  1 drivers
v0x14f636af0_0 .net *"_ivl_139", 0 0, L_0x14f6afd50;  1 drivers
v0x14f636ba0_0 .net *"_ivl_15", 0 0, L_0x14f6ac880;  1 drivers
v0x14f636c50_0 .net *"_ivl_16", 0 0, L_0x14f6ac940;  1 drivers
v0x14f636d00_0 .net *"_ivl_18", 0 0, L_0x14f6aca70;  1 drivers
v0x14f636db0_0 .net *"_ivl_23", 0 0, L_0x14f6acb90;  1 drivers
v0x14f636e60_0 .net *"_ivl_25", 0 0, L_0x14f6acc30;  1 drivers
v0x14f636f10_0 .net *"_ivl_27", 0 0, L_0x14f6acd00;  1 drivers
v0x14f636fc0_0 .net *"_ivl_28", 0 0, L_0x14f6ace20;  1 drivers
v0x14f637070_0 .net *"_ivl_30", 0 0, L_0x14f6acef0;  1 drivers
v0x14f637120_0 .net *"_ivl_33", 0 0, L_0x14f6ad020;  1 drivers
v0x14f636610_0 .net *"_ivl_35", 0 0, L_0x14f6ad140;  1 drivers
v0x14f6373b0_0 .net *"_ivl_36", 0 0, L_0x14f6ad1e0;  1 drivers
v0x14f637440_0 .net *"_ivl_39", 0 0, L_0x14f6ad2d0;  1 drivers
v0x14f6374e0_0 .net *"_ivl_40", 0 0, L_0x14f6ad400;  1 drivers
v0x14f637590_0 .net *"_ivl_42", 0 0, L_0x14f6ad500;  1 drivers
v0x14f637640_0 .net *"_ivl_48", 0 0, L_0x14f6ad740;  1 drivers
v0x14f6376f0_0 .net *"_ivl_50", 0 0, L_0x14f6ad840;  1 drivers
v0x14f6377a0_0 .net *"_ivl_52", 0 0, L_0x14f6ad8e0;  1 drivers
v0x14f637850_0 .net *"_ivl_53", 0 0, L_0x14f6ad9f0;  1 drivers
v0x14f637900_0 .net *"_ivl_55", 0 0, L_0x14f6adb00;  1 drivers
v0x14f6379b0_0 .net *"_ivl_58", 0 0, L_0x14f6adbb0;  1 drivers
v0x14f637a60_0 .net *"_ivl_60", 0 0, L_0x14f6adc50;  1 drivers
v0x14f637b10_0 .net *"_ivl_61", 0 0, L_0x14f6ad980;  1 drivers
v0x14f637bc0_0 .net *"_ivl_64", 0 0, L_0x14f6adee0;  1 drivers
v0x14f637c70_0 .net *"_ivl_65", 0 0, L_0x14f6adf80;  1 drivers
v0x14f637d20_0 .net *"_ivl_67", 0 0, L_0x14f6ae030;  1 drivers
v0x14f637dd0_0 .net *"_ivl_7", 0 0, L_0x14f6ac5d0;  1 drivers
v0x14f637e80_0 .net *"_ivl_70", 0 0, L_0x14f6ae1a0;  1 drivers
v0x14f637f30_0 .net *"_ivl_72", 0 0, L_0x14f6ae2d0;  1 drivers
v0x14f637fe0_0 .net *"_ivl_73", 0 0, L_0x14f6ade70;  1 drivers
v0x14f638090_0 .net *"_ivl_76", 0 0, L_0x14f6ae3b0;  1 drivers
v0x14f638140_0 .net *"_ivl_77", 0 0, L_0x14f6ae4f0;  1 drivers
v0x14f6381f0_0 .net *"_ivl_80", 0 0, L_0x14f6ae610;  1 drivers
v0x14f6382a0_0 .net *"_ivl_81", 0 0, L_0x14f6ae6b0;  1 drivers
v0x14f638350_0 .net *"_ivl_83", 0 0, L_0x14f6ae780;  1 drivers
v0x14f638400_0 .net *"_ivl_86", 0 0, L_0x14f6ae950;  1 drivers
v0x14f6384b0_0 .net *"_ivl_88", 0 0, L_0x14f6ae450;  1 drivers
v0x14f638560_0 .net *"_ivl_90", 0 0, L_0x14f6aeaf0;  1 drivers
v0x14f638610_0 .net *"_ivl_91", 0 0, L_0x14f6acda0;  1 drivers
v0x14f6386c0_0 .net *"_ivl_93", 0 0, L_0x14f6aec90;  1 drivers
v0x14f638770_0 .net *"_ivl_96", 0 0, L_0x14f6ae8b0;  1 drivers
v0x14f638820_0 .net *"_ivl_98", 0 0, L_0x14f6aee30;  1 drivers
v0x14f6371d0_0 .net *"_ivl_99", 0 0, L_0x14f6aefa0;  1 drivers
v0x14f637280_0 .net "a", 3 0, L_0x14f6b04b0;  1 drivers
v0x14f6388b0_0 .net "b", 3 0, L_0x14f6b0550;  1 drivers
v0x14f638940_0 .net "c", 3 0, L_0x14f6ad5b0;  1 drivers
v0x14f6389d0_0 .net "cin", 0 0, L_0x14f6abd20;  alias, 1 drivers
v0x14f638a60_0 .net "cout", 0 0, L_0x14f6afee0;  alias, 1 drivers
v0x14f638af0_0 .net "sum", 3 0, L_0x14f6b00e0;  1 drivers
L_0x14f6ac6c0 .part L_0x14f6ac4a0, 0, 1;
L_0x14f6ac7a0 .part L_0x14f6ac430, 0, 1;
L_0x14f6ac880 .part L_0x14f6ad5b0, 0, 1;
L_0x14f6acb90 .part L_0x14f6ac4a0, 1, 1;
L_0x14f6acc30 .part L_0x14f6ac430, 1, 1;
L_0x14f6acd00 .part L_0x14f6ac4a0, 0, 1;
L_0x14f6ad020 .part L_0x14f6ac430, 1, 1;
L_0x14f6ad140 .part L_0x14f6ac430, 0, 1;
L_0x14f6ad2d0 .part L_0x14f6ad5b0, 0, 1;
L_0x14f6ad5b0 .concat8 [ 1 1 1 1], L_0x14f6ac5d0, L_0x14f6aca70, L_0x14f6ad500, L_0x14f6ae780;
L_0x14f6ad740 .part L_0x14f6ac4a0, 2, 1;
L_0x14f6ad840 .part L_0x14f6ac430, 2, 1;
L_0x14f6ad8e0 .part L_0x14f6ac4a0, 1, 1;
L_0x14f6adbb0 .part L_0x14f6ac430, 2, 1;
L_0x14f6adc50 .part L_0x14f6ac430, 1, 1;
L_0x14f6adee0 .part L_0x14f6ac4a0, 0, 1;
L_0x14f6ae1a0 .part L_0x14f6ac430, 2, 1;
L_0x14f6ae2d0 .part L_0x14f6ac430, 1, 1;
L_0x14f6ae3b0 .part L_0x14f6ac430, 0, 1;
L_0x14f6ae610 .part L_0x14f6ad5b0, 0, 1;
L_0x14f6ae950 .part L_0x14f6ac4a0, 3, 1;
L_0x14f6ae450 .part L_0x14f6ac430, 3, 1;
L_0x14f6aeaf0 .part L_0x14f6ac4a0, 2, 1;
L_0x14f6ae8b0 .part L_0x14f6ac430, 3, 1;
L_0x14f6aee30 .part L_0x14f6ac430, 2, 1;
L_0x14f6af030 .part L_0x14f6ac4a0, 1, 1;
L_0x14f6af2f0 .part L_0x14f6ac430, 3, 1;
L_0x14f6af470 .part L_0x14f6ac430, 2, 1;
L_0x14f6add30 .part L_0x14f6ac430, 1, 1;
L_0x14f6af390 .part L_0x14f6ac4a0, 0, 1;
L_0x14f6afb10 .part L_0x14f6ac430, 3, 1;
L_0x14f6afcb0 .part L_0x14f6ac430, 2, 1;
L_0x14f6afe40 .part L_0x14f6ac430, 1, 1;
L_0x14f6afbf0 .part L_0x14f6ac430, 0, 1;
L_0x14f6b01e0 .part L_0x14f6ad5b0, 0, 1;
S_0x14f638b80 .scope module, "n4" "cla_4" 6 17, 7 3 0, S_0x14f62ebb0;
 .timescale -9 -11;
    .port_info 0 /INPUT 4 "a";
    .port_info 1 /INPUT 4 "b";
    .port_info 2 /INPUT 1 "cin";
    .port_info 3 /OUTPUT 4 "sum";
    .port_info 4 /OUTPUT 1 "cout";
L_0x14f6b05f0 .functor XOR 4, L_0x14f6b4630, L_0x14f6b46d0, C4<0000>, C4<0000>;
L_0x14f6b0660 .functor AND 4, L_0x14f6b4630, L_0x14f6b46d0, C4<1111>, C4<1111>;
L_0x14f6b0750 .functor BUFZ 1, L_0x14f6afee0, C4<0>, C4<0>, C4<0>;
L_0x14f6b0ac0 .functor AND 1, L_0x14f6b0920, L_0x14f6b0a00, C4<1>, C4<1>;
L_0x14f6b0bf0 .functor OR 1, L_0x14f6b0840, L_0x14f6b0ac0, C4<0>, C4<0>;
L_0x14f6b0fa0 .functor AND 1, L_0x14f6b0db0, L_0x14f6b0e80, C4<1>, C4<1>;
L_0x14f6b1070 .functor OR 1, L_0x14f6b0d10, L_0x14f6b0fa0, C4<0>, C4<0>;
L_0x14f6b1360 .functor AND 1, L_0x14f6b11a0, L_0x14f6b12c0, C4<1>, C4<1>;
L_0x14f6b1580 .functor AND 1, L_0x14f6b1360, L_0x14f6b1450, C4<1>, C4<1>;
L_0x14f6b1680 .functor OR 1, L_0x14f6b1070, L_0x14f6b1580, C4<0>, C4<0>;
L_0x14f6b1b70 .functor AND 1, L_0x14f6b19c0, L_0x14f6b1a60, C4<1>, C4<1>;
L_0x14f6b1c80 .functor OR 1, L_0x14f6b18c0, L_0x14f6b1b70, C4<0>, C4<0>;
L_0x14f6b1b00 .functor AND 1, L_0x14f6b1d30, L_0x14f6b1dd0, C4<1>, C4<1>;
L_0x14f6b2100 .functor AND 1, L_0x14f6b1b00, L_0x14f6b2060, C4<1>, C4<1>;
L_0x14f6b21b0 .functor OR 1, L_0x14f6b1c80, L_0x14f6b2100, C4<0>, C4<0>;
L_0x14f6b1ff0 .functor AND 1, L_0x14f6b2320, L_0x14f6b2450, C4<1>, C4<1>;
L_0x14f6b2670 .functor AND 1, L_0x14f6b1ff0, L_0x14f6b2530, C4<1>, C4<1>;
L_0x14f6b2830 .functor AND 1, L_0x14f6b2670, L_0x14f6b2790, C4<1>, C4<1>;
L_0x14f6b2900 .functor OR 1, L_0x14f6b21b0, L_0x14f6b2830, C4<0>, C4<0>;
L_0x14f6b0f20 .functor AND 1, L_0x14f6b25d0, L_0x14f6b2c70, C4<1>, C4<1>;
L_0x14f6b2e10 .functor OR 1, L_0x14f6b2ad0, L_0x14f6b0f20, C4<0>, C4<0>;
L_0x14f6b3120 .functor AND 1, L_0x14f6b2a30, L_0x14f6b2fb0, C4<1>, C4<1>;
L_0x14f6b3250 .functor AND 1, L_0x14f6b3120, L_0x14f6b31b0, C4<1>, C4<1>;
L_0x14f6b3400 .functor OR 1, L_0x14f6b2e10, L_0x14f6b3250, C4<0>, C4<0>;
L_0x14f6b3050 .functor AND 1, L_0x14f6b3470, L_0x14f6b35f0, C4<1>, C4<1>;
L_0x14f6b3340 .functor AND 1, L_0x14f6b3050, L_0x14f6b1eb0, C4<1>, C4<1>;
L_0x14f6b3a50 .functor AND 1, L_0x14f6b3340, L_0x14f6b3510, C4<1>, C4<1>;
L_0x14f6b3c20 .functor OR 1, L_0x14f6b3400, L_0x14f6b3a50, C4<0>, C4<0>;
L_0x14f6b3910 .functor AND 1, L_0x14f6b3c90, L_0x14f6b3e30, C4<1>, C4<1>;
L_0x14f6b3b40 .functor AND 1, L_0x14f6b3910, L_0x14f6b3fc0, C4<1>, C4<1>;
L_0x14f6b4170 .functor AND 1, L_0x14f6b3b40, L_0x14f6b3d70, C4<1>, C4<1>;
L_0x14f6b3ed0 .functor AND 1, L_0x14f6b4170, L_0x14f6b4360, C4<1>, C4<1>;
L_0x14f6b4060 .functor OR 1, L_0x14f6b3c20, L_0x14f6b3ed0, C4<0>, C4<0>;
L_0x14f6b4260 .functor XOR 4, L_0x14f6b05f0, L_0x14f6b1730, C4<0000>, C4<0000>;
v0x14f638dc0_0 .net "G", 3 0, L_0x14f6b0660;  1 drivers
v0x14f638e80_0 .net "P", 3 0, L_0x14f6b05f0;  1 drivers
v0x14f638f30_0 .net *"_ivl_102", 0 0, L_0x14f6b31b0;  1 drivers
v0x14f638ff0_0 .net *"_ivl_103", 0 0, L_0x14f6b3250;  1 drivers
v0x14f6390a0_0 .net *"_ivl_105", 0 0, L_0x14f6b3400;  1 drivers
v0x14f639190_0 .net *"_ivl_108", 0 0, L_0x14f6b3470;  1 drivers
v0x14f639240_0 .net *"_ivl_11", 0 0, L_0x14f6b0840;  1 drivers
v0x14f6392f0_0 .net *"_ivl_110", 0 0, L_0x14f6b35f0;  1 drivers
v0x14f6393a0_0 .net *"_ivl_111", 0 0, L_0x14f6b3050;  1 drivers
v0x14f6394b0_0 .net *"_ivl_114", 0 0, L_0x14f6b1eb0;  1 drivers
v0x14f639560_0 .net *"_ivl_115", 0 0, L_0x14f6b3340;  1 drivers
v0x14f639610_0 .net *"_ivl_118", 0 0, L_0x14f6b3510;  1 drivers
v0x14f6396c0_0 .net *"_ivl_119", 0 0, L_0x14f6b3a50;  1 drivers
v0x14f639770_0 .net *"_ivl_121", 0 0, L_0x14f6b3c20;  1 drivers
v0x14f639820_0 .net *"_ivl_124", 0 0, L_0x14f6b3c90;  1 drivers
v0x14f6398d0_0 .net *"_ivl_126", 0 0, L_0x14f6b3e30;  1 drivers
v0x14f639980_0 .net *"_ivl_127", 0 0, L_0x14f6b3910;  1 drivers
v0x14f639b10_0 .net *"_ivl_13", 0 0, L_0x14f6b0920;  1 drivers
v0x14f639ba0_0 .net *"_ivl_130", 0 0, L_0x14f6b3fc0;  1 drivers
v0x14f639c50_0 .net *"_ivl_131", 0 0, L_0x14f6b3b40;  1 drivers
v0x14f639d00_0 .net *"_ivl_134", 0 0, L_0x14f6b3d70;  1 drivers
v0x14f639db0_0 .net *"_ivl_135", 0 0, L_0x14f6b4170;  1 drivers
v0x14f639e60_0 .net *"_ivl_138", 0 0, L_0x14f6b4360;  1 drivers
v0x14f639f10_0 .net *"_ivl_139", 0 0, L_0x14f6b3ed0;  1 drivers
v0x14f639fc0_0 .net *"_ivl_15", 0 0, L_0x14f6b0a00;  1 drivers
v0x14f63a070_0 .net *"_ivl_16", 0 0, L_0x14f6b0ac0;  1 drivers
v0x14f63a120_0 .net *"_ivl_18", 0 0, L_0x14f6b0bf0;  1 drivers
v0x14f63a1d0_0 .net *"_ivl_23", 0 0, L_0x14f6b0d10;  1 drivers
v0x14f63a280_0 .net *"_ivl_25", 0 0, L_0x14f6b0db0;  1 drivers
v0x14f63a330_0 .net *"_ivl_27", 0 0, L_0x14f6b0e80;  1 drivers
v0x14f63a3e0_0 .net *"_ivl_28", 0 0, L_0x14f6b0fa0;  1 drivers
v0x14f63a490_0 .net *"_ivl_30", 0 0, L_0x14f6b1070;  1 drivers
v0x14f63a540_0 .net *"_ivl_33", 0 0, L_0x14f6b11a0;  1 drivers
v0x14f639a30_0 .net *"_ivl_35", 0 0, L_0x14f6b12c0;  1 drivers
v0x14f63a7d0_0 .net *"_ivl_36", 0 0, L_0x14f6b1360;  1 drivers
v0x14f63a860_0 .net *"_ivl_39", 0 0, L_0x14f6b1450;  1 drivers
v0x14f63a900_0 .net *"_ivl_40", 0 0, L_0x14f6b1580;  1 drivers
v0x14f63a9b0_0 .net *"_ivl_42", 0 0, L_0x14f6b1680;  1 drivers
v0x14f63aa60_0 .net *"_ivl_48", 0 0, L_0x14f6b18c0;  1 drivers
v0x14f63ab10_0 .net *"_ivl_50", 0 0, L_0x14f6b19c0;  1 drivers
v0x14f63abc0_0 .net *"_ivl_52", 0 0, L_0x14f6b1a60;  1 drivers
v0x14f63ac70_0 .net *"_ivl_53", 0 0, L_0x14f6b1b70;  1 drivers
v0x14f63ad20_0 .net *"_ivl_55", 0 0, L_0x14f6b1c80;  1 drivers
v0x14f63add0_0 .net *"_ivl_58", 0 0, L_0x14f6b1d30;  1 drivers
v0x14f63ae80_0 .net *"_ivl_60", 0 0, L_0x14f6b1dd0;  1 drivers
v0x14f63af30_0 .net *"_ivl_61", 0 0, L_0x14f6b1b00;  1 drivers
v0x14f63afe0_0 .net *"_ivl_64", 0 0, L_0x14f6b2060;  1 drivers
v0x14f63b090_0 .net *"_ivl_65", 0 0, L_0x14f6b2100;  1 drivers
v0x14f63b140_0 .net *"_ivl_67", 0 0, L_0x14f6b21b0;  1 drivers
v0x14f63b1f0_0 .net *"_ivl_7", 0 0, L_0x14f6b0750;  1 drivers
v0x14f63b2a0_0 .net *"_ivl_70", 0 0, L_0x14f6b2320;  1 drivers
v0x14f63b350_0 .net *"_ivl_72", 0 0, L_0x14f6b2450;  1 drivers
v0x14f63b400_0 .net *"_ivl_73", 0 0, L_0x14f6b1ff0;  1 drivers
v0x14f63b4b0_0 .net *"_ivl_76", 0 0, L_0x14f6b2530;  1 drivers
v0x14f63b560_0 .net *"_ivl_77", 0 0, L_0x14f6b2670;  1 drivers
v0x14f63b610_0 .net *"_ivl_80", 0 0, L_0x14f6b2790;  1 drivers
v0x14f63b6c0_0 .net *"_ivl_81", 0 0, L_0x14f6b2830;  1 drivers
v0x14f63b770_0 .net *"_ivl_83", 0 0, L_0x14f6b2900;  1 drivers
v0x14f63b820_0 .net *"_ivl_86", 0 0, L_0x14f6b2ad0;  1 drivers
v0x14f63b8d0_0 .net *"_ivl_88", 0 0, L_0x14f6b25d0;  1 drivers
v0x14f63b980_0 .net *"_ivl_90", 0 0, L_0x14f6b2c70;  1 drivers
v0x14f63ba30_0 .net *"_ivl_91", 0 0, L_0x14f6b0f20;  1 drivers
v0x14f63bae0_0 .net *"_ivl_93", 0 0, L_0x14f6b2e10;  1 drivers
v0x14f63bb90_0 .net *"_ivl_96", 0 0, L_0x14f6b2a30;  1 drivers
v0x14f63bc40_0 .net *"_ivl_98", 0 0, L_0x14f6b2fb0;  1 drivers
v0x14f63a5f0_0 .net *"_ivl_99", 0 0, L_0x14f6b3120;  1 drivers
v0x14f63a6a0_0 .net "a", 3 0, L_0x14f6b4630;  1 drivers
v0x14f63bcd0_0 .net "b", 3 0, L_0x14f6b46d0;  1 drivers
v0x14f63bd60_0 .net "c", 3 0, L_0x14f6b1730;  1 drivers
v0x14f63bdf0_0 .net "cin", 0 0, L_0x14f6afee0;  alias, 1 drivers
v0x14f63be80_0 .net "cout", 0 0, L_0x14f6b4060;  alias, 1 drivers
v0x14f63bf10_0 .net "sum", 3 0, L_0x14f6b4260;  1 drivers
L_0x14f6b0840 .part L_0x14f6b0660, 0, 1;
L_0x14f6b0920 .part L_0x14f6b05f0, 0, 1;
L_0x14f6b0a00 .part L_0x14f6b1730, 0, 1;
L_0x14f6b0d10 .part L_0x14f6b0660, 1, 1;
L_0x14f6b0db0 .part L_0x14f6b05f0, 1, 1;
L_0x14f6b0e80 .part L_0x14f6b0660, 0, 1;
L_0x14f6b11a0 .part L_0x14f6b05f0, 1, 1;
L_0x14f6b12c0 .part L_0x14f6b05f0, 0, 1;
L_0x14f6b1450 .part L_0x14f6b1730, 0, 1;
L_0x14f6b1730 .concat8 [ 1 1 1 1], L_0x14f6b0750, L_0x14f6b0bf0, L_0x14f6b1680, L_0x14f6b2900;
L_0x14f6b18c0 .part L_0x14f6b0660, 2, 1;
L_0x14f6b19c0 .part L_0x14f6b05f0, 2, 1;
L_0x14f6b1a60 .part L_0x14f6b0660, 1, 1;
L_0x14f6b1d30 .part L_0x14f6b05f0, 2, 1;
L_0x14f6b1dd0 .part L_0x14f6b05f0, 1, 1;
L_0x14f6b2060 .part L_0x14f6b0660, 0, 1;
L_0x14f6b2320 .part L_0x14f6b05f0, 2, 1;
L_0x14f6b2450 .part L_0x14f6b05f0, 1, 1;
L_0x14f6b2530 .part L_0x14f6b05f0, 0, 1;
L_0x14f6b2790 .part L_0x14f6b1730, 0, 1;
L_0x14f6b2ad0 .part L_0x14f6b0660, 3, 1;
L_0x14f6b25d0 .part L_0x14f6b05f0, 3, 1;
L_0x14f6b2c70 .part L_0x14f6b0660, 2, 1;
L_0x14f6b2a30 .part L_0x14f6b05f0, 3, 1;
L_0x14f6b2fb0 .part L_0x14f6b05f0, 2, 1;
L_0x14f6b31b0 .part L_0x14f6b0660, 1, 1;
L_0x14f6b3470 .part L_0x14f6b05f0, 3, 1;
L_0x14f6b35f0 .part L_0x14f6b05f0, 2, 1;
L_0x14f6b1eb0 .part L_0x14f6b05f0, 1, 1;
L_0x14f6b3510 .part L_0x14f6b0660, 0, 1;
L_0x14f6b3c90 .part L_0x14f6b05f0, 3, 1;
L_0x14f6b3e30 .part L_0x14f6b05f0, 2, 1;
L_0x14f6b3fc0 .part L_0x14f6b05f0, 1, 1;
L_0x14f6b3d70 .part L_0x14f6b05f0, 0, 1;
L_0x14f6b4360 .part L_0x14f6b1730, 0, 1;
S_0x14f63c590 .scope module, "n2" "cla16" 6 33, 6 4 0, S_0x14f62e890;
 .timescale -9 -11;
    .port_info 0 /INPUT 16 "d1";
    .port_info 1 /INPUT 16 "d2";
    .port_info 2 /INPUT 1 "cin";
    .port_info 3 /OUTPUT 16 "sum";
    .port_info 4 /OUTPUT 1 "cout";
P_0x14f63c760 .param/l "DATA_WIDTH" 0 6 4, +C4<00000000000000000000000000100000>;
v0x14f649950_0 .net "c1", 0 0, L_0x14f6b85f0;  1 drivers
v0x14f649a30_0 .net "c2", 0 0, L_0x14f6bc7a0;  1 drivers
v0x14f649b00_0 .net "c3", 0 0, L_0x14f6c0980;  1 drivers
v0x14f649bd0_0 .net "cin", 0 0, L_0x14f6b4060;  alias, 1 drivers
v0x14f649c60_0 .net8 "cout", 0 0, RS_0x150057f90;  alias, 3 drivers
v0x14f649d30_0 .net "d1", 15 0, L_0x14f6c5440;  1 drivers
v0x14f649dc0_0 .net "d2", 15 0, L_0x14f6c54e0;  1 drivers
v0x14f649e50_0 .net "sum", 15 0, L_0x14f6c5290;  1 drivers
L_0x14f6b8bc0 .part L_0x14f6c5440, 0, 4;
L_0x14f6b8c60 .part L_0x14f6c54e0, 0, 4;
L_0x14f6bcd70 .part L_0x14f6c5440, 4, 4;
L_0x14f6bce10 .part L_0x14f6c54e0, 4, 4;
L_0x14f6c0f50 .part L_0x14f6c5440, 8, 4;
L_0x14f6c0ff0 .part L_0x14f6c54e0, 8, 4;
L_0x14f6c50d0 .part L_0x14f6c5440, 12, 4;
L_0x14f6c5170 .part L_0x14f6c54e0, 12, 4;
L_0x14f6c5290 .concat8 [ 4 4 4 4], L_0x14f6b87f0, L_0x14f6bc9a0, L_0x14f6c0b80, L_0x14f6c4d00;
S_0x14f63c890 .scope module, "n1" "cla_4" 6 14, 7 3 0, S_0x14f63c590;
 .timescale -9 -11;
    .port_info 0 /INPUT 4 "a";
    .port_info 1 /INPUT 4 "b";
    .port_info 2 /INPUT 1 "cin";
    .port_info 3 /OUTPUT 4 "sum";
    .port_info 4 /OUTPUT 1 "cout";
L_0x14f6b4c40 .functor XOR 4, L_0x14f6b8bc0, L_0x14f6b8c60, C4<0000>, C4<0000>;
L_0x14f6b4cb0 .functor AND 4, L_0x14f6b8bc0, L_0x14f6b8c60, C4<1111>, C4<1111>;
L_0x14f6b4d60 .functor BUFZ 1, L_0x14f6b4060, C4<0>, C4<0>, C4<0>;
L_0x14f6b5050 .functor AND 1, L_0x14f6b4eb0, L_0x14f6b4f90, C4<1>, C4<1>;
L_0x14f6b5180 .functor OR 1, L_0x14f6b4dd0, L_0x14f6b5050, C4<0>, C4<0>;
L_0x14f6b5530 .functor AND 1, L_0x14f6b5340, L_0x14f6b5410, C4<1>, C4<1>;
L_0x14f6b5600 .functor OR 1, L_0x14f6b52a0, L_0x14f6b5530, C4<0>, C4<0>;
L_0x14f6b58f0 .functor AND 1, L_0x14f6b5730, L_0x14f6b5850, C4<1>, C4<1>;
L_0x14f6b5b10 .functor AND 1, L_0x14f6b58f0, L_0x14f6b59e0, C4<1>, C4<1>;
L_0x14f6b5c10 .functor OR 1, L_0x14f6b5600, L_0x14f6b5b10, C4<0>, C4<0>;
L_0x14f6b6100 .functor AND 1, L_0x14f6b5f50, L_0x14f6b5ff0, C4<1>, C4<1>;
L_0x14f6b6210 .functor OR 1, L_0x14f6b5e50, L_0x14f6b6100, C4<0>, C4<0>;
L_0x14f6b6090 .functor AND 1, L_0x14f6b62c0, L_0x14f6b6360, C4<1>, C4<1>;
L_0x14f6b6690 .functor AND 1, L_0x14f6b6090, L_0x14f6b65f0, C4<1>, C4<1>;
L_0x14f6b6740 .functor OR 1, L_0x14f6b6210, L_0x14f6b6690, C4<0>, C4<0>;
L_0x14f6b6580 .functor AND 1, L_0x14f6b68b0, L_0x14f6b69e0, C4<1>, C4<1>;
L_0x14f6b6c00 .functor AND 1, L_0x14f6b6580, L_0x14f6b6ac0, C4<1>, C4<1>;
L_0x14f6b6dc0 .functor AND 1, L_0x14f6b6c00, L_0x14f6b6d20, C4<1>, C4<1>;
L_0x14f6b6e90 .functor OR 1, L_0x14f6b6740, L_0x14f6b6dc0, C4<0>, C4<0>;
L_0x14f6b54b0 .functor AND 1, L_0x14f6b6b60, L_0x14f6b7200, C4<1>, C4<1>;
L_0x14f6b73a0 .functor OR 1, L_0x14f6b7060, L_0x14f6b54b0, C4<0>, C4<0>;
L_0x14f6b76b0 .functor AND 1, L_0x14f6b6fc0, L_0x14f6b7540, C4<1>, C4<1>;
L_0x14f6b77e0 .functor AND 1, L_0x14f6b76b0, L_0x14f6b7740, C4<1>, C4<1>;
L_0x14f6b7990 .functor OR 1, L_0x14f6b73a0, L_0x14f6b77e0, C4<0>, C4<0>;
L_0x14f6b75e0 .functor AND 1, L_0x14f6b7a00, L_0x14f6b7b80, C4<1>, C4<1>;
L_0x14f6b78d0 .functor AND 1, L_0x14f6b75e0, L_0x14f6b6440, C4<1>, C4<1>;
L_0x14f6b7fe0 .functor AND 1, L_0x14f6b78d0, L_0x14f6b7aa0, C4<1>, C4<1>;
L_0x14f6b81b0 .functor OR 1, L_0x14f6b7990, L_0x14f6b7fe0, C4<0>, C4<0>;
L_0x14f6b7ea0 .functor AND 1, L_0x14f6b8220, L_0x14f6b83c0, C4<1>, C4<1>;
L_0x14f6b80d0 .functor AND 1, L_0x14f6b7ea0, L_0x14f6b8550, C4<1>, C4<1>;
L_0x14f6b8700 .functor AND 1, L_0x14f6b80d0, L_0x14f6b8300, C4<1>, C4<1>;
L_0x14f6b8460 .functor AND 1, L_0x14f6b8700, L_0x14f6b88f0, C4<1>, C4<1>;
L_0x14f6b85f0 .functor OR 1, L_0x14f6b81b0, L_0x14f6b8460, C4<0>, C4<0>;
L_0x14f6b87f0 .functor XOR 4, L_0x14f6b4c40, L_0x14f6b5cc0, C4<0000>, C4<0000>;
v0x14f63cb00_0 .net "G", 3 0, L_0x14f6b4cb0;  1 drivers
v0x14f63cbb0_0 .net "P", 3 0, L_0x14f6b4c40;  1 drivers
v0x14f63cc60_0 .net *"_ivl_102", 0 0, L_0x14f6b7740;  1 drivers
v0x14f63cd20_0 .net *"_ivl_103", 0 0, L_0x14f6b77e0;  1 drivers
v0x14f63cdd0_0 .net *"_ivl_105", 0 0, L_0x14f6b7990;  1 drivers
v0x14f63cec0_0 .net *"_ivl_108", 0 0, L_0x14f6b7a00;  1 drivers
v0x14f63cf70_0 .net *"_ivl_11", 0 0, L_0x14f6b4dd0;  1 drivers
v0x14f63d020_0 .net *"_ivl_110", 0 0, L_0x14f6b7b80;  1 drivers
v0x14f63d0d0_0 .net *"_ivl_111", 0 0, L_0x14f6b75e0;  1 drivers
v0x14f63d1e0_0 .net *"_ivl_114", 0 0, L_0x14f6b6440;  1 drivers
v0x14f63d290_0 .net *"_ivl_115", 0 0, L_0x14f6b78d0;  1 drivers
v0x14f63d340_0 .net *"_ivl_118", 0 0, L_0x14f6b7aa0;  1 drivers
v0x14f63d3f0_0 .net *"_ivl_119", 0 0, L_0x14f6b7fe0;  1 drivers
v0x14f63d4a0_0 .net *"_ivl_121", 0 0, L_0x14f6b81b0;  1 drivers
v0x14f63d550_0 .net *"_ivl_124", 0 0, L_0x14f6b8220;  1 drivers
v0x14f63d600_0 .net *"_ivl_126", 0 0, L_0x14f6b83c0;  1 drivers
v0x14f63d6b0_0 .net *"_ivl_127", 0 0, L_0x14f6b7ea0;  1 drivers
v0x14f63d840_0 .net *"_ivl_13", 0 0, L_0x14f6b4eb0;  1 drivers
v0x14f63d8d0_0 .net *"_ivl_130", 0 0, L_0x14f6b8550;  1 drivers
v0x14f63d980_0 .net *"_ivl_131", 0 0, L_0x14f6b80d0;  1 drivers
v0x14f63da30_0 .net *"_ivl_134", 0 0, L_0x14f6b8300;  1 drivers
v0x14f63dae0_0 .net *"_ivl_135", 0 0, L_0x14f6b8700;  1 drivers
v0x14f63db90_0 .net *"_ivl_138", 0 0, L_0x14f6b88f0;  1 drivers
v0x14f63dc40_0 .net *"_ivl_139", 0 0, L_0x14f6b8460;  1 drivers
v0x14f63dcf0_0 .net *"_ivl_15", 0 0, L_0x14f6b4f90;  1 drivers
v0x14f63dda0_0 .net *"_ivl_16", 0 0, L_0x14f6b5050;  1 drivers
v0x14f63de50_0 .net *"_ivl_18", 0 0, L_0x14f6b5180;  1 drivers
v0x14f63df00_0 .net *"_ivl_23", 0 0, L_0x14f6b52a0;  1 drivers
v0x14f63dfb0_0 .net *"_ivl_25", 0 0, L_0x14f6b5340;  1 drivers
v0x14f63e060_0 .net *"_ivl_27", 0 0, L_0x14f6b5410;  1 drivers
v0x14f63e110_0 .net *"_ivl_28", 0 0, L_0x14f6b5530;  1 drivers
v0x14f63e1c0_0 .net *"_ivl_30", 0 0, L_0x14f6b5600;  1 drivers
v0x14f63e270_0 .net *"_ivl_33", 0 0, L_0x14f6b5730;  1 drivers
v0x14f63d760_0 .net *"_ivl_35", 0 0, L_0x14f6b5850;  1 drivers
v0x14f63e500_0 .net *"_ivl_36", 0 0, L_0x14f6b58f0;  1 drivers
v0x14f63e590_0 .net *"_ivl_39", 0 0, L_0x14f6b59e0;  1 drivers
v0x14f63e630_0 .net *"_ivl_40", 0 0, L_0x14f6b5b10;  1 drivers
v0x14f63e6e0_0 .net *"_ivl_42", 0 0, L_0x14f6b5c10;  1 drivers
v0x14f63e790_0 .net *"_ivl_48", 0 0, L_0x14f6b5e50;  1 drivers
v0x14f63e840_0 .net *"_ivl_50", 0 0, L_0x14f6b5f50;  1 drivers
v0x14f63e8f0_0 .net *"_ivl_52", 0 0, L_0x14f6b5ff0;  1 drivers
v0x14f63e9a0_0 .net *"_ivl_53", 0 0, L_0x14f6b6100;  1 drivers
v0x14f63ea50_0 .net *"_ivl_55", 0 0, L_0x14f6b6210;  1 drivers
v0x14f63eb00_0 .net *"_ivl_58", 0 0, L_0x14f6b62c0;  1 drivers
v0x14f63ebb0_0 .net *"_ivl_60", 0 0, L_0x14f6b6360;  1 drivers
v0x14f63ec60_0 .net *"_ivl_61", 0 0, L_0x14f6b6090;  1 drivers
v0x14f63ed10_0 .net *"_ivl_64", 0 0, L_0x14f6b65f0;  1 drivers
v0x14f63edc0_0 .net *"_ivl_65", 0 0, L_0x14f6b6690;  1 drivers
v0x14f63ee70_0 .net *"_ivl_67", 0 0, L_0x14f6b6740;  1 drivers
v0x14f63ef20_0 .net *"_ivl_7", 0 0, L_0x14f6b4d60;  1 drivers
v0x14f63efd0_0 .net *"_ivl_70", 0 0, L_0x14f6b68b0;  1 drivers
v0x14f63f080_0 .net *"_ivl_72", 0 0, L_0x14f6b69e0;  1 drivers
v0x14f63f130_0 .net *"_ivl_73", 0 0, L_0x14f6b6580;  1 drivers
v0x14f63f1e0_0 .net *"_ivl_76", 0 0, L_0x14f6b6ac0;  1 drivers
v0x14f63f290_0 .net *"_ivl_77", 0 0, L_0x14f6b6c00;  1 drivers
v0x14f63f340_0 .net *"_ivl_80", 0 0, L_0x14f6b6d20;  1 drivers
v0x14f63f3f0_0 .net *"_ivl_81", 0 0, L_0x14f6b6dc0;  1 drivers
v0x14f63f4a0_0 .net *"_ivl_83", 0 0, L_0x14f6b6e90;  1 drivers
v0x14f63f550_0 .net *"_ivl_86", 0 0, L_0x14f6b7060;  1 drivers
v0x14f63f600_0 .net *"_ivl_88", 0 0, L_0x14f6b6b60;  1 drivers
v0x14f63f6b0_0 .net *"_ivl_90", 0 0, L_0x14f6b7200;  1 drivers
v0x14f63f760_0 .net *"_ivl_91", 0 0, L_0x14f6b54b0;  1 drivers
v0x14f63f810_0 .net *"_ivl_93", 0 0, L_0x14f6b73a0;  1 drivers
v0x14f63f8c0_0 .net *"_ivl_96", 0 0, L_0x14f6b6fc0;  1 drivers
v0x14f63f970_0 .net *"_ivl_98", 0 0, L_0x14f6b7540;  1 drivers
v0x14f63e320_0 .net *"_ivl_99", 0 0, L_0x14f6b76b0;  1 drivers
v0x14f63e3d0_0 .net "a", 3 0, L_0x14f6b8bc0;  1 drivers
v0x14f63fa00_0 .net "b", 3 0, L_0x14f6b8c60;  1 drivers
v0x14f63fa90_0 .net "c", 3 0, L_0x14f6b5cc0;  1 drivers
v0x14f63fb20_0 .net "cin", 0 0, L_0x14f6b4060;  alias, 1 drivers
v0x14f63fbb0_0 .net "cout", 0 0, L_0x14f6b85f0;  alias, 1 drivers
v0x14f63fc40_0 .net "sum", 3 0, L_0x14f6b87f0;  1 drivers
L_0x14f6b4dd0 .part L_0x14f6b4cb0, 0, 1;
L_0x14f6b4eb0 .part L_0x14f6b4c40, 0, 1;
L_0x14f6b4f90 .part L_0x14f6b5cc0, 0, 1;
L_0x14f6b52a0 .part L_0x14f6b4cb0, 1, 1;
L_0x14f6b5340 .part L_0x14f6b4c40, 1, 1;
L_0x14f6b5410 .part L_0x14f6b4cb0, 0, 1;
L_0x14f6b5730 .part L_0x14f6b4c40, 1, 1;
L_0x14f6b5850 .part L_0x14f6b4c40, 0, 1;
L_0x14f6b59e0 .part L_0x14f6b5cc0, 0, 1;
L_0x14f6b5cc0 .concat8 [ 1 1 1 1], L_0x14f6b4d60, L_0x14f6b5180, L_0x14f6b5c10, L_0x14f6b6e90;
L_0x14f6b5e50 .part L_0x14f6b4cb0, 2, 1;
L_0x14f6b5f50 .part L_0x14f6b4c40, 2, 1;
L_0x14f6b5ff0 .part L_0x14f6b4cb0, 1, 1;
L_0x14f6b62c0 .part L_0x14f6b4c40, 2, 1;
L_0x14f6b6360 .part L_0x14f6b4c40, 1, 1;
L_0x14f6b65f0 .part L_0x14f6b4cb0, 0, 1;
L_0x14f6b68b0 .part L_0x14f6b4c40, 2, 1;
L_0x14f6b69e0 .part L_0x14f6b4c40, 1, 1;
L_0x14f6b6ac0 .part L_0x14f6b4c40, 0, 1;
L_0x14f6b6d20 .part L_0x14f6b5cc0, 0, 1;
L_0x14f6b7060 .part L_0x14f6b4cb0, 3, 1;
L_0x14f6b6b60 .part L_0x14f6b4c40, 3, 1;
L_0x14f6b7200 .part L_0x14f6b4cb0, 2, 1;
L_0x14f6b6fc0 .part L_0x14f6b4c40, 3, 1;
L_0x14f6b7540 .part L_0x14f6b4c40, 2, 1;
L_0x14f6b7740 .part L_0x14f6b4cb0, 1, 1;
L_0x14f6b7a00 .part L_0x14f6b4c40, 3, 1;
L_0x14f6b7b80 .part L_0x14f6b4c40, 2, 1;
L_0x14f6b6440 .part L_0x14f6b4c40, 1, 1;
L_0x14f6b7aa0 .part L_0x14f6b4cb0, 0, 1;
L_0x14f6b8220 .part L_0x14f6b4c40, 3, 1;
L_0x14f6b83c0 .part L_0x14f6b4c40, 2, 1;
L_0x14f6b8550 .part L_0x14f6b4c40, 1, 1;
L_0x14f6b8300 .part L_0x14f6b4c40, 0, 1;
L_0x14f6b88f0 .part L_0x14f6b5cc0, 0, 1;
S_0x14f63fd00 .scope module, "n2" "cla_4" 6 15, 7 3 0, S_0x14f63c590;
 .timescale -9 -11;
    .port_info 0 /INPUT 4 "a";
    .port_info 1 /INPUT 4 "b";
    .port_info 2 /INPUT 1 "cin";
    .port_info 3 /OUTPUT 4 "sum";
    .port_info 4 /OUTPUT 1 "cout";
L_0x14f6b8860 .functor XOR 4, L_0x14f6bcd70, L_0x14f6bce10, C4<0000>, C4<0000>;
L_0x14f6b8d60 .functor AND 4, L_0x14f6bcd70, L_0x14f6bce10, C4<1111>, C4<1111>;
L_0x14f6b8e90 .functor BUFZ 1, L_0x14f6b85f0, C4<0>, C4<0>, C4<0>;
L_0x14f6b9200 .functor AND 1, L_0x14f6b9060, L_0x14f6b9140, C4<1>, C4<1>;
L_0x14f6b9330 .functor OR 1, L_0x14f6b8f80, L_0x14f6b9200, C4<0>, C4<0>;
L_0x14f6b96e0 .functor AND 1, L_0x14f6b94f0, L_0x14f6b95c0, C4<1>, C4<1>;
L_0x14f6b97b0 .functor OR 1, L_0x14f6b9450, L_0x14f6b96e0, C4<0>, C4<0>;
L_0x14f6b9aa0 .functor AND 1, L_0x14f6b98e0, L_0x14f6b9a00, C4<1>, C4<1>;
L_0x14f6b9cc0 .functor AND 1, L_0x14f6b9aa0, L_0x14f6b9b90, C4<1>, C4<1>;
L_0x14f6b9dc0 .functor OR 1, L_0x14f6b97b0, L_0x14f6b9cc0, C4<0>, C4<0>;
L_0x14f6ba2b0 .functor AND 1, L_0x14f6ba100, L_0x14f6ba1a0, C4<1>, C4<1>;
L_0x14f6ba3c0 .functor OR 1, L_0x14f6ba000, L_0x14f6ba2b0, C4<0>, C4<0>;
L_0x14f6ba240 .functor AND 1, L_0x14f6ba470, L_0x14f6ba510, C4<1>, C4<1>;
L_0x14f6ba840 .functor AND 1, L_0x14f6ba240, L_0x14f6ba7a0, C4<1>, C4<1>;
L_0x14f6ba8f0 .functor OR 1, L_0x14f6ba3c0, L_0x14f6ba840, C4<0>, C4<0>;
L_0x14f6ba730 .functor AND 1, L_0x14f6baa60, L_0x14f6bab90, C4<1>, C4<1>;
L_0x14f6badb0 .functor AND 1, L_0x14f6ba730, L_0x14f6bac70, C4<1>, C4<1>;
L_0x14f6baf70 .functor AND 1, L_0x14f6badb0, L_0x14f6baed0, C4<1>, C4<1>;
L_0x14f6bb040 .functor OR 1, L_0x14f6ba8f0, L_0x14f6baf70, C4<0>, C4<0>;
L_0x14f6b9660 .functor AND 1, L_0x14f6bad10, L_0x14f6bb3b0, C4<1>, C4<1>;
L_0x14f6bb550 .functor OR 1, L_0x14f6bb210, L_0x14f6b9660, C4<0>, C4<0>;
L_0x14f6bb860 .functor AND 1, L_0x14f6bb170, L_0x14f6bb6f0, C4<1>, C4<1>;
L_0x14f6bb990 .functor AND 1, L_0x14f6bb860, L_0x14f6bb8f0, C4<1>, C4<1>;
L_0x14f6bbb40 .functor OR 1, L_0x14f6bb550, L_0x14f6bb990, C4<0>, C4<0>;
L_0x14f6bb790 .functor AND 1, L_0x14f6bbbb0, L_0x14f6bbd30, C4<1>, C4<1>;
L_0x14f6bba80 .functor AND 1, L_0x14f6bb790, L_0x14f6ba5f0, C4<1>, C4<1>;
L_0x14f6bc190 .functor AND 1, L_0x14f6bba80, L_0x14f6bbc50, C4<1>, C4<1>;
L_0x14f6bc360 .functor OR 1, L_0x14f6bbb40, L_0x14f6bc190, C4<0>, C4<0>;
L_0x14f6bc050 .functor AND 1, L_0x14f6bc3d0, L_0x14f6bc570, C4<1>, C4<1>;
L_0x14f6bc280 .functor AND 1, L_0x14f6bc050, L_0x14f6bc700, C4<1>, C4<1>;
L_0x14f6bc8b0 .functor AND 1, L_0x14f6bc280, L_0x14f6bc4b0, C4<1>, C4<1>;
L_0x14f6bc610 .functor AND 1, L_0x14f6bc8b0, L_0x14f6bcaa0, C4<1>, C4<1>;
L_0x14f6bc7a0 .functor OR 1, L_0x14f6bc360, L_0x14f6bc610, C4<0>, C4<0>;
L_0x14f6bc9a0 .functor XOR 4, L_0x14f6b8860, L_0x14f6b9e70, C4<0000>, C4<0000>;
v0x14f63ff40_0 .net "G", 3 0, L_0x14f6b8d60;  1 drivers
v0x14f63ffe0_0 .net "P", 3 0, L_0x14f6b8860;  1 drivers
v0x14f640090_0 .net *"_ivl_102", 0 0, L_0x14f6bb8f0;  1 drivers
v0x14f640150_0 .net *"_ivl_103", 0 0, L_0x14f6bb990;  1 drivers
v0x14f640200_0 .net *"_ivl_105", 0 0, L_0x14f6bbb40;  1 drivers
v0x14f6402f0_0 .net *"_ivl_108", 0 0, L_0x14f6bbbb0;  1 drivers
v0x14f6403a0_0 .net *"_ivl_11", 0 0, L_0x14f6b8f80;  1 drivers
v0x14f640450_0 .net *"_ivl_110", 0 0, L_0x14f6bbd30;  1 drivers
v0x14f640500_0 .net *"_ivl_111", 0 0, L_0x14f6bb790;  1 drivers
v0x14f640610_0 .net *"_ivl_114", 0 0, L_0x14f6ba5f0;  1 drivers
v0x14f6406c0_0 .net *"_ivl_115", 0 0, L_0x14f6bba80;  1 drivers
v0x14f640770_0 .net *"_ivl_118", 0 0, L_0x14f6bbc50;  1 drivers
v0x14f640820_0 .net *"_ivl_119", 0 0, L_0x14f6bc190;  1 drivers
v0x14f6408d0_0 .net *"_ivl_121", 0 0, L_0x14f6bc360;  1 drivers
v0x14f640980_0 .net *"_ivl_124", 0 0, L_0x14f6bc3d0;  1 drivers
v0x14f640a30_0 .net *"_ivl_126", 0 0, L_0x14f6bc570;  1 drivers
v0x14f640ae0_0 .net *"_ivl_127", 0 0, L_0x14f6bc050;  1 drivers
v0x14f640c70_0 .net *"_ivl_13", 0 0, L_0x14f6b9060;  1 drivers
v0x14f640d00_0 .net *"_ivl_130", 0 0, L_0x14f6bc700;  1 drivers
v0x14f640db0_0 .net *"_ivl_131", 0 0, L_0x14f6bc280;  1 drivers
v0x14f640e60_0 .net *"_ivl_134", 0 0, L_0x14f6bc4b0;  1 drivers
v0x14f640f10_0 .net *"_ivl_135", 0 0, L_0x14f6bc8b0;  1 drivers
v0x14f640fc0_0 .net *"_ivl_138", 0 0, L_0x14f6bcaa0;  1 drivers
v0x14f641070_0 .net *"_ivl_139", 0 0, L_0x14f6bc610;  1 drivers
v0x14f641120_0 .net *"_ivl_15", 0 0, L_0x14f6b9140;  1 drivers
v0x14f6411d0_0 .net *"_ivl_16", 0 0, L_0x14f6b9200;  1 drivers
v0x14f641280_0 .net *"_ivl_18", 0 0, L_0x14f6b9330;  1 drivers
v0x14f641330_0 .net *"_ivl_23", 0 0, L_0x14f6b9450;  1 drivers
v0x14f6413e0_0 .net *"_ivl_25", 0 0, L_0x14f6b94f0;  1 drivers
v0x14f641490_0 .net *"_ivl_27", 0 0, L_0x14f6b95c0;  1 drivers
v0x14f641540_0 .net *"_ivl_28", 0 0, L_0x14f6b96e0;  1 drivers
v0x14f6415f0_0 .net *"_ivl_30", 0 0, L_0x14f6b97b0;  1 drivers
v0x14f6416a0_0 .net *"_ivl_33", 0 0, L_0x14f6b98e0;  1 drivers
v0x14f640b90_0 .net *"_ivl_35", 0 0, L_0x14f6b9a00;  1 drivers
v0x14f641930_0 .net *"_ivl_36", 0 0, L_0x14f6b9aa0;  1 drivers
v0x14f6419c0_0 .net *"_ivl_39", 0 0, L_0x14f6b9b90;  1 drivers
v0x14f641a60_0 .net *"_ivl_40", 0 0, L_0x14f6b9cc0;  1 drivers
v0x14f641b10_0 .net *"_ivl_42", 0 0, L_0x14f6b9dc0;  1 drivers
v0x14f641bc0_0 .net *"_ivl_48", 0 0, L_0x14f6ba000;  1 drivers
v0x14f641c70_0 .net *"_ivl_50", 0 0, L_0x14f6ba100;  1 drivers
v0x14f641d20_0 .net *"_ivl_52", 0 0, L_0x14f6ba1a0;  1 drivers
v0x14f641dd0_0 .net *"_ivl_53", 0 0, L_0x14f6ba2b0;  1 drivers
v0x14f641e80_0 .net *"_ivl_55", 0 0, L_0x14f6ba3c0;  1 drivers
v0x14f641f30_0 .net *"_ivl_58", 0 0, L_0x14f6ba470;  1 drivers
v0x14f641fe0_0 .net *"_ivl_60", 0 0, L_0x14f6ba510;  1 drivers
v0x14f642090_0 .net *"_ivl_61", 0 0, L_0x14f6ba240;  1 drivers
v0x14f642140_0 .net *"_ivl_64", 0 0, L_0x14f6ba7a0;  1 drivers
v0x14f6421f0_0 .net *"_ivl_65", 0 0, L_0x14f6ba840;  1 drivers
v0x14f6422a0_0 .net *"_ivl_67", 0 0, L_0x14f6ba8f0;  1 drivers
v0x14f642350_0 .net *"_ivl_7", 0 0, L_0x14f6b8e90;  1 drivers
v0x14f642400_0 .net *"_ivl_70", 0 0, L_0x14f6baa60;  1 drivers
v0x14f6424b0_0 .net *"_ivl_72", 0 0, L_0x14f6bab90;  1 drivers
v0x14f642560_0 .net *"_ivl_73", 0 0, L_0x14f6ba730;  1 drivers
v0x14f642610_0 .net *"_ivl_76", 0 0, L_0x14f6bac70;  1 drivers
v0x14f6426c0_0 .net *"_ivl_77", 0 0, L_0x14f6badb0;  1 drivers
v0x14f642770_0 .net *"_ivl_80", 0 0, L_0x14f6baed0;  1 drivers
v0x14f642820_0 .net *"_ivl_81", 0 0, L_0x14f6baf70;  1 drivers
v0x14f6428d0_0 .net *"_ivl_83", 0 0, L_0x14f6bb040;  1 drivers
v0x14f642980_0 .net *"_ivl_86", 0 0, L_0x14f6bb210;  1 drivers
v0x14f642a30_0 .net *"_ivl_88", 0 0, L_0x14f6bad10;  1 drivers
v0x14f642ae0_0 .net *"_ivl_90", 0 0, L_0x14f6bb3b0;  1 drivers
v0x14f642b90_0 .net *"_ivl_91", 0 0, L_0x14f6b9660;  1 drivers
v0x14f642c40_0 .net *"_ivl_93", 0 0, L_0x14f6bb550;  1 drivers
v0x14f642cf0_0 .net *"_ivl_96", 0 0, L_0x14f6bb170;  1 drivers
v0x14f642da0_0 .net *"_ivl_98", 0 0, L_0x14f6bb6f0;  1 drivers
v0x14f641750_0 .net *"_ivl_99", 0 0, L_0x14f6bb860;  1 drivers
v0x14f641800_0 .net "a", 3 0, L_0x14f6bcd70;  1 drivers
v0x14f642e30_0 .net "b", 3 0, L_0x14f6bce10;  1 drivers
v0x14f642ec0_0 .net "c", 3 0, L_0x14f6b9e70;  1 drivers
v0x14f642f50_0 .net "cin", 0 0, L_0x14f6b85f0;  alias, 1 drivers
v0x14f642fe0_0 .net "cout", 0 0, L_0x14f6bc7a0;  alias, 1 drivers
v0x14f643070_0 .net "sum", 3 0, L_0x14f6bc9a0;  1 drivers
L_0x14f6b8f80 .part L_0x14f6b8d60, 0, 1;
L_0x14f6b9060 .part L_0x14f6b8860, 0, 1;
L_0x14f6b9140 .part L_0x14f6b9e70, 0, 1;
L_0x14f6b9450 .part L_0x14f6b8d60, 1, 1;
L_0x14f6b94f0 .part L_0x14f6b8860, 1, 1;
L_0x14f6b95c0 .part L_0x14f6b8d60, 0, 1;
L_0x14f6b98e0 .part L_0x14f6b8860, 1, 1;
L_0x14f6b9a00 .part L_0x14f6b8860, 0, 1;
L_0x14f6b9b90 .part L_0x14f6b9e70, 0, 1;
L_0x14f6b9e70 .concat8 [ 1 1 1 1], L_0x14f6b8e90, L_0x14f6b9330, L_0x14f6b9dc0, L_0x14f6bb040;
L_0x14f6ba000 .part L_0x14f6b8d60, 2, 1;
L_0x14f6ba100 .part L_0x14f6b8860, 2, 1;
L_0x14f6ba1a0 .part L_0x14f6b8d60, 1, 1;
L_0x14f6ba470 .part L_0x14f6b8860, 2, 1;
L_0x14f6ba510 .part L_0x14f6b8860, 1, 1;
L_0x14f6ba7a0 .part L_0x14f6b8d60, 0, 1;
L_0x14f6baa60 .part L_0x14f6b8860, 2, 1;
L_0x14f6bab90 .part L_0x14f6b8860, 1, 1;
L_0x14f6bac70 .part L_0x14f6b8860, 0, 1;
L_0x14f6baed0 .part L_0x14f6b9e70, 0, 1;
L_0x14f6bb210 .part L_0x14f6b8d60, 3, 1;
L_0x14f6bad10 .part L_0x14f6b8860, 3, 1;
L_0x14f6bb3b0 .part L_0x14f6b8d60, 2, 1;
L_0x14f6bb170 .part L_0x14f6b8860, 3, 1;
L_0x14f6bb6f0 .part L_0x14f6b8860, 2, 1;
L_0x14f6bb8f0 .part L_0x14f6b8d60, 1, 1;
L_0x14f6bbbb0 .part L_0x14f6b8860, 3, 1;
L_0x14f6bbd30 .part L_0x14f6b8860, 2, 1;
L_0x14f6ba5f0 .part L_0x14f6b8860, 1, 1;
L_0x14f6bbc50 .part L_0x14f6b8d60, 0, 1;
L_0x14f6bc3d0 .part L_0x14f6b8860, 3, 1;
L_0x14f6bc570 .part L_0x14f6b8860, 2, 1;
L_0x14f6bc700 .part L_0x14f6b8860, 1, 1;
L_0x14f6bc4b0 .part L_0x14f6b8860, 0, 1;
L_0x14f6bcaa0 .part L_0x14f6b9e70, 0, 1;
S_0x14f643100 .scope module, "n3" "cla_4" 6 16, 7 3 0, S_0x14f63c590;
 .timescale -9 -11;
    .port_info 0 /INPUT 4 "a";
    .port_info 1 /INPUT 4 "b";
    .port_info 2 /INPUT 1 "cin";
    .port_info 3 /OUTPUT 4 "sum";
    .port_info 4 /OUTPUT 1 "cout";
L_0x14f6bceb0 .functor XOR 4, L_0x14f6c0f50, L_0x14f6c0ff0, C4<0000>, C4<0000>;
L_0x14f6bcf40 .functor AND 4, L_0x14f6c0f50, L_0x14f6c0ff0, C4<1111>, C4<1111>;
L_0x14f6bd070 .functor BUFZ 1, L_0x14f6bc7a0, C4<0>, C4<0>, C4<0>;
L_0x14f6bd3e0 .functor AND 1, L_0x14f6bd240, L_0x14f6bd320, C4<1>, C4<1>;
L_0x14f6bd510 .functor OR 1, L_0x14f6bd160, L_0x14f6bd3e0, C4<0>, C4<0>;
L_0x14f6bd8c0 .functor AND 1, L_0x14f6bd6d0, L_0x14f6bd7a0, C4<1>, C4<1>;
L_0x14f6bd990 .functor OR 1, L_0x14f6bd630, L_0x14f6bd8c0, C4<0>, C4<0>;
L_0x14f6bdc80 .functor AND 1, L_0x14f6bdac0, L_0x14f6bdbe0, C4<1>, C4<1>;
L_0x14f6bdea0 .functor AND 1, L_0x14f6bdc80, L_0x14f6bdd70, C4<1>, C4<1>;
L_0x14f6bdfa0 .functor OR 1, L_0x14f6bd990, L_0x14f6bdea0, C4<0>, C4<0>;
L_0x14f6be490 .functor AND 1, L_0x14f6be2e0, L_0x14f6be380, C4<1>, C4<1>;
L_0x14f6be5a0 .functor OR 1, L_0x14f6be1e0, L_0x14f6be490, C4<0>, C4<0>;
L_0x14f6be420 .functor AND 1, L_0x14f6be650, L_0x14f6be6f0, C4<1>, C4<1>;
L_0x14f6bea20 .functor AND 1, L_0x14f6be420, L_0x14f6be980, C4<1>, C4<1>;
L_0x14f6bead0 .functor OR 1, L_0x14f6be5a0, L_0x14f6bea20, C4<0>, C4<0>;
L_0x14f6be910 .functor AND 1, L_0x14f6bec40, L_0x14f6bed70, C4<1>, C4<1>;
L_0x14f6bef90 .functor AND 1, L_0x14f6be910, L_0x14f6bee50, C4<1>, C4<1>;
L_0x14f6bf150 .functor AND 1, L_0x14f6bef90, L_0x14f6bf0b0, C4<1>, C4<1>;
L_0x14f6bf220 .functor OR 1, L_0x14f6bead0, L_0x14f6bf150, C4<0>, C4<0>;
L_0x14f6bd840 .functor AND 1, L_0x14f6beef0, L_0x14f6bf590, C4<1>, C4<1>;
L_0x14f6bf730 .functor OR 1, L_0x14f6bf3f0, L_0x14f6bd840, C4<0>, C4<0>;
L_0x14f6bfa40 .functor AND 1, L_0x14f6bf350, L_0x14f6bf8d0, C4<1>, C4<1>;
L_0x14f6bfb70 .functor AND 1, L_0x14f6bfa40, L_0x14f6bfad0, C4<1>, C4<1>;
L_0x14f6bfd20 .functor OR 1, L_0x14f6bf730, L_0x14f6bfb70, C4<0>, C4<0>;
L_0x14f6bf970 .functor AND 1, L_0x14f6bfd90, L_0x14f6bff10, C4<1>, C4<1>;
L_0x14f6bfc60 .functor AND 1, L_0x14f6bf970, L_0x14f6be7d0, C4<1>, C4<1>;
L_0x14f6c0370 .functor AND 1, L_0x14f6bfc60, L_0x14f6bfe30, C4<1>, C4<1>;
L_0x14f6c0540 .functor OR 1, L_0x14f6bfd20, L_0x14f6c0370, C4<0>, C4<0>;
L_0x14f6c0230 .functor AND 1, L_0x14f6c05b0, L_0x14f6c0750, C4<1>, C4<1>;
L_0x14f6c0460 .functor AND 1, L_0x14f6c0230, L_0x14f6c08e0, C4<1>, C4<1>;
L_0x14f6c0a90 .functor AND 1, L_0x14f6c0460, L_0x14f6c0690, C4<1>, C4<1>;
L_0x14f6c07f0 .functor AND 1, L_0x14f6c0a90, L_0x14f6c0c80, C4<1>, C4<1>;
L_0x14f6c0980 .functor OR 1, L_0x14f6c0540, L_0x14f6c07f0, C4<0>, C4<0>;
L_0x14f6c0b80 .functor XOR 4, L_0x14f6bceb0, L_0x14f6be050, C4<0000>, C4<0000>;
v0x14f643360_0 .net "G", 3 0, L_0x14f6bcf40;  1 drivers
v0x14f643410_0 .net "P", 3 0, L_0x14f6bceb0;  1 drivers
v0x14f6434c0_0 .net *"_ivl_102", 0 0, L_0x14f6bfad0;  1 drivers
v0x14f643580_0 .net *"_ivl_103", 0 0, L_0x14f6bfb70;  1 drivers
v0x14f643630_0 .net *"_ivl_105", 0 0, L_0x14f6bfd20;  1 drivers
v0x14f643720_0 .net *"_ivl_108", 0 0, L_0x14f6bfd90;  1 drivers
v0x14f6437d0_0 .net *"_ivl_11", 0 0, L_0x14f6bd160;  1 drivers
v0x14f643880_0 .net *"_ivl_110", 0 0, L_0x14f6bff10;  1 drivers
v0x14f643930_0 .net *"_ivl_111", 0 0, L_0x14f6bf970;  1 drivers
v0x14f643a40_0 .net *"_ivl_114", 0 0, L_0x14f6be7d0;  1 drivers
v0x14f643af0_0 .net *"_ivl_115", 0 0, L_0x14f6bfc60;  1 drivers
v0x14f643ba0_0 .net *"_ivl_118", 0 0, L_0x14f6bfe30;  1 drivers
v0x14f643c50_0 .net *"_ivl_119", 0 0, L_0x14f6c0370;  1 drivers
v0x14f643d00_0 .net *"_ivl_121", 0 0, L_0x14f6c0540;  1 drivers
v0x14f643db0_0 .net *"_ivl_124", 0 0, L_0x14f6c05b0;  1 drivers
v0x14f643e60_0 .net *"_ivl_126", 0 0, L_0x14f6c0750;  1 drivers
v0x14f643f10_0 .net *"_ivl_127", 0 0, L_0x14f6c0230;  1 drivers
v0x14f6440a0_0 .net *"_ivl_13", 0 0, L_0x14f6bd240;  1 drivers
v0x14f644130_0 .net *"_ivl_130", 0 0, L_0x14f6c08e0;  1 drivers
v0x14f6441e0_0 .net *"_ivl_131", 0 0, L_0x14f6c0460;  1 drivers
v0x14f644290_0 .net *"_ivl_134", 0 0, L_0x14f6c0690;  1 drivers
v0x14f644340_0 .net *"_ivl_135", 0 0, L_0x14f6c0a90;  1 drivers
v0x14f6443f0_0 .net *"_ivl_138", 0 0, L_0x14f6c0c80;  1 drivers
v0x14f6444a0_0 .net *"_ivl_139", 0 0, L_0x14f6c07f0;  1 drivers
v0x14f644550_0 .net *"_ivl_15", 0 0, L_0x14f6bd320;  1 drivers
v0x14f644600_0 .net *"_ivl_16", 0 0, L_0x14f6bd3e0;  1 drivers
v0x14f6446b0_0 .net *"_ivl_18", 0 0, L_0x14f6bd510;  1 drivers
v0x14f644760_0 .net *"_ivl_23", 0 0, L_0x14f6bd630;  1 drivers
v0x14f644810_0 .net *"_ivl_25", 0 0, L_0x14f6bd6d0;  1 drivers
v0x14f6448c0_0 .net *"_ivl_27", 0 0, L_0x14f6bd7a0;  1 drivers
v0x14f644970_0 .net *"_ivl_28", 0 0, L_0x14f6bd8c0;  1 drivers
v0x14f644a20_0 .net *"_ivl_30", 0 0, L_0x14f6bd990;  1 drivers
v0x14f644ad0_0 .net *"_ivl_33", 0 0, L_0x14f6bdac0;  1 drivers
v0x14f643fc0_0 .net *"_ivl_35", 0 0, L_0x14f6bdbe0;  1 drivers
v0x14f644d60_0 .net *"_ivl_36", 0 0, L_0x14f6bdc80;  1 drivers
v0x14f644df0_0 .net *"_ivl_39", 0 0, L_0x14f6bdd70;  1 drivers
v0x14f644e90_0 .net *"_ivl_40", 0 0, L_0x14f6bdea0;  1 drivers
v0x14f644f40_0 .net *"_ivl_42", 0 0, L_0x14f6bdfa0;  1 drivers
v0x14f644ff0_0 .net *"_ivl_48", 0 0, L_0x14f6be1e0;  1 drivers
v0x14f6450a0_0 .net *"_ivl_50", 0 0, L_0x14f6be2e0;  1 drivers
v0x14f645150_0 .net *"_ivl_52", 0 0, L_0x14f6be380;  1 drivers
v0x14f645200_0 .net *"_ivl_53", 0 0, L_0x14f6be490;  1 drivers
v0x14f6452b0_0 .net *"_ivl_55", 0 0, L_0x14f6be5a0;  1 drivers
v0x14f645360_0 .net *"_ivl_58", 0 0, L_0x14f6be650;  1 drivers
v0x14f645410_0 .net *"_ivl_60", 0 0, L_0x14f6be6f0;  1 drivers
v0x14f6454c0_0 .net *"_ivl_61", 0 0, L_0x14f6be420;  1 drivers
v0x14f645570_0 .net *"_ivl_64", 0 0, L_0x14f6be980;  1 drivers
v0x14f645620_0 .net *"_ivl_65", 0 0, L_0x14f6bea20;  1 drivers
v0x14f6456d0_0 .net *"_ivl_67", 0 0, L_0x14f6bead0;  1 drivers
v0x14f645780_0 .net *"_ivl_7", 0 0, L_0x14f6bd070;  1 drivers
v0x14f645830_0 .net *"_ivl_70", 0 0, L_0x14f6bec40;  1 drivers
v0x14f6458e0_0 .net *"_ivl_72", 0 0, L_0x14f6bed70;  1 drivers
v0x14f645990_0 .net *"_ivl_73", 0 0, L_0x14f6be910;  1 drivers
v0x14f645a40_0 .net *"_ivl_76", 0 0, L_0x14f6bee50;  1 drivers
v0x14f645af0_0 .net *"_ivl_77", 0 0, L_0x14f6bef90;  1 drivers
v0x14f645ba0_0 .net *"_ivl_80", 0 0, L_0x14f6bf0b0;  1 drivers
v0x14f645c50_0 .net *"_ivl_81", 0 0, L_0x14f6bf150;  1 drivers
v0x14f645d00_0 .net *"_ivl_83", 0 0, L_0x14f6bf220;  1 drivers
v0x14f645db0_0 .net *"_ivl_86", 0 0, L_0x14f6bf3f0;  1 drivers
v0x14f645e60_0 .net *"_ivl_88", 0 0, L_0x14f6beef0;  1 drivers
v0x14f645f10_0 .net *"_ivl_90", 0 0, L_0x14f6bf590;  1 drivers
v0x14f645fc0_0 .net *"_ivl_91", 0 0, L_0x14f6bd840;  1 drivers
v0x14f646070_0 .net *"_ivl_93", 0 0, L_0x14f6bf730;  1 drivers
v0x14f646120_0 .net *"_ivl_96", 0 0, L_0x14f6bf350;  1 drivers
v0x14f6461d0_0 .net *"_ivl_98", 0 0, L_0x14f6bf8d0;  1 drivers
v0x14f644b80_0 .net *"_ivl_99", 0 0, L_0x14f6bfa40;  1 drivers
v0x14f644c30_0 .net "a", 3 0, L_0x14f6c0f50;  1 drivers
v0x14f646260_0 .net "b", 3 0, L_0x14f6c0ff0;  1 drivers
v0x14f6462f0_0 .net "c", 3 0, L_0x14f6be050;  1 drivers
v0x14f646380_0 .net "cin", 0 0, L_0x14f6bc7a0;  alias, 1 drivers
v0x14f646410_0 .net "cout", 0 0, L_0x14f6c0980;  alias, 1 drivers
v0x14f6464a0_0 .net "sum", 3 0, L_0x14f6c0b80;  1 drivers
L_0x14f6bd160 .part L_0x14f6bcf40, 0, 1;
L_0x14f6bd240 .part L_0x14f6bceb0, 0, 1;
L_0x14f6bd320 .part L_0x14f6be050, 0, 1;
L_0x14f6bd630 .part L_0x14f6bcf40, 1, 1;
L_0x14f6bd6d0 .part L_0x14f6bceb0, 1, 1;
L_0x14f6bd7a0 .part L_0x14f6bcf40, 0, 1;
L_0x14f6bdac0 .part L_0x14f6bceb0, 1, 1;
L_0x14f6bdbe0 .part L_0x14f6bceb0, 0, 1;
L_0x14f6bdd70 .part L_0x14f6be050, 0, 1;
L_0x14f6be050 .concat8 [ 1 1 1 1], L_0x14f6bd070, L_0x14f6bd510, L_0x14f6bdfa0, L_0x14f6bf220;
L_0x14f6be1e0 .part L_0x14f6bcf40, 2, 1;
L_0x14f6be2e0 .part L_0x14f6bceb0, 2, 1;
L_0x14f6be380 .part L_0x14f6bcf40, 1, 1;
L_0x14f6be650 .part L_0x14f6bceb0, 2, 1;
L_0x14f6be6f0 .part L_0x14f6bceb0, 1, 1;
L_0x14f6be980 .part L_0x14f6bcf40, 0, 1;
L_0x14f6bec40 .part L_0x14f6bceb0, 2, 1;
L_0x14f6bed70 .part L_0x14f6bceb0, 1, 1;
L_0x14f6bee50 .part L_0x14f6bceb0, 0, 1;
L_0x14f6bf0b0 .part L_0x14f6be050, 0, 1;
L_0x14f6bf3f0 .part L_0x14f6bcf40, 3, 1;
L_0x14f6beef0 .part L_0x14f6bceb0, 3, 1;
L_0x14f6bf590 .part L_0x14f6bcf40, 2, 1;
L_0x14f6bf350 .part L_0x14f6bceb0, 3, 1;
L_0x14f6bf8d0 .part L_0x14f6bceb0, 2, 1;
L_0x14f6bfad0 .part L_0x14f6bcf40, 1, 1;
L_0x14f6bfd90 .part L_0x14f6bceb0, 3, 1;
L_0x14f6bff10 .part L_0x14f6bceb0, 2, 1;
L_0x14f6be7d0 .part L_0x14f6bceb0, 1, 1;
L_0x14f6bfe30 .part L_0x14f6bcf40, 0, 1;
L_0x14f6c05b0 .part L_0x14f6bceb0, 3, 1;
L_0x14f6c0750 .part L_0x14f6bceb0, 2, 1;
L_0x14f6c08e0 .part L_0x14f6bceb0, 1, 1;
L_0x14f6c0690 .part L_0x14f6bceb0, 0, 1;
L_0x14f6c0c80 .part L_0x14f6be050, 0, 1;
S_0x14f646530 .scope module, "n4" "cla_4" 6 17, 7 3 0, S_0x14f63c590;
 .timescale -9 -11;
    .port_info 0 /INPUT 4 "a";
    .port_info 1 /INPUT 4 "b";
    .port_info 2 /INPUT 1 "cin";
    .port_info 3 /OUTPUT 4 "sum";
    .port_info 4 /OUTPUT 1 "cout";
L_0x14f6c1090 .functor XOR 4, L_0x14f6c50d0, L_0x14f6c5170, C4<0000>, C4<0000>;
L_0x14f6c1100 .functor AND 4, L_0x14f6c50d0, L_0x14f6c5170, C4<1111>, C4<1111>;
L_0x14f6c11f0 .functor BUFZ 1, L_0x14f6c0980, C4<0>, C4<0>, C4<0>;
L_0x14f6c1560 .functor AND 1, L_0x14f6c13c0, L_0x14f6c14a0, C4<1>, C4<1>;
L_0x14f6c1690 .functor OR 1, L_0x14f6c12e0, L_0x14f6c1560, C4<0>, C4<0>;
L_0x14f6c1a40 .functor AND 1, L_0x14f6c1850, L_0x14f6c1920, C4<1>, C4<1>;
L_0x14f6c1b10 .functor OR 1, L_0x14f6c17b0, L_0x14f6c1a40, C4<0>, C4<0>;
L_0x14f6c1e00 .functor AND 1, L_0x14f6c1c40, L_0x14f6c1d60, C4<1>, C4<1>;
L_0x14f6c2020 .functor AND 1, L_0x14f6c1e00, L_0x14f6c1ef0, C4<1>, C4<1>;
L_0x14f6c2120 .functor OR 1, L_0x14f6c1b10, L_0x14f6c2020, C4<0>, C4<0>;
L_0x14f6c2610 .functor AND 1, L_0x14f6c2460, L_0x14f6c2500, C4<1>, C4<1>;
L_0x14f6c2720 .functor OR 1, L_0x14f6c2360, L_0x14f6c2610, C4<0>, C4<0>;
L_0x14f6c25a0 .functor AND 1, L_0x14f6c27d0, L_0x14f6c2870, C4<1>, C4<1>;
L_0x14f6c2ba0 .functor AND 1, L_0x14f6c25a0, L_0x14f6c2b00, C4<1>, C4<1>;
L_0x14f6c2c50 .functor OR 1, L_0x14f6c2720, L_0x14f6c2ba0, C4<0>, C4<0>;
L_0x14f6c2a90 .functor AND 1, L_0x14f6c2dc0, L_0x14f6c2ef0, C4<1>, C4<1>;
L_0x14f6c3110 .functor AND 1, L_0x14f6c2a90, L_0x14f6c2fd0, C4<1>, C4<1>;
L_0x14f6c32d0 .functor AND 1, L_0x14f6c3110, L_0x14f6c3230, C4<1>, C4<1>;
L_0x14f6c33a0 .functor OR 1, L_0x14f6c2c50, L_0x14f6c32d0, C4<0>, C4<0>;
L_0x14f6c19c0 .functor AND 1, L_0x14f6c3070, L_0x14f6c3710, C4<1>, C4<1>;
L_0x14f6c38b0 .functor OR 1, L_0x14f6c3570, L_0x14f6c19c0, C4<0>, C4<0>;
L_0x14f6c3bc0 .functor AND 1, L_0x14f6c34d0, L_0x14f6c3a50, C4<1>, C4<1>;
L_0x14f6c3cf0 .functor AND 1, L_0x14f6c3bc0, L_0x14f6c3c50, C4<1>, C4<1>;
L_0x14f6c3ea0 .functor OR 1, L_0x14f6c38b0, L_0x14f6c3cf0, C4<0>, C4<0>;
L_0x14f6c3af0 .functor AND 1, L_0x14f6c3f10, L_0x14f6c4090, C4<1>, C4<1>;
L_0x14f6c3de0 .functor AND 1, L_0x14f6c3af0, L_0x14f6c2950, C4<1>, C4<1>;
L_0x14f6c44f0 .functor AND 1, L_0x14f6c3de0, L_0x14f6c3fb0, C4<1>, C4<1>;
L_0x14f6c46c0 .functor OR 1, L_0x14f6c3ea0, L_0x14f6c44f0, C4<0>, C4<0>;
L_0x14f6c43b0 .functor AND 1, L_0x14f6c4730, L_0x14f6c48d0, C4<1>, C4<1>;
L_0x14f6c45e0 .functor AND 1, L_0x14f6c43b0, L_0x14f6c4a60, C4<1>, C4<1>;
L_0x14f6c4c10 .functor AND 1, L_0x14f6c45e0, L_0x14f6c4810, C4<1>, C4<1>;
L_0x14f6c4970 .functor AND 1, L_0x14f6c4c10, L_0x14f6c4e00, C4<1>, C4<1>;
L_0x14f6c4b00 .functor OR 1, L_0x14f6c46c0, L_0x14f6c4970, C4<0>, C4<0>;
L_0x14f6c4d00 .functor XOR 4, L_0x14f6c1090, L_0x14f6c21d0, C4<0000>, C4<0000>;
v0x14f646770_0 .net "G", 3 0, L_0x14f6c1100;  1 drivers
v0x14f646830_0 .net "P", 3 0, L_0x14f6c1090;  1 drivers
v0x14f6468e0_0 .net *"_ivl_102", 0 0, L_0x14f6c3c50;  1 drivers
v0x14f6469a0_0 .net *"_ivl_103", 0 0, L_0x14f6c3cf0;  1 drivers
v0x14f646a50_0 .net *"_ivl_105", 0 0, L_0x14f6c3ea0;  1 drivers
v0x14f646b40_0 .net *"_ivl_108", 0 0, L_0x14f6c3f10;  1 drivers
v0x14f646bf0_0 .net *"_ivl_11", 0 0, L_0x14f6c12e0;  1 drivers
v0x14f646ca0_0 .net *"_ivl_110", 0 0, L_0x14f6c4090;  1 drivers
v0x14f646d50_0 .net *"_ivl_111", 0 0, L_0x14f6c3af0;  1 drivers
v0x14f646e60_0 .net *"_ivl_114", 0 0, L_0x14f6c2950;  1 drivers
v0x14f646f10_0 .net *"_ivl_115", 0 0, L_0x14f6c3de0;  1 drivers
v0x14f646fc0_0 .net *"_ivl_118", 0 0, L_0x14f6c3fb0;  1 drivers
v0x14f647070_0 .net *"_ivl_119", 0 0, L_0x14f6c44f0;  1 drivers
v0x14f647120_0 .net *"_ivl_121", 0 0, L_0x14f6c46c0;  1 drivers
v0x14f6471d0_0 .net *"_ivl_124", 0 0, L_0x14f6c4730;  1 drivers
v0x14f647280_0 .net *"_ivl_126", 0 0, L_0x14f6c48d0;  1 drivers
v0x14f647330_0 .net *"_ivl_127", 0 0, L_0x14f6c43b0;  1 drivers
v0x14f6474c0_0 .net *"_ivl_13", 0 0, L_0x14f6c13c0;  1 drivers
v0x14f647550_0 .net *"_ivl_130", 0 0, L_0x14f6c4a60;  1 drivers
v0x14f647600_0 .net *"_ivl_131", 0 0, L_0x14f6c45e0;  1 drivers
v0x14f6476b0_0 .net *"_ivl_134", 0 0, L_0x14f6c4810;  1 drivers
v0x14f647760_0 .net *"_ivl_135", 0 0, L_0x14f6c4c10;  1 drivers
v0x14f647810_0 .net *"_ivl_138", 0 0, L_0x14f6c4e00;  1 drivers
v0x14f6478c0_0 .net *"_ivl_139", 0 0, L_0x14f6c4970;  1 drivers
v0x14f647970_0 .net *"_ivl_15", 0 0, L_0x14f6c14a0;  1 drivers
v0x14f647a20_0 .net *"_ivl_16", 0 0, L_0x14f6c1560;  1 drivers
v0x14f647ad0_0 .net *"_ivl_18", 0 0, L_0x14f6c1690;  1 drivers
v0x14f647b80_0 .net *"_ivl_23", 0 0, L_0x14f6c17b0;  1 drivers
v0x14f647c30_0 .net *"_ivl_25", 0 0, L_0x14f6c1850;  1 drivers
v0x14f647ce0_0 .net *"_ivl_27", 0 0, L_0x14f6c1920;  1 drivers
v0x14f647d90_0 .net *"_ivl_28", 0 0, L_0x14f6c1a40;  1 drivers
v0x14f647e40_0 .net *"_ivl_30", 0 0, L_0x14f6c1b10;  1 drivers
v0x14f647ef0_0 .net *"_ivl_33", 0 0, L_0x14f6c1c40;  1 drivers
v0x14f6473e0_0 .net *"_ivl_35", 0 0, L_0x14f6c1d60;  1 drivers
v0x14f648180_0 .net *"_ivl_36", 0 0, L_0x14f6c1e00;  1 drivers
v0x14f648210_0 .net *"_ivl_39", 0 0, L_0x14f6c1ef0;  1 drivers
v0x14f6482b0_0 .net *"_ivl_40", 0 0, L_0x14f6c2020;  1 drivers
v0x14f648360_0 .net *"_ivl_42", 0 0, L_0x14f6c2120;  1 drivers
v0x14f648410_0 .net *"_ivl_48", 0 0, L_0x14f6c2360;  1 drivers
v0x14f6484c0_0 .net *"_ivl_50", 0 0, L_0x14f6c2460;  1 drivers
v0x14f648570_0 .net *"_ivl_52", 0 0, L_0x14f6c2500;  1 drivers
v0x14f648620_0 .net *"_ivl_53", 0 0, L_0x14f6c2610;  1 drivers
v0x14f6486d0_0 .net *"_ivl_55", 0 0, L_0x14f6c2720;  1 drivers
v0x14f648780_0 .net *"_ivl_58", 0 0, L_0x14f6c27d0;  1 drivers
v0x14f648830_0 .net *"_ivl_60", 0 0, L_0x14f6c2870;  1 drivers
v0x14f6488e0_0 .net *"_ivl_61", 0 0, L_0x14f6c25a0;  1 drivers
v0x14f648990_0 .net *"_ivl_64", 0 0, L_0x14f6c2b00;  1 drivers
v0x14f648a40_0 .net *"_ivl_65", 0 0, L_0x14f6c2ba0;  1 drivers
v0x14f648af0_0 .net *"_ivl_67", 0 0, L_0x14f6c2c50;  1 drivers
v0x14f648ba0_0 .net *"_ivl_7", 0 0, L_0x14f6c11f0;  1 drivers
v0x14f648c50_0 .net *"_ivl_70", 0 0, L_0x14f6c2dc0;  1 drivers
v0x14f648d00_0 .net *"_ivl_72", 0 0, L_0x14f6c2ef0;  1 drivers
v0x14f648db0_0 .net *"_ivl_73", 0 0, L_0x14f6c2a90;  1 drivers
v0x14f648e60_0 .net *"_ivl_76", 0 0, L_0x14f6c2fd0;  1 drivers
v0x14f648f10_0 .net *"_ivl_77", 0 0, L_0x14f6c3110;  1 drivers
v0x14f648fc0_0 .net *"_ivl_80", 0 0, L_0x14f6c3230;  1 drivers
v0x14f649070_0 .net *"_ivl_81", 0 0, L_0x14f6c32d0;  1 drivers
v0x14f649120_0 .net *"_ivl_83", 0 0, L_0x14f6c33a0;  1 drivers
v0x14f6491d0_0 .net *"_ivl_86", 0 0, L_0x14f6c3570;  1 drivers
v0x14f649280_0 .net *"_ivl_88", 0 0, L_0x14f6c3070;  1 drivers
v0x14f649330_0 .net *"_ivl_90", 0 0, L_0x14f6c3710;  1 drivers
v0x14f6493e0_0 .net *"_ivl_91", 0 0, L_0x14f6c19c0;  1 drivers
v0x14f649490_0 .net *"_ivl_93", 0 0, L_0x14f6c38b0;  1 drivers
v0x14f649540_0 .net *"_ivl_96", 0 0, L_0x14f6c34d0;  1 drivers
v0x14f6495f0_0 .net *"_ivl_98", 0 0, L_0x14f6c3a50;  1 drivers
v0x14f647fa0_0 .net *"_ivl_99", 0 0, L_0x14f6c3bc0;  1 drivers
v0x14f648050_0 .net "a", 3 0, L_0x14f6c50d0;  1 drivers
v0x14f649680_0 .net "b", 3 0, L_0x14f6c5170;  1 drivers
v0x14f649710_0 .net "c", 3 0, L_0x14f6c21d0;  1 drivers
v0x14f6497a0_0 .net "cin", 0 0, L_0x14f6c0980;  alias, 1 drivers
v0x14f649830_0 .net8 "cout", 0 0, RS_0x150057f90;  alias, 3 drivers
v0x14f6498c0_0 .net "sum", 3 0, L_0x14f6c4d00;  1 drivers
L_0x14f6c12e0 .part L_0x14f6c1100, 0, 1;
L_0x14f6c13c0 .part L_0x14f6c1090, 0, 1;
L_0x14f6c14a0 .part L_0x14f6c21d0, 0, 1;
L_0x14f6c17b0 .part L_0x14f6c1100, 1, 1;
L_0x14f6c1850 .part L_0x14f6c1090, 1, 1;
L_0x14f6c1920 .part L_0x14f6c1100, 0, 1;
L_0x14f6c1c40 .part L_0x14f6c1090, 1, 1;
L_0x14f6c1d60 .part L_0x14f6c1090, 0, 1;
L_0x14f6c1ef0 .part L_0x14f6c21d0, 0, 1;
L_0x14f6c21d0 .concat8 [ 1 1 1 1], L_0x14f6c11f0, L_0x14f6c1690, L_0x14f6c2120, L_0x14f6c33a0;
L_0x14f6c2360 .part L_0x14f6c1100, 2, 1;
L_0x14f6c2460 .part L_0x14f6c1090, 2, 1;
L_0x14f6c2500 .part L_0x14f6c1100, 1, 1;
L_0x14f6c27d0 .part L_0x14f6c1090, 2, 1;
L_0x14f6c2870 .part L_0x14f6c1090, 1, 1;
L_0x14f6c2b00 .part L_0x14f6c1100, 0, 1;
L_0x14f6c2dc0 .part L_0x14f6c1090, 2, 1;
L_0x14f6c2ef0 .part L_0x14f6c1090, 1, 1;
L_0x14f6c2fd0 .part L_0x14f6c1090, 0, 1;
L_0x14f6c3230 .part L_0x14f6c21d0, 0, 1;
L_0x14f6c3570 .part L_0x14f6c1100, 3, 1;
L_0x14f6c3070 .part L_0x14f6c1090, 3, 1;
L_0x14f6c3710 .part L_0x14f6c1100, 2, 1;
L_0x14f6c34d0 .part L_0x14f6c1090, 3, 1;
L_0x14f6c3a50 .part L_0x14f6c1090, 2, 1;
L_0x14f6c3c50 .part L_0x14f6c1100, 1, 1;
L_0x14f6c3f10 .part L_0x14f6c1090, 3, 1;
L_0x14f6c4090 .part L_0x14f6c1090, 2, 1;
L_0x14f6c2950 .part L_0x14f6c1090, 1, 1;
L_0x14f6c3fb0 .part L_0x14f6c1100, 0, 1;
L_0x14f6c4730 .part L_0x14f6c1090, 3, 1;
L_0x14f6c48d0 .part L_0x14f6c1090, 2, 1;
L_0x14f6c4a60 .part L_0x14f6c1090, 1, 1;
L_0x14f6c4810 .part L_0x14f6c1090, 0, 1;
L_0x14f6c4e00 .part L_0x14f6c21d0, 0, 1;
S_0x14f64a420 .scope module, "AND" "and_op" 5 54, 8 1 0, S_0x14f62e620;
 .timescale -9 -11;
    .port_info 0 /INPUT 32 "a";
    .port_info 1 /INPUT 32 "b";
    .port_info 2 /OUTPUT 32 "data_out";
P_0x14f64a5e0 .param/l "DATA_WIDTH" 0 8 1, +C4<00000000000000000000000000100000>;
L_0x158d0c230 .functor AND 32, v0x14f69c240_0, v0x14f68ad80_0, C4<11111111111111111111111111111111>, C4<11111111111111111111111111111111>;
v0x14f64a750_0 .net "a", 31 0, v0x14f69c240_0;  alias, 1 drivers
v0x14f64a800_0 .net "b", 31 0, v0x14f68ad80_0;  alias, 1 drivers
v0x14f64a890_0 .net "data_out", 31 0, L_0x158d0c230;  alias, 1 drivers
S_0x14f64a920 .scope module, "DIV" "non_restore_div" 5 47, 9 2 0, S_0x14f62e620;
 .timescale -9 -11;
    .port_info 0 /INPUT 32 "a";
    .port_info 1 /INPUT 32 "b";
    .port_info 2 /OUTPUT 64 "data_out";
P_0x14f64aae0 .param/l "DATA_WIDTH" 0 9 2, +C4<00000000000000000000000000100000>;
v0x14f64acf0_0 .net "a", 31 0, v0x14f69c240_0;  alias, 1 drivers
v0x14f64ade0_0 .net "b", 31 0, v0x14f68ad80_0;  alias, 1 drivers
v0x14f64ae70_0 .var "data_out", 63 0;
v0x14f64af00_0 .var "dividend", 63 0;
v0x14f64af90_0 .var "dividend_sign", 0 0;
v0x14f64b060_0 .var "divisor", 31 0;
v0x14f64b100_0 .var "divisor_sign", 0 0;
v0x14f64b1a0_0 .var/i "i", 31 0;
v0x14f64b250_0 .var "quotient", 31 0;
v0x14f64b360_0 .var "remainder", 31 0;
E_0x14f64ac70/0 .event anyedge, v0x14f64a1b0_0, v0x14f64a240_0, v0x14f64af90_0, v0x14f64b100_0;
E_0x14f64ac70/1 .event anyedge, v0x14f64af00_0, v0x14f64b360_0, v0x14f64b060_0, v0x14f64b250_0;
E_0x14f64ac70 .event/or E_0x14f64ac70/0, E_0x14f64ac70/1;
S_0x14f64b460 .scope module, "MUL" "boothMul" 5 41, 10 1 0, S_0x14f62e620;
 .timescale -9 -11;
    .port_info 0 /INPUT 32 "a";
    .port_info 1 /INPUT 32 "b";
    .port_info 2 /OUTPUT 64 "data_out";
P_0x14f64b020 .param/l "DATA_WIDTH" 0 10 1, +C4<00000000000000000000000000100000>;
v0x14f64b800_0 .var "A", 64 0;
v0x14f64b8c0_0 .var "M", 32 0;
v0x14f64b960_0 .var "Q", 31 0;
v0x14f64b9f0_0 .var "Q_1", 0 0;
v0x14f64ba80_0 .net "a", 31 0, v0x14f69c240_0;  alias, 1 drivers
v0x14f64bb50_0 .var "a_is_negative", 0 0;
v0x14f64bbe0_0 .var "a_twos", 31 0;
v0x14f64bc80_0 .net "b", 31 0, v0x14f68ad80_0;  alias, 1 drivers
v0x14f64bd20_0 .var "b_is_negative", 0 0;
v0x14f64be30_0 .var "b_twos", 31 0;
v0x14f64bed0_0 .var "data_out", 63 0;
v0x14f64bf80_0 .var/i "i", 31 0;
v0x14f64c030_0 .var "result_sign", 0 0;
v0x14f64c0d0_0 .var "unsigned_result", 63 0;
E_0x14f64b750/0 .event anyedge, v0x14f64a1b0_0, v0x14f64a240_0, v0x14f64bb50_0, v0x14f64bd20_0;
E_0x14f64b750/1 .event anyedge, v0x14f64be30_0, v0x14f64bbe0_0, v0x14f64b960_0, v0x14f64b9f0_0;
E_0x14f64b750/2 .event anyedge, v0x14f64b800_0, v0x14f64b8c0_0, v0x14f64c030_0, v0x14f64c0d0_0;
E_0x14f64b750 .event/or E_0x14f64b750/0, E_0x14f64b750/1, E_0x14f64b750/2;
S_0x14f64c1d0 .scope module, "NEG" "neg" 5 96, 11 1 0, S_0x14f62e620;
 .timescale -9 -11;
    .port_info 0 /INPUT 32 "data_in";
    .port_info 1 /OUTPUT 32 "data_out";
P_0x14f64c390 .param/l "DATA_WIDTH" 0 11 1, +C4<00000000000000000000000000100000>;
L_0x1500882e0 .functor BUFT 1, C4<00000000000000000000000000000000>, C4<0>, C4<0>, C4<0>;
v0x14f64c4c0_0 .net *"_ivl_0", 31 0, L_0x1500882e0;  1 drivers
v0x14f64c570_0 .net "data_in", 31 0, v0x14f68ad80_0;  alias, 1 drivers
v0x14f64c610_0 .net "data_out", 31 0, L_0x158d0d490;  alias, 1 drivers
L_0x158d0d490 .arith/sub 32, L_0x1500882e0, v0x14f68ad80_0;
S_0x14f64c6c0 .scope module, "NOT" "not_op" 5 101, 12 1 0, S_0x14f62e620;
 .timescale -9 -11;
    .port_info 0 /INPUT 32 "data_in";
    .port_info 1 /OUTPUT 32 "data_out";
P_0x14f64c880 .param/l "DATA_WIDTH" 0 12 1, +C4<00000000000000000000000000100000>;
L_0x158d0d5d0 .functor NOT 32, v0x14f68ad80_0, C4<00000000000000000000000000000000>, C4<00000000000000000000000000000000>, C4<00000000000000000000000000000000>;
v0x14f64c9d0_0 .net "data_in", 31 0, v0x14f68ad80_0;  alias, 1 drivers
v0x14f64ca80_0 .net "data_out", 31 0, L_0x158d0d5d0;  alias, 1 drivers
S_0x14f64cb20 .scope module, "OR" "or_op" 5 60, 13 1 0, S_0x14f62e620;
 .timescale -9 -11;
    .port_info 0 /INPUT 32 "a";
    .port_info 1 /INPUT 32 "b";
    .port_info 2 /OUTPUT 32 "data_out";
P_0x14f64c940 .param/l "DATA_WIDTH" 0 13 1, +C4<00000000000000000000000000100000>;
L_0x158d0c2e0 .functor OR 32, v0x14f69c240_0, v0x14f68ad80_0, C4<00000000000000000000000000000000>, C4<00000000000000000000000000000000>;
v0x14f64ce30_0 .net "a", 31 0, v0x14f69c240_0;  alias, 1 drivers
v0x14f64ced0_0 .net "b", 31 0, v0x14f68ad80_0;  alias, 1 drivers
v0x14f64cf70_0 .net "data_out", 31 0, L_0x158d0c2e0;  alias, 1 drivers
S_0x14f64d040 .scope module, "PC" "collective_add" 5 25, 6 22 0, S_0x14f62e620;
 .timescale -9 -11;
    .port_info 0 /INPUT 32 "d1";
    .port_info 1 /INPUT 32 "d2";
    .port_info 2 /INPUT 1 "cin";
    .port_info 3 /OUTPUT 32 "sum";
    .port_info 4 /OUTPUT 1 "cout";
P_0x14f64d200 .param/l "DATA_WIDTH" 0 6 22, +C4<00000000000000000000000000100000>;
v0x14f668710_0 .net "c1", 0 0, L_0x14f6d55f0;  1 drivers
L_0x1500880e8 .functor BUFT 1, C4<0>, C4<0>, C4<0>, C4<0>;
v0x14f668820_0 .net "cin", 0 0, L_0x1500880e8;  1 drivers
v0x14f6688b0_0 .net8 "cout", 0 0, RS_0x150057f90;  alias, 3 drivers
v0x14f668940_0 .net "d1", 31 0, v0x14f68ad80_0;  alias, 1 drivers
L_0x1500880a0 .functor BUFT 1, C4<00000000000000000000000000000001>, C4<0>, C4<0>, C4<0>;
v0x14f6689d0_0 .net "d2", 31 0, L_0x1500880a0;  1 drivers
v0x14f668a60_0 .net "sum", 31 0, L_0x14f6e69f0;  alias, 1 drivers
L_0x14f6d5f30 .part v0x14f68ad80_0, 0, 16;
L_0x14f6d5fd0 .part L_0x1500880a0, 0, 16;
L_0x14f6e68b0 .part v0x14f68ad80_0, 16, 16;
L_0x14f6e6950 .part L_0x1500880a0, 16, 16;
L_0x14f6e69f0 .concat8 [ 16 16 0 0], L_0x14f6d5d80, L_0x14f6e6700;
S_0x14f64d330 .scope module, "n1" "cla16" 6 32, 6 4 0, S_0x14f64d040;
 .timescale -9 -11;
    .port_info 0 /INPUT 16 "d1";
    .port_info 1 /INPUT 16 "d2";
    .port_info 2 /INPUT 1 "cin";
    .port_info 3 /OUTPUT 16 "sum";
    .port_info 4 /OUTPUT 1 "cout";
P_0x14f64d500 .param/l "DATA_WIDTH" 0 6 4, +C4<00000000000000000000000000100000>;
v0x14f65a720_0 .net "c1", 0 0, L_0x14f6c9120;  1 drivers
v0x14f65a800_0 .net "c2", 0 0, L_0x14f6cd2b0;  1 drivers
v0x14f65a8d0_0 .net "c3", 0 0, L_0x14f6d1470;  1 drivers
v0x14f65a9a0_0 .net "cin", 0 0, L_0x1500880e8;  alias, 1 drivers
v0x14f65aa30_0 .net "cout", 0 0, L_0x14f6d55f0;  alias, 1 drivers
v0x14f65ab00_0 .net "d1", 15 0, L_0x14f6d5f30;  1 drivers
v0x14f65ab90_0 .net "d2", 15 0, L_0x14f6d5fd0;  1 drivers
v0x14f65ac20_0 .net "sum", 15 0, L_0x14f6d5d80;  1 drivers
L_0x14f6c96f0 .part L_0x14f6d5f30, 0, 4;
L_0x14f6c9790 .part L_0x14f6d5fd0, 0, 4;
L_0x14f6cd880 .part L_0x14f6d5f30, 4, 4;
L_0x14f6cd920 .part L_0x14f6d5fd0, 4, 4;
L_0x14f6d1a40 .part L_0x14f6d5f30, 8, 4;
L_0x14f6d1ae0 .part L_0x14f6d5fd0, 8, 4;
L_0x14f6d5bc0 .part L_0x14f6d5f30, 12, 4;
L_0x14f6d5c60 .part L_0x14f6d5fd0, 12, 4;
L_0x14f6d5d80 .concat8 [ 4 4 4 4], L_0x14f6c9320, L_0x14f6cd4b0, L_0x14f6d1670, L_0x14f6d57f0;
S_0x14f64d650 .scope module, "n1" "cla_4" 6 14, 7 3 0, S_0x14f64d330;
 .timescale -9 -11;
    .port_info 0 /INPUT 4 "a";
    .port_info 1 /INPUT 4 "b";
    .port_info 2 /INPUT 1 "cin";
    .port_info 3 /OUTPUT 4 "sum";
    .port_info 4 /OUTPUT 1 "cout";
L_0x14f6c5750 .functor XOR 4, L_0x14f6c96f0, L_0x14f6c9790, C4<0000>, C4<0000>;
L_0x14f6c57c0 .functor AND 4, L_0x14f6c96f0, L_0x14f6c9790, C4<1111>, C4<1111>;
L_0x14f6c5870 .functor BUFZ 1, L_0x1500880e8, C4<0>, C4<0>, C4<0>;
L_0x14f6c5b80 .functor AND 1, L_0x14f6c59c0, L_0x14f6c5aa0, C4<1>, C4<1>;
L_0x14f6c5cb0 .functor OR 1, L_0x14f6c58e0, L_0x14f6c5b80, C4<0>, C4<0>;
L_0x14f6c6060 .functor AND 1, L_0x14f6c5e70, L_0x14f6c5f40, C4<1>, C4<1>;
L_0x14f6c6130 .functor OR 1, L_0x14f6c5dd0, L_0x14f6c6060, C4<0>, C4<0>;
L_0x14f6c6420 .functor AND 1, L_0x14f6c6260, L_0x14f6c6380, C4<1>, C4<1>;
L_0x14f6c6640 .functor AND 1, L_0x14f6c6420, L_0x14f6c6510, C4<1>, C4<1>;
L_0x14f6c6740 .functor OR 1, L_0x14f6c6130, L_0x14f6c6640, C4<0>, C4<0>;
L_0x14f6c6c30 .functor AND 1, L_0x14f6c6a80, L_0x14f6c6b20, C4<1>, C4<1>;
L_0x14f6c6d40 .functor OR 1, L_0x14f6c6980, L_0x14f6c6c30, C4<0>, C4<0>;
L_0x14f6c6bc0 .functor AND 1, L_0x14f6c6df0, L_0x14f6c6e90, C4<1>, C4<1>;
L_0x14f6c71c0 .functor AND 1, L_0x14f6c6bc0, L_0x14f6c7120, C4<1>, C4<1>;
L_0x14f6c7270 .functor OR 1, L_0x14f6c6d40, L_0x14f6c71c0, C4<0>, C4<0>;
L_0x14f6c70b0 .functor AND 1, L_0x14f6c73e0, L_0x14f6c7510, C4<1>, C4<1>;
L_0x14f6c7730 .functor AND 1, L_0x14f6c70b0, L_0x14f6c75f0, C4<1>, C4<1>;
L_0x14f6c78f0 .functor AND 1, L_0x14f6c7730, L_0x14f6c7850, C4<1>, C4<1>;
L_0x14f6c79c0 .functor OR 1, L_0x14f6c7270, L_0x14f6c78f0, C4<0>, C4<0>;
L_0x14f6c5fe0 .functor AND 1, L_0x14f6c7690, L_0x14f6c7d30, C4<1>, C4<1>;
L_0x14f6c7ed0 .functor OR 1, L_0x14f6c7b90, L_0x14f6c5fe0, C4<0>, C4<0>;
L_0x14f6c81e0 .functor AND 1, L_0x14f6c7af0, L_0x14f6c8070, C4<1>, C4<1>;
L_0x14f6c8310 .functor AND 1, L_0x14f6c81e0, L_0x14f6c8270, C4<1>, C4<1>;
L_0x14f6c84c0 .functor OR 1, L_0x14f6c7ed0, L_0x14f6c8310, C4<0>, C4<0>;
L_0x14f6c8110 .functor AND 1, L_0x14f6c8530, L_0x14f6c86b0, C4<1>, C4<1>;
L_0x14f6c8400 .functor AND 1, L_0x14f6c8110, L_0x14f6c6f70, C4<1>, C4<1>;
L_0x14f6c8b10 .functor AND 1, L_0x14f6c8400, L_0x14f6c85d0, C4<1>, C4<1>;
L_0x14f6c8ce0 .functor OR 1, L_0x14f6c84c0, L_0x14f6c8b10, C4<0>, C4<0>;
L_0x14f6c89d0 .functor AND 1, L_0x14f6c8d50, L_0x14f6c8ef0, C4<1>, C4<1>;
L_0x14f6c8c00 .functor AND 1, L_0x14f6c89d0, L_0x14f6c9080, C4<1>, C4<1>;
L_0x14f6c9230 .functor AND 1, L_0x14f6c8c00, L_0x14f6c8e30, C4<1>, C4<1>;
L_0x14f6c8f90 .functor AND 1, L_0x14f6c9230, L_0x14f6c9420, C4<1>, C4<1>;
L_0x14f6c9120 .functor OR 1, L_0x14f6c8ce0, L_0x14f6c8f90, C4<0>, C4<0>;
L_0x14f6c9320 .functor XOR 4, L_0x14f6c5750, L_0x14f6c67f0, C4<0000>, C4<0000>;
v0x14f64d8d0_0 .net "G", 3 0, L_0x14f6c57c0;  1 drivers
v0x14f64d990_0 .net "P", 3 0, L_0x14f6c5750;  1 drivers
v0x14f64da40_0 .net *"_ivl_102", 0 0, L_0x14f6c8270;  1 drivers
v0x14f64db00_0 .net *"_ivl_103", 0 0, L_0x14f6c8310;  1 drivers
v0x14f64dbb0_0 .net *"_ivl_105", 0 0, L_0x14f6c84c0;  1 drivers
v0x14f64dca0_0 .net *"_ivl_108", 0 0, L_0x14f6c8530;  1 drivers
v0x14f64dd50_0 .net *"_ivl_11", 0 0, L_0x14f6c58e0;  1 drivers
v0x14f64de00_0 .net *"_ivl_110", 0 0, L_0x14f6c86b0;  1 drivers
v0x14f64deb0_0 .net *"_ivl_111", 0 0, L_0x14f6c8110;  1 drivers
v0x14f64dfc0_0 .net *"_ivl_114", 0 0, L_0x14f6c6f70;  1 drivers
v0x14f64e070_0 .net *"_ivl_115", 0 0, L_0x14f6c8400;  1 drivers
v0x14f64e120_0 .net *"_ivl_118", 0 0, L_0x14f6c85d0;  1 drivers
v0x14f64e1d0_0 .net *"_ivl_119", 0 0, L_0x14f6c8b10;  1 drivers
v0x14f64e280_0 .net *"_ivl_121", 0 0, L_0x14f6c8ce0;  1 drivers
v0x14f64e330_0 .net *"_ivl_124", 0 0, L_0x14f6c8d50;  1 drivers
v0x14f64e3e0_0 .net *"_ivl_126", 0 0, L_0x14f6c8ef0;  1 drivers
v0x14f64e490_0 .net *"_ivl_127", 0 0, L_0x14f6c89d0;  1 drivers
v0x14f64e620_0 .net *"_ivl_13", 0 0, L_0x14f6c59c0;  1 drivers
v0x14f64e6b0_0 .net *"_ivl_130", 0 0, L_0x14f6c9080;  1 drivers
v0x14f64e760_0 .net *"_ivl_131", 0 0, L_0x14f6c8c00;  1 drivers
v0x14f64e810_0 .net *"_ivl_134", 0 0, L_0x14f6c8e30;  1 drivers
v0x14f64e8c0_0 .net *"_ivl_135", 0 0, L_0x14f6c9230;  1 drivers
v0x14f64e970_0 .net *"_ivl_138", 0 0, L_0x14f6c9420;  1 drivers
v0x14f64ea20_0 .net *"_ivl_139", 0 0, L_0x14f6c8f90;  1 drivers
v0x14f64ead0_0 .net *"_ivl_15", 0 0, L_0x14f6c5aa0;  1 drivers
v0x14f64eb80_0 .net *"_ivl_16", 0 0, L_0x14f6c5b80;  1 drivers
v0x14f64ec30_0 .net *"_ivl_18", 0 0, L_0x14f6c5cb0;  1 drivers
v0x14f64ece0_0 .net *"_ivl_23", 0 0, L_0x14f6c5dd0;  1 drivers
v0x14f64ed90_0 .net *"_ivl_25", 0 0, L_0x14f6c5e70;  1 drivers
v0x14f64ee40_0 .net *"_ivl_27", 0 0, L_0x14f6c5f40;  1 drivers
v0x14f64eef0_0 .net *"_ivl_28", 0 0, L_0x14f6c6060;  1 drivers
v0x14f64efa0_0 .net *"_ivl_30", 0 0, L_0x14f6c6130;  1 drivers
v0x14f64f050_0 .net *"_ivl_33", 0 0, L_0x14f6c6260;  1 drivers
v0x14f64e540_0 .net *"_ivl_35", 0 0, L_0x14f6c6380;  1 drivers
v0x14f64f2e0_0 .net *"_ivl_36", 0 0, L_0x14f6c6420;  1 drivers
v0x14f64f370_0 .net *"_ivl_39", 0 0, L_0x14f6c6510;  1 drivers
v0x14f64f410_0 .net *"_ivl_40", 0 0, L_0x14f6c6640;  1 drivers
v0x14f64f4c0_0 .net *"_ivl_42", 0 0, L_0x14f6c6740;  1 drivers
v0x14f64f570_0 .net *"_ivl_48", 0 0, L_0x14f6c6980;  1 drivers
v0x14f64f620_0 .net *"_ivl_50", 0 0, L_0x14f6c6a80;  1 drivers
v0x14f64f6d0_0 .net *"_ivl_52", 0 0, L_0x14f6c6b20;  1 drivers
v0x14f64f780_0 .net *"_ivl_53", 0 0, L_0x14f6c6c30;  1 drivers
v0x14f64f830_0 .net *"_ivl_55", 0 0, L_0x14f6c6d40;  1 drivers
v0x14f64f8e0_0 .net *"_ivl_58", 0 0, L_0x14f6c6df0;  1 drivers
v0x14f64f990_0 .net *"_ivl_60", 0 0, L_0x14f6c6e90;  1 drivers
v0x14f64fa40_0 .net *"_ivl_61", 0 0, L_0x14f6c6bc0;  1 drivers
v0x14f64faf0_0 .net *"_ivl_64", 0 0, L_0x14f6c7120;  1 drivers
v0x14f64fba0_0 .net *"_ivl_65", 0 0, L_0x14f6c71c0;  1 drivers
v0x14f64fc50_0 .net *"_ivl_67", 0 0, L_0x14f6c7270;  1 drivers
v0x14f64fd00_0 .net *"_ivl_7", 0 0, L_0x14f6c5870;  1 drivers
v0x14f64fdb0_0 .net *"_ivl_70", 0 0, L_0x14f6c73e0;  1 drivers
v0x14f64fe60_0 .net *"_ivl_72", 0 0, L_0x14f6c7510;  1 drivers
v0x14f64ff10_0 .net *"_ivl_73", 0 0, L_0x14f6c70b0;  1 drivers
v0x14f64ffc0_0 .net *"_ivl_76", 0 0, L_0x14f6c75f0;  1 drivers
v0x14f650070_0 .net *"_ivl_77", 0 0, L_0x14f6c7730;  1 drivers
v0x14f650120_0 .net *"_ivl_80", 0 0, L_0x14f6c7850;  1 drivers
v0x14f6501d0_0 .net *"_ivl_81", 0 0, L_0x14f6c78f0;  1 drivers
v0x14f650280_0 .net *"_ivl_83", 0 0, L_0x14f6c79c0;  1 drivers
v0x14f650330_0 .net *"_ivl_86", 0 0, L_0x14f6c7b90;  1 drivers
v0x14f6503e0_0 .net *"_ivl_88", 0 0, L_0x14f6c7690;  1 drivers
v0x14f650490_0 .net *"_ivl_90", 0 0, L_0x14f6c7d30;  1 drivers
v0x14f650540_0 .net *"_ivl_91", 0 0, L_0x14f6c5fe0;  1 drivers
v0x14f6505f0_0 .net *"_ivl_93", 0 0, L_0x14f6c7ed0;  1 drivers
v0x14f6506a0_0 .net *"_ivl_96", 0 0, L_0x14f6c7af0;  1 drivers
v0x14f650750_0 .net *"_ivl_98", 0 0, L_0x14f6c8070;  1 drivers
v0x14f64f100_0 .net *"_ivl_99", 0 0, L_0x14f6c81e0;  1 drivers
v0x14f64f1b0_0 .net "a", 3 0, L_0x14f6c96f0;  1 drivers
v0x14f6507e0_0 .net "b", 3 0, L_0x14f6c9790;  1 drivers
v0x14f650870_0 .net "c", 3 0, L_0x14f6c67f0;  1 drivers
v0x14f650900_0 .net "cin", 0 0, L_0x1500880e8;  alias, 1 drivers
v0x14f650990_0 .net "cout", 0 0, L_0x14f6c9120;  alias, 1 drivers
v0x14f650a20_0 .net "sum", 3 0, L_0x14f6c9320;  1 drivers
L_0x14f6c58e0 .part L_0x14f6c57c0, 0, 1;
L_0x14f6c59c0 .part L_0x14f6c5750, 0, 1;
L_0x14f6c5aa0 .part L_0x14f6c67f0, 0, 1;
L_0x14f6c5dd0 .part L_0x14f6c57c0, 1, 1;
L_0x14f6c5e70 .part L_0x14f6c5750, 1, 1;
L_0x14f6c5f40 .part L_0x14f6c57c0, 0, 1;
L_0x14f6c6260 .part L_0x14f6c5750, 1, 1;
L_0x14f6c6380 .part L_0x14f6c5750, 0, 1;
L_0x14f6c6510 .part L_0x14f6c67f0, 0, 1;
L_0x14f6c67f0 .concat8 [ 1 1 1 1], L_0x14f6c5870, L_0x14f6c5cb0, L_0x14f6c6740, L_0x14f6c79c0;
L_0x14f6c6980 .part L_0x14f6c57c0, 2, 1;
L_0x14f6c6a80 .part L_0x14f6c5750, 2, 1;
L_0x14f6c6b20 .part L_0x14f6c57c0, 1, 1;
L_0x14f6c6df0 .part L_0x14f6c5750, 2, 1;
L_0x14f6c6e90 .part L_0x14f6c5750, 1, 1;
L_0x14f6c7120 .part L_0x14f6c57c0, 0, 1;
L_0x14f6c73e0 .part L_0x14f6c5750, 2, 1;
L_0x14f6c7510 .part L_0x14f6c5750, 1, 1;
L_0x14f6c75f0 .part L_0x14f6c5750, 0, 1;
L_0x14f6c7850 .part L_0x14f6c67f0, 0, 1;
L_0x14f6c7b90 .part L_0x14f6c57c0, 3, 1;
L_0x14f6c7690 .part L_0x14f6c5750, 3, 1;
L_0x14f6c7d30 .part L_0x14f6c57c0, 2, 1;
L_0x14f6c7af0 .part L_0x14f6c5750, 3, 1;
L_0x14f6c8070 .part L_0x14f6c5750, 2, 1;
L_0x14f6c8270 .part L_0x14f6c57c0, 1, 1;
L_0x14f6c8530 .part L_0x14f6c5750, 3, 1;
L_0x14f6c86b0 .part L_0x14f6c5750, 2, 1;
L_0x14f6c6f70 .part L_0x14f6c5750, 1, 1;
L_0x14f6c85d0 .part L_0x14f6c57c0, 0, 1;
L_0x14f6c8d50 .part L_0x14f6c5750, 3, 1;
L_0x14f6c8ef0 .part L_0x14f6c5750, 2, 1;
L_0x14f6c9080 .part L_0x14f6c5750, 1, 1;
L_0x14f6c8e30 .part L_0x14f6c5750, 0, 1;
L_0x14f6c9420 .part L_0x14f6c67f0, 0, 1;
S_0x14f650b30 .scope module, "n2" "cla_4" 6 15, 7 3 0, S_0x14f64d330;
 .timescale -9 -11;
    .port_info 0 /INPUT 4 "a";
    .port_info 1 /INPUT 4 "b";
    .port_info 2 /INPUT 1 "cin";
    .port_info 3 /OUTPUT 4 "sum";
    .port_info 4 /OUTPUT 1 "cout";
L_0x14f6c9390 .functor XOR 4, L_0x14f6cd880, L_0x14f6cd920, C4<0000>, C4<0000>;
L_0x14f6c9890 .functor AND 4, L_0x14f6cd880, L_0x14f6cd920, C4<1111>, C4<1111>;
L_0x14f6c99c0 .functor BUFZ 1, L_0x14f6c9120, C4<0>, C4<0>, C4<0>;
L_0x14f6c9d30 .functor AND 1, L_0x14f6c9b90, L_0x14f6c9c70, C4<1>, C4<1>;
L_0x14f6c9e40 .functor OR 1, L_0x14f6c9ab0, L_0x14f6c9d30, C4<0>, C4<0>;
L_0x14f6ca1f0 .functor AND 1, L_0x14f6ca000, L_0x14f6ca0d0, C4<1>, C4<1>;
L_0x14f6ca2c0 .functor OR 1, L_0x14f6c9f60, L_0x14f6ca1f0, C4<0>, C4<0>;
L_0x14f6ca5b0 .functor AND 1, L_0x14f6ca3f0, L_0x14f6ca510, C4<1>, C4<1>;
L_0x14f6ca7d0 .functor AND 1, L_0x14f6ca5b0, L_0x14f6ca6a0, C4<1>, C4<1>;
L_0x14f6ca8d0 .functor OR 1, L_0x14f6ca2c0, L_0x14f6ca7d0, C4<0>, C4<0>;
L_0x14f6cadc0 .functor AND 1, L_0x14f6cac10, L_0x14f6cacb0, C4<1>, C4<1>;
L_0x14f6caed0 .functor OR 1, L_0x14f6cab10, L_0x14f6cadc0, C4<0>, C4<0>;
L_0x14f6cad50 .functor AND 1, L_0x14f6caf80, L_0x14f6cb020, C4<1>, C4<1>;
L_0x14f6cb350 .functor AND 1, L_0x14f6cad50, L_0x14f6cb2b0, C4<1>, C4<1>;
L_0x14f6cb400 .functor OR 1, L_0x14f6caed0, L_0x14f6cb350, C4<0>, C4<0>;
L_0x14f6cb240 .functor AND 1, L_0x14f6cb570, L_0x14f6cb6a0, C4<1>, C4<1>;
L_0x14f6cb8c0 .functor AND 1, L_0x14f6cb240, L_0x14f6cb780, C4<1>, C4<1>;
L_0x14f6cba80 .functor AND 1, L_0x14f6cb8c0, L_0x14f6cb9e0, C4<1>, C4<1>;
L_0x14f6cbb50 .functor OR 1, L_0x14f6cb400, L_0x14f6cba80, C4<0>, C4<0>;
L_0x14f6ca170 .functor AND 1, L_0x14f6cb820, L_0x14f6cbec0, C4<1>, C4<1>;
L_0x14f6cc060 .functor OR 1, L_0x14f6cbd20, L_0x14f6ca170, C4<0>, C4<0>;
L_0x14f6cc370 .functor AND 1, L_0x14f6cbc80, L_0x14f6cc200, C4<1>, C4<1>;
L_0x14f6cc4a0 .functor AND 1, L_0x14f6cc370, L_0x14f6cc400, C4<1>, C4<1>;
L_0x14f6cc650 .functor OR 1, L_0x14f6cc060, L_0x14f6cc4a0, C4<0>, C4<0>;
L_0x14f6cc2a0 .functor AND 1, L_0x14f6cc6c0, L_0x14f6cc840, C4<1>, C4<1>;
L_0x14f6cc590 .functor AND 1, L_0x14f6cc2a0, L_0x14f6cb100, C4<1>, C4<1>;
L_0x14f6ccca0 .functor AND 1, L_0x14f6cc590, L_0x14f6cc760, C4<1>, C4<1>;
L_0x14f6cce70 .functor OR 1, L_0x14f6cc650, L_0x14f6ccca0, C4<0>, C4<0>;
L_0x14f6ccb60 .functor AND 1, L_0x14f6ccee0, L_0x14f6cd080, C4<1>, C4<1>;
L_0x14f6ccd90 .functor AND 1, L_0x14f6ccb60, L_0x14f6cd210, C4<1>, C4<1>;
L_0x14f6cd3c0 .functor AND 1, L_0x14f6ccd90, L_0x14f6ccfc0, C4<1>, C4<1>;
L_0x14f6cd120 .functor AND 1, L_0x14f6cd3c0, L_0x14f6cd5b0, C4<1>, C4<1>;
L_0x14f6cd2b0 .functor OR 1, L_0x14f6cce70, L_0x14f6cd120, C4<0>, C4<0>;
L_0x14f6cd4b0 .functor XOR 4, L_0x14f6c9390, L_0x14f6ca980, C4<0000>, C4<0000>;
v0x14f650d20_0 .net "G", 3 0, L_0x14f6c9890;  1 drivers
v0x14f650db0_0 .net "P", 3 0, L_0x14f6c9390;  1 drivers
v0x14f650e60_0 .net *"_ivl_102", 0 0, L_0x14f6cc400;  1 drivers
v0x14f650f20_0 .net *"_ivl_103", 0 0, L_0x14f6cc4a0;  1 drivers
v0x14f650fd0_0 .net *"_ivl_105", 0 0, L_0x14f6cc650;  1 drivers
v0x14f6510c0_0 .net *"_ivl_108", 0 0, L_0x14f6cc6c0;  1 drivers
v0x14f651170_0 .net *"_ivl_11", 0 0, L_0x14f6c9ab0;  1 drivers
v0x14f651220_0 .net *"_ivl_110", 0 0, L_0x14f6cc840;  1 drivers
v0x14f6512d0_0 .net *"_ivl_111", 0 0, L_0x14f6cc2a0;  1 drivers
v0x14f6513e0_0 .net *"_ivl_114", 0 0, L_0x14f6cb100;  1 drivers
v0x14f651490_0 .net *"_ivl_115", 0 0, L_0x14f6cc590;  1 drivers
v0x14f651540_0 .net *"_ivl_118", 0 0, L_0x14f6cc760;  1 drivers
v0x14f6515f0_0 .net *"_ivl_119", 0 0, L_0x14f6ccca0;  1 drivers
v0x14f6516a0_0 .net *"_ivl_121", 0 0, L_0x14f6cce70;  1 drivers
v0x14f651750_0 .net *"_ivl_124", 0 0, L_0x14f6ccee0;  1 drivers
v0x14f651800_0 .net *"_ivl_126", 0 0, L_0x14f6cd080;  1 drivers
v0x14f6518b0_0 .net *"_ivl_127", 0 0, L_0x14f6ccb60;  1 drivers
v0x14f651a40_0 .net *"_ivl_13", 0 0, L_0x14f6c9b90;  1 drivers
v0x14f651ad0_0 .net *"_ivl_130", 0 0, L_0x14f6cd210;  1 drivers
v0x14f651b80_0 .net *"_ivl_131", 0 0, L_0x14f6ccd90;  1 drivers
v0x14f651c30_0 .net *"_ivl_134", 0 0, L_0x14f6ccfc0;  1 drivers
v0x14f651ce0_0 .net *"_ivl_135", 0 0, L_0x14f6cd3c0;  1 drivers
v0x14f651d90_0 .net *"_ivl_138", 0 0, L_0x14f6cd5b0;  1 drivers
v0x14f651e40_0 .net *"_ivl_139", 0 0, L_0x14f6cd120;  1 drivers
v0x14f651ef0_0 .net *"_ivl_15", 0 0, L_0x14f6c9c70;  1 drivers
v0x14f651fa0_0 .net *"_ivl_16", 0 0, L_0x14f6c9d30;  1 drivers
v0x14f652050_0 .net *"_ivl_18", 0 0, L_0x14f6c9e40;  1 drivers
v0x14f652100_0 .net *"_ivl_23", 0 0, L_0x14f6c9f60;  1 drivers
v0x14f6521b0_0 .net *"_ivl_25", 0 0, L_0x14f6ca000;  1 drivers
v0x14f652260_0 .net *"_ivl_27", 0 0, L_0x14f6ca0d0;  1 drivers
v0x14f652310_0 .net *"_ivl_28", 0 0, L_0x14f6ca1f0;  1 drivers
v0x14f6523c0_0 .net *"_ivl_30", 0 0, L_0x14f6ca2c0;  1 drivers
v0x14f652470_0 .net *"_ivl_33", 0 0, L_0x14f6ca3f0;  1 drivers
v0x14f651960_0 .net *"_ivl_35", 0 0, L_0x14f6ca510;  1 drivers
v0x14f652700_0 .net *"_ivl_36", 0 0, L_0x14f6ca5b0;  1 drivers
v0x14f652790_0 .net *"_ivl_39", 0 0, L_0x14f6ca6a0;  1 drivers
v0x14f652830_0 .net *"_ivl_40", 0 0, L_0x14f6ca7d0;  1 drivers
v0x14f6528e0_0 .net *"_ivl_42", 0 0, L_0x14f6ca8d0;  1 drivers
v0x14f652990_0 .net *"_ivl_48", 0 0, L_0x14f6cab10;  1 drivers
v0x14f652a40_0 .net *"_ivl_50", 0 0, L_0x14f6cac10;  1 drivers
v0x14f652af0_0 .net *"_ivl_52", 0 0, L_0x14f6cacb0;  1 drivers
v0x14f652ba0_0 .net *"_ivl_53", 0 0, L_0x14f6cadc0;  1 drivers
v0x14f652c50_0 .net *"_ivl_55", 0 0, L_0x14f6caed0;  1 drivers
v0x14f652d00_0 .net *"_ivl_58", 0 0, L_0x14f6caf80;  1 drivers
v0x14f652db0_0 .net *"_ivl_60", 0 0, L_0x14f6cb020;  1 drivers
v0x14f652e60_0 .net *"_ivl_61", 0 0, L_0x14f6cad50;  1 drivers
v0x14f652f10_0 .net *"_ivl_64", 0 0, L_0x14f6cb2b0;  1 drivers
v0x14f652fc0_0 .net *"_ivl_65", 0 0, L_0x14f6cb350;  1 drivers
v0x14f653070_0 .net *"_ivl_67", 0 0, L_0x14f6cb400;  1 drivers
v0x14f653120_0 .net *"_ivl_7", 0 0, L_0x14f6c99c0;  1 drivers
v0x14f6531d0_0 .net *"_ivl_70", 0 0, L_0x14f6cb570;  1 drivers
v0x14f653280_0 .net *"_ivl_72", 0 0, L_0x14f6cb6a0;  1 drivers
v0x14f653330_0 .net *"_ivl_73", 0 0, L_0x14f6cb240;  1 drivers
v0x14f6533e0_0 .net *"_ivl_76", 0 0, L_0x14f6cb780;  1 drivers
v0x14f653490_0 .net *"_ivl_77", 0 0, L_0x14f6cb8c0;  1 drivers
v0x14f653540_0 .net *"_ivl_80", 0 0, L_0x14f6cb9e0;  1 drivers
v0x14f6535f0_0 .net *"_ivl_81", 0 0, L_0x14f6cba80;  1 drivers
v0x14f6536a0_0 .net *"_ivl_83", 0 0, L_0x14f6cbb50;  1 drivers
v0x14f653750_0 .net *"_ivl_86", 0 0, L_0x14f6cbd20;  1 drivers
v0x14f653800_0 .net *"_ivl_88", 0 0, L_0x14f6cb820;  1 drivers
v0x14f6538b0_0 .net *"_ivl_90", 0 0, L_0x14f6cbec0;  1 drivers
v0x14f653960_0 .net *"_ivl_91", 0 0, L_0x14f6ca170;  1 drivers
v0x14f653a10_0 .net *"_ivl_93", 0 0, L_0x14f6cc060;  1 drivers
v0x14f653ac0_0 .net *"_ivl_96", 0 0, L_0x14f6cbc80;  1 drivers
v0x14f653b70_0 .net *"_ivl_98", 0 0, L_0x14f6cc200;  1 drivers
v0x14f652520_0 .net *"_ivl_99", 0 0, L_0x14f6cc370;  1 drivers
v0x14f6525d0_0 .net "a", 3 0, L_0x14f6cd880;  1 drivers
v0x14f653c00_0 .net "b", 3 0, L_0x14f6cd920;  1 drivers
v0x14f653c90_0 .net "c", 3 0, L_0x14f6ca980;  1 drivers
v0x14f653d20_0 .net "cin", 0 0, L_0x14f6c9120;  alias, 1 drivers
v0x14f653db0_0 .net "cout", 0 0, L_0x14f6cd2b0;  alias, 1 drivers
v0x14f653e40_0 .net "sum", 3 0, L_0x14f6cd4b0;  1 drivers
L_0x14f6c9ab0 .part L_0x14f6c9890, 0, 1;
L_0x14f6c9b90 .part L_0x14f6c9390, 0, 1;
L_0x14f6c9c70 .part L_0x14f6ca980, 0, 1;
L_0x14f6c9f60 .part L_0x14f6c9890, 1, 1;
L_0x14f6ca000 .part L_0x14f6c9390, 1, 1;
L_0x14f6ca0d0 .part L_0x14f6c9890, 0, 1;
L_0x14f6ca3f0 .part L_0x14f6c9390, 1, 1;
L_0x14f6ca510 .part L_0x14f6c9390, 0, 1;
L_0x14f6ca6a0 .part L_0x14f6ca980, 0, 1;
L_0x14f6ca980 .concat8 [ 1 1 1 1], L_0x14f6c99c0, L_0x14f6c9e40, L_0x14f6ca8d0, L_0x14f6cbb50;
L_0x14f6cab10 .part L_0x14f6c9890, 2, 1;
L_0x14f6cac10 .part L_0x14f6c9390, 2, 1;
L_0x14f6cacb0 .part L_0x14f6c9890, 1, 1;
L_0x14f6caf80 .part L_0x14f6c9390, 2, 1;
L_0x14f6cb020 .part L_0x14f6c9390, 1, 1;
L_0x14f6cb2b0 .part L_0x14f6c9890, 0, 1;
L_0x14f6cb570 .part L_0x14f6c9390, 2, 1;
L_0x14f6cb6a0 .part L_0x14f6c9390, 1, 1;
L_0x14f6cb780 .part L_0x14f6c9390, 0, 1;
L_0x14f6cb9e0 .part L_0x14f6ca980, 0, 1;
L_0x14f6cbd20 .part L_0x14f6c9890, 3, 1;
L_0x14f6cb820 .part L_0x14f6c9390, 3, 1;
L_0x14f6cbec0 .part L_0x14f6c9890, 2, 1;
L_0x14f6cbc80 .part L_0x14f6c9390, 3, 1;
L_0x14f6cc200 .part L_0x14f6c9390, 2, 1;
L_0x14f6cc400 .part L_0x14f6c9890, 1, 1;
L_0x14f6cc6c0 .part L_0x14f6c9390, 3, 1;
L_0x14f6cc840 .part L_0x14f6c9390, 2, 1;
L_0x14f6cb100 .part L_0x14f6c9390, 1, 1;
L_0x14f6cc760 .part L_0x14f6c9890, 0, 1;
L_0x14f6ccee0 .part L_0x14f6c9390, 3, 1;
L_0x14f6cd080 .part L_0x14f6c9390, 2, 1;
L_0x14f6cd210 .part L_0x14f6c9390, 1, 1;
L_0x14f6ccfc0 .part L_0x14f6c9390, 0, 1;
L_0x14f6cd5b0 .part L_0x14f6ca980, 0, 1;
S_0x14f653ed0 .scope module, "n3" "cla_4" 6 16, 7 3 0, S_0x14f64d330;
 .timescale -9 -11;
    .port_info 0 /INPUT 4 "a";
    .port_info 1 /INPUT 4 "b";
    .port_info 2 /INPUT 1 "cin";
    .port_info 3 /OUTPUT 4 "sum";
    .port_info 4 /OUTPUT 1 "cout";
L_0x14f6cd9c0 .functor XOR 4, L_0x14f6d1a40, L_0x14f6d1ae0, C4<0000>, C4<0000>;
L_0x14f6cda30 .functor AND 4, L_0x14f6d1a40, L_0x14f6d1ae0, C4<1111>, C4<1111>;
L_0x14f6cdb60 .functor BUFZ 1, L_0x14f6cd2b0, C4<0>, C4<0>, C4<0>;
L_0x14f6cded0 .functor AND 1, L_0x14f6cdd30, L_0x14f6cde10, C4<1>, C4<1>;
L_0x14f6ce000 .functor OR 1, L_0x14f6cdc50, L_0x14f6cded0, C4<0>, C4<0>;
L_0x14f6ce3b0 .functor AND 1, L_0x14f6ce1c0, L_0x14f6ce290, C4<1>, C4<1>;
L_0x14f6ce480 .functor OR 1, L_0x14f6ce120, L_0x14f6ce3b0, C4<0>, C4<0>;
L_0x14f6ce770 .functor AND 1, L_0x14f6ce5b0, L_0x14f6ce6d0, C4<1>, C4<1>;
L_0x14f6ce990 .functor AND 1, L_0x14f6ce770, L_0x14f6ce860, C4<1>, C4<1>;
L_0x14f6cea90 .functor OR 1, L_0x14f6ce480, L_0x14f6ce990, C4<0>, C4<0>;
L_0x14f6cef80 .functor AND 1, L_0x14f6cedd0, L_0x14f6cee70, C4<1>, C4<1>;
L_0x14f6cf090 .functor OR 1, L_0x14f6cecd0, L_0x14f6cef80, C4<0>, C4<0>;
L_0x14f6cef10 .functor AND 1, L_0x14f6cf140, L_0x14f6cf1e0, C4<1>, C4<1>;
L_0x14f6cf510 .functor AND 1, L_0x14f6cef10, L_0x14f6cf470, C4<1>, C4<1>;
L_0x14f6cf5c0 .functor OR 1, L_0x14f6cf090, L_0x14f6cf510, C4<0>, C4<0>;
L_0x14f6cf400 .functor AND 1, L_0x14f6cf730, L_0x14f6cf860, C4<1>, C4<1>;
L_0x14f6cfa80 .functor AND 1, L_0x14f6cf400, L_0x14f6cf940, C4<1>, C4<1>;
L_0x14f6cfc40 .functor AND 1, L_0x14f6cfa80, L_0x14f6cfba0, C4<1>, C4<1>;
L_0x14f6cfd10 .functor OR 1, L_0x14f6cf5c0, L_0x14f6cfc40, C4<0>, C4<0>;
L_0x14f6ce330 .functor AND 1, L_0x14f6cf9e0, L_0x14f6d0080, C4<1>, C4<1>;
L_0x14f6d0220 .functor OR 1, L_0x14f6cfee0, L_0x14f6ce330, C4<0>, C4<0>;
L_0x14f6d0530 .functor AND 1, L_0x14f6cfe40, L_0x14f6d03c0, C4<1>, C4<1>;
L_0x14f6d0660 .functor AND 1, L_0x14f6d0530, L_0x14f6d05c0, C4<1>, C4<1>;
L_0x14f6d0810 .functor OR 1, L_0x14f6d0220, L_0x14f6d0660, C4<0>, C4<0>;
L_0x14f6d0460 .functor AND 1, L_0x14f6d0880, L_0x14f6d0a00, C4<1>, C4<1>;
L_0x14f6d0750 .functor AND 1, L_0x14f6d0460, L_0x14f6cf2c0, C4<1>, C4<1>;
L_0x14f6d0e60 .functor AND 1, L_0x14f6d0750, L_0x14f6d0920, C4<1>, C4<1>;
L_0x14f6d1030 .functor OR 1, L_0x14f6d0810, L_0x14f6d0e60, C4<0>, C4<0>;
L_0x14f6d0d20 .functor AND 1, L_0x14f6d10a0, L_0x14f6d1240, C4<1>, C4<1>;
L_0x14f6d0f50 .functor AND 1, L_0x14f6d0d20, L_0x14f6d13d0, C4<1>, C4<1>;
L_0x14f6d1580 .functor AND 1, L_0x14f6d0f50, L_0x14f6d1180, C4<1>, C4<1>;
L_0x14f6d12e0 .functor AND 1, L_0x14f6d1580, L_0x14f6d1770, C4<1>, C4<1>;
L_0x14f6d1470 .functor OR 1, L_0x14f6d1030, L_0x14f6d12e0, C4<0>, C4<0>;
L_0x14f6d1670 .functor XOR 4, L_0x14f6cd9c0, L_0x14f6ceb40, C4<0000>, C4<0000>;
v0x14f654130_0 .net "G", 3 0, L_0x14f6cda30;  1 drivers
v0x14f6541e0_0 .net "P", 3 0, L_0x14f6cd9c0;  1 drivers
v0x14f654290_0 .net *"_ivl_102", 0 0, L_0x14f6d05c0;  1 drivers
v0x14f654350_0 .net *"_ivl_103", 0 0, L_0x14f6d0660;  1 drivers
v0x14f654400_0 .net *"_ivl_105", 0 0, L_0x14f6d0810;  1 drivers
v0x14f6544f0_0 .net *"_ivl_108", 0 0, L_0x14f6d0880;  1 drivers
v0x14f6545a0_0 .net *"_ivl_11", 0 0, L_0x14f6cdc50;  1 drivers
v0x14f654650_0 .net *"_ivl_110", 0 0, L_0x14f6d0a00;  1 drivers
v0x14f654700_0 .net *"_ivl_111", 0 0, L_0x14f6d0460;  1 drivers
v0x14f654810_0 .net *"_ivl_114", 0 0, L_0x14f6cf2c0;  1 drivers
v0x14f6548c0_0 .net *"_ivl_115", 0 0, L_0x14f6d0750;  1 drivers
v0x14f654970_0 .net *"_ivl_118", 0 0, L_0x14f6d0920;  1 drivers
v0x14f654a20_0 .net *"_ivl_119", 0 0, L_0x14f6d0e60;  1 drivers
v0x14f654ad0_0 .net *"_ivl_121", 0 0, L_0x14f6d1030;  1 drivers
v0x14f654b80_0 .net *"_ivl_124", 0 0, L_0x14f6d10a0;  1 drivers
v0x14f654c30_0 .net *"_ivl_126", 0 0, L_0x14f6d1240;  1 drivers
v0x14f654ce0_0 .net *"_ivl_127", 0 0, L_0x14f6d0d20;  1 drivers
v0x14f654e70_0 .net *"_ivl_13", 0 0, L_0x14f6cdd30;  1 drivers
v0x14f654f00_0 .net *"_ivl_130", 0 0, L_0x14f6d13d0;  1 drivers
v0x14f654fb0_0 .net *"_ivl_131", 0 0, L_0x14f6d0f50;  1 drivers
v0x14f655060_0 .net *"_ivl_134", 0 0, L_0x14f6d1180;  1 drivers
v0x14f655110_0 .net *"_ivl_135", 0 0, L_0x14f6d1580;  1 drivers
v0x14f6551c0_0 .net *"_ivl_138", 0 0, L_0x14f6d1770;  1 drivers
v0x14f655270_0 .net *"_ivl_139", 0 0, L_0x14f6d12e0;  1 drivers
v0x14f655320_0 .net *"_ivl_15", 0 0, L_0x14f6cde10;  1 drivers
v0x14f6553d0_0 .net *"_ivl_16", 0 0, L_0x14f6cded0;  1 drivers
v0x14f655480_0 .net *"_ivl_18", 0 0, L_0x14f6ce000;  1 drivers
v0x14f655530_0 .net *"_ivl_23", 0 0, L_0x14f6ce120;  1 drivers
v0x14f6555e0_0 .net *"_ivl_25", 0 0, L_0x14f6ce1c0;  1 drivers
v0x14f655690_0 .net *"_ivl_27", 0 0, L_0x14f6ce290;  1 drivers
v0x14f655740_0 .net *"_ivl_28", 0 0, L_0x14f6ce3b0;  1 drivers
v0x14f6557f0_0 .net *"_ivl_30", 0 0, L_0x14f6ce480;  1 drivers
v0x14f6558a0_0 .net *"_ivl_33", 0 0, L_0x14f6ce5b0;  1 drivers
v0x14f654d90_0 .net *"_ivl_35", 0 0, L_0x14f6ce6d0;  1 drivers
v0x14f655b30_0 .net *"_ivl_36", 0 0, L_0x14f6ce770;  1 drivers
v0x14f655bc0_0 .net *"_ivl_39", 0 0, L_0x14f6ce860;  1 drivers
v0x14f655c60_0 .net *"_ivl_40", 0 0, L_0x14f6ce990;  1 drivers
v0x14f655d10_0 .net *"_ivl_42", 0 0, L_0x14f6cea90;  1 drivers
v0x14f655dc0_0 .net *"_ivl_48", 0 0, L_0x14f6cecd0;  1 drivers
v0x14f655e70_0 .net *"_ivl_50", 0 0, L_0x14f6cedd0;  1 drivers
v0x14f655f20_0 .net *"_ivl_52", 0 0, L_0x14f6cee70;  1 drivers
v0x14f655fd0_0 .net *"_ivl_53", 0 0, L_0x14f6cef80;  1 drivers
v0x14f656080_0 .net *"_ivl_55", 0 0, L_0x14f6cf090;  1 drivers
v0x14f656130_0 .net *"_ivl_58", 0 0, L_0x14f6cf140;  1 drivers
v0x14f6561e0_0 .net *"_ivl_60", 0 0, L_0x14f6cf1e0;  1 drivers
v0x14f656290_0 .net *"_ivl_61", 0 0, L_0x14f6cef10;  1 drivers
v0x14f656340_0 .net *"_ivl_64", 0 0, L_0x14f6cf470;  1 drivers
v0x14f6563f0_0 .net *"_ivl_65", 0 0, L_0x14f6cf510;  1 drivers
v0x14f6564a0_0 .net *"_ivl_67", 0 0, L_0x14f6cf5c0;  1 drivers
v0x14f656550_0 .net *"_ivl_7", 0 0, L_0x14f6cdb60;  1 drivers
v0x14f656600_0 .net *"_ivl_70", 0 0, L_0x14f6cf730;  1 drivers
v0x14f6566b0_0 .net *"_ivl_72", 0 0, L_0x14f6cf860;  1 drivers
v0x14f656760_0 .net *"_ivl_73", 0 0, L_0x14f6cf400;  1 drivers
v0x14f656810_0 .net *"_ivl_76", 0 0, L_0x14f6cf940;  1 drivers
v0x14f6568c0_0 .net *"_ivl_77", 0 0, L_0x14f6cfa80;  1 drivers
v0x14f656970_0 .net *"_ivl_80", 0 0, L_0x14f6cfba0;  1 drivers
v0x14f656a20_0 .net *"_ivl_81", 0 0, L_0x14f6cfc40;  1 drivers
v0x14f656ad0_0 .net *"_ivl_83", 0 0, L_0x14f6cfd10;  1 drivers
v0x14f656b80_0 .net *"_ivl_86", 0 0, L_0x14f6cfee0;  1 drivers
v0x14f656c30_0 .net *"_ivl_88", 0 0, L_0x14f6cf9e0;  1 drivers
v0x14f656ce0_0 .net *"_ivl_90", 0 0, L_0x14f6d0080;  1 drivers
v0x14f656d90_0 .net *"_ivl_91", 0 0, L_0x14f6ce330;  1 drivers
v0x14f656e40_0 .net *"_ivl_93", 0 0, L_0x14f6d0220;  1 drivers
v0x14f656ef0_0 .net *"_ivl_96", 0 0, L_0x14f6cfe40;  1 drivers
v0x14f656fa0_0 .net *"_ivl_98", 0 0, L_0x14f6d03c0;  1 drivers
v0x14f655950_0 .net *"_ivl_99", 0 0, L_0x14f6d0530;  1 drivers
v0x14f655a00_0 .net "a", 3 0, L_0x14f6d1a40;  1 drivers
v0x14f657030_0 .net "b", 3 0, L_0x14f6d1ae0;  1 drivers
v0x14f6570c0_0 .net "c", 3 0, L_0x14f6ceb40;  1 drivers
v0x14f657150_0 .net "cin", 0 0, L_0x14f6cd2b0;  alias, 1 drivers
v0x14f6571e0_0 .net "cout", 0 0, L_0x14f6d1470;  alias, 1 drivers
v0x14f657270_0 .net "sum", 3 0, L_0x14f6d1670;  1 drivers
L_0x14f6cdc50 .part L_0x14f6cda30, 0, 1;
L_0x14f6cdd30 .part L_0x14f6cd9c0, 0, 1;
L_0x14f6cde10 .part L_0x14f6ceb40, 0, 1;
L_0x14f6ce120 .part L_0x14f6cda30, 1, 1;
L_0x14f6ce1c0 .part L_0x14f6cd9c0, 1, 1;
L_0x14f6ce290 .part L_0x14f6cda30, 0, 1;
L_0x14f6ce5b0 .part L_0x14f6cd9c0, 1, 1;
L_0x14f6ce6d0 .part L_0x14f6cd9c0, 0, 1;
L_0x14f6ce860 .part L_0x14f6ceb40, 0, 1;
L_0x14f6ceb40 .concat8 [ 1 1 1 1], L_0x14f6cdb60, L_0x14f6ce000, L_0x14f6cea90, L_0x14f6cfd10;
L_0x14f6cecd0 .part L_0x14f6cda30, 2, 1;
L_0x14f6cedd0 .part L_0x14f6cd9c0, 2, 1;
L_0x14f6cee70 .part L_0x14f6cda30, 1, 1;
L_0x14f6cf140 .part L_0x14f6cd9c0, 2, 1;
L_0x14f6cf1e0 .part L_0x14f6cd9c0, 1, 1;
L_0x14f6cf470 .part L_0x14f6cda30, 0, 1;
L_0x14f6cf730 .part L_0x14f6cd9c0, 2, 1;
L_0x14f6cf860 .part L_0x14f6cd9c0, 1, 1;
L_0x14f6cf940 .part L_0x14f6cd9c0, 0, 1;
L_0x14f6cfba0 .part L_0x14f6ceb40, 0, 1;
L_0x14f6cfee0 .part L_0x14f6cda30, 3, 1;
L_0x14f6cf9e0 .part L_0x14f6cd9c0, 3, 1;
L_0x14f6d0080 .part L_0x14f6cda30, 2, 1;
L_0x14f6cfe40 .part L_0x14f6cd9c0, 3, 1;
L_0x14f6d03c0 .part L_0x14f6cd9c0, 2, 1;
L_0x14f6d05c0 .part L_0x14f6cda30, 1, 1;
L_0x14f6d0880 .part L_0x14f6cd9c0, 3, 1;
L_0x14f6d0a00 .part L_0x14f6cd9c0, 2, 1;
L_0x14f6cf2c0 .part L_0x14f6cd9c0, 1, 1;
L_0x14f6d0920 .part L_0x14f6cda30, 0, 1;
L_0x14f6d10a0 .part L_0x14f6cd9c0, 3, 1;
L_0x14f6d1240 .part L_0x14f6cd9c0, 2, 1;
L_0x14f6d13d0 .part L_0x14f6cd9c0, 1, 1;
L_0x14f6d1180 .part L_0x14f6cd9c0, 0, 1;
L_0x14f6d1770 .part L_0x14f6ceb40, 0, 1;
S_0x14f657300 .scope module, "n4" "cla_4" 6 17, 7 3 0, S_0x14f64d330;
 .timescale -9 -11;
    .port_info 0 /INPUT 4 "a";
    .port_info 1 /INPUT 4 "b";
    .port_info 2 /INPUT 1 "cin";
    .port_info 3 /OUTPUT 4 "sum";
    .port_info 4 /OUTPUT 1 "cout";
L_0x14f6d1b80 .functor XOR 4, L_0x14f6d5bc0, L_0x14f6d5c60, C4<0000>, C4<0000>;
L_0x14f6d1bf0 .functor AND 4, L_0x14f6d5bc0, L_0x14f6d5c60, C4<1111>, C4<1111>;
L_0x14f6d1ce0 .functor BUFZ 1, L_0x14f6d1470, C4<0>, C4<0>, C4<0>;
L_0x14f6d2050 .functor AND 1, L_0x14f6d1eb0, L_0x14f6d1f90, C4<1>, C4<1>;
L_0x14f6d2180 .functor OR 1, L_0x14f6d1dd0, L_0x14f6d2050, C4<0>, C4<0>;
L_0x14f6d2530 .functor AND 1, L_0x14f6d2340, L_0x14f6d2410, C4<1>, C4<1>;
L_0x14f6d2600 .functor OR 1, L_0x14f6d22a0, L_0x14f6d2530, C4<0>, C4<0>;
L_0x14f6d28f0 .functor AND 1, L_0x14f6d2730, L_0x14f6d2850, C4<1>, C4<1>;
L_0x14f6d2b10 .functor AND 1, L_0x14f6d28f0, L_0x14f6d29e0, C4<1>, C4<1>;
L_0x14f6d2c10 .functor OR 1, L_0x14f6d2600, L_0x14f6d2b10, C4<0>, C4<0>;
L_0x14f6d3100 .functor AND 1, L_0x14f6d2f50, L_0x14f6d2ff0, C4<1>, C4<1>;
L_0x14f6d3210 .functor OR 1, L_0x14f6d2e50, L_0x14f6d3100, C4<0>, C4<0>;
L_0x14f6d3090 .functor AND 1, L_0x14f6d32c0, L_0x14f6d3360, C4<1>, C4<1>;
L_0x14f6d3690 .functor AND 1, L_0x14f6d3090, L_0x14f6d35f0, C4<1>, C4<1>;
L_0x14f6d3740 .functor OR 1, L_0x14f6d3210, L_0x14f6d3690, C4<0>, C4<0>;
L_0x14f6d3580 .functor AND 1, L_0x14f6d38b0, L_0x14f6d39e0, C4<1>, C4<1>;
L_0x14f6d3c00 .functor AND 1, L_0x14f6d3580, L_0x14f6d3ac0, C4<1>, C4<1>;
L_0x14f6d3dc0 .functor AND 1, L_0x14f6d3c00, L_0x14f6d3d20, C4<1>, C4<1>;
L_0x14f6d3e90 .functor OR 1, L_0x14f6d3740, L_0x14f6d3dc0, C4<0>, C4<0>;
L_0x14f6d24b0 .functor AND 1, L_0x14f6d3b60, L_0x14f6d4200, C4<1>, C4<1>;
L_0x14f6d43a0 .functor OR 1, L_0x14f6d4060, L_0x14f6d24b0, C4<0>, C4<0>;
L_0x14f6d46b0 .functor AND 1, L_0x14f6d3fc0, L_0x14f6d4540, C4<1>, C4<1>;
L_0x14f6d47e0 .functor AND 1, L_0x14f6d46b0, L_0x14f6d4740, C4<1>, C4<1>;
L_0x14f6d4990 .functor OR 1, L_0x14f6d43a0, L_0x14f6d47e0, C4<0>, C4<0>;
L_0x14f6d45e0 .functor AND 1, L_0x14f6d4a00, L_0x14f6d4b80, C4<1>, C4<1>;
L_0x14f6d48d0 .functor AND 1, L_0x14f6d45e0, L_0x14f6d3440, C4<1>, C4<1>;
L_0x14f6d4fe0 .functor AND 1, L_0x14f6d48d0, L_0x14f6d4aa0, C4<1>, C4<1>;
L_0x14f6d51b0 .functor OR 1, L_0x14f6d4990, L_0x14f6d4fe0, C4<0>, C4<0>;
L_0x14f6d4ea0 .functor AND 1, L_0x14f6d5220, L_0x14f6d53c0, C4<1>, C4<1>;
L_0x14f6d50d0 .functor AND 1, L_0x14f6d4ea0, L_0x14f6d5550, C4<1>, C4<1>;
L_0x14f6d5700 .functor AND 1, L_0x14f6d50d0, L_0x14f6d5300, C4<1>, C4<1>;
L_0x14f6d5460 .functor AND 1, L_0x14f6d5700, L_0x14f6d58f0, C4<1>, C4<1>;
L_0x14f6d55f0 .functor OR 1, L_0x14f6d51b0, L_0x14f6d5460, C4<0>, C4<0>;
L_0x14f6d57f0 .functor XOR 4, L_0x14f6d1b80, L_0x14f6d2cc0, C4<0000>, C4<0000>;
v0x14f657540_0 .net "G", 3 0, L_0x14f6d1bf0;  1 drivers
v0x14f657600_0 .net "P", 3 0, L_0x14f6d1b80;  1 drivers
v0x14f6576b0_0 .net *"_ivl_102", 0 0, L_0x14f6d4740;  1 drivers
v0x14f657770_0 .net *"_ivl_103", 0 0, L_0x14f6d47e0;  1 drivers
v0x14f657820_0 .net *"_ivl_105", 0 0, L_0x14f6d4990;  1 drivers
v0x14f657910_0 .net *"_ivl_108", 0 0, L_0x14f6d4a00;  1 drivers
v0x14f6579c0_0 .net *"_ivl_11", 0 0, L_0x14f6d1dd0;  1 drivers
v0x14f657a70_0 .net *"_ivl_110", 0 0, L_0x14f6d4b80;  1 drivers
v0x14f657b20_0 .net *"_ivl_111", 0 0, L_0x14f6d45e0;  1 drivers
v0x14f657c30_0 .net *"_ivl_114", 0 0, L_0x14f6d3440;  1 drivers
v0x14f657ce0_0 .net *"_ivl_115", 0 0, L_0x14f6d48d0;  1 drivers
v0x14f657d90_0 .net *"_ivl_118", 0 0, L_0x14f6d4aa0;  1 drivers
v0x14f657e40_0 .net *"_ivl_119", 0 0, L_0x14f6d4fe0;  1 drivers
v0x14f657ef0_0 .net *"_ivl_121", 0 0, L_0x14f6d51b0;  1 drivers
v0x14f657fa0_0 .net *"_ivl_124", 0 0, L_0x14f6d5220;  1 drivers
v0x14f658050_0 .net *"_ivl_126", 0 0, L_0x14f6d53c0;  1 drivers
v0x14f658100_0 .net *"_ivl_127", 0 0, L_0x14f6d4ea0;  1 drivers
v0x14f658290_0 .net *"_ivl_13", 0 0, L_0x14f6d1eb0;  1 drivers
v0x14f658320_0 .net *"_ivl_130", 0 0, L_0x14f6d5550;  1 drivers
v0x14f6583d0_0 .net *"_ivl_131", 0 0, L_0x14f6d50d0;  1 drivers
v0x14f658480_0 .net *"_ivl_134", 0 0, L_0x14f6d5300;  1 drivers
v0x14f658530_0 .net *"_ivl_135", 0 0, L_0x14f6d5700;  1 drivers
v0x14f6585e0_0 .net *"_ivl_138", 0 0, L_0x14f6d58f0;  1 drivers
v0x14f658690_0 .net *"_ivl_139", 0 0, L_0x14f6d5460;  1 drivers
v0x14f658740_0 .net *"_ivl_15", 0 0, L_0x14f6d1f90;  1 drivers
v0x14f6587f0_0 .net *"_ivl_16", 0 0, L_0x14f6d2050;  1 drivers
v0x14f6588a0_0 .net *"_ivl_18", 0 0, L_0x14f6d2180;  1 drivers
v0x14f658950_0 .net *"_ivl_23", 0 0, L_0x14f6d22a0;  1 drivers
v0x14f658a00_0 .net *"_ivl_25", 0 0, L_0x14f6d2340;  1 drivers
v0x14f658ab0_0 .net *"_ivl_27", 0 0, L_0x14f6d2410;  1 drivers
v0x14f658b60_0 .net *"_ivl_28", 0 0, L_0x14f6d2530;  1 drivers
v0x14f658c10_0 .net *"_ivl_30", 0 0, L_0x14f6d2600;  1 drivers
v0x14f658cc0_0 .net *"_ivl_33", 0 0, L_0x14f6d2730;  1 drivers
v0x14f6581b0_0 .net *"_ivl_35", 0 0, L_0x14f6d2850;  1 drivers
v0x14f658f50_0 .net *"_ivl_36", 0 0, L_0x14f6d28f0;  1 drivers
v0x14f658fe0_0 .net *"_ivl_39", 0 0, L_0x14f6d29e0;  1 drivers
v0x14f659080_0 .net *"_ivl_40", 0 0, L_0x14f6d2b10;  1 drivers
v0x14f659130_0 .net *"_ivl_42", 0 0, L_0x14f6d2c10;  1 drivers
v0x14f6591e0_0 .net *"_ivl_48", 0 0, L_0x14f6d2e50;  1 drivers
v0x14f659290_0 .net *"_ivl_50", 0 0, L_0x14f6d2f50;  1 drivers
v0x14f659340_0 .net *"_ivl_52", 0 0, L_0x14f6d2ff0;  1 drivers
v0x14f6593f0_0 .net *"_ivl_53", 0 0, L_0x14f6d3100;  1 drivers
v0x14f6594a0_0 .net *"_ivl_55", 0 0, L_0x14f6d3210;  1 drivers
v0x14f659550_0 .net *"_ivl_58", 0 0, L_0x14f6d32c0;  1 drivers
v0x14f659600_0 .net *"_ivl_60", 0 0, L_0x14f6d3360;  1 drivers
v0x14f6596b0_0 .net *"_ivl_61", 0 0, L_0x14f6d3090;  1 drivers
v0x14f659760_0 .net *"_ivl_64", 0 0, L_0x14f6d35f0;  1 drivers
v0x14f659810_0 .net *"_ivl_65", 0 0, L_0x14f6d3690;  1 drivers
v0x14f6598c0_0 .net *"_ivl_67", 0 0, L_0x14f6d3740;  1 drivers
v0x14f659970_0 .net *"_ivl_7", 0 0, L_0x14f6d1ce0;  1 drivers
v0x14f659a20_0 .net *"_ivl_70", 0 0, L_0x14f6d38b0;  1 drivers
v0x14f659ad0_0 .net *"_ivl_72", 0 0, L_0x14f6d39e0;  1 drivers
v0x14f659b80_0 .net *"_ivl_73", 0 0, L_0x14f6d3580;  1 drivers
v0x14f659c30_0 .net *"_ivl_76", 0 0, L_0x14f6d3ac0;  1 drivers
v0x14f659ce0_0 .net *"_ivl_77", 0 0, L_0x14f6d3c00;  1 drivers
v0x14f659d90_0 .net *"_ivl_80", 0 0, L_0x14f6d3d20;  1 drivers
v0x14f659e40_0 .net *"_ivl_81", 0 0, L_0x14f6d3dc0;  1 drivers
v0x14f659ef0_0 .net *"_ivl_83", 0 0, L_0x14f6d3e90;  1 drivers
v0x14f659fa0_0 .net *"_ivl_86", 0 0, L_0x14f6d4060;  1 drivers
v0x14f65a050_0 .net *"_ivl_88", 0 0, L_0x14f6d3b60;  1 drivers
v0x14f65a100_0 .net *"_ivl_90", 0 0, L_0x14f6d4200;  1 drivers
v0x14f65a1b0_0 .net *"_ivl_91", 0 0, L_0x14f6d24b0;  1 drivers
v0x14f65a260_0 .net *"_ivl_93", 0 0, L_0x14f6d43a0;  1 drivers
v0x14f65a310_0 .net *"_ivl_96", 0 0, L_0x14f6d3fc0;  1 drivers
v0x14f65a3c0_0 .net *"_ivl_98", 0 0, L_0x14f6d4540;  1 drivers
v0x14f658d70_0 .net *"_ivl_99", 0 0, L_0x14f6d46b0;  1 drivers
v0x14f658e20_0 .net "a", 3 0, L_0x14f6d5bc0;  1 drivers
v0x14f65a450_0 .net "b", 3 0, L_0x14f6d5c60;  1 drivers
v0x14f65a4e0_0 .net "c", 3 0, L_0x14f6d2cc0;  1 drivers
v0x14f65a570_0 .net "cin", 0 0, L_0x14f6d1470;  alias, 1 drivers
v0x14f65a600_0 .net "cout", 0 0, L_0x14f6d55f0;  alias, 1 drivers
v0x14f65a690_0 .net "sum", 3 0, L_0x14f6d57f0;  1 drivers
L_0x14f6d1dd0 .part L_0x14f6d1bf0, 0, 1;
L_0x14f6d1eb0 .part L_0x14f6d1b80, 0, 1;
L_0x14f6d1f90 .part L_0x14f6d2cc0, 0, 1;
L_0x14f6d22a0 .part L_0x14f6d1bf0, 1, 1;
L_0x14f6d2340 .part L_0x14f6d1b80, 1, 1;
L_0x14f6d2410 .part L_0x14f6d1bf0, 0, 1;
L_0x14f6d2730 .part L_0x14f6d1b80, 1, 1;
L_0x14f6d2850 .part L_0x14f6d1b80, 0, 1;
L_0x14f6d29e0 .part L_0x14f6d2cc0, 0, 1;
L_0x14f6d2cc0 .concat8 [ 1 1 1 1], L_0x14f6d1ce0, L_0x14f6d2180, L_0x14f6d2c10, L_0x14f6d3e90;
L_0x14f6d2e50 .part L_0x14f6d1bf0, 2, 1;
L_0x14f6d2f50 .part L_0x14f6d1b80, 2, 1;
L_0x14f6d2ff0 .part L_0x14f6d1bf0, 1, 1;
L_0x14f6d32c0 .part L_0x14f6d1b80, 2, 1;
L_0x14f6d3360 .part L_0x14f6d1b80, 1, 1;
L_0x14f6d35f0 .part L_0x14f6d1bf0, 0, 1;
L_0x14f6d38b0 .part L_0x14f6d1b80, 2, 1;
L_0x14f6d39e0 .part L_0x14f6d1b80, 1, 1;
L_0x14f6d3ac0 .part L_0x14f6d1b80, 0, 1;
L_0x14f6d3d20 .part L_0x14f6d2cc0, 0, 1;
L_0x14f6d4060 .part L_0x14f6d1bf0, 3, 1;
L_0x14f6d3b60 .part L_0x14f6d1b80, 3, 1;
L_0x14f6d4200 .part L_0x14f6d1bf0, 2, 1;
L_0x14f6d3fc0 .part L_0x14f6d1b80, 3, 1;
L_0x14f6d4540 .part L_0x14f6d1b80, 2, 1;
L_0x14f6d4740 .part L_0x14f6d1bf0, 1, 1;
L_0x14f6d4a00 .part L_0x14f6d1b80, 3, 1;
L_0x14f6d4b80 .part L_0x14f6d1b80, 2, 1;
L_0x14f6d3440 .part L_0x14f6d1b80, 1, 1;
L_0x14f6d4aa0 .part L_0x14f6d1bf0, 0, 1;
L_0x14f6d5220 .part L_0x14f6d1b80, 3, 1;
L_0x14f6d53c0 .part L_0x14f6d1b80, 2, 1;
L_0x14f6d5550 .part L_0x14f6d1b80, 1, 1;
L_0x14f6d5300 .part L_0x14f6d1b80, 0, 1;
L_0x14f6d58f0 .part L_0x14f6d2cc0, 0, 1;
S_0x14f65ad10 .scope module, "n2" "cla16" 6 33, 6 4 0, S_0x14f64d040;
 .timescale -9 -11;
    .port_info 0 /INPUT 16 "d1";
    .port_info 1 /INPUT 16 "d2";
    .port_info 2 /INPUT 1 "cin";
    .port_info 3 /OUTPUT 16 "sum";
    .port_info 4 /OUTPUT 1 "cout";
P_0x14f65aee0 .param/l "DATA_WIDTH" 0 6 4, +C4<00000000000000000000000000100000>;
v0x14f6680d0_0 .net "c1", 0 0, L_0x14f6d9aa0;  1 drivers
v0x14f6681a0_0 .net "c2", 0 0, L_0x14f6ddc50;  1 drivers
v0x14f668270_0 .net "c3", 0 0, L_0x14f6e1e10;  1 drivers
v0x14f668340_0 .net "cin", 0 0, L_0x14f6d55f0;  alias, 1 drivers
v0x14f6683d0_0 .net8 "cout", 0 0, RS_0x150057f90;  alias, 3 drivers
v0x14f668520_0 .net "d1", 15 0, L_0x14f6e68b0;  1 drivers
v0x14f6685b0_0 .net "d2", 15 0, L_0x14f6e6950;  1 drivers
v0x14f668640_0 .net "sum", 15 0, L_0x14f6e6700;  1 drivers
L_0x14f6da070 .part L_0x14f6e68b0, 0, 4;
L_0x14f6da110 .part L_0x14f6e6950, 0, 4;
L_0x14f6de220 .part L_0x14f6e68b0, 4, 4;
L_0x14f6de2c0 .part L_0x14f6e6950, 4, 4;
L_0x14f6e23e0 .part L_0x14f6e68b0, 8, 4;
L_0x14f6e2480 .part L_0x14f6e6950, 8, 4;
L_0x14f6e6540 .part L_0x14f6e68b0, 12, 4;
L_0x14f6e65e0 .part L_0x14f6e6950, 12, 4;
L_0x14f6e6700 .concat8 [ 4 4 4 4], L_0x14f6d9ca0, L_0x14f6dde50, L_0x14f6e2010, L_0x14f6e6170;
S_0x14f65b010 .scope module, "n1" "cla_4" 6 14, 7 3 0, S_0x14f65ad10;
 .timescale -9 -11;
    .port_info 0 /INPUT 4 "a";
    .port_info 1 /INPUT 4 "b";
    .port_info 2 /INPUT 1 "cin";
    .port_info 3 /OUTPUT 4 "sum";
    .port_info 4 /OUTPUT 1 "cout";
L_0x14f6d6070 .functor XOR 4, L_0x14f6da070, L_0x14f6da110, C4<0000>, C4<0000>;
L_0x14f6d60e0 .functor AND 4, L_0x14f6da070, L_0x14f6da110, C4<1111>, C4<1111>;
L_0x14f6d61d0 .functor BUFZ 1, L_0x14f6d55f0, C4<0>, C4<0>, C4<0>;
L_0x14f6d6500 .functor AND 1, L_0x14f6d6340, L_0x14f6d6420, C4<1>, C4<1>;
L_0x14f6d6630 .functor OR 1, L_0x14f6d6240, L_0x14f6d6500, C4<0>, C4<0>;
L_0x14f6d69e0 .functor AND 1, L_0x14f6d67f0, L_0x14f6d68c0, C4<1>, C4<1>;
L_0x14f6d6ab0 .functor OR 1, L_0x14f6d6750, L_0x14f6d69e0, C4<0>, C4<0>;
L_0x14f6d6da0 .functor AND 1, L_0x14f6d6be0, L_0x14f6d6d00, C4<1>, C4<1>;
L_0x14f6d6fc0 .functor AND 1, L_0x14f6d6da0, L_0x14f6d6e90, C4<1>, C4<1>;
L_0x14f6d70c0 .functor OR 1, L_0x14f6d6ab0, L_0x14f6d6fc0, C4<0>, C4<0>;
L_0x14f6d75b0 .functor AND 1, L_0x14f6d7400, L_0x14f6d74a0, C4<1>, C4<1>;
L_0x14f6d76c0 .functor OR 1, L_0x14f6d7300, L_0x14f6d75b0, C4<0>, C4<0>;
L_0x14f6d7540 .functor AND 1, L_0x14f6d7770, L_0x14f6d7810, C4<1>, C4<1>;
L_0x14f6d7b40 .functor AND 1, L_0x14f6d7540, L_0x14f6d7aa0, C4<1>, C4<1>;
L_0x14f6d7bf0 .functor OR 1, L_0x14f6d76c0, L_0x14f6d7b40, C4<0>, C4<0>;
L_0x14f6d7a30 .functor AND 1, L_0x14f6d7d60, L_0x14f6d7e90, C4<1>, C4<1>;
L_0x14f6d80b0 .functor AND 1, L_0x14f6d7a30, L_0x14f6d7f70, C4<1>, C4<1>;
L_0x14f6d8270 .functor AND 1, L_0x14f6d80b0, L_0x14f6d81d0, C4<1>, C4<1>;
L_0x14f6d8340 .functor OR 1, L_0x14f6d7bf0, L_0x14f6d8270, C4<0>, C4<0>;
L_0x14f6d6960 .functor AND 1, L_0x14f6d8010, L_0x14f6d86b0, C4<1>, C4<1>;
L_0x14f6d8850 .functor OR 1, L_0x14f6d8510, L_0x14f6d6960, C4<0>, C4<0>;
L_0x14f6d8b60 .functor AND 1, L_0x14f6d8470, L_0x14f6d89f0, C4<1>, C4<1>;
L_0x14f6d8c90 .functor AND 1, L_0x14f6d8b60, L_0x14f6d8bf0, C4<1>, C4<1>;
L_0x14f6d8e40 .functor OR 1, L_0x14f6d8850, L_0x14f6d8c90, C4<0>, C4<0>;
L_0x14f6d8a90 .functor AND 1, L_0x14f6d8eb0, L_0x14f6d9030, C4<1>, C4<1>;
L_0x14f6d8d80 .functor AND 1, L_0x14f6d8a90, L_0x14f6d78f0, C4<1>, C4<1>;
L_0x14f6d9490 .functor AND 1, L_0x14f6d8d80, L_0x14f6d8f50, C4<1>, C4<1>;
L_0x14f6d9660 .functor OR 1, L_0x14f6d8e40, L_0x14f6d9490, C4<0>, C4<0>;
L_0x14f6d9350 .functor AND 1, L_0x14f6d96d0, L_0x14f6d9870, C4<1>, C4<1>;
L_0x14f6d9580 .functor AND 1, L_0x14f6d9350, L_0x14f6d9a00, C4<1>, C4<1>;
L_0x14f6d9bb0 .functor AND 1, L_0x14f6d9580, L_0x14f6d97b0, C4<1>, C4<1>;
L_0x14f6d9910 .functor AND 1, L_0x14f6d9bb0, L_0x14f6d9da0, C4<1>, C4<1>;
L_0x14f6d9aa0 .functor OR 1, L_0x14f6d9660, L_0x14f6d9910, C4<0>, C4<0>;
L_0x14f6d9ca0 .functor XOR 4, L_0x14f6d6070, L_0x14f6d7170, C4<0000>, C4<0000>;
v0x14f65b280_0 .net "G", 3 0, L_0x14f6d60e0;  1 drivers
v0x14f65b330_0 .net "P", 3 0, L_0x14f6d6070;  1 drivers
v0x14f65b3e0_0 .net *"_ivl_102", 0 0, L_0x14f6d8bf0;  1 drivers
v0x14f65b4a0_0 .net *"_ivl_103", 0 0, L_0x14f6d8c90;  1 drivers
v0x14f65b550_0 .net *"_ivl_105", 0 0, L_0x14f6d8e40;  1 drivers
v0x14f65b640_0 .net *"_ivl_108", 0 0, L_0x14f6d8eb0;  1 drivers
v0x14f65b6f0_0 .net *"_ivl_11", 0 0, L_0x14f6d6240;  1 drivers
v0x14f65b7a0_0 .net *"_ivl_110", 0 0, L_0x14f6d9030;  1 drivers
v0x14f65b850_0 .net *"_ivl_111", 0 0, L_0x14f6d8a90;  1 drivers
v0x14f65b960_0 .net *"_ivl_114", 0 0, L_0x14f6d78f0;  1 drivers
v0x14f65ba10_0 .net *"_ivl_115", 0 0, L_0x14f6d8d80;  1 drivers
v0x14f65bac0_0 .net *"_ivl_118", 0 0, L_0x14f6d8f50;  1 drivers
v0x14f65bb70_0 .net *"_ivl_119", 0 0, L_0x14f6d9490;  1 drivers
v0x14f65bc20_0 .net *"_ivl_121", 0 0, L_0x14f6d9660;  1 drivers
v0x14f65bcd0_0 .net *"_ivl_124", 0 0, L_0x14f6d96d0;  1 drivers
v0x14f65bd80_0 .net *"_ivl_126", 0 0, L_0x14f6d9870;  1 drivers
v0x14f65be30_0 .net *"_ivl_127", 0 0, L_0x14f6d9350;  1 drivers
v0x14f65bfc0_0 .net *"_ivl_13", 0 0, L_0x14f6d6340;  1 drivers
v0x14f65c050_0 .net *"_ivl_130", 0 0, L_0x14f6d9a00;  1 drivers
v0x14f65c100_0 .net *"_ivl_131", 0 0, L_0x14f6d9580;  1 drivers
v0x14f65c1b0_0 .net *"_ivl_134", 0 0, L_0x14f6d97b0;  1 drivers
v0x14f65c260_0 .net *"_ivl_135", 0 0, L_0x14f6d9bb0;  1 drivers
v0x14f65c310_0 .net *"_ivl_138", 0 0, L_0x14f6d9da0;  1 drivers
v0x14f65c3c0_0 .net *"_ivl_139", 0 0, L_0x14f6d9910;  1 drivers
v0x14f65c470_0 .net *"_ivl_15", 0 0, L_0x14f6d6420;  1 drivers
v0x14f65c520_0 .net *"_ivl_16", 0 0, L_0x14f6d6500;  1 drivers
v0x14f65c5d0_0 .net *"_ivl_18", 0 0, L_0x14f6d6630;  1 drivers
v0x14f65c680_0 .net *"_ivl_23", 0 0, L_0x14f6d6750;  1 drivers
v0x14f65c730_0 .net *"_ivl_25", 0 0, L_0x14f6d67f0;  1 drivers
v0x14f65c7e0_0 .net *"_ivl_27", 0 0, L_0x14f6d68c0;  1 drivers
v0x14f65c890_0 .net *"_ivl_28", 0 0, L_0x14f6d69e0;  1 drivers
v0x14f65c940_0 .net *"_ivl_30", 0 0, L_0x14f6d6ab0;  1 drivers
v0x14f65c9f0_0 .net *"_ivl_33", 0 0, L_0x14f6d6be0;  1 drivers
v0x14f65bee0_0 .net *"_ivl_35", 0 0, L_0x14f6d6d00;  1 drivers
v0x14f65cc80_0 .net *"_ivl_36", 0 0, L_0x14f6d6da0;  1 drivers
v0x14f65cd10_0 .net *"_ivl_39", 0 0, L_0x14f6d6e90;  1 drivers
v0x14f65cdb0_0 .net *"_ivl_40", 0 0, L_0x14f6d6fc0;  1 drivers
v0x14f65ce60_0 .net *"_ivl_42", 0 0, L_0x14f6d70c0;  1 drivers
v0x14f65cf10_0 .net *"_ivl_48", 0 0, L_0x14f6d7300;  1 drivers
v0x14f65cfc0_0 .net *"_ivl_50", 0 0, L_0x14f6d7400;  1 drivers
v0x14f65d070_0 .net *"_ivl_52", 0 0, L_0x14f6d74a0;  1 drivers
v0x14f65d120_0 .net *"_ivl_53", 0 0, L_0x14f6d75b0;  1 drivers
v0x14f65d1d0_0 .net *"_ivl_55", 0 0, L_0x14f6d76c0;  1 drivers
v0x14f65d280_0 .net *"_ivl_58", 0 0, L_0x14f6d7770;  1 drivers
v0x14f65d330_0 .net *"_ivl_60", 0 0, L_0x14f6d7810;  1 drivers
v0x14f65d3e0_0 .net *"_ivl_61", 0 0, L_0x14f6d7540;  1 drivers
v0x14f65d490_0 .net *"_ivl_64", 0 0, L_0x14f6d7aa0;  1 drivers
v0x14f65d540_0 .net *"_ivl_65", 0 0, L_0x14f6d7b40;  1 drivers
v0x14f65d5f0_0 .net *"_ivl_67", 0 0, L_0x14f6d7bf0;  1 drivers
v0x14f65d6a0_0 .net *"_ivl_7", 0 0, L_0x14f6d61d0;  1 drivers
v0x14f65d750_0 .net *"_ivl_70", 0 0, L_0x14f6d7d60;  1 drivers
v0x14f65d800_0 .net *"_ivl_72", 0 0, L_0x14f6d7e90;  1 drivers
v0x14f65d8b0_0 .net *"_ivl_73", 0 0, L_0x14f6d7a30;  1 drivers
v0x14f65d960_0 .net *"_ivl_76", 0 0, L_0x14f6d7f70;  1 drivers
v0x14f65da10_0 .net *"_ivl_77", 0 0, L_0x14f6d80b0;  1 drivers
v0x14f65dac0_0 .net *"_ivl_80", 0 0, L_0x14f6d81d0;  1 drivers
v0x14f65db70_0 .net *"_ivl_81", 0 0, L_0x14f6d8270;  1 drivers
v0x14f65dc20_0 .net *"_ivl_83", 0 0, L_0x14f6d8340;  1 drivers
v0x14f65dcd0_0 .net *"_ivl_86", 0 0, L_0x14f6d8510;  1 drivers
v0x14f65dd80_0 .net *"_ivl_88", 0 0, L_0x14f6d8010;  1 drivers
v0x14f65de30_0 .net *"_ivl_90", 0 0, L_0x14f6d86b0;  1 drivers
v0x14f65dee0_0 .net *"_ivl_91", 0 0, L_0x14f6d6960;  1 drivers
v0x14f65df90_0 .net *"_ivl_93", 0 0, L_0x14f6d8850;  1 drivers
v0x14f65e040_0 .net *"_ivl_96", 0 0, L_0x14f6d8470;  1 drivers
v0x14f65e0f0_0 .net *"_ivl_98", 0 0, L_0x14f6d89f0;  1 drivers
v0x14f65caa0_0 .net *"_ivl_99", 0 0, L_0x14f6d8b60;  1 drivers
v0x14f65cb50_0 .net "a", 3 0, L_0x14f6da070;  1 drivers
v0x14f65e180_0 .net "b", 3 0, L_0x14f6da110;  1 drivers
v0x14f65e210_0 .net "c", 3 0, L_0x14f6d7170;  1 drivers
v0x14f65e2a0_0 .net "cin", 0 0, L_0x14f6d55f0;  alias, 1 drivers
v0x14f65e330_0 .net "cout", 0 0, L_0x14f6d9aa0;  alias, 1 drivers
v0x14f65e3c0_0 .net "sum", 3 0, L_0x14f6d9ca0;  1 drivers
L_0x14f6d6240 .part L_0x14f6d60e0, 0, 1;
L_0x14f6d6340 .part L_0x14f6d6070, 0, 1;
L_0x14f6d6420 .part L_0x14f6d7170, 0, 1;
L_0x14f6d6750 .part L_0x14f6d60e0, 1, 1;
L_0x14f6d67f0 .part L_0x14f6d6070, 1, 1;
L_0x14f6d68c0 .part L_0x14f6d60e0, 0, 1;
L_0x14f6d6be0 .part L_0x14f6d6070, 1, 1;
L_0x14f6d6d00 .part L_0x14f6d6070, 0, 1;
L_0x14f6d6e90 .part L_0x14f6d7170, 0, 1;
L_0x14f6d7170 .concat8 [ 1 1 1 1], L_0x14f6d61d0, L_0x14f6d6630, L_0x14f6d70c0, L_0x14f6d8340;
L_0x14f6d7300 .part L_0x14f6d60e0, 2, 1;
L_0x14f6d7400 .part L_0x14f6d6070, 2, 1;
L_0x14f6d74a0 .part L_0x14f6d60e0, 1, 1;
L_0x14f6d7770 .part L_0x14f6d6070, 2, 1;
L_0x14f6d7810 .part L_0x14f6d6070, 1, 1;
L_0x14f6d7aa0 .part L_0x14f6d60e0, 0, 1;
L_0x14f6d7d60 .part L_0x14f6d6070, 2, 1;
L_0x14f6d7e90 .part L_0x14f6d6070, 1, 1;
L_0x14f6d7f70 .part L_0x14f6d6070, 0, 1;
L_0x14f6d81d0 .part L_0x14f6d7170, 0, 1;
L_0x14f6d8510 .part L_0x14f6d60e0, 3, 1;
L_0x14f6d8010 .part L_0x14f6d6070, 3, 1;
L_0x14f6d86b0 .part L_0x14f6d60e0, 2, 1;
L_0x14f6d8470 .part L_0x14f6d6070, 3, 1;
L_0x14f6d89f0 .part L_0x14f6d6070, 2, 1;
L_0x14f6d8bf0 .part L_0x14f6d60e0, 1, 1;
L_0x14f6d8eb0 .part L_0x14f6d6070, 3, 1;
L_0x14f6d9030 .part L_0x14f6d6070, 2, 1;
L_0x14f6d78f0 .part L_0x14f6d6070, 1, 1;
L_0x14f6d8f50 .part L_0x14f6d60e0, 0, 1;
L_0x14f6d96d0 .part L_0x14f6d6070, 3, 1;
L_0x14f6d9870 .part L_0x14f6d6070, 2, 1;
L_0x14f6d9a00 .part L_0x14f6d6070, 1, 1;
L_0x14f6d97b0 .part L_0x14f6d6070, 0, 1;
L_0x14f6d9da0 .part L_0x14f6d7170, 0, 1;
S_0x14f65e480 .scope module, "n2" "cla_4" 6 15, 7 3 0, S_0x14f65ad10;
 .timescale -9 -11;
    .port_info 0 /INPUT 4 "a";
    .port_info 1 /INPUT 4 "b";
    .port_info 2 /INPUT 1 "cin";
    .port_info 3 /OUTPUT 4 "sum";
    .port_info 4 /OUTPUT 1 "cout";
L_0x14f6d9d10 .functor XOR 4, L_0x14f6de220, L_0x14f6de2c0, C4<0000>, C4<0000>;
L_0x14f6da210 .functor AND 4, L_0x14f6de220, L_0x14f6de2c0, C4<1111>, C4<1111>;
L_0x14f6da340 .functor BUFZ 1, L_0x14f6d9aa0, C4<0>, C4<0>, C4<0>;
L_0x14f6da6b0 .functor AND 1, L_0x14f6da510, L_0x14f6da5f0, C4<1>, C4<1>;
L_0x14f6da7e0 .functor OR 1, L_0x14f6da430, L_0x14f6da6b0, C4<0>, C4<0>;
L_0x14f6dab90 .functor AND 1, L_0x14f6da9a0, L_0x14f6daa70, C4<1>, C4<1>;
L_0x14f6dac60 .functor OR 1, L_0x14f6da900, L_0x14f6dab90, C4<0>, C4<0>;
L_0x14f6daf50 .functor AND 1, L_0x14f6dad90, L_0x14f6daeb0, C4<1>, C4<1>;
L_0x14f6db170 .functor AND 1, L_0x14f6daf50, L_0x14f6db040, C4<1>, C4<1>;
L_0x14f6db270 .functor OR 1, L_0x14f6dac60, L_0x14f6db170, C4<0>, C4<0>;
L_0x14f6db760 .functor AND 1, L_0x14f6db5b0, L_0x14f6db650, C4<1>, C4<1>;
L_0x14f6db870 .functor OR 1, L_0x14f6db4b0, L_0x14f6db760, C4<0>, C4<0>;
L_0x14f6db6f0 .functor AND 1, L_0x14f6db920, L_0x14f6db9c0, C4<1>, C4<1>;
L_0x14f6dbcf0 .functor AND 1, L_0x14f6db6f0, L_0x14f6dbc50, C4<1>, C4<1>;
L_0x14f6dbda0 .functor OR 1, L_0x14f6db870, L_0x14f6dbcf0, C4<0>, C4<0>;
L_0x14f6dbbe0 .functor AND 1, L_0x14f6dbf10, L_0x14f6dc040, C4<1>, C4<1>;
L_0x14f6dc260 .functor AND 1, L_0x14f6dbbe0, L_0x14f6dc120, C4<1>, C4<1>;
L_0x14f6dc420 .functor AND 1, L_0x14f6dc260, L_0x14f6dc380, C4<1>, C4<1>;
L_0x14f6dc4f0 .functor OR 1, L_0x14f6dbda0, L_0x14f6dc420, C4<0>, C4<0>;
L_0x14f6dab10 .functor AND 1, L_0x14f6dc1c0, L_0x14f6dc860, C4<1>, C4<1>;
L_0x14f6dca00 .functor OR 1, L_0x14f6dc6c0, L_0x14f6dab10, C4<0>, C4<0>;
L_0x14f6dcd10 .functor AND 1, L_0x14f6dc620, L_0x14f6dcba0, C4<1>, C4<1>;
L_0x14f6dce40 .functor AND 1, L_0x14f6dcd10, L_0x14f6dcda0, C4<1>, C4<1>;
L_0x14f6dcff0 .functor OR 1, L_0x14f6dca00, L_0x14f6dce40, C4<0>, C4<0>;
L_0x14f6dcc40 .functor AND 1, L_0x14f6dd060, L_0x14f6dd1e0, C4<1>, C4<1>;
L_0x14f6dcf30 .functor AND 1, L_0x14f6dcc40, L_0x14f6dbaa0, C4<1>, C4<1>;
L_0x14f6dd640 .functor AND 1, L_0x14f6dcf30, L_0x14f6dd100, C4<1>, C4<1>;
L_0x14f6dd810 .functor OR 1, L_0x14f6dcff0, L_0x14f6dd640, C4<0>, C4<0>;
L_0x14f6dd500 .functor AND 1, L_0x14f6dd880, L_0x14f6dda20, C4<1>, C4<1>;
L_0x14f6dd730 .functor AND 1, L_0x14f6dd500, L_0x14f6ddbb0, C4<1>, C4<1>;
L_0x14f6ddd60 .functor AND 1, L_0x14f6dd730, L_0x14f6dd960, C4<1>, C4<1>;
L_0x14f6ddac0 .functor AND 1, L_0x14f6ddd60, L_0x14f6ddf50, C4<1>, C4<1>;
L_0x14f6ddc50 .functor OR 1, L_0x14f6dd810, L_0x14f6ddac0, C4<0>, C4<0>;
L_0x14f6dde50 .functor XOR 4, L_0x14f6d9d10, L_0x14f6db320, C4<0000>, C4<0000>;
v0x14f65e6c0_0 .net "G", 3 0, L_0x14f6da210;  1 drivers
v0x14f65e760_0 .net "P", 3 0, L_0x14f6d9d10;  1 drivers
v0x14f65e810_0 .net *"_ivl_102", 0 0, L_0x14f6dcda0;  1 drivers
v0x14f65e8d0_0 .net *"_ivl_103", 0 0, L_0x14f6dce40;  1 drivers
v0x14f65e980_0 .net *"_ivl_105", 0 0, L_0x14f6dcff0;  1 drivers
v0x14f65ea70_0 .net *"_ivl_108", 0 0, L_0x14f6dd060;  1 drivers
v0x14f65eb20_0 .net *"_ivl_11", 0 0, L_0x14f6da430;  1 drivers
v0x14f65ebd0_0 .net *"_ivl_110", 0 0, L_0x14f6dd1e0;  1 drivers
v0x14f65ec80_0 .net *"_ivl_111", 0 0, L_0x14f6dcc40;  1 drivers
v0x14f65ed90_0 .net *"_ivl_114", 0 0, L_0x14f6dbaa0;  1 drivers
v0x14f65ee40_0 .net *"_ivl_115", 0 0, L_0x14f6dcf30;  1 drivers
v0x14f65eef0_0 .net *"_ivl_118", 0 0, L_0x14f6dd100;  1 drivers
v0x14f65efa0_0 .net *"_ivl_119", 0 0, L_0x14f6dd640;  1 drivers
v0x14f65f050_0 .net *"_ivl_121", 0 0, L_0x14f6dd810;  1 drivers
v0x14f65f100_0 .net *"_ivl_124", 0 0, L_0x14f6dd880;  1 drivers
v0x14f65f1b0_0 .net *"_ivl_126", 0 0, L_0x14f6dda20;  1 drivers
v0x14f65f260_0 .net *"_ivl_127", 0 0, L_0x14f6dd500;  1 drivers
v0x14f65f3f0_0 .net *"_ivl_13", 0 0, L_0x14f6da510;  1 drivers
v0x14f65f480_0 .net *"_ivl_130", 0 0, L_0x14f6ddbb0;  1 drivers
v0x14f65f530_0 .net *"_ivl_131", 0 0, L_0x14f6dd730;  1 drivers
v0x14f65f5e0_0 .net *"_ivl_134", 0 0, L_0x14f6dd960;  1 drivers
v0x14f65f690_0 .net *"_ivl_135", 0 0, L_0x14f6ddd60;  1 drivers
v0x14f65f740_0 .net *"_ivl_138", 0 0, L_0x14f6ddf50;  1 drivers
v0x14f65f7f0_0 .net *"_ivl_139", 0 0, L_0x14f6ddac0;  1 drivers
v0x14f65f8a0_0 .net *"_ivl_15", 0 0, L_0x14f6da5f0;  1 drivers
v0x14f65f950_0 .net *"_ivl_16", 0 0, L_0x14f6da6b0;  1 drivers
v0x14f65fa00_0 .net *"_ivl_18", 0 0, L_0x14f6da7e0;  1 drivers
v0x14f65fab0_0 .net *"_ivl_23", 0 0, L_0x14f6da900;  1 drivers
v0x14f65fb60_0 .net *"_ivl_25", 0 0, L_0x14f6da9a0;  1 drivers
v0x14f65fc10_0 .net *"_ivl_27", 0 0, L_0x14f6daa70;  1 drivers
v0x14f65fcc0_0 .net *"_ivl_28", 0 0, L_0x14f6dab90;  1 drivers
v0x14f65fd70_0 .net *"_ivl_30", 0 0, L_0x14f6dac60;  1 drivers
v0x14f65fe20_0 .net *"_ivl_33", 0 0, L_0x14f6dad90;  1 drivers
v0x14f65f310_0 .net *"_ivl_35", 0 0, L_0x14f6daeb0;  1 drivers
v0x14f6600b0_0 .net *"_ivl_36", 0 0, L_0x14f6daf50;  1 drivers
v0x14f660140_0 .net *"_ivl_39", 0 0, L_0x14f6db040;  1 drivers
v0x14f6601e0_0 .net *"_ivl_40", 0 0, L_0x14f6db170;  1 drivers
v0x14f660290_0 .net *"_ivl_42", 0 0, L_0x14f6db270;  1 drivers
v0x14f660340_0 .net *"_ivl_48", 0 0, L_0x14f6db4b0;  1 drivers
v0x14f6603f0_0 .net *"_ivl_50", 0 0, L_0x14f6db5b0;  1 drivers
v0x14f6604a0_0 .net *"_ivl_52", 0 0, L_0x14f6db650;  1 drivers
v0x14f660550_0 .net *"_ivl_53", 0 0, L_0x14f6db760;  1 drivers
v0x14f660600_0 .net *"_ivl_55", 0 0, L_0x14f6db870;  1 drivers
v0x14f6606b0_0 .net *"_ivl_58", 0 0, L_0x14f6db920;  1 drivers
v0x14f660760_0 .net *"_ivl_60", 0 0, L_0x14f6db9c0;  1 drivers
v0x14f660810_0 .net *"_ivl_61", 0 0, L_0x14f6db6f0;  1 drivers
v0x14f6608c0_0 .net *"_ivl_64", 0 0, L_0x14f6dbc50;  1 drivers
v0x14f660970_0 .net *"_ivl_65", 0 0, L_0x14f6dbcf0;  1 drivers
v0x14f660a20_0 .net *"_ivl_67", 0 0, L_0x14f6dbda0;  1 drivers
v0x14f660ad0_0 .net *"_ivl_7", 0 0, L_0x14f6da340;  1 drivers
v0x14f660b80_0 .net *"_ivl_70", 0 0, L_0x14f6dbf10;  1 drivers
v0x14f660c30_0 .net *"_ivl_72", 0 0, L_0x14f6dc040;  1 drivers
v0x14f660ce0_0 .net *"_ivl_73", 0 0, L_0x14f6dbbe0;  1 drivers
v0x14f660d90_0 .net *"_ivl_76", 0 0, L_0x14f6dc120;  1 drivers
v0x14f660e40_0 .net *"_ivl_77", 0 0, L_0x14f6dc260;  1 drivers
v0x14f660ef0_0 .net *"_ivl_80", 0 0, L_0x14f6dc380;  1 drivers
v0x14f660fa0_0 .net *"_ivl_81", 0 0, L_0x14f6dc420;  1 drivers
v0x14f661050_0 .net *"_ivl_83", 0 0, L_0x14f6dc4f0;  1 drivers
v0x14f661100_0 .net *"_ivl_86", 0 0, L_0x14f6dc6c0;  1 drivers
v0x14f6611b0_0 .net *"_ivl_88", 0 0, L_0x14f6dc1c0;  1 drivers
v0x14f661260_0 .net *"_ivl_90", 0 0, L_0x14f6dc860;  1 drivers
v0x14f661310_0 .net *"_ivl_91", 0 0, L_0x14f6dab10;  1 drivers
v0x14f6613c0_0 .net *"_ivl_93", 0 0, L_0x14f6dca00;  1 drivers
v0x14f661470_0 .net *"_ivl_96", 0 0, L_0x14f6dc620;  1 drivers
v0x14f661520_0 .net *"_ivl_98", 0 0, L_0x14f6dcba0;  1 drivers
v0x14f65fed0_0 .net *"_ivl_99", 0 0, L_0x14f6dcd10;  1 drivers
v0x14f65ff80_0 .net "a", 3 0, L_0x14f6de220;  1 drivers
v0x14f6615b0_0 .net "b", 3 0, L_0x14f6de2c0;  1 drivers
v0x14f661640_0 .net "c", 3 0, L_0x14f6db320;  1 drivers
v0x14f6616d0_0 .net "cin", 0 0, L_0x14f6d9aa0;  alias, 1 drivers
v0x14f661760_0 .net "cout", 0 0, L_0x14f6ddc50;  alias, 1 drivers
v0x14f6617f0_0 .net "sum", 3 0, L_0x14f6dde50;  1 drivers
L_0x14f6da430 .part L_0x14f6da210, 0, 1;
L_0x14f6da510 .part L_0x14f6d9d10, 0, 1;
L_0x14f6da5f0 .part L_0x14f6db320, 0, 1;
L_0x14f6da900 .part L_0x14f6da210, 1, 1;
L_0x14f6da9a0 .part L_0x14f6d9d10, 1, 1;
L_0x14f6daa70 .part L_0x14f6da210, 0, 1;
L_0x14f6dad90 .part L_0x14f6d9d10, 1, 1;
L_0x14f6daeb0 .part L_0x14f6d9d10, 0, 1;
L_0x14f6db040 .part L_0x14f6db320, 0, 1;
L_0x14f6db320 .concat8 [ 1 1 1 1], L_0x14f6da340, L_0x14f6da7e0, L_0x14f6db270, L_0x14f6dc4f0;
L_0x14f6db4b0 .part L_0x14f6da210, 2, 1;
L_0x14f6db5b0 .part L_0x14f6d9d10, 2, 1;
L_0x14f6db650 .part L_0x14f6da210, 1, 1;
L_0x14f6db920 .part L_0x14f6d9d10, 2, 1;
L_0x14f6db9c0 .part L_0x14f6d9d10, 1, 1;
L_0x14f6dbc50 .part L_0x14f6da210, 0, 1;
L_0x14f6dbf10 .part L_0x14f6d9d10, 2, 1;
L_0x14f6dc040 .part L_0x14f6d9d10, 1, 1;
L_0x14f6dc120 .part L_0x14f6d9d10, 0, 1;
L_0x14f6dc380 .part L_0x14f6db320, 0, 1;
L_0x14f6dc6c0 .part L_0x14f6da210, 3, 1;
L_0x14f6dc1c0 .part L_0x14f6d9d10, 3, 1;
L_0x14f6dc860 .part L_0x14f6da210, 2, 1;
L_0x14f6dc620 .part L_0x14f6d9d10, 3, 1;
L_0x14f6dcba0 .part L_0x14f6d9d10, 2, 1;
L_0x14f6dcda0 .part L_0x14f6da210, 1, 1;
L_0x14f6dd060 .part L_0x14f6d9d10, 3, 1;
L_0x14f6dd1e0 .part L_0x14f6d9d10, 2, 1;
L_0x14f6dbaa0 .part L_0x14f6d9d10, 1, 1;
L_0x14f6dd100 .part L_0x14f6da210, 0, 1;
L_0x14f6dd880 .part L_0x14f6d9d10, 3, 1;
L_0x14f6dda20 .part L_0x14f6d9d10, 2, 1;
L_0x14f6ddbb0 .part L_0x14f6d9d10, 1, 1;
L_0x14f6dd960 .part L_0x14f6d9d10, 0, 1;
L_0x14f6ddf50 .part L_0x14f6db320, 0, 1;
S_0x14f661880 .scope module, "n3" "cla_4" 6 16, 7 3 0, S_0x14f65ad10;
 .timescale -9 -11;
    .port_info 0 /INPUT 4 "a";
    .port_info 1 /INPUT 4 "b";
    .port_info 2 /INPUT 1 "cin";
    .port_info 3 /OUTPUT 4 "sum";
    .port_info 4 /OUTPUT 1 "cout";
L_0x14f6de360 .functor XOR 4, L_0x14f6e23e0, L_0x14f6e2480, C4<0000>, C4<0000>;
L_0x14f6de3f0 .functor AND 4, L_0x14f6e23e0, L_0x14f6e2480, C4<1111>, C4<1111>;
L_0x14f6de520 .functor BUFZ 1, L_0x14f6ddc50, C4<0>, C4<0>, C4<0>;
L_0x14f6de890 .functor AND 1, L_0x14f6de6f0, L_0x14f6de7d0, C4<1>, C4<1>;
L_0x14f6de9a0 .functor OR 1, L_0x14f6de610, L_0x14f6de890, C4<0>, C4<0>;
L_0x14f6ded50 .functor AND 1, L_0x14f6deb60, L_0x14f6dec30, C4<1>, C4<1>;
L_0x14f6dee20 .functor OR 1, L_0x14f6deac0, L_0x14f6ded50, C4<0>, C4<0>;
L_0x14f6df110 .functor AND 1, L_0x14f6def50, L_0x14f6df070, C4<1>, C4<1>;
L_0x14f6df330 .functor AND 1, L_0x14f6df110, L_0x14f6df200, C4<1>, C4<1>;
L_0x14f6df430 .functor OR 1, L_0x14f6dee20, L_0x14f6df330, C4<0>, C4<0>;
L_0x14f6df920 .functor AND 1, L_0x14f6df770, L_0x14f6df810, C4<1>, C4<1>;
L_0x14f6dfa30 .functor OR 1, L_0x14f6df670, L_0x14f6df920, C4<0>, C4<0>;
L_0x14f6df8b0 .functor AND 1, L_0x14f6dfae0, L_0x14f6dfb80, C4<1>, C4<1>;
L_0x14f6dfeb0 .functor AND 1, L_0x14f6df8b0, L_0x14f6dfe10, C4<1>, C4<1>;
L_0x14f6dff60 .functor OR 1, L_0x14f6dfa30, L_0x14f6dfeb0, C4<0>, C4<0>;
L_0x14f6dfda0 .functor AND 1, L_0x14f6e00d0, L_0x14f6e0200, C4<1>, C4<1>;
L_0x14f6e0420 .functor AND 1, L_0x14f6dfda0, L_0x14f6e02e0, C4<1>, C4<1>;
L_0x14f6e05e0 .functor AND 1, L_0x14f6e0420, L_0x14f6e0540, C4<1>, C4<1>;
L_0x14f6e06b0 .functor OR 1, L_0x14f6dff60, L_0x14f6e05e0, C4<0>, C4<0>;
L_0x14f6decd0 .functor AND 1, L_0x14f6e0380, L_0x14f6e0a20, C4<1>, C4<1>;
L_0x14f6e0bc0 .functor OR 1, L_0x14f6e0880, L_0x14f6decd0, C4<0>, C4<0>;
L_0x14f6e0ed0 .functor AND 1, L_0x14f6e07e0, L_0x14f6e0d60, C4<1>, C4<1>;
L_0x14f6e1000 .functor AND 1, L_0x14f6e0ed0, L_0x14f6e0f60, C4<1>, C4<1>;
L_0x14f6e11b0 .functor OR 1, L_0x14f6e0bc0, L_0x14f6e1000, C4<0>, C4<0>;
L_0x14f6e0e00 .functor AND 1, L_0x14f6e1220, L_0x14f6e13a0, C4<1>, C4<1>;
L_0x14f6e10f0 .functor AND 1, L_0x14f6e0e00, L_0x14f6dfc60, C4<1>, C4<1>;
L_0x14f6e1800 .functor AND 1, L_0x14f6e10f0, L_0x14f6e12c0, C4<1>, C4<1>;
L_0x14f6e19d0 .functor OR 1, L_0x14f6e11b0, L_0x14f6e1800, C4<0>, C4<0>;
L_0x14f6e16c0 .functor AND 1, L_0x14f6e1a40, L_0x14f6e1be0, C4<1>, C4<1>;
L_0x14f6e18f0 .functor AND 1, L_0x14f6e16c0, L_0x14f6e1d70, C4<1>, C4<1>;
L_0x14f6e1f20 .functor AND 1, L_0x14f6e18f0, L_0x14f6e1b20, C4<1>, C4<1>;
L_0x14f6e1c80 .functor AND 1, L_0x14f6e1f20, L_0x14f6e2110, C4<1>, C4<1>;
L_0x14f6e1e10 .functor OR 1, L_0x14f6e19d0, L_0x14f6e1c80, C4<0>, C4<0>;
L_0x14f6e2010 .functor XOR 4, L_0x14f6de360, L_0x14f6df4e0, C4<0000>, C4<0000>;
v0x14f661ae0_0 .net "G", 3 0, L_0x14f6de3f0;  1 drivers
v0x14f661b90_0 .net "P", 3 0, L_0x14f6de360;  1 drivers
v0x14f661c40_0 .net *"_ivl_102", 0 0, L_0x14f6e0f60;  1 drivers
v0x14f661d00_0 .net *"_ivl_103", 0 0, L_0x14f6e1000;  1 drivers
v0x14f661db0_0 .net *"_ivl_105", 0 0, L_0x14f6e11b0;  1 drivers
v0x14f661ea0_0 .net *"_ivl_108", 0 0, L_0x14f6e1220;  1 drivers
v0x14f661f50_0 .net *"_ivl_11", 0 0, L_0x14f6de610;  1 drivers
v0x14f662000_0 .net *"_ivl_110", 0 0, L_0x14f6e13a0;  1 drivers
v0x14f6620b0_0 .net *"_ivl_111", 0 0, L_0x14f6e0e00;  1 drivers
v0x14f6621c0_0 .net *"_ivl_114", 0 0, L_0x14f6dfc60;  1 drivers
v0x14f662270_0 .net *"_ivl_115", 0 0, L_0x14f6e10f0;  1 drivers
v0x14f662320_0 .net *"_ivl_118", 0 0, L_0x14f6e12c0;  1 drivers
v0x14f6623d0_0 .net *"_ivl_119", 0 0, L_0x14f6e1800;  1 drivers
v0x14f662480_0 .net *"_ivl_121", 0 0, L_0x14f6e19d0;  1 drivers
v0x14f662530_0 .net *"_ivl_124", 0 0, L_0x14f6e1a40;  1 drivers
v0x14f6625e0_0 .net *"_ivl_126", 0 0, L_0x14f6e1be0;  1 drivers
v0x14f662690_0 .net *"_ivl_127", 0 0, L_0x14f6e16c0;  1 drivers
v0x14f662820_0 .net *"_ivl_13", 0 0, L_0x14f6de6f0;  1 drivers
v0x14f6628b0_0 .net *"_ivl_130", 0 0, L_0x14f6e1d70;  1 drivers
v0x14f662960_0 .net *"_ivl_131", 0 0, L_0x14f6e18f0;  1 drivers
v0x14f662a10_0 .net *"_ivl_134", 0 0, L_0x14f6e1b20;  1 drivers
v0x14f662ac0_0 .net *"_ivl_135", 0 0, L_0x14f6e1f20;  1 drivers
v0x14f662b70_0 .net *"_ivl_138", 0 0, L_0x14f6e2110;  1 drivers
v0x14f662c20_0 .net *"_ivl_139", 0 0, L_0x14f6e1c80;  1 drivers
v0x14f662cd0_0 .net *"_ivl_15", 0 0, L_0x14f6de7d0;  1 drivers
v0x14f662d80_0 .net *"_ivl_16", 0 0, L_0x14f6de890;  1 drivers
v0x14f662e30_0 .net *"_ivl_18", 0 0, L_0x14f6de9a0;  1 drivers
v0x14f662ee0_0 .net *"_ivl_23", 0 0, L_0x14f6deac0;  1 drivers
v0x14f662f90_0 .net *"_ivl_25", 0 0, L_0x14f6deb60;  1 drivers
v0x14f663040_0 .net *"_ivl_27", 0 0, L_0x14f6dec30;  1 drivers
v0x14f6630f0_0 .net *"_ivl_28", 0 0, L_0x14f6ded50;  1 drivers
v0x14f6631a0_0 .net *"_ivl_30", 0 0, L_0x14f6dee20;  1 drivers
v0x14f663250_0 .net *"_ivl_33", 0 0, L_0x14f6def50;  1 drivers
v0x14f662740_0 .net *"_ivl_35", 0 0, L_0x14f6df070;  1 drivers
v0x14f6634e0_0 .net *"_ivl_36", 0 0, L_0x14f6df110;  1 drivers
v0x14f663570_0 .net *"_ivl_39", 0 0, L_0x14f6df200;  1 drivers
v0x14f663610_0 .net *"_ivl_40", 0 0, L_0x14f6df330;  1 drivers
v0x14f6636c0_0 .net *"_ivl_42", 0 0, L_0x14f6df430;  1 drivers
v0x14f663770_0 .net *"_ivl_48", 0 0, L_0x14f6df670;  1 drivers
v0x14f663820_0 .net *"_ivl_50", 0 0, L_0x14f6df770;  1 drivers
v0x14f6638d0_0 .net *"_ivl_52", 0 0, L_0x14f6df810;  1 drivers
v0x14f663980_0 .net *"_ivl_53", 0 0, L_0x14f6df920;  1 drivers
v0x14f663a30_0 .net *"_ivl_55", 0 0, L_0x14f6dfa30;  1 drivers
v0x14f663ae0_0 .net *"_ivl_58", 0 0, L_0x14f6dfae0;  1 drivers
v0x14f663b90_0 .net *"_ivl_60", 0 0, L_0x14f6dfb80;  1 drivers
v0x14f663c40_0 .net *"_ivl_61", 0 0, L_0x14f6df8b0;  1 drivers
v0x14f663cf0_0 .net *"_ivl_64", 0 0, L_0x14f6dfe10;  1 drivers
v0x14f663da0_0 .net *"_ivl_65", 0 0, L_0x14f6dfeb0;  1 drivers
v0x14f663e50_0 .net *"_ivl_67", 0 0, L_0x14f6dff60;  1 drivers
v0x14f663f00_0 .net *"_ivl_7", 0 0, L_0x14f6de520;  1 drivers
v0x14f663fb0_0 .net *"_ivl_70", 0 0, L_0x14f6e00d0;  1 drivers
v0x14f664060_0 .net *"_ivl_72", 0 0, L_0x14f6e0200;  1 drivers
v0x14f664110_0 .net *"_ivl_73", 0 0, L_0x14f6dfda0;  1 drivers
v0x14f6641c0_0 .net *"_ivl_76", 0 0, L_0x14f6e02e0;  1 drivers
v0x14f664270_0 .net *"_ivl_77", 0 0, L_0x14f6e0420;  1 drivers
v0x14f664320_0 .net *"_ivl_80", 0 0, L_0x14f6e0540;  1 drivers
v0x14f6643d0_0 .net *"_ivl_81", 0 0, L_0x14f6e05e0;  1 drivers
v0x14f664480_0 .net *"_ivl_83", 0 0, L_0x14f6e06b0;  1 drivers
v0x14f664530_0 .net *"_ivl_86", 0 0, L_0x14f6e0880;  1 drivers
v0x14f6645e0_0 .net *"_ivl_88", 0 0, L_0x14f6e0380;  1 drivers
v0x14f664690_0 .net *"_ivl_90", 0 0, L_0x14f6e0a20;  1 drivers
v0x14f664740_0 .net *"_ivl_91", 0 0, L_0x14f6decd0;  1 drivers
v0x14f6647f0_0 .net *"_ivl_93", 0 0, L_0x14f6e0bc0;  1 drivers
v0x14f6648a0_0 .net *"_ivl_96", 0 0, L_0x14f6e07e0;  1 drivers
v0x14f664950_0 .net *"_ivl_98", 0 0, L_0x14f6e0d60;  1 drivers
v0x14f663300_0 .net *"_ivl_99", 0 0, L_0x14f6e0ed0;  1 drivers
v0x14f6633b0_0 .net "a", 3 0, L_0x14f6e23e0;  1 drivers
v0x14f6649e0_0 .net "b", 3 0, L_0x14f6e2480;  1 drivers
v0x14f664a70_0 .net "c", 3 0, L_0x14f6df4e0;  1 drivers
v0x14f664b00_0 .net "cin", 0 0, L_0x14f6ddc50;  alias, 1 drivers
v0x14f664b90_0 .net "cout", 0 0, L_0x14f6e1e10;  alias, 1 drivers
v0x14f664c20_0 .net "sum", 3 0, L_0x14f6e2010;  1 drivers
L_0x14f6de610 .part L_0x14f6de3f0, 0, 1;
L_0x14f6de6f0 .part L_0x14f6de360, 0, 1;
L_0x14f6de7d0 .part L_0x14f6df4e0, 0, 1;
L_0x14f6deac0 .part L_0x14f6de3f0, 1, 1;
L_0x14f6deb60 .part L_0x14f6de360, 1, 1;
L_0x14f6dec30 .part L_0x14f6de3f0, 0, 1;
L_0x14f6def50 .part L_0x14f6de360, 1, 1;
L_0x14f6df070 .part L_0x14f6de360, 0, 1;
L_0x14f6df200 .part L_0x14f6df4e0, 0, 1;
L_0x14f6df4e0 .concat8 [ 1 1 1 1], L_0x14f6de520, L_0x14f6de9a0, L_0x14f6df430, L_0x14f6e06b0;
L_0x14f6df670 .part L_0x14f6de3f0, 2, 1;
L_0x14f6df770 .part L_0x14f6de360, 2, 1;
L_0x14f6df810 .part L_0x14f6de3f0, 1, 1;
L_0x14f6dfae0 .part L_0x14f6de360, 2, 1;
L_0x14f6dfb80 .part L_0x14f6de360, 1, 1;
L_0x14f6dfe10 .part L_0x14f6de3f0, 0, 1;
L_0x14f6e00d0 .part L_0x14f6de360, 2, 1;
L_0x14f6e0200 .part L_0x14f6de360, 1, 1;
L_0x14f6e02e0 .part L_0x14f6de360, 0, 1;
L_0x14f6e0540 .part L_0x14f6df4e0, 0, 1;
L_0x14f6e0880 .part L_0x14f6de3f0, 3, 1;
L_0x14f6e0380 .part L_0x14f6de360, 3, 1;
L_0x14f6e0a20 .part L_0x14f6de3f0, 2, 1;
L_0x14f6e07e0 .part L_0x14f6de360, 3, 1;
L_0x14f6e0d60 .part L_0x14f6de360, 2, 1;
L_0x14f6e0f60 .part L_0x14f6de3f0, 1, 1;
L_0x14f6e1220 .part L_0x14f6de360, 3, 1;
L_0x14f6e13a0 .part L_0x14f6de360, 2, 1;
L_0x14f6dfc60 .part L_0x14f6de360, 1, 1;
L_0x14f6e12c0 .part L_0x14f6de3f0, 0, 1;
L_0x14f6e1a40 .part L_0x14f6de360, 3, 1;
L_0x14f6e1be0 .part L_0x14f6de360, 2, 1;
L_0x14f6e1d70 .part L_0x14f6de360, 1, 1;
L_0x14f6e1b20 .part L_0x14f6de360, 0, 1;
L_0x14f6e2110 .part L_0x14f6df4e0, 0, 1;
S_0x14f664cb0 .scope module, "n4" "cla_4" 6 17, 7 3 0, S_0x14f65ad10;
 .timescale -9 -11;
    .port_info 0 /INPUT 4 "a";
    .port_info 1 /INPUT 4 "b";
    .port_info 2 /INPUT 1 "cin";
    .port_info 3 /OUTPUT 4 "sum";
    .port_info 4 /OUTPUT 1 "cout";
L_0x14f6e2520 .functor XOR 4, L_0x14f6e6540, L_0x14f6e65e0, C4<0000>, C4<0000>;
L_0x14f6e2590 .functor AND 4, L_0x14f6e6540, L_0x14f6e65e0, C4<1111>, C4<1111>;
L_0x14f6e2680 .functor BUFZ 1, L_0x14f6e1e10, C4<0>, C4<0>, C4<0>;
L_0x14f6e29f0 .functor AND 1, L_0x14f6e2850, L_0x14f6e2930, C4<1>, C4<1>;
L_0x14f6e2b00 .functor OR 1, L_0x14f6e2770, L_0x14f6e29f0, C4<0>, C4<0>;
L_0x14f6e2eb0 .functor AND 1, L_0x14f6e2cc0, L_0x14f6e2d90, C4<1>, C4<1>;
L_0x14f6e2f80 .functor OR 1, L_0x14f6e2c20, L_0x14f6e2eb0, C4<0>, C4<0>;
L_0x14f6e3270 .functor AND 1, L_0x14f6e30b0, L_0x14f6e31d0, C4<1>, C4<1>;
L_0x14f6e3490 .functor AND 1, L_0x14f6e3270, L_0x14f6e3360, C4<1>, C4<1>;
L_0x14f6e3590 .functor OR 1, L_0x14f6e2f80, L_0x14f6e3490, C4<0>, C4<0>;
L_0x14f6e3a80 .functor AND 1, L_0x14f6e38d0, L_0x14f6e3970, C4<1>, C4<1>;
L_0x14f6e3b90 .functor OR 1, L_0x14f6e37d0, L_0x14f6e3a80, C4<0>, C4<0>;
L_0x14f6e3a10 .functor AND 1, L_0x14f6e3c40, L_0x14f6e3ce0, C4<1>, C4<1>;
L_0x14f6e4010 .functor AND 1, L_0x14f6e3a10, L_0x14f6e3f70, C4<1>, C4<1>;
L_0x14f6e40c0 .functor OR 1, L_0x14f6e3b90, L_0x14f6e4010, C4<0>, C4<0>;
L_0x14f6e3f00 .functor AND 1, L_0x14f6e4230, L_0x14f6e4360, C4<1>, C4<1>;
L_0x14f6e4580 .functor AND 1, L_0x14f6e3f00, L_0x14f6e4440, C4<1>, C4<1>;
L_0x14f6e4740 .functor AND 1, L_0x14f6e4580, L_0x14f6e46a0, C4<1>, C4<1>;
L_0x14f6e4810 .functor OR 1, L_0x14f6e40c0, L_0x14f6e4740, C4<0>, C4<0>;
L_0x14f6e2e30 .functor AND 1, L_0x14f6e44e0, L_0x14f6e4b80, C4<1>, C4<1>;
L_0x14f6e4d20 .functor OR 1, L_0x14f6e49e0, L_0x14f6e2e30, C4<0>, C4<0>;
L_0x14f6e5030 .functor AND 1, L_0x14f6e4940, L_0x14f6e4ec0, C4<1>, C4<1>;
L_0x14f6e5160 .functor AND 1, L_0x14f6e5030, L_0x14f6e50c0, C4<1>, C4<1>;
L_0x14f6e5310 .functor OR 1, L_0x14f6e4d20, L_0x14f6e5160, C4<0>, C4<0>;
L_0x14f6e4f60 .functor AND 1, L_0x14f6e5380, L_0x14f6e5500, C4<1>, C4<1>;
L_0x14f6e5250 .functor AND 1, L_0x14f6e4f60, L_0x14f6e3dc0, C4<1>, C4<1>;
L_0x14f6e5960 .functor AND 1, L_0x14f6e5250, L_0x14f6e5420, C4<1>, C4<1>;
L_0x14f6e5b30 .functor OR 1, L_0x14f6e5310, L_0x14f6e5960, C4<0>, C4<0>;
L_0x14f6e5820 .functor AND 1, L_0x14f6e5ba0, L_0x14f6e5d40, C4<1>, C4<1>;
L_0x14f6e5a50 .functor AND 1, L_0x14f6e5820, L_0x14f6e5ed0, C4<1>, C4<1>;
L_0x14f6e6080 .functor AND 1, L_0x14f6e5a50, L_0x14f6e5c80, C4<1>, C4<1>;
L_0x14f6e5de0 .functor AND 1, L_0x14f6e6080, L_0x14f6e6270, C4<1>, C4<1>;
L_0x14f6e5f70 .functor OR 1, L_0x14f6e5b30, L_0x14f6e5de0, C4<0>, C4<0>;
L_0x14f6e6170 .functor XOR 4, L_0x14f6e2520, L_0x14f6e3640, C4<0000>, C4<0000>;
v0x14f664ef0_0 .net "G", 3 0, L_0x14f6e2590;  1 drivers
v0x14f664fb0_0 .net "P", 3 0, L_0x14f6e2520;  1 drivers
v0x14f665060_0 .net *"_ivl_102", 0 0, L_0x14f6e50c0;  1 drivers
v0x14f665120_0 .net *"_ivl_103", 0 0, L_0x14f6e5160;  1 drivers
v0x14f6651d0_0 .net *"_ivl_105", 0 0, L_0x14f6e5310;  1 drivers
v0x14f6652c0_0 .net *"_ivl_108", 0 0, L_0x14f6e5380;  1 drivers
v0x14f665370_0 .net *"_ivl_11", 0 0, L_0x14f6e2770;  1 drivers
v0x14f665420_0 .net *"_ivl_110", 0 0, L_0x14f6e5500;  1 drivers
v0x14f6654d0_0 .net *"_ivl_111", 0 0, L_0x14f6e4f60;  1 drivers
v0x14f6655e0_0 .net *"_ivl_114", 0 0, L_0x14f6e3dc0;  1 drivers
v0x14f665690_0 .net *"_ivl_115", 0 0, L_0x14f6e5250;  1 drivers
v0x14f665740_0 .net *"_ivl_118", 0 0, L_0x14f6e5420;  1 drivers
v0x14f6657f0_0 .net *"_ivl_119", 0 0, L_0x14f6e5960;  1 drivers
v0x14f6658a0_0 .net *"_ivl_121", 0 0, L_0x14f6e5b30;  1 drivers
v0x14f665950_0 .net *"_ivl_124", 0 0, L_0x14f6e5ba0;  1 drivers
v0x14f665a00_0 .net *"_ivl_126", 0 0, L_0x14f6e5d40;  1 drivers
v0x14f665ab0_0 .net *"_ivl_127", 0 0, L_0x14f6e5820;  1 drivers
v0x14f665c40_0 .net *"_ivl_13", 0 0, L_0x14f6e2850;  1 drivers
v0x14f665cd0_0 .net *"_ivl_130", 0 0, L_0x14f6e5ed0;  1 drivers
v0x14f665d80_0 .net *"_ivl_131", 0 0, L_0x14f6e5a50;  1 drivers
v0x14f665e30_0 .net *"_ivl_134", 0 0, L_0x14f6e5c80;  1 drivers
v0x14f665ee0_0 .net *"_ivl_135", 0 0, L_0x14f6e6080;  1 drivers
v0x14f665f90_0 .net *"_ivl_138", 0 0, L_0x14f6e6270;  1 drivers
v0x14f666040_0 .net *"_ivl_139", 0 0, L_0x14f6e5de0;  1 drivers
v0x14f6660f0_0 .net *"_ivl_15", 0 0, L_0x14f6e2930;  1 drivers
v0x14f6661a0_0 .net *"_ivl_16", 0 0, L_0x14f6e29f0;  1 drivers
v0x14f666250_0 .net *"_ivl_18", 0 0, L_0x14f6e2b00;  1 drivers
v0x14f666300_0 .net *"_ivl_23", 0 0, L_0x14f6e2c20;  1 drivers
v0x14f6663b0_0 .net *"_ivl_25", 0 0, L_0x14f6e2cc0;  1 drivers
v0x14f666460_0 .net *"_ivl_27", 0 0, L_0x14f6e2d90;  1 drivers
v0x14f666510_0 .net *"_ivl_28", 0 0, L_0x14f6e2eb0;  1 drivers
v0x14f6665c0_0 .net *"_ivl_30", 0 0, L_0x14f6e2f80;  1 drivers
v0x14f666670_0 .net *"_ivl_33", 0 0, L_0x14f6e30b0;  1 drivers
v0x14f665b60_0 .net *"_ivl_35", 0 0, L_0x14f6e31d0;  1 drivers
v0x14f666900_0 .net *"_ivl_36", 0 0, L_0x14f6e3270;  1 drivers
v0x14f666990_0 .net *"_ivl_39", 0 0, L_0x14f6e3360;  1 drivers
v0x14f666a30_0 .net *"_ivl_40", 0 0, L_0x14f6e3490;  1 drivers
v0x14f666ae0_0 .net *"_ivl_42", 0 0, L_0x14f6e3590;  1 drivers
v0x14f666b90_0 .net *"_ivl_48", 0 0, L_0x14f6e37d0;  1 drivers
v0x14f666c40_0 .net *"_ivl_50", 0 0, L_0x14f6e38d0;  1 drivers
v0x14f666cf0_0 .net *"_ivl_52", 0 0, L_0x14f6e3970;  1 drivers
v0x14f666da0_0 .net *"_ivl_53", 0 0, L_0x14f6e3a80;  1 drivers
v0x14f666e50_0 .net *"_ivl_55", 0 0, L_0x14f6e3b90;  1 drivers
v0x14f666f00_0 .net *"_ivl_58", 0 0, L_0x14f6e3c40;  1 drivers
v0x14f666fb0_0 .net *"_ivl_60", 0 0, L_0x14f6e3ce0;  1 drivers
v0x14f667060_0 .net *"_ivl_61", 0 0, L_0x14f6e3a10;  1 drivers
v0x14f667110_0 .net *"_ivl_64", 0 0, L_0x14f6e3f70;  1 drivers
v0x14f6671c0_0 .net *"_ivl_65", 0 0, L_0x14f6e4010;  1 drivers
v0x14f667270_0 .net *"_ivl_67", 0 0, L_0x14f6e40c0;  1 drivers
v0x14f667320_0 .net *"_ivl_7", 0 0, L_0x14f6e2680;  1 drivers
v0x14f6673d0_0 .net *"_ivl_70", 0 0, L_0x14f6e4230;  1 drivers
v0x14f667480_0 .net *"_ivl_72", 0 0, L_0x14f6e4360;  1 drivers
v0x14f667530_0 .net *"_ivl_73", 0 0, L_0x14f6e3f00;  1 drivers
v0x14f6675e0_0 .net *"_ivl_76", 0 0, L_0x14f6e4440;  1 drivers
v0x14f667690_0 .net *"_ivl_77", 0 0, L_0x14f6e4580;  1 drivers
v0x14f667740_0 .net *"_ivl_80", 0 0, L_0x14f6e46a0;  1 drivers
v0x14f6677f0_0 .net *"_ivl_81", 0 0, L_0x14f6e4740;  1 drivers
v0x14f6678a0_0 .net *"_ivl_83", 0 0, L_0x14f6e4810;  1 drivers
v0x14f667950_0 .net *"_ivl_86", 0 0, L_0x14f6e49e0;  1 drivers
v0x14f667a00_0 .net *"_ivl_88", 0 0, L_0x14f6e44e0;  1 drivers
v0x14f667ab0_0 .net *"_ivl_90", 0 0, L_0x14f6e4b80;  1 drivers
v0x14f667b60_0 .net *"_ivl_91", 0 0, L_0x14f6e2e30;  1 drivers
v0x14f667c10_0 .net *"_ivl_93", 0 0, L_0x14f6e4d20;  1 drivers
v0x14f667cc0_0 .net *"_ivl_96", 0 0, L_0x14f6e4940;  1 drivers
v0x14f667d70_0 .net *"_ivl_98", 0 0, L_0x14f6e4ec0;  1 drivers
v0x14f666720_0 .net *"_ivl_99", 0 0, L_0x14f6e5030;  1 drivers
v0x14f6667d0_0 .net "a", 3 0, L_0x14f6e6540;  1 drivers
v0x14f667e00_0 .net "b", 3 0, L_0x14f6e65e0;  1 drivers
v0x14f667e90_0 .net "c", 3 0, L_0x14f6e3640;  1 drivers
v0x14f667f20_0 .net "cin", 0 0, L_0x14f6e1e10;  alias, 1 drivers
v0x14f667fb0_0 .net8 "cout", 0 0, RS_0x150057f90;  alias, 3 drivers
v0x14f668040_0 .net "sum", 3 0, L_0x14f6e6170;  1 drivers
L_0x14f6e2770 .part L_0x14f6e2590, 0, 1;
L_0x14f6e2850 .part L_0x14f6e2520, 0, 1;
L_0x14f6e2930 .part L_0x14f6e3640, 0, 1;
L_0x14f6e2c20 .part L_0x14f6e2590, 1, 1;
L_0x14f6e2cc0 .part L_0x14f6e2520, 1, 1;
L_0x14f6e2d90 .part L_0x14f6e2590, 0, 1;
L_0x14f6e30b0 .part L_0x14f6e2520, 1, 1;
L_0x14f6e31d0 .part L_0x14f6e2520, 0, 1;
L_0x14f6e3360 .part L_0x14f6e3640, 0, 1;
L_0x14f6e3640 .concat8 [ 1 1 1 1], L_0x14f6e2680, L_0x14f6e2b00, L_0x14f6e3590, L_0x14f6e4810;
L_0x14f6e37d0 .part L_0x14f6e2590, 2, 1;
L_0x14f6e38d0 .part L_0x14f6e2520, 2, 1;
L_0x14f6e3970 .part L_0x14f6e2590, 1, 1;
L_0x14f6e3c40 .part L_0x14f6e2520, 2, 1;
L_0x14f6e3ce0 .part L_0x14f6e2520, 1, 1;
L_0x14f6e3f70 .part L_0x14f6e2590, 0, 1;
L_0x14f6e4230 .part L_0x14f6e2520, 2, 1;
L_0x14f6e4360 .part L_0x14f6e2520, 1, 1;
L_0x14f6e4440 .part L_0x14f6e2520, 0, 1;
L_0x14f6e46a0 .part L_0x14f6e3640, 0, 1;
L_0x14f6e49e0 .part L_0x14f6e2590, 3, 1;
L_0x14f6e44e0 .part L_0x14f6e2520, 3, 1;
L_0x14f6e4b80 .part L_0x14f6e2590, 2, 1;
L_0x14f6e4940 .part L_0x14f6e2520, 3, 1;
L_0x14f6e4ec0 .part L_0x14f6e2520, 2, 1;
L_0x14f6e50c0 .part L_0x14f6e2590, 1, 1;
L_0x14f6e5380 .part L_0x14f6e2520, 3, 1;
L_0x14f6e5500 .part L_0x14f6e2520, 2, 1;
L_0x14f6e3dc0 .part L_0x14f6e2520, 1, 1;
L_0x14f6e5420 .part L_0x14f6e2590, 0, 1;
L_0x14f6e5ba0 .part L_0x14f6e2520, 3, 1;
L_0x14f6e5d40 .part L_0x14f6e2520, 2, 1;
L_0x14f6e5ed0 .part L_0x14f6e2520, 1, 1;
L_0x14f6e5c80 .part L_0x14f6e2520, 0, 1;
L_0x14f6e6270 .part L_0x14f6e3640, 0, 1;
S_0x14f668b90 .scope module, "ROL" "rol" 5 90, 14 1 0, S_0x14f62e620;
 .timescale -9 -11;
    .port_info 0 /INPUT 32 "a";
    .port_info 1 /INPUT 32 "b";
    .port_info 2 /OUTPUT 32 "data_out";
P_0x14f64bb10 .param/l "DATA_WIDTH" 0 14 1, +C4<00000000000000000000000000100000>;
L_0x158d0d360 .functor OR 32, L_0x158d0cf10, L_0x158d0d250, C4<00000000000000000000000000000000>, C4<00000000000000000000000000000000>;
v0x14f668ee0_0 .net *"_ivl_10", 31 0, L_0x158d0d110;  1 drivers
v0x14f668f90_0 .net *"_ivl_12", 31 0, L_0x158d0d250;  1 drivers
v0x14f669030_0 .net *"_ivl_2", 31 0, L_0x158d0cf10;  1 drivers
L_0x150088250 .functor BUFT 1, C4<00000000000000000000000000100000>, C4<0>, C4<0>, C4<0>;
v0x14f6690c0_0 .net/2u *"_ivl_4", 31 0, L_0x150088250;  1 drivers
v0x14f669150_0 .net *"_ivl_6", 31 0, L_0x158d0d070;  1 drivers
L_0x150088298 .functor BUFT 1, C4<000000000000000000000000000>, C4<0>, C4<0>, C4<0>;
v0x14f669220_0 .net *"_ivl_9", 26 0, L_0x150088298;  1 drivers
v0x14f6692d0_0 .net "a", 31 0, v0x14f69c240_0;  alias, 1 drivers
v0x14f669370_0 .net "b", 31 0, v0x14f68ad80_0;  alias, 1 drivers
v0x14f669510_0 .net "count", 4 0, L_0x158d0ce70;  1 drivers
v0x14f6695a0_0 .net "data_out", 31 0, L_0x158d0d360;  alias, 1 drivers
L_0x158d0ce70 .part v0x14f68ad80_0, 0, 5;
L_0x158d0cf10 .shift/l 32, v0x14f69c240_0, L_0x158d0ce70;
L_0x158d0d070 .concat [ 5 27 0 0], L_0x158d0ce70, L_0x150088298;
L_0x158d0d110 .arith/sub 32, L_0x150088250, L_0x158d0d070;
L_0x158d0d250 .shift/r 32, v0x14f69c240_0, L_0x158d0d110;
S_0x14f6696a0 .scope module, "ROR" "ror" 5 84, 15 1 0, S_0x14f62e620;
 .timescale -9 -11;
    .port_info 0 /INPUT 32 "a";
    .port_info 1 /INPUT 32 "b";
    .port_info 2 /OUTPUT 32 "data_out";
P_0x14f6691e0 .param/l "DATA_WIDTH" 0 15 1, +C4<00000000000000000000000000100000>;
L_0x158d0cd40 .functor OR 32, L_0x158d0c930, L_0x158d0cc30, C4<00000000000000000000000000000000>, C4<00000000000000000000000000000000>;
v0x14f669990_0 .net *"_ivl_10", 31 0, L_0x158d0caf0;  1 drivers
v0x14f669a50_0 .net *"_ivl_12", 31 0, L_0x158d0cc30;  1 drivers
v0x14f669af0_0 .net *"_ivl_2", 31 0, L_0x158d0c930;  1 drivers
L_0x1500881c0 .functor BUFT 1, C4<00000000000000000000000000100000>, C4<0>, C4<0>, C4<0>;
v0x14f669b80_0 .net/2u *"_ivl_4", 31 0, L_0x1500881c0;  1 drivers
v0x14f669c10_0 .net *"_ivl_6", 31 0, L_0x158d0ca10;  1 drivers
L_0x150088208 .functor BUFT 1, C4<000000000000000000000000000>, C4<0>, C4<0>, C4<0>;
v0x14f669ce0_0 .net *"_ivl_9", 26 0, L_0x150088208;  1 drivers
v0x14f669d90_0 .net "a", 31 0, v0x14f69c240_0;  alias, 1 drivers
v0x14f669e30_0 .net "b", 31 0, v0x14f68ad80_0;  alias, 1 drivers
v0x14f669ed0_0 .net "count", 4 0, L_0x158d0c890;  1 drivers
v0x14f669fe0_0 .net "data_out", 31 0, L_0x158d0cd40;  alias, 1 drivers
L_0x158d0c890 .part v0x14f68ad80_0, 0, 5;
L_0x158d0c930 .shift/r 32, v0x14f69c240_0, L_0x158d0c890;
L_0x158d0ca10 .concat [ 5 27 0 0], L_0x158d0c890, L_0x150088208;
L_0x158d0caf0 .arith/sub 32, L_0x1500881c0, L_0x158d0ca10;
L_0x158d0cc30 .shift/l 32, v0x14f69c240_0, L_0x158d0caf0;
S_0x14f66a0e0 .scope module, "SHL" "shl" 5 78, 16 1 0, S_0x14f62e620;
 .timescale -9 -11;
    .port_info 0 /INPUT 32 "a";
    .port_info 1 /INPUT 32 "b";
    .port_info 2 /OUTPUT 32 "data_out";
P_0x14f669ca0 .param/l "DATA_WIDTH" 0 16 1, +C4<00000000000000000000000000100000>;
v0x14f66a3d0_0 .net "a", 31 0, v0x14f69c240_0;  alias, 1 drivers
v0x14f66a480_0 .net "b", 31 0, v0x14f68ad80_0;  alias, 1 drivers
v0x14f66a520_0 .net "count", 4 0, L_0x158d0c710;  1 drivers
v0x14f66a5b0_0 .net "data_out", 31 0, L_0x158d0c7b0;  alias, 1 drivers
L_0x158d0c710 .part v0x14f68ad80_0, 0, 5;
L_0x158d0c7b0 .shift/l 32, v0x14f69c240_0, L_0x158d0c710;
S_0x14f66a660 .scope module, "SHR" "shr" 5 66, 17 1 0, S_0x14f62e620;
 .timescale -9 -11;
    .port_info 0 /INPUT 32 "a";
    .port_info 1 /INPUT 32 "b";
    .port_info 2 /OUTPUT 32 "data_out";
P_0x14f66a820 .param/l "DATA_WIDTH" 0 17 1, +C4<00000000000000000000000000100000>;
v0x14f66a990_0 .net "a", 31 0, v0x14f69c240_0;  alias, 1 drivers
v0x14f66ab40_0 .net "b", 31 0, v0x14f68ad80_0;  alias, 1 drivers
v0x14f66abd0_0 .net "count", 4 0, L_0x158d0c390;  1 drivers
v0x14f66ac60_0 .net "data_out", 31 0, L_0x158d0c430;  alias, 1 drivers
L_0x158d0c390 .part v0x14f68ad80_0, 0, 5;
L_0x158d0c430 .shift/r 32, v0x14f69c240_0, L_0x158d0c390;
S_0x14f66acf0 .scope module, "SHRA" "shra" 5 72, 18 1 0, S_0x14f62e620;
 .timescale -9 -11;
    .port_info 0 /INPUT 32 "a";
    .port_info 1 /INPUT 32 "b";
    .port_info 2 /OUTPUT 32 "data_out";
P_0x14f66ae60 .param/l "DATA_WIDTH" 0 18 1, +C4<00000000000000000000000000100000>;
v0x14f66afd0_0 .net/s "a", 31 0, v0x14f69c240_0;  alias, 1 drivers
v0x14f66b080_0 .net "b", 31 0, v0x14f68ad80_0;  alias, 1 drivers
v0x14f66b120_0 .net "count", 4 0, L_0x158d0c550;  1 drivers
v0x14f66b1b0_0 .net "data_out", 31 0, L_0x158d0c5f0;  alias, 1 drivers
L_0x158d0c550 .part v0x14f68ad80_0, 0, 5;
L_0x158d0c5f0 .shift/rs 32, v0x14f69c240_0, L_0x158d0c550;
S_0x14f66b260 .scope module, "SUB" "subtract" 5 33, 19 1 0, S_0x14f62e620;
 .timescale -9 -11;
    .port_info 0 /INPUT 32 "a";
    .port_info 1 /INPUT 32 "b";
    .port_info 2 /INPUT 1 "cin";
    .port_info 3 /OUTPUT 32 "sum";
    .port_info 4 /OUTPUT 1 "cout";
P_0x14f66b420 .param/l "DATA_WIDTH" 0 19 1, +C4<00000000000000000000000000100000>;
L_0x14f6e6c00 .functor NOT 32, v0x14f68ad80_0, C4<00000000000000000000000000000000>, C4<00000000000000000000000000000000>, C4<00000000000000000000000000000000>;
v0x14f687110_0 .net *"_ivl_0", 31 0, L_0x14f6e6c00;  1 drivers
L_0x150088130 .functor BUFT 1, C4<00000000000000000000000000000001>, C4<0>, C4<0>, C4<0>;
v0x14f6871b0_0 .net/2u *"_ivl_2", 31 0, L_0x150088130;  1 drivers
v0x14f687250_0 .net "a", 31 0, v0x14f69c240_0;  alias, 1 drivers
v0x14f6872e0_0 .net "b", 31 0, v0x14f68ad80_0;  alias, 1 drivers
L_0x150088178 .functor BUFT 1, C4<0>, C4<0>, C4<0>, C4<0>;
v0x14f687380_0 .net "cin", 0 0, L_0x150088178;  1 drivers
v0x14f687450_0 .net8 "cout", 0 0, RS_0x150057f90;  alias, 3 drivers
v0x14f6874e0_0 .net "negative_b", 31 0, L_0x14f6e6c70;  1 drivers
v0x14f687580_0 .net "sum", 31 0, L_0x158d0c160;  alias, 1 drivers
L_0x14f6e6c70 .arith/sum 32, L_0x14f6e6c00, L_0x150088130;
S_0x14f66b550 .scope module, "n1" "collective_add" 19 12, 6 22 0, S_0x14f66b260;
 .timescale -9 -11;
    .port_info 0 /INPUT 32 "d1";
    .port_info 1 /INPUT 32 "d2";
    .port_info 2 /INPUT 1 "cin";
    .port_info 3 /OUTPUT 32 "sum";
    .port_info 4 /OUTPUT 1 "cout";
P_0x14f66b720 .param/l "DATA_WIDTH" 0 6 22, +C4<00000000000000000000000000100000>;
v0x14f686bf0_0 .net "c1", 0 0, L_0x14f6f6c80;  1 drivers
v0x14f686d00_0 .net "cin", 0 0, L_0x150088178;  alias, 1 drivers
v0x14f686d90_0 .net8 "cout", 0 0, RS_0x150057f90;  alias, 3 drivers
v0x14f686f20_0 .net "d1", 31 0, v0x14f69c240_0;  alias, 1 drivers
v0x14f686fb0_0 .net "d2", 31 0, L_0x14f6e6c70;  alias, 1 drivers
v0x14f687080_0 .net "sum", 31 0, L_0x158d0c160;  alias, 1 drivers
L_0x14f6f75c0 .part v0x14f69c240_0, 0, 16;
L_0x14f6f7660 .part L_0x14f6e6c70, 0, 16;
L_0x158d0bfa0 .part v0x14f69c240_0, 16, 16;
L_0x158d0c040 .part L_0x14f6e6c70, 16, 16;
L_0x158d0c160 .concat8 [ 16 16 0 0], L_0x14f6f7410, L_0x158d0bdf0;
S_0x14f66b870 .scope module, "n1" "cla16" 6 32, 6 4 0, S_0x14f66b550;
 .timescale -9 -11;
    .port_info 0 /INPUT 16 "d1";
    .port_info 1 /INPUT 16 "d2";
    .port_info 2 /INPUT 1 "cin";
    .port_info 3 /OUTPUT 16 "sum";
    .port_info 4 /OUTPUT 1 "cout";
P_0x14f66ba40 .param/l "DATA_WIDTH" 0 6 4, +C4<00000000000000000000000000100000>;
v0x14f678c60_0 .net "c1", 0 0, L_0x14f6ea7b0;  1 drivers
v0x14f678d40_0 .net "c2", 0 0, L_0x14f6ee940;  1 drivers
v0x14f678e10_0 .net "c3", 0 0, L_0x14f6f2b00;  1 drivers
v0x14f678ee0_0 .net "cin", 0 0, L_0x150088178;  alias, 1 drivers
v0x14f678f70_0 .net "cout", 0 0, L_0x14f6f6c80;  alias, 1 drivers
v0x14f679040_0 .net "d1", 15 0, L_0x14f6f75c0;  1 drivers
v0x14f6790d0_0 .net "d2", 15 0, L_0x14f6f7660;  1 drivers
v0x14f679160_0 .net "sum", 15 0, L_0x14f6f7410;  1 drivers
L_0x14f6ead80 .part L_0x14f6f75c0, 0, 4;
L_0x14f6eae20 .part L_0x14f6f7660, 0, 4;
L_0x14f6eef10 .part L_0x14f6f75c0, 4, 4;
L_0x14f6eefb0 .part L_0x14f6f7660, 4, 4;
L_0x14f6f30d0 .part L_0x14f6f75c0, 8, 4;
L_0x14f6f3170 .part L_0x14f6f7660, 8, 4;
L_0x14f6f7250 .part L_0x14f6f75c0, 12, 4;
L_0x14f6f72f0 .part L_0x14f6f7660, 12, 4;
L_0x14f6f7410 .concat8 [ 4 4 4 4], L_0x14f6ea9b0, L_0x14f6eeb40, L_0x14f6f2d00, L_0x14f6f6e80;
S_0x14f66bb90 .scope module, "n1" "cla_4" 6 14, 7 3 0, S_0x14f66b870;
 .timescale -9 -11;
    .port_info 0 /INPUT 4 "a";
    .port_info 1 /INPUT 4 "b";
    .port_info 2 /INPUT 1 "cin";
    .port_info 3 /OUTPUT 4 "sum";
    .port_info 4 /OUTPUT 1 "cout";
L_0x14f6e6df0 .functor XOR 4, L_0x14f6ead80, L_0x14f6eae20, C4<0000>, C4<0000>;
L_0x14f6e6e60 .functor AND 4, L_0x14f6ead80, L_0x14f6eae20, C4<1111>, C4<1111>;
L_0x14f6e6f50 .functor BUFZ 1, L_0x150088178, C4<0>, C4<0>, C4<0>;
L_0x14f6e7260 .functor AND 1, L_0x14f6e70e0, L_0x14f6e71c0, C4<1>, C4<1>;
L_0x14f6e7350 .functor OR 1, L_0x14f6e7040, L_0x14f6e7260, C4<0>, C4<0>;
L_0x14f6e76d0 .functor AND 1, L_0x14f6e7510, L_0x14f6e75b0, C4<1>, C4<1>;
L_0x14f6e77c0 .functor OR 1, L_0x14f6e7470, L_0x14f6e76d0, C4<0>, C4<0>;
L_0x14f6e7ab0 .functor AND 1, L_0x14f6e78f0, L_0x14f6e7a10, C4<1>, C4<1>;
L_0x14f6e7cd0 .functor AND 1, L_0x14f6e7ab0, L_0x14f6e7ba0, C4<1>, C4<1>;
L_0x14f6e7dd0 .functor OR 1, L_0x14f6e77c0, L_0x14f6e7cd0, C4<0>, C4<0>;
L_0x14f6e82c0 .functor AND 1, L_0x14f6e8110, L_0x14f6e81b0, C4<1>, C4<1>;
L_0x14f6e83d0 .functor OR 1, L_0x14f6e8010, L_0x14f6e82c0, C4<0>, C4<0>;
L_0x14f6e8250 .functor AND 1, L_0x14f6e8480, L_0x14f6e8520, C4<1>, C4<1>;
L_0x14f6e8850 .functor AND 1, L_0x14f6e8250, L_0x14f6e87b0, C4<1>, C4<1>;
L_0x14f6e8900 .functor OR 1, L_0x14f6e83d0, L_0x14f6e8850, C4<0>, C4<0>;
L_0x14f6e8740 .functor AND 1, L_0x14f6e8a70, L_0x14f6e8ba0, C4<1>, C4<1>;
L_0x14f6e8dc0 .functor AND 1, L_0x14f6e8740, L_0x14f6e8c80, C4<1>, C4<1>;
L_0x14f6e8f80 .functor AND 1, L_0x14f6e8dc0, L_0x14f6e8ee0, C4<1>, C4<1>;
L_0x14f6e9050 .functor OR 1, L_0x14f6e8900, L_0x14f6e8f80, C4<0>, C4<0>;
L_0x14f6e7650 .functor AND 1, L_0x14f6e8d20, L_0x14f6e93c0, C4<1>, C4<1>;
L_0x14f6e9560 .functor OR 1, L_0x14f6e9220, L_0x14f6e7650, C4<0>, C4<0>;
L_0x14f6e9870 .functor AND 1, L_0x14f6e9180, L_0x14f6e9700, C4<1>, C4<1>;
L_0x14f6e99a0 .functor AND 1, L_0x14f6e9870, L_0x14f6e9900, C4<1>, C4<1>;
L_0x14f6e9b50 .functor OR 1, L_0x14f6e9560, L_0x14f6e99a0, C4<0>, C4<0>;
L_0x14f6e97a0 .functor AND 1, L_0x14f6e9bc0, L_0x14f6e9d40, C4<1>, C4<1>;
L_0x14f6e9a90 .functor AND 1, L_0x14f6e97a0, L_0x14f6e8600, C4<1>, C4<1>;
L_0x14f6ea1a0 .functor AND 1, L_0x14f6e9a90, L_0x14f6e9c60, C4<1>, C4<1>;
L_0x14f6ea370 .functor OR 1, L_0x14f6e9b50, L_0x14f6ea1a0, C4<0>, C4<0>;
L_0x14f6ea060 .functor AND 1, L_0x14f6ea3e0, L_0x14f6ea580, C4<1>, C4<1>;
L_0x14f6ea290 .functor AND 1, L_0x14f6ea060, L_0x14f6ea710, C4<1>, C4<1>;
L_0x14f6ea8c0 .functor AND 1, L_0x14f6ea290, L_0x14f6ea4c0, C4<1>, C4<1>;
L_0x14f6ea620 .functor AND 1, L_0x14f6ea8c0, L_0x14f6eaab0, C4<1>, C4<1>;
L_0x14f6ea7b0 .functor OR 1, L_0x14f6ea370, L_0x14f6ea620, C4<0>, C4<0>;
L_0x14f6ea9b0 .functor XOR 4, L_0x14f6e6df0, L_0x14f6e7e80, C4<0000>, C4<0000>;
v0x14f66be10_0 .net "G", 3 0, L_0x14f6e6e60;  1 drivers
v0x14f66bed0_0 .net "P", 3 0, L_0x14f6e6df0;  1 drivers
v0x14f66bf80_0 .net *"_ivl_102", 0 0, L_0x14f6e9900;  1 drivers
v0x14f66c040_0 .net *"_ivl_103", 0 0, L_0x14f6e99a0;  1 drivers
v0x14f66c0f0_0 .net *"_ivl_105", 0 0, L_0x14f6e9b50;  1 drivers
v0x14f66c1e0_0 .net *"_ivl_108", 0 0, L_0x14f6e9bc0;  1 drivers
v0x14f66c290_0 .net *"_ivl_11", 0 0, L_0x14f6e7040;  1 drivers
v0x14f66c340_0 .net *"_ivl_110", 0 0, L_0x14f6e9d40;  1 drivers
v0x14f66c3f0_0 .net *"_ivl_111", 0 0, L_0x14f6e97a0;  1 drivers
v0x14f66c500_0 .net *"_ivl_114", 0 0, L_0x14f6e8600;  1 drivers
v0x14f66c5b0_0 .net *"_ivl_115", 0 0, L_0x14f6e9a90;  1 drivers
v0x14f66c660_0 .net *"_ivl_118", 0 0, L_0x14f6e9c60;  1 drivers
v0x14f66c710_0 .net *"_ivl_119", 0 0, L_0x14f6ea1a0;  1 drivers
v0x14f66c7c0_0 .net *"_ivl_121", 0 0, L_0x14f6ea370;  1 drivers
v0x14f66c870_0 .net *"_ivl_124", 0 0, L_0x14f6ea3e0;  1 drivers
v0x14f66c920_0 .net *"_ivl_126", 0 0, L_0x14f6ea580;  1 drivers
v0x14f66c9d0_0 .net *"_ivl_127", 0 0, L_0x14f6ea060;  1 drivers
v0x14f66cb60_0 .net *"_ivl_13", 0 0, L_0x14f6e70e0;  1 drivers
v0x14f66cbf0_0 .net *"_ivl_130", 0 0, L_0x14f6ea710;  1 drivers
v0x14f66cca0_0 .net *"_ivl_131", 0 0, L_0x14f6ea290;  1 drivers
v0x14f66cd50_0 .net *"_ivl_134", 0 0, L_0x14f6ea4c0;  1 drivers
v0x14f66ce00_0 .net *"_ivl_135", 0 0, L_0x14f6ea8c0;  1 drivers
v0x14f66ceb0_0 .net *"_ivl_138", 0 0, L_0x14f6eaab0;  1 drivers
v0x14f66cf60_0 .net *"_ivl_139", 0 0, L_0x14f6ea620;  1 drivers
v0x14f66d010_0 .net *"_ivl_15", 0 0, L_0x14f6e71c0;  1 drivers
v0x14f66d0c0_0 .net *"_ivl_16", 0 0, L_0x14f6e7260;  1 drivers
v0x14f66d170_0 .net *"_ivl_18", 0 0, L_0x14f6e7350;  1 drivers
v0x14f66d220_0 .net *"_ivl_23", 0 0, L_0x14f6e7470;  1 drivers
v0x14f66d2d0_0 .net *"_ivl_25", 0 0, L_0x14f6e7510;  1 drivers
v0x14f66d380_0 .net *"_ivl_27", 0 0, L_0x14f6e75b0;  1 drivers
v0x14f66d430_0 .net *"_ivl_28", 0 0, L_0x14f6e76d0;  1 drivers
v0x14f66d4e0_0 .net *"_ivl_30", 0 0, L_0x14f6e77c0;  1 drivers
v0x14f66d590_0 .net *"_ivl_33", 0 0, L_0x14f6e78f0;  1 drivers
v0x14f66ca80_0 .net *"_ivl_35", 0 0, L_0x14f6e7a10;  1 drivers
v0x14f66d820_0 .net *"_ivl_36", 0 0, L_0x14f6e7ab0;  1 drivers
v0x14f66d8b0_0 .net *"_ivl_39", 0 0, L_0x14f6e7ba0;  1 drivers
v0x14f66d950_0 .net *"_ivl_40", 0 0, L_0x14f6e7cd0;  1 drivers
v0x14f66da00_0 .net *"_ivl_42", 0 0, L_0x14f6e7dd0;  1 drivers
v0x14f66dab0_0 .net *"_ivl_48", 0 0, L_0x14f6e8010;  1 drivers
v0x14f66db60_0 .net *"_ivl_50", 0 0, L_0x14f6e8110;  1 drivers
v0x14f66dc10_0 .net *"_ivl_52", 0 0, L_0x14f6e81b0;  1 drivers
v0x14f66dcc0_0 .net *"_ivl_53", 0 0, L_0x14f6e82c0;  1 drivers
v0x14f66dd70_0 .net *"_ivl_55", 0 0, L_0x14f6e83d0;  1 drivers
v0x14f66de20_0 .net *"_ivl_58", 0 0, L_0x14f6e8480;  1 drivers
v0x14f66ded0_0 .net *"_ivl_60", 0 0, L_0x14f6e8520;  1 drivers
v0x14f66df80_0 .net *"_ivl_61", 0 0, L_0x14f6e8250;  1 drivers
v0x14f66e030_0 .net *"_ivl_64", 0 0, L_0x14f6e87b0;  1 drivers
v0x14f66e0e0_0 .net *"_ivl_65", 0 0, L_0x14f6e8850;  1 drivers
v0x14f66e190_0 .net *"_ivl_67", 0 0, L_0x14f6e8900;  1 drivers
v0x14f66e240_0 .net *"_ivl_7", 0 0, L_0x14f6e6f50;  1 drivers
v0x14f66e2f0_0 .net *"_ivl_70", 0 0, L_0x14f6e8a70;  1 drivers
v0x14f66e3a0_0 .net *"_ivl_72", 0 0, L_0x14f6e8ba0;  1 drivers
v0x14f66e450_0 .net *"_ivl_73", 0 0, L_0x14f6e8740;  1 drivers
v0x14f66e500_0 .net *"_ivl_76", 0 0, L_0x14f6e8c80;  1 drivers
v0x14f66e5b0_0 .net *"_ivl_77", 0 0, L_0x14f6e8dc0;  1 drivers
v0x14f66e660_0 .net *"_ivl_80", 0 0, L_0x14f6e8ee0;  1 drivers
v0x14f66e710_0 .net *"_ivl_81", 0 0, L_0x14f6e8f80;  1 drivers
v0x14f66e7c0_0 .net *"_ivl_83", 0 0, L_0x14f6e9050;  1 drivers
v0x14f66e870_0 .net *"_ivl_86", 0 0, L_0x14f6e9220;  1 drivers
v0x14f66e920_0 .net *"_ivl_88", 0 0, L_0x14f6e8d20;  1 drivers
v0x14f66e9d0_0 .net *"_ivl_90", 0 0, L_0x14f6e93c0;  1 drivers
v0x14f66ea80_0 .net *"_ivl_91", 0 0, L_0x14f6e7650;  1 drivers
v0x14f66eb30_0 .net *"_ivl_93", 0 0, L_0x14f6e9560;  1 drivers
v0x14f66ebe0_0 .net *"_ivl_96", 0 0, L_0x14f6e9180;  1 drivers
v0x14f66ec90_0 .net *"_ivl_98", 0 0, L_0x14f6e9700;  1 drivers
v0x14f66d640_0 .net *"_ivl_99", 0 0, L_0x14f6e9870;  1 drivers
v0x14f66d6f0_0 .net "a", 3 0, L_0x14f6ead80;  1 drivers
v0x14f66ed20_0 .net "b", 3 0, L_0x14f6eae20;  1 drivers
v0x14f66edb0_0 .net "c", 3 0, L_0x14f6e7e80;  1 drivers
v0x14f66ee40_0 .net "cin", 0 0, L_0x150088178;  alias, 1 drivers
v0x14f66eed0_0 .net "cout", 0 0, L_0x14f6ea7b0;  alias, 1 drivers
v0x14f66ef60_0 .net "sum", 3 0, L_0x14f6ea9b0;  1 drivers
L_0x14f6e7040 .part L_0x14f6e6e60, 0, 1;
L_0x14f6e70e0 .part L_0x14f6e6df0, 0, 1;
L_0x14f6e71c0 .part L_0x14f6e7e80, 0, 1;
L_0x14f6e7470 .part L_0x14f6e6e60, 1, 1;
L_0x14f6e7510 .part L_0x14f6e6df0, 1, 1;
L_0x14f6e75b0 .part L_0x14f6e6e60, 0, 1;
L_0x14f6e78f0 .part L_0x14f6e6df0, 1, 1;
L_0x14f6e7a10 .part L_0x14f6e6df0, 0, 1;
L_0x14f6e7ba0 .part L_0x14f6e7e80, 0, 1;
L_0x14f6e7e80 .concat8 [ 1 1 1 1], L_0x14f6e6f50, L_0x14f6e7350, L_0x14f6e7dd0, L_0x14f6e9050;
L_0x14f6e8010 .part L_0x14f6e6e60, 2, 1;
L_0x14f6e8110 .part L_0x14f6e6df0, 2, 1;
L_0x14f6e81b0 .part L_0x14f6e6e60, 1, 1;
L_0x14f6e8480 .part L_0x14f6e6df0, 2, 1;
L_0x14f6e8520 .part L_0x14f6e6df0, 1, 1;
L_0x14f6e87b0 .part L_0x14f6e6e60, 0, 1;
L_0x14f6e8a70 .part L_0x14f6e6df0, 2, 1;
L_0x14f6e8ba0 .part L_0x14f6e6df0, 1, 1;
L_0x14f6e8c80 .part L_0x14f6e6df0, 0, 1;
L_0x14f6e8ee0 .part L_0x14f6e7e80, 0, 1;
L_0x14f6e9220 .part L_0x14f6e6e60, 3, 1;
L_0x14f6e8d20 .part L_0x14f6e6df0, 3, 1;
L_0x14f6e93c0 .part L_0x14f6e6e60, 2, 1;
L_0x14f6e9180 .part L_0x14f6e6df0, 3, 1;
L_0x14f6e9700 .part L_0x14f6e6df0, 2, 1;
L_0x14f6e9900 .part L_0x14f6e6e60, 1, 1;
L_0x14f6e9bc0 .part L_0x14f6e6df0, 3, 1;
L_0x14f6e9d40 .part L_0x14f6e6df0, 2, 1;
L_0x14f6e8600 .part L_0x14f6e6df0, 1, 1;
L_0x14f6e9c60 .part L_0x14f6e6e60, 0, 1;
L_0x14f6ea3e0 .part L_0x14f6e6df0, 3, 1;
L_0x14f6ea580 .part L_0x14f6e6df0, 2, 1;
L_0x14f6ea710 .part L_0x14f6e6df0, 1, 1;
L_0x14f6ea4c0 .part L_0x14f6e6df0, 0, 1;
L_0x14f6eaab0 .part L_0x14f6e7e80, 0, 1;
S_0x14f66f070 .scope module, "n2" "cla_4" 6 15, 7 3 0, S_0x14f66b870;
 .timescale -9 -11;
    .port_info 0 /INPUT 4 "a";
    .port_info 1 /INPUT 4 "b";
    .port_info 2 /INPUT 1 "cin";
    .port_info 3 /OUTPUT 4 "sum";
    .port_info 4 /OUTPUT 1 "cout";
L_0x14f6eaa20 .functor XOR 4, L_0x14f6eef10, L_0x14f6eefb0, C4<0000>, C4<0000>;
L_0x14f6eaf20 .functor AND 4, L_0x14f6eef10, L_0x14f6eefb0, C4<1111>, C4<1111>;
L_0x14f6eb050 .functor BUFZ 1, L_0x14f6ea7b0, C4<0>, C4<0>, C4<0>;
L_0x14f6eb3c0 .functor AND 1, L_0x14f6eb220, L_0x14f6eb300, C4<1>, C4<1>;
L_0x14f6eb4d0 .functor OR 1, L_0x14f6eb140, L_0x14f6eb3c0, C4<0>, C4<0>;
L_0x14f6eb880 .functor AND 1, L_0x14f6eb690, L_0x14f6eb760, C4<1>, C4<1>;
L_0x14f6eb950 .functor OR 1, L_0x14f6eb5f0, L_0x14f6eb880, C4<0>, C4<0>;
L_0x14f6ebc40 .functor AND 1, L_0x14f6eba80, L_0x14f6ebba0, C4<1>, C4<1>;
L_0x14f6ebe60 .functor AND 1, L_0x14f6ebc40, L_0x14f6ebd30, C4<1>, C4<1>;
L_0x14f6ebf60 .functor OR 1, L_0x14f6eb950, L_0x14f6ebe60, C4<0>, C4<0>;
L_0x14f6ec450 .functor AND 1, L_0x14f6ec2a0, L_0x14f6ec340, C4<1>, C4<1>;
L_0x14f6ec560 .functor OR 1, L_0x14f6ec1a0, L_0x14f6ec450, C4<0>, C4<0>;
L_0x14f6ec3e0 .functor AND 1, L_0x14f6ec610, L_0x14f6ec6b0, C4<1>, C4<1>;
L_0x14f6ec9e0 .functor AND 1, L_0x14f6ec3e0, L_0x14f6ec940, C4<1>, C4<1>;
L_0x14f6eca90 .functor OR 1, L_0x14f6ec560, L_0x14f6ec9e0, C4<0>, C4<0>;
L_0x14f6ec8d0 .functor AND 1, L_0x14f6ecc00, L_0x14f6ecd30, C4<1>, C4<1>;
L_0x14f6ecf50 .functor AND 1, L_0x14f6ec8d0, L_0x14f6ece10, C4<1>, C4<1>;
L_0x14f6ed110 .functor AND 1, L_0x14f6ecf50, L_0x14f6ed070, C4<1>, C4<1>;
L_0x14f6ed1e0 .functor OR 1, L_0x14f6eca90, L_0x14f6ed110, C4<0>, C4<0>;
L_0x14f6eb800 .functor AND 1, L_0x14f6eceb0, L_0x14f6ed550, C4<1>, C4<1>;
L_0x14f6ed6f0 .functor OR 1, L_0x14f6ed3b0, L_0x14f6eb800, C4<0>, C4<0>;
L_0x14f6eda00 .functor AND 1, L_0x14f6ed310, L_0x14f6ed890, C4<1>, C4<1>;
L_0x14f6edb30 .functor AND 1, L_0x14f6eda00, L_0x14f6eda90, C4<1>, C4<1>;
L_0x14f6edce0 .functor OR 1, L_0x14f6ed6f0, L_0x14f6edb30, C4<0>, C4<0>;
L_0x14f6ed930 .functor AND 1, L_0x14f6edd50, L_0x14f6eded0, C4<1>, C4<1>;
L_0x14f6edc20 .functor AND 1, L_0x14f6ed930, L_0x14f6ec790, C4<1>, C4<1>;
L_0x14f6ee330 .functor AND 1, L_0x14f6edc20, L_0x14f6eddf0, C4<1>, C4<1>;
L_0x14f6ee500 .functor OR 1, L_0x14f6edce0, L_0x14f6ee330, C4<0>, C4<0>;
L_0x14f6ee1f0 .functor AND 1, L_0x14f6ee570, L_0x14f6ee710, C4<1>, C4<1>;
L_0x14f6ee420 .functor AND 1, L_0x14f6ee1f0, L_0x14f6ee8a0, C4<1>, C4<1>;
L_0x14f6eea50 .functor AND 1, L_0x14f6ee420, L_0x14f6ee650, C4<1>, C4<1>;
L_0x14f6ee7b0 .functor AND 1, L_0x14f6eea50, L_0x14f6eec40, C4<1>, C4<1>;
L_0x14f6ee940 .functor OR 1, L_0x14f6ee500, L_0x14f6ee7b0, C4<0>, C4<0>;
L_0x14f6eeb40 .functor XOR 4, L_0x14f6eaa20, L_0x14f6ec010, C4<0000>, C4<0000>;
v0x14f66f260_0 .net "G", 3 0, L_0x14f6eaf20;  1 drivers
v0x14f66f2f0_0 .net "P", 3 0, L_0x14f6eaa20;  1 drivers
v0x14f66f3a0_0 .net *"_ivl_102", 0 0, L_0x14f6eda90;  1 drivers
v0x14f66f460_0 .net *"_ivl_103", 0 0, L_0x14f6edb30;  1 drivers
v0x14f66f510_0 .net *"_ivl_105", 0 0, L_0x14f6edce0;  1 drivers
v0x14f66f600_0 .net *"_ivl_108", 0 0, L_0x14f6edd50;  1 drivers
v0x14f66f6b0_0 .net *"_ivl_11", 0 0, L_0x14f6eb140;  1 drivers
v0x14f66f760_0 .net *"_ivl_110", 0 0, L_0x14f6eded0;  1 drivers
v0x14f66f810_0 .net *"_ivl_111", 0 0, L_0x14f6ed930;  1 drivers
v0x14f66f920_0 .net *"_ivl_114", 0 0, L_0x14f6ec790;  1 drivers
v0x14f66f9d0_0 .net *"_ivl_115", 0 0, L_0x14f6edc20;  1 drivers
v0x14f66fa80_0 .net *"_ivl_118", 0 0, L_0x14f6eddf0;  1 drivers
v0x14f66fb30_0 .net *"_ivl_119", 0 0, L_0x14f6ee330;  1 drivers
v0x14f66fbe0_0 .net *"_ivl_121", 0 0, L_0x14f6ee500;  1 drivers
v0x14f66fc90_0 .net *"_ivl_124", 0 0, L_0x14f6ee570;  1 drivers
v0x14f66fd40_0 .net *"_ivl_126", 0 0, L_0x14f6ee710;  1 drivers
v0x14f66fdf0_0 .net *"_ivl_127", 0 0, L_0x14f6ee1f0;  1 drivers
v0x14f66ff80_0 .net *"_ivl_13", 0 0, L_0x14f6eb220;  1 drivers
v0x14f670010_0 .net *"_ivl_130", 0 0, L_0x14f6ee8a0;  1 drivers
v0x14f6700c0_0 .net *"_ivl_131", 0 0, L_0x14f6ee420;  1 drivers
v0x14f670170_0 .net *"_ivl_134", 0 0, L_0x14f6ee650;  1 drivers
v0x14f670220_0 .net *"_ivl_135", 0 0, L_0x14f6eea50;  1 drivers
v0x14f6702d0_0 .net *"_ivl_138", 0 0, L_0x14f6eec40;  1 drivers
v0x14f670380_0 .net *"_ivl_139", 0 0, L_0x14f6ee7b0;  1 drivers
v0x14f670430_0 .net *"_ivl_15", 0 0, L_0x14f6eb300;  1 drivers
v0x14f6704e0_0 .net *"_ivl_16", 0 0, L_0x14f6eb3c0;  1 drivers
v0x14f670590_0 .net *"_ivl_18", 0 0, L_0x14f6eb4d0;  1 drivers
v0x14f670640_0 .net *"_ivl_23", 0 0, L_0x14f6eb5f0;  1 drivers
v0x14f6706f0_0 .net *"_ivl_25", 0 0, L_0x14f6eb690;  1 drivers
v0x14f6707a0_0 .net *"_ivl_27", 0 0, L_0x14f6eb760;  1 drivers
v0x14f670850_0 .net *"_ivl_28", 0 0, L_0x14f6eb880;  1 drivers
v0x14f670900_0 .net *"_ivl_30", 0 0, L_0x14f6eb950;  1 drivers
v0x14f6709b0_0 .net *"_ivl_33", 0 0, L_0x14f6eba80;  1 drivers
v0x14f66fea0_0 .net *"_ivl_35", 0 0, L_0x14f6ebba0;  1 drivers
v0x14f670c40_0 .net *"_ivl_36", 0 0, L_0x14f6ebc40;  1 drivers
v0x14f670cd0_0 .net *"_ivl_39", 0 0, L_0x14f6ebd30;  1 drivers
v0x14f670d70_0 .net *"_ivl_40", 0 0, L_0x14f6ebe60;  1 drivers
v0x14f670e20_0 .net *"_ivl_42", 0 0, L_0x14f6ebf60;  1 drivers
v0x14f670ed0_0 .net *"_ivl_48", 0 0, L_0x14f6ec1a0;  1 drivers
v0x14f670f80_0 .net *"_ivl_50", 0 0, L_0x14f6ec2a0;  1 drivers
v0x14f671030_0 .net *"_ivl_52", 0 0, L_0x14f6ec340;  1 drivers
v0x14f6710e0_0 .net *"_ivl_53", 0 0, L_0x14f6ec450;  1 drivers
v0x14f671190_0 .net *"_ivl_55", 0 0, L_0x14f6ec560;  1 drivers
v0x14f671240_0 .net *"_ivl_58", 0 0, L_0x14f6ec610;  1 drivers
v0x14f6712f0_0 .net *"_ivl_60", 0 0, L_0x14f6ec6b0;  1 drivers
v0x14f6713a0_0 .net *"_ivl_61", 0 0, L_0x14f6ec3e0;  1 drivers
v0x14f671450_0 .net *"_ivl_64", 0 0, L_0x14f6ec940;  1 drivers
v0x14f671500_0 .net *"_ivl_65", 0 0, L_0x14f6ec9e0;  1 drivers
v0x14f6715b0_0 .net *"_ivl_67", 0 0, L_0x14f6eca90;  1 drivers
v0x14f671660_0 .net *"_ivl_7", 0 0, L_0x14f6eb050;  1 drivers
v0x14f671710_0 .net *"_ivl_70", 0 0, L_0x14f6ecc00;  1 drivers
v0x14f6717c0_0 .net *"_ivl_72", 0 0, L_0x14f6ecd30;  1 drivers
v0x14f671870_0 .net *"_ivl_73", 0 0, L_0x14f6ec8d0;  1 drivers
v0x14f671920_0 .net *"_ivl_76", 0 0, L_0x14f6ece10;  1 drivers
v0x14f6719d0_0 .net *"_ivl_77", 0 0, L_0x14f6ecf50;  1 drivers
v0x14f671a80_0 .net *"_ivl_80", 0 0, L_0x14f6ed070;  1 drivers
v0x14f671b30_0 .net *"_ivl_81", 0 0, L_0x14f6ed110;  1 drivers
v0x14f671be0_0 .net *"_ivl_83", 0 0, L_0x14f6ed1e0;  1 drivers
v0x14f671c90_0 .net *"_ivl_86", 0 0, L_0x14f6ed3b0;  1 drivers
v0x14f671d40_0 .net *"_ivl_88", 0 0, L_0x14f6eceb0;  1 drivers
v0x14f671df0_0 .net *"_ivl_90", 0 0, L_0x14f6ed550;  1 drivers
v0x14f671ea0_0 .net *"_ivl_91", 0 0, L_0x14f6eb800;  1 drivers
v0x14f671f50_0 .net *"_ivl_93", 0 0, L_0x14f6ed6f0;  1 drivers
v0x14f672000_0 .net *"_ivl_96", 0 0, L_0x14f6ed310;  1 drivers
v0x14f6720b0_0 .net *"_ivl_98", 0 0, L_0x14f6ed890;  1 drivers
v0x14f670a60_0 .net *"_ivl_99", 0 0, L_0x14f6eda00;  1 drivers
v0x14f670b10_0 .net "a", 3 0, L_0x14f6eef10;  1 drivers
v0x14f672140_0 .net "b", 3 0, L_0x14f6eefb0;  1 drivers
v0x14f6721d0_0 .net "c", 3 0, L_0x14f6ec010;  1 drivers
v0x14f672260_0 .net "cin", 0 0, L_0x14f6ea7b0;  alias, 1 drivers
v0x14f6722f0_0 .net "cout", 0 0, L_0x14f6ee940;  alias, 1 drivers
v0x14f672380_0 .net "sum", 3 0, L_0x14f6eeb40;  1 drivers
L_0x14f6eb140 .part L_0x14f6eaf20, 0, 1;
L_0x14f6eb220 .part L_0x14f6eaa20, 0, 1;
L_0x14f6eb300 .part L_0x14f6ec010, 0, 1;
L_0x14f6eb5f0 .part L_0x14f6eaf20, 1, 1;
L_0x14f6eb690 .part L_0x14f6eaa20, 1, 1;
L_0x14f6eb760 .part L_0x14f6eaf20, 0, 1;
L_0x14f6eba80 .part L_0x14f6eaa20, 1, 1;
L_0x14f6ebba0 .part L_0x14f6eaa20, 0, 1;
L_0x14f6ebd30 .part L_0x14f6ec010, 0, 1;
L_0x14f6ec010 .concat8 [ 1 1 1 1], L_0x14f6eb050, L_0x14f6eb4d0, L_0x14f6ebf60, L_0x14f6ed1e0;
L_0x14f6ec1a0 .part L_0x14f6eaf20, 2, 1;
L_0x14f6ec2a0 .part L_0x14f6eaa20, 2, 1;
L_0x14f6ec340 .part L_0x14f6eaf20, 1, 1;
L_0x14f6ec610 .part L_0x14f6eaa20, 2, 1;
L_0x14f6ec6b0 .part L_0x14f6eaa20, 1, 1;
L_0x14f6ec940 .part L_0x14f6eaf20, 0, 1;
L_0x14f6ecc00 .part L_0x14f6eaa20, 2, 1;
L_0x14f6ecd30 .part L_0x14f6eaa20, 1, 1;
L_0x14f6ece10 .part L_0x14f6eaa20, 0, 1;
L_0x14f6ed070 .part L_0x14f6ec010, 0, 1;
L_0x14f6ed3b0 .part L_0x14f6eaf20, 3, 1;
L_0x14f6eceb0 .part L_0x14f6eaa20, 3, 1;
L_0x14f6ed550 .part L_0x14f6eaf20, 2, 1;
L_0x14f6ed310 .part L_0x14f6eaa20, 3, 1;
L_0x14f6ed890 .part L_0x14f6eaa20, 2, 1;
L_0x14f6eda90 .part L_0x14f6eaf20, 1, 1;
L_0x14f6edd50 .part L_0x14f6eaa20, 3, 1;
L_0x14f6eded0 .part L_0x14f6eaa20, 2, 1;
L_0x14f6ec790 .part L_0x14f6eaa20, 1, 1;
L_0x14f6eddf0 .part L_0x14f6eaf20, 0, 1;
L_0x14f6ee570 .part L_0x14f6eaa20, 3, 1;
L_0x14f6ee710 .part L_0x14f6eaa20, 2, 1;
L_0x14f6ee8a0 .part L_0x14f6eaa20, 1, 1;
L_0x14f6ee650 .part L_0x14f6eaa20, 0, 1;
L_0x14f6eec40 .part L_0x14f6ec010, 0, 1;
S_0x14f672410 .scope module, "n3" "cla_4" 6 16, 7 3 0, S_0x14f66b870;
 .timescale -9 -11;
    .port_info 0 /INPUT 4 "a";
    .port_info 1 /INPUT 4 "b";
    .port_info 2 /INPUT 1 "cin";
    .port_info 3 /OUTPUT 4 "sum";
    .port_info 4 /OUTPUT 1 "cout";
L_0x14f6ef050 .functor XOR 4, L_0x14f6f30d0, L_0x14f6f3170, C4<0000>, C4<0000>;
L_0x14f6ef0c0 .functor AND 4, L_0x14f6f30d0, L_0x14f6f3170, C4<1111>, C4<1111>;
L_0x14f6ef1f0 .functor BUFZ 1, L_0x14f6ee940, C4<0>, C4<0>, C4<0>;
L_0x14f6ef560 .functor AND 1, L_0x14f6ef3c0, L_0x14f6ef4a0, C4<1>, C4<1>;
L_0x14f6ef690 .functor OR 1, L_0x14f6ef2e0, L_0x14f6ef560, C4<0>, C4<0>;
L_0x14f6efa40 .functor AND 1, L_0x14f6ef850, L_0x14f6ef920, C4<1>, C4<1>;
L_0x14f6efb10 .functor OR 1, L_0x14f6ef7b0, L_0x14f6efa40, C4<0>, C4<0>;
L_0x14f6efe00 .functor AND 1, L_0x14f6efc40, L_0x14f6efd60, C4<1>, C4<1>;
L_0x14f6f0020 .functor AND 1, L_0x14f6efe00, L_0x14f6efef0, C4<1>, C4<1>;
L_0x14f6f0120 .functor OR 1, L_0x14f6efb10, L_0x14f6f0020, C4<0>, C4<0>;
L_0x14f6f0610 .functor AND 1, L_0x14f6f0460, L_0x14f6f0500, C4<1>, C4<1>;
L_0x14f6f0720 .functor OR 1, L_0x14f6f0360, L_0x14f6f0610, C4<0>, C4<0>;
L_0x14f6f05a0 .functor AND 1, L_0x14f6f07d0, L_0x14f6f0870, C4<1>, C4<1>;
L_0x14f6f0ba0 .functor AND 1, L_0x14f6f05a0, L_0x14f6f0b00, C4<1>, C4<1>;
L_0x14f6f0c50 .functor OR 1, L_0x14f6f0720, L_0x14f6f0ba0, C4<0>, C4<0>;
L_0x14f6f0a90 .functor AND 1, L_0x14f6f0dc0, L_0x14f6f0ef0, C4<1>, C4<1>;
L_0x14f6f1110 .functor AND 1, L_0x14f6f0a90, L_0x14f6f0fd0, C4<1>, C4<1>;
L_0x14f6f12d0 .functor AND 1, L_0x14f6f1110, L_0x14f6f1230, C4<1>, C4<1>;
L_0x14f6f13a0 .functor OR 1, L_0x14f6f0c50, L_0x14f6f12d0, C4<0>, C4<0>;
L_0x14f6ef9c0 .functor AND 1, L_0x14f6f1070, L_0x14f6f1710, C4<1>, C4<1>;
L_0x14f6f18b0 .functor OR 1, L_0x14f6f1570, L_0x14f6ef9c0, C4<0>, C4<0>;
L_0x14f6f1bc0 .functor AND 1, L_0x14f6f14d0, L_0x14f6f1a50, C4<1>, C4<1>;
L_0x14f6f1cf0 .functor AND 1, L_0x14f6f1bc0, L_0x14f6f1c50, C4<1>, C4<1>;
L_0x14f6f1ea0 .functor OR 1, L_0x14f6f18b0, L_0x14f6f1cf0, C4<0>, C4<0>;
L_0x14f6f1af0 .functor AND 1, L_0x14f6f1f10, L_0x14f6f2090, C4<1>, C4<1>;
L_0x14f6f1de0 .functor AND 1, L_0x14f6f1af0, L_0x14f6f0950, C4<1>, C4<1>;
L_0x14f6f24f0 .functor AND 1, L_0x14f6f1de0, L_0x14f6f1fb0, C4<1>, C4<1>;
L_0x14f6f26c0 .functor OR 1, L_0x14f6f1ea0, L_0x14f6f24f0, C4<0>, C4<0>;
L_0x14f6f23b0 .functor AND 1, L_0x14f6f2730, L_0x14f6f28d0, C4<1>, C4<1>;
L_0x14f6f25e0 .functor AND 1, L_0x14f6f23b0, L_0x14f6f2a60, C4<1>, C4<1>;
L_0x14f6f2c10 .functor AND 1, L_0x14f6f25e0, L_0x14f6f2810, C4<1>, C4<1>;
L_0x14f6f2970 .functor AND 1, L_0x14f6f2c10, L_0x14f6f2e00, C4<1>, C4<1>;
L_0x14f6f2b00 .functor OR 1, L_0x14f6f26c0, L_0x14f6f2970, C4<0>, C4<0>;
L_0x14f6f2d00 .functor XOR 4, L_0x14f6ef050, L_0x14f6f01d0, C4<0000>, C4<0000>;
v0x14f672670_0 .net "G", 3 0, L_0x14f6ef0c0;  1 drivers
v0x14f672720_0 .net "P", 3 0, L_0x14f6ef050;  1 drivers
v0x14f6727d0_0 .net *"_ivl_102", 0 0, L_0x14f6f1c50;  1 drivers
v0x14f672890_0 .net *"_ivl_103", 0 0, L_0x14f6f1cf0;  1 drivers
v0x14f672940_0 .net *"_ivl_105", 0 0, L_0x14f6f1ea0;  1 drivers
v0x14f672a30_0 .net *"_ivl_108", 0 0, L_0x14f6f1f10;  1 drivers
v0x14f672ae0_0 .net *"_ivl_11", 0 0, L_0x14f6ef2e0;  1 drivers
v0x14f672b90_0 .net *"_ivl_110", 0 0, L_0x14f6f2090;  1 drivers
v0x14f672c40_0 .net *"_ivl_111", 0 0, L_0x14f6f1af0;  1 drivers
v0x14f672d50_0 .net *"_ivl_114", 0 0, L_0x14f6f0950;  1 drivers
v0x14f672e00_0 .net *"_ivl_115", 0 0, L_0x14f6f1de0;  1 drivers
v0x14f672eb0_0 .net *"_ivl_118", 0 0, L_0x14f6f1fb0;  1 drivers
v0x14f672f60_0 .net *"_ivl_119", 0 0, L_0x14f6f24f0;  1 drivers
v0x14f673010_0 .net *"_ivl_121", 0 0, L_0x14f6f26c0;  1 drivers
v0x14f6730c0_0 .net *"_ivl_124", 0 0, L_0x14f6f2730;  1 drivers
v0x14f673170_0 .net *"_ivl_126", 0 0, L_0x14f6f28d0;  1 drivers
v0x14f673220_0 .net *"_ivl_127", 0 0, L_0x14f6f23b0;  1 drivers
v0x14f6733b0_0 .net *"_ivl_13", 0 0, L_0x14f6ef3c0;  1 drivers
v0x14f673440_0 .net *"_ivl_130", 0 0, L_0x14f6f2a60;  1 drivers
v0x14f6734f0_0 .net *"_ivl_131", 0 0, L_0x14f6f25e0;  1 drivers
v0x14f6735a0_0 .net *"_ivl_134", 0 0, L_0x14f6f2810;  1 drivers
v0x14f673650_0 .net *"_ivl_135", 0 0, L_0x14f6f2c10;  1 drivers
v0x14f673700_0 .net *"_ivl_138", 0 0, L_0x14f6f2e00;  1 drivers
v0x14f6737b0_0 .net *"_ivl_139", 0 0, L_0x14f6f2970;  1 drivers
v0x14f673860_0 .net *"_ivl_15", 0 0, L_0x14f6ef4a0;  1 drivers
v0x14f673910_0 .net *"_ivl_16", 0 0, L_0x14f6ef560;  1 drivers
v0x14f6739c0_0 .net *"_ivl_18", 0 0, L_0x14f6ef690;  1 drivers
v0x14f673a70_0 .net *"_ivl_23", 0 0, L_0x14f6ef7b0;  1 drivers
v0x14f673b20_0 .net *"_ivl_25", 0 0, L_0x14f6ef850;  1 drivers
v0x14f673bd0_0 .net *"_ivl_27", 0 0, L_0x14f6ef920;  1 drivers
v0x14f673c80_0 .net *"_ivl_28", 0 0, L_0x14f6efa40;  1 drivers
v0x14f673d30_0 .net *"_ivl_30", 0 0, L_0x14f6efb10;  1 drivers
v0x14f673de0_0 .net *"_ivl_33", 0 0, L_0x14f6efc40;  1 drivers
v0x14f6732d0_0 .net *"_ivl_35", 0 0, L_0x14f6efd60;  1 drivers
v0x14f674070_0 .net *"_ivl_36", 0 0, L_0x14f6efe00;  1 drivers
v0x14f674100_0 .net *"_ivl_39", 0 0, L_0x14f6efef0;  1 drivers
v0x14f6741a0_0 .net *"_ivl_40", 0 0, L_0x14f6f0020;  1 drivers
v0x14f674250_0 .net *"_ivl_42", 0 0, L_0x14f6f0120;  1 drivers
v0x14f674300_0 .net *"_ivl_48", 0 0, L_0x14f6f0360;  1 drivers
v0x14f6743b0_0 .net *"_ivl_50", 0 0, L_0x14f6f0460;  1 drivers
v0x14f674460_0 .net *"_ivl_52", 0 0, L_0x14f6f0500;  1 drivers
v0x14f674510_0 .net *"_ivl_53", 0 0, L_0x14f6f0610;  1 drivers
v0x14f6745c0_0 .net *"_ivl_55", 0 0, L_0x14f6f0720;  1 drivers
v0x14f674670_0 .net *"_ivl_58", 0 0, L_0x14f6f07d0;  1 drivers
v0x14f674720_0 .net *"_ivl_60", 0 0, L_0x14f6f0870;  1 drivers
v0x14f6747d0_0 .net *"_ivl_61", 0 0, L_0x14f6f05a0;  1 drivers
v0x14f674880_0 .net *"_ivl_64", 0 0, L_0x14f6f0b00;  1 drivers
v0x14f674930_0 .net *"_ivl_65", 0 0, L_0x14f6f0ba0;  1 drivers
v0x14f6749e0_0 .net *"_ivl_67", 0 0, L_0x14f6f0c50;  1 drivers
v0x14f674a90_0 .net *"_ivl_7", 0 0, L_0x14f6ef1f0;  1 drivers
v0x14f674b40_0 .net *"_ivl_70", 0 0, L_0x14f6f0dc0;  1 drivers
v0x14f674bf0_0 .net *"_ivl_72", 0 0, L_0x14f6f0ef0;  1 drivers
v0x14f674ca0_0 .net *"_ivl_73", 0 0, L_0x14f6f0a90;  1 drivers
v0x14f674d50_0 .net *"_ivl_76", 0 0, L_0x14f6f0fd0;  1 drivers
v0x14f674e00_0 .net *"_ivl_77", 0 0, L_0x14f6f1110;  1 drivers
v0x14f674eb0_0 .net *"_ivl_80", 0 0, L_0x14f6f1230;  1 drivers
v0x14f674f60_0 .net *"_ivl_81", 0 0, L_0x14f6f12d0;  1 drivers
v0x14f675010_0 .net *"_ivl_83", 0 0, L_0x14f6f13a0;  1 drivers
v0x14f6750c0_0 .net *"_ivl_86", 0 0, L_0x14f6f1570;  1 drivers
v0x14f675170_0 .net *"_ivl_88", 0 0, L_0x14f6f1070;  1 drivers
v0x14f675220_0 .net *"_ivl_90", 0 0, L_0x14f6f1710;  1 drivers
v0x14f6752d0_0 .net *"_ivl_91", 0 0, L_0x14f6ef9c0;  1 drivers
v0x14f675380_0 .net *"_ivl_93", 0 0, L_0x14f6f18b0;  1 drivers
v0x14f675430_0 .net *"_ivl_96", 0 0, L_0x14f6f14d0;  1 drivers
v0x14f6754e0_0 .net *"_ivl_98", 0 0, L_0x14f6f1a50;  1 drivers
v0x14f673e90_0 .net *"_ivl_99", 0 0, L_0x14f6f1bc0;  1 drivers
v0x14f673f40_0 .net "a", 3 0, L_0x14f6f30d0;  1 drivers
v0x14f675570_0 .net "b", 3 0, L_0x14f6f3170;  1 drivers
v0x14f675600_0 .net "c", 3 0, L_0x14f6f01d0;  1 drivers
v0x14f675690_0 .net "cin", 0 0, L_0x14f6ee940;  alias, 1 drivers
v0x14f675720_0 .net "cout", 0 0, L_0x14f6f2b00;  alias, 1 drivers
v0x14f6757b0_0 .net "sum", 3 0, L_0x14f6f2d00;  1 drivers
L_0x14f6ef2e0 .part L_0x14f6ef0c0, 0, 1;
L_0x14f6ef3c0 .part L_0x14f6ef050, 0, 1;
L_0x14f6ef4a0 .part L_0x14f6f01d0, 0, 1;
L_0x14f6ef7b0 .part L_0x14f6ef0c0, 1, 1;
L_0x14f6ef850 .part L_0x14f6ef050, 1, 1;
L_0x14f6ef920 .part L_0x14f6ef0c0, 0, 1;
L_0x14f6efc40 .part L_0x14f6ef050, 1, 1;
L_0x14f6efd60 .part L_0x14f6ef050, 0, 1;
L_0x14f6efef0 .part L_0x14f6f01d0, 0, 1;
L_0x14f6f01d0 .concat8 [ 1 1 1 1], L_0x14f6ef1f0, L_0x14f6ef690, L_0x14f6f0120, L_0x14f6f13a0;
L_0x14f6f0360 .part L_0x14f6ef0c0, 2, 1;
L_0x14f6f0460 .part L_0x14f6ef050, 2, 1;
L_0x14f6f0500 .part L_0x14f6ef0c0, 1, 1;
L_0x14f6f07d0 .part L_0x14f6ef050, 2, 1;
L_0x14f6f0870 .part L_0x14f6ef050, 1, 1;
L_0x14f6f0b00 .part L_0x14f6ef0c0, 0, 1;
L_0x14f6f0dc0 .part L_0x14f6ef050, 2, 1;
L_0x14f6f0ef0 .part L_0x14f6ef050, 1, 1;
L_0x14f6f0fd0 .part L_0x14f6ef050, 0, 1;
L_0x14f6f1230 .part L_0x14f6f01d0, 0, 1;
L_0x14f6f1570 .part L_0x14f6ef0c0, 3, 1;
L_0x14f6f1070 .part L_0x14f6ef050, 3, 1;
L_0x14f6f1710 .part L_0x14f6ef0c0, 2, 1;
L_0x14f6f14d0 .part L_0x14f6ef050, 3, 1;
L_0x14f6f1a50 .part L_0x14f6ef050, 2, 1;
L_0x14f6f1c50 .part L_0x14f6ef0c0, 1, 1;
L_0x14f6f1f10 .part L_0x14f6ef050, 3, 1;
L_0x14f6f2090 .part L_0x14f6ef050, 2, 1;
L_0x14f6f0950 .part L_0x14f6ef050, 1, 1;
L_0x14f6f1fb0 .part L_0x14f6ef0c0, 0, 1;
L_0x14f6f2730 .part L_0x14f6ef050, 3, 1;
L_0x14f6f28d0 .part L_0x14f6ef050, 2, 1;
L_0x14f6f2a60 .part L_0x14f6ef050, 1, 1;
L_0x14f6f2810 .part L_0x14f6ef050, 0, 1;
L_0x14f6f2e00 .part L_0x14f6f01d0, 0, 1;
S_0x14f675840 .scope module, "n4" "cla_4" 6 17, 7 3 0, S_0x14f66b870;
 .timescale -9 -11;
    .port_info 0 /INPUT 4 "a";
    .port_info 1 /INPUT 4 "b";
    .port_info 2 /INPUT 1 "cin";
    .port_info 3 /OUTPUT 4 "sum";
    .port_info 4 /OUTPUT 1 "cout";
L_0x14f6f3210 .functor XOR 4, L_0x14f6f7250, L_0x14f6f72f0, C4<0000>, C4<0000>;
L_0x14f6f3280 .functor AND 4, L_0x14f6f7250, L_0x14f6f72f0, C4<1111>, C4<1111>;
L_0x14f6f3370 .functor BUFZ 1, L_0x14f6f2b00, C4<0>, C4<0>, C4<0>;
L_0x14f6f36e0 .functor AND 1, L_0x14f6f3540, L_0x14f6f3620, C4<1>, C4<1>;
L_0x14f6f3810 .functor OR 1, L_0x14f6f3460, L_0x14f6f36e0, C4<0>, C4<0>;
L_0x14f6f3bc0 .functor AND 1, L_0x14f6f39d0, L_0x14f6f3aa0, C4<1>, C4<1>;
L_0x14f6f3c90 .functor OR 1, L_0x14f6f3930, L_0x14f6f3bc0, C4<0>, C4<0>;
L_0x14f6f3f80 .functor AND 1, L_0x14f6f3dc0, L_0x14f6f3ee0, C4<1>, C4<1>;
L_0x14f6f41a0 .functor AND 1, L_0x14f6f3f80, L_0x14f6f4070, C4<1>, C4<1>;
L_0x14f6f42a0 .functor OR 1, L_0x14f6f3c90, L_0x14f6f41a0, C4<0>, C4<0>;
L_0x14f6f4790 .functor AND 1, L_0x14f6f45e0, L_0x14f6f4680, C4<1>, C4<1>;
L_0x14f6f48a0 .functor OR 1, L_0x14f6f44e0, L_0x14f6f4790, C4<0>, C4<0>;
L_0x14f6f4720 .functor AND 1, L_0x14f6f4950, L_0x14f6f49f0, C4<1>, C4<1>;
L_0x14f6f4d20 .functor AND 1, L_0x14f6f4720, L_0x14f6f4c80, C4<1>, C4<1>;
L_0x14f6f4dd0 .functor OR 1, L_0x14f6f48a0, L_0x14f6f4d20, C4<0>, C4<0>;
L_0x14f6f4c10 .functor AND 1, L_0x14f6f4f40, L_0x14f6f5070, C4<1>, C4<1>;
L_0x14f6f5290 .functor AND 1, L_0x14f6f4c10, L_0x14f6f5150, C4<1>, C4<1>;
L_0x14f6f5450 .functor AND 1, L_0x14f6f5290, L_0x14f6f53b0, C4<1>, C4<1>;
L_0x14f6f5520 .functor OR 1, L_0x14f6f4dd0, L_0x14f6f5450, C4<0>, C4<0>;
L_0x14f6f3b40 .functor AND 1, L_0x14f6f51f0, L_0x14f6f5890, C4<1>, C4<1>;
L_0x14f6f5a30 .functor OR 1, L_0x14f6f56f0, L_0x14f6f3b40, C4<0>, C4<0>;
L_0x14f6f5d40 .functor AND 1, L_0x14f6f5650, L_0x14f6f5bd0, C4<1>, C4<1>;
L_0x14f6f5e70 .functor AND 1, L_0x14f6f5d40, L_0x14f6f5dd0, C4<1>, C4<1>;
L_0x14f6f6020 .functor OR 1, L_0x14f6f5a30, L_0x14f6f5e70, C4<0>, C4<0>;
L_0x14f6f5c70 .functor AND 1, L_0x14f6f6090, L_0x14f6f6210, C4<1>, C4<1>;
L_0x14f6f5f60 .functor AND 1, L_0x14f6f5c70, L_0x14f6f4ad0, C4<1>, C4<1>;
L_0x14f6f6670 .functor AND 1, L_0x14f6f5f60, L_0x14f6f6130, C4<1>, C4<1>;
L_0x14f6f6840 .functor OR 1, L_0x14f6f6020, L_0x14f6f6670, C4<0>, C4<0>;
L_0x14f6f6530 .functor AND 1, L_0x14f6f68b0, L_0x14f6f6a50, C4<1>, C4<1>;
L_0x14f6f6760 .functor AND 1, L_0x14f6f6530, L_0x14f6f6be0, C4<1>, C4<1>;
L_0x14f6f6d90 .functor AND 1, L_0x14f6f6760, L_0x14f6f6990, C4<1>, C4<1>;
L_0x14f6f6af0 .functor AND 1, L_0x14f6f6d90, L_0x14f6f6f80, C4<1>, C4<1>;
L_0x14f6f6c80 .functor OR 1, L_0x14f6f6840, L_0x14f6f6af0, C4<0>, C4<0>;
L_0x14f6f6e80 .functor XOR 4, L_0x14f6f3210, L_0x14f6f4350, C4<0000>, C4<0000>;
v0x14f675a80_0 .net "G", 3 0, L_0x14f6f3280;  1 drivers
v0x14f675b40_0 .net "P", 3 0, L_0x14f6f3210;  1 drivers
v0x14f675bf0_0 .net *"_ivl_102", 0 0, L_0x14f6f5dd0;  1 drivers
v0x14f675cb0_0 .net *"_ivl_103", 0 0, L_0x14f6f5e70;  1 drivers
v0x14f675d60_0 .net *"_ivl_105", 0 0, L_0x14f6f6020;  1 drivers
v0x14f675e50_0 .net *"_ivl_108", 0 0, L_0x14f6f6090;  1 drivers
v0x14f675f00_0 .net *"_ivl_11", 0 0, L_0x14f6f3460;  1 drivers
v0x14f675fb0_0 .net *"_ivl_110", 0 0, L_0x14f6f6210;  1 drivers
v0x14f676060_0 .net *"_ivl_111", 0 0, L_0x14f6f5c70;  1 drivers
v0x14f676170_0 .net *"_ivl_114", 0 0, L_0x14f6f4ad0;  1 drivers
v0x14f676220_0 .net *"_ivl_115", 0 0, L_0x14f6f5f60;  1 drivers
v0x14f6762d0_0 .net *"_ivl_118", 0 0, L_0x14f6f6130;  1 drivers
v0x14f676380_0 .net *"_ivl_119", 0 0, L_0x14f6f6670;  1 drivers
v0x14f676430_0 .net *"_ivl_121", 0 0, L_0x14f6f6840;  1 drivers
v0x14f6764e0_0 .net *"_ivl_124", 0 0, L_0x14f6f68b0;  1 drivers
v0x14f676590_0 .net *"_ivl_126", 0 0, L_0x14f6f6a50;  1 drivers
v0x14f676640_0 .net *"_ivl_127", 0 0, L_0x14f6f6530;  1 drivers
v0x14f6767d0_0 .net *"_ivl_13", 0 0, L_0x14f6f3540;  1 drivers
v0x14f676860_0 .net *"_ivl_130", 0 0, L_0x14f6f6be0;  1 drivers
v0x14f676910_0 .net *"_ivl_131", 0 0, L_0x14f6f6760;  1 drivers
v0x14f6769c0_0 .net *"_ivl_134", 0 0, L_0x14f6f6990;  1 drivers
v0x14f676a70_0 .net *"_ivl_135", 0 0, L_0x14f6f6d90;  1 drivers
v0x14f676b20_0 .net *"_ivl_138", 0 0, L_0x14f6f6f80;  1 drivers
v0x14f676bd0_0 .net *"_ivl_139", 0 0, L_0x14f6f6af0;  1 drivers
v0x14f676c80_0 .net *"_ivl_15", 0 0, L_0x14f6f3620;  1 drivers
v0x14f676d30_0 .net *"_ivl_16", 0 0, L_0x14f6f36e0;  1 drivers
v0x14f676de0_0 .net *"_ivl_18", 0 0, L_0x14f6f3810;  1 drivers
v0x14f676e90_0 .net *"_ivl_23", 0 0, L_0x14f6f3930;  1 drivers
v0x14f676f40_0 .net *"_ivl_25", 0 0, L_0x14f6f39d0;  1 drivers
v0x14f676ff0_0 .net *"_ivl_27", 0 0, L_0x14f6f3aa0;  1 drivers
v0x14f6770a0_0 .net *"_ivl_28", 0 0, L_0x14f6f3bc0;  1 drivers
v0x14f677150_0 .net *"_ivl_30", 0 0, L_0x14f6f3c90;  1 drivers
v0x14f677200_0 .net *"_ivl_33", 0 0, L_0x14f6f3dc0;  1 drivers
v0x14f6766f0_0 .net *"_ivl_35", 0 0, L_0x14f6f3ee0;  1 drivers
v0x14f677490_0 .net *"_ivl_36", 0 0, L_0x14f6f3f80;  1 drivers
v0x14f677520_0 .net *"_ivl_39", 0 0, L_0x14f6f4070;  1 drivers
v0x14f6775c0_0 .net *"_ivl_40", 0 0, L_0x14f6f41a0;  1 drivers
v0x14f677670_0 .net *"_ivl_42", 0 0, L_0x14f6f42a0;  1 drivers
v0x14f677720_0 .net *"_ivl_48", 0 0, L_0x14f6f44e0;  1 drivers
v0x14f6777d0_0 .net *"_ivl_50", 0 0, L_0x14f6f45e0;  1 drivers
v0x14f677880_0 .net *"_ivl_52", 0 0, L_0x14f6f4680;  1 drivers
v0x14f677930_0 .net *"_ivl_53", 0 0, L_0x14f6f4790;  1 drivers
v0x14f6779e0_0 .net *"_ivl_55", 0 0, L_0x14f6f48a0;  1 drivers
v0x14f677a90_0 .net *"_ivl_58", 0 0, L_0x14f6f4950;  1 drivers
v0x14f677b40_0 .net *"_ivl_60", 0 0, L_0x14f6f49f0;  1 drivers
v0x14f677bf0_0 .net *"_ivl_61", 0 0, L_0x14f6f4720;  1 drivers
v0x14f677ca0_0 .net *"_ivl_64", 0 0, L_0x14f6f4c80;  1 drivers
v0x14f677d50_0 .net *"_ivl_65", 0 0, L_0x14f6f4d20;  1 drivers
v0x14f677e00_0 .net *"_ivl_67", 0 0, L_0x14f6f4dd0;  1 drivers
v0x14f677eb0_0 .net *"_ivl_7", 0 0, L_0x14f6f3370;  1 drivers
v0x14f677f60_0 .net *"_ivl_70", 0 0, L_0x14f6f4f40;  1 drivers
v0x14f678010_0 .net *"_ivl_72", 0 0, L_0x14f6f5070;  1 drivers
v0x14f6780c0_0 .net *"_ivl_73", 0 0, L_0x14f6f4c10;  1 drivers
v0x14f678170_0 .net *"_ivl_76", 0 0, L_0x14f6f5150;  1 drivers
v0x14f678220_0 .net *"_ivl_77", 0 0, L_0x14f6f5290;  1 drivers
v0x14f6782d0_0 .net *"_ivl_80", 0 0, L_0x14f6f53b0;  1 drivers
v0x14f678380_0 .net *"_ivl_81", 0 0, L_0x14f6f5450;  1 drivers
v0x14f678430_0 .net *"_ivl_83", 0 0, L_0x14f6f5520;  1 drivers
v0x14f6784e0_0 .net *"_ivl_86", 0 0, L_0x14f6f56f0;  1 drivers
v0x14f678590_0 .net *"_ivl_88", 0 0, L_0x14f6f51f0;  1 drivers
v0x14f678640_0 .net *"_ivl_90", 0 0, L_0x14f6f5890;  1 drivers
v0x14f6786f0_0 .net *"_ivl_91", 0 0, L_0x14f6f3b40;  1 drivers
v0x14f6787a0_0 .net *"_ivl_93", 0 0, L_0x14f6f5a30;  1 drivers
v0x14f678850_0 .net *"_ivl_96", 0 0, L_0x14f6f5650;  1 drivers
v0x14f678900_0 .net *"_ivl_98", 0 0, L_0x14f6f5bd0;  1 drivers
v0x14f6772b0_0 .net *"_ivl_99", 0 0, L_0x14f6f5d40;  1 drivers
v0x14f677360_0 .net "a", 3 0, L_0x14f6f7250;  1 drivers
v0x14f678990_0 .net "b", 3 0, L_0x14f6f72f0;  1 drivers
v0x14f678a20_0 .net "c", 3 0, L_0x14f6f4350;  1 drivers
v0x14f678ab0_0 .net "cin", 0 0, L_0x14f6f2b00;  alias, 1 drivers
v0x14f678b40_0 .net "cout", 0 0, L_0x14f6f6c80;  alias, 1 drivers
v0x14f678bd0_0 .net "sum", 3 0, L_0x14f6f6e80;  1 drivers
L_0x14f6f3460 .part L_0x14f6f3280, 0, 1;
L_0x14f6f3540 .part L_0x14f6f3210, 0, 1;
L_0x14f6f3620 .part L_0x14f6f4350, 0, 1;
L_0x14f6f3930 .part L_0x14f6f3280, 1, 1;
L_0x14f6f39d0 .part L_0x14f6f3210, 1, 1;
L_0x14f6f3aa0 .part L_0x14f6f3280, 0, 1;
L_0x14f6f3dc0 .part L_0x14f6f3210, 1, 1;
L_0x14f6f3ee0 .part L_0x14f6f3210, 0, 1;
L_0x14f6f4070 .part L_0x14f6f4350, 0, 1;
L_0x14f6f4350 .concat8 [ 1 1 1 1], L_0x14f6f3370, L_0x14f6f3810, L_0x14f6f42a0, L_0x14f6f5520;
L_0x14f6f44e0 .part L_0x14f6f3280, 2, 1;
L_0x14f6f45e0 .part L_0x14f6f3210, 2, 1;
L_0x14f6f4680 .part L_0x14f6f3280, 1, 1;
L_0x14f6f4950 .part L_0x14f6f3210, 2, 1;
L_0x14f6f49f0 .part L_0x14f6f3210, 1, 1;
L_0x14f6f4c80 .part L_0x14f6f3280, 0, 1;
L_0x14f6f4f40 .part L_0x14f6f3210, 2, 1;
L_0x14f6f5070 .part L_0x14f6f3210, 1, 1;
L_0x14f6f5150 .part L_0x14f6f3210, 0, 1;
L_0x14f6f53b0 .part L_0x14f6f4350, 0, 1;
L_0x14f6f56f0 .part L_0x14f6f3280, 3, 1;
L_0x14f6f51f0 .part L_0x14f6f3210, 3, 1;
L_0x14f6f5890 .part L_0x14f6f3280, 2, 1;
L_0x14f6f5650 .part L_0x14f6f3210, 3, 1;
L_0x14f6f5bd0 .part L_0x14f6f3210, 2, 1;
L_0x14f6f5dd0 .part L_0x14f6f3280, 1, 1;
L_0x14f6f6090 .part L_0x14f6f3210, 3, 1;
L_0x14f6f6210 .part L_0x14f6f3210, 2, 1;
L_0x14f6f4ad0 .part L_0x14f6f3210, 1, 1;
L_0x14f6f6130 .part L_0x14f6f3280, 0, 1;
L_0x14f6f68b0 .part L_0x14f6f3210, 3, 1;
L_0x14f6f6a50 .part L_0x14f6f3210, 2, 1;
L_0x14f6f6be0 .part L_0x14f6f3210, 1, 1;
L_0x14f6f6990 .part L_0x14f6f3210, 0, 1;
L_0x14f6f6f80 .part L_0x14f6f4350, 0, 1;
S_0x14f679250 .scope module, "n2" "cla16" 6 33, 6 4 0, S_0x14f66b550;
 .timescale -9 -11;
    .port_info 0 /INPUT 16 "d1";
    .port_info 1 /INPUT 16 "d2";
    .port_info 2 /INPUT 1 "cin";
    .port_info 3 /OUTPUT 16 "sum";
    .port_info 4 /OUTPUT 1 "cout";
P_0x14f679420 .param/l "DATA_WIDTH" 0 6 4, +C4<00000000000000000000000000100000>;
v0x14f686610_0 .net "c1", 0 0, L_0x14f6fb110;  1 drivers
v0x14f6866e0_0 .net "c2", 0 0, L_0x14f6ff2a0;  1 drivers
v0x14f6867b0_0 .net "c3", 0 0, L_0x158d07500;  1 drivers
v0x14f686880_0 .net "cin", 0 0, L_0x14f6f6c80;  alias, 1 drivers
v0x14f686910_0 .net8 "cout", 0 0, RS_0x150057f90;  alias, 3 drivers
v0x14f6869e0_0 .net "d1", 15 0, L_0x158d0bfa0;  1 drivers
v0x14f686a70_0 .net "d2", 15 0, L_0x158d0c040;  1 drivers
v0x14f686b00_0 .net "sum", 15 0, L_0x158d0bdf0;  1 drivers
L_0x14f6fb6e0 .part L_0x158d0bfa0, 0, 4;
L_0x14f6fb780 .part L_0x158d0c040, 0, 4;
L_0x14f6ff870 .part L_0x158d0bfa0, 4, 4;
L_0x14f6ff910 .part L_0x158d0c040, 4, 4;
L_0x158d07ad0 .part L_0x158d0bfa0, 8, 4;
L_0x158d07b70 .part L_0x158d0c040, 8, 4;
L_0x158d0bc30 .part L_0x158d0bfa0, 12, 4;
L_0x158d0bcd0 .part L_0x158d0c040, 12, 4;
L_0x158d0bdf0 .concat8 [ 4 4 4 4], L_0x14f6fb310, L_0x14f6ff4a0, L_0x158d07700, L_0x158d0b860;
S_0x14f679550 .scope module, "n1" "cla_4" 6 14, 7 3 0, S_0x14f679250;
 .timescale -9 -11;
    .port_info 0 /INPUT 4 "a";
    .port_info 1 /INPUT 4 "b";
    .port_info 2 /INPUT 1 "cin";
    .port_info 3 /OUTPUT 4 "sum";
    .port_info 4 /OUTPUT 1 "cout";
L_0x14f6f7700 .functor XOR 4, L_0x14f6fb6e0, L_0x14f6fb780, C4<0000>, C4<0000>;
L_0x14f6f7770 .functor AND 4, L_0x14f6fb6e0, L_0x14f6fb780, C4<1111>, C4<1111>;
L_0x14f6f7860 .functor BUFZ 1, L_0x14f6f6c80, C4<0>, C4<0>, C4<0>;
L_0x14f6f7b70 .functor AND 1, L_0x14f6f79b0, L_0x14f6f7a90, C4<1>, C4<1>;
L_0x14f6f7ca0 .functor OR 1, L_0x14f6f78d0, L_0x14f6f7b70, C4<0>, C4<0>;
L_0x14f6f8050 .functor AND 1, L_0x14f6f7e60, L_0x14f6f7f30, C4<1>, C4<1>;
L_0x14f6f8120 .functor OR 1, L_0x14f6f7dc0, L_0x14f6f8050, C4<0>, C4<0>;
L_0x14f6f8410 .functor AND 1, L_0x14f6f8250, L_0x14f6f8370, C4<1>, C4<1>;
L_0x14f6f8630 .functor AND 1, L_0x14f6f8410, L_0x14f6f8500, C4<1>, C4<1>;
L_0x14f6f8730 .functor OR 1, L_0x14f6f8120, L_0x14f6f8630, C4<0>, C4<0>;
L_0x14f6f8c20 .functor AND 1, L_0x14f6f8a70, L_0x14f6f8b10, C4<1>, C4<1>;
L_0x14f6f8d30 .functor OR 1, L_0x14f6f8970, L_0x14f6f8c20, C4<0>, C4<0>;
L_0x14f6f8bb0 .functor AND 1, L_0x14f6f8de0, L_0x14f6f8e80, C4<1>, C4<1>;
L_0x14f6f91b0 .functor AND 1, L_0x14f6f8bb0, L_0x14f6f9110, C4<1>, C4<1>;
L_0x14f6f9260 .functor OR 1, L_0x14f6f8d30, L_0x14f6f91b0, C4<0>, C4<0>;
L_0x14f6f90a0 .functor AND 1, L_0x14f6f93d0, L_0x14f6f9500, C4<1>, C4<1>;
L_0x14f6f9720 .functor AND 1, L_0x14f6f90a0, L_0x14f6f95e0, C4<1>, C4<1>;
L_0x14f6f98e0 .functor AND 1, L_0x14f6f9720, L_0x14f6f9840, C4<1>, C4<1>;
L_0x14f6f99b0 .functor OR 1, L_0x14f6f9260, L_0x14f6f98e0, C4<0>, C4<0>;
L_0x14f6f7fd0 .functor AND 1, L_0x14f6f9680, L_0x14f6f9d20, C4<1>, C4<1>;
L_0x14f6f9ec0 .functor OR 1, L_0x14f6f9b80, L_0x14f6f7fd0, C4<0>, C4<0>;
L_0x14f6fa1d0 .functor AND 1, L_0x14f6f9ae0, L_0x14f6fa060, C4<1>, C4<1>;
L_0x14f6fa300 .functor AND 1, L_0x14f6fa1d0, L_0x14f6fa260, C4<1>, C4<1>;
L_0x14f6fa4b0 .functor OR 1, L_0x14f6f9ec0, L_0x14f6fa300, C4<0>, C4<0>;
L_0x14f6fa100 .functor AND 1, L_0x14f6fa520, L_0x14f6fa6a0, C4<1>, C4<1>;
L_0x14f6fa3f0 .functor AND 1, L_0x14f6fa100, L_0x14f6f8f60, C4<1>, C4<1>;
L_0x14f6fab00 .functor AND 1, L_0x14f6fa3f0, L_0x14f6fa5c0, C4<1>, C4<1>;
L_0x14f6facd0 .functor OR 1, L_0x14f6fa4b0, L_0x14f6fab00, C4<0>, C4<0>;
L_0x14f6fa9c0 .functor AND 1, L_0x14f6fad40, L_0x14f6faee0, C4<1>, C4<1>;
L_0x14f6fabf0 .functor AND 1, L_0x14f6fa9c0, L_0x14f6fb070, C4<1>, C4<1>;
L_0x14f6fb220 .functor AND 1, L_0x14f6fabf0, L_0x14f6fae20, C4<1>, C4<1>;
L_0x14f6faf80 .functor AND 1, L_0x14f6fb220, L_0x14f6fb410, C4<1>, C4<1>;
L_0x14f6fb110 .functor OR 1, L_0x14f6facd0, L_0x14f6faf80, C4<0>, C4<0>;
L_0x14f6fb310 .functor XOR 4, L_0x14f6f7700, L_0x14f6f87e0, C4<0000>, C4<0000>;
v0x14f6797c0_0 .net "G", 3 0, L_0x14f6f7770;  1 drivers
v0x14f679870_0 .net "P", 3 0, L_0x14f6f7700;  1 drivers
v0x14f679920_0 .net *"_ivl_102", 0 0, L_0x14f6fa260;  1 drivers
v0x14f6799e0_0 .net *"_ivl_103", 0 0, L_0x14f6fa300;  1 drivers
v0x14f679a90_0 .net *"_ivl_105", 0 0, L_0x14f6fa4b0;  1 drivers
v0x14f679b80_0 .net *"_ivl_108", 0 0, L_0x14f6fa520;  1 drivers
v0x14f679c30_0 .net *"_ivl_11", 0 0, L_0x14f6f78d0;  1 drivers
v0x14f679ce0_0 .net *"_ivl_110", 0 0, L_0x14f6fa6a0;  1 drivers
v0x14f679d90_0 .net *"_ivl_111", 0 0, L_0x14f6fa100;  1 drivers
v0x14f679ea0_0 .net *"_ivl_114", 0 0, L_0x14f6f8f60;  1 drivers
v0x14f679f50_0 .net *"_ivl_115", 0 0, L_0x14f6fa3f0;  1 drivers
v0x14f67a000_0 .net *"_ivl_118", 0 0, L_0x14f6fa5c0;  1 drivers
v0x14f67a0b0_0 .net *"_ivl_119", 0 0, L_0x14f6fab00;  1 drivers
v0x14f67a160_0 .net *"_ivl_121", 0 0, L_0x14f6facd0;  1 drivers
v0x14f67a210_0 .net *"_ivl_124", 0 0, L_0x14f6fad40;  1 drivers
v0x14f67a2c0_0 .net *"_ivl_126", 0 0, L_0x14f6faee0;  1 drivers
v0x14f67a370_0 .net *"_ivl_127", 0 0, L_0x14f6fa9c0;  1 drivers
v0x14f67a500_0 .net *"_ivl_13", 0 0, L_0x14f6f79b0;  1 drivers
v0x14f67a590_0 .net *"_ivl_130", 0 0, L_0x14f6fb070;  1 drivers
v0x14f67a640_0 .net *"_ivl_131", 0 0, L_0x14f6fabf0;  1 drivers
v0x14f67a6f0_0 .net *"_ivl_134", 0 0, L_0x14f6fae20;  1 drivers
v0x14f67a7a0_0 .net *"_ivl_135", 0 0, L_0x14f6fb220;  1 drivers
v0x14f67a850_0 .net *"_ivl_138", 0 0, L_0x14f6fb410;  1 drivers
v0x14f67a900_0 .net *"_ivl_139", 0 0, L_0x14f6faf80;  1 drivers
v0x14f67a9b0_0 .net *"_ivl_15", 0 0, L_0x14f6f7a90;  1 drivers
v0x14f67aa60_0 .net *"_ivl_16", 0 0, L_0x14f6f7b70;  1 drivers
v0x14f67ab10_0 .net *"_ivl_18", 0 0, L_0x14f6f7ca0;  1 drivers
v0x14f67abc0_0 .net *"_ivl_23", 0 0, L_0x14f6f7dc0;  1 drivers
v0x14f67ac70_0 .net *"_ivl_25", 0 0, L_0x14f6f7e60;  1 drivers
v0x14f67ad20_0 .net *"_ivl_27", 0 0, L_0x14f6f7f30;  1 drivers
v0x14f67add0_0 .net *"_ivl_28", 0 0, L_0x14f6f8050;  1 drivers
v0x14f67ae80_0 .net *"_ivl_30", 0 0, L_0x14f6f8120;  1 drivers
v0x14f67af30_0 .net *"_ivl_33", 0 0, L_0x14f6f8250;  1 drivers
v0x14f67a420_0 .net *"_ivl_35", 0 0, L_0x14f6f8370;  1 drivers
v0x14f67b1c0_0 .net *"_ivl_36", 0 0, L_0x14f6f8410;  1 drivers
v0x14f67b250_0 .net *"_ivl_39", 0 0, L_0x14f6f8500;  1 drivers
v0x14f67b2f0_0 .net *"_ivl_40", 0 0, L_0x14f6f8630;  1 drivers
v0x14f67b3a0_0 .net *"_ivl_42", 0 0, L_0x14f6f8730;  1 drivers
v0x14f67b450_0 .net *"_ivl_48", 0 0, L_0x14f6f8970;  1 drivers
v0x14f67b500_0 .net *"_ivl_50", 0 0, L_0x14f6f8a70;  1 drivers
v0x14f67b5b0_0 .net *"_ivl_52", 0 0, L_0x14f6f8b10;  1 drivers
v0x14f67b660_0 .net *"_ivl_53", 0 0, L_0x14f6f8c20;  1 drivers
v0x14f67b710_0 .net *"_ivl_55", 0 0, L_0x14f6f8d30;  1 drivers
v0x14f67b7c0_0 .net *"_ivl_58", 0 0, L_0x14f6f8de0;  1 drivers
v0x14f67b870_0 .net *"_ivl_60", 0 0, L_0x14f6f8e80;  1 drivers
v0x14f67b920_0 .net *"_ivl_61", 0 0, L_0x14f6f8bb0;  1 drivers
v0x14f67b9d0_0 .net *"_ivl_64", 0 0, L_0x14f6f9110;  1 drivers
v0x14f67ba80_0 .net *"_ivl_65", 0 0, L_0x14f6f91b0;  1 drivers
v0x14f67bb30_0 .net *"_ivl_67", 0 0, L_0x14f6f9260;  1 drivers
v0x14f67bbe0_0 .net *"_ivl_7", 0 0, L_0x14f6f7860;  1 drivers
v0x14f67bc90_0 .net *"_ivl_70", 0 0, L_0x14f6f93d0;  1 drivers
v0x14f67bd40_0 .net *"_ivl_72", 0 0, L_0x14f6f9500;  1 drivers
v0x14f67bdf0_0 .net *"_ivl_73", 0 0, L_0x14f6f90a0;  1 drivers
v0x14f67bea0_0 .net *"_ivl_76", 0 0, L_0x14f6f95e0;  1 drivers
v0x14f67bf50_0 .net *"_ivl_77", 0 0, L_0x14f6f9720;  1 drivers
v0x14f67c000_0 .net *"_ivl_80", 0 0, L_0x14f6f9840;  1 drivers
v0x14f67c0b0_0 .net *"_ivl_81", 0 0, L_0x14f6f98e0;  1 drivers
v0x14f67c160_0 .net *"_ivl_83", 0 0, L_0x14f6f99b0;  1 drivers
v0x14f67c210_0 .net *"_ivl_86", 0 0, L_0x14f6f9b80;  1 drivers
v0x14f67c2c0_0 .net *"_ivl_88", 0 0, L_0x14f6f9680;  1 drivers
v0x14f67c370_0 .net *"_ivl_90", 0 0, L_0x14f6f9d20;  1 drivers
v0x14f67c420_0 .net *"_ivl_91", 0 0, L_0x14f6f7fd0;  1 drivers
v0x14f67c4d0_0 .net *"_ivl_93", 0 0, L_0x14f6f9ec0;  1 drivers
v0x14f67c580_0 .net *"_ivl_96", 0 0, L_0x14f6f9ae0;  1 drivers
v0x14f67c630_0 .net *"_ivl_98", 0 0, L_0x14f6fa060;  1 drivers
v0x14f67afe0_0 .net *"_ivl_99", 0 0, L_0x14f6fa1d0;  1 drivers
v0x14f67b090_0 .net "a", 3 0, L_0x14f6fb6e0;  1 drivers
v0x14f67c6c0_0 .net "b", 3 0, L_0x14f6fb780;  1 drivers
v0x14f67c750_0 .net "c", 3 0, L_0x14f6f87e0;  1 drivers
v0x14f67c7e0_0 .net "cin", 0 0, L_0x14f6f6c80;  alias, 1 drivers
v0x14f67c870_0 .net "cout", 0 0, L_0x14f6fb110;  alias, 1 drivers
v0x14f67c900_0 .net "sum", 3 0, L_0x14f6fb310;  1 drivers
L_0x14f6f78d0 .part L_0x14f6f7770, 0, 1;
L_0x14f6f79b0 .part L_0x14f6f7700, 0, 1;
L_0x14f6f7a90 .part L_0x14f6f87e0, 0, 1;
L_0x14f6f7dc0 .part L_0x14f6f7770, 1, 1;
L_0x14f6f7e60 .part L_0x14f6f7700, 1, 1;
L_0x14f6f7f30 .part L_0x14f6f7770, 0, 1;
L_0x14f6f8250 .part L_0x14f6f7700, 1, 1;
L_0x14f6f8370 .part L_0x14f6f7700, 0, 1;
L_0x14f6f8500 .part L_0x14f6f87e0, 0, 1;
L_0x14f6f87e0 .concat8 [ 1 1 1 1], L_0x14f6f7860, L_0x14f6f7ca0, L_0x14f6f8730, L_0x14f6f99b0;
L_0x14f6f8970 .part L_0x14f6f7770, 2, 1;
L_0x14f6f8a70 .part L_0x14f6f7700, 2, 1;
L_0x14f6f8b10 .part L_0x14f6f7770, 1, 1;
L_0x14f6f8de0 .part L_0x14f6f7700, 2, 1;
L_0x14f6f8e80 .part L_0x14f6f7700, 1, 1;
L_0x14f6f9110 .part L_0x14f6f7770, 0, 1;
L_0x14f6f93d0 .part L_0x14f6f7700, 2, 1;
L_0x14f6f9500 .part L_0x14f6f7700, 1, 1;
L_0x14f6f95e0 .part L_0x14f6f7700, 0, 1;
L_0x14f6f9840 .part L_0x14f6f87e0, 0, 1;
L_0x14f6f9b80 .part L_0x14f6f7770, 3, 1;
L_0x14f6f9680 .part L_0x14f6f7700, 3, 1;
L_0x14f6f9d20 .part L_0x14f6f7770, 2, 1;
L_0x14f6f9ae0 .part L_0x14f6f7700, 3, 1;
L_0x14f6fa060 .part L_0x14f6f7700, 2, 1;
L_0x14f6fa260 .part L_0x14f6f7770, 1, 1;
L_0x14f6fa520 .part L_0x14f6f7700, 3, 1;
L_0x14f6fa6a0 .part L_0x14f6f7700, 2, 1;
L_0x14f6f8f60 .part L_0x14f6f7700, 1, 1;
L_0x14f6fa5c0 .part L_0x14f6f7770, 0, 1;
L_0x14f6fad40 .part L_0x14f6f7700, 3, 1;
L_0x14f6faee0 .part L_0x14f6f7700, 2, 1;
L_0x14f6fb070 .part L_0x14f6f7700, 1, 1;
L_0x14f6fae20 .part L_0x14f6f7700, 0, 1;
L_0x14f6fb410 .part L_0x14f6f87e0, 0, 1;
S_0x14f67c9c0 .scope module, "n2" "cla_4" 6 15, 7 3 0, S_0x14f679250;
 .timescale -9 -11;
    .port_info 0 /INPUT 4 "a";
    .port_info 1 /INPUT 4 "b";
    .port_info 2 /INPUT 1 "cin";
    .port_info 3 /OUTPUT 4 "sum";
    .port_info 4 /OUTPUT 1 "cout";
L_0x14f6fb380 .functor XOR 4, L_0x14f6ff870, L_0x14f6ff910, C4<0000>, C4<0000>;
L_0x14f6fb880 .functor AND 4, L_0x14f6ff870, L_0x14f6ff910, C4<1111>, C4<1111>;
L_0x14f6fb9b0 .functor BUFZ 1, L_0x14f6fb110, C4<0>, C4<0>, C4<0>;
L_0x14f6fbd20 .functor AND 1, L_0x14f6fbb80, L_0x14f6fbc60, C4<1>, C4<1>;
L_0x14f6fbe30 .functor OR 1, L_0x14f6fbaa0, L_0x14f6fbd20, C4<0>, C4<0>;
L_0x14f6fc1e0 .functor AND 1, L_0x14f6fbff0, L_0x14f6fc0c0, C4<1>, C4<1>;
L_0x14f6fc2b0 .functor OR 1, L_0x14f6fbf50, L_0x14f6fc1e0, C4<0>, C4<0>;
L_0x14f6fc5a0 .functor AND 1, L_0x14f6fc3e0, L_0x14f6fc500, C4<1>, C4<1>;
L_0x14f6fc7c0 .functor AND 1, L_0x14f6fc5a0, L_0x14f6fc690, C4<1>, C4<1>;
L_0x14f6fc8c0 .functor OR 1, L_0x14f6fc2b0, L_0x14f6fc7c0, C4<0>, C4<0>;
L_0x14f6fcdb0 .functor AND 1, L_0x14f6fcc00, L_0x14f6fcca0, C4<1>, C4<1>;
L_0x14f6fcec0 .functor OR 1, L_0x14f6fcb00, L_0x14f6fcdb0, C4<0>, C4<0>;
L_0x14f6fcd40 .functor AND 1, L_0x14f6fcf70, L_0x14f6fd010, C4<1>, C4<1>;
L_0x14f6fd340 .functor AND 1, L_0x14f6fcd40, L_0x14f6fd2a0, C4<1>, C4<1>;
L_0x14f6fd3f0 .functor OR 1, L_0x14f6fcec0, L_0x14f6fd340, C4<0>, C4<0>;
L_0x14f6fd230 .functor AND 1, L_0x14f6fd560, L_0x14f6fd690, C4<1>, C4<1>;
L_0x14f6fd8b0 .functor AND 1, L_0x14f6fd230, L_0x14f6fd770, C4<1>, C4<1>;
L_0x14f6fda70 .functor AND 1, L_0x14f6fd8b0, L_0x14f6fd9d0, C4<1>, C4<1>;
L_0x14f6fdb40 .functor OR 1, L_0x14f6fd3f0, L_0x14f6fda70, C4<0>, C4<0>;
L_0x14f6fc160 .functor AND 1, L_0x14f6fd810, L_0x14f6fdeb0, C4<1>, C4<1>;
L_0x14f6fe050 .functor OR 1, L_0x14f6fdd10, L_0x14f6fc160, C4<0>, C4<0>;
L_0x14f6fe360 .functor AND 1, L_0x14f6fdc70, L_0x14f6fe1f0, C4<1>, C4<1>;
L_0x14f6fe490 .functor AND 1, L_0x14f6fe360, L_0x14f6fe3f0, C4<1>, C4<1>;
L_0x14f6fe640 .functor OR 1, L_0x14f6fe050, L_0x14f6fe490, C4<0>, C4<0>;
L_0x14f6fe290 .functor AND 1, L_0x14f6fe6b0, L_0x14f6fe830, C4<1>, C4<1>;
L_0x14f6fe580 .functor AND 1, L_0x14f6fe290, L_0x14f6fd0f0, C4<1>, C4<1>;
L_0x14f6fec90 .functor AND 1, L_0x14f6fe580, L_0x14f6fe750, C4<1>, C4<1>;
L_0x14f6fee60 .functor OR 1, L_0x14f6fe640, L_0x14f6fec90, C4<0>, C4<0>;
L_0x14f6feb50 .functor AND 1, L_0x14f6feed0, L_0x14f6ff070, C4<1>, C4<1>;
L_0x14f6fed80 .functor AND 1, L_0x14f6feb50, L_0x14f6ff200, C4<1>, C4<1>;
L_0x14f6ff3b0 .functor AND 1, L_0x14f6fed80, L_0x14f6fefb0, C4<1>, C4<1>;
L_0x14f6ff110 .functor AND 1, L_0x14f6ff3b0, L_0x14f6ff5a0, C4<1>, C4<1>;
L_0x14f6ff2a0 .functor OR 1, L_0x14f6fee60, L_0x14f6ff110, C4<0>, C4<0>;
L_0x14f6ff4a0 .functor XOR 4, L_0x14f6fb380, L_0x14f6fc970, C4<0000>, C4<0000>;
v0x14f67cc00_0 .net "G", 3 0, L_0x14f6fb880;  1 drivers
v0x14f67cca0_0 .net "P", 3 0, L_0x14f6fb380;  1 drivers
v0x14f67cd50_0 .net *"_ivl_102", 0 0, L_0x14f6fe3f0;  1 drivers
v0x14f67ce10_0 .net *"_ivl_103", 0 0, L_0x14f6fe490;  1 drivers
v0x14f67cec0_0 .net *"_ivl_105", 0 0, L_0x14f6fe640;  1 drivers
v0x14f67cfb0_0 .net *"_ivl_108", 0 0, L_0x14f6fe6b0;  1 drivers
v0x14f67d060_0 .net *"_ivl_11", 0 0, L_0x14f6fbaa0;  1 drivers
v0x14f67d110_0 .net *"_ivl_110", 0 0, L_0x14f6fe830;  1 drivers
v0x14f67d1c0_0 .net *"_ivl_111", 0 0, L_0x14f6fe290;  1 drivers
v0x14f67d2d0_0 .net *"_ivl_114", 0 0, L_0x14f6fd0f0;  1 drivers
v0x14f67d380_0 .net *"_ivl_115", 0 0, L_0x14f6fe580;  1 drivers
v0x14f67d430_0 .net *"_ivl_118", 0 0, L_0x14f6fe750;  1 drivers
v0x14f67d4e0_0 .net *"_ivl_119", 0 0, L_0x14f6fec90;  1 drivers
v0x14f67d590_0 .net *"_ivl_121", 0 0, L_0x14f6fee60;  1 drivers
v0x14f67d640_0 .net *"_ivl_124", 0 0, L_0x14f6feed0;  1 drivers
v0x14f67d6f0_0 .net *"_ivl_126", 0 0, L_0x14f6ff070;  1 drivers
v0x14f67d7a0_0 .net *"_ivl_127", 0 0, L_0x14f6feb50;  1 drivers
v0x14f67d930_0 .net *"_ivl_13", 0 0, L_0x14f6fbb80;  1 drivers
v0x14f67d9c0_0 .net *"_ivl_130", 0 0, L_0x14f6ff200;  1 drivers
v0x14f67da70_0 .net *"_ivl_131", 0 0, L_0x14f6fed80;  1 drivers
v0x14f67db20_0 .net *"_ivl_134", 0 0, L_0x14f6fefb0;  1 drivers
v0x14f67dbd0_0 .net *"_ivl_135", 0 0, L_0x14f6ff3b0;  1 drivers
v0x14f67dc80_0 .net *"_ivl_138", 0 0, L_0x14f6ff5a0;  1 drivers
v0x14f67dd30_0 .net *"_ivl_139", 0 0, L_0x14f6ff110;  1 drivers
v0x14f67dde0_0 .net *"_ivl_15", 0 0, L_0x14f6fbc60;  1 drivers
v0x14f67de90_0 .net *"_ivl_16", 0 0, L_0x14f6fbd20;  1 drivers
v0x14f67df40_0 .net *"_ivl_18", 0 0, L_0x14f6fbe30;  1 drivers
v0x14f67dff0_0 .net *"_ivl_23", 0 0, L_0x14f6fbf50;  1 drivers
v0x14f67e0a0_0 .net *"_ivl_25", 0 0, L_0x14f6fbff0;  1 drivers
v0x14f67e150_0 .net *"_ivl_27", 0 0, L_0x14f6fc0c0;  1 drivers
v0x14f67e200_0 .net *"_ivl_28", 0 0, L_0x14f6fc1e0;  1 drivers
v0x14f67e2b0_0 .net *"_ivl_30", 0 0, L_0x14f6fc2b0;  1 drivers
v0x14f67e360_0 .net *"_ivl_33", 0 0, L_0x14f6fc3e0;  1 drivers
v0x14f67d850_0 .net *"_ivl_35", 0 0, L_0x14f6fc500;  1 drivers
v0x14f67e5f0_0 .net *"_ivl_36", 0 0, L_0x14f6fc5a0;  1 drivers
v0x14f67e680_0 .net *"_ivl_39", 0 0, L_0x14f6fc690;  1 drivers
v0x14f67e720_0 .net *"_ivl_40", 0 0, L_0x14f6fc7c0;  1 drivers
v0x14f67e7d0_0 .net *"_ivl_42", 0 0, L_0x14f6fc8c0;  1 drivers
v0x14f67e880_0 .net *"_ivl_48", 0 0, L_0x14f6fcb00;  1 drivers
v0x14f67e930_0 .net *"_ivl_50", 0 0, L_0x14f6fcc00;  1 drivers
v0x14f67e9e0_0 .net *"_ivl_52", 0 0, L_0x14f6fcca0;  1 drivers
v0x14f67ea90_0 .net *"_ivl_53", 0 0, L_0x14f6fcdb0;  1 drivers
v0x14f67eb40_0 .net *"_ivl_55", 0 0, L_0x14f6fcec0;  1 drivers
v0x14f67ebf0_0 .net *"_ivl_58", 0 0, L_0x14f6fcf70;  1 drivers
v0x14f67eca0_0 .net *"_ivl_60", 0 0, L_0x14f6fd010;  1 drivers
v0x14f67ed50_0 .net *"_ivl_61", 0 0, L_0x14f6fcd40;  1 drivers
v0x14f67ee00_0 .net *"_ivl_64", 0 0, L_0x14f6fd2a0;  1 drivers
v0x14f67eeb0_0 .net *"_ivl_65", 0 0, L_0x14f6fd340;  1 drivers
v0x14f67ef60_0 .net *"_ivl_67", 0 0, L_0x14f6fd3f0;  1 drivers
v0x14f67f010_0 .net *"_ivl_7", 0 0, L_0x14f6fb9b0;  1 drivers
v0x14f67f0c0_0 .net *"_ivl_70", 0 0, L_0x14f6fd560;  1 drivers
v0x14f67f170_0 .net *"_ivl_72", 0 0, L_0x14f6fd690;  1 drivers
v0x14f67f220_0 .net *"_ivl_73", 0 0, L_0x14f6fd230;  1 drivers
v0x14f67f2d0_0 .net *"_ivl_76", 0 0, L_0x14f6fd770;  1 drivers
v0x14f67f380_0 .net *"_ivl_77", 0 0, L_0x14f6fd8b0;  1 drivers
v0x14f67f430_0 .net *"_ivl_80", 0 0, L_0x14f6fd9d0;  1 drivers
v0x14f67f4e0_0 .net *"_ivl_81", 0 0, L_0x14f6fda70;  1 drivers
v0x14f67f590_0 .net *"_ivl_83", 0 0, L_0x14f6fdb40;  1 drivers
v0x14f67f640_0 .net *"_ivl_86", 0 0, L_0x14f6fdd10;  1 drivers
v0x14f67f6f0_0 .net *"_ivl_88", 0 0, L_0x14f6fd810;  1 drivers
v0x14f67f7a0_0 .net *"_ivl_90", 0 0, L_0x14f6fdeb0;  1 drivers
v0x14f67f850_0 .net *"_ivl_91", 0 0, L_0x14f6fc160;  1 drivers
v0x14f67f900_0 .net *"_ivl_93", 0 0, L_0x14f6fe050;  1 drivers
v0x14f67f9b0_0 .net *"_ivl_96", 0 0, L_0x14f6fdc70;  1 drivers
v0x14f67fa60_0 .net *"_ivl_98", 0 0, L_0x14f6fe1f0;  1 drivers
v0x14f67e410_0 .net *"_ivl_99", 0 0, L_0x14f6fe360;  1 drivers
v0x14f67e4c0_0 .net "a", 3 0, L_0x14f6ff870;  1 drivers
v0x14f67faf0_0 .net "b", 3 0, L_0x14f6ff910;  1 drivers
v0x14f67fb80_0 .net "c", 3 0, L_0x14f6fc970;  1 drivers
v0x14f67fc10_0 .net "cin", 0 0, L_0x14f6fb110;  alias, 1 drivers
v0x14f67fca0_0 .net "cout", 0 0, L_0x14f6ff2a0;  alias, 1 drivers
v0x14f67fd30_0 .net "sum", 3 0, L_0x14f6ff4a0;  1 drivers
L_0x14f6fbaa0 .part L_0x14f6fb880, 0, 1;
L_0x14f6fbb80 .part L_0x14f6fb380, 0, 1;
L_0x14f6fbc60 .part L_0x14f6fc970, 0, 1;
L_0x14f6fbf50 .part L_0x14f6fb880, 1, 1;
L_0x14f6fbff0 .part L_0x14f6fb380, 1, 1;
L_0x14f6fc0c0 .part L_0x14f6fb880, 0, 1;
L_0x14f6fc3e0 .part L_0x14f6fb380, 1, 1;
L_0x14f6fc500 .part L_0x14f6fb380, 0, 1;
L_0x14f6fc690 .part L_0x14f6fc970, 0, 1;
L_0x14f6fc970 .concat8 [ 1 1 1 1], L_0x14f6fb9b0, L_0x14f6fbe30, L_0x14f6fc8c0, L_0x14f6fdb40;
L_0x14f6fcb00 .part L_0x14f6fb880, 2, 1;
L_0x14f6fcc00 .part L_0x14f6fb380, 2, 1;
L_0x14f6fcca0 .part L_0x14f6fb880, 1, 1;
L_0x14f6fcf70 .part L_0x14f6fb380, 2, 1;
L_0x14f6fd010 .part L_0x14f6fb380, 1, 1;
L_0x14f6fd2a0 .part L_0x14f6fb880, 0, 1;
L_0x14f6fd560 .part L_0x14f6fb380, 2, 1;
L_0x14f6fd690 .part L_0x14f6fb380, 1, 1;
L_0x14f6fd770 .part L_0x14f6fb380, 0, 1;
L_0x14f6fd9d0 .part L_0x14f6fc970, 0, 1;
L_0x14f6fdd10 .part L_0x14f6fb880, 3, 1;
L_0x14f6fd810 .part L_0x14f6fb380, 3, 1;
L_0x14f6fdeb0 .part L_0x14f6fb880, 2, 1;
L_0x14f6fdc70 .part L_0x14f6fb380, 3, 1;
L_0x14f6fe1f0 .part L_0x14f6fb380, 2, 1;
L_0x14f6fe3f0 .part L_0x14f6fb880, 1, 1;
L_0x14f6fe6b0 .part L_0x14f6fb380, 3, 1;
L_0x14f6fe830 .part L_0x14f6fb380, 2, 1;
L_0x14f6fd0f0 .part L_0x14f6fb380, 1, 1;
L_0x14f6fe750 .part L_0x14f6fb880, 0, 1;
L_0x14f6feed0 .part L_0x14f6fb380, 3, 1;
L_0x14f6ff070 .part L_0x14f6fb380, 2, 1;
L_0x14f6ff200 .part L_0x14f6fb380, 1, 1;
L_0x14f6fefb0 .part L_0x14f6fb380, 0, 1;
L_0x14f6ff5a0 .part L_0x14f6fc970, 0, 1;
S_0x14f67fdc0 .scope module, "n3" "cla_4" 6 16, 7 3 0, S_0x14f679250;
 .timescale -9 -11;
    .port_info 0 /INPUT 4 "a";
    .port_info 1 /INPUT 4 "b";
    .port_info 2 /INPUT 1 "cin";
    .port_info 3 /OUTPUT 4 "sum";
    .port_info 4 /OUTPUT 1 "cout";
L_0x14f6ff9b0 .functor XOR 4, L_0x158d07ad0, L_0x158d07b70, C4<0000>, C4<0000>;
L_0x14f6ffa40 .functor AND 4, L_0x158d07ad0, L_0x158d07b70, C4<1111>, C4<1111>;
L_0x14f6ffb70 .functor BUFZ 1, L_0x14f6ff2a0, C4<0>, C4<0>, C4<0>;
L_0x14f6ffee0 .functor AND 1, L_0x14f6ffd40, L_0x14f6ffe20, C4<1>, C4<1>;
L_0x158d040c0 .functor OR 1, L_0x14f6ffc60, L_0x14f6ffee0, C4<0>, C4<0>;
L_0x158d04440 .functor AND 1, L_0x158d04250, L_0x158d04320, C4<1>, C4<1>;
L_0x158d04510 .functor OR 1, L_0x158d041b0, L_0x158d04440, C4<0>, C4<0>;
L_0x158d04800 .functor AND 1, L_0x158d04640, L_0x158d04760, C4<1>, C4<1>;
L_0x158d04a20 .functor AND 1, L_0x158d04800, L_0x158d048f0, C4<1>, C4<1>;
L_0x158d04b20 .functor OR 1, L_0x158d04510, L_0x158d04a20, C4<0>, C4<0>;
L_0x158d05010 .functor AND 1, L_0x158d04e60, L_0x158d04f00, C4<1>, C4<1>;
L_0x158d05120 .functor OR 1, L_0x158d04d60, L_0x158d05010, C4<0>, C4<0>;
L_0x158d04fa0 .functor AND 1, L_0x158d051d0, L_0x158d05270, C4<1>, C4<1>;
L_0x158d055a0 .functor AND 1, L_0x158d04fa0, L_0x158d05500, C4<1>, C4<1>;
L_0x158d05650 .functor OR 1, L_0x158d05120, L_0x158d055a0, C4<0>, C4<0>;
L_0x158d05490 .functor AND 1, L_0x158d057c0, L_0x158d058f0, C4<1>, C4<1>;
L_0x158d05b10 .functor AND 1, L_0x158d05490, L_0x158d059d0, C4<1>, C4<1>;
L_0x158d05cd0 .functor AND 1, L_0x158d05b10, L_0x158d05c30, C4<1>, C4<1>;
L_0x158d05da0 .functor OR 1, L_0x158d05650, L_0x158d05cd0, C4<0>, C4<0>;
L_0x158d043c0 .functor AND 1, L_0x158d05a70, L_0x158d06110, C4<1>, C4<1>;
L_0x158d062b0 .functor OR 1, L_0x158d05f70, L_0x158d043c0, C4<0>, C4<0>;
L_0x158d065c0 .functor AND 1, L_0x158d05ed0, L_0x158d06450, C4<1>, C4<1>;
L_0x158d066f0 .functor AND 1, L_0x158d065c0, L_0x158d06650, C4<1>, C4<1>;
L_0x158d068a0 .functor OR 1, L_0x158d062b0, L_0x158d066f0, C4<0>, C4<0>;
L_0x158d064f0 .functor AND 1, L_0x158d06910, L_0x158d06a90, C4<1>, C4<1>;
L_0x158d067e0 .functor AND 1, L_0x158d064f0, L_0x158d05350, C4<1>, C4<1>;
L_0x158d06ef0 .functor AND 1, L_0x158d067e0, L_0x158d069b0, C4<1>, C4<1>;
L_0x158d070c0 .functor OR 1, L_0x158d068a0, L_0x158d06ef0, C4<0>, C4<0>;
L_0x158d06db0 .functor AND 1, L_0x158d07130, L_0x158d072d0, C4<1>, C4<1>;
L_0x158d06fe0 .functor AND 1, L_0x158d06db0, L_0x158d07460, C4<1>, C4<1>;
L_0x158d07610 .functor AND 1, L_0x158d06fe0, L_0x158d07210, C4<1>, C4<1>;
L_0x158d07370 .functor AND 1, L_0x158d07610, L_0x158d07800, C4<1>, C4<1>;
L_0x158d07500 .functor OR 1, L_0x158d070c0, L_0x158d07370, C4<0>, C4<0>;
L_0x158d07700 .functor XOR 4, L_0x14f6ff9b0, L_0x158d04bd0, C4<0000>, C4<0000>;
v0x14f680020_0 .net "G", 3 0, L_0x14f6ffa40;  1 drivers
v0x14f6800d0_0 .net "P", 3 0, L_0x14f6ff9b0;  1 drivers
v0x14f680180_0 .net *"_ivl_102", 0 0, L_0x158d06650;  1 drivers
v0x14f680240_0 .net *"_ivl_103", 0 0, L_0x158d066f0;  1 drivers
v0x14f6802f0_0 .net *"_ivl_105", 0 0, L_0x158d068a0;  1 drivers
v0x14f6803e0_0 .net *"_ivl_108", 0 0, L_0x158d06910;  1 drivers
v0x14f680490_0 .net *"_ivl_11", 0 0, L_0x14f6ffc60;  1 drivers
v0x14f680540_0 .net *"_ivl_110", 0 0, L_0x158d06a90;  1 drivers
v0x14f6805f0_0 .net *"_ivl_111", 0 0, L_0x158d064f0;  1 drivers
v0x14f680700_0 .net *"_ivl_114", 0 0, L_0x158d05350;  1 drivers
v0x14f6807b0_0 .net *"_ivl_115", 0 0, L_0x158d067e0;  1 drivers
v0x14f680860_0 .net *"_ivl_118", 0 0, L_0x158d069b0;  1 drivers
v0x14f680910_0 .net *"_ivl_119", 0 0, L_0x158d06ef0;  1 drivers
v0x14f6809c0_0 .net *"_ivl_121", 0 0, L_0x158d070c0;  1 drivers
v0x14f680a70_0 .net *"_ivl_124", 0 0, L_0x158d07130;  1 drivers
v0x14f680b20_0 .net *"_ivl_126", 0 0, L_0x158d072d0;  1 drivers
v0x14f680bd0_0 .net *"_ivl_127", 0 0, L_0x158d06db0;  1 drivers
v0x14f680d60_0 .net *"_ivl_13", 0 0, L_0x14f6ffd40;  1 drivers
v0x14f680df0_0 .net *"_ivl_130", 0 0, L_0x158d07460;  1 drivers
v0x14f680ea0_0 .net *"_ivl_131", 0 0, L_0x158d06fe0;  1 drivers
v0x14f680f50_0 .net *"_ivl_134", 0 0, L_0x158d07210;  1 drivers
v0x14f681000_0 .net *"_ivl_135", 0 0, L_0x158d07610;  1 drivers
v0x14f6810b0_0 .net *"_ivl_138", 0 0, L_0x158d07800;  1 drivers
v0x14f681160_0 .net *"_ivl_139", 0 0, L_0x158d07370;  1 drivers
v0x14f681210_0 .net *"_ivl_15", 0 0, L_0x14f6ffe20;  1 drivers
v0x14f6812c0_0 .net *"_ivl_16", 0 0, L_0x14f6ffee0;  1 drivers
v0x14f681370_0 .net *"_ivl_18", 0 0, L_0x158d040c0;  1 drivers
v0x14f681420_0 .net *"_ivl_23", 0 0, L_0x158d041b0;  1 drivers
v0x14f6814d0_0 .net *"_ivl_25", 0 0, L_0x158d04250;  1 drivers
v0x14f681580_0 .net *"_ivl_27", 0 0, L_0x158d04320;  1 drivers
v0x14f681630_0 .net *"_ivl_28", 0 0, L_0x158d04440;  1 drivers
v0x14f6816e0_0 .net *"_ivl_30", 0 0, L_0x158d04510;  1 drivers
v0x14f681790_0 .net *"_ivl_33", 0 0, L_0x158d04640;  1 drivers
v0x14f680c80_0 .net *"_ivl_35", 0 0, L_0x158d04760;  1 drivers
v0x14f681a20_0 .net *"_ivl_36", 0 0, L_0x158d04800;  1 drivers
v0x14f681ab0_0 .net *"_ivl_39", 0 0, L_0x158d048f0;  1 drivers
v0x14f681b50_0 .net *"_ivl_40", 0 0, L_0x158d04a20;  1 drivers
v0x14f681c00_0 .net *"_ivl_42", 0 0, L_0x158d04b20;  1 drivers
v0x14f681cb0_0 .net *"_ivl_48", 0 0, L_0x158d04d60;  1 drivers
v0x14f681d60_0 .net *"_ivl_50", 0 0, L_0x158d04e60;  1 drivers
v0x14f681e10_0 .net *"_ivl_52", 0 0, L_0x158d04f00;  1 drivers
v0x14f681ec0_0 .net *"_ivl_53", 0 0, L_0x158d05010;  1 drivers
v0x14f681f70_0 .net *"_ivl_55", 0 0, L_0x158d05120;  1 drivers
v0x14f682020_0 .net *"_ivl_58", 0 0, L_0x158d051d0;  1 drivers
v0x14f6820d0_0 .net *"_ivl_60", 0 0, L_0x158d05270;  1 drivers
v0x14f682180_0 .net *"_ivl_61", 0 0, L_0x158d04fa0;  1 drivers
v0x14f682230_0 .net *"_ivl_64", 0 0, L_0x158d05500;  1 drivers
v0x14f6822e0_0 .net *"_ivl_65", 0 0, L_0x158d055a0;  1 drivers
v0x14f682390_0 .net *"_ivl_67", 0 0, L_0x158d05650;  1 drivers
v0x14f682440_0 .net *"_ivl_7", 0 0, L_0x14f6ffb70;  1 drivers
v0x14f6824f0_0 .net *"_ivl_70", 0 0, L_0x158d057c0;  1 drivers
v0x14f6825a0_0 .net *"_ivl_72", 0 0, L_0x158d058f0;  1 drivers
v0x14f682650_0 .net *"_ivl_73", 0 0, L_0x158d05490;  1 drivers
v0x14f682700_0 .net *"_ivl_76", 0 0, L_0x158d059d0;  1 drivers
v0x14f6827b0_0 .net *"_ivl_77", 0 0, L_0x158d05b10;  1 drivers
v0x14f682860_0 .net *"_ivl_80", 0 0, L_0x158d05c30;  1 drivers
v0x14f682910_0 .net *"_ivl_81", 0 0, L_0x158d05cd0;  1 drivers
v0x14f6829c0_0 .net *"_ivl_83", 0 0, L_0x158d05da0;  1 drivers
v0x14f682a70_0 .net *"_ivl_86", 0 0, L_0x158d05f70;  1 drivers
v0x14f682b20_0 .net *"_ivl_88", 0 0, L_0x158d05a70;  1 drivers
v0x14f682bd0_0 .net *"_ivl_90", 0 0, L_0x158d06110;  1 drivers
v0x14f682c80_0 .net *"_ivl_91", 0 0, L_0x158d043c0;  1 drivers
v0x14f682d30_0 .net *"_ivl_93", 0 0, L_0x158d062b0;  1 drivers
v0x14f682de0_0 .net *"_ivl_96", 0 0, L_0x158d05ed0;  1 drivers
v0x14f682e90_0 .net *"_ivl_98", 0 0, L_0x158d06450;  1 drivers
v0x14f681840_0 .net *"_ivl_99", 0 0, L_0x158d065c0;  1 drivers
v0x14f6818f0_0 .net "a", 3 0, L_0x158d07ad0;  1 drivers
v0x14f682f20_0 .net "b", 3 0, L_0x158d07b70;  1 drivers
v0x14f682fb0_0 .net "c", 3 0, L_0x158d04bd0;  1 drivers
v0x14f683040_0 .net "cin", 0 0, L_0x14f6ff2a0;  alias, 1 drivers
v0x14f6830d0_0 .net "cout", 0 0, L_0x158d07500;  alias, 1 drivers
v0x14f683160_0 .net "sum", 3 0, L_0x158d07700;  1 drivers
L_0x14f6ffc60 .part L_0x14f6ffa40, 0, 1;
L_0x14f6ffd40 .part L_0x14f6ff9b0, 0, 1;
L_0x14f6ffe20 .part L_0x158d04bd0, 0, 1;
L_0x158d041b0 .part L_0x14f6ffa40, 1, 1;
L_0x158d04250 .part L_0x14f6ff9b0, 1, 1;
L_0x158d04320 .part L_0x14f6ffa40, 0, 1;
L_0x158d04640 .part L_0x14f6ff9b0, 1, 1;
L_0x158d04760 .part L_0x14f6ff9b0, 0, 1;
L_0x158d048f0 .part L_0x158d04bd0, 0, 1;
L_0x158d04bd0 .concat8 [ 1 1 1 1], L_0x14f6ffb70, L_0x158d040c0, L_0x158d04b20, L_0x158d05da0;
L_0x158d04d60 .part L_0x14f6ffa40, 2, 1;
L_0x158d04e60 .part L_0x14f6ff9b0, 2, 1;
L_0x158d04f00 .part L_0x14f6ffa40, 1, 1;
L_0x158d051d0 .part L_0x14f6ff9b0, 2, 1;
L_0x158d05270 .part L_0x14f6ff9b0, 1, 1;
L_0x158d05500 .part L_0x14f6ffa40, 0, 1;
L_0x158d057c0 .part L_0x14f6ff9b0, 2, 1;
L_0x158d058f0 .part L_0x14f6ff9b0, 1, 1;
L_0x158d059d0 .part L_0x14f6ff9b0, 0, 1;
L_0x158d05c30 .part L_0x158d04bd0, 0, 1;
L_0x158d05f70 .part L_0x14f6ffa40, 3, 1;
L_0x158d05a70 .part L_0x14f6ff9b0, 3, 1;
L_0x158d06110 .part L_0x14f6ffa40, 2, 1;
L_0x158d05ed0 .part L_0x14f6ff9b0, 3, 1;
L_0x158d06450 .part L_0x14f6ff9b0, 2, 1;
L_0x158d06650 .part L_0x14f6ffa40, 1, 1;
L_0x158d06910 .part L_0x14f6ff9b0, 3, 1;
L_0x158d06a90 .part L_0x14f6ff9b0, 2, 1;
L_0x158d05350 .part L_0x14f6ff9b0, 1, 1;
L_0x158d069b0 .part L_0x14f6ffa40, 0, 1;
L_0x158d07130 .part L_0x14f6ff9b0, 3, 1;
L_0x158d072d0 .part L_0x14f6ff9b0, 2, 1;
L_0x158d07460 .part L_0x14f6ff9b0, 1, 1;
L_0x158d07210 .part L_0x14f6ff9b0, 0, 1;
L_0x158d07800 .part L_0x158d04bd0, 0, 1;
S_0x14f6831f0 .scope module, "n4" "cla_4" 6 17, 7 3 0, S_0x14f679250;
 .timescale -9 -11;
    .port_info 0 /INPUT 4 "a";
    .port_info 1 /INPUT 4 "b";
    .port_info 2 /INPUT 1 "cin";
    .port_info 3 /OUTPUT 4 "sum";
    .port_info 4 /OUTPUT 1 "cout";
L_0x158d07c10 .functor XOR 4, L_0x158d0bc30, L_0x158d0bcd0, C4<0000>, C4<0000>;
L_0x158d07c80 .functor AND 4, L_0x158d0bc30, L_0x158d0bcd0, C4<1111>, C4<1111>;
L_0x158d07d70 .functor BUFZ 1, L_0x158d07500, C4<0>, C4<0>, C4<0>;
L_0x158d080e0 .functor AND 1, L_0x158d07f40, L_0x158d08020, C4<1>, C4<1>;
L_0x158d081f0 .functor OR 1, L_0x158d07e60, L_0x158d080e0, C4<0>, C4<0>;
L_0x158d085a0 .functor AND 1, L_0x158d083b0, L_0x158d08480, C4<1>, C4<1>;
L_0x158d08670 .functor OR 1, L_0x158d08310, L_0x158d085a0, C4<0>, C4<0>;
L_0x158d08960 .functor AND 1, L_0x158d087a0, L_0x158d088c0, C4<1>, C4<1>;
L_0x158d08b80 .functor AND 1, L_0x158d08960, L_0x158d08a50, C4<1>, C4<1>;
L_0x158d08c80 .functor OR 1, L_0x158d08670, L_0x158d08b80, C4<0>, C4<0>;
L_0x158d09170 .functor AND 1, L_0x158d08fc0, L_0x158d09060, C4<1>, C4<1>;
L_0x158d09280 .functor OR 1, L_0x158d08ec0, L_0x158d09170, C4<0>, C4<0>;
L_0x158d09100 .functor AND 1, L_0x158d09330, L_0x158d093d0, C4<1>, C4<1>;
L_0x158d09700 .functor AND 1, L_0x158d09100, L_0x158d09660, C4<1>, C4<1>;
L_0x158d097b0 .functor OR 1, L_0x158d09280, L_0x158d09700, C4<0>, C4<0>;
L_0x158d095f0 .functor AND 1, L_0x158d09920, L_0x158d09a50, C4<1>, C4<1>;
L_0x158d09c70 .functor AND 1, L_0x158d095f0, L_0x158d09b30, C4<1>, C4<1>;
L_0x158d09e30 .functor AND 1, L_0x158d09c70, L_0x158d09d90, C4<1>, C4<1>;
L_0x158d09f00 .functor OR 1, L_0x158d097b0, L_0x158d09e30, C4<0>, C4<0>;
L_0x158d08520 .functor AND 1, L_0x158d09bd0, L_0x158d0a270, C4<1>, C4<1>;
L_0x158d0a410 .functor OR 1, L_0x158d0a0d0, L_0x158d08520, C4<0>, C4<0>;
L_0x158d0a720 .functor AND 1, L_0x158d0a030, L_0x158d0a5b0, C4<1>, C4<1>;
L_0x158d0a850 .functor AND 1, L_0x158d0a720, L_0x158d0a7b0, C4<1>, C4<1>;
L_0x158d0aa00 .functor OR 1, L_0x158d0a410, L_0x158d0a850, C4<0>, C4<0>;
L_0x158d0a650 .functor AND 1, L_0x158d0aa70, L_0x158d0abf0, C4<1>, C4<1>;
L_0x158d0a940 .functor AND 1, L_0x158d0a650, L_0x158d094b0, C4<1>, C4<1>;
L_0x158d0b050 .functor AND 1, L_0x158d0a940, L_0x158d0ab10, C4<1>, C4<1>;
L_0x158d0b220 .functor OR 1, L_0x158d0aa00, L_0x158d0b050, C4<0>, C4<0>;
L_0x158d0af10 .functor AND 1, L_0x158d0b290, L_0x158d0b430, C4<1>, C4<1>;
L_0x158d0b140 .functor AND 1, L_0x158d0af10, L_0x158d0b5c0, C4<1>, C4<1>;
L_0x158d0b770 .functor AND 1, L_0x158d0b140, L_0x158d0b370, C4<1>, C4<1>;
L_0x158d0b4d0 .functor AND 1, L_0x158d0b770, L_0x158d0b960, C4<1>, C4<1>;
L_0x158d0b660 .functor OR 1, L_0x158d0b220, L_0x158d0b4d0, C4<0>, C4<0>;
L_0x158d0b860 .functor XOR 4, L_0x158d07c10, L_0x158d08d30, C4<0000>, C4<0000>;
v0x14f683430_0 .net "G", 3 0, L_0x158d07c80;  1 drivers
v0x14f6834f0_0 .net "P", 3 0, L_0x158d07c10;  1 drivers
v0x14f6835a0_0 .net *"_ivl_102", 0 0, L_0x158d0a7b0;  1 drivers
v0x14f683660_0 .net *"_ivl_103", 0 0, L_0x158d0a850;  1 drivers
v0x14f683710_0 .net *"_ivl_105", 0 0, L_0x158d0aa00;  1 drivers
v0x14f683800_0 .net *"_ivl_108", 0 0, L_0x158d0aa70;  1 drivers
v0x14f6838b0_0 .net *"_ivl_11", 0 0, L_0x158d07e60;  1 drivers
v0x14f683960_0 .net *"_ivl_110", 0 0, L_0x158d0abf0;  1 drivers
v0x14f683a10_0 .net *"_ivl_111", 0 0, L_0x158d0a650;  1 drivers
v0x14f683b20_0 .net *"_ivl_114", 0 0, L_0x158d094b0;  1 drivers
v0x14f683bd0_0 .net *"_ivl_115", 0 0, L_0x158d0a940;  1 drivers
v0x14f683c80_0 .net *"_ivl_118", 0 0, L_0x158d0ab10;  1 drivers
v0x14f683d30_0 .net *"_ivl_119", 0 0, L_0x158d0b050;  1 drivers
v0x14f683de0_0 .net *"_ivl_121", 0 0, L_0x158d0b220;  1 drivers
v0x14f683e90_0 .net *"_ivl_124", 0 0, L_0x158d0b290;  1 drivers
v0x14f683f40_0 .net *"_ivl_126", 0 0, L_0x158d0b430;  1 drivers
v0x14f683ff0_0 .net *"_ivl_127", 0 0, L_0x158d0af10;  1 drivers
v0x14f684180_0 .net *"_ivl_13", 0 0, L_0x158d07f40;  1 drivers
v0x14f684210_0 .net *"_ivl_130", 0 0, L_0x158d0b5c0;  1 drivers
v0x14f6842c0_0 .net *"_ivl_131", 0 0, L_0x158d0b140;  1 drivers
v0x14f684370_0 .net *"_ivl_134", 0 0, L_0x158d0b370;  1 drivers
v0x14f684420_0 .net *"_ivl_135", 0 0, L_0x158d0b770;  1 drivers
v0x14f6844d0_0 .net *"_ivl_138", 0 0, L_0x158d0b960;  1 drivers
v0x14f684580_0 .net *"_ivl_139", 0 0, L_0x158d0b4d0;  1 drivers
v0x14f684630_0 .net *"_ivl_15", 0 0, L_0x158d08020;  1 drivers
v0x14f6846e0_0 .net *"_ivl_16", 0 0, L_0x158d080e0;  1 drivers
v0x14f684790_0 .net *"_ivl_18", 0 0, L_0x158d081f0;  1 drivers
v0x14f684840_0 .net *"_ivl_23", 0 0, L_0x158d08310;  1 drivers
v0x14f6848f0_0 .net *"_ivl_25", 0 0, L_0x158d083b0;  1 drivers
v0x14f6849a0_0 .net *"_ivl_27", 0 0, L_0x158d08480;  1 drivers
v0x14f684a50_0 .net *"_ivl_28", 0 0, L_0x158d085a0;  1 drivers
v0x14f684b00_0 .net *"_ivl_30", 0 0, L_0x158d08670;  1 drivers
v0x14f684bb0_0 .net *"_ivl_33", 0 0, L_0x158d087a0;  1 drivers
v0x14f6840a0_0 .net *"_ivl_35", 0 0, L_0x158d088c0;  1 drivers
v0x14f684e40_0 .net *"_ivl_36", 0 0, L_0x158d08960;  1 drivers
v0x14f684ed0_0 .net *"_ivl_39", 0 0, L_0x158d08a50;  1 drivers
v0x14f684f70_0 .net *"_ivl_40", 0 0, L_0x158d08b80;  1 drivers
v0x14f685020_0 .net *"_ivl_42", 0 0, L_0x158d08c80;  1 drivers
v0x14f6850d0_0 .net *"_ivl_48", 0 0, L_0x158d08ec0;  1 drivers
v0x14f685180_0 .net *"_ivl_50", 0 0, L_0x158d08fc0;  1 drivers
v0x14f685230_0 .net *"_ivl_52", 0 0, L_0x158d09060;  1 drivers
v0x14f6852e0_0 .net *"_ivl_53", 0 0, L_0x158d09170;  1 drivers
v0x14f685390_0 .net *"_ivl_55", 0 0, L_0x158d09280;  1 drivers
v0x14f685440_0 .net *"_ivl_58", 0 0, L_0x158d09330;  1 drivers
v0x14f6854f0_0 .net *"_ivl_60", 0 0, L_0x158d093d0;  1 drivers
v0x14f6855a0_0 .net *"_ivl_61", 0 0, L_0x158d09100;  1 drivers
v0x14f685650_0 .net *"_ivl_64", 0 0, L_0x158d09660;  1 drivers
v0x14f685700_0 .net *"_ivl_65", 0 0, L_0x158d09700;  1 drivers
v0x14f6857b0_0 .net *"_ivl_67", 0 0, L_0x158d097b0;  1 drivers
v0x14f685860_0 .net *"_ivl_7", 0 0, L_0x158d07d70;  1 drivers
v0x14f685910_0 .net *"_ivl_70", 0 0, L_0x158d09920;  1 drivers
v0x14f6859c0_0 .net *"_ivl_72", 0 0, L_0x158d09a50;  1 drivers
v0x14f685a70_0 .net *"_ivl_73", 0 0, L_0x158d095f0;  1 drivers
v0x14f685b20_0 .net *"_ivl_76", 0 0, L_0x158d09b30;  1 drivers
v0x14f685bd0_0 .net *"_ivl_77", 0 0, L_0x158d09c70;  1 drivers
v0x14f685c80_0 .net *"_ivl_80", 0 0, L_0x158d09d90;  1 drivers
v0x14f685d30_0 .net *"_ivl_81", 0 0, L_0x158d09e30;  1 drivers
v0x14f685de0_0 .net *"_ivl_83", 0 0, L_0x158d09f00;  1 drivers
v0x14f685e90_0 .net *"_ivl_86", 0 0, L_0x158d0a0d0;  1 drivers
v0x14f685f40_0 .net *"_ivl_88", 0 0, L_0x158d09bd0;  1 drivers
v0x14f685ff0_0 .net *"_ivl_90", 0 0, L_0x158d0a270;  1 drivers
v0x14f6860a0_0 .net *"_ivl_91", 0 0, L_0x158d08520;  1 drivers
v0x14f686150_0 .net *"_ivl_93", 0 0, L_0x158d0a410;  1 drivers
v0x14f686200_0 .net *"_ivl_96", 0 0, L_0x158d0a030;  1 drivers
v0x14f6862b0_0 .net *"_ivl_98", 0 0, L_0x158d0a5b0;  1 drivers
v0x14f684c60_0 .net *"_ivl_99", 0 0, L_0x158d0a720;  1 drivers
v0x14f684d10_0 .net "a", 3 0, L_0x158d0bc30;  1 drivers
v0x14f686340_0 .net "b", 3 0, L_0x158d0bcd0;  1 drivers
v0x14f6863d0_0 .net "c", 3 0, L_0x158d08d30;  1 drivers
v0x14f686460_0 .net "cin", 0 0, L_0x158d07500;  alias, 1 drivers
v0x14f6864f0_0 .net8 "cout", 0 0, RS_0x150057f90;  alias, 3 drivers
v0x14f686580_0 .net "sum", 3 0, L_0x158d0b860;  1 drivers
L_0x158d07e60 .part L_0x158d07c80, 0, 1;
L_0x158d07f40 .part L_0x158d07c10, 0, 1;
L_0x158d08020 .part L_0x158d08d30, 0, 1;
L_0x158d08310 .part L_0x158d07c80, 1, 1;
L_0x158d083b0 .part L_0x158d07c10, 1, 1;
L_0x158d08480 .part L_0x158d07c80, 0, 1;
L_0x158d087a0 .part L_0x158d07c10, 1, 1;
L_0x158d088c0 .part L_0x158d07c10, 0, 1;
L_0x158d08a50 .part L_0x158d08d30, 0, 1;
L_0x158d08d30 .concat8 [ 1 1 1 1], L_0x158d07d70, L_0x158d081f0, L_0x158d08c80, L_0x158d09f00;
L_0x158d08ec0 .part L_0x158d07c80, 2, 1;
L_0x158d08fc0 .part L_0x158d07c10, 2, 1;
L_0x158d09060 .part L_0x158d07c80, 1, 1;
L_0x158d09330 .part L_0x158d07c10, 2, 1;
L_0x158d093d0 .part L_0x158d07c10, 1, 1;
L_0x158d09660 .part L_0x158d07c80, 0, 1;
L_0x158d09920 .part L_0x158d07c10, 2, 1;
L_0x158d09a50 .part L_0x158d07c10, 1, 1;
L_0x158d09b30 .part L_0x158d07c10, 0, 1;
L_0x158d09d90 .part L_0x158d08d30, 0, 1;
L_0x158d0a0d0 .part L_0x158d07c80, 3, 1;
L_0x158d09bd0 .part L_0x158d07c10, 3, 1;
L_0x158d0a270 .part L_0x158d07c80, 2, 1;
L_0x158d0a030 .part L_0x158d07c10, 3, 1;
L_0x158d0a5b0 .part L_0x158d07c10, 2, 1;
L_0x158d0a7b0 .part L_0x158d07c80, 1, 1;
L_0x158d0aa70 .part L_0x158d07c10, 3, 1;
L_0x158d0abf0 .part L_0x158d07c10, 2, 1;
L_0x158d094b0 .part L_0x158d07c10, 1, 1;
L_0x158d0ab10 .part L_0x158d07c80, 0, 1;
L_0x158d0b290 .part L_0x158d07c10, 3, 1;
L_0x158d0b430 .part L_0x158d07c10, 2, 1;
L_0x158d0b5c0 .part L_0x158d07c10, 1, 1;
L_0x158d0b370 .part L_0x158d07c10, 0, 1;
L_0x158d0b960 .part L_0x158d08d30, 0, 1;
S_0x14f688560 .scope module, "bus" "Bus" 3 293, 20 1 0, S_0x14f60f5a0;
 .timescale -9 -11;
    .port_info 0 /INPUT 32 "R0";
    .port_info 1 /INPUT 32 "R1";
    .port_info 2 /INPUT 32 "R2";
    .port_info 3 /INPUT 32 "R3";
    .port_info 4 /INPUT 32 "R4";
    .port_info 5 /INPUT 32 "R5";
    .port_info 6 /INPUT 32 "R6";
    .port_info 7 /INPUT 32 "R7";
    .port_info 8 /INPUT 32 "R8";
    .port_info 9 /INPUT 32 "R9";
    .port_info 10 /INPUT 32 "R10";
    .port_info 11 /INPUT 32 "R11";
    .port_info 12 /INPUT 32 "R12";
    .port_info 13 /INPUT 32 "R13";
    .port_info 14 /INPUT 32 "R14";
    .port_info 15 /INPUT 32 "R15";
    .port_info 16 /INPUT 32 "MDR";
    .port_info 17 /INPUT 32 "HI";
    .port_info 18 /INPUT 32 "LO";
    .port_info 19 /INPUT 32 "Z_high";
    .port_info 20 /INPUT 32 "Z_low";
    .port_info 21 /INPUT 32 "PC";
    .port_info 22 /INPUT 32 "In_Port";
    .port_info 23 /INPUT 32 "C_sign_extended";
    .port_info 24 /INPUT 1 "R0out";
    .port_info 25 /INPUT 1 "R1out";
    .port_info 26 /INPUT 1 "R2out";
    .port_info 27 /INPUT 1 "R3out";
    .port_info 28 /INPUT 1 "R4out";
    .port_info 29 /INPUT 1 "R5out";
    .port_info 30 /INPUT 1 "R6out";
    .port_info 31 /INPUT 1 "R7out";
    .port_info 32 /INPUT 1 "R8out";
    .port_info 33 /INPUT 1 "R9out";
    .port_info 34 /INPUT 1 "R10out";
    .port_info 35 /INPUT 1 "R11out";
    .port_info 36 /INPUT 1 "R12out";
    .port_info 37 /INPUT 1 "R13out";
    .port_info 38 /INPUT 1 "R14out";
    .port_info 39 /INPUT 1 "R15out";
    .port_info 40 /INPUT 1 "MDRout";
    .port_info 41 /INPUT 1 "HIout";
    .port_info 42 /INPUT 1 "LOout";
    .port_info 43 /INPUT 1 "Z_high_out";
    .port_info 44 /INPUT 1 "Z_low_out";
    .port_info 45 /INPUT 1 "PC_out";
    .port_info 46 /INPUT 1 "In_Port_out";
    .port_info 47 /INPUT 1 "C_sign_extended_out";
    .port_info 48 /OUTPUT 32 "bus_out";
P_0x14f688720 .param/l "DATA_WIDTH" 0 20 1, +C4<00000000000000000000000000100000>;
v0x14f688b90_0 .net "C_sign_extended", 31 0, v0x14f69b3a0_0;  alias, 1 drivers
v0x14f688c50_0 .net8 "C_sign_extended_out", 0 0, RS_0x1500500a0;  alias, 2 drivers
v0x14f688cf0_0 .net "HI", 31 0, L_0x14f6a3f50;  alias, 1 drivers
v0x14f688d80_0 .net8 "HIout", 0 0, RS_0x150050190;  alias, 2 drivers
v0x14f688e10_0 .net "In_Port", 31 0, L_0x14f6a2120;  alias, 1 drivers
v0x14f688ee0_0 .net "In_Port_out", 0 0, v0x14f6a1000_0;  alias, 1 drivers
v0x14f688f70_0 .net "LO", 31 0, L_0x14f6a3fc0;  alias, 1 drivers
v0x14f689010_0 .net8 "LOout", 0 0, RS_0x150050250;  alias, 2 drivers
v0x14f6890a0_0 .net "MDR", 31 0, v0x14f68ed00_0;  alias, 1 drivers
v0x14f6891c0_0 .net8 "MDRout", 0 0, RS_0x1500502e0;  alias, 2 drivers
v0x14f689270_0 .net "PC", 31 0, L_0x14f6a3b40;  alias, 1 drivers
v0x14f689300_0 .net8 "PC_out", 0 0, RS_0x150050340;  alias, 2 drivers
v0x14f689390_0 .net "R0", 31 0, L_0x14f6a22c0;  alias, 1 drivers
v0x14f689420_0 .net "R0out", 0 0, L_0x158d0d790;  1 drivers
v0x14f6894c0_0 .net "R1", 31 0, L_0x14f6a2500;  alias, 1 drivers
v0x14f689570_0 .net "R10", 31 0, L_0x14f6a3200;  alias, 1 drivers
v0x14f689620_0 .net "R10out", 0 0, L_0x158d0de00;  1 drivers
v0x14f6897c0_0 .net "R11", 31 0, L_0x14f6a3390;  alias, 1 drivers
v0x14f689870_0 .net "R11out", 0 0, L_0x158d0e1e0;  1 drivers
v0x14f689910_0 .net "R12", 31 0, L_0x14f6a34c0;  alias, 1 drivers
v0x14f6899c0_0 .net "R12out", 0 0, L_0x158d0df70;  1 drivers
v0x14f689a60_0 .net "R13", 31 0, L_0x14f6a3660;  alias, 1 drivers
v0x14f689b10_0 .net "R13out", 0 0, L_0x158d0e380;  1 drivers
v0x14f689bb0_0 .net "R14", 31 0, L_0x14f6a3790;  alias, 1 drivers
v0x14f689c60_0 .net "R14out", 0 0, L_0x158d0e0f0;  1 drivers
v0x14f689d00_0 .net "R15", 31 0, L_0x14f6a35f0;  alias, 1 drivers
v0x14f689db0_0 .net "R15out", 0 0, L_0x158d0e280;  1 drivers
v0x14f689e50_0 .net "R1out", 0 0, L_0x158d0d910;  1 drivers
v0x14f689ef0_0 .net "R2", 31 0, L_0x14f6a2630;  alias, 1 drivers
v0x14f689fa0_0 .net "R2out", 0 0, L_0x158d0d9b0;  1 drivers
v0x14f68a040_0 .net "R3", 31 0, L_0x14f6a2820;  alias, 1 drivers
v0x14f68a0f0_0 .net "R3out", 0 0, L_0x158d0d870;  1 drivers
v0x14f68a190_0 .net "R4", 31 0, L_0x14f6a2930;  alias, 1 drivers
v0x14f6896d0_0 .net "R4out", 0 0, L_0x158d0db00;  1 drivers
v0x14f68a420_0 .net "R5", 31 0, L_0x14f6a2ab0;  alias, 1 drivers
v0x14f68a4b0_0 .net "R5out", 0 0, L_0x158d0dc60;  1 drivers
v0x14f68a540_0 .net "R6", 31 0, L_0x14f6a2be0;  alias, 1 drivers
v0x14f68a5e0_0 .net "R6out", 0 0, L_0x158d0da50;  1 drivers
v0x14f68a680_0 .net "R7", 31 0, L_0x14f6a2780;  alias, 1 drivers
v0x14f68a730_0 .net "R7out", 0 0, L_0x158d0ded0;  1 drivers
v0x14f68a7d0_0 .net "R8", 31 0, L_0x14f6a2f30;  alias, 1 drivers
v0x14f68a880_0 .net "R8out", 0 0, L_0x158d0dba0;  1 drivers
v0x14f68a920_0 .net "R9", 31 0, L_0x14f6a30d0;  alias, 1 drivers
v0x14f68a9d0_0 .net "R9out", 0 0, L_0x158d0e050;  1 drivers
v0x14f68aa70_0 .net "Z_high", 31 0, L_0x14f6a3e40;  alias, 1 drivers
v0x14f68ab20_0 .net8 "Z_high_out", 0 0, RS_0x1500504c0;  alias, 2 drivers
v0x14f68abd0_0 .net "Z_low", 31 0, L_0x14f6a3c20;  alias, 1 drivers
v0x14f68ac60_0 .net8 "Z_low_out", 0 0, RS_0x150050520;  alias, 2 drivers
v0x14f68acf0_0 .net "bus_out", 31 0, v0x14f68ad80_0;  alias, 1 drivers
v0x14f68ad80_0 .var "q", 31 0;
E_0x14f6889d0/0 .event anyedge, v0x14f689420_0, v0x14f689390_0, v0x14f689e50_0, v0x14f6894c0_0;
E_0x14f6889d0/1 .event anyedge, v0x14f689fa0_0, v0x14f689ef0_0, v0x14f68a0f0_0, v0x14f68a040_0;
E_0x14f6889d0/2 .event anyedge, v0x14f6896d0_0, v0x14f68a190_0, v0x14f68a4b0_0, v0x14f68a420_0;
E_0x14f6889d0/3 .event anyedge, v0x14f68a5e0_0, v0x14f68a540_0, v0x14f68a730_0, v0x14f68a680_0;
E_0x14f6889d0/4 .event anyedge, v0x14f68a880_0, v0x14f68a7d0_0, v0x14f68a9d0_0, v0x14f68a920_0;
E_0x14f6889d0/5 .event anyedge, v0x14f689620_0, v0x14f689570_0, v0x14f689870_0, v0x14f6897c0_0;
E_0x14f6889d0/6 .event anyedge, v0x14f6899c0_0, v0x14f689910_0, v0x14f689b10_0, v0x14f689a60_0;
E_0x14f6889d0/7 .event anyedge, v0x14f689c60_0, v0x14f689bb0_0, v0x14f689db0_0, v0x14f689d00_0;
E_0x14f6889d0/8 .event anyedge, v0x14f62d3e0_0, v0x14f6890a0_0, v0x14f62cf10_0, v0x14f688cf0_0;
E_0x14f6889d0/9 .event anyedge, v0x14f62d200_0, v0x14f688f70_0, v0x14f62dae0_0, v0x14f68aa70_0;
E_0x14f6889d0/10 .event anyedge, v0x14f62dc20_0, v0x14f68abd0_0, v0x14f62d610_0, v0x14f689270_0;
E_0x14f6889d0/11 .event anyedge, v0x14f688ee0_0, v0x14f688e10_0, v0x14f62cbb0_0, v0x14f688b90_0;
E_0x14f6889d0 .event/or E_0x14f6889d0/0, E_0x14f6889d0/1, E_0x14f6889d0/2, E_0x14f6889d0/3, E_0x14f6889d0/4, E_0x14f6889d0/5, E_0x14f6889d0/6, E_0x14f6889d0/7, E_0x14f6889d0/8, E_0x14f6889d0/9, E_0x14f6889d0/10, E_0x14f6889d0/11;
S_0x14f688840 .scope module, "conFF" "conFF" 3 45, 21 3 0, S_0x14f60f5a0;
 .timescale -9 -11;
    .port_info 0 /INPUT 32 "IR";
    .port_info 1 /INPUT 32 "BusMuxOut";
    .port_info 2 /INPUT 1 "CONin";
    .port_info 3 /OUTPUT 1 "CON";
P_0x14f68b2d0 .param/l "DATA_WIDTH" 0 21 3, +C4<00000000000000000000000000100000>;
v0x14f68b500_0 .net "BusMuxOut", 31 0, v0x14f68ad80_0;  alias, 1 drivers
v0x14f669410_0 .var "BusOR", 0 0;
v0x14f68b7b0_0 .var "C2", 3 0;
v0x14f68b840_0 .var "CON", 0 0;
v0x14f68b8d0_0 .net "CONin", 0 0, v0x14f62cb00_0;  alias, 1 drivers
v0x14f68b960_0 .var "CONout", 0 0;
v0x14f68b9f0_0 .var "D", 0 0;
v0x14f68ba80_0 .net "IR", 31 0, L_0x14f6a3bb0;  alias, 1 drivers
v0x14f68bb10_0 .var "Ra", 3 0;
v0x14f68bc20_0 .var "brmi", 0 0;
v0x14f68bcb0_0 .var "brnz", 0 0;
v0x14f68bd50_0 .var "brpl", 0 0;
v0x14f68bdf0_0 .var "brzr", 0 0;
v0x14f68be90_0 .var/i "i", 31 0;
v0x14f68bf40_0 .var "sigDig", 0 0;
E_0x14f68b450 .event posedge, v0x14f62cb00_0;
E_0x14f68b4b0 .event anyedge, v0x14f64a240_0, v0x14f62d020_0;
S_0x14f68c040 .scope module, "hi_register" "register" 3 232, 22 1 0, S_0x14f60f5a0;
 .timescale -9 -11;
    .port_info 0 /INPUT 1 "clear";
    .port_info 1 /INPUT 1 "clock";
    .port_info 2 /INPUT 1 "enable";
    .port_info 3 /INPUT 32 "data_in";
    .port_info 4 /OUTPUT 32 "data_out";
P_0x14f68c200 .param/l "DATA_WIDTH" 0 22 1, +C4<00000000000000000000000000100000>;
P_0x14f68c240 .param/l "INIT" 0 22 1, C4<00000000000000000000000000000000>;
L_0x14f6a3f50 .functor BUFZ 32, v0x14f68c7b0_0, C4<00000000000000000000000000000000>, C4<00000000000000000000000000000000>, C4<00000000000000000000000000000000>;
v0x14f68c410_0 .net "clear", 0 0, v0x14f60dd10_0;  alias, 1 drivers
v0x14f68c4d0_0 .net "clock", 0 0, v0x14f6a0ac0_0;  alias, 1 drivers
v0x14f68c580_0 .net "data_in", 31 0, v0x14f68ad80_0;  alias, 1 drivers
v0x14f68c630_0 .net "data_out", 31 0, L_0x14f6a3f50;  alias, 1 drivers
v0x14f68c6e0_0 .net8 "enable", 0 0, RS_0x150050160;  alias, 2 drivers
v0x14f68c7b0_0 .var "q", 31 0;
E_0x14f68c3b0 .event posedge, v0x14f62dcc0_0;
S_0x14f68c8b0 .scope module, "in_port" "In_port" 3 53, 23 1 0, S_0x14f60f5a0;
 .timescale -9 -11;
    .port_info 0 /INPUT 1 "clear";
    .port_info 1 /INPUT 1 "clock";
    .port_info 2 /INPUT 32 "data_in";
    .port_info 3 /OUTPUT 32 "data_out";
P_0x14f68ca70 .param/l "DATA_WIDTH" 0 23 1, +C4<00000000000000000000000000100000>;
P_0x14f68cab0 .param/l "INIT" 0 23 1, C4<00000000000000000000000000000000>;
L_0x14f6a2120 .functor BUFZ 32, v0x14f68cf10_0, C4<00000000000000000000000000000000>, C4<00000000000000000000000000000000>, C4<00000000000000000000000000000000>;
v0x14f68cc90_0 .net "clear", 0 0, v0x14f60dd10_0;  alias, 1 drivers
v0x14f68cd60_0 .net "clock", 0 0, v0x14f6a0ac0_0;  alias, 1 drivers
v0x14f68cdf0_0 .net "data_in", 31 0, o0x150069690;  alias, 0 drivers
v0x14f68ce80_0 .net "data_out", 31 0, L_0x14f6a2120;  alias, 1 drivers
v0x14f68cf10_0 .var "q", 31 0;
S_0x14f68d010 .scope module, "ir_register" "register" 3 206, 22 1 0, S_0x14f60f5a0;
 .timescale -9 -11;
    .port_info 0 /INPUT 1 "clear";
    .port_info 1 /INPUT 1 "clock";
    .port_info 2 /INPUT 1 "enable";
    .port_info 3 /INPUT 32 "data_in";
    .port_info 4 /OUTPUT 32 "data_out";
P_0x14f68d1d0 .param/l "DATA_WIDTH" 0 22 1, +C4<00000000000000000000000000100000>;
P_0x14f68d210 .param/l "INIT" 0 22 1, C4<00000000000000000000000000000000>;
L_0x14f6a3bb0 .functor BUFZ 32, v0x14f68d730_0, C4<00000000000000000000000000000000>, C4<00000000000000000000000000000000>, C4<00000000000000000000000000000000>;
v0x14f68d3a0_0 .net "clear", 0 0, v0x14f60dd10_0;  alias, 1 drivers
v0x14f68d440_0 .net "clock", 0 0, v0x14f6a0ac0_0;  alias, 1 drivers
v0x14f68d4e0_0 .net "data_in", 31 0, v0x14f68ad80_0;  alias, 1 drivers
v0x14f68d590_0 .net "data_out", 31 0, L_0x14f6a3bb0;  alias, 1 drivers
v0x14f68d660_0 .net8 "enable", 0 0, RS_0x1500501f0;  alias, 2 drivers
v0x14f68d730_0 .var "q", 31 0;
S_0x14f68d830 .scope module, "lo_register" "register" 3 241, 22 1 0, S_0x14f60f5a0;
 .timescale -9 -11;
    .port_info 0 /INPUT 1 "clear";
    .port_info 1 /INPUT 1 "clock";
    .port_info 2 /INPUT 1 "enable";
    .port_info 3 /INPUT 32 "data_in";
    .port_info 4 /OUTPUT 32 "data_out";
P_0x14f68d9f0 .param/l "DATA_WIDTH" 0 22 1, +C4<00000000000000000000000000100000>;
P_0x14f68da30 .param/l "INIT" 0 22 1, C4<00000000000000000000000000000000>;
L_0x14f6a3fc0 .functor BUFZ 32, v0x14f68dfa0_0, C4<00000000000000000000000000000000>, C4<00000000000000000000000000000000>, C4<00000000000000000000000000000000>;
v0x14f68dbc0_0 .net "clear", 0 0, v0x14f60dd10_0;  alias, 1 drivers
v0x14f68dcd0_0 .net "clock", 0 0, v0x14f6a0ac0_0;  alias, 1 drivers
v0x14f68ddf0_0 .net "data_in", 31 0, v0x14f68ad80_0;  alias, 1 drivers
v0x14f68de80_0 .net "data_out", 31 0, L_0x14f6a3fc0;  alias, 1 drivers
v0x14f68df10_0 .net8 "enable", 0 0, RS_0x150050220;  alias, 2 drivers
v0x14f68dfa0_0 .var "q", 31 0;
S_0x14f68e0b0 .scope module, "mar" "MAR" 3 276, 24 1 0, S_0x14f60f5a0;
 .timescale -9 -11;
    .port_info 0 /INPUT 1 "clear";
    .port_info 1 /INPUT 1 "clock";
    .port_info 2 /INPUT 1 "enable";
    .port_info 3 /INPUT 32 "data_in";
    .port_info 4 /OUTPUT 9 "data_out";
P_0x14f68e2f0 .param/l "DATA_WIDTH" 0 24 1, +C4<00000000000000000000000000100000>;
P_0x14f68e330 .param/l "INIT" 0 24 1, C4<00000000000000000000000000000000>;
v0x14f68e480_0 .net "clear", 0 0, v0x14f60dd10_0;  alias, 1 drivers
v0x14f68e510_0 .net "clock", 0 0, v0x14f6a0ac0_0;  alias, 1 drivers
v0x14f68e5b0_0 .net "data_in", 31 0, v0x14f68ad80_0;  alias, 1 drivers
v0x14f68e660_0 .net "data_out", 8 0, L_0x158d0d680;  alias, 1 drivers
v0x14f68e700_0 .net8 "enable", 0 0, RS_0x150050280;  alias, 2 drivers
v0x14f68e7d0_0 .var "q", 31 0;
L_0x158d0d680 .part v0x14f68e7d0_0, 0, 9;
S_0x14f68e8f0 .scope module, "mdr" "MDR" 3 266, 25 1 0, S_0x14f60f5a0;
 .timescale -9 -11;
    .port_info 0 /INPUT 32 "BusMuxOut";
    .port_info 1 /INPUT 32 "Mdatain";
    .port_info 2 /INPUT 1 "Clock";
    .port_info 3 /INPUT 1 "Clear";
    .port_info 4 /INPUT 1 "MDRin";
    .port_info 5 /INPUT 1 "Read";
    .port_info 6 /OUTPUT 32 "BusMuxIn_MDR";
P_0x14f68eab0 .param/l "DATA_WIDTH" 0 25 1, +C4<00000000000000000000000000100000>;
v0x14f68ed00_0 .var "BusMuxIn_MDR", 31 0;
v0x14f68edd0_0 .net "BusMuxOut", 31 0, v0x14f68ad80_0;  alias, 1 drivers
v0x14f68ee60_0 .net "Clear", 0 0, v0x14f60dd10_0;  alias, 1 drivers
v0x14f68eef0_0 .net "Clock", 0 0, v0x14f6a0ac0_0;  alias, 1 drivers
v0x14f68ef80_0 .var "MDMuxout", 31 0;
v0x14f68f010_0 .net8 "MDRin", 0 0, RS_0x1500502b0;  alias, 2 drivers
v0x14f68f0a0_0 .net "Mdatain", 31 0, v0x14f6908e0_0;  alias, 1 drivers
v0x14f68f130_0 .net8 "Read", 0 0, RS_0x1500503d0;  alias, 2 drivers
E_0x14f68ecc0 .event anyedge, v0x14f62d7c0_0, v0x14f64a240_0, v0x14f68f0a0_0;
S_0x14f68f280 .scope module, "out_port" "Out_port" 3 61, 26 1 0, S_0x14f60f5a0;
 .timescale -9 -11;
    .port_info 0 /INPUT 1 "clear";
    .port_info 1 /INPUT 1 "clock";
    .port_info 2 /INPUT 1 "enable";
    .port_info 3 /INPUT 32 "data_in";
    .port_info 4 /OUTPUT 32 "data_out";
P_0x14f68f440 .param/l "DATA_WIDTH" 0 26 1, +C4<00000000000000000000000000100000>;
P_0x14f68f480 .param/l "INIT" 0 26 1, C4<00000000000000000000000000000000>;
L_0x14f6a21b0 .functor BUFZ 32, v0x14f68f950_0, C4<00000000000000000000000000000000>, C4<00000000000000000000000000000000>, C4<00000000000000000000000000000000>;
v0x14f68f5f0_0 .net "clear", 0 0, v0x14f60dd10_0;  alias, 1 drivers
v0x14f68f690_0 .net "clock", 0 0, v0x14f6a0ac0_0;  alias, 1 drivers
v0x14f68f730_0 .net "data_in", 31 0, v0x14f68ad80_0;  alias, 1 drivers
v0x14f68f7e0_0 .net "data_out", 31 0, L_0x14f6a21b0;  alias, 1 drivers
v0x14f68f880_0 .net "enable", 0 0, v0x14f62d530_0;  alias, 1 drivers
v0x14f68f950_0 .var "q", 31 0;
S_0x14f68fa70 .scope module, "pc_register" "PC" 3 198, 27 1 0, S_0x14f60f5a0;
 .timescale -9 -11;
    .port_info 0 /INPUT 1 "clear";
    .port_info 1 /INPUT 1 "clock";
    .port_info 2 /INPUT 1 "enable";
    .port_info 3 /INPUT 32 "data_in";
    .port_info 4 /OUTPUT 32 "data_out";
P_0x14f68fc30 .param/l "DATA_WIDTH" 0 27 1, +C4<00000000000000000000000000100000>;
P_0x14f68fc70 .param/l "INIT" 0 27 1, C4<00000000000000000000000000000000>;
L_0x14f6a3b40 .functor BUFZ 32, v0x14f6902e0_0, C4<00000000000000000000000000000000>, C4<00000000000000000000000000000000>, C4<00000000000000000000000000000000>;
v0x14f68fe00_0 .net "clear", 0 0, v0x14f60dd10_0;  alias, 1 drivers
v0x14f68ff90_0 .net "clock", 0 0, v0x14f6a0ac0_0;  alias, 1 drivers
v0x14f690130_0 .net "data_in", 31 0, v0x14f68ad80_0;  alias, 1 drivers
v0x14f6901c0_0 .net "data_out", 31 0, L_0x14f6a3b40;  alias, 1 drivers
v0x14f690250_0 .net8 "enable", 0 0, RS_0x150050310;  alias, 2 drivers
v0x14f6902e0_0 .var "q", 31 0;
S_0x14f690370 .scope module, "ram" "RAM" 3 284, 28 1 0, S_0x14f60f5a0;
 .timescale -9 -11;
    .port_info 0 /INPUT 1 "read";
    .port_info 1 /INPUT 1 "write";
    .port_info 2 /INPUT 32 "data_in";
    .port_info 3 /OUTPUT 32 "data_out";
    .port_info 4 /INPUT 9 "address";
P_0x14f690530 .param/l "DATA_WIDTH" 0 28 1, +C4<00000000000000000000000000100000>;
P_0x14f690570 .param/l "size" 1 28 9, +C4<00000000000000000000001000000000>;
v0x14f690740_0 .net "address", 8 0, L_0x158d0d680;  alias, 1 drivers
v0x14f690810_0 .net "data_in", 31 0, v0x14f68ed00_0;  alias, 1 drivers
v0x14f6908e0_0 .var "data_out", 31 0;
v0x14f690990 .array "memory", 511 0, 31 0;
v0x14f692a20_0 .net8 "read", 0 0, RS_0x150050370;  alias, 2 drivers
v0x14f692af0_0 .net8 "write", 0 0, RS_0x1500503a0;  alias, 2 drivers
v0x14f690990_0 .array/port v0x14f690990, 0;
E_0x14f690700/0 .event anyedge, v0x14f62d730_0, v0x14f6890a0_0, v0x14f68e660_0, v0x14f690990_0;
v0x14f690990_1 .array/port v0x14f690990, 1;
v0x14f690990_2 .array/port v0x14f690990, 2;
v0x14f690990_3 .array/port v0x14f690990, 3;
v0x14f690990_4 .array/port v0x14f690990, 4;
E_0x14f690700/1 .event anyedge, v0x14f690990_1, v0x14f690990_2, v0x14f690990_3, v0x14f690990_4;
v0x14f690990_5 .array/port v0x14f690990, 5;
v0x14f690990_6 .array/port v0x14f690990, 6;
v0x14f690990_7 .array/port v0x14f690990, 7;
v0x14f690990_8 .array/port v0x14f690990, 8;
E_0x14f690700/2 .event anyedge, v0x14f690990_5, v0x14f690990_6, v0x14f690990_7, v0x14f690990_8;
v0x14f690990_9 .array/port v0x14f690990, 9;
v0x14f690990_10 .array/port v0x14f690990, 10;
v0x14f690990_11 .array/port v0x14f690990, 11;
v0x14f690990_12 .array/port v0x14f690990, 12;
E_0x14f690700/3 .event anyedge, v0x14f690990_9, v0x14f690990_10, v0x14f690990_11, v0x14f690990_12;
v0x14f690990_13 .array/port v0x14f690990, 13;
v0x14f690990_14 .array/port v0x14f690990, 14;
v0x14f690990_15 .array/port v0x14f690990, 15;
v0x14f690990_16 .array/port v0x14f690990, 16;
E_0x14f690700/4 .event anyedge, v0x14f690990_13, v0x14f690990_14, v0x14f690990_15, v0x14f690990_16;
v0x14f690990_17 .array/port v0x14f690990, 17;
v0x14f690990_18 .array/port v0x14f690990, 18;
v0x14f690990_19 .array/port v0x14f690990, 19;
v0x14f690990_20 .array/port v0x14f690990, 20;
E_0x14f690700/5 .event anyedge, v0x14f690990_17, v0x14f690990_18, v0x14f690990_19, v0x14f690990_20;
v0x14f690990_21 .array/port v0x14f690990, 21;
v0x14f690990_22 .array/port v0x14f690990, 22;
v0x14f690990_23 .array/port v0x14f690990, 23;
v0x14f690990_24 .array/port v0x14f690990, 24;
E_0x14f690700/6 .event anyedge, v0x14f690990_21, v0x14f690990_22, v0x14f690990_23, v0x14f690990_24;
v0x14f690990_25 .array/port v0x14f690990, 25;
v0x14f690990_26 .array/port v0x14f690990, 26;
v0x14f690990_27 .array/port v0x14f690990, 27;
v0x14f690990_28 .array/port v0x14f690990, 28;
E_0x14f690700/7 .event anyedge, v0x14f690990_25, v0x14f690990_26, v0x14f690990_27, v0x14f690990_28;
v0x14f690990_29 .array/port v0x14f690990, 29;
v0x14f690990_30 .array/port v0x14f690990, 30;
v0x14f690990_31 .array/port v0x14f690990, 31;
v0x14f690990_32 .array/port v0x14f690990, 32;
E_0x14f690700/8 .event anyedge, v0x14f690990_29, v0x14f690990_30, v0x14f690990_31, v0x14f690990_32;
v0x14f690990_33 .array/port v0x14f690990, 33;
v0x14f690990_34 .array/port v0x14f690990, 34;
v0x14f690990_35 .array/port v0x14f690990, 35;
v0x14f690990_36 .array/port v0x14f690990, 36;
E_0x14f690700/9 .event anyedge, v0x14f690990_33, v0x14f690990_34, v0x14f690990_35, v0x14f690990_36;
v0x14f690990_37 .array/port v0x14f690990, 37;
v0x14f690990_38 .array/port v0x14f690990, 38;
v0x14f690990_39 .array/port v0x14f690990, 39;
v0x14f690990_40 .array/port v0x14f690990, 40;
E_0x14f690700/10 .event anyedge, v0x14f690990_37, v0x14f690990_38, v0x14f690990_39, v0x14f690990_40;
v0x14f690990_41 .array/port v0x14f690990, 41;
v0x14f690990_42 .array/port v0x14f690990, 42;
v0x14f690990_43 .array/port v0x14f690990, 43;
v0x14f690990_44 .array/port v0x14f690990, 44;
E_0x14f690700/11 .event anyedge, v0x14f690990_41, v0x14f690990_42, v0x14f690990_43, v0x14f690990_44;
v0x14f690990_45 .array/port v0x14f690990, 45;
v0x14f690990_46 .array/port v0x14f690990, 46;
v0x14f690990_47 .array/port v0x14f690990, 47;
v0x14f690990_48 .array/port v0x14f690990, 48;
E_0x14f690700/12 .event anyedge, v0x14f690990_45, v0x14f690990_46, v0x14f690990_47, v0x14f690990_48;
v0x14f690990_49 .array/port v0x14f690990, 49;
v0x14f690990_50 .array/port v0x14f690990, 50;
v0x14f690990_51 .array/port v0x14f690990, 51;
v0x14f690990_52 .array/port v0x14f690990, 52;
E_0x14f690700/13 .event anyedge, v0x14f690990_49, v0x14f690990_50, v0x14f690990_51, v0x14f690990_52;
v0x14f690990_53 .array/port v0x14f690990, 53;
v0x14f690990_54 .array/port v0x14f690990, 54;
v0x14f690990_55 .array/port v0x14f690990, 55;
v0x14f690990_56 .array/port v0x14f690990, 56;
E_0x14f690700/14 .event anyedge, v0x14f690990_53, v0x14f690990_54, v0x14f690990_55, v0x14f690990_56;
v0x14f690990_57 .array/port v0x14f690990, 57;
v0x14f690990_58 .array/port v0x14f690990, 58;
v0x14f690990_59 .array/port v0x14f690990, 59;
v0x14f690990_60 .array/port v0x14f690990, 60;
E_0x14f690700/15 .event anyedge, v0x14f690990_57, v0x14f690990_58, v0x14f690990_59, v0x14f690990_60;
v0x14f690990_61 .array/port v0x14f690990, 61;
v0x14f690990_62 .array/port v0x14f690990, 62;
v0x14f690990_63 .array/port v0x14f690990, 63;
v0x14f690990_64 .array/port v0x14f690990, 64;
E_0x14f690700/16 .event anyedge, v0x14f690990_61, v0x14f690990_62, v0x14f690990_63, v0x14f690990_64;
v0x14f690990_65 .array/port v0x14f690990, 65;
v0x14f690990_66 .array/port v0x14f690990, 66;
v0x14f690990_67 .array/port v0x14f690990, 67;
v0x14f690990_68 .array/port v0x14f690990, 68;
E_0x14f690700/17 .event anyedge, v0x14f690990_65, v0x14f690990_66, v0x14f690990_67, v0x14f690990_68;
v0x14f690990_69 .array/port v0x14f690990, 69;
v0x14f690990_70 .array/port v0x14f690990, 70;
v0x14f690990_71 .array/port v0x14f690990, 71;
v0x14f690990_72 .array/port v0x14f690990, 72;
E_0x14f690700/18 .event anyedge, v0x14f690990_69, v0x14f690990_70, v0x14f690990_71, v0x14f690990_72;
v0x14f690990_73 .array/port v0x14f690990, 73;
v0x14f690990_74 .array/port v0x14f690990, 74;
v0x14f690990_75 .array/port v0x14f690990, 75;
v0x14f690990_76 .array/port v0x14f690990, 76;
E_0x14f690700/19 .event anyedge, v0x14f690990_73, v0x14f690990_74, v0x14f690990_75, v0x14f690990_76;
v0x14f690990_77 .array/port v0x14f690990, 77;
v0x14f690990_78 .array/port v0x14f690990, 78;
v0x14f690990_79 .array/port v0x14f690990, 79;
v0x14f690990_80 .array/port v0x14f690990, 80;
E_0x14f690700/20 .event anyedge, v0x14f690990_77, v0x14f690990_78, v0x14f690990_79, v0x14f690990_80;
v0x14f690990_81 .array/port v0x14f690990, 81;
v0x14f690990_82 .array/port v0x14f690990, 82;
v0x14f690990_83 .array/port v0x14f690990, 83;
v0x14f690990_84 .array/port v0x14f690990, 84;
E_0x14f690700/21 .event anyedge, v0x14f690990_81, v0x14f690990_82, v0x14f690990_83, v0x14f690990_84;
v0x14f690990_85 .array/port v0x14f690990, 85;
v0x14f690990_86 .array/port v0x14f690990, 86;
v0x14f690990_87 .array/port v0x14f690990, 87;
v0x14f690990_88 .array/port v0x14f690990, 88;
E_0x14f690700/22 .event anyedge, v0x14f690990_85, v0x14f690990_86, v0x14f690990_87, v0x14f690990_88;
v0x14f690990_89 .array/port v0x14f690990, 89;
v0x14f690990_90 .array/port v0x14f690990, 90;
v0x14f690990_91 .array/port v0x14f690990, 91;
v0x14f690990_92 .array/port v0x14f690990, 92;
E_0x14f690700/23 .event anyedge, v0x14f690990_89, v0x14f690990_90, v0x14f690990_91, v0x14f690990_92;
v0x14f690990_93 .array/port v0x14f690990, 93;
v0x14f690990_94 .array/port v0x14f690990, 94;
v0x14f690990_95 .array/port v0x14f690990, 95;
v0x14f690990_96 .array/port v0x14f690990, 96;
E_0x14f690700/24 .event anyedge, v0x14f690990_93, v0x14f690990_94, v0x14f690990_95, v0x14f690990_96;
v0x14f690990_97 .array/port v0x14f690990, 97;
v0x14f690990_98 .array/port v0x14f690990, 98;
v0x14f690990_99 .array/port v0x14f690990, 99;
v0x14f690990_100 .array/port v0x14f690990, 100;
E_0x14f690700/25 .event anyedge, v0x14f690990_97, v0x14f690990_98, v0x14f690990_99, v0x14f690990_100;
v0x14f690990_101 .array/port v0x14f690990, 101;
v0x14f690990_102 .array/port v0x14f690990, 102;
v0x14f690990_103 .array/port v0x14f690990, 103;
v0x14f690990_104 .array/port v0x14f690990, 104;
E_0x14f690700/26 .event anyedge, v0x14f690990_101, v0x14f690990_102, v0x14f690990_103, v0x14f690990_104;
v0x14f690990_105 .array/port v0x14f690990, 105;
v0x14f690990_106 .array/port v0x14f690990, 106;
v0x14f690990_107 .array/port v0x14f690990, 107;
v0x14f690990_108 .array/port v0x14f690990, 108;
E_0x14f690700/27 .event anyedge, v0x14f690990_105, v0x14f690990_106, v0x14f690990_107, v0x14f690990_108;
v0x14f690990_109 .array/port v0x14f690990, 109;
v0x14f690990_110 .array/port v0x14f690990, 110;
v0x14f690990_111 .array/port v0x14f690990, 111;
v0x14f690990_112 .array/port v0x14f690990, 112;
E_0x14f690700/28 .event anyedge, v0x14f690990_109, v0x14f690990_110, v0x14f690990_111, v0x14f690990_112;
v0x14f690990_113 .array/port v0x14f690990, 113;
v0x14f690990_114 .array/port v0x14f690990, 114;
v0x14f690990_115 .array/port v0x14f690990, 115;
v0x14f690990_116 .array/port v0x14f690990, 116;
E_0x14f690700/29 .event anyedge, v0x14f690990_113, v0x14f690990_114, v0x14f690990_115, v0x14f690990_116;
v0x14f690990_117 .array/port v0x14f690990, 117;
v0x14f690990_118 .array/port v0x14f690990, 118;
v0x14f690990_119 .array/port v0x14f690990, 119;
v0x14f690990_120 .array/port v0x14f690990, 120;
E_0x14f690700/30 .event anyedge, v0x14f690990_117, v0x14f690990_118, v0x14f690990_119, v0x14f690990_120;
v0x14f690990_121 .array/port v0x14f690990, 121;
v0x14f690990_122 .array/port v0x14f690990, 122;
v0x14f690990_123 .array/port v0x14f690990, 123;
v0x14f690990_124 .array/port v0x14f690990, 124;
E_0x14f690700/31 .event anyedge, v0x14f690990_121, v0x14f690990_122, v0x14f690990_123, v0x14f690990_124;
v0x14f690990_125 .array/port v0x14f690990, 125;
v0x14f690990_126 .array/port v0x14f690990, 126;
v0x14f690990_127 .array/port v0x14f690990, 127;
v0x14f690990_128 .array/port v0x14f690990, 128;
E_0x14f690700/32 .event anyedge, v0x14f690990_125, v0x14f690990_126, v0x14f690990_127, v0x14f690990_128;
v0x14f690990_129 .array/port v0x14f690990, 129;
v0x14f690990_130 .array/port v0x14f690990, 130;
v0x14f690990_131 .array/port v0x14f690990, 131;
v0x14f690990_132 .array/port v0x14f690990, 132;
E_0x14f690700/33 .event anyedge, v0x14f690990_129, v0x14f690990_130, v0x14f690990_131, v0x14f690990_132;
v0x14f690990_133 .array/port v0x14f690990, 133;
v0x14f690990_134 .array/port v0x14f690990, 134;
v0x14f690990_135 .array/port v0x14f690990, 135;
v0x14f690990_136 .array/port v0x14f690990, 136;
E_0x14f690700/34 .event anyedge, v0x14f690990_133, v0x14f690990_134, v0x14f690990_135, v0x14f690990_136;
v0x14f690990_137 .array/port v0x14f690990, 137;
v0x14f690990_138 .array/port v0x14f690990, 138;
v0x14f690990_139 .array/port v0x14f690990, 139;
v0x14f690990_140 .array/port v0x14f690990, 140;
E_0x14f690700/35 .event anyedge, v0x14f690990_137, v0x14f690990_138, v0x14f690990_139, v0x14f690990_140;
v0x14f690990_141 .array/port v0x14f690990, 141;
v0x14f690990_142 .array/port v0x14f690990, 142;
v0x14f690990_143 .array/port v0x14f690990, 143;
v0x14f690990_144 .array/port v0x14f690990, 144;
E_0x14f690700/36 .event anyedge, v0x14f690990_141, v0x14f690990_142, v0x14f690990_143, v0x14f690990_144;
v0x14f690990_145 .array/port v0x14f690990, 145;
v0x14f690990_146 .array/port v0x14f690990, 146;
v0x14f690990_147 .array/port v0x14f690990, 147;
v0x14f690990_148 .array/port v0x14f690990, 148;
E_0x14f690700/37 .event anyedge, v0x14f690990_145, v0x14f690990_146, v0x14f690990_147, v0x14f690990_148;
v0x14f690990_149 .array/port v0x14f690990, 149;
v0x14f690990_150 .array/port v0x14f690990, 150;
v0x14f690990_151 .array/port v0x14f690990, 151;
v0x14f690990_152 .array/port v0x14f690990, 152;
E_0x14f690700/38 .event anyedge, v0x14f690990_149, v0x14f690990_150, v0x14f690990_151, v0x14f690990_152;
v0x14f690990_153 .array/port v0x14f690990, 153;
v0x14f690990_154 .array/port v0x14f690990, 154;
v0x14f690990_155 .array/port v0x14f690990, 155;
v0x14f690990_156 .array/port v0x14f690990, 156;
E_0x14f690700/39 .event anyedge, v0x14f690990_153, v0x14f690990_154, v0x14f690990_155, v0x14f690990_156;
v0x14f690990_157 .array/port v0x14f690990, 157;
v0x14f690990_158 .array/port v0x14f690990, 158;
v0x14f690990_159 .array/port v0x14f690990, 159;
v0x14f690990_160 .array/port v0x14f690990, 160;
E_0x14f690700/40 .event anyedge, v0x14f690990_157, v0x14f690990_158, v0x14f690990_159, v0x14f690990_160;
v0x14f690990_161 .array/port v0x14f690990, 161;
v0x14f690990_162 .array/port v0x14f690990, 162;
v0x14f690990_163 .array/port v0x14f690990, 163;
v0x14f690990_164 .array/port v0x14f690990, 164;
E_0x14f690700/41 .event anyedge, v0x14f690990_161, v0x14f690990_162, v0x14f690990_163, v0x14f690990_164;
v0x14f690990_165 .array/port v0x14f690990, 165;
v0x14f690990_166 .array/port v0x14f690990, 166;
v0x14f690990_167 .array/port v0x14f690990, 167;
v0x14f690990_168 .array/port v0x14f690990, 168;
E_0x14f690700/42 .event anyedge, v0x14f690990_165, v0x14f690990_166, v0x14f690990_167, v0x14f690990_168;
v0x14f690990_169 .array/port v0x14f690990, 169;
v0x14f690990_170 .array/port v0x14f690990, 170;
v0x14f690990_171 .array/port v0x14f690990, 171;
v0x14f690990_172 .array/port v0x14f690990, 172;
E_0x14f690700/43 .event anyedge, v0x14f690990_169, v0x14f690990_170, v0x14f690990_171, v0x14f690990_172;
v0x14f690990_173 .array/port v0x14f690990, 173;
v0x14f690990_174 .array/port v0x14f690990, 174;
v0x14f690990_175 .array/port v0x14f690990, 175;
v0x14f690990_176 .array/port v0x14f690990, 176;
E_0x14f690700/44 .event anyedge, v0x14f690990_173, v0x14f690990_174, v0x14f690990_175, v0x14f690990_176;
v0x14f690990_177 .array/port v0x14f690990, 177;
v0x14f690990_178 .array/port v0x14f690990, 178;
v0x14f690990_179 .array/port v0x14f690990, 179;
v0x14f690990_180 .array/port v0x14f690990, 180;
E_0x14f690700/45 .event anyedge, v0x14f690990_177, v0x14f690990_178, v0x14f690990_179, v0x14f690990_180;
v0x14f690990_181 .array/port v0x14f690990, 181;
v0x14f690990_182 .array/port v0x14f690990, 182;
v0x14f690990_183 .array/port v0x14f690990, 183;
v0x14f690990_184 .array/port v0x14f690990, 184;
E_0x14f690700/46 .event anyedge, v0x14f690990_181, v0x14f690990_182, v0x14f690990_183, v0x14f690990_184;
v0x14f690990_185 .array/port v0x14f690990, 185;
v0x14f690990_186 .array/port v0x14f690990, 186;
v0x14f690990_187 .array/port v0x14f690990, 187;
v0x14f690990_188 .array/port v0x14f690990, 188;
E_0x14f690700/47 .event anyedge, v0x14f690990_185, v0x14f690990_186, v0x14f690990_187, v0x14f690990_188;
v0x14f690990_189 .array/port v0x14f690990, 189;
v0x14f690990_190 .array/port v0x14f690990, 190;
v0x14f690990_191 .array/port v0x14f690990, 191;
v0x14f690990_192 .array/port v0x14f690990, 192;
E_0x14f690700/48 .event anyedge, v0x14f690990_189, v0x14f690990_190, v0x14f690990_191, v0x14f690990_192;
v0x14f690990_193 .array/port v0x14f690990, 193;
v0x14f690990_194 .array/port v0x14f690990, 194;
v0x14f690990_195 .array/port v0x14f690990, 195;
v0x14f690990_196 .array/port v0x14f690990, 196;
E_0x14f690700/49 .event anyedge, v0x14f690990_193, v0x14f690990_194, v0x14f690990_195, v0x14f690990_196;
v0x14f690990_197 .array/port v0x14f690990, 197;
v0x14f690990_198 .array/port v0x14f690990, 198;
v0x14f690990_199 .array/port v0x14f690990, 199;
v0x14f690990_200 .array/port v0x14f690990, 200;
E_0x14f690700/50 .event anyedge, v0x14f690990_197, v0x14f690990_198, v0x14f690990_199, v0x14f690990_200;
v0x14f690990_201 .array/port v0x14f690990, 201;
v0x14f690990_202 .array/port v0x14f690990, 202;
v0x14f690990_203 .array/port v0x14f690990, 203;
v0x14f690990_204 .array/port v0x14f690990, 204;
E_0x14f690700/51 .event anyedge, v0x14f690990_201, v0x14f690990_202, v0x14f690990_203, v0x14f690990_204;
v0x14f690990_205 .array/port v0x14f690990, 205;
v0x14f690990_206 .array/port v0x14f690990, 206;
v0x14f690990_207 .array/port v0x14f690990, 207;
v0x14f690990_208 .array/port v0x14f690990, 208;
E_0x14f690700/52 .event anyedge, v0x14f690990_205, v0x14f690990_206, v0x14f690990_207, v0x14f690990_208;
v0x14f690990_209 .array/port v0x14f690990, 209;
v0x14f690990_210 .array/port v0x14f690990, 210;
v0x14f690990_211 .array/port v0x14f690990, 211;
v0x14f690990_212 .array/port v0x14f690990, 212;
E_0x14f690700/53 .event anyedge, v0x14f690990_209, v0x14f690990_210, v0x14f690990_211, v0x14f690990_212;
v0x14f690990_213 .array/port v0x14f690990, 213;
v0x14f690990_214 .array/port v0x14f690990, 214;
v0x14f690990_215 .array/port v0x14f690990, 215;
v0x14f690990_216 .array/port v0x14f690990, 216;
E_0x14f690700/54 .event anyedge, v0x14f690990_213, v0x14f690990_214, v0x14f690990_215, v0x14f690990_216;
v0x14f690990_217 .array/port v0x14f690990, 217;
v0x14f690990_218 .array/port v0x14f690990, 218;
v0x14f690990_219 .array/port v0x14f690990, 219;
v0x14f690990_220 .array/port v0x14f690990, 220;
E_0x14f690700/55 .event anyedge, v0x14f690990_217, v0x14f690990_218, v0x14f690990_219, v0x14f690990_220;
v0x14f690990_221 .array/port v0x14f690990, 221;
v0x14f690990_222 .array/port v0x14f690990, 222;
v0x14f690990_223 .array/port v0x14f690990, 223;
v0x14f690990_224 .array/port v0x14f690990, 224;
E_0x14f690700/56 .event anyedge, v0x14f690990_221, v0x14f690990_222, v0x14f690990_223, v0x14f690990_224;
v0x14f690990_225 .array/port v0x14f690990, 225;
v0x14f690990_226 .array/port v0x14f690990, 226;
v0x14f690990_227 .array/port v0x14f690990, 227;
v0x14f690990_228 .array/port v0x14f690990, 228;
E_0x14f690700/57 .event anyedge, v0x14f690990_225, v0x14f690990_226, v0x14f690990_227, v0x14f690990_228;
v0x14f690990_229 .array/port v0x14f690990, 229;
v0x14f690990_230 .array/port v0x14f690990, 230;
v0x14f690990_231 .array/port v0x14f690990, 231;
v0x14f690990_232 .array/port v0x14f690990, 232;
E_0x14f690700/58 .event anyedge, v0x14f690990_229, v0x14f690990_230, v0x14f690990_231, v0x14f690990_232;
v0x14f690990_233 .array/port v0x14f690990, 233;
v0x14f690990_234 .array/port v0x14f690990, 234;
v0x14f690990_235 .array/port v0x14f690990, 235;
v0x14f690990_236 .array/port v0x14f690990, 236;
E_0x14f690700/59 .event anyedge, v0x14f690990_233, v0x14f690990_234, v0x14f690990_235, v0x14f690990_236;
v0x14f690990_237 .array/port v0x14f690990, 237;
v0x14f690990_238 .array/port v0x14f690990, 238;
v0x14f690990_239 .array/port v0x14f690990, 239;
v0x14f690990_240 .array/port v0x14f690990, 240;
E_0x14f690700/60 .event anyedge, v0x14f690990_237, v0x14f690990_238, v0x14f690990_239, v0x14f690990_240;
v0x14f690990_241 .array/port v0x14f690990, 241;
v0x14f690990_242 .array/port v0x14f690990, 242;
v0x14f690990_243 .array/port v0x14f690990, 243;
v0x14f690990_244 .array/port v0x14f690990, 244;
E_0x14f690700/61 .event anyedge, v0x14f690990_241, v0x14f690990_242, v0x14f690990_243, v0x14f690990_244;
v0x14f690990_245 .array/port v0x14f690990, 245;
v0x14f690990_246 .array/port v0x14f690990, 246;
v0x14f690990_247 .array/port v0x14f690990, 247;
v0x14f690990_248 .array/port v0x14f690990, 248;
E_0x14f690700/62 .event anyedge, v0x14f690990_245, v0x14f690990_246, v0x14f690990_247, v0x14f690990_248;
v0x14f690990_249 .array/port v0x14f690990, 249;
v0x14f690990_250 .array/port v0x14f690990, 250;
v0x14f690990_251 .array/port v0x14f690990, 251;
v0x14f690990_252 .array/port v0x14f690990, 252;
E_0x14f690700/63 .event anyedge, v0x14f690990_249, v0x14f690990_250, v0x14f690990_251, v0x14f690990_252;
v0x14f690990_253 .array/port v0x14f690990, 253;
v0x14f690990_254 .array/port v0x14f690990, 254;
v0x14f690990_255 .array/port v0x14f690990, 255;
v0x14f690990_256 .array/port v0x14f690990, 256;
E_0x14f690700/64 .event anyedge, v0x14f690990_253, v0x14f690990_254, v0x14f690990_255, v0x14f690990_256;
v0x14f690990_257 .array/port v0x14f690990, 257;
v0x14f690990_258 .array/port v0x14f690990, 258;
v0x14f690990_259 .array/port v0x14f690990, 259;
v0x14f690990_260 .array/port v0x14f690990, 260;
E_0x14f690700/65 .event anyedge, v0x14f690990_257, v0x14f690990_258, v0x14f690990_259, v0x14f690990_260;
v0x14f690990_261 .array/port v0x14f690990, 261;
v0x14f690990_262 .array/port v0x14f690990, 262;
v0x14f690990_263 .array/port v0x14f690990, 263;
v0x14f690990_264 .array/port v0x14f690990, 264;
E_0x14f690700/66 .event anyedge, v0x14f690990_261, v0x14f690990_262, v0x14f690990_263, v0x14f690990_264;
v0x14f690990_265 .array/port v0x14f690990, 265;
v0x14f690990_266 .array/port v0x14f690990, 266;
v0x14f690990_267 .array/port v0x14f690990, 267;
v0x14f690990_268 .array/port v0x14f690990, 268;
E_0x14f690700/67 .event anyedge, v0x14f690990_265, v0x14f690990_266, v0x14f690990_267, v0x14f690990_268;
v0x14f690990_269 .array/port v0x14f690990, 269;
v0x14f690990_270 .array/port v0x14f690990, 270;
v0x14f690990_271 .array/port v0x14f690990, 271;
v0x14f690990_272 .array/port v0x14f690990, 272;
E_0x14f690700/68 .event anyedge, v0x14f690990_269, v0x14f690990_270, v0x14f690990_271, v0x14f690990_272;
v0x14f690990_273 .array/port v0x14f690990, 273;
v0x14f690990_274 .array/port v0x14f690990, 274;
v0x14f690990_275 .array/port v0x14f690990, 275;
v0x14f690990_276 .array/port v0x14f690990, 276;
E_0x14f690700/69 .event anyedge, v0x14f690990_273, v0x14f690990_274, v0x14f690990_275, v0x14f690990_276;
v0x14f690990_277 .array/port v0x14f690990, 277;
v0x14f690990_278 .array/port v0x14f690990, 278;
v0x14f690990_279 .array/port v0x14f690990, 279;
v0x14f690990_280 .array/port v0x14f690990, 280;
E_0x14f690700/70 .event anyedge, v0x14f690990_277, v0x14f690990_278, v0x14f690990_279, v0x14f690990_280;
v0x14f690990_281 .array/port v0x14f690990, 281;
v0x14f690990_282 .array/port v0x14f690990, 282;
v0x14f690990_283 .array/port v0x14f690990, 283;
v0x14f690990_284 .array/port v0x14f690990, 284;
E_0x14f690700/71 .event anyedge, v0x14f690990_281, v0x14f690990_282, v0x14f690990_283, v0x14f690990_284;
v0x14f690990_285 .array/port v0x14f690990, 285;
v0x14f690990_286 .array/port v0x14f690990, 286;
v0x14f690990_287 .array/port v0x14f690990, 287;
v0x14f690990_288 .array/port v0x14f690990, 288;
E_0x14f690700/72 .event anyedge, v0x14f690990_285, v0x14f690990_286, v0x14f690990_287, v0x14f690990_288;
v0x14f690990_289 .array/port v0x14f690990, 289;
v0x14f690990_290 .array/port v0x14f690990, 290;
v0x14f690990_291 .array/port v0x14f690990, 291;
v0x14f690990_292 .array/port v0x14f690990, 292;
E_0x14f690700/73 .event anyedge, v0x14f690990_289, v0x14f690990_290, v0x14f690990_291, v0x14f690990_292;
v0x14f690990_293 .array/port v0x14f690990, 293;
v0x14f690990_294 .array/port v0x14f690990, 294;
v0x14f690990_295 .array/port v0x14f690990, 295;
v0x14f690990_296 .array/port v0x14f690990, 296;
E_0x14f690700/74 .event anyedge, v0x14f690990_293, v0x14f690990_294, v0x14f690990_295, v0x14f690990_296;
v0x14f690990_297 .array/port v0x14f690990, 297;
v0x14f690990_298 .array/port v0x14f690990, 298;
v0x14f690990_299 .array/port v0x14f690990, 299;
v0x14f690990_300 .array/port v0x14f690990, 300;
E_0x14f690700/75 .event anyedge, v0x14f690990_297, v0x14f690990_298, v0x14f690990_299, v0x14f690990_300;
v0x14f690990_301 .array/port v0x14f690990, 301;
v0x14f690990_302 .array/port v0x14f690990, 302;
v0x14f690990_303 .array/port v0x14f690990, 303;
v0x14f690990_304 .array/port v0x14f690990, 304;
E_0x14f690700/76 .event anyedge, v0x14f690990_301, v0x14f690990_302, v0x14f690990_303, v0x14f690990_304;
v0x14f690990_305 .array/port v0x14f690990, 305;
v0x14f690990_306 .array/port v0x14f690990, 306;
v0x14f690990_307 .array/port v0x14f690990, 307;
v0x14f690990_308 .array/port v0x14f690990, 308;
E_0x14f690700/77 .event anyedge, v0x14f690990_305, v0x14f690990_306, v0x14f690990_307, v0x14f690990_308;
v0x14f690990_309 .array/port v0x14f690990, 309;
v0x14f690990_310 .array/port v0x14f690990, 310;
v0x14f690990_311 .array/port v0x14f690990, 311;
v0x14f690990_312 .array/port v0x14f690990, 312;
E_0x14f690700/78 .event anyedge, v0x14f690990_309, v0x14f690990_310, v0x14f690990_311, v0x14f690990_312;
v0x14f690990_313 .array/port v0x14f690990, 313;
v0x14f690990_314 .array/port v0x14f690990, 314;
v0x14f690990_315 .array/port v0x14f690990, 315;
v0x14f690990_316 .array/port v0x14f690990, 316;
E_0x14f690700/79 .event anyedge, v0x14f690990_313, v0x14f690990_314, v0x14f690990_315, v0x14f690990_316;
v0x14f690990_317 .array/port v0x14f690990, 317;
v0x14f690990_318 .array/port v0x14f690990, 318;
v0x14f690990_319 .array/port v0x14f690990, 319;
v0x14f690990_320 .array/port v0x14f690990, 320;
E_0x14f690700/80 .event anyedge, v0x14f690990_317, v0x14f690990_318, v0x14f690990_319, v0x14f690990_320;
v0x14f690990_321 .array/port v0x14f690990, 321;
v0x14f690990_322 .array/port v0x14f690990, 322;
v0x14f690990_323 .array/port v0x14f690990, 323;
v0x14f690990_324 .array/port v0x14f690990, 324;
E_0x14f690700/81 .event anyedge, v0x14f690990_321, v0x14f690990_322, v0x14f690990_323, v0x14f690990_324;
v0x14f690990_325 .array/port v0x14f690990, 325;
v0x14f690990_326 .array/port v0x14f690990, 326;
v0x14f690990_327 .array/port v0x14f690990, 327;
v0x14f690990_328 .array/port v0x14f690990, 328;
E_0x14f690700/82 .event anyedge, v0x14f690990_325, v0x14f690990_326, v0x14f690990_327, v0x14f690990_328;
v0x14f690990_329 .array/port v0x14f690990, 329;
v0x14f690990_330 .array/port v0x14f690990, 330;
v0x14f690990_331 .array/port v0x14f690990, 331;
v0x14f690990_332 .array/port v0x14f690990, 332;
E_0x14f690700/83 .event anyedge, v0x14f690990_329, v0x14f690990_330, v0x14f690990_331, v0x14f690990_332;
v0x14f690990_333 .array/port v0x14f690990, 333;
v0x14f690990_334 .array/port v0x14f690990, 334;
v0x14f690990_335 .array/port v0x14f690990, 335;
v0x14f690990_336 .array/port v0x14f690990, 336;
E_0x14f690700/84 .event anyedge, v0x14f690990_333, v0x14f690990_334, v0x14f690990_335, v0x14f690990_336;
v0x14f690990_337 .array/port v0x14f690990, 337;
v0x14f690990_338 .array/port v0x14f690990, 338;
v0x14f690990_339 .array/port v0x14f690990, 339;
v0x14f690990_340 .array/port v0x14f690990, 340;
E_0x14f690700/85 .event anyedge, v0x14f690990_337, v0x14f690990_338, v0x14f690990_339, v0x14f690990_340;
v0x14f690990_341 .array/port v0x14f690990, 341;
v0x14f690990_342 .array/port v0x14f690990, 342;
v0x14f690990_343 .array/port v0x14f690990, 343;
v0x14f690990_344 .array/port v0x14f690990, 344;
E_0x14f690700/86 .event anyedge, v0x14f690990_341, v0x14f690990_342, v0x14f690990_343, v0x14f690990_344;
v0x14f690990_345 .array/port v0x14f690990, 345;
v0x14f690990_346 .array/port v0x14f690990, 346;
v0x14f690990_347 .array/port v0x14f690990, 347;
v0x14f690990_348 .array/port v0x14f690990, 348;
E_0x14f690700/87 .event anyedge, v0x14f690990_345, v0x14f690990_346, v0x14f690990_347, v0x14f690990_348;
v0x14f690990_349 .array/port v0x14f690990, 349;
v0x14f690990_350 .array/port v0x14f690990, 350;
v0x14f690990_351 .array/port v0x14f690990, 351;
v0x14f690990_352 .array/port v0x14f690990, 352;
E_0x14f690700/88 .event anyedge, v0x14f690990_349, v0x14f690990_350, v0x14f690990_351, v0x14f690990_352;
v0x14f690990_353 .array/port v0x14f690990, 353;
v0x14f690990_354 .array/port v0x14f690990, 354;
v0x14f690990_355 .array/port v0x14f690990, 355;
v0x14f690990_356 .array/port v0x14f690990, 356;
E_0x14f690700/89 .event anyedge, v0x14f690990_353, v0x14f690990_354, v0x14f690990_355, v0x14f690990_356;
v0x14f690990_357 .array/port v0x14f690990, 357;
v0x14f690990_358 .array/port v0x14f690990, 358;
v0x14f690990_359 .array/port v0x14f690990, 359;
v0x14f690990_360 .array/port v0x14f690990, 360;
E_0x14f690700/90 .event anyedge, v0x14f690990_357, v0x14f690990_358, v0x14f690990_359, v0x14f690990_360;
v0x14f690990_361 .array/port v0x14f690990, 361;
v0x14f690990_362 .array/port v0x14f690990, 362;
v0x14f690990_363 .array/port v0x14f690990, 363;
v0x14f690990_364 .array/port v0x14f690990, 364;
E_0x14f690700/91 .event anyedge, v0x14f690990_361, v0x14f690990_362, v0x14f690990_363, v0x14f690990_364;
v0x14f690990_365 .array/port v0x14f690990, 365;
v0x14f690990_366 .array/port v0x14f690990, 366;
v0x14f690990_367 .array/port v0x14f690990, 367;
v0x14f690990_368 .array/port v0x14f690990, 368;
E_0x14f690700/92 .event anyedge, v0x14f690990_365, v0x14f690990_366, v0x14f690990_367, v0x14f690990_368;
v0x14f690990_369 .array/port v0x14f690990, 369;
v0x14f690990_370 .array/port v0x14f690990, 370;
v0x14f690990_371 .array/port v0x14f690990, 371;
v0x14f690990_372 .array/port v0x14f690990, 372;
E_0x14f690700/93 .event anyedge, v0x14f690990_369, v0x14f690990_370, v0x14f690990_371, v0x14f690990_372;
v0x14f690990_373 .array/port v0x14f690990, 373;
v0x14f690990_374 .array/port v0x14f690990, 374;
v0x14f690990_375 .array/port v0x14f690990, 375;
v0x14f690990_376 .array/port v0x14f690990, 376;
E_0x14f690700/94 .event anyedge, v0x14f690990_373, v0x14f690990_374, v0x14f690990_375, v0x14f690990_376;
v0x14f690990_377 .array/port v0x14f690990, 377;
v0x14f690990_378 .array/port v0x14f690990, 378;
v0x14f690990_379 .array/port v0x14f690990, 379;
v0x14f690990_380 .array/port v0x14f690990, 380;
E_0x14f690700/95 .event anyedge, v0x14f690990_377, v0x14f690990_378, v0x14f690990_379, v0x14f690990_380;
v0x14f690990_381 .array/port v0x14f690990, 381;
v0x14f690990_382 .array/port v0x14f690990, 382;
v0x14f690990_383 .array/port v0x14f690990, 383;
v0x14f690990_384 .array/port v0x14f690990, 384;
E_0x14f690700/96 .event anyedge, v0x14f690990_381, v0x14f690990_382, v0x14f690990_383, v0x14f690990_384;
v0x14f690990_385 .array/port v0x14f690990, 385;
v0x14f690990_386 .array/port v0x14f690990, 386;
v0x14f690990_387 .array/port v0x14f690990, 387;
v0x14f690990_388 .array/port v0x14f690990, 388;
E_0x14f690700/97 .event anyedge, v0x14f690990_385, v0x14f690990_386, v0x14f690990_387, v0x14f690990_388;
v0x14f690990_389 .array/port v0x14f690990, 389;
v0x14f690990_390 .array/port v0x14f690990, 390;
v0x14f690990_391 .array/port v0x14f690990, 391;
v0x14f690990_392 .array/port v0x14f690990, 392;
E_0x14f690700/98 .event anyedge, v0x14f690990_389, v0x14f690990_390, v0x14f690990_391, v0x14f690990_392;
v0x14f690990_393 .array/port v0x14f690990, 393;
v0x14f690990_394 .array/port v0x14f690990, 394;
v0x14f690990_395 .array/port v0x14f690990, 395;
v0x14f690990_396 .array/port v0x14f690990, 396;
E_0x14f690700/99 .event anyedge, v0x14f690990_393, v0x14f690990_394, v0x14f690990_395, v0x14f690990_396;
v0x14f690990_397 .array/port v0x14f690990, 397;
v0x14f690990_398 .array/port v0x14f690990, 398;
v0x14f690990_399 .array/port v0x14f690990, 399;
v0x14f690990_400 .array/port v0x14f690990, 400;
E_0x14f690700/100 .event anyedge, v0x14f690990_397, v0x14f690990_398, v0x14f690990_399, v0x14f690990_400;
v0x14f690990_401 .array/port v0x14f690990, 401;
v0x14f690990_402 .array/port v0x14f690990, 402;
v0x14f690990_403 .array/port v0x14f690990, 403;
v0x14f690990_404 .array/port v0x14f690990, 404;
E_0x14f690700/101 .event anyedge, v0x14f690990_401, v0x14f690990_402, v0x14f690990_403, v0x14f690990_404;
v0x14f690990_405 .array/port v0x14f690990, 405;
v0x14f690990_406 .array/port v0x14f690990, 406;
v0x14f690990_407 .array/port v0x14f690990, 407;
v0x14f690990_408 .array/port v0x14f690990, 408;
E_0x14f690700/102 .event anyedge, v0x14f690990_405, v0x14f690990_406, v0x14f690990_407, v0x14f690990_408;
v0x14f690990_409 .array/port v0x14f690990, 409;
v0x14f690990_410 .array/port v0x14f690990, 410;
v0x14f690990_411 .array/port v0x14f690990, 411;
v0x14f690990_412 .array/port v0x14f690990, 412;
E_0x14f690700/103 .event anyedge, v0x14f690990_409, v0x14f690990_410, v0x14f690990_411, v0x14f690990_412;
v0x14f690990_413 .array/port v0x14f690990, 413;
v0x14f690990_414 .array/port v0x14f690990, 414;
v0x14f690990_415 .array/port v0x14f690990, 415;
v0x14f690990_416 .array/port v0x14f690990, 416;
E_0x14f690700/104 .event anyedge, v0x14f690990_413, v0x14f690990_414, v0x14f690990_415, v0x14f690990_416;
v0x14f690990_417 .array/port v0x14f690990, 417;
v0x14f690990_418 .array/port v0x14f690990, 418;
v0x14f690990_419 .array/port v0x14f690990, 419;
v0x14f690990_420 .array/port v0x14f690990, 420;
E_0x14f690700/105 .event anyedge, v0x14f690990_417, v0x14f690990_418, v0x14f690990_419, v0x14f690990_420;
v0x14f690990_421 .array/port v0x14f690990, 421;
v0x14f690990_422 .array/port v0x14f690990, 422;
v0x14f690990_423 .array/port v0x14f690990, 423;
v0x14f690990_424 .array/port v0x14f690990, 424;
E_0x14f690700/106 .event anyedge, v0x14f690990_421, v0x14f690990_422, v0x14f690990_423, v0x14f690990_424;
v0x14f690990_425 .array/port v0x14f690990, 425;
v0x14f690990_426 .array/port v0x14f690990, 426;
v0x14f690990_427 .array/port v0x14f690990, 427;
v0x14f690990_428 .array/port v0x14f690990, 428;
E_0x14f690700/107 .event anyedge, v0x14f690990_425, v0x14f690990_426, v0x14f690990_427, v0x14f690990_428;
v0x14f690990_429 .array/port v0x14f690990, 429;
v0x14f690990_430 .array/port v0x14f690990, 430;
v0x14f690990_431 .array/port v0x14f690990, 431;
v0x14f690990_432 .array/port v0x14f690990, 432;
E_0x14f690700/108 .event anyedge, v0x14f690990_429, v0x14f690990_430, v0x14f690990_431, v0x14f690990_432;
v0x14f690990_433 .array/port v0x14f690990, 433;
v0x14f690990_434 .array/port v0x14f690990, 434;
v0x14f690990_435 .array/port v0x14f690990, 435;
v0x14f690990_436 .array/port v0x14f690990, 436;
E_0x14f690700/109 .event anyedge, v0x14f690990_433, v0x14f690990_434, v0x14f690990_435, v0x14f690990_436;
v0x14f690990_437 .array/port v0x14f690990, 437;
v0x14f690990_438 .array/port v0x14f690990, 438;
v0x14f690990_439 .array/port v0x14f690990, 439;
v0x14f690990_440 .array/port v0x14f690990, 440;
E_0x14f690700/110 .event anyedge, v0x14f690990_437, v0x14f690990_438, v0x14f690990_439, v0x14f690990_440;
v0x14f690990_441 .array/port v0x14f690990, 441;
v0x14f690990_442 .array/port v0x14f690990, 442;
v0x14f690990_443 .array/port v0x14f690990, 443;
v0x14f690990_444 .array/port v0x14f690990, 444;
E_0x14f690700/111 .event anyedge, v0x14f690990_441, v0x14f690990_442, v0x14f690990_443, v0x14f690990_444;
v0x14f690990_445 .array/port v0x14f690990, 445;
v0x14f690990_446 .array/port v0x14f690990, 446;
v0x14f690990_447 .array/port v0x14f690990, 447;
v0x14f690990_448 .array/port v0x14f690990, 448;
E_0x14f690700/112 .event anyedge, v0x14f690990_445, v0x14f690990_446, v0x14f690990_447, v0x14f690990_448;
v0x14f690990_449 .array/port v0x14f690990, 449;
v0x14f690990_450 .array/port v0x14f690990, 450;
v0x14f690990_451 .array/port v0x14f690990, 451;
v0x14f690990_452 .array/port v0x14f690990, 452;
E_0x14f690700/113 .event anyedge, v0x14f690990_449, v0x14f690990_450, v0x14f690990_451, v0x14f690990_452;
v0x14f690990_453 .array/port v0x14f690990, 453;
v0x14f690990_454 .array/port v0x14f690990, 454;
v0x14f690990_455 .array/port v0x14f690990, 455;
v0x14f690990_456 .array/port v0x14f690990, 456;
E_0x14f690700/114 .event anyedge, v0x14f690990_453, v0x14f690990_454, v0x14f690990_455, v0x14f690990_456;
v0x14f690990_457 .array/port v0x14f690990, 457;
v0x14f690990_458 .array/port v0x14f690990, 458;
v0x14f690990_459 .array/port v0x14f690990, 459;
v0x14f690990_460 .array/port v0x14f690990, 460;
E_0x14f690700/115 .event anyedge, v0x14f690990_457, v0x14f690990_458, v0x14f690990_459, v0x14f690990_460;
v0x14f690990_461 .array/port v0x14f690990, 461;
v0x14f690990_462 .array/port v0x14f690990, 462;
v0x14f690990_463 .array/port v0x14f690990, 463;
v0x14f690990_464 .array/port v0x14f690990, 464;
E_0x14f690700/116 .event anyedge, v0x14f690990_461, v0x14f690990_462, v0x14f690990_463, v0x14f690990_464;
v0x14f690990_465 .array/port v0x14f690990, 465;
v0x14f690990_466 .array/port v0x14f690990, 466;
v0x14f690990_467 .array/port v0x14f690990, 467;
v0x14f690990_468 .array/port v0x14f690990, 468;
E_0x14f690700/117 .event anyedge, v0x14f690990_465, v0x14f690990_466, v0x14f690990_467, v0x14f690990_468;
v0x14f690990_469 .array/port v0x14f690990, 469;
v0x14f690990_470 .array/port v0x14f690990, 470;
v0x14f690990_471 .array/port v0x14f690990, 471;
v0x14f690990_472 .array/port v0x14f690990, 472;
E_0x14f690700/118 .event anyedge, v0x14f690990_469, v0x14f690990_470, v0x14f690990_471, v0x14f690990_472;
v0x14f690990_473 .array/port v0x14f690990, 473;
v0x14f690990_474 .array/port v0x14f690990, 474;
v0x14f690990_475 .array/port v0x14f690990, 475;
v0x14f690990_476 .array/port v0x14f690990, 476;
E_0x14f690700/119 .event anyedge, v0x14f690990_473, v0x14f690990_474, v0x14f690990_475, v0x14f690990_476;
v0x14f690990_477 .array/port v0x14f690990, 477;
v0x14f690990_478 .array/port v0x14f690990, 478;
v0x14f690990_479 .array/port v0x14f690990, 479;
v0x14f690990_480 .array/port v0x14f690990, 480;
E_0x14f690700/120 .event anyedge, v0x14f690990_477, v0x14f690990_478, v0x14f690990_479, v0x14f690990_480;
v0x14f690990_481 .array/port v0x14f690990, 481;
v0x14f690990_482 .array/port v0x14f690990, 482;
v0x14f690990_483 .array/port v0x14f690990, 483;
v0x14f690990_484 .array/port v0x14f690990, 484;
E_0x14f690700/121 .event anyedge, v0x14f690990_481, v0x14f690990_482, v0x14f690990_483, v0x14f690990_484;
v0x14f690990_485 .array/port v0x14f690990, 485;
v0x14f690990_486 .array/port v0x14f690990, 486;
v0x14f690990_487 .array/port v0x14f690990, 487;
v0x14f690990_488 .array/port v0x14f690990, 488;
E_0x14f690700/122 .event anyedge, v0x14f690990_485, v0x14f690990_486, v0x14f690990_487, v0x14f690990_488;
v0x14f690990_489 .array/port v0x14f690990, 489;
v0x14f690990_490 .array/port v0x14f690990, 490;
v0x14f690990_491 .array/port v0x14f690990, 491;
v0x14f690990_492 .array/port v0x14f690990, 492;
E_0x14f690700/123 .event anyedge, v0x14f690990_489, v0x14f690990_490, v0x14f690990_491, v0x14f690990_492;
v0x14f690990_493 .array/port v0x14f690990, 493;
v0x14f690990_494 .array/port v0x14f690990, 494;
v0x14f690990_495 .array/port v0x14f690990, 495;
v0x14f690990_496 .array/port v0x14f690990, 496;
E_0x14f690700/124 .event anyedge, v0x14f690990_493, v0x14f690990_494, v0x14f690990_495, v0x14f690990_496;
v0x14f690990_497 .array/port v0x14f690990, 497;
v0x14f690990_498 .array/port v0x14f690990, 498;
v0x14f690990_499 .array/port v0x14f690990, 499;
v0x14f690990_500 .array/port v0x14f690990, 500;
E_0x14f690700/125 .event anyedge, v0x14f690990_497, v0x14f690990_498, v0x14f690990_499, v0x14f690990_500;
v0x14f690990_501 .array/port v0x14f690990, 501;
v0x14f690990_502 .array/port v0x14f690990, 502;
v0x14f690990_503 .array/port v0x14f690990, 503;
v0x14f690990_504 .array/port v0x14f690990, 504;
E_0x14f690700/126 .event anyedge, v0x14f690990_501, v0x14f690990_502, v0x14f690990_503, v0x14f690990_504;
v0x14f690990_505 .array/port v0x14f690990, 505;
v0x14f690990_506 .array/port v0x14f690990, 506;
v0x14f690990_507 .array/port v0x14f690990, 507;
v0x14f690990_508 .array/port v0x14f690990, 508;
E_0x14f690700/127 .event anyedge, v0x14f690990_505, v0x14f690990_506, v0x14f690990_507, v0x14f690990_508;
v0x14f690990_509 .array/port v0x14f690990, 509;
v0x14f690990_510 .array/port v0x14f690990, 510;
v0x14f690990_511 .array/port v0x14f690990, 511;
E_0x14f690700/128 .event anyedge, v0x14f690990_509, v0x14f690990_510, v0x14f690990_511, v0x14f62d6a0_0;
E_0x14f690700 .event/or E_0x14f690700/0, E_0x14f690700/1, E_0x14f690700/2, E_0x14f690700/3, E_0x14f690700/4, E_0x14f690700/5, E_0x14f690700/6, E_0x14f690700/7, E_0x14f690700/8, E_0x14f690700/9, E_0x14f690700/10, E_0x14f690700/11, E_0x14f690700/12, E_0x14f690700/13, E_0x14f690700/14, E_0x14f690700/15, E_0x14f690700/16, E_0x14f690700/17, E_0x14f690700/18, E_0x14f690700/19, E_0x14f690700/20, E_0x14f690700/21, E_0x14f690700/22, E_0x14f690700/23, E_0x14f690700/24, E_0x14f690700/25, E_0x14f690700/26, E_0x14f690700/27, E_0x14f690700/28, E_0x14f690700/29, E_0x14f690700/30, E_0x14f690700/31, E_0x14f690700/32, E_0x14f690700/33, E_0x14f690700/34, E_0x14f690700/35, E_0x14f690700/36, E_0x14f690700/37, E_0x14f690700/38, E_0x14f690700/39, E_0x14f690700/40, E_0x14f690700/41, E_0x14f690700/42, E_0x14f690700/43, E_0x14f690700/44, E_0x14f690700/45, E_0x14f690700/46, E_0x14f690700/47, E_0x14f690700/48, E_0x14f690700/49, E_0x14f690700/50, E_0x14f690700/51, E_0x14f690700/52, E_0x14f690700/53, E_0x14f690700/54, E_0x14f690700/55, E_0x14f690700/56, E_0x14f690700/57, E_0x14f690700/58, E_0x14f690700/59, E_0x14f690700/60, E_0x14f690700/61, E_0x14f690700/62, E_0x14f690700/63, E_0x14f690700/64, E_0x14f690700/65, E_0x14f690700/66, E_0x14f690700/67, E_0x14f690700/68, E_0x14f690700/69, E_0x14f690700/70, E_0x14f690700/71, E_0x14f690700/72, E_0x14f690700/73, E_0x14f690700/74, E_0x14f690700/75, E_0x14f690700/76, E_0x14f690700/77, E_0x14f690700/78, E_0x14f690700/79, E_0x14f690700/80, E_0x14f690700/81, E_0x14f690700/82, E_0x14f690700/83, E_0x14f690700/84, E_0x14f690700/85, E_0x14f690700/86, E_0x14f690700/87, E_0x14f690700/88, E_0x14f690700/89, E_0x14f690700/90, E_0x14f690700/91, E_0x14f690700/92, E_0x14f690700/93, E_0x14f690700/94, E_0x14f690700/95, E_0x14f690700/96, E_0x14f690700/97, E_0x14f690700/98, E_0x14f690700/99, E_0x14f690700/100, E_0x14f690700/101, E_0x14f690700/102, E_0x14f690700/103, E_0x14f690700/104, E_0x14f690700/105, E_0x14f690700/106, E_0x14f690700/107, E_0x14f690700/108, E_0x14f690700/109, E_0x14f690700/110, E_0x14f690700/111, E_0x14f690700/112, E_0x14f690700/113, E_0x14f690700/114, E_0x14f690700/115, E_0x14f690700/116, E_0x14f690700/117, E_0x14f690700/118, E_0x14f690700/119, E_0x14f690700/120, E_0x14f690700/121, E_0x14f690700/122, E_0x14f690700/123, E_0x14f690700/124, E_0x14f690700/125, E_0x14f690700/126, E_0x14f690700/127, E_0x14f690700/128;
S_0x14f692c00 .scope module, "reg0" "R0" 3 69, 29 1 0, S_0x14f60f5a0;
 .timescale -9 -11;
    .port_info 0 /INPUT 1 "clear";
    .port_info 1 /INPUT 1 "clock";
    .port_info 2 /INPUT 1 "enable";
    .port_info 3 /INPUT 1 "BAout";
    .port_info 4 /INPUT 32 "data_in";
    .port_info 5 /OUTPUT 32 "data_out";
P_0x14f692dc0 .param/l "DATA_WIDTH" 0 29 1, +C4<00000000000000000000000000100000>;
P_0x14f692e00 .param/l "INIT" 0 29 1, C4<00000000000000000000000000000000>;
v0x14f693020_0 .net8 "BAout", 0 0, RS_0x150050010;  alias, 2 drivers
L_0x150088010 .functor BUFT 1, C4<00000000000000000000000000000000>, C4<0>, C4<0>, C4<0>;
v0x14f6930d0_0 .net/2u *"_ivl_0", 31 0, L_0x150088010;  1 drivers
v0x14f693160_0 .net "clear", 0 0, v0x14f60dd10_0;  alias, 1 drivers
v0x14f6931f0_0 .net "clock", 0 0, v0x14f6a0ac0_0;  alias, 1 drivers
v0x14f693280_0 .net "data_in", 31 0, v0x14f68ad80_0;  alias, 1 drivers
v0x14f693310_0 .net "data_out", 31 0, L_0x14f6a22c0;  alias, 1 drivers
v0x14f6933a0_0 .net "enable", 0 0, L_0x14f6a2420;  1 drivers
v0x14f693430_0 .var "q", 31 0;
L_0x14f6a22c0 .functor MUXZ 32, v0x14f693430_0, L_0x150088010, RS_0x150050010, C4<>;
S_0x14f693570 .scope module, "reg1" "register" 3 78, 22 1 0, S_0x14f60f5a0;
 .timescale -9 -11;
    .port_info 0 /INPUT 1 "clear";
    .port_info 1 /INPUT 1 "clock";
    .port_info 2 /INPUT 1 "enable";
    .port_info 3 /INPUT 32 "data_in";
    .port_info 4 /OUTPUT 32 "data_out";
P_0x14f693730 .param/l "DATA_WIDTH" 0 22 1, +C4<00000000000000000000000000100000>;
P_0x14f693770 .param/l "INIT" 0 22 1, C4<00000000000000000000000000000000>;
L_0x14f6a2500 .functor BUFZ 32, v0x14f693c60_0, C4<00000000000000000000000000000000>, C4<00000000000000000000000000000000>, C4<00000000000000000000000000000000>;
v0x14f693900_0 .net "clear", 0 0, v0x14f60dd10_0;  alias, 1 drivers
v0x14f693990_0 .net "clock", 0 0, v0x14f6a0ac0_0;  alias, 1 drivers
v0x14f693a30_0 .net "data_in", 31 0, v0x14f68ad80_0;  alias, 1 drivers
v0x14f693ae0_0 .net "data_out", 31 0, L_0x14f6a2500;  alias, 1 drivers
v0x14f693b90_0 .net "enable", 0 0, L_0x14f6a2570;  1 drivers
v0x14f693c60_0 .var "q", 31 0;
S_0x14f693d90 .scope module, "reg10" "register" 3 150, 22 1 0, S_0x14f60f5a0;
 .timescale -9 -11;
    .port_info 0 /INPUT 1 "clear";
    .port_info 1 /INPUT 1 "clock";
    .port_info 2 /INPUT 1 "enable";
    .port_info 3 /INPUT 32 "data_in";
    .port_info 4 /OUTPUT 32 "data_out";
P_0x14f693f50 .param/l "DATA_WIDTH" 0 22 1, +C4<00000000000000000000000000100000>;
P_0x14f693f90 .param/l "INIT" 0 22 1, C4<00000000000000000000000000000000>;
L_0x14f6a3200 .functor BUFZ 32, v0x14f694460_0, C4<00000000000000000000000000000000>, C4<00000000000000000000000000000000>, C4<00000000000000000000000000000000>;
v0x14f694100_0 .net "clear", 0 0, v0x14f60dd10_0;  alias, 1 drivers
v0x14f694190_0 .net "clock", 0 0, v0x14f6a0ac0_0;  alias, 1 drivers
v0x14f694230_0 .net "data_in", 31 0, v0x14f68ad80_0;  alias, 1 drivers
v0x14f6942e0_0 .net "data_out", 31 0, L_0x14f6a3200;  alias, 1 drivers
v0x14f694390_0 .net "enable", 0 0, L_0x14f6a3270;  1 drivers
v0x14f694460_0 .var "q", 31 0;
S_0x14f694590 .scope module, "reg11" "register" 3 158, 22 1 0, S_0x14f60f5a0;
 .timescale -9 -11;
    .port_info 0 /INPUT 1 "clear";
    .port_info 1 /INPUT 1 "clock";
    .port_info 2 /INPUT 1 "enable";
    .port_info 3 /INPUT 32 "data_in";
    .port_info 4 /OUTPUT 32 "data_out";
P_0x14f68e270 .param/l "DATA_WIDTH" 0 22 1, +C4<00000000000000000000000000100000>;
P_0x14f68e2b0 .param/l "INIT" 0 22 1, C4<00000000000000000000000000000000>;
L_0x14f6a3390 .functor BUFZ 32, v0x14f694ce0_0, C4<00000000000000000000000000000000>, C4<00000000000000000000000000000000>, C4<00000000000000000000000000000000>;
v0x14f694980_0 .net "clear", 0 0, v0x14f60dd10_0;  alias, 1 drivers
v0x14f694a10_0 .net "clock", 0 0, v0x14f6a0ac0_0;  alias, 1 drivers
v0x14f694ab0_0 .net "data_in", 31 0, v0x14f68ad80_0;  alias, 1 drivers
v0x14f694b60_0 .net "data_out", 31 0, L_0x14f6a3390;  alias, 1 drivers
v0x14f694c10_0 .net "enable", 0 0, L_0x14f6a3420;  1 drivers
v0x14f694ce0_0 .var "q", 31 0;
S_0x14f694e10 .scope module, "reg12" "register" 3 166, 22 1 0, S_0x14f60f5a0;
 .timescale -9 -11;
    .port_info 0 /INPUT 1 "clear";
    .port_info 1 /INPUT 1 "clock";
    .port_info 2 /INPUT 1 "enable";
    .port_info 3 /INPUT 32 "data_in";
    .port_info 4 /OUTPUT 32 "data_out";
P_0x14f694fd0 .param/l "DATA_WIDTH" 0 22 1, +C4<00000000000000000000000000100000>;
P_0x14f695010 .param/l "INIT" 0 22 1, C4<00000000000000000000000000000000>;
L_0x14f6a34c0 .functor BUFZ 32, v0x14f6954e0_0, C4<00000000000000000000000000000000>, C4<00000000000000000000000000000000>, C4<00000000000000000000000000000000>;
v0x14f695180_0 .net "clear", 0 0, v0x14f60dd10_0;  alias, 1 drivers
v0x14f695210_0 .net "clock", 0 0, v0x14f6a0ac0_0;  alias, 1 drivers
v0x14f6952b0_0 .net "data_in", 31 0, v0x14f68ad80_0;  alias, 1 drivers
v0x14f695360_0 .net "data_out", 31 0, L_0x14f6a34c0;  alias, 1 drivers
v0x14f695410_0 .net "enable", 0 0, L_0x14f6a3530;  1 drivers
v0x14f6954e0_0 .var "q", 31 0;
S_0x14f695610 .scope module, "reg13" "register" 3 174, 22 1 0, S_0x14f60f5a0;
 .timescale -9 -11;
    .port_info 0 /INPUT 1 "clear";
    .port_info 1 /INPUT 1 "clock";
    .port_info 2 /INPUT 1 "enable";
    .port_info 3 /INPUT 32 "data_in";
    .port_info 4 /OUTPUT 32 "data_out";
P_0x14f6957d0 .param/l "DATA_WIDTH" 0 22 1, +C4<00000000000000000000000000100000>;
P_0x14f695810 .param/l "INIT" 0 22 1, C4<00000000000000000000000000000000>;
L_0x14f6a3660 .functor BUFZ 32, v0x14f695ce0_0, C4<00000000000000000000000000000000>, C4<00000000000000000000000000000000>, C4<00000000000000000000000000000000>;
v0x14f695980_0 .net "clear", 0 0, v0x14f60dd10_0;  alias, 1 drivers
v0x14f695a10_0 .net "clock", 0 0, v0x14f6a0ac0_0;  alias, 1 drivers
v0x14f695ab0_0 .net "data_in", 31 0, v0x14f68ad80_0;  alias, 1 drivers
v0x14f695b60_0 .net "data_out", 31 0, L_0x14f6a3660;  alias, 1 drivers
v0x14f695c10_0 .net "enable", 0 0, L_0x14f6a36f0;  1 drivers
v0x14f695ce0_0 .var "q", 31 0;
S_0x14f695e10 .scope module, "reg14" "register" 3 182, 22 1 0, S_0x14f60f5a0;
 .timescale -9 -11;
    .port_info 0 /INPUT 1 "clear";
    .port_info 1 /INPUT 1 "clock";
    .port_info 2 /INPUT 1 "enable";
    .port_info 3 /INPUT 32 "data_in";
    .port_info 4 /OUTPUT 32 "data_out";
P_0x14f695fd0 .param/l "DATA_WIDTH" 0 22 1, +C4<00000000000000000000000000100000>;
P_0x14f696010 .param/l "INIT" 0 22 1, C4<00000000000000000000000000000000>;
L_0x14f6a3790 .functor BUFZ 32, v0x14f6964e0_0, C4<00000000000000000000000000000000>, C4<00000000000000000000000000000000>, C4<00000000000000000000000000000000>;
v0x14f696180_0 .net "clear", 0 0, v0x14f60dd10_0;  alias, 1 drivers
v0x14f696210_0 .net "clock", 0 0, v0x14f6a0ac0_0;  alias, 1 drivers
v0x14f6962b0_0 .net "data_in", 31 0, v0x14f68ad80_0;  alias, 1 drivers
v0x14f696360_0 .net "data_out", 31 0, L_0x14f6a3790;  alias, 1 drivers
v0x14f696410_0 .net "enable", 0 0, L_0x14f6a3800;  1 drivers
v0x14f6964e0_0 .var "q", 31 0;
S_0x14f696610 .scope module, "reg15" "register" 3 190, 22 1 0, S_0x14f60f5a0;
 .timescale -9 -11;
    .port_info 0 /INPUT 1 "clear";
    .port_info 1 /INPUT 1 "clock";
    .port_info 2 /INPUT 1 "enable";
    .port_info 3 /INPUT 32 "data_in";
    .port_info 4 /OUTPUT 32 "data_out";
P_0x14f6967d0 .param/l "DATA_WIDTH" 0 22 1, +C4<00000000000000000000000000100000>;
P_0x14f696810 .param/l "INIT" 0 22 1, C4<00000000000000000000000000000000>;
L_0x14f6a35f0 .functor BUFZ 32, v0x14f696f30_0, C4<00000000000000000000000000000000>, C4<00000000000000000000000000000000>, C4<00000000000000000000000000000000>;
v0x14f696980_0 .net "clear", 0 0, v0x14f60dd10_0;  alias, 1 drivers
v0x14f68fe90_0 .net "clock", 0 0, v0x14f6a0ac0_0;  alias, 1 drivers
v0x14f690030_0 .net "data_in", 31 0, v0x14f68ad80_0;  alias, 1 drivers
v0x14f696e10_0 .net "data_out", 31 0, L_0x14f6a35f0;  alias, 1 drivers
v0x14f696ea0_0 .net "enable", 0 0, L_0x14f6a3aa0;  1 drivers
v0x14f696f30_0 .var "q", 31 0;
S_0x14f697010 .scope module, "reg2" "register" 3 86, 22 1 0, S_0x14f60f5a0;
 .timescale -9 -11;
    .port_info 0 /INPUT 1 "clear";
    .port_info 1 /INPUT 1 "clock";
    .port_info 2 /INPUT 1 "enable";
    .port_info 3 /INPUT 32 "data_in";
    .port_info 4 /OUTPUT 32 "data_out";
P_0x14f6971d0 .param/l "DATA_WIDTH" 0 22 1, +C4<00000000000000000000000000100000>;
P_0x14f697210 .param/l "INIT" 0 22 1, C4<00000000000000000000000000000000>;
L_0x14f6a2630 .functor BUFZ 32, v0x14f697560_0, C4<00000000000000000000000000000000>, C4<00000000000000000000000000000000>, C4<00000000000000000000000000000000>;
v0x14f697380_0 .net "clear", 0 0, v0x14f60dd10_0;  alias, 1 drivers
v0x14f697410_0 .net "clock", 0 0, v0x14f6a0ac0_0;  alias, 1 drivers
v0x14f6974b0_0 .net "data_in", 31 0, v0x14f68ad80_0;  alias, 1 drivers
v0x14f68b5b0_0 .net "data_out", 31 0, L_0x14f6a2630;  alias, 1 drivers
v0x14f68b660_0 .net "enable", 0 0, L_0x14f6a26c0;  1 drivers
v0x14f697560_0 .var "q", 31 0;
S_0x14f697610 .scope module, "reg3" "register" 3 94, 22 1 0, S_0x14f60f5a0;
 .timescale -9 -11;
    .port_info 0 /INPUT 1 "clear";
    .port_info 1 /INPUT 1 "clock";
    .port_info 2 /INPUT 1 "enable";
    .port_info 3 /INPUT 32 "data_in";
    .port_info 4 /OUTPUT 32 "data_out";
P_0x14f6977d0 .param/l "DATA_WIDTH" 0 22 1, +C4<00000000000000000000000000100000>;
P_0x14f697810 .param/l "INIT" 0 22 1, C4<00000000000000000000000000000000>;
L_0x14f6a2820 .functor BUFZ 32, v0x14f697ce0_0, C4<00000000000000000000000000000000>, C4<00000000000000000000000000000000>, C4<00000000000000000000000000000000>;
v0x14f697980_0 .net "clear", 0 0, v0x14f60dd10_0;  alias, 1 drivers
v0x14f697a10_0 .net "clock", 0 0, v0x14f6a0ac0_0;  alias, 1 drivers
v0x14f697ab0_0 .net "data_in", 31 0, v0x14f68ad80_0;  alias, 1 drivers
v0x14f697b60_0 .net "data_out", 31 0, L_0x14f6a2820;  alias, 1 drivers
v0x14f697c10_0 .net "enable", 0 0, L_0x14f6a2890;  1 drivers
v0x14f697ce0_0 .var "q", 31 0;
S_0x14f697e10 .scope module, "reg4" "register" 3 102, 22 1 0, S_0x14f60f5a0;
 .timescale -9 -11;
    .port_info 0 /INPUT 1 "clear";
    .port_info 1 /INPUT 1 "clock";
    .port_info 2 /INPUT 1 "enable";
    .port_info 3 /INPUT 32 "data_in";
    .port_info 4 /OUTPUT 32 "data_out";
P_0x14f697fd0 .param/l "DATA_WIDTH" 0 22 1, +C4<00000000000000000000000000100000>;
P_0x14f698010 .param/l "INIT" 0 22 1, C4<00000000000000000000000000000000>;
L_0x14f6a2930 .functor BUFZ 32, v0x14f6984e0_0, C4<00000000000000000000000000000000>, C4<00000000000000000000000000000000>, C4<00000000000000000000000000000000>;
v0x14f698180_0 .net "clear", 0 0, v0x14f60dd10_0;  alias, 1 drivers
v0x14f698210_0 .net "clock", 0 0, v0x14f6a0ac0_0;  alias, 1 drivers
v0x14f6982b0_0 .net "data_in", 31 0, v0x14f68ad80_0;  alias, 1 drivers
v0x14f698360_0 .net "data_out", 31 0, L_0x14f6a2930;  alias, 1 drivers
v0x14f698410_0 .net "enable", 0 0, L_0x14f6a29c0;  1 drivers
v0x14f6984e0_0 .var "q", 31 0;
S_0x14f698610 .scope module, "reg5" "register" 3 110, 22 1 0, S_0x14f60f5a0;
 .timescale -9 -11;
    .port_info 0 /INPUT 1 "clear";
    .port_info 1 /INPUT 1 "clock";
    .port_info 2 /INPUT 1 "enable";
    .port_info 3 /INPUT 32 "data_in";
    .port_info 4 /OUTPUT 32 "data_out";
P_0x14f6987d0 .param/l "DATA_WIDTH" 0 22 1, +C4<00000000000000000000000000100000>;
P_0x14f698810 .param/l "INIT" 0 22 1, C4<00000000000000000000000000000000>;
L_0x14f6a2ab0 .functor BUFZ 32, v0x14f698ce0_0, C4<00000000000000000000000000000000>, C4<00000000000000000000000000000000>, C4<00000000000000000000000000000000>;
v0x14f698980_0 .net "clear", 0 0, v0x14f60dd10_0;  alias, 1 drivers
v0x14f698a10_0 .net "clock", 0 0, v0x14f6a0ac0_0;  alias, 1 drivers
v0x14f698ab0_0 .net "data_in", 31 0, v0x14f68ad80_0;  alias, 1 drivers
v0x14f698b60_0 .net "data_out", 31 0, L_0x14f6a2ab0;  alias, 1 drivers
v0x14f698c10_0 .net "enable", 0 0, L_0x14f6a2b20;  1 drivers
v0x14f698ce0_0 .var "q", 31 0;
S_0x14f698e10 .scope module, "reg6" "register" 3 118, 22 1 0, S_0x14f60f5a0;
 .timescale -9 -11;
    .port_info 0 /INPUT 1 "clear";
    .port_info 1 /INPUT 1 "clock";
    .port_info 2 /INPUT 1 "enable";
    .port_info 3 /INPUT 32 "data_in";
    .port_info 4 /OUTPUT 32 "data_out";
P_0x14f698fd0 .param/l "DATA_WIDTH" 0 22 1, +C4<00000000000000000000000000100000>;
P_0x14f699010 .param/l "INIT" 0 22 1, C4<00000000000000000000000000000000>;
L_0x14f6a2be0 .functor BUFZ 32, v0x14f6994e0_0, C4<00000000000000000000000000000000>, C4<00000000000000000000000000000000>, C4<00000000000000000000000000000000>;
v0x14f699180_0 .net "clear", 0 0, v0x14f60dd10_0;  alias, 1 drivers
v0x14f699210_0 .net "clock", 0 0, v0x14f6a0ac0_0;  alias, 1 drivers
v0x14f6992b0_0 .net "data_in", 31 0, v0x14f68ad80_0;  alias, 1 drivers
v0x14f699360_0 .net "data_out", 31 0, L_0x14f6a2be0;  alias, 1 drivers
v0x14f699410_0 .net "enable", 0 0, L_0x14f6a2c70;  1 drivers
v0x14f6994e0_0 .var "q", 31 0;
S_0x14f699610 .scope module, "reg7" "register" 3 126, 22 1 0, S_0x14f60f5a0;
 .timescale -9 -11;
    .port_info 0 /INPUT 1 "clear";
    .port_info 1 /INPUT 1 "clock";
    .port_info 2 /INPUT 1 "enable";
    .port_info 3 /INPUT 32 "data_in";
    .port_info 4 /OUTPUT 32 "data_out";
P_0x14f6997d0 .param/l "DATA_WIDTH" 0 22 1, +C4<00000000000000000000000000100000>;
P_0x14f699810 .param/l "INIT" 0 22 1, C4<00000000000000000000000000000000>;
L_0x14f6a2780 .functor BUFZ 32, v0x14f699ce0_0, C4<00000000000000000000000000000000>, C4<00000000000000000000000000000000>, C4<00000000000000000000000000000000>;
v0x14f699980_0 .net "clear", 0 0, v0x14f60dd10_0;  alias, 1 drivers
v0x14f699a10_0 .net "clock", 0 0, v0x14f6a0ac0_0;  alias, 1 drivers
v0x14f699ab0_0 .net "data_in", 31 0, v0x14f68ad80_0;  alias, 1 drivers
v0x14f699b60_0 .net "data_out", 31 0, L_0x14f6a2780;  alias, 1 drivers
v0x14f699c10_0 .net "enable", 0 0, L_0x14f6a2e90;  1 drivers
v0x14f699ce0_0 .var "q", 31 0;
S_0x14f699e10 .scope module, "reg8" "register" 3 134, 22 1 0, S_0x14f60f5a0;
 .timescale -9 -11;
    .port_info 0 /INPUT 1 "clear";
    .port_info 1 /INPUT 1 "clock";
    .port_info 2 /INPUT 1 "enable";
    .port_info 3 /INPUT 32 "data_in";
    .port_info 4 /OUTPUT 32 "data_out";
P_0x14f699fd0 .param/l "DATA_WIDTH" 0 22 1, +C4<00000000000000000000000000100000>;
P_0x14f69a010 .param/l "INIT" 0 22 1, C4<00000000000000000000000000000000>;
L_0x14f6a2f30 .functor BUFZ 32, v0x14f69a4e0_0, C4<00000000000000000000000000000000>, C4<00000000000000000000000000000000>, C4<00000000000000000000000000000000>;
v0x14f69a180_0 .net "clear", 0 0, v0x14f60dd10_0;  alias, 1 drivers
v0x14f69a210_0 .net "clock", 0 0, v0x14f6a0ac0_0;  alias, 1 drivers
v0x14f69a2b0_0 .net "data_in", 31 0, v0x14f68ad80_0;  alias, 1 drivers
v0x14f69a360_0 .net "data_out", 31 0, L_0x14f6a2f30;  alias, 1 drivers
v0x14f69a410_0 .net "enable", 0 0, L_0x14f6a2fc0;  1 drivers
v0x14f69a4e0_0 .var "q", 31 0;
S_0x14f69a610 .scope module, "reg9" "register" 3 142, 22 1 0, S_0x14f60f5a0;
 .timescale -9 -11;
    .port_info 0 /INPUT 1 "clear";
    .port_info 1 /INPUT 1 "clock";
    .port_info 2 /INPUT 1 "enable";
    .port_info 3 /INPUT 32 "data_in";
    .port_info 4 /OUTPUT 32 "data_out";
P_0x14f69a7d0 .param/l "DATA_WIDTH" 0 22 1, +C4<00000000000000000000000000100000>;
P_0x14f69a810 .param/l "INIT" 0 22 1, C4<00000000000000000000000000000000>;
L_0x14f6a30d0 .functor BUFZ 32, v0x14f69ace0_0, C4<00000000000000000000000000000000>, C4<00000000000000000000000000000000>, C4<00000000000000000000000000000000>;
v0x14f69a980_0 .net "clear", 0 0, v0x14f60dd10_0;  alias, 1 drivers
v0x14f69aa10_0 .net "clock", 0 0, v0x14f6a0ac0_0;  alias, 1 drivers
v0x14f69aab0_0 .net "data_in", 31 0, v0x14f68ad80_0;  alias, 1 drivers
v0x14f69ab60_0 .net "data_out", 31 0, L_0x14f6a30d0;  alias, 1 drivers
v0x14f69ac10_0 .net "enable", 0 0, L_0x14f6a3160;  1 drivers
v0x14f69ace0_0 .var "q", 31 0;
S_0x14f69ae10 .scope module, "select_encode" "Select_Encode" 3 31, 30 1 0, S_0x14f60f5a0;
 .timescale -9 -11;
    .port_info 0 /INPUT 32 "IR";
    .port_info 1 /INPUT 1 "Gra";
    .port_info 2 /INPUT 1 "Grb";
    .port_info 3 /INPUT 1 "Grc";
    .port_info 4 /INPUT 1 "Rin";
    .port_info 5 /INPUT 1 "Rout";
    .port_info 6 /INPUT 1 "BAout";
    .port_info 7 /INPUT 1 "Cout";
    .port_info 8 /OUTPUT 16 "Rin_out";
    .port_info 9 /OUTPUT 16 "Rout_out";
    .port_info 10 /OUTPUT 32 "C_sign_extended";
P_0x14f69afd0 .param/l "DATA_WIDTH" 0 30 1, +C4<00000000000000000000000000100000>;
v0x14f69b2d0_0 .net8 "BAout", 0 0, RS_0x150050010;  alias, 2 drivers
v0x14f69b3a0_0 .var "C_sign_extended", 31 0;
v0x14f69b430_0 .net8 "Cout", 0 0, RS_0x1500500a0;  alias, 2 drivers
v0x14f69b4c0_0 .net8 "Gra", 0 0, RS_0x1500500d0;  alias, 2 drivers
v0x14f69b550_0 .net8 "Grb", 0 0, RS_0x150050100;  alias, 2 drivers
v0x14f69b620_0 .net8 "Grc", 0 0, RS_0x150050130;  alias, 2 drivers
v0x14f69b6b0_0 .net "IR", 31 0, L_0x14f6a3bb0;  alias, 1 drivers
v0x14f69b740_0 .net8 "Rin", 0 0, RS_0x150050400;  alias, 2 drivers
v0x14f69b7f0_0 .var "Rin_out", 15 0;
v0x14f69b900_0 .net8 "Rout", 0 0, RS_0x150050430;  alias, 2 drivers
v0x14f69b9b0_0 .var "Rout_out", 15 0;
v0x14f69ba40_0 .var "reg_to_enable", 3 0;
E_0x14f69b240/0 .event anyedge, v0x14f62d020_0, v0x14f62cc50_0, v0x14f62cd30_0, v0x14f62cbb0_0;
E_0x14f69b240/1 .event anyedge, v0x14f62d860_0, v0x14f69ba40_0, v0x14f61bde0_0, v0x14f62d900_0;
E_0x14f69b240/2 .event anyedge, v0x14f62cdd0_0;
E_0x14f69b240 .event/or E_0x14f69b240/0, E_0x14f69b240/1, E_0x14f69b240/2;
S_0x14f69bba0 .scope module, "y_register" "register" 3 249, 22 1 0, S_0x14f60f5a0;
 .timescale -9 -11;
    .port_info 0 /INPUT 1 "clear";
    .port_info 1 /INPUT 1 "clock";
    .port_info 2 /INPUT 1 "enable";
    .port_info 3 /INPUT 32 "data_in";
    .port_info 4 /OUTPUT 32 "data_out";
P_0x14f69bd60 .param/l "DATA_WIDTH" 0 22 1, +C4<00000000000000000000000000100000>;
P_0x14f69bda0 .param/l "INIT" 0 22 1, C4<00000000000000000000000000000000>;
v0x14f69bef0_0 .net "clear", 0 0, v0x14f60dd10_0;  alias, 1 drivers
v0x14f69bf90_0 .net "clock", 0 0, v0x14f6a0ac0_0;  alias, 1 drivers
v0x14f69c030_0 .net "data_in", 31 0, v0x14f68ad80_0;  alias, 1 drivers
v0x14f69c0e0_0 .net "data_out", 31 0, v0x14f69c240_0;  alias, 1 drivers
v0x14f69c170_0 .net8 "enable", 0 0, RS_0x150050490;  alias, 2 drivers
v0x14f69c240_0 .var "q", 31 0;
S_0x14f69c360 .scope module, "z_high_register" "register" 3 223, 22 1 0, S_0x14f60f5a0;
 .timescale -9 -11;
    .port_info 0 /INPUT 1 "clear";
    .port_info 1 /INPUT 1 "clock";
    .port_info 2 /INPUT 1 "enable";
    .port_info 3 /INPUT 32 "data_in";
    .port_info 4 /OUTPUT 32 "data_out";
P_0x14f69c520 .param/l "DATA_WIDTH" 0 22 1, +C4<00000000000000000000000000100000>;
P_0x14f69c560 .param/l "INIT" 0 22 1, C4<00000000000000000000000000000000>;
L_0x14f6a3e40 .functor BUFZ 32, v0x14f69ca60_0, C4<00000000000000000000000000000000>, C4<00000000000000000000000000000000>, C4<00000000000000000000000000000000>;
v0x14f69c6f0_0 .net "clear", 0 0, v0x14f60dd10_0;  alias, 1 drivers
v0x14f69c780_0 .net "clock", 0 0, v0x14f6a0ac0_0;  alias, 1 drivers
v0x14f69c820_0 .net "data_in", 31 0, L_0x14f6a3eb0;  1 drivers
v0x14f69c8d0_0 .net "data_out", 31 0, L_0x14f6a3e40;  alias, 1 drivers
v0x14f69c990_0 .net8 "enable", 0 0, RS_0x1500504f0;  alias, 2 drivers
v0x14f69ca60_0 .var "q", 31 0;
S_0x14f69cb70 .scope module, "z_low_register" "register" 3 215, 22 1 0, S_0x14f60f5a0;
 .timescale -9 -11;
    .port_info 0 /INPUT 1 "clear";
    .port_info 1 /INPUT 1 "clock";
    .port_info 2 /INPUT 1 "enable";
    .port_info 3 /INPUT 32 "data_in";
    .port_info 4 /OUTPUT 32 "data_out";
P_0x14f694750 .param/l "DATA_WIDTH" 0 22 1, +C4<00000000000000000000000000100000>;
P_0x14f694790 .param/l "INIT" 0 22 1, C4<00000000000000000000000000000000>;
L_0x14f6a3c20 .functor BUFZ 32, v0x14f69d3b0_0, C4<00000000000000000000000000000000>, C4<00000000000000000000000000000000>, C4<00000000000000000000000000000000>;
v0x14f69cff0_0 .net "clear", 0 0, v0x14f60dd10_0;  alias, 1 drivers
v0x14f69d090_0 .net "clock", 0 0, v0x14f6a0ac0_0;  alias, 1 drivers
v0x14f69d130_0 .net "data_in", 31 0, L_0x14f6a3cb0;  1 drivers
v0x14f69d1e0_0 .net "data_out", 31 0, L_0x14f6a3c20;  alias, 1 drivers
v0x14f69d2a0_0 .net8 "enable", 0 0, RS_0x1500504f0;  alias, 2 drivers
v0x14f69d3b0_0 .var "q", 31 0;
    .scope S_0x14f69ae10;
T_0 ;
    %wait E_0x14f69b240;
    %pushi/vec4 0, 0, 16;
    %store/vec4 v0x14f69b7f0_0, 0, 16;
    %pushi/vec4 0, 0, 16;
    %store/vec4 v0x14f69b9b0_0, 0, 16;
    %pushi/vec4 0, 0, 4;
    %store/vec4 v0x14f69ba40_0, 0, 4;
    %pushi/vec4 0, 0, 32;
    %store/vec4 v0x14f69b3a0_0, 0, 32;
    %load/vec4 v0x14f69b6b0_0;
    %parti/s 5, 27, 6;
    %dup/vec4;
    %pushi/vec4 0, 0, 5;
    %cmp/u;
    %jmp/1 T_0.0, 6;
    %dup/vec4;
    %pushi/vec4 1, 0, 5;
    %cmp/u;
    %jmp/1 T_0.1, 6;
    %dup/vec4;
    %pushi/vec4 2, 0, 5;
    %cmp/u;
    %jmp/1 T_0.2, 6;
    %dup/vec4;
    %pushi/vec4 3, 0, 5;
    %cmp/u;
    %jmp/1 T_0.3, 6;
    %dup/vec4;
    %pushi/vec4 4, 0, 5;
    %cmp/u;
    %jmp/1 T_0.4, 6;
    %dup/vec4;
    %pushi/vec4 5, 0, 5;
    %cmp/u;
    %jmp/1 T_0.5, 6;
    %dup/vec4;
    %pushi/vec4 6, 0, 5;
    %cmp/u;
    %jmp/1 T_0.6, 6;
    %dup/vec4;
    %pushi/vec4 7, 0, 5;
    %cmp/u;
    %jmp/1 T_0.7, 6;
    %dup/vec4;
    %pushi/vec4 8, 0, 5;
    %cmp/u;
    %jmp/1 T_0.8, 6;
    %dup/vec4;
    %pushi/vec4 9, 0, 5;
    %cmp/u;
    %jmp/1 T_0.9, 6;
    %dup/vec4;
    %pushi/vec4 10, 0, 5;
    %cmp/u;
    %jmp/1 T_0.10, 6;
    %dup/vec4;
    %pushi/vec4 11, 0, 5;
    %cmp/u;
    %jmp/1 T_0.11, 6;
    %dup/vec4;
    %pushi/vec4 12, 0, 5;
    %cmp/u;
    %jmp/1 T_0.12, 6;
    %dup/vec4;
    %pushi/vec4 13, 0, 5;
    %cmp/u;
    %jmp/1 T_0.13, 6;
    %dup/vec4;
    %pushi/vec4 14, 0, 5;
    %cmp/u;
    %jmp/1 T_0.14, 6;
    %dup/vec4;
    %pushi/vec4 15, 0, 5;
    %cmp/u;
    %jmp/1 T_0.15, 6;
    %dup/vec4;
    %pushi/vec4 16, 0, 5;
    %cmp/u;
    %jmp/1 T_0.16, 6;
    %dup/vec4;
    %pushi/vec4 17, 0, 5;
    %cmp/u;
    %jmp/1 T_0.17, 6;
    %dup/vec4;
    %pushi/vec4 18, 0, 5;
    %cmp/u;
    %jmp/1 T_0.18, 6;
    %dup/vec4;
    %pushi/vec4 19, 0, 5;
    %cmp/u;
    %jmp/1 T_0.19, 6;
    %dup/vec4;
    %pushi/vec4 20, 0, 5;
    %cmp/u;
    %jmp/1 T_0.20, 6;
    %dup/vec4;
    %pushi/vec4 21, 0, 5;
    %cmp/u;
    %jmp/1 T_0.21, 6;
    %dup/vec4;
    %pushi/vec4 22, 0, 5;
    %cmp/u;
    %jmp/1 T_0.22, 6;
    %dup/vec4;
    %pushi/vec4 23, 0, 5;
    %cmp/u;
    %jmp/1 T_0.23, 6;
    %dup/vec4;
    %pushi/vec4 24, 0, 5;
    %cmp/u;
    %jmp/1 T_0.24, 6;
    %dup/vec4;
    %pushi/vec4 25, 0, 5;
    %cmp/u;
    %jmp/1 T_0.25, 6;
    %pushi/vec4 0, 0, 4;
    %store/vec4 v0x14f69ba40_0, 0, 4;
    %jmp T_0.27;
T_0.0 ;
    %load/vec4 v0x14f69b4c0_0;
    %flag_set/vec4 8;
    %jmp/0xz  T_0.28, 8;
    %load/vec4 v0x14f69b6b0_0;
    %parti/s 4, 23, 6;
    %store/vec4 v0x14f69ba40_0, 0, 4;
T_0.28 ;
    %load/vec4 v0x14f69b550_0;
    %flag_set/vec4 8;
    %jmp/0xz  T_0.30, 8;
    %load/vec4 v0x14f69b6b0_0;
    %parti/s 4, 19, 6;
    %store/vec4 v0x14f69ba40_0, 0, 4;
T_0.30 ;
    %load/vec4 v0x14f69b430_0;
    %flag_set/vec4 8;
    %jmp/0xz  T_0.32, 8;
    %load/vec4 v0x14f69b6b0_0;
    %parti/s 1, 18, 6;
    %replicate 13;
    %load/vec4 v0x14f69b6b0_0;
    %parti/s 19, 0, 2;
    %concat/vec4; draw_concat_vec4
    %store/vec4 v0x14f69b3a0_0, 0, 32;
T_0.32 ;
    %load/vec4 v0x14f69b740_0;
    %flag_set/vec4 8;
    %jmp/0xz  T_0.34, 8;
    %pushi/vec4 1, 0, 16;
    %ix/getv 4, v0x14f69ba40_0;
    %shiftl 4;
    %store/vec4 v0x14f69b7f0_0, 0, 16;
T_0.34 ;
    %load/vec4 v0x14f69b2d0_0;
    %flag_set/vec4 8;
    %jmp/0xz  T_0.36, 8;
    %load/vec4 v0x14f69b6b0_0;
    %parti/s 4, 19, 6;
    %cmpi/e 0, 0, 4;
    %jmp/0xz  T_0.38, 4;
    %pushi/vec4 1, 0, 16;
    %store/vec4 v0x14f69b9b0_0, 0, 16;
    %jmp T_0.39;
T_0.38 ;
    %pushi/vec4 1, 0, 16;
    %load/vec4 v0x14f69b6b0_0;
    %parti/s 4, 19, 6;
    %ix/vec4 4;
    %shiftl 4;
    %store/vec4 v0x14f69b9b0_0, 0, 16;
T_0.39 ;
    %jmp T_0.37;
T_0.36 ;
    %load/vec4 v0x14f69b900_0;
    %flag_set/vec4 8;
    %jmp/0xz  T_0.40, 8;
    %pushi/vec4 1, 0, 16;
    %ix/getv 4, v0x14f69ba40_0;
    %shiftl 4;
    %store/vec4 v0x14f69b9b0_0, 0, 16;
T_0.40 ;
T_0.37 ;
    %jmp T_0.27;
T_0.1 ;
    %load/vec4 v0x14f69b4c0_0;
    %flag_set/vec4 8;
    %jmp/0xz  T_0.42, 8;
    %load/vec4 v0x14f69b6b0_0;
    %parti/s 4, 23, 6;
    %store/vec4 v0x14f69ba40_0, 0, 4;
T_0.42 ;
    %load/vec4 v0x14f69b550_0;
    %flag_set/vec4 8;
    %jmp/0xz  T_0.44, 8;
    %load/vec4 v0x14f69b6b0_0;
    %parti/s 4, 19, 6;
    %store/vec4 v0x14f69ba40_0, 0, 4;
T_0.44 ;
    %load/vec4 v0x14f69b430_0;
    %flag_set/vec4 8;
    %jmp/0xz  T_0.46, 8;
    %load/vec4 v0x14f69b6b0_0;
    %parti/s 1, 18, 6;
    %replicate 13;
    %load/vec4 v0x14f69b6b0_0;
    %parti/s 19, 0, 2;
    %concat/vec4; draw_concat_vec4
    %store/vec4 v0x14f69b3a0_0, 0, 32;
T_0.46 ;
    %load/vec4 v0x14f69b740_0;
    %flag_set/vec4 8;
    %jmp/0xz  T_0.48, 8;
    %pushi/vec4 1, 0, 16;
    %ix/getv 4, v0x14f69ba40_0;
    %shiftl 4;
    %store/vec4 v0x14f69b7f0_0, 0, 16;
T_0.48 ;
    %load/vec4 v0x14f69b2d0_0;
    %flag_set/vec4 8;
    %jmp/0xz  T_0.50, 8;
    %load/vec4 v0x14f69b6b0_0;
    %parti/s 4, 19, 6;
    %cmpi/e 0, 0, 4;
    %jmp/0xz  T_0.52, 4;
    %pushi/vec4 1, 0, 16;
    %store/vec4 v0x14f69b9b0_0, 0, 16;
    %jmp T_0.53;
T_0.52 ;
    %pushi/vec4 1, 0, 16;
    %load/vec4 v0x14f69b6b0_0;
    %parti/s 4, 19, 6;
    %ix/vec4 4;
    %shiftl 4;
    %store/vec4 v0x14f69b9b0_0, 0, 16;
T_0.53 ;
    %jmp T_0.51;
T_0.50 ;
    %load/vec4 v0x14f69b900_0;
    %flag_set/vec4 8;
    %jmp/0xz  T_0.54, 8;
    %pushi/vec4 1, 0, 16;
    %ix/getv 4, v0x14f69ba40_0;
    %shiftl 4;
    %store/vec4 v0x14f69b9b0_0, 0, 16;
T_0.54 ;
T_0.51 ;
    %jmp T_0.27;
T_0.2 ;
    %load/vec4 v0x14f69b4c0_0;
    %flag_set/vec4 8;
    %jmp/0xz  T_0.56, 8;
    %load/vec4 v0x14f69b6b0_0;
    %parti/s 4, 23, 6;
    %store/vec4 v0x14f69ba40_0, 0, 4;
T_0.56 ;
    %load/vec4 v0x14f69b550_0;
    %flag_set/vec4 8;
    %jmp/0xz  T_0.58, 8;
    %load/vec4 v0x14f69b6b0_0;
    %parti/s 4, 19, 6;
    %store/vec4 v0x14f69ba40_0, 0, 4;
T_0.58 ;
    %load/vec4 v0x14f69b430_0;
    %flag_set/vec4 8;
    %jmp/0xz  T_0.60, 8;
    %load/vec4 v0x14f69b6b0_0;
    %parti/s 1, 18, 6;
    %replicate 13;
    %load/vec4 v0x14f69b6b0_0;
    %parti/s 19, 0, 2;
    %concat/vec4; draw_concat_vec4
    %store/vec4 v0x14f69b3a0_0, 0, 32;
T_0.60 ;
    %load/vec4 v0x14f69b740_0;
    %flag_set/vec4 8;
    %jmp/0xz  T_0.62, 8;
    %pushi/vec4 1, 0, 16;
    %ix/getv 4, v0x14f69ba40_0;
    %shiftl 4;
    %store/vec4 v0x14f69b7f0_0, 0, 16;
T_0.62 ;
    %load/vec4 v0x14f69b2d0_0;
    %flag_set/vec4 8;
    %jmp/0xz  T_0.64, 8;
    %load/vec4 v0x14f69b6b0_0;
    %parti/s 4, 19, 6;
    %cmpi/e 0, 0, 4;
    %jmp/0xz  T_0.66, 4;
    %pushi/vec4 1, 0, 16;
    %store/vec4 v0x14f69b9b0_0, 0, 16;
    %jmp T_0.67;
T_0.66 ;
    %pushi/vec4 1, 0, 16;
    %load/vec4 v0x14f69b6b0_0;
    %parti/s 4, 19, 6;
    %ix/vec4 4;
    %shiftl 4;
    %store/vec4 v0x14f69b9b0_0, 0, 16;
T_0.67 ;
    %jmp T_0.65;
T_0.64 ;
    %load/vec4 v0x14f69b900_0;
    %flag_set/vec4 8;
    %jmp/0xz  T_0.68, 8;
    %pushi/vec4 1, 0, 16;
    %ix/getv 4, v0x14f69ba40_0;
    %shiftl 4;
    %store/vec4 v0x14f69b9b0_0, 0, 16;
T_0.68 ;
T_0.65 ;
    %jmp T_0.27;
T_0.3 ;
    %load/vec4 v0x14f69b4c0_0;
    %flag_set/vec4 8;
    %jmp/0xz  T_0.70, 8;
    %load/vec4 v0x14f69b6b0_0;
    %parti/s 4, 23, 6;
    %store/vec4 v0x14f69ba40_0, 0, 4;
T_0.70 ;
    %load/vec4 v0x14f69b550_0;
    %flag_set/vec4 8;
    %jmp/0xz  T_0.72, 8;
    %load/vec4 v0x14f69b6b0_0;
    %parti/s 4, 19, 6;
    %store/vec4 v0x14f69ba40_0, 0, 4;
T_0.72 ;
    %load/vec4 v0x14f69b620_0;
    %flag_set/vec4 8;
    %jmp/0xz  T_0.74, 8;
    %load/vec4 v0x14f69b6b0_0;
    %parti/s 4, 15, 5;
    %store/vec4 v0x14f69ba40_0, 0, 4;
T_0.74 ;
    %load/vec4 v0x14f69b740_0;
    %flag_set/vec4 8;
    %jmp/0xz  T_0.76, 8;
    %pushi/vec4 1, 0, 16;
    %ix/getv 4, v0x14f69ba40_0;
    %shiftl 4;
    %store/vec4 v0x14f69b7f0_0, 0, 16;
T_0.76 ;
    %load/vec4 v0x14f69b900_0;
    %flag_set/vec4 8;
    %jmp/0xz  T_0.78, 8;
    %pushi/vec4 1, 0, 16;
    %ix/getv 4, v0x14f69ba40_0;
    %shiftl 4;
    %store/vec4 v0x14f69b9b0_0, 0, 16;
T_0.78 ;
    %jmp T_0.27;
T_0.4 ;
    %load/vec4 v0x14f69b4c0_0;
    %flag_set/vec4 8;
    %jmp/0xz  T_0.80, 8;
    %load/vec4 v0x14f69b6b0_0;
    %parti/s 4, 23, 6;
    %store/vec4 v0x14f69ba40_0, 0, 4;
T_0.80 ;
    %load/vec4 v0x14f69b550_0;
    %flag_set/vec4 8;
    %jmp/0xz  T_0.82, 8;
    %load/vec4 v0x14f69b6b0_0;
    %parti/s 4, 19, 6;
    %store/vec4 v0x14f69ba40_0, 0, 4;
T_0.82 ;
    %load/vec4 v0x14f69b620_0;
    %flag_set/vec4 8;
    %jmp/0xz  T_0.84, 8;
    %load/vec4 v0x14f69b6b0_0;
    %parti/s 4, 15, 5;
    %store/vec4 v0x14f69ba40_0, 0, 4;
T_0.84 ;
    %load/vec4 v0x14f69b740_0;
    %flag_set/vec4 8;
    %jmp/0xz  T_0.86, 8;
    %pushi/vec4 1, 0, 16;
    %ix/getv 4, v0x14f69ba40_0;
    %shiftl 4;
    %store/vec4 v0x14f69b7f0_0, 0, 16;
T_0.86 ;
    %load/vec4 v0x14f69b900_0;
    %flag_set/vec4 8;
    %jmp/0xz  T_0.88, 8;
    %pushi/vec4 1, 0, 16;
    %ix/getv 4, v0x14f69ba40_0;
    %shiftl 4;
    %store/vec4 v0x14f69b9b0_0, 0, 16;
T_0.88 ;
    %jmp T_0.27;
T_0.5 ;
    %load/vec4 v0x14f69b4c0_0;
    %flag_set/vec4 8;
    %jmp/0xz  T_0.90, 8;
    %load/vec4 v0x14f69b6b0_0;
    %parti/s 4, 23, 6;
    %store/vec4 v0x14f69ba40_0, 0, 4;
T_0.90 ;
    %load/vec4 v0x14f69b550_0;
    %flag_set/vec4 8;
    %jmp/0xz  T_0.92, 8;
    %load/vec4 v0x14f69b6b0_0;
    %parti/s 4, 19, 6;
    %store/vec4 v0x14f69ba40_0, 0, 4;
T_0.92 ;
    %load/vec4 v0x14f69b620_0;
    %flag_set/vec4 8;
    %jmp/0xz  T_0.94, 8;
    %load/vec4 v0x14f69b6b0_0;
    %parti/s 4, 15, 5;
    %store/vec4 v0x14f69ba40_0, 0, 4;
T_0.94 ;
    %load/vec4 v0x14f69b740_0;
    %flag_set/vec4 8;
    %jmp/0xz  T_0.96, 8;
    %pushi/vec4 1, 0, 16;
    %ix/getv 4, v0x14f69ba40_0;
    %shiftl 4;
    %store/vec4 v0x14f69b7f0_0, 0, 16;
T_0.96 ;
    %load/vec4 v0x14f69b900_0;
    %flag_set/vec4 8;
    %jmp/0xz  T_0.98, 8;
    %pushi/vec4 1, 0, 16;
    %ix/getv 4, v0x14f69ba40_0;
    %shiftl 4;
    %store/vec4 v0x14f69b9b0_0, 0, 16;
T_0.98 ;
    %jmp T_0.27;
T_0.6 ;
    %load/vec4 v0x14f69b4c0_0;
    %flag_set/vec4 8;
    %jmp/0xz  T_0.100, 8;
    %load/vec4 v0x14f69b6b0_0;
    %parti/s 4, 23, 6;
    %store/vec4 v0x14f69ba40_0, 0, 4;
T_0.100 ;
    %load/vec4 v0x14f69b550_0;
    %flag_set/vec4 8;
    %jmp/0xz  T_0.102, 8;
    %load/vec4 v0x14f69b6b0_0;
    %parti/s 4, 19, 6;
    %store/vec4 v0x14f69ba40_0, 0, 4;
T_0.102 ;
    %load/vec4 v0x14f69b620_0;
    %flag_set/vec4 8;
    %jmp/0xz  T_0.104, 8;
    %load/vec4 v0x14f69b6b0_0;
    %parti/s 4, 15, 5;
    %store/vec4 v0x14f69ba40_0, 0, 4;
T_0.104 ;
    %load/vec4 v0x14f69b740_0;
    %flag_set/vec4 8;
    %jmp/0xz  T_0.106, 8;
    %pushi/vec4 1, 0, 16;
    %ix/getv 4, v0x14f69ba40_0;
    %shiftl 4;
    %store/vec4 v0x14f69b7f0_0, 0, 16;
T_0.106 ;
    %load/vec4 v0x14f69b900_0;
    %flag_set/vec4 8;
    %jmp/0xz  T_0.108, 8;
    %pushi/vec4 1, 0, 16;
    %ix/getv 4, v0x14f69ba40_0;
    %shiftl 4;
    %store/vec4 v0x14f69b9b0_0, 0, 16;
T_0.108 ;
    %jmp T_0.27;
T_0.7 ;
    %load/vec4 v0x14f69b4c0_0;
    %flag_set/vec4 8;
    %jmp/0xz  T_0.110, 8;
    %load/vec4 v0x14f69b6b0_0;
    %parti/s 4, 23, 6;
    %store/vec4 v0x14f69ba40_0, 0, 4;
T_0.110 ;
    %load/vec4 v0x14f69b550_0;
    %flag_set/vec4 8;
    %jmp/0xz  T_0.112, 8;
    %load/vec4 v0x14f69b6b0_0;
    %parti/s 4, 19, 6;
    %store/vec4 v0x14f69ba40_0, 0, 4;
T_0.112 ;
    %load/vec4 v0x14f69b620_0;
    %flag_set/vec4 8;
    %jmp/0xz  T_0.114, 8;
    %load/vec4 v0x14f69b6b0_0;
    %parti/s 4, 15, 5;
    %store/vec4 v0x14f69ba40_0, 0, 4;
T_0.114 ;
    %load/vec4 v0x14f69b740_0;
    %flag_set/vec4 8;
    %jmp/0xz  T_0.116, 8;
    %pushi/vec4 1, 0, 16;
    %ix/getv 4, v0x14f69ba40_0;
    %shiftl 4;
    %store/vec4 v0x14f69b7f0_0, 0, 16;
T_0.116 ;
    %load/vec4 v0x14f69b900_0;
    %flag_set/vec4 8;
    %jmp/0xz  T_0.118, 8;
    %pushi/vec4 1, 0, 16;
    %ix/getv 4, v0x14f69ba40_0;
    %shiftl 4;
    %store/vec4 v0x14f69b9b0_0, 0, 16;
T_0.118 ;
    %jmp T_0.27;
T_0.8 ;
    %load/vec4 v0x14f69b4c0_0;
    %flag_set/vec4 8;
    %jmp/0xz  T_0.120, 8;
    %load/vec4 v0x14f69b6b0_0;
    %parti/s 4, 23, 6;
    %store/vec4 v0x14f69ba40_0, 0, 4;
T_0.120 ;
    %load/vec4 v0x14f69b550_0;
    %flag_set/vec4 8;
    %jmp/0xz  T_0.122, 8;
    %load/vec4 v0x14f69b6b0_0;
    %parti/s 4, 19, 6;
    %store/vec4 v0x14f69ba40_0, 0, 4;
T_0.122 ;
    %load/vec4 v0x14f69b620_0;
    %flag_set/vec4 8;
    %jmp/0xz  T_0.124, 8;
    %load/vec4 v0x14f69b6b0_0;
    %parti/s 4, 15, 5;
    %store/vec4 v0x14f69ba40_0, 0, 4;
T_0.124 ;
    %load/vec4 v0x14f69b740_0;
    %flag_set/vec4 8;
    %jmp/0xz  T_0.126, 8;
    %pushi/vec4 1, 0, 16;
    %ix/getv 4, v0x14f69ba40_0;
    %shiftl 4;
    %store/vec4 v0x14f69b7f0_0, 0, 16;
T_0.126 ;
    %load/vec4 v0x14f69b900_0;
    %flag_set/vec4 8;
    %jmp/0xz  T_0.128, 8;
    %pushi/vec4 1, 0, 16;
    %ix/getv 4, v0x14f69ba40_0;
    %shiftl 4;
    %store/vec4 v0x14f69b9b0_0, 0, 16;
T_0.128 ;
    %jmp T_0.27;
T_0.9 ;
    %load/vec4 v0x14f69b4c0_0;
    %flag_set/vec4 8;
    %jmp/0xz  T_0.130, 8;
    %load/vec4 v0x14f69b6b0_0;
    %parti/s 4, 23, 6;
    %store/vec4 v0x14f69ba40_0, 0, 4;
T_0.130 ;
    %load/vec4 v0x14f69b550_0;
    %flag_set/vec4 8;
    %jmp/0xz  T_0.132, 8;
    %load/vec4 v0x14f69b6b0_0;
    %parti/s 4, 19, 6;
    %store/vec4 v0x14f69ba40_0, 0, 4;
T_0.132 ;
    %load/vec4 v0x14f69b620_0;
    %flag_set/vec4 8;
    %jmp/0xz  T_0.134, 8;
    %load/vec4 v0x14f69b6b0_0;
    %parti/s 4, 15, 5;
    %store/vec4 v0x14f69ba40_0, 0, 4;
T_0.134 ;
    %load/vec4 v0x14f69b740_0;
    %flag_set/vec4 8;
    %jmp/0xz  T_0.136, 8;
    %pushi/vec4 1, 0, 16;
    %ix/getv 4, v0x14f69ba40_0;
    %shiftl 4;
    %store/vec4 v0x14f69b7f0_0, 0, 16;
T_0.136 ;
    %load/vec4 v0x14f69b900_0;
    %flag_set/vec4 8;
    %jmp/0xz  T_0.138, 8;
    %pushi/vec4 1, 0, 16;
    %ix/getv 4, v0x14f69ba40_0;
    %shiftl 4;
    %store/vec4 v0x14f69b9b0_0, 0, 16;
T_0.138 ;
    %jmp T_0.27;
T_0.10 ;
    %load/vec4 v0x14f69b4c0_0;
    %flag_set/vec4 8;
    %jmp/0xz  T_0.140, 8;
    %load/vec4 v0x14f69b6b0_0;
    %parti/s 4, 23, 6;
    %store/vec4 v0x14f69ba40_0, 0, 4;
T_0.140 ;
    %load/vec4 v0x14f69b550_0;
    %flag_set/vec4 8;
    %jmp/0xz  T_0.142, 8;
    %load/vec4 v0x14f69b6b0_0;
    %parti/s 4, 19, 6;
    %store/vec4 v0x14f69ba40_0, 0, 4;
T_0.142 ;
    %load/vec4 v0x14f69b620_0;
    %flag_set/vec4 8;
    %jmp/0xz  T_0.144, 8;
    %load/vec4 v0x14f69b6b0_0;
    %parti/s 4, 15, 5;
    %store/vec4 v0x14f69ba40_0, 0, 4;
T_0.144 ;
    %load/vec4 v0x14f69b740_0;
    %flag_set/vec4 8;
    %jmp/0xz  T_0.146, 8;
    %pushi/vec4 1, 0, 16;
    %ix/getv 4, v0x14f69ba40_0;
    %shiftl 4;
    %store/vec4 v0x14f69b7f0_0, 0, 16;
T_0.146 ;
    %load/vec4 v0x14f69b900_0;
    %flag_set/vec4 8;
    %jmp/0xz  T_0.148, 8;
    %pushi/vec4 1, 0, 16;
    %ix/getv 4, v0x14f69ba40_0;
    %shiftl 4;
    %store/vec4 v0x14f69b9b0_0, 0, 16;
T_0.148 ;
    %jmp T_0.27;
T_0.11 ;
    %load/vec4 v0x14f69b4c0_0;
    %flag_set/vec4 8;
    %jmp/0xz  T_0.150, 8;
    %load/vec4 v0x14f69b6b0_0;
    %parti/s 4, 23, 6;
    %store/vec4 v0x14f69ba40_0, 0, 4;
T_0.150 ;
    %load/vec4 v0x14f69b550_0;
    %flag_set/vec4 8;
    %jmp/0xz  T_0.152, 8;
    %load/vec4 v0x14f69b6b0_0;
    %parti/s 4, 19, 6;
    %store/vec4 v0x14f69ba40_0, 0, 4;
T_0.152 ;
    %load/vec4 v0x14f69b620_0;
    %flag_set/vec4 8;
    %jmp/0xz  T_0.154, 8;
    %load/vec4 v0x14f69b6b0_0;
    %parti/s 4, 15, 5;
    %store/vec4 v0x14f69ba40_0, 0, 4;
T_0.154 ;
    %load/vec4 v0x14f69b740_0;
    %flag_set/vec4 8;
    %jmp/0xz  T_0.156, 8;
    %pushi/vec4 1, 0, 16;
    %ix/getv 4, v0x14f69ba40_0;
    %shiftl 4;
    %store/vec4 v0x14f69b7f0_0, 0, 16;
T_0.156 ;
    %load/vec4 v0x14f69b900_0;
    %flag_set/vec4 8;
    %jmp/0xz  T_0.158, 8;
    %pushi/vec4 1, 0, 16;
    %ix/getv 4, v0x14f69ba40_0;
    %shiftl 4;
    %store/vec4 v0x14f69b9b0_0, 0, 16;
T_0.158 ;
    %jmp T_0.27;
T_0.12 ;
    %load/vec4 v0x14f69b4c0_0;
    %flag_set/vec4 8;
    %jmp/0xz  T_0.160, 8;
    %load/vec4 v0x14f69b6b0_0;
    %parti/s 4, 23, 6;
    %store/vec4 v0x14f69ba40_0, 0, 4;
T_0.160 ;
    %load/vec4 v0x14f69b550_0;
    %flag_set/vec4 8;
    %jmp/0xz  T_0.162, 8;
    %load/vec4 v0x14f69b6b0_0;
    %parti/s 4, 19, 6;
    %store/vec4 v0x14f69ba40_0, 0, 4;
T_0.162 ;
    %load/vec4 v0x14f69b430_0;
    %flag_set/vec4 8;
    %jmp/0xz  T_0.164, 8;
    %load/vec4 v0x14f69b6b0_0;
    %parti/s 1, 18, 6;
    %replicate 13;
    %load/vec4 v0x14f69b6b0_0;
    %parti/s 19, 0, 2;
    %concat/vec4; draw_concat_vec4
    %store/vec4 v0x14f69b3a0_0, 0, 32;
T_0.164 ;
    %load/vec4 v0x14f69b740_0;
    %flag_set/vec4 8;
    %jmp/0xz  T_0.166, 8;
    %pushi/vec4 1, 0, 16;
    %ix/getv 4, v0x14f69ba40_0;
    %shiftl 4;
    %store/vec4 v0x14f69b7f0_0, 0, 16;
T_0.166 ;
    %load/vec4 v0x14f69b900_0;
    %flag_set/vec4 8;
    %jmp/0xz  T_0.168, 8;
    %pushi/vec4 1, 0, 16;
    %ix/getv 4, v0x14f69ba40_0;
    %shiftl 4;
    %store/vec4 v0x14f69b9b0_0, 0, 16;
T_0.168 ;
    %jmp T_0.27;
T_0.13 ;
    %load/vec4 v0x14f69b4c0_0;
    %flag_set/vec4 8;
    %jmp/0xz  T_0.170, 8;
    %load/vec4 v0x14f69b6b0_0;
    %parti/s 4, 23, 6;
    %store/vec4 v0x14f69ba40_0, 0, 4;
T_0.170 ;
    %load/vec4 v0x14f69b550_0;
    %flag_set/vec4 8;
    %jmp/0xz  T_0.172, 8;
    %load/vec4 v0x14f69b6b0_0;
    %parti/s 4, 19, 6;
    %store/vec4 v0x14f69ba40_0, 0, 4;
T_0.172 ;
    %load/vec4 v0x14f69b430_0;
    %flag_set/vec4 8;
    %jmp/0xz  T_0.174, 8;
    %load/vec4 v0x14f69b6b0_0;
    %parti/s 1, 18, 6;
    %replicate 13;
    %load/vec4 v0x14f69b6b0_0;
    %parti/s 19, 0, 2;
    %concat/vec4; draw_concat_vec4
    %store/vec4 v0x14f69b3a0_0, 0, 32;
T_0.174 ;
    %load/vec4 v0x14f69b740_0;
    %flag_set/vec4 8;
    %jmp/0xz  T_0.176, 8;
    %pushi/vec4 1, 0, 16;
    %ix/getv 4, v0x14f69ba40_0;
    %shiftl 4;
    %store/vec4 v0x14f69b7f0_0, 0, 16;
T_0.176 ;
    %load/vec4 v0x14f69b900_0;
    %flag_set/vec4 8;
    %jmp/0xz  T_0.178, 8;
    %pushi/vec4 1, 0, 16;
    %ix/getv 4, v0x14f69ba40_0;
    %shiftl 4;
    %store/vec4 v0x14f69b9b0_0, 0, 16;
T_0.178 ;
    %jmp T_0.27;
T_0.14 ;
    %load/vec4 v0x14f69b4c0_0;
    %flag_set/vec4 8;
    %jmp/0xz  T_0.180, 8;
    %load/vec4 v0x14f69b6b0_0;
    %parti/s 4, 23, 6;
    %store/vec4 v0x14f69ba40_0, 0, 4;
T_0.180 ;
    %load/vec4 v0x14f69b550_0;
    %flag_set/vec4 8;
    %jmp/0xz  T_0.182, 8;
    %load/vec4 v0x14f69b6b0_0;
    %parti/s 4, 19, 6;
    %store/vec4 v0x14f69ba40_0, 0, 4;
T_0.182 ;
    %load/vec4 v0x14f69b430_0;
    %flag_set/vec4 8;
    %jmp/0xz  T_0.184, 8;
    %load/vec4 v0x14f69b6b0_0;
    %parti/s 1, 18, 6;
    %replicate 13;
    %load/vec4 v0x14f69b6b0_0;
    %parti/s 19, 0, 2;
    %concat/vec4; draw_concat_vec4
    %store/vec4 v0x14f69b3a0_0, 0, 32;
T_0.184 ;
    %load/vec4 v0x14f69b740_0;
    %flag_set/vec4 8;
    %jmp/0xz  T_0.186, 8;
    %pushi/vec4 1, 0, 16;
    %ix/getv 4, v0x14f69ba40_0;
    %shiftl 4;
    %store/vec4 v0x14f69b7f0_0, 0, 16;
T_0.186 ;
    %load/vec4 v0x14f69b900_0;
    %flag_set/vec4 8;
    %jmp/0xz  T_0.188, 8;
    %pushi/vec4 1, 0, 16;
    %ix/getv 4, v0x14f69ba40_0;
    %shiftl 4;
    %store/vec4 v0x14f69b9b0_0, 0, 16;
T_0.188 ;
    %jmp T_0.27;
T_0.15 ;
    %load/vec4 v0x14f69b4c0_0;
    %flag_set/vec4 8;
    %jmp/0xz  T_0.190, 8;
    %load/vec4 v0x14f69b6b0_0;
    %parti/s 4, 23, 6;
    %store/vec4 v0x14f69ba40_0, 0, 4;
T_0.190 ;
    %load/vec4 v0x14f69b550_0;
    %flag_set/vec4 8;
    %jmp/0xz  T_0.192, 8;
    %load/vec4 v0x14f69b6b0_0;
    %parti/s 4, 19, 6;
    %store/vec4 v0x14f69ba40_0, 0, 4;
T_0.192 ;
    %load/vec4 v0x14f69b740_0;
    %flag_set/vec4 8;
    %jmp/0xz  T_0.194, 8;
    %pushi/vec4 1, 0, 16;
    %ix/getv 4, v0x14f69ba40_0;
    %shiftl 4;
    %store/vec4 v0x14f69b7f0_0, 0, 16;
T_0.194 ;
    %load/vec4 v0x14f69b900_0;
    %flag_set/vec4 8;
    %jmp/0xz  T_0.196, 8;
    %pushi/vec4 1, 0, 16;
    %ix/getv 4, v0x14f69ba40_0;
    %shiftl 4;
    %store/vec4 v0x14f69b9b0_0, 0, 16;
T_0.196 ;
    %jmp T_0.27;
T_0.16 ;
    %load/vec4 v0x14f69b4c0_0;
    %flag_set/vec4 8;
    %jmp/0xz  T_0.198, 8;
    %load/vec4 v0x14f69b6b0_0;
    %parti/s 4, 23, 6;
    %store/vec4 v0x14f69ba40_0, 0, 4;
T_0.198 ;
    %load/vec4 v0x14f69b550_0;
    %flag_set/vec4 8;
    %jmp/0xz  T_0.200, 8;
    %load/vec4 v0x14f69b6b0_0;
    %parti/s 4, 19, 6;
    %store/vec4 v0x14f69ba40_0, 0, 4;
T_0.200 ;
    %load/vec4 v0x14f69b740_0;
    %flag_set/vec4 8;
    %jmp/0xz  T_0.202, 8;
    %pushi/vec4 1, 0, 16;
    %ix/getv 4, v0x14f69ba40_0;
    %shiftl 4;
    %store/vec4 v0x14f69b7f0_0, 0, 16;
T_0.202 ;
    %load/vec4 v0x14f69b900_0;
    %flag_set/vec4 8;
    %jmp/0xz  T_0.204, 8;
    %pushi/vec4 1, 0, 16;
    %ix/getv 4, v0x14f69ba40_0;
    %shiftl 4;
    %store/vec4 v0x14f69b9b0_0, 0, 16;
T_0.204 ;
    %jmp T_0.27;
T_0.17 ;
    %load/vec4 v0x14f69b4c0_0;
    %flag_set/vec4 8;
    %jmp/0xz  T_0.206, 8;
    %load/vec4 v0x14f69b6b0_0;
    %parti/s 4, 23, 6;
    %store/vec4 v0x14f69ba40_0, 0, 4;
T_0.206 ;
    %load/vec4 v0x14f69b550_0;
    %flag_set/vec4 8;
    %jmp/0xz  T_0.208, 8;
    %load/vec4 v0x14f69b6b0_0;
    %parti/s 4, 19, 6;
    %store/vec4 v0x14f69ba40_0, 0, 4;
T_0.208 ;
    %load/vec4 v0x14f69b740_0;
    %flag_set/vec4 8;
    %jmp/0xz  T_0.210, 8;
    %pushi/vec4 1, 0, 16;
    %ix/getv 4, v0x14f69ba40_0;
    %shiftl 4;
    %store/vec4 v0x14f69b7f0_0, 0, 16;
T_0.210 ;
    %load/vec4 v0x14f69b900_0;
    %flag_set/vec4 8;
    %jmp/0xz  T_0.212, 8;
    %pushi/vec4 1, 0, 16;
    %ix/getv 4, v0x14f69ba40_0;
    %shiftl 4;
    %store/vec4 v0x14f69b9b0_0, 0, 16;
T_0.212 ;
    %jmp T_0.27;
T_0.18 ;
    %load/vec4 v0x14f69b4c0_0;
    %flag_set/vec4 8;
    %jmp/0xz  T_0.214, 8;
    %load/vec4 v0x14f69b6b0_0;
    %parti/s 4, 23, 6;
    %store/vec4 v0x14f69ba40_0, 0, 4;
T_0.214 ;
    %load/vec4 v0x14f69b550_0;
    %flag_set/vec4 8;
    %jmp/0xz  T_0.216, 8;
    %load/vec4 v0x14f69b6b0_0;
    %parti/s 4, 19, 6;
    %store/vec4 v0x14f69ba40_0, 0, 4;
T_0.216 ;
    %load/vec4 v0x14f69b740_0;
    %flag_set/vec4 8;
    %jmp/0xz  T_0.218, 8;
    %pushi/vec4 1, 0, 16;
    %ix/getv 4, v0x14f69ba40_0;
    %shiftl 4;
    %store/vec4 v0x14f69b7f0_0, 0, 16;
T_0.218 ;
    %load/vec4 v0x14f69b900_0;
    %flag_set/vec4 8;
    %jmp/0xz  T_0.220, 8;
    %pushi/vec4 1, 0, 16;
    %ix/getv 4, v0x14f69ba40_0;
    %shiftl 4;
    %store/vec4 v0x14f69b9b0_0, 0, 16;
T_0.220 ;
    %jmp T_0.27;
T_0.19 ;
    %load/vec4 v0x14f69b4c0_0;
    %flag_set/vec4 8;
    %jmp/0xz  T_0.222, 8;
    %load/vec4 v0x14f69b6b0_0;
    %parti/s 4, 23, 6;
    %store/vec4 v0x14f69ba40_0, 0, 4;
T_0.222 ;
    %load/vec4 v0x14f69b740_0;
    %flag_set/vec4 8;
    %jmp/0xz  T_0.224, 8;
    %pushi/vec4 1, 0, 16;
    %ix/getv 4, v0x14f69ba40_0;
    %shiftl 4;
    %store/vec4 v0x14f69b7f0_0, 0, 16;
T_0.224 ;
    %load/vec4 v0x14f69b900_0;
    %flag_set/vec4 8;
    %jmp/0xz  T_0.226, 8;
    %pushi/vec4 1, 0, 16;
    %ix/getv 4, v0x14f69ba40_0;
    %shiftl 4;
    %store/vec4 v0x14f69b9b0_0, 0, 16;
T_0.226 ;
    %load/vec4 v0x14f69b430_0;
    %flag_set/vec4 8;
    %jmp/0xz  T_0.228, 8;
    %load/vec4 v0x14f69b6b0_0;
    %parti/s 1, 18, 6;
    %replicate 13;
    %load/vec4 v0x14f69b6b0_0;
    %parti/s 19, 0, 2;
    %concat/vec4; draw_concat_vec4
    %store/vec4 v0x14f69b3a0_0, 0, 32;
T_0.228 ;
    %jmp T_0.27;
T_0.20 ;
    %load/vec4 v0x14f69b4c0_0;
    %flag_set/vec4 8;
    %jmp/0xz  T_0.230, 8;
    %load/vec4 v0x14f69b6b0_0;
    %parti/s 4, 23, 6;
    %store/vec4 v0x14f69ba40_0, 0, 4;
T_0.230 ;
    %load/vec4 v0x14f69b550_0;
    %flag_set/vec4 8;
    %jmp/0xz  T_0.232, 8;
    %load/vec4 v0x14f69b6b0_0;
    %parti/s 4, 19, 6;
    %store/vec4 v0x14f69ba40_0, 0, 4;
T_0.232 ;
    %load/vec4 v0x14f69b740_0;
    %flag_set/vec4 8;
    %jmp/0xz  T_0.234, 8;
    %pushi/vec4 1, 0, 16;
    %ix/getv 4, v0x14f69ba40_0;
    %shiftl 4;
    %store/vec4 v0x14f69b7f0_0, 0, 16;
T_0.234 ;
    %load/vec4 v0x14f69b900_0;
    %flag_set/vec4 8;
    %jmp/0xz  T_0.236, 8;
    %pushi/vec4 1, 0, 16;
    %ix/getv 4, v0x14f69ba40_0;
    %shiftl 4;
    %store/vec4 v0x14f69b9b0_0, 0, 16;
T_0.236 ;
    %jmp T_0.27;
T_0.21 ;
    %load/vec4 v0x14f69b4c0_0;
    %flag_set/vec4 8;
    %jmp/0xz  T_0.238, 8;
    %load/vec4 v0x14f69b6b0_0;
    %parti/s 4, 23, 6;
    %store/vec4 v0x14f69ba40_0, 0, 4;
T_0.238 ;
    %load/vec4 v0x14f69b550_0;
    %flag_set/vec4 8;
    %jmp/0xz  T_0.240, 8;
    %load/vec4 v0x14f69b6b0_0;
    %parti/s 4, 19, 6;
    %store/vec4 v0x14f69ba40_0, 0, 4;
T_0.240 ;
    %load/vec4 v0x14f69b740_0;
    %flag_set/vec4 8;
    %jmp/0xz  T_0.242, 8;
    %pushi/vec4 1, 0, 16;
    %ix/getv 4, v0x14f69ba40_0;
    %shiftl 4;
    %store/vec4 v0x14f69b7f0_0, 0, 16;
T_0.242 ;
    %load/vec4 v0x14f69b900_0;
    %flag_set/vec4 8;
    %jmp/0xz  T_0.244, 8;
    %pushi/vec4 1, 0, 16;
    %ix/getv 4, v0x14f69ba40_0;
    %shiftl 4;
    %store/vec4 v0x14f69b9b0_0, 0, 16;
T_0.244 ;
    %jmp T_0.27;
T_0.22 ;
    %load/vec4 v0x14f69b4c0_0;
    %flag_set/vec4 8;
    %jmp/0xz  T_0.246, 8;
    %load/vec4 v0x14f69b6b0_0;
    %parti/s 4, 23, 6;
    %store/vec4 v0x14f69ba40_0, 0, 4;
T_0.246 ;
    %load/vec4 v0x14f69b740_0;
    %flag_set/vec4 8;
    %jmp/0xz  T_0.248, 8;
    %pushi/vec4 1, 0, 16;
    %ix/getv 4, v0x14f69ba40_0;
    %shiftl 4;
    %store/vec4 v0x14f69b7f0_0, 0, 16;
T_0.248 ;
    %load/vec4 v0x14f69b900_0;
    %flag_set/vec4 8;
    %jmp/0xz  T_0.250, 8;
    %pushi/vec4 1, 0, 16;
    %ix/getv 4, v0x14f69ba40_0;
    %shiftl 4;
    %store/vec4 v0x14f69b9b0_0, 0, 16;
T_0.250 ;
    %jmp T_0.27;
T_0.23 ;
    %load/vec4 v0x14f69b4c0_0;
    %flag_set/vec4 8;
    %jmp/0xz  T_0.252, 8;
    %load/vec4 v0x14f69b6b0_0;
    %parti/s 4, 23, 6;
    %store/vec4 v0x14f69ba40_0, 0, 4;
T_0.252 ;
    %load/vec4 v0x14f69b740_0;
    %flag_set/vec4 8;
    %jmp/0xz  T_0.254, 8;
    %pushi/vec4 1, 0, 16;
    %ix/getv 4, v0x14f69ba40_0;
    %shiftl 4;
    %store/vec4 v0x14f69b7f0_0, 0, 16;
T_0.254 ;
    %load/vec4 v0x14f69b900_0;
    %flag_set/vec4 8;
    %jmp/0xz  T_0.256, 8;
    %pushi/vec4 1, 0, 16;
    %ix/getv 4, v0x14f69ba40_0;
    %shiftl 4;
    %store/vec4 v0x14f69b9b0_0, 0, 16;
T_0.256 ;
    %jmp T_0.27;
T_0.24 ;
    %load/vec4 v0x14f69b4c0_0;
    %flag_set/vec4 8;
    %jmp/0xz  T_0.258, 8;
    %load/vec4 v0x14f69b6b0_0;
    %parti/s 4, 23, 6;
    %store/vec4 v0x14f69ba40_0, 0, 4;
T_0.258 ;
    %load/vec4 v0x14f69b740_0;
    %flag_set/vec4 8;
    %jmp/0xz  T_0.260, 8;
    %pushi/vec4 1, 0, 16;
    %ix/getv 4, v0x14f69ba40_0;
    %shiftl 4;
    %store/vec4 v0x14f69b7f0_0, 0, 16;
T_0.260 ;
    %load/vec4 v0x14f69b900_0;
    %flag_set/vec4 8;
    %jmp/0xz  T_0.262, 8;
    %pushi/vec4 1, 0, 16;
    %ix/getv 4, v0x14f69ba40_0;
    %shiftl 4;
    %store/vec4 v0x14f69b9b0_0, 0, 16;
T_0.262 ;
    %jmp T_0.27;
T_0.25 ;
    %load/vec4 v0x14f69b4c0_0;
    %flag_set/vec4 8;
    %jmp/0xz  T_0.264, 8;
    %load/vec4 v0x14f69b6b0_0;
    %parti/s 4, 23, 6;
    %store/vec4 v0x14f69ba40_0, 0, 4;
T_0.264 ;
    %load/vec4 v0x14f69b740_0;
    %flag_set/vec4 8;
    %jmp/0xz  T_0.266, 8;
    %pushi/vec4 1, 0, 16;
    %ix/getv 4, v0x14f69ba40_0;
    %shiftl 4;
    %store/vec4 v0x14f69b7f0_0, 0, 16;
T_0.266 ;
    %load/vec4 v0x14f69b900_0;
    %flag_set/vec4 8;
    %jmp/0xz  T_0.268, 8;
    %pushi/vec4 1, 0, 16;
    %ix/getv 4, v0x14f69ba40_0;
    %shiftl 4;
    %store/vec4 v0x14f69b9b0_0, 0, 16;
T_0.268 ;
    %jmp T_0.27;
T_0.27 ;
    %pop/vec4 1;
    %jmp T_0;
    .thread T_0, $push;
    .scope S_0x14f688840;
T_1 ;
    %pushi/vec4 0, 0, 1;
    %store/vec4 v0x14f68b960_0, 0, 1;
    %end;
    .thread T_1;
    .scope S_0x14f688840;
T_2 ;
    %pushi/vec4 0, 0, 1;
    %store/vec4 v0x14f68b840_0, 0, 1;
    %end;
    .thread T_2;
    .scope S_0x14f688840;
T_3 ;
    %wait E_0x14f68b4b0;
    %load/vec4 v0x14f68ba80_0;
    %parti/s 4, 23, 6;
    %store/vec4 v0x14f68bb10_0, 0, 4;
    %load/vec4 v0x14f68ba80_0;
    %parti/s 4, 19, 6;
    %store/vec4 v0x14f68b7b0_0, 0, 4;
    %pushi/vec4 0, 0, 1;
    %store/vec4 v0x14f68bdf0_0, 0, 1;
    %pushi/vec4 0, 0, 1;
    %store/vec4 v0x14f68bcb0_0, 0, 1;
    %pushi/vec4 0, 0, 1;
    %store/vec4 v0x14f68bd50_0, 0, 1;
    %pushi/vec4 0, 0, 1;
    %store/vec4 v0x14f68bc20_0, 0, 1;
    %pushi/vec4 0, 0, 1;
    %store/vec4 v0x14f669410_0, 0, 1;
    %load/vec4 v0x14f68b7b0_0;
    %dup/vec4;
    %pushi/vec4 0, 0, 4;
    %cmp/u;
    %jmp/1 T_3.0, 6;
    %dup/vec4;
    %pushi/vec4 1, 0, 4;
    %cmp/u;
    %jmp/1 T_3.1, 6;
    %dup/vec4;
    %pushi/vec4 2, 0, 4;
    %cmp/u;
    %jmp/1 T_3.2, 6;
    %dup/vec4;
    %pushi/vec4 3, 0, 4;
    %cmp/u;
    %jmp/1 T_3.3, 6;
    %jmp T_3.4;
T_3.0 ;
    %pushi/vec4 1, 0, 1;
    %store/vec4 v0x14f68bdf0_0, 0, 1;
    %jmp T_3.4;
T_3.1 ;
    %pushi/vec4 1, 0, 1;
    %store/vec4 v0x14f68bcb0_0, 0, 1;
    %jmp T_3.4;
T_3.2 ;
    %pushi/vec4 1, 0, 1;
    %store/vec4 v0x14f68bd50_0, 0, 1;
    %jmp T_3.4;
T_3.3 ;
    %pushi/vec4 1, 0, 1;
    %store/vec4 v0x14f68bc20_0, 0, 1;
    %jmp T_3.4;
T_3.4 ;
    %pop/vec4 1;
    %load/vec4 v0x14f68b500_0;
    %parti/s 1, 31, 6;
    %store/vec4 v0x14f68bf40_0, 0, 1;
    %pushi/vec4 0, 0, 32;
    %store/vec4 v0x14f68be90_0, 0, 32;
T_3.5 ;
    %load/vec4 v0x14f68be90_0;
    %cmpi/s 32, 0, 32;
    %jmp/0xz T_3.6, 5;
    %load/vec4 v0x14f669410_0;
    %load/vec4 v0x14f68b500_0;
    %load/vec4 v0x14f68be90_0;
    %part/s 1;
    %or;
    %store/vec4 v0x14f669410_0, 0, 1;
    %load/vec4 v0x14f68be90_0;
    %addi 1, 0, 32;
    %store/vec4 v0x14f68be90_0, 0, 32;
    %jmp T_3.5;
T_3.6 ;
    %load/vec4 v0x14f68bdf0_0;
    %load/vec4 v0x14f669410_0;
    %inv;
    %and;
    %load/vec4 v0x14f68bcb0_0;
    %load/vec4 v0x14f669410_0;
    %and;
    %or;
    %load/vec4 v0x14f68bd50_0;
    %load/vec4 v0x14f68bf40_0;
    %inv;
    %and;
    %or;
    %load/vec4 v0x14f68bc20_0;
    %load/vec4 v0x14f68bf40_0;
    %and;
    %or;
    %store/vec4 v0x14f68b9f0_0, 0, 1;
    %jmp T_3;
    .thread T_3, $push;
    .scope S_0x14f688840;
T_4 ;
    %wait E_0x14f68b450;
    %delay 200, 0;
    %load/vec4 v0x14f68b9f0_0;
    %store/vec4 v0x14f68b960_0, 0, 1;
    %load/vec4 v0x14f68b960_0;
    %store/vec4 v0x14f68b840_0, 0, 1;
    %jmp T_4;
    .thread T_4;
    .scope S_0x14f68c8b0;
T_5 ;
    %pushi/vec4 0, 0, 32;
    %store/vec4 v0x14f68cf10_0, 0, 32;
    %end;
    .thread T_5;
    .scope S_0x14f68c8b0;
T_6 ;
    %wait E_0x14f68c3b0;
    %load/vec4 v0x14f68cc90_0;
    %flag_set/vec4 8;
    %jmp/0xz  T_6.0, 8;
    %pushi/vec4 0, 0, 32;
    %assign/vec4 v0x14f68cf10_0, 0;
    %jmp T_6.1;
T_6.0 ;
    %load/vec4 v0x14f68cdf0_0;
    %assign/vec4 v0x14f68cf10_0, 0;
T_6.1 ;
    %jmp T_6;
    .thread T_6;
    .scope S_0x14f68f280;
T_7 ;
    %pushi/vec4 0, 0, 32;
    %store/vec4 v0x14f68f950_0, 0, 32;
    %end;
    .thread T_7;
    .scope S_0x14f68f280;
T_8 ;
    %wait E_0x14f68c3b0;
    %load/vec4 v0x14f68f5f0_0;
    %flag_set/vec4 8;
    %jmp/0xz  T_8.0, 8;
    %pushi/vec4 0, 0, 32;
    %assign/vec4 v0x14f68f950_0, 0;
    %jmp T_8.1;
T_8.0 ;
    %load/vec4 v0x14f68f880_0;
    %flag_set/vec4 8;
    %jmp/0xz  T_8.2, 8;
    %load/vec4 v0x14f68f730_0;
    %assign/vec4 v0x14f68f950_0, 0;
T_8.2 ;
T_8.1 ;
    %jmp T_8;
    .thread T_8;
    .scope S_0x14f692c00;
T_9 ;
    %pushi/vec4 0, 0, 32;
    %store/vec4 v0x14f693430_0, 0, 32;
    %end;
    .thread T_9;
    .scope S_0x14f692c00;
T_10 ;
    %wait E_0x14f68c3b0;
    %load/vec4 v0x14f693160_0;
    %flag_set/vec4 8;
    %jmp/0xz  T_10.0, 8;
    %pushi/vec4 0, 0, 32;
    %assign/vec4 v0x14f693430_0, 0;
    %jmp T_10.1;
T_10.0 ;
    %load/vec4 v0x14f6933a0_0;
    %flag_set/vec4 8;
    %jmp/0xz  T_10.2, 8;
    %load/vec4 v0x14f693280_0;
    %assign/vec4 v0x14f693430_0, 0;
T_10.2 ;
T_10.1 ;
    %jmp T_10;
    .thread T_10;
    .scope S_0x14f693570;
T_11 ;
    %pushi/vec4 0, 0, 32;
    %store/vec4 v0x14f693c60_0, 0, 32;
    %end;
    .thread T_11;
    .scope S_0x14f693570;
T_12 ;
    %wait E_0x14f68c3b0;
    %load/vec4 v0x14f693900_0;
    %flag_set/vec4 8;
    %jmp/0xz  T_12.0, 8;
    %pushi/vec4 0, 0, 32;
    %assign/vec4 v0x14f693c60_0, 0;
    %jmp T_12.1;
T_12.0 ;
    %load/vec4 v0x14f693b90_0;
    %flag_set/vec4 8;
    %jmp/0xz  T_12.2, 8;
    %load/vec4 v0x14f693a30_0;
    %assign/vec4 v0x14f693c60_0, 0;
T_12.2 ;
T_12.1 ;
    %jmp T_12;
    .thread T_12;
    .scope S_0x14f697010;
T_13 ;
    %pushi/vec4 0, 0, 32;
    %store/vec4 v0x14f697560_0, 0, 32;
    %end;
    .thread T_13;
    .scope S_0x14f697010;
T_14 ;
    %wait E_0x14f68c3b0;
    %load/vec4 v0x14f697380_0;
    %flag_set/vec4 8;
    %jmp/0xz  T_14.0, 8;
    %pushi/vec4 0, 0, 32;
    %assign/vec4 v0x14f697560_0, 0;
    %jmp T_14.1;
T_14.0 ;
    %load/vec4 v0x14f68b660_0;
    %flag_set/vec4 8;
    %jmp/0xz  T_14.2, 8;
    %load/vec4 v0x14f6974b0_0;
    %assign/vec4 v0x14f697560_0, 0;
T_14.2 ;
T_14.1 ;
    %jmp T_14;
    .thread T_14;
    .scope S_0x14f697610;
T_15 ;
    %pushi/vec4 0, 0, 32;
    %store/vec4 v0x14f697ce0_0, 0, 32;
    %end;
    .thread T_15;
    .scope S_0x14f697610;
T_16 ;
    %wait E_0x14f68c3b0;
    %load/vec4 v0x14f697980_0;
    %flag_set/vec4 8;
    %jmp/0xz  T_16.0, 8;
    %pushi/vec4 0, 0, 32;
    %assign/vec4 v0x14f697ce0_0, 0;
    %jmp T_16.1;
T_16.0 ;
    %load/vec4 v0x14f697c10_0;
    %flag_set/vec4 8;
    %jmp/0xz  T_16.2, 8;
    %load/vec4 v0x14f697ab0_0;
    %assign/vec4 v0x14f697ce0_0, 0;
T_16.2 ;
T_16.1 ;
    %jmp T_16;
    .thread T_16;
    .scope S_0x14f697e10;
T_17 ;
    %pushi/vec4 0, 0, 32;
    %store/vec4 v0x14f6984e0_0, 0, 32;
    %end;
    .thread T_17;
    .scope S_0x14f697e10;
T_18 ;
    %wait E_0x14f68c3b0;
    %load/vec4 v0x14f698180_0;
    %flag_set/vec4 8;
    %jmp/0xz  T_18.0, 8;
    %pushi/vec4 0, 0, 32;
    %assign/vec4 v0x14f6984e0_0, 0;
    %jmp T_18.1;
T_18.0 ;
    %load/vec4 v0x14f698410_0;
    %flag_set/vec4 8;
    %jmp/0xz  T_18.2, 8;
    %load/vec4 v0x14f6982b0_0;
    %assign/vec4 v0x14f6984e0_0, 0;
T_18.2 ;
T_18.1 ;
    %jmp T_18;
    .thread T_18;
    .scope S_0x14f698610;
T_19 ;
    %pushi/vec4 0, 0, 32;
    %store/vec4 v0x14f698ce0_0, 0, 32;
    %end;
    .thread T_19;
    .scope S_0x14f698610;
T_20 ;
    %wait E_0x14f68c3b0;
    %load/vec4 v0x14f698980_0;
    %flag_set/vec4 8;
    %jmp/0xz  T_20.0, 8;
    %pushi/vec4 0, 0, 32;
    %assign/vec4 v0x14f698ce0_0, 0;
    %jmp T_20.1;
T_20.0 ;
    %load/vec4 v0x14f698c10_0;
    %flag_set/vec4 8;
    %jmp/0xz  T_20.2, 8;
    %load/vec4 v0x14f698ab0_0;
    %assign/vec4 v0x14f698ce0_0, 0;
T_20.2 ;
T_20.1 ;
    %jmp T_20;
    .thread T_20;
    .scope S_0x14f698e10;
T_21 ;
    %pushi/vec4 0, 0, 32;
    %store/vec4 v0x14f6994e0_0, 0, 32;
    %end;
    .thread T_21;
    .scope S_0x14f698e10;
T_22 ;
    %wait E_0x14f68c3b0;
    %load/vec4 v0x14f699180_0;
    %flag_set/vec4 8;
    %jmp/0xz  T_22.0, 8;
    %pushi/vec4 0, 0, 32;
    %assign/vec4 v0x14f6994e0_0, 0;
    %jmp T_22.1;
T_22.0 ;
    %load/vec4 v0x14f699410_0;
    %flag_set/vec4 8;
    %jmp/0xz  T_22.2, 8;
    %load/vec4 v0x14f6992b0_0;
    %assign/vec4 v0x14f6994e0_0, 0;
T_22.2 ;
T_22.1 ;
    %jmp T_22;
    .thread T_22;
    .scope S_0x14f699610;
T_23 ;
    %pushi/vec4 0, 0, 32;
    %store/vec4 v0x14f699ce0_0, 0, 32;
    %end;
    .thread T_23;
    .scope S_0x14f699610;
T_24 ;
    %wait E_0x14f68c3b0;
    %load/vec4 v0x14f699980_0;
    %flag_set/vec4 8;
    %jmp/0xz  T_24.0, 8;
    %pushi/vec4 0, 0, 32;
    %assign/vec4 v0x14f699ce0_0, 0;
    %jmp T_24.1;
T_24.0 ;
    %load/vec4 v0x14f699c10_0;
    %flag_set/vec4 8;
    %jmp/0xz  T_24.2, 8;
    %load/vec4 v0x14f699ab0_0;
    %assign/vec4 v0x14f699ce0_0, 0;
T_24.2 ;
T_24.1 ;
    %jmp T_24;
    .thread T_24;
    .scope S_0x14f699e10;
T_25 ;
    %pushi/vec4 0, 0, 32;
    %store/vec4 v0x14f69a4e0_0, 0, 32;
    %end;
    .thread T_25;
    .scope S_0x14f699e10;
T_26 ;
    %wait E_0x14f68c3b0;
    %load/vec4 v0x14f69a180_0;
    %flag_set/vec4 8;
    %jmp/0xz  T_26.0, 8;
    %pushi/vec4 0, 0, 32;
    %assign/vec4 v0x14f69a4e0_0, 0;
    %jmp T_26.1;
T_26.0 ;
    %load/vec4 v0x14f69a410_0;
    %flag_set/vec4 8;
    %jmp/0xz  T_26.2, 8;
    %load/vec4 v0x14f69a2b0_0;
    %assign/vec4 v0x14f69a4e0_0, 0;
T_26.2 ;
T_26.1 ;
    %jmp T_26;
    .thread T_26;
    .scope S_0x14f69a610;
T_27 ;
    %pushi/vec4 0, 0, 32;
    %store/vec4 v0x14f69ace0_0, 0, 32;
    %end;
    .thread T_27;
    .scope S_0x14f69a610;
T_28 ;
    %wait E_0x14f68c3b0;
    %load/vec4 v0x14f69a980_0;
    %flag_set/vec4 8;
    %jmp/0xz  T_28.0, 8;
    %pushi/vec4 0, 0, 32;
    %assign/vec4 v0x14f69ace0_0, 0;
    %jmp T_28.1;
T_28.0 ;
    %load/vec4 v0x14f69ac10_0;
    %flag_set/vec4 8;
    %jmp/0xz  T_28.2, 8;
    %load/vec4 v0x14f69aab0_0;
    %assign/vec4 v0x14f69ace0_0, 0;
T_28.2 ;
T_28.1 ;
    %jmp T_28;
    .thread T_28;
    .scope S_0x14f693d90;
T_29 ;
    %pushi/vec4 0, 0, 32;
    %store/vec4 v0x14f694460_0, 0, 32;
    %end;
    .thread T_29;
    .scope S_0x14f693d90;
T_30 ;
    %wait E_0x14f68c3b0;
    %load/vec4 v0x14f694100_0;
    %flag_set/vec4 8;
    %jmp/0xz  T_30.0, 8;
    %pushi/vec4 0, 0, 32;
    %assign/vec4 v0x14f694460_0, 0;
    %jmp T_30.1;
T_30.0 ;
    %load/vec4 v0x14f694390_0;
    %flag_set/vec4 8;
    %jmp/0xz  T_30.2, 8;
    %load/vec4 v0x14f694230_0;
    %assign/vec4 v0x14f694460_0, 0;
T_30.2 ;
T_30.1 ;
    %jmp T_30;
    .thread T_30;
    .scope S_0x14f694590;
T_31 ;
    %pushi/vec4 0, 0, 32;
    %store/vec4 v0x14f694ce0_0, 0, 32;
    %end;
    .thread T_31;
    .scope S_0x14f694590;
T_32 ;
    %wait E_0x14f68c3b0;
    %load/vec4 v0x14f694980_0;
    %flag_set/vec4 8;
    %jmp/0xz  T_32.0, 8;
    %pushi/vec4 0, 0, 32;
    %assign/vec4 v0x14f694ce0_0, 0;
    %jmp T_32.1;
T_32.0 ;
    %load/vec4 v0x14f694c10_0;
    %flag_set/vec4 8;
    %jmp/0xz  T_32.2, 8;
    %load/vec4 v0x14f694ab0_0;
    %assign/vec4 v0x14f694ce0_0, 0;
T_32.2 ;
T_32.1 ;
    %jmp T_32;
    .thread T_32;
    .scope S_0x14f694e10;
T_33 ;
    %pushi/vec4 0, 0, 32;
    %store/vec4 v0x14f6954e0_0, 0, 32;
    %end;
    .thread T_33;
    .scope S_0x14f694e10;
T_34 ;
    %wait E_0x14f68c3b0;
    %load/vec4 v0x14f695180_0;
    %flag_set/vec4 8;
    %jmp/0xz  T_34.0, 8;
    %pushi/vec4 0, 0, 32;
    %assign/vec4 v0x14f6954e0_0, 0;
    %jmp T_34.1;
T_34.0 ;
    %load/vec4 v0x14f695410_0;
    %flag_set/vec4 8;
    %jmp/0xz  T_34.2, 8;
    %load/vec4 v0x14f6952b0_0;
    %assign/vec4 v0x14f6954e0_0, 0;
T_34.2 ;
T_34.1 ;
    %jmp T_34;
    .thread T_34;
    .scope S_0x14f695610;
T_35 ;
    %pushi/vec4 0, 0, 32;
    %store/vec4 v0x14f695ce0_0, 0, 32;
    %end;
    .thread T_35;
    .scope S_0x14f695610;
T_36 ;
    %wait E_0x14f68c3b0;
    %load/vec4 v0x14f695980_0;
    %flag_set/vec4 8;
    %jmp/0xz  T_36.0, 8;
    %pushi/vec4 0, 0, 32;
    %assign/vec4 v0x14f695ce0_0, 0;
    %jmp T_36.1;
T_36.0 ;
    %load/vec4 v0x14f695c10_0;
    %flag_set/vec4 8;
    %jmp/0xz  T_36.2, 8;
    %load/vec4 v0x14f695ab0_0;
    %assign/vec4 v0x14f695ce0_0, 0;
T_36.2 ;
T_36.1 ;
    %jmp T_36;
    .thread T_36;
    .scope S_0x14f695e10;
T_37 ;
    %pushi/vec4 0, 0, 32;
    %store/vec4 v0x14f6964e0_0, 0, 32;
    %end;
    .thread T_37;
    .scope S_0x14f695e10;
T_38 ;
    %wait E_0x14f68c3b0;
    %load/vec4 v0x14f696180_0;
    %flag_set/vec4 8;
    %jmp/0xz  T_38.0, 8;
    %pushi/vec4 0, 0, 32;
    %assign/vec4 v0x14f6964e0_0, 0;
    %jmp T_38.1;
T_38.0 ;
    %load/vec4 v0x14f696410_0;
    %flag_set/vec4 8;
    %jmp/0xz  T_38.2, 8;
    %load/vec4 v0x14f6962b0_0;
    %assign/vec4 v0x14f6964e0_0, 0;
T_38.2 ;
T_38.1 ;
    %jmp T_38;
    .thread T_38;
    .scope S_0x14f696610;
T_39 ;
    %pushi/vec4 0, 0, 32;
    %store/vec4 v0x14f696f30_0, 0, 32;
    %end;
    .thread T_39;
    .scope S_0x14f696610;
T_40 ;
    %wait E_0x14f68c3b0;
    %load/vec4 v0x14f696980_0;
    %flag_set/vec4 8;
    %jmp/0xz  T_40.0, 8;
    %pushi/vec4 0, 0, 32;
    %assign/vec4 v0x14f696f30_0, 0;
    %jmp T_40.1;
T_40.0 ;
    %load/vec4 v0x14f696ea0_0;
    %flag_set/vec4 8;
    %jmp/0xz  T_40.2, 8;
    %load/vec4 v0x14f690030_0;
    %assign/vec4 v0x14f696f30_0, 0;
T_40.2 ;
T_40.1 ;
    %jmp T_40;
    .thread T_40;
    .scope S_0x14f68fa70;
T_41 ;
    %pushi/vec4 0, 0, 32;
    %store/vec4 v0x14f6902e0_0, 0, 32;
    %end;
    .thread T_41;
    .scope S_0x14f68fa70;
T_42 ;
    %wait E_0x14f68c3b0;
    %load/vec4 v0x14f68fe00_0;
    %flag_set/vec4 8;
    %jmp/0xz  T_42.0, 8;
    %pushi/vec4 0, 0, 32;
    %assign/vec4 v0x14f6902e0_0, 0;
    %jmp T_42.1;
T_42.0 ;
    %load/vec4 v0x14f690250_0;
    %flag_set/vec4 8;
    %jmp/0xz  T_42.2, 8;
    %load/vec4 v0x14f690130_0;
    %assign/vec4 v0x14f6902e0_0, 0;
T_42.2 ;
T_42.1 ;
    %jmp T_42;
    .thread T_42;
    .scope S_0x14f68d010;
T_43 ;
    %pushi/vec4 0, 0, 32;
    %store/vec4 v0x14f68d730_0, 0, 32;
    %end;
    .thread T_43;
    .scope S_0x14f68d010;
T_44 ;
    %wait E_0x14f68c3b0;
    %load/vec4 v0x14f68d3a0_0;
    %flag_set/vec4 8;
    %jmp/0xz  T_44.0, 8;
    %pushi/vec4 0, 0, 32;
    %assign/vec4 v0x14f68d730_0, 0;
    %jmp T_44.1;
T_44.0 ;
    %load/vec4 v0x14f68d660_0;
    %flag_set/vec4 8;
    %jmp/0xz  T_44.2, 8;
    %load/vec4 v0x14f68d4e0_0;
    %assign/vec4 v0x14f68d730_0, 0;
T_44.2 ;
T_44.1 ;
    %jmp T_44;
    .thread T_44;
    .scope S_0x14f69cb70;
T_45 ;
    %pushi/vec4 0, 0, 32;
    %store/vec4 v0x14f69d3b0_0, 0, 32;
    %end;
    .thread T_45;
    .scope S_0x14f69cb70;
T_46 ;
    %wait E_0x14f68c3b0;
    %load/vec4 v0x14f69cff0_0;
    %flag_set/vec4 8;
    %jmp/0xz  T_46.0, 8;
    %pushi/vec4 0, 0, 32;
    %assign/vec4 v0x14f69d3b0_0, 0;
    %jmp T_46.1;
T_46.0 ;
    %load/vec4 v0x14f69d2a0_0;
    %flag_set/vec4 8;
    %jmp/0xz  T_46.2, 8;
    %load/vec4 v0x14f69d130_0;
    %assign/vec4 v0x14f69d3b0_0, 0;
T_46.2 ;
T_46.1 ;
    %jmp T_46;
    .thread T_46;
    .scope S_0x14f69c360;
T_47 ;
    %pushi/vec4 0, 0, 32;
    %store/vec4 v0x14f69ca60_0, 0, 32;
    %end;
    .thread T_47;
    .scope S_0x14f69c360;
T_48 ;
    %wait E_0x14f68c3b0;
    %load/vec4 v0x14f69c6f0_0;
    %flag_set/vec4 8;
    %jmp/0xz  T_48.0, 8;
    %pushi/vec4 0, 0, 32;
    %assign/vec4 v0x14f69ca60_0, 0;
    %jmp T_48.1;
T_48.0 ;
    %load/vec4 v0x14f69c990_0;
    %flag_set/vec4 8;
    %jmp/0xz  T_48.2, 8;
    %load/vec4 v0x14f69c820_0;
    %assign/vec4 v0x14f69ca60_0, 0;
T_48.2 ;
T_48.1 ;
    %jmp T_48;
    .thread T_48;
    .scope S_0x14f68c040;
T_49 ;
    %pushi/vec4 0, 0, 32;
    %store/vec4 v0x14f68c7b0_0, 0, 32;
    %end;
    .thread T_49;
    .scope S_0x14f68c040;
T_50 ;
    %wait E_0x14f68c3b0;
    %load/vec4 v0x14f68c410_0;
    %flag_set/vec4 8;
    %jmp/0xz  T_50.0, 8;
    %pushi/vec4 0, 0, 32;
    %assign/vec4 v0x14f68c7b0_0, 0;
    %jmp T_50.1;
T_50.0 ;
    %load/vec4 v0x14f68c6e0_0;
    %flag_set/vec4 8;
    %jmp/0xz  T_50.2, 8;
    %load/vec4 v0x14f68c580_0;
    %assign/vec4 v0x14f68c7b0_0, 0;
T_50.2 ;
T_50.1 ;
    %jmp T_50;
    .thread T_50;
    .scope S_0x14f68d830;
T_51 ;
    %pushi/vec4 0, 0, 32;
    %store/vec4 v0x14f68dfa0_0, 0, 32;
    %end;
    .thread T_51;
    .scope S_0x14f68d830;
T_52 ;
    %wait E_0x14f68c3b0;
    %load/vec4 v0x14f68dbc0_0;
    %flag_set/vec4 8;
    %jmp/0xz  T_52.0, 8;
    %pushi/vec4 0, 0, 32;
    %assign/vec4 v0x14f68dfa0_0, 0;
    %jmp T_52.1;
T_52.0 ;
    %load/vec4 v0x14f68df10_0;
    %flag_set/vec4 8;
    %jmp/0xz  T_52.2, 8;
    %load/vec4 v0x14f68ddf0_0;
    %assign/vec4 v0x14f68dfa0_0, 0;
T_52.2 ;
T_52.1 ;
    %jmp T_52;
    .thread T_52;
    .scope S_0x14f69bba0;
T_53 ;
    %pushi/vec4 0, 0, 32;
    %store/vec4 v0x14f69c240_0, 0, 32;
    %end;
    .thread T_53;
    .scope S_0x14f69bba0;
T_54 ;
    %wait E_0x14f68c3b0;
    %load/vec4 v0x14f69bef0_0;
    %flag_set/vec4 8;
    %jmp/0xz  T_54.0, 8;
    %pushi/vec4 0, 0, 32;
    %assign/vec4 v0x14f69c240_0, 0;
    %jmp T_54.1;
T_54.0 ;
    %load/vec4 v0x14f69c170_0;
    %flag_set/vec4 8;
    %jmp/0xz  T_54.2, 8;
    %load/vec4 v0x14f69c030_0;
    %assign/vec4 v0x14f69c240_0, 0;
T_54.2 ;
T_54.1 ;
    %jmp T_54;
    .thread T_54;
    .scope S_0x14f64b460;
T_55 ;
    %wait E_0x14f64b750;
    %load/vec4 v0x14f64ba80_0;
    %parti/s 1, 31, 6;
    %store/vec4 v0x14f64bb50_0, 0, 1;
    %load/vec4 v0x14f64bc80_0;
    %parti/s 1, 31, 6;
    %store/vec4 v0x14f64bd20_0, 0, 1;
    %load/vec4 v0x14f64bb50_0;
    %flag_set/vec4 8;
    %jmp/0xz  T_55.0, 8;
    %load/vec4 v0x14f64ba80_0;
    %inv;
    %addi 1, 0, 32;
    %store/vec4 v0x14f64bbe0_0, 0, 32;
    %jmp T_55.1;
T_55.0 ;
    %load/vec4 v0x14f64ba80_0;
    %store/vec4 v0x14f64bbe0_0, 0, 32;
T_55.1 ;
    %load/vec4 v0x14f64bd20_0;
    %flag_set/vec4 8;
    %jmp/0xz  T_55.2, 8;
    %load/vec4 v0x14f64bc80_0;
    %inv;
    %addi 1, 0, 32;
    %store/vec4 v0x14f64be30_0, 0, 32;
    %jmp T_55.3;
T_55.2 ;
    %load/vec4 v0x14f64bc80_0;
    %store/vec4 v0x14f64be30_0, 0, 32;
T_55.3 ;
    %pushi/vec4 0, 0, 65;
    %store/vec4 v0x14f64b800_0, 0, 65;
    %load/vec4 v0x14f64be30_0;
    %store/vec4 v0x14f64b960_0, 0, 32;
    %pushi/vec4 0, 0, 1;
    %store/vec4 v0x14f64b9f0_0, 0, 1;
    %load/vec4 v0x14f64bbe0_0;
    %pad/u 33;
    %store/vec4 v0x14f64b8c0_0, 0, 33;
    %pushi/vec4 0, 0, 32;
    %store/vec4 v0x14f64bf80_0, 0, 32;
T_55.4 ;
    %load/vec4 v0x14f64bf80_0;
    %cmpi/s 32, 0, 32;
    %jmp/0xz T_55.5, 5;
    %load/vec4 v0x14f64b960_0;
    %parti/s 1, 0, 2;
    %load/vec4 v0x14f64b9f0_0;
    %concat/vec4; draw_concat_vec4
    %dup/vec4;
    %pushi/vec4 1, 0, 2;
    %cmp/u;
    %jmp/1 T_55.6, 6;
    %dup/vec4;
    %pushi/vec4 2, 0, 2;
    %cmp/u;
    %jmp/1 T_55.7, 6;
    %load/vec4 v0x14f64b800_0;
    %store/vec4 v0x14f64b800_0, 0, 65;
    %jmp T_55.9;
T_55.6 ;
    %load/vec4 v0x14f64b800_0;
    %load/vec4 v0x14f64b8c0_0;
    %pad/u 65;
    %add;
    %store/vec4 v0x14f64b800_0, 0, 65;
    %jmp T_55.9;
T_55.7 ;
    %load/vec4 v0x14f64b800_0;
    %load/vec4 v0x14f64b8c0_0;
    %pad/u 65;
    %sub;
    %store/vec4 v0x14f64b800_0, 0, 65;
    %jmp T_55.9;
T_55.9 ;
    %pop/vec4 1;
    %load/vec4 v0x14f64b960_0;
    %parti/s 1, 0, 2;
    %store/vec4 v0x14f64b9f0_0, 0, 1;
    %load/vec4 v0x14f64b800_0;
    %parti/s 1, 0, 2;
    %load/vec4 v0x14f64b960_0;
    %parti/s 31, 1, 2;
    %concat/vec4; draw_concat_vec4
    %store/vec4 v0x14f64b960_0, 0, 32;
    %load/vec4 v0x14f64b800_0;
    %parti/s 1, 32, 7;
    %load/vec4 v0x14f64b800_0;
    %parti/s 64, 1, 2;
    %concat/vec4; draw_concat_vec4
    %store/vec4 v0x14f64b800_0, 0, 65;
    %load/vec4 v0x14f64bf80_0;
    %addi 1, 0, 32;
    %store/vec4 v0x14f64bf80_0, 0, 32;
    %jmp T_55.4;
T_55.5 ;
    %load/vec4 v0x14f64b800_0;
    %parti/s 64, 0, 2;
    %load/vec4 v0x14f64b960_0;
    %concat/vec4; draw_concat_vec4
    %pad/u 64;
    %store/vec4 v0x14f64c0d0_0, 0, 64;
    %load/vec4 v0x14f64bb50_0;
    %load/vec4 v0x14f64bd20_0;
    %xor;
    %store/vec4 v0x14f64c030_0, 0, 1;
    %load/vec4 v0x14f64c030_0;
    %flag_set/vec4 8;
    %jmp/0xz  T_55.10, 8;
    %load/vec4 v0x14f64c0d0_0;
    %inv;
    %addi 1, 0, 64;
    %store/vec4 v0x14f64bed0_0, 0, 64;
    %jmp T_55.11;
T_55.10 ;
    %load/vec4 v0x14f64c0d0_0;
    %store/vec4 v0x14f64bed0_0, 0, 64;
T_55.11 ;
    %jmp T_55;
    .thread T_55, $push;
    .scope S_0x14f64a920;
T_56 ;
    %wait E_0x14f64ac70;
    %load/vec4 v0x14f64acf0_0;
    %parti/s 1, 31, 6;
    %store/vec4 v0x14f64af90_0, 0, 1;
    %load/vec4 v0x14f64ade0_0;
    %parti/s 1, 31, 6;
    %store/vec4 v0x14f64b100_0, 0, 1;
    %load/vec4 v0x14f64af90_0;
    %flag_set/vec4 8;
    %jmp/0xz  T_56.0, 8;
    %load/vec4 v0x14f64acf0_0;
    %pad/u 64;
    %inv;
    %addi 1, 0, 64;
    %store/vec4 v0x14f64af00_0, 0, 64;
    %jmp T_56.1;
T_56.0 ;
    %load/vec4 v0x14f64acf0_0;
    %pad/u 64;
    %store/vec4 v0x14f64af00_0, 0, 64;
T_56.1 ;
    %load/vec4 v0x14f64b100_0;
    %flag_set/vec4 8;
    %jmp/0xz  T_56.2, 8;
    %load/vec4 v0x14f64ade0_0;
    %inv;
    %addi 1, 0, 32;
    %store/vec4 v0x14f64b060_0, 0, 32;
    %jmp T_56.3;
T_56.2 ;
    %load/vec4 v0x14f64ade0_0;
    %store/vec4 v0x14f64b060_0, 0, 32;
T_56.3 ;
    %load/vec4 v0x14f64af00_0;
    %concati/vec4 0, 0, 32;
    %pad/u 64;
    %store/vec4 v0x14f64af00_0, 0, 64;
    %pushi/vec4 0, 0, 32;
    %store/vec4 v0x14f64b250_0, 0, 32;
    %pushi/vec4 0, 0, 32;
    %store/vec4 v0x14f64b360_0, 0, 32;
    %pushi/vec4 0, 0, 32;
    %store/vec4 v0x14f64b1a0_0, 0, 32;
T_56.4 ;
    %load/vec4 v0x14f64b1a0_0;
    %cmpi/s 32, 0, 32;
    %jmp/0xz T_56.5, 5;
    %load/vec4 v0x14f64b360_0;
    %parti/s 31, 0, 2;
    %load/vec4 v0x14f64af00_0;
    %parti/s 1, 63, 7;
    %concat/vec4; draw_concat_vec4
    %store/vec4 v0x14f64b360_0, 0, 32;
    %load/vec4 v0x14f64af00_0;
    %ix/load 4, 1, 0;
    %flag_set/imm 4, 0;
    %shiftl 4;
    %store/vec4 v0x14f64af00_0, 0, 64;
    %load/vec4 v0x14f64b360_0;
    %parti/s 1, 31, 6;
    %pad/u 32;
    %cmpi/e 0, 0, 32;
    %jmp/0xz  T_56.6, 4;
    %load/vec4 v0x14f64b360_0;
    %load/vec4 v0x14f64b060_0;
    %sub;
    %store/vec4 v0x14f64b360_0, 0, 32;
    %jmp T_56.7;
T_56.6 ;
    %load/vec4 v0x14f64b360_0;
    %load/vec4 v0x14f64b060_0;
    %add;
    %store/vec4 v0x14f64b360_0, 0, 32;
T_56.7 ;
    %load/vec4 v0x14f64b360_0;
    %parti/s 1, 31, 6;
    %pad/u 32;
    %cmpi/e 0, 0, 32;
    %jmp/0xz  T_56.8, 4;
    %load/vec4 v0x14f64b250_0;
    %pushi/vec4 1, 0, 32;
    %pushi/vec4 31, 0, 32;
    %load/vec4 v0x14f64b1a0_0;
    %sub;
    %ix/vec4 4;
    %shiftl 4;
    %or;
    %store/vec4 v0x14f64b250_0, 0, 32;
T_56.8 ;
    %load/vec4 v0x14f64b1a0_0;
    %addi 1, 0, 32;
    %store/vec4 v0x14f64b1a0_0, 0, 32;
    %jmp T_56.4;
T_56.5 ;
    %load/vec4 v0x14f64b360_0;
    %parti/s 1, 31, 6;
    %pad/u 32;
    %cmpi/e 1, 0, 32;
    %jmp/0xz  T_56.10, 4;
    %load/vec4 v0x14f64b360_0;
    %load/vec4 v0x14f64b060_0;
    %add;
    %store/vec4 v0x14f64b360_0, 0, 32;
T_56.10 ;
    %load/vec4 v0x14f64af90_0;
    %load/vec4 v0x14f64b100_0;
    %xor;
    %flag_set/vec4 8;
    %jmp/0xz  T_56.12, 8;
    %load/vec4 v0x14f64b250_0;
    %inv;
    %addi 1, 0, 32;
    %store/vec4 v0x14f64b250_0, 0, 32;
T_56.12 ;
    %load/vec4 v0x14f64af90_0;
    %flag_set/vec4 8;
    %jmp/0xz  T_56.14, 8;
    %load/vec4 v0x14f64b360_0;
    %inv;
    %addi 1, 0, 32;
    %store/vec4 v0x14f64b360_0, 0, 32;
T_56.14 ;
    %load/vec4 v0x14f64b360_0;
    %load/vec4 v0x14f64b250_0;
    %concat/vec4; draw_concat_vec4
    %store/vec4 v0x14f64ae70_0, 0, 64;
    %jmp T_56;
    .thread T_56, $push;
    .scope S_0x14f62e620;
T_57 ;
    %wait E_0x14f62e850;
    %load/vec4 v0x14f687a30_0;
    %dup/vec4;
    %pushi/vec4 3, 0, 5;
    %cmp/u;
    %jmp/1 T_57.0, 6;
    %dup/vec4;
    %pushi/vec4 4, 0, 5;
    %cmp/u;
    %jmp/1 T_57.1, 6;
    %dup/vec4;
    %pushi/vec4 5, 0, 5;
    %cmp/u;
    %jmp/1 T_57.2, 6;
    %dup/vec4;
    %pushi/vec4 6, 0, 5;
    %cmp/u;
    %jmp/1 T_57.3, 6;
    %dup/vec4;
    %pushi/vec4 7, 0, 5;
    %cmp/u;
    %jmp/1 T_57.4, 6;
    %dup/vec4;
    %pushi/vec4 8, 0, 5;
    %cmp/u;
    %jmp/1 T_57.5, 6;
    %dup/vec4;
    %pushi/vec4 9, 0, 5;
    %cmp/u;
    %jmp/1 T_57.6, 6;
    %dup/vec4;
    %pushi/vec4 10, 0, 5;
    %cmp/u;
    %jmp/1 T_57.7, 6;
    %dup/vec4;
    %pushi/vec4 11, 0, 5;
    %cmp/u;
    %jmp/1 T_57.8, 6;
    %dup/vec4;
    %pushi/vec4 15, 0, 5;
    %cmp/u;
    %jmp/1 T_57.9, 6;
    %dup/vec4;
    %pushi/vec4 16, 0, 5;
    %cmp/u;
    %jmp/1 T_57.10, 6;
    %dup/vec4;
    %pushi/vec4 17, 0, 5;
    %cmp/u;
    %jmp/1 T_57.11, 6;
    %dup/vec4;
    %pushi/vec4 18, 0, 5;
    %cmp/u;
    %jmp/1 T_57.12, 6;
    %dup/vec4;
    %pushi/vec4 19, 0, 5;
    %cmp/u;
    %jmp/1 T_57.13, 6;
    %pushi/vec4 0, 0, 64;
    %store/vec4 v0x14f687fb0_0, 0, 64;
    %jmp T_57.15;
T_57.0 ;
    %pushi/vec4 0, 0, 32;
    %load/vec4 v0x14f687800_0;
    %concat/vec4; draw_concat_vec4
    %store/vec4 v0x14f687fb0_0, 0, 64;
    %jmp T_57.15;
T_57.1 ;
    %pushi/vec4 0, 0, 32;
    %load/vec4 v0x14f688490_0;
    %concat/vec4; draw_concat_vec4
    %store/vec4 v0x14f687fb0_0, 0, 64;
    %jmp T_57.15;
T_57.2 ;
    %pushi/vec4 0, 0, 32;
    %load/vec4 v0x14f6878b0_0;
    %concat/vec4; draw_concat_vec4
    %store/vec4 v0x14f687fb0_0, 0, 64;
    %jmp T_57.15;
T_57.3 ;
    %pushi/vec4 0, 0, 32;
    %load/vec4 v0x14f687e50_0;
    %concat/vec4; draw_concat_vec4
    %store/vec4 v0x14f687fb0_0, 0, 64;
    %jmp T_57.15;
T_57.4 ;
    %pushi/vec4 0, 0, 32;
    %load/vec4 v0x14f688110_0;
    %concat/vec4; draw_concat_vec4
    %store/vec4 v0x14f687fb0_0, 0, 64;
    %jmp T_57.15;
T_57.5 ;
    %pushi/vec4 0, 0, 32;
    %load/vec4 v0x14f688050_0;
    %concat/vec4; draw_concat_vec4
    %store/vec4 v0x14f687fb0_0, 0, 64;
    %jmp T_57.15;
T_57.6 ;
    %pushi/vec4 0, 0, 32;
    %load/vec4 v0x14f688370_0;
    %concat/vec4; draw_concat_vec4
    %store/vec4 v0x14f687fb0_0, 0, 64;
    %jmp T_57.15;
T_57.7 ;
    %pushi/vec4 0, 0, 32;
    %load/vec4 v0x14f688400_0;
    %concat/vec4; draw_concat_vec4
    %store/vec4 v0x14f687fb0_0, 0, 64;
    %jmp T_57.15;
T_57.8 ;
    %pushi/vec4 0, 0, 32;
    %load/vec4 v0x14f6881c0_0;
    %concat/vec4; draw_concat_vec4
    %store/vec4 v0x14f687fb0_0, 0, 64;
    %jmp T_57.15;
T_57.9 ;
    %load/vec4 v0x14f687b50_0;
    %store/vec4 v0x14f687fb0_0, 0, 64;
    %jmp T_57.15;
T_57.10 ;
    %load/vec4 v0x14f687c00_0;
    %store/vec4 v0x14f687fb0_0, 0, 64;
    %jmp T_57.15;
T_57.11 ;
    %pushi/vec4 0, 0, 32;
    %load/vec4 v0x14f687d30_0;
    %concat/vec4; draw_concat_vec4
    %store/vec4 v0x14f687fb0_0, 0, 64;
    %jmp T_57.15;
T_57.12 ;
    %pushi/vec4 0, 0, 32;
    %load/vec4 v0x14f687dc0_0;
    %concat/vec4; draw_concat_vec4
    %store/vec4 v0x14f687fb0_0, 0, 64;
    %jmp T_57.15;
T_57.13 ;
    %pushi/vec4 0, 0, 32;
    %load/vec4 v0x14f687f00_0;
    %concat/vec4; draw_concat_vec4
    %store/vec4 v0x14f687fb0_0, 0, 64;
    %jmp T_57.15;
T_57.15 ;
    %pop/vec4 1;
    %jmp T_57;
    .thread T_57, $push;
    .scope S_0x14f62e620;
T_58 ;
    %wait E_0x14f62e810;
    %load/vec4 v0x14f687fb0_0;
    %store/vec4 v0x14f6876a0_0, 0, 64;
    %jmp T_58;
    .thread T_58, $push;
    .scope S_0x14f68e8f0;
T_59 ;
    %pushi/vec4 0, 0, 32;
    %store/vec4 v0x14f68ed00_0, 0, 32;
    %end;
    .thread T_59;
    .scope S_0x14f68e8f0;
T_60 ;
    %wait E_0x14f68ecc0;
    %load/vec4 v0x14f68f130_0;
    %dup/vec4;
    %pushi/vec4 0, 0, 1;
    %cmp/u;
    %jmp/1 T_60.0, 6;
    %dup/vec4;
    %pushi/vec4 1, 0, 1;
    %cmp/u;
    %jmp/1 T_60.1, 6;
    %jmp T_60.2;
T_60.0 ;
    %load/vec4 v0x14f68edd0_0;
    %store/vec4 v0x14f68ef80_0, 0, 32;
    %jmp T_60.2;
T_60.1 ;
    %load/vec4 v0x14f68f0a0_0;
    %store/vec4 v0x14f68ef80_0, 0, 32;
    %jmp T_60.2;
T_60.2 ;
    %pop/vec4 1;
    %jmp T_60;
    .thread T_60, $push;
    .scope S_0x14f68e8f0;
T_61 ;
    %wait E_0x14f68c3b0;
    %load/vec4 v0x14f68ee60_0;
    %flag_set/vec4 8;
    %jmp/0xz  T_61.0, 8;
    %pushi/vec4 0, 0, 32;
    %assign/vec4 v0x14f68ed00_0, 0;
    %jmp T_61.1;
T_61.0 ;
    %load/vec4 v0x14f68f010_0;
    %flag_set/vec4 8;
    %jmp/0xz  T_61.2, 8;
    %load/vec4 v0x14f68ef80_0;
    %assign/vec4 v0x14f68ed00_0, 0;
T_61.2 ;
T_61.1 ;
    %jmp T_61;
    .thread T_61;
    .scope S_0x14f68e0b0;
T_62 ;
    %pushi/vec4 0, 0, 32;
    %store/vec4 v0x14f68e7d0_0, 0, 32;
    %end;
    .thread T_62;
    .scope S_0x14f68e0b0;
T_63 ;
    %wait E_0x14f68c3b0;
    %load/vec4 v0x14f68e480_0;
    %flag_set/vec4 8;
    %jmp/0xz  T_63.0, 8;
    %pushi/vec4 0, 0, 32;
    %assign/vec4 v0x14f68e7d0_0, 0;
    %jmp T_63.1;
T_63.0 ;
    %load/vec4 v0x14f68e700_0;
    %flag_set/vec4 8;
    %jmp/0xz  T_63.2, 8;
    %load/vec4 v0x14f68e5b0_0;
    %assign/vec4 v0x14f68e7d0_0, 0;
T_63.2 ;
T_63.1 ;
    %jmp T_63;
    .thread T_63;
    .scope S_0x14f690370;
T_64 ;
    %pushi/vec4 0, 0, 32;
    %store/vec4 v0x14f6908e0_0, 0, 32;
    %vpi_call 28 14 "$readmemh", "ld.hex", v0x14f690990 {0 0 0};
    %end;
    .thread T_64;
    .scope S_0x14f690370;
T_65 ;
    %wait E_0x14f690700;
    %load/vec4 v0x14f692af0_0;
    %flag_set/vec4 8;
    %jmp/0xz  T_65.0, 8;
    %load/vec4 v0x14f690810_0;
    %load/vec4 v0x14f690740_0;
    %pad/u 11;
    %ix/vec4 3;
    %ix/load 4, 0, 0; Constant delay
    %assign/vec4/a/d v0x14f690990, 0, 4;
    %load/vec4 v0x14f690740_0;
    %pad/u 11;
    %ix/vec4 4;
    %load/vec4a v0x14f690990, 4;
    %vpi_call 28 20 "$display", "Write: Address=%h, Data In=%h, Memory at Address=%h", v0x14f690740_0, v0x14f690810_0, S<0,vec4,u32> {1 0 0};
    %jmp T_65.1;
T_65.0 ;
    %load/vec4 v0x14f692a20_0;
    %flag_set/vec4 8;
    %jmp/0xz  T_65.2, 8;
    %load/vec4 v0x14f690740_0;
    %pad/u 11;
    %ix/vec4 4;
    %load/vec4a v0x14f690990, 4;
    %assign/vec4 v0x14f6908e0_0, 0;
T_65.2 ;
T_65.1 ;
    %jmp T_65;
    .thread T_65, $push;
    .scope S_0x14f688560;
T_66 ;
    %pushi/vec4 0, 0, 32;
    %store/vec4 v0x14f68ad80_0, 0, 32;
    %end;
    .thread T_66;
    .scope S_0x14f688560;
T_67 ;
    %wait E_0x14f6889d0;
    %load/vec4 v0x14f689420_0;
    %flag_set/vec4 8;
    %jmp/0xz  T_67.0, 8;
    %load/vec4 v0x14f689390_0;
    %store/vec4 v0x14f68ad80_0, 0, 32;
    %jmp T_67.1;
T_67.0 ;
    %load/vec4 v0x14f689e50_0;
    %flag_set/vec4 8;
    %jmp/0xz  T_67.2, 8;
    %load/vec4 v0x14f6894c0_0;
    %store/vec4 v0x14f68ad80_0, 0, 32;
    %jmp T_67.3;
T_67.2 ;
    %load/vec4 v0x14f689fa0_0;
    %flag_set/vec4 8;
    %jmp/0xz  T_67.4, 8;
    %load/vec4 v0x14f689ef0_0;
    %store/vec4 v0x14f68ad80_0, 0, 32;
    %jmp T_67.5;
T_67.4 ;
    %load/vec4 v0x14f68a0f0_0;
    %flag_set/vec4 8;
    %jmp/0xz  T_67.6, 8;
    %load/vec4 v0x14f68a040_0;
    %store/vec4 v0x14f68ad80_0, 0, 32;
    %jmp T_67.7;
T_67.6 ;
    %load/vec4 v0x14f6896d0_0;
    %flag_set/vec4 8;
    %jmp/0xz  T_67.8, 8;
    %load/vec4 v0x14f68a190_0;
    %store/vec4 v0x14f68ad80_0, 0, 32;
    %jmp T_67.9;
T_67.8 ;
    %load/vec4 v0x14f68a4b0_0;
    %flag_set/vec4 8;
    %jmp/0xz  T_67.10, 8;
    %load/vec4 v0x14f68a420_0;
    %store/vec4 v0x14f68ad80_0, 0, 32;
    %jmp T_67.11;
T_67.10 ;
    %load/vec4 v0x14f68a5e0_0;
    %flag_set/vec4 8;
    %jmp/0xz  T_67.12, 8;
    %load/vec4 v0x14f68a540_0;
    %store/vec4 v0x14f68ad80_0, 0, 32;
    %jmp T_67.13;
T_67.12 ;
    %load/vec4 v0x14f68a730_0;
    %flag_set/vec4 8;
    %jmp/0xz  T_67.14, 8;
    %load/vec4 v0x14f68a680_0;
    %store/vec4 v0x14f68ad80_0, 0, 32;
    %jmp T_67.15;
T_67.14 ;
    %load/vec4 v0x14f68a880_0;
    %flag_set/vec4 8;
    %jmp/0xz  T_67.16, 8;
    %load/vec4 v0x14f68a7d0_0;
    %store/vec4 v0x14f68ad80_0, 0, 32;
    %jmp T_67.17;
T_67.16 ;
    %load/vec4 v0x14f68a9d0_0;
    %flag_set/vec4 8;
    %jmp/0xz  T_67.18, 8;
    %load/vec4 v0x14f68a920_0;
    %store/vec4 v0x14f68ad80_0, 0, 32;
    %jmp T_67.19;
T_67.18 ;
    %load/vec4 v0x14f689620_0;
    %flag_set/vec4 8;
    %jmp/0xz  T_67.20, 8;
    %load/vec4 v0x14f689570_0;
    %store/vec4 v0x14f68ad80_0, 0, 32;
    %jmp T_67.21;
T_67.20 ;
    %load/vec4 v0x14f689870_0;
    %flag_set/vec4 8;
    %jmp/0xz  T_67.22, 8;
    %load/vec4 v0x14f6897c0_0;
    %store/vec4 v0x14f68ad80_0, 0, 32;
    %jmp T_67.23;
T_67.22 ;
    %load/vec4 v0x14f6899c0_0;
    %flag_set/vec4 8;
    %jmp/0xz  T_67.24, 8;
    %load/vec4 v0x14f689910_0;
    %store/vec4 v0x14f68ad80_0, 0, 32;
    %jmp T_67.25;
T_67.24 ;
    %load/vec4 v0x14f689b10_0;
    %flag_set/vec4 8;
    %jmp/0xz  T_67.26, 8;
    %load/vec4 v0x14f689a60_0;
    %store/vec4 v0x14f68ad80_0, 0, 32;
    %jmp T_67.27;
T_67.26 ;
    %load/vec4 v0x14f689c60_0;
    %flag_set/vec4 8;
    %jmp/0xz  T_67.28, 8;
    %load/vec4 v0x14f689bb0_0;
    %store/vec4 v0x14f68ad80_0, 0, 32;
    %jmp T_67.29;
T_67.28 ;
    %load/vec4 v0x14f689db0_0;
    %flag_set/vec4 8;
    %jmp/0xz  T_67.30, 8;
    %load/vec4 v0x14f689d00_0;
    %store/vec4 v0x14f68ad80_0, 0, 32;
    %jmp T_67.31;
T_67.30 ;
    %load/vec4 v0x14f6891c0_0;
    %flag_set/vec4 8;
    %jmp/0xz  T_67.32, 8;
    %load/vec4 v0x14f6890a0_0;
    %store/vec4 v0x14f68ad80_0, 0, 32;
    %jmp T_67.33;
T_67.32 ;
    %load/vec4 v0x14f688d80_0;
    %flag_set/vec4 8;
    %jmp/0xz  T_67.34, 8;
    %load/vec4 v0x14f688cf0_0;
    %store/vec4 v0x14f68ad80_0, 0, 32;
    %jmp T_67.35;
T_67.34 ;
    %load/vec4 v0x14f689010_0;
    %flag_set/vec4 8;
    %jmp/0xz  T_67.36, 8;
    %load/vec4 v0x14f688f70_0;
    %store/vec4 v0x14f68ad80_0, 0, 32;
    %jmp T_67.37;
T_67.36 ;
    %load/vec4 v0x14f68ab20_0;
    %flag_set/vec4 8;
    %jmp/0xz  T_67.38, 8;
    %load/vec4 v0x14f68aa70_0;
    %store/vec4 v0x14f68ad80_0, 0, 32;
    %jmp T_67.39;
T_67.38 ;
    %load/vec4 v0x14f68ac60_0;
    %flag_set/vec4 8;
    %jmp/0xz  T_67.40, 8;
    %load/vec4 v0x14f68abd0_0;
    %store/vec4 v0x14f68ad80_0, 0, 32;
    %jmp T_67.41;
T_67.40 ;
    %load/vec4 v0x14f689300_0;
    %flag_set/vec4 8;
    %jmp/0xz  T_67.42, 8;
    %load/vec4 v0x14f689270_0;
    %store/vec4 v0x14f68ad80_0, 0, 32;
    %jmp T_67.43;
T_67.42 ;
    %load/vec4 v0x14f688ee0_0;
    %flag_set/vec4 8;
    %jmp/0xz  T_67.44, 8;
    %load/vec4 v0x14f688e10_0;
    %store/vec4 v0x14f68ad80_0, 0, 32;
    %jmp T_67.45;
T_67.44 ;
    %load/vec4 v0x14f688c50_0;
    %flag_set/vec4 8;
    %jmp/0xz  T_67.46, 8;
    %load/vec4 v0x14f688b90_0;
    %store/vec4 v0x14f68ad80_0, 0, 32;
T_67.46 ;
T_67.45 ;
T_67.43 ;
T_67.41 ;
T_67.39 ;
T_67.37 ;
T_67.35 ;
T_67.33 ;
T_67.31 ;
T_67.29 ;
T_67.27 ;
T_67.25 ;
T_67.23 ;
T_67.21 ;
T_67.19 ;
T_67.17 ;
T_67.15 ;
T_67.13 ;
T_67.11 ;
T_67.9 ;
T_67.7 ;
T_67.5 ;
T_67.3 ;
T_67.1 ;
    %jmp T_67;
    .thread T_67, $push;
    .scope S_0x14f6110c0;
T_68 ;
    %pushi/vec4 0, 0, 8;
    %store/vec4 v0x14f62e1e0_0, 0, 8;
    %end;
    .thread T_68;
    .scope S_0x14f6110c0;
T_69 ;
    %wait E_0x14f60d4b0;
    %load/vec4 v0x14f62dd60_0;
    %flag_set/vec4 8;
    %jmp/0xz  T_69.0, 8;
    %pushi/vec4 0, 0, 8;
    %assign/vec4 v0x14f62e1e0_0, 0;
    %jmp T_69.1;
T_69.0 ;
    %load/vec4 v0x14f62e270_0;
    %flag_set/vec4 8;
    %jmp/0xz  T_69.2, 8;
    %pushi/vec4 76, 0, 8;
    %assign/vec4 v0x14f62e1e0_0, 0;
    %jmp T_69.3;
T_69.2 ;
    %load/vec4 v0x14f62df50_0;
    %assign/vec4 v0x14f62e1e0_0, 0;
T_69.3 ;
T_69.1 ;
    %jmp T_69;
    .thread T_69;
    .scope S_0x14f6110c0;
T_70 ;
    %wait E_0x14f60d4b0;
    %load/vec4 v0x14f62e1e0_0;
    %store/vec4 v0x14f62df50_0, 0, 8;
    %load/vec4 v0x14f62e1e0_0;
    %dup/vec4;
    %pushi/vec4 0, 0, 8;
    %cmp/u;
    %jmp/1 T_70.0, 6;
    %dup/vec4;
    %pushi/vec4 1, 0, 8;
    %cmp/u;
    %jmp/1 T_70.1, 6;
    %dup/vec4;
    %pushi/vec4 2, 0, 8;
    %cmp/u;
    %jmp/1 T_70.2, 6;
    %dup/vec4;
    %pushi/vec4 3, 0, 8;
    %cmp/u;
    %jmp/1 T_70.3, 6;
    %dup/vec4;
    %pushi/vec4 47, 0, 8;
    %cmp/u;
    %jmp/1 T_70.4, 6;
    %dup/vec4;
    %pushi/vec4 48, 0, 8;
    %cmp/u;
    %jmp/1 T_70.5, 6;
    %dup/vec4;
    %pushi/vec4 49, 0, 8;
    %cmp/u;
    %jmp/1 T_70.6, 6;
    %dup/vec4;
    %pushi/vec4 42, 0, 8;
    %cmp/u;
    %jmp/1 T_70.7, 6;
    %dup/vec4;
    %pushi/vec4 43, 0, 8;
    %cmp/u;
    %jmp/1 T_70.8, 6;
    %dup/vec4;
    %pushi/vec4 44, 0, 8;
    %cmp/u;
    %jmp/1 T_70.9, 6;
    %dup/vec4;
    %pushi/vec4 45, 0, 8;
    %cmp/u;
    %jmp/1 T_70.10, 6;
    %dup/vec4;
    %pushi/vec4 46, 0, 8;
    %cmp/u;
    %jmp/1 T_70.11, 6;
    %dup/vec4;
    %pushi/vec4 64, 0, 8;
    %cmp/u;
    %jmp/1 T_70.12, 6;
    %dup/vec4;
    %pushi/vec4 65, 0, 8;
    %cmp/u;
    %jmp/1 T_70.13, 6;
    %dup/vec4;
    %pushi/vec4 66, 0, 8;
    %cmp/u;
    %jmp/1 T_70.14, 6;
    %dup/vec4;
    %pushi/vec4 67, 0, 8;
    %cmp/u;
    %jmp/1 T_70.15, 6;
    %dup/vec4;
    %pushi/vec4 4, 0, 8;
    %cmp/u;
    %jmp/1 T_70.16, 6;
    %dup/vec4;
    %pushi/vec4 5, 0, 8;
    %cmp/u;
    %jmp/1 T_70.17, 6;
    %dup/vec4;
    %pushi/vec4 6, 0, 8;
    %cmp/u;
    %jmp/1 T_70.18, 6;
    %dup/vec4;
    %pushi/vec4 7, 0, 8;
    %cmp/u;
    %jmp/1 T_70.19, 6;
    %dup/vec4;
    %pushi/vec4 8, 0, 8;
    %cmp/u;
    %jmp/1 T_70.20, 6;
    %dup/vec4;
    %pushi/vec4 9, 0, 8;
    %cmp/u;
    %jmp/1 T_70.21, 6;
    %dup/vec4;
    %pushi/vec4 10, 0, 8;
    %cmp/u;
    %jmp/1 T_70.22, 6;
    %dup/vec4;
    %pushi/vec4 11, 0, 8;
    %cmp/u;
    %jmp/1 T_70.23, 6;
    %dup/vec4;
    %pushi/vec4 12, 0, 8;
    %cmp/u;
    %jmp/1 T_70.24, 6;
    %dup/vec4;
    %pushi/vec4 13, 0, 8;
    %cmp/u;
    %jmp/1 T_70.25, 6;
    %dup/vec4;
    %pushi/vec4 14, 0, 8;
    %cmp/u;
    %jmp/1 T_70.26, 6;
    %dup/vec4;
    %pushi/vec4 15, 0, 8;
    %cmp/u;
    %jmp/1 T_70.27, 6;
    %dup/vec4;
    %pushi/vec4 16, 0, 8;
    %cmp/u;
    %jmp/1 T_70.28, 6;
    %dup/vec4;
    %pushi/vec4 17, 0, 8;
    %cmp/u;
    %jmp/1 T_70.29, 6;
    %dup/vec4;
    %pushi/vec4 18, 0, 8;
    %cmp/u;
    %jmp/1 T_70.30, 6;
    %dup/vec4;
    %pushi/vec4 19, 0, 8;
    %cmp/u;
    %jmp/1 T_70.31, 6;
    %dup/vec4;
    %pushi/vec4 20, 0, 8;
    %cmp/u;
    %jmp/1 T_70.32, 6;
    %dup/vec4;
    %pushi/vec4 55, 0, 8;
    %cmp/u;
    %jmp/1 T_70.33, 6;
    %dup/vec4;
    %pushi/vec4 56, 0, 8;
    %cmp/u;
    %jmp/1 T_70.34, 6;
    %dup/vec4;
    %pushi/vec4 57, 0, 8;
    %cmp/u;
    %jmp/1 T_70.35, 6;
    %dup/vec4;
    %pushi/vec4 58, 0, 8;
    %cmp/u;
    %jmp/1 T_70.36, 6;
    %dup/vec4;
    %pushi/vec4 59, 0, 8;
    %cmp/u;
    %jmp/1 T_70.37, 6;
    %dup/vec4;
    %pushi/vec4 60, 0, 8;
    %cmp/u;
    %jmp/1 T_70.38, 6;
    %dup/vec4;
    %pushi/vec4 21, 0, 8;
    %cmp/u;
    %jmp/1 T_70.39, 6;
    %dup/vec4;
    %pushi/vec4 22, 0, 8;
    %cmp/u;
    %jmp/1 T_70.40, 6;
    %dup/vec4;
    %pushi/vec4 23, 0, 8;
    %cmp/u;
    %jmp/1 T_70.41, 6;
    %dup/vec4;
    %pushi/vec4 36, 0, 8;
    %cmp/u;
    %jmp/1 T_70.42, 6;
    %dup/vec4;
    %pushi/vec4 37, 0, 8;
    %cmp/u;
    %jmp/1 T_70.43, 6;
    %dup/vec4;
    %pushi/vec4 39, 0, 8;
    %cmp/u;
    %jmp/1 T_70.44, 6;
    %dup/vec4;
    %pushi/vec4 40, 0, 8;
    %cmp/u;
    %jmp/1 T_70.45, 6;
    %dup/vec4;
    %pushi/vec4 69, 0, 8;
    %cmp/u;
    %jmp/1 T_70.46, 6;
    %dup/vec4;
    %pushi/vec4 70, 0, 8;
    %cmp/u;
    %jmp/1 T_70.47, 6;
    %dup/vec4;
    %pushi/vec4 68, 0, 8;
    %cmp/u;
    %jmp/1 T_70.48, 6;
    %dup/vec4;
    %pushi/vec4 33, 0, 8;
    %cmp/u;
    %jmp/1 T_70.49, 6;
    %dup/vec4;
    %pushi/vec4 34, 0, 8;
    %cmp/u;
    %jmp/1 T_70.50, 6;
    %dup/vec4;
    %pushi/vec4 35, 0, 8;
    %cmp/u;
    %jmp/1 T_70.51, 6;
    %dup/vec4;
    %pushi/vec4 61, 0, 8;
    %cmp/u;
    %jmp/1 T_70.52, 6;
    %dup/vec4;
    %pushi/vec4 62, 0, 8;
    %cmp/u;
    %jmp/1 T_70.53, 6;
    %dup/vec4;
    %pushi/vec4 63, 0, 8;
    %cmp/u;
    %jmp/1 T_70.54, 6;
    %dup/vec4;
    %pushi/vec4 27, 0, 8;
    %cmp/u;
    %jmp/1 T_70.55, 6;
    %dup/vec4;
    %pushi/vec4 28, 0, 8;
    %cmp/u;
    %jmp/1 T_70.56, 6;
    %dup/vec4;
    %pushi/vec4 29, 0, 8;
    %cmp/u;
    %jmp/1 T_70.57, 6;
    %dup/vec4;
    %pushi/vec4 50, 0, 8;
    %cmp/u;
    %jmp/1 T_70.58, 6;
    %dup/vec4;
    %pushi/vec4 51, 0, 8;
    %cmp/u;
    %jmp/1 T_70.59, 6;
    %dup/vec4;
    %pushi/vec4 52, 0, 8;
    %cmp/u;
    %jmp/1 T_70.60, 6;
    %dup/vec4;
    %pushi/vec4 53, 0, 8;
    %cmp/u;
    %jmp/1 T_70.61, 6;
    %dup/vec4;
    %pushi/vec4 54, 0, 8;
    %cmp/u;
    %jmp/1 T_70.62, 6;
    %dup/vec4;
    %pushi/vec4 30, 0, 8;
    %cmp/u;
    %jmp/1 T_70.63, 6;
    %dup/vec4;
    %pushi/vec4 31, 0, 8;
    %cmp/u;
    %jmp/1 T_70.64, 6;
    %dup/vec4;
    %pushi/vec4 32, 0, 8;
    %cmp/u;
    %jmp/1 T_70.65, 6;
    %dup/vec4;
    %pushi/vec4 24, 0, 8;
    %cmp/u;
    %jmp/1 T_70.66, 6;
    %dup/vec4;
    %pushi/vec4 25, 0, 8;
    %cmp/u;
    %jmp/1 T_70.67, 6;
    %dup/vec4;
    %pushi/vec4 26, 0, 8;
    %cmp/u;
    %jmp/1 T_70.68, 6;
    %dup/vec4;
    %pushi/vec4 71, 0, 8;
    %cmp/u;
    %jmp/1 T_70.69, 6;
    %dup/vec4;
    %pushi/vec4 72, 0, 8;
    %cmp/u;
    %jmp/1 T_70.70, 6;
    %dup/vec4;
    %pushi/vec4 75, 0, 8;
    %cmp/u;
    %jmp/1 T_70.71, 6;
    %dup/vec4;
    %pushi/vec4 76, 0, 8;
    %cmp/u;
    %jmp/1 T_70.72, 6;
    %pushi/vec4 0, 0, 8;
    %store/vec4 v0x14f62df50_0, 0, 8;
    %jmp T_70.74;
T_70.0 ;
    %pushi/vec4 1, 0, 8;
    %store/vec4 v0x14f62df50_0, 0, 8;
    %jmp T_70.74;
T_70.1 ;
    %pushi/vec4 2, 0, 8;
    %store/vec4 v0x14f62df50_0, 0, 8;
    %jmp T_70.74;
T_70.2 ;
    %pushi/vec4 3, 0, 8;
    %store/vec4 v0x14f62df50_0, 0, 8;
    %jmp T_70.74;
T_70.3 ;
    %load/vec4 v0x14f62d020_0;
    %parti/s 5, 27, 6;
    %dup/vec4;
    %pushi/vec4 0, 0, 5;
    %cmp/u;
    %jmp/1 T_70.75, 6;
    %dup/vec4;
    %pushi/vec4 1, 0, 5;
    %cmp/u;
    %jmp/1 T_70.76, 6;
    %dup/vec4;
    %pushi/vec4 19, 0, 5;
    %cmp/u;
    %jmp/1 T_70.77, 6;
    %dup/vec4;
    %pushi/vec4 3, 0, 5;
    %cmp/u;
    %jmp/1 T_70.78, 6;
    %dup/vec4;
    %pushi/vec4 4, 0, 5;
    %cmp/u;
    %jmp/1 T_70.79, 6;
    %dup/vec4;
    %pushi/vec4 16, 0, 5;
    %cmp/u;
    %jmp/1 T_70.80, 6;
    %dup/vec4;
    %pushi/vec4 15, 0, 5;
    %cmp/u;
    %jmp/1 T_70.81, 6;
    %dup/vec4;
    %pushi/vec4 9, 0, 5;
    %cmp/u;
    %jmp/1 T_70.82, 6;
    %dup/vec4;
    %pushi/vec4 11, 0, 5;
    %cmp/u;
    %jmp/1 T_70.83, 6;
    %dup/vec4;
    %pushi/vec4 7, 0, 5;
    %cmp/u;
    %jmp/1 T_70.84, 6;
    %dup/vec4;
    %pushi/vec4 8, 0, 5;
    %cmp/u;
    %jmp/1 T_70.85, 6;
    %dup/vec4;
    %pushi/vec4 5, 0, 5;
    %cmp/u;
    %jmp/1 T_70.86, 6;
    %dup/vec4;
    %pushi/vec4 6, 0, 5;
    %cmp/u;
    %jmp/1 T_70.87, 6;
    %dup/vec4;
    %pushi/vec4 17, 0, 5;
    %cmp/u;
    %jmp/1 T_70.88, 6;
    %dup/vec4;
    %pushi/vec4 18, 0, 5;
    %cmp/u;
    %jmp/1 T_70.89, 6;
    %dup/vec4;
    %pushi/vec4 10, 0, 5;
    %cmp/u;
    %jmp/1 T_70.90, 6;
    %dup/vec4;
    %pushi/vec4 12, 0, 5;
    %cmp/u;
    %jmp/1 T_70.91, 6;
    %dup/vec4;
    %pushi/vec4 13, 0, 5;
    %cmp/u;
    %jmp/1 T_70.92, 6;
    %dup/vec4;
    %pushi/vec4 14, 0, 5;
    %cmp/u;
    %jmp/1 T_70.93, 6;
    %dup/vec4;
    %pushi/vec4 2, 0, 5;
    %cmp/u;
    %jmp/1 T_70.94, 6;
    %dup/vec4;
    %pushi/vec4 21, 0, 5;
    %cmp/u;
    %jmp/1 T_70.95, 6;
    %dup/vec4;
    %pushi/vec4 20, 0, 5;
    %cmp/u;
    %jmp/1 T_70.96, 6;
    %dup/vec4;
    %pushi/vec4 25, 0, 5;
    %cmp/u;
    %jmp/1 T_70.97, 6;
    %dup/vec4;
    %pushi/vec4 24, 0, 5;
    %cmp/u;
    %jmp/1 T_70.98, 6;
    %dup/vec4;
    %pushi/vec4 26, 0, 5;
    %cmp/u;
    %jmp/1 T_70.99, 6;
    %dup/vec4;
    %pushi/vec4 27, 0, 5;
    %cmp/u;
    %jmp/1 T_70.100, 6;
    %jmp T_70.101;
T_70.75 ;
    %pushi/vec4 42, 0, 8;
    %store/vec4 v0x14f62df50_0, 0, 8;
    %jmp T_70.101;
T_70.76 ;
    %pushi/vec4 47, 0, 8;
    %store/vec4 v0x14f62df50_0, 0, 8;
    %jmp T_70.101;
T_70.77 ;
    %pushi/vec4 64, 0, 8;
    %store/vec4 v0x14f62df50_0, 0, 8;
    %jmp T_70.101;
T_70.78 ;
    %pushi/vec4 4, 0, 8;
    %store/vec4 v0x14f62df50_0, 0, 8;
    %jmp T_70.101;
T_70.79 ;
    %pushi/vec4 7, 0, 8;
    %store/vec4 v0x14f62df50_0, 0, 8;
    %jmp T_70.101;
T_70.80 ;
    %pushi/vec4 10, 0, 8;
    %store/vec4 v0x14f62df50_0, 0, 8;
    %jmp T_70.101;
T_70.81 ;
    %pushi/vec4 14, 0, 8;
    %store/vec4 v0x14f62df50_0, 0, 8;
    %jmp T_70.101;
T_70.82 ;
    %pushi/vec4 27, 0, 8;
    %store/vec4 v0x14f62df50_0, 0, 8;
    %jmp T_70.101;
T_70.83 ;
    %pushi/vec4 24, 0, 8;
    %store/vec4 v0x14f62df50_0, 0, 8;
    %jmp T_70.101;
T_70.84 ;
    %pushi/vec4 33, 0, 8;
    %store/vec4 v0x14f62df50_0, 0, 8;
    %jmp T_70.101;
T_70.85 ;
    %pushi/vec4 30, 0, 8;
    %store/vec4 v0x14f62df50_0, 0, 8;
    %jmp T_70.101;
T_70.86 ;
    %pushi/vec4 21, 0, 8;
    %store/vec4 v0x14f62df50_0, 0, 8;
    %jmp T_70.101;
T_70.87 ;
    %pushi/vec4 18, 0, 8;
    %store/vec4 v0x14f62df50_0, 0, 8;
    %jmp T_70.101;
T_70.88 ;
    %pushi/vec4 36, 0, 8;
    %store/vec4 v0x14f62df50_0, 0, 8;
    %jmp T_70.101;
T_70.89 ;
    %pushi/vec4 39, 0, 8;
    %store/vec4 v0x14f62df50_0, 0, 8;
    %jmp T_70.101;
T_70.90 ;
    %pushi/vec4 27, 0, 8;
    %store/vec4 v0x14f62df50_0, 0, 8;
    %jmp T_70.101;
T_70.91 ;
    %pushi/vec4 55, 0, 8;
    %store/vec4 v0x14f62df50_0, 0, 8;
    %jmp T_70.101;
T_70.92 ;
    %pushi/vec4 58, 0, 8;
    %store/vec4 v0x14f62df50_0, 0, 8;
    %jmp T_70.101;
T_70.93 ;
    %pushi/vec4 61, 0, 8;
    %store/vec4 v0x14f62df50_0, 0, 8;
    %jmp T_70.101;
T_70.94 ;
    %pushi/vec4 50, 0, 8;
    %store/vec4 v0x14f62df50_0, 0, 8;
    %jmp T_70.101;
T_70.95 ;
    %pushi/vec4 68, 0, 8;
    %store/vec4 v0x14f62df50_0, 0, 8;
    %jmp T_70.101;
T_70.96 ;
    %pushi/vec4 69, 0, 8;
    %store/vec4 v0x14f62df50_0, 0, 8;
    %jmp T_70.101;
T_70.97 ;
    %pushi/vec4 71, 0, 8;
    %store/vec4 v0x14f62df50_0, 0, 8;
    %jmp T_70.101;
T_70.98 ;
    %pushi/vec4 72, 0, 8;
    %store/vec4 v0x14f62df50_0, 0, 8;
    %jmp T_70.101;
T_70.99 ;
    %pushi/vec4 75, 0, 8;
    %store/vec4 v0x14f62df50_0, 0, 8;
    %jmp T_70.101;
T_70.100 ;
    %pushi/vec4 76, 0, 8;
    %store/vec4 v0x14f62df50_0, 0, 8;
    %jmp T_70.101;
T_70.101 ;
    %pop/vec4 1;
    %jmp T_70.74;
T_70.4 ;
    %pushi/vec4 48, 0, 8;
    %store/vec4 v0x14f62df50_0, 0, 8;
    %jmp T_70.74;
T_70.5 ;
    %pushi/vec4 49, 0, 8;
    %store/vec4 v0x14f62df50_0, 0, 8;
    %jmp T_70.74;
T_70.6 ;
    %pushi/vec4 1, 0, 8;
    %store/vec4 v0x14f62df50_0, 0, 8;
    %jmp T_70.74;
T_70.7 ;
    %pushi/vec4 43, 0, 8;
    %store/vec4 v0x14f62df50_0, 0, 8;
    %jmp T_70.74;
T_70.8 ;
    %pushi/vec4 44, 0, 8;
    %store/vec4 v0x14f62df50_0, 0, 8;
    %jmp T_70.74;
T_70.9 ;
    %pushi/vec4 45, 0, 8;
    %store/vec4 v0x14f62df50_0, 0, 8;
    %jmp T_70.74;
T_70.10 ;
    %pushi/vec4 46, 0, 8;
    %store/vec4 v0x14f62df50_0, 0, 8;
    %jmp T_70.74;
T_70.11 ;
    %pushi/vec4 1, 0, 8;
    %store/vec4 v0x14f62df50_0, 0, 8;
    %jmp T_70.74;
T_70.12 ;
    %pushi/vec4 65, 0, 8;
    %store/vec4 v0x14f62df50_0, 0, 8;
    %jmp T_70.74;
T_70.13 ;
    %pushi/vec4 66, 0, 8;
    %store/vec4 v0x14f62df50_0, 0, 8;
    %jmp T_70.74;
T_70.14 ;
    %pushi/vec4 67, 0, 8;
    %store/vec4 v0x14f62df50_0, 0, 8;
    %jmp T_70.74;
T_70.15 ;
    %pushi/vec4 1, 0, 8;
    %store/vec4 v0x14f62df50_0, 0, 8;
    %jmp T_70.74;
T_70.16 ;
    %pushi/vec4 5, 0, 8;
    %store/vec4 v0x14f62df50_0, 0, 8;
    %jmp T_70.74;
T_70.17 ;
    %pushi/vec4 6, 0, 8;
    %store/vec4 v0x14f62df50_0, 0, 8;
    %jmp T_70.74;
T_70.18 ;
    %pushi/vec4 1, 0, 8;
    %store/vec4 v0x14f62df50_0, 0, 8;
    %jmp T_70.74;
T_70.19 ;
    %pushi/vec4 8, 0, 8;
    %store/vec4 v0x14f62df50_0, 0, 8;
    %jmp T_70.74;
T_70.20 ;
    %pushi/vec4 9, 0, 8;
    %store/vec4 v0x14f62df50_0, 0, 8;
    %jmp T_70.74;
T_70.21 ;
    %pushi/vec4 1, 0, 8;
    %store/vec4 v0x14f62df50_0, 0, 8;
    %jmp T_70.74;
T_70.22 ;
    %pushi/vec4 11, 0, 8;
    %store/vec4 v0x14f62df50_0, 0, 8;
    %jmp T_70.74;
T_70.23 ;
    %pushi/vec4 12, 0, 8;
    %store/vec4 v0x14f62df50_0, 0, 8;
    %jmp T_70.74;
T_70.24 ;
    %pushi/vec4 13, 0, 8;
    %store/vec4 v0x14f62df50_0, 0, 8;
    %jmp T_70.74;
T_70.25 ;
    %pushi/vec4 1, 0, 8;
    %store/vec4 v0x14f62df50_0, 0, 8;
    %jmp T_70.74;
T_70.26 ;
    %pushi/vec4 15, 0, 8;
    %store/vec4 v0x14f62df50_0, 0, 8;
    %jmp T_70.74;
T_70.27 ;
    %pushi/vec4 16, 0, 8;
    %store/vec4 v0x14f62df50_0, 0, 8;
    %jmp T_70.74;
T_70.28 ;
    %pushi/vec4 17, 0, 8;
    %store/vec4 v0x14f62df50_0, 0, 8;
    %jmp T_70.74;
T_70.29 ;
    %pushi/vec4 1, 0, 8;
    %store/vec4 v0x14f62df50_0, 0, 8;
    %jmp T_70.74;
T_70.30 ;
    %pushi/vec4 19, 0, 8;
    %store/vec4 v0x14f62df50_0, 0, 8;
    %jmp T_70.74;
T_70.31 ;
    %pushi/vec4 20, 0, 8;
    %store/vec4 v0x14f62df50_0, 0, 8;
    %jmp T_70.74;
T_70.32 ;
    %pushi/vec4 1, 0, 8;
    %store/vec4 v0x14f62df50_0, 0, 8;
    %jmp T_70.74;
T_70.33 ;
    %pushi/vec4 56, 0, 8;
    %store/vec4 v0x14f62df50_0, 0, 8;
    %jmp T_70.74;
T_70.34 ;
    %pushi/vec4 57, 0, 8;
    %store/vec4 v0x14f62df50_0, 0, 8;
    %jmp T_70.74;
T_70.35 ;
    %pushi/vec4 1, 0, 8;
    %store/vec4 v0x14f62df50_0, 0, 8;
    %jmp T_70.74;
T_70.36 ;
    %pushi/vec4 59, 0, 8;
    %store/vec4 v0x14f62df50_0, 0, 8;
    %jmp T_70.74;
T_70.37 ;
    %pushi/vec4 60, 0, 8;
    %store/vec4 v0x14f62df50_0, 0, 8;
    %jmp T_70.74;
T_70.38 ;
    %pushi/vec4 1, 0, 8;
    %store/vec4 v0x14f62df50_0, 0, 8;
    %jmp T_70.74;
T_70.39 ;
    %pushi/vec4 22, 0, 8;
    %store/vec4 v0x14f62df50_0, 0, 8;
    %jmp T_70.74;
T_70.40 ;
    %pushi/vec4 23, 0, 8;
    %store/vec4 v0x14f62df50_0, 0, 8;
    %jmp T_70.74;
T_70.41 ;
    %pushi/vec4 1, 0, 8;
    %store/vec4 v0x14f62df50_0, 0, 8;
    %jmp T_70.74;
T_70.42 ;
    %pushi/vec4 37, 0, 8;
    %store/vec4 v0x14f62df50_0, 0, 8;
    %jmp T_70.74;
T_70.43 ;
    %pushi/vec4 1, 0, 8;
    %store/vec4 v0x14f62df50_0, 0, 8;
    %jmp T_70.74;
T_70.44 ;
    %pushi/vec4 40, 0, 8;
    %store/vec4 v0x14f62df50_0, 0, 8;
    %jmp T_70.74;
T_70.45 ;
    %pushi/vec4 1, 0, 8;
    %store/vec4 v0x14f62df50_0, 0, 8;
    %jmp T_70.74;
T_70.46 ;
    %pushi/vec4 70, 0, 8;
    %store/vec4 v0x14f62df50_0, 0, 8;
    %jmp T_70.74;
T_70.47 ;
    %pushi/vec4 1, 0, 8;
    %store/vec4 v0x14f62df50_0, 0, 8;
    %jmp T_70.74;
T_70.48 ;
    %pushi/vec4 1, 0, 8;
    %store/vec4 v0x14f62df50_0, 0, 8;
    %jmp T_70.74;
T_70.49 ;
    %pushi/vec4 34, 0, 8;
    %store/vec4 v0x14f62df50_0, 0, 8;
    %jmp T_70.74;
T_70.50 ;
    %pushi/vec4 35, 0, 8;
    %store/vec4 v0x14f62df50_0, 0, 8;
    %jmp T_70.74;
T_70.51 ;
    %pushi/vec4 1, 0, 8;
    %store/vec4 v0x14f62df50_0, 0, 8;
    %jmp T_70.74;
T_70.52 ;
    %pushi/vec4 62, 0, 8;
    %store/vec4 v0x14f62df50_0, 0, 8;
    %jmp T_70.74;
T_70.53 ;
    %pushi/vec4 63, 0, 8;
    %store/vec4 v0x14f62df50_0, 0, 8;
    %jmp T_70.74;
T_70.54 ;
    %pushi/vec4 1, 0, 8;
    %store/vec4 v0x14f62df50_0, 0, 8;
    %jmp T_70.74;
T_70.55 ;
    %pushi/vec4 28, 0, 8;
    %store/vec4 v0x14f62df50_0, 0, 8;
    %jmp T_70.74;
T_70.56 ;
    %pushi/vec4 29, 0, 8;
    %store/vec4 v0x14f62df50_0, 0, 8;
    %jmp T_70.74;
T_70.57 ;
    %pushi/vec4 1, 0, 8;
    %store/vec4 v0x14f62df50_0, 0, 8;
    %jmp T_70.74;
T_70.58 ;
    %pushi/vec4 51, 0, 8;
    %store/vec4 v0x14f62df50_0, 0, 8;
    %jmp T_70.74;
T_70.59 ;
    %pushi/vec4 52, 0, 8;
    %store/vec4 v0x14f62df50_0, 0, 8;
    %jmp T_70.74;
T_70.60 ;
    %pushi/vec4 53, 0, 8;
    %store/vec4 v0x14f62df50_0, 0, 8;
    %jmp T_70.74;
T_70.61 ;
    %pushi/vec4 54, 0, 8;
    %store/vec4 v0x14f62df50_0, 0, 8;
    %jmp T_70.74;
T_70.62 ;
    %pushi/vec4 1, 0, 8;
    %store/vec4 v0x14f62df50_0, 0, 8;
    %jmp T_70.74;
T_70.63 ;
    %pushi/vec4 31, 0, 8;
    %store/vec4 v0x14f62df50_0, 0, 8;
    %jmp T_70.74;
T_70.64 ;
    %pushi/vec4 32, 0, 8;
    %store/vec4 v0x14f62df50_0, 0, 8;
    %jmp T_70.74;
T_70.65 ;
    %pushi/vec4 1, 0, 8;
    %store/vec4 v0x14f62df50_0, 0, 8;
    %jmp T_70.74;
T_70.66 ;
    %pushi/vec4 25, 0, 8;
    %store/vec4 v0x14f62df50_0, 0, 8;
    %jmp T_70.74;
T_70.67 ;
    %pushi/vec4 26, 0, 8;
    %store/vec4 v0x14f62df50_0, 0, 8;
    %jmp T_70.74;
T_70.68 ;
    %pushi/vec4 1, 0, 8;
    %store/vec4 v0x14f62df50_0, 0, 8;
    %jmp T_70.74;
T_70.69 ;
    %pushi/vec4 1, 0, 8;
    %store/vec4 v0x14f62df50_0, 0, 8;
    %jmp T_70.74;
T_70.70 ;
    %pushi/vec4 1, 0, 8;
    %store/vec4 v0x14f62df50_0, 0, 8;
    %jmp T_70.74;
T_70.71 ;
    %pushi/vec4 1, 0, 8;
    %store/vec4 v0x14f62df50_0, 0, 8;
    %jmp T_70.74;
T_70.72 ;
    %pushi/vec4 76, 0, 8;
    %store/vec4 v0x14f62df50_0, 0, 8;
    %jmp T_70.74;
T_70.74 ;
    %pop/vec4 1;
    %jmp T_70;
    .thread T_70;
    .scope S_0x14f6110c0;
T_71 ;
    %wait E_0x14f60d470;
    %load/vec4 v0x14f62e1e0_0;
    %dup/vec4;
    %pushi/vec4 0, 0, 8;
    %cmp/u;
    %jmp/1 T_71.0, 6;
    %dup/vec4;
    %pushi/vec4 1, 0, 8;
    %cmp/u;
    %jmp/1 T_71.1, 6;
    %dup/vec4;
    %pushi/vec4 2, 0, 8;
    %cmp/u;
    %jmp/1 T_71.2, 6;
    %dup/vec4;
    %pushi/vec4 3, 0, 8;
    %cmp/u;
    %jmp/1 T_71.3, 6;
    %dup/vec4;
    %pushi/vec4 47, 0, 8;
    %cmp/u;
    %jmp/1 T_71.4, 6;
    %dup/vec4;
    %pushi/vec4 48, 0, 8;
    %cmp/u;
    %jmp/1 T_71.5, 6;
    %dup/vec4;
    %pushi/vec4 49, 0, 8;
    %cmp/u;
    %jmp/1 T_71.6, 6;
    %dup/vec4;
    %pushi/vec4 42, 0, 8;
    %cmp/u;
    %jmp/1 T_71.7, 6;
    %dup/vec4;
    %pushi/vec4 43, 0, 8;
    %cmp/u;
    %jmp/1 T_71.8, 6;
    %dup/vec4;
    %pushi/vec4 44, 0, 8;
    %cmp/u;
    %jmp/1 T_71.9, 6;
    %dup/vec4;
    %pushi/vec4 45, 0, 8;
    %cmp/u;
    %jmp/1 T_71.10, 6;
    %dup/vec4;
    %pushi/vec4 46, 0, 8;
    %cmp/u;
    %jmp/1 T_71.11, 6;
    %dup/vec4;
    %pushi/vec4 64, 0, 8;
    %cmp/u;
    %jmp/1 T_71.12, 6;
    %dup/vec4;
    %pushi/vec4 65, 0, 8;
    %cmp/u;
    %jmp/1 T_71.13, 6;
    %dup/vec4;
    %pushi/vec4 66, 0, 8;
    %cmp/u;
    %jmp/1 T_71.14, 6;
    %dup/vec4;
    %pushi/vec4 67, 0, 8;
    %cmp/u;
    %jmp/1 T_71.15, 6;
    %dup/vec4;
    %pushi/vec4 4, 0, 8;
    %cmp/u;
    %jmp/1 T_71.16, 6;
    %dup/vec4;
    %pushi/vec4 5, 0, 8;
    %cmp/u;
    %jmp/1 T_71.17, 6;
    %dup/vec4;
    %pushi/vec4 6, 0, 8;
    %cmp/u;
    %jmp/1 T_71.18, 6;
    %dup/vec4;
    %pushi/vec4 7, 0, 8;
    %cmp/u;
    %jmp/1 T_71.19, 6;
    %dup/vec4;
    %pushi/vec4 8, 0, 8;
    %cmp/u;
    %jmp/1 T_71.20, 6;
    %dup/vec4;
    %pushi/vec4 9, 0, 8;
    %cmp/u;
    %jmp/1 T_71.21, 6;
    %dup/vec4;
    %pushi/vec4 10, 0, 8;
    %cmp/u;
    %jmp/1 T_71.22, 6;
    %dup/vec4;
    %pushi/vec4 11, 0, 8;
    %cmp/u;
    %jmp/1 T_71.23, 6;
    %dup/vec4;
    %pushi/vec4 12, 0, 8;
    %cmp/u;
    %jmp/1 T_71.24, 6;
    %dup/vec4;
    %pushi/vec4 13, 0, 8;
    %cmp/u;
    %jmp/1 T_71.25, 6;
    %dup/vec4;
    %pushi/vec4 14, 0, 8;
    %cmp/u;
    %jmp/1 T_71.26, 6;
    %dup/vec4;
    %pushi/vec4 15, 0, 8;
    %cmp/u;
    %jmp/1 T_71.27, 6;
    %dup/vec4;
    %pushi/vec4 16, 0, 8;
    %cmp/u;
    %jmp/1 T_71.28, 6;
    %dup/vec4;
    %pushi/vec4 17, 0, 8;
    %cmp/u;
    %jmp/1 T_71.29, 6;
    %dup/vec4;
    %pushi/vec4 18, 0, 8;
    %cmp/u;
    %jmp/1 T_71.30, 6;
    %dup/vec4;
    %pushi/vec4 19, 0, 8;
    %cmp/u;
    %jmp/1 T_71.31, 6;
    %dup/vec4;
    %pushi/vec4 20, 0, 8;
    %cmp/u;
    %jmp/1 T_71.32, 6;
    %dup/vec4;
    %pushi/vec4 21, 0, 8;
    %cmp/u;
    %jmp/1 T_71.33, 6;
    %dup/vec4;
    %pushi/vec4 22, 0, 8;
    %cmp/u;
    %jmp/1 T_71.34, 6;
    %dup/vec4;
    %pushi/vec4 23, 0, 8;
    %cmp/u;
    %jmp/1 T_71.35, 6;
    %dup/vec4;
    %pushi/vec4 61, 0, 8;
    %cmp/u;
    %jmp/1 T_71.36, 6;
    %dup/vec4;
    %pushi/vec4 62, 0, 8;
    %cmp/u;
    %jmp/1 T_71.37, 6;
    %dup/vec4;
    %pushi/vec4 63, 0, 8;
    %cmp/u;
    %jmp/1 T_71.38, 6;
    %dup/vec4;
    %pushi/vec4 55, 0, 8;
    %cmp/u;
    %jmp/1 T_71.39, 6;
    %dup/vec4;
    %pushi/vec4 56, 0, 8;
    %cmp/u;
    %jmp/1 T_71.40, 6;
    %dup/vec4;
    %pushi/vec4 57, 0, 8;
    %cmp/u;
    %jmp/1 T_71.41, 6;
    %dup/vec4;
    %pushi/vec4 36, 0, 8;
    %cmp/u;
    %jmp/1 T_71.42, 6;
    %dup/vec4;
    %pushi/vec4 37, 0, 8;
    %cmp/u;
    %jmp/1 T_71.43, 6;
    %dup/vec4;
    %pushi/vec4 39, 0, 8;
    %cmp/u;
    %jmp/1 T_71.44, 6;
    %dup/vec4;
    %pushi/vec4 40, 0, 8;
    %cmp/u;
    %jmp/1 T_71.45, 6;
    %dup/vec4;
    %pushi/vec4 58, 0, 8;
    %cmp/u;
    %jmp/1 T_71.46, 6;
    %dup/vec4;
    %pushi/vec4 59, 0, 8;
    %cmp/u;
    %jmp/1 T_71.47, 6;
    %dup/vec4;
    %pushi/vec4 60, 0, 8;
    %cmp/u;
    %jmp/1 T_71.48, 6;
    %dup/vec4;
    %pushi/vec4 33, 0, 8;
    %cmp/u;
    %jmp/1 T_71.49, 6;
    %dup/vec4;
    %pushi/vec4 34, 0, 8;
    %cmp/u;
    %jmp/1 T_71.50, 6;
    %dup/vec4;
    %pushi/vec4 35, 0, 8;
    %cmp/u;
    %jmp/1 T_71.51, 6;
    %dup/vec4;
    %pushi/vec4 30, 0, 8;
    %cmp/u;
    %jmp/1 T_71.52, 6;
    %dup/vec4;
    %pushi/vec4 31, 0, 8;
    %cmp/u;
    %jmp/1 T_71.53, 6;
    %dup/vec4;
    %pushi/vec4 32, 0, 8;
    %cmp/u;
    %jmp/1 T_71.54, 6;
    %dup/vec4;
    %pushi/vec4 24, 0, 8;
    %cmp/u;
    %jmp/1 T_71.55, 6;
    %dup/vec4;
    %pushi/vec4 25, 0, 8;
    %cmp/u;
    %jmp/1 T_71.56, 6;
    %dup/vec4;
    %pushi/vec4 26, 0, 8;
    %cmp/u;
    %jmp/1 T_71.57, 6;
    %dup/vec4;
    %pushi/vec4 27, 0, 8;
    %cmp/u;
    %jmp/1 T_71.58, 6;
    %dup/vec4;
    %pushi/vec4 28, 0, 8;
    %cmp/u;
    %jmp/1 T_71.59, 6;
    %dup/vec4;
    %pushi/vec4 29, 0, 8;
    %cmp/u;
    %jmp/1 T_71.60, 6;
    %dup/vec4;
    %pushi/vec4 50, 0, 8;
    %cmp/u;
    %jmp/1 T_71.61, 6;
    %dup/vec4;
    %pushi/vec4 51, 0, 8;
    %cmp/u;
    %jmp/1 T_71.62, 6;
    %dup/vec4;
    %pushi/vec4 52, 0, 8;
    %cmp/u;
    %jmp/1 T_71.63, 6;
    %dup/vec4;
    %pushi/vec4 53, 0, 8;
    %cmp/u;
    %jmp/1 T_71.64, 6;
    %dup/vec4;
    %pushi/vec4 54, 0, 8;
    %cmp/u;
    %jmp/1 T_71.65, 6;
    %dup/vec4;
    %pushi/vec4 71, 0, 8;
    %cmp/u;
    %jmp/1 T_71.66, 6;
    %dup/vec4;
    %pushi/vec4 72, 0, 8;
    %cmp/u;
    %jmp/1 T_71.67, 6;
    %dup/vec4;
    %pushi/vec4 69, 0, 8;
    %cmp/u;
    %jmp/1 T_71.68, 6;
    %dup/vec4;
    %pushi/vec4 70, 0, 8;
    %cmp/u;
    %jmp/1 T_71.69, 6;
    %dup/vec4;
    %pushi/vec4 68, 0, 8;
    %cmp/u;
    %jmp/1 T_71.70, 6;
    %dup/vec4;
    %pushi/vec4 75, 0, 8;
    %cmp/u;
    %jmp/1 T_71.71, 6;
    %dup/vec4;
    %pushi/vec4 76, 0, 8;
    %cmp/u;
    %jmp/1 T_71.72, 6;
    %jmp T_71.74;
T_71.0 ;
    %pushi/vec4 0, 0, 1;
    %store/vec4 v0x14f62d610_0, 0, 1;
    %pushi/vec4 0, 0, 1;
    %store/vec4 v0x14f62dae0_0, 0, 1;
    %pushi/vec4 0, 0, 1;
    %store/vec4 v0x14f62d3e0_0, 0, 1;
    %pushi/vec4 0, 0, 1;
    %store/vec4 v0x14f62d2a0_0, 0, 1;
    %pushi/vec4 0, 0, 1;
    %store/vec4 v0x14f62d480_0, 0, 1;
    %pushi/vec4 0, 0, 1;
    %store/vec4 v0x14f62d340_0, 0, 1;
    %pushi/vec4 0, 0, 1;
    %store/vec4 v0x14f62d0c0_0, 0, 1;
    %pushi/vec4 0, 0, 1;
    %store/vec4 v0x14f62da40_0, 0, 1;
    %pushi/vec4 0, 0, 1;
    %store/vec4 v0x14f62d7c0_0, 0, 1;
    %pushi/vec4 0, 0, 1;
    %store/vec4 v0x14f62ce70_0, 0, 1;
    %pushi/vec4 0, 0, 1;
    %store/vec4 v0x14f62d160_0, 0, 1;
    %pushi/vec4 0, 0, 1;
    %store/vec4 v0x14f62cf10_0, 0, 1;
    %pushi/vec4 0, 0, 1;
    %store/vec4 v0x14f62d200_0, 0, 1;
    %pushi/vec4 0, 0, 1;
    %store/vec4 v0x14f62db80_0, 0, 1;
    %pushi/vec4 0, 0, 1;
    %store/vec4 v0x14f62cbb0_0, 0, 1;
    %pushi/vec4 0, 0, 1;
    %store/vec4 v0x14f62d730_0, 0, 1;
    %pushi/vec4 0, 0, 1;
    %store/vec4 v0x14f62cc50_0, 0, 1;
    %pushi/vec4 0, 0, 1;
    %store/vec4 v0x14f62cd30_0, 0, 1;
    %pushi/vec4 0, 0, 1;
    %store/vec4 v0x14f62cdd0_0, 0, 1;
    %pushi/vec4 0, 0, 1;
    %store/vec4 v0x14f62d860_0, 0, 1;
    %pushi/vec4 0, 0, 1;
    %store/vec4 v0x14f62d900_0, 0, 1;
    %pushi/vec4 0, 0, 1;
    %store/vec4 v0x14f61bde0_0, 0, 1;
    %pushi/vec4 0, 0, 1;
    %store/vec4 v0x14f62cb00_0, 0, 1;
    %pushi/vec4 0, 0, 1;
    %store/vec4 v0x14f62d530_0, 0, 1;
    %pushi/vec4 0, 0, 1;
    %store/vec4 v0x14f62deb0_0, 0, 1;
    %pushi/vec4 1, 0, 1;
    %store/vec4 v0x14f62d9a0_0, 0, 1;
    %pushi/vec4 0, 0, 1;
    %store/vec4 v0x14f62dc20_0, 0, 1;
    %pushi/vec4 0, 0, 1;
    %assign/vec4 v0x14f62da40_0, 0;
    %pushi/vec4 0, 0, 5;
    %assign/vec4 v0x14f62de00_0, 0;
    %pushi/vec4 0, 0, 1;
    %assign/vec4 v0x14f62d6a0_0, 0;
    %jmp T_71.74;
T_71.1 ;
    %pushi/vec4 1, 0, 1;
    %assign/vec4 v0x14f62d610_0, 0;
    %pushi/vec4 19, 0, 5;
    %assign/vec4 v0x14f62de00_0, 0;
    %pushi/vec4 1, 0, 1;
    %assign/vec4 v0x14f62d2a0_0, 0;
    %delay 500, 0;
    %pushi/vec4 1, 0, 1;
    %assign/vec4 v0x14f62db80_0, 0;
    %delay 1000, 0;
    %pushi/vec4 0, 0, 1;
    %assign/vec4 v0x14f62d610_0, 0;
    %delay 500, 0;
    %pushi/vec4 0, 0, 1;
    %assign/vec4 v0x14f62d2a0_0, 0;
    %pushi/vec4 0, 0, 1;
    %assign/vec4 v0x14f62db80_0, 0;
    %pushi/vec4 0, 0, 5;
    %assign/vec4 v0x14f62de00_0, 0;
    %jmp T_71.74;
T_71.2 ;
    %pushi/vec4 1, 0, 1;
    %assign/vec4 v0x14f62d6a0_0, 0;
    %pushi/vec4 1, 0, 1;
    %assign/vec4 v0x14f62dc20_0, 0;
    %delay 500, 0;
    %pushi/vec4 1, 0, 1;
    %assign/vec4 v0x14f62d7c0_0, 0;
    %pushi/vec4 1, 0, 1;
    %assign/vec4 v0x14f62d480_0, 0;
    %pushi/vec4 1, 0, 1;
    %assign/vec4 v0x14f62d340_0, 0;
    %delay 500, 0;
    %delay 500, 0;
    %pushi/vec4 0, 0, 1;
    %assign/vec4 v0x14f62dc20_0, 0;
    %pushi/vec4 0, 0, 1;
    %assign/vec4 v0x14f62d6a0_0, 0;
    %delay 500, 0;
    %pushi/vec4 0, 0, 1;
    %assign/vec4 v0x14f62d610_0, 0;
    %pushi/vec4 0, 0, 1;
    %assign/vec4 v0x14f62d7c0_0, 0;
    %pushi/vec4 0, 0, 1;
    %assign/vec4 v0x14f62d480_0, 0;
    %pushi/vec4 0, 0, 1;
    %assign/vec4 v0x14f62d340_0, 0;
    %jmp T_71.74;
T_71.3 ;
    %pushi/vec4 1, 0, 1;
    %assign/vec4 v0x14f62d3e0_0, 0;
    %delay 500, 0;
    %pushi/vec4 1, 0, 1;
    %assign/vec4 v0x14f62d2a0_0, 0;
    %pushi/vec4 1, 0, 1;
    %assign/vec4 v0x14f62d0c0_0, 0;
    %delay 1000, 0;
    %pushi/vec4 0, 0, 1;
    %assign/vec4 v0x14f62d3e0_0, 0;
    %delay 500, 0;
    %pushi/vec4 0, 0, 1;
    %assign/vec4 v0x14f62d2a0_0, 0;
    %pushi/vec4 0, 0, 1;
    %assign/vec4 v0x14f62d0c0_0, 0;
    %jmp T_71.74;
T_71.4 ;
    %pushi/vec4 1, 0, 1;
    %assign/vec4 v0x14f62cd30_0, 0;
    %pushi/vec4 1, 0, 1;
    %assign/vec4 v0x14f61bde0_0, 0;
    %delay 500, 0;
    %pushi/vec4 1, 0, 1;
    %assign/vec4 v0x14f62da40_0, 0;
    %delay 500, 0;
    %pushi/vec4 0, 0, 1;
    %assign/vec4 v0x14f62cd30_0, 0;
    %delay 1000, 0;
    %pushi/vec4 0, 0, 1;
    %assign/vec4 v0x14f62da40_0, 0;
    %pushi/vec4 0, 0, 1;
    %assign/vec4 v0x14f61bde0_0, 0;
    %jmp T_71.74;
T_71.5 ;
    %pushi/vec4 1, 0, 1;
    %assign/vec4 v0x14f62cbb0_0, 0;
    %pushi/vec4 3, 0, 5;
    %assign/vec4 v0x14f62de00_0, 0;
    %delay 500, 0;
    %pushi/vec4 1, 0, 1;
    %assign/vec4 v0x14f62db80_0, 0;
    %delay 1500, 0;
    %pushi/vec4 0, 0, 1;
    %assign/vec4 v0x14f62cbb0_0, 0;
    %pushi/vec4 0, 0, 1;
    %assign/vec4 v0x14f62db80_0, 0;
    %jmp T_71.74;
T_71.6 ;
    %pushi/vec4 1, 0, 1;
    %assign/vec4 v0x14f62dc20_0, 0;
    %delay 500, 0;
    %pushi/vec4 1, 0, 1;
    %assign/vec4 v0x14f62d860_0, 0;
    %pushi/vec4 1, 0, 1;
    %assign/vec4 v0x14f62cc50_0, 0;
    %pushi/vec4 0, 0, 1;
    %assign/vec4 v0x14f62dc20_0, 0;
    %delay 1000, 0;
    %pushi/vec4 0, 0, 1;
    %assign/vec4 v0x14f62dc20_0, 0;
    %delay 500, 0;
    %pushi/vec4 0, 0, 1;
    %assign/vec4 v0x14f62d860_0, 0;
    %pushi/vec4 0, 0, 1;
    %assign/vec4 v0x14f62cc50_0, 0;
    %jmp T_71.74;
T_71.7 ;
    %pushi/vec4 1, 0, 1;
    %assign/vec4 v0x14f62cd30_0, 0;
    %pushi/vec4 1, 0, 1;
    %assign/vec4 v0x14f61bde0_0, 0;
    %delay 500, 0;
    %pushi/vec4 1, 0, 1;
    %assign/vec4 v0x14f62da40_0, 0;
    %delay 500, 0;
    %pushi/vec4 0, 0, 1;
    %assign/vec4 v0x14f62cd30_0, 0;
    %delay 1000, 0;
    %pushi/vec4 0, 0, 1;
    %assign/vec4 v0x14f62da40_0, 0;
    %pushi/vec4 0, 0, 1;
    %assign/vec4 v0x14f61bde0_0, 0;
    %jmp T_71.74;
T_71.8 ;
    %pushi/vec4 1, 0, 1;
    %assign/vec4 v0x14f62cbb0_0, 0;
    %pushi/vec4 3, 0, 5;
    %assign/vec4 v0x14f62de00_0, 0;
    %delay 500, 0;
    %pushi/vec4 1, 0, 1;
    %assign/vec4 v0x14f62db80_0, 0;
    %delay 1500, 0;
    %pushi/vec4 0, 0, 1;
    %assign/vec4 v0x14f62cbb0_0, 0;
    %pushi/vec4 0, 0, 1;
    %assign/vec4 v0x14f62db80_0, 0;
    %jmp T_71.74;
T_71.9 ;
    %delay 500, 0;
    %pushi/vec4 1, 0, 1;
    %assign/vec4 v0x14f62dc20_0, 0;
    %pushi/vec4 1, 0, 1;
    %assign/vec4 v0x14f62d2a0_0, 0;
    %delay 1500, 0;
    %pushi/vec4 0, 0, 1;
    %assign/vec4 v0x14f62dc20_0, 0;
    %pushi/vec4 0, 0, 1;
    %assign/vec4 v0x14f62d2a0_0, 0;
    %jmp T_71.74;
T_71.10 ;
    %delay 500, 0;
    %pushi/vec4 1, 0, 1;
    %assign/vec4 v0x14f62d7c0_0, 0;
    %pushi/vec4 1, 0, 1;
    %assign/vec4 v0x14f62d6a0_0, 0;
    %pushi/vec4 1, 0, 1;
    %assign/vec4 v0x14f62d340_0, 0;
    %delay 1500, 0;
    %pushi/vec4 0, 0, 1;
    %assign/vec4 v0x14f62d7c0_0, 0;
    %pushi/vec4 0, 0, 1;
    %assign/vec4 v0x14f62d6a0_0, 0;
    %pushi/vec4 0, 0, 1;
    %assign/vec4 v0x14f62d340_0, 0;
    %jmp T_71.74;
T_71.11 ;
    %delay 500, 0;
    %pushi/vec4 1, 0, 1;
    %assign/vec4 v0x14f62d3e0_0, 0;
    %pushi/vec4 1, 0, 1;
    %assign/vec4 v0x14f62cc50_0, 0;
    %pushi/vec4 1, 0, 1;
    %assign/vec4 v0x14f62d860_0, 0;
    %delay 1500, 0;
    %pushi/vec4 0, 0, 1;
    %assign/vec4 v0x14f62d3e0_0, 0;
    %pushi/vec4 0, 0, 1;
    %assign/vec4 v0x14f62cc50_0, 0;
    %pushi/vec4 0, 0, 1;
    %assign/vec4 v0x14f62d860_0, 0;
    %jmp T_71.74;
T_71.12 ;
    %pushi/vec4 1, 0, 1;
    %assign/vec4 v0x14f62cc50_0, 0;
    %delay 500, 0;
    %pushi/vec4 1, 0, 1;
    %assign/vec4 v0x14f62d900_0, 0;
    %pushi/vec4 1, 0, 1;
    %assign/vec4 v0x14f62cb00_0, 0;
    %delay 1000, 0;
    %delay 500, 0;
    %pushi/vec4 0, 0, 1;
    %assign/vec4 v0x14f62cc50_0, 0;
    %pushi/vec4 0, 0, 1;
    %assign/vec4 v0x14f62cb00_0, 0;
    %pushi/vec4 0, 0, 1;
    %assign/vec4 v0x14f62d900_0, 0;
    %jmp T_71.74;
T_71.13 ;
    %pushi/vec4 1, 0, 1;
    %assign/vec4 v0x14f62d610_0, 0;
    %delay 500, 0;
    %pushi/vec4 1, 0, 1;
    %assign/vec4 v0x14f62da40_0, 0;
    %delay 1500, 0;
    %pushi/vec4 0, 0, 1;
    %assign/vec4 v0x14f62d610_0, 0;
    %pushi/vec4 0, 0, 1;
    %assign/vec4 v0x14f62da40_0, 0;
    %jmp T_71.74;
T_71.14 ;
    %pushi/vec4 1, 0, 1;
    %assign/vec4 v0x14f62cbb0_0, 0;
    %pushi/vec4 3, 0, 5;
    %assign/vec4 v0x14f62de00_0, 0;
    %delay 1000, 0;
    %pushi/vec4 1, 0, 1;
    %assign/vec4 v0x14f62db80_0, 0;
    %delay 1000, 0;
    %pushi/vec4 0, 0, 1;
    %assign/vec4 v0x14f62cbb0_0, 0;
    %pushi/vec4 0, 0, 1;
    %assign/vec4 v0x14f62db80_0, 0;
    %pushi/vec4 0, 0, 5;
    %assign/vec4 v0x14f62de00_0, 0;
    %jmp T_71.74;
T_71.15 ;
    %delay 500, 0;
    %pushi/vec4 1, 0, 1;
    %assign/vec4 v0x14f62dc20_0, 0;
    %delay 500, 0;
    %load/vec4 v0x14f62ca60_0;
    %flag_set/vec4 8;
    %jmp/0xz  T_71.75, 8;
    %pushi/vec4 1, 0, 1;
    %assign/vec4 v0x14f62d480_0, 0;
T_71.75 ;
    %delay 500, 0;
    %pushi/vec4 0, 0, 1;
    %assign/vec4 v0x14f62dc20_0, 0;
    %delay 500, 0;
    %pushi/vec4 0, 0, 1;
    %assign/vec4 v0x14f62d480_0, 0;
    %pushi/vec4 0, 0, 1;
    %assign/vec4 v0x14f62db80_0, 0;
    %jmp T_71.74;
T_71.16 ;
    %delay 500, 0;
    %pushi/vec4 1, 0, 1;
    %assign/vec4 v0x14f62cd30_0, 0;
    %pushi/vec4 1, 0, 1;
    %assign/vec4 v0x14f62d900_0, 0;
    %pushi/vec4 1, 0, 1;
    %assign/vec4 v0x14f62da40_0, 0;
    %delay 1500, 0;
    %pushi/vec4 0, 0, 1;
    %assign/vec4 v0x14f62cd30_0, 0;
    %pushi/vec4 0, 0, 1;
    %assign/vec4 v0x14f62d900_0, 0;
    %pushi/vec4 0, 0, 1;
    %assign/vec4 v0x14f62da40_0, 0;
    %jmp T_71.74;
T_71.17 ;
    %pushi/vec4 1, 0, 1;
    %assign/vec4 v0x14f62cdd0_0, 0;
    %pushi/vec4 1, 0, 1;
    %assign/vec4 v0x14f62d900_0, 0;
    %pushi/vec4 3, 0, 5;
    %assign/vec4 v0x14f62de00_0, 0;
    %delay 500, 0;
    %pushi/vec4 1, 0, 1;
    %assign/vec4 v0x14f62db80_0, 0;
    %delay 1000, 0;
    %pushi/vec4 0, 0, 1;
    %assign/vec4 v0x14f62cdd0_0, 0;
    %pushi/vec4 0, 0, 1;
    %assign/vec4 v0x14f62d900_0, 0;
    %delay 500, 0;
    %pushi/vec4 0, 0, 1;
    %assign/vec4 v0x14f62db80_0, 0;
    %jmp T_71.74;
T_71.18 ;
    %pushi/vec4 1, 0, 1;
    %assign/vec4 v0x14f62dc20_0, 0;
    %delay 1000, 0;
    %pushi/vec4 1, 0, 1;
    %assign/vec4 v0x14f62cc50_0, 0;
    %pushi/vec4 1, 0, 1;
    %assign/vec4 v0x14f62d860_0, 0;
    %pushi/vec4 1, 0, 1;
    %assign/vec4 v0x14f62d160_0, 0;
    %delay 1000, 0;
    %pushi/vec4 0, 0, 1;
    %assign/vec4 v0x14f62cc50_0, 0;
    %pushi/vec4 0, 0, 1;
    %assign/vec4 v0x14f62d860_0, 0;
    %pushi/vec4 0, 0, 1;
    %assign/vec4 v0x14f62dc20_0, 0;
    %pushi/vec4 0, 0, 1;
    %assign/vec4 v0x14f62d160_0, 0;
    %jmp T_71.74;
T_71.19 ;
    %delay 500, 0;
    %pushi/vec4 1, 0, 1;
    %assign/vec4 v0x14f62cd30_0, 0;
    %pushi/vec4 1, 0, 1;
    %assign/vec4 v0x14f62d900_0, 0;
    %pushi/vec4 1, 0, 1;
    %assign/vec4 v0x14f62da40_0, 0;
    %delay 1500, 0;
    %pushi/vec4 0, 0, 1;
    %assign/vec4 v0x14f62cd30_0, 0;
    %pushi/vec4 0, 0, 1;
    %assign/vec4 v0x14f62d900_0, 0;
    %pushi/vec4 0, 0, 1;
    %assign/vec4 v0x14f62da40_0, 0;
    %jmp T_71.74;
T_71.20 ;
    %pushi/vec4 1, 0, 1;
    %assign/vec4 v0x14f62cdd0_0, 0;
    %pushi/vec4 1, 0, 1;
    %assign/vec4 v0x14f62d900_0, 0;
    %pushi/vec4 4, 0, 5;
    %assign/vec4 v0x14f62de00_0, 0;
    %delay 500, 0;
    %pushi/vec4 1, 0, 1;
    %assign/vec4 v0x14f62db80_0, 0;
    %delay 1000, 0;
    %pushi/vec4 0, 0, 1;
    %assign/vec4 v0x14f62cdd0_0, 0;
    %pushi/vec4 0, 0, 1;
    %assign/vec4 v0x14f62d900_0, 0;
    %delay 500, 0;
    %pushi/vec4 0, 0, 1;
    %assign/vec4 v0x14f62db80_0, 0;
    %jmp T_71.74;
T_71.21 ;
    %pushi/vec4 1, 0, 1;
    %assign/vec4 v0x14f62dc20_0, 0;
    %delay 1000, 0;
    %pushi/vec4 1, 0, 1;
    %assign/vec4 v0x14f62cc50_0, 0;
    %pushi/vec4 1, 0, 1;
    %assign/vec4 v0x14f62d860_0, 0;
    %pushi/vec4 1, 0, 1;
    %assign/vec4 v0x14f62d160_0, 0;
    %delay 1000, 0;
    %pushi/vec4 0, 0, 1;
    %assign/vec4 v0x14f62cc50_0, 0;
    %pushi/vec4 0, 0, 1;
    %assign/vec4 v0x14f62d860_0, 0;
    %pushi/vec4 0, 0, 1;
    %assign/vec4 v0x14f62dc20_0, 0;
    %pushi/vec4 0, 0, 1;
    %assign/vec4 v0x14f62d160_0, 0;
    %jmp T_71.74;
T_71.22 ;
    %delay 500, 0;
    %pushi/vec4 1, 0, 1;
    %assign/vec4 v0x14f62cd30_0, 0;
    %pushi/vec4 1, 0, 1;
    %assign/vec4 v0x14f62d900_0, 0;
    %pushi/vec4 1, 0, 1;
    %assign/vec4 v0x14f62da40_0, 0;
    %delay 1500, 0;
    %pushi/vec4 0, 0, 1;
    %assign/vec4 v0x14f62cd30_0, 0;
    %pushi/vec4 0, 0, 1;
    %assign/vec4 v0x14f62d900_0, 0;
    %pushi/vec4 0, 0, 1;
    %assign/vec4 v0x14f62da40_0, 0;
    %jmp T_71.74;
T_71.23 ;
    %pushi/vec4 1, 0, 1;
    %assign/vec4 v0x14f62cc50_0, 0;
    %pushi/vec4 1, 0, 1;
    %assign/vec4 v0x14f62d900_0, 0;
    %pushi/vec4 16, 0, 5;
    %assign/vec4 v0x14f62de00_0, 0;
    %delay 500, 0;
    %pushi/vec4 1, 0, 1;
    %assign/vec4 v0x14f62db80_0, 0;
    %delay 1000, 0;
    %pushi/vec4 0, 0, 1;
    %assign/vec4 v0x14f62cc50_0, 0;
    %pushi/vec4 0, 0, 1;
    %assign/vec4 v0x14f62d900_0, 0;
    %delay 500, 0;
    %pushi/vec4 0, 0, 1;
    %assign/vec4 v0x14f62db80_0, 0;
    %jmp T_71.74;
T_71.24 ;
    %delay 500, 0;
    %pushi/vec4 1, 0, 1;
    %assign/vec4 v0x14f62dc20_0, 0;
    %pushi/vec4 1, 0, 1;
    %assign/vec4 v0x14f62d160_0, 0;
    %delay 1500, 0;
    %pushi/vec4 0, 0, 1;
    %assign/vec4 v0x14f62dc20_0, 0;
    %pushi/vec4 0, 0, 1;
    %assign/vec4 v0x14f62d160_0, 0;
    %jmp T_71.74;
T_71.25 ;
    %delay 500, 0;
    %pushi/vec4 1, 0, 1;
    %assign/vec4 v0x14f62dae0_0, 0;
    %pushi/vec4 1, 0, 1;
    %assign/vec4 v0x14f62ce70_0, 0;
    %delay 1500, 0;
    %pushi/vec4 0, 0, 1;
    %assign/vec4 v0x14f62dae0_0, 0;
    %pushi/vec4 0, 0, 1;
    %assign/vec4 v0x14f62ce70_0, 0;
    %jmp T_71.74;
T_71.26 ;
    %delay 500, 0;
    %pushi/vec4 1, 0, 1;
    %assign/vec4 v0x14f62cc50_0, 0;
    %pushi/vec4 1, 0, 1;
    %assign/vec4 v0x14f62d900_0, 0;
    %pushi/vec4 1, 0, 1;
    %assign/vec4 v0x14f62da40_0, 0;
    %delay 1500, 0;
    %pushi/vec4 0, 0, 1;
    %assign/vec4 v0x14f62cc50_0, 0;
    %pushi/vec4 0, 0, 1;
    %assign/vec4 v0x14f62d900_0, 0;
    %pushi/vec4 0, 0, 1;
    %assign/vec4 v0x14f62da40_0, 0;
    %jmp T_71.74;
T_71.27 ;
    %pushi/vec4 1, 0, 1;
    %assign/vec4 v0x14f62cd30_0, 0;
    %pushi/vec4 1, 0, 1;
    %assign/vec4 v0x14f62d900_0, 0;
    %pushi/vec4 15, 0, 5;
    %assign/vec4 v0x14f62de00_0, 0;
    %delay 500, 0;
    %pushi/vec4 1, 0, 1;
    %assign/vec4 v0x14f62db80_0, 0;
    %delay 1000, 0;
    %pushi/vec4 0, 0, 1;
    %assign/vec4 v0x14f62cd30_0, 0;
    %pushi/vec4 0, 0, 1;
    %assign/vec4 v0x14f62d900_0, 0;
    %delay 500, 0;
    %pushi/vec4 0, 0, 1;
    %assign/vec4 v0x14f62db80_0, 0;
    %jmp T_71.74;
T_71.28 ;
    %delay 500, 0;
    %pushi/vec4 1, 0, 1;
    %assign/vec4 v0x14f62dc20_0, 0;
    %pushi/vec4 1, 0, 1;
    %assign/vec4 v0x14f62d160_0, 0;
    %delay 1500, 0;
    %pushi/vec4 0, 0, 1;
    %assign/vec4 v0x14f62dc20_0, 0;
    %pushi/vec4 0, 0, 1;
    %assign/vec4 v0x14f62d160_0, 0;
    %jmp T_71.74;
T_71.29 ;
    %delay 500, 0;
    %pushi/vec4 1, 0, 1;
    %assign/vec4 v0x14f62dae0_0, 0;
    %pushi/vec4 1, 0, 1;
    %assign/vec4 v0x14f62ce70_0, 0;
    %delay 1500, 0;
    %pushi/vec4 0, 0, 1;
    %assign/vec4 v0x14f62dae0_0, 0;
    %pushi/vec4 0, 0, 1;
    %assign/vec4 v0x14f62ce70_0, 0;
    %jmp T_71.74;
T_71.30 ;
    %delay 500, 0;
    %pushi/vec4 1, 0, 1;
    %assign/vec4 v0x14f62cd30_0, 0;
    %pushi/vec4 1, 0, 1;
    %assign/vec4 v0x14f62d900_0, 0;
    %pushi/vec4 1, 0, 1;
    %assign/vec4 v0x14f62da40_0, 0;
    %delay 1500, 0;
    %pushi/vec4 0, 0, 1;
    %assign/vec4 v0x14f62cd30_0, 0;
    %pushi/vec4 0, 0, 1;
    %assign/vec4 v0x14f62d900_0, 0;
    %pushi/vec4 0, 0, 1;
    %assign/vec4 v0x14f62da40_0, 0;
    %jmp T_71.74;
T_71.31 ;
    %pushi/vec4 1, 0, 1;
    %assign/vec4 v0x14f62cdd0_0, 0;
    %pushi/vec4 1, 0, 1;
    %assign/vec4 v0x14f62d900_0, 0;
    %pushi/vec4 6, 0, 5;
    %assign/vec4 v0x14f62de00_0, 0;
    %delay 500, 0;
    %pushi/vec4 1, 0, 1;
    %assign/vec4 v0x14f62db80_0, 0;
    %delay 1000, 0;
    %pushi/vec4 0, 0, 1;
    %assign/vec4 v0x14f62cdd0_0, 0;
    %pushi/vec4 0, 0, 1;
    %assign/vec4 v0x14f62d900_0, 0;
    %delay 500, 0;
    %pushi/vec4 0, 0, 1;
    %assign/vec4 v0x14f62db80_0, 0;
    %jmp T_71.74;
T_71.32 ;
    %pushi/vec4 1, 0, 1;
    %assign/vec4 v0x14f62dc20_0, 0;
    %delay 1000, 0;
    %pushi/vec4 1, 0, 1;
    %assign/vec4 v0x14f62cc50_0, 0;
    %pushi/vec4 1, 0, 1;
    %assign/vec4 v0x14f62d860_0, 0;
    %pushi/vec4 1, 0, 1;
    %assign/vec4 v0x14f62d160_0, 0;
    %delay 1000, 0;
    %pushi/vec4 0, 0, 1;
    %assign/vec4 v0x14f62cc50_0, 0;
    %pushi/vec4 0, 0, 1;
    %assign/vec4 v0x14f62d860_0, 0;
    %pushi/vec4 0, 0, 1;
    %assign/vec4 v0x14f62dc20_0, 0;
    %pushi/vec4 0, 0, 1;
    %assign/vec4 v0x14f62d160_0, 0;
    %jmp T_71.74;
T_71.33 ;
    %delay 500, 0;
    %pushi/vec4 1, 0, 1;
    %assign/vec4 v0x14f62cd30_0, 0;
    %pushi/vec4 1, 0, 1;
    %assign/vec4 v0x14f62d900_0, 0;
    %pushi/vec4 1, 0, 1;
    %assign/vec4 v0x14f62da40_0, 0;
    %delay 1500, 0;
    %pushi/vec4 0, 0, 1;
    %assign/vec4 v0x14f62cd30_0, 0;
    %pushi/vec4 0, 0, 1;
    %assign/vec4 v0x14f62d900_0, 0;
    %pushi/vec4 0, 0, 1;
    %assign/vec4 v0x14f62da40_0, 0;
    %jmp T_71.74;
T_71.34 ;
    %pushi/vec4 1, 0, 1;
    %assign/vec4 v0x14f62cdd0_0, 0;
    %pushi/vec4 1, 0, 1;
    %assign/vec4 v0x14f62d900_0, 0;
    %pushi/vec4 5, 0, 5;
    %assign/vec4 v0x14f62de00_0, 0;
    %delay 500, 0;
    %pushi/vec4 1, 0, 1;
    %assign/vec4 v0x14f62db80_0, 0;
    %delay 1000, 0;
    %pushi/vec4 0, 0, 1;
    %assign/vec4 v0x14f62cdd0_0, 0;
    %pushi/vec4 0, 0, 1;
    %assign/vec4 v0x14f62d900_0, 0;
    %delay 500, 0;
    %pushi/vec4 0, 0, 1;
    %assign/vec4 v0x14f62db80_0, 0;
    %jmp T_71.74;
T_71.35 ;
    %pushi/vec4 1, 0, 1;
    %assign/vec4 v0x14f62dc20_0, 0;
    %delay 1000, 0;
    %pushi/vec4 1, 0, 1;
    %assign/vec4 v0x14f62cc50_0, 0;
    %pushi/vec4 1, 0, 1;
    %assign/vec4 v0x14f62d860_0, 0;
    %pushi/vec4 1, 0, 1;
    %assign/vec4 v0x14f62d160_0, 0;
    %delay 1000, 0;
    %pushi/vec4 0, 0, 1;
    %assign/vec4 v0x14f62cc50_0, 0;
    %pushi/vec4 0, 0, 1;
    %assign/vec4 v0x14f62d860_0, 0;
    %pushi/vec4 0, 0, 1;
    %assign/vec4 v0x14f62dc20_0, 0;
    %pushi/vec4 0, 0, 1;
    %assign/vec4 v0x14f62d160_0, 0;
    %jmp T_71.74;
T_71.36 ;
    %delay 500, 0;
    %pushi/vec4 1, 0, 1;
    %assign/vec4 v0x14f62cd30_0, 0;
    %pushi/vec4 1, 0, 1;
    %assign/vec4 v0x14f62d900_0, 0;
    %pushi/vec4 1, 0, 1;
    %assign/vec4 v0x14f62da40_0, 0;
    %delay 1500, 0;
    %pushi/vec4 0, 0, 1;
    %assign/vec4 v0x14f62cd30_0, 0;
    %pushi/vec4 0, 0, 1;
    %assign/vec4 v0x14f62d900_0, 0;
    %pushi/vec4 0, 0, 1;
    %assign/vec4 v0x14f62da40_0, 0;
    %jmp T_71.74;
T_71.37 ;
    %pushi/vec4 1, 0, 1;
    %assign/vec4 v0x14f62cbb0_0, 0;
    %pushi/vec4 6, 0, 5;
    %assign/vec4 v0x14f62de00_0, 0;
    %delay 500, 0;
    %pushi/vec4 1, 0, 1;
    %assign/vec4 v0x14f62db80_0, 0;
    %delay 1000, 0;
    %pushi/vec4 0, 0, 1;
    %assign/vec4 v0x14f62cbb0_0, 0;
    %delay 500, 0;
    %pushi/vec4 0, 0, 1;
    %assign/vec4 v0x14f62db80_0, 0;
    %jmp T_71.74;
T_71.38 ;
    %pushi/vec4 1, 0, 1;
    %assign/vec4 v0x14f62dc20_0, 0;
    %delay 1000, 0;
    %pushi/vec4 1, 0, 1;
    %assign/vec4 v0x14f62cc50_0, 0;
    %pushi/vec4 1, 0, 1;
    %assign/vec4 v0x14f62d860_0, 0;
    %pushi/vec4 1, 0, 1;
    %assign/vec4 v0x14f62d160_0, 0;
    %delay 1000, 0;
    %pushi/vec4 0, 0, 1;
    %assign/vec4 v0x14f62cc50_0, 0;
    %pushi/vec4 0, 0, 1;
    %assign/vec4 v0x14f62d860_0, 0;
    %pushi/vec4 0, 0, 1;
    %assign/vec4 v0x14f62dc20_0, 0;
    %pushi/vec4 0, 0, 1;
    %assign/vec4 v0x14f62d160_0, 0;
    %jmp T_71.74;
T_71.39 ;
    %delay 500, 0;
    %pushi/vec4 1, 0, 1;
    %assign/vec4 v0x14f62cd30_0, 0;
    %pushi/vec4 1, 0, 1;
    %assign/vec4 v0x14f62d900_0, 0;
    %pushi/vec4 1, 0, 1;
    %assign/vec4 v0x14f62da40_0, 0;
    %delay 1500, 0;
    %pushi/vec4 0, 0, 1;
    %assign/vec4 v0x14f62cd30_0, 0;
    %pushi/vec4 0, 0, 1;
    %assign/vec4 v0x14f62d900_0, 0;
    %pushi/vec4 0, 0, 1;
    %assign/vec4 v0x14f62da40_0, 0;
    %jmp T_71.74;
T_71.40 ;
    %pushi/vec4 1, 0, 1;
    %assign/vec4 v0x14f62cbb0_0, 0;
    %pushi/vec4 3, 0, 5;
    %assign/vec4 v0x14f62de00_0, 0;
    %delay 500, 0;
    %pushi/vec4 1, 0, 1;
    %assign/vec4 v0x14f62db80_0, 0;
    %delay 1000, 0;
    %pushi/vec4 0, 0, 1;
    %assign/vec4 v0x14f62cbb0_0, 0;
    %delay 500, 0;
    %pushi/vec4 0, 0, 1;
    %assign/vec4 v0x14f62db80_0, 0;
    %jmp T_71.74;
T_71.41 ;
    %pushi/vec4 1, 0, 1;
    %assign/vec4 v0x14f62dc20_0, 0;
    %delay 1000, 0;
    %pushi/vec4 1, 0, 1;
    %assign/vec4 v0x14f62cc50_0, 0;
    %pushi/vec4 1, 0, 1;
    %assign/vec4 v0x14f62d860_0, 0;
    %pushi/vec4 1, 0, 1;
    %assign/vec4 v0x14f62d160_0, 0;
    %delay 1000, 0;
    %pushi/vec4 0, 0, 1;
    %assign/vec4 v0x14f62cc50_0, 0;
    %pushi/vec4 0, 0, 1;
    %assign/vec4 v0x14f62d860_0, 0;
    %pushi/vec4 0, 0, 1;
    %assign/vec4 v0x14f62dc20_0, 0;
    %pushi/vec4 0, 0, 1;
    %assign/vec4 v0x14f62d160_0, 0;
    %jmp T_71.74;
T_71.42 ;
    %pushi/vec4 1, 0, 1;
    %assign/vec4 v0x14f62cd30_0, 0;
    %pushi/vec4 1, 0, 1;
    %assign/vec4 v0x14f62d900_0, 0;
    %pushi/vec4 17, 0, 5;
    %assign/vec4 v0x14f62de00_0, 0;
    %delay 500, 0;
    %pushi/vec4 1, 0, 1;
    %assign/vec4 v0x14f62db80_0, 0;
    %delay 1000, 0;
    %pushi/vec4 0, 0, 1;
    %assign/vec4 v0x14f62cd30_0, 0;
    %pushi/vec4 0, 0, 1;
    %assign/vec4 v0x14f62d900_0, 0;
    %delay 500, 0;
    %pushi/vec4 0, 0, 1;
    %assign/vec4 v0x14f62db80_0, 0;
    %jmp T_71.74;
T_71.43 ;
    %pushi/vec4 1, 0, 1;
    %assign/vec4 v0x14f62dc20_0, 0;
    %delay 1000, 0;
    %pushi/vec4 1, 0, 1;
    %assign/vec4 v0x14f62cc50_0, 0;
    %pushi/vec4 1, 0, 1;
    %assign/vec4 v0x14f62d860_0, 0;
    %pushi/vec4 1, 0, 1;
    %assign/vec4 v0x14f62d160_0, 0;
    %delay 1000, 0;
    %pushi/vec4 0, 0, 1;
    %assign/vec4 v0x14f62cc50_0, 0;
    %pushi/vec4 0, 0, 1;
    %assign/vec4 v0x14f62d860_0, 0;
    %pushi/vec4 0, 0, 1;
    %assign/vec4 v0x14f62dc20_0, 0;
    %pushi/vec4 0, 0, 1;
    %assign/vec4 v0x14f62d160_0, 0;
    %jmp T_71.74;
T_71.44 ;
    %pushi/vec4 1, 0, 1;
    %assign/vec4 v0x14f62cd30_0, 0;
    %pushi/vec4 1, 0, 1;
    %assign/vec4 v0x14f62d900_0, 0;
    %pushi/vec4 18, 0, 5;
    %assign/vec4 v0x14f62de00_0, 0;
    %delay 500, 0;
    %pushi/vec4 1, 0, 1;
    %assign/vec4 v0x14f62db80_0, 0;
    %delay 1000, 0;
    %pushi/vec4 0, 0, 1;
    %assign/vec4 v0x14f62cd30_0, 0;
    %pushi/vec4 0, 0, 1;
    %assign/vec4 v0x14f62d900_0, 0;
    %delay 500, 0;
    %pushi/vec4 0, 0, 1;
    %assign/vec4 v0x14f62db80_0, 0;
    %jmp T_71.74;
T_71.45 ;
    %pushi/vec4 1, 0, 1;
    %assign/vec4 v0x14f62dc20_0, 0;
    %delay 1000, 0;
    %pushi/vec4 1, 0, 1;
    %assign/vec4 v0x14f62cc50_0, 0;
    %pushi/vec4 1, 0, 1;
    %assign/vec4 v0x14f62d860_0, 0;
    %pushi/vec4 1, 0, 1;
    %assign/vec4 v0x14f62d160_0, 0;
    %delay 1000, 0;
    %pushi/vec4 0, 0, 1;
    %assign/vec4 v0x14f62cc50_0, 0;
    %pushi/vec4 0, 0, 1;
    %assign/vec4 v0x14f62d860_0, 0;
    %pushi/vec4 0, 0, 1;
    %assign/vec4 v0x14f62dc20_0, 0;
    %pushi/vec4 0, 0, 1;
    %assign/vec4 v0x14f62d160_0, 0;
    %jmp T_71.74;
T_71.46 ;
    %delay 500, 0;
    %pushi/vec4 1, 0, 1;
    %assign/vec4 v0x14f62cd30_0, 0;
    %pushi/vec4 1, 0, 1;
    %assign/vec4 v0x14f62d900_0, 0;
    %pushi/vec4 1, 0, 1;
    %assign/vec4 v0x14f62da40_0, 0;
    %delay 1500, 0;
    %pushi/vec4 0, 0, 1;
    %assign/vec4 v0x14f62cd30_0, 0;
    %pushi/vec4 0, 0, 1;
    %assign/vec4 v0x14f62d900_0, 0;
    %pushi/vec4 0, 0, 1;
    %assign/vec4 v0x14f62da40_0, 0;
    %jmp T_71.74;
T_71.47 ;
    %pushi/vec4 1, 0, 1;
    %assign/vec4 v0x14f62cbb0_0, 0;
    %pushi/vec4 5, 0, 5;
    %assign/vec4 v0x14f62de00_0, 0;
    %delay 500, 0;
    %pushi/vec4 1, 0, 1;
    %assign/vec4 v0x14f62db80_0, 0;
    %delay 1000, 0;
    %pushi/vec4 0, 0, 1;
    %assign/vec4 v0x14f62cbb0_0, 0;
    %delay 500, 0;
    %pushi/vec4 0, 0, 1;
    %assign/vec4 v0x14f62db80_0, 0;
    %jmp T_71.74;
T_71.48 ;
    %pushi/vec4 1, 0, 1;
    %assign/vec4 v0x14f62dc20_0, 0;
    %delay 1000, 0;
    %pushi/vec4 1, 0, 1;
    %assign/vec4 v0x14f62cc50_0, 0;
    %pushi/vec4 1, 0, 1;
    %assign/vec4 v0x14f62d860_0, 0;
    %pushi/vec4 1, 0, 1;
    %assign/vec4 v0x14f62d160_0, 0;
    %delay 1000, 0;
    %pushi/vec4 0, 0, 1;
    %assign/vec4 v0x14f62cc50_0, 0;
    %pushi/vec4 0, 0, 1;
    %assign/vec4 v0x14f62d860_0, 0;
    %pushi/vec4 0, 0, 1;
    %assign/vec4 v0x14f62dc20_0, 0;
    %pushi/vec4 0, 0, 1;
    %assign/vec4 v0x14f62d160_0, 0;
    %jmp T_71.74;
T_71.49 ;
    %delay 500, 0;
    %pushi/vec4 1, 0, 1;
    %assign/vec4 v0x14f62cd30_0, 0;
    %pushi/vec4 1, 0, 1;
    %assign/vec4 v0x14f62d900_0, 0;
    %pushi/vec4 1, 0, 1;
    %assign/vec4 v0x14f62da40_0, 0;
    %delay 1500, 0;
    %pushi/vec4 0, 0, 1;
    %assign/vec4 v0x14f62cd30_0, 0;
    %pushi/vec4 0, 0, 1;
    %assign/vec4 v0x14f62d900_0, 0;
    %pushi/vec4 0, 0, 1;
    %assign/vec4 v0x14f62da40_0, 0;
    %jmp T_71.74;
T_71.50 ;
    %pushi/vec4 1, 0, 1;
    %assign/vec4 v0x14f62cdd0_0, 0;
    %pushi/vec4 1, 0, 1;
    %assign/vec4 v0x14f62d900_0, 0;
    %pushi/vec4 7, 0, 5;
    %assign/vec4 v0x14f62de00_0, 0;
    %delay 500, 0;
    %pushi/vec4 1, 0, 1;
    %assign/vec4 v0x14f62db80_0, 0;
    %delay 1000, 0;
    %pushi/vec4 0, 0, 1;
    %assign/vec4 v0x14f62cdd0_0, 0;
    %pushi/vec4 0, 0, 1;
    %assign/vec4 v0x14f62d900_0, 0;
    %delay 500, 0;
    %pushi/vec4 0, 0, 1;
    %assign/vec4 v0x14f62db80_0, 0;
    %jmp T_71.74;
T_71.51 ;
    %pushi/vec4 1, 0, 1;
    %assign/vec4 v0x14f62dc20_0, 0;
    %delay 1000, 0;
    %pushi/vec4 1, 0, 1;
    %assign/vec4 v0x14f62cc50_0, 0;
    %pushi/vec4 1, 0, 1;
    %assign/vec4 v0x14f62d860_0, 0;
    %pushi/vec4 1, 0, 1;
    %assign/vec4 v0x14f62d160_0, 0;
    %delay 1000, 0;
    %pushi/vec4 0, 0, 1;
    %assign/vec4 v0x14f62cc50_0, 0;
    %pushi/vec4 0, 0, 1;
    %assign/vec4 v0x14f62d860_0, 0;
    %pushi/vec4 0, 0, 1;
    %assign/vec4 v0x14f62dc20_0, 0;
    %pushi/vec4 0, 0, 1;
    %assign/vec4 v0x14f62d160_0, 0;
    %jmp T_71.74;
T_71.52 ;
    %delay 500, 0;
    %pushi/vec4 1, 0, 1;
    %assign/vec4 v0x14f62cd30_0, 0;
    %pushi/vec4 1, 0, 1;
    %assign/vec4 v0x14f62d900_0, 0;
    %pushi/vec4 1, 0, 1;
    %assign/vec4 v0x14f62da40_0, 0;
    %delay 1500, 0;
    %pushi/vec4 0, 0, 1;
    %assign/vec4 v0x14f62cd30_0, 0;
    %pushi/vec4 0, 0, 1;
    %assign/vec4 v0x14f62d900_0, 0;
    %pushi/vec4 0, 0, 1;
    %assign/vec4 v0x14f62da40_0, 0;
    %jmp T_71.74;
T_71.53 ;
    %pushi/vec4 1, 0, 1;
    %assign/vec4 v0x14f62cdd0_0, 0;
    %pushi/vec4 1, 0, 1;
    %assign/vec4 v0x14f62d900_0, 0;
    %pushi/vec4 8, 0, 5;
    %assign/vec4 v0x14f62de00_0, 0;
    %delay 500, 0;
    %pushi/vec4 1, 0, 1;
    %assign/vec4 v0x14f62db80_0, 0;
    %delay 1000, 0;
    %pushi/vec4 0, 0, 1;
    %assign/vec4 v0x14f62cdd0_0, 0;
    %pushi/vec4 0, 0, 1;
    %assign/vec4 v0x14f62d900_0, 0;
    %delay 500, 0;
    %pushi/vec4 0, 0, 1;
    %assign/vec4 v0x14f62db80_0, 0;
    %jmp T_71.74;
T_71.54 ;
    %pushi/vec4 1, 0, 1;
    %assign/vec4 v0x14f62dc20_0, 0;
    %delay 1000, 0;
    %pushi/vec4 1, 0, 1;
    %assign/vec4 v0x14f62cc50_0, 0;
    %pushi/vec4 1, 0, 1;
    %assign/vec4 v0x14f62d860_0, 0;
    %pushi/vec4 1, 0, 1;
    %assign/vec4 v0x14f62d160_0, 0;
    %delay 1000, 0;
    %pushi/vec4 0, 0, 1;
    %assign/vec4 v0x14f62cc50_0, 0;
    %pushi/vec4 0, 0, 1;
    %assign/vec4 v0x14f62d860_0, 0;
    %pushi/vec4 0, 0, 1;
    %assign/vec4 v0x14f62dc20_0, 0;
    %pushi/vec4 0, 0, 1;
    %assign/vec4 v0x14f62d160_0, 0;
    %jmp T_71.74;
T_71.55 ;
    %delay 500, 0;
    %pushi/vec4 1, 0, 1;
    %assign/vec4 v0x14f62cd30_0, 0;
    %pushi/vec4 1, 0, 1;
    %assign/vec4 v0x14f62d900_0, 0;
    %pushi/vec4 1, 0, 1;
    %assign/vec4 v0x14f62da40_0, 0;
    %delay 1500, 0;
    %pushi/vec4 0, 0, 1;
    %assign/vec4 v0x14f62cd30_0, 0;
    %pushi/vec4 0, 0, 1;
    %assign/vec4 v0x14f62d900_0, 0;
    %pushi/vec4 0, 0, 1;
    %assign/vec4 v0x14f62da40_0, 0;
    %jmp T_71.74;
T_71.56 ;
    %pushi/vec4 1, 0, 1;
    %assign/vec4 v0x14f62cdd0_0, 0;
    %pushi/vec4 1, 0, 1;
    %assign/vec4 v0x14f62d900_0, 0;
    %pushi/vec4 11, 0, 5;
    %assign/vec4 v0x14f62de00_0, 0;
    %delay 500, 0;
    %pushi/vec4 1, 0, 1;
    %assign/vec4 v0x14f62db80_0, 0;
    %delay 1000, 0;
    %pushi/vec4 0, 0, 1;
    %assign/vec4 v0x14f62cdd0_0, 0;
    %pushi/vec4 0, 0, 1;
    %assign/vec4 v0x14f62d900_0, 0;
    %delay 500, 0;
    %pushi/vec4 0, 0, 1;
    %assign/vec4 v0x14f62db80_0, 0;
    %jmp T_71.74;
T_71.57 ;
    %pushi/vec4 1, 0, 1;
    %assign/vec4 v0x14f62dc20_0, 0;
    %delay 1000, 0;
    %pushi/vec4 1, 0, 1;
    %assign/vec4 v0x14f62cc50_0, 0;
    %pushi/vec4 1, 0, 1;
    %assign/vec4 v0x14f62d860_0, 0;
    %pushi/vec4 1, 0, 1;
    %assign/vec4 v0x14f62d160_0, 0;
    %delay 1000, 0;
    %pushi/vec4 0, 0, 1;
    %assign/vec4 v0x14f62cc50_0, 0;
    %pushi/vec4 0, 0, 1;
    %assign/vec4 v0x14f62d860_0, 0;
    %pushi/vec4 0, 0, 1;
    %assign/vec4 v0x14f62dc20_0, 0;
    %pushi/vec4 0, 0, 1;
    %assign/vec4 v0x14f62d160_0, 0;
    %jmp T_71.74;
T_71.58 ;
    %delay 500, 0;
    %pushi/vec4 1, 0, 1;
    %assign/vec4 v0x14f62cd30_0, 0;
    %pushi/vec4 1, 0, 1;
    %assign/vec4 v0x14f62d900_0, 0;
    %pushi/vec4 1, 0, 1;
    %assign/vec4 v0x14f62da40_0, 0;
    %delay 1500, 0;
    %pushi/vec4 0, 0, 1;
    %assign/vec4 v0x14f62cd30_0, 0;
    %pushi/vec4 0, 0, 1;
    %assign/vec4 v0x14f62d900_0, 0;
    %pushi/vec4 0, 0, 1;
    %assign/vec4 v0x14f62da40_0, 0;
    %jmp T_71.74;
T_71.59 ;
    %pushi/vec4 1, 0, 1;
    %assign/vec4 v0x14f62cdd0_0, 0;
    %pushi/vec4 1, 0, 1;
    %assign/vec4 v0x14f62d900_0, 0;
    %load/vec4 v0x14f62d020_0;
    %parti/s 5, 27, 6;
    %cmpi/e 10, 0, 5;
    %jmp/0xz  T_71.77, 4;
    %pushi/vec4 10, 0, 5;
    %assign/vec4 v0x14f62de00_0, 0;
    %jmp T_71.78;
T_71.77 ;
    %load/vec4 v0x14f62d020_0;
    %parti/s 5, 27, 6;
    %cmpi/e 9, 0, 5;
    %jmp/0xz  T_71.79, 4;
    %pushi/vec4 9, 0, 5;
    %assign/vec4 v0x14f62de00_0, 0;
T_71.79 ;
T_71.78 ;
    %delay 500, 0;
    %pushi/vec4 1, 0, 1;
    %assign/vec4 v0x14f62db80_0, 0;
    %delay 1000, 0;
    %pushi/vec4 0, 0, 1;
    %assign/vec4 v0x14f62cdd0_0, 0;
    %pushi/vec4 0, 0, 1;
    %assign/vec4 v0x14f62d900_0, 0;
    %delay 500, 0;
    %pushi/vec4 0, 0, 1;
    %assign/vec4 v0x14f62db80_0, 0;
    %jmp T_71.74;
T_71.60 ;
    %pushi/vec4 1, 0, 1;
    %assign/vec4 v0x14f62dc20_0, 0;
    %delay 1000, 0;
    %pushi/vec4 1, 0, 1;
    %assign/vec4 v0x14f62cc50_0, 0;
    %pushi/vec4 1, 0, 1;
    %assign/vec4 v0x14f62d860_0, 0;
    %pushi/vec4 1, 0, 1;
    %assign/vec4 v0x14f62d160_0, 0;
    %delay 1000, 0;
    %pushi/vec4 0, 0, 1;
    %assign/vec4 v0x14f62cc50_0, 0;
    %pushi/vec4 0, 0, 1;
    %assign/vec4 v0x14f62d860_0, 0;
    %pushi/vec4 0, 0, 1;
    %assign/vec4 v0x14f62dc20_0, 0;
    %pushi/vec4 0, 0, 1;
    %assign/vec4 v0x14f62d160_0, 0;
    %jmp T_71.74;
T_71.61 ;
    %pushi/vec4 1, 0, 1;
    %assign/vec4 v0x14f62cd30_0, 0;
    %pushi/vec4 1, 0, 1;
    %assign/vec4 v0x14f61bde0_0, 0;
    %delay 500, 0;
    %pushi/vec4 1, 0, 1;
    %assign/vec4 v0x14f62da40_0, 0;
    %delay 500, 0;
    %pushi/vec4 0, 0, 1;
    %assign/vec4 v0x14f62cd30_0, 0;
    %delay 1000, 0;
    %pushi/vec4 0, 0, 1;
    %assign/vec4 v0x14f62da40_0, 0;
    %pushi/vec4 0, 0, 1;
    %assign/vec4 v0x14f61bde0_0, 0;
    %jmp T_71.74;
T_71.62 ;
    %pushi/vec4 1, 0, 1;
    %assign/vec4 v0x14f62cbb0_0, 0;
    %pushi/vec4 3, 0, 5;
    %assign/vec4 v0x14f62de00_0, 0;
    %delay 500, 0;
    %pushi/vec4 1, 0, 1;
    %assign/vec4 v0x14f62db80_0, 0;
    %delay 1500, 0;
    %pushi/vec4 0, 0, 1;
    %assign/vec4 v0x14f62cbb0_0, 0;
    %pushi/vec4 0, 0, 1;
    %assign/vec4 v0x14f62db80_0, 0;
    %jmp T_71.74;
T_71.63 ;
    %delay 500, 0;
    %pushi/vec4 1, 0, 1;
    %assign/vec4 v0x14f62dc20_0, 0;
    %pushi/vec4 1, 0, 1;
    %assign/vec4 v0x14f62d2a0_0, 0;
    %delay 1500, 0;
    %pushi/vec4 0, 0, 1;
    %assign/vec4 v0x14f62dc20_0, 0;
    %pushi/vec4 0, 0, 1;
    %assign/vec4 v0x14f62d2a0_0, 0;
    %jmp T_71.74;
T_71.64 ;
    %delay 500, 0;
    %pushi/vec4 1, 0, 1;
    %assign/vec4 v0x14f62cc50_0, 0;
    %pushi/vec4 1, 0, 1;
    %assign/vec4 v0x14f62d900_0, 0;
    %pushi/vec4 1, 0, 1;
    %assign/vec4 v0x14f62d340_0, 0;
    %delay 1500, 0;
    %pushi/vec4 0, 0, 1;
    %assign/vec4 v0x14f62cc50_0, 0;
    %pushi/vec4 0, 0, 1;
    %assign/vec4 v0x14f62d900_0, 0;
    %pushi/vec4 0, 0, 1;
    %assign/vec4 v0x14f62d340_0, 0;
    %jmp T_71.74;
T_71.65 ;
    %delay 500, 0;
    %pushi/vec4 1, 0, 1;
    %assign/vec4 v0x14f62d3e0_0, 0;
    %pushi/vec4 1, 0, 1;
    %assign/vec4 v0x14f62d730_0, 0;
    %delay 1500, 0;
    %pushi/vec4 0, 0, 1;
    %assign/vec4 v0x14f62d3e0_0, 0;
    %pushi/vec4 0, 0, 1;
    %assign/vec4 v0x14f62d730_0, 0;
    %jmp T_71.74;
T_71.66 ;
    %delay 500, 0;
    %pushi/vec4 1, 0, 1;
    %assign/vec4 v0x14f62cf10_0, 0;
    %pushi/vec4 1, 0, 1;
    %assign/vec4 v0x14f62cc50_0, 0;
    %delay 500, 0;
    %pushi/vec4 1, 0, 1;
    %assign/vec4 v0x14f62d860_0, 0;
    %delay 500, 0;
    %delay 500, 0;
    %pushi/vec4 0, 0, 1;
    %assign/vec4 v0x14f62cf10_0, 0;
    %pushi/vec4 0, 0, 1;
    %assign/vec4 v0x14f62cc50_0, 0;
    %pushi/vec4 0, 0, 1;
    %assign/vec4 v0x14f62d860_0, 0;
    %jmp T_71.74;
T_71.67 ;
    %delay 500, 0;
    %pushi/vec4 1, 0, 1;
    %assign/vec4 v0x14f62d200_0, 0;
    %pushi/vec4 1, 0, 1;
    %assign/vec4 v0x14f62cc50_0, 0;
    %delay 500, 0;
    %pushi/vec4 1, 0, 1;
    %assign/vec4 v0x14f62d860_0, 0;
    %delay 500, 0;
    %delay 500, 0;
    %pushi/vec4 0, 0, 1;
    %assign/vec4 v0x14f62d200_0, 0;
    %pushi/vec4 0, 0, 1;
    %assign/vec4 v0x14f62cc50_0, 0;
    %pushi/vec4 0, 0, 1;
    %assign/vec4 v0x14f62d860_0, 0;
    %jmp T_71.74;
T_71.68 ;
    %pushi/vec4 1, 0, 1;
    %assign/vec4 v0x14f62d610_0, 0;
    %delay 500, 0;
    %pushi/vec4 1, 0, 1;
    %assign/vec4 v0x14f62cc50_0, 0;
    %pushi/vec4 1, 0, 1;
    %assign/vec4 v0x14f62d860_0, 0;
    %delay 1500, 0;
    %pushi/vec4 0, 0, 1;
    %assign/vec4 v0x14f62d610_0, 0;
    %pushi/vec4 0, 0, 1;
    %assign/vec4 v0x14f62cc50_0, 0;
    %pushi/vec4 0, 0, 1;
    %assign/vec4 v0x14f62d860_0, 0;
    %jmp T_71.74;
T_71.69 ;
    %pushi/vec4 1, 0, 1;
    %assign/vec4 v0x14f62cd30_0, 0;
    %pushi/vec4 1, 0, 1;
    %assign/vec4 v0x14f62d900_0, 0;
    %delay 500, 0;
    %pushi/vec4 1, 0, 1;
    %assign/vec4 v0x14f62d480_0, 0;
    %delay 1500, 0;
    %pushi/vec4 0, 0, 1;
    %assign/vec4 v0x14f62cd30_0, 0;
    %pushi/vec4 0, 0, 1;
    %assign/vec4 v0x14f62d900_0, 0;
    %pushi/vec4 0, 0, 1;
    %assign/vec4 v0x14f62d480_0, 0;
    %jmp T_71.74;
T_71.70 ;
    %pushi/vec4 1, 0, 1;
    %assign/vec4 v0x14f62cc50_0, 0;
    %pushi/vec4 1, 0, 1;
    %assign/vec4 v0x14f62d900_0, 0;
    %delay 1000, 0;
    %pushi/vec4 1, 0, 1;
    %assign/vec4 v0x14f62d480_0, 0;
    %delay 500, 0;
    %delay 500, 0;
    %pushi/vec4 0, 0, 1;
    %assign/vec4 v0x14f62cc50_0, 0;
    %pushi/vec4 0, 0, 1;
    %assign/vec4 v0x14f62d900_0, 0;
    %pushi/vec4 0, 0, 1;
    %assign/vec4 v0x14f62d480_0, 0;
    %jmp T_71.74;
T_71.71 ;
    %jmp T_71.74;
T_71.72 ;
    %pushi/vec4 0, 0, 1;
    %store/vec4 v0x14f62d9a0_0, 0, 1;
    %jmp T_71.74;
T_71.74 ;
    %pop/vec4 1;
    %jmp T_71;
    .thread T_71, $push;
    .scope S_0x14f60ec30;
T_72 ;
    %pushi/vec4 0, 0, 4;
    %store/vec4 v0x14f6a1760_0, 0, 4;
    %end;
    .thread T_72;
    .scope S_0x14f60ec30;
T_73 ;
    %pushi/vec4 0, 0, 1;
    %store/vec4 v0x14f6a0ac0_0, 0, 1;
T_73.0 ;
    %delay 1000, 0;
    %load/vec4 v0x14f6a0ac0_0;
    %inv;
    %store/vec4 v0x14f6a0ac0_0, 0, 1;
    %jmp T_73.0;
    %end;
    .thread T_73;
    .scope S_0x14f60ec30;
T_74 ;
    %wait E_0x14f68c3b0;
    %load/vec4 v0x14f6a1760_0;
    %dup/vec4;
    %pushi/vec4 0, 0, 4;
    %cmp/u;
    %jmp/1 T_74.0, 6;
    %dup/vec4;
    %pushi/vec4 1, 0, 4;
    %cmp/u;
    %jmp/1 T_74.1, 6;
    %dup/vec4;
    %pushi/vec4 2, 0, 4;
    %cmp/u;
    %jmp/1 T_74.2, 6;
    %dup/vec4;
    %pushi/vec4 3, 0, 4;
    %cmp/u;
    %jmp/1 T_74.3, 6;
    %dup/vec4;
    %pushi/vec4 4, 0, 4;
    %cmp/u;
    %jmp/1 T_74.4, 6;
    %dup/vec4;
    %pushi/vec4 5, 0, 4;
    %cmp/u;
    %jmp/1 T_74.5, 6;
    %dup/vec4;
    %pushi/vec4 6, 0, 4;
    %cmp/u;
    %jmp/1 T_74.6, 6;
    %dup/vec4;
    %pushi/vec4 7, 0, 4;
    %cmp/u;
    %jmp/1 T_74.7, 6;
    %dup/vec4;
    %pushi/vec4 8, 0, 4;
    %cmp/u;
    %jmp/1 T_74.8, 6;
    %dup/vec4;
    %pushi/vec4 9, 0, 4;
    %cmp/u;
    %jmp/1 T_74.9, 6;
    %dup/vec4;
    %pushi/vec4 10, 0, 4;
    %cmp/u;
    %jmp/1 T_74.10, 6;
    %dup/vec4;
    %pushi/vec4 11, 0, 4;
    %cmp/u;
    %jmp/1 T_74.11, 6;
    %dup/vec4;
    %pushi/vec4 12, 0, 4;
    %cmp/u;
    %jmp/1 T_74.12, 6;
    %dup/vec4;
    %pushi/vec4 13, 0, 4;
    %cmp/u;
    %jmp/1 T_74.13, 6;
    %jmp T_74.14;
T_74.0 ;
    %pushi/vec4 1, 0, 4;
    %store/vec4 v0x14f6a1760_0, 0, 4;
    %jmp T_74.14;
T_74.1 ;
    %pushi/vec4 2, 0, 4;
    %store/vec4 v0x14f6a1760_0, 0, 4;
    %jmp T_74.14;
T_74.2 ;
    %pushi/vec4 3, 0, 4;
    %store/vec4 v0x14f6a1760_0, 0, 4;
    %jmp T_74.14;
T_74.3 ;
    %pushi/vec4 4, 0, 4;
    %store/vec4 v0x14f6a1760_0, 0, 4;
    %jmp T_74.14;
T_74.4 ;
    %pushi/vec4 5, 0, 4;
    %store/vec4 v0x14f6a1760_0, 0, 4;
    %jmp T_74.14;
T_74.5 ;
    %pushi/vec4 6, 0, 4;
    %store/vec4 v0x14f6a1760_0, 0, 4;
    %jmp T_74.14;
T_74.6 ;
    %pushi/vec4 7, 0, 4;
    %store/vec4 v0x14f6a1760_0, 0, 4;
    %jmp T_74.14;
T_74.7 ;
    %pushi/vec4 8, 0, 4;
    %store/vec4 v0x14f6a1760_0, 0, 4;
    %jmp T_74.14;
T_74.8 ;
    %pushi/vec4 9, 0, 4;
    %store/vec4 v0x14f6a1760_0, 0, 4;
    %jmp T_74.14;
T_74.9 ;
    %pushi/vec4 10, 0, 4;
    %store/vec4 v0x14f6a1760_0, 0, 4;
    %jmp T_74.14;
T_74.10 ;
    %pushi/vec4 11, 0, 4;
    %store/vec4 v0x14f6a1760_0, 0, 4;
    %jmp T_74.14;
T_74.11 ;
    %pushi/vec4 12, 0, 4;
    %store/vec4 v0x14f6a1760_0, 0, 4;
    %jmp T_74.14;
T_74.12 ;
    %pushi/vec4 13, 0, 4;
    %store/vec4 v0x14f6a1760_0, 0, 4;
    %jmp T_74.14;
T_74.13 ;
    %pushi/vec4 14, 0, 4;
    %store/vec4 v0x14f6a1760_0, 0, 4;
    %jmp T_74.14;
T_74.14 ;
    %pop/vec4 1;
    %jmp T_74;
    .thread T_74;
    .scope S_0x14f60ec30;
T_75 ;
    %wait E_0x14f60e350;
    %load/vec4 v0x14f6a1760_0;
    %dup/vec4;
    %pushi/vec4 0, 0, 4;
    %cmp/u;
    %jmp/1 T_75.0, 6;
    %dup/vec4;
    %pushi/vec4 1, 0, 4;
    %cmp/u;
    %jmp/1 T_75.1, 6;
    %dup/vec4;
    %pushi/vec4 2, 0, 4;
    %cmp/u;
    %jmp/1 T_75.2, 6;
    %dup/vec4;
    %pushi/vec4 3, 0, 4;
    %cmp/u;
    %jmp/1 T_75.3, 6;
    %dup/vec4;
    %pushi/vec4 4, 0, 4;
    %cmp/u;
    %jmp/1 T_75.4, 6;
    %dup/vec4;
    %pushi/vec4 5, 0, 4;
    %cmp/u;
    %jmp/1 T_75.5, 6;
    %dup/vec4;
    %pushi/vec4 6, 0, 4;
    %cmp/u;
    %jmp/1 T_75.6, 6;
    %dup/vec4;
    %pushi/vec4 7, 0, 4;
    %cmp/u;
    %jmp/1 T_75.7, 6;
    %dup/vec4;
    %pushi/vec4 8, 0, 4;
    %cmp/u;
    %jmp/1 T_75.8, 6;
    %dup/vec4;
    %pushi/vec4 9, 0, 4;
    %cmp/u;
    %jmp/1 T_75.9, 6;
    %dup/vec4;
    %pushi/vec4 10, 0, 4;
    %cmp/u;
    %jmp/1 T_75.10, 6;
    %dup/vec4;
    %pushi/vec4 11, 0, 4;
    %cmp/u;
    %jmp/1 T_75.11, 6;
    %dup/vec4;
    %pushi/vec4 12, 0, 4;
    %cmp/u;
    %jmp/1 T_75.12, 6;
    %dup/vec4;
    %pushi/vec4 13, 0, 4;
    %cmp/u;
    %jmp/1 T_75.13, 6;
    %dup/vec4;
    %pushi/vec4 14, 0, 4;
    %cmp/u;
    %jmp/1 T_75.14, 6;
    %jmp T_75.15;
T_75.0 ;
    %pushi/vec4 0, 0, 1;
    %assign/vec4 v0x14f6a16d0_0, 0;
    %pushi/vec4 0, 0, 1;
    %assign/vec4 v0x14f6a1d60_0, 0;
    %pushi/vec4 0, 0, 1;
    %assign/vec4 v0x14f6a12d0_0, 0;
    %pushi/vec4 0, 0, 1;
    %assign/vec4 v0x14f6a0e60_0, 0;
    %pushi/vec4 0, 0, 1;
    %assign/vec4 v0x14f6a1120_0, 0;
    %pushi/vec4 0, 0, 1;
    %assign/vec4 v0x14f6a1c20_0, 0;
    %pushi/vec4 0, 0, 1;
    %assign/vec4 v0x14f6a0b50_0, 0;
    %pushi/vec4 0, 0, 1;
    %assign/vec4 v0x14f6a1000_0, 0;
    %pushi/vec4 0, 0, 1;
    %assign/vec4 v0x14f6a1090_0, 0;
    %pushi/vec4 0, 0, 1;
    %assign/vec4 v0x14f6a0dd0_0, 0;
    %pushi/vec4 0, 0, 1;
    %assign/vec4 v0x14f6a11b0_0, 0;
    %pushi/vec4 0, 0, 1;
    %assign/vec4 v0x14f6a11b0_0, 0;
    %pushi/vec4 0, 0, 1;
    %assign/vec4 v0x14f6a1cc0_0, 0;
    %pushi/vec4 0, 0, 1;
    %assign/vec4 v0x14f6a1640_0, 0;
    %pushi/vec4 0, 0, 1;
    %assign/vec4 v0x14f6a1240_0, 0;
    %pushi/vec4 0, 0, 1;
    %assign/vec4 v0x14f6a0f70_0, 0;
    %pushi/vec4 0, 0, 1;
    %assign/vec4 v0x14f6a1b80_0, 0;
    %pushi/vec4 0, 0, 1;
    %assign/vec4 v0x14f6a1910_0, 0;
    %pushi/vec4 0, 0, 1;
    %assign/vec4 v0x14f6a1ae0_0, 0;
    %pushi/vec4 0, 0, 5;
    %assign/vec4 v0x14f6a1e00_0, 0;
    %pushi/vec4 0, 0, 1;
    %assign/vec4 v0x14f60dd10_0, 0;
    %pushi/vec4 0, 0, 1;
    %assign/vec4 v0x14f6a17f0_0, 0;
    %pushi/vec4 0, 0, 1;
    %assign/vec4 v0x14f6a1880_0, 0;
    %pushi/vec4 0, 0, 1;
    %assign/vec4 v0x14f6a15b0_0, 0;
    %pushi/vec4 0, 0, 1;
    %assign/vec4 v0x14f6a0be0_0, 0;
    %pushi/vec4 0, 0, 1;
    %assign/vec4 v0x14f6a0cb0_0, 0;
    %pushi/vec4 0, 0, 1;
    %assign/vec4 v0x14f6a0d40_0, 0;
    %pushi/vec4 0, 0, 1;
    %assign/vec4 v0x14f6a19a0_0, 0;
    %pushi/vec4 0, 0, 1;
    %assign/vec4 v0x14f6a1a40_0, 0;
    %pushi/vec4 0, 0, 1;
    %assign/vec4 v0x14f60dc80_0, 0;
    %pushi/vec4 0, 0, 16;
    %assign/vec4 v0x14f6a1420_0, 0;
    %pushi/vec4 0, 0, 16;
    %assign/vec4 v0x14f6a2090_0, 0;
    %pushi/vec4 0, 0, 32;
    %assign/vec4 v0x14f6a1370_0, 0;
    %pushi/vec4 0, 0, 32;
    %assign/vec4 v0x14f6a1520_0, 0;
    %jmp T_75.15;
T_75.1 ;
    %pushi/vec4 0, 0, 32;
    %assign/vec4 v0x14f6a1520_0, 0;
    %pushi/vec4 1, 0, 1;
    %assign/vec4 v0x14f6a15b0_0, 0;
    %pushi/vec4 1, 0, 1;
    %assign/vec4 v0x14f6a16d0_0, 0;
    %pushi/vec4 19, 0, 5;
    %assign/vec4 v0x14f6a1e00_0, 0;
    %delay 500, 0;
    %pushi/vec4 1, 0, 1;
    %assign/vec4 v0x14f6a1cc0_0, 0;
    %pushi/vec4 1, 0, 1;
    %assign/vec4 v0x14f6a11b0_0, 0;
    %delay 1000, 0;
    %pushi/vec4 0, 0, 1;
    %assign/vec4 v0x14f6a16d0_0, 0;
    %pushi/vec4 0, 0, 1;
    %assign/vec4 v0x14f6a15b0_0, 0;
    %delay 500, 0;
    %pushi/vec4 0, 0, 1;
    %assign/vec4 v0x14f6a1cc0_0, 0;
    %pushi/vec4 0, 0, 5;
    %assign/vec4 v0x14f6a1e00_0, 0;
    %pushi/vec4 0, 0, 1;
    %assign/vec4 v0x14f6a11b0_0, 0;
    %jmp T_75.15;
T_75.2 ;
    %pushi/vec4 1, 0, 1;
    %assign/vec4 v0x14f6a1910_0, 0;
    %pushi/vec4 1, 0, 1;
    %assign/vec4 v0x14f6a1d60_0, 0;
    %delay 500, 0;
    %pushi/vec4 1, 0, 1;
    %assign/vec4 v0x14f6a17f0_0, 0;
    %pushi/vec4 1, 0, 1;
    %assign/vec4 v0x14f6a1640_0, 0;
    %pushi/vec4 1, 0, 1;
    %assign/vec4 v0x14f6a1240_0, 0;
    %delay 500, 0;
    %delay 500, 0;
    %pushi/vec4 0, 0, 1;
    %assign/vec4 v0x14f6a1d60_0, 0;
    %pushi/vec4 0, 0, 1;
    %assign/vec4 v0x14f6a17f0_0, 0;
    %delay 500, 0;
    %pushi/vec4 0, 0, 1;
    %assign/vec4 v0x14f6a16d0_0, 0;
    %pushi/vec4 0, 0, 1;
    %assign/vec4 v0x14f6a1910_0, 0;
    %pushi/vec4 0, 0, 1;
    %assign/vec4 v0x14f6a1640_0, 0;
    %pushi/vec4 0, 0, 1;
    %assign/vec4 v0x14f6a1240_0, 0;
    %jmp T_75.15;
T_75.3 ;
    %pushi/vec4 1, 0, 1;
    %assign/vec4 v0x14f6a12d0_0, 0;
    %delay 500, 0;
    %pushi/vec4 1, 0, 1;
    %assign/vec4 v0x14f6a0f70_0, 0;
    %delay 1000, 0;
    %pushi/vec4 0, 0, 1;
    %assign/vec4 v0x14f6a12d0_0, 0;
    %delay 500, 0;
    %pushi/vec4 0, 0, 1;
    %assign/vec4 v0x14f6a0f70_0, 0;
    %jmp T_75.15;
T_75.4 ;
    %pushi/vec4 1, 0, 1;
    %assign/vec4 v0x14f6a0cb0_0, 0;
    %pushi/vec4 1, 0, 1;
    %assign/vec4 v0x14f60dc80_0, 0;
    %delay 500, 0;
    %pushi/vec4 1, 0, 1;
    %assign/vec4 v0x14f6a1b80_0, 0;
    %delay 500, 0;
    %pushi/vec4 0, 0, 1;
    %assign/vec4 v0x14f6a0cb0_0, 0;
    %delay 1000, 0;
    %pushi/vec4 0, 0, 1;
    %assign/vec4 v0x14f6a1b80_0, 0;
    %pushi/vec4 0, 0, 1;
    %assign/vec4 v0x14f60dc80_0, 0;
    %jmp T_75.15;
T_75.5 ;
    %pushi/vec4 1, 0, 1;
    %assign/vec4 v0x14f6a0b50_0, 0;
    %pushi/vec4 3, 0, 5;
    %assign/vec4 v0x14f6a1e00_0, 0;
    %delay 500, 0;
    %pushi/vec4 1, 0, 1;
    %assign/vec4 v0x14f6a1cc0_0, 0;
    %delay 1500, 0;
    %pushi/vec4 0, 0, 1;
    %assign/vec4 v0x14f6a1cc0_0, 0;
    %pushi/vec4 0, 0, 1;
    %assign/vec4 v0x14f6a0b50_0, 0;
    %jmp T_75.15;
T_75.6 ;
    %pushi/vec4 1, 0, 1;
    %assign/vec4 v0x14f6a1d60_0, 0;
    %delay 500, 0;
    %pushi/vec4 1, 0, 1;
    %assign/vec4 v0x14f6a19a0_0, 0;
    %pushi/vec4 1, 0, 1;
    %assign/vec4 v0x14f6a0be0_0, 0;
    %delay 1000, 0;
    %pushi/vec4 0, 0, 1;
    %assign/vec4 v0x14f6a1d60_0, 0;
    %delay 500, 0;
    %pushi/vec4 0, 0, 1;
    %assign/vec4 v0x14f6a19a0_0, 0;
    %pushi/vec4 0, 0, 1;
    %assign/vec4 v0x14f6a0be0_0, 0;
    %jmp T_75.15;
T_75.7 ;
    %pushi/vec4 1, 0, 1;
    %assign/vec4 v0x14f6a16d0_0, 0;
    %pushi/vec4 19, 0, 5;
    %assign/vec4 v0x14f6a1e00_0, 0;
    %pushi/vec4 1, 0, 1;
    %assign/vec4 v0x14f6a11b0_0, 0;
    %delay 500, 0;
    %pushi/vec4 1, 0, 1;
    %assign/vec4 v0x14f6a1cc0_0, 0;
    %pushi/vec4 1, 0, 1;
    %assign/vec4 v0x14f6a11b0_0, 0;
    %delay 1000, 0;
    %pushi/vec4 0, 0, 1;
    %assign/vec4 v0x14f6a16d0_0, 0;
    %delay 500, 0;
    %pushi/vec4 0, 0, 1;
    %assign/vec4 v0x14f6a11b0_0, 0;
    %pushi/vec4 0, 0, 1;
    %assign/vec4 v0x14f6a1cc0_0, 0;
    %pushi/vec4 0, 0, 5;
    %assign/vec4 v0x14f6a1e00_0, 0;
    %jmp T_75.15;
T_75.8 ;
    %pushi/vec4 1, 0, 1;
    %assign/vec4 v0x14f6a17f0_0, 0;
    %pushi/vec4 1, 0, 1;
    %assign/vec4 v0x14f6a1d60_0, 0;
    %delay 500, 0;
    %pushi/vec4 1, 0, 1;
    %assign/vec4 v0x14f6a1910_0, 0;
    %pushi/vec4 1, 0, 1;
    %assign/vec4 v0x14f6a1640_0, 0;
    %pushi/vec4 1, 0, 1;
    %assign/vec4 v0x14f6a1240_0, 0;
    %delay 500, 0;
    %delay 500, 0;
    %pushi/vec4 0, 0, 1;
    %assign/vec4 v0x14f6a1d60_0, 0;
    %pushi/vec4 0, 0, 1;
    %assign/vec4 v0x14f6a17f0_0, 0;
    %delay 500, 0;
    %pushi/vec4 0, 0, 1;
    %assign/vec4 v0x14f6a16d0_0, 0;
    %pushi/vec4 0, 0, 1;
    %assign/vec4 v0x14f6a1910_0, 0;
    %pushi/vec4 0, 0, 1;
    %assign/vec4 v0x14f6a1640_0, 0;
    %pushi/vec4 0, 0, 1;
    %assign/vec4 v0x14f6a1240_0, 0;
    %jmp T_75.15;
T_75.9 ;
    %pushi/vec4 1, 0, 1;
    %assign/vec4 v0x14f6a12d0_0, 0;
    %delay 500, 0;
    %pushi/vec4 1, 0, 1;
    %assign/vec4 v0x14f6a11b0_0, 0;
    %pushi/vec4 1, 0, 1;
    %assign/vec4 v0x14f6a0f70_0, 0;
    %delay 1000, 0;
    %pushi/vec4 0, 0, 1;
    %assign/vec4 v0x14f6a12d0_0, 0;
    %delay 500, 0;
    %pushi/vec4 0, 0, 1;
    %assign/vec4 v0x14f6a11b0_0, 0;
    %pushi/vec4 0, 0, 1;
    %assign/vec4 v0x14f6a0f70_0, 0;
    %jmp T_75.15;
T_75.10 ;
    %pushi/vec4 1, 0, 1;
    %assign/vec4 v0x14f6a0cb0_0, 0;
    %pushi/vec4 1, 0, 1;
    %assign/vec4 v0x14f60dc80_0, 0;
    %delay 500, 0;
    %pushi/vec4 1, 0, 1;
    %assign/vec4 v0x14f6a1b80_0, 0;
    %delay 500, 0;
    %pushi/vec4 0, 0, 1;
    %assign/vec4 v0x14f6a0cb0_0, 0;
    %delay 1000, 0;
    %pushi/vec4 0, 0, 1;
    %assign/vec4 v0x14f6a1b80_0, 0;
    %pushi/vec4 0, 0, 1;
    %assign/vec4 v0x14f60dc80_0, 0;
    %jmp T_75.15;
T_75.11 ;
    %pushi/vec4 1, 0, 1;
    %assign/vec4 v0x14f6a0b50_0, 0;
    %pushi/vec4 3, 0, 5;
    %assign/vec4 v0x14f6a1e00_0, 0;
    %delay 500, 0;
    %pushi/vec4 1, 0, 1;
    %assign/vec4 v0x14f6a1cc0_0, 0;
    %delay 1500, 0;
    %pushi/vec4 0, 0, 1;
    %assign/vec4 v0x14f6a0b50_0, 0;
    %pushi/vec4 0, 0, 1;
    %assign/vec4 v0x14f6a1cc0_0, 0;
    %jmp T_75.15;
T_75.12 ;
    %pushi/vec4 1, 0, 1;
    %assign/vec4 v0x14f6a1d60_0, 0;
    %delay 500, 0;
    %pushi/vec4 1, 0, 1;
    %assign/vec4 v0x14f6a19a0_0, 0;
    %pushi/vec4 1, 0, 1;
    %assign/vec4 v0x14f6a0be0_0, 0;
    %delay 1000, 0;
    %pushi/vec4 0, 0, 1;
    %assign/vec4 v0x14f6a1d60_0, 0;
    %delay 500, 0;
    %pushi/vec4 0, 0, 1;
    %assign/vec4 v0x14f6a19a0_0, 0;
    %pushi/vec4 0, 0, 1;
    %assign/vec4 v0x14f6a0be0_0, 0;
    %jmp T_75.15;
T_75.13 ;
    %jmp T_75.15;
T_75.14 ;
    %jmp T_75.15;
T_75.15 ;
    %pop/vec4 1;
    %jmp T_75;
    .thread T_75, $push;
    .scope S_0x14f60ec30;
T_76 ;
    %vpi_call 2 183 "$dumpfile", "ldi_tb.vcd" {0 0 0};
    %vpi_call 2 184 "$dumpvars" {0 0 0};
    %end;
    .thread T_76;
    .scope S_0x14f60ec30;
T_77 ;
    %delay 50000, 0;
    %vpi_call 2 190 "$display", "Simulation complete." {0 0 0};
    %vpi_call 2 191 "$finish" {0 0 0};
    %end;
    .thread T_77;
# The file index is used to find the file name in the following table.
:file_names 31;
    "N/A";
    "<interactive>";
    "ldi_tb.v";
    "DataPath.v";
    "control_unit.v";
    "ALU.v";
    "collective_add.v";
    "adder.v";
    "and_op.v";
    "non_restore_div.v";
    "boothMul.v";
    "neg.v";
    "not_op.v";
    "or_op.v";
    "rol.v";
    "ror.v";
    "shl.v";
    "shr.v";
    "shra.v";
    "subtract.v";
    "Bus.v";
    "conFF.v";
    "register.v";
    "In_port.v";
    "MAR.v";
    "MDR.v";
    "Out_port.v";
    "PC.v";
    "RAM.v";
    "R0.v";
    "Select_Encode.v";
