#! /opt/homebrew/Cellar/icarus-verilog/12.0/bin/vvp
:ivl_version "12.0 (stable)";
:ivl_delay_selection "TYPICAL";
:vpi_time_precision - 11;
:vpi_module "/opt/homebrew/Cellar/icarus-verilog/12.0/lib/ivl/system.vpi";
:vpi_module "/opt/homebrew/Cellar/icarus-verilog/12.0/lib/ivl/vhdl_sys.vpi";
:vpi_module "/opt/homebrew/Cellar/icarus-verilog/12.0/lib/ivl/vhdl_textio.vpi";
:vpi_module "/opt/homebrew/Cellar/icarus-verilog/12.0/lib/ivl/v2005_math.vpi";
:vpi_module "/opt/homebrew/Cellar/icarus-verilog/12.0/lib/ivl/va_math.vpi";
S_0x1516067e0 .scope module, "mfhi_tb" "mfhi_tb" 2 2;
 .timescale -9 -11;
P_0x15160a060 .param/l "Default" 0 2 15, C4<0000>;
P_0x15160a0a0 .param/l "Reg_load1a" 0 2 15, C4<0001>;
P_0x15160a0e0 .param/l "Reg_load1b" 0 2 15, C4<0010>;
P_0x15160a120 .param/l "Reg_load1c" 0 2 15, C4<0011>;
P_0x15160a160 .param/l "Reg_load1d" 0 2 16, C4<0100>;
P_0x15160a1a0 .param/l "T0" 0 2 16, C4<1001>;
P_0x15160a1e0 .param/l "T1" 0 2 16, C4<1010>;
P_0x15160a220 .param/l "T2" 0 2 16, C4<1011>;
P_0x15160a260 .param/l "T3" 0 2 16, C4<1100>;
v0x15160cdd0_0 .var "BAout", 0 0;
v0x151695240_0 .var "Clear", 0 0;
v0x1516952d0_0 .var "Clock", 0 0;
v0x151695360_0 .var "Cout", 0 0;
v0x1516953f0_0 .var "Gra", 0 0;
v0x1516954c0_0 .var "Grb", 0 0;
v0x151695550_0 .var "Grc", 0 0;
v0x151695620_0 .var "HIin", 0 0;
v0x1516956f0_0 .var "HIout", 0 0;
v0x151695800_0 .var "IRin", 0 0;
v0x1516958d0_0 .var "In_Port_out", 0 0;
v0x1516959a0_0 .var "LOin", 0 0;
v0x151695a30_0 .var "LOout", 0 0;
v0x151695b00_0 .var "MARin", 0 0;
v0x151695bd0_0 .var "MDRin", 0 0;
v0x151695ca0_0 .var "MDRout", 0 0;
v0x151695d70_0 .var "Mdatain", 31 0;
v0x151695f40_0 .var "PC", 31 0;
v0x151695fd0_0 .var "PC_tb_enable", 0 0;
v0x151696060_0 .var "PCin", 0 0;
v0x151696130_0 .var "PCout", 0 0;
v0x151696200_0 .var "Present_state", 3 0;
v0x151696290_0 .var "RAM_read", 0 0;
v0x151696360_0 .var "RAM_write", 0 0;
v0x151696430_0 .var "Read", 0 0;
v0x151696500_0 .var "Rin", 0 0;
v0x1516965d0_0 .var "Rout", 0 0;
v0x1516966a0_0 .var "Write", 0 0;
v0x151696730_0 .var "Yin", 0 0;
v0x1516967c0_0 .var "Z_high_out", 0 0;
v0x151696890_0 .var "Zin", 0 0;
v0x151696920_0 .var "Zlowout", 0 0;
v0x1516969f0_0 .var "control", 4 0;
v0x151695e40_0 .var "in_enable", 15 0;
v0x151696c80_0 .var "out_enable", 15 0;
E_0x15160e8a0 .event anyedge, v0x151696200_0;
S_0x15160a2a0 .scope module, "DUT" "DataPath" 2 19, 3 1 0, S_0x1516067e0;
 .timescale -9 -11;
    .port_info 0 /INPUT 1 "Clock";
    .port_info 1 /INPUT 1 "Clear";
    .port_info 2 /INPUT 1 "Zin";
    .port_info 3 /INPUT 1 "PCin";
    .port_info 4 /INPUT 1 "MDRin";
    .port_info 5 /INPUT 1 "IRin";
    .port_info 6 /INPUT 1 "Yin";
    .port_info 7 /INPUT 1 "MARin";
    .port_info 8 /INPUT 1 "LOin";
    .port_info 9 /INPUT 1 "HIin";
    .port_info 10 /INPUT 1 "Read";
    .port_info 11 /INPUT 16 "in_enable";
    .port_info 12 /INPUT 16 "out_enable";
    .port_info 13 /INPUT 32 "Mdatain";
    .port_info 14 /INPUT 5 "control";
    .port_info 15 /INPUT 1 "PCout";
    .port_info 16 /INPUT 1 "MDRout";
    .port_info 17 /INPUT 1 "HIout";
    .port_info 18 /INPUT 1 "LOout";
    .port_info 19 /INPUT 1 "Z_high_out";
    .port_info 20 /INPUT 1 "Z_low_out";
    .port_info 21 /INPUT 1 "In_Port_out";
    .port_info 22 /INPUT 1 "Cout";
    .port_info 23 /INPUT 1 "RAM_read";
    .port_info 24 /INPUT 1 "RAM_write";
    .port_info 25 /INPUT 1 "Gra";
    .port_info 26 /INPUT 1 "Grb";
    .port_info 27 /INPUT 1 "Grc";
    .port_info 28 /INPUT 1 "Rin";
    .port_info 29 /INPUT 1 "Rout";
    .port_info 30 /INPUT 1 "BAout";
    .port_info 31 /INPUT 1 "PC_tb_enable";
    .port_info 32 /INPUT 32 "PC_tb_value";
P_0x15160a410 .param/l "DATA_WIDTH" 0 3 1, +C4<00000000000000000000000000100000>;
v0x151692230_0 .net "ALU_result", 63 0, v0x15167d830_0;  1 drivers
v0x151692300_0 .net "BAout", 0 0, v0x15160cdd0_0;  1 drivers
v0x1516923d0_0 .net "BusMuxIn_MDR", 31 0, v0x151684150_0;  1 drivers
v0x151692460_0 .net "BusMuxOut", 31 0, v0x151680f30_0;  1 drivers
v0x1516924f0_0 .net "C_sign_extended", 31 0, v0x1516901c0_0;  1 drivers
v0x151692600_0 .net "Clear", 0 0, v0x151695240_0;  1 drivers
v0x151692690_0 .net "Clock", 0 0, v0x1516952d0_0;  1 drivers
v0x151692720_0 .net "Cout", 0 0, v0x151695360_0;  1 drivers
v0x1516927f0_0 .net "Data", 31 0, v0x151685620_0;  1 drivers
v0x151692900_0 .net "Gra", 0 0, v0x1516953f0_0;  1 drivers
v0x151692990_0 .net "Grb", 0 0, v0x1516954c0_0;  1 drivers
v0x151692a20_0 .net "Grc", 0 0, v0x151695550_0;  1 drivers
v0x151692ab0_0 .net "HI", 31 0, L_0x1516987a0;  1 drivers
v0x151692b80_0 .net "HIin", 0 0, v0x151695620_0;  1 drivers
v0x151692c10_0 .net "HIout", 0 0, v0x1516956f0_0;  1 drivers
v0x151692ca0_0 .net "IR", 31 0, L_0x151698400;  1 drivers
v0x151692d70_0 .net "IRin", 0 0, v0x151695800_0;  1 drivers
v0x151692f00_0 .net "In_Port", 31 0, L_0x151698880;  1 drivers
v0x151692f90_0 .net "In_Port_out", 0 0, v0x1516958d0_0;  1 drivers
v0x151693020_0 .net "LO", 31 0, L_0x151698810;  1 drivers
v0x1516930b0_0 .net "LOin", 0 0, v0x1516959a0_0;  1 drivers
v0x151693140_0 .net "LOout", 0 0, v0x151695a30_0;  1 drivers
v0x1516931f0_0 .net "MAR_address_out", 8 0, L_0x1516fde20;  1 drivers
v0x1516932c0_0 .net "MARin", 0 0, v0x151695b00_0;  1 drivers
v0x151693350_0 .net "MDRin", 0 0, v0x151695bd0_0;  1 drivers
v0x151693400_0 .net "MDRout", 0 0, v0x151695ca0_0;  1 drivers
v0x1516934b0_0 .net "Mdatain", 31 0, v0x151695d70_0;  1 drivers
v0x151693560_0 .net "PC", 31 0, L_0x151698360;  1 drivers
v0x151693630_0 .net "PC_tb_enable", 0 0, v0x151695fd0_0;  1 drivers
v0x1516936c0_0 .net "PC_tb_value", 31 0, v0x151695f40_0;  1 drivers
v0x151693770_0 .net "PCin", 0 0, v0x151696060_0;  1 drivers
v0x151693820_0 .net "PCout", 0 0, v0x151696130_0;  1 drivers
v0x1516938d0_0 .net "R0", 31 0, L_0x151696d10;  1 drivers
v0x151692e40_0 .net "R1", 31 0, L_0x151696f10;  1 drivers
v0x151693ba0_0 .net "R10", 31 0, L_0x151697a20;  1 drivers
v0x151693c70_0 .net "R11", 31 0, L_0x151697bb0;  1 drivers
v0x151693d40_0 .net "R12", 31 0, L_0x151697ce0;  1 drivers
v0x151693e10_0 .net "R13", 31 0, L_0x151697e80;  1 drivers
v0x151693ee0_0 .net "R14", 31 0, L_0x151697fb0;  1 drivers
v0x151693fb0_0 .net "R15", 31 0, L_0x151697e10;  1 drivers
v0x151694080_0 .net "R2", 31 0, L_0x151697020;  1 drivers
v0x151694150_0 .net "R3", 31 0, L_0x1516971b0;  1 drivers
v0x151694220_0 .net "R4", 31 0, L_0x1516972c0;  1 drivers
v0x1516942f0_0 .net "R5", 31 0, L_0x1516973d0;  1 drivers
v0x1516943c0_0 .net "R6", 31 0, L_0x1516974e0;  1 drivers
v0x151694490_0 .net "R7", 31 0, L_0x1516976f0;  1 drivers
v0x151694560_0 .net "R8", 31 0, L_0x151697130;  1 drivers
v0x151694630_0 .net "R9", 31 0, L_0x1516978f0;  1 drivers
v0x151694700_0 .net "RAM_read", 0 0, v0x151696290_0;  1 drivers
v0x151694790_0 .net "RAM_write", 0 0, v0x151696360_0;  1 drivers
v0x151694820_0 .net "Read", 0 0, v0x151696430_0;  1 drivers
v0x1516948b0_0 .net "Rin", 0 0, v0x151696500_0;  1 drivers
v0x151694940_0 .net "Rout", 0 0, v0x1516965d0_0;  1 drivers
v0x1516949d0_0 .net "Y", 31 0, v0x151691170_0;  1 drivers
v0x151694a60_0 .net "Yin", 0 0, v0x151696730_0;  1 drivers
v0x151694b30_0 .net "Z_high", 31 0, L_0x151698690;  1 drivers
v0x151694c00_0 .net "Z_high_out", 0 0, v0x1516967c0_0;  1 drivers
v0x151694c90_0 .net "Z_low", 31 0, L_0x151698470;  1 drivers
v0x151694d60_0 .net "Z_low_out", 0 0, v0x151696920_0;  1 drivers
v0x151694df0_0 .net "Zin", 0 0, v0x151696890_0;  1 drivers
v0x151694ec0_0 .net "control", 4 0, v0x1516969f0_0;  1 drivers
v0x151694f50_0 .net "in_enable", 15 0, v0x1516905f0_0;  1 drivers
v0x151694fe0_0 .net "out_enable", 15 0, v0x1516907a0_0;  1 drivers
L_0x151696e30 .part v0x1516905f0_0, 0, 1;
L_0x151696f80 .part v0x1516905f0_0, 1, 1;
L_0x151697090 .part v0x1516905f0_0, 2, 1;
L_0x151697220 .part v0x1516905f0_0, 3, 1;
L_0x151697330 .part v0x1516905f0_0, 4, 1;
L_0x151697440 .part v0x1516905f0_0, 5, 1;
L_0x151697550 .part v0x1516905f0_0, 6, 1;
L_0x151697760 .part v0x1516905f0_0, 7, 1;
L_0x151697800 .part v0x1516905f0_0, 8, 1;
L_0x151697980 .part v0x1516905f0_0, 9, 1;
L_0x151697a90 .part v0x1516905f0_0, 10, 1;
L_0x151697c40 .part v0x1516905f0_0, 11, 1;
L_0x151697d50 .part v0x1516905f0_0, 12, 1;
L_0x151697f10 .part v0x1516905f0_0, 13, 1;
L_0x151698020 .part v0x1516905f0_0, 14, 1;
L_0x1516982c0 .part v0x1516905f0_0, 15, 1;
L_0x151698500 .part v0x15167d830_0, 0, 32;
L_0x151698700 .part v0x15167d830_0, 32, 32;
L_0x1516fdf30 .part v0x1516907a0_0, 0, 1;
L_0x1516fe0b0 .part v0x1516907a0_0, 1, 1;
L_0x1516fe150 .part v0x1516907a0_0, 2, 1;
L_0x1516fe010 .part v0x1516907a0_0, 3, 1;
L_0x1516fe2a0 .part v0x1516907a0_0, 4, 1;
L_0x1516fe400 .part v0x1516907a0_0, 5, 1;
L_0x1516fe1f0 .part v0x1516907a0_0, 6, 1;
L_0x1516fe670 .part v0x1516907a0_0, 7, 1;
L_0x1516fe340 .part v0x1516907a0_0, 8, 1;
L_0x1516fe7f0 .part v0x1516907a0_0, 9, 1;
L_0x1516fe5a0 .part v0x1516907a0_0, 10, 1;
L_0x1516fe980 .part v0x1516907a0_0, 11, 1;
L_0x1516fe710 .part v0x1516907a0_0, 12, 1;
L_0x1516feb20 .part v0x1516907a0_0, 13, 1;
L_0x1516fe890 .part v0x1516907a0_0, 14, 1;
L_0x1516fea20 .part v0x1516907a0_0, 15, 1;
S_0x151615a20 .scope module, "alu" "ALU" 3 240, 4 1 0, S_0x15160a2a0;
 .timescale -9 -11;
    .port_info 0 /INPUT 32 "a";
    .port_info 1 /INPUT 32 "b";
    .port_info 2 /INPUT 5 "control";
    .port_info 3 /OUTPUT 64 "Z_reg";
P_0x151615600 .param/l "DATA_WIDTH" 0 4 1, +C4<00000000000000000000000000100000>;
v0x15167d830_0 .var "Z_reg", 63 0;
v0x15167d8f0_0 .net "a", 31 0, v0x151691170_0;  alias, 1 drivers
v0x15167d990_0 .net "add_result", 31 0, L_0x1516b9d80;  1 drivers
v0x15167da40_0 .net "and_result", 31 0, L_0x1516fc9b0;  1 drivers
v0x15167daf0_0 .net "b", 31 0, v0x151680f30_0;  alias, 1 drivers
v0x15167dbc0_0 .net "control", 4 0, v0x1516969f0_0;  alias, 1 drivers
RS_0x14800f270 .resolv tri, L_0x1516b9300, L_0x1516da770, L_0x1516fbde0;
v0x15167dc60_0 .net8 "cout", 0 0, RS_0x14800f270;  3 drivers
v0x15167dcf0_0 .net "div_result", 63 0, v0x1516414b0_0;  1 drivers
v0x15167dd90_0 .net "mul_result", 63 0, v0x151642510_0;  1 drivers
v0x15167dec0_0 .net "neg_result", 31 0, L_0x1516fdc30;  1 drivers
v0x15167df50_0 .net "not_result", 31 0, L_0x1516fdd70;  1 drivers
v0x15167dfe0_0 .net "or_result", 31 0, L_0x1516fca60;  1 drivers
v0x15167e090_0 .net "pc_result", 31 0, L_0x1516db1f0;  1 drivers
v0x15167e140_0 .var "result", 31 0;
v0x15167e1e0_0 .net "rol_result", 31 0, L_0x1516fdb00;  1 drivers
v0x15167e2a0_0 .net "ror_result", 31 0, L_0x1516fd5f0;  1 drivers
v0x15167e350_0 .net "shl_result", 31 0, L_0x1516fd150;  1 drivers
v0x15167e500_0 .net "shr_result", 31 0, L_0x1516fcd10;  1 drivers
v0x15167e590_0 .net "shra_result", 31 0, L_0x1516fced0;  1 drivers
v0x15167e620_0 .net "sub_result", 31 0, L_0x1516fc8e0;  1 drivers
E_0x15160ca40 .event anyedge, v0x15167e140_0;
E_0x15160ca80/0 .event anyedge, v0x15167dbc0_0, v0x151640950_0, v0x15167d210_0, v0x151640ed0_0;
E_0x15160ca80/1 .event anyedge, v0x1516435b0_0, v0x151660270_0, v0x15165fa80_0, v0x151660dc0_0;
E_0x15160ca80/2 .event anyedge, v0x151661350_0, v0x151660830_0, v0x1516414b0_0, v0x151642510_0;
E_0x15160ca80/3 .event anyedge, v0x151642c50_0, v0x1516430c0_0, v0x15165f0a0_0;
E_0x15160ca80 .event/or E_0x15160ca80/0, E_0x15160ca80/1, E_0x15160ca80/2, E_0x15160ca80/3;
S_0x151615b90 .scope module, "ADD" "collective_add" 4 18, 5 22 0, S_0x151615a20;
 .timescale -9 -11;
    .port_info 0 /INPUT 32 "d1";
    .port_info 1 /INPUT 32 "d2";
    .port_info 2 /INPUT 1 "cin";
    .port_info 3 /OUTPUT 32 "sum";
    .port_info 4 /OUTPUT 1 "cout";
P_0x15160cb10 .param/l "DATA_WIDTH" 0 5 22, +C4<00000000000000000000000000100000>;
v0x151640570_0 .net "c1", 0 0, L_0x1516a8960;  1 drivers
L_0x148040058 .functor BUFT 1, C4<0>, C4<0>, C4<0>, C4<0>;
v0x151640690_0 .net "cin", 0 0, L_0x148040058;  1 drivers
v0x151640720_0 .net8 "cout", 0 0, RS_0x14800f270;  alias, 3 drivers
v0x1516407f0_0 .net "d1", 31 0, v0x151691170_0;  alias, 1 drivers
v0x151640880_0 .net "d2", 31 0, v0x151680f30_0;  alias, 1 drivers
v0x151640950_0 .net "sum", 31 0, L_0x1516b9d80;  alias, 1 drivers
L_0x1516a92a0 .part v0x151691170_0, 0, 16;
L_0x1516a9340 .part v0x151680f30_0, 0, 16;
L_0x1516b9c40 .part v0x151691170_0, 16, 16;
L_0x1516b9ce0 .part v0x151680f30_0, 16, 16;
L_0x1516b9d80 .concat8 [ 16 16 0 0], L_0x1516a90f0, L_0x1516b9a90;
S_0x151615d00 .scope module, "n1" "cla16" 5 32, 5 4 0, S_0x151615b90;
 .timescale -9 -11;
    .port_info 0 /INPUT 16 "d1";
    .port_info 1 /INPUT 16 "d2";
    .port_info 2 /INPUT 1 "cin";
    .port_info 3 /OUTPUT 16 "sum";
    .port_info 4 /OUTPUT 1 "cout";
P_0x15160bf10 .param/l "DATA_WIDTH" 0 5 4, +C4<00000000000000000000000000100000>;
v0x1516325e0_0 .net "c1", 0 0, L_0x15169c490;  1 drivers
v0x1516326c0_0 .net "c2", 0 0, L_0x1516a0620;  1 drivers
v0x151632790_0 .net "c3", 0 0, L_0x1516a47e0;  1 drivers
v0x151632860_0 .net "cin", 0 0, L_0x148040058;  alias, 1 drivers
v0x1516328f0_0 .net "cout", 0 0, L_0x1516a8960;  alias, 1 drivers
v0x1516329c0_0 .net "d1", 15 0, L_0x1516a92a0;  1 drivers
v0x151632a50_0 .net "d2", 15 0, L_0x1516a9340;  1 drivers
v0x151632ae0_0 .net "sum", 15 0, L_0x1516a90f0;  1 drivers
L_0x15169ca60 .part L_0x1516a92a0, 0, 4;
L_0x15169cb00 .part L_0x1516a9340, 0, 4;
L_0x1516a0bf0 .part L_0x1516a92a0, 4, 4;
L_0x1516a0c90 .part L_0x1516a9340, 4, 4;
L_0x1516a4db0 .part L_0x1516a92a0, 8, 4;
L_0x1516a4e50 .part L_0x1516a9340, 8, 4;
L_0x1516a8f30 .part L_0x1516a92a0, 12, 4;
L_0x1516a8fd0 .part L_0x1516a9340, 12, 4;
L_0x1516a90f0 .concat8 [ 4 4 4 4], L_0x15169c690, L_0x1516a0820, L_0x1516a49e0, L_0x1516a8b60;
S_0x151615e70 .scope module, "n1" "cla_4" 5 14, 6 3 0, S_0x151615d00;
 .timescale -9 -11;
    .port_info 0 /INPUT 4 "a";
    .port_info 1 /INPUT 4 "b";
    .port_info 2 /INPUT 1 "cin";
    .port_info 3 /OUTPUT 4 "sum";
    .port_info 4 /OUTPUT 1 "cout";
L_0x1516989a0 .functor XOR 4, L_0x15169ca60, L_0x15169cb00, C4<0000>, C4<0000>;
L_0x151698a90 .functor AND 4, L_0x15169ca60, L_0x15169cb00, C4<1111>, C4<1111>;
L_0x151698bc0 .functor BUFZ 1, L_0x148040058, C4<0>, C4<0>, C4<0>;
L_0x151698ef0 .functor AND 1, L_0x151698d30, L_0x151698e10, C4<1>, C4<1>;
L_0x151699020 .functor OR 1, L_0x151698c30, L_0x151698ef0, C4<0>, C4<0>;
L_0x1516993d0 .functor AND 1, L_0x1516991e0, L_0x1516992b0, C4<1>, C4<1>;
L_0x1516994a0 .functor OR 1, L_0x151699140, L_0x1516993d0, C4<0>, C4<0>;
L_0x151699790 .functor AND 1, L_0x1516995d0, L_0x1516996f0, C4<1>, C4<1>;
L_0x1516999b0 .functor AND 1, L_0x151699790, L_0x151699880, C4<1>, C4<1>;
L_0x151699ab0 .functor OR 1, L_0x1516994a0, L_0x1516999b0, C4<0>, C4<0>;
L_0x151699fa0 .functor AND 1, L_0x151699df0, L_0x151699e90, C4<1>, C4<1>;
L_0x15169a0b0 .functor OR 1, L_0x151699cf0, L_0x151699fa0, C4<0>, C4<0>;
L_0x151699f30 .functor AND 1, L_0x15169a160, L_0x15169a200, C4<1>, C4<1>;
L_0x15169a530 .functor AND 1, L_0x151699f30, L_0x15169a490, C4<1>, C4<1>;
L_0x15169a5e0 .functor OR 1, L_0x15169a0b0, L_0x15169a530, C4<0>, C4<0>;
L_0x15169a420 .functor AND 1, L_0x15169a750, L_0x15169a880, C4<1>, C4<1>;
L_0x15169aaa0 .functor AND 1, L_0x15169a420, L_0x15169a960, C4<1>, C4<1>;
L_0x15169ac60 .functor AND 1, L_0x15169aaa0, L_0x15169abc0, C4<1>, C4<1>;
L_0x15169ad30 .functor OR 1, L_0x15169a5e0, L_0x15169ac60, C4<0>, C4<0>;
L_0x151699350 .functor AND 1, L_0x15169aa00, L_0x15169b0a0, C4<1>, C4<1>;
L_0x15169b240 .functor OR 1, L_0x15169af00, L_0x151699350, C4<0>, C4<0>;
L_0x15169b550 .functor AND 1, L_0x15169ae60, L_0x15169b3e0, C4<1>, C4<1>;
L_0x15169b680 .functor AND 1, L_0x15169b550, L_0x15169b5e0, C4<1>, C4<1>;
L_0x15169b830 .functor OR 1, L_0x15169b240, L_0x15169b680, C4<0>, C4<0>;
L_0x15169b480 .functor AND 1, L_0x15169b8a0, L_0x15169ba20, C4<1>, C4<1>;
L_0x15169b770 .functor AND 1, L_0x15169b480, L_0x15169a2e0, C4<1>, C4<1>;
L_0x15169be80 .functor AND 1, L_0x15169b770, L_0x15169b940, C4<1>, C4<1>;
L_0x15169c050 .functor OR 1, L_0x15169b830, L_0x15169be80, C4<0>, C4<0>;
L_0x15169bd40 .functor AND 1, L_0x15169c0c0, L_0x15169c260, C4<1>, C4<1>;
L_0x15169bf70 .functor AND 1, L_0x15169bd40, L_0x15169c3f0, C4<1>, C4<1>;
L_0x15169c5a0 .functor AND 1, L_0x15169bf70, L_0x15169c1a0, C4<1>, C4<1>;
L_0x15169c300 .functor AND 1, L_0x15169c5a0, L_0x15169c790, C4<1>, C4<1>;
L_0x15169c490 .functor OR 1, L_0x15169c050, L_0x15169c300, C4<0>, C4<0>;
L_0x15169c690 .functor XOR 4, L_0x1516989a0, L_0x151699b60, C4<0000>, C4<0000>;
v0x15160b830_0 .net "G", 3 0, L_0x151698a90;  1 drivers
v0x151625850_0 .net "P", 3 0, L_0x1516989a0;  1 drivers
v0x151625900_0 .net *"_ivl_102", 0 0, L_0x15169b5e0;  1 drivers
v0x1516259c0_0 .net *"_ivl_103", 0 0, L_0x15169b680;  1 drivers
v0x151625a70_0 .net *"_ivl_105", 0 0, L_0x15169b830;  1 drivers
v0x151625b60_0 .net *"_ivl_108", 0 0, L_0x15169b8a0;  1 drivers
v0x151625c10_0 .net *"_ivl_11", 0 0, L_0x151698c30;  1 drivers
v0x151625cc0_0 .net *"_ivl_110", 0 0, L_0x15169ba20;  1 drivers
v0x151625d70_0 .net *"_ivl_111", 0 0, L_0x15169b480;  1 drivers
v0x151625e80_0 .net *"_ivl_114", 0 0, L_0x15169a2e0;  1 drivers
v0x151625f30_0 .net *"_ivl_115", 0 0, L_0x15169b770;  1 drivers
v0x151625fe0_0 .net *"_ivl_118", 0 0, L_0x15169b940;  1 drivers
v0x151626090_0 .net *"_ivl_119", 0 0, L_0x15169be80;  1 drivers
v0x151626140_0 .net *"_ivl_121", 0 0, L_0x15169c050;  1 drivers
v0x1516261f0_0 .net *"_ivl_124", 0 0, L_0x15169c0c0;  1 drivers
v0x1516262a0_0 .net *"_ivl_126", 0 0, L_0x15169c260;  1 drivers
v0x151626350_0 .net *"_ivl_127", 0 0, L_0x15169bd40;  1 drivers
v0x1516264e0_0 .net *"_ivl_13", 0 0, L_0x151698d30;  1 drivers
v0x151626570_0 .net *"_ivl_130", 0 0, L_0x15169c3f0;  1 drivers
v0x151626620_0 .net *"_ivl_131", 0 0, L_0x15169bf70;  1 drivers
v0x1516266d0_0 .net *"_ivl_134", 0 0, L_0x15169c1a0;  1 drivers
v0x151626780_0 .net *"_ivl_135", 0 0, L_0x15169c5a0;  1 drivers
v0x151626830_0 .net *"_ivl_138", 0 0, L_0x15169c790;  1 drivers
v0x1516268e0_0 .net *"_ivl_139", 0 0, L_0x15169c300;  1 drivers
v0x151626990_0 .net *"_ivl_15", 0 0, L_0x151698e10;  1 drivers
v0x151626a40_0 .net *"_ivl_16", 0 0, L_0x151698ef0;  1 drivers
v0x151626af0_0 .net *"_ivl_18", 0 0, L_0x151699020;  1 drivers
v0x151626ba0_0 .net *"_ivl_23", 0 0, L_0x151699140;  1 drivers
v0x151626c50_0 .net *"_ivl_25", 0 0, L_0x1516991e0;  1 drivers
v0x151626d00_0 .net *"_ivl_27", 0 0, L_0x1516992b0;  1 drivers
v0x151626db0_0 .net *"_ivl_28", 0 0, L_0x1516993d0;  1 drivers
v0x151626e60_0 .net *"_ivl_30", 0 0, L_0x1516994a0;  1 drivers
v0x151626f10_0 .net *"_ivl_33", 0 0, L_0x1516995d0;  1 drivers
v0x151626400_0 .net *"_ivl_35", 0 0, L_0x1516996f0;  1 drivers
v0x1516271a0_0 .net *"_ivl_36", 0 0, L_0x151699790;  1 drivers
v0x151627230_0 .net *"_ivl_39", 0 0, L_0x151699880;  1 drivers
v0x1516272d0_0 .net *"_ivl_40", 0 0, L_0x1516999b0;  1 drivers
v0x151627380_0 .net *"_ivl_42", 0 0, L_0x151699ab0;  1 drivers
v0x151627430_0 .net *"_ivl_48", 0 0, L_0x151699cf0;  1 drivers
v0x1516274e0_0 .net *"_ivl_50", 0 0, L_0x151699df0;  1 drivers
v0x151627590_0 .net *"_ivl_52", 0 0, L_0x151699e90;  1 drivers
v0x151627640_0 .net *"_ivl_53", 0 0, L_0x151699fa0;  1 drivers
v0x1516276f0_0 .net *"_ivl_55", 0 0, L_0x15169a0b0;  1 drivers
v0x1516277a0_0 .net *"_ivl_58", 0 0, L_0x15169a160;  1 drivers
v0x151627850_0 .net *"_ivl_60", 0 0, L_0x15169a200;  1 drivers
v0x151627900_0 .net *"_ivl_61", 0 0, L_0x151699f30;  1 drivers
v0x1516279b0_0 .net *"_ivl_64", 0 0, L_0x15169a490;  1 drivers
v0x151627a60_0 .net *"_ivl_65", 0 0, L_0x15169a530;  1 drivers
v0x151627b10_0 .net *"_ivl_67", 0 0, L_0x15169a5e0;  1 drivers
v0x151627bc0_0 .net *"_ivl_7", 0 0, L_0x151698bc0;  1 drivers
v0x151627c70_0 .net *"_ivl_70", 0 0, L_0x15169a750;  1 drivers
v0x151627d20_0 .net *"_ivl_72", 0 0, L_0x15169a880;  1 drivers
v0x151627dd0_0 .net *"_ivl_73", 0 0, L_0x15169a420;  1 drivers
v0x151627e80_0 .net *"_ivl_76", 0 0, L_0x15169a960;  1 drivers
v0x151627f30_0 .net *"_ivl_77", 0 0, L_0x15169aaa0;  1 drivers
v0x151627fe0_0 .net *"_ivl_80", 0 0, L_0x15169abc0;  1 drivers
v0x151628090_0 .net *"_ivl_81", 0 0, L_0x15169ac60;  1 drivers
v0x151628140_0 .net *"_ivl_83", 0 0, L_0x15169ad30;  1 drivers
v0x1516281f0_0 .net *"_ivl_86", 0 0, L_0x15169af00;  1 drivers
v0x1516282a0_0 .net *"_ivl_88", 0 0, L_0x15169aa00;  1 drivers
v0x151628350_0 .net *"_ivl_90", 0 0, L_0x15169b0a0;  1 drivers
v0x151628400_0 .net *"_ivl_91", 0 0, L_0x151699350;  1 drivers
v0x1516284b0_0 .net *"_ivl_93", 0 0, L_0x15169b240;  1 drivers
v0x151628560_0 .net *"_ivl_96", 0 0, L_0x15169ae60;  1 drivers
v0x151628610_0 .net *"_ivl_98", 0 0, L_0x15169b3e0;  1 drivers
v0x151626fc0_0 .net *"_ivl_99", 0 0, L_0x15169b550;  1 drivers
v0x151627070_0 .net "a", 3 0, L_0x15169ca60;  1 drivers
v0x1516286a0_0 .net "b", 3 0, L_0x15169cb00;  1 drivers
v0x151628730_0 .net "c", 3 0, L_0x151699b60;  1 drivers
v0x1516287c0_0 .net "cin", 0 0, L_0x148040058;  alias, 1 drivers
v0x151628850_0 .net "cout", 0 0, L_0x15169c490;  alias, 1 drivers
v0x1516288e0_0 .net "sum", 3 0, L_0x15169c690;  1 drivers
L_0x151698c30 .part L_0x151698a90, 0, 1;
L_0x151698d30 .part L_0x1516989a0, 0, 1;
L_0x151698e10 .part L_0x151699b60, 0, 1;
L_0x151699140 .part L_0x151698a90, 1, 1;
L_0x1516991e0 .part L_0x1516989a0, 1, 1;
L_0x1516992b0 .part L_0x151698a90, 0, 1;
L_0x1516995d0 .part L_0x1516989a0, 1, 1;
L_0x1516996f0 .part L_0x1516989a0, 0, 1;
L_0x151699880 .part L_0x151699b60, 0, 1;
L_0x151699b60 .concat8 [ 1 1 1 1], L_0x151698bc0, L_0x151699020, L_0x151699ab0, L_0x15169ad30;
L_0x151699cf0 .part L_0x151698a90, 2, 1;
L_0x151699df0 .part L_0x1516989a0, 2, 1;
L_0x151699e90 .part L_0x151698a90, 1, 1;
L_0x15169a160 .part L_0x1516989a0, 2, 1;
L_0x15169a200 .part L_0x1516989a0, 1, 1;
L_0x15169a490 .part L_0x151698a90, 0, 1;
L_0x15169a750 .part L_0x1516989a0, 2, 1;
L_0x15169a880 .part L_0x1516989a0, 1, 1;
L_0x15169a960 .part L_0x1516989a0, 0, 1;
L_0x15169abc0 .part L_0x151699b60, 0, 1;
L_0x15169af00 .part L_0x151698a90, 3, 1;
L_0x15169aa00 .part L_0x1516989a0, 3, 1;
L_0x15169b0a0 .part L_0x151698a90, 2, 1;
L_0x15169ae60 .part L_0x1516989a0, 3, 1;
L_0x15169b3e0 .part L_0x1516989a0, 2, 1;
L_0x15169b5e0 .part L_0x151698a90, 1, 1;
L_0x15169b8a0 .part L_0x1516989a0, 3, 1;
L_0x15169ba20 .part L_0x1516989a0, 2, 1;
L_0x15169a2e0 .part L_0x1516989a0, 1, 1;
L_0x15169b940 .part L_0x151698a90, 0, 1;
L_0x15169c0c0 .part L_0x1516989a0, 3, 1;
L_0x15169c260 .part L_0x1516989a0, 2, 1;
L_0x15169c3f0 .part L_0x1516989a0, 1, 1;
L_0x15169c1a0 .part L_0x1516989a0, 0, 1;
L_0x15169c790 .part L_0x151699b60, 0, 1;
S_0x1516289f0 .scope module, "n2" "cla_4" 5 15, 6 3 0, S_0x151615d00;
 .timescale -9 -11;
    .port_info 0 /INPUT 4 "a";
    .port_info 1 /INPUT 4 "b";
    .port_info 2 /INPUT 1 "cin";
    .port_info 3 /OUTPUT 4 "sum";
    .port_info 4 /OUTPUT 1 "cout";
L_0x15169c700 .functor XOR 4, L_0x1516a0bf0, L_0x1516a0c90, C4<0000>, C4<0000>;
L_0x15169cc00 .functor AND 4, L_0x1516a0bf0, L_0x1516a0c90, C4<1111>, C4<1111>;
L_0x15169cd30 .functor BUFZ 1, L_0x15169c490, C4<0>, C4<0>, C4<0>;
L_0x15169d0a0 .functor AND 1, L_0x15169cf00, L_0x15169cfe0, C4<1>, C4<1>;
L_0x15169d1b0 .functor OR 1, L_0x15169ce20, L_0x15169d0a0, C4<0>, C4<0>;
L_0x15169d560 .functor AND 1, L_0x15169d370, L_0x15169d440, C4<1>, C4<1>;
L_0x15169d630 .functor OR 1, L_0x15169d2d0, L_0x15169d560, C4<0>, C4<0>;
L_0x15169d920 .functor AND 1, L_0x15169d760, L_0x15169d880, C4<1>, C4<1>;
L_0x15169db40 .functor AND 1, L_0x15169d920, L_0x15169da10, C4<1>, C4<1>;
L_0x15169dc40 .functor OR 1, L_0x15169d630, L_0x15169db40, C4<0>, C4<0>;
L_0x15169e130 .functor AND 1, L_0x15169df80, L_0x15169e020, C4<1>, C4<1>;
L_0x15169e240 .functor OR 1, L_0x15169de80, L_0x15169e130, C4<0>, C4<0>;
L_0x15169e0c0 .functor AND 1, L_0x15169e2f0, L_0x15169e390, C4<1>, C4<1>;
L_0x15169e6c0 .functor AND 1, L_0x15169e0c0, L_0x15169e620, C4<1>, C4<1>;
L_0x15169e770 .functor OR 1, L_0x15169e240, L_0x15169e6c0, C4<0>, C4<0>;
L_0x15169e5b0 .functor AND 1, L_0x15169e8e0, L_0x15169ea10, C4<1>, C4<1>;
L_0x15169ec30 .functor AND 1, L_0x15169e5b0, L_0x15169eaf0, C4<1>, C4<1>;
L_0x15169edf0 .functor AND 1, L_0x15169ec30, L_0x15169ed50, C4<1>, C4<1>;
L_0x15169eec0 .functor OR 1, L_0x15169e770, L_0x15169edf0, C4<0>, C4<0>;
L_0x15169d4e0 .functor AND 1, L_0x15169eb90, L_0x15169f230, C4<1>, C4<1>;
L_0x15169f3d0 .functor OR 1, L_0x15169f090, L_0x15169d4e0, C4<0>, C4<0>;
L_0x15169f6e0 .functor AND 1, L_0x15169eff0, L_0x15169f570, C4<1>, C4<1>;
L_0x15169f810 .functor AND 1, L_0x15169f6e0, L_0x15169f770, C4<1>, C4<1>;
L_0x15169f9c0 .functor OR 1, L_0x15169f3d0, L_0x15169f810, C4<0>, C4<0>;
L_0x15169f610 .functor AND 1, L_0x15169fa30, L_0x15169fbb0, C4<1>, C4<1>;
L_0x15169f900 .functor AND 1, L_0x15169f610, L_0x15169e470, C4<1>, C4<1>;
L_0x1516a0010 .functor AND 1, L_0x15169f900, L_0x15169fad0, C4<1>, C4<1>;
L_0x1516a01e0 .functor OR 1, L_0x15169f9c0, L_0x1516a0010, C4<0>, C4<0>;
L_0x15169fed0 .functor AND 1, L_0x1516a0250, L_0x1516a03f0, C4<1>, C4<1>;
L_0x1516a0100 .functor AND 1, L_0x15169fed0, L_0x1516a0580, C4<1>, C4<1>;
L_0x1516a0730 .functor AND 1, L_0x1516a0100, L_0x1516a0330, C4<1>, C4<1>;
L_0x1516a0490 .functor AND 1, L_0x1516a0730, L_0x1516a0920, C4<1>, C4<1>;
L_0x1516a0620 .functor OR 1, L_0x1516a01e0, L_0x1516a0490, C4<0>, C4<0>;
L_0x1516a0820 .functor XOR 4, L_0x15169c700, L_0x15169dcf0, C4<0000>, C4<0000>;
v0x151628be0_0 .net "G", 3 0, L_0x15169cc00;  1 drivers
v0x151628c70_0 .net "P", 3 0, L_0x15169c700;  1 drivers
v0x151628d20_0 .net *"_ivl_102", 0 0, L_0x15169f770;  1 drivers
v0x151628de0_0 .net *"_ivl_103", 0 0, L_0x15169f810;  1 drivers
v0x151628e90_0 .net *"_ivl_105", 0 0, L_0x15169f9c0;  1 drivers
v0x151628f80_0 .net *"_ivl_108", 0 0, L_0x15169fa30;  1 drivers
v0x151629030_0 .net *"_ivl_11", 0 0, L_0x15169ce20;  1 drivers
v0x1516290e0_0 .net *"_ivl_110", 0 0, L_0x15169fbb0;  1 drivers
v0x151629190_0 .net *"_ivl_111", 0 0, L_0x15169f610;  1 drivers
v0x1516292a0_0 .net *"_ivl_114", 0 0, L_0x15169e470;  1 drivers
v0x151629350_0 .net *"_ivl_115", 0 0, L_0x15169f900;  1 drivers
v0x151629400_0 .net *"_ivl_118", 0 0, L_0x15169fad0;  1 drivers
v0x1516294b0_0 .net *"_ivl_119", 0 0, L_0x1516a0010;  1 drivers
v0x151629560_0 .net *"_ivl_121", 0 0, L_0x1516a01e0;  1 drivers
v0x151629610_0 .net *"_ivl_124", 0 0, L_0x1516a0250;  1 drivers
v0x1516296c0_0 .net *"_ivl_126", 0 0, L_0x1516a03f0;  1 drivers
v0x151629770_0 .net *"_ivl_127", 0 0, L_0x15169fed0;  1 drivers
v0x151629900_0 .net *"_ivl_13", 0 0, L_0x15169cf00;  1 drivers
v0x151629990_0 .net *"_ivl_130", 0 0, L_0x1516a0580;  1 drivers
v0x151629a40_0 .net *"_ivl_131", 0 0, L_0x1516a0100;  1 drivers
v0x151629af0_0 .net *"_ivl_134", 0 0, L_0x1516a0330;  1 drivers
v0x151629ba0_0 .net *"_ivl_135", 0 0, L_0x1516a0730;  1 drivers
v0x151629c50_0 .net *"_ivl_138", 0 0, L_0x1516a0920;  1 drivers
v0x151629d00_0 .net *"_ivl_139", 0 0, L_0x1516a0490;  1 drivers
v0x151629db0_0 .net *"_ivl_15", 0 0, L_0x15169cfe0;  1 drivers
v0x151629e60_0 .net *"_ivl_16", 0 0, L_0x15169d0a0;  1 drivers
v0x151629f10_0 .net *"_ivl_18", 0 0, L_0x15169d1b0;  1 drivers
v0x151629fc0_0 .net *"_ivl_23", 0 0, L_0x15169d2d0;  1 drivers
v0x15162a070_0 .net *"_ivl_25", 0 0, L_0x15169d370;  1 drivers
v0x15162a120_0 .net *"_ivl_27", 0 0, L_0x15169d440;  1 drivers
v0x15162a1d0_0 .net *"_ivl_28", 0 0, L_0x15169d560;  1 drivers
v0x15162a280_0 .net *"_ivl_30", 0 0, L_0x15169d630;  1 drivers
v0x15162a330_0 .net *"_ivl_33", 0 0, L_0x15169d760;  1 drivers
v0x151629820_0 .net *"_ivl_35", 0 0, L_0x15169d880;  1 drivers
v0x15162a5c0_0 .net *"_ivl_36", 0 0, L_0x15169d920;  1 drivers
v0x15162a650_0 .net *"_ivl_39", 0 0, L_0x15169da10;  1 drivers
v0x15162a6f0_0 .net *"_ivl_40", 0 0, L_0x15169db40;  1 drivers
v0x15162a7a0_0 .net *"_ivl_42", 0 0, L_0x15169dc40;  1 drivers
v0x15162a850_0 .net *"_ivl_48", 0 0, L_0x15169de80;  1 drivers
v0x15162a900_0 .net *"_ivl_50", 0 0, L_0x15169df80;  1 drivers
v0x15162a9b0_0 .net *"_ivl_52", 0 0, L_0x15169e020;  1 drivers
v0x15162aa60_0 .net *"_ivl_53", 0 0, L_0x15169e130;  1 drivers
v0x15162ab10_0 .net *"_ivl_55", 0 0, L_0x15169e240;  1 drivers
v0x15162abc0_0 .net *"_ivl_58", 0 0, L_0x15169e2f0;  1 drivers
v0x15162ac70_0 .net *"_ivl_60", 0 0, L_0x15169e390;  1 drivers
v0x15162ad20_0 .net *"_ivl_61", 0 0, L_0x15169e0c0;  1 drivers
v0x15162add0_0 .net *"_ivl_64", 0 0, L_0x15169e620;  1 drivers
v0x15162ae80_0 .net *"_ivl_65", 0 0, L_0x15169e6c0;  1 drivers
v0x15162af30_0 .net *"_ivl_67", 0 0, L_0x15169e770;  1 drivers
v0x15162afe0_0 .net *"_ivl_7", 0 0, L_0x15169cd30;  1 drivers
v0x15162b090_0 .net *"_ivl_70", 0 0, L_0x15169e8e0;  1 drivers
v0x15162b140_0 .net *"_ivl_72", 0 0, L_0x15169ea10;  1 drivers
v0x15162b1f0_0 .net *"_ivl_73", 0 0, L_0x15169e5b0;  1 drivers
v0x15162b2a0_0 .net *"_ivl_76", 0 0, L_0x15169eaf0;  1 drivers
v0x15162b350_0 .net *"_ivl_77", 0 0, L_0x15169ec30;  1 drivers
v0x15162b400_0 .net *"_ivl_80", 0 0, L_0x15169ed50;  1 drivers
v0x15162b4b0_0 .net *"_ivl_81", 0 0, L_0x15169edf0;  1 drivers
v0x15162b560_0 .net *"_ivl_83", 0 0, L_0x15169eec0;  1 drivers
v0x15162b610_0 .net *"_ivl_86", 0 0, L_0x15169f090;  1 drivers
v0x15162b6c0_0 .net *"_ivl_88", 0 0, L_0x15169eb90;  1 drivers
v0x15162b770_0 .net *"_ivl_90", 0 0, L_0x15169f230;  1 drivers
v0x15162b820_0 .net *"_ivl_91", 0 0, L_0x15169d4e0;  1 drivers
v0x15162b8d0_0 .net *"_ivl_93", 0 0, L_0x15169f3d0;  1 drivers
v0x15162b980_0 .net *"_ivl_96", 0 0, L_0x15169eff0;  1 drivers
v0x15162ba30_0 .net *"_ivl_98", 0 0, L_0x15169f570;  1 drivers
v0x15162a3e0_0 .net *"_ivl_99", 0 0, L_0x15169f6e0;  1 drivers
v0x15162a490_0 .net "a", 3 0, L_0x1516a0bf0;  1 drivers
v0x15162bac0_0 .net "b", 3 0, L_0x1516a0c90;  1 drivers
v0x15162bb50_0 .net "c", 3 0, L_0x15169dcf0;  1 drivers
v0x15162bbe0_0 .net "cin", 0 0, L_0x15169c490;  alias, 1 drivers
v0x15162bc70_0 .net "cout", 0 0, L_0x1516a0620;  alias, 1 drivers
v0x15162bd00_0 .net "sum", 3 0, L_0x1516a0820;  1 drivers
L_0x15169ce20 .part L_0x15169cc00, 0, 1;
L_0x15169cf00 .part L_0x15169c700, 0, 1;
L_0x15169cfe0 .part L_0x15169dcf0, 0, 1;
L_0x15169d2d0 .part L_0x15169cc00, 1, 1;
L_0x15169d370 .part L_0x15169c700, 1, 1;
L_0x15169d440 .part L_0x15169cc00, 0, 1;
L_0x15169d760 .part L_0x15169c700, 1, 1;
L_0x15169d880 .part L_0x15169c700, 0, 1;
L_0x15169da10 .part L_0x15169dcf0, 0, 1;
L_0x15169dcf0 .concat8 [ 1 1 1 1], L_0x15169cd30, L_0x15169d1b0, L_0x15169dc40, L_0x15169eec0;
L_0x15169de80 .part L_0x15169cc00, 2, 1;
L_0x15169df80 .part L_0x15169c700, 2, 1;
L_0x15169e020 .part L_0x15169cc00, 1, 1;
L_0x15169e2f0 .part L_0x15169c700, 2, 1;
L_0x15169e390 .part L_0x15169c700, 1, 1;
L_0x15169e620 .part L_0x15169cc00, 0, 1;
L_0x15169e8e0 .part L_0x15169c700, 2, 1;
L_0x15169ea10 .part L_0x15169c700, 1, 1;
L_0x15169eaf0 .part L_0x15169c700, 0, 1;
L_0x15169ed50 .part L_0x15169dcf0, 0, 1;
L_0x15169f090 .part L_0x15169cc00, 3, 1;
L_0x15169eb90 .part L_0x15169c700, 3, 1;
L_0x15169f230 .part L_0x15169cc00, 2, 1;
L_0x15169eff0 .part L_0x15169c700, 3, 1;
L_0x15169f570 .part L_0x15169c700, 2, 1;
L_0x15169f770 .part L_0x15169cc00, 1, 1;
L_0x15169fa30 .part L_0x15169c700, 3, 1;
L_0x15169fbb0 .part L_0x15169c700, 2, 1;
L_0x15169e470 .part L_0x15169c700, 1, 1;
L_0x15169fad0 .part L_0x15169cc00, 0, 1;
L_0x1516a0250 .part L_0x15169c700, 3, 1;
L_0x1516a03f0 .part L_0x15169c700, 2, 1;
L_0x1516a0580 .part L_0x15169c700, 1, 1;
L_0x1516a0330 .part L_0x15169c700, 0, 1;
L_0x1516a0920 .part L_0x15169dcf0, 0, 1;
S_0x15162bd90 .scope module, "n3" "cla_4" 5 16, 6 3 0, S_0x151615d00;
 .timescale -9 -11;
    .port_info 0 /INPUT 4 "a";
    .port_info 1 /INPUT 4 "b";
    .port_info 2 /INPUT 1 "cin";
    .port_info 3 /OUTPUT 4 "sum";
    .port_info 4 /OUTPUT 1 "cout";
L_0x1516a0d30 .functor XOR 4, L_0x1516a4db0, L_0x1516a4e50, C4<0000>, C4<0000>;
L_0x1516a0da0 .functor AND 4, L_0x1516a4db0, L_0x1516a4e50, C4<1111>, C4<1111>;
L_0x1516a0ed0 .functor BUFZ 1, L_0x1516a0620, C4<0>, C4<0>, C4<0>;
L_0x1516a1240 .functor AND 1, L_0x1516a10a0, L_0x1516a1180, C4<1>, C4<1>;
L_0x1516a1370 .functor OR 1, L_0x1516a0fc0, L_0x1516a1240, C4<0>, C4<0>;
L_0x1516a1720 .functor AND 1, L_0x1516a1530, L_0x1516a1600, C4<1>, C4<1>;
L_0x1516a17f0 .functor OR 1, L_0x1516a1490, L_0x1516a1720, C4<0>, C4<0>;
L_0x1516a1ae0 .functor AND 1, L_0x1516a1920, L_0x1516a1a40, C4<1>, C4<1>;
L_0x1516a1d00 .functor AND 1, L_0x1516a1ae0, L_0x1516a1bd0, C4<1>, C4<1>;
L_0x1516a1e00 .functor OR 1, L_0x1516a17f0, L_0x1516a1d00, C4<0>, C4<0>;
L_0x1516a22f0 .functor AND 1, L_0x1516a2140, L_0x1516a21e0, C4<1>, C4<1>;
L_0x1516a2400 .functor OR 1, L_0x1516a2040, L_0x1516a22f0, C4<0>, C4<0>;
L_0x1516a2280 .functor AND 1, L_0x1516a24b0, L_0x1516a2550, C4<1>, C4<1>;
L_0x1516a2880 .functor AND 1, L_0x1516a2280, L_0x1516a27e0, C4<1>, C4<1>;
L_0x1516a2930 .functor OR 1, L_0x1516a2400, L_0x1516a2880, C4<0>, C4<0>;
L_0x1516a2770 .functor AND 1, L_0x1516a2aa0, L_0x1516a2bd0, C4<1>, C4<1>;
L_0x1516a2df0 .functor AND 1, L_0x1516a2770, L_0x1516a2cb0, C4<1>, C4<1>;
L_0x1516a2fb0 .functor AND 1, L_0x1516a2df0, L_0x1516a2f10, C4<1>, C4<1>;
L_0x1516a3080 .functor OR 1, L_0x1516a2930, L_0x1516a2fb0, C4<0>, C4<0>;
L_0x1516a16a0 .functor AND 1, L_0x1516a2d50, L_0x1516a33f0, C4<1>, C4<1>;
L_0x1516a3590 .functor OR 1, L_0x1516a3250, L_0x1516a16a0, C4<0>, C4<0>;
L_0x1516a38a0 .functor AND 1, L_0x1516a31b0, L_0x1516a3730, C4<1>, C4<1>;
L_0x1516a39d0 .functor AND 1, L_0x1516a38a0, L_0x1516a3930, C4<1>, C4<1>;
L_0x1516a3b80 .functor OR 1, L_0x1516a3590, L_0x1516a39d0, C4<0>, C4<0>;
L_0x1516a37d0 .functor AND 1, L_0x1516a3bf0, L_0x1516a3d70, C4<1>, C4<1>;
L_0x1516a3ac0 .functor AND 1, L_0x1516a37d0, L_0x1516a2630, C4<1>, C4<1>;
L_0x1516a41d0 .functor AND 1, L_0x1516a3ac0, L_0x1516a3c90, C4<1>, C4<1>;
L_0x1516a43a0 .functor OR 1, L_0x1516a3b80, L_0x1516a41d0, C4<0>, C4<0>;
L_0x1516a4090 .functor AND 1, L_0x1516a4410, L_0x1516a45b0, C4<1>, C4<1>;
L_0x1516a42c0 .functor AND 1, L_0x1516a4090, L_0x1516a4740, C4<1>, C4<1>;
L_0x1516a48f0 .functor AND 1, L_0x1516a42c0, L_0x1516a44f0, C4<1>, C4<1>;
L_0x1516a4650 .functor AND 1, L_0x1516a48f0, L_0x1516a4ae0, C4<1>, C4<1>;
L_0x1516a47e0 .functor OR 1, L_0x1516a43a0, L_0x1516a4650, C4<0>, C4<0>;
L_0x1516a49e0 .functor XOR 4, L_0x1516a0d30, L_0x1516a1eb0, C4<0000>, C4<0000>;
v0x15162bff0_0 .net "G", 3 0, L_0x1516a0da0;  1 drivers
v0x15162c0a0_0 .net "P", 3 0, L_0x1516a0d30;  1 drivers
v0x15162c150_0 .net *"_ivl_102", 0 0, L_0x1516a3930;  1 drivers
v0x15162c210_0 .net *"_ivl_103", 0 0, L_0x1516a39d0;  1 drivers
v0x15162c2c0_0 .net *"_ivl_105", 0 0, L_0x1516a3b80;  1 drivers
v0x15162c3b0_0 .net *"_ivl_108", 0 0, L_0x1516a3bf0;  1 drivers
v0x15162c460_0 .net *"_ivl_11", 0 0, L_0x1516a0fc0;  1 drivers
v0x15162c510_0 .net *"_ivl_110", 0 0, L_0x1516a3d70;  1 drivers
v0x15162c5c0_0 .net *"_ivl_111", 0 0, L_0x1516a37d0;  1 drivers
v0x15162c6d0_0 .net *"_ivl_114", 0 0, L_0x1516a2630;  1 drivers
v0x15162c780_0 .net *"_ivl_115", 0 0, L_0x1516a3ac0;  1 drivers
v0x15162c830_0 .net *"_ivl_118", 0 0, L_0x1516a3c90;  1 drivers
v0x15162c8e0_0 .net *"_ivl_119", 0 0, L_0x1516a41d0;  1 drivers
v0x15162c990_0 .net *"_ivl_121", 0 0, L_0x1516a43a0;  1 drivers
v0x15162ca40_0 .net *"_ivl_124", 0 0, L_0x1516a4410;  1 drivers
v0x15162caf0_0 .net *"_ivl_126", 0 0, L_0x1516a45b0;  1 drivers
v0x15162cba0_0 .net *"_ivl_127", 0 0, L_0x1516a4090;  1 drivers
v0x15162cd30_0 .net *"_ivl_13", 0 0, L_0x1516a10a0;  1 drivers
v0x15162cdc0_0 .net *"_ivl_130", 0 0, L_0x1516a4740;  1 drivers
v0x15162ce70_0 .net *"_ivl_131", 0 0, L_0x1516a42c0;  1 drivers
v0x15162cf20_0 .net *"_ivl_134", 0 0, L_0x1516a44f0;  1 drivers
v0x15162cfd0_0 .net *"_ivl_135", 0 0, L_0x1516a48f0;  1 drivers
v0x15162d080_0 .net *"_ivl_138", 0 0, L_0x1516a4ae0;  1 drivers
v0x15162d130_0 .net *"_ivl_139", 0 0, L_0x1516a4650;  1 drivers
v0x15162d1e0_0 .net *"_ivl_15", 0 0, L_0x1516a1180;  1 drivers
v0x15162d290_0 .net *"_ivl_16", 0 0, L_0x1516a1240;  1 drivers
v0x15162d340_0 .net *"_ivl_18", 0 0, L_0x1516a1370;  1 drivers
v0x15162d3f0_0 .net *"_ivl_23", 0 0, L_0x1516a1490;  1 drivers
v0x15162d4a0_0 .net *"_ivl_25", 0 0, L_0x1516a1530;  1 drivers
v0x15162d550_0 .net *"_ivl_27", 0 0, L_0x1516a1600;  1 drivers
v0x15162d600_0 .net *"_ivl_28", 0 0, L_0x1516a1720;  1 drivers
v0x15162d6b0_0 .net *"_ivl_30", 0 0, L_0x1516a17f0;  1 drivers
v0x15162d760_0 .net *"_ivl_33", 0 0, L_0x1516a1920;  1 drivers
v0x15162cc50_0 .net *"_ivl_35", 0 0, L_0x1516a1a40;  1 drivers
v0x15162d9f0_0 .net *"_ivl_36", 0 0, L_0x1516a1ae0;  1 drivers
v0x15162da80_0 .net *"_ivl_39", 0 0, L_0x1516a1bd0;  1 drivers
v0x15162db20_0 .net *"_ivl_40", 0 0, L_0x1516a1d00;  1 drivers
v0x15162dbd0_0 .net *"_ivl_42", 0 0, L_0x1516a1e00;  1 drivers
v0x15162dc80_0 .net *"_ivl_48", 0 0, L_0x1516a2040;  1 drivers
v0x15162dd30_0 .net *"_ivl_50", 0 0, L_0x1516a2140;  1 drivers
v0x15162dde0_0 .net *"_ivl_52", 0 0, L_0x1516a21e0;  1 drivers
v0x15162de90_0 .net *"_ivl_53", 0 0, L_0x1516a22f0;  1 drivers
v0x15162df40_0 .net *"_ivl_55", 0 0, L_0x1516a2400;  1 drivers
v0x15162dff0_0 .net *"_ivl_58", 0 0, L_0x1516a24b0;  1 drivers
v0x15162e0a0_0 .net *"_ivl_60", 0 0, L_0x1516a2550;  1 drivers
v0x15162e150_0 .net *"_ivl_61", 0 0, L_0x1516a2280;  1 drivers
v0x15162e200_0 .net *"_ivl_64", 0 0, L_0x1516a27e0;  1 drivers
v0x15162e2b0_0 .net *"_ivl_65", 0 0, L_0x1516a2880;  1 drivers
v0x15162e360_0 .net *"_ivl_67", 0 0, L_0x1516a2930;  1 drivers
v0x15162e410_0 .net *"_ivl_7", 0 0, L_0x1516a0ed0;  1 drivers
v0x15162e4c0_0 .net *"_ivl_70", 0 0, L_0x1516a2aa0;  1 drivers
v0x15162e570_0 .net *"_ivl_72", 0 0, L_0x1516a2bd0;  1 drivers
v0x15162e620_0 .net *"_ivl_73", 0 0, L_0x1516a2770;  1 drivers
v0x15162e6d0_0 .net *"_ivl_76", 0 0, L_0x1516a2cb0;  1 drivers
v0x15162e780_0 .net *"_ivl_77", 0 0, L_0x1516a2df0;  1 drivers
v0x15162e830_0 .net *"_ivl_80", 0 0, L_0x1516a2f10;  1 drivers
v0x15162e8e0_0 .net *"_ivl_81", 0 0, L_0x1516a2fb0;  1 drivers
v0x15162e990_0 .net *"_ivl_83", 0 0, L_0x1516a3080;  1 drivers
v0x15162ea40_0 .net *"_ivl_86", 0 0, L_0x1516a3250;  1 drivers
v0x15162eaf0_0 .net *"_ivl_88", 0 0, L_0x1516a2d50;  1 drivers
v0x15162eba0_0 .net *"_ivl_90", 0 0, L_0x1516a33f0;  1 drivers
v0x15162ec50_0 .net *"_ivl_91", 0 0, L_0x1516a16a0;  1 drivers
v0x15162ed00_0 .net *"_ivl_93", 0 0, L_0x1516a3590;  1 drivers
v0x15162edb0_0 .net *"_ivl_96", 0 0, L_0x1516a31b0;  1 drivers
v0x15162ee60_0 .net *"_ivl_98", 0 0, L_0x1516a3730;  1 drivers
v0x15162d810_0 .net *"_ivl_99", 0 0, L_0x1516a38a0;  1 drivers
v0x15162d8c0_0 .net "a", 3 0, L_0x1516a4db0;  1 drivers
v0x15162eef0_0 .net "b", 3 0, L_0x1516a4e50;  1 drivers
v0x15162ef80_0 .net "c", 3 0, L_0x1516a1eb0;  1 drivers
v0x15162f010_0 .net "cin", 0 0, L_0x1516a0620;  alias, 1 drivers
v0x15162f0a0_0 .net "cout", 0 0, L_0x1516a47e0;  alias, 1 drivers
v0x15162f130_0 .net "sum", 3 0, L_0x1516a49e0;  1 drivers
L_0x1516a0fc0 .part L_0x1516a0da0, 0, 1;
L_0x1516a10a0 .part L_0x1516a0d30, 0, 1;
L_0x1516a1180 .part L_0x1516a1eb0, 0, 1;
L_0x1516a1490 .part L_0x1516a0da0, 1, 1;
L_0x1516a1530 .part L_0x1516a0d30, 1, 1;
L_0x1516a1600 .part L_0x1516a0da0, 0, 1;
L_0x1516a1920 .part L_0x1516a0d30, 1, 1;
L_0x1516a1a40 .part L_0x1516a0d30, 0, 1;
L_0x1516a1bd0 .part L_0x1516a1eb0, 0, 1;
L_0x1516a1eb0 .concat8 [ 1 1 1 1], L_0x1516a0ed0, L_0x1516a1370, L_0x1516a1e00, L_0x1516a3080;
L_0x1516a2040 .part L_0x1516a0da0, 2, 1;
L_0x1516a2140 .part L_0x1516a0d30, 2, 1;
L_0x1516a21e0 .part L_0x1516a0da0, 1, 1;
L_0x1516a24b0 .part L_0x1516a0d30, 2, 1;
L_0x1516a2550 .part L_0x1516a0d30, 1, 1;
L_0x1516a27e0 .part L_0x1516a0da0, 0, 1;
L_0x1516a2aa0 .part L_0x1516a0d30, 2, 1;
L_0x1516a2bd0 .part L_0x1516a0d30, 1, 1;
L_0x1516a2cb0 .part L_0x1516a0d30, 0, 1;
L_0x1516a2f10 .part L_0x1516a1eb0, 0, 1;
L_0x1516a3250 .part L_0x1516a0da0, 3, 1;
L_0x1516a2d50 .part L_0x1516a0d30, 3, 1;
L_0x1516a33f0 .part L_0x1516a0da0, 2, 1;
L_0x1516a31b0 .part L_0x1516a0d30, 3, 1;
L_0x1516a3730 .part L_0x1516a0d30, 2, 1;
L_0x1516a3930 .part L_0x1516a0da0, 1, 1;
L_0x1516a3bf0 .part L_0x1516a0d30, 3, 1;
L_0x1516a3d70 .part L_0x1516a0d30, 2, 1;
L_0x1516a2630 .part L_0x1516a0d30, 1, 1;
L_0x1516a3c90 .part L_0x1516a0da0, 0, 1;
L_0x1516a4410 .part L_0x1516a0d30, 3, 1;
L_0x1516a45b0 .part L_0x1516a0d30, 2, 1;
L_0x1516a4740 .part L_0x1516a0d30, 1, 1;
L_0x1516a44f0 .part L_0x1516a0d30, 0, 1;
L_0x1516a4ae0 .part L_0x1516a1eb0, 0, 1;
S_0x15162f1c0 .scope module, "n4" "cla_4" 5 17, 6 3 0, S_0x151615d00;
 .timescale -9 -11;
    .port_info 0 /INPUT 4 "a";
    .port_info 1 /INPUT 4 "b";
    .port_info 2 /INPUT 1 "cin";
    .port_info 3 /OUTPUT 4 "sum";
    .port_info 4 /OUTPUT 1 "cout";
L_0x1516a4ef0 .functor XOR 4, L_0x1516a8f30, L_0x1516a8fd0, C4<0000>, C4<0000>;
L_0x1516a4f60 .functor AND 4, L_0x1516a8f30, L_0x1516a8fd0, C4<1111>, C4<1111>;
L_0x1516a5050 .functor BUFZ 1, L_0x1516a47e0, C4<0>, C4<0>, C4<0>;
L_0x1516a53c0 .functor AND 1, L_0x1516a5220, L_0x1516a5300, C4<1>, C4<1>;
L_0x1516a54f0 .functor OR 1, L_0x1516a5140, L_0x1516a53c0, C4<0>, C4<0>;
L_0x1516a58a0 .functor AND 1, L_0x1516a56b0, L_0x1516a5780, C4<1>, C4<1>;
L_0x1516a5970 .functor OR 1, L_0x1516a5610, L_0x1516a58a0, C4<0>, C4<0>;
L_0x1516a5c60 .functor AND 1, L_0x1516a5aa0, L_0x1516a5bc0, C4<1>, C4<1>;
L_0x1516a5e80 .functor AND 1, L_0x1516a5c60, L_0x1516a5d50, C4<1>, C4<1>;
L_0x1516a5f80 .functor OR 1, L_0x1516a5970, L_0x1516a5e80, C4<0>, C4<0>;
L_0x1516a6470 .functor AND 1, L_0x1516a62c0, L_0x1516a6360, C4<1>, C4<1>;
L_0x1516a6580 .functor OR 1, L_0x1516a61c0, L_0x1516a6470, C4<0>, C4<0>;
L_0x1516a6400 .functor AND 1, L_0x1516a6630, L_0x1516a66d0, C4<1>, C4<1>;
L_0x1516a6a00 .functor AND 1, L_0x1516a6400, L_0x1516a6960, C4<1>, C4<1>;
L_0x1516a6ab0 .functor OR 1, L_0x1516a6580, L_0x1516a6a00, C4<0>, C4<0>;
L_0x1516a68f0 .functor AND 1, L_0x1516a6c20, L_0x1516a6d50, C4<1>, C4<1>;
L_0x1516a6f70 .functor AND 1, L_0x1516a68f0, L_0x1516a6e30, C4<1>, C4<1>;
L_0x1516a7130 .functor AND 1, L_0x1516a6f70, L_0x1516a7090, C4<1>, C4<1>;
L_0x1516a7200 .functor OR 1, L_0x1516a6ab0, L_0x1516a7130, C4<0>, C4<0>;
L_0x1516a5820 .functor AND 1, L_0x1516a6ed0, L_0x1516a7570, C4<1>, C4<1>;
L_0x1516a7710 .functor OR 1, L_0x1516a73d0, L_0x1516a5820, C4<0>, C4<0>;
L_0x1516a7a20 .functor AND 1, L_0x1516a7330, L_0x1516a78b0, C4<1>, C4<1>;
L_0x1516a7b50 .functor AND 1, L_0x1516a7a20, L_0x1516a7ab0, C4<1>, C4<1>;
L_0x1516a7d00 .functor OR 1, L_0x1516a7710, L_0x1516a7b50, C4<0>, C4<0>;
L_0x1516a7950 .functor AND 1, L_0x1516a7d70, L_0x1516a7ef0, C4<1>, C4<1>;
L_0x1516a7c40 .functor AND 1, L_0x1516a7950, L_0x1516a67b0, C4<1>, C4<1>;
L_0x1516a8350 .functor AND 1, L_0x1516a7c40, L_0x1516a7e10, C4<1>, C4<1>;
L_0x1516a8520 .functor OR 1, L_0x1516a7d00, L_0x1516a8350, C4<0>, C4<0>;
L_0x1516a8210 .functor AND 1, L_0x1516a8590, L_0x1516a8730, C4<1>, C4<1>;
L_0x1516a8440 .functor AND 1, L_0x1516a8210, L_0x1516a88c0, C4<1>, C4<1>;
L_0x1516a8a70 .functor AND 1, L_0x1516a8440, L_0x1516a8670, C4<1>, C4<1>;
L_0x1516a87d0 .functor AND 1, L_0x1516a8a70, L_0x1516a8c60, C4<1>, C4<1>;
L_0x1516a8960 .functor OR 1, L_0x1516a8520, L_0x1516a87d0, C4<0>, C4<0>;
L_0x1516a8b60 .functor XOR 4, L_0x1516a4ef0, L_0x1516a6030, C4<0000>, C4<0000>;
v0x15162f400_0 .net "G", 3 0, L_0x1516a4f60;  1 drivers
v0x15162f4c0_0 .net "P", 3 0, L_0x1516a4ef0;  1 drivers
v0x15162f570_0 .net *"_ivl_102", 0 0, L_0x1516a7ab0;  1 drivers
v0x15162f630_0 .net *"_ivl_103", 0 0, L_0x1516a7b50;  1 drivers
v0x15162f6e0_0 .net *"_ivl_105", 0 0, L_0x1516a7d00;  1 drivers
v0x15162f7d0_0 .net *"_ivl_108", 0 0, L_0x1516a7d70;  1 drivers
v0x15162f880_0 .net *"_ivl_11", 0 0, L_0x1516a5140;  1 drivers
v0x15162f930_0 .net *"_ivl_110", 0 0, L_0x1516a7ef0;  1 drivers
v0x15162f9e0_0 .net *"_ivl_111", 0 0, L_0x1516a7950;  1 drivers
v0x15162faf0_0 .net *"_ivl_114", 0 0, L_0x1516a67b0;  1 drivers
v0x15162fba0_0 .net *"_ivl_115", 0 0, L_0x1516a7c40;  1 drivers
v0x15162fc50_0 .net *"_ivl_118", 0 0, L_0x1516a7e10;  1 drivers
v0x15162fd00_0 .net *"_ivl_119", 0 0, L_0x1516a8350;  1 drivers
v0x15162fdb0_0 .net *"_ivl_121", 0 0, L_0x1516a8520;  1 drivers
v0x15162fe60_0 .net *"_ivl_124", 0 0, L_0x1516a8590;  1 drivers
v0x15162ff10_0 .net *"_ivl_126", 0 0, L_0x1516a8730;  1 drivers
v0x15162ffc0_0 .net *"_ivl_127", 0 0, L_0x1516a8210;  1 drivers
v0x151630150_0 .net *"_ivl_13", 0 0, L_0x1516a5220;  1 drivers
v0x1516301e0_0 .net *"_ivl_130", 0 0, L_0x1516a88c0;  1 drivers
v0x151630290_0 .net *"_ivl_131", 0 0, L_0x1516a8440;  1 drivers
v0x151630340_0 .net *"_ivl_134", 0 0, L_0x1516a8670;  1 drivers
v0x1516303f0_0 .net *"_ivl_135", 0 0, L_0x1516a8a70;  1 drivers
v0x1516304a0_0 .net *"_ivl_138", 0 0, L_0x1516a8c60;  1 drivers
v0x151630550_0 .net *"_ivl_139", 0 0, L_0x1516a87d0;  1 drivers
v0x151630600_0 .net *"_ivl_15", 0 0, L_0x1516a5300;  1 drivers
v0x1516306b0_0 .net *"_ivl_16", 0 0, L_0x1516a53c0;  1 drivers
v0x151630760_0 .net *"_ivl_18", 0 0, L_0x1516a54f0;  1 drivers
v0x151630810_0 .net *"_ivl_23", 0 0, L_0x1516a5610;  1 drivers
v0x1516308c0_0 .net *"_ivl_25", 0 0, L_0x1516a56b0;  1 drivers
v0x151630970_0 .net *"_ivl_27", 0 0, L_0x1516a5780;  1 drivers
v0x151630a20_0 .net *"_ivl_28", 0 0, L_0x1516a58a0;  1 drivers
v0x151630ad0_0 .net *"_ivl_30", 0 0, L_0x1516a5970;  1 drivers
v0x151630b80_0 .net *"_ivl_33", 0 0, L_0x1516a5aa0;  1 drivers
v0x151630070_0 .net *"_ivl_35", 0 0, L_0x1516a5bc0;  1 drivers
v0x151630e10_0 .net *"_ivl_36", 0 0, L_0x1516a5c60;  1 drivers
v0x151630ea0_0 .net *"_ivl_39", 0 0, L_0x1516a5d50;  1 drivers
v0x151630f40_0 .net *"_ivl_40", 0 0, L_0x1516a5e80;  1 drivers
v0x151630ff0_0 .net *"_ivl_42", 0 0, L_0x1516a5f80;  1 drivers
v0x1516310a0_0 .net *"_ivl_48", 0 0, L_0x1516a61c0;  1 drivers
v0x151631150_0 .net *"_ivl_50", 0 0, L_0x1516a62c0;  1 drivers
v0x151631200_0 .net *"_ivl_52", 0 0, L_0x1516a6360;  1 drivers
v0x1516312b0_0 .net *"_ivl_53", 0 0, L_0x1516a6470;  1 drivers
v0x151631360_0 .net *"_ivl_55", 0 0, L_0x1516a6580;  1 drivers
v0x151631410_0 .net *"_ivl_58", 0 0, L_0x1516a6630;  1 drivers
v0x1516314c0_0 .net *"_ivl_60", 0 0, L_0x1516a66d0;  1 drivers
v0x151631570_0 .net *"_ivl_61", 0 0, L_0x1516a6400;  1 drivers
v0x151631620_0 .net *"_ivl_64", 0 0, L_0x1516a6960;  1 drivers
v0x1516316d0_0 .net *"_ivl_65", 0 0, L_0x1516a6a00;  1 drivers
v0x151631780_0 .net *"_ivl_67", 0 0, L_0x1516a6ab0;  1 drivers
v0x151631830_0 .net *"_ivl_7", 0 0, L_0x1516a5050;  1 drivers
v0x1516318e0_0 .net *"_ivl_70", 0 0, L_0x1516a6c20;  1 drivers
v0x151631990_0 .net *"_ivl_72", 0 0, L_0x1516a6d50;  1 drivers
v0x151631a40_0 .net *"_ivl_73", 0 0, L_0x1516a68f0;  1 drivers
v0x151631af0_0 .net *"_ivl_76", 0 0, L_0x1516a6e30;  1 drivers
v0x151631ba0_0 .net *"_ivl_77", 0 0, L_0x1516a6f70;  1 drivers
v0x151631c50_0 .net *"_ivl_80", 0 0, L_0x1516a7090;  1 drivers
v0x151631d00_0 .net *"_ivl_81", 0 0, L_0x1516a7130;  1 drivers
v0x151631db0_0 .net *"_ivl_83", 0 0, L_0x1516a7200;  1 drivers
v0x151631e60_0 .net *"_ivl_86", 0 0, L_0x1516a73d0;  1 drivers
v0x151631f10_0 .net *"_ivl_88", 0 0, L_0x1516a6ed0;  1 drivers
v0x151631fc0_0 .net *"_ivl_90", 0 0, L_0x1516a7570;  1 drivers
v0x151632070_0 .net *"_ivl_91", 0 0, L_0x1516a5820;  1 drivers
v0x151632120_0 .net *"_ivl_93", 0 0, L_0x1516a7710;  1 drivers
v0x1516321d0_0 .net *"_ivl_96", 0 0, L_0x1516a7330;  1 drivers
v0x151632280_0 .net *"_ivl_98", 0 0, L_0x1516a78b0;  1 drivers
v0x151630c30_0 .net *"_ivl_99", 0 0, L_0x1516a7a20;  1 drivers
v0x151630ce0_0 .net "a", 3 0, L_0x1516a8f30;  1 drivers
v0x151632310_0 .net "b", 3 0, L_0x1516a8fd0;  1 drivers
v0x1516323a0_0 .net "c", 3 0, L_0x1516a6030;  1 drivers
v0x151632430_0 .net "cin", 0 0, L_0x1516a47e0;  alias, 1 drivers
v0x1516324c0_0 .net "cout", 0 0, L_0x1516a8960;  alias, 1 drivers
v0x151632550_0 .net "sum", 3 0, L_0x1516a8b60;  1 drivers
L_0x1516a5140 .part L_0x1516a4f60, 0, 1;
L_0x1516a5220 .part L_0x1516a4ef0, 0, 1;
L_0x1516a5300 .part L_0x1516a6030, 0, 1;
L_0x1516a5610 .part L_0x1516a4f60, 1, 1;
L_0x1516a56b0 .part L_0x1516a4ef0, 1, 1;
L_0x1516a5780 .part L_0x1516a4f60, 0, 1;
L_0x1516a5aa0 .part L_0x1516a4ef0, 1, 1;
L_0x1516a5bc0 .part L_0x1516a4ef0, 0, 1;
L_0x1516a5d50 .part L_0x1516a6030, 0, 1;
L_0x1516a6030 .concat8 [ 1 1 1 1], L_0x1516a5050, L_0x1516a54f0, L_0x1516a5f80, L_0x1516a7200;
L_0x1516a61c0 .part L_0x1516a4f60, 2, 1;
L_0x1516a62c0 .part L_0x1516a4ef0, 2, 1;
L_0x1516a6360 .part L_0x1516a4f60, 1, 1;
L_0x1516a6630 .part L_0x1516a4ef0, 2, 1;
L_0x1516a66d0 .part L_0x1516a4ef0, 1, 1;
L_0x1516a6960 .part L_0x1516a4f60, 0, 1;
L_0x1516a6c20 .part L_0x1516a4ef0, 2, 1;
L_0x1516a6d50 .part L_0x1516a4ef0, 1, 1;
L_0x1516a6e30 .part L_0x1516a4ef0, 0, 1;
L_0x1516a7090 .part L_0x1516a6030, 0, 1;
L_0x1516a73d0 .part L_0x1516a4f60, 3, 1;
L_0x1516a6ed0 .part L_0x1516a4ef0, 3, 1;
L_0x1516a7570 .part L_0x1516a4f60, 2, 1;
L_0x1516a7330 .part L_0x1516a4ef0, 3, 1;
L_0x1516a78b0 .part L_0x1516a4ef0, 2, 1;
L_0x1516a7ab0 .part L_0x1516a4f60, 1, 1;
L_0x1516a7d70 .part L_0x1516a4ef0, 3, 1;
L_0x1516a7ef0 .part L_0x1516a4ef0, 2, 1;
L_0x1516a67b0 .part L_0x1516a4ef0, 1, 1;
L_0x1516a7e10 .part L_0x1516a4f60, 0, 1;
L_0x1516a8590 .part L_0x1516a4ef0, 3, 1;
L_0x1516a8730 .part L_0x1516a4ef0, 2, 1;
L_0x1516a88c0 .part L_0x1516a4ef0, 1, 1;
L_0x1516a8670 .part L_0x1516a4ef0, 0, 1;
L_0x1516a8c60 .part L_0x1516a6030, 0, 1;
S_0x151632bd0 .scope module, "n2" "cla16" 5 33, 5 4 0, S_0x151615b90;
 .timescale -9 -11;
    .port_info 0 /INPUT 16 "d1";
    .port_info 1 /INPUT 16 "d2";
    .port_info 2 /INPUT 1 "cin";
    .port_info 3 /OUTPUT 16 "sum";
    .port_info 4 /OUTPUT 1 "cout";
P_0x151632da0 .param/l "DATA_WIDTH" 0 5 4, +C4<00000000000000000000000000100000>;
v0x15163ff90_0 .net "c1", 0 0, L_0x1516acdf0;  1 drivers
v0x151640070_0 .net "c2", 0 0, L_0x1516b0fa0;  1 drivers
v0x151640140_0 .net "c3", 0 0, L_0x1516b5180;  1 drivers
v0x151640210_0 .net "cin", 0 0, L_0x1516a8960;  alias, 1 drivers
v0x1516402a0_0 .net8 "cout", 0 0, RS_0x14800f270;  alias, 3 drivers
v0x151640370_0 .net "d1", 15 0, L_0x1516b9c40;  1 drivers
v0x151640400_0 .net "d2", 15 0, L_0x1516b9ce0;  1 drivers
v0x151640490_0 .net "sum", 15 0, L_0x1516b9a90;  1 drivers
L_0x1516ad3c0 .part L_0x1516b9c40, 0, 4;
L_0x1516ad460 .part L_0x1516b9ce0, 0, 4;
L_0x1516b1570 .part L_0x1516b9c40, 4, 4;
L_0x1516b1610 .part L_0x1516b9ce0, 4, 4;
L_0x1516b5750 .part L_0x1516b9c40, 8, 4;
L_0x1516b57f0 .part L_0x1516b9ce0, 8, 4;
L_0x1516b98d0 .part L_0x1516b9c40, 12, 4;
L_0x1516b9970 .part L_0x1516b9ce0, 12, 4;
L_0x1516b9a90 .concat8 [ 4 4 4 4], L_0x1516acff0, L_0x1516b11a0, L_0x1516b5380, L_0x1516b9500;
S_0x151632ed0 .scope module, "n1" "cla_4" 5 14, 6 3 0, S_0x151632bd0;
 .timescale -9 -11;
    .port_info 0 /INPUT 4 "a";
    .port_info 1 /INPUT 4 "b";
    .port_info 2 /INPUT 1 "cin";
    .port_info 3 /OUTPUT 4 "sum";
    .port_info 4 /OUTPUT 1 "cout";
L_0x1516a93e0 .functor XOR 4, L_0x1516ad3c0, L_0x1516ad460, C4<0000>, C4<0000>;
L_0x1516a9450 .functor AND 4, L_0x1516ad3c0, L_0x1516ad460, C4<1111>, C4<1111>;
L_0x1516a9540 .functor BUFZ 1, L_0x1516a8960, C4<0>, C4<0>, C4<0>;
L_0x1516a9850 .functor AND 1, L_0x1516a9690, L_0x1516a9770, C4<1>, C4<1>;
L_0x1516a9980 .functor OR 1, L_0x1516a95b0, L_0x1516a9850, C4<0>, C4<0>;
L_0x1516a9d30 .functor AND 1, L_0x1516a9b40, L_0x1516a9c10, C4<1>, C4<1>;
L_0x1516a9e00 .functor OR 1, L_0x1516a9aa0, L_0x1516a9d30, C4<0>, C4<0>;
L_0x1516aa0f0 .functor AND 1, L_0x1516a9f30, L_0x1516aa050, C4<1>, C4<1>;
L_0x1516aa310 .functor AND 1, L_0x1516aa0f0, L_0x1516aa1e0, C4<1>, C4<1>;
L_0x1516aa410 .functor OR 1, L_0x1516a9e00, L_0x1516aa310, C4<0>, C4<0>;
L_0x1516aa900 .functor AND 1, L_0x1516aa750, L_0x1516aa7f0, C4<1>, C4<1>;
L_0x1516aaa10 .functor OR 1, L_0x1516aa650, L_0x1516aa900, C4<0>, C4<0>;
L_0x1516aa890 .functor AND 1, L_0x1516aaac0, L_0x1516aab60, C4<1>, C4<1>;
L_0x1516aae90 .functor AND 1, L_0x1516aa890, L_0x1516aadf0, C4<1>, C4<1>;
L_0x1516aaf40 .functor OR 1, L_0x1516aaa10, L_0x1516aae90, C4<0>, C4<0>;
L_0x1516aad80 .functor AND 1, L_0x1516ab0b0, L_0x1516ab1e0, C4<1>, C4<1>;
L_0x1516ab400 .functor AND 1, L_0x1516aad80, L_0x1516ab2c0, C4<1>, C4<1>;
L_0x1516ab5c0 .functor AND 1, L_0x1516ab400, L_0x1516ab520, C4<1>, C4<1>;
L_0x1516ab690 .functor OR 1, L_0x1516aaf40, L_0x1516ab5c0, C4<0>, C4<0>;
L_0x1516a9cb0 .functor AND 1, L_0x1516ab360, L_0x1516aba00, C4<1>, C4<1>;
L_0x1516abba0 .functor OR 1, L_0x1516ab860, L_0x1516a9cb0, C4<0>, C4<0>;
L_0x1516abeb0 .functor AND 1, L_0x1516ab7c0, L_0x1516abd40, C4<1>, C4<1>;
L_0x1516abfe0 .functor AND 1, L_0x1516abeb0, L_0x1516abf40, C4<1>, C4<1>;
L_0x1516ac190 .functor OR 1, L_0x1516abba0, L_0x1516abfe0, C4<0>, C4<0>;
L_0x1516abde0 .functor AND 1, L_0x1516ac200, L_0x1516ac380, C4<1>, C4<1>;
L_0x1516ac0d0 .functor AND 1, L_0x1516abde0, L_0x1516aac40, C4<1>, C4<1>;
L_0x1516ac7e0 .functor AND 1, L_0x1516ac0d0, L_0x1516ac2a0, C4<1>, C4<1>;
L_0x1516ac9b0 .functor OR 1, L_0x1516ac190, L_0x1516ac7e0, C4<0>, C4<0>;
L_0x1516ac6a0 .functor AND 1, L_0x1516aca20, L_0x1516acbc0, C4<1>, C4<1>;
L_0x1516ac8d0 .functor AND 1, L_0x1516ac6a0, L_0x1516acd50, C4<1>, C4<1>;
L_0x1516acf00 .functor AND 1, L_0x1516ac8d0, L_0x1516acb00, C4<1>, C4<1>;
L_0x1516acc60 .functor AND 1, L_0x1516acf00, L_0x1516ad0f0, C4<1>, C4<1>;
L_0x1516acdf0 .functor OR 1, L_0x1516ac9b0, L_0x1516acc60, C4<0>, C4<0>;
L_0x1516acff0 .functor XOR 4, L_0x1516a93e0, L_0x1516aa4c0, C4<0000>, C4<0000>;
v0x151633140_0 .net "G", 3 0, L_0x1516a9450;  1 drivers
v0x1516331f0_0 .net "P", 3 0, L_0x1516a93e0;  1 drivers
v0x1516332a0_0 .net *"_ivl_102", 0 0, L_0x1516abf40;  1 drivers
v0x151633360_0 .net *"_ivl_103", 0 0, L_0x1516abfe0;  1 drivers
v0x151633410_0 .net *"_ivl_105", 0 0, L_0x1516ac190;  1 drivers
v0x151633500_0 .net *"_ivl_108", 0 0, L_0x1516ac200;  1 drivers
v0x1516335b0_0 .net *"_ivl_11", 0 0, L_0x1516a95b0;  1 drivers
v0x151633660_0 .net *"_ivl_110", 0 0, L_0x1516ac380;  1 drivers
v0x151633710_0 .net *"_ivl_111", 0 0, L_0x1516abde0;  1 drivers
v0x151633820_0 .net *"_ivl_114", 0 0, L_0x1516aac40;  1 drivers
v0x1516338d0_0 .net *"_ivl_115", 0 0, L_0x1516ac0d0;  1 drivers
v0x151633980_0 .net *"_ivl_118", 0 0, L_0x1516ac2a0;  1 drivers
v0x151633a30_0 .net *"_ivl_119", 0 0, L_0x1516ac7e0;  1 drivers
v0x151633ae0_0 .net *"_ivl_121", 0 0, L_0x1516ac9b0;  1 drivers
v0x151633b90_0 .net *"_ivl_124", 0 0, L_0x1516aca20;  1 drivers
v0x151633c40_0 .net *"_ivl_126", 0 0, L_0x1516acbc0;  1 drivers
v0x151633cf0_0 .net *"_ivl_127", 0 0, L_0x1516ac6a0;  1 drivers
v0x151633e80_0 .net *"_ivl_13", 0 0, L_0x1516a9690;  1 drivers
v0x151633f10_0 .net *"_ivl_130", 0 0, L_0x1516acd50;  1 drivers
v0x151633fc0_0 .net *"_ivl_131", 0 0, L_0x1516ac8d0;  1 drivers
v0x151634070_0 .net *"_ivl_134", 0 0, L_0x1516acb00;  1 drivers
v0x151634120_0 .net *"_ivl_135", 0 0, L_0x1516acf00;  1 drivers
v0x1516341d0_0 .net *"_ivl_138", 0 0, L_0x1516ad0f0;  1 drivers
v0x151634280_0 .net *"_ivl_139", 0 0, L_0x1516acc60;  1 drivers
v0x151634330_0 .net *"_ivl_15", 0 0, L_0x1516a9770;  1 drivers
v0x1516343e0_0 .net *"_ivl_16", 0 0, L_0x1516a9850;  1 drivers
v0x151634490_0 .net *"_ivl_18", 0 0, L_0x1516a9980;  1 drivers
v0x151634540_0 .net *"_ivl_23", 0 0, L_0x1516a9aa0;  1 drivers
v0x1516345f0_0 .net *"_ivl_25", 0 0, L_0x1516a9b40;  1 drivers
v0x1516346a0_0 .net *"_ivl_27", 0 0, L_0x1516a9c10;  1 drivers
v0x151634750_0 .net *"_ivl_28", 0 0, L_0x1516a9d30;  1 drivers
v0x151634800_0 .net *"_ivl_30", 0 0, L_0x1516a9e00;  1 drivers
v0x1516348b0_0 .net *"_ivl_33", 0 0, L_0x1516a9f30;  1 drivers
v0x151633da0_0 .net *"_ivl_35", 0 0, L_0x1516aa050;  1 drivers
v0x151634b40_0 .net *"_ivl_36", 0 0, L_0x1516aa0f0;  1 drivers
v0x151634bd0_0 .net *"_ivl_39", 0 0, L_0x1516aa1e0;  1 drivers
v0x151634c70_0 .net *"_ivl_40", 0 0, L_0x1516aa310;  1 drivers
v0x151634d20_0 .net *"_ivl_42", 0 0, L_0x1516aa410;  1 drivers
v0x151634dd0_0 .net *"_ivl_48", 0 0, L_0x1516aa650;  1 drivers
v0x151634e80_0 .net *"_ivl_50", 0 0, L_0x1516aa750;  1 drivers
v0x151634f30_0 .net *"_ivl_52", 0 0, L_0x1516aa7f0;  1 drivers
v0x151634fe0_0 .net *"_ivl_53", 0 0, L_0x1516aa900;  1 drivers
v0x151635090_0 .net *"_ivl_55", 0 0, L_0x1516aaa10;  1 drivers
v0x151635140_0 .net *"_ivl_58", 0 0, L_0x1516aaac0;  1 drivers
v0x1516351f0_0 .net *"_ivl_60", 0 0, L_0x1516aab60;  1 drivers
v0x1516352a0_0 .net *"_ivl_61", 0 0, L_0x1516aa890;  1 drivers
v0x151635350_0 .net *"_ivl_64", 0 0, L_0x1516aadf0;  1 drivers
v0x151635400_0 .net *"_ivl_65", 0 0, L_0x1516aae90;  1 drivers
v0x1516354b0_0 .net *"_ivl_67", 0 0, L_0x1516aaf40;  1 drivers
v0x151635560_0 .net *"_ivl_7", 0 0, L_0x1516a9540;  1 drivers
v0x151635610_0 .net *"_ivl_70", 0 0, L_0x1516ab0b0;  1 drivers
v0x1516356c0_0 .net *"_ivl_72", 0 0, L_0x1516ab1e0;  1 drivers
v0x151635770_0 .net *"_ivl_73", 0 0, L_0x1516aad80;  1 drivers
v0x151635820_0 .net *"_ivl_76", 0 0, L_0x1516ab2c0;  1 drivers
v0x1516358d0_0 .net *"_ivl_77", 0 0, L_0x1516ab400;  1 drivers
v0x151635980_0 .net *"_ivl_80", 0 0, L_0x1516ab520;  1 drivers
v0x151635a30_0 .net *"_ivl_81", 0 0, L_0x1516ab5c0;  1 drivers
v0x151635ae0_0 .net *"_ivl_83", 0 0, L_0x1516ab690;  1 drivers
v0x151635b90_0 .net *"_ivl_86", 0 0, L_0x1516ab860;  1 drivers
v0x151635c40_0 .net *"_ivl_88", 0 0, L_0x1516ab360;  1 drivers
v0x151635cf0_0 .net *"_ivl_90", 0 0, L_0x1516aba00;  1 drivers
v0x151635da0_0 .net *"_ivl_91", 0 0, L_0x1516a9cb0;  1 drivers
v0x151635e50_0 .net *"_ivl_93", 0 0, L_0x1516abba0;  1 drivers
v0x151635f00_0 .net *"_ivl_96", 0 0, L_0x1516ab7c0;  1 drivers
v0x151635fb0_0 .net *"_ivl_98", 0 0, L_0x1516abd40;  1 drivers
v0x151634960_0 .net *"_ivl_99", 0 0, L_0x1516abeb0;  1 drivers
v0x151634a10_0 .net "a", 3 0, L_0x1516ad3c0;  1 drivers
v0x151636040_0 .net "b", 3 0, L_0x1516ad460;  1 drivers
v0x1516360d0_0 .net "c", 3 0, L_0x1516aa4c0;  1 drivers
v0x151636160_0 .net "cin", 0 0, L_0x1516a8960;  alias, 1 drivers
v0x1516361f0_0 .net "cout", 0 0, L_0x1516acdf0;  alias, 1 drivers
v0x151636280_0 .net "sum", 3 0, L_0x1516acff0;  1 drivers
L_0x1516a95b0 .part L_0x1516a9450, 0, 1;
L_0x1516a9690 .part L_0x1516a93e0, 0, 1;
L_0x1516a9770 .part L_0x1516aa4c0, 0, 1;
L_0x1516a9aa0 .part L_0x1516a9450, 1, 1;
L_0x1516a9b40 .part L_0x1516a93e0, 1, 1;
L_0x1516a9c10 .part L_0x1516a9450, 0, 1;
L_0x1516a9f30 .part L_0x1516a93e0, 1, 1;
L_0x1516aa050 .part L_0x1516a93e0, 0, 1;
L_0x1516aa1e0 .part L_0x1516aa4c0, 0, 1;
L_0x1516aa4c0 .concat8 [ 1 1 1 1], L_0x1516a9540, L_0x1516a9980, L_0x1516aa410, L_0x1516ab690;
L_0x1516aa650 .part L_0x1516a9450, 2, 1;
L_0x1516aa750 .part L_0x1516a93e0, 2, 1;
L_0x1516aa7f0 .part L_0x1516a9450, 1, 1;
L_0x1516aaac0 .part L_0x1516a93e0, 2, 1;
L_0x1516aab60 .part L_0x1516a93e0, 1, 1;
L_0x1516aadf0 .part L_0x1516a9450, 0, 1;
L_0x1516ab0b0 .part L_0x1516a93e0, 2, 1;
L_0x1516ab1e0 .part L_0x1516a93e0, 1, 1;
L_0x1516ab2c0 .part L_0x1516a93e0, 0, 1;
L_0x1516ab520 .part L_0x1516aa4c0, 0, 1;
L_0x1516ab860 .part L_0x1516a9450, 3, 1;
L_0x1516ab360 .part L_0x1516a93e0, 3, 1;
L_0x1516aba00 .part L_0x1516a9450, 2, 1;
L_0x1516ab7c0 .part L_0x1516a93e0, 3, 1;
L_0x1516abd40 .part L_0x1516a93e0, 2, 1;
L_0x1516abf40 .part L_0x1516a9450, 1, 1;
L_0x1516ac200 .part L_0x1516a93e0, 3, 1;
L_0x1516ac380 .part L_0x1516a93e0, 2, 1;
L_0x1516aac40 .part L_0x1516a93e0, 1, 1;
L_0x1516ac2a0 .part L_0x1516a9450, 0, 1;
L_0x1516aca20 .part L_0x1516a93e0, 3, 1;
L_0x1516acbc0 .part L_0x1516a93e0, 2, 1;
L_0x1516acd50 .part L_0x1516a93e0, 1, 1;
L_0x1516acb00 .part L_0x1516a93e0, 0, 1;
L_0x1516ad0f0 .part L_0x1516aa4c0, 0, 1;
S_0x151636340 .scope module, "n2" "cla_4" 5 15, 6 3 0, S_0x151632bd0;
 .timescale -9 -11;
    .port_info 0 /INPUT 4 "a";
    .port_info 1 /INPUT 4 "b";
    .port_info 2 /INPUT 1 "cin";
    .port_info 3 /OUTPUT 4 "sum";
    .port_info 4 /OUTPUT 1 "cout";
L_0x1516ad060 .functor XOR 4, L_0x1516b1570, L_0x1516b1610, C4<0000>, C4<0000>;
L_0x1516ad560 .functor AND 4, L_0x1516b1570, L_0x1516b1610, C4<1111>, C4<1111>;
L_0x1516ad690 .functor BUFZ 1, L_0x1516acdf0, C4<0>, C4<0>, C4<0>;
L_0x1516ada00 .functor AND 1, L_0x1516ad860, L_0x1516ad940, C4<1>, C4<1>;
L_0x1516adb30 .functor OR 1, L_0x1516ad780, L_0x1516ada00, C4<0>, C4<0>;
L_0x1516adee0 .functor AND 1, L_0x1516adcf0, L_0x1516addc0, C4<1>, C4<1>;
L_0x1516adfb0 .functor OR 1, L_0x1516adc50, L_0x1516adee0, C4<0>, C4<0>;
L_0x1516ae2a0 .functor AND 1, L_0x1516ae0e0, L_0x1516ae200, C4<1>, C4<1>;
L_0x1516ae4c0 .functor AND 1, L_0x1516ae2a0, L_0x1516ae390, C4<1>, C4<1>;
L_0x1516ae5c0 .functor OR 1, L_0x1516adfb0, L_0x1516ae4c0, C4<0>, C4<0>;
L_0x1516aeab0 .functor AND 1, L_0x1516ae900, L_0x1516ae9a0, C4<1>, C4<1>;
L_0x1516aebc0 .functor OR 1, L_0x1516ae800, L_0x1516aeab0, C4<0>, C4<0>;
L_0x1516aea40 .functor AND 1, L_0x1516aec70, L_0x1516aed10, C4<1>, C4<1>;
L_0x1516af040 .functor AND 1, L_0x1516aea40, L_0x1516aefa0, C4<1>, C4<1>;
L_0x1516af0f0 .functor OR 1, L_0x1516aebc0, L_0x1516af040, C4<0>, C4<0>;
L_0x1516aef30 .functor AND 1, L_0x1516af260, L_0x1516af390, C4<1>, C4<1>;
L_0x1516af5b0 .functor AND 1, L_0x1516aef30, L_0x1516af470, C4<1>, C4<1>;
L_0x1516af770 .functor AND 1, L_0x1516af5b0, L_0x1516af6d0, C4<1>, C4<1>;
L_0x1516af840 .functor OR 1, L_0x1516af0f0, L_0x1516af770, C4<0>, C4<0>;
L_0x1516ade60 .functor AND 1, L_0x1516af510, L_0x1516afbb0, C4<1>, C4<1>;
L_0x1516afd50 .functor OR 1, L_0x1516afa10, L_0x1516ade60, C4<0>, C4<0>;
L_0x1516b0060 .functor AND 1, L_0x1516af970, L_0x1516afef0, C4<1>, C4<1>;
L_0x1516b0190 .functor AND 1, L_0x1516b0060, L_0x1516b00f0, C4<1>, C4<1>;
L_0x1516b0340 .functor OR 1, L_0x1516afd50, L_0x1516b0190, C4<0>, C4<0>;
L_0x1516aff90 .functor AND 1, L_0x1516b03b0, L_0x1516b0530, C4<1>, C4<1>;
L_0x1516b0280 .functor AND 1, L_0x1516aff90, L_0x1516aedf0, C4<1>, C4<1>;
L_0x1516b0990 .functor AND 1, L_0x1516b0280, L_0x1516b0450, C4<1>, C4<1>;
L_0x1516b0b60 .functor OR 1, L_0x1516b0340, L_0x1516b0990, C4<0>, C4<0>;
L_0x1516b0850 .functor AND 1, L_0x1516b0bd0, L_0x1516b0d70, C4<1>, C4<1>;
L_0x1516b0a80 .functor AND 1, L_0x1516b0850, L_0x1516b0f00, C4<1>, C4<1>;
L_0x1516b10b0 .functor AND 1, L_0x1516b0a80, L_0x1516b0cb0, C4<1>, C4<1>;
L_0x1516b0e10 .functor AND 1, L_0x1516b10b0, L_0x1516b12a0, C4<1>, C4<1>;
L_0x1516b0fa0 .functor OR 1, L_0x1516b0b60, L_0x1516b0e10, C4<0>, C4<0>;
L_0x1516b11a0 .functor XOR 4, L_0x1516ad060, L_0x1516ae670, C4<0000>, C4<0000>;
v0x151636580_0 .net "G", 3 0, L_0x1516ad560;  1 drivers
v0x151636620_0 .net "P", 3 0, L_0x1516ad060;  1 drivers
v0x1516366d0_0 .net *"_ivl_102", 0 0, L_0x1516b00f0;  1 drivers
v0x151636790_0 .net *"_ivl_103", 0 0, L_0x1516b0190;  1 drivers
v0x151636840_0 .net *"_ivl_105", 0 0, L_0x1516b0340;  1 drivers
v0x151636930_0 .net *"_ivl_108", 0 0, L_0x1516b03b0;  1 drivers
v0x1516369e0_0 .net *"_ivl_11", 0 0, L_0x1516ad780;  1 drivers
v0x151636a90_0 .net *"_ivl_110", 0 0, L_0x1516b0530;  1 drivers
v0x151636b40_0 .net *"_ivl_111", 0 0, L_0x1516aff90;  1 drivers
v0x151636c50_0 .net *"_ivl_114", 0 0, L_0x1516aedf0;  1 drivers
v0x151636d00_0 .net *"_ivl_115", 0 0, L_0x1516b0280;  1 drivers
v0x151636db0_0 .net *"_ivl_118", 0 0, L_0x1516b0450;  1 drivers
v0x151636e60_0 .net *"_ivl_119", 0 0, L_0x1516b0990;  1 drivers
v0x151636f10_0 .net *"_ivl_121", 0 0, L_0x1516b0b60;  1 drivers
v0x151636fc0_0 .net *"_ivl_124", 0 0, L_0x1516b0bd0;  1 drivers
v0x151637070_0 .net *"_ivl_126", 0 0, L_0x1516b0d70;  1 drivers
v0x151637120_0 .net *"_ivl_127", 0 0, L_0x1516b0850;  1 drivers
v0x1516372b0_0 .net *"_ivl_13", 0 0, L_0x1516ad860;  1 drivers
v0x151637340_0 .net *"_ivl_130", 0 0, L_0x1516b0f00;  1 drivers
v0x1516373f0_0 .net *"_ivl_131", 0 0, L_0x1516b0a80;  1 drivers
v0x1516374a0_0 .net *"_ivl_134", 0 0, L_0x1516b0cb0;  1 drivers
v0x151637550_0 .net *"_ivl_135", 0 0, L_0x1516b10b0;  1 drivers
v0x151637600_0 .net *"_ivl_138", 0 0, L_0x1516b12a0;  1 drivers
v0x1516376b0_0 .net *"_ivl_139", 0 0, L_0x1516b0e10;  1 drivers
v0x151637760_0 .net *"_ivl_15", 0 0, L_0x1516ad940;  1 drivers
v0x151637810_0 .net *"_ivl_16", 0 0, L_0x1516ada00;  1 drivers
v0x1516378c0_0 .net *"_ivl_18", 0 0, L_0x1516adb30;  1 drivers
v0x151637970_0 .net *"_ivl_23", 0 0, L_0x1516adc50;  1 drivers
v0x151637a20_0 .net *"_ivl_25", 0 0, L_0x1516adcf0;  1 drivers
v0x151637ad0_0 .net *"_ivl_27", 0 0, L_0x1516addc0;  1 drivers
v0x151637b80_0 .net *"_ivl_28", 0 0, L_0x1516adee0;  1 drivers
v0x151637c30_0 .net *"_ivl_30", 0 0, L_0x1516adfb0;  1 drivers
v0x151637ce0_0 .net *"_ivl_33", 0 0, L_0x1516ae0e0;  1 drivers
v0x1516371d0_0 .net *"_ivl_35", 0 0, L_0x1516ae200;  1 drivers
v0x151637f70_0 .net *"_ivl_36", 0 0, L_0x1516ae2a0;  1 drivers
v0x151638000_0 .net *"_ivl_39", 0 0, L_0x1516ae390;  1 drivers
v0x1516380a0_0 .net *"_ivl_40", 0 0, L_0x1516ae4c0;  1 drivers
v0x151638150_0 .net *"_ivl_42", 0 0, L_0x1516ae5c0;  1 drivers
v0x151638200_0 .net *"_ivl_48", 0 0, L_0x1516ae800;  1 drivers
v0x1516382b0_0 .net *"_ivl_50", 0 0, L_0x1516ae900;  1 drivers
v0x151638360_0 .net *"_ivl_52", 0 0, L_0x1516ae9a0;  1 drivers
v0x151638410_0 .net *"_ivl_53", 0 0, L_0x1516aeab0;  1 drivers
v0x1516384c0_0 .net *"_ivl_55", 0 0, L_0x1516aebc0;  1 drivers
v0x151638570_0 .net *"_ivl_58", 0 0, L_0x1516aec70;  1 drivers
v0x151638620_0 .net *"_ivl_60", 0 0, L_0x1516aed10;  1 drivers
v0x1516386d0_0 .net *"_ivl_61", 0 0, L_0x1516aea40;  1 drivers
v0x151638780_0 .net *"_ivl_64", 0 0, L_0x1516aefa0;  1 drivers
v0x151638830_0 .net *"_ivl_65", 0 0, L_0x1516af040;  1 drivers
v0x1516388e0_0 .net *"_ivl_67", 0 0, L_0x1516af0f0;  1 drivers
v0x151638990_0 .net *"_ivl_7", 0 0, L_0x1516ad690;  1 drivers
v0x151638a40_0 .net *"_ivl_70", 0 0, L_0x1516af260;  1 drivers
v0x151638af0_0 .net *"_ivl_72", 0 0, L_0x1516af390;  1 drivers
v0x151638ba0_0 .net *"_ivl_73", 0 0, L_0x1516aef30;  1 drivers
v0x151638c50_0 .net *"_ivl_76", 0 0, L_0x1516af470;  1 drivers
v0x151638d00_0 .net *"_ivl_77", 0 0, L_0x1516af5b0;  1 drivers
v0x151638db0_0 .net *"_ivl_80", 0 0, L_0x1516af6d0;  1 drivers
v0x151638e60_0 .net *"_ivl_81", 0 0, L_0x1516af770;  1 drivers
v0x151638f10_0 .net *"_ivl_83", 0 0, L_0x1516af840;  1 drivers
v0x151638fc0_0 .net *"_ivl_86", 0 0, L_0x1516afa10;  1 drivers
v0x151639070_0 .net *"_ivl_88", 0 0, L_0x1516af510;  1 drivers
v0x151639120_0 .net *"_ivl_90", 0 0, L_0x1516afbb0;  1 drivers
v0x1516391d0_0 .net *"_ivl_91", 0 0, L_0x1516ade60;  1 drivers
v0x151639280_0 .net *"_ivl_93", 0 0, L_0x1516afd50;  1 drivers
v0x151639330_0 .net *"_ivl_96", 0 0, L_0x1516af970;  1 drivers
v0x1516393e0_0 .net *"_ivl_98", 0 0, L_0x1516afef0;  1 drivers
v0x151637d90_0 .net *"_ivl_99", 0 0, L_0x1516b0060;  1 drivers
v0x151637e40_0 .net "a", 3 0, L_0x1516b1570;  1 drivers
v0x151639470_0 .net "b", 3 0, L_0x1516b1610;  1 drivers
v0x151639500_0 .net "c", 3 0, L_0x1516ae670;  1 drivers
v0x151639590_0 .net "cin", 0 0, L_0x1516acdf0;  alias, 1 drivers
v0x151639620_0 .net "cout", 0 0, L_0x1516b0fa0;  alias, 1 drivers
v0x1516396b0_0 .net "sum", 3 0, L_0x1516b11a0;  1 drivers
L_0x1516ad780 .part L_0x1516ad560, 0, 1;
L_0x1516ad860 .part L_0x1516ad060, 0, 1;
L_0x1516ad940 .part L_0x1516ae670, 0, 1;
L_0x1516adc50 .part L_0x1516ad560, 1, 1;
L_0x1516adcf0 .part L_0x1516ad060, 1, 1;
L_0x1516addc0 .part L_0x1516ad560, 0, 1;
L_0x1516ae0e0 .part L_0x1516ad060, 1, 1;
L_0x1516ae200 .part L_0x1516ad060, 0, 1;
L_0x1516ae390 .part L_0x1516ae670, 0, 1;
L_0x1516ae670 .concat8 [ 1 1 1 1], L_0x1516ad690, L_0x1516adb30, L_0x1516ae5c0, L_0x1516af840;
L_0x1516ae800 .part L_0x1516ad560, 2, 1;
L_0x1516ae900 .part L_0x1516ad060, 2, 1;
L_0x1516ae9a0 .part L_0x1516ad560, 1, 1;
L_0x1516aec70 .part L_0x1516ad060, 2, 1;
L_0x1516aed10 .part L_0x1516ad060, 1, 1;
L_0x1516aefa0 .part L_0x1516ad560, 0, 1;
L_0x1516af260 .part L_0x1516ad060, 2, 1;
L_0x1516af390 .part L_0x1516ad060, 1, 1;
L_0x1516af470 .part L_0x1516ad060, 0, 1;
L_0x1516af6d0 .part L_0x1516ae670, 0, 1;
L_0x1516afa10 .part L_0x1516ad560, 3, 1;
L_0x1516af510 .part L_0x1516ad060, 3, 1;
L_0x1516afbb0 .part L_0x1516ad560, 2, 1;
L_0x1516af970 .part L_0x1516ad060, 3, 1;
L_0x1516afef0 .part L_0x1516ad060, 2, 1;
L_0x1516b00f0 .part L_0x1516ad560, 1, 1;
L_0x1516b03b0 .part L_0x1516ad060, 3, 1;
L_0x1516b0530 .part L_0x1516ad060, 2, 1;
L_0x1516aedf0 .part L_0x1516ad060, 1, 1;
L_0x1516b0450 .part L_0x1516ad560, 0, 1;
L_0x1516b0bd0 .part L_0x1516ad060, 3, 1;
L_0x1516b0d70 .part L_0x1516ad060, 2, 1;
L_0x1516b0f00 .part L_0x1516ad060, 1, 1;
L_0x1516b0cb0 .part L_0x1516ad060, 0, 1;
L_0x1516b12a0 .part L_0x1516ae670, 0, 1;
S_0x151639740 .scope module, "n3" "cla_4" 5 16, 6 3 0, S_0x151632bd0;
 .timescale -9 -11;
    .port_info 0 /INPUT 4 "a";
    .port_info 1 /INPUT 4 "b";
    .port_info 2 /INPUT 1 "cin";
    .port_info 3 /OUTPUT 4 "sum";
    .port_info 4 /OUTPUT 1 "cout";
L_0x1516b16b0 .functor XOR 4, L_0x1516b5750, L_0x1516b57f0, C4<0000>, C4<0000>;
L_0x1516b1740 .functor AND 4, L_0x1516b5750, L_0x1516b57f0, C4<1111>, C4<1111>;
L_0x1516b1870 .functor BUFZ 1, L_0x1516b0fa0, C4<0>, C4<0>, C4<0>;
L_0x1516b1be0 .functor AND 1, L_0x1516b1a40, L_0x1516b1b20, C4<1>, C4<1>;
L_0x1516b1d10 .functor OR 1, L_0x1516b1960, L_0x1516b1be0, C4<0>, C4<0>;
L_0x1516b20c0 .functor AND 1, L_0x1516b1ed0, L_0x1516b1fa0, C4<1>, C4<1>;
L_0x1516b2190 .functor OR 1, L_0x1516b1e30, L_0x1516b20c0, C4<0>, C4<0>;
L_0x1516b2480 .functor AND 1, L_0x1516b22c0, L_0x1516b23e0, C4<1>, C4<1>;
L_0x1516b26a0 .functor AND 1, L_0x1516b2480, L_0x1516b2570, C4<1>, C4<1>;
L_0x1516b27a0 .functor OR 1, L_0x1516b2190, L_0x1516b26a0, C4<0>, C4<0>;
L_0x1516b2c90 .functor AND 1, L_0x1516b2ae0, L_0x1516b2b80, C4<1>, C4<1>;
L_0x1516b2da0 .functor OR 1, L_0x1516b29e0, L_0x1516b2c90, C4<0>, C4<0>;
L_0x1516b2c20 .functor AND 1, L_0x1516b2e50, L_0x1516b2ef0, C4<1>, C4<1>;
L_0x1516b3220 .functor AND 1, L_0x1516b2c20, L_0x1516b3180, C4<1>, C4<1>;
L_0x1516b32d0 .functor OR 1, L_0x1516b2da0, L_0x1516b3220, C4<0>, C4<0>;
L_0x1516b3110 .functor AND 1, L_0x1516b3440, L_0x1516b3570, C4<1>, C4<1>;
L_0x1516b3790 .functor AND 1, L_0x1516b3110, L_0x1516b3650, C4<1>, C4<1>;
L_0x1516b3950 .functor AND 1, L_0x1516b3790, L_0x1516b38b0, C4<1>, C4<1>;
L_0x1516b3a20 .functor OR 1, L_0x1516b32d0, L_0x1516b3950, C4<0>, C4<0>;
L_0x1516b2040 .functor AND 1, L_0x1516b36f0, L_0x1516b3d90, C4<1>, C4<1>;
L_0x1516b3f30 .functor OR 1, L_0x1516b3bf0, L_0x1516b2040, C4<0>, C4<0>;
L_0x1516b4240 .functor AND 1, L_0x1516b3b50, L_0x1516b40d0, C4<1>, C4<1>;
L_0x1516b4370 .functor AND 1, L_0x1516b4240, L_0x1516b42d0, C4<1>, C4<1>;
L_0x1516b4520 .functor OR 1, L_0x1516b3f30, L_0x1516b4370, C4<0>, C4<0>;
L_0x1516b4170 .functor AND 1, L_0x1516b4590, L_0x1516b4710, C4<1>, C4<1>;
L_0x1516b4460 .functor AND 1, L_0x1516b4170, L_0x1516b2fd0, C4<1>, C4<1>;
L_0x1516b4b70 .functor AND 1, L_0x1516b4460, L_0x1516b4630, C4<1>, C4<1>;
L_0x1516b4d40 .functor OR 1, L_0x1516b4520, L_0x1516b4b70, C4<0>, C4<0>;
L_0x1516b4a30 .functor AND 1, L_0x1516b4db0, L_0x1516b4f50, C4<1>, C4<1>;
L_0x1516b4c60 .functor AND 1, L_0x1516b4a30, L_0x1516b50e0, C4<1>, C4<1>;
L_0x1516b5290 .functor AND 1, L_0x1516b4c60, L_0x1516b4e90, C4<1>, C4<1>;
L_0x1516b4ff0 .functor AND 1, L_0x1516b5290, L_0x1516b5480, C4<1>, C4<1>;
L_0x1516b5180 .functor OR 1, L_0x1516b4d40, L_0x1516b4ff0, C4<0>, C4<0>;
L_0x1516b5380 .functor XOR 4, L_0x1516b16b0, L_0x1516b2850, C4<0000>, C4<0000>;
v0x1516399a0_0 .net "G", 3 0, L_0x1516b1740;  1 drivers
v0x151639a50_0 .net "P", 3 0, L_0x1516b16b0;  1 drivers
v0x151639b00_0 .net *"_ivl_102", 0 0, L_0x1516b42d0;  1 drivers
v0x151639bc0_0 .net *"_ivl_103", 0 0, L_0x1516b4370;  1 drivers
v0x151639c70_0 .net *"_ivl_105", 0 0, L_0x1516b4520;  1 drivers
v0x151639d60_0 .net *"_ivl_108", 0 0, L_0x1516b4590;  1 drivers
v0x151639e10_0 .net *"_ivl_11", 0 0, L_0x1516b1960;  1 drivers
v0x151639ec0_0 .net *"_ivl_110", 0 0, L_0x1516b4710;  1 drivers
v0x151639f70_0 .net *"_ivl_111", 0 0, L_0x1516b4170;  1 drivers
v0x15163a080_0 .net *"_ivl_114", 0 0, L_0x1516b2fd0;  1 drivers
v0x15163a130_0 .net *"_ivl_115", 0 0, L_0x1516b4460;  1 drivers
v0x15163a1e0_0 .net *"_ivl_118", 0 0, L_0x1516b4630;  1 drivers
v0x15163a290_0 .net *"_ivl_119", 0 0, L_0x1516b4b70;  1 drivers
v0x15163a340_0 .net *"_ivl_121", 0 0, L_0x1516b4d40;  1 drivers
v0x15163a3f0_0 .net *"_ivl_124", 0 0, L_0x1516b4db0;  1 drivers
v0x15163a4a0_0 .net *"_ivl_126", 0 0, L_0x1516b4f50;  1 drivers
v0x15163a550_0 .net *"_ivl_127", 0 0, L_0x1516b4a30;  1 drivers
v0x15163a6e0_0 .net *"_ivl_13", 0 0, L_0x1516b1a40;  1 drivers
v0x15163a770_0 .net *"_ivl_130", 0 0, L_0x1516b50e0;  1 drivers
v0x15163a820_0 .net *"_ivl_131", 0 0, L_0x1516b4c60;  1 drivers
v0x15163a8d0_0 .net *"_ivl_134", 0 0, L_0x1516b4e90;  1 drivers
v0x15163a980_0 .net *"_ivl_135", 0 0, L_0x1516b5290;  1 drivers
v0x15163aa30_0 .net *"_ivl_138", 0 0, L_0x1516b5480;  1 drivers
v0x15163aae0_0 .net *"_ivl_139", 0 0, L_0x1516b4ff0;  1 drivers
v0x15163ab90_0 .net *"_ivl_15", 0 0, L_0x1516b1b20;  1 drivers
v0x15163ac40_0 .net *"_ivl_16", 0 0, L_0x1516b1be0;  1 drivers
v0x15163acf0_0 .net *"_ivl_18", 0 0, L_0x1516b1d10;  1 drivers
v0x15163ada0_0 .net *"_ivl_23", 0 0, L_0x1516b1e30;  1 drivers
v0x15163ae50_0 .net *"_ivl_25", 0 0, L_0x1516b1ed0;  1 drivers
v0x15163af00_0 .net *"_ivl_27", 0 0, L_0x1516b1fa0;  1 drivers
v0x15163afb0_0 .net *"_ivl_28", 0 0, L_0x1516b20c0;  1 drivers
v0x15163b060_0 .net *"_ivl_30", 0 0, L_0x1516b2190;  1 drivers
v0x15163b110_0 .net *"_ivl_33", 0 0, L_0x1516b22c0;  1 drivers
v0x15163a600_0 .net *"_ivl_35", 0 0, L_0x1516b23e0;  1 drivers
v0x15163b3a0_0 .net *"_ivl_36", 0 0, L_0x1516b2480;  1 drivers
v0x15163b430_0 .net *"_ivl_39", 0 0, L_0x1516b2570;  1 drivers
v0x15163b4d0_0 .net *"_ivl_40", 0 0, L_0x1516b26a0;  1 drivers
v0x15163b580_0 .net *"_ivl_42", 0 0, L_0x1516b27a0;  1 drivers
v0x15163b630_0 .net *"_ivl_48", 0 0, L_0x1516b29e0;  1 drivers
v0x15163b6e0_0 .net *"_ivl_50", 0 0, L_0x1516b2ae0;  1 drivers
v0x15163b790_0 .net *"_ivl_52", 0 0, L_0x1516b2b80;  1 drivers
v0x15163b840_0 .net *"_ivl_53", 0 0, L_0x1516b2c90;  1 drivers
v0x15163b8f0_0 .net *"_ivl_55", 0 0, L_0x1516b2da0;  1 drivers
v0x15163b9a0_0 .net *"_ivl_58", 0 0, L_0x1516b2e50;  1 drivers
v0x15163ba50_0 .net *"_ivl_60", 0 0, L_0x1516b2ef0;  1 drivers
v0x15163bb00_0 .net *"_ivl_61", 0 0, L_0x1516b2c20;  1 drivers
v0x15163bbb0_0 .net *"_ivl_64", 0 0, L_0x1516b3180;  1 drivers
v0x15163bc60_0 .net *"_ivl_65", 0 0, L_0x1516b3220;  1 drivers
v0x15163bd10_0 .net *"_ivl_67", 0 0, L_0x1516b32d0;  1 drivers
v0x15163bdc0_0 .net *"_ivl_7", 0 0, L_0x1516b1870;  1 drivers
v0x15163be70_0 .net *"_ivl_70", 0 0, L_0x1516b3440;  1 drivers
v0x15163bf20_0 .net *"_ivl_72", 0 0, L_0x1516b3570;  1 drivers
v0x15163bfd0_0 .net *"_ivl_73", 0 0, L_0x1516b3110;  1 drivers
v0x15163c080_0 .net *"_ivl_76", 0 0, L_0x1516b3650;  1 drivers
v0x15163c130_0 .net *"_ivl_77", 0 0, L_0x1516b3790;  1 drivers
v0x15163c1e0_0 .net *"_ivl_80", 0 0, L_0x1516b38b0;  1 drivers
v0x15163c290_0 .net *"_ivl_81", 0 0, L_0x1516b3950;  1 drivers
v0x15163c340_0 .net *"_ivl_83", 0 0, L_0x1516b3a20;  1 drivers
v0x15163c3f0_0 .net *"_ivl_86", 0 0, L_0x1516b3bf0;  1 drivers
v0x15163c4a0_0 .net *"_ivl_88", 0 0, L_0x1516b36f0;  1 drivers
v0x15163c550_0 .net *"_ivl_90", 0 0, L_0x1516b3d90;  1 drivers
v0x15163c600_0 .net *"_ivl_91", 0 0, L_0x1516b2040;  1 drivers
v0x15163c6b0_0 .net *"_ivl_93", 0 0, L_0x1516b3f30;  1 drivers
v0x15163c760_0 .net *"_ivl_96", 0 0, L_0x1516b3b50;  1 drivers
v0x15163c810_0 .net *"_ivl_98", 0 0, L_0x1516b40d0;  1 drivers
v0x15163b1c0_0 .net *"_ivl_99", 0 0, L_0x1516b4240;  1 drivers
v0x15163b270_0 .net "a", 3 0, L_0x1516b5750;  1 drivers
v0x15163c8a0_0 .net "b", 3 0, L_0x1516b57f0;  1 drivers
v0x15163c930_0 .net "c", 3 0, L_0x1516b2850;  1 drivers
v0x15163c9c0_0 .net "cin", 0 0, L_0x1516b0fa0;  alias, 1 drivers
v0x15163ca50_0 .net "cout", 0 0, L_0x1516b5180;  alias, 1 drivers
v0x15163cae0_0 .net "sum", 3 0, L_0x1516b5380;  1 drivers
L_0x1516b1960 .part L_0x1516b1740, 0, 1;
L_0x1516b1a40 .part L_0x1516b16b0, 0, 1;
L_0x1516b1b20 .part L_0x1516b2850, 0, 1;
L_0x1516b1e30 .part L_0x1516b1740, 1, 1;
L_0x1516b1ed0 .part L_0x1516b16b0, 1, 1;
L_0x1516b1fa0 .part L_0x1516b1740, 0, 1;
L_0x1516b22c0 .part L_0x1516b16b0, 1, 1;
L_0x1516b23e0 .part L_0x1516b16b0, 0, 1;
L_0x1516b2570 .part L_0x1516b2850, 0, 1;
L_0x1516b2850 .concat8 [ 1 1 1 1], L_0x1516b1870, L_0x1516b1d10, L_0x1516b27a0, L_0x1516b3a20;
L_0x1516b29e0 .part L_0x1516b1740, 2, 1;
L_0x1516b2ae0 .part L_0x1516b16b0, 2, 1;
L_0x1516b2b80 .part L_0x1516b1740, 1, 1;
L_0x1516b2e50 .part L_0x1516b16b0, 2, 1;
L_0x1516b2ef0 .part L_0x1516b16b0, 1, 1;
L_0x1516b3180 .part L_0x1516b1740, 0, 1;
L_0x1516b3440 .part L_0x1516b16b0, 2, 1;
L_0x1516b3570 .part L_0x1516b16b0, 1, 1;
L_0x1516b3650 .part L_0x1516b16b0, 0, 1;
L_0x1516b38b0 .part L_0x1516b2850, 0, 1;
L_0x1516b3bf0 .part L_0x1516b1740, 3, 1;
L_0x1516b36f0 .part L_0x1516b16b0, 3, 1;
L_0x1516b3d90 .part L_0x1516b1740, 2, 1;
L_0x1516b3b50 .part L_0x1516b16b0, 3, 1;
L_0x1516b40d0 .part L_0x1516b16b0, 2, 1;
L_0x1516b42d0 .part L_0x1516b1740, 1, 1;
L_0x1516b4590 .part L_0x1516b16b0, 3, 1;
L_0x1516b4710 .part L_0x1516b16b0, 2, 1;
L_0x1516b2fd0 .part L_0x1516b16b0, 1, 1;
L_0x1516b4630 .part L_0x1516b1740, 0, 1;
L_0x1516b4db0 .part L_0x1516b16b0, 3, 1;
L_0x1516b4f50 .part L_0x1516b16b0, 2, 1;
L_0x1516b50e0 .part L_0x1516b16b0, 1, 1;
L_0x1516b4e90 .part L_0x1516b16b0, 0, 1;
L_0x1516b5480 .part L_0x1516b2850, 0, 1;
S_0x15163cb70 .scope module, "n4" "cla_4" 5 17, 6 3 0, S_0x151632bd0;
 .timescale -9 -11;
    .port_info 0 /INPUT 4 "a";
    .port_info 1 /INPUT 4 "b";
    .port_info 2 /INPUT 1 "cin";
    .port_info 3 /OUTPUT 4 "sum";
    .port_info 4 /OUTPUT 1 "cout";
L_0x1516b5890 .functor XOR 4, L_0x1516b98d0, L_0x1516b9970, C4<0000>, C4<0000>;
L_0x1516b5900 .functor AND 4, L_0x1516b98d0, L_0x1516b9970, C4<1111>, C4<1111>;
L_0x1516b59f0 .functor BUFZ 1, L_0x1516b5180, C4<0>, C4<0>, C4<0>;
L_0x1516b5d60 .functor AND 1, L_0x1516b5bc0, L_0x1516b5ca0, C4<1>, C4<1>;
L_0x1516b5e90 .functor OR 1, L_0x1516b5ae0, L_0x1516b5d60, C4<0>, C4<0>;
L_0x1516b6240 .functor AND 1, L_0x1516b6050, L_0x1516b6120, C4<1>, C4<1>;
L_0x1516b6310 .functor OR 1, L_0x1516b5fb0, L_0x1516b6240, C4<0>, C4<0>;
L_0x1516b6600 .functor AND 1, L_0x1516b6440, L_0x1516b6560, C4<1>, C4<1>;
L_0x1516b6820 .functor AND 1, L_0x1516b6600, L_0x1516b66f0, C4<1>, C4<1>;
L_0x1516b6920 .functor OR 1, L_0x1516b6310, L_0x1516b6820, C4<0>, C4<0>;
L_0x1516b6e10 .functor AND 1, L_0x1516b6c60, L_0x1516b6d00, C4<1>, C4<1>;
L_0x1516b6f20 .functor OR 1, L_0x1516b6b60, L_0x1516b6e10, C4<0>, C4<0>;
L_0x1516b6da0 .functor AND 1, L_0x1516b6fd0, L_0x1516b7070, C4<1>, C4<1>;
L_0x1516b73a0 .functor AND 1, L_0x1516b6da0, L_0x1516b7300, C4<1>, C4<1>;
L_0x1516b7450 .functor OR 1, L_0x1516b6f20, L_0x1516b73a0, C4<0>, C4<0>;
L_0x1516b7290 .functor AND 1, L_0x1516b75c0, L_0x1516b76f0, C4<1>, C4<1>;
L_0x1516b7910 .functor AND 1, L_0x1516b7290, L_0x1516b77d0, C4<1>, C4<1>;
L_0x1516b7ad0 .functor AND 1, L_0x1516b7910, L_0x1516b7a30, C4<1>, C4<1>;
L_0x1516b7ba0 .functor OR 1, L_0x1516b7450, L_0x1516b7ad0, C4<0>, C4<0>;
L_0x1516b61c0 .functor AND 1, L_0x1516b7870, L_0x1516b7f10, C4<1>, C4<1>;
L_0x1516b80b0 .functor OR 1, L_0x1516b7d70, L_0x1516b61c0, C4<0>, C4<0>;
L_0x1516b83c0 .functor AND 1, L_0x1516b7cd0, L_0x1516b8250, C4<1>, C4<1>;
L_0x1516b84f0 .functor AND 1, L_0x1516b83c0, L_0x1516b8450, C4<1>, C4<1>;
L_0x1516b86a0 .functor OR 1, L_0x1516b80b0, L_0x1516b84f0, C4<0>, C4<0>;
L_0x1516b82f0 .functor AND 1, L_0x1516b8710, L_0x1516b8890, C4<1>, C4<1>;
L_0x1516b85e0 .functor AND 1, L_0x1516b82f0, L_0x1516b7150, C4<1>, C4<1>;
L_0x1516b8cf0 .functor AND 1, L_0x1516b85e0, L_0x1516b87b0, C4<1>, C4<1>;
L_0x1516b8ec0 .functor OR 1, L_0x1516b86a0, L_0x1516b8cf0, C4<0>, C4<0>;
L_0x1516b8bb0 .functor AND 1, L_0x1516b8f30, L_0x1516b90d0, C4<1>, C4<1>;
L_0x1516b8de0 .functor AND 1, L_0x1516b8bb0, L_0x1516b9260, C4<1>, C4<1>;
L_0x1516b9410 .functor AND 1, L_0x1516b8de0, L_0x1516b9010, C4<1>, C4<1>;
L_0x1516b9170 .functor AND 1, L_0x1516b9410, L_0x1516b9600, C4<1>, C4<1>;
L_0x1516b9300 .functor OR 1, L_0x1516b8ec0, L_0x1516b9170, C4<0>, C4<0>;
L_0x1516b9500 .functor XOR 4, L_0x1516b5890, L_0x1516b69d0, C4<0000>, C4<0000>;
v0x15163cdb0_0 .net "G", 3 0, L_0x1516b5900;  1 drivers
v0x15163ce70_0 .net "P", 3 0, L_0x1516b5890;  1 drivers
v0x15163cf20_0 .net *"_ivl_102", 0 0, L_0x1516b8450;  1 drivers
v0x15163cfe0_0 .net *"_ivl_103", 0 0, L_0x1516b84f0;  1 drivers
v0x15163d090_0 .net *"_ivl_105", 0 0, L_0x1516b86a0;  1 drivers
v0x15163d180_0 .net *"_ivl_108", 0 0, L_0x1516b8710;  1 drivers
v0x15163d230_0 .net *"_ivl_11", 0 0, L_0x1516b5ae0;  1 drivers
v0x15163d2e0_0 .net *"_ivl_110", 0 0, L_0x1516b8890;  1 drivers
v0x15163d390_0 .net *"_ivl_111", 0 0, L_0x1516b82f0;  1 drivers
v0x15163d4a0_0 .net *"_ivl_114", 0 0, L_0x1516b7150;  1 drivers
v0x15163d550_0 .net *"_ivl_115", 0 0, L_0x1516b85e0;  1 drivers
v0x15163d600_0 .net *"_ivl_118", 0 0, L_0x1516b87b0;  1 drivers
v0x15163d6b0_0 .net *"_ivl_119", 0 0, L_0x1516b8cf0;  1 drivers
v0x15163d760_0 .net *"_ivl_121", 0 0, L_0x1516b8ec0;  1 drivers
v0x15163d810_0 .net *"_ivl_124", 0 0, L_0x1516b8f30;  1 drivers
v0x15163d8c0_0 .net *"_ivl_126", 0 0, L_0x1516b90d0;  1 drivers
v0x15163d970_0 .net *"_ivl_127", 0 0, L_0x1516b8bb0;  1 drivers
v0x15163db00_0 .net *"_ivl_13", 0 0, L_0x1516b5bc0;  1 drivers
v0x15163db90_0 .net *"_ivl_130", 0 0, L_0x1516b9260;  1 drivers
v0x15163dc40_0 .net *"_ivl_131", 0 0, L_0x1516b8de0;  1 drivers
v0x15163dcf0_0 .net *"_ivl_134", 0 0, L_0x1516b9010;  1 drivers
v0x15163dda0_0 .net *"_ivl_135", 0 0, L_0x1516b9410;  1 drivers
v0x15163de50_0 .net *"_ivl_138", 0 0, L_0x1516b9600;  1 drivers
v0x15163df00_0 .net *"_ivl_139", 0 0, L_0x1516b9170;  1 drivers
v0x15163dfb0_0 .net *"_ivl_15", 0 0, L_0x1516b5ca0;  1 drivers
v0x15163e060_0 .net *"_ivl_16", 0 0, L_0x1516b5d60;  1 drivers
v0x15163e110_0 .net *"_ivl_18", 0 0, L_0x1516b5e90;  1 drivers
v0x15163e1c0_0 .net *"_ivl_23", 0 0, L_0x1516b5fb0;  1 drivers
v0x15163e270_0 .net *"_ivl_25", 0 0, L_0x1516b6050;  1 drivers
v0x15163e320_0 .net *"_ivl_27", 0 0, L_0x1516b6120;  1 drivers
v0x15163e3d0_0 .net *"_ivl_28", 0 0, L_0x1516b6240;  1 drivers
v0x15163e480_0 .net *"_ivl_30", 0 0, L_0x1516b6310;  1 drivers
v0x15163e530_0 .net *"_ivl_33", 0 0, L_0x1516b6440;  1 drivers
v0x15163da20_0 .net *"_ivl_35", 0 0, L_0x1516b6560;  1 drivers
v0x15163e7c0_0 .net *"_ivl_36", 0 0, L_0x1516b6600;  1 drivers
v0x15163e850_0 .net *"_ivl_39", 0 0, L_0x1516b66f0;  1 drivers
v0x15163e8f0_0 .net *"_ivl_40", 0 0, L_0x1516b6820;  1 drivers
v0x15163e9a0_0 .net *"_ivl_42", 0 0, L_0x1516b6920;  1 drivers
v0x15163ea50_0 .net *"_ivl_48", 0 0, L_0x1516b6b60;  1 drivers
v0x15163eb00_0 .net *"_ivl_50", 0 0, L_0x1516b6c60;  1 drivers
v0x15163ebb0_0 .net *"_ivl_52", 0 0, L_0x1516b6d00;  1 drivers
v0x15163ec60_0 .net *"_ivl_53", 0 0, L_0x1516b6e10;  1 drivers
v0x15163ed10_0 .net *"_ivl_55", 0 0, L_0x1516b6f20;  1 drivers
v0x15163edc0_0 .net *"_ivl_58", 0 0, L_0x1516b6fd0;  1 drivers
v0x15163ee70_0 .net *"_ivl_60", 0 0, L_0x1516b7070;  1 drivers
v0x15163ef20_0 .net *"_ivl_61", 0 0, L_0x1516b6da0;  1 drivers
v0x15163efd0_0 .net *"_ivl_64", 0 0, L_0x1516b7300;  1 drivers
v0x15163f080_0 .net *"_ivl_65", 0 0, L_0x1516b73a0;  1 drivers
v0x15163f130_0 .net *"_ivl_67", 0 0, L_0x1516b7450;  1 drivers
v0x15163f1e0_0 .net *"_ivl_7", 0 0, L_0x1516b59f0;  1 drivers
v0x15163f290_0 .net *"_ivl_70", 0 0, L_0x1516b75c0;  1 drivers
v0x15163f340_0 .net *"_ivl_72", 0 0, L_0x1516b76f0;  1 drivers
v0x15163f3f0_0 .net *"_ivl_73", 0 0, L_0x1516b7290;  1 drivers
v0x15163f4a0_0 .net *"_ivl_76", 0 0, L_0x1516b77d0;  1 drivers
v0x15163f550_0 .net *"_ivl_77", 0 0, L_0x1516b7910;  1 drivers
v0x15163f600_0 .net *"_ivl_80", 0 0, L_0x1516b7a30;  1 drivers
v0x15163f6b0_0 .net *"_ivl_81", 0 0, L_0x1516b7ad0;  1 drivers
v0x15163f760_0 .net *"_ivl_83", 0 0, L_0x1516b7ba0;  1 drivers
v0x15163f810_0 .net *"_ivl_86", 0 0, L_0x1516b7d70;  1 drivers
v0x15163f8c0_0 .net *"_ivl_88", 0 0, L_0x1516b7870;  1 drivers
v0x15163f970_0 .net *"_ivl_90", 0 0, L_0x1516b7f10;  1 drivers
v0x15163fa20_0 .net *"_ivl_91", 0 0, L_0x1516b61c0;  1 drivers
v0x15163fad0_0 .net *"_ivl_93", 0 0, L_0x1516b80b0;  1 drivers
v0x15163fb80_0 .net *"_ivl_96", 0 0, L_0x1516b7cd0;  1 drivers
v0x15163fc30_0 .net *"_ivl_98", 0 0, L_0x1516b8250;  1 drivers
v0x15163e5e0_0 .net *"_ivl_99", 0 0, L_0x1516b83c0;  1 drivers
v0x15163e690_0 .net "a", 3 0, L_0x1516b98d0;  1 drivers
v0x15163fcc0_0 .net "b", 3 0, L_0x1516b9970;  1 drivers
v0x15163fd50_0 .net "c", 3 0, L_0x1516b69d0;  1 drivers
v0x15163fde0_0 .net "cin", 0 0, L_0x1516b5180;  alias, 1 drivers
v0x15163fe70_0 .net8 "cout", 0 0, RS_0x14800f270;  alias, 3 drivers
v0x15163ff00_0 .net "sum", 3 0, L_0x1516b9500;  1 drivers
L_0x1516b5ae0 .part L_0x1516b5900, 0, 1;
L_0x1516b5bc0 .part L_0x1516b5890, 0, 1;
L_0x1516b5ca0 .part L_0x1516b69d0, 0, 1;
L_0x1516b5fb0 .part L_0x1516b5900, 1, 1;
L_0x1516b6050 .part L_0x1516b5890, 1, 1;
L_0x1516b6120 .part L_0x1516b5900, 0, 1;
L_0x1516b6440 .part L_0x1516b5890, 1, 1;
L_0x1516b6560 .part L_0x1516b5890, 0, 1;
L_0x1516b66f0 .part L_0x1516b69d0, 0, 1;
L_0x1516b69d0 .concat8 [ 1 1 1 1], L_0x1516b59f0, L_0x1516b5e90, L_0x1516b6920, L_0x1516b7ba0;
L_0x1516b6b60 .part L_0x1516b5900, 2, 1;
L_0x1516b6c60 .part L_0x1516b5890, 2, 1;
L_0x1516b6d00 .part L_0x1516b5900, 1, 1;
L_0x1516b6fd0 .part L_0x1516b5890, 2, 1;
L_0x1516b7070 .part L_0x1516b5890, 1, 1;
L_0x1516b7300 .part L_0x1516b5900, 0, 1;
L_0x1516b75c0 .part L_0x1516b5890, 2, 1;
L_0x1516b76f0 .part L_0x1516b5890, 1, 1;
L_0x1516b77d0 .part L_0x1516b5890, 0, 1;
L_0x1516b7a30 .part L_0x1516b69d0, 0, 1;
L_0x1516b7d70 .part L_0x1516b5900, 3, 1;
L_0x1516b7870 .part L_0x1516b5890, 3, 1;
L_0x1516b7f10 .part L_0x1516b5900, 2, 1;
L_0x1516b7cd0 .part L_0x1516b5890, 3, 1;
L_0x1516b8250 .part L_0x1516b5890, 2, 1;
L_0x1516b8450 .part L_0x1516b5900, 1, 1;
L_0x1516b8710 .part L_0x1516b5890, 3, 1;
L_0x1516b8890 .part L_0x1516b5890, 2, 1;
L_0x1516b7150 .part L_0x1516b5890, 1, 1;
L_0x1516b87b0 .part L_0x1516b5900, 0, 1;
L_0x1516b8f30 .part L_0x1516b5890, 3, 1;
L_0x1516b90d0 .part L_0x1516b5890, 2, 1;
L_0x1516b9260 .part L_0x1516b5890, 1, 1;
L_0x1516b9010 .part L_0x1516b5890, 0, 1;
L_0x1516b9600 .part L_0x1516b69d0, 0, 1;
S_0x151640a60 .scope module, "AND" "and_op" 4 55, 7 1 0, S_0x151615a20;
 .timescale -9 -11;
    .port_info 0 /INPUT 32 "a";
    .port_info 1 /INPUT 32 "b";
    .port_info 2 /OUTPUT 32 "data_out";
P_0x151640c20 .param/l "DATA_WIDTH" 0 7 1, +C4<00000000000000000000000000100000>;
L_0x1516fc9b0 .functor AND 32, v0x151691170_0, v0x151680f30_0, C4<11111111111111111111111111111111>, C4<11111111111111111111111111111111>;
v0x151640d90_0 .net "a", 31 0, v0x151691170_0;  alias, 1 drivers
v0x151640e40_0 .net "b", 31 0, v0x151680f30_0;  alias, 1 drivers
v0x151640ed0_0 .net "data_out", 31 0, L_0x1516fc9b0;  alias, 1 drivers
S_0x151640f60 .scope module, "DIV" "non_restore_div" 4 48, 8 1 0, S_0x151615a20;
 .timescale -9 -11;
    .port_info 0 /INPUT 32 "a";
    .port_info 1 /INPUT 32 "b";
    .port_info 2 /OUTPUT 64 "data_out";
P_0x151641120 .param/l "DATA_WIDTH" 0 8 1, +C4<00000000000000000000000000100000>;
v0x151641330_0 .net "a", 31 0, v0x151691170_0;  alias, 1 drivers
v0x151641420_0 .net "b", 31 0, v0x151680f30_0;  alias, 1 drivers
v0x1516414b0_0 .var "data_out", 63 0;
v0x151641540_0 .var "dividend", 63 0;
v0x1516415d0_0 .var "dividend_sign", 0 0;
v0x1516416a0_0 .var "divisor", 31 0;
v0x151641740_0 .var "divisor_sign", 0 0;
v0x1516417e0_0 .var/i "i", 31 0;
v0x151641890_0 .var "quotient", 31 0;
v0x1516419a0_0 .var "remainder", 31 0;
E_0x1516412b0/0 .event anyedge, v0x1516407f0_0, v0x151640880_0, v0x1516415d0_0, v0x151641740_0;
E_0x1516412b0/1 .event anyedge, v0x151641540_0, v0x1516419a0_0, v0x1516416a0_0, v0x151641890_0;
E_0x1516412b0 .event/or E_0x1516412b0/0, E_0x1516412b0/1;
S_0x151641aa0 .scope module, "MUL" "boothMul" 4 42, 9 1 0, S_0x151615a20;
 .timescale -9 -11;
    .port_info 0 /INPUT 32 "a";
    .port_info 1 /INPUT 32 "b";
    .port_info 2 /OUTPUT 64 "data_out";
P_0x151641660 .param/l "DATA_WIDTH" 0 9 1, +C4<00000000000000000000000000100000>;
v0x151641e40_0 .var "A", 64 0;
v0x151641f00_0 .var "M", 32 0;
v0x151641fa0_0 .var "Q", 31 0;
v0x151642030_0 .var "Q_1", 0 0;
v0x1516420c0_0 .net "a", 31 0, v0x151691170_0;  alias, 1 drivers
v0x151642190_0 .var "a_is_negative", 0 0;
v0x151642220_0 .var "a_twos", 31 0;
v0x1516422c0_0 .net "b", 31 0, v0x151680f30_0;  alias, 1 drivers
v0x151642360_0 .var "b_is_negative", 0 0;
v0x151642470_0 .var "b_twos", 31 0;
v0x151642510_0 .var "data_out", 63 0;
v0x1516425c0_0 .var/i "i", 31 0;
v0x151642670_0 .var "result_sign", 0 0;
v0x151642710_0 .var "unsigned_result", 63 0;
E_0x151641d90/0 .event anyedge, v0x1516407f0_0, v0x151640880_0, v0x151642190_0, v0x151642360_0;
E_0x151641d90/1 .event anyedge, v0x151642470_0, v0x151642220_0, v0x151641fa0_0, v0x151642030_0;
E_0x151641d90/2 .event anyedge, v0x151641e40_0, v0x151641f00_0, v0x151642670_0, v0x151642710_0;
E_0x151641d90 .event/or E_0x151641d90/0, E_0x151641d90/1, E_0x151641d90/2;
S_0x151642810 .scope module, "NEG" "neg" 4 92, 10 1 0, S_0x151615a20;
 .timescale -9 -11;
    .port_info 0 /INPUT 32 "data_in";
    .port_info 1 /OUTPUT 32 "data_out";
P_0x1516429d0 .param/l "DATA_WIDTH" 0 10 1, +C4<00000000000000000000000000100000>;
L_0x1480403b8 .functor BUFT 1, C4<00000000000000000000000000000000>, C4<0>, C4<0>, C4<0>;
v0x151642b00_0 .net *"_ivl_0", 31 0, L_0x1480403b8;  1 drivers
v0x151642bb0_0 .net "data_in", 31 0, v0x151680f30_0;  alias, 1 drivers
v0x151642c50_0 .net "data_out", 31 0, L_0x1516fdc30;  alias, 1 drivers
L_0x1516fdc30 .arith/sub 32, L_0x1480403b8, v0x151680f30_0;
S_0x151642d00 .scope module, "NOT" "not_op" 4 97, 11 1 0, S_0x151615a20;
 .timescale -9 -11;
    .port_info 0 /INPUT 32 "data_in";
    .port_info 1 /OUTPUT 32 "data_out";
P_0x151642ec0 .param/l "DATA_WIDTH" 0 11 1, +C4<00000000000000000000000000100000>;
L_0x1516fdd70 .functor NOT 32, v0x151680f30_0, C4<00000000000000000000000000000000>, C4<00000000000000000000000000000000>, C4<00000000000000000000000000000000>;
v0x151643010_0 .net "data_in", 31 0, v0x151680f30_0;  alias, 1 drivers
v0x1516430c0_0 .net "data_out", 31 0, L_0x1516fdd70;  alias, 1 drivers
S_0x151643160 .scope module, "OR" "or_op" 4 61, 12 1 0, S_0x151615a20;
 .timescale -9 -11;
    .port_info 0 /INPUT 32 "a";
    .port_info 1 /INPUT 32 "b";
    .port_info 2 /OUTPUT 32 "data_out";
P_0x151642f80 .param/l "DATA_WIDTH" 0 12 1, +C4<00000000000000000000000000100000>;
L_0x1516fca60 .functor OR 32, v0x151691170_0, v0x151680f30_0, C4<00000000000000000000000000000000>, C4<00000000000000000000000000000000>;
v0x151643470_0 .net "a", 31 0, v0x151691170_0;  alias, 1 drivers
v0x151643510_0 .net "b", 31 0, v0x151680f30_0;  alias, 1 drivers
v0x1516435b0_0 .net "data_out", 31 0, L_0x1516fca60;  alias, 1 drivers
S_0x151643680 .scope module, "PC" "collective_add" 4 26, 5 22 0, S_0x151615a20;
 .timescale -9 -11;
    .port_info 0 /INPUT 32 "d1";
    .port_info 1 /INPUT 32 "d2";
    .port_info 2 /INPUT 1 "cin";
    .port_info 3 /OUTPUT 32 "sum";
    .port_info 4 /OUTPUT 1 "cout";
P_0x151643840 .param/l "DATA_WIDTH" 0 5 22, +C4<00000000000000000000000000100000>;
v0x15165ed50_0 .net "c1", 0 0, L_0x1516c9df0;  1 drivers
L_0x1480400e8 .functor BUFT 1, C4<0>, C4<0>, C4<0>, C4<0>;
v0x15165ee60_0 .net "cin", 0 0, L_0x1480400e8;  1 drivers
v0x15165eef0_0 .net8 "cout", 0 0, RS_0x14800f270;  alias, 3 drivers
v0x15165ef80_0 .net "d1", 31 0, v0x151680f30_0;  alias, 1 drivers
L_0x1480400a0 .functor BUFT 1, C4<00000000000000000000000000000001>, C4<0>, C4<0>, C4<0>;
v0x15165f010_0 .net "d2", 31 0, L_0x1480400a0;  1 drivers
v0x15165f0a0_0 .net "sum", 31 0, L_0x1516db1f0;  alias, 1 drivers
L_0x1516ca730 .part v0x151680f30_0, 0, 16;
L_0x1516ca7d0 .part L_0x1480400a0, 0, 16;
L_0x1516db0b0 .part v0x151680f30_0, 16, 16;
L_0x1516db150 .part L_0x1480400a0, 16, 16;
L_0x1516db1f0 .concat8 [ 16 16 0 0], L_0x1516ca580, L_0x1516daf00;
S_0x151643970 .scope module, "n1" "cla16" 5 32, 5 4 0, S_0x151643680;
 .timescale -9 -11;
    .port_info 0 /INPUT 16 "d1";
    .port_info 1 /INPUT 16 "d2";
    .port_info 2 /INPUT 1 "cin";
    .port_info 3 /OUTPUT 16 "sum";
    .port_info 4 /OUTPUT 1 "cout";
P_0x151643b40 .param/l "DATA_WIDTH" 0 5 4, +C4<00000000000000000000000000100000>;
v0x151650d60_0 .net "c1", 0 0, L_0x1516bd920;  1 drivers
v0x151650e40_0 .net "c2", 0 0, L_0x1516c1ab0;  1 drivers
v0x151650f10_0 .net "c3", 0 0, L_0x1516c5c70;  1 drivers
v0x151650fe0_0 .net "cin", 0 0, L_0x1480400e8;  alias, 1 drivers
v0x151651070_0 .net "cout", 0 0, L_0x1516c9df0;  alias, 1 drivers
v0x151651140_0 .net "d1", 15 0, L_0x1516ca730;  1 drivers
v0x1516511d0_0 .net "d2", 15 0, L_0x1516ca7d0;  1 drivers
v0x151651260_0 .net "sum", 15 0, L_0x1516ca580;  1 drivers
L_0x1516bdef0 .part L_0x1516ca730, 0, 4;
L_0x1516bdf90 .part L_0x1516ca7d0, 0, 4;
L_0x1516c2080 .part L_0x1516ca730, 4, 4;
L_0x1516c2120 .part L_0x1516ca7d0, 4, 4;
L_0x1516c6240 .part L_0x1516ca730, 8, 4;
L_0x1516c62e0 .part L_0x1516ca7d0, 8, 4;
L_0x1516ca3c0 .part L_0x1516ca730, 12, 4;
L_0x1516ca460 .part L_0x1516ca7d0, 12, 4;
L_0x1516ca580 .concat8 [ 4 4 4 4], L_0x1516bdb20, L_0x1516c1cb0, L_0x1516c5e70, L_0x1516c9ff0;
S_0x151643c90 .scope module, "n1" "cla_4" 5 14, 6 3 0, S_0x151643970;
 .timescale -9 -11;
    .port_info 0 /INPUT 4 "a";
    .port_info 1 /INPUT 4 "b";
    .port_info 2 /INPUT 1 "cin";
    .port_info 3 /OUTPUT 4 "sum";
    .port_info 4 /OUTPUT 1 "cout";
L_0x1516b9f50 .functor XOR 4, L_0x1516bdef0, L_0x1516bdf90, C4<0000>, C4<0000>;
L_0x1516b9fc0 .functor AND 4, L_0x1516bdef0, L_0x1516bdf90, C4<1111>, C4<1111>;
L_0x1516ba070 .functor BUFZ 1, L_0x1480400e8, C4<0>, C4<0>, C4<0>;
L_0x1516ba380 .functor AND 1, L_0x1516ba1c0, L_0x1516ba2a0, C4<1>, C4<1>;
L_0x1516ba4b0 .functor OR 1, L_0x1516ba0e0, L_0x1516ba380, C4<0>, C4<0>;
L_0x1516ba860 .functor AND 1, L_0x1516ba670, L_0x1516ba740, C4<1>, C4<1>;
L_0x1516ba930 .functor OR 1, L_0x1516ba5d0, L_0x1516ba860, C4<0>, C4<0>;
L_0x1516bac20 .functor AND 1, L_0x1516baa60, L_0x1516bab80, C4<1>, C4<1>;
L_0x1516bae40 .functor AND 1, L_0x1516bac20, L_0x1516bad10, C4<1>, C4<1>;
L_0x1516baf40 .functor OR 1, L_0x1516ba930, L_0x1516bae40, C4<0>, C4<0>;
L_0x1516bb430 .functor AND 1, L_0x1516bb280, L_0x1516bb320, C4<1>, C4<1>;
L_0x1516bb540 .functor OR 1, L_0x1516bb180, L_0x1516bb430, C4<0>, C4<0>;
L_0x1516bb3c0 .functor AND 1, L_0x1516bb5f0, L_0x1516bb690, C4<1>, C4<1>;
L_0x1516bb9c0 .functor AND 1, L_0x1516bb3c0, L_0x1516bb920, C4<1>, C4<1>;
L_0x1516bba70 .functor OR 1, L_0x1516bb540, L_0x1516bb9c0, C4<0>, C4<0>;
L_0x1516bb8b0 .functor AND 1, L_0x1516bbbe0, L_0x1516bbd10, C4<1>, C4<1>;
L_0x1516bbf30 .functor AND 1, L_0x1516bb8b0, L_0x1516bbdf0, C4<1>, C4<1>;
L_0x1516bc0f0 .functor AND 1, L_0x1516bbf30, L_0x1516bc050, C4<1>, C4<1>;
L_0x1516bc1c0 .functor OR 1, L_0x1516bba70, L_0x1516bc0f0, C4<0>, C4<0>;
L_0x1516ba7e0 .functor AND 1, L_0x1516bbe90, L_0x1516bc530, C4<1>, C4<1>;
L_0x1516bc6d0 .functor OR 1, L_0x1516bc390, L_0x1516ba7e0, C4<0>, C4<0>;
L_0x1516bc9e0 .functor AND 1, L_0x1516bc2f0, L_0x1516bc870, C4<1>, C4<1>;
L_0x1516bcb10 .functor AND 1, L_0x1516bc9e0, L_0x1516bca70, C4<1>, C4<1>;
L_0x1516bccc0 .functor OR 1, L_0x1516bc6d0, L_0x1516bcb10, C4<0>, C4<0>;
L_0x1516bc910 .functor AND 1, L_0x1516bcd30, L_0x1516bceb0, C4<1>, C4<1>;
L_0x1516bcc00 .functor AND 1, L_0x1516bc910, L_0x1516bb770, C4<1>, C4<1>;
L_0x1516bd310 .functor AND 1, L_0x1516bcc00, L_0x1516bcdd0, C4<1>, C4<1>;
L_0x1516bd4e0 .functor OR 1, L_0x1516bccc0, L_0x1516bd310, C4<0>, C4<0>;
L_0x1516bd1d0 .functor AND 1, L_0x1516bd550, L_0x1516bd6f0, C4<1>, C4<1>;
L_0x1516bd400 .functor AND 1, L_0x1516bd1d0, L_0x1516bd880, C4<1>, C4<1>;
L_0x1516bda30 .functor AND 1, L_0x1516bd400, L_0x1516bd630, C4<1>, C4<1>;
L_0x1516bd790 .functor AND 1, L_0x1516bda30, L_0x1516bdc20, C4<1>, C4<1>;
L_0x1516bd920 .functor OR 1, L_0x1516bd4e0, L_0x1516bd790, C4<0>, C4<0>;
L_0x1516bdb20 .functor XOR 4, L_0x1516b9f50, L_0x1516baff0, C4<0000>, C4<0000>;
v0x151643f10_0 .net "G", 3 0, L_0x1516b9fc0;  1 drivers
v0x151643fd0_0 .net "P", 3 0, L_0x1516b9f50;  1 drivers
v0x151644080_0 .net *"_ivl_102", 0 0, L_0x1516bca70;  1 drivers
v0x151644140_0 .net *"_ivl_103", 0 0, L_0x1516bcb10;  1 drivers
v0x1516441f0_0 .net *"_ivl_105", 0 0, L_0x1516bccc0;  1 drivers
v0x1516442e0_0 .net *"_ivl_108", 0 0, L_0x1516bcd30;  1 drivers
v0x151644390_0 .net *"_ivl_11", 0 0, L_0x1516ba0e0;  1 drivers
v0x151644440_0 .net *"_ivl_110", 0 0, L_0x1516bceb0;  1 drivers
v0x1516444f0_0 .net *"_ivl_111", 0 0, L_0x1516bc910;  1 drivers
v0x151644600_0 .net *"_ivl_114", 0 0, L_0x1516bb770;  1 drivers
v0x1516446b0_0 .net *"_ivl_115", 0 0, L_0x1516bcc00;  1 drivers
v0x151644760_0 .net *"_ivl_118", 0 0, L_0x1516bcdd0;  1 drivers
v0x151644810_0 .net *"_ivl_119", 0 0, L_0x1516bd310;  1 drivers
v0x1516448c0_0 .net *"_ivl_121", 0 0, L_0x1516bd4e0;  1 drivers
v0x151644970_0 .net *"_ivl_124", 0 0, L_0x1516bd550;  1 drivers
v0x151644a20_0 .net *"_ivl_126", 0 0, L_0x1516bd6f0;  1 drivers
v0x151644ad0_0 .net *"_ivl_127", 0 0, L_0x1516bd1d0;  1 drivers
v0x151644c60_0 .net *"_ivl_13", 0 0, L_0x1516ba1c0;  1 drivers
v0x151644cf0_0 .net *"_ivl_130", 0 0, L_0x1516bd880;  1 drivers
v0x151644da0_0 .net *"_ivl_131", 0 0, L_0x1516bd400;  1 drivers
v0x151644e50_0 .net *"_ivl_134", 0 0, L_0x1516bd630;  1 drivers
v0x151644f00_0 .net *"_ivl_135", 0 0, L_0x1516bda30;  1 drivers
v0x151644fb0_0 .net *"_ivl_138", 0 0, L_0x1516bdc20;  1 drivers
v0x151645060_0 .net *"_ivl_139", 0 0, L_0x1516bd790;  1 drivers
v0x151645110_0 .net *"_ivl_15", 0 0, L_0x1516ba2a0;  1 drivers
v0x1516451c0_0 .net *"_ivl_16", 0 0, L_0x1516ba380;  1 drivers
v0x151645270_0 .net *"_ivl_18", 0 0, L_0x1516ba4b0;  1 drivers
v0x151645320_0 .net *"_ivl_23", 0 0, L_0x1516ba5d0;  1 drivers
v0x1516453d0_0 .net *"_ivl_25", 0 0, L_0x1516ba670;  1 drivers
v0x151645480_0 .net *"_ivl_27", 0 0, L_0x1516ba740;  1 drivers
v0x151645530_0 .net *"_ivl_28", 0 0, L_0x1516ba860;  1 drivers
v0x1516455e0_0 .net *"_ivl_30", 0 0, L_0x1516ba930;  1 drivers
v0x151645690_0 .net *"_ivl_33", 0 0, L_0x1516baa60;  1 drivers
v0x151644b80_0 .net *"_ivl_35", 0 0, L_0x1516bab80;  1 drivers
v0x151645920_0 .net *"_ivl_36", 0 0, L_0x1516bac20;  1 drivers
v0x1516459b0_0 .net *"_ivl_39", 0 0, L_0x1516bad10;  1 drivers
v0x151645a50_0 .net *"_ivl_40", 0 0, L_0x1516bae40;  1 drivers
v0x151645b00_0 .net *"_ivl_42", 0 0, L_0x1516baf40;  1 drivers
v0x151645bb0_0 .net *"_ivl_48", 0 0, L_0x1516bb180;  1 drivers
v0x151645c60_0 .net *"_ivl_50", 0 0, L_0x1516bb280;  1 drivers
v0x151645d10_0 .net *"_ivl_52", 0 0, L_0x1516bb320;  1 drivers
v0x151645dc0_0 .net *"_ivl_53", 0 0, L_0x1516bb430;  1 drivers
v0x151645e70_0 .net *"_ivl_55", 0 0, L_0x1516bb540;  1 drivers
v0x151645f20_0 .net *"_ivl_58", 0 0, L_0x1516bb5f0;  1 drivers
v0x151645fd0_0 .net *"_ivl_60", 0 0, L_0x1516bb690;  1 drivers
v0x151646080_0 .net *"_ivl_61", 0 0, L_0x1516bb3c0;  1 drivers
v0x151646130_0 .net *"_ivl_64", 0 0, L_0x1516bb920;  1 drivers
v0x1516461e0_0 .net *"_ivl_65", 0 0, L_0x1516bb9c0;  1 drivers
v0x151646290_0 .net *"_ivl_67", 0 0, L_0x1516bba70;  1 drivers
v0x151646340_0 .net *"_ivl_7", 0 0, L_0x1516ba070;  1 drivers
v0x1516463f0_0 .net *"_ivl_70", 0 0, L_0x1516bbbe0;  1 drivers
v0x1516464a0_0 .net *"_ivl_72", 0 0, L_0x1516bbd10;  1 drivers
v0x151646550_0 .net *"_ivl_73", 0 0, L_0x1516bb8b0;  1 drivers
v0x151646600_0 .net *"_ivl_76", 0 0, L_0x1516bbdf0;  1 drivers
v0x1516466b0_0 .net *"_ivl_77", 0 0, L_0x1516bbf30;  1 drivers
v0x151646760_0 .net *"_ivl_80", 0 0, L_0x1516bc050;  1 drivers
v0x151646810_0 .net *"_ivl_81", 0 0, L_0x1516bc0f0;  1 drivers
v0x1516468c0_0 .net *"_ivl_83", 0 0, L_0x1516bc1c0;  1 drivers
v0x151646970_0 .net *"_ivl_86", 0 0, L_0x1516bc390;  1 drivers
v0x151646a20_0 .net *"_ivl_88", 0 0, L_0x1516bbe90;  1 drivers
v0x151646ad0_0 .net *"_ivl_90", 0 0, L_0x1516bc530;  1 drivers
v0x151646b80_0 .net *"_ivl_91", 0 0, L_0x1516ba7e0;  1 drivers
v0x151646c30_0 .net *"_ivl_93", 0 0, L_0x1516bc6d0;  1 drivers
v0x151646ce0_0 .net *"_ivl_96", 0 0, L_0x1516bc2f0;  1 drivers
v0x151646d90_0 .net *"_ivl_98", 0 0, L_0x1516bc870;  1 drivers
v0x151645740_0 .net *"_ivl_99", 0 0, L_0x1516bc9e0;  1 drivers
v0x1516457f0_0 .net "a", 3 0, L_0x1516bdef0;  1 drivers
v0x151646e20_0 .net "b", 3 0, L_0x1516bdf90;  1 drivers
v0x151646eb0_0 .net "c", 3 0, L_0x1516baff0;  1 drivers
v0x151646f40_0 .net "cin", 0 0, L_0x1480400e8;  alias, 1 drivers
v0x151646fd0_0 .net "cout", 0 0, L_0x1516bd920;  alias, 1 drivers
v0x151647060_0 .net "sum", 3 0, L_0x1516bdb20;  1 drivers
L_0x1516ba0e0 .part L_0x1516b9fc0, 0, 1;
L_0x1516ba1c0 .part L_0x1516b9f50, 0, 1;
L_0x1516ba2a0 .part L_0x1516baff0, 0, 1;
L_0x1516ba5d0 .part L_0x1516b9fc0, 1, 1;
L_0x1516ba670 .part L_0x1516b9f50, 1, 1;
L_0x1516ba740 .part L_0x1516b9fc0, 0, 1;
L_0x1516baa60 .part L_0x1516b9f50, 1, 1;
L_0x1516bab80 .part L_0x1516b9f50, 0, 1;
L_0x1516bad10 .part L_0x1516baff0, 0, 1;
L_0x1516baff0 .concat8 [ 1 1 1 1], L_0x1516ba070, L_0x1516ba4b0, L_0x1516baf40, L_0x1516bc1c0;
L_0x1516bb180 .part L_0x1516b9fc0, 2, 1;
L_0x1516bb280 .part L_0x1516b9f50, 2, 1;
L_0x1516bb320 .part L_0x1516b9fc0, 1, 1;
L_0x1516bb5f0 .part L_0x1516b9f50, 2, 1;
L_0x1516bb690 .part L_0x1516b9f50, 1, 1;
L_0x1516bb920 .part L_0x1516b9fc0, 0, 1;
L_0x1516bbbe0 .part L_0x1516b9f50, 2, 1;
L_0x1516bbd10 .part L_0x1516b9f50, 1, 1;
L_0x1516bbdf0 .part L_0x1516b9f50, 0, 1;
L_0x1516bc050 .part L_0x1516baff0, 0, 1;
L_0x1516bc390 .part L_0x1516b9fc0, 3, 1;
L_0x1516bbe90 .part L_0x1516b9f50, 3, 1;
L_0x1516bc530 .part L_0x1516b9fc0, 2, 1;
L_0x1516bc2f0 .part L_0x1516b9f50, 3, 1;
L_0x1516bc870 .part L_0x1516b9f50, 2, 1;
L_0x1516bca70 .part L_0x1516b9fc0, 1, 1;
L_0x1516bcd30 .part L_0x1516b9f50, 3, 1;
L_0x1516bceb0 .part L_0x1516b9f50, 2, 1;
L_0x1516bb770 .part L_0x1516b9f50, 1, 1;
L_0x1516bcdd0 .part L_0x1516b9fc0, 0, 1;
L_0x1516bd550 .part L_0x1516b9f50, 3, 1;
L_0x1516bd6f0 .part L_0x1516b9f50, 2, 1;
L_0x1516bd880 .part L_0x1516b9f50, 1, 1;
L_0x1516bd630 .part L_0x1516b9f50, 0, 1;
L_0x1516bdc20 .part L_0x1516baff0, 0, 1;
S_0x151647170 .scope module, "n2" "cla_4" 5 15, 6 3 0, S_0x151643970;
 .timescale -9 -11;
    .port_info 0 /INPUT 4 "a";
    .port_info 1 /INPUT 4 "b";
    .port_info 2 /INPUT 1 "cin";
    .port_info 3 /OUTPUT 4 "sum";
    .port_info 4 /OUTPUT 1 "cout";
L_0x1516bdb90 .functor XOR 4, L_0x1516c2080, L_0x1516c2120, C4<0000>, C4<0000>;
L_0x1516be090 .functor AND 4, L_0x1516c2080, L_0x1516c2120, C4<1111>, C4<1111>;
L_0x1516be1c0 .functor BUFZ 1, L_0x1516bd920, C4<0>, C4<0>, C4<0>;
L_0x1516be530 .functor AND 1, L_0x1516be390, L_0x1516be470, C4<1>, C4<1>;
L_0x1516be640 .functor OR 1, L_0x1516be2b0, L_0x1516be530, C4<0>, C4<0>;
L_0x1516be9f0 .functor AND 1, L_0x1516be800, L_0x1516be8d0, C4<1>, C4<1>;
L_0x1516beac0 .functor OR 1, L_0x1516be760, L_0x1516be9f0, C4<0>, C4<0>;
L_0x1516bedb0 .functor AND 1, L_0x1516bebf0, L_0x1516bed10, C4<1>, C4<1>;
L_0x1516befd0 .functor AND 1, L_0x1516bedb0, L_0x1516beea0, C4<1>, C4<1>;
L_0x1516bf0d0 .functor OR 1, L_0x1516beac0, L_0x1516befd0, C4<0>, C4<0>;
L_0x1516bf5c0 .functor AND 1, L_0x1516bf410, L_0x1516bf4b0, C4<1>, C4<1>;
L_0x1516bf6d0 .functor OR 1, L_0x1516bf310, L_0x1516bf5c0, C4<0>, C4<0>;
L_0x1516bf550 .functor AND 1, L_0x1516bf780, L_0x1516bf820, C4<1>, C4<1>;
L_0x1516bfb50 .functor AND 1, L_0x1516bf550, L_0x1516bfab0, C4<1>, C4<1>;
L_0x1516bfc00 .functor OR 1, L_0x1516bf6d0, L_0x1516bfb50, C4<0>, C4<0>;
L_0x1516bfa40 .functor AND 1, L_0x1516bfd70, L_0x1516bfea0, C4<1>, C4<1>;
L_0x1516c00c0 .functor AND 1, L_0x1516bfa40, L_0x1516bff80, C4<1>, C4<1>;
L_0x1516c0280 .functor AND 1, L_0x1516c00c0, L_0x1516c01e0, C4<1>, C4<1>;
L_0x1516c0350 .functor OR 1, L_0x1516bfc00, L_0x1516c0280, C4<0>, C4<0>;
L_0x1516be970 .functor AND 1, L_0x1516c0020, L_0x1516c06c0, C4<1>, C4<1>;
L_0x1516c0860 .functor OR 1, L_0x1516c0520, L_0x1516be970, C4<0>, C4<0>;
L_0x1516c0b70 .functor AND 1, L_0x1516c0480, L_0x1516c0a00, C4<1>, C4<1>;
L_0x1516c0ca0 .functor AND 1, L_0x1516c0b70, L_0x1516c0c00, C4<1>, C4<1>;
L_0x1516c0e50 .functor OR 1, L_0x1516c0860, L_0x1516c0ca0, C4<0>, C4<0>;
L_0x1516c0aa0 .functor AND 1, L_0x1516c0ec0, L_0x1516c1040, C4<1>, C4<1>;
L_0x1516c0d90 .functor AND 1, L_0x1516c0aa0, L_0x1516bf900, C4<1>, C4<1>;
L_0x1516c14a0 .functor AND 1, L_0x1516c0d90, L_0x1516c0f60, C4<1>, C4<1>;
L_0x1516c1670 .functor OR 1, L_0x1516c0e50, L_0x1516c14a0, C4<0>, C4<0>;
L_0x1516c1360 .functor AND 1, L_0x1516c16e0, L_0x1516c1880, C4<1>, C4<1>;
L_0x1516c1590 .functor AND 1, L_0x1516c1360, L_0x1516c1a10, C4<1>, C4<1>;
L_0x1516c1bc0 .functor AND 1, L_0x1516c1590, L_0x1516c17c0, C4<1>, C4<1>;
L_0x1516c1920 .functor AND 1, L_0x1516c1bc0, L_0x1516c1db0, C4<1>, C4<1>;
L_0x1516c1ab0 .functor OR 1, L_0x1516c1670, L_0x1516c1920, C4<0>, C4<0>;
L_0x1516c1cb0 .functor XOR 4, L_0x1516bdb90, L_0x1516bf180, C4<0000>, C4<0000>;
v0x151647360_0 .net "G", 3 0, L_0x1516be090;  1 drivers
v0x1516473f0_0 .net "P", 3 0, L_0x1516bdb90;  1 drivers
v0x1516474a0_0 .net *"_ivl_102", 0 0, L_0x1516c0c00;  1 drivers
v0x151647560_0 .net *"_ivl_103", 0 0, L_0x1516c0ca0;  1 drivers
v0x151647610_0 .net *"_ivl_105", 0 0, L_0x1516c0e50;  1 drivers
v0x151647700_0 .net *"_ivl_108", 0 0, L_0x1516c0ec0;  1 drivers
v0x1516477b0_0 .net *"_ivl_11", 0 0, L_0x1516be2b0;  1 drivers
v0x151647860_0 .net *"_ivl_110", 0 0, L_0x1516c1040;  1 drivers
v0x151647910_0 .net *"_ivl_111", 0 0, L_0x1516c0aa0;  1 drivers
v0x151647a20_0 .net *"_ivl_114", 0 0, L_0x1516bf900;  1 drivers
v0x151647ad0_0 .net *"_ivl_115", 0 0, L_0x1516c0d90;  1 drivers
v0x151647b80_0 .net *"_ivl_118", 0 0, L_0x1516c0f60;  1 drivers
v0x151647c30_0 .net *"_ivl_119", 0 0, L_0x1516c14a0;  1 drivers
v0x151647ce0_0 .net *"_ivl_121", 0 0, L_0x1516c1670;  1 drivers
v0x151647d90_0 .net *"_ivl_124", 0 0, L_0x1516c16e0;  1 drivers
v0x151647e40_0 .net *"_ivl_126", 0 0, L_0x1516c1880;  1 drivers
v0x151647ef0_0 .net *"_ivl_127", 0 0, L_0x1516c1360;  1 drivers
v0x151648080_0 .net *"_ivl_13", 0 0, L_0x1516be390;  1 drivers
v0x151648110_0 .net *"_ivl_130", 0 0, L_0x1516c1a10;  1 drivers
v0x1516481c0_0 .net *"_ivl_131", 0 0, L_0x1516c1590;  1 drivers
v0x151648270_0 .net *"_ivl_134", 0 0, L_0x1516c17c0;  1 drivers
v0x151648320_0 .net *"_ivl_135", 0 0, L_0x1516c1bc0;  1 drivers
v0x1516483d0_0 .net *"_ivl_138", 0 0, L_0x1516c1db0;  1 drivers
v0x151648480_0 .net *"_ivl_139", 0 0, L_0x1516c1920;  1 drivers
v0x151648530_0 .net *"_ivl_15", 0 0, L_0x1516be470;  1 drivers
v0x1516485e0_0 .net *"_ivl_16", 0 0, L_0x1516be530;  1 drivers
v0x151648690_0 .net *"_ivl_18", 0 0, L_0x1516be640;  1 drivers
v0x151648740_0 .net *"_ivl_23", 0 0, L_0x1516be760;  1 drivers
v0x1516487f0_0 .net *"_ivl_25", 0 0, L_0x1516be800;  1 drivers
v0x1516488a0_0 .net *"_ivl_27", 0 0, L_0x1516be8d0;  1 drivers
v0x151648950_0 .net *"_ivl_28", 0 0, L_0x1516be9f0;  1 drivers
v0x151648a00_0 .net *"_ivl_30", 0 0, L_0x1516beac0;  1 drivers
v0x151648ab0_0 .net *"_ivl_33", 0 0, L_0x1516bebf0;  1 drivers
v0x151647fa0_0 .net *"_ivl_35", 0 0, L_0x1516bed10;  1 drivers
v0x151648d40_0 .net *"_ivl_36", 0 0, L_0x1516bedb0;  1 drivers
v0x151648dd0_0 .net *"_ivl_39", 0 0, L_0x1516beea0;  1 drivers
v0x151648e70_0 .net *"_ivl_40", 0 0, L_0x1516befd0;  1 drivers
v0x151648f20_0 .net *"_ivl_42", 0 0, L_0x1516bf0d0;  1 drivers
v0x151648fd0_0 .net *"_ivl_48", 0 0, L_0x1516bf310;  1 drivers
v0x151649080_0 .net *"_ivl_50", 0 0, L_0x1516bf410;  1 drivers
v0x151649130_0 .net *"_ivl_52", 0 0, L_0x1516bf4b0;  1 drivers
v0x1516491e0_0 .net *"_ivl_53", 0 0, L_0x1516bf5c0;  1 drivers
v0x151649290_0 .net *"_ivl_55", 0 0, L_0x1516bf6d0;  1 drivers
v0x151649340_0 .net *"_ivl_58", 0 0, L_0x1516bf780;  1 drivers
v0x1516493f0_0 .net *"_ivl_60", 0 0, L_0x1516bf820;  1 drivers
v0x1516494a0_0 .net *"_ivl_61", 0 0, L_0x1516bf550;  1 drivers
v0x151649550_0 .net *"_ivl_64", 0 0, L_0x1516bfab0;  1 drivers
v0x151649600_0 .net *"_ivl_65", 0 0, L_0x1516bfb50;  1 drivers
v0x1516496b0_0 .net *"_ivl_67", 0 0, L_0x1516bfc00;  1 drivers
v0x151649760_0 .net *"_ivl_7", 0 0, L_0x1516be1c0;  1 drivers
v0x151649810_0 .net *"_ivl_70", 0 0, L_0x1516bfd70;  1 drivers
v0x1516498c0_0 .net *"_ivl_72", 0 0, L_0x1516bfea0;  1 drivers
v0x151649970_0 .net *"_ivl_73", 0 0, L_0x1516bfa40;  1 drivers
v0x151649a20_0 .net *"_ivl_76", 0 0, L_0x1516bff80;  1 drivers
v0x151649ad0_0 .net *"_ivl_77", 0 0, L_0x1516c00c0;  1 drivers
v0x151649b80_0 .net *"_ivl_80", 0 0, L_0x1516c01e0;  1 drivers
v0x151649c30_0 .net *"_ivl_81", 0 0, L_0x1516c0280;  1 drivers
v0x151649ce0_0 .net *"_ivl_83", 0 0, L_0x1516c0350;  1 drivers
v0x151649d90_0 .net *"_ivl_86", 0 0, L_0x1516c0520;  1 drivers
v0x151649e40_0 .net *"_ivl_88", 0 0, L_0x1516c0020;  1 drivers
v0x151649ef0_0 .net *"_ivl_90", 0 0, L_0x1516c06c0;  1 drivers
v0x151649fa0_0 .net *"_ivl_91", 0 0, L_0x1516be970;  1 drivers
v0x15164a050_0 .net *"_ivl_93", 0 0, L_0x1516c0860;  1 drivers
v0x15164a100_0 .net *"_ivl_96", 0 0, L_0x1516c0480;  1 drivers
v0x15164a1b0_0 .net *"_ivl_98", 0 0, L_0x1516c0a00;  1 drivers
v0x151648b60_0 .net *"_ivl_99", 0 0, L_0x1516c0b70;  1 drivers
v0x151648c10_0 .net "a", 3 0, L_0x1516c2080;  1 drivers
v0x15164a240_0 .net "b", 3 0, L_0x1516c2120;  1 drivers
v0x15164a2d0_0 .net "c", 3 0, L_0x1516bf180;  1 drivers
v0x15164a360_0 .net "cin", 0 0, L_0x1516bd920;  alias, 1 drivers
v0x15164a3f0_0 .net "cout", 0 0, L_0x1516c1ab0;  alias, 1 drivers
v0x15164a480_0 .net "sum", 3 0, L_0x1516c1cb0;  1 drivers
L_0x1516be2b0 .part L_0x1516be090, 0, 1;
L_0x1516be390 .part L_0x1516bdb90, 0, 1;
L_0x1516be470 .part L_0x1516bf180, 0, 1;
L_0x1516be760 .part L_0x1516be090, 1, 1;
L_0x1516be800 .part L_0x1516bdb90, 1, 1;
L_0x1516be8d0 .part L_0x1516be090, 0, 1;
L_0x1516bebf0 .part L_0x1516bdb90, 1, 1;
L_0x1516bed10 .part L_0x1516bdb90, 0, 1;
L_0x1516beea0 .part L_0x1516bf180, 0, 1;
L_0x1516bf180 .concat8 [ 1 1 1 1], L_0x1516be1c0, L_0x1516be640, L_0x1516bf0d0, L_0x1516c0350;
L_0x1516bf310 .part L_0x1516be090, 2, 1;
L_0x1516bf410 .part L_0x1516bdb90, 2, 1;
L_0x1516bf4b0 .part L_0x1516be090, 1, 1;
L_0x1516bf780 .part L_0x1516bdb90, 2, 1;
L_0x1516bf820 .part L_0x1516bdb90, 1, 1;
L_0x1516bfab0 .part L_0x1516be090, 0, 1;
L_0x1516bfd70 .part L_0x1516bdb90, 2, 1;
L_0x1516bfea0 .part L_0x1516bdb90, 1, 1;
L_0x1516bff80 .part L_0x1516bdb90, 0, 1;
L_0x1516c01e0 .part L_0x1516bf180, 0, 1;
L_0x1516c0520 .part L_0x1516be090, 3, 1;
L_0x1516c0020 .part L_0x1516bdb90, 3, 1;
L_0x1516c06c0 .part L_0x1516be090, 2, 1;
L_0x1516c0480 .part L_0x1516bdb90, 3, 1;
L_0x1516c0a00 .part L_0x1516bdb90, 2, 1;
L_0x1516c0c00 .part L_0x1516be090, 1, 1;
L_0x1516c0ec0 .part L_0x1516bdb90, 3, 1;
L_0x1516c1040 .part L_0x1516bdb90, 2, 1;
L_0x1516bf900 .part L_0x1516bdb90, 1, 1;
L_0x1516c0f60 .part L_0x1516be090, 0, 1;
L_0x1516c16e0 .part L_0x1516bdb90, 3, 1;
L_0x1516c1880 .part L_0x1516bdb90, 2, 1;
L_0x1516c1a10 .part L_0x1516bdb90, 1, 1;
L_0x1516c17c0 .part L_0x1516bdb90, 0, 1;
L_0x1516c1db0 .part L_0x1516bf180, 0, 1;
S_0x15164a510 .scope module, "n3" "cla_4" 5 16, 6 3 0, S_0x151643970;
 .timescale -9 -11;
    .port_info 0 /INPUT 4 "a";
    .port_info 1 /INPUT 4 "b";
    .port_info 2 /INPUT 1 "cin";
    .port_info 3 /OUTPUT 4 "sum";
    .port_info 4 /OUTPUT 1 "cout";
L_0x1516c21c0 .functor XOR 4, L_0x1516c6240, L_0x1516c62e0, C4<0000>, C4<0000>;
L_0x1516c2230 .functor AND 4, L_0x1516c6240, L_0x1516c62e0, C4<1111>, C4<1111>;
L_0x1516c2360 .functor BUFZ 1, L_0x1516c1ab0, C4<0>, C4<0>, C4<0>;
L_0x1516c26d0 .functor AND 1, L_0x1516c2530, L_0x1516c2610, C4<1>, C4<1>;
L_0x1516c2800 .functor OR 1, L_0x1516c2450, L_0x1516c26d0, C4<0>, C4<0>;
L_0x1516c2bb0 .functor AND 1, L_0x1516c29c0, L_0x1516c2a90, C4<1>, C4<1>;
L_0x1516c2c80 .functor OR 1, L_0x1516c2920, L_0x1516c2bb0, C4<0>, C4<0>;
L_0x1516c2f70 .functor AND 1, L_0x1516c2db0, L_0x1516c2ed0, C4<1>, C4<1>;
L_0x1516c3190 .functor AND 1, L_0x1516c2f70, L_0x1516c3060, C4<1>, C4<1>;
L_0x1516c3290 .functor OR 1, L_0x1516c2c80, L_0x1516c3190, C4<0>, C4<0>;
L_0x1516c3780 .functor AND 1, L_0x1516c35d0, L_0x1516c3670, C4<1>, C4<1>;
L_0x1516c3890 .functor OR 1, L_0x1516c34d0, L_0x1516c3780, C4<0>, C4<0>;
L_0x1516c3710 .functor AND 1, L_0x1516c3940, L_0x1516c39e0, C4<1>, C4<1>;
L_0x1516c3d10 .functor AND 1, L_0x1516c3710, L_0x1516c3c70, C4<1>, C4<1>;
L_0x1516c3dc0 .functor OR 1, L_0x1516c3890, L_0x1516c3d10, C4<0>, C4<0>;
L_0x1516c3c00 .functor AND 1, L_0x1516c3f30, L_0x1516c4060, C4<1>, C4<1>;
L_0x1516c4280 .functor AND 1, L_0x1516c3c00, L_0x1516c4140, C4<1>, C4<1>;
L_0x1516c4440 .functor AND 1, L_0x1516c4280, L_0x1516c43a0, C4<1>, C4<1>;
L_0x1516c4510 .functor OR 1, L_0x1516c3dc0, L_0x1516c4440, C4<0>, C4<0>;
L_0x1516c2b30 .functor AND 1, L_0x1516c41e0, L_0x1516c4880, C4<1>, C4<1>;
L_0x1516c4a20 .functor OR 1, L_0x1516c46e0, L_0x1516c2b30, C4<0>, C4<0>;
L_0x1516c4d30 .functor AND 1, L_0x1516c4640, L_0x1516c4bc0, C4<1>, C4<1>;
L_0x1516c4e60 .functor AND 1, L_0x1516c4d30, L_0x1516c4dc0, C4<1>, C4<1>;
L_0x1516c5010 .functor OR 1, L_0x1516c4a20, L_0x1516c4e60, C4<0>, C4<0>;
L_0x1516c4c60 .functor AND 1, L_0x1516c5080, L_0x1516c5200, C4<1>, C4<1>;
L_0x1516c4f50 .functor AND 1, L_0x1516c4c60, L_0x1516c3ac0, C4<1>, C4<1>;
L_0x1516c5660 .functor AND 1, L_0x1516c4f50, L_0x1516c5120, C4<1>, C4<1>;
L_0x1516c5830 .functor OR 1, L_0x1516c5010, L_0x1516c5660, C4<0>, C4<0>;
L_0x1516c5520 .functor AND 1, L_0x1516c58a0, L_0x1516c5a40, C4<1>, C4<1>;
L_0x1516c5750 .functor AND 1, L_0x1516c5520, L_0x1516c5bd0, C4<1>, C4<1>;
L_0x1516c5d80 .functor AND 1, L_0x1516c5750, L_0x1516c5980, C4<1>, C4<1>;
L_0x1516c5ae0 .functor AND 1, L_0x1516c5d80, L_0x1516c5f70, C4<1>, C4<1>;
L_0x1516c5c70 .functor OR 1, L_0x1516c5830, L_0x1516c5ae0, C4<0>, C4<0>;
L_0x1516c5e70 .functor XOR 4, L_0x1516c21c0, L_0x1516c3340, C4<0000>, C4<0000>;
v0x15164a770_0 .net "G", 3 0, L_0x1516c2230;  1 drivers
v0x15164a820_0 .net "P", 3 0, L_0x1516c21c0;  1 drivers
v0x15164a8d0_0 .net *"_ivl_102", 0 0, L_0x1516c4dc0;  1 drivers
v0x15164a990_0 .net *"_ivl_103", 0 0, L_0x1516c4e60;  1 drivers
v0x15164aa40_0 .net *"_ivl_105", 0 0, L_0x1516c5010;  1 drivers
v0x15164ab30_0 .net *"_ivl_108", 0 0, L_0x1516c5080;  1 drivers
v0x15164abe0_0 .net *"_ivl_11", 0 0, L_0x1516c2450;  1 drivers
v0x15164ac90_0 .net *"_ivl_110", 0 0, L_0x1516c5200;  1 drivers
v0x15164ad40_0 .net *"_ivl_111", 0 0, L_0x1516c4c60;  1 drivers
v0x15164ae50_0 .net *"_ivl_114", 0 0, L_0x1516c3ac0;  1 drivers
v0x15164af00_0 .net *"_ivl_115", 0 0, L_0x1516c4f50;  1 drivers
v0x15164afb0_0 .net *"_ivl_118", 0 0, L_0x1516c5120;  1 drivers
v0x15164b060_0 .net *"_ivl_119", 0 0, L_0x1516c5660;  1 drivers
v0x15164b110_0 .net *"_ivl_121", 0 0, L_0x1516c5830;  1 drivers
v0x15164b1c0_0 .net *"_ivl_124", 0 0, L_0x1516c58a0;  1 drivers
v0x15164b270_0 .net *"_ivl_126", 0 0, L_0x1516c5a40;  1 drivers
v0x15164b320_0 .net *"_ivl_127", 0 0, L_0x1516c5520;  1 drivers
v0x15164b4b0_0 .net *"_ivl_13", 0 0, L_0x1516c2530;  1 drivers
v0x15164b540_0 .net *"_ivl_130", 0 0, L_0x1516c5bd0;  1 drivers
v0x15164b5f0_0 .net *"_ivl_131", 0 0, L_0x1516c5750;  1 drivers
v0x15164b6a0_0 .net *"_ivl_134", 0 0, L_0x1516c5980;  1 drivers
v0x15164b750_0 .net *"_ivl_135", 0 0, L_0x1516c5d80;  1 drivers
v0x15164b800_0 .net *"_ivl_138", 0 0, L_0x1516c5f70;  1 drivers
v0x15164b8b0_0 .net *"_ivl_139", 0 0, L_0x1516c5ae0;  1 drivers
v0x15164b960_0 .net *"_ivl_15", 0 0, L_0x1516c2610;  1 drivers
v0x15164ba10_0 .net *"_ivl_16", 0 0, L_0x1516c26d0;  1 drivers
v0x15164bac0_0 .net *"_ivl_18", 0 0, L_0x1516c2800;  1 drivers
v0x15164bb70_0 .net *"_ivl_23", 0 0, L_0x1516c2920;  1 drivers
v0x15164bc20_0 .net *"_ivl_25", 0 0, L_0x1516c29c0;  1 drivers
v0x15164bcd0_0 .net *"_ivl_27", 0 0, L_0x1516c2a90;  1 drivers
v0x15164bd80_0 .net *"_ivl_28", 0 0, L_0x1516c2bb0;  1 drivers
v0x15164be30_0 .net *"_ivl_30", 0 0, L_0x1516c2c80;  1 drivers
v0x15164bee0_0 .net *"_ivl_33", 0 0, L_0x1516c2db0;  1 drivers
v0x15164b3d0_0 .net *"_ivl_35", 0 0, L_0x1516c2ed0;  1 drivers
v0x15164c170_0 .net *"_ivl_36", 0 0, L_0x1516c2f70;  1 drivers
v0x15164c200_0 .net *"_ivl_39", 0 0, L_0x1516c3060;  1 drivers
v0x15164c2a0_0 .net *"_ivl_40", 0 0, L_0x1516c3190;  1 drivers
v0x15164c350_0 .net *"_ivl_42", 0 0, L_0x1516c3290;  1 drivers
v0x15164c400_0 .net *"_ivl_48", 0 0, L_0x1516c34d0;  1 drivers
v0x15164c4b0_0 .net *"_ivl_50", 0 0, L_0x1516c35d0;  1 drivers
v0x15164c560_0 .net *"_ivl_52", 0 0, L_0x1516c3670;  1 drivers
v0x15164c610_0 .net *"_ivl_53", 0 0, L_0x1516c3780;  1 drivers
v0x15164c6c0_0 .net *"_ivl_55", 0 0, L_0x1516c3890;  1 drivers
v0x15164c770_0 .net *"_ivl_58", 0 0, L_0x1516c3940;  1 drivers
v0x15164c820_0 .net *"_ivl_60", 0 0, L_0x1516c39e0;  1 drivers
v0x15164c8d0_0 .net *"_ivl_61", 0 0, L_0x1516c3710;  1 drivers
v0x15164c980_0 .net *"_ivl_64", 0 0, L_0x1516c3c70;  1 drivers
v0x15164ca30_0 .net *"_ivl_65", 0 0, L_0x1516c3d10;  1 drivers
v0x15164cae0_0 .net *"_ivl_67", 0 0, L_0x1516c3dc0;  1 drivers
v0x15164cb90_0 .net *"_ivl_7", 0 0, L_0x1516c2360;  1 drivers
v0x15164cc40_0 .net *"_ivl_70", 0 0, L_0x1516c3f30;  1 drivers
v0x15164ccf0_0 .net *"_ivl_72", 0 0, L_0x1516c4060;  1 drivers
v0x15164cda0_0 .net *"_ivl_73", 0 0, L_0x1516c3c00;  1 drivers
v0x15164ce50_0 .net *"_ivl_76", 0 0, L_0x1516c4140;  1 drivers
v0x15164cf00_0 .net *"_ivl_77", 0 0, L_0x1516c4280;  1 drivers
v0x15164cfb0_0 .net *"_ivl_80", 0 0, L_0x1516c43a0;  1 drivers
v0x15164d060_0 .net *"_ivl_81", 0 0, L_0x1516c4440;  1 drivers
v0x15164d110_0 .net *"_ivl_83", 0 0, L_0x1516c4510;  1 drivers
v0x15164d1c0_0 .net *"_ivl_86", 0 0, L_0x1516c46e0;  1 drivers
v0x15164d270_0 .net *"_ivl_88", 0 0, L_0x1516c41e0;  1 drivers
v0x15164d320_0 .net *"_ivl_90", 0 0, L_0x1516c4880;  1 drivers
v0x15164d3d0_0 .net *"_ivl_91", 0 0, L_0x1516c2b30;  1 drivers
v0x15164d480_0 .net *"_ivl_93", 0 0, L_0x1516c4a20;  1 drivers
v0x15164d530_0 .net *"_ivl_96", 0 0, L_0x1516c4640;  1 drivers
v0x15164d5e0_0 .net *"_ivl_98", 0 0, L_0x1516c4bc0;  1 drivers
v0x15164bf90_0 .net *"_ivl_99", 0 0, L_0x1516c4d30;  1 drivers
v0x15164c040_0 .net "a", 3 0, L_0x1516c6240;  1 drivers
v0x15164d670_0 .net "b", 3 0, L_0x1516c62e0;  1 drivers
v0x15164d700_0 .net "c", 3 0, L_0x1516c3340;  1 drivers
v0x15164d790_0 .net "cin", 0 0, L_0x1516c1ab0;  alias, 1 drivers
v0x15164d820_0 .net "cout", 0 0, L_0x1516c5c70;  alias, 1 drivers
v0x15164d8b0_0 .net "sum", 3 0, L_0x1516c5e70;  1 drivers
L_0x1516c2450 .part L_0x1516c2230, 0, 1;
L_0x1516c2530 .part L_0x1516c21c0, 0, 1;
L_0x1516c2610 .part L_0x1516c3340, 0, 1;
L_0x1516c2920 .part L_0x1516c2230, 1, 1;
L_0x1516c29c0 .part L_0x1516c21c0, 1, 1;
L_0x1516c2a90 .part L_0x1516c2230, 0, 1;
L_0x1516c2db0 .part L_0x1516c21c0, 1, 1;
L_0x1516c2ed0 .part L_0x1516c21c0, 0, 1;
L_0x1516c3060 .part L_0x1516c3340, 0, 1;
L_0x1516c3340 .concat8 [ 1 1 1 1], L_0x1516c2360, L_0x1516c2800, L_0x1516c3290, L_0x1516c4510;
L_0x1516c34d0 .part L_0x1516c2230, 2, 1;
L_0x1516c35d0 .part L_0x1516c21c0, 2, 1;
L_0x1516c3670 .part L_0x1516c2230, 1, 1;
L_0x1516c3940 .part L_0x1516c21c0, 2, 1;
L_0x1516c39e0 .part L_0x1516c21c0, 1, 1;
L_0x1516c3c70 .part L_0x1516c2230, 0, 1;
L_0x1516c3f30 .part L_0x1516c21c0, 2, 1;
L_0x1516c4060 .part L_0x1516c21c0, 1, 1;
L_0x1516c4140 .part L_0x1516c21c0, 0, 1;
L_0x1516c43a0 .part L_0x1516c3340, 0, 1;
L_0x1516c46e0 .part L_0x1516c2230, 3, 1;
L_0x1516c41e0 .part L_0x1516c21c0, 3, 1;
L_0x1516c4880 .part L_0x1516c2230, 2, 1;
L_0x1516c4640 .part L_0x1516c21c0, 3, 1;
L_0x1516c4bc0 .part L_0x1516c21c0, 2, 1;
L_0x1516c4dc0 .part L_0x1516c2230, 1, 1;
L_0x1516c5080 .part L_0x1516c21c0, 3, 1;
L_0x1516c5200 .part L_0x1516c21c0, 2, 1;
L_0x1516c3ac0 .part L_0x1516c21c0, 1, 1;
L_0x1516c5120 .part L_0x1516c2230, 0, 1;
L_0x1516c58a0 .part L_0x1516c21c0, 3, 1;
L_0x1516c5a40 .part L_0x1516c21c0, 2, 1;
L_0x1516c5bd0 .part L_0x1516c21c0, 1, 1;
L_0x1516c5980 .part L_0x1516c21c0, 0, 1;
L_0x1516c5f70 .part L_0x1516c3340, 0, 1;
S_0x15164d940 .scope module, "n4" "cla_4" 5 17, 6 3 0, S_0x151643970;
 .timescale -9 -11;
    .port_info 0 /INPUT 4 "a";
    .port_info 1 /INPUT 4 "b";
    .port_info 2 /INPUT 1 "cin";
    .port_info 3 /OUTPUT 4 "sum";
    .port_info 4 /OUTPUT 1 "cout";
L_0x1516c6380 .functor XOR 4, L_0x1516ca3c0, L_0x1516ca460, C4<0000>, C4<0000>;
L_0x1516c63f0 .functor AND 4, L_0x1516ca3c0, L_0x1516ca460, C4<1111>, C4<1111>;
L_0x1516c64e0 .functor BUFZ 1, L_0x1516c5c70, C4<0>, C4<0>, C4<0>;
L_0x1516c6850 .functor AND 1, L_0x1516c66b0, L_0x1516c6790, C4<1>, C4<1>;
L_0x1516c6980 .functor OR 1, L_0x1516c65d0, L_0x1516c6850, C4<0>, C4<0>;
L_0x1516c6d30 .functor AND 1, L_0x1516c6b40, L_0x1516c6c10, C4<1>, C4<1>;
L_0x1516c6e00 .functor OR 1, L_0x1516c6aa0, L_0x1516c6d30, C4<0>, C4<0>;
L_0x1516c70f0 .functor AND 1, L_0x1516c6f30, L_0x1516c7050, C4<1>, C4<1>;
L_0x1516c7310 .functor AND 1, L_0x1516c70f0, L_0x1516c71e0, C4<1>, C4<1>;
L_0x1516c7410 .functor OR 1, L_0x1516c6e00, L_0x1516c7310, C4<0>, C4<0>;
L_0x1516c7900 .functor AND 1, L_0x1516c7750, L_0x1516c77f0, C4<1>, C4<1>;
L_0x1516c7a10 .functor OR 1, L_0x1516c7650, L_0x1516c7900, C4<0>, C4<0>;
L_0x1516c7890 .functor AND 1, L_0x1516c7ac0, L_0x1516c7b60, C4<1>, C4<1>;
L_0x1516c7e90 .functor AND 1, L_0x1516c7890, L_0x1516c7df0, C4<1>, C4<1>;
L_0x1516c7f40 .functor OR 1, L_0x1516c7a10, L_0x1516c7e90, C4<0>, C4<0>;
L_0x1516c7d80 .functor AND 1, L_0x1516c80b0, L_0x1516c81e0, C4<1>, C4<1>;
L_0x1516c8400 .functor AND 1, L_0x1516c7d80, L_0x1516c82c0, C4<1>, C4<1>;
L_0x1516c85c0 .functor AND 1, L_0x1516c8400, L_0x1516c8520, C4<1>, C4<1>;
L_0x1516c8690 .functor OR 1, L_0x1516c7f40, L_0x1516c85c0, C4<0>, C4<0>;
L_0x1516c6cb0 .functor AND 1, L_0x1516c8360, L_0x1516c8a00, C4<1>, C4<1>;
L_0x1516c8ba0 .functor OR 1, L_0x1516c8860, L_0x1516c6cb0, C4<0>, C4<0>;
L_0x1516c8eb0 .functor AND 1, L_0x1516c87c0, L_0x1516c8d40, C4<1>, C4<1>;
L_0x1516c8fe0 .functor AND 1, L_0x1516c8eb0, L_0x1516c8f40, C4<1>, C4<1>;
L_0x1516c9190 .functor OR 1, L_0x1516c8ba0, L_0x1516c8fe0, C4<0>, C4<0>;
L_0x1516c8de0 .functor AND 1, L_0x1516c9200, L_0x1516c9380, C4<1>, C4<1>;
L_0x1516c90d0 .functor AND 1, L_0x1516c8de0, L_0x1516c7c40, C4<1>, C4<1>;
L_0x1516c97e0 .functor AND 1, L_0x1516c90d0, L_0x1516c92a0, C4<1>, C4<1>;
L_0x1516c99b0 .functor OR 1, L_0x1516c9190, L_0x1516c97e0, C4<0>, C4<0>;
L_0x1516c96a0 .functor AND 1, L_0x1516c9a20, L_0x1516c9bc0, C4<1>, C4<1>;
L_0x1516c98d0 .functor AND 1, L_0x1516c96a0, L_0x1516c9d50, C4<1>, C4<1>;
L_0x1516c9f00 .functor AND 1, L_0x1516c98d0, L_0x1516c9b00, C4<1>, C4<1>;
L_0x1516c9c60 .functor AND 1, L_0x1516c9f00, L_0x1516ca0f0, C4<1>, C4<1>;
L_0x1516c9df0 .functor OR 1, L_0x1516c99b0, L_0x1516c9c60, C4<0>, C4<0>;
L_0x1516c9ff0 .functor XOR 4, L_0x1516c6380, L_0x1516c74c0, C4<0000>, C4<0000>;
v0x15164db80_0 .net "G", 3 0, L_0x1516c63f0;  1 drivers
v0x15164dc40_0 .net "P", 3 0, L_0x1516c6380;  1 drivers
v0x15164dcf0_0 .net *"_ivl_102", 0 0, L_0x1516c8f40;  1 drivers
v0x15164ddb0_0 .net *"_ivl_103", 0 0, L_0x1516c8fe0;  1 drivers
v0x15164de60_0 .net *"_ivl_105", 0 0, L_0x1516c9190;  1 drivers
v0x15164df50_0 .net *"_ivl_108", 0 0, L_0x1516c9200;  1 drivers
v0x15164e000_0 .net *"_ivl_11", 0 0, L_0x1516c65d0;  1 drivers
v0x15164e0b0_0 .net *"_ivl_110", 0 0, L_0x1516c9380;  1 drivers
v0x15164e160_0 .net *"_ivl_111", 0 0, L_0x1516c8de0;  1 drivers
v0x15164e270_0 .net *"_ivl_114", 0 0, L_0x1516c7c40;  1 drivers
v0x15164e320_0 .net *"_ivl_115", 0 0, L_0x1516c90d0;  1 drivers
v0x15164e3d0_0 .net *"_ivl_118", 0 0, L_0x1516c92a0;  1 drivers
v0x15164e480_0 .net *"_ivl_119", 0 0, L_0x1516c97e0;  1 drivers
v0x15164e530_0 .net *"_ivl_121", 0 0, L_0x1516c99b0;  1 drivers
v0x15164e5e0_0 .net *"_ivl_124", 0 0, L_0x1516c9a20;  1 drivers
v0x15164e690_0 .net *"_ivl_126", 0 0, L_0x1516c9bc0;  1 drivers
v0x15164e740_0 .net *"_ivl_127", 0 0, L_0x1516c96a0;  1 drivers
v0x15164e8d0_0 .net *"_ivl_13", 0 0, L_0x1516c66b0;  1 drivers
v0x15164e960_0 .net *"_ivl_130", 0 0, L_0x1516c9d50;  1 drivers
v0x15164ea10_0 .net *"_ivl_131", 0 0, L_0x1516c98d0;  1 drivers
v0x15164eac0_0 .net *"_ivl_134", 0 0, L_0x1516c9b00;  1 drivers
v0x15164eb70_0 .net *"_ivl_135", 0 0, L_0x1516c9f00;  1 drivers
v0x15164ec20_0 .net *"_ivl_138", 0 0, L_0x1516ca0f0;  1 drivers
v0x15164ecd0_0 .net *"_ivl_139", 0 0, L_0x1516c9c60;  1 drivers
v0x15164ed80_0 .net *"_ivl_15", 0 0, L_0x1516c6790;  1 drivers
v0x15164ee30_0 .net *"_ivl_16", 0 0, L_0x1516c6850;  1 drivers
v0x15164eee0_0 .net *"_ivl_18", 0 0, L_0x1516c6980;  1 drivers
v0x15164ef90_0 .net *"_ivl_23", 0 0, L_0x1516c6aa0;  1 drivers
v0x15164f040_0 .net *"_ivl_25", 0 0, L_0x1516c6b40;  1 drivers
v0x15164f0f0_0 .net *"_ivl_27", 0 0, L_0x1516c6c10;  1 drivers
v0x15164f1a0_0 .net *"_ivl_28", 0 0, L_0x1516c6d30;  1 drivers
v0x15164f250_0 .net *"_ivl_30", 0 0, L_0x1516c6e00;  1 drivers
v0x15164f300_0 .net *"_ivl_33", 0 0, L_0x1516c6f30;  1 drivers
v0x15164e7f0_0 .net *"_ivl_35", 0 0, L_0x1516c7050;  1 drivers
v0x15164f590_0 .net *"_ivl_36", 0 0, L_0x1516c70f0;  1 drivers
v0x15164f620_0 .net *"_ivl_39", 0 0, L_0x1516c71e0;  1 drivers
v0x15164f6c0_0 .net *"_ivl_40", 0 0, L_0x1516c7310;  1 drivers
v0x15164f770_0 .net *"_ivl_42", 0 0, L_0x1516c7410;  1 drivers
v0x15164f820_0 .net *"_ivl_48", 0 0, L_0x1516c7650;  1 drivers
v0x15164f8d0_0 .net *"_ivl_50", 0 0, L_0x1516c7750;  1 drivers
v0x15164f980_0 .net *"_ivl_52", 0 0, L_0x1516c77f0;  1 drivers
v0x15164fa30_0 .net *"_ivl_53", 0 0, L_0x1516c7900;  1 drivers
v0x15164fae0_0 .net *"_ivl_55", 0 0, L_0x1516c7a10;  1 drivers
v0x15164fb90_0 .net *"_ivl_58", 0 0, L_0x1516c7ac0;  1 drivers
v0x15164fc40_0 .net *"_ivl_60", 0 0, L_0x1516c7b60;  1 drivers
v0x15164fcf0_0 .net *"_ivl_61", 0 0, L_0x1516c7890;  1 drivers
v0x15164fda0_0 .net *"_ivl_64", 0 0, L_0x1516c7df0;  1 drivers
v0x15164fe50_0 .net *"_ivl_65", 0 0, L_0x1516c7e90;  1 drivers
v0x15164ff00_0 .net *"_ivl_67", 0 0, L_0x1516c7f40;  1 drivers
v0x15164ffb0_0 .net *"_ivl_7", 0 0, L_0x1516c64e0;  1 drivers
v0x151650060_0 .net *"_ivl_70", 0 0, L_0x1516c80b0;  1 drivers
v0x151650110_0 .net *"_ivl_72", 0 0, L_0x1516c81e0;  1 drivers
v0x1516501c0_0 .net *"_ivl_73", 0 0, L_0x1516c7d80;  1 drivers
v0x151650270_0 .net *"_ivl_76", 0 0, L_0x1516c82c0;  1 drivers
v0x151650320_0 .net *"_ivl_77", 0 0, L_0x1516c8400;  1 drivers
v0x1516503d0_0 .net *"_ivl_80", 0 0, L_0x1516c8520;  1 drivers
v0x151650480_0 .net *"_ivl_81", 0 0, L_0x1516c85c0;  1 drivers
v0x151650530_0 .net *"_ivl_83", 0 0, L_0x1516c8690;  1 drivers
v0x1516505e0_0 .net *"_ivl_86", 0 0, L_0x1516c8860;  1 drivers
v0x151650690_0 .net *"_ivl_88", 0 0, L_0x1516c8360;  1 drivers
v0x151650740_0 .net *"_ivl_90", 0 0, L_0x1516c8a00;  1 drivers
v0x1516507f0_0 .net *"_ivl_91", 0 0, L_0x1516c6cb0;  1 drivers
v0x1516508a0_0 .net *"_ivl_93", 0 0, L_0x1516c8ba0;  1 drivers
v0x151650950_0 .net *"_ivl_96", 0 0, L_0x1516c87c0;  1 drivers
v0x151650a00_0 .net *"_ivl_98", 0 0, L_0x1516c8d40;  1 drivers
v0x15164f3b0_0 .net *"_ivl_99", 0 0, L_0x1516c8eb0;  1 drivers
v0x15164f460_0 .net "a", 3 0, L_0x1516ca3c0;  1 drivers
v0x151650a90_0 .net "b", 3 0, L_0x1516ca460;  1 drivers
v0x151650b20_0 .net "c", 3 0, L_0x1516c74c0;  1 drivers
v0x151650bb0_0 .net "cin", 0 0, L_0x1516c5c70;  alias, 1 drivers
v0x151650c40_0 .net "cout", 0 0, L_0x1516c9df0;  alias, 1 drivers
v0x151650cd0_0 .net "sum", 3 0, L_0x1516c9ff0;  1 drivers
L_0x1516c65d0 .part L_0x1516c63f0, 0, 1;
L_0x1516c66b0 .part L_0x1516c6380, 0, 1;
L_0x1516c6790 .part L_0x1516c74c0, 0, 1;
L_0x1516c6aa0 .part L_0x1516c63f0, 1, 1;
L_0x1516c6b40 .part L_0x1516c6380, 1, 1;
L_0x1516c6c10 .part L_0x1516c63f0, 0, 1;
L_0x1516c6f30 .part L_0x1516c6380, 1, 1;
L_0x1516c7050 .part L_0x1516c6380, 0, 1;
L_0x1516c71e0 .part L_0x1516c74c0, 0, 1;
L_0x1516c74c0 .concat8 [ 1 1 1 1], L_0x1516c64e0, L_0x1516c6980, L_0x1516c7410, L_0x1516c8690;
L_0x1516c7650 .part L_0x1516c63f0, 2, 1;
L_0x1516c7750 .part L_0x1516c6380, 2, 1;
L_0x1516c77f0 .part L_0x1516c63f0, 1, 1;
L_0x1516c7ac0 .part L_0x1516c6380, 2, 1;
L_0x1516c7b60 .part L_0x1516c6380, 1, 1;
L_0x1516c7df0 .part L_0x1516c63f0, 0, 1;
L_0x1516c80b0 .part L_0x1516c6380, 2, 1;
L_0x1516c81e0 .part L_0x1516c6380, 1, 1;
L_0x1516c82c0 .part L_0x1516c6380, 0, 1;
L_0x1516c8520 .part L_0x1516c74c0, 0, 1;
L_0x1516c8860 .part L_0x1516c63f0, 3, 1;
L_0x1516c8360 .part L_0x1516c6380, 3, 1;
L_0x1516c8a00 .part L_0x1516c63f0, 2, 1;
L_0x1516c87c0 .part L_0x1516c6380, 3, 1;
L_0x1516c8d40 .part L_0x1516c6380, 2, 1;
L_0x1516c8f40 .part L_0x1516c63f0, 1, 1;
L_0x1516c9200 .part L_0x1516c6380, 3, 1;
L_0x1516c9380 .part L_0x1516c6380, 2, 1;
L_0x1516c7c40 .part L_0x1516c6380, 1, 1;
L_0x1516c92a0 .part L_0x1516c63f0, 0, 1;
L_0x1516c9a20 .part L_0x1516c6380, 3, 1;
L_0x1516c9bc0 .part L_0x1516c6380, 2, 1;
L_0x1516c9d50 .part L_0x1516c6380, 1, 1;
L_0x1516c9b00 .part L_0x1516c6380, 0, 1;
L_0x1516ca0f0 .part L_0x1516c74c0, 0, 1;
S_0x151651350 .scope module, "n2" "cla16" 5 33, 5 4 0, S_0x151643680;
 .timescale -9 -11;
    .port_info 0 /INPUT 16 "d1";
    .port_info 1 /INPUT 16 "d2";
    .port_info 2 /INPUT 1 "cin";
    .port_info 3 /OUTPUT 16 "sum";
    .port_info 4 /OUTPUT 1 "cout";
P_0x151651520 .param/l "DATA_WIDTH" 0 5 4, +C4<00000000000000000000000000100000>;
v0x15165e710_0 .net "c1", 0 0, L_0x1516ce2a0;  1 drivers
v0x15165e7e0_0 .net "c2", 0 0, L_0x1516d2450;  1 drivers
v0x15165e8b0_0 .net "c3", 0 0, L_0x1516d6610;  1 drivers
v0x15165e980_0 .net "cin", 0 0, L_0x1516c9df0;  alias, 1 drivers
v0x15165ea10_0 .net8 "cout", 0 0, RS_0x14800f270;  alias, 3 drivers
v0x15165eb60_0 .net "d1", 15 0, L_0x1516db0b0;  1 drivers
v0x15165ebf0_0 .net "d2", 15 0, L_0x1516db150;  1 drivers
v0x15165ec80_0 .net "sum", 15 0, L_0x1516daf00;  1 drivers
L_0x1516ce870 .part L_0x1516db0b0, 0, 4;
L_0x1516ce910 .part L_0x1516db150, 0, 4;
L_0x1516d2a20 .part L_0x1516db0b0, 4, 4;
L_0x1516d2ac0 .part L_0x1516db150, 4, 4;
L_0x1516d6be0 .part L_0x1516db0b0, 8, 4;
L_0x1516d6c80 .part L_0x1516db150, 8, 4;
L_0x1516dad40 .part L_0x1516db0b0, 12, 4;
L_0x1516dade0 .part L_0x1516db150, 12, 4;
L_0x1516daf00 .concat8 [ 4 4 4 4], L_0x1516ce4a0, L_0x1516d2650, L_0x1516d6810, L_0x1516da970;
S_0x151651650 .scope module, "n1" "cla_4" 5 14, 6 3 0, S_0x151651350;
 .timescale -9 -11;
    .port_info 0 /INPUT 4 "a";
    .port_info 1 /INPUT 4 "b";
    .port_info 2 /INPUT 1 "cin";
    .port_info 3 /OUTPUT 4 "sum";
    .port_info 4 /OUTPUT 1 "cout";
L_0x1516ca870 .functor XOR 4, L_0x1516ce870, L_0x1516ce910, C4<0000>, C4<0000>;
L_0x1516ca8e0 .functor AND 4, L_0x1516ce870, L_0x1516ce910, C4<1111>, C4<1111>;
L_0x1516ca9d0 .functor BUFZ 1, L_0x1516c9df0, C4<0>, C4<0>, C4<0>;
L_0x1516cad00 .functor AND 1, L_0x1516cab40, L_0x1516cac20, C4<1>, C4<1>;
L_0x1516cae30 .functor OR 1, L_0x1516caa40, L_0x1516cad00, C4<0>, C4<0>;
L_0x1516cb1e0 .functor AND 1, L_0x1516caff0, L_0x1516cb0c0, C4<1>, C4<1>;
L_0x1516cb2b0 .functor OR 1, L_0x1516caf50, L_0x1516cb1e0, C4<0>, C4<0>;
L_0x1516cb5a0 .functor AND 1, L_0x1516cb3e0, L_0x1516cb500, C4<1>, C4<1>;
L_0x1516cb7c0 .functor AND 1, L_0x1516cb5a0, L_0x1516cb690, C4<1>, C4<1>;
L_0x1516cb8c0 .functor OR 1, L_0x1516cb2b0, L_0x1516cb7c0, C4<0>, C4<0>;
L_0x1516cbdb0 .functor AND 1, L_0x1516cbc00, L_0x1516cbca0, C4<1>, C4<1>;
L_0x1516cbec0 .functor OR 1, L_0x1516cbb00, L_0x1516cbdb0, C4<0>, C4<0>;
L_0x1516cbd40 .functor AND 1, L_0x1516cbf70, L_0x1516cc010, C4<1>, C4<1>;
L_0x1516cc340 .functor AND 1, L_0x1516cbd40, L_0x1516cc2a0, C4<1>, C4<1>;
L_0x1516cc3f0 .functor OR 1, L_0x1516cbec0, L_0x1516cc340, C4<0>, C4<0>;
L_0x1516cc230 .functor AND 1, L_0x1516cc560, L_0x1516cc690, C4<1>, C4<1>;
L_0x1516cc8b0 .functor AND 1, L_0x1516cc230, L_0x1516cc770, C4<1>, C4<1>;
L_0x1516cca70 .functor AND 1, L_0x1516cc8b0, L_0x1516cc9d0, C4<1>, C4<1>;
L_0x1516ccb40 .functor OR 1, L_0x1516cc3f0, L_0x1516cca70, C4<0>, C4<0>;
L_0x1516cb160 .functor AND 1, L_0x1516cc810, L_0x1516cceb0, C4<1>, C4<1>;
L_0x1516cd050 .functor OR 1, L_0x1516ccd10, L_0x1516cb160, C4<0>, C4<0>;
L_0x1516cd360 .functor AND 1, L_0x1516ccc70, L_0x1516cd1f0, C4<1>, C4<1>;
L_0x1516cd490 .functor AND 1, L_0x1516cd360, L_0x1516cd3f0, C4<1>, C4<1>;
L_0x1516cd640 .functor OR 1, L_0x1516cd050, L_0x1516cd490, C4<0>, C4<0>;
L_0x1516cd290 .functor AND 1, L_0x1516cd6b0, L_0x1516cd830, C4<1>, C4<1>;
L_0x1516cd580 .functor AND 1, L_0x1516cd290, L_0x1516cc0f0, C4<1>, C4<1>;
L_0x1516cdc90 .functor AND 1, L_0x1516cd580, L_0x1516cd750, C4<1>, C4<1>;
L_0x1516cde60 .functor OR 1, L_0x1516cd640, L_0x1516cdc90, C4<0>, C4<0>;
L_0x1516cdb50 .functor AND 1, L_0x1516cded0, L_0x1516ce070, C4<1>, C4<1>;
L_0x1516cdd80 .functor AND 1, L_0x1516cdb50, L_0x1516ce200, C4<1>, C4<1>;
L_0x1516ce3b0 .functor AND 1, L_0x1516cdd80, L_0x1516cdfb0, C4<1>, C4<1>;
L_0x1516ce110 .functor AND 1, L_0x1516ce3b0, L_0x1516ce5a0, C4<1>, C4<1>;
L_0x1516ce2a0 .functor OR 1, L_0x1516cde60, L_0x1516ce110, C4<0>, C4<0>;
L_0x1516ce4a0 .functor XOR 4, L_0x1516ca870, L_0x1516cb970, C4<0000>, C4<0000>;
v0x1516518c0_0 .net "G", 3 0, L_0x1516ca8e0;  1 drivers
v0x151651970_0 .net "P", 3 0, L_0x1516ca870;  1 drivers
v0x151651a20_0 .net *"_ivl_102", 0 0, L_0x1516cd3f0;  1 drivers
v0x151651ae0_0 .net *"_ivl_103", 0 0, L_0x1516cd490;  1 drivers
v0x151651b90_0 .net *"_ivl_105", 0 0, L_0x1516cd640;  1 drivers
v0x151651c80_0 .net *"_ivl_108", 0 0, L_0x1516cd6b0;  1 drivers
v0x151651d30_0 .net *"_ivl_11", 0 0, L_0x1516caa40;  1 drivers
v0x151651de0_0 .net *"_ivl_110", 0 0, L_0x1516cd830;  1 drivers
v0x151651e90_0 .net *"_ivl_111", 0 0, L_0x1516cd290;  1 drivers
v0x151651fa0_0 .net *"_ivl_114", 0 0, L_0x1516cc0f0;  1 drivers
v0x151652050_0 .net *"_ivl_115", 0 0, L_0x1516cd580;  1 drivers
v0x151652100_0 .net *"_ivl_118", 0 0, L_0x1516cd750;  1 drivers
v0x1516521b0_0 .net *"_ivl_119", 0 0, L_0x1516cdc90;  1 drivers
v0x151652260_0 .net *"_ivl_121", 0 0, L_0x1516cde60;  1 drivers
v0x151652310_0 .net *"_ivl_124", 0 0, L_0x1516cded0;  1 drivers
v0x1516523c0_0 .net *"_ivl_126", 0 0, L_0x1516ce070;  1 drivers
v0x151652470_0 .net *"_ivl_127", 0 0, L_0x1516cdb50;  1 drivers
v0x151652600_0 .net *"_ivl_13", 0 0, L_0x1516cab40;  1 drivers
v0x151652690_0 .net *"_ivl_130", 0 0, L_0x1516ce200;  1 drivers
v0x151652740_0 .net *"_ivl_131", 0 0, L_0x1516cdd80;  1 drivers
v0x1516527f0_0 .net *"_ivl_134", 0 0, L_0x1516cdfb0;  1 drivers
v0x1516528a0_0 .net *"_ivl_135", 0 0, L_0x1516ce3b0;  1 drivers
v0x151652950_0 .net *"_ivl_138", 0 0, L_0x1516ce5a0;  1 drivers
v0x151652a00_0 .net *"_ivl_139", 0 0, L_0x1516ce110;  1 drivers
v0x151652ab0_0 .net *"_ivl_15", 0 0, L_0x1516cac20;  1 drivers
v0x151652b60_0 .net *"_ivl_16", 0 0, L_0x1516cad00;  1 drivers
v0x151652c10_0 .net *"_ivl_18", 0 0, L_0x1516cae30;  1 drivers
v0x151652cc0_0 .net *"_ivl_23", 0 0, L_0x1516caf50;  1 drivers
v0x151652d70_0 .net *"_ivl_25", 0 0, L_0x1516caff0;  1 drivers
v0x151652e20_0 .net *"_ivl_27", 0 0, L_0x1516cb0c0;  1 drivers
v0x151652ed0_0 .net *"_ivl_28", 0 0, L_0x1516cb1e0;  1 drivers
v0x151652f80_0 .net *"_ivl_30", 0 0, L_0x1516cb2b0;  1 drivers
v0x151653030_0 .net *"_ivl_33", 0 0, L_0x1516cb3e0;  1 drivers
v0x151652520_0 .net *"_ivl_35", 0 0, L_0x1516cb500;  1 drivers
v0x1516532c0_0 .net *"_ivl_36", 0 0, L_0x1516cb5a0;  1 drivers
v0x151653350_0 .net *"_ivl_39", 0 0, L_0x1516cb690;  1 drivers
v0x1516533f0_0 .net *"_ivl_40", 0 0, L_0x1516cb7c0;  1 drivers
v0x1516534a0_0 .net *"_ivl_42", 0 0, L_0x1516cb8c0;  1 drivers
v0x151653550_0 .net *"_ivl_48", 0 0, L_0x1516cbb00;  1 drivers
v0x151653600_0 .net *"_ivl_50", 0 0, L_0x1516cbc00;  1 drivers
v0x1516536b0_0 .net *"_ivl_52", 0 0, L_0x1516cbca0;  1 drivers
v0x151653760_0 .net *"_ivl_53", 0 0, L_0x1516cbdb0;  1 drivers
v0x151653810_0 .net *"_ivl_55", 0 0, L_0x1516cbec0;  1 drivers
v0x1516538c0_0 .net *"_ivl_58", 0 0, L_0x1516cbf70;  1 drivers
v0x151653970_0 .net *"_ivl_60", 0 0, L_0x1516cc010;  1 drivers
v0x151653a20_0 .net *"_ivl_61", 0 0, L_0x1516cbd40;  1 drivers
v0x151653ad0_0 .net *"_ivl_64", 0 0, L_0x1516cc2a0;  1 drivers
v0x151653b80_0 .net *"_ivl_65", 0 0, L_0x1516cc340;  1 drivers
v0x151653c30_0 .net *"_ivl_67", 0 0, L_0x1516cc3f0;  1 drivers
v0x151653ce0_0 .net *"_ivl_7", 0 0, L_0x1516ca9d0;  1 drivers
v0x151653d90_0 .net *"_ivl_70", 0 0, L_0x1516cc560;  1 drivers
v0x151653e40_0 .net *"_ivl_72", 0 0, L_0x1516cc690;  1 drivers
v0x151653ef0_0 .net *"_ivl_73", 0 0, L_0x1516cc230;  1 drivers
v0x151653fa0_0 .net *"_ivl_76", 0 0, L_0x1516cc770;  1 drivers
v0x151654050_0 .net *"_ivl_77", 0 0, L_0x1516cc8b0;  1 drivers
v0x151654100_0 .net *"_ivl_80", 0 0, L_0x1516cc9d0;  1 drivers
v0x1516541b0_0 .net *"_ivl_81", 0 0, L_0x1516cca70;  1 drivers
v0x151654260_0 .net *"_ivl_83", 0 0, L_0x1516ccb40;  1 drivers
v0x151654310_0 .net *"_ivl_86", 0 0, L_0x1516ccd10;  1 drivers
v0x1516543c0_0 .net *"_ivl_88", 0 0, L_0x1516cc810;  1 drivers
v0x151654470_0 .net *"_ivl_90", 0 0, L_0x1516cceb0;  1 drivers
v0x151654520_0 .net *"_ivl_91", 0 0, L_0x1516cb160;  1 drivers
v0x1516545d0_0 .net *"_ivl_93", 0 0, L_0x1516cd050;  1 drivers
v0x151654680_0 .net *"_ivl_96", 0 0, L_0x1516ccc70;  1 drivers
v0x151654730_0 .net *"_ivl_98", 0 0, L_0x1516cd1f0;  1 drivers
v0x1516530e0_0 .net *"_ivl_99", 0 0, L_0x1516cd360;  1 drivers
v0x151653190_0 .net "a", 3 0, L_0x1516ce870;  1 drivers
v0x1516547c0_0 .net "b", 3 0, L_0x1516ce910;  1 drivers
v0x151654850_0 .net "c", 3 0, L_0x1516cb970;  1 drivers
v0x1516548e0_0 .net "cin", 0 0, L_0x1516c9df0;  alias, 1 drivers
v0x151654970_0 .net "cout", 0 0, L_0x1516ce2a0;  alias, 1 drivers
v0x151654a00_0 .net "sum", 3 0, L_0x1516ce4a0;  1 drivers
L_0x1516caa40 .part L_0x1516ca8e0, 0, 1;
L_0x1516cab40 .part L_0x1516ca870, 0, 1;
L_0x1516cac20 .part L_0x1516cb970, 0, 1;
L_0x1516caf50 .part L_0x1516ca8e0, 1, 1;
L_0x1516caff0 .part L_0x1516ca870, 1, 1;
L_0x1516cb0c0 .part L_0x1516ca8e0, 0, 1;
L_0x1516cb3e0 .part L_0x1516ca870, 1, 1;
L_0x1516cb500 .part L_0x1516ca870, 0, 1;
L_0x1516cb690 .part L_0x1516cb970, 0, 1;
L_0x1516cb970 .concat8 [ 1 1 1 1], L_0x1516ca9d0, L_0x1516cae30, L_0x1516cb8c0, L_0x1516ccb40;
L_0x1516cbb00 .part L_0x1516ca8e0, 2, 1;
L_0x1516cbc00 .part L_0x1516ca870, 2, 1;
L_0x1516cbca0 .part L_0x1516ca8e0, 1, 1;
L_0x1516cbf70 .part L_0x1516ca870, 2, 1;
L_0x1516cc010 .part L_0x1516ca870, 1, 1;
L_0x1516cc2a0 .part L_0x1516ca8e0, 0, 1;
L_0x1516cc560 .part L_0x1516ca870, 2, 1;
L_0x1516cc690 .part L_0x1516ca870, 1, 1;
L_0x1516cc770 .part L_0x1516ca870, 0, 1;
L_0x1516cc9d0 .part L_0x1516cb970, 0, 1;
L_0x1516ccd10 .part L_0x1516ca8e0, 3, 1;
L_0x1516cc810 .part L_0x1516ca870, 3, 1;
L_0x1516cceb0 .part L_0x1516ca8e0, 2, 1;
L_0x1516ccc70 .part L_0x1516ca870, 3, 1;
L_0x1516cd1f0 .part L_0x1516ca870, 2, 1;
L_0x1516cd3f0 .part L_0x1516ca8e0, 1, 1;
L_0x1516cd6b0 .part L_0x1516ca870, 3, 1;
L_0x1516cd830 .part L_0x1516ca870, 2, 1;
L_0x1516cc0f0 .part L_0x1516ca870, 1, 1;
L_0x1516cd750 .part L_0x1516ca8e0, 0, 1;
L_0x1516cded0 .part L_0x1516ca870, 3, 1;
L_0x1516ce070 .part L_0x1516ca870, 2, 1;
L_0x1516ce200 .part L_0x1516ca870, 1, 1;
L_0x1516cdfb0 .part L_0x1516ca870, 0, 1;
L_0x1516ce5a0 .part L_0x1516cb970, 0, 1;
S_0x151654ac0 .scope module, "n2" "cla_4" 5 15, 6 3 0, S_0x151651350;
 .timescale -9 -11;
    .port_info 0 /INPUT 4 "a";
    .port_info 1 /INPUT 4 "b";
    .port_info 2 /INPUT 1 "cin";
    .port_info 3 /OUTPUT 4 "sum";
    .port_info 4 /OUTPUT 1 "cout";
L_0x1516ce510 .functor XOR 4, L_0x1516d2a20, L_0x1516d2ac0, C4<0000>, C4<0000>;
L_0x1516cea10 .functor AND 4, L_0x1516d2a20, L_0x1516d2ac0, C4<1111>, C4<1111>;
L_0x1516ceb40 .functor BUFZ 1, L_0x1516ce2a0, C4<0>, C4<0>, C4<0>;
L_0x1516ceeb0 .functor AND 1, L_0x1516ced10, L_0x1516cedf0, C4<1>, C4<1>;
L_0x1516cefe0 .functor OR 1, L_0x1516cec30, L_0x1516ceeb0, C4<0>, C4<0>;
L_0x1516cf390 .functor AND 1, L_0x1516cf1a0, L_0x1516cf270, C4<1>, C4<1>;
L_0x1516cf460 .functor OR 1, L_0x1516cf100, L_0x1516cf390, C4<0>, C4<0>;
L_0x1516cf750 .functor AND 1, L_0x1516cf590, L_0x1516cf6b0, C4<1>, C4<1>;
L_0x1516cf970 .functor AND 1, L_0x1516cf750, L_0x1516cf840, C4<1>, C4<1>;
L_0x1516cfa70 .functor OR 1, L_0x1516cf460, L_0x1516cf970, C4<0>, C4<0>;
L_0x1516cff60 .functor AND 1, L_0x1516cfdb0, L_0x1516cfe50, C4<1>, C4<1>;
L_0x1516d0070 .functor OR 1, L_0x1516cfcb0, L_0x1516cff60, C4<0>, C4<0>;
L_0x1516cfef0 .functor AND 1, L_0x1516d0120, L_0x1516d01c0, C4<1>, C4<1>;
L_0x1516d04f0 .functor AND 1, L_0x1516cfef0, L_0x1516d0450, C4<1>, C4<1>;
L_0x1516d05a0 .functor OR 1, L_0x1516d0070, L_0x1516d04f0, C4<0>, C4<0>;
L_0x1516d03e0 .functor AND 1, L_0x1516d0710, L_0x1516d0840, C4<1>, C4<1>;
L_0x1516d0a60 .functor AND 1, L_0x1516d03e0, L_0x1516d0920, C4<1>, C4<1>;
L_0x1516d0c20 .functor AND 1, L_0x1516d0a60, L_0x1516d0b80, C4<1>, C4<1>;
L_0x1516d0cf0 .functor OR 1, L_0x1516d05a0, L_0x1516d0c20, C4<0>, C4<0>;
L_0x1516cf310 .functor AND 1, L_0x1516d09c0, L_0x1516d1060, C4<1>, C4<1>;
L_0x1516d1200 .functor OR 1, L_0x1516d0ec0, L_0x1516cf310, C4<0>, C4<0>;
L_0x1516d1510 .functor AND 1, L_0x1516d0e20, L_0x1516d13a0, C4<1>, C4<1>;
L_0x1516d1640 .functor AND 1, L_0x1516d1510, L_0x1516d15a0, C4<1>, C4<1>;
L_0x1516d17f0 .functor OR 1, L_0x1516d1200, L_0x1516d1640, C4<0>, C4<0>;
L_0x1516d1440 .functor AND 1, L_0x1516d1860, L_0x1516d19e0, C4<1>, C4<1>;
L_0x1516d1730 .functor AND 1, L_0x1516d1440, L_0x1516d02a0, C4<1>, C4<1>;
L_0x1516d1e40 .functor AND 1, L_0x1516d1730, L_0x1516d1900, C4<1>, C4<1>;
L_0x1516d2010 .functor OR 1, L_0x1516d17f0, L_0x1516d1e40, C4<0>, C4<0>;
L_0x1516d1d00 .functor AND 1, L_0x1516d2080, L_0x1516d2220, C4<1>, C4<1>;
L_0x1516d1f30 .functor AND 1, L_0x1516d1d00, L_0x1516d23b0, C4<1>, C4<1>;
L_0x1516d2560 .functor AND 1, L_0x1516d1f30, L_0x1516d2160, C4<1>, C4<1>;
L_0x1516d22c0 .functor AND 1, L_0x1516d2560, L_0x1516d2750, C4<1>, C4<1>;
L_0x1516d2450 .functor OR 1, L_0x1516d2010, L_0x1516d22c0, C4<0>, C4<0>;
L_0x1516d2650 .functor XOR 4, L_0x1516ce510, L_0x1516cfb20, C4<0000>, C4<0000>;
v0x151654d00_0 .net "G", 3 0, L_0x1516cea10;  1 drivers
v0x151654da0_0 .net "P", 3 0, L_0x1516ce510;  1 drivers
v0x151654e50_0 .net *"_ivl_102", 0 0, L_0x1516d15a0;  1 drivers
v0x151654f10_0 .net *"_ivl_103", 0 0, L_0x1516d1640;  1 drivers
v0x151654fc0_0 .net *"_ivl_105", 0 0, L_0x1516d17f0;  1 drivers
v0x1516550b0_0 .net *"_ivl_108", 0 0, L_0x1516d1860;  1 drivers
v0x151655160_0 .net *"_ivl_11", 0 0, L_0x1516cec30;  1 drivers
v0x151655210_0 .net *"_ivl_110", 0 0, L_0x1516d19e0;  1 drivers
v0x1516552c0_0 .net *"_ivl_111", 0 0, L_0x1516d1440;  1 drivers
v0x1516553d0_0 .net *"_ivl_114", 0 0, L_0x1516d02a0;  1 drivers
v0x151655480_0 .net *"_ivl_115", 0 0, L_0x1516d1730;  1 drivers
v0x151655530_0 .net *"_ivl_118", 0 0, L_0x1516d1900;  1 drivers
v0x1516555e0_0 .net *"_ivl_119", 0 0, L_0x1516d1e40;  1 drivers
v0x151655690_0 .net *"_ivl_121", 0 0, L_0x1516d2010;  1 drivers
v0x151655740_0 .net *"_ivl_124", 0 0, L_0x1516d2080;  1 drivers
v0x1516557f0_0 .net *"_ivl_126", 0 0, L_0x1516d2220;  1 drivers
v0x1516558a0_0 .net *"_ivl_127", 0 0, L_0x1516d1d00;  1 drivers
v0x151655a30_0 .net *"_ivl_13", 0 0, L_0x1516ced10;  1 drivers
v0x151655ac0_0 .net *"_ivl_130", 0 0, L_0x1516d23b0;  1 drivers
v0x151655b70_0 .net *"_ivl_131", 0 0, L_0x1516d1f30;  1 drivers
v0x151655c20_0 .net *"_ivl_134", 0 0, L_0x1516d2160;  1 drivers
v0x151655cd0_0 .net *"_ivl_135", 0 0, L_0x1516d2560;  1 drivers
v0x151655d80_0 .net *"_ivl_138", 0 0, L_0x1516d2750;  1 drivers
v0x151655e30_0 .net *"_ivl_139", 0 0, L_0x1516d22c0;  1 drivers
v0x151655ee0_0 .net *"_ivl_15", 0 0, L_0x1516cedf0;  1 drivers
v0x151655f90_0 .net *"_ivl_16", 0 0, L_0x1516ceeb0;  1 drivers
v0x151656040_0 .net *"_ivl_18", 0 0, L_0x1516cefe0;  1 drivers
v0x1516560f0_0 .net *"_ivl_23", 0 0, L_0x1516cf100;  1 drivers
v0x1516561a0_0 .net *"_ivl_25", 0 0, L_0x1516cf1a0;  1 drivers
v0x151656250_0 .net *"_ivl_27", 0 0, L_0x1516cf270;  1 drivers
v0x151656300_0 .net *"_ivl_28", 0 0, L_0x1516cf390;  1 drivers
v0x1516563b0_0 .net *"_ivl_30", 0 0, L_0x1516cf460;  1 drivers
v0x151656460_0 .net *"_ivl_33", 0 0, L_0x1516cf590;  1 drivers
v0x151655950_0 .net *"_ivl_35", 0 0, L_0x1516cf6b0;  1 drivers
v0x1516566f0_0 .net *"_ivl_36", 0 0, L_0x1516cf750;  1 drivers
v0x151656780_0 .net *"_ivl_39", 0 0, L_0x1516cf840;  1 drivers
v0x151656820_0 .net *"_ivl_40", 0 0, L_0x1516cf970;  1 drivers
v0x1516568d0_0 .net *"_ivl_42", 0 0, L_0x1516cfa70;  1 drivers
v0x151656980_0 .net *"_ivl_48", 0 0, L_0x1516cfcb0;  1 drivers
v0x151656a30_0 .net *"_ivl_50", 0 0, L_0x1516cfdb0;  1 drivers
v0x151656ae0_0 .net *"_ivl_52", 0 0, L_0x1516cfe50;  1 drivers
v0x151656b90_0 .net *"_ivl_53", 0 0, L_0x1516cff60;  1 drivers
v0x151656c40_0 .net *"_ivl_55", 0 0, L_0x1516d0070;  1 drivers
v0x151656cf0_0 .net *"_ivl_58", 0 0, L_0x1516d0120;  1 drivers
v0x151656da0_0 .net *"_ivl_60", 0 0, L_0x1516d01c0;  1 drivers
v0x151656e50_0 .net *"_ivl_61", 0 0, L_0x1516cfef0;  1 drivers
v0x151656f00_0 .net *"_ivl_64", 0 0, L_0x1516d0450;  1 drivers
v0x151656fb0_0 .net *"_ivl_65", 0 0, L_0x1516d04f0;  1 drivers
v0x151657060_0 .net *"_ivl_67", 0 0, L_0x1516d05a0;  1 drivers
v0x151657110_0 .net *"_ivl_7", 0 0, L_0x1516ceb40;  1 drivers
v0x1516571c0_0 .net *"_ivl_70", 0 0, L_0x1516d0710;  1 drivers
v0x151657270_0 .net *"_ivl_72", 0 0, L_0x1516d0840;  1 drivers
v0x151657320_0 .net *"_ivl_73", 0 0, L_0x1516d03e0;  1 drivers
v0x1516573d0_0 .net *"_ivl_76", 0 0, L_0x1516d0920;  1 drivers
v0x151657480_0 .net *"_ivl_77", 0 0, L_0x1516d0a60;  1 drivers
v0x151657530_0 .net *"_ivl_80", 0 0, L_0x1516d0b80;  1 drivers
v0x1516575e0_0 .net *"_ivl_81", 0 0, L_0x1516d0c20;  1 drivers
v0x151657690_0 .net *"_ivl_83", 0 0, L_0x1516d0cf0;  1 drivers
v0x151657740_0 .net *"_ivl_86", 0 0, L_0x1516d0ec0;  1 drivers
v0x1516577f0_0 .net *"_ivl_88", 0 0, L_0x1516d09c0;  1 drivers
v0x1516578a0_0 .net *"_ivl_90", 0 0, L_0x1516d1060;  1 drivers
v0x151657950_0 .net *"_ivl_91", 0 0, L_0x1516cf310;  1 drivers
v0x151657a00_0 .net *"_ivl_93", 0 0, L_0x1516d1200;  1 drivers
v0x151657ab0_0 .net *"_ivl_96", 0 0, L_0x1516d0e20;  1 drivers
v0x151657b60_0 .net *"_ivl_98", 0 0, L_0x1516d13a0;  1 drivers
v0x151656510_0 .net *"_ivl_99", 0 0, L_0x1516d1510;  1 drivers
v0x1516565c0_0 .net "a", 3 0, L_0x1516d2a20;  1 drivers
v0x151657bf0_0 .net "b", 3 0, L_0x1516d2ac0;  1 drivers
v0x151657c80_0 .net "c", 3 0, L_0x1516cfb20;  1 drivers
v0x151657d10_0 .net "cin", 0 0, L_0x1516ce2a0;  alias, 1 drivers
v0x151657da0_0 .net "cout", 0 0, L_0x1516d2450;  alias, 1 drivers
v0x151657e30_0 .net "sum", 3 0, L_0x1516d2650;  1 drivers
L_0x1516cec30 .part L_0x1516cea10, 0, 1;
L_0x1516ced10 .part L_0x1516ce510, 0, 1;
L_0x1516cedf0 .part L_0x1516cfb20, 0, 1;
L_0x1516cf100 .part L_0x1516cea10, 1, 1;
L_0x1516cf1a0 .part L_0x1516ce510, 1, 1;
L_0x1516cf270 .part L_0x1516cea10, 0, 1;
L_0x1516cf590 .part L_0x1516ce510, 1, 1;
L_0x1516cf6b0 .part L_0x1516ce510, 0, 1;
L_0x1516cf840 .part L_0x1516cfb20, 0, 1;
L_0x1516cfb20 .concat8 [ 1 1 1 1], L_0x1516ceb40, L_0x1516cefe0, L_0x1516cfa70, L_0x1516d0cf0;
L_0x1516cfcb0 .part L_0x1516cea10, 2, 1;
L_0x1516cfdb0 .part L_0x1516ce510, 2, 1;
L_0x1516cfe50 .part L_0x1516cea10, 1, 1;
L_0x1516d0120 .part L_0x1516ce510, 2, 1;
L_0x1516d01c0 .part L_0x1516ce510, 1, 1;
L_0x1516d0450 .part L_0x1516cea10, 0, 1;
L_0x1516d0710 .part L_0x1516ce510, 2, 1;
L_0x1516d0840 .part L_0x1516ce510, 1, 1;
L_0x1516d0920 .part L_0x1516ce510, 0, 1;
L_0x1516d0b80 .part L_0x1516cfb20, 0, 1;
L_0x1516d0ec0 .part L_0x1516cea10, 3, 1;
L_0x1516d09c0 .part L_0x1516ce510, 3, 1;
L_0x1516d1060 .part L_0x1516cea10, 2, 1;
L_0x1516d0e20 .part L_0x1516ce510, 3, 1;
L_0x1516d13a0 .part L_0x1516ce510, 2, 1;
L_0x1516d15a0 .part L_0x1516cea10, 1, 1;
L_0x1516d1860 .part L_0x1516ce510, 3, 1;
L_0x1516d19e0 .part L_0x1516ce510, 2, 1;
L_0x1516d02a0 .part L_0x1516ce510, 1, 1;
L_0x1516d1900 .part L_0x1516cea10, 0, 1;
L_0x1516d2080 .part L_0x1516ce510, 3, 1;
L_0x1516d2220 .part L_0x1516ce510, 2, 1;
L_0x1516d23b0 .part L_0x1516ce510, 1, 1;
L_0x1516d2160 .part L_0x1516ce510, 0, 1;
L_0x1516d2750 .part L_0x1516cfb20, 0, 1;
S_0x151657ec0 .scope module, "n3" "cla_4" 5 16, 6 3 0, S_0x151651350;
 .timescale -9 -11;
    .port_info 0 /INPUT 4 "a";
    .port_info 1 /INPUT 4 "b";
    .port_info 2 /INPUT 1 "cin";
    .port_info 3 /OUTPUT 4 "sum";
    .port_info 4 /OUTPUT 1 "cout";
L_0x1516d2b60 .functor XOR 4, L_0x1516d6be0, L_0x1516d6c80, C4<0000>, C4<0000>;
L_0x1516d2bf0 .functor AND 4, L_0x1516d6be0, L_0x1516d6c80, C4<1111>, C4<1111>;
L_0x1516d2d20 .functor BUFZ 1, L_0x1516d2450, C4<0>, C4<0>, C4<0>;
L_0x1516d3090 .functor AND 1, L_0x1516d2ef0, L_0x1516d2fd0, C4<1>, C4<1>;
L_0x1516d31a0 .functor OR 1, L_0x1516d2e10, L_0x1516d3090, C4<0>, C4<0>;
L_0x1516d3550 .functor AND 1, L_0x1516d3360, L_0x1516d3430, C4<1>, C4<1>;
L_0x1516d3620 .functor OR 1, L_0x1516d32c0, L_0x1516d3550, C4<0>, C4<0>;
L_0x1516d3910 .functor AND 1, L_0x1516d3750, L_0x1516d3870, C4<1>, C4<1>;
L_0x1516d3b30 .functor AND 1, L_0x1516d3910, L_0x1516d3a00, C4<1>, C4<1>;
L_0x1516d3c30 .functor OR 1, L_0x1516d3620, L_0x1516d3b30, C4<0>, C4<0>;
L_0x1516d4120 .functor AND 1, L_0x1516d3f70, L_0x1516d4010, C4<1>, C4<1>;
L_0x1516d4230 .functor OR 1, L_0x1516d3e70, L_0x1516d4120, C4<0>, C4<0>;
L_0x1516d40b0 .functor AND 1, L_0x1516d42e0, L_0x1516d4380, C4<1>, C4<1>;
L_0x1516d46b0 .functor AND 1, L_0x1516d40b0, L_0x1516d4610, C4<1>, C4<1>;
L_0x1516d4760 .functor OR 1, L_0x1516d4230, L_0x1516d46b0, C4<0>, C4<0>;
L_0x1516d45a0 .functor AND 1, L_0x1516d48d0, L_0x1516d4a00, C4<1>, C4<1>;
L_0x1516d4c20 .functor AND 1, L_0x1516d45a0, L_0x1516d4ae0, C4<1>, C4<1>;
L_0x1516d4de0 .functor AND 1, L_0x1516d4c20, L_0x1516d4d40, C4<1>, C4<1>;
L_0x1516d4eb0 .functor OR 1, L_0x1516d4760, L_0x1516d4de0, C4<0>, C4<0>;
L_0x1516d34d0 .functor AND 1, L_0x1516d4b80, L_0x1516d5220, C4<1>, C4<1>;
L_0x1516d53c0 .functor OR 1, L_0x1516d5080, L_0x1516d34d0, C4<0>, C4<0>;
L_0x1516d56d0 .functor AND 1, L_0x1516d4fe0, L_0x1516d5560, C4<1>, C4<1>;
L_0x1516d5800 .functor AND 1, L_0x1516d56d0, L_0x1516d5760, C4<1>, C4<1>;
L_0x1516d59b0 .functor OR 1, L_0x1516d53c0, L_0x1516d5800, C4<0>, C4<0>;
L_0x1516d5600 .functor AND 1, L_0x1516d5a20, L_0x1516d5ba0, C4<1>, C4<1>;
L_0x1516d58f0 .functor AND 1, L_0x1516d5600, L_0x1516d4460, C4<1>, C4<1>;
L_0x1516d6000 .functor AND 1, L_0x1516d58f0, L_0x1516d5ac0, C4<1>, C4<1>;
L_0x1516d61d0 .functor OR 1, L_0x1516d59b0, L_0x1516d6000, C4<0>, C4<0>;
L_0x1516d5ec0 .functor AND 1, L_0x1516d6240, L_0x1516d63e0, C4<1>, C4<1>;
L_0x1516d60f0 .functor AND 1, L_0x1516d5ec0, L_0x1516d6570, C4<1>, C4<1>;
L_0x1516d6720 .functor AND 1, L_0x1516d60f0, L_0x1516d6320, C4<1>, C4<1>;
L_0x1516d6480 .functor AND 1, L_0x1516d6720, L_0x1516d6910, C4<1>, C4<1>;
L_0x1516d6610 .functor OR 1, L_0x1516d61d0, L_0x1516d6480, C4<0>, C4<0>;
L_0x1516d6810 .functor XOR 4, L_0x1516d2b60, L_0x1516d3ce0, C4<0000>, C4<0000>;
v0x151658120_0 .net "G", 3 0, L_0x1516d2bf0;  1 drivers
v0x1516581d0_0 .net "P", 3 0, L_0x1516d2b60;  1 drivers
v0x151658280_0 .net *"_ivl_102", 0 0, L_0x1516d5760;  1 drivers
v0x151658340_0 .net *"_ivl_103", 0 0, L_0x1516d5800;  1 drivers
v0x1516583f0_0 .net *"_ivl_105", 0 0, L_0x1516d59b0;  1 drivers
v0x1516584e0_0 .net *"_ivl_108", 0 0, L_0x1516d5a20;  1 drivers
v0x151658590_0 .net *"_ivl_11", 0 0, L_0x1516d2e10;  1 drivers
v0x151658640_0 .net *"_ivl_110", 0 0, L_0x1516d5ba0;  1 drivers
v0x1516586f0_0 .net *"_ivl_111", 0 0, L_0x1516d5600;  1 drivers
v0x151658800_0 .net *"_ivl_114", 0 0, L_0x1516d4460;  1 drivers
v0x1516588b0_0 .net *"_ivl_115", 0 0, L_0x1516d58f0;  1 drivers
v0x151658960_0 .net *"_ivl_118", 0 0, L_0x1516d5ac0;  1 drivers
v0x151658a10_0 .net *"_ivl_119", 0 0, L_0x1516d6000;  1 drivers
v0x151658ac0_0 .net *"_ivl_121", 0 0, L_0x1516d61d0;  1 drivers
v0x151658b70_0 .net *"_ivl_124", 0 0, L_0x1516d6240;  1 drivers
v0x151658c20_0 .net *"_ivl_126", 0 0, L_0x1516d63e0;  1 drivers
v0x151658cd0_0 .net *"_ivl_127", 0 0, L_0x1516d5ec0;  1 drivers
v0x151658e60_0 .net *"_ivl_13", 0 0, L_0x1516d2ef0;  1 drivers
v0x151658ef0_0 .net *"_ivl_130", 0 0, L_0x1516d6570;  1 drivers
v0x151658fa0_0 .net *"_ivl_131", 0 0, L_0x1516d60f0;  1 drivers
v0x151659050_0 .net *"_ivl_134", 0 0, L_0x1516d6320;  1 drivers
v0x151659100_0 .net *"_ivl_135", 0 0, L_0x1516d6720;  1 drivers
v0x1516591b0_0 .net *"_ivl_138", 0 0, L_0x1516d6910;  1 drivers
v0x151659260_0 .net *"_ivl_139", 0 0, L_0x1516d6480;  1 drivers
v0x151659310_0 .net *"_ivl_15", 0 0, L_0x1516d2fd0;  1 drivers
v0x1516593c0_0 .net *"_ivl_16", 0 0, L_0x1516d3090;  1 drivers
v0x151659470_0 .net *"_ivl_18", 0 0, L_0x1516d31a0;  1 drivers
v0x151659520_0 .net *"_ivl_23", 0 0, L_0x1516d32c0;  1 drivers
v0x1516595d0_0 .net *"_ivl_25", 0 0, L_0x1516d3360;  1 drivers
v0x151659680_0 .net *"_ivl_27", 0 0, L_0x1516d3430;  1 drivers
v0x151659730_0 .net *"_ivl_28", 0 0, L_0x1516d3550;  1 drivers
v0x1516597e0_0 .net *"_ivl_30", 0 0, L_0x1516d3620;  1 drivers
v0x151659890_0 .net *"_ivl_33", 0 0, L_0x1516d3750;  1 drivers
v0x151658d80_0 .net *"_ivl_35", 0 0, L_0x1516d3870;  1 drivers
v0x151659b20_0 .net *"_ivl_36", 0 0, L_0x1516d3910;  1 drivers
v0x151659bb0_0 .net *"_ivl_39", 0 0, L_0x1516d3a00;  1 drivers
v0x151659c50_0 .net *"_ivl_40", 0 0, L_0x1516d3b30;  1 drivers
v0x151659d00_0 .net *"_ivl_42", 0 0, L_0x1516d3c30;  1 drivers
v0x151659db0_0 .net *"_ivl_48", 0 0, L_0x1516d3e70;  1 drivers
v0x151659e60_0 .net *"_ivl_50", 0 0, L_0x1516d3f70;  1 drivers
v0x151659f10_0 .net *"_ivl_52", 0 0, L_0x1516d4010;  1 drivers
v0x151659fc0_0 .net *"_ivl_53", 0 0, L_0x1516d4120;  1 drivers
v0x15165a070_0 .net *"_ivl_55", 0 0, L_0x1516d4230;  1 drivers
v0x15165a120_0 .net *"_ivl_58", 0 0, L_0x1516d42e0;  1 drivers
v0x15165a1d0_0 .net *"_ivl_60", 0 0, L_0x1516d4380;  1 drivers
v0x15165a280_0 .net *"_ivl_61", 0 0, L_0x1516d40b0;  1 drivers
v0x15165a330_0 .net *"_ivl_64", 0 0, L_0x1516d4610;  1 drivers
v0x15165a3e0_0 .net *"_ivl_65", 0 0, L_0x1516d46b0;  1 drivers
v0x15165a490_0 .net *"_ivl_67", 0 0, L_0x1516d4760;  1 drivers
v0x15165a540_0 .net *"_ivl_7", 0 0, L_0x1516d2d20;  1 drivers
v0x15165a5f0_0 .net *"_ivl_70", 0 0, L_0x1516d48d0;  1 drivers
v0x15165a6a0_0 .net *"_ivl_72", 0 0, L_0x1516d4a00;  1 drivers
v0x15165a750_0 .net *"_ivl_73", 0 0, L_0x1516d45a0;  1 drivers
v0x15165a800_0 .net *"_ivl_76", 0 0, L_0x1516d4ae0;  1 drivers
v0x15165a8b0_0 .net *"_ivl_77", 0 0, L_0x1516d4c20;  1 drivers
v0x15165a960_0 .net *"_ivl_80", 0 0, L_0x1516d4d40;  1 drivers
v0x15165aa10_0 .net *"_ivl_81", 0 0, L_0x1516d4de0;  1 drivers
v0x15165aac0_0 .net *"_ivl_83", 0 0, L_0x1516d4eb0;  1 drivers
v0x15165ab70_0 .net *"_ivl_86", 0 0, L_0x1516d5080;  1 drivers
v0x15165ac20_0 .net *"_ivl_88", 0 0, L_0x1516d4b80;  1 drivers
v0x15165acd0_0 .net *"_ivl_90", 0 0, L_0x1516d5220;  1 drivers
v0x15165ad80_0 .net *"_ivl_91", 0 0, L_0x1516d34d0;  1 drivers
v0x15165ae30_0 .net *"_ivl_93", 0 0, L_0x1516d53c0;  1 drivers
v0x15165aee0_0 .net *"_ivl_96", 0 0, L_0x1516d4fe0;  1 drivers
v0x15165af90_0 .net *"_ivl_98", 0 0, L_0x1516d5560;  1 drivers
v0x151659940_0 .net *"_ivl_99", 0 0, L_0x1516d56d0;  1 drivers
v0x1516599f0_0 .net "a", 3 0, L_0x1516d6be0;  1 drivers
v0x15165b020_0 .net "b", 3 0, L_0x1516d6c80;  1 drivers
v0x15165b0b0_0 .net "c", 3 0, L_0x1516d3ce0;  1 drivers
v0x15165b140_0 .net "cin", 0 0, L_0x1516d2450;  alias, 1 drivers
v0x15165b1d0_0 .net "cout", 0 0, L_0x1516d6610;  alias, 1 drivers
v0x15165b260_0 .net "sum", 3 0, L_0x1516d6810;  1 drivers
L_0x1516d2e10 .part L_0x1516d2bf0, 0, 1;
L_0x1516d2ef0 .part L_0x1516d2b60, 0, 1;
L_0x1516d2fd0 .part L_0x1516d3ce0, 0, 1;
L_0x1516d32c0 .part L_0x1516d2bf0, 1, 1;
L_0x1516d3360 .part L_0x1516d2b60, 1, 1;
L_0x1516d3430 .part L_0x1516d2bf0, 0, 1;
L_0x1516d3750 .part L_0x1516d2b60, 1, 1;
L_0x1516d3870 .part L_0x1516d2b60, 0, 1;
L_0x1516d3a00 .part L_0x1516d3ce0, 0, 1;
L_0x1516d3ce0 .concat8 [ 1 1 1 1], L_0x1516d2d20, L_0x1516d31a0, L_0x1516d3c30, L_0x1516d4eb0;
L_0x1516d3e70 .part L_0x1516d2bf0, 2, 1;
L_0x1516d3f70 .part L_0x1516d2b60, 2, 1;
L_0x1516d4010 .part L_0x1516d2bf0, 1, 1;
L_0x1516d42e0 .part L_0x1516d2b60, 2, 1;
L_0x1516d4380 .part L_0x1516d2b60, 1, 1;
L_0x1516d4610 .part L_0x1516d2bf0, 0, 1;
L_0x1516d48d0 .part L_0x1516d2b60, 2, 1;
L_0x1516d4a00 .part L_0x1516d2b60, 1, 1;
L_0x1516d4ae0 .part L_0x1516d2b60, 0, 1;
L_0x1516d4d40 .part L_0x1516d3ce0, 0, 1;
L_0x1516d5080 .part L_0x1516d2bf0, 3, 1;
L_0x1516d4b80 .part L_0x1516d2b60, 3, 1;
L_0x1516d5220 .part L_0x1516d2bf0, 2, 1;
L_0x1516d4fe0 .part L_0x1516d2b60, 3, 1;
L_0x1516d5560 .part L_0x1516d2b60, 2, 1;
L_0x1516d5760 .part L_0x1516d2bf0, 1, 1;
L_0x1516d5a20 .part L_0x1516d2b60, 3, 1;
L_0x1516d5ba0 .part L_0x1516d2b60, 2, 1;
L_0x1516d4460 .part L_0x1516d2b60, 1, 1;
L_0x1516d5ac0 .part L_0x1516d2bf0, 0, 1;
L_0x1516d6240 .part L_0x1516d2b60, 3, 1;
L_0x1516d63e0 .part L_0x1516d2b60, 2, 1;
L_0x1516d6570 .part L_0x1516d2b60, 1, 1;
L_0x1516d6320 .part L_0x1516d2b60, 0, 1;
L_0x1516d6910 .part L_0x1516d3ce0, 0, 1;
S_0x15165b2f0 .scope module, "n4" "cla_4" 5 17, 6 3 0, S_0x151651350;
 .timescale -9 -11;
    .port_info 0 /INPUT 4 "a";
    .port_info 1 /INPUT 4 "b";
    .port_info 2 /INPUT 1 "cin";
    .port_info 3 /OUTPUT 4 "sum";
    .port_info 4 /OUTPUT 1 "cout";
L_0x1516d6d20 .functor XOR 4, L_0x1516dad40, L_0x1516dade0, C4<0000>, C4<0000>;
L_0x1516d6d90 .functor AND 4, L_0x1516dad40, L_0x1516dade0, C4<1111>, C4<1111>;
L_0x1516d6e80 .functor BUFZ 1, L_0x1516d6610, C4<0>, C4<0>, C4<0>;
L_0x1516d71f0 .functor AND 1, L_0x1516d7050, L_0x1516d7130, C4<1>, C4<1>;
L_0x1516d7300 .functor OR 1, L_0x1516d6f70, L_0x1516d71f0, C4<0>, C4<0>;
L_0x1516d76b0 .functor AND 1, L_0x1516d74c0, L_0x1516d7590, C4<1>, C4<1>;
L_0x1516d7780 .functor OR 1, L_0x1516d7420, L_0x1516d76b0, C4<0>, C4<0>;
L_0x1516d7a70 .functor AND 1, L_0x1516d78b0, L_0x1516d79d0, C4<1>, C4<1>;
L_0x1516d7c90 .functor AND 1, L_0x1516d7a70, L_0x1516d7b60, C4<1>, C4<1>;
L_0x1516d7d90 .functor OR 1, L_0x1516d7780, L_0x1516d7c90, C4<0>, C4<0>;
L_0x1516d8280 .functor AND 1, L_0x1516d80d0, L_0x1516d8170, C4<1>, C4<1>;
L_0x1516d8390 .functor OR 1, L_0x1516d7fd0, L_0x1516d8280, C4<0>, C4<0>;
L_0x1516d8210 .functor AND 1, L_0x1516d8440, L_0x1516d84e0, C4<1>, C4<1>;
L_0x1516d8810 .functor AND 1, L_0x1516d8210, L_0x1516d8770, C4<1>, C4<1>;
L_0x1516d88c0 .functor OR 1, L_0x1516d8390, L_0x1516d8810, C4<0>, C4<0>;
L_0x1516d8700 .functor AND 1, L_0x1516d8a30, L_0x1516d8b60, C4<1>, C4<1>;
L_0x1516d8d80 .functor AND 1, L_0x1516d8700, L_0x1516d8c40, C4<1>, C4<1>;
L_0x1516d8f40 .functor AND 1, L_0x1516d8d80, L_0x1516d8ea0, C4<1>, C4<1>;
L_0x1516d9010 .functor OR 1, L_0x1516d88c0, L_0x1516d8f40, C4<0>, C4<0>;
L_0x1516d7630 .functor AND 1, L_0x1516d8ce0, L_0x1516d9380, C4<1>, C4<1>;
L_0x1516d9520 .functor OR 1, L_0x1516d91e0, L_0x1516d7630, C4<0>, C4<0>;
L_0x1516d9830 .functor AND 1, L_0x1516d9140, L_0x1516d96c0, C4<1>, C4<1>;
L_0x1516d9960 .functor AND 1, L_0x1516d9830, L_0x1516d98c0, C4<1>, C4<1>;
L_0x1516d9b10 .functor OR 1, L_0x1516d9520, L_0x1516d9960, C4<0>, C4<0>;
L_0x1516d9760 .functor AND 1, L_0x1516d9b80, L_0x1516d9d00, C4<1>, C4<1>;
L_0x1516d9a50 .functor AND 1, L_0x1516d9760, L_0x1516d85c0, C4<1>, C4<1>;
L_0x1516da160 .functor AND 1, L_0x1516d9a50, L_0x1516d9c20, C4<1>, C4<1>;
L_0x1516da330 .functor OR 1, L_0x1516d9b10, L_0x1516da160, C4<0>, C4<0>;
L_0x1516da020 .functor AND 1, L_0x1516da3a0, L_0x1516da540, C4<1>, C4<1>;
L_0x1516da250 .functor AND 1, L_0x1516da020, L_0x1516da6d0, C4<1>, C4<1>;
L_0x1516da880 .functor AND 1, L_0x1516da250, L_0x1516da480, C4<1>, C4<1>;
L_0x1516da5e0 .functor AND 1, L_0x1516da880, L_0x1516daa70, C4<1>, C4<1>;
L_0x1516da770 .functor OR 1, L_0x1516da330, L_0x1516da5e0, C4<0>, C4<0>;
L_0x1516da970 .functor XOR 4, L_0x1516d6d20, L_0x1516d7e40, C4<0000>, C4<0000>;
v0x15165b530_0 .net "G", 3 0, L_0x1516d6d90;  1 drivers
v0x15165b5f0_0 .net "P", 3 0, L_0x1516d6d20;  1 drivers
v0x15165b6a0_0 .net *"_ivl_102", 0 0, L_0x1516d98c0;  1 drivers
v0x15165b760_0 .net *"_ivl_103", 0 0, L_0x1516d9960;  1 drivers
v0x15165b810_0 .net *"_ivl_105", 0 0, L_0x1516d9b10;  1 drivers
v0x15165b900_0 .net *"_ivl_108", 0 0, L_0x1516d9b80;  1 drivers
v0x15165b9b0_0 .net *"_ivl_11", 0 0, L_0x1516d6f70;  1 drivers
v0x15165ba60_0 .net *"_ivl_110", 0 0, L_0x1516d9d00;  1 drivers
v0x15165bb10_0 .net *"_ivl_111", 0 0, L_0x1516d9760;  1 drivers
v0x15165bc20_0 .net *"_ivl_114", 0 0, L_0x1516d85c0;  1 drivers
v0x15165bcd0_0 .net *"_ivl_115", 0 0, L_0x1516d9a50;  1 drivers
v0x15165bd80_0 .net *"_ivl_118", 0 0, L_0x1516d9c20;  1 drivers
v0x15165be30_0 .net *"_ivl_119", 0 0, L_0x1516da160;  1 drivers
v0x15165bee0_0 .net *"_ivl_121", 0 0, L_0x1516da330;  1 drivers
v0x15165bf90_0 .net *"_ivl_124", 0 0, L_0x1516da3a0;  1 drivers
v0x15165c040_0 .net *"_ivl_126", 0 0, L_0x1516da540;  1 drivers
v0x15165c0f0_0 .net *"_ivl_127", 0 0, L_0x1516da020;  1 drivers
v0x15165c280_0 .net *"_ivl_13", 0 0, L_0x1516d7050;  1 drivers
v0x15165c310_0 .net *"_ivl_130", 0 0, L_0x1516da6d0;  1 drivers
v0x15165c3c0_0 .net *"_ivl_131", 0 0, L_0x1516da250;  1 drivers
v0x15165c470_0 .net *"_ivl_134", 0 0, L_0x1516da480;  1 drivers
v0x15165c520_0 .net *"_ivl_135", 0 0, L_0x1516da880;  1 drivers
v0x15165c5d0_0 .net *"_ivl_138", 0 0, L_0x1516daa70;  1 drivers
v0x15165c680_0 .net *"_ivl_139", 0 0, L_0x1516da5e0;  1 drivers
v0x15165c730_0 .net *"_ivl_15", 0 0, L_0x1516d7130;  1 drivers
v0x15165c7e0_0 .net *"_ivl_16", 0 0, L_0x1516d71f0;  1 drivers
v0x15165c890_0 .net *"_ivl_18", 0 0, L_0x1516d7300;  1 drivers
v0x15165c940_0 .net *"_ivl_23", 0 0, L_0x1516d7420;  1 drivers
v0x15165c9f0_0 .net *"_ivl_25", 0 0, L_0x1516d74c0;  1 drivers
v0x15165caa0_0 .net *"_ivl_27", 0 0, L_0x1516d7590;  1 drivers
v0x15165cb50_0 .net *"_ivl_28", 0 0, L_0x1516d76b0;  1 drivers
v0x15165cc00_0 .net *"_ivl_30", 0 0, L_0x1516d7780;  1 drivers
v0x15165ccb0_0 .net *"_ivl_33", 0 0, L_0x1516d78b0;  1 drivers
v0x15165c1a0_0 .net *"_ivl_35", 0 0, L_0x1516d79d0;  1 drivers
v0x15165cf40_0 .net *"_ivl_36", 0 0, L_0x1516d7a70;  1 drivers
v0x15165cfd0_0 .net *"_ivl_39", 0 0, L_0x1516d7b60;  1 drivers
v0x15165d070_0 .net *"_ivl_40", 0 0, L_0x1516d7c90;  1 drivers
v0x15165d120_0 .net *"_ivl_42", 0 0, L_0x1516d7d90;  1 drivers
v0x15165d1d0_0 .net *"_ivl_48", 0 0, L_0x1516d7fd0;  1 drivers
v0x15165d280_0 .net *"_ivl_50", 0 0, L_0x1516d80d0;  1 drivers
v0x15165d330_0 .net *"_ivl_52", 0 0, L_0x1516d8170;  1 drivers
v0x15165d3e0_0 .net *"_ivl_53", 0 0, L_0x1516d8280;  1 drivers
v0x15165d490_0 .net *"_ivl_55", 0 0, L_0x1516d8390;  1 drivers
v0x15165d540_0 .net *"_ivl_58", 0 0, L_0x1516d8440;  1 drivers
v0x15165d5f0_0 .net *"_ivl_60", 0 0, L_0x1516d84e0;  1 drivers
v0x15165d6a0_0 .net *"_ivl_61", 0 0, L_0x1516d8210;  1 drivers
v0x15165d750_0 .net *"_ivl_64", 0 0, L_0x1516d8770;  1 drivers
v0x15165d800_0 .net *"_ivl_65", 0 0, L_0x1516d8810;  1 drivers
v0x15165d8b0_0 .net *"_ivl_67", 0 0, L_0x1516d88c0;  1 drivers
v0x15165d960_0 .net *"_ivl_7", 0 0, L_0x1516d6e80;  1 drivers
v0x15165da10_0 .net *"_ivl_70", 0 0, L_0x1516d8a30;  1 drivers
v0x15165dac0_0 .net *"_ivl_72", 0 0, L_0x1516d8b60;  1 drivers
v0x15165db70_0 .net *"_ivl_73", 0 0, L_0x1516d8700;  1 drivers
v0x15165dc20_0 .net *"_ivl_76", 0 0, L_0x1516d8c40;  1 drivers
v0x15165dcd0_0 .net *"_ivl_77", 0 0, L_0x1516d8d80;  1 drivers
v0x15165dd80_0 .net *"_ivl_80", 0 0, L_0x1516d8ea0;  1 drivers
v0x15165de30_0 .net *"_ivl_81", 0 0, L_0x1516d8f40;  1 drivers
v0x15165dee0_0 .net *"_ivl_83", 0 0, L_0x1516d9010;  1 drivers
v0x15165df90_0 .net *"_ivl_86", 0 0, L_0x1516d91e0;  1 drivers
v0x15165e040_0 .net *"_ivl_88", 0 0, L_0x1516d8ce0;  1 drivers
v0x15165e0f0_0 .net *"_ivl_90", 0 0, L_0x1516d9380;  1 drivers
v0x15165e1a0_0 .net *"_ivl_91", 0 0, L_0x1516d7630;  1 drivers
v0x15165e250_0 .net *"_ivl_93", 0 0, L_0x1516d9520;  1 drivers
v0x15165e300_0 .net *"_ivl_96", 0 0, L_0x1516d9140;  1 drivers
v0x15165e3b0_0 .net *"_ivl_98", 0 0, L_0x1516d96c0;  1 drivers
v0x15165cd60_0 .net *"_ivl_99", 0 0, L_0x1516d9830;  1 drivers
v0x15165ce10_0 .net "a", 3 0, L_0x1516dad40;  1 drivers
v0x15165e440_0 .net "b", 3 0, L_0x1516dade0;  1 drivers
v0x15165e4d0_0 .net "c", 3 0, L_0x1516d7e40;  1 drivers
v0x15165e560_0 .net "cin", 0 0, L_0x1516d6610;  alias, 1 drivers
v0x15165e5f0_0 .net8 "cout", 0 0, RS_0x14800f270;  alias, 3 drivers
v0x15165e680_0 .net "sum", 3 0, L_0x1516da970;  1 drivers
L_0x1516d6f70 .part L_0x1516d6d90, 0, 1;
L_0x1516d7050 .part L_0x1516d6d20, 0, 1;
L_0x1516d7130 .part L_0x1516d7e40, 0, 1;
L_0x1516d7420 .part L_0x1516d6d90, 1, 1;
L_0x1516d74c0 .part L_0x1516d6d20, 1, 1;
L_0x1516d7590 .part L_0x1516d6d90, 0, 1;
L_0x1516d78b0 .part L_0x1516d6d20, 1, 1;
L_0x1516d79d0 .part L_0x1516d6d20, 0, 1;
L_0x1516d7b60 .part L_0x1516d7e40, 0, 1;
L_0x1516d7e40 .concat8 [ 1 1 1 1], L_0x1516d6e80, L_0x1516d7300, L_0x1516d7d90, L_0x1516d9010;
L_0x1516d7fd0 .part L_0x1516d6d90, 2, 1;
L_0x1516d80d0 .part L_0x1516d6d20, 2, 1;
L_0x1516d8170 .part L_0x1516d6d90, 1, 1;
L_0x1516d8440 .part L_0x1516d6d20, 2, 1;
L_0x1516d84e0 .part L_0x1516d6d20, 1, 1;
L_0x1516d8770 .part L_0x1516d6d90, 0, 1;
L_0x1516d8a30 .part L_0x1516d6d20, 2, 1;
L_0x1516d8b60 .part L_0x1516d6d20, 1, 1;
L_0x1516d8c40 .part L_0x1516d6d20, 0, 1;
L_0x1516d8ea0 .part L_0x1516d7e40, 0, 1;
L_0x1516d91e0 .part L_0x1516d6d90, 3, 1;
L_0x1516d8ce0 .part L_0x1516d6d20, 3, 1;
L_0x1516d9380 .part L_0x1516d6d90, 2, 1;
L_0x1516d9140 .part L_0x1516d6d20, 3, 1;
L_0x1516d96c0 .part L_0x1516d6d20, 2, 1;
L_0x1516d98c0 .part L_0x1516d6d90, 1, 1;
L_0x1516d9b80 .part L_0x1516d6d20, 3, 1;
L_0x1516d9d00 .part L_0x1516d6d20, 2, 1;
L_0x1516d85c0 .part L_0x1516d6d20, 1, 1;
L_0x1516d9c20 .part L_0x1516d6d90, 0, 1;
L_0x1516da3a0 .part L_0x1516d6d20, 3, 1;
L_0x1516da540 .part L_0x1516d6d20, 2, 1;
L_0x1516da6d0 .part L_0x1516d6d20, 1, 1;
L_0x1516da480 .part L_0x1516d6d20, 0, 1;
L_0x1516daa70 .part L_0x1516d7e40, 0, 1;
S_0x15165f1d0 .scope module, "ROL" "rol" 4 87, 13 1 0, S_0x151615a20;
 .timescale -9 -11;
    .port_info 0 /INPUT 32 "data_in";
    .port_info 1 /OUTPUT 32 "data_out";
P_0x151642150 .param/l "DATA_WIDTH" 0 13 1, +C4<00000000000000000000000000100000>;
L_0x1516fdb00 .functor OR 32, L_0x1516fd7c0, L_0x1516fd9a0, C4<00000000000000000000000000000000>, C4<00000000000000000000000000000000>;
v0x15165f500_0 .net *"_ivl_0", 31 0, L_0x1516fd7c0;  1 drivers
L_0x148040370 .functor BUFT 1, C4<0000000000000000000000000000000>, C4<0>, C4<0>, C4<0>;
v0x15165f5a0_0 .net *"_ivl_10", 30 0, L_0x148040370;  1 drivers
v0x15165f640_0 .net *"_ivl_2", 30 0, L_0x1516fd720;  1 drivers
L_0x148040328 .functor BUFT 1, C4<0>, C4<0>, C4<0>, C4<0>;
v0x15165f6d0_0 .net *"_ivl_4", 0 0, L_0x148040328;  1 drivers
v0x15165f760_0 .net *"_ivl_6", 31 0, L_0x1516fd9a0;  1 drivers
v0x15165f830_0 .net *"_ivl_8", 0 0, L_0x1516fd8e0;  1 drivers
v0x15165f8e0_0 .net "data_in", 31 0, v0x151680f30_0;  alias, 1 drivers
v0x15165fa80_0 .net "data_out", 31 0, L_0x1516fdb00;  alias, 1 drivers
L_0x1516fd720 .part v0x151680f30_0, 0, 31;
L_0x1516fd7c0 .concat [ 1 31 0 0], L_0x148040328, L_0x1516fd720;
L_0x1516fd8e0 .part v0x151680f30_0, 31, 1;
L_0x1516fd9a0 .concat [ 1 31 0 0], L_0x1516fd8e0, L_0x148040370;
S_0x15165fb40 .scope module, "ROR" "ror" 4 82, 14 1 0, S_0x151615a20;
 .timescale -9 -11;
    .port_info 0 /INPUT 32 "data_in";
    .port_info 1 /OUTPUT 32 "data_out";
P_0x15165fcb0 .param/l "DATA_WIDTH" 0 14 1, +C4<00000000000000000000000000100000>;
L_0x1516fd5f0 .functor OR 32, L_0x1516fd310, L_0x1516fd4d0, C4<00000000000000000000000000000000>, C4<00000000000000000000000000000000>;
v0x15165fde0_0 .net *"_ivl_0", 31 0, L_0x1516fd310;  1 drivers
L_0x1480402e0 .functor BUFT 1, C4<0000000000000000000000000000000>, C4<0>, C4<0>, C4<0>;
v0x15165fe90_0 .net *"_ivl_10", 30 0, L_0x1480402e0;  1 drivers
v0x15165ff30_0 .net *"_ivl_2", 30 0, L_0x1516fd270;  1 drivers
L_0x148040298 .functor BUFT 1, C4<0>, C4<0>, C4<0>, C4<0>;
v0x15165ffc0_0 .net *"_ivl_4", 0 0, L_0x148040298;  1 drivers
v0x151660050_0 .net *"_ivl_6", 31 0, L_0x1516fd4d0;  1 drivers
v0x151660120_0 .net *"_ivl_8", 0 0, L_0x1516fd430;  1 drivers
v0x1516601d0_0 .net "data_in", 31 0, v0x151680f30_0;  alias, 1 drivers
v0x151660270_0 .net "data_out", 31 0, L_0x1516fd5f0;  alias, 1 drivers
L_0x1516fd270 .part v0x151680f30_0, 1, 31;
L_0x1516fd310 .concat [ 31 1 0 0], L_0x1516fd270, L_0x148040298;
L_0x1516fd430 .part v0x151680f30_0, 0, 1;
L_0x1516fd4d0 .concat [ 31 1 0 0], L_0x1480402e0, L_0x1516fd430;
S_0x151660350 .scope module, "SHL" "shl" 4 77, 15 1 0, S_0x151615a20;
 .timescale -9 -11;
    .port_info 0 /INPUT 32 "data_in";
    .port_info 1 /OUTPUT 32 "data_out";
P_0x151660510 .param/l "DATA_WIDTH" 0 15 1, +C4<00000000000000000000000000100000>;
v0x151660640_0 .net *"_ivl_2", 30 0, L_0x1516fd030;  1 drivers
L_0x148040250 .functor BUFT 1, C4<0>, C4<0>, C4<0>, C4<0>;
v0x151660700_0 .net *"_ivl_4", 0 0, L_0x148040250;  1 drivers
v0x1516607a0_0 .net "data_in", 31 0, v0x151680f30_0;  alias, 1 drivers
v0x151660830_0 .net "data_out", 31 0, L_0x1516fd150;  alias, 1 drivers
L_0x1516fd030 .part v0x151680f30_0, 0, 31;
L_0x1516fd150 .concat [ 1 31 0 0], L_0x148040250, L_0x1516fd030;
S_0x1516608c0 .scope module, "SHR" "shr" 4 67, 16 1 0, S_0x151615a20;
 .timescale -9 -11;
    .port_info 0 /INPUT 32 "data_in";
    .port_info 1 /OUTPUT 32 "data_out";
P_0x151660a80 .param/l "DATA_WIDTH" 0 16 1, +C4<00000000000000000000000000100000>;
v0x151660bd0_0 .net *"_ivl_2", 30 0, L_0x151690fa0;  1 drivers
L_0x1480401c0 .functor BUFT 1, C4<0>, C4<0>, C4<0>, C4<0>;
v0x151660c90_0 .net *"_ivl_4", 0 0, L_0x1480401c0;  1 drivers
v0x151660d30_0 .net "data_in", 31 0, v0x151680f30_0;  alias, 1 drivers
v0x151660dc0_0 .net "data_out", 31 0, L_0x1516fcd10;  alias, 1 drivers
L_0x151690fa0 .part v0x151680f30_0, 1, 31;
L_0x1516fcd10 .concat [ 31 1 0 0], L_0x151690fa0, L_0x1480401c0;
S_0x151660e50 .scope module, "SHRA" "shra" 4 72, 17 1 0, S_0x151615a20;
 .timescale -9 -11;
    .port_info 0 /INPUT 32 "data_in";
    .port_info 1 /OUTPUT 32 "data_out";
P_0x151661010 .param/l "DATA_WIDTH" 0 17 1, +C4<00000000000000000000000000100000>;
v0x151661160_0 .net *"_ivl_2", 30 0, L_0x1516fce30;  1 drivers
L_0x148040208 .functor BUFT 1, C4<0>, C4<0>, C4<0>, C4<0>;
v0x151661220_0 .net *"_ivl_4", 0 0, L_0x148040208;  1 drivers
v0x1516612c0_0 .net "data_in", 31 0, v0x151680f30_0;  alias, 1 drivers
v0x151661350_0 .net "data_out", 31 0, L_0x1516fced0;  alias, 1 drivers
L_0x1516fce30 .part v0x151680f30_0, 1, 31;
L_0x1516fced0 .concat [ 31 1 0 0], L_0x1516fce30, L_0x148040208;
S_0x1516613e0 .scope module, "SUB" "subtract" 4 34, 18 1 0, S_0x151615a20;
 .timescale -9 -11;
    .port_info 0 /INPUT 32 "a";
    .port_info 1 /INPUT 32 "b";
    .port_info 2 /INPUT 1 "cin";
    .port_info 3 /OUTPUT 32 "sum";
    .port_info 4 /OUTPUT 1 "cout";
P_0x1516615a0 .param/l "DATA_WIDTH" 0 18 1, +C4<00000000000000000000000000100000>;
L_0x1516db400 .functor NOT 32, v0x151680f30_0, C4<00000000000000000000000000000000>, C4<00000000000000000000000000000000>, C4<00000000000000000000000000000000>;
v0x15167d2a0_0 .net *"_ivl_0", 31 0, L_0x1516db400;  1 drivers
L_0x148040130 .functor BUFT 1, C4<00000000000000000000000000000001>, C4<0>, C4<0>, C4<0>;
v0x15167d340_0 .net/2u *"_ivl_2", 31 0, L_0x148040130;  1 drivers
v0x15167d3e0_0 .net "a", 31 0, v0x151691170_0;  alias, 1 drivers
v0x15167d470_0 .net "b", 31 0, v0x151680f30_0;  alias, 1 drivers
L_0x148040178 .functor BUFT 1, C4<0>, C4<0>, C4<0>, C4<0>;
v0x15167d510_0 .net "cin", 0 0, L_0x148040178;  1 drivers
v0x15167d5e0_0 .net8 "cout", 0 0, RS_0x14800f270;  alias, 3 drivers
v0x15167d670_0 .net "negative_b", 31 0, L_0x1516db470;  1 drivers
v0x15167d710_0 .net "sum", 31 0, L_0x1516fc8e0;  alias, 1 drivers
L_0x1516db470 .arith/sum 32, L_0x1516db400, L_0x148040130;
S_0x1516616f0 .scope module, "n1" "collective_add" 18 12, 5 22 0, S_0x1516613e0;
 .timescale -9 -11;
    .port_info 0 /INPUT 32 "d1";
    .port_info 1 /INPUT 32 "d2";
    .port_info 2 /INPUT 1 "cin";
    .port_info 3 /OUTPUT 32 "sum";
    .port_info 4 /OUTPUT 1 "cout";
P_0x1516618b0 .param/l "DATA_WIDTH" 0 5 22, +C4<00000000000000000000000000100000>;
v0x15167cd80_0 .net "c1", 0 0, L_0x1516eb480;  1 drivers
v0x15167ce90_0 .net "cin", 0 0, L_0x148040178;  alias, 1 drivers
v0x15167cf20_0 .net8 "cout", 0 0, RS_0x14800f270;  alias, 3 drivers
v0x15167d0b0_0 .net "d1", 31 0, v0x151691170_0;  alias, 1 drivers
v0x15167d140_0 .net "d2", 31 0, L_0x1516db470;  alias, 1 drivers
v0x15167d210_0 .net "sum", 31 0, L_0x1516fc8e0;  alias, 1 drivers
L_0x1516ebdc0 .part v0x151691170_0, 0, 16;
L_0x1516ebe60 .part L_0x1516db470, 0, 16;
L_0x1516fc720 .part v0x151691170_0, 16, 16;
L_0x1516fc7c0 .part L_0x1516db470, 16, 16;
L_0x1516fc8e0 .concat8 [ 16 16 0 0], L_0x1516ebc10, L_0x1516fc570;
S_0x151661a00 .scope module, "n1" "cla16" 5 32, 5 4 0, S_0x1516616f0;
 .timescale -9 -11;
    .port_info 0 /INPUT 16 "d1";
    .port_info 1 /INPUT 16 "d2";
    .port_info 2 /INPUT 1 "cin";
    .port_info 3 /OUTPUT 16 "sum";
    .port_info 4 /OUTPUT 1 "cout";
P_0x151661bd0 .param/l "DATA_WIDTH" 0 5 4, +C4<00000000000000000000000000100000>;
v0x15166edf0_0 .net "c1", 0 0, L_0x1516defb0;  1 drivers
v0x15166eed0_0 .net "c2", 0 0, L_0x1516e3140;  1 drivers
v0x15166efa0_0 .net "c3", 0 0, L_0x1516e7300;  1 drivers
v0x15166f070_0 .net "cin", 0 0, L_0x148040178;  alias, 1 drivers
v0x15166f100_0 .net "cout", 0 0, L_0x1516eb480;  alias, 1 drivers
v0x15166f1d0_0 .net "d1", 15 0, L_0x1516ebdc0;  1 drivers
v0x15166f260_0 .net "d2", 15 0, L_0x1516ebe60;  1 drivers
v0x15166f2f0_0 .net "sum", 15 0, L_0x1516ebc10;  1 drivers
L_0x1516df580 .part L_0x1516ebdc0, 0, 4;
L_0x1516df620 .part L_0x1516ebe60, 0, 4;
L_0x1516e3710 .part L_0x1516ebdc0, 4, 4;
L_0x1516e37b0 .part L_0x1516ebe60, 4, 4;
L_0x1516e78d0 .part L_0x1516ebdc0, 8, 4;
L_0x1516e7970 .part L_0x1516ebe60, 8, 4;
L_0x1516eba50 .part L_0x1516ebdc0, 12, 4;
L_0x1516ebaf0 .part L_0x1516ebe60, 12, 4;
L_0x1516ebc10 .concat8 [ 4 4 4 4], L_0x1516df1b0, L_0x1516e3340, L_0x1516e7500, L_0x1516eb680;
S_0x151661d20 .scope module, "n1" "cla_4" 5 14, 6 3 0, S_0x151661a00;
 .timescale -9 -11;
    .port_info 0 /INPUT 4 "a";
    .port_info 1 /INPUT 4 "b";
    .port_info 2 /INPUT 1 "cin";
    .port_info 3 /OUTPUT 4 "sum";
    .port_info 4 /OUTPUT 1 "cout";
L_0x1516db5f0 .functor XOR 4, L_0x1516df580, L_0x1516df620, C4<0000>, C4<0000>;
L_0x1516db660 .functor AND 4, L_0x1516df580, L_0x1516df620, C4<1111>, C4<1111>;
L_0x1516db750 .functor BUFZ 1, L_0x148040178, C4<0>, C4<0>, C4<0>;
L_0x1516dba60 .functor AND 1, L_0x1516db8e0, L_0x1516db9c0, C4<1>, C4<1>;
L_0x1516dbb50 .functor OR 1, L_0x1516db840, L_0x1516dba60, C4<0>, C4<0>;
L_0x1516dbed0 .functor AND 1, L_0x1516dbd10, L_0x1516dbdb0, C4<1>, C4<1>;
L_0x1516dbfc0 .functor OR 1, L_0x1516dbc70, L_0x1516dbed0, C4<0>, C4<0>;
L_0x1516dc2b0 .functor AND 1, L_0x1516dc0f0, L_0x1516dc210, C4<1>, C4<1>;
L_0x1516dc4d0 .functor AND 1, L_0x1516dc2b0, L_0x1516dc3a0, C4<1>, C4<1>;
L_0x1516dc5d0 .functor OR 1, L_0x1516dbfc0, L_0x1516dc4d0, C4<0>, C4<0>;
L_0x1516dcac0 .functor AND 1, L_0x1516dc910, L_0x1516dc9b0, C4<1>, C4<1>;
L_0x1516dcbd0 .functor OR 1, L_0x1516dc810, L_0x1516dcac0, C4<0>, C4<0>;
L_0x1516dca50 .functor AND 1, L_0x1516dcc80, L_0x1516dcd20, C4<1>, C4<1>;
L_0x1516dd050 .functor AND 1, L_0x1516dca50, L_0x1516dcfb0, C4<1>, C4<1>;
L_0x1516dd100 .functor OR 1, L_0x1516dcbd0, L_0x1516dd050, C4<0>, C4<0>;
L_0x1516dcf40 .functor AND 1, L_0x1516dd270, L_0x1516dd3a0, C4<1>, C4<1>;
L_0x1516dd5c0 .functor AND 1, L_0x1516dcf40, L_0x1516dd480, C4<1>, C4<1>;
L_0x1516dd780 .functor AND 1, L_0x1516dd5c0, L_0x1516dd6e0, C4<1>, C4<1>;
L_0x1516dd850 .functor OR 1, L_0x1516dd100, L_0x1516dd780, C4<0>, C4<0>;
L_0x1516dbe50 .functor AND 1, L_0x1516dd520, L_0x1516ddbc0, C4<1>, C4<1>;
L_0x1516ddd60 .functor OR 1, L_0x1516dda20, L_0x1516dbe50, C4<0>, C4<0>;
L_0x1516de070 .functor AND 1, L_0x1516dd980, L_0x1516ddf00, C4<1>, C4<1>;
L_0x1516de1a0 .functor AND 1, L_0x1516de070, L_0x1516de100, C4<1>, C4<1>;
L_0x1516de350 .functor OR 1, L_0x1516ddd60, L_0x1516de1a0, C4<0>, C4<0>;
L_0x1516ddfa0 .functor AND 1, L_0x1516de3c0, L_0x1516de540, C4<1>, C4<1>;
L_0x1516de290 .functor AND 1, L_0x1516ddfa0, L_0x1516dce00, C4<1>, C4<1>;
L_0x1516de9a0 .functor AND 1, L_0x1516de290, L_0x1516de460, C4<1>, C4<1>;
L_0x1516deb70 .functor OR 1, L_0x1516de350, L_0x1516de9a0, C4<0>, C4<0>;
L_0x1516de860 .functor AND 1, L_0x1516debe0, L_0x1516ded80, C4<1>, C4<1>;
L_0x1516dea90 .functor AND 1, L_0x1516de860, L_0x1516def10, C4<1>, C4<1>;
L_0x1516df0c0 .functor AND 1, L_0x1516dea90, L_0x1516decc0, C4<1>, C4<1>;
L_0x1516dee20 .functor AND 1, L_0x1516df0c0, L_0x1516df2b0, C4<1>, C4<1>;
L_0x1516defb0 .functor OR 1, L_0x1516deb70, L_0x1516dee20, C4<0>, C4<0>;
L_0x1516df1b0 .functor XOR 4, L_0x1516db5f0, L_0x1516dc680, C4<0000>, C4<0000>;
v0x151661fa0_0 .net "G", 3 0, L_0x1516db660;  1 drivers
v0x151662060_0 .net "P", 3 0, L_0x1516db5f0;  1 drivers
v0x151662110_0 .net *"_ivl_102", 0 0, L_0x1516de100;  1 drivers
v0x1516621d0_0 .net *"_ivl_103", 0 0, L_0x1516de1a0;  1 drivers
v0x151662280_0 .net *"_ivl_105", 0 0, L_0x1516de350;  1 drivers
v0x151662370_0 .net *"_ivl_108", 0 0, L_0x1516de3c0;  1 drivers
v0x151662420_0 .net *"_ivl_11", 0 0, L_0x1516db840;  1 drivers
v0x1516624d0_0 .net *"_ivl_110", 0 0, L_0x1516de540;  1 drivers
v0x151662580_0 .net *"_ivl_111", 0 0, L_0x1516ddfa0;  1 drivers
v0x151662690_0 .net *"_ivl_114", 0 0, L_0x1516dce00;  1 drivers
v0x151662740_0 .net *"_ivl_115", 0 0, L_0x1516de290;  1 drivers
v0x1516627f0_0 .net *"_ivl_118", 0 0, L_0x1516de460;  1 drivers
v0x1516628a0_0 .net *"_ivl_119", 0 0, L_0x1516de9a0;  1 drivers
v0x151662950_0 .net *"_ivl_121", 0 0, L_0x1516deb70;  1 drivers
v0x151662a00_0 .net *"_ivl_124", 0 0, L_0x1516debe0;  1 drivers
v0x151662ab0_0 .net *"_ivl_126", 0 0, L_0x1516ded80;  1 drivers
v0x151662b60_0 .net *"_ivl_127", 0 0, L_0x1516de860;  1 drivers
v0x151662cf0_0 .net *"_ivl_13", 0 0, L_0x1516db8e0;  1 drivers
v0x151662d80_0 .net *"_ivl_130", 0 0, L_0x1516def10;  1 drivers
v0x151662e30_0 .net *"_ivl_131", 0 0, L_0x1516dea90;  1 drivers
v0x151662ee0_0 .net *"_ivl_134", 0 0, L_0x1516decc0;  1 drivers
v0x151662f90_0 .net *"_ivl_135", 0 0, L_0x1516df0c0;  1 drivers
v0x151663040_0 .net *"_ivl_138", 0 0, L_0x1516df2b0;  1 drivers
v0x1516630f0_0 .net *"_ivl_139", 0 0, L_0x1516dee20;  1 drivers
v0x1516631a0_0 .net *"_ivl_15", 0 0, L_0x1516db9c0;  1 drivers
v0x151663250_0 .net *"_ivl_16", 0 0, L_0x1516dba60;  1 drivers
v0x151663300_0 .net *"_ivl_18", 0 0, L_0x1516dbb50;  1 drivers
v0x1516633b0_0 .net *"_ivl_23", 0 0, L_0x1516dbc70;  1 drivers
v0x151663460_0 .net *"_ivl_25", 0 0, L_0x1516dbd10;  1 drivers
v0x151663510_0 .net *"_ivl_27", 0 0, L_0x1516dbdb0;  1 drivers
v0x1516635c0_0 .net *"_ivl_28", 0 0, L_0x1516dbed0;  1 drivers
v0x151663670_0 .net *"_ivl_30", 0 0, L_0x1516dbfc0;  1 drivers
v0x151663720_0 .net *"_ivl_33", 0 0, L_0x1516dc0f0;  1 drivers
v0x151662c10_0 .net *"_ivl_35", 0 0, L_0x1516dc210;  1 drivers
v0x1516639b0_0 .net *"_ivl_36", 0 0, L_0x1516dc2b0;  1 drivers
v0x151663a40_0 .net *"_ivl_39", 0 0, L_0x1516dc3a0;  1 drivers
v0x151663ae0_0 .net *"_ivl_40", 0 0, L_0x1516dc4d0;  1 drivers
v0x151663b90_0 .net *"_ivl_42", 0 0, L_0x1516dc5d0;  1 drivers
v0x151663c40_0 .net *"_ivl_48", 0 0, L_0x1516dc810;  1 drivers
v0x151663cf0_0 .net *"_ivl_50", 0 0, L_0x1516dc910;  1 drivers
v0x151663da0_0 .net *"_ivl_52", 0 0, L_0x1516dc9b0;  1 drivers
v0x151663e50_0 .net *"_ivl_53", 0 0, L_0x1516dcac0;  1 drivers
v0x151663f00_0 .net *"_ivl_55", 0 0, L_0x1516dcbd0;  1 drivers
v0x151663fb0_0 .net *"_ivl_58", 0 0, L_0x1516dcc80;  1 drivers
v0x151664060_0 .net *"_ivl_60", 0 0, L_0x1516dcd20;  1 drivers
v0x151664110_0 .net *"_ivl_61", 0 0, L_0x1516dca50;  1 drivers
v0x1516641c0_0 .net *"_ivl_64", 0 0, L_0x1516dcfb0;  1 drivers
v0x151664270_0 .net *"_ivl_65", 0 0, L_0x1516dd050;  1 drivers
v0x151664320_0 .net *"_ivl_67", 0 0, L_0x1516dd100;  1 drivers
v0x1516643d0_0 .net *"_ivl_7", 0 0, L_0x1516db750;  1 drivers
v0x151664480_0 .net *"_ivl_70", 0 0, L_0x1516dd270;  1 drivers
v0x151664530_0 .net *"_ivl_72", 0 0, L_0x1516dd3a0;  1 drivers
v0x1516645e0_0 .net *"_ivl_73", 0 0, L_0x1516dcf40;  1 drivers
v0x151664690_0 .net *"_ivl_76", 0 0, L_0x1516dd480;  1 drivers
v0x151664740_0 .net *"_ivl_77", 0 0, L_0x1516dd5c0;  1 drivers
v0x1516647f0_0 .net *"_ivl_80", 0 0, L_0x1516dd6e0;  1 drivers
v0x1516648a0_0 .net *"_ivl_81", 0 0, L_0x1516dd780;  1 drivers
v0x151664950_0 .net *"_ivl_83", 0 0, L_0x1516dd850;  1 drivers
v0x151664a00_0 .net *"_ivl_86", 0 0, L_0x1516dda20;  1 drivers
v0x151664ab0_0 .net *"_ivl_88", 0 0, L_0x1516dd520;  1 drivers
v0x151664b60_0 .net *"_ivl_90", 0 0, L_0x1516ddbc0;  1 drivers
v0x151664c10_0 .net *"_ivl_91", 0 0, L_0x1516dbe50;  1 drivers
v0x151664cc0_0 .net *"_ivl_93", 0 0, L_0x1516ddd60;  1 drivers
v0x151664d70_0 .net *"_ivl_96", 0 0, L_0x1516dd980;  1 drivers
v0x151664e20_0 .net *"_ivl_98", 0 0, L_0x1516ddf00;  1 drivers
v0x1516637d0_0 .net *"_ivl_99", 0 0, L_0x1516de070;  1 drivers
v0x151663880_0 .net "a", 3 0, L_0x1516df580;  1 drivers
v0x151664eb0_0 .net "b", 3 0, L_0x1516df620;  1 drivers
v0x151664f40_0 .net "c", 3 0, L_0x1516dc680;  1 drivers
v0x151664fd0_0 .net "cin", 0 0, L_0x148040178;  alias, 1 drivers
v0x151665060_0 .net "cout", 0 0, L_0x1516defb0;  alias, 1 drivers
v0x1516650f0_0 .net "sum", 3 0, L_0x1516df1b0;  1 drivers
L_0x1516db840 .part L_0x1516db660, 0, 1;
L_0x1516db8e0 .part L_0x1516db5f0, 0, 1;
L_0x1516db9c0 .part L_0x1516dc680, 0, 1;
L_0x1516dbc70 .part L_0x1516db660, 1, 1;
L_0x1516dbd10 .part L_0x1516db5f0, 1, 1;
L_0x1516dbdb0 .part L_0x1516db660, 0, 1;
L_0x1516dc0f0 .part L_0x1516db5f0, 1, 1;
L_0x1516dc210 .part L_0x1516db5f0, 0, 1;
L_0x1516dc3a0 .part L_0x1516dc680, 0, 1;
L_0x1516dc680 .concat8 [ 1 1 1 1], L_0x1516db750, L_0x1516dbb50, L_0x1516dc5d0, L_0x1516dd850;
L_0x1516dc810 .part L_0x1516db660, 2, 1;
L_0x1516dc910 .part L_0x1516db5f0, 2, 1;
L_0x1516dc9b0 .part L_0x1516db660, 1, 1;
L_0x1516dcc80 .part L_0x1516db5f0, 2, 1;
L_0x1516dcd20 .part L_0x1516db5f0, 1, 1;
L_0x1516dcfb0 .part L_0x1516db660, 0, 1;
L_0x1516dd270 .part L_0x1516db5f0, 2, 1;
L_0x1516dd3a0 .part L_0x1516db5f0, 1, 1;
L_0x1516dd480 .part L_0x1516db5f0, 0, 1;
L_0x1516dd6e0 .part L_0x1516dc680, 0, 1;
L_0x1516dda20 .part L_0x1516db660, 3, 1;
L_0x1516dd520 .part L_0x1516db5f0, 3, 1;
L_0x1516ddbc0 .part L_0x1516db660, 2, 1;
L_0x1516dd980 .part L_0x1516db5f0, 3, 1;
L_0x1516ddf00 .part L_0x1516db5f0, 2, 1;
L_0x1516de100 .part L_0x1516db660, 1, 1;
L_0x1516de3c0 .part L_0x1516db5f0, 3, 1;
L_0x1516de540 .part L_0x1516db5f0, 2, 1;
L_0x1516dce00 .part L_0x1516db5f0, 1, 1;
L_0x1516de460 .part L_0x1516db660, 0, 1;
L_0x1516debe0 .part L_0x1516db5f0, 3, 1;
L_0x1516ded80 .part L_0x1516db5f0, 2, 1;
L_0x1516def10 .part L_0x1516db5f0, 1, 1;
L_0x1516decc0 .part L_0x1516db5f0, 0, 1;
L_0x1516df2b0 .part L_0x1516dc680, 0, 1;
S_0x151665200 .scope module, "n2" "cla_4" 5 15, 6 3 0, S_0x151661a00;
 .timescale -9 -11;
    .port_info 0 /INPUT 4 "a";
    .port_info 1 /INPUT 4 "b";
    .port_info 2 /INPUT 1 "cin";
    .port_info 3 /OUTPUT 4 "sum";
    .port_info 4 /OUTPUT 1 "cout";
L_0x1516df220 .functor XOR 4, L_0x1516e3710, L_0x1516e37b0, C4<0000>, C4<0000>;
L_0x1516df720 .functor AND 4, L_0x1516e3710, L_0x1516e37b0, C4<1111>, C4<1111>;
L_0x1516df850 .functor BUFZ 1, L_0x1516defb0, C4<0>, C4<0>, C4<0>;
L_0x1516dfbc0 .functor AND 1, L_0x1516dfa20, L_0x1516dfb00, C4<1>, C4<1>;
L_0x1516dfcd0 .functor OR 1, L_0x1516df940, L_0x1516dfbc0, C4<0>, C4<0>;
L_0x1516e0080 .functor AND 1, L_0x1516dfe90, L_0x1516dff60, C4<1>, C4<1>;
L_0x1516e0150 .functor OR 1, L_0x1516dfdf0, L_0x1516e0080, C4<0>, C4<0>;
L_0x1516e0440 .functor AND 1, L_0x1516e0280, L_0x1516e03a0, C4<1>, C4<1>;
L_0x1516e0660 .functor AND 1, L_0x1516e0440, L_0x1516e0530, C4<1>, C4<1>;
L_0x1516e0760 .functor OR 1, L_0x1516e0150, L_0x1516e0660, C4<0>, C4<0>;
L_0x1516e0c50 .functor AND 1, L_0x1516e0aa0, L_0x1516e0b40, C4<1>, C4<1>;
L_0x1516e0d60 .functor OR 1, L_0x1516e09a0, L_0x1516e0c50, C4<0>, C4<0>;
L_0x1516e0be0 .functor AND 1, L_0x1516e0e10, L_0x1516e0eb0, C4<1>, C4<1>;
L_0x1516e11e0 .functor AND 1, L_0x1516e0be0, L_0x1516e1140, C4<1>, C4<1>;
L_0x1516e1290 .functor OR 1, L_0x1516e0d60, L_0x1516e11e0, C4<0>, C4<0>;
L_0x1516e10d0 .functor AND 1, L_0x1516e1400, L_0x1516e1530, C4<1>, C4<1>;
L_0x1516e1750 .functor AND 1, L_0x1516e10d0, L_0x1516e1610, C4<1>, C4<1>;
L_0x1516e1910 .functor AND 1, L_0x1516e1750, L_0x1516e1870, C4<1>, C4<1>;
L_0x1516e19e0 .functor OR 1, L_0x1516e1290, L_0x1516e1910, C4<0>, C4<0>;
L_0x1516e0000 .functor AND 1, L_0x1516e16b0, L_0x1516e1d50, C4<1>, C4<1>;
L_0x1516e1ef0 .functor OR 1, L_0x1516e1bb0, L_0x1516e0000, C4<0>, C4<0>;
L_0x1516e2200 .functor AND 1, L_0x1516e1b10, L_0x1516e2090, C4<1>, C4<1>;
L_0x1516e2330 .functor AND 1, L_0x1516e2200, L_0x1516e2290, C4<1>, C4<1>;
L_0x1516e24e0 .functor OR 1, L_0x1516e1ef0, L_0x1516e2330, C4<0>, C4<0>;
L_0x1516e2130 .functor AND 1, L_0x1516e2550, L_0x1516e26d0, C4<1>, C4<1>;
L_0x1516e2420 .functor AND 1, L_0x1516e2130, L_0x1516e0f90, C4<1>, C4<1>;
L_0x1516e2b30 .functor AND 1, L_0x1516e2420, L_0x1516e25f0, C4<1>, C4<1>;
L_0x1516e2d00 .functor OR 1, L_0x1516e24e0, L_0x1516e2b30, C4<0>, C4<0>;
L_0x1516e29f0 .functor AND 1, L_0x1516e2d70, L_0x1516e2f10, C4<1>, C4<1>;
L_0x1516e2c20 .functor AND 1, L_0x1516e29f0, L_0x1516e30a0, C4<1>, C4<1>;
L_0x1516e3250 .functor AND 1, L_0x1516e2c20, L_0x1516e2e50, C4<1>, C4<1>;
L_0x1516e2fb0 .functor AND 1, L_0x1516e3250, L_0x1516e3440, C4<1>, C4<1>;
L_0x1516e3140 .functor OR 1, L_0x1516e2d00, L_0x1516e2fb0, C4<0>, C4<0>;
L_0x1516e3340 .functor XOR 4, L_0x1516df220, L_0x1516e0810, C4<0000>, C4<0000>;
v0x1516653f0_0 .net "G", 3 0, L_0x1516df720;  1 drivers
v0x151665480_0 .net "P", 3 0, L_0x1516df220;  1 drivers
v0x151665530_0 .net *"_ivl_102", 0 0, L_0x1516e2290;  1 drivers
v0x1516655f0_0 .net *"_ivl_103", 0 0, L_0x1516e2330;  1 drivers
v0x1516656a0_0 .net *"_ivl_105", 0 0, L_0x1516e24e0;  1 drivers
v0x151665790_0 .net *"_ivl_108", 0 0, L_0x1516e2550;  1 drivers
v0x151665840_0 .net *"_ivl_11", 0 0, L_0x1516df940;  1 drivers
v0x1516658f0_0 .net *"_ivl_110", 0 0, L_0x1516e26d0;  1 drivers
v0x1516659a0_0 .net *"_ivl_111", 0 0, L_0x1516e2130;  1 drivers
v0x151665ab0_0 .net *"_ivl_114", 0 0, L_0x1516e0f90;  1 drivers
v0x151665b60_0 .net *"_ivl_115", 0 0, L_0x1516e2420;  1 drivers
v0x151665c10_0 .net *"_ivl_118", 0 0, L_0x1516e25f0;  1 drivers
v0x151665cc0_0 .net *"_ivl_119", 0 0, L_0x1516e2b30;  1 drivers
v0x151665d70_0 .net *"_ivl_121", 0 0, L_0x1516e2d00;  1 drivers
v0x151665e20_0 .net *"_ivl_124", 0 0, L_0x1516e2d70;  1 drivers
v0x151665ed0_0 .net *"_ivl_126", 0 0, L_0x1516e2f10;  1 drivers
v0x151665f80_0 .net *"_ivl_127", 0 0, L_0x1516e29f0;  1 drivers
v0x151666110_0 .net *"_ivl_13", 0 0, L_0x1516dfa20;  1 drivers
v0x1516661a0_0 .net *"_ivl_130", 0 0, L_0x1516e30a0;  1 drivers
v0x151666250_0 .net *"_ivl_131", 0 0, L_0x1516e2c20;  1 drivers
v0x151666300_0 .net *"_ivl_134", 0 0, L_0x1516e2e50;  1 drivers
v0x1516663b0_0 .net *"_ivl_135", 0 0, L_0x1516e3250;  1 drivers
v0x151666460_0 .net *"_ivl_138", 0 0, L_0x1516e3440;  1 drivers
v0x151666510_0 .net *"_ivl_139", 0 0, L_0x1516e2fb0;  1 drivers
v0x1516665c0_0 .net *"_ivl_15", 0 0, L_0x1516dfb00;  1 drivers
v0x151666670_0 .net *"_ivl_16", 0 0, L_0x1516dfbc0;  1 drivers
v0x151666720_0 .net *"_ivl_18", 0 0, L_0x1516dfcd0;  1 drivers
v0x1516667d0_0 .net *"_ivl_23", 0 0, L_0x1516dfdf0;  1 drivers
v0x151666880_0 .net *"_ivl_25", 0 0, L_0x1516dfe90;  1 drivers
v0x151666930_0 .net *"_ivl_27", 0 0, L_0x1516dff60;  1 drivers
v0x1516669e0_0 .net *"_ivl_28", 0 0, L_0x1516e0080;  1 drivers
v0x151666a90_0 .net *"_ivl_30", 0 0, L_0x1516e0150;  1 drivers
v0x151666b40_0 .net *"_ivl_33", 0 0, L_0x1516e0280;  1 drivers
v0x151666030_0 .net *"_ivl_35", 0 0, L_0x1516e03a0;  1 drivers
v0x151666dd0_0 .net *"_ivl_36", 0 0, L_0x1516e0440;  1 drivers
v0x151666e60_0 .net *"_ivl_39", 0 0, L_0x1516e0530;  1 drivers
v0x151666f00_0 .net *"_ivl_40", 0 0, L_0x1516e0660;  1 drivers
v0x151666fb0_0 .net *"_ivl_42", 0 0, L_0x1516e0760;  1 drivers
v0x151667060_0 .net *"_ivl_48", 0 0, L_0x1516e09a0;  1 drivers
v0x151667110_0 .net *"_ivl_50", 0 0, L_0x1516e0aa0;  1 drivers
v0x1516671c0_0 .net *"_ivl_52", 0 0, L_0x1516e0b40;  1 drivers
v0x151667270_0 .net *"_ivl_53", 0 0, L_0x1516e0c50;  1 drivers
v0x151667320_0 .net *"_ivl_55", 0 0, L_0x1516e0d60;  1 drivers
v0x1516673d0_0 .net *"_ivl_58", 0 0, L_0x1516e0e10;  1 drivers
v0x151667480_0 .net *"_ivl_60", 0 0, L_0x1516e0eb0;  1 drivers
v0x151667530_0 .net *"_ivl_61", 0 0, L_0x1516e0be0;  1 drivers
v0x1516675e0_0 .net *"_ivl_64", 0 0, L_0x1516e1140;  1 drivers
v0x151667690_0 .net *"_ivl_65", 0 0, L_0x1516e11e0;  1 drivers
v0x151667740_0 .net *"_ivl_67", 0 0, L_0x1516e1290;  1 drivers
v0x1516677f0_0 .net *"_ivl_7", 0 0, L_0x1516df850;  1 drivers
v0x1516678a0_0 .net *"_ivl_70", 0 0, L_0x1516e1400;  1 drivers
v0x151667950_0 .net *"_ivl_72", 0 0, L_0x1516e1530;  1 drivers
v0x151667a00_0 .net *"_ivl_73", 0 0, L_0x1516e10d0;  1 drivers
v0x151667ab0_0 .net *"_ivl_76", 0 0, L_0x1516e1610;  1 drivers
v0x151667b60_0 .net *"_ivl_77", 0 0, L_0x1516e1750;  1 drivers
v0x151667c10_0 .net *"_ivl_80", 0 0, L_0x1516e1870;  1 drivers
v0x151667cc0_0 .net *"_ivl_81", 0 0, L_0x1516e1910;  1 drivers
v0x151667d70_0 .net *"_ivl_83", 0 0, L_0x1516e19e0;  1 drivers
v0x151667e20_0 .net *"_ivl_86", 0 0, L_0x1516e1bb0;  1 drivers
v0x151667ed0_0 .net *"_ivl_88", 0 0, L_0x1516e16b0;  1 drivers
v0x151667f80_0 .net *"_ivl_90", 0 0, L_0x1516e1d50;  1 drivers
v0x151668030_0 .net *"_ivl_91", 0 0, L_0x1516e0000;  1 drivers
v0x1516680e0_0 .net *"_ivl_93", 0 0, L_0x1516e1ef0;  1 drivers
v0x151668190_0 .net *"_ivl_96", 0 0, L_0x1516e1b10;  1 drivers
v0x151668240_0 .net *"_ivl_98", 0 0, L_0x1516e2090;  1 drivers
v0x151666bf0_0 .net *"_ivl_99", 0 0, L_0x1516e2200;  1 drivers
v0x151666ca0_0 .net "a", 3 0, L_0x1516e3710;  1 drivers
v0x1516682d0_0 .net "b", 3 0, L_0x1516e37b0;  1 drivers
v0x151668360_0 .net "c", 3 0, L_0x1516e0810;  1 drivers
v0x1516683f0_0 .net "cin", 0 0, L_0x1516defb0;  alias, 1 drivers
v0x151668480_0 .net "cout", 0 0, L_0x1516e3140;  alias, 1 drivers
v0x151668510_0 .net "sum", 3 0, L_0x1516e3340;  1 drivers
L_0x1516df940 .part L_0x1516df720, 0, 1;
L_0x1516dfa20 .part L_0x1516df220, 0, 1;
L_0x1516dfb00 .part L_0x1516e0810, 0, 1;
L_0x1516dfdf0 .part L_0x1516df720, 1, 1;
L_0x1516dfe90 .part L_0x1516df220, 1, 1;
L_0x1516dff60 .part L_0x1516df720, 0, 1;
L_0x1516e0280 .part L_0x1516df220, 1, 1;
L_0x1516e03a0 .part L_0x1516df220, 0, 1;
L_0x1516e0530 .part L_0x1516e0810, 0, 1;
L_0x1516e0810 .concat8 [ 1 1 1 1], L_0x1516df850, L_0x1516dfcd0, L_0x1516e0760, L_0x1516e19e0;
L_0x1516e09a0 .part L_0x1516df720, 2, 1;
L_0x1516e0aa0 .part L_0x1516df220, 2, 1;
L_0x1516e0b40 .part L_0x1516df720, 1, 1;
L_0x1516e0e10 .part L_0x1516df220, 2, 1;
L_0x1516e0eb0 .part L_0x1516df220, 1, 1;
L_0x1516e1140 .part L_0x1516df720, 0, 1;
L_0x1516e1400 .part L_0x1516df220, 2, 1;
L_0x1516e1530 .part L_0x1516df220, 1, 1;
L_0x1516e1610 .part L_0x1516df220, 0, 1;
L_0x1516e1870 .part L_0x1516e0810, 0, 1;
L_0x1516e1bb0 .part L_0x1516df720, 3, 1;
L_0x1516e16b0 .part L_0x1516df220, 3, 1;
L_0x1516e1d50 .part L_0x1516df720, 2, 1;
L_0x1516e1b10 .part L_0x1516df220, 3, 1;
L_0x1516e2090 .part L_0x1516df220, 2, 1;
L_0x1516e2290 .part L_0x1516df720, 1, 1;
L_0x1516e2550 .part L_0x1516df220, 3, 1;
L_0x1516e26d0 .part L_0x1516df220, 2, 1;
L_0x1516e0f90 .part L_0x1516df220, 1, 1;
L_0x1516e25f0 .part L_0x1516df720, 0, 1;
L_0x1516e2d70 .part L_0x1516df220, 3, 1;
L_0x1516e2f10 .part L_0x1516df220, 2, 1;
L_0x1516e30a0 .part L_0x1516df220, 1, 1;
L_0x1516e2e50 .part L_0x1516df220, 0, 1;
L_0x1516e3440 .part L_0x1516e0810, 0, 1;
S_0x1516685a0 .scope module, "n3" "cla_4" 5 16, 6 3 0, S_0x151661a00;
 .timescale -9 -11;
    .port_info 0 /INPUT 4 "a";
    .port_info 1 /INPUT 4 "b";
    .port_info 2 /INPUT 1 "cin";
    .port_info 3 /OUTPUT 4 "sum";
    .port_info 4 /OUTPUT 1 "cout";
L_0x1516e3850 .functor XOR 4, L_0x1516e78d0, L_0x1516e7970, C4<0000>, C4<0000>;
L_0x1516e38c0 .functor AND 4, L_0x1516e78d0, L_0x1516e7970, C4<1111>, C4<1111>;
L_0x1516e39f0 .functor BUFZ 1, L_0x1516e3140, C4<0>, C4<0>, C4<0>;
L_0x1516e3d60 .functor AND 1, L_0x1516e3bc0, L_0x1516e3ca0, C4<1>, C4<1>;
L_0x1516e3e90 .functor OR 1, L_0x1516e3ae0, L_0x1516e3d60, C4<0>, C4<0>;
L_0x1516e4240 .functor AND 1, L_0x1516e4050, L_0x1516e4120, C4<1>, C4<1>;
L_0x1516e4310 .functor OR 1, L_0x1516e3fb0, L_0x1516e4240, C4<0>, C4<0>;
L_0x1516e4600 .functor AND 1, L_0x1516e4440, L_0x1516e4560, C4<1>, C4<1>;
L_0x1516e4820 .functor AND 1, L_0x1516e4600, L_0x1516e46f0, C4<1>, C4<1>;
L_0x1516e4920 .functor OR 1, L_0x1516e4310, L_0x1516e4820, C4<0>, C4<0>;
L_0x1516e4e10 .functor AND 1, L_0x1516e4c60, L_0x1516e4d00, C4<1>, C4<1>;
L_0x1516e4f20 .functor OR 1, L_0x1516e4b60, L_0x1516e4e10, C4<0>, C4<0>;
L_0x1516e4da0 .functor AND 1, L_0x1516e4fd0, L_0x1516e5070, C4<1>, C4<1>;
L_0x1516e53a0 .functor AND 1, L_0x1516e4da0, L_0x1516e5300, C4<1>, C4<1>;
L_0x1516e5450 .functor OR 1, L_0x1516e4f20, L_0x1516e53a0, C4<0>, C4<0>;
L_0x1516e5290 .functor AND 1, L_0x1516e55c0, L_0x1516e56f0, C4<1>, C4<1>;
L_0x1516e5910 .functor AND 1, L_0x1516e5290, L_0x1516e57d0, C4<1>, C4<1>;
L_0x1516e5ad0 .functor AND 1, L_0x1516e5910, L_0x1516e5a30, C4<1>, C4<1>;
L_0x1516e5ba0 .functor OR 1, L_0x1516e5450, L_0x1516e5ad0, C4<0>, C4<0>;
L_0x1516e41c0 .functor AND 1, L_0x1516e5870, L_0x1516e5f10, C4<1>, C4<1>;
L_0x1516e60b0 .functor OR 1, L_0x1516e5d70, L_0x1516e41c0, C4<0>, C4<0>;
L_0x1516e63c0 .functor AND 1, L_0x1516e5cd0, L_0x1516e6250, C4<1>, C4<1>;
L_0x1516e64f0 .functor AND 1, L_0x1516e63c0, L_0x1516e6450, C4<1>, C4<1>;
L_0x1516e66a0 .functor OR 1, L_0x1516e60b0, L_0x1516e64f0, C4<0>, C4<0>;
L_0x1516e62f0 .functor AND 1, L_0x1516e6710, L_0x1516e6890, C4<1>, C4<1>;
L_0x1516e65e0 .functor AND 1, L_0x1516e62f0, L_0x1516e5150, C4<1>, C4<1>;
L_0x1516e6cf0 .functor AND 1, L_0x1516e65e0, L_0x1516e67b0, C4<1>, C4<1>;
L_0x1516e6ec0 .functor OR 1, L_0x1516e66a0, L_0x1516e6cf0, C4<0>, C4<0>;
L_0x1516e6bb0 .functor AND 1, L_0x1516e6f30, L_0x1516e70d0, C4<1>, C4<1>;
L_0x1516e6de0 .functor AND 1, L_0x1516e6bb0, L_0x1516e7260, C4<1>, C4<1>;
L_0x1516e7410 .functor AND 1, L_0x1516e6de0, L_0x1516e7010, C4<1>, C4<1>;
L_0x1516e7170 .functor AND 1, L_0x1516e7410, L_0x1516e7600, C4<1>, C4<1>;
L_0x1516e7300 .functor OR 1, L_0x1516e6ec0, L_0x1516e7170, C4<0>, C4<0>;
L_0x1516e7500 .functor XOR 4, L_0x1516e3850, L_0x1516e49d0, C4<0000>, C4<0000>;
v0x151668800_0 .net "G", 3 0, L_0x1516e38c0;  1 drivers
v0x1516688b0_0 .net "P", 3 0, L_0x1516e3850;  1 drivers
v0x151668960_0 .net *"_ivl_102", 0 0, L_0x1516e6450;  1 drivers
v0x151668a20_0 .net *"_ivl_103", 0 0, L_0x1516e64f0;  1 drivers
v0x151668ad0_0 .net *"_ivl_105", 0 0, L_0x1516e66a0;  1 drivers
v0x151668bc0_0 .net *"_ivl_108", 0 0, L_0x1516e6710;  1 drivers
v0x151668c70_0 .net *"_ivl_11", 0 0, L_0x1516e3ae0;  1 drivers
v0x151668d20_0 .net *"_ivl_110", 0 0, L_0x1516e6890;  1 drivers
v0x151668dd0_0 .net *"_ivl_111", 0 0, L_0x1516e62f0;  1 drivers
v0x151668ee0_0 .net *"_ivl_114", 0 0, L_0x1516e5150;  1 drivers
v0x151668f90_0 .net *"_ivl_115", 0 0, L_0x1516e65e0;  1 drivers
v0x151669040_0 .net *"_ivl_118", 0 0, L_0x1516e67b0;  1 drivers
v0x1516690f0_0 .net *"_ivl_119", 0 0, L_0x1516e6cf0;  1 drivers
v0x1516691a0_0 .net *"_ivl_121", 0 0, L_0x1516e6ec0;  1 drivers
v0x151669250_0 .net *"_ivl_124", 0 0, L_0x1516e6f30;  1 drivers
v0x151669300_0 .net *"_ivl_126", 0 0, L_0x1516e70d0;  1 drivers
v0x1516693b0_0 .net *"_ivl_127", 0 0, L_0x1516e6bb0;  1 drivers
v0x151669540_0 .net *"_ivl_13", 0 0, L_0x1516e3bc0;  1 drivers
v0x1516695d0_0 .net *"_ivl_130", 0 0, L_0x1516e7260;  1 drivers
v0x151669680_0 .net *"_ivl_131", 0 0, L_0x1516e6de0;  1 drivers
v0x151669730_0 .net *"_ivl_134", 0 0, L_0x1516e7010;  1 drivers
v0x1516697e0_0 .net *"_ivl_135", 0 0, L_0x1516e7410;  1 drivers
v0x151669890_0 .net *"_ivl_138", 0 0, L_0x1516e7600;  1 drivers
v0x151669940_0 .net *"_ivl_139", 0 0, L_0x1516e7170;  1 drivers
v0x1516699f0_0 .net *"_ivl_15", 0 0, L_0x1516e3ca0;  1 drivers
v0x151669aa0_0 .net *"_ivl_16", 0 0, L_0x1516e3d60;  1 drivers
v0x151669b50_0 .net *"_ivl_18", 0 0, L_0x1516e3e90;  1 drivers
v0x151669c00_0 .net *"_ivl_23", 0 0, L_0x1516e3fb0;  1 drivers
v0x151669cb0_0 .net *"_ivl_25", 0 0, L_0x1516e4050;  1 drivers
v0x151669d60_0 .net *"_ivl_27", 0 0, L_0x1516e4120;  1 drivers
v0x151669e10_0 .net *"_ivl_28", 0 0, L_0x1516e4240;  1 drivers
v0x151669ec0_0 .net *"_ivl_30", 0 0, L_0x1516e4310;  1 drivers
v0x151669f70_0 .net *"_ivl_33", 0 0, L_0x1516e4440;  1 drivers
v0x151669460_0 .net *"_ivl_35", 0 0, L_0x1516e4560;  1 drivers
v0x15166a200_0 .net *"_ivl_36", 0 0, L_0x1516e4600;  1 drivers
v0x15166a290_0 .net *"_ivl_39", 0 0, L_0x1516e46f0;  1 drivers
v0x15166a330_0 .net *"_ivl_40", 0 0, L_0x1516e4820;  1 drivers
v0x15166a3e0_0 .net *"_ivl_42", 0 0, L_0x1516e4920;  1 drivers
v0x15166a490_0 .net *"_ivl_48", 0 0, L_0x1516e4b60;  1 drivers
v0x15166a540_0 .net *"_ivl_50", 0 0, L_0x1516e4c60;  1 drivers
v0x15166a5f0_0 .net *"_ivl_52", 0 0, L_0x1516e4d00;  1 drivers
v0x15166a6a0_0 .net *"_ivl_53", 0 0, L_0x1516e4e10;  1 drivers
v0x15166a750_0 .net *"_ivl_55", 0 0, L_0x1516e4f20;  1 drivers
v0x15166a800_0 .net *"_ivl_58", 0 0, L_0x1516e4fd0;  1 drivers
v0x15166a8b0_0 .net *"_ivl_60", 0 0, L_0x1516e5070;  1 drivers
v0x15166a960_0 .net *"_ivl_61", 0 0, L_0x1516e4da0;  1 drivers
v0x15166aa10_0 .net *"_ivl_64", 0 0, L_0x1516e5300;  1 drivers
v0x15166aac0_0 .net *"_ivl_65", 0 0, L_0x1516e53a0;  1 drivers
v0x15166ab70_0 .net *"_ivl_67", 0 0, L_0x1516e5450;  1 drivers
v0x15166ac20_0 .net *"_ivl_7", 0 0, L_0x1516e39f0;  1 drivers
v0x15166acd0_0 .net *"_ivl_70", 0 0, L_0x1516e55c0;  1 drivers
v0x15166ad80_0 .net *"_ivl_72", 0 0, L_0x1516e56f0;  1 drivers
v0x15166ae30_0 .net *"_ivl_73", 0 0, L_0x1516e5290;  1 drivers
v0x15166aee0_0 .net *"_ivl_76", 0 0, L_0x1516e57d0;  1 drivers
v0x15166af90_0 .net *"_ivl_77", 0 0, L_0x1516e5910;  1 drivers
v0x15166b040_0 .net *"_ivl_80", 0 0, L_0x1516e5a30;  1 drivers
v0x15166b0f0_0 .net *"_ivl_81", 0 0, L_0x1516e5ad0;  1 drivers
v0x15166b1a0_0 .net *"_ivl_83", 0 0, L_0x1516e5ba0;  1 drivers
v0x15166b250_0 .net *"_ivl_86", 0 0, L_0x1516e5d70;  1 drivers
v0x15166b300_0 .net *"_ivl_88", 0 0, L_0x1516e5870;  1 drivers
v0x15166b3b0_0 .net *"_ivl_90", 0 0, L_0x1516e5f10;  1 drivers
v0x15166b460_0 .net *"_ivl_91", 0 0, L_0x1516e41c0;  1 drivers
v0x15166b510_0 .net *"_ivl_93", 0 0, L_0x1516e60b0;  1 drivers
v0x15166b5c0_0 .net *"_ivl_96", 0 0, L_0x1516e5cd0;  1 drivers
v0x15166b670_0 .net *"_ivl_98", 0 0, L_0x1516e6250;  1 drivers
v0x15166a020_0 .net *"_ivl_99", 0 0, L_0x1516e63c0;  1 drivers
v0x15166a0d0_0 .net "a", 3 0, L_0x1516e78d0;  1 drivers
v0x15166b700_0 .net "b", 3 0, L_0x1516e7970;  1 drivers
v0x15166b790_0 .net "c", 3 0, L_0x1516e49d0;  1 drivers
v0x15166b820_0 .net "cin", 0 0, L_0x1516e3140;  alias, 1 drivers
v0x15166b8b0_0 .net "cout", 0 0, L_0x1516e7300;  alias, 1 drivers
v0x15166b940_0 .net "sum", 3 0, L_0x1516e7500;  1 drivers
L_0x1516e3ae0 .part L_0x1516e38c0, 0, 1;
L_0x1516e3bc0 .part L_0x1516e3850, 0, 1;
L_0x1516e3ca0 .part L_0x1516e49d0, 0, 1;
L_0x1516e3fb0 .part L_0x1516e38c0, 1, 1;
L_0x1516e4050 .part L_0x1516e3850, 1, 1;
L_0x1516e4120 .part L_0x1516e38c0, 0, 1;
L_0x1516e4440 .part L_0x1516e3850, 1, 1;
L_0x1516e4560 .part L_0x1516e3850, 0, 1;
L_0x1516e46f0 .part L_0x1516e49d0, 0, 1;
L_0x1516e49d0 .concat8 [ 1 1 1 1], L_0x1516e39f0, L_0x1516e3e90, L_0x1516e4920, L_0x1516e5ba0;
L_0x1516e4b60 .part L_0x1516e38c0, 2, 1;
L_0x1516e4c60 .part L_0x1516e3850, 2, 1;
L_0x1516e4d00 .part L_0x1516e38c0, 1, 1;
L_0x1516e4fd0 .part L_0x1516e3850, 2, 1;
L_0x1516e5070 .part L_0x1516e3850, 1, 1;
L_0x1516e5300 .part L_0x1516e38c0, 0, 1;
L_0x1516e55c0 .part L_0x1516e3850, 2, 1;
L_0x1516e56f0 .part L_0x1516e3850, 1, 1;
L_0x1516e57d0 .part L_0x1516e3850, 0, 1;
L_0x1516e5a30 .part L_0x1516e49d0, 0, 1;
L_0x1516e5d70 .part L_0x1516e38c0, 3, 1;
L_0x1516e5870 .part L_0x1516e3850, 3, 1;
L_0x1516e5f10 .part L_0x1516e38c0, 2, 1;
L_0x1516e5cd0 .part L_0x1516e3850, 3, 1;
L_0x1516e6250 .part L_0x1516e3850, 2, 1;
L_0x1516e6450 .part L_0x1516e38c0, 1, 1;
L_0x1516e6710 .part L_0x1516e3850, 3, 1;
L_0x1516e6890 .part L_0x1516e3850, 2, 1;
L_0x1516e5150 .part L_0x1516e3850, 1, 1;
L_0x1516e67b0 .part L_0x1516e38c0, 0, 1;
L_0x1516e6f30 .part L_0x1516e3850, 3, 1;
L_0x1516e70d0 .part L_0x1516e3850, 2, 1;
L_0x1516e7260 .part L_0x1516e3850, 1, 1;
L_0x1516e7010 .part L_0x1516e3850, 0, 1;
L_0x1516e7600 .part L_0x1516e49d0, 0, 1;
S_0x15166b9d0 .scope module, "n4" "cla_4" 5 17, 6 3 0, S_0x151661a00;
 .timescale -9 -11;
    .port_info 0 /INPUT 4 "a";
    .port_info 1 /INPUT 4 "b";
    .port_info 2 /INPUT 1 "cin";
    .port_info 3 /OUTPUT 4 "sum";
    .port_info 4 /OUTPUT 1 "cout";
L_0x1516e7a10 .functor XOR 4, L_0x1516eba50, L_0x1516ebaf0, C4<0000>, C4<0000>;
L_0x1516e7a80 .functor AND 4, L_0x1516eba50, L_0x1516ebaf0, C4<1111>, C4<1111>;
L_0x1516e7b70 .functor BUFZ 1, L_0x1516e7300, C4<0>, C4<0>, C4<0>;
L_0x1516e7ee0 .functor AND 1, L_0x1516e7d40, L_0x1516e7e20, C4<1>, C4<1>;
L_0x1516e8010 .functor OR 1, L_0x1516e7c60, L_0x1516e7ee0, C4<0>, C4<0>;
L_0x1516e83c0 .functor AND 1, L_0x1516e81d0, L_0x1516e82a0, C4<1>, C4<1>;
L_0x1516e8490 .functor OR 1, L_0x1516e8130, L_0x1516e83c0, C4<0>, C4<0>;
L_0x1516e8780 .functor AND 1, L_0x1516e85c0, L_0x1516e86e0, C4<1>, C4<1>;
L_0x1516e89a0 .functor AND 1, L_0x1516e8780, L_0x1516e8870, C4<1>, C4<1>;
L_0x1516e8aa0 .functor OR 1, L_0x1516e8490, L_0x1516e89a0, C4<0>, C4<0>;
L_0x1516e8f90 .functor AND 1, L_0x1516e8de0, L_0x1516e8e80, C4<1>, C4<1>;
L_0x1516e90a0 .functor OR 1, L_0x1516e8ce0, L_0x1516e8f90, C4<0>, C4<0>;
L_0x1516e8f20 .functor AND 1, L_0x1516e9150, L_0x1516e91f0, C4<1>, C4<1>;
L_0x1516e9520 .functor AND 1, L_0x1516e8f20, L_0x1516e9480, C4<1>, C4<1>;
L_0x1516e95d0 .functor OR 1, L_0x1516e90a0, L_0x1516e9520, C4<0>, C4<0>;
L_0x1516e9410 .functor AND 1, L_0x1516e9740, L_0x1516e9870, C4<1>, C4<1>;
L_0x1516e9a90 .functor AND 1, L_0x1516e9410, L_0x1516e9950, C4<1>, C4<1>;
L_0x1516e9c50 .functor AND 1, L_0x1516e9a90, L_0x1516e9bb0, C4<1>, C4<1>;
L_0x1516e9d20 .functor OR 1, L_0x1516e95d0, L_0x1516e9c50, C4<0>, C4<0>;
L_0x1516e8340 .functor AND 1, L_0x1516e99f0, L_0x1516ea090, C4<1>, C4<1>;
L_0x1516ea230 .functor OR 1, L_0x1516e9ef0, L_0x1516e8340, C4<0>, C4<0>;
L_0x1516ea540 .functor AND 1, L_0x1516e9e50, L_0x1516ea3d0, C4<1>, C4<1>;
L_0x1516ea670 .functor AND 1, L_0x1516ea540, L_0x1516ea5d0, C4<1>, C4<1>;
L_0x1516ea820 .functor OR 1, L_0x1516ea230, L_0x1516ea670, C4<0>, C4<0>;
L_0x1516ea470 .functor AND 1, L_0x1516ea890, L_0x1516eaa10, C4<1>, C4<1>;
L_0x1516ea760 .functor AND 1, L_0x1516ea470, L_0x1516e92d0, C4<1>, C4<1>;
L_0x1516eae70 .functor AND 1, L_0x1516ea760, L_0x1516ea930, C4<1>, C4<1>;
L_0x1516eb040 .functor OR 1, L_0x1516ea820, L_0x1516eae70, C4<0>, C4<0>;
L_0x1516ead30 .functor AND 1, L_0x1516eb0b0, L_0x1516eb250, C4<1>, C4<1>;
L_0x1516eaf60 .functor AND 1, L_0x1516ead30, L_0x1516eb3e0, C4<1>, C4<1>;
L_0x1516eb590 .functor AND 1, L_0x1516eaf60, L_0x1516eb190, C4<1>, C4<1>;
L_0x1516eb2f0 .functor AND 1, L_0x1516eb590, L_0x1516eb780, C4<1>, C4<1>;
L_0x1516eb480 .functor OR 1, L_0x1516eb040, L_0x1516eb2f0, C4<0>, C4<0>;
L_0x1516eb680 .functor XOR 4, L_0x1516e7a10, L_0x1516e8b50, C4<0000>, C4<0000>;
v0x15166bc10_0 .net "G", 3 0, L_0x1516e7a80;  1 drivers
v0x15166bcd0_0 .net "P", 3 0, L_0x1516e7a10;  1 drivers
v0x15166bd80_0 .net *"_ivl_102", 0 0, L_0x1516ea5d0;  1 drivers
v0x15166be40_0 .net *"_ivl_103", 0 0, L_0x1516ea670;  1 drivers
v0x15166bef0_0 .net *"_ivl_105", 0 0, L_0x1516ea820;  1 drivers
v0x15166bfe0_0 .net *"_ivl_108", 0 0, L_0x1516ea890;  1 drivers
v0x15166c090_0 .net *"_ivl_11", 0 0, L_0x1516e7c60;  1 drivers
v0x15166c140_0 .net *"_ivl_110", 0 0, L_0x1516eaa10;  1 drivers
v0x15166c1f0_0 .net *"_ivl_111", 0 0, L_0x1516ea470;  1 drivers
v0x15166c300_0 .net *"_ivl_114", 0 0, L_0x1516e92d0;  1 drivers
v0x15166c3b0_0 .net *"_ivl_115", 0 0, L_0x1516ea760;  1 drivers
v0x15166c460_0 .net *"_ivl_118", 0 0, L_0x1516ea930;  1 drivers
v0x15166c510_0 .net *"_ivl_119", 0 0, L_0x1516eae70;  1 drivers
v0x15166c5c0_0 .net *"_ivl_121", 0 0, L_0x1516eb040;  1 drivers
v0x15166c670_0 .net *"_ivl_124", 0 0, L_0x1516eb0b0;  1 drivers
v0x15166c720_0 .net *"_ivl_126", 0 0, L_0x1516eb250;  1 drivers
v0x15166c7d0_0 .net *"_ivl_127", 0 0, L_0x1516ead30;  1 drivers
v0x15166c960_0 .net *"_ivl_13", 0 0, L_0x1516e7d40;  1 drivers
v0x15166c9f0_0 .net *"_ivl_130", 0 0, L_0x1516eb3e0;  1 drivers
v0x15166caa0_0 .net *"_ivl_131", 0 0, L_0x1516eaf60;  1 drivers
v0x15166cb50_0 .net *"_ivl_134", 0 0, L_0x1516eb190;  1 drivers
v0x15166cc00_0 .net *"_ivl_135", 0 0, L_0x1516eb590;  1 drivers
v0x15166ccb0_0 .net *"_ivl_138", 0 0, L_0x1516eb780;  1 drivers
v0x15166cd60_0 .net *"_ivl_139", 0 0, L_0x1516eb2f0;  1 drivers
v0x15166ce10_0 .net *"_ivl_15", 0 0, L_0x1516e7e20;  1 drivers
v0x15166cec0_0 .net *"_ivl_16", 0 0, L_0x1516e7ee0;  1 drivers
v0x15166cf70_0 .net *"_ivl_18", 0 0, L_0x1516e8010;  1 drivers
v0x15166d020_0 .net *"_ivl_23", 0 0, L_0x1516e8130;  1 drivers
v0x15166d0d0_0 .net *"_ivl_25", 0 0, L_0x1516e81d0;  1 drivers
v0x15166d180_0 .net *"_ivl_27", 0 0, L_0x1516e82a0;  1 drivers
v0x15166d230_0 .net *"_ivl_28", 0 0, L_0x1516e83c0;  1 drivers
v0x15166d2e0_0 .net *"_ivl_30", 0 0, L_0x1516e8490;  1 drivers
v0x15166d390_0 .net *"_ivl_33", 0 0, L_0x1516e85c0;  1 drivers
v0x15166c880_0 .net *"_ivl_35", 0 0, L_0x1516e86e0;  1 drivers
v0x15166d620_0 .net *"_ivl_36", 0 0, L_0x1516e8780;  1 drivers
v0x15166d6b0_0 .net *"_ivl_39", 0 0, L_0x1516e8870;  1 drivers
v0x15166d750_0 .net *"_ivl_40", 0 0, L_0x1516e89a0;  1 drivers
v0x15166d800_0 .net *"_ivl_42", 0 0, L_0x1516e8aa0;  1 drivers
v0x15166d8b0_0 .net *"_ivl_48", 0 0, L_0x1516e8ce0;  1 drivers
v0x15166d960_0 .net *"_ivl_50", 0 0, L_0x1516e8de0;  1 drivers
v0x15166da10_0 .net *"_ivl_52", 0 0, L_0x1516e8e80;  1 drivers
v0x15166dac0_0 .net *"_ivl_53", 0 0, L_0x1516e8f90;  1 drivers
v0x15166db70_0 .net *"_ivl_55", 0 0, L_0x1516e90a0;  1 drivers
v0x15166dc20_0 .net *"_ivl_58", 0 0, L_0x1516e9150;  1 drivers
v0x15166dcd0_0 .net *"_ivl_60", 0 0, L_0x1516e91f0;  1 drivers
v0x15166dd80_0 .net *"_ivl_61", 0 0, L_0x1516e8f20;  1 drivers
v0x15166de30_0 .net *"_ivl_64", 0 0, L_0x1516e9480;  1 drivers
v0x15166dee0_0 .net *"_ivl_65", 0 0, L_0x1516e9520;  1 drivers
v0x15166df90_0 .net *"_ivl_67", 0 0, L_0x1516e95d0;  1 drivers
v0x15166e040_0 .net *"_ivl_7", 0 0, L_0x1516e7b70;  1 drivers
v0x15166e0f0_0 .net *"_ivl_70", 0 0, L_0x1516e9740;  1 drivers
v0x15166e1a0_0 .net *"_ivl_72", 0 0, L_0x1516e9870;  1 drivers
v0x15166e250_0 .net *"_ivl_73", 0 0, L_0x1516e9410;  1 drivers
v0x15166e300_0 .net *"_ivl_76", 0 0, L_0x1516e9950;  1 drivers
v0x15166e3b0_0 .net *"_ivl_77", 0 0, L_0x1516e9a90;  1 drivers
v0x15166e460_0 .net *"_ivl_80", 0 0, L_0x1516e9bb0;  1 drivers
v0x15166e510_0 .net *"_ivl_81", 0 0, L_0x1516e9c50;  1 drivers
v0x15166e5c0_0 .net *"_ivl_83", 0 0, L_0x1516e9d20;  1 drivers
v0x15166e670_0 .net *"_ivl_86", 0 0, L_0x1516e9ef0;  1 drivers
v0x15166e720_0 .net *"_ivl_88", 0 0, L_0x1516e99f0;  1 drivers
v0x15166e7d0_0 .net *"_ivl_90", 0 0, L_0x1516ea090;  1 drivers
v0x15166e880_0 .net *"_ivl_91", 0 0, L_0x1516e8340;  1 drivers
v0x15166e930_0 .net *"_ivl_93", 0 0, L_0x1516ea230;  1 drivers
v0x15166e9e0_0 .net *"_ivl_96", 0 0, L_0x1516e9e50;  1 drivers
v0x15166ea90_0 .net *"_ivl_98", 0 0, L_0x1516ea3d0;  1 drivers
v0x15166d440_0 .net *"_ivl_99", 0 0, L_0x1516ea540;  1 drivers
v0x15166d4f0_0 .net "a", 3 0, L_0x1516eba50;  1 drivers
v0x15166eb20_0 .net "b", 3 0, L_0x1516ebaf0;  1 drivers
v0x15166ebb0_0 .net "c", 3 0, L_0x1516e8b50;  1 drivers
v0x15166ec40_0 .net "cin", 0 0, L_0x1516e7300;  alias, 1 drivers
v0x15166ecd0_0 .net "cout", 0 0, L_0x1516eb480;  alias, 1 drivers
v0x15166ed60_0 .net "sum", 3 0, L_0x1516eb680;  1 drivers
L_0x1516e7c60 .part L_0x1516e7a80, 0, 1;
L_0x1516e7d40 .part L_0x1516e7a10, 0, 1;
L_0x1516e7e20 .part L_0x1516e8b50, 0, 1;
L_0x1516e8130 .part L_0x1516e7a80, 1, 1;
L_0x1516e81d0 .part L_0x1516e7a10, 1, 1;
L_0x1516e82a0 .part L_0x1516e7a80, 0, 1;
L_0x1516e85c0 .part L_0x1516e7a10, 1, 1;
L_0x1516e86e0 .part L_0x1516e7a10, 0, 1;
L_0x1516e8870 .part L_0x1516e8b50, 0, 1;
L_0x1516e8b50 .concat8 [ 1 1 1 1], L_0x1516e7b70, L_0x1516e8010, L_0x1516e8aa0, L_0x1516e9d20;
L_0x1516e8ce0 .part L_0x1516e7a80, 2, 1;
L_0x1516e8de0 .part L_0x1516e7a10, 2, 1;
L_0x1516e8e80 .part L_0x1516e7a80, 1, 1;
L_0x1516e9150 .part L_0x1516e7a10, 2, 1;
L_0x1516e91f0 .part L_0x1516e7a10, 1, 1;
L_0x1516e9480 .part L_0x1516e7a80, 0, 1;
L_0x1516e9740 .part L_0x1516e7a10, 2, 1;
L_0x1516e9870 .part L_0x1516e7a10, 1, 1;
L_0x1516e9950 .part L_0x1516e7a10, 0, 1;
L_0x1516e9bb0 .part L_0x1516e8b50, 0, 1;
L_0x1516e9ef0 .part L_0x1516e7a80, 3, 1;
L_0x1516e99f0 .part L_0x1516e7a10, 3, 1;
L_0x1516ea090 .part L_0x1516e7a80, 2, 1;
L_0x1516e9e50 .part L_0x1516e7a10, 3, 1;
L_0x1516ea3d0 .part L_0x1516e7a10, 2, 1;
L_0x1516ea5d0 .part L_0x1516e7a80, 1, 1;
L_0x1516ea890 .part L_0x1516e7a10, 3, 1;
L_0x1516eaa10 .part L_0x1516e7a10, 2, 1;
L_0x1516e92d0 .part L_0x1516e7a10, 1, 1;
L_0x1516ea930 .part L_0x1516e7a80, 0, 1;
L_0x1516eb0b0 .part L_0x1516e7a10, 3, 1;
L_0x1516eb250 .part L_0x1516e7a10, 2, 1;
L_0x1516eb3e0 .part L_0x1516e7a10, 1, 1;
L_0x1516eb190 .part L_0x1516e7a10, 0, 1;
L_0x1516eb780 .part L_0x1516e8b50, 0, 1;
S_0x15166f3e0 .scope module, "n2" "cla16" 5 33, 5 4 0, S_0x1516616f0;
 .timescale -9 -11;
    .port_info 0 /INPUT 16 "d1";
    .port_info 1 /INPUT 16 "d2";
    .port_info 2 /INPUT 1 "cin";
    .port_info 3 /OUTPUT 16 "sum";
    .port_info 4 /OUTPUT 1 "cout";
P_0x15166f5b0 .param/l "DATA_WIDTH" 0 5 4, +C4<00000000000000000000000000100000>;
v0x15167c7a0_0 .net "c1", 0 0, L_0x1516ef910;  1 drivers
v0x15167c870_0 .net "c2", 0 0, L_0x1516f3aa0;  1 drivers
v0x15167c940_0 .net "c3", 0 0, L_0x1516f7c80;  1 drivers
v0x15167ca10_0 .net "cin", 0 0, L_0x1516eb480;  alias, 1 drivers
v0x15167caa0_0 .net8 "cout", 0 0, RS_0x14800f270;  alias, 3 drivers
v0x15167cb70_0 .net "d1", 15 0, L_0x1516fc720;  1 drivers
v0x15167cc00_0 .net "d2", 15 0, L_0x1516fc7c0;  1 drivers
v0x15167cc90_0 .net "sum", 15 0, L_0x1516fc570;  1 drivers
L_0x1516efee0 .part L_0x1516fc720, 0, 4;
L_0x1516eff80 .part L_0x1516fc7c0, 0, 4;
L_0x1516f4070 .part L_0x1516fc720, 4, 4;
L_0x1516f4110 .part L_0x1516fc7c0, 4, 4;
L_0x1516f8250 .part L_0x1516fc720, 8, 4;
L_0x1516f82f0 .part L_0x1516fc7c0, 8, 4;
L_0x1516fc3b0 .part L_0x1516fc720, 12, 4;
L_0x1516fc450 .part L_0x1516fc7c0, 12, 4;
L_0x1516fc570 .concat8 [ 4 4 4 4], L_0x1516efb10, L_0x1516f3ca0, L_0x1516f7e80, L_0x1516fbfe0;
S_0x15166f6e0 .scope module, "n1" "cla_4" 5 14, 6 3 0, S_0x15166f3e0;
 .timescale -9 -11;
    .port_info 0 /INPUT 4 "a";
    .port_info 1 /INPUT 4 "b";
    .port_info 2 /INPUT 1 "cin";
    .port_info 3 /OUTPUT 4 "sum";
    .port_info 4 /OUTPUT 1 "cout";
L_0x1516ebf00 .functor XOR 4, L_0x1516efee0, L_0x1516eff80, C4<0000>, C4<0000>;
L_0x1516ebf70 .functor AND 4, L_0x1516efee0, L_0x1516eff80, C4<1111>, C4<1111>;
L_0x1516ec060 .functor BUFZ 1, L_0x1516eb480, C4<0>, C4<0>, C4<0>;
L_0x1516ec370 .functor AND 1, L_0x1516ec1b0, L_0x1516ec290, C4<1>, C4<1>;
L_0x1516ec4a0 .functor OR 1, L_0x1516ec0d0, L_0x1516ec370, C4<0>, C4<0>;
L_0x1516ec850 .functor AND 1, L_0x1516ec660, L_0x1516ec730, C4<1>, C4<1>;
L_0x1516ec920 .functor OR 1, L_0x1516ec5c0, L_0x1516ec850, C4<0>, C4<0>;
L_0x1516ecc10 .functor AND 1, L_0x1516eca50, L_0x1516ecb70, C4<1>, C4<1>;
L_0x1516ece30 .functor AND 1, L_0x1516ecc10, L_0x1516ecd00, C4<1>, C4<1>;
L_0x1516ecf30 .functor OR 1, L_0x1516ec920, L_0x1516ece30, C4<0>, C4<0>;
L_0x1516ed420 .functor AND 1, L_0x1516ed270, L_0x1516ed310, C4<1>, C4<1>;
L_0x1516ed530 .functor OR 1, L_0x1516ed170, L_0x1516ed420, C4<0>, C4<0>;
L_0x1516ed3b0 .functor AND 1, L_0x1516ed5e0, L_0x1516ed680, C4<1>, C4<1>;
L_0x1516ed9b0 .functor AND 1, L_0x1516ed3b0, L_0x1516ed910, C4<1>, C4<1>;
L_0x1516eda60 .functor OR 1, L_0x1516ed530, L_0x1516ed9b0, C4<0>, C4<0>;
L_0x1516ed8a0 .functor AND 1, L_0x1516edbd0, L_0x1516edd00, C4<1>, C4<1>;
L_0x1516edf20 .functor AND 1, L_0x1516ed8a0, L_0x1516edde0, C4<1>, C4<1>;
L_0x1516ee0e0 .functor AND 1, L_0x1516edf20, L_0x1516ee040, C4<1>, C4<1>;
L_0x1516ee1b0 .functor OR 1, L_0x1516eda60, L_0x1516ee0e0, C4<0>, C4<0>;
L_0x1516ec7d0 .functor AND 1, L_0x1516ede80, L_0x1516ee520, C4<1>, C4<1>;
L_0x1516ee6c0 .functor OR 1, L_0x1516ee380, L_0x1516ec7d0, C4<0>, C4<0>;
L_0x1516ee9d0 .functor AND 1, L_0x1516ee2e0, L_0x1516ee860, C4<1>, C4<1>;
L_0x1516eeb00 .functor AND 1, L_0x1516ee9d0, L_0x1516eea60, C4<1>, C4<1>;
L_0x1516eecb0 .functor OR 1, L_0x1516ee6c0, L_0x1516eeb00, C4<0>, C4<0>;
L_0x1516ee900 .functor AND 1, L_0x1516eed20, L_0x1516eeea0, C4<1>, C4<1>;
L_0x1516eebf0 .functor AND 1, L_0x1516ee900, L_0x1516ed760, C4<1>, C4<1>;
L_0x1516ef300 .functor AND 1, L_0x1516eebf0, L_0x1516eedc0, C4<1>, C4<1>;
L_0x1516ef4d0 .functor OR 1, L_0x1516eecb0, L_0x1516ef300, C4<0>, C4<0>;
L_0x1516ef1c0 .functor AND 1, L_0x1516ef540, L_0x1516ef6e0, C4<1>, C4<1>;
L_0x1516ef3f0 .functor AND 1, L_0x1516ef1c0, L_0x1516ef870, C4<1>, C4<1>;
L_0x1516efa20 .functor AND 1, L_0x1516ef3f0, L_0x1516ef620, C4<1>, C4<1>;
L_0x1516ef780 .functor AND 1, L_0x1516efa20, L_0x1516efc10, C4<1>, C4<1>;
L_0x1516ef910 .functor OR 1, L_0x1516ef4d0, L_0x1516ef780, C4<0>, C4<0>;
L_0x1516efb10 .functor XOR 4, L_0x1516ebf00, L_0x1516ecfe0, C4<0000>, C4<0000>;
v0x15166f950_0 .net "G", 3 0, L_0x1516ebf70;  1 drivers
v0x15166fa00_0 .net "P", 3 0, L_0x1516ebf00;  1 drivers
v0x15166fab0_0 .net *"_ivl_102", 0 0, L_0x1516eea60;  1 drivers
v0x15166fb70_0 .net *"_ivl_103", 0 0, L_0x1516eeb00;  1 drivers
v0x15166fc20_0 .net *"_ivl_105", 0 0, L_0x1516eecb0;  1 drivers
v0x15166fd10_0 .net *"_ivl_108", 0 0, L_0x1516eed20;  1 drivers
v0x15166fdc0_0 .net *"_ivl_11", 0 0, L_0x1516ec0d0;  1 drivers
v0x15166fe70_0 .net *"_ivl_110", 0 0, L_0x1516eeea0;  1 drivers
v0x15166ff20_0 .net *"_ivl_111", 0 0, L_0x1516ee900;  1 drivers
v0x151670030_0 .net *"_ivl_114", 0 0, L_0x1516ed760;  1 drivers
v0x1516700e0_0 .net *"_ivl_115", 0 0, L_0x1516eebf0;  1 drivers
v0x151670190_0 .net *"_ivl_118", 0 0, L_0x1516eedc0;  1 drivers
v0x151670240_0 .net *"_ivl_119", 0 0, L_0x1516ef300;  1 drivers
v0x1516702f0_0 .net *"_ivl_121", 0 0, L_0x1516ef4d0;  1 drivers
v0x1516703a0_0 .net *"_ivl_124", 0 0, L_0x1516ef540;  1 drivers
v0x151670450_0 .net *"_ivl_126", 0 0, L_0x1516ef6e0;  1 drivers
v0x151670500_0 .net *"_ivl_127", 0 0, L_0x1516ef1c0;  1 drivers
v0x151670690_0 .net *"_ivl_13", 0 0, L_0x1516ec1b0;  1 drivers
v0x151670720_0 .net *"_ivl_130", 0 0, L_0x1516ef870;  1 drivers
v0x1516707d0_0 .net *"_ivl_131", 0 0, L_0x1516ef3f0;  1 drivers
v0x151670880_0 .net *"_ivl_134", 0 0, L_0x1516ef620;  1 drivers
v0x151670930_0 .net *"_ivl_135", 0 0, L_0x1516efa20;  1 drivers
v0x1516709e0_0 .net *"_ivl_138", 0 0, L_0x1516efc10;  1 drivers
v0x151670a90_0 .net *"_ivl_139", 0 0, L_0x1516ef780;  1 drivers
v0x151670b40_0 .net *"_ivl_15", 0 0, L_0x1516ec290;  1 drivers
v0x151670bf0_0 .net *"_ivl_16", 0 0, L_0x1516ec370;  1 drivers
v0x151670ca0_0 .net *"_ivl_18", 0 0, L_0x1516ec4a0;  1 drivers
v0x151670d50_0 .net *"_ivl_23", 0 0, L_0x1516ec5c0;  1 drivers
v0x151670e00_0 .net *"_ivl_25", 0 0, L_0x1516ec660;  1 drivers
v0x151670eb0_0 .net *"_ivl_27", 0 0, L_0x1516ec730;  1 drivers
v0x151670f60_0 .net *"_ivl_28", 0 0, L_0x1516ec850;  1 drivers
v0x151671010_0 .net *"_ivl_30", 0 0, L_0x1516ec920;  1 drivers
v0x1516710c0_0 .net *"_ivl_33", 0 0, L_0x1516eca50;  1 drivers
v0x1516705b0_0 .net *"_ivl_35", 0 0, L_0x1516ecb70;  1 drivers
v0x151671350_0 .net *"_ivl_36", 0 0, L_0x1516ecc10;  1 drivers
v0x1516713e0_0 .net *"_ivl_39", 0 0, L_0x1516ecd00;  1 drivers
v0x151671480_0 .net *"_ivl_40", 0 0, L_0x1516ece30;  1 drivers
v0x151671530_0 .net *"_ivl_42", 0 0, L_0x1516ecf30;  1 drivers
v0x1516715e0_0 .net *"_ivl_48", 0 0, L_0x1516ed170;  1 drivers
v0x151671690_0 .net *"_ivl_50", 0 0, L_0x1516ed270;  1 drivers
v0x151671740_0 .net *"_ivl_52", 0 0, L_0x1516ed310;  1 drivers
v0x1516717f0_0 .net *"_ivl_53", 0 0, L_0x1516ed420;  1 drivers
v0x1516718a0_0 .net *"_ivl_55", 0 0, L_0x1516ed530;  1 drivers
v0x151671950_0 .net *"_ivl_58", 0 0, L_0x1516ed5e0;  1 drivers
v0x151671a00_0 .net *"_ivl_60", 0 0, L_0x1516ed680;  1 drivers
v0x151671ab0_0 .net *"_ivl_61", 0 0, L_0x1516ed3b0;  1 drivers
v0x151671b60_0 .net *"_ivl_64", 0 0, L_0x1516ed910;  1 drivers
v0x151671c10_0 .net *"_ivl_65", 0 0, L_0x1516ed9b0;  1 drivers
v0x151671cc0_0 .net *"_ivl_67", 0 0, L_0x1516eda60;  1 drivers
v0x151671d70_0 .net *"_ivl_7", 0 0, L_0x1516ec060;  1 drivers
v0x151671e20_0 .net *"_ivl_70", 0 0, L_0x1516edbd0;  1 drivers
v0x151671ed0_0 .net *"_ivl_72", 0 0, L_0x1516edd00;  1 drivers
v0x151671f80_0 .net *"_ivl_73", 0 0, L_0x1516ed8a0;  1 drivers
v0x151672030_0 .net *"_ivl_76", 0 0, L_0x1516edde0;  1 drivers
v0x1516720e0_0 .net *"_ivl_77", 0 0, L_0x1516edf20;  1 drivers
v0x151672190_0 .net *"_ivl_80", 0 0, L_0x1516ee040;  1 drivers
v0x151672240_0 .net *"_ivl_81", 0 0, L_0x1516ee0e0;  1 drivers
v0x1516722f0_0 .net *"_ivl_83", 0 0, L_0x1516ee1b0;  1 drivers
v0x1516723a0_0 .net *"_ivl_86", 0 0, L_0x1516ee380;  1 drivers
v0x151672450_0 .net *"_ivl_88", 0 0, L_0x1516ede80;  1 drivers
v0x151672500_0 .net *"_ivl_90", 0 0, L_0x1516ee520;  1 drivers
v0x1516725b0_0 .net *"_ivl_91", 0 0, L_0x1516ec7d0;  1 drivers
v0x151672660_0 .net *"_ivl_93", 0 0, L_0x1516ee6c0;  1 drivers
v0x151672710_0 .net *"_ivl_96", 0 0, L_0x1516ee2e0;  1 drivers
v0x1516727c0_0 .net *"_ivl_98", 0 0, L_0x1516ee860;  1 drivers
v0x151671170_0 .net *"_ivl_99", 0 0, L_0x1516ee9d0;  1 drivers
v0x151671220_0 .net "a", 3 0, L_0x1516efee0;  1 drivers
v0x151672850_0 .net "b", 3 0, L_0x1516eff80;  1 drivers
v0x1516728e0_0 .net "c", 3 0, L_0x1516ecfe0;  1 drivers
v0x151672970_0 .net "cin", 0 0, L_0x1516eb480;  alias, 1 drivers
v0x151672a00_0 .net "cout", 0 0, L_0x1516ef910;  alias, 1 drivers
v0x151672a90_0 .net "sum", 3 0, L_0x1516efb10;  1 drivers
L_0x1516ec0d0 .part L_0x1516ebf70, 0, 1;
L_0x1516ec1b0 .part L_0x1516ebf00, 0, 1;
L_0x1516ec290 .part L_0x1516ecfe0, 0, 1;
L_0x1516ec5c0 .part L_0x1516ebf70, 1, 1;
L_0x1516ec660 .part L_0x1516ebf00, 1, 1;
L_0x1516ec730 .part L_0x1516ebf70, 0, 1;
L_0x1516eca50 .part L_0x1516ebf00, 1, 1;
L_0x1516ecb70 .part L_0x1516ebf00, 0, 1;
L_0x1516ecd00 .part L_0x1516ecfe0, 0, 1;
L_0x1516ecfe0 .concat8 [ 1 1 1 1], L_0x1516ec060, L_0x1516ec4a0, L_0x1516ecf30, L_0x1516ee1b0;
L_0x1516ed170 .part L_0x1516ebf70, 2, 1;
L_0x1516ed270 .part L_0x1516ebf00, 2, 1;
L_0x1516ed310 .part L_0x1516ebf70, 1, 1;
L_0x1516ed5e0 .part L_0x1516ebf00, 2, 1;
L_0x1516ed680 .part L_0x1516ebf00, 1, 1;
L_0x1516ed910 .part L_0x1516ebf70, 0, 1;
L_0x1516edbd0 .part L_0x1516ebf00, 2, 1;
L_0x1516edd00 .part L_0x1516ebf00, 1, 1;
L_0x1516edde0 .part L_0x1516ebf00, 0, 1;
L_0x1516ee040 .part L_0x1516ecfe0, 0, 1;
L_0x1516ee380 .part L_0x1516ebf70, 3, 1;
L_0x1516ede80 .part L_0x1516ebf00, 3, 1;
L_0x1516ee520 .part L_0x1516ebf70, 2, 1;
L_0x1516ee2e0 .part L_0x1516ebf00, 3, 1;
L_0x1516ee860 .part L_0x1516ebf00, 2, 1;
L_0x1516eea60 .part L_0x1516ebf70, 1, 1;
L_0x1516eed20 .part L_0x1516ebf00, 3, 1;
L_0x1516eeea0 .part L_0x1516ebf00, 2, 1;
L_0x1516ed760 .part L_0x1516ebf00, 1, 1;
L_0x1516eedc0 .part L_0x1516ebf70, 0, 1;
L_0x1516ef540 .part L_0x1516ebf00, 3, 1;
L_0x1516ef6e0 .part L_0x1516ebf00, 2, 1;
L_0x1516ef870 .part L_0x1516ebf00, 1, 1;
L_0x1516ef620 .part L_0x1516ebf00, 0, 1;
L_0x1516efc10 .part L_0x1516ecfe0, 0, 1;
S_0x151672b50 .scope module, "n2" "cla_4" 5 15, 6 3 0, S_0x15166f3e0;
 .timescale -9 -11;
    .port_info 0 /INPUT 4 "a";
    .port_info 1 /INPUT 4 "b";
    .port_info 2 /INPUT 1 "cin";
    .port_info 3 /OUTPUT 4 "sum";
    .port_info 4 /OUTPUT 1 "cout";
L_0x1516efb80 .functor XOR 4, L_0x1516f4070, L_0x1516f4110, C4<0000>, C4<0000>;
L_0x1516f0080 .functor AND 4, L_0x1516f4070, L_0x1516f4110, C4<1111>, C4<1111>;
L_0x1516f01b0 .functor BUFZ 1, L_0x1516ef910, C4<0>, C4<0>, C4<0>;
L_0x1516f0520 .functor AND 1, L_0x1516f0380, L_0x1516f0460, C4<1>, C4<1>;
L_0x1516f0630 .functor OR 1, L_0x1516f02a0, L_0x1516f0520, C4<0>, C4<0>;
L_0x1516f09e0 .functor AND 1, L_0x1516f07f0, L_0x1516f08c0, C4<1>, C4<1>;
L_0x1516f0ab0 .functor OR 1, L_0x1516f0750, L_0x1516f09e0, C4<0>, C4<0>;
L_0x1516f0da0 .functor AND 1, L_0x1516f0be0, L_0x1516f0d00, C4<1>, C4<1>;
L_0x1516f0fc0 .functor AND 1, L_0x1516f0da0, L_0x1516f0e90, C4<1>, C4<1>;
L_0x1516f10c0 .functor OR 1, L_0x1516f0ab0, L_0x1516f0fc0, C4<0>, C4<0>;
L_0x1516f15b0 .functor AND 1, L_0x1516f1400, L_0x1516f14a0, C4<1>, C4<1>;
L_0x1516f16c0 .functor OR 1, L_0x1516f1300, L_0x1516f15b0, C4<0>, C4<0>;
L_0x1516f1540 .functor AND 1, L_0x1516f1770, L_0x1516f1810, C4<1>, C4<1>;
L_0x1516f1b40 .functor AND 1, L_0x1516f1540, L_0x1516f1aa0, C4<1>, C4<1>;
L_0x1516f1bf0 .functor OR 1, L_0x1516f16c0, L_0x1516f1b40, C4<0>, C4<0>;
L_0x1516f1a30 .functor AND 1, L_0x1516f1d60, L_0x1516f1e90, C4<1>, C4<1>;
L_0x1516f20b0 .functor AND 1, L_0x1516f1a30, L_0x1516f1f70, C4<1>, C4<1>;
L_0x1516f2270 .functor AND 1, L_0x1516f20b0, L_0x1516f21d0, C4<1>, C4<1>;
L_0x1516f2340 .functor OR 1, L_0x1516f1bf0, L_0x1516f2270, C4<0>, C4<0>;
L_0x1516f0960 .functor AND 1, L_0x1516f2010, L_0x1516f26b0, C4<1>, C4<1>;
L_0x1516f2850 .functor OR 1, L_0x1516f2510, L_0x1516f0960, C4<0>, C4<0>;
L_0x1516f2b60 .functor AND 1, L_0x1516f2470, L_0x1516f29f0, C4<1>, C4<1>;
L_0x1516f2c90 .functor AND 1, L_0x1516f2b60, L_0x1516f2bf0, C4<1>, C4<1>;
L_0x1516f2e40 .functor OR 1, L_0x1516f2850, L_0x1516f2c90, C4<0>, C4<0>;
L_0x1516f2a90 .functor AND 1, L_0x1516f2eb0, L_0x1516f3030, C4<1>, C4<1>;
L_0x1516f2d80 .functor AND 1, L_0x1516f2a90, L_0x1516f18f0, C4<1>, C4<1>;
L_0x1516f3490 .functor AND 1, L_0x1516f2d80, L_0x1516f2f50, C4<1>, C4<1>;
L_0x1516f3660 .functor OR 1, L_0x1516f2e40, L_0x1516f3490, C4<0>, C4<0>;
L_0x1516f3350 .functor AND 1, L_0x1516f36d0, L_0x1516f3870, C4<1>, C4<1>;
L_0x1516f3580 .functor AND 1, L_0x1516f3350, L_0x1516f3a00, C4<1>, C4<1>;
L_0x1516f3bb0 .functor AND 1, L_0x1516f3580, L_0x1516f37b0, C4<1>, C4<1>;
L_0x1516f3910 .functor AND 1, L_0x1516f3bb0, L_0x1516f3da0, C4<1>, C4<1>;
L_0x1516f3aa0 .functor OR 1, L_0x1516f3660, L_0x1516f3910, C4<0>, C4<0>;
L_0x1516f3ca0 .functor XOR 4, L_0x1516efb80, L_0x1516f1170, C4<0000>, C4<0000>;
v0x151672d90_0 .net "G", 3 0, L_0x1516f0080;  1 drivers
v0x151672e30_0 .net "P", 3 0, L_0x1516efb80;  1 drivers
v0x151672ee0_0 .net *"_ivl_102", 0 0, L_0x1516f2bf0;  1 drivers
v0x151672fa0_0 .net *"_ivl_103", 0 0, L_0x1516f2c90;  1 drivers
v0x151673050_0 .net *"_ivl_105", 0 0, L_0x1516f2e40;  1 drivers
v0x151673140_0 .net *"_ivl_108", 0 0, L_0x1516f2eb0;  1 drivers
v0x1516731f0_0 .net *"_ivl_11", 0 0, L_0x1516f02a0;  1 drivers
v0x1516732a0_0 .net *"_ivl_110", 0 0, L_0x1516f3030;  1 drivers
v0x151673350_0 .net *"_ivl_111", 0 0, L_0x1516f2a90;  1 drivers
v0x151673460_0 .net *"_ivl_114", 0 0, L_0x1516f18f0;  1 drivers
v0x151673510_0 .net *"_ivl_115", 0 0, L_0x1516f2d80;  1 drivers
v0x1516735c0_0 .net *"_ivl_118", 0 0, L_0x1516f2f50;  1 drivers
v0x151673670_0 .net *"_ivl_119", 0 0, L_0x1516f3490;  1 drivers
v0x151673720_0 .net *"_ivl_121", 0 0, L_0x1516f3660;  1 drivers
v0x1516737d0_0 .net *"_ivl_124", 0 0, L_0x1516f36d0;  1 drivers
v0x151673880_0 .net *"_ivl_126", 0 0, L_0x1516f3870;  1 drivers
v0x151673930_0 .net *"_ivl_127", 0 0, L_0x1516f3350;  1 drivers
v0x151673ac0_0 .net *"_ivl_13", 0 0, L_0x1516f0380;  1 drivers
v0x151673b50_0 .net *"_ivl_130", 0 0, L_0x1516f3a00;  1 drivers
v0x151673c00_0 .net *"_ivl_131", 0 0, L_0x1516f3580;  1 drivers
v0x151673cb0_0 .net *"_ivl_134", 0 0, L_0x1516f37b0;  1 drivers
v0x151673d60_0 .net *"_ivl_135", 0 0, L_0x1516f3bb0;  1 drivers
v0x151673e10_0 .net *"_ivl_138", 0 0, L_0x1516f3da0;  1 drivers
v0x151673ec0_0 .net *"_ivl_139", 0 0, L_0x1516f3910;  1 drivers
v0x151673f70_0 .net *"_ivl_15", 0 0, L_0x1516f0460;  1 drivers
v0x151674020_0 .net *"_ivl_16", 0 0, L_0x1516f0520;  1 drivers
v0x1516740d0_0 .net *"_ivl_18", 0 0, L_0x1516f0630;  1 drivers
v0x151674180_0 .net *"_ivl_23", 0 0, L_0x1516f0750;  1 drivers
v0x151674230_0 .net *"_ivl_25", 0 0, L_0x1516f07f0;  1 drivers
v0x1516742e0_0 .net *"_ivl_27", 0 0, L_0x1516f08c0;  1 drivers
v0x151674390_0 .net *"_ivl_28", 0 0, L_0x1516f09e0;  1 drivers
v0x151674440_0 .net *"_ivl_30", 0 0, L_0x1516f0ab0;  1 drivers
v0x1516744f0_0 .net *"_ivl_33", 0 0, L_0x1516f0be0;  1 drivers
v0x1516739e0_0 .net *"_ivl_35", 0 0, L_0x1516f0d00;  1 drivers
v0x151674780_0 .net *"_ivl_36", 0 0, L_0x1516f0da0;  1 drivers
v0x151674810_0 .net *"_ivl_39", 0 0, L_0x1516f0e90;  1 drivers
v0x1516748b0_0 .net *"_ivl_40", 0 0, L_0x1516f0fc0;  1 drivers
v0x151674960_0 .net *"_ivl_42", 0 0, L_0x1516f10c0;  1 drivers
v0x151674a10_0 .net *"_ivl_48", 0 0, L_0x1516f1300;  1 drivers
v0x151674ac0_0 .net *"_ivl_50", 0 0, L_0x1516f1400;  1 drivers
v0x151674b70_0 .net *"_ivl_52", 0 0, L_0x1516f14a0;  1 drivers
v0x151674c20_0 .net *"_ivl_53", 0 0, L_0x1516f15b0;  1 drivers
v0x151674cd0_0 .net *"_ivl_55", 0 0, L_0x1516f16c0;  1 drivers
v0x151674d80_0 .net *"_ivl_58", 0 0, L_0x1516f1770;  1 drivers
v0x151674e30_0 .net *"_ivl_60", 0 0, L_0x1516f1810;  1 drivers
v0x151674ee0_0 .net *"_ivl_61", 0 0, L_0x1516f1540;  1 drivers
v0x151674f90_0 .net *"_ivl_64", 0 0, L_0x1516f1aa0;  1 drivers
v0x151675040_0 .net *"_ivl_65", 0 0, L_0x1516f1b40;  1 drivers
v0x1516750f0_0 .net *"_ivl_67", 0 0, L_0x1516f1bf0;  1 drivers
v0x1516751a0_0 .net *"_ivl_7", 0 0, L_0x1516f01b0;  1 drivers
v0x151675250_0 .net *"_ivl_70", 0 0, L_0x1516f1d60;  1 drivers
v0x151675300_0 .net *"_ivl_72", 0 0, L_0x1516f1e90;  1 drivers
v0x1516753b0_0 .net *"_ivl_73", 0 0, L_0x1516f1a30;  1 drivers
v0x151675460_0 .net *"_ivl_76", 0 0, L_0x1516f1f70;  1 drivers
v0x151675510_0 .net *"_ivl_77", 0 0, L_0x1516f20b0;  1 drivers
v0x1516755c0_0 .net *"_ivl_80", 0 0, L_0x1516f21d0;  1 drivers
v0x151675670_0 .net *"_ivl_81", 0 0, L_0x1516f2270;  1 drivers
v0x151675720_0 .net *"_ivl_83", 0 0, L_0x1516f2340;  1 drivers
v0x1516757d0_0 .net *"_ivl_86", 0 0, L_0x1516f2510;  1 drivers
v0x151675880_0 .net *"_ivl_88", 0 0, L_0x1516f2010;  1 drivers
v0x151675930_0 .net *"_ivl_90", 0 0, L_0x1516f26b0;  1 drivers
v0x1516759e0_0 .net *"_ivl_91", 0 0, L_0x1516f0960;  1 drivers
v0x151675a90_0 .net *"_ivl_93", 0 0, L_0x1516f2850;  1 drivers
v0x151675b40_0 .net *"_ivl_96", 0 0, L_0x1516f2470;  1 drivers
v0x151675bf0_0 .net *"_ivl_98", 0 0, L_0x1516f29f0;  1 drivers
v0x1516745a0_0 .net *"_ivl_99", 0 0, L_0x1516f2b60;  1 drivers
v0x151674650_0 .net "a", 3 0, L_0x1516f4070;  1 drivers
v0x151675c80_0 .net "b", 3 0, L_0x1516f4110;  1 drivers
v0x151675d10_0 .net "c", 3 0, L_0x1516f1170;  1 drivers
v0x151675da0_0 .net "cin", 0 0, L_0x1516ef910;  alias, 1 drivers
v0x151675e30_0 .net "cout", 0 0, L_0x1516f3aa0;  alias, 1 drivers
v0x151675ec0_0 .net "sum", 3 0, L_0x1516f3ca0;  1 drivers
L_0x1516f02a0 .part L_0x1516f0080, 0, 1;
L_0x1516f0380 .part L_0x1516efb80, 0, 1;
L_0x1516f0460 .part L_0x1516f1170, 0, 1;
L_0x1516f0750 .part L_0x1516f0080, 1, 1;
L_0x1516f07f0 .part L_0x1516efb80, 1, 1;
L_0x1516f08c0 .part L_0x1516f0080, 0, 1;
L_0x1516f0be0 .part L_0x1516efb80, 1, 1;
L_0x1516f0d00 .part L_0x1516efb80, 0, 1;
L_0x1516f0e90 .part L_0x1516f1170, 0, 1;
L_0x1516f1170 .concat8 [ 1 1 1 1], L_0x1516f01b0, L_0x1516f0630, L_0x1516f10c0, L_0x1516f2340;
L_0x1516f1300 .part L_0x1516f0080, 2, 1;
L_0x1516f1400 .part L_0x1516efb80, 2, 1;
L_0x1516f14a0 .part L_0x1516f0080, 1, 1;
L_0x1516f1770 .part L_0x1516efb80, 2, 1;
L_0x1516f1810 .part L_0x1516efb80, 1, 1;
L_0x1516f1aa0 .part L_0x1516f0080, 0, 1;
L_0x1516f1d60 .part L_0x1516efb80, 2, 1;
L_0x1516f1e90 .part L_0x1516efb80, 1, 1;
L_0x1516f1f70 .part L_0x1516efb80, 0, 1;
L_0x1516f21d0 .part L_0x1516f1170, 0, 1;
L_0x1516f2510 .part L_0x1516f0080, 3, 1;
L_0x1516f2010 .part L_0x1516efb80, 3, 1;
L_0x1516f26b0 .part L_0x1516f0080, 2, 1;
L_0x1516f2470 .part L_0x1516efb80, 3, 1;
L_0x1516f29f0 .part L_0x1516efb80, 2, 1;
L_0x1516f2bf0 .part L_0x1516f0080, 1, 1;
L_0x1516f2eb0 .part L_0x1516efb80, 3, 1;
L_0x1516f3030 .part L_0x1516efb80, 2, 1;
L_0x1516f18f0 .part L_0x1516efb80, 1, 1;
L_0x1516f2f50 .part L_0x1516f0080, 0, 1;
L_0x1516f36d0 .part L_0x1516efb80, 3, 1;
L_0x1516f3870 .part L_0x1516efb80, 2, 1;
L_0x1516f3a00 .part L_0x1516efb80, 1, 1;
L_0x1516f37b0 .part L_0x1516efb80, 0, 1;
L_0x1516f3da0 .part L_0x1516f1170, 0, 1;
S_0x151675f50 .scope module, "n3" "cla_4" 5 16, 6 3 0, S_0x15166f3e0;
 .timescale -9 -11;
    .port_info 0 /INPUT 4 "a";
    .port_info 1 /INPUT 4 "b";
    .port_info 2 /INPUT 1 "cin";
    .port_info 3 /OUTPUT 4 "sum";
    .port_info 4 /OUTPUT 1 "cout";
L_0x1516f41b0 .functor XOR 4, L_0x1516f8250, L_0x1516f82f0, C4<0000>, C4<0000>;
L_0x1516f4240 .functor AND 4, L_0x1516f8250, L_0x1516f82f0, C4<1111>, C4<1111>;
L_0x1516f4370 .functor BUFZ 1, L_0x1516f3aa0, C4<0>, C4<0>, C4<0>;
L_0x1516f46e0 .functor AND 1, L_0x1516f4540, L_0x1516f4620, C4<1>, C4<1>;
L_0x1516f4810 .functor OR 1, L_0x1516f4460, L_0x1516f46e0, C4<0>, C4<0>;
L_0x1516f4bc0 .functor AND 1, L_0x1516f49d0, L_0x1516f4aa0, C4<1>, C4<1>;
L_0x1516f4c90 .functor OR 1, L_0x1516f4930, L_0x1516f4bc0, C4<0>, C4<0>;
L_0x1516f4f80 .functor AND 1, L_0x1516f4dc0, L_0x1516f4ee0, C4<1>, C4<1>;
L_0x1516f51a0 .functor AND 1, L_0x1516f4f80, L_0x1516f5070, C4<1>, C4<1>;
L_0x1516f52a0 .functor OR 1, L_0x1516f4c90, L_0x1516f51a0, C4<0>, C4<0>;
L_0x1516f5790 .functor AND 1, L_0x1516f55e0, L_0x1516f5680, C4<1>, C4<1>;
L_0x1516f58a0 .functor OR 1, L_0x1516f54e0, L_0x1516f5790, C4<0>, C4<0>;
L_0x1516f5720 .functor AND 1, L_0x1516f5950, L_0x1516f59f0, C4<1>, C4<1>;
L_0x1516f5d20 .functor AND 1, L_0x1516f5720, L_0x1516f5c80, C4<1>, C4<1>;
L_0x1516f5dd0 .functor OR 1, L_0x1516f58a0, L_0x1516f5d20, C4<0>, C4<0>;
L_0x1516f5c10 .functor AND 1, L_0x1516f5f40, L_0x1516f6070, C4<1>, C4<1>;
L_0x1516f6290 .functor AND 1, L_0x1516f5c10, L_0x1516f6150, C4<1>, C4<1>;
L_0x1516f6450 .functor AND 1, L_0x1516f6290, L_0x1516f63b0, C4<1>, C4<1>;
L_0x1516f6520 .functor OR 1, L_0x1516f5dd0, L_0x1516f6450, C4<0>, C4<0>;
L_0x1516f4b40 .functor AND 1, L_0x1516f61f0, L_0x1516f6890, C4<1>, C4<1>;
L_0x1516f6a30 .functor OR 1, L_0x1516f66f0, L_0x1516f4b40, C4<0>, C4<0>;
L_0x1516f6d40 .functor AND 1, L_0x1516f6650, L_0x1516f6bd0, C4<1>, C4<1>;
L_0x1516f6e70 .functor AND 1, L_0x1516f6d40, L_0x1516f6dd0, C4<1>, C4<1>;
L_0x1516f7020 .functor OR 1, L_0x1516f6a30, L_0x1516f6e70, C4<0>, C4<0>;
L_0x1516f6c70 .functor AND 1, L_0x1516f7090, L_0x1516f7210, C4<1>, C4<1>;
L_0x1516f6f60 .functor AND 1, L_0x1516f6c70, L_0x1516f5ad0, C4<1>, C4<1>;
L_0x1516f7670 .functor AND 1, L_0x1516f6f60, L_0x1516f7130, C4<1>, C4<1>;
L_0x1516f7840 .functor OR 1, L_0x1516f7020, L_0x1516f7670, C4<0>, C4<0>;
L_0x1516f7530 .functor AND 1, L_0x1516f78b0, L_0x1516f7a50, C4<1>, C4<1>;
L_0x1516f7760 .functor AND 1, L_0x1516f7530, L_0x1516f7be0, C4<1>, C4<1>;
L_0x1516f7d90 .functor AND 1, L_0x1516f7760, L_0x1516f7990, C4<1>, C4<1>;
L_0x1516f7af0 .functor AND 1, L_0x1516f7d90, L_0x1516f7f80, C4<1>, C4<1>;
L_0x1516f7c80 .functor OR 1, L_0x1516f7840, L_0x1516f7af0, C4<0>, C4<0>;
L_0x1516f7e80 .functor XOR 4, L_0x1516f41b0, L_0x1516f5350, C4<0000>, C4<0000>;
v0x1516761b0_0 .net "G", 3 0, L_0x1516f4240;  1 drivers
v0x151676260_0 .net "P", 3 0, L_0x1516f41b0;  1 drivers
v0x151676310_0 .net *"_ivl_102", 0 0, L_0x1516f6dd0;  1 drivers
v0x1516763d0_0 .net *"_ivl_103", 0 0, L_0x1516f6e70;  1 drivers
v0x151676480_0 .net *"_ivl_105", 0 0, L_0x1516f7020;  1 drivers
v0x151676570_0 .net *"_ivl_108", 0 0, L_0x1516f7090;  1 drivers
v0x151676620_0 .net *"_ivl_11", 0 0, L_0x1516f4460;  1 drivers
v0x1516766d0_0 .net *"_ivl_110", 0 0, L_0x1516f7210;  1 drivers
v0x151676780_0 .net *"_ivl_111", 0 0, L_0x1516f6c70;  1 drivers
v0x151676890_0 .net *"_ivl_114", 0 0, L_0x1516f5ad0;  1 drivers
v0x151676940_0 .net *"_ivl_115", 0 0, L_0x1516f6f60;  1 drivers
v0x1516769f0_0 .net *"_ivl_118", 0 0, L_0x1516f7130;  1 drivers
v0x151676aa0_0 .net *"_ivl_119", 0 0, L_0x1516f7670;  1 drivers
v0x151676b50_0 .net *"_ivl_121", 0 0, L_0x1516f7840;  1 drivers
v0x151676c00_0 .net *"_ivl_124", 0 0, L_0x1516f78b0;  1 drivers
v0x151676cb0_0 .net *"_ivl_126", 0 0, L_0x1516f7a50;  1 drivers
v0x151676d60_0 .net *"_ivl_127", 0 0, L_0x1516f7530;  1 drivers
v0x151676ef0_0 .net *"_ivl_13", 0 0, L_0x1516f4540;  1 drivers
v0x151676f80_0 .net *"_ivl_130", 0 0, L_0x1516f7be0;  1 drivers
v0x151677030_0 .net *"_ivl_131", 0 0, L_0x1516f7760;  1 drivers
v0x1516770e0_0 .net *"_ivl_134", 0 0, L_0x1516f7990;  1 drivers
v0x151677190_0 .net *"_ivl_135", 0 0, L_0x1516f7d90;  1 drivers
v0x151677240_0 .net *"_ivl_138", 0 0, L_0x1516f7f80;  1 drivers
v0x1516772f0_0 .net *"_ivl_139", 0 0, L_0x1516f7af0;  1 drivers
v0x1516773a0_0 .net *"_ivl_15", 0 0, L_0x1516f4620;  1 drivers
v0x151677450_0 .net *"_ivl_16", 0 0, L_0x1516f46e0;  1 drivers
v0x151677500_0 .net *"_ivl_18", 0 0, L_0x1516f4810;  1 drivers
v0x1516775b0_0 .net *"_ivl_23", 0 0, L_0x1516f4930;  1 drivers
v0x151677660_0 .net *"_ivl_25", 0 0, L_0x1516f49d0;  1 drivers
v0x151677710_0 .net *"_ivl_27", 0 0, L_0x1516f4aa0;  1 drivers
v0x1516777c0_0 .net *"_ivl_28", 0 0, L_0x1516f4bc0;  1 drivers
v0x151677870_0 .net *"_ivl_30", 0 0, L_0x1516f4c90;  1 drivers
v0x151677920_0 .net *"_ivl_33", 0 0, L_0x1516f4dc0;  1 drivers
v0x151676e10_0 .net *"_ivl_35", 0 0, L_0x1516f4ee0;  1 drivers
v0x151677bb0_0 .net *"_ivl_36", 0 0, L_0x1516f4f80;  1 drivers
v0x151677c40_0 .net *"_ivl_39", 0 0, L_0x1516f5070;  1 drivers
v0x151677ce0_0 .net *"_ivl_40", 0 0, L_0x1516f51a0;  1 drivers
v0x151677d90_0 .net *"_ivl_42", 0 0, L_0x1516f52a0;  1 drivers
v0x151677e40_0 .net *"_ivl_48", 0 0, L_0x1516f54e0;  1 drivers
v0x151677ef0_0 .net *"_ivl_50", 0 0, L_0x1516f55e0;  1 drivers
v0x151677fa0_0 .net *"_ivl_52", 0 0, L_0x1516f5680;  1 drivers
v0x151678050_0 .net *"_ivl_53", 0 0, L_0x1516f5790;  1 drivers
v0x151678100_0 .net *"_ivl_55", 0 0, L_0x1516f58a0;  1 drivers
v0x1516781b0_0 .net *"_ivl_58", 0 0, L_0x1516f5950;  1 drivers
v0x151678260_0 .net *"_ivl_60", 0 0, L_0x1516f59f0;  1 drivers
v0x151678310_0 .net *"_ivl_61", 0 0, L_0x1516f5720;  1 drivers
v0x1516783c0_0 .net *"_ivl_64", 0 0, L_0x1516f5c80;  1 drivers
v0x151678470_0 .net *"_ivl_65", 0 0, L_0x1516f5d20;  1 drivers
v0x151678520_0 .net *"_ivl_67", 0 0, L_0x1516f5dd0;  1 drivers
v0x1516785d0_0 .net *"_ivl_7", 0 0, L_0x1516f4370;  1 drivers
v0x151678680_0 .net *"_ivl_70", 0 0, L_0x1516f5f40;  1 drivers
v0x151678730_0 .net *"_ivl_72", 0 0, L_0x1516f6070;  1 drivers
v0x1516787e0_0 .net *"_ivl_73", 0 0, L_0x1516f5c10;  1 drivers
v0x151678890_0 .net *"_ivl_76", 0 0, L_0x1516f6150;  1 drivers
v0x151678940_0 .net *"_ivl_77", 0 0, L_0x1516f6290;  1 drivers
v0x1516789f0_0 .net *"_ivl_80", 0 0, L_0x1516f63b0;  1 drivers
v0x151678aa0_0 .net *"_ivl_81", 0 0, L_0x1516f6450;  1 drivers
v0x151678b50_0 .net *"_ivl_83", 0 0, L_0x1516f6520;  1 drivers
v0x151678c00_0 .net *"_ivl_86", 0 0, L_0x1516f66f0;  1 drivers
v0x151678cb0_0 .net *"_ivl_88", 0 0, L_0x1516f61f0;  1 drivers
v0x151678d60_0 .net *"_ivl_90", 0 0, L_0x1516f6890;  1 drivers
v0x151678e10_0 .net *"_ivl_91", 0 0, L_0x1516f4b40;  1 drivers
v0x151678ec0_0 .net *"_ivl_93", 0 0, L_0x1516f6a30;  1 drivers
v0x151678f70_0 .net *"_ivl_96", 0 0, L_0x1516f6650;  1 drivers
v0x151679020_0 .net *"_ivl_98", 0 0, L_0x1516f6bd0;  1 drivers
v0x1516779d0_0 .net *"_ivl_99", 0 0, L_0x1516f6d40;  1 drivers
v0x151677a80_0 .net "a", 3 0, L_0x1516f8250;  1 drivers
v0x1516790b0_0 .net "b", 3 0, L_0x1516f82f0;  1 drivers
v0x151679140_0 .net "c", 3 0, L_0x1516f5350;  1 drivers
v0x1516791d0_0 .net "cin", 0 0, L_0x1516f3aa0;  alias, 1 drivers
v0x151679260_0 .net "cout", 0 0, L_0x1516f7c80;  alias, 1 drivers
v0x1516792f0_0 .net "sum", 3 0, L_0x1516f7e80;  1 drivers
L_0x1516f4460 .part L_0x1516f4240, 0, 1;
L_0x1516f4540 .part L_0x1516f41b0, 0, 1;
L_0x1516f4620 .part L_0x1516f5350, 0, 1;
L_0x1516f4930 .part L_0x1516f4240, 1, 1;
L_0x1516f49d0 .part L_0x1516f41b0, 1, 1;
L_0x1516f4aa0 .part L_0x1516f4240, 0, 1;
L_0x1516f4dc0 .part L_0x1516f41b0, 1, 1;
L_0x1516f4ee0 .part L_0x1516f41b0, 0, 1;
L_0x1516f5070 .part L_0x1516f5350, 0, 1;
L_0x1516f5350 .concat8 [ 1 1 1 1], L_0x1516f4370, L_0x1516f4810, L_0x1516f52a0, L_0x1516f6520;
L_0x1516f54e0 .part L_0x1516f4240, 2, 1;
L_0x1516f55e0 .part L_0x1516f41b0, 2, 1;
L_0x1516f5680 .part L_0x1516f4240, 1, 1;
L_0x1516f5950 .part L_0x1516f41b0, 2, 1;
L_0x1516f59f0 .part L_0x1516f41b0, 1, 1;
L_0x1516f5c80 .part L_0x1516f4240, 0, 1;
L_0x1516f5f40 .part L_0x1516f41b0, 2, 1;
L_0x1516f6070 .part L_0x1516f41b0, 1, 1;
L_0x1516f6150 .part L_0x1516f41b0, 0, 1;
L_0x1516f63b0 .part L_0x1516f5350, 0, 1;
L_0x1516f66f0 .part L_0x1516f4240, 3, 1;
L_0x1516f61f0 .part L_0x1516f41b0, 3, 1;
L_0x1516f6890 .part L_0x1516f4240, 2, 1;
L_0x1516f6650 .part L_0x1516f41b0, 3, 1;
L_0x1516f6bd0 .part L_0x1516f41b0, 2, 1;
L_0x1516f6dd0 .part L_0x1516f4240, 1, 1;
L_0x1516f7090 .part L_0x1516f41b0, 3, 1;
L_0x1516f7210 .part L_0x1516f41b0, 2, 1;
L_0x1516f5ad0 .part L_0x1516f41b0, 1, 1;
L_0x1516f7130 .part L_0x1516f4240, 0, 1;
L_0x1516f78b0 .part L_0x1516f41b0, 3, 1;
L_0x1516f7a50 .part L_0x1516f41b0, 2, 1;
L_0x1516f7be0 .part L_0x1516f41b0, 1, 1;
L_0x1516f7990 .part L_0x1516f41b0, 0, 1;
L_0x1516f7f80 .part L_0x1516f5350, 0, 1;
S_0x151679380 .scope module, "n4" "cla_4" 5 17, 6 3 0, S_0x15166f3e0;
 .timescale -9 -11;
    .port_info 0 /INPUT 4 "a";
    .port_info 1 /INPUT 4 "b";
    .port_info 2 /INPUT 1 "cin";
    .port_info 3 /OUTPUT 4 "sum";
    .port_info 4 /OUTPUT 1 "cout";
L_0x1516f8390 .functor XOR 4, L_0x1516fc3b0, L_0x1516fc450, C4<0000>, C4<0000>;
L_0x1516f8400 .functor AND 4, L_0x1516fc3b0, L_0x1516fc450, C4<1111>, C4<1111>;
L_0x1516f84f0 .functor BUFZ 1, L_0x1516f7c80, C4<0>, C4<0>, C4<0>;
L_0x1516f8860 .functor AND 1, L_0x1516f86c0, L_0x1516f87a0, C4<1>, C4<1>;
L_0x1516f8970 .functor OR 1, L_0x1516f85e0, L_0x1516f8860, C4<0>, C4<0>;
L_0x1516f8d20 .functor AND 1, L_0x1516f8b30, L_0x1516f8c00, C4<1>, C4<1>;
L_0x1516f8df0 .functor OR 1, L_0x1516f8a90, L_0x1516f8d20, C4<0>, C4<0>;
L_0x1516f90e0 .functor AND 1, L_0x1516f8f20, L_0x1516f9040, C4<1>, C4<1>;
L_0x1516f9300 .functor AND 1, L_0x1516f90e0, L_0x1516f91d0, C4<1>, C4<1>;
L_0x1516f9400 .functor OR 1, L_0x1516f8df0, L_0x1516f9300, C4<0>, C4<0>;
L_0x1516f98f0 .functor AND 1, L_0x1516f9740, L_0x1516f97e0, C4<1>, C4<1>;
L_0x1516f9a00 .functor OR 1, L_0x1516f9640, L_0x1516f98f0, C4<0>, C4<0>;
L_0x1516f9880 .functor AND 1, L_0x1516f9ab0, L_0x1516f9b50, C4<1>, C4<1>;
L_0x1516f9e80 .functor AND 1, L_0x1516f9880, L_0x1516f9de0, C4<1>, C4<1>;
L_0x1516f9f30 .functor OR 1, L_0x1516f9a00, L_0x1516f9e80, C4<0>, C4<0>;
L_0x1516f9d70 .functor AND 1, L_0x1516fa0a0, L_0x1516fa1d0, C4<1>, C4<1>;
L_0x1516fa3f0 .functor AND 1, L_0x1516f9d70, L_0x1516fa2b0, C4<1>, C4<1>;
L_0x1516fa5b0 .functor AND 1, L_0x1516fa3f0, L_0x1516fa510, C4<1>, C4<1>;
L_0x1516fa680 .functor OR 1, L_0x1516f9f30, L_0x1516fa5b0, C4<0>, C4<0>;
L_0x1516f8ca0 .functor AND 1, L_0x1516fa350, L_0x1516fa9f0, C4<1>, C4<1>;
L_0x1516fab90 .functor OR 1, L_0x1516fa850, L_0x1516f8ca0, C4<0>, C4<0>;
L_0x1516faea0 .functor AND 1, L_0x1516fa7b0, L_0x1516fad30, C4<1>, C4<1>;
L_0x1516fafd0 .functor AND 1, L_0x1516faea0, L_0x1516faf30, C4<1>, C4<1>;
L_0x1516fb180 .functor OR 1, L_0x1516fab90, L_0x1516fafd0, C4<0>, C4<0>;
L_0x1516fadd0 .functor AND 1, L_0x1516fb1f0, L_0x1516fb370, C4<1>, C4<1>;
L_0x1516fb0c0 .functor AND 1, L_0x1516fadd0, L_0x1516f9c30, C4<1>, C4<1>;
L_0x1516fb7d0 .functor AND 1, L_0x1516fb0c0, L_0x1516fb290, C4<1>, C4<1>;
L_0x1516fb9a0 .functor OR 1, L_0x1516fb180, L_0x1516fb7d0, C4<0>, C4<0>;
L_0x1516fb690 .functor AND 1, L_0x1516fba10, L_0x1516fbbb0, C4<1>, C4<1>;
L_0x1516fb8c0 .functor AND 1, L_0x1516fb690, L_0x1516fbd40, C4<1>, C4<1>;
L_0x1516fbef0 .functor AND 1, L_0x1516fb8c0, L_0x1516fbaf0, C4<1>, C4<1>;
L_0x1516fbc50 .functor AND 1, L_0x1516fbef0, L_0x1516fc0e0, C4<1>, C4<1>;
L_0x1516fbde0 .functor OR 1, L_0x1516fb9a0, L_0x1516fbc50, C4<0>, C4<0>;
L_0x1516fbfe0 .functor XOR 4, L_0x1516f8390, L_0x1516f94b0, C4<0000>, C4<0000>;
v0x1516795c0_0 .net "G", 3 0, L_0x1516f8400;  1 drivers
v0x151679680_0 .net "P", 3 0, L_0x1516f8390;  1 drivers
v0x151679730_0 .net *"_ivl_102", 0 0, L_0x1516faf30;  1 drivers
v0x1516797f0_0 .net *"_ivl_103", 0 0, L_0x1516fafd0;  1 drivers
v0x1516798a0_0 .net *"_ivl_105", 0 0, L_0x1516fb180;  1 drivers
v0x151679990_0 .net *"_ivl_108", 0 0, L_0x1516fb1f0;  1 drivers
v0x151679a40_0 .net *"_ivl_11", 0 0, L_0x1516f85e0;  1 drivers
v0x151679af0_0 .net *"_ivl_110", 0 0, L_0x1516fb370;  1 drivers
v0x151679ba0_0 .net *"_ivl_111", 0 0, L_0x1516fadd0;  1 drivers
v0x151679cb0_0 .net *"_ivl_114", 0 0, L_0x1516f9c30;  1 drivers
v0x151679d60_0 .net *"_ivl_115", 0 0, L_0x1516fb0c0;  1 drivers
v0x151679e10_0 .net *"_ivl_118", 0 0, L_0x1516fb290;  1 drivers
v0x151679ec0_0 .net *"_ivl_119", 0 0, L_0x1516fb7d0;  1 drivers
v0x151679f70_0 .net *"_ivl_121", 0 0, L_0x1516fb9a0;  1 drivers
v0x15167a020_0 .net *"_ivl_124", 0 0, L_0x1516fba10;  1 drivers
v0x15167a0d0_0 .net *"_ivl_126", 0 0, L_0x1516fbbb0;  1 drivers
v0x15167a180_0 .net *"_ivl_127", 0 0, L_0x1516fb690;  1 drivers
v0x15167a310_0 .net *"_ivl_13", 0 0, L_0x1516f86c0;  1 drivers
v0x15167a3a0_0 .net *"_ivl_130", 0 0, L_0x1516fbd40;  1 drivers
v0x15167a450_0 .net *"_ivl_131", 0 0, L_0x1516fb8c0;  1 drivers
v0x15167a500_0 .net *"_ivl_134", 0 0, L_0x1516fbaf0;  1 drivers
v0x15167a5b0_0 .net *"_ivl_135", 0 0, L_0x1516fbef0;  1 drivers
v0x15167a660_0 .net *"_ivl_138", 0 0, L_0x1516fc0e0;  1 drivers
v0x15167a710_0 .net *"_ivl_139", 0 0, L_0x1516fbc50;  1 drivers
v0x15167a7c0_0 .net *"_ivl_15", 0 0, L_0x1516f87a0;  1 drivers
v0x15167a870_0 .net *"_ivl_16", 0 0, L_0x1516f8860;  1 drivers
v0x15167a920_0 .net *"_ivl_18", 0 0, L_0x1516f8970;  1 drivers
v0x15167a9d0_0 .net *"_ivl_23", 0 0, L_0x1516f8a90;  1 drivers
v0x15167aa80_0 .net *"_ivl_25", 0 0, L_0x1516f8b30;  1 drivers
v0x15167ab30_0 .net *"_ivl_27", 0 0, L_0x1516f8c00;  1 drivers
v0x15167abe0_0 .net *"_ivl_28", 0 0, L_0x1516f8d20;  1 drivers
v0x15167ac90_0 .net *"_ivl_30", 0 0, L_0x1516f8df0;  1 drivers
v0x15167ad40_0 .net *"_ivl_33", 0 0, L_0x1516f8f20;  1 drivers
v0x15167a230_0 .net *"_ivl_35", 0 0, L_0x1516f9040;  1 drivers
v0x15167afd0_0 .net *"_ivl_36", 0 0, L_0x1516f90e0;  1 drivers
v0x15167b060_0 .net *"_ivl_39", 0 0, L_0x1516f91d0;  1 drivers
v0x15167b100_0 .net *"_ivl_40", 0 0, L_0x1516f9300;  1 drivers
v0x15167b1b0_0 .net *"_ivl_42", 0 0, L_0x1516f9400;  1 drivers
v0x15167b260_0 .net *"_ivl_48", 0 0, L_0x1516f9640;  1 drivers
v0x15167b310_0 .net *"_ivl_50", 0 0, L_0x1516f9740;  1 drivers
v0x15167b3c0_0 .net *"_ivl_52", 0 0, L_0x1516f97e0;  1 drivers
v0x15167b470_0 .net *"_ivl_53", 0 0, L_0x1516f98f0;  1 drivers
v0x15167b520_0 .net *"_ivl_55", 0 0, L_0x1516f9a00;  1 drivers
v0x15167b5d0_0 .net *"_ivl_58", 0 0, L_0x1516f9ab0;  1 drivers
v0x15167b680_0 .net *"_ivl_60", 0 0, L_0x1516f9b50;  1 drivers
v0x15167b730_0 .net *"_ivl_61", 0 0, L_0x1516f9880;  1 drivers
v0x15167b7e0_0 .net *"_ivl_64", 0 0, L_0x1516f9de0;  1 drivers
v0x15167b890_0 .net *"_ivl_65", 0 0, L_0x1516f9e80;  1 drivers
v0x15167b940_0 .net *"_ivl_67", 0 0, L_0x1516f9f30;  1 drivers
v0x15167b9f0_0 .net *"_ivl_7", 0 0, L_0x1516f84f0;  1 drivers
v0x15167baa0_0 .net *"_ivl_70", 0 0, L_0x1516fa0a0;  1 drivers
v0x15167bb50_0 .net *"_ivl_72", 0 0, L_0x1516fa1d0;  1 drivers
v0x15167bc00_0 .net *"_ivl_73", 0 0, L_0x1516f9d70;  1 drivers
v0x15167bcb0_0 .net *"_ivl_76", 0 0, L_0x1516fa2b0;  1 drivers
v0x15167bd60_0 .net *"_ivl_77", 0 0, L_0x1516fa3f0;  1 drivers
v0x15167be10_0 .net *"_ivl_80", 0 0, L_0x1516fa510;  1 drivers
v0x15167bec0_0 .net *"_ivl_81", 0 0, L_0x1516fa5b0;  1 drivers
v0x15167bf70_0 .net *"_ivl_83", 0 0, L_0x1516fa680;  1 drivers
v0x15167c020_0 .net *"_ivl_86", 0 0, L_0x1516fa850;  1 drivers
v0x15167c0d0_0 .net *"_ivl_88", 0 0, L_0x1516fa350;  1 drivers
v0x15167c180_0 .net *"_ivl_90", 0 0, L_0x1516fa9f0;  1 drivers
v0x15167c230_0 .net *"_ivl_91", 0 0, L_0x1516f8ca0;  1 drivers
v0x15167c2e0_0 .net *"_ivl_93", 0 0, L_0x1516fab90;  1 drivers
v0x15167c390_0 .net *"_ivl_96", 0 0, L_0x1516fa7b0;  1 drivers
v0x15167c440_0 .net *"_ivl_98", 0 0, L_0x1516fad30;  1 drivers
v0x15167adf0_0 .net *"_ivl_99", 0 0, L_0x1516faea0;  1 drivers
v0x15167aea0_0 .net "a", 3 0, L_0x1516fc3b0;  1 drivers
v0x15167c4d0_0 .net "b", 3 0, L_0x1516fc450;  1 drivers
v0x15167c560_0 .net "c", 3 0, L_0x1516f94b0;  1 drivers
v0x15167c5f0_0 .net "cin", 0 0, L_0x1516f7c80;  alias, 1 drivers
v0x15167c680_0 .net8 "cout", 0 0, RS_0x14800f270;  alias, 3 drivers
v0x15167c710_0 .net "sum", 3 0, L_0x1516fbfe0;  1 drivers
L_0x1516f85e0 .part L_0x1516f8400, 0, 1;
L_0x1516f86c0 .part L_0x1516f8390, 0, 1;
L_0x1516f87a0 .part L_0x1516f94b0, 0, 1;
L_0x1516f8a90 .part L_0x1516f8400, 1, 1;
L_0x1516f8b30 .part L_0x1516f8390, 1, 1;
L_0x1516f8c00 .part L_0x1516f8400, 0, 1;
L_0x1516f8f20 .part L_0x1516f8390, 1, 1;
L_0x1516f9040 .part L_0x1516f8390, 0, 1;
L_0x1516f91d0 .part L_0x1516f94b0, 0, 1;
L_0x1516f94b0 .concat8 [ 1 1 1 1], L_0x1516f84f0, L_0x1516f8970, L_0x1516f9400, L_0x1516fa680;
L_0x1516f9640 .part L_0x1516f8400, 2, 1;
L_0x1516f9740 .part L_0x1516f8390, 2, 1;
L_0x1516f97e0 .part L_0x1516f8400, 1, 1;
L_0x1516f9ab0 .part L_0x1516f8390, 2, 1;
L_0x1516f9b50 .part L_0x1516f8390, 1, 1;
L_0x1516f9de0 .part L_0x1516f8400, 0, 1;
L_0x1516fa0a0 .part L_0x1516f8390, 2, 1;
L_0x1516fa1d0 .part L_0x1516f8390, 1, 1;
L_0x1516fa2b0 .part L_0x1516f8390, 0, 1;
L_0x1516fa510 .part L_0x1516f94b0, 0, 1;
L_0x1516fa850 .part L_0x1516f8400, 3, 1;
L_0x1516fa350 .part L_0x1516f8390, 3, 1;
L_0x1516fa9f0 .part L_0x1516f8400, 2, 1;
L_0x1516fa7b0 .part L_0x1516f8390, 3, 1;
L_0x1516fad30 .part L_0x1516f8390, 2, 1;
L_0x1516faf30 .part L_0x1516f8400, 1, 1;
L_0x1516fb1f0 .part L_0x1516f8390, 3, 1;
L_0x1516fb370 .part L_0x1516f8390, 2, 1;
L_0x1516f9c30 .part L_0x1516f8390, 1, 1;
L_0x1516fb290 .part L_0x1516f8400, 0, 1;
L_0x1516fba10 .part L_0x1516f8390, 3, 1;
L_0x1516fbbb0 .part L_0x1516f8390, 2, 1;
L_0x1516fbd40 .part L_0x1516f8390, 1, 1;
L_0x1516fbaf0 .part L_0x1516f8390, 0, 1;
L_0x1516fc0e0 .part L_0x1516f94b0, 0, 1;
S_0x15167e6f0 .scope module, "bus" "Bus" 3 275, 19 1 0, S_0x15160a2a0;
 .timescale -9 -11;
    .port_info 0 /INPUT 32 "R0";
    .port_info 1 /INPUT 32 "R1";
    .port_info 2 /INPUT 32 "R2";
    .port_info 3 /INPUT 32 "R3";
    .port_info 4 /INPUT 32 "R4";
    .port_info 5 /INPUT 32 "R5";
    .port_info 6 /INPUT 32 "R6";
    .port_info 7 /INPUT 32 "R7";
    .port_info 8 /INPUT 32 "R8";
    .port_info 9 /INPUT 32 "R9";
    .port_info 10 /INPUT 32 "R10";
    .port_info 11 /INPUT 32 "R11";
    .port_info 12 /INPUT 32 "R12";
    .port_info 13 /INPUT 32 "R13";
    .port_info 14 /INPUT 32 "R14";
    .port_info 15 /INPUT 32 "R15";
    .port_info 16 /INPUT 32 "MDR";
    .port_info 17 /INPUT 32 "HI";
    .port_info 18 /INPUT 32 "LO";
    .port_info 19 /INPUT 32 "Z_high";
    .port_info 20 /INPUT 32 "Z_low";
    .port_info 21 /INPUT 32 "PC";
    .port_info 22 /INPUT 32 "In_Port";
    .port_info 23 /INPUT 32 "C_sign_extended";
    .port_info 24 /INPUT 1 "R0out";
    .port_info 25 /INPUT 1 "R1out";
    .port_info 26 /INPUT 1 "R2out";
    .port_info 27 /INPUT 1 "R3out";
    .port_info 28 /INPUT 1 "R4out";
    .port_info 29 /INPUT 1 "R5out";
    .port_info 30 /INPUT 1 "R6out";
    .port_info 31 /INPUT 1 "R7out";
    .port_info 32 /INPUT 1 "R8out";
    .port_info 33 /INPUT 1 "R9out";
    .port_info 34 /INPUT 1 "R10out";
    .port_info 35 /INPUT 1 "R11out";
    .port_info 36 /INPUT 1 "R12out";
    .port_info 37 /INPUT 1 "R13out";
    .port_info 38 /INPUT 1 "R14out";
    .port_info 39 /INPUT 1 "R15out";
    .port_info 40 /INPUT 1 "MDRout";
    .port_info 41 /INPUT 1 "HIout";
    .port_info 42 /INPUT 1 "LOout";
    .port_info 43 /INPUT 1 "Z_high_out";
    .port_info 44 /INPUT 1 "Z_low_out";
    .port_info 45 /INPUT 1 "PC_out";
    .port_info 46 /INPUT 1 "In_Port_out";
    .port_info 47 /INPUT 1 "C_sign_extended_out";
    .port_info 48 /OUTPUT 32 "bus_out";
P_0x15167e8c0 .param/l "DATA_WIDTH" 0 19 1, +C4<00000000000000000000000000100000>;
v0x15167ed10_0 .net "C_sign_extended", 31 0, v0x1516901c0_0;  alias, 1 drivers
v0x15167edd0_0 .net "C_sign_extended_out", 0 0, v0x151695360_0;  alias, 1 drivers
v0x15167ee70_0 .net "HI", 31 0, L_0x1516987a0;  alias, 1 drivers
v0x15167ef00_0 .net "HIout", 0 0, v0x1516956f0_0;  alias, 1 drivers
v0x15167ef90_0 .net "In_Port", 31 0, L_0x151698880;  alias, 1 drivers
v0x15167f040_0 .net "In_Port_out", 0 0, v0x1516958d0_0;  alias, 1 drivers
v0x15167f0e0_0 .net "LO", 31 0, L_0x151698810;  alias, 1 drivers
v0x15167f190_0 .net "LOout", 0 0, v0x151695a30_0;  alias, 1 drivers
v0x15167f230_0 .net "MDR", 31 0, v0x151684150_0;  alias, 1 drivers
v0x15167f340_0 .net "MDRout", 0 0, v0x151695ca0_0;  alias, 1 drivers
v0x15167f3e0_0 .net "PC", 31 0, L_0x151698360;  alias, 1 drivers
v0x15167f490_0 .net "PC_out", 0 0, v0x151696130_0;  alias, 1 drivers
v0x15167f530_0 .net "R0", 31 0, L_0x151696d10;  alias, 1 drivers
v0x15167f5e0_0 .net "R0out", 0 0, L_0x1516fdf30;  1 drivers
v0x15167f680_0 .net "R1", 31 0, L_0x151696f10;  alias, 1 drivers
v0x15167f730_0 .net "R10", 31 0, L_0x151697a20;  alias, 1 drivers
v0x15167f7e0_0 .net "R10out", 0 0, L_0x1516fe5a0;  1 drivers
v0x15167f970_0 .net "R11", 31 0, L_0x151697bb0;  alias, 1 drivers
v0x15167fa00_0 .net "R11out", 0 0, L_0x1516fe980;  1 drivers
v0x15167fa90_0 .net "R12", 31 0, L_0x151697ce0;  alias, 1 drivers
v0x15167fb40_0 .net "R12out", 0 0, L_0x1516fe710;  1 drivers
v0x15167fbe0_0 .net "R13", 31 0, L_0x151697e80;  alias, 1 drivers
v0x15167fc90_0 .net "R13out", 0 0, L_0x1516feb20;  1 drivers
v0x15167fd30_0 .net "R14", 31 0, L_0x151697fb0;  alias, 1 drivers
v0x15167fde0_0 .net "R14out", 0 0, L_0x1516fe890;  1 drivers
v0x15167fe80_0 .net "R15", 31 0, L_0x151697e10;  alias, 1 drivers
v0x15167ff30_0 .net "R15out", 0 0, L_0x1516fea20;  1 drivers
v0x15167ffd0_0 .net "R1out", 0 0, L_0x1516fe0b0;  1 drivers
v0x151680070_0 .net "R2", 31 0, L_0x151697020;  alias, 1 drivers
v0x151680120_0 .net "R2out", 0 0, L_0x1516fe150;  1 drivers
v0x1516801c0_0 .net "R3", 31 0, L_0x1516971b0;  alias, 1 drivers
v0x151680270_0 .net "R3out", 0 0, L_0x1516fe010;  1 drivers
v0x151680310_0 .net "R4", 31 0, L_0x1516972c0;  alias, 1 drivers
v0x15167f890_0 .net "R4out", 0 0, L_0x1516fe2a0;  1 drivers
v0x1516805a0_0 .net "R5", 31 0, L_0x1516973d0;  alias, 1 drivers
v0x151680630_0 .net "R5out", 0 0, L_0x1516fe400;  1 drivers
v0x1516806c0_0 .net "R6", 31 0, L_0x1516974e0;  alias, 1 drivers
v0x151680760_0 .net "R6out", 0 0, L_0x1516fe1f0;  1 drivers
v0x151680800_0 .net "R7", 31 0, L_0x1516976f0;  alias, 1 drivers
v0x1516808b0_0 .net "R7out", 0 0, L_0x1516fe670;  1 drivers
v0x151680950_0 .net "R8", 31 0, L_0x151697130;  alias, 1 drivers
v0x151680a00_0 .net "R8out", 0 0, L_0x1516fe340;  1 drivers
v0x151680aa0_0 .net "R9", 31 0, L_0x1516978f0;  alias, 1 drivers
v0x151680b50_0 .net "R9out", 0 0, L_0x1516fe7f0;  1 drivers
v0x151680bf0_0 .net "Z_high", 31 0, L_0x151698690;  alias, 1 drivers
v0x151680ca0_0 .net "Z_high_out", 0 0, v0x1516967c0_0;  alias, 1 drivers
v0x151680d40_0 .net "Z_low", 31 0, L_0x151698470;  alias, 1 drivers
v0x151680df0_0 .net "Z_low_out", 0 0, v0x151696920_0;  alias, 1 drivers
v0x151680e90_0 .net "bus_out", 31 0, v0x151680f30_0;  alias, 1 drivers
v0x151680f30_0 .var "q", 31 0;
E_0x15167eb50/0 .event anyedge, v0x15167f5e0_0, v0x15167f530_0, v0x15167ffd0_0, v0x15167f680_0;
E_0x15167eb50/1 .event anyedge, v0x151680120_0, v0x151680070_0, v0x151680270_0, v0x1516801c0_0;
E_0x15167eb50/2 .event anyedge, v0x15167f890_0, v0x151680310_0, v0x151680630_0, v0x1516805a0_0;
E_0x15167eb50/3 .event anyedge, v0x151680760_0, v0x1516806c0_0, v0x1516808b0_0, v0x151680800_0;
E_0x15167eb50/4 .event anyedge, v0x151680a00_0, v0x151680950_0, v0x151680b50_0, v0x151680aa0_0;
E_0x15167eb50/5 .event anyedge, v0x15167f7e0_0, v0x15167f730_0, v0x15167fa00_0, v0x15167f970_0;
E_0x15167eb50/6 .event anyedge, v0x15167fb40_0, v0x15167fa90_0, v0x15167fc90_0, v0x15167fbe0_0;
E_0x15167eb50/7 .event anyedge, v0x15167fde0_0, v0x15167fd30_0, v0x15167ff30_0, v0x15167fe80_0;
E_0x15167eb50/8 .event anyedge, v0x15167f340_0, v0x15167f230_0, v0x15167ef00_0, v0x15167ee70_0;
E_0x15167eb50/9 .event anyedge, v0x15167f190_0, v0x15167f0e0_0, v0x151680ca0_0, v0x151680bf0_0;
E_0x15167eb50/10 .event anyedge, v0x151680df0_0, v0x151680d40_0, v0x15167f490_0, v0x15167f3e0_0;
E_0x15167eb50/11 .event anyedge, v0x15167f040_0, v0x15167ef90_0, v0x15167edd0_0, v0x15167ed10_0;
E_0x15167eb50 .event/or E_0x15167eb50/0, E_0x15167eb50/1, E_0x15167eb50/2, E_0x15167eb50/3, E_0x15167eb50/4, E_0x15167eb50/5, E_0x15167eb50/6, E_0x15167eb50/7, E_0x15167eb50/8, E_0x15167eb50/9, E_0x15167eb50/10, E_0x15167eb50/11;
S_0x15167e9c0 .scope module, "hi_register" "register" 3 205, 20 1 0, S_0x15160a2a0;
 .timescale -9 -11;
    .port_info 0 /INPUT 1 "clear";
    .port_info 1 /INPUT 1 "clock";
    .port_info 2 /INPUT 1 "enable";
    .port_info 3 /INPUT 32 "data_in";
    .port_info 4 /OUTPUT 32 "data_out";
P_0x15167f2c0 .param/l "DATA_WIDTH" 0 20 1, +C4<00000000000000000000000000100000>;
P_0x15167f300 .param/l "INIT" 0 20 1, C4<00000000000000000000000000000000>;
L_0x1516987a0 .functor BUFZ 32, v0x151681b20_0, C4<00000000000000000000000000000000>, C4<00000000000000000000000000000000>, C4<00000000000000000000000000000000>;
v0x151681690_0 .net "clear", 0 0, v0x151695240_0;  alias, 1 drivers
v0x151681740_0 .net "clock", 0 0, v0x1516952d0_0;  alias, 1 drivers
v0x1516817e0_0 .net "data_in", 31 0, v0x151680f30_0;  alias, 1 drivers
v0x15165f980_0 .net "data_out", 31 0, L_0x1516987a0;  alias, 1 drivers
v0x151681a90_0 .net "enable", 0 0, v0x151695620_0;  alias, 1 drivers
v0x151681b20_0 .var "q", 31 0;
E_0x151681640 .event posedge, v0x151681740_0;
S_0x151681c50 .scope module, "in_port_register" "register" 3 223, 20 1 0, S_0x15160a2a0;
 .timescale -9 -11;
    .port_info 0 /INPUT 1 "clear";
    .port_info 1 /INPUT 1 "clock";
    .port_info 2 /INPUT 1 "enable";
    .port_info 3 /INPUT 32 "data_in";
    .port_info 4 /OUTPUT 32 "data_out";
P_0x151681e10 .param/l "DATA_WIDTH" 0 20 1, +C4<00000000000000000000000000100000>;
P_0x151681e50 .param/l "INIT" 0 20 1, C4<00000000000000000000000000000000>;
L_0x151698880 .functor BUFZ 32, v0x151682350_0, C4<00000000000000000000000000000000>, C4<00000000000000000000000000000000>, C4<00000000000000000000000000000000>;
v0x151681fc0_0 .net "clear", 0 0, v0x151695240_0;  alias, 1 drivers
v0x151682070_0 .net "clock", 0 0, v0x1516952d0_0;  alias, 1 drivers
v0x151682120_0 .net "data_in", 31 0, v0x151695d70_0;  alias, 1 drivers
v0x1516821d0_0 .net "data_out", 31 0, L_0x151698880;  alias, 1 drivers
v0x151682280_0 .net "enable", 0 0, v0x151696730_0;  alias, 1 drivers
v0x151682350_0 .var "q", 31 0;
S_0x151682480 .scope module, "ir_register" "register" 3 179, 20 1 0, S_0x15160a2a0;
 .timescale -9 -11;
    .port_info 0 /INPUT 1 "clear";
    .port_info 1 /INPUT 1 "clock";
    .port_info 2 /INPUT 1 "enable";
    .port_info 3 /INPUT 32 "data_in";
    .port_info 4 /OUTPUT 32 "data_out";
P_0x151682680 .param/l "DATA_WIDTH" 0 20 1, +C4<00000000000000000000000000100000>;
P_0x1516826c0 .param/l "INIT" 0 20 1, C4<00000000000000000000000000000000>;
L_0x151698400 .functor BUFZ 32, v0x151682bb0_0, C4<00000000000000000000000000000000>, C4<00000000000000000000000000000000>, C4<00000000000000000000000000000000>;
v0x151682800_0 .net "clear", 0 0, v0x151695240_0;  alias, 1 drivers
v0x1516828e0_0 .net "clock", 0 0, v0x1516952d0_0;  alias, 1 drivers
v0x1516829c0_0 .net "data_in", 31 0, v0x151680f30_0;  alias, 1 drivers
v0x151682a50_0 .net "data_out", 31 0, L_0x151698400;  alias, 1 drivers
v0x151682ae0_0 .net "enable", 0 0, v0x151695800_0;  alias, 1 drivers
v0x151682bb0_0 .var "q", 31 0;
S_0x151682ce0 .scope module, "lo_register" "register" 3 214, 20 1 0, S_0x15160a2a0;
 .timescale -9 -11;
    .port_info 0 /INPUT 1 "clear";
    .port_info 1 /INPUT 1 "clock";
    .port_info 2 /INPUT 1 "enable";
    .port_info 3 /INPUT 32 "data_in";
    .port_info 4 /OUTPUT 32 "data_out";
P_0x151682ea0 .param/l "DATA_WIDTH" 0 20 1, +C4<00000000000000000000000000100000>;
P_0x151682ee0 .param/l "INIT" 0 20 1, C4<00000000000000000000000000000000>;
L_0x151698810 .functor BUFZ 32, v0x1516833b0_0, C4<00000000000000000000000000000000>, C4<00000000000000000000000000000000>, C4<00000000000000000000000000000000>;
v0x151683050_0 .net "clear", 0 0, v0x151695240_0;  alias, 1 drivers
v0x1516830e0_0 .net "clock", 0 0, v0x1516952d0_0;  alias, 1 drivers
v0x151683180_0 .net "data_in", 31 0, v0x151680f30_0;  alias, 1 drivers
v0x151683230_0 .net "data_out", 31 0, L_0x151698810;  alias, 1 drivers
v0x1516832e0_0 .net "enable", 0 0, v0x1516959a0_0;  alias, 1 drivers
v0x1516833b0_0 .var "q", 31 0;
S_0x1516834e0 .scope module, "mar" "MAR" 3 258, 21 1 0, S_0x15160a2a0;
 .timescale -9 -11;
    .port_info 0 /INPUT 1 "clear";
    .port_info 1 /INPUT 1 "clock";
    .port_info 2 /INPUT 1 "enable";
    .port_info 3 /INPUT 32 "data_in";
    .port_info 4 /OUTPUT 9 "data_out";
P_0x1516836a0 .param/l "DATA_WIDTH" 0 21 1, +C4<00000000000000000000000000100000>;
P_0x1516836e0 .param/l "INIT" 0 21 1, C4<00000000000000000000000000000000>;
v0x151683850_0 .net "clear", 0 0, v0x151695240_0;  alias, 1 drivers
v0x151683960_0 .net "clock", 0 0, v0x1516952d0_0;  alias, 1 drivers
v0x151683a80_0 .net "data_in", 31 0, v0x151680f30_0;  alias, 1 drivers
v0x151683b10_0 .net "data_out", 8 0, L_0x1516fde20;  alias, 1 drivers
v0x151683ba0_0 .net "enable", 0 0, v0x151695b00_0;  alias, 1 drivers
v0x151683c30_0 .var "q", 31 0;
L_0x1516fde20 .part v0x151683c30_0, 0, 9;
S_0x151683d60 .scope module, "mdr" "MDR" 3 248, 22 1 0, S_0x15160a2a0;
 .timescale -9 -11;
    .port_info 0 /INPUT 32 "BusMuxOut";
    .port_info 1 /INPUT 32 "Mdatain";
    .port_info 2 /INPUT 1 "Clock";
    .port_info 3 /INPUT 1 "Clear";
    .port_info 4 /INPUT 1 "MDRin";
    .port_info 5 /INPUT 1 "Read";
    .port_info 6 /OUTPUT 32 "BusMuxIn_MDR";
P_0x151683f20 .param/l "DATA_WIDTH" 0 22 1, +C4<00000000000000000000000000100000>;
v0x151684150_0 .var "BusMuxIn_MDR", 31 0;
v0x151684220_0 .net "BusMuxOut", 31 0, v0x151680f30_0;  alias, 1 drivers
v0x1516842b0_0 .net "Clear", 0 0, v0x151695240_0;  alias, 1 drivers
v0x151684340_0 .net "Clock", 0 0, v0x1516952d0_0;  alias, 1 drivers
v0x1516843d0_0 .var "MDMuxout", 31 0;
v0x151684460_0 .net "MDRin", 0 0, v0x151695bd0_0;  alias, 1 drivers
v0x1516844f0_0 .net "Mdatain", 31 0, v0x151685620_0;  alias, 1 drivers
v0x1516845a0_0 .net "Read", 0 0, v0x151696430_0;  alias, 1 drivers
E_0x151684110 .event anyedge, v0x1516845a0_0, v0x151640880_0, v0x1516844f0_0;
S_0x1516846f0 .scope module, "pc_register" "PC" 3 169, 23 1 0, S_0x15160a2a0;
 .timescale -9 -11;
    .port_info 0 /INPUT 1 "clear";
    .port_info 1 /INPUT 1 "clock";
    .port_info 2 /INPUT 1 "enable";
    .port_info 3 /INPUT 1 "PC_tb_enable";
    .port_info 4 /INPUT 32 "data_in";
    .port_info 5 /INPUT 32 "PC_tb_value";
    .port_info 6 /OUTPUT 32 "data_out";
P_0x151684930 .param/l "DATA_WIDTH" 0 23 1, +C4<00000000000000000000000000100000>;
P_0x151684970 .param/l "INIT" 0 23 1, C4<00000000000000000000000000000000>;
v0x151684b40_0 .net "PC_tb_enable", 0 0, v0x151695fd0_0;  alias, 1 drivers
v0x151684bf0_0 .net "PC_tb_value", 31 0, v0x151695f40_0;  alias, 1 drivers
v0x151684c90_0 .net "clear", 0 0, v0x151695240_0;  alias, 1 drivers
v0x151684d20_0 .net "clock", 0 0, v0x1516952d0_0;  alias, 1 drivers
v0x151684db0_0 .net "data_in", 31 0, v0x151680f30_0;  alias, 1 drivers
v0x151684e40_0 .net "data_out", 31 0, L_0x151698360;  alias, 1 drivers
v0x151684ed0_0 .net "enable", 0 0, v0x151696060_0;  alias, 1 drivers
v0x151684f60_0 .var "q", 31 0;
L_0x151698360 .functor MUXZ 32, v0x151684f60_0, v0x151695f40_0, v0x151695fd0_0, C4<>;
S_0x1516850c0 .scope module, "ram" "RAM" 3 266, 24 1 0, S_0x15160a2a0;
 .timescale -9 -11;
    .port_info 0 /INPUT 1 "read";
    .port_info 1 /INPUT 1 "write";
    .port_info 2 /INPUT 32 "data_in";
    .port_info 3 /OUTPUT 32 "data_out";
    .port_info 4 /INPUT 9 "address";
P_0x151685280 .param/l "DATA_WIDTH" 0 24 1, +C4<00000000000000000000000000100000>;
P_0x1516852c0 .param/l "size" 1 24 9, +C4<00000000000000000000001000000000>;
v0x151685480_0 .net "address", 8 0, L_0x1516fde20;  alias, 1 drivers
v0x151685550_0 .net "data_in", 31 0, v0x151684150_0;  alias, 1 drivers
v0x151685620_0 .var "data_out", 31 0;
v0x1516856d0 .array "memory", 511 0, 31 0;
v0x151687760_0 .net "read", 0 0, v0x151696290_0;  alias, 1 drivers
v0x151687840_0 .net "write", 0 0, v0x151696360_0;  alias, 1 drivers
v0x1516856d0_0 .array/port v0x1516856d0, 0;
E_0x151685430/0 .event anyedge, v0x151687840_0, v0x15167f230_0, v0x151683b10_0, v0x1516856d0_0;
v0x1516856d0_1 .array/port v0x1516856d0, 1;
v0x1516856d0_2 .array/port v0x1516856d0, 2;
v0x1516856d0_3 .array/port v0x1516856d0, 3;
v0x1516856d0_4 .array/port v0x1516856d0, 4;
E_0x151685430/1 .event anyedge, v0x1516856d0_1, v0x1516856d0_2, v0x1516856d0_3, v0x1516856d0_4;
v0x1516856d0_5 .array/port v0x1516856d0, 5;
v0x1516856d0_6 .array/port v0x1516856d0, 6;
v0x1516856d0_7 .array/port v0x1516856d0, 7;
v0x1516856d0_8 .array/port v0x1516856d0, 8;
E_0x151685430/2 .event anyedge, v0x1516856d0_5, v0x1516856d0_6, v0x1516856d0_7, v0x1516856d0_8;
v0x1516856d0_9 .array/port v0x1516856d0, 9;
v0x1516856d0_10 .array/port v0x1516856d0, 10;
v0x1516856d0_11 .array/port v0x1516856d0, 11;
v0x1516856d0_12 .array/port v0x1516856d0, 12;
E_0x151685430/3 .event anyedge, v0x1516856d0_9, v0x1516856d0_10, v0x1516856d0_11, v0x1516856d0_12;
v0x1516856d0_13 .array/port v0x1516856d0, 13;
v0x1516856d0_14 .array/port v0x1516856d0, 14;
v0x1516856d0_15 .array/port v0x1516856d0, 15;
v0x1516856d0_16 .array/port v0x1516856d0, 16;
E_0x151685430/4 .event anyedge, v0x1516856d0_13, v0x1516856d0_14, v0x1516856d0_15, v0x1516856d0_16;
v0x1516856d0_17 .array/port v0x1516856d0, 17;
v0x1516856d0_18 .array/port v0x1516856d0, 18;
v0x1516856d0_19 .array/port v0x1516856d0, 19;
v0x1516856d0_20 .array/port v0x1516856d0, 20;
E_0x151685430/5 .event anyedge, v0x1516856d0_17, v0x1516856d0_18, v0x1516856d0_19, v0x1516856d0_20;
v0x1516856d0_21 .array/port v0x1516856d0, 21;
v0x1516856d0_22 .array/port v0x1516856d0, 22;
v0x1516856d0_23 .array/port v0x1516856d0, 23;
v0x1516856d0_24 .array/port v0x1516856d0, 24;
E_0x151685430/6 .event anyedge, v0x1516856d0_21, v0x1516856d0_22, v0x1516856d0_23, v0x1516856d0_24;
v0x1516856d0_25 .array/port v0x1516856d0, 25;
v0x1516856d0_26 .array/port v0x1516856d0, 26;
v0x1516856d0_27 .array/port v0x1516856d0, 27;
v0x1516856d0_28 .array/port v0x1516856d0, 28;
E_0x151685430/7 .event anyedge, v0x1516856d0_25, v0x1516856d0_26, v0x1516856d0_27, v0x1516856d0_28;
v0x1516856d0_29 .array/port v0x1516856d0, 29;
v0x1516856d0_30 .array/port v0x1516856d0, 30;
v0x1516856d0_31 .array/port v0x1516856d0, 31;
v0x1516856d0_32 .array/port v0x1516856d0, 32;
E_0x151685430/8 .event anyedge, v0x1516856d0_29, v0x1516856d0_30, v0x1516856d0_31, v0x1516856d0_32;
v0x1516856d0_33 .array/port v0x1516856d0, 33;
v0x1516856d0_34 .array/port v0x1516856d0, 34;
v0x1516856d0_35 .array/port v0x1516856d0, 35;
v0x1516856d0_36 .array/port v0x1516856d0, 36;
E_0x151685430/9 .event anyedge, v0x1516856d0_33, v0x1516856d0_34, v0x1516856d0_35, v0x1516856d0_36;
v0x1516856d0_37 .array/port v0x1516856d0, 37;
v0x1516856d0_38 .array/port v0x1516856d0, 38;
v0x1516856d0_39 .array/port v0x1516856d0, 39;
v0x1516856d0_40 .array/port v0x1516856d0, 40;
E_0x151685430/10 .event anyedge, v0x1516856d0_37, v0x1516856d0_38, v0x1516856d0_39, v0x1516856d0_40;
v0x1516856d0_41 .array/port v0x1516856d0, 41;
v0x1516856d0_42 .array/port v0x1516856d0, 42;
v0x1516856d0_43 .array/port v0x1516856d0, 43;
v0x1516856d0_44 .array/port v0x1516856d0, 44;
E_0x151685430/11 .event anyedge, v0x1516856d0_41, v0x1516856d0_42, v0x1516856d0_43, v0x1516856d0_44;
v0x1516856d0_45 .array/port v0x1516856d0, 45;
v0x1516856d0_46 .array/port v0x1516856d0, 46;
v0x1516856d0_47 .array/port v0x1516856d0, 47;
v0x1516856d0_48 .array/port v0x1516856d0, 48;
E_0x151685430/12 .event anyedge, v0x1516856d0_45, v0x1516856d0_46, v0x1516856d0_47, v0x1516856d0_48;
v0x1516856d0_49 .array/port v0x1516856d0, 49;
v0x1516856d0_50 .array/port v0x1516856d0, 50;
v0x1516856d0_51 .array/port v0x1516856d0, 51;
v0x1516856d0_52 .array/port v0x1516856d0, 52;
E_0x151685430/13 .event anyedge, v0x1516856d0_49, v0x1516856d0_50, v0x1516856d0_51, v0x1516856d0_52;
v0x1516856d0_53 .array/port v0x1516856d0, 53;
v0x1516856d0_54 .array/port v0x1516856d0, 54;
v0x1516856d0_55 .array/port v0x1516856d0, 55;
v0x1516856d0_56 .array/port v0x1516856d0, 56;
E_0x151685430/14 .event anyedge, v0x1516856d0_53, v0x1516856d0_54, v0x1516856d0_55, v0x1516856d0_56;
v0x1516856d0_57 .array/port v0x1516856d0, 57;
v0x1516856d0_58 .array/port v0x1516856d0, 58;
v0x1516856d0_59 .array/port v0x1516856d0, 59;
v0x1516856d0_60 .array/port v0x1516856d0, 60;
E_0x151685430/15 .event anyedge, v0x1516856d0_57, v0x1516856d0_58, v0x1516856d0_59, v0x1516856d0_60;
v0x1516856d0_61 .array/port v0x1516856d0, 61;
v0x1516856d0_62 .array/port v0x1516856d0, 62;
v0x1516856d0_63 .array/port v0x1516856d0, 63;
v0x1516856d0_64 .array/port v0x1516856d0, 64;
E_0x151685430/16 .event anyedge, v0x1516856d0_61, v0x1516856d0_62, v0x1516856d0_63, v0x1516856d0_64;
v0x1516856d0_65 .array/port v0x1516856d0, 65;
v0x1516856d0_66 .array/port v0x1516856d0, 66;
v0x1516856d0_67 .array/port v0x1516856d0, 67;
v0x1516856d0_68 .array/port v0x1516856d0, 68;
E_0x151685430/17 .event anyedge, v0x1516856d0_65, v0x1516856d0_66, v0x1516856d0_67, v0x1516856d0_68;
v0x1516856d0_69 .array/port v0x1516856d0, 69;
v0x1516856d0_70 .array/port v0x1516856d0, 70;
v0x1516856d0_71 .array/port v0x1516856d0, 71;
v0x1516856d0_72 .array/port v0x1516856d0, 72;
E_0x151685430/18 .event anyedge, v0x1516856d0_69, v0x1516856d0_70, v0x1516856d0_71, v0x1516856d0_72;
v0x1516856d0_73 .array/port v0x1516856d0, 73;
v0x1516856d0_74 .array/port v0x1516856d0, 74;
v0x1516856d0_75 .array/port v0x1516856d0, 75;
v0x1516856d0_76 .array/port v0x1516856d0, 76;
E_0x151685430/19 .event anyedge, v0x1516856d0_73, v0x1516856d0_74, v0x1516856d0_75, v0x1516856d0_76;
v0x1516856d0_77 .array/port v0x1516856d0, 77;
v0x1516856d0_78 .array/port v0x1516856d0, 78;
v0x1516856d0_79 .array/port v0x1516856d0, 79;
v0x1516856d0_80 .array/port v0x1516856d0, 80;
E_0x151685430/20 .event anyedge, v0x1516856d0_77, v0x1516856d0_78, v0x1516856d0_79, v0x1516856d0_80;
v0x1516856d0_81 .array/port v0x1516856d0, 81;
v0x1516856d0_82 .array/port v0x1516856d0, 82;
v0x1516856d0_83 .array/port v0x1516856d0, 83;
v0x1516856d0_84 .array/port v0x1516856d0, 84;
E_0x151685430/21 .event anyedge, v0x1516856d0_81, v0x1516856d0_82, v0x1516856d0_83, v0x1516856d0_84;
v0x1516856d0_85 .array/port v0x1516856d0, 85;
v0x1516856d0_86 .array/port v0x1516856d0, 86;
v0x1516856d0_87 .array/port v0x1516856d0, 87;
v0x1516856d0_88 .array/port v0x1516856d0, 88;
E_0x151685430/22 .event anyedge, v0x1516856d0_85, v0x1516856d0_86, v0x1516856d0_87, v0x1516856d0_88;
v0x1516856d0_89 .array/port v0x1516856d0, 89;
v0x1516856d0_90 .array/port v0x1516856d0, 90;
v0x1516856d0_91 .array/port v0x1516856d0, 91;
v0x1516856d0_92 .array/port v0x1516856d0, 92;
E_0x151685430/23 .event anyedge, v0x1516856d0_89, v0x1516856d0_90, v0x1516856d0_91, v0x1516856d0_92;
v0x1516856d0_93 .array/port v0x1516856d0, 93;
v0x1516856d0_94 .array/port v0x1516856d0, 94;
v0x1516856d0_95 .array/port v0x1516856d0, 95;
v0x1516856d0_96 .array/port v0x1516856d0, 96;
E_0x151685430/24 .event anyedge, v0x1516856d0_93, v0x1516856d0_94, v0x1516856d0_95, v0x1516856d0_96;
v0x1516856d0_97 .array/port v0x1516856d0, 97;
v0x1516856d0_98 .array/port v0x1516856d0, 98;
v0x1516856d0_99 .array/port v0x1516856d0, 99;
v0x1516856d0_100 .array/port v0x1516856d0, 100;
E_0x151685430/25 .event anyedge, v0x1516856d0_97, v0x1516856d0_98, v0x1516856d0_99, v0x1516856d0_100;
v0x1516856d0_101 .array/port v0x1516856d0, 101;
v0x1516856d0_102 .array/port v0x1516856d0, 102;
v0x1516856d0_103 .array/port v0x1516856d0, 103;
v0x1516856d0_104 .array/port v0x1516856d0, 104;
E_0x151685430/26 .event anyedge, v0x1516856d0_101, v0x1516856d0_102, v0x1516856d0_103, v0x1516856d0_104;
v0x1516856d0_105 .array/port v0x1516856d0, 105;
v0x1516856d0_106 .array/port v0x1516856d0, 106;
v0x1516856d0_107 .array/port v0x1516856d0, 107;
v0x1516856d0_108 .array/port v0x1516856d0, 108;
E_0x151685430/27 .event anyedge, v0x1516856d0_105, v0x1516856d0_106, v0x1516856d0_107, v0x1516856d0_108;
v0x1516856d0_109 .array/port v0x1516856d0, 109;
v0x1516856d0_110 .array/port v0x1516856d0, 110;
v0x1516856d0_111 .array/port v0x1516856d0, 111;
v0x1516856d0_112 .array/port v0x1516856d0, 112;
E_0x151685430/28 .event anyedge, v0x1516856d0_109, v0x1516856d0_110, v0x1516856d0_111, v0x1516856d0_112;
v0x1516856d0_113 .array/port v0x1516856d0, 113;
v0x1516856d0_114 .array/port v0x1516856d0, 114;
v0x1516856d0_115 .array/port v0x1516856d0, 115;
v0x1516856d0_116 .array/port v0x1516856d0, 116;
E_0x151685430/29 .event anyedge, v0x1516856d0_113, v0x1516856d0_114, v0x1516856d0_115, v0x1516856d0_116;
v0x1516856d0_117 .array/port v0x1516856d0, 117;
v0x1516856d0_118 .array/port v0x1516856d0, 118;
v0x1516856d0_119 .array/port v0x1516856d0, 119;
v0x1516856d0_120 .array/port v0x1516856d0, 120;
E_0x151685430/30 .event anyedge, v0x1516856d0_117, v0x1516856d0_118, v0x1516856d0_119, v0x1516856d0_120;
v0x1516856d0_121 .array/port v0x1516856d0, 121;
v0x1516856d0_122 .array/port v0x1516856d0, 122;
v0x1516856d0_123 .array/port v0x1516856d0, 123;
v0x1516856d0_124 .array/port v0x1516856d0, 124;
E_0x151685430/31 .event anyedge, v0x1516856d0_121, v0x1516856d0_122, v0x1516856d0_123, v0x1516856d0_124;
v0x1516856d0_125 .array/port v0x1516856d0, 125;
v0x1516856d0_126 .array/port v0x1516856d0, 126;
v0x1516856d0_127 .array/port v0x1516856d0, 127;
v0x1516856d0_128 .array/port v0x1516856d0, 128;
E_0x151685430/32 .event anyedge, v0x1516856d0_125, v0x1516856d0_126, v0x1516856d0_127, v0x1516856d0_128;
v0x1516856d0_129 .array/port v0x1516856d0, 129;
v0x1516856d0_130 .array/port v0x1516856d0, 130;
v0x1516856d0_131 .array/port v0x1516856d0, 131;
v0x1516856d0_132 .array/port v0x1516856d0, 132;
E_0x151685430/33 .event anyedge, v0x1516856d0_129, v0x1516856d0_130, v0x1516856d0_131, v0x1516856d0_132;
v0x1516856d0_133 .array/port v0x1516856d0, 133;
v0x1516856d0_134 .array/port v0x1516856d0, 134;
v0x1516856d0_135 .array/port v0x1516856d0, 135;
v0x1516856d0_136 .array/port v0x1516856d0, 136;
E_0x151685430/34 .event anyedge, v0x1516856d0_133, v0x1516856d0_134, v0x1516856d0_135, v0x1516856d0_136;
v0x1516856d0_137 .array/port v0x1516856d0, 137;
v0x1516856d0_138 .array/port v0x1516856d0, 138;
v0x1516856d0_139 .array/port v0x1516856d0, 139;
v0x1516856d0_140 .array/port v0x1516856d0, 140;
E_0x151685430/35 .event anyedge, v0x1516856d0_137, v0x1516856d0_138, v0x1516856d0_139, v0x1516856d0_140;
v0x1516856d0_141 .array/port v0x1516856d0, 141;
v0x1516856d0_142 .array/port v0x1516856d0, 142;
v0x1516856d0_143 .array/port v0x1516856d0, 143;
v0x1516856d0_144 .array/port v0x1516856d0, 144;
E_0x151685430/36 .event anyedge, v0x1516856d0_141, v0x1516856d0_142, v0x1516856d0_143, v0x1516856d0_144;
v0x1516856d0_145 .array/port v0x1516856d0, 145;
v0x1516856d0_146 .array/port v0x1516856d0, 146;
v0x1516856d0_147 .array/port v0x1516856d0, 147;
v0x1516856d0_148 .array/port v0x1516856d0, 148;
E_0x151685430/37 .event anyedge, v0x1516856d0_145, v0x1516856d0_146, v0x1516856d0_147, v0x1516856d0_148;
v0x1516856d0_149 .array/port v0x1516856d0, 149;
v0x1516856d0_150 .array/port v0x1516856d0, 150;
v0x1516856d0_151 .array/port v0x1516856d0, 151;
v0x1516856d0_152 .array/port v0x1516856d0, 152;
E_0x151685430/38 .event anyedge, v0x1516856d0_149, v0x1516856d0_150, v0x1516856d0_151, v0x1516856d0_152;
v0x1516856d0_153 .array/port v0x1516856d0, 153;
v0x1516856d0_154 .array/port v0x1516856d0, 154;
v0x1516856d0_155 .array/port v0x1516856d0, 155;
v0x1516856d0_156 .array/port v0x1516856d0, 156;
E_0x151685430/39 .event anyedge, v0x1516856d0_153, v0x1516856d0_154, v0x1516856d0_155, v0x1516856d0_156;
v0x1516856d0_157 .array/port v0x1516856d0, 157;
v0x1516856d0_158 .array/port v0x1516856d0, 158;
v0x1516856d0_159 .array/port v0x1516856d0, 159;
v0x1516856d0_160 .array/port v0x1516856d0, 160;
E_0x151685430/40 .event anyedge, v0x1516856d0_157, v0x1516856d0_158, v0x1516856d0_159, v0x1516856d0_160;
v0x1516856d0_161 .array/port v0x1516856d0, 161;
v0x1516856d0_162 .array/port v0x1516856d0, 162;
v0x1516856d0_163 .array/port v0x1516856d0, 163;
v0x1516856d0_164 .array/port v0x1516856d0, 164;
E_0x151685430/41 .event anyedge, v0x1516856d0_161, v0x1516856d0_162, v0x1516856d0_163, v0x1516856d0_164;
v0x1516856d0_165 .array/port v0x1516856d0, 165;
v0x1516856d0_166 .array/port v0x1516856d0, 166;
v0x1516856d0_167 .array/port v0x1516856d0, 167;
v0x1516856d0_168 .array/port v0x1516856d0, 168;
E_0x151685430/42 .event anyedge, v0x1516856d0_165, v0x1516856d0_166, v0x1516856d0_167, v0x1516856d0_168;
v0x1516856d0_169 .array/port v0x1516856d0, 169;
v0x1516856d0_170 .array/port v0x1516856d0, 170;
v0x1516856d0_171 .array/port v0x1516856d0, 171;
v0x1516856d0_172 .array/port v0x1516856d0, 172;
E_0x151685430/43 .event anyedge, v0x1516856d0_169, v0x1516856d0_170, v0x1516856d0_171, v0x1516856d0_172;
v0x1516856d0_173 .array/port v0x1516856d0, 173;
v0x1516856d0_174 .array/port v0x1516856d0, 174;
v0x1516856d0_175 .array/port v0x1516856d0, 175;
v0x1516856d0_176 .array/port v0x1516856d0, 176;
E_0x151685430/44 .event anyedge, v0x1516856d0_173, v0x1516856d0_174, v0x1516856d0_175, v0x1516856d0_176;
v0x1516856d0_177 .array/port v0x1516856d0, 177;
v0x1516856d0_178 .array/port v0x1516856d0, 178;
v0x1516856d0_179 .array/port v0x1516856d0, 179;
v0x1516856d0_180 .array/port v0x1516856d0, 180;
E_0x151685430/45 .event anyedge, v0x1516856d0_177, v0x1516856d0_178, v0x1516856d0_179, v0x1516856d0_180;
v0x1516856d0_181 .array/port v0x1516856d0, 181;
v0x1516856d0_182 .array/port v0x1516856d0, 182;
v0x1516856d0_183 .array/port v0x1516856d0, 183;
v0x1516856d0_184 .array/port v0x1516856d0, 184;
E_0x151685430/46 .event anyedge, v0x1516856d0_181, v0x1516856d0_182, v0x1516856d0_183, v0x1516856d0_184;
v0x1516856d0_185 .array/port v0x1516856d0, 185;
v0x1516856d0_186 .array/port v0x1516856d0, 186;
v0x1516856d0_187 .array/port v0x1516856d0, 187;
v0x1516856d0_188 .array/port v0x1516856d0, 188;
E_0x151685430/47 .event anyedge, v0x1516856d0_185, v0x1516856d0_186, v0x1516856d0_187, v0x1516856d0_188;
v0x1516856d0_189 .array/port v0x1516856d0, 189;
v0x1516856d0_190 .array/port v0x1516856d0, 190;
v0x1516856d0_191 .array/port v0x1516856d0, 191;
v0x1516856d0_192 .array/port v0x1516856d0, 192;
E_0x151685430/48 .event anyedge, v0x1516856d0_189, v0x1516856d0_190, v0x1516856d0_191, v0x1516856d0_192;
v0x1516856d0_193 .array/port v0x1516856d0, 193;
v0x1516856d0_194 .array/port v0x1516856d0, 194;
v0x1516856d0_195 .array/port v0x1516856d0, 195;
v0x1516856d0_196 .array/port v0x1516856d0, 196;
E_0x151685430/49 .event anyedge, v0x1516856d0_193, v0x1516856d0_194, v0x1516856d0_195, v0x1516856d0_196;
v0x1516856d0_197 .array/port v0x1516856d0, 197;
v0x1516856d0_198 .array/port v0x1516856d0, 198;
v0x1516856d0_199 .array/port v0x1516856d0, 199;
v0x1516856d0_200 .array/port v0x1516856d0, 200;
E_0x151685430/50 .event anyedge, v0x1516856d0_197, v0x1516856d0_198, v0x1516856d0_199, v0x1516856d0_200;
v0x1516856d0_201 .array/port v0x1516856d0, 201;
v0x1516856d0_202 .array/port v0x1516856d0, 202;
v0x1516856d0_203 .array/port v0x1516856d0, 203;
v0x1516856d0_204 .array/port v0x1516856d0, 204;
E_0x151685430/51 .event anyedge, v0x1516856d0_201, v0x1516856d0_202, v0x1516856d0_203, v0x1516856d0_204;
v0x1516856d0_205 .array/port v0x1516856d0, 205;
v0x1516856d0_206 .array/port v0x1516856d0, 206;
v0x1516856d0_207 .array/port v0x1516856d0, 207;
v0x1516856d0_208 .array/port v0x1516856d0, 208;
E_0x151685430/52 .event anyedge, v0x1516856d0_205, v0x1516856d0_206, v0x1516856d0_207, v0x1516856d0_208;
v0x1516856d0_209 .array/port v0x1516856d0, 209;
v0x1516856d0_210 .array/port v0x1516856d0, 210;
v0x1516856d0_211 .array/port v0x1516856d0, 211;
v0x1516856d0_212 .array/port v0x1516856d0, 212;
E_0x151685430/53 .event anyedge, v0x1516856d0_209, v0x1516856d0_210, v0x1516856d0_211, v0x1516856d0_212;
v0x1516856d0_213 .array/port v0x1516856d0, 213;
v0x1516856d0_214 .array/port v0x1516856d0, 214;
v0x1516856d0_215 .array/port v0x1516856d0, 215;
v0x1516856d0_216 .array/port v0x1516856d0, 216;
E_0x151685430/54 .event anyedge, v0x1516856d0_213, v0x1516856d0_214, v0x1516856d0_215, v0x1516856d0_216;
v0x1516856d0_217 .array/port v0x1516856d0, 217;
v0x1516856d0_218 .array/port v0x1516856d0, 218;
v0x1516856d0_219 .array/port v0x1516856d0, 219;
v0x1516856d0_220 .array/port v0x1516856d0, 220;
E_0x151685430/55 .event anyedge, v0x1516856d0_217, v0x1516856d0_218, v0x1516856d0_219, v0x1516856d0_220;
v0x1516856d0_221 .array/port v0x1516856d0, 221;
v0x1516856d0_222 .array/port v0x1516856d0, 222;
v0x1516856d0_223 .array/port v0x1516856d0, 223;
v0x1516856d0_224 .array/port v0x1516856d0, 224;
E_0x151685430/56 .event anyedge, v0x1516856d0_221, v0x1516856d0_222, v0x1516856d0_223, v0x1516856d0_224;
v0x1516856d0_225 .array/port v0x1516856d0, 225;
v0x1516856d0_226 .array/port v0x1516856d0, 226;
v0x1516856d0_227 .array/port v0x1516856d0, 227;
v0x1516856d0_228 .array/port v0x1516856d0, 228;
E_0x151685430/57 .event anyedge, v0x1516856d0_225, v0x1516856d0_226, v0x1516856d0_227, v0x1516856d0_228;
v0x1516856d0_229 .array/port v0x1516856d0, 229;
v0x1516856d0_230 .array/port v0x1516856d0, 230;
v0x1516856d0_231 .array/port v0x1516856d0, 231;
v0x1516856d0_232 .array/port v0x1516856d0, 232;
E_0x151685430/58 .event anyedge, v0x1516856d0_229, v0x1516856d0_230, v0x1516856d0_231, v0x1516856d0_232;
v0x1516856d0_233 .array/port v0x1516856d0, 233;
v0x1516856d0_234 .array/port v0x1516856d0, 234;
v0x1516856d0_235 .array/port v0x1516856d0, 235;
v0x1516856d0_236 .array/port v0x1516856d0, 236;
E_0x151685430/59 .event anyedge, v0x1516856d0_233, v0x1516856d0_234, v0x1516856d0_235, v0x1516856d0_236;
v0x1516856d0_237 .array/port v0x1516856d0, 237;
v0x1516856d0_238 .array/port v0x1516856d0, 238;
v0x1516856d0_239 .array/port v0x1516856d0, 239;
v0x1516856d0_240 .array/port v0x1516856d0, 240;
E_0x151685430/60 .event anyedge, v0x1516856d0_237, v0x1516856d0_238, v0x1516856d0_239, v0x1516856d0_240;
v0x1516856d0_241 .array/port v0x1516856d0, 241;
v0x1516856d0_242 .array/port v0x1516856d0, 242;
v0x1516856d0_243 .array/port v0x1516856d0, 243;
v0x1516856d0_244 .array/port v0x1516856d0, 244;
E_0x151685430/61 .event anyedge, v0x1516856d0_241, v0x1516856d0_242, v0x1516856d0_243, v0x1516856d0_244;
v0x1516856d0_245 .array/port v0x1516856d0, 245;
v0x1516856d0_246 .array/port v0x1516856d0, 246;
v0x1516856d0_247 .array/port v0x1516856d0, 247;
v0x1516856d0_248 .array/port v0x1516856d0, 248;
E_0x151685430/62 .event anyedge, v0x1516856d0_245, v0x1516856d0_246, v0x1516856d0_247, v0x1516856d0_248;
v0x1516856d0_249 .array/port v0x1516856d0, 249;
v0x1516856d0_250 .array/port v0x1516856d0, 250;
v0x1516856d0_251 .array/port v0x1516856d0, 251;
v0x1516856d0_252 .array/port v0x1516856d0, 252;
E_0x151685430/63 .event anyedge, v0x1516856d0_249, v0x1516856d0_250, v0x1516856d0_251, v0x1516856d0_252;
v0x1516856d0_253 .array/port v0x1516856d0, 253;
v0x1516856d0_254 .array/port v0x1516856d0, 254;
v0x1516856d0_255 .array/port v0x1516856d0, 255;
v0x1516856d0_256 .array/port v0x1516856d0, 256;
E_0x151685430/64 .event anyedge, v0x1516856d0_253, v0x1516856d0_254, v0x1516856d0_255, v0x1516856d0_256;
v0x1516856d0_257 .array/port v0x1516856d0, 257;
v0x1516856d0_258 .array/port v0x1516856d0, 258;
v0x1516856d0_259 .array/port v0x1516856d0, 259;
v0x1516856d0_260 .array/port v0x1516856d0, 260;
E_0x151685430/65 .event anyedge, v0x1516856d0_257, v0x1516856d0_258, v0x1516856d0_259, v0x1516856d0_260;
v0x1516856d0_261 .array/port v0x1516856d0, 261;
v0x1516856d0_262 .array/port v0x1516856d0, 262;
v0x1516856d0_263 .array/port v0x1516856d0, 263;
v0x1516856d0_264 .array/port v0x1516856d0, 264;
E_0x151685430/66 .event anyedge, v0x1516856d0_261, v0x1516856d0_262, v0x1516856d0_263, v0x1516856d0_264;
v0x1516856d0_265 .array/port v0x1516856d0, 265;
v0x1516856d0_266 .array/port v0x1516856d0, 266;
v0x1516856d0_267 .array/port v0x1516856d0, 267;
v0x1516856d0_268 .array/port v0x1516856d0, 268;
E_0x151685430/67 .event anyedge, v0x1516856d0_265, v0x1516856d0_266, v0x1516856d0_267, v0x1516856d0_268;
v0x1516856d0_269 .array/port v0x1516856d0, 269;
v0x1516856d0_270 .array/port v0x1516856d0, 270;
v0x1516856d0_271 .array/port v0x1516856d0, 271;
v0x1516856d0_272 .array/port v0x1516856d0, 272;
E_0x151685430/68 .event anyedge, v0x1516856d0_269, v0x1516856d0_270, v0x1516856d0_271, v0x1516856d0_272;
v0x1516856d0_273 .array/port v0x1516856d0, 273;
v0x1516856d0_274 .array/port v0x1516856d0, 274;
v0x1516856d0_275 .array/port v0x1516856d0, 275;
v0x1516856d0_276 .array/port v0x1516856d0, 276;
E_0x151685430/69 .event anyedge, v0x1516856d0_273, v0x1516856d0_274, v0x1516856d0_275, v0x1516856d0_276;
v0x1516856d0_277 .array/port v0x1516856d0, 277;
v0x1516856d0_278 .array/port v0x1516856d0, 278;
v0x1516856d0_279 .array/port v0x1516856d0, 279;
v0x1516856d0_280 .array/port v0x1516856d0, 280;
E_0x151685430/70 .event anyedge, v0x1516856d0_277, v0x1516856d0_278, v0x1516856d0_279, v0x1516856d0_280;
v0x1516856d0_281 .array/port v0x1516856d0, 281;
v0x1516856d0_282 .array/port v0x1516856d0, 282;
v0x1516856d0_283 .array/port v0x1516856d0, 283;
v0x1516856d0_284 .array/port v0x1516856d0, 284;
E_0x151685430/71 .event anyedge, v0x1516856d0_281, v0x1516856d0_282, v0x1516856d0_283, v0x1516856d0_284;
v0x1516856d0_285 .array/port v0x1516856d0, 285;
v0x1516856d0_286 .array/port v0x1516856d0, 286;
v0x1516856d0_287 .array/port v0x1516856d0, 287;
v0x1516856d0_288 .array/port v0x1516856d0, 288;
E_0x151685430/72 .event anyedge, v0x1516856d0_285, v0x1516856d0_286, v0x1516856d0_287, v0x1516856d0_288;
v0x1516856d0_289 .array/port v0x1516856d0, 289;
v0x1516856d0_290 .array/port v0x1516856d0, 290;
v0x1516856d0_291 .array/port v0x1516856d0, 291;
v0x1516856d0_292 .array/port v0x1516856d0, 292;
E_0x151685430/73 .event anyedge, v0x1516856d0_289, v0x1516856d0_290, v0x1516856d0_291, v0x1516856d0_292;
v0x1516856d0_293 .array/port v0x1516856d0, 293;
v0x1516856d0_294 .array/port v0x1516856d0, 294;
v0x1516856d0_295 .array/port v0x1516856d0, 295;
v0x1516856d0_296 .array/port v0x1516856d0, 296;
E_0x151685430/74 .event anyedge, v0x1516856d0_293, v0x1516856d0_294, v0x1516856d0_295, v0x1516856d0_296;
v0x1516856d0_297 .array/port v0x1516856d0, 297;
v0x1516856d0_298 .array/port v0x1516856d0, 298;
v0x1516856d0_299 .array/port v0x1516856d0, 299;
v0x1516856d0_300 .array/port v0x1516856d0, 300;
E_0x151685430/75 .event anyedge, v0x1516856d0_297, v0x1516856d0_298, v0x1516856d0_299, v0x1516856d0_300;
v0x1516856d0_301 .array/port v0x1516856d0, 301;
v0x1516856d0_302 .array/port v0x1516856d0, 302;
v0x1516856d0_303 .array/port v0x1516856d0, 303;
v0x1516856d0_304 .array/port v0x1516856d0, 304;
E_0x151685430/76 .event anyedge, v0x1516856d0_301, v0x1516856d0_302, v0x1516856d0_303, v0x1516856d0_304;
v0x1516856d0_305 .array/port v0x1516856d0, 305;
v0x1516856d0_306 .array/port v0x1516856d0, 306;
v0x1516856d0_307 .array/port v0x1516856d0, 307;
v0x1516856d0_308 .array/port v0x1516856d0, 308;
E_0x151685430/77 .event anyedge, v0x1516856d0_305, v0x1516856d0_306, v0x1516856d0_307, v0x1516856d0_308;
v0x1516856d0_309 .array/port v0x1516856d0, 309;
v0x1516856d0_310 .array/port v0x1516856d0, 310;
v0x1516856d0_311 .array/port v0x1516856d0, 311;
v0x1516856d0_312 .array/port v0x1516856d0, 312;
E_0x151685430/78 .event anyedge, v0x1516856d0_309, v0x1516856d0_310, v0x1516856d0_311, v0x1516856d0_312;
v0x1516856d0_313 .array/port v0x1516856d0, 313;
v0x1516856d0_314 .array/port v0x1516856d0, 314;
v0x1516856d0_315 .array/port v0x1516856d0, 315;
v0x1516856d0_316 .array/port v0x1516856d0, 316;
E_0x151685430/79 .event anyedge, v0x1516856d0_313, v0x1516856d0_314, v0x1516856d0_315, v0x1516856d0_316;
v0x1516856d0_317 .array/port v0x1516856d0, 317;
v0x1516856d0_318 .array/port v0x1516856d0, 318;
v0x1516856d0_319 .array/port v0x1516856d0, 319;
v0x1516856d0_320 .array/port v0x1516856d0, 320;
E_0x151685430/80 .event anyedge, v0x1516856d0_317, v0x1516856d0_318, v0x1516856d0_319, v0x1516856d0_320;
v0x1516856d0_321 .array/port v0x1516856d0, 321;
v0x1516856d0_322 .array/port v0x1516856d0, 322;
v0x1516856d0_323 .array/port v0x1516856d0, 323;
v0x1516856d0_324 .array/port v0x1516856d0, 324;
E_0x151685430/81 .event anyedge, v0x1516856d0_321, v0x1516856d0_322, v0x1516856d0_323, v0x1516856d0_324;
v0x1516856d0_325 .array/port v0x1516856d0, 325;
v0x1516856d0_326 .array/port v0x1516856d0, 326;
v0x1516856d0_327 .array/port v0x1516856d0, 327;
v0x1516856d0_328 .array/port v0x1516856d0, 328;
E_0x151685430/82 .event anyedge, v0x1516856d0_325, v0x1516856d0_326, v0x1516856d0_327, v0x1516856d0_328;
v0x1516856d0_329 .array/port v0x1516856d0, 329;
v0x1516856d0_330 .array/port v0x1516856d0, 330;
v0x1516856d0_331 .array/port v0x1516856d0, 331;
v0x1516856d0_332 .array/port v0x1516856d0, 332;
E_0x151685430/83 .event anyedge, v0x1516856d0_329, v0x1516856d0_330, v0x1516856d0_331, v0x1516856d0_332;
v0x1516856d0_333 .array/port v0x1516856d0, 333;
v0x1516856d0_334 .array/port v0x1516856d0, 334;
v0x1516856d0_335 .array/port v0x1516856d0, 335;
v0x1516856d0_336 .array/port v0x1516856d0, 336;
E_0x151685430/84 .event anyedge, v0x1516856d0_333, v0x1516856d0_334, v0x1516856d0_335, v0x1516856d0_336;
v0x1516856d0_337 .array/port v0x1516856d0, 337;
v0x1516856d0_338 .array/port v0x1516856d0, 338;
v0x1516856d0_339 .array/port v0x1516856d0, 339;
v0x1516856d0_340 .array/port v0x1516856d0, 340;
E_0x151685430/85 .event anyedge, v0x1516856d0_337, v0x1516856d0_338, v0x1516856d0_339, v0x1516856d0_340;
v0x1516856d0_341 .array/port v0x1516856d0, 341;
v0x1516856d0_342 .array/port v0x1516856d0, 342;
v0x1516856d0_343 .array/port v0x1516856d0, 343;
v0x1516856d0_344 .array/port v0x1516856d0, 344;
E_0x151685430/86 .event anyedge, v0x1516856d0_341, v0x1516856d0_342, v0x1516856d0_343, v0x1516856d0_344;
v0x1516856d0_345 .array/port v0x1516856d0, 345;
v0x1516856d0_346 .array/port v0x1516856d0, 346;
v0x1516856d0_347 .array/port v0x1516856d0, 347;
v0x1516856d0_348 .array/port v0x1516856d0, 348;
E_0x151685430/87 .event anyedge, v0x1516856d0_345, v0x1516856d0_346, v0x1516856d0_347, v0x1516856d0_348;
v0x1516856d0_349 .array/port v0x1516856d0, 349;
v0x1516856d0_350 .array/port v0x1516856d0, 350;
v0x1516856d0_351 .array/port v0x1516856d0, 351;
v0x1516856d0_352 .array/port v0x1516856d0, 352;
E_0x151685430/88 .event anyedge, v0x1516856d0_349, v0x1516856d0_350, v0x1516856d0_351, v0x1516856d0_352;
v0x1516856d0_353 .array/port v0x1516856d0, 353;
v0x1516856d0_354 .array/port v0x1516856d0, 354;
v0x1516856d0_355 .array/port v0x1516856d0, 355;
v0x1516856d0_356 .array/port v0x1516856d0, 356;
E_0x151685430/89 .event anyedge, v0x1516856d0_353, v0x1516856d0_354, v0x1516856d0_355, v0x1516856d0_356;
v0x1516856d0_357 .array/port v0x1516856d0, 357;
v0x1516856d0_358 .array/port v0x1516856d0, 358;
v0x1516856d0_359 .array/port v0x1516856d0, 359;
v0x1516856d0_360 .array/port v0x1516856d0, 360;
E_0x151685430/90 .event anyedge, v0x1516856d0_357, v0x1516856d0_358, v0x1516856d0_359, v0x1516856d0_360;
v0x1516856d0_361 .array/port v0x1516856d0, 361;
v0x1516856d0_362 .array/port v0x1516856d0, 362;
v0x1516856d0_363 .array/port v0x1516856d0, 363;
v0x1516856d0_364 .array/port v0x1516856d0, 364;
E_0x151685430/91 .event anyedge, v0x1516856d0_361, v0x1516856d0_362, v0x1516856d0_363, v0x1516856d0_364;
v0x1516856d0_365 .array/port v0x1516856d0, 365;
v0x1516856d0_366 .array/port v0x1516856d0, 366;
v0x1516856d0_367 .array/port v0x1516856d0, 367;
v0x1516856d0_368 .array/port v0x1516856d0, 368;
E_0x151685430/92 .event anyedge, v0x1516856d0_365, v0x1516856d0_366, v0x1516856d0_367, v0x1516856d0_368;
v0x1516856d0_369 .array/port v0x1516856d0, 369;
v0x1516856d0_370 .array/port v0x1516856d0, 370;
v0x1516856d0_371 .array/port v0x1516856d0, 371;
v0x1516856d0_372 .array/port v0x1516856d0, 372;
E_0x151685430/93 .event anyedge, v0x1516856d0_369, v0x1516856d0_370, v0x1516856d0_371, v0x1516856d0_372;
v0x1516856d0_373 .array/port v0x1516856d0, 373;
v0x1516856d0_374 .array/port v0x1516856d0, 374;
v0x1516856d0_375 .array/port v0x1516856d0, 375;
v0x1516856d0_376 .array/port v0x1516856d0, 376;
E_0x151685430/94 .event anyedge, v0x1516856d0_373, v0x1516856d0_374, v0x1516856d0_375, v0x1516856d0_376;
v0x1516856d0_377 .array/port v0x1516856d0, 377;
v0x1516856d0_378 .array/port v0x1516856d0, 378;
v0x1516856d0_379 .array/port v0x1516856d0, 379;
v0x1516856d0_380 .array/port v0x1516856d0, 380;
E_0x151685430/95 .event anyedge, v0x1516856d0_377, v0x1516856d0_378, v0x1516856d0_379, v0x1516856d0_380;
v0x1516856d0_381 .array/port v0x1516856d0, 381;
v0x1516856d0_382 .array/port v0x1516856d0, 382;
v0x1516856d0_383 .array/port v0x1516856d0, 383;
v0x1516856d0_384 .array/port v0x1516856d0, 384;
E_0x151685430/96 .event anyedge, v0x1516856d0_381, v0x1516856d0_382, v0x1516856d0_383, v0x1516856d0_384;
v0x1516856d0_385 .array/port v0x1516856d0, 385;
v0x1516856d0_386 .array/port v0x1516856d0, 386;
v0x1516856d0_387 .array/port v0x1516856d0, 387;
v0x1516856d0_388 .array/port v0x1516856d0, 388;
E_0x151685430/97 .event anyedge, v0x1516856d0_385, v0x1516856d0_386, v0x1516856d0_387, v0x1516856d0_388;
v0x1516856d0_389 .array/port v0x1516856d0, 389;
v0x1516856d0_390 .array/port v0x1516856d0, 390;
v0x1516856d0_391 .array/port v0x1516856d0, 391;
v0x1516856d0_392 .array/port v0x1516856d0, 392;
E_0x151685430/98 .event anyedge, v0x1516856d0_389, v0x1516856d0_390, v0x1516856d0_391, v0x1516856d0_392;
v0x1516856d0_393 .array/port v0x1516856d0, 393;
v0x1516856d0_394 .array/port v0x1516856d0, 394;
v0x1516856d0_395 .array/port v0x1516856d0, 395;
v0x1516856d0_396 .array/port v0x1516856d0, 396;
E_0x151685430/99 .event anyedge, v0x1516856d0_393, v0x1516856d0_394, v0x1516856d0_395, v0x1516856d0_396;
v0x1516856d0_397 .array/port v0x1516856d0, 397;
v0x1516856d0_398 .array/port v0x1516856d0, 398;
v0x1516856d0_399 .array/port v0x1516856d0, 399;
v0x1516856d0_400 .array/port v0x1516856d0, 400;
E_0x151685430/100 .event anyedge, v0x1516856d0_397, v0x1516856d0_398, v0x1516856d0_399, v0x1516856d0_400;
v0x1516856d0_401 .array/port v0x1516856d0, 401;
v0x1516856d0_402 .array/port v0x1516856d0, 402;
v0x1516856d0_403 .array/port v0x1516856d0, 403;
v0x1516856d0_404 .array/port v0x1516856d0, 404;
E_0x151685430/101 .event anyedge, v0x1516856d0_401, v0x1516856d0_402, v0x1516856d0_403, v0x1516856d0_404;
v0x1516856d0_405 .array/port v0x1516856d0, 405;
v0x1516856d0_406 .array/port v0x1516856d0, 406;
v0x1516856d0_407 .array/port v0x1516856d0, 407;
v0x1516856d0_408 .array/port v0x1516856d0, 408;
E_0x151685430/102 .event anyedge, v0x1516856d0_405, v0x1516856d0_406, v0x1516856d0_407, v0x1516856d0_408;
v0x1516856d0_409 .array/port v0x1516856d0, 409;
v0x1516856d0_410 .array/port v0x1516856d0, 410;
v0x1516856d0_411 .array/port v0x1516856d0, 411;
v0x1516856d0_412 .array/port v0x1516856d0, 412;
E_0x151685430/103 .event anyedge, v0x1516856d0_409, v0x1516856d0_410, v0x1516856d0_411, v0x1516856d0_412;
v0x1516856d0_413 .array/port v0x1516856d0, 413;
v0x1516856d0_414 .array/port v0x1516856d0, 414;
v0x1516856d0_415 .array/port v0x1516856d0, 415;
v0x1516856d0_416 .array/port v0x1516856d0, 416;
E_0x151685430/104 .event anyedge, v0x1516856d0_413, v0x1516856d0_414, v0x1516856d0_415, v0x1516856d0_416;
v0x1516856d0_417 .array/port v0x1516856d0, 417;
v0x1516856d0_418 .array/port v0x1516856d0, 418;
v0x1516856d0_419 .array/port v0x1516856d0, 419;
v0x1516856d0_420 .array/port v0x1516856d0, 420;
E_0x151685430/105 .event anyedge, v0x1516856d0_417, v0x1516856d0_418, v0x1516856d0_419, v0x1516856d0_420;
v0x1516856d0_421 .array/port v0x1516856d0, 421;
v0x1516856d0_422 .array/port v0x1516856d0, 422;
v0x1516856d0_423 .array/port v0x1516856d0, 423;
v0x1516856d0_424 .array/port v0x1516856d0, 424;
E_0x151685430/106 .event anyedge, v0x1516856d0_421, v0x1516856d0_422, v0x1516856d0_423, v0x1516856d0_424;
v0x1516856d0_425 .array/port v0x1516856d0, 425;
v0x1516856d0_426 .array/port v0x1516856d0, 426;
v0x1516856d0_427 .array/port v0x1516856d0, 427;
v0x1516856d0_428 .array/port v0x1516856d0, 428;
E_0x151685430/107 .event anyedge, v0x1516856d0_425, v0x1516856d0_426, v0x1516856d0_427, v0x1516856d0_428;
v0x1516856d0_429 .array/port v0x1516856d0, 429;
v0x1516856d0_430 .array/port v0x1516856d0, 430;
v0x1516856d0_431 .array/port v0x1516856d0, 431;
v0x1516856d0_432 .array/port v0x1516856d0, 432;
E_0x151685430/108 .event anyedge, v0x1516856d0_429, v0x1516856d0_430, v0x1516856d0_431, v0x1516856d0_432;
v0x1516856d0_433 .array/port v0x1516856d0, 433;
v0x1516856d0_434 .array/port v0x1516856d0, 434;
v0x1516856d0_435 .array/port v0x1516856d0, 435;
v0x1516856d0_436 .array/port v0x1516856d0, 436;
E_0x151685430/109 .event anyedge, v0x1516856d0_433, v0x1516856d0_434, v0x1516856d0_435, v0x1516856d0_436;
v0x1516856d0_437 .array/port v0x1516856d0, 437;
v0x1516856d0_438 .array/port v0x1516856d0, 438;
v0x1516856d0_439 .array/port v0x1516856d0, 439;
v0x1516856d0_440 .array/port v0x1516856d0, 440;
E_0x151685430/110 .event anyedge, v0x1516856d0_437, v0x1516856d0_438, v0x1516856d0_439, v0x1516856d0_440;
v0x1516856d0_441 .array/port v0x1516856d0, 441;
v0x1516856d0_442 .array/port v0x1516856d0, 442;
v0x1516856d0_443 .array/port v0x1516856d0, 443;
v0x1516856d0_444 .array/port v0x1516856d0, 444;
E_0x151685430/111 .event anyedge, v0x1516856d0_441, v0x1516856d0_442, v0x1516856d0_443, v0x1516856d0_444;
v0x1516856d0_445 .array/port v0x1516856d0, 445;
v0x1516856d0_446 .array/port v0x1516856d0, 446;
v0x1516856d0_447 .array/port v0x1516856d0, 447;
v0x1516856d0_448 .array/port v0x1516856d0, 448;
E_0x151685430/112 .event anyedge, v0x1516856d0_445, v0x1516856d0_446, v0x1516856d0_447, v0x1516856d0_448;
v0x1516856d0_449 .array/port v0x1516856d0, 449;
v0x1516856d0_450 .array/port v0x1516856d0, 450;
v0x1516856d0_451 .array/port v0x1516856d0, 451;
v0x1516856d0_452 .array/port v0x1516856d0, 452;
E_0x151685430/113 .event anyedge, v0x1516856d0_449, v0x1516856d0_450, v0x1516856d0_451, v0x1516856d0_452;
v0x1516856d0_453 .array/port v0x1516856d0, 453;
v0x1516856d0_454 .array/port v0x1516856d0, 454;
v0x1516856d0_455 .array/port v0x1516856d0, 455;
v0x1516856d0_456 .array/port v0x1516856d0, 456;
E_0x151685430/114 .event anyedge, v0x1516856d0_453, v0x1516856d0_454, v0x1516856d0_455, v0x1516856d0_456;
v0x1516856d0_457 .array/port v0x1516856d0, 457;
v0x1516856d0_458 .array/port v0x1516856d0, 458;
v0x1516856d0_459 .array/port v0x1516856d0, 459;
v0x1516856d0_460 .array/port v0x1516856d0, 460;
E_0x151685430/115 .event anyedge, v0x1516856d0_457, v0x1516856d0_458, v0x1516856d0_459, v0x1516856d0_460;
v0x1516856d0_461 .array/port v0x1516856d0, 461;
v0x1516856d0_462 .array/port v0x1516856d0, 462;
v0x1516856d0_463 .array/port v0x1516856d0, 463;
v0x1516856d0_464 .array/port v0x1516856d0, 464;
E_0x151685430/116 .event anyedge, v0x1516856d0_461, v0x1516856d0_462, v0x1516856d0_463, v0x1516856d0_464;
v0x1516856d0_465 .array/port v0x1516856d0, 465;
v0x1516856d0_466 .array/port v0x1516856d0, 466;
v0x1516856d0_467 .array/port v0x1516856d0, 467;
v0x1516856d0_468 .array/port v0x1516856d0, 468;
E_0x151685430/117 .event anyedge, v0x1516856d0_465, v0x1516856d0_466, v0x1516856d0_467, v0x1516856d0_468;
v0x1516856d0_469 .array/port v0x1516856d0, 469;
v0x1516856d0_470 .array/port v0x1516856d0, 470;
v0x1516856d0_471 .array/port v0x1516856d0, 471;
v0x1516856d0_472 .array/port v0x1516856d0, 472;
E_0x151685430/118 .event anyedge, v0x1516856d0_469, v0x1516856d0_470, v0x1516856d0_471, v0x1516856d0_472;
v0x1516856d0_473 .array/port v0x1516856d0, 473;
v0x1516856d0_474 .array/port v0x1516856d0, 474;
v0x1516856d0_475 .array/port v0x1516856d0, 475;
v0x1516856d0_476 .array/port v0x1516856d0, 476;
E_0x151685430/119 .event anyedge, v0x1516856d0_473, v0x1516856d0_474, v0x1516856d0_475, v0x1516856d0_476;
v0x1516856d0_477 .array/port v0x1516856d0, 477;
v0x1516856d0_478 .array/port v0x1516856d0, 478;
v0x1516856d0_479 .array/port v0x1516856d0, 479;
v0x1516856d0_480 .array/port v0x1516856d0, 480;
E_0x151685430/120 .event anyedge, v0x1516856d0_477, v0x1516856d0_478, v0x1516856d0_479, v0x1516856d0_480;
v0x1516856d0_481 .array/port v0x1516856d0, 481;
v0x1516856d0_482 .array/port v0x1516856d0, 482;
v0x1516856d0_483 .array/port v0x1516856d0, 483;
v0x1516856d0_484 .array/port v0x1516856d0, 484;
E_0x151685430/121 .event anyedge, v0x1516856d0_481, v0x1516856d0_482, v0x1516856d0_483, v0x1516856d0_484;
v0x1516856d0_485 .array/port v0x1516856d0, 485;
v0x1516856d0_486 .array/port v0x1516856d0, 486;
v0x1516856d0_487 .array/port v0x1516856d0, 487;
v0x1516856d0_488 .array/port v0x1516856d0, 488;
E_0x151685430/122 .event anyedge, v0x1516856d0_485, v0x1516856d0_486, v0x1516856d0_487, v0x1516856d0_488;
v0x1516856d0_489 .array/port v0x1516856d0, 489;
v0x1516856d0_490 .array/port v0x1516856d0, 490;
v0x1516856d0_491 .array/port v0x1516856d0, 491;
v0x1516856d0_492 .array/port v0x1516856d0, 492;
E_0x151685430/123 .event anyedge, v0x1516856d0_489, v0x1516856d0_490, v0x1516856d0_491, v0x1516856d0_492;
v0x1516856d0_493 .array/port v0x1516856d0, 493;
v0x1516856d0_494 .array/port v0x1516856d0, 494;
v0x1516856d0_495 .array/port v0x1516856d0, 495;
v0x1516856d0_496 .array/port v0x1516856d0, 496;
E_0x151685430/124 .event anyedge, v0x1516856d0_493, v0x1516856d0_494, v0x1516856d0_495, v0x1516856d0_496;
v0x1516856d0_497 .array/port v0x1516856d0, 497;
v0x1516856d0_498 .array/port v0x1516856d0, 498;
v0x1516856d0_499 .array/port v0x1516856d0, 499;
v0x1516856d0_500 .array/port v0x1516856d0, 500;
E_0x151685430/125 .event anyedge, v0x1516856d0_497, v0x1516856d0_498, v0x1516856d0_499, v0x1516856d0_500;
v0x1516856d0_501 .array/port v0x1516856d0, 501;
v0x1516856d0_502 .array/port v0x1516856d0, 502;
v0x1516856d0_503 .array/port v0x1516856d0, 503;
v0x1516856d0_504 .array/port v0x1516856d0, 504;
E_0x151685430/126 .event anyedge, v0x1516856d0_501, v0x1516856d0_502, v0x1516856d0_503, v0x1516856d0_504;
v0x1516856d0_505 .array/port v0x1516856d0, 505;
v0x1516856d0_506 .array/port v0x1516856d0, 506;
v0x1516856d0_507 .array/port v0x1516856d0, 507;
v0x1516856d0_508 .array/port v0x1516856d0, 508;
E_0x151685430/127 .event anyedge, v0x1516856d0_505, v0x1516856d0_506, v0x1516856d0_507, v0x1516856d0_508;
v0x1516856d0_509 .array/port v0x1516856d0, 509;
v0x1516856d0_510 .array/port v0x1516856d0, 510;
v0x1516856d0_511 .array/port v0x1516856d0, 511;
E_0x151685430/128 .event anyedge, v0x1516856d0_509, v0x1516856d0_510, v0x1516856d0_511, v0x151687760_0;
E_0x151685430 .event/or E_0x151685430/0, E_0x151685430/1, E_0x151685430/2, E_0x151685430/3, E_0x151685430/4, E_0x151685430/5, E_0x151685430/6, E_0x151685430/7, E_0x151685430/8, E_0x151685430/9, E_0x151685430/10, E_0x151685430/11, E_0x151685430/12, E_0x151685430/13, E_0x151685430/14, E_0x151685430/15, E_0x151685430/16, E_0x151685430/17, E_0x151685430/18, E_0x151685430/19, E_0x151685430/20, E_0x151685430/21, E_0x151685430/22, E_0x151685430/23, E_0x151685430/24, E_0x151685430/25, E_0x151685430/26, E_0x151685430/27, E_0x151685430/28, E_0x151685430/29, E_0x151685430/30, E_0x151685430/31, E_0x151685430/32, E_0x151685430/33, E_0x151685430/34, E_0x151685430/35, E_0x151685430/36, E_0x151685430/37, E_0x151685430/38, E_0x151685430/39, E_0x151685430/40, E_0x151685430/41, E_0x151685430/42, E_0x151685430/43, E_0x151685430/44, E_0x151685430/45, E_0x151685430/46, E_0x151685430/47, E_0x151685430/48, E_0x151685430/49, E_0x151685430/50, E_0x151685430/51, E_0x151685430/52, E_0x151685430/53, E_0x151685430/54, E_0x151685430/55, E_0x151685430/56, E_0x151685430/57, E_0x151685430/58, E_0x151685430/59, E_0x151685430/60, E_0x151685430/61, E_0x151685430/62, E_0x151685430/63, E_0x151685430/64, E_0x151685430/65, E_0x151685430/66, E_0x151685430/67, E_0x151685430/68, E_0x151685430/69, E_0x151685430/70, E_0x151685430/71, E_0x151685430/72, E_0x151685430/73, E_0x151685430/74, E_0x151685430/75, E_0x151685430/76, E_0x151685430/77, E_0x151685430/78, E_0x151685430/79, E_0x151685430/80, E_0x151685430/81, E_0x151685430/82, E_0x151685430/83, E_0x151685430/84, E_0x151685430/85, E_0x151685430/86, E_0x151685430/87, E_0x151685430/88, E_0x151685430/89, E_0x151685430/90, E_0x151685430/91, E_0x151685430/92, E_0x151685430/93, E_0x151685430/94, E_0x151685430/95, E_0x151685430/96, E_0x151685430/97, E_0x151685430/98, E_0x151685430/99, E_0x151685430/100, E_0x151685430/101, E_0x151685430/102, E_0x151685430/103, E_0x151685430/104, E_0x151685430/105, E_0x151685430/106, E_0x151685430/107, E_0x151685430/108, E_0x151685430/109, E_0x151685430/110, E_0x151685430/111, E_0x151685430/112, E_0x151685430/113, E_0x151685430/114, E_0x151685430/115, E_0x151685430/116, E_0x151685430/117, E_0x151685430/118, E_0x151685430/119, E_0x151685430/120, E_0x151685430/121, E_0x151685430/122, E_0x151685430/123, E_0x151685430/124, E_0x151685430/125, E_0x151685430/126, E_0x151685430/127, E_0x151685430/128;
S_0x151687960 .scope module, "reg0" "R0" 3 40, 25 1 0, S_0x15160a2a0;
 .timescale -9 -11;
    .port_info 0 /INPUT 1 "clear";
    .port_info 1 /INPUT 1 "clock";
    .port_info 2 /INPUT 1 "enable";
    .port_info 3 /INPUT 1 "BAout";
    .port_info 4 /INPUT 32 "data_in";
    .port_info 5 /OUTPUT 32 "data_out";
P_0x151687b20 .param/l "DATA_WIDTH" 0 25 1, +C4<00000000000000000000000000100000>;
P_0x151687b60 .param/l "INIT" 0 25 1, C4<00000000000000000000000000000000>;
v0x151687d60_0 .net "BAout", 0 0, v0x15160cdd0_0;  alias, 1 drivers
L_0x148040010 .functor BUFT 1, C4<00000000000000000000000000000000>, C4<0>, C4<0>, C4<0>;
v0x151687e00_0 .net/2u *"_ivl_0", 31 0, L_0x148040010;  1 drivers
v0x151687ea0_0 .net "clear", 0 0, v0x151695240_0;  alias, 1 drivers
v0x151687f30_0 .net "clock", 0 0, v0x1516952d0_0;  alias, 1 drivers
v0x151687fc0_0 .net "data_in", 31 0, v0x151680f30_0;  alias, 1 drivers
v0x151688050_0 .net "data_out", 31 0, L_0x151696d10;  alias, 1 drivers
v0x1516880e0_0 .net "enable", 0 0, L_0x151696e30;  1 drivers
v0x151688170_0 .var "q", 31 0;
L_0x151696d10 .functor MUXZ 32, v0x151688170_0, L_0x148040010, v0x15160cdd0_0, C4<>;
S_0x1516882b0 .scope module, "reg1" "register" 3 49, 20 1 0, S_0x15160a2a0;
 .timescale -9 -11;
    .port_info 0 /INPUT 1 "clear";
    .port_info 1 /INPUT 1 "clock";
    .port_info 2 /INPUT 1 "enable";
    .port_info 3 /INPUT 32 "data_in";
    .port_info 4 /OUTPUT 32 "data_out";
P_0x151688470 .param/l "DATA_WIDTH" 0 20 1, +C4<00000000000000000000000000100000>;
P_0x1516884b0 .param/l "INIT" 0 20 1, C4<00000000000000000000000000000000>;
L_0x151696f10 .functor BUFZ 32, v0x151688b20_0, C4<00000000000000000000000000000000>, C4<00000000000000000000000000000000>, C4<00000000000000000000000000000000>;
v0x151688640_0 .net "clear", 0 0, v0x151695240_0;  alias, 1 drivers
v0x1516887d0_0 .net "clock", 0 0, v0x1516952d0_0;  alias, 1 drivers
v0x151688970_0 .net "data_in", 31 0, v0x151680f30_0;  alias, 1 drivers
v0x151688a00_0 .net "data_out", 31 0, L_0x151696f10;  alias, 1 drivers
v0x151688a90_0 .net "enable", 0 0, L_0x151696f80;  1 drivers
v0x151688b20_0 .var "q", 31 0;
S_0x151688bd0 .scope module, "reg10" "register" 3 121, 20 1 0, S_0x15160a2a0;
 .timescale -9 -11;
    .port_info 0 /INPUT 1 "clear";
    .port_info 1 /INPUT 1 "clock";
    .port_info 2 /INPUT 1 "enable";
    .port_info 3 /INPUT 32 "data_in";
    .port_info 4 /OUTPUT 32 "data_out";
P_0x151688d90 .param/l "DATA_WIDTH" 0 20 1, +C4<00000000000000000000000000100000>;
P_0x151688dd0 .param/l "INIT" 0 20 1, C4<00000000000000000000000000000000>;
L_0x151697a20 .functor BUFZ 32, v0x1516892a0_0, C4<00000000000000000000000000000000>, C4<00000000000000000000000000000000>, C4<00000000000000000000000000000000>;
v0x151688f40_0 .net "clear", 0 0, v0x151695240_0;  alias, 1 drivers
v0x151688fd0_0 .net "clock", 0 0, v0x1516952d0_0;  alias, 1 drivers
v0x151689070_0 .net "data_in", 31 0, v0x151680f30_0;  alias, 1 drivers
v0x151689120_0 .net "data_out", 31 0, L_0x151697a20;  alias, 1 drivers
v0x1516891d0_0 .net "enable", 0 0, L_0x151697a90;  1 drivers
v0x1516892a0_0 .var "q", 31 0;
S_0x1516893d0 .scope module, "reg11" "register" 3 129, 20 1 0, S_0x15160a2a0;
 .timescale -9 -11;
    .port_info 0 /INPUT 1 "clear";
    .port_info 1 /INPUT 1 "clock";
    .port_info 2 /INPUT 1 "enable";
    .port_info 3 /INPUT 32 "data_in";
    .port_info 4 /OUTPUT 32 "data_out";
P_0x151689590 .param/l "DATA_WIDTH" 0 20 1, +C4<00000000000000000000000000100000>;
P_0x1516895d0 .param/l "INIT" 0 20 1, C4<00000000000000000000000000000000>;
L_0x151697bb0 .functor BUFZ 32, v0x151689aa0_0, C4<00000000000000000000000000000000>, C4<00000000000000000000000000000000>, C4<00000000000000000000000000000000>;
v0x151689740_0 .net "clear", 0 0, v0x151695240_0;  alias, 1 drivers
v0x1516897d0_0 .net "clock", 0 0, v0x1516952d0_0;  alias, 1 drivers
v0x151689870_0 .net "data_in", 31 0, v0x151680f30_0;  alias, 1 drivers
v0x151689920_0 .net "data_out", 31 0, L_0x151697bb0;  alias, 1 drivers
v0x1516899d0_0 .net "enable", 0 0, L_0x151697c40;  1 drivers
v0x151689aa0_0 .var "q", 31 0;
S_0x151689bd0 .scope module, "reg12" "register" 3 137, 20 1 0, S_0x15160a2a0;
 .timescale -9 -11;
    .port_info 0 /INPUT 1 "clear";
    .port_info 1 /INPUT 1 "clock";
    .port_info 2 /INPUT 1 "enable";
    .port_info 3 /INPUT 32 "data_in";
    .port_info 4 /OUTPUT 32 "data_out";
P_0x151689d90 .param/l "DATA_WIDTH" 0 20 1, +C4<00000000000000000000000000100000>;
P_0x151689dd0 .param/l "INIT" 0 20 1, C4<00000000000000000000000000000000>;
L_0x151697ce0 .functor BUFZ 32, v0x15168a2a0_0, C4<00000000000000000000000000000000>, C4<00000000000000000000000000000000>, C4<00000000000000000000000000000000>;
v0x151689f40_0 .net "clear", 0 0, v0x151695240_0;  alias, 1 drivers
v0x151689fd0_0 .net "clock", 0 0, v0x1516952d0_0;  alias, 1 drivers
v0x15168a070_0 .net "data_in", 31 0, v0x151680f30_0;  alias, 1 drivers
v0x15168a120_0 .net "data_out", 31 0, L_0x151697ce0;  alias, 1 drivers
v0x15168a1d0_0 .net "enable", 0 0, L_0x151697d50;  1 drivers
v0x15168a2a0_0 .var "q", 31 0;
S_0x15168a3d0 .scope module, "reg13" "register" 3 145, 20 1 0, S_0x15160a2a0;
 .timescale -9 -11;
    .port_info 0 /INPUT 1 "clear";
    .port_info 1 /INPUT 1 "clock";
    .port_info 2 /INPUT 1 "enable";
    .port_info 3 /INPUT 32 "data_in";
    .port_info 4 /OUTPUT 32 "data_out";
P_0x15168a590 .param/l "DATA_WIDTH" 0 20 1, +C4<00000000000000000000000000100000>;
P_0x15168a5d0 .param/l "INIT" 0 20 1, C4<00000000000000000000000000000000>;
L_0x151697e80 .functor BUFZ 32, v0x15168aaa0_0, C4<00000000000000000000000000000000>, C4<00000000000000000000000000000000>, C4<00000000000000000000000000000000>;
v0x15168a740_0 .net "clear", 0 0, v0x151695240_0;  alias, 1 drivers
v0x15168a7d0_0 .net "clock", 0 0, v0x1516952d0_0;  alias, 1 drivers
v0x15168a870_0 .net "data_in", 31 0, v0x151680f30_0;  alias, 1 drivers
v0x15168a920_0 .net "data_out", 31 0, L_0x151697e80;  alias, 1 drivers
v0x15168a9d0_0 .net "enable", 0 0, L_0x151697f10;  1 drivers
v0x15168aaa0_0 .var "q", 31 0;
S_0x15168abd0 .scope module, "reg14" "register" 3 153, 20 1 0, S_0x15160a2a0;
 .timescale -9 -11;
    .port_info 0 /INPUT 1 "clear";
    .port_info 1 /INPUT 1 "clock";
    .port_info 2 /INPUT 1 "enable";
    .port_info 3 /INPUT 32 "data_in";
    .port_info 4 /OUTPUT 32 "data_out";
P_0x1516848b0 .param/l "DATA_WIDTH" 0 20 1, +C4<00000000000000000000000000100000>;
P_0x1516848f0 .param/l "INIT" 0 20 1, C4<00000000000000000000000000000000>;
L_0x151697fb0 .functor BUFZ 32, v0x15168b320_0, C4<00000000000000000000000000000000>, C4<00000000000000000000000000000000>, C4<00000000000000000000000000000000>;
v0x15168afc0_0 .net "clear", 0 0, v0x151695240_0;  alias, 1 drivers
v0x15168b050_0 .net "clock", 0 0, v0x1516952d0_0;  alias, 1 drivers
v0x15168b0f0_0 .net "data_in", 31 0, v0x151680f30_0;  alias, 1 drivers
v0x15168b1a0_0 .net "data_out", 31 0, L_0x151697fb0;  alias, 1 drivers
v0x15168b250_0 .net "enable", 0 0, L_0x151698020;  1 drivers
v0x15168b320_0 .var "q", 31 0;
S_0x15168b450 .scope module, "reg15" "register" 3 161, 20 1 0, S_0x15160a2a0;
 .timescale -9 -11;
    .port_info 0 /INPUT 1 "clear";
    .port_info 1 /INPUT 1 "clock";
    .port_info 2 /INPUT 1 "enable";
    .port_info 3 /INPUT 32 "data_in";
    .port_info 4 /OUTPUT 32 "data_out";
P_0x15168b610 .param/l "DATA_WIDTH" 0 20 1, +C4<00000000000000000000000000100000>;
P_0x15168b650 .param/l "INIT" 0 20 1, C4<00000000000000000000000000000000>;
L_0x151697e10 .functor BUFZ 32, v0x15168bb20_0, C4<00000000000000000000000000000000>, C4<00000000000000000000000000000000>, C4<00000000000000000000000000000000>;
v0x15168b7c0_0 .net "clear", 0 0, v0x151695240_0;  alias, 1 drivers
v0x15168b850_0 .net "clock", 0 0, v0x1516952d0_0;  alias, 1 drivers
v0x15168b8f0_0 .net "data_in", 31 0, v0x151680f30_0;  alias, 1 drivers
v0x15168b9a0_0 .net "data_out", 31 0, L_0x151697e10;  alias, 1 drivers
v0x15168ba50_0 .net "enable", 0 0, L_0x1516982c0;  1 drivers
v0x15168bb20_0 .var "q", 31 0;
S_0x15168bc50 .scope module, "reg2" "register" 3 57, 20 1 0, S_0x15160a2a0;
 .timescale -9 -11;
    .port_info 0 /INPUT 1 "clear";
    .port_info 1 /INPUT 1 "clock";
    .port_info 2 /INPUT 1 "enable";
    .port_info 3 /INPUT 32 "data_in";
    .port_info 4 /OUTPUT 32 "data_out";
P_0x15168be10 .param/l "DATA_WIDTH" 0 20 1, +C4<00000000000000000000000000100000>;
P_0x15168be50 .param/l "INIT" 0 20 1, C4<00000000000000000000000000000000>;
L_0x151697020 .functor BUFZ 32, v0x15168c320_0, C4<00000000000000000000000000000000>, C4<00000000000000000000000000000000>, C4<00000000000000000000000000000000>;
v0x15168bfc0_0 .net "clear", 0 0, v0x151695240_0;  alias, 1 drivers
v0x15168c050_0 .net "clock", 0 0, v0x1516952d0_0;  alias, 1 drivers
v0x15168c0f0_0 .net "data_in", 31 0, v0x151680f30_0;  alias, 1 drivers
v0x15168c1a0_0 .net "data_out", 31 0, L_0x151697020;  alias, 1 drivers
v0x15168c250_0 .net "enable", 0 0, L_0x151697090;  1 drivers
v0x15168c320_0 .var "q", 31 0;
S_0x15168c450 .scope module, "reg3" "register" 3 65, 20 1 0, S_0x15160a2a0;
 .timescale -9 -11;
    .port_info 0 /INPUT 1 "clear";
    .port_info 1 /INPUT 1 "clock";
    .port_info 2 /INPUT 1 "enable";
    .port_info 3 /INPUT 32 "data_in";
    .port_info 4 /OUTPUT 32 "data_out";
P_0x15168c610 .param/l "DATA_WIDTH" 0 20 1, +C4<00000000000000000000000000100000>;
P_0x15168c650 .param/l "INIT" 0 20 1, C4<00000000000000000000000000000000>;
L_0x1516971b0 .functor BUFZ 32, v0x15168cd70_0, C4<00000000000000000000000000000000>, C4<00000000000000000000000000000000>, C4<00000000000000000000000000000000>;
v0x15168c7c0_0 .net "clear", 0 0, v0x151695240_0;  alias, 1 drivers
v0x1516886d0_0 .net "clock", 0 0, v0x1516952d0_0;  alias, 1 drivers
v0x151688870_0 .net "data_in", 31 0, v0x151680f30_0;  alias, 1 drivers
v0x15168cc50_0 .net "data_out", 31 0, L_0x1516971b0;  alias, 1 drivers
v0x15168cce0_0 .net "enable", 0 0, L_0x151697220;  1 drivers
v0x15168cd70_0 .var "q", 31 0;
S_0x15168ce50 .scope module, "reg4" "register" 3 73, 20 1 0, S_0x15160a2a0;
 .timescale -9 -11;
    .port_info 0 /INPUT 1 "clear";
    .port_info 1 /INPUT 1 "clock";
    .port_info 2 /INPUT 1 "enable";
    .port_info 3 /INPUT 32 "data_in";
    .port_info 4 /OUTPUT 32 "data_out";
P_0x15168d010 .param/l "DATA_WIDTH" 0 20 1, +C4<00000000000000000000000000100000>;
P_0x15168d050 .param/l "INIT" 0 20 1, C4<00000000000000000000000000000000>;
L_0x1516972c0 .functor BUFZ 32, v0x15168d3a0_0, C4<00000000000000000000000000000000>, C4<00000000000000000000000000000000>, C4<00000000000000000000000000000000>;
v0x15168d1c0_0 .net "clear", 0 0, v0x151695240_0;  alias, 1 drivers
v0x15168d250_0 .net "clock", 0 0, v0x1516952d0_0;  alias, 1 drivers
v0x15168d2f0_0 .net "data_in", 31 0, v0x151680f30_0;  alias, 1 drivers
v0x151681890_0 .net "data_out", 31 0, L_0x1516972c0;  alias, 1 drivers
v0x151681940_0 .net "enable", 0 0, L_0x151697330;  1 drivers
v0x15168d3a0_0 .var "q", 31 0;
S_0x15168d450 .scope module, "reg5" "register" 3 81, 20 1 0, S_0x15160a2a0;
 .timescale -9 -11;
    .port_info 0 /INPUT 1 "clear";
    .port_info 1 /INPUT 1 "clock";
    .port_info 2 /INPUT 1 "enable";
    .port_info 3 /INPUT 32 "data_in";
    .port_info 4 /OUTPUT 32 "data_out";
P_0x15168d610 .param/l "DATA_WIDTH" 0 20 1, +C4<00000000000000000000000000100000>;
P_0x15168d650 .param/l "INIT" 0 20 1, C4<00000000000000000000000000000000>;
L_0x1516973d0 .functor BUFZ 32, v0x15168db20_0, C4<00000000000000000000000000000000>, C4<00000000000000000000000000000000>, C4<00000000000000000000000000000000>;
v0x15168d7c0_0 .net "clear", 0 0, v0x151695240_0;  alias, 1 drivers
v0x15168d850_0 .net "clock", 0 0, v0x1516952d0_0;  alias, 1 drivers
v0x15168d8f0_0 .net "data_in", 31 0, v0x151680f30_0;  alias, 1 drivers
v0x15168d9a0_0 .net "data_out", 31 0, L_0x1516973d0;  alias, 1 drivers
v0x15168da50_0 .net "enable", 0 0, L_0x151697440;  1 drivers
v0x15168db20_0 .var "q", 31 0;
S_0x15168dc50 .scope module, "reg6" "register" 3 89, 20 1 0, S_0x15160a2a0;
 .timescale -9 -11;
    .port_info 0 /INPUT 1 "clear";
    .port_info 1 /INPUT 1 "clock";
    .port_info 2 /INPUT 1 "enable";
    .port_info 3 /INPUT 32 "data_in";
    .port_info 4 /OUTPUT 32 "data_out";
P_0x15168de10 .param/l "DATA_WIDTH" 0 20 1, +C4<00000000000000000000000000100000>;
P_0x15168de50 .param/l "INIT" 0 20 1, C4<00000000000000000000000000000000>;
L_0x1516974e0 .functor BUFZ 32, v0x15168e320_0, C4<00000000000000000000000000000000>, C4<00000000000000000000000000000000>, C4<00000000000000000000000000000000>;
v0x15168dfc0_0 .net "clear", 0 0, v0x151695240_0;  alias, 1 drivers
v0x15168e050_0 .net "clock", 0 0, v0x1516952d0_0;  alias, 1 drivers
v0x15168e0f0_0 .net "data_in", 31 0, v0x151680f30_0;  alias, 1 drivers
v0x15168e1a0_0 .net "data_out", 31 0, L_0x1516974e0;  alias, 1 drivers
v0x15168e250_0 .net "enable", 0 0, L_0x151697550;  1 drivers
v0x15168e320_0 .var "q", 31 0;
S_0x15168e450 .scope module, "reg7" "register" 3 97, 20 1 0, S_0x15160a2a0;
 .timescale -9 -11;
    .port_info 0 /INPUT 1 "clear";
    .port_info 1 /INPUT 1 "clock";
    .port_info 2 /INPUT 1 "enable";
    .port_info 3 /INPUT 32 "data_in";
    .port_info 4 /OUTPUT 32 "data_out";
P_0x15168e610 .param/l "DATA_WIDTH" 0 20 1, +C4<00000000000000000000000000100000>;
P_0x15168e650 .param/l "INIT" 0 20 1, C4<00000000000000000000000000000000>;
L_0x1516976f0 .functor BUFZ 32, v0x15168eb20_0, C4<00000000000000000000000000000000>, C4<00000000000000000000000000000000>, C4<00000000000000000000000000000000>;
v0x15168e7c0_0 .net "clear", 0 0, v0x151695240_0;  alias, 1 drivers
v0x15168e850_0 .net "clock", 0 0, v0x1516952d0_0;  alias, 1 drivers
v0x15168e8f0_0 .net "data_in", 31 0, v0x151680f30_0;  alias, 1 drivers
v0x15168e9a0_0 .net "data_out", 31 0, L_0x1516976f0;  alias, 1 drivers
v0x15168ea50_0 .net "enable", 0 0, L_0x151697760;  1 drivers
v0x15168eb20_0 .var "q", 31 0;
S_0x15168ec50 .scope module, "reg8" "register" 3 105, 20 1 0, S_0x15160a2a0;
 .timescale -9 -11;
    .port_info 0 /INPUT 1 "clear";
    .port_info 1 /INPUT 1 "clock";
    .port_info 2 /INPUT 1 "enable";
    .port_info 3 /INPUT 32 "data_in";
    .port_info 4 /OUTPUT 32 "data_out";
P_0x15168ee10 .param/l "DATA_WIDTH" 0 20 1, +C4<00000000000000000000000000100000>;
P_0x15168ee50 .param/l "INIT" 0 20 1, C4<00000000000000000000000000000000>;
L_0x151697130 .functor BUFZ 32, v0x15168f320_0, C4<00000000000000000000000000000000>, C4<00000000000000000000000000000000>, C4<00000000000000000000000000000000>;
v0x15168efc0_0 .net "clear", 0 0, v0x151695240_0;  alias, 1 drivers
v0x15168f050_0 .net "clock", 0 0, v0x1516952d0_0;  alias, 1 drivers
v0x15168f0f0_0 .net "data_in", 31 0, v0x151680f30_0;  alias, 1 drivers
v0x15168f1a0_0 .net "data_out", 31 0, L_0x151697130;  alias, 1 drivers
v0x15168f250_0 .net "enable", 0 0, L_0x151697800;  1 drivers
v0x15168f320_0 .var "q", 31 0;
S_0x15168f450 .scope module, "reg9" "register" 3 113, 20 1 0, S_0x15160a2a0;
 .timescale -9 -11;
    .port_info 0 /INPUT 1 "clear";
    .port_info 1 /INPUT 1 "clock";
    .port_info 2 /INPUT 1 "enable";
    .port_info 3 /INPUT 32 "data_in";
    .port_info 4 /OUTPUT 32 "data_out";
P_0x15168f610 .param/l "DATA_WIDTH" 0 20 1, +C4<00000000000000000000000000100000>;
P_0x15168f650 .param/l "INIT" 0 20 1, C4<00000000000000000000000000000000>;
L_0x1516978f0 .functor BUFZ 32, v0x15168fb20_0, C4<00000000000000000000000000000000>, C4<00000000000000000000000000000000>, C4<00000000000000000000000000000000>;
v0x15168f7c0_0 .net "clear", 0 0, v0x151695240_0;  alias, 1 drivers
v0x15168f850_0 .net "clock", 0 0, v0x1516952d0_0;  alias, 1 drivers
v0x15168f8f0_0 .net "data_in", 31 0, v0x151680f30_0;  alias, 1 drivers
v0x15168f9a0_0 .net "data_out", 31 0, L_0x1516978f0;  alias, 1 drivers
v0x15168fa50_0 .net "enable", 0 0, L_0x151697980;  1 drivers
v0x15168fb20_0 .var "q", 31 0;
S_0x15168fc50 .scope module, "select_encode" "Select_Encode" 3 26, 26 1 0, S_0x15160a2a0;
 .timescale -9 -11;
    .port_info 0 /INPUT 32 "IR";
    .port_info 1 /INPUT 1 "Gra";
    .port_info 2 /INPUT 1 "Grb";
    .port_info 3 /INPUT 1 "Grc";
    .port_info 4 /INPUT 1 "Rin";
    .port_info 5 /INPUT 1 "Rout";
    .port_info 6 /INPUT 1 "BAout";
    .port_info 7 /INPUT 1 "Cout";
    .port_info 8 /OUTPUT 16 "Rin_out";
    .port_info 9 /OUTPUT 16 "Rout_out";
    .port_info 10 /OUTPUT 32 "C_sign_extended";
P_0x15168fe10 .param/l "DATA_WIDTH" 0 26 1, +C4<00000000000000000000000000100000>;
v0x151690110_0 .net "BAout", 0 0, v0x15160cdd0_0;  alias, 1 drivers
v0x1516901c0_0 .var "C_sign_extended", 31 0;
v0x151690250_0 .net "Cout", 0 0, v0x151695360_0;  alias, 1 drivers
v0x1516902e0_0 .net "Gra", 0 0, v0x1516953f0_0;  alias, 1 drivers
v0x151690370_0 .net "Grb", 0 0, v0x1516954c0_0;  alias, 1 drivers
v0x151690440_0 .net "Grc", 0 0, v0x151695550_0;  alias, 1 drivers
v0x1516904d0_0 .net "IR", 31 0, L_0x151698400;  alias, 1 drivers
v0x151690560_0 .net "Rin", 0 0, v0x151696500_0;  alias, 1 drivers
v0x1516905f0_0 .var "Rin_out", 15 0;
v0x151690700_0 .net "Rout", 0 0, v0x1516965d0_0;  alias, 1 drivers
v0x1516907a0_0 .var "Rout_out", 15 0;
v0x151690850_0 .var "reg_to_enable", 3 0;
E_0x151690080/0 .event anyedge, v0x151682a50_0, v0x1516902e0_0, v0x151690370_0, v0x15167edd0_0;
E_0x151690080/1 .event anyedge, v0x151690560_0, v0x151690850_0, v0x151687d60_0, v0x151690700_0;
E_0x151690080/2 .event anyedge, v0x151690440_0;
E_0x151690080 .event/or E_0x151690080/0, E_0x151690080/1, E_0x151690080/2;
S_0x151690a10 .scope module, "y_register" "register" 3 231, 20 1 0, S_0x15160a2a0;
 .timescale -9 -11;
    .port_info 0 /INPUT 1 "clear";
    .port_info 1 /INPUT 1 "clock";
    .port_info 2 /INPUT 1 "enable";
    .port_info 3 /INPUT 32 "data_in";
    .port_info 4 /OUTPUT 32 "data_out";
P_0x151690bd0 .param/l "DATA_WIDTH" 0 20 1, +C4<00000000000000000000000000100000>;
P_0x151690c10 .param/l "INIT" 0 20 1, C4<00000000000000000000000000000000>;
v0x151690d20_0 .net "clear", 0 0, v0x151695240_0;  alias, 1 drivers
v0x151690dc0_0 .net "clock", 0 0, v0x1516952d0_0;  alias, 1 drivers
v0x151690e60_0 .net "data_in", 31 0, v0x151680f30_0;  alias, 1 drivers
v0x151690f10_0 .net "data_out", 31 0, v0x151691170_0;  alias, 1 drivers
v0x1516910a0_0 .net "enable", 0 0, v0x151696730_0;  alias, 1 drivers
v0x151691170_0 .var "q", 31 0;
S_0x151691210 .scope module, "z_high_register" "register" 3 196, 20 1 0, S_0x15160a2a0;
 .timescale -9 -11;
    .port_info 0 /INPUT 1 "clear";
    .port_info 1 /INPUT 1 "clock";
    .port_info 2 /INPUT 1 "enable";
    .port_info 3 /INPUT 32 "data_in";
    .port_info 4 /OUTPUT 32 "data_out";
P_0x1516913d0 .param/l "DATA_WIDTH" 0 20 1, +C4<00000000000000000000000000100000>;
P_0x151691410 .param/l "INIT" 0 20 1, C4<00000000000000000000000000000000>;
L_0x151698690 .functor BUFZ 32, v0x151691910_0, C4<00000000000000000000000000000000>, C4<00000000000000000000000000000000>, C4<00000000000000000000000000000000>;
v0x1516915a0_0 .net "clear", 0 0, v0x151695240_0;  alias, 1 drivers
v0x151691630_0 .net "clock", 0 0, v0x1516952d0_0;  alias, 1 drivers
v0x1516916d0_0 .net "data_in", 31 0, L_0x151698700;  1 drivers
v0x151691780_0 .net "data_out", 31 0, L_0x151698690;  alias, 1 drivers
v0x151691840_0 .net "enable", 0 0, v0x151696890_0;  alias, 1 drivers
v0x151691910_0 .var "q", 31 0;
S_0x151691a40 .scope module, "z_low_register" "register" 3 188, 20 1 0, S_0x15160a2a0;
 .timescale -9 -11;
    .port_info 0 /INPUT 1 "clear";
    .port_info 1 /INPUT 1 "clock";
    .port_info 2 /INPUT 1 "enable";
    .port_info 3 /INPUT 32 "data_in";
    .port_info 4 /OUTPUT 32 "data_out";
P_0x151691c00 .param/l "DATA_WIDTH" 0 20 1, +C4<00000000000000000000000000100000>;
P_0x151691c40 .param/l "INIT" 0 20 1, C4<00000000000000000000000000000000>;
L_0x151698470 .functor BUFZ 32, v0x151692120_0, C4<00000000000000000000000000000000>, C4<00000000000000000000000000000000>, C4<00000000000000000000000000000000>;
v0x151691db0_0 .net "clear", 0 0, v0x151695240_0;  alias, 1 drivers
v0x151691e40_0 .net "clock", 0 0, v0x1516952d0_0;  alias, 1 drivers
v0x151691ee0_0 .net "data_in", 31 0, L_0x151698500;  1 drivers
v0x151691f90_0 .net "data_out", 31 0, L_0x151698470;  alias, 1 drivers
v0x151692050_0 .net "enable", 0 0, v0x151696890_0;  alias, 1 drivers
v0x151692120_0 .var "q", 31 0;
    .scope S_0x15168fc50;
T_0 ;
    %wait E_0x151690080;
    %pushi/vec4 0, 0, 16;
    %store/vec4 v0x1516905f0_0, 0, 16;
    %pushi/vec4 0, 0, 16;
    %store/vec4 v0x1516907a0_0, 0, 16;
    %pushi/vec4 0, 0, 4;
    %store/vec4 v0x151690850_0, 0, 4;
    %pushi/vec4 0, 0, 32;
    %store/vec4 v0x1516901c0_0, 0, 32;
    %load/vec4 v0x1516904d0_0;
    %parti/s 5, 27, 6;
    %dup/vec4;
    %pushi/vec4 0, 0, 5;
    %cmp/u;
    %jmp/1 T_0.0, 6;
    %dup/vec4;
    %pushi/vec4 1, 0, 5;
    %cmp/u;
    %jmp/1 T_0.1, 6;
    %dup/vec4;
    %pushi/vec4 2, 0, 5;
    %cmp/u;
    %jmp/1 T_0.2, 6;
    %dup/vec4;
    %pushi/vec4 3, 0, 5;
    %cmp/u;
    %jmp/1 T_0.3, 6;
    %dup/vec4;
    %pushi/vec4 4, 0, 5;
    %cmp/u;
    %jmp/1 T_0.4, 6;
    %dup/vec4;
    %pushi/vec4 5, 0, 5;
    %cmp/u;
    %jmp/1 T_0.5, 6;
    %dup/vec4;
    %pushi/vec4 6, 0, 5;
    %cmp/u;
    %jmp/1 T_0.6, 6;
    %dup/vec4;
    %pushi/vec4 7, 0, 5;
    %cmp/u;
    %jmp/1 T_0.7, 6;
    %dup/vec4;
    %pushi/vec4 8, 0, 5;
    %cmp/u;
    %jmp/1 T_0.8, 6;
    %dup/vec4;
    %pushi/vec4 9, 0, 5;
    %cmp/u;
    %jmp/1 T_0.9, 6;
    %dup/vec4;
    %pushi/vec4 10, 0, 5;
    %cmp/u;
    %jmp/1 T_0.10, 6;
    %dup/vec4;
    %pushi/vec4 11, 0, 5;
    %cmp/u;
    %jmp/1 T_0.11, 6;
    %dup/vec4;
    %pushi/vec4 12, 0, 5;
    %cmp/u;
    %jmp/1 T_0.12, 6;
    %dup/vec4;
    %pushi/vec4 13, 0, 5;
    %cmp/u;
    %jmp/1 T_0.13, 6;
    %dup/vec4;
    %pushi/vec4 14, 0, 5;
    %cmp/u;
    %jmp/1 T_0.14, 6;
    %dup/vec4;
    %pushi/vec4 15, 0, 5;
    %cmp/u;
    %jmp/1 T_0.15, 6;
    %dup/vec4;
    %pushi/vec4 16, 0, 5;
    %cmp/u;
    %jmp/1 T_0.16, 6;
    %dup/vec4;
    %pushi/vec4 17, 0, 5;
    %cmp/u;
    %jmp/1 T_0.17, 6;
    %dup/vec4;
    %pushi/vec4 18, 0, 5;
    %cmp/u;
    %jmp/1 T_0.18, 6;
    %dup/vec4;
    %pushi/vec4 19, 0, 5;
    %cmp/u;
    %jmp/1 T_0.19, 6;
    %dup/vec4;
    %pushi/vec4 20, 0, 5;
    %cmp/u;
    %jmp/1 T_0.20, 6;
    %dup/vec4;
    %pushi/vec4 21, 0, 5;
    %cmp/u;
    %jmp/1 T_0.21, 6;
    %dup/vec4;
    %pushi/vec4 22, 0, 5;
    %cmp/u;
    %jmp/1 T_0.22, 6;
    %dup/vec4;
    %pushi/vec4 23, 0, 5;
    %cmp/u;
    %jmp/1 T_0.23, 6;
    %dup/vec4;
    %pushi/vec4 24, 0, 5;
    %cmp/u;
    %jmp/1 T_0.24, 6;
    %dup/vec4;
    %pushi/vec4 25, 0, 5;
    %cmp/u;
    %jmp/1 T_0.25, 6;
    %pushi/vec4 0, 0, 4;
    %store/vec4 v0x151690850_0, 0, 4;
    %jmp T_0.27;
T_0.0 ;
    %load/vec4 v0x1516902e0_0;
    %flag_set/vec4 8;
    %jmp/0xz  T_0.28, 8;
    %load/vec4 v0x1516904d0_0;
    %parti/s 4, 23, 6;
    %store/vec4 v0x151690850_0, 0, 4;
T_0.28 ;
    %load/vec4 v0x151690370_0;
    %flag_set/vec4 8;
    %jmp/0xz  T_0.30, 8;
    %load/vec4 v0x1516904d0_0;
    %parti/s 4, 19, 6;
    %store/vec4 v0x151690850_0, 0, 4;
T_0.30 ;
    %load/vec4 v0x151690250_0;
    %flag_set/vec4 8;
    %jmp/0xz  T_0.32, 8;
    %load/vec4 v0x1516904d0_0;
    %parti/s 1, 18, 6;
    %replicate 13;
    %load/vec4 v0x1516904d0_0;
    %parti/s 19, 0, 2;
    %concat/vec4; draw_concat_vec4
    %store/vec4 v0x1516901c0_0, 0, 32;
T_0.32 ;
    %load/vec4 v0x151690560_0;
    %flag_set/vec4 8;
    %jmp/0xz  T_0.34, 8;
    %pushi/vec4 1, 0, 16;
    %ix/getv 4, v0x151690850_0;
    %shiftl 4;
    %store/vec4 v0x1516905f0_0, 0, 16;
T_0.34 ;
    %load/vec4 v0x151690110_0;
    %flag_set/vec4 8;
    %jmp/0xz  T_0.36, 8;
    %load/vec4 v0x1516904d0_0;
    %parti/s 4, 19, 6;
    %cmpi/e 0, 0, 4;
    %jmp/0xz  T_0.38, 4;
    %pushi/vec4 1, 0, 16;
    %store/vec4 v0x1516907a0_0, 0, 16;
    %jmp T_0.39;
T_0.38 ;
    %pushi/vec4 1, 0, 16;
    %load/vec4 v0x1516904d0_0;
    %parti/s 4, 19, 6;
    %ix/vec4 4;
    %shiftl 4;
    %store/vec4 v0x1516907a0_0, 0, 16;
T_0.39 ;
    %jmp T_0.37;
T_0.36 ;
    %load/vec4 v0x151690700_0;
    %flag_set/vec4 8;
    %jmp/0xz  T_0.40, 8;
    %pushi/vec4 1, 0, 16;
    %ix/getv 4, v0x151690850_0;
    %shiftl 4;
    %store/vec4 v0x1516907a0_0, 0, 16;
T_0.40 ;
T_0.37 ;
    %jmp T_0.27;
T_0.1 ;
    %load/vec4 v0x1516902e0_0;
    %flag_set/vec4 8;
    %jmp/0xz  T_0.42, 8;
    %load/vec4 v0x1516904d0_0;
    %parti/s 4, 23, 6;
    %store/vec4 v0x151690850_0, 0, 4;
T_0.42 ;
    %load/vec4 v0x151690370_0;
    %flag_set/vec4 8;
    %jmp/0xz  T_0.44, 8;
    %load/vec4 v0x1516904d0_0;
    %parti/s 4, 19, 6;
    %store/vec4 v0x151690850_0, 0, 4;
T_0.44 ;
    %load/vec4 v0x151690250_0;
    %flag_set/vec4 8;
    %jmp/0xz  T_0.46, 8;
    %load/vec4 v0x1516904d0_0;
    %parti/s 1, 18, 6;
    %replicate 13;
    %load/vec4 v0x1516904d0_0;
    %parti/s 19, 0, 2;
    %concat/vec4; draw_concat_vec4
    %store/vec4 v0x1516901c0_0, 0, 32;
T_0.46 ;
    %load/vec4 v0x151690560_0;
    %flag_set/vec4 8;
    %jmp/0xz  T_0.48, 8;
    %pushi/vec4 1, 0, 16;
    %ix/getv 4, v0x151690850_0;
    %shiftl 4;
    %store/vec4 v0x1516905f0_0, 0, 16;
T_0.48 ;
    %load/vec4 v0x151690110_0;
    %flag_set/vec4 8;
    %jmp/0xz  T_0.50, 8;
    %load/vec4 v0x1516904d0_0;
    %parti/s 4, 19, 6;
    %cmpi/e 0, 0, 4;
    %jmp/0xz  T_0.52, 4;
    %pushi/vec4 1, 0, 16;
    %store/vec4 v0x1516907a0_0, 0, 16;
    %jmp T_0.53;
T_0.52 ;
    %pushi/vec4 1, 0, 16;
    %load/vec4 v0x1516904d0_0;
    %parti/s 4, 19, 6;
    %ix/vec4 4;
    %shiftl 4;
    %store/vec4 v0x1516907a0_0, 0, 16;
T_0.53 ;
    %jmp T_0.51;
T_0.50 ;
    %load/vec4 v0x151690700_0;
    %flag_set/vec4 8;
    %jmp/0xz  T_0.54, 8;
    %pushi/vec4 1, 0, 16;
    %ix/getv 4, v0x151690850_0;
    %shiftl 4;
    %store/vec4 v0x1516907a0_0, 0, 16;
T_0.54 ;
T_0.51 ;
    %jmp T_0.27;
T_0.2 ;
    %load/vec4 v0x1516902e0_0;
    %flag_set/vec4 8;
    %jmp/0xz  T_0.56, 8;
    %load/vec4 v0x1516904d0_0;
    %parti/s 4, 23, 6;
    %store/vec4 v0x151690850_0, 0, 4;
T_0.56 ;
    %load/vec4 v0x151690370_0;
    %flag_set/vec4 8;
    %jmp/0xz  T_0.58, 8;
    %load/vec4 v0x1516904d0_0;
    %parti/s 4, 19, 6;
    %store/vec4 v0x151690850_0, 0, 4;
T_0.58 ;
    %load/vec4 v0x151690250_0;
    %flag_set/vec4 8;
    %jmp/0xz  T_0.60, 8;
    %load/vec4 v0x1516904d0_0;
    %parti/s 1, 18, 6;
    %replicate 13;
    %load/vec4 v0x1516904d0_0;
    %parti/s 19, 0, 2;
    %concat/vec4; draw_concat_vec4
    %store/vec4 v0x1516901c0_0, 0, 32;
T_0.60 ;
    %load/vec4 v0x151690560_0;
    %flag_set/vec4 8;
    %jmp/0xz  T_0.62, 8;
    %pushi/vec4 1, 0, 16;
    %ix/getv 4, v0x151690850_0;
    %shiftl 4;
    %store/vec4 v0x1516905f0_0, 0, 16;
T_0.62 ;
    %load/vec4 v0x151690110_0;
    %flag_set/vec4 8;
    %jmp/0xz  T_0.64, 8;
    %load/vec4 v0x1516904d0_0;
    %parti/s 4, 19, 6;
    %cmpi/e 0, 0, 4;
    %jmp/0xz  T_0.66, 4;
    %pushi/vec4 1, 0, 16;
    %store/vec4 v0x1516907a0_0, 0, 16;
    %jmp T_0.67;
T_0.66 ;
    %pushi/vec4 1, 0, 16;
    %load/vec4 v0x1516904d0_0;
    %parti/s 4, 19, 6;
    %ix/vec4 4;
    %shiftl 4;
    %store/vec4 v0x1516907a0_0, 0, 16;
T_0.67 ;
    %jmp T_0.65;
T_0.64 ;
    %load/vec4 v0x151690700_0;
    %flag_set/vec4 8;
    %jmp/0xz  T_0.68, 8;
    %pushi/vec4 1, 0, 16;
    %ix/getv 4, v0x151690850_0;
    %shiftl 4;
    %store/vec4 v0x1516907a0_0, 0, 16;
T_0.68 ;
T_0.65 ;
    %jmp T_0.27;
T_0.3 ;
    %load/vec4 v0x1516902e0_0;
    %flag_set/vec4 8;
    %jmp/0xz  T_0.70, 8;
    %load/vec4 v0x1516904d0_0;
    %parti/s 4, 23, 6;
    %store/vec4 v0x151690850_0, 0, 4;
T_0.70 ;
    %load/vec4 v0x151690370_0;
    %flag_set/vec4 8;
    %jmp/0xz  T_0.72, 8;
    %load/vec4 v0x1516904d0_0;
    %parti/s 4, 19, 6;
    %store/vec4 v0x151690850_0, 0, 4;
T_0.72 ;
    %load/vec4 v0x151690440_0;
    %flag_set/vec4 8;
    %jmp/0xz  T_0.74, 8;
    %load/vec4 v0x1516904d0_0;
    %parti/s 4, 15, 5;
    %store/vec4 v0x151690850_0, 0, 4;
T_0.74 ;
    %load/vec4 v0x151690560_0;
    %flag_set/vec4 8;
    %jmp/0xz  T_0.76, 8;
    %pushi/vec4 1, 0, 16;
    %ix/getv 4, v0x151690850_0;
    %shiftl 4;
    %store/vec4 v0x1516905f0_0, 0, 16;
T_0.76 ;
    %load/vec4 v0x151690700_0;
    %flag_set/vec4 8;
    %jmp/0xz  T_0.78, 8;
    %pushi/vec4 1, 0, 16;
    %ix/getv 4, v0x151690850_0;
    %shiftl 4;
    %store/vec4 v0x1516907a0_0, 0, 16;
T_0.78 ;
    %jmp T_0.27;
T_0.4 ;
    %load/vec4 v0x1516902e0_0;
    %flag_set/vec4 8;
    %jmp/0xz  T_0.80, 8;
    %load/vec4 v0x1516904d0_0;
    %parti/s 4, 23, 6;
    %store/vec4 v0x151690850_0, 0, 4;
T_0.80 ;
    %load/vec4 v0x151690370_0;
    %flag_set/vec4 8;
    %jmp/0xz  T_0.82, 8;
    %load/vec4 v0x1516904d0_0;
    %parti/s 4, 19, 6;
    %store/vec4 v0x151690850_0, 0, 4;
T_0.82 ;
    %load/vec4 v0x151690440_0;
    %flag_set/vec4 8;
    %jmp/0xz  T_0.84, 8;
    %load/vec4 v0x1516904d0_0;
    %parti/s 4, 15, 5;
    %store/vec4 v0x151690850_0, 0, 4;
T_0.84 ;
    %load/vec4 v0x151690560_0;
    %flag_set/vec4 8;
    %jmp/0xz  T_0.86, 8;
    %pushi/vec4 1, 0, 16;
    %ix/getv 4, v0x151690850_0;
    %shiftl 4;
    %store/vec4 v0x1516905f0_0, 0, 16;
T_0.86 ;
    %load/vec4 v0x151690700_0;
    %flag_set/vec4 8;
    %jmp/0xz  T_0.88, 8;
    %pushi/vec4 1, 0, 16;
    %ix/getv 4, v0x151690850_0;
    %shiftl 4;
    %store/vec4 v0x1516907a0_0, 0, 16;
T_0.88 ;
    %jmp T_0.27;
T_0.5 ;
    %load/vec4 v0x1516902e0_0;
    %flag_set/vec4 8;
    %jmp/0xz  T_0.90, 8;
    %load/vec4 v0x1516904d0_0;
    %parti/s 4, 23, 6;
    %store/vec4 v0x151690850_0, 0, 4;
T_0.90 ;
    %load/vec4 v0x151690370_0;
    %flag_set/vec4 8;
    %jmp/0xz  T_0.92, 8;
    %load/vec4 v0x1516904d0_0;
    %parti/s 4, 19, 6;
    %store/vec4 v0x151690850_0, 0, 4;
T_0.92 ;
    %load/vec4 v0x151690440_0;
    %flag_set/vec4 8;
    %jmp/0xz  T_0.94, 8;
    %load/vec4 v0x1516904d0_0;
    %parti/s 4, 15, 5;
    %store/vec4 v0x151690850_0, 0, 4;
T_0.94 ;
    %load/vec4 v0x151690560_0;
    %flag_set/vec4 8;
    %jmp/0xz  T_0.96, 8;
    %pushi/vec4 1, 0, 16;
    %ix/getv 4, v0x151690850_0;
    %shiftl 4;
    %store/vec4 v0x1516905f0_0, 0, 16;
T_0.96 ;
    %load/vec4 v0x151690700_0;
    %flag_set/vec4 8;
    %jmp/0xz  T_0.98, 8;
    %pushi/vec4 1, 0, 16;
    %ix/getv 4, v0x151690850_0;
    %shiftl 4;
    %store/vec4 v0x1516907a0_0, 0, 16;
T_0.98 ;
    %jmp T_0.27;
T_0.6 ;
    %load/vec4 v0x1516902e0_0;
    %flag_set/vec4 8;
    %jmp/0xz  T_0.100, 8;
    %load/vec4 v0x1516904d0_0;
    %parti/s 4, 23, 6;
    %store/vec4 v0x151690850_0, 0, 4;
T_0.100 ;
    %load/vec4 v0x151690370_0;
    %flag_set/vec4 8;
    %jmp/0xz  T_0.102, 8;
    %load/vec4 v0x1516904d0_0;
    %parti/s 4, 19, 6;
    %store/vec4 v0x151690850_0, 0, 4;
T_0.102 ;
    %load/vec4 v0x151690440_0;
    %flag_set/vec4 8;
    %jmp/0xz  T_0.104, 8;
    %load/vec4 v0x1516904d0_0;
    %parti/s 4, 15, 5;
    %store/vec4 v0x151690850_0, 0, 4;
T_0.104 ;
    %load/vec4 v0x151690560_0;
    %flag_set/vec4 8;
    %jmp/0xz  T_0.106, 8;
    %pushi/vec4 1, 0, 16;
    %ix/getv 4, v0x151690850_0;
    %shiftl 4;
    %store/vec4 v0x1516905f0_0, 0, 16;
T_0.106 ;
    %load/vec4 v0x151690700_0;
    %flag_set/vec4 8;
    %jmp/0xz  T_0.108, 8;
    %pushi/vec4 1, 0, 16;
    %ix/getv 4, v0x151690850_0;
    %shiftl 4;
    %store/vec4 v0x1516907a0_0, 0, 16;
T_0.108 ;
    %jmp T_0.27;
T_0.7 ;
    %load/vec4 v0x1516902e0_0;
    %flag_set/vec4 8;
    %jmp/0xz  T_0.110, 8;
    %load/vec4 v0x1516904d0_0;
    %parti/s 4, 23, 6;
    %store/vec4 v0x151690850_0, 0, 4;
T_0.110 ;
    %load/vec4 v0x151690370_0;
    %flag_set/vec4 8;
    %jmp/0xz  T_0.112, 8;
    %load/vec4 v0x1516904d0_0;
    %parti/s 4, 19, 6;
    %store/vec4 v0x151690850_0, 0, 4;
T_0.112 ;
    %load/vec4 v0x151690440_0;
    %flag_set/vec4 8;
    %jmp/0xz  T_0.114, 8;
    %load/vec4 v0x1516904d0_0;
    %parti/s 4, 15, 5;
    %store/vec4 v0x151690850_0, 0, 4;
T_0.114 ;
    %load/vec4 v0x151690560_0;
    %flag_set/vec4 8;
    %jmp/0xz  T_0.116, 8;
    %pushi/vec4 1, 0, 16;
    %ix/getv 4, v0x151690850_0;
    %shiftl 4;
    %store/vec4 v0x1516905f0_0, 0, 16;
T_0.116 ;
    %load/vec4 v0x151690700_0;
    %flag_set/vec4 8;
    %jmp/0xz  T_0.118, 8;
    %pushi/vec4 1, 0, 16;
    %ix/getv 4, v0x151690850_0;
    %shiftl 4;
    %store/vec4 v0x1516907a0_0, 0, 16;
T_0.118 ;
    %jmp T_0.27;
T_0.8 ;
    %load/vec4 v0x1516902e0_0;
    %flag_set/vec4 8;
    %jmp/0xz  T_0.120, 8;
    %load/vec4 v0x1516904d0_0;
    %parti/s 4, 23, 6;
    %store/vec4 v0x151690850_0, 0, 4;
T_0.120 ;
    %load/vec4 v0x151690370_0;
    %flag_set/vec4 8;
    %jmp/0xz  T_0.122, 8;
    %load/vec4 v0x1516904d0_0;
    %parti/s 4, 19, 6;
    %store/vec4 v0x151690850_0, 0, 4;
T_0.122 ;
    %load/vec4 v0x151690440_0;
    %flag_set/vec4 8;
    %jmp/0xz  T_0.124, 8;
    %load/vec4 v0x1516904d0_0;
    %parti/s 4, 15, 5;
    %store/vec4 v0x151690850_0, 0, 4;
T_0.124 ;
    %load/vec4 v0x151690560_0;
    %flag_set/vec4 8;
    %jmp/0xz  T_0.126, 8;
    %pushi/vec4 1, 0, 16;
    %ix/getv 4, v0x151690850_0;
    %shiftl 4;
    %store/vec4 v0x1516905f0_0, 0, 16;
T_0.126 ;
    %load/vec4 v0x151690700_0;
    %flag_set/vec4 8;
    %jmp/0xz  T_0.128, 8;
    %pushi/vec4 1, 0, 16;
    %ix/getv 4, v0x151690850_0;
    %shiftl 4;
    %store/vec4 v0x1516907a0_0, 0, 16;
T_0.128 ;
    %jmp T_0.27;
T_0.9 ;
    %load/vec4 v0x1516902e0_0;
    %flag_set/vec4 8;
    %jmp/0xz  T_0.130, 8;
    %load/vec4 v0x1516904d0_0;
    %parti/s 4, 23, 6;
    %store/vec4 v0x151690850_0, 0, 4;
T_0.130 ;
    %load/vec4 v0x151690370_0;
    %flag_set/vec4 8;
    %jmp/0xz  T_0.132, 8;
    %load/vec4 v0x1516904d0_0;
    %parti/s 4, 19, 6;
    %store/vec4 v0x151690850_0, 0, 4;
T_0.132 ;
    %load/vec4 v0x151690440_0;
    %flag_set/vec4 8;
    %jmp/0xz  T_0.134, 8;
    %load/vec4 v0x1516904d0_0;
    %parti/s 4, 15, 5;
    %store/vec4 v0x151690850_0, 0, 4;
T_0.134 ;
    %load/vec4 v0x151690560_0;
    %flag_set/vec4 8;
    %jmp/0xz  T_0.136, 8;
    %pushi/vec4 1, 0, 16;
    %ix/getv 4, v0x151690850_0;
    %shiftl 4;
    %store/vec4 v0x1516905f0_0, 0, 16;
T_0.136 ;
    %load/vec4 v0x151690700_0;
    %flag_set/vec4 8;
    %jmp/0xz  T_0.138, 8;
    %pushi/vec4 1, 0, 16;
    %ix/getv 4, v0x151690850_0;
    %shiftl 4;
    %store/vec4 v0x1516907a0_0, 0, 16;
T_0.138 ;
    %jmp T_0.27;
T_0.10 ;
    %load/vec4 v0x1516902e0_0;
    %flag_set/vec4 8;
    %jmp/0xz  T_0.140, 8;
    %load/vec4 v0x1516904d0_0;
    %parti/s 4, 23, 6;
    %store/vec4 v0x151690850_0, 0, 4;
T_0.140 ;
    %load/vec4 v0x151690370_0;
    %flag_set/vec4 8;
    %jmp/0xz  T_0.142, 8;
    %load/vec4 v0x1516904d0_0;
    %parti/s 4, 19, 6;
    %store/vec4 v0x151690850_0, 0, 4;
T_0.142 ;
    %load/vec4 v0x151690440_0;
    %flag_set/vec4 8;
    %jmp/0xz  T_0.144, 8;
    %load/vec4 v0x1516904d0_0;
    %parti/s 4, 15, 5;
    %store/vec4 v0x151690850_0, 0, 4;
T_0.144 ;
    %load/vec4 v0x151690560_0;
    %flag_set/vec4 8;
    %jmp/0xz  T_0.146, 8;
    %pushi/vec4 1, 0, 16;
    %ix/getv 4, v0x151690850_0;
    %shiftl 4;
    %store/vec4 v0x1516905f0_0, 0, 16;
T_0.146 ;
    %load/vec4 v0x151690700_0;
    %flag_set/vec4 8;
    %jmp/0xz  T_0.148, 8;
    %pushi/vec4 1, 0, 16;
    %ix/getv 4, v0x151690850_0;
    %shiftl 4;
    %store/vec4 v0x1516907a0_0, 0, 16;
T_0.148 ;
    %jmp T_0.27;
T_0.11 ;
    %load/vec4 v0x1516902e0_0;
    %flag_set/vec4 8;
    %jmp/0xz  T_0.150, 8;
    %load/vec4 v0x1516904d0_0;
    %parti/s 4, 23, 6;
    %store/vec4 v0x151690850_0, 0, 4;
T_0.150 ;
    %load/vec4 v0x151690370_0;
    %flag_set/vec4 8;
    %jmp/0xz  T_0.152, 8;
    %load/vec4 v0x1516904d0_0;
    %parti/s 4, 19, 6;
    %store/vec4 v0x151690850_0, 0, 4;
T_0.152 ;
    %load/vec4 v0x151690440_0;
    %flag_set/vec4 8;
    %jmp/0xz  T_0.154, 8;
    %load/vec4 v0x1516904d0_0;
    %parti/s 4, 15, 5;
    %store/vec4 v0x151690850_0, 0, 4;
T_0.154 ;
    %load/vec4 v0x151690560_0;
    %flag_set/vec4 8;
    %jmp/0xz  T_0.156, 8;
    %pushi/vec4 1, 0, 16;
    %ix/getv 4, v0x151690850_0;
    %shiftl 4;
    %store/vec4 v0x1516905f0_0, 0, 16;
T_0.156 ;
    %load/vec4 v0x151690700_0;
    %flag_set/vec4 8;
    %jmp/0xz  T_0.158, 8;
    %pushi/vec4 1, 0, 16;
    %ix/getv 4, v0x151690850_0;
    %shiftl 4;
    %store/vec4 v0x1516907a0_0, 0, 16;
T_0.158 ;
    %jmp T_0.27;
T_0.12 ;
    %load/vec4 v0x1516902e0_0;
    %flag_set/vec4 8;
    %jmp/0xz  T_0.160, 8;
    %load/vec4 v0x1516904d0_0;
    %parti/s 4, 23, 6;
    %store/vec4 v0x151690850_0, 0, 4;
T_0.160 ;
    %load/vec4 v0x151690370_0;
    %flag_set/vec4 8;
    %jmp/0xz  T_0.162, 8;
    %load/vec4 v0x1516904d0_0;
    %parti/s 4, 19, 6;
    %store/vec4 v0x151690850_0, 0, 4;
T_0.162 ;
    %load/vec4 v0x151690250_0;
    %flag_set/vec4 8;
    %jmp/0xz  T_0.164, 8;
    %load/vec4 v0x1516904d0_0;
    %parti/s 1, 18, 6;
    %replicate 13;
    %load/vec4 v0x1516904d0_0;
    %parti/s 19, 0, 2;
    %concat/vec4; draw_concat_vec4
    %store/vec4 v0x1516901c0_0, 0, 32;
T_0.164 ;
    %load/vec4 v0x151690560_0;
    %flag_set/vec4 8;
    %jmp/0xz  T_0.166, 8;
    %pushi/vec4 1, 0, 16;
    %ix/getv 4, v0x151690850_0;
    %shiftl 4;
    %store/vec4 v0x1516905f0_0, 0, 16;
T_0.166 ;
    %load/vec4 v0x151690700_0;
    %flag_set/vec4 8;
    %jmp/0xz  T_0.168, 8;
    %pushi/vec4 1, 0, 16;
    %ix/getv 4, v0x151690850_0;
    %shiftl 4;
    %store/vec4 v0x1516907a0_0, 0, 16;
T_0.168 ;
    %jmp T_0.27;
T_0.13 ;
    %load/vec4 v0x1516902e0_0;
    %flag_set/vec4 8;
    %jmp/0xz  T_0.170, 8;
    %load/vec4 v0x1516904d0_0;
    %parti/s 4, 23, 6;
    %store/vec4 v0x151690850_0, 0, 4;
T_0.170 ;
    %load/vec4 v0x151690370_0;
    %flag_set/vec4 8;
    %jmp/0xz  T_0.172, 8;
    %load/vec4 v0x1516904d0_0;
    %parti/s 4, 19, 6;
    %store/vec4 v0x151690850_0, 0, 4;
T_0.172 ;
    %load/vec4 v0x151690250_0;
    %flag_set/vec4 8;
    %jmp/0xz  T_0.174, 8;
    %load/vec4 v0x1516904d0_0;
    %parti/s 1, 18, 6;
    %replicate 13;
    %load/vec4 v0x1516904d0_0;
    %parti/s 19, 0, 2;
    %concat/vec4; draw_concat_vec4
    %store/vec4 v0x1516901c0_0, 0, 32;
T_0.174 ;
    %load/vec4 v0x151690560_0;
    %flag_set/vec4 8;
    %jmp/0xz  T_0.176, 8;
    %pushi/vec4 1, 0, 16;
    %ix/getv 4, v0x151690850_0;
    %shiftl 4;
    %store/vec4 v0x1516905f0_0, 0, 16;
T_0.176 ;
    %load/vec4 v0x151690700_0;
    %flag_set/vec4 8;
    %jmp/0xz  T_0.178, 8;
    %pushi/vec4 1, 0, 16;
    %ix/getv 4, v0x151690850_0;
    %shiftl 4;
    %store/vec4 v0x1516907a0_0, 0, 16;
T_0.178 ;
    %jmp T_0.27;
T_0.14 ;
    %load/vec4 v0x1516902e0_0;
    %flag_set/vec4 8;
    %jmp/0xz  T_0.180, 8;
    %load/vec4 v0x1516904d0_0;
    %parti/s 4, 23, 6;
    %store/vec4 v0x151690850_0, 0, 4;
T_0.180 ;
    %load/vec4 v0x151690370_0;
    %flag_set/vec4 8;
    %jmp/0xz  T_0.182, 8;
    %load/vec4 v0x1516904d0_0;
    %parti/s 4, 19, 6;
    %store/vec4 v0x151690850_0, 0, 4;
T_0.182 ;
    %load/vec4 v0x151690250_0;
    %flag_set/vec4 8;
    %jmp/0xz  T_0.184, 8;
    %load/vec4 v0x1516904d0_0;
    %parti/s 1, 18, 6;
    %replicate 13;
    %load/vec4 v0x1516904d0_0;
    %parti/s 19, 0, 2;
    %concat/vec4; draw_concat_vec4
    %store/vec4 v0x1516901c0_0, 0, 32;
T_0.184 ;
    %load/vec4 v0x151690560_0;
    %flag_set/vec4 8;
    %jmp/0xz  T_0.186, 8;
    %pushi/vec4 1, 0, 16;
    %ix/getv 4, v0x151690850_0;
    %shiftl 4;
    %store/vec4 v0x1516905f0_0, 0, 16;
T_0.186 ;
    %load/vec4 v0x151690700_0;
    %flag_set/vec4 8;
    %jmp/0xz  T_0.188, 8;
    %pushi/vec4 1, 0, 16;
    %ix/getv 4, v0x151690850_0;
    %shiftl 4;
    %store/vec4 v0x1516907a0_0, 0, 16;
T_0.188 ;
    %jmp T_0.27;
T_0.15 ;
    %load/vec4 v0x1516902e0_0;
    %flag_set/vec4 8;
    %jmp/0xz  T_0.190, 8;
    %load/vec4 v0x1516904d0_0;
    %parti/s 4, 23, 6;
    %store/vec4 v0x151690850_0, 0, 4;
T_0.190 ;
    %load/vec4 v0x151690370_0;
    %flag_set/vec4 8;
    %jmp/0xz  T_0.192, 8;
    %load/vec4 v0x1516904d0_0;
    %parti/s 4, 19, 6;
    %store/vec4 v0x151690850_0, 0, 4;
T_0.192 ;
    %load/vec4 v0x151690560_0;
    %flag_set/vec4 8;
    %jmp/0xz  T_0.194, 8;
    %pushi/vec4 1, 0, 16;
    %ix/getv 4, v0x151690850_0;
    %shiftl 4;
    %store/vec4 v0x1516905f0_0, 0, 16;
T_0.194 ;
    %load/vec4 v0x151690700_0;
    %flag_set/vec4 8;
    %jmp/0xz  T_0.196, 8;
    %pushi/vec4 1, 0, 16;
    %ix/getv 4, v0x151690850_0;
    %shiftl 4;
    %store/vec4 v0x1516907a0_0, 0, 16;
T_0.196 ;
    %jmp T_0.27;
T_0.16 ;
    %load/vec4 v0x1516902e0_0;
    %flag_set/vec4 8;
    %jmp/0xz  T_0.198, 8;
    %load/vec4 v0x1516904d0_0;
    %parti/s 4, 23, 6;
    %store/vec4 v0x151690850_0, 0, 4;
T_0.198 ;
    %load/vec4 v0x151690370_0;
    %flag_set/vec4 8;
    %jmp/0xz  T_0.200, 8;
    %load/vec4 v0x1516904d0_0;
    %parti/s 4, 19, 6;
    %store/vec4 v0x151690850_0, 0, 4;
T_0.200 ;
    %load/vec4 v0x151690560_0;
    %flag_set/vec4 8;
    %jmp/0xz  T_0.202, 8;
    %pushi/vec4 1, 0, 16;
    %ix/getv 4, v0x151690850_0;
    %shiftl 4;
    %store/vec4 v0x1516905f0_0, 0, 16;
T_0.202 ;
    %load/vec4 v0x151690700_0;
    %flag_set/vec4 8;
    %jmp/0xz  T_0.204, 8;
    %pushi/vec4 1, 0, 16;
    %ix/getv 4, v0x151690850_0;
    %shiftl 4;
    %store/vec4 v0x1516907a0_0, 0, 16;
T_0.204 ;
    %jmp T_0.27;
T_0.17 ;
    %load/vec4 v0x1516902e0_0;
    %flag_set/vec4 8;
    %jmp/0xz  T_0.206, 8;
    %load/vec4 v0x1516904d0_0;
    %parti/s 4, 23, 6;
    %store/vec4 v0x151690850_0, 0, 4;
T_0.206 ;
    %load/vec4 v0x151690370_0;
    %flag_set/vec4 8;
    %jmp/0xz  T_0.208, 8;
    %load/vec4 v0x1516904d0_0;
    %parti/s 4, 19, 6;
    %store/vec4 v0x151690850_0, 0, 4;
T_0.208 ;
    %load/vec4 v0x151690560_0;
    %flag_set/vec4 8;
    %jmp/0xz  T_0.210, 8;
    %pushi/vec4 1, 0, 16;
    %ix/getv 4, v0x151690850_0;
    %shiftl 4;
    %store/vec4 v0x1516905f0_0, 0, 16;
T_0.210 ;
    %load/vec4 v0x151690700_0;
    %flag_set/vec4 8;
    %jmp/0xz  T_0.212, 8;
    %pushi/vec4 1, 0, 16;
    %ix/getv 4, v0x151690850_0;
    %shiftl 4;
    %store/vec4 v0x1516907a0_0, 0, 16;
T_0.212 ;
    %jmp T_0.27;
T_0.18 ;
    %load/vec4 v0x1516902e0_0;
    %flag_set/vec4 8;
    %jmp/0xz  T_0.214, 8;
    %load/vec4 v0x1516904d0_0;
    %parti/s 4, 23, 6;
    %store/vec4 v0x151690850_0, 0, 4;
T_0.214 ;
    %load/vec4 v0x151690370_0;
    %flag_set/vec4 8;
    %jmp/0xz  T_0.216, 8;
    %load/vec4 v0x1516904d0_0;
    %parti/s 4, 19, 6;
    %store/vec4 v0x151690850_0, 0, 4;
T_0.216 ;
    %load/vec4 v0x151690560_0;
    %flag_set/vec4 8;
    %jmp/0xz  T_0.218, 8;
    %pushi/vec4 1, 0, 16;
    %ix/getv 4, v0x151690850_0;
    %shiftl 4;
    %store/vec4 v0x1516905f0_0, 0, 16;
T_0.218 ;
    %load/vec4 v0x151690700_0;
    %flag_set/vec4 8;
    %jmp/0xz  T_0.220, 8;
    %pushi/vec4 1, 0, 16;
    %ix/getv 4, v0x151690850_0;
    %shiftl 4;
    %store/vec4 v0x1516907a0_0, 0, 16;
T_0.220 ;
    %jmp T_0.27;
T_0.19 ;
    %load/vec4 v0x1516902e0_0;
    %flag_set/vec4 8;
    %jmp/0xz  T_0.222, 8;
    %load/vec4 v0x1516904d0_0;
    %parti/s 4, 23, 6;
    %store/vec4 v0x151690850_0, 0, 4;
T_0.222 ;
    %load/vec4 v0x151690560_0;
    %flag_set/vec4 8;
    %jmp/0xz  T_0.224, 8;
    %pushi/vec4 1, 0, 16;
    %ix/getv 4, v0x151690850_0;
    %shiftl 4;
    %store/vec4 v0x1516905f0_0, 0, 16;
T_0.224 ;
    %load/vec4 v0x151690700_0;
    %flag_set/vec4 8;
    %jmp/0xz  T_0.226, 8;
    %pushi/vec4 1, 0, 16;
    %ix/getv 4, v0x151690850_0;
    %shiftl 4;
    %store/vec4 v0x1516907a0_0, 0, 16;
T_0.226 ;
    %jmp T_0.27;
T_0.20 ;
    %load/vec4 v0x1516902e0_0;
    %flag_set/vec4 8;
    %jmp/0xz  T_0.228, 8;
    %load/vec4 v0x1516904d0_0;
    %parti/s 4, 23, 6;
    %store/vec4 v0x151690850_0, 0, 4;
T_0.228 ;
    %load/vec4 v0x151690560_0;
    %flag_set/vec4 8;
    %jmp/0xz  T_0.230, 8;
    %pushi/vec4 1, 0, 16;
    %ix/getv 4, v0x151690850_0;
    %shiftl 4;
    %store/vec4 v0x1516905f0_0, 0, 16;
T_0.230 ;
    %load/vec4 v0x151690700_0;
    %flag_set/vec4 8;
    %jmp/0xz  T_0.232, 8;
    %pushi/vec4 1, 0, 16;
    %ix/getv 4, v0x151690850_0;
    %shiftl 4;
    %store/vec4 v0x1516907a0_0, 0, 16;
T_0.232 ;
    %jmp T_0.27;
T_0.21 ;
    %load/vec4 v0x1516902e0_0;
    %flag_set/vec4 8;
    %jmp/0xz  T_0.234, 8;
    %load/vec4 v0x1516904d0_0;
    %parti/s 4, 23, 6;
    %store/vec4 v0x151690850_0, 0, 4;
T_0.234 ;
    %load/vec4 v0x151690560_0;
    %flag_set/vec4 8;
    %jmp/0xz  T_0.236, 8;
    %pushi/vec4 1, 0, 16;
    %ix/getv 4, v0x151690850_0;
    %shiftl 4;
    %store/vec4 v0x1516905f0_0, 0, 16;
T_0.236 ;
    %load/vec4 v0x151690700_0;
    %flag_set/vec4 8;
    %jmp/0xz  T_0.238, 8;
    %pushi/vec4 1, 0, 16;
    %ix/getv 4, v0x151690850_0;
    %shiftl 4;
    %store/vec4 v0x1516907a0_0, 0, 16;
T_0.238 ;
    %jmp T_0.27;
T_0.22 ;
    %load/vec4 v0x1516902e0_0;
    %flag_set/vec4 8;
    %jmp/0xz  T_0.240, 8;
    %load/vec4 v0x1516904d0_0;
    %parti/s 4, 23, 6;
    %store/vec4 v0x151690850_0, 0, 4;
T_0.240 ;
    %load/vec4 v0x151690560_0;
    %flag_set/vec4 8;
    %jmp/0xz  T_0.242, 8;
    %pushi/vec4 1, 0, 16;
    %ix/getv 4, v0x151690850_0;
    %shiftl 4;
    %store/vec4 v0x1516905f0_0, 0, 16;
T_0.242 ;
    %load/vec4 v0x151690700_0;
    %flag_set/vec4 8;
    %jmp/0xz  T_0.244, 8;
    %pushi/vec4 1, 0, 16;
    %ix/getv 4, v0x151690850_0;
    %shiftl 4;
    %store/vec4 v0x1516907a0_0, 0, 16;
T_0.244 ;
    %jmp T_0.27;
T_0.23 ;
    %load/vec4 v0x1516902e0_0;
    %flag_set/vec4 8;
    %jmp/0xz  T_0.246, 8;
    %load/vec4 v0x1516904d0_0;
    %parti/s 4, 23, 6;
    %store/vec4 v0x151690850_0, 0, 4;
T_0.246 ;
    %load/vec4 v0x151690560_0;
    %flag_set/vec4 8;
    %jmp/0xz  T_0.248, 8;
    %pushi/vec4 1, 0, 16;
    %ix/getv 4, v0x151690850_0;
    %shiftl 4;
    %store/vec4 v0x1516905f0_0, 0, 16;
T_0.248 ;
    %load/vec4 v0x151690700_0;
    %flag_set/vec4 8;
    %jmp/0xz  T_0.250, 8;
    %pushi/vec4 1, 0, 16;
    %ix/getv 4, v0x151690850_0;
    %shiftl 4;
    %store/vec4 v0x1516907a0_0, 0, 16;
T_0.250 ;
    %jmp T_0.27;
T_0.24 ;
    %load/vec4 v0x1516902e0_0;
    %flag_set/vec4 8;
    %jmp/0xz  T_0.252, 8;
    %load/vec4 v0x1516904d0_0;
    %parti/s 4, 23, 6;
    %store/vec4 v0x151690850_0, 0, 4;
T_0.252 ;
    %load/vec4 v0x151690560_0;
    %flag_set/vec4 8;
    %jmp/0xz  T_0.254, 8;
    %pushi/vec4 1, 0, 16;
    %ix/getv 4, v0x151690850_0;
    %shiftl 4;
    %store/vec4 v0x1516905f0_0, 0, 16;
T_0.254 ;
    %load/vec4 v0x151690700_0;
    %flag_set/vec4 8;
    %jmp/0xz  T_0.256, 8;
    %pushi/vec4 1, 0, 16;
    %ix/getv 4, v0x151690850_0;
    %shiftl 4;
    %store/vec4 v0x1516907a0_0, 0, 16;
T_0.256 ;
    %jmp T_0.27;
T_0.25 ;
    %load/vec4 v0x1516902e0_0;
    %flag_set/vec4 8;
    %jmp/0xz  T_0.258, 8;
    %load/vec4 v0x1516904d0_0;
    %parti/s 4, 23, 6;
    %store/vec4 v0x151690850_0, 0, 4;
T_0.258 ;
    %load/vec4 v0x151690560_0;
    %flag_set/vec4 8;
    %jmp/0xz  T_0.260, 8;
    %pushi/vec4 1, 0, 16;
    %ix/getv 4, v0x151690850_0;
    %shiftl 4;
    %store/vec4 v0x1516905f0_0, 0, 16;
T_0.260 ;
    %load/vec4 v0x151690700_0;
    %flag_set/vec4 8;
    %jmp/0xz  T_0.262, 8;
    %pushi/vec4 1, 0, 16;
    %ix/getv 4, v0x151690850_0;
    %shiftl 4;
    %store/vec4 v0x1516907a0_0, 0, 16;
T_0.262 ;
    %jmp T_0.27;
T_0.27 ;
    %pop/vec4 1;
    %jmp T_0;
    .thread T_0, $push;
    .scope S_0x151687960;
T_1 ;
    %pushi/vec4 0, 0, 32;
    %store/vec4 v0x151688170_0, 0, 32;
    %end;
    .thread T_1;
    .scope S_0x151687960;
T_2 ;
    %wait E_0x151681640;
    %load/vec4 v0x151687ea0_0;
    %flag_set/vec4 8;
    %jmp/0xz  T_2.0, 8;
    %pushi/vec4 0, 0, 32;
    %assign/vec4 v0x151688170_0, 0;
    %jmp T_2.1;
T_2.0 ;
    %load/vec4 v0x1516880e0_0;
    %flag_set/vec4 8;
    %jmp/0xz  T_2.2, 8;
    %load/vec4 v0x151687fc0_0;
    %assign/vec4 v0x151688170_0, 0;
T_2.2 ;
T_2.1 ;
    %jmp T_2;
    .thread T_2;
    .scope S_0x1516882b0;
T_3 ;
    %pushi/vec4 0, 0, 32;
    %store/vec4 v0x151688b20_0, 0, 32;
    %end;
    .thread T_3;
    .scope S_0x1516882b0;
T_4 ;
    %wait E_0x151681640;
    %load/vec4 v0x151688640_0;
    %flag_set/vec4 8;
    %jmp/0xz  T_4.0, 8;
    %pushi/vec4 0, 0, 32;
    %assign/vec4 v0x151688b20_0, 0;
    %jmp T_4.1;
T_4.0 ;
    %load/vec4 v0x151688a90_0;
    %flag_set/vec4 8;
    %jmp/0xz  T_4.2, 8;
    %load/vec4 v0x151688970_0;
    %assign/vec4 v0x151688b20_0, 0;
T_4.2 ;
T_4.1 ;
    %jmp T_4;
    .thread T_4;
    .scope S_0x15168bc50;
T_5 ;
    %pushi/vec4 0, 0, 32;
    %store/vec4 v0x15168c320_0, 0, 32;
    %end;
    .thread T_5;
    .scope S_0x15168bc50;
T_6 ;
    %wait E_0x151681640;
    %load/vec4 v0x15168bfc0_0;
    %flag_set/vec4 8;
    %jmp/0xz  T_6.0, 8;
    %pushi/vec4 0, 0, 32;
    %assign/vec4 v0x15168c320_0, 0;
    %jmp T_6.1;
T_6.0 ;
    %load/vec4 v0x15168c250_0;
    %flag_set/vec4 8;
    %jmp/0xz  T_6.2, 8;
    %load/vec4 v0x15168c0f0_0;
    %assign/vec4 v0x15168c320_0, 0;
T_6.2 ;
T_6.1 ;
    %jmp T_6;
    .thread T_6;
    .scope S_0x15168c450;
T_7 ;
    %pushi/vec4 0, 0, 32;
    %store/vec4 v0x15168cd70_0, 0, 32;
    %end;
    .thread T_7;
    .scope S_0x15168c450;
T_8 ;
    %wait E_0x151681640;
    %load/vec4 v0x15168c7c0_0;
    %flag_set/vec4 8;
    %jmp/0xz  T_8.0, 8;
    %pushi/vec4 0, 0, 32;
    %assign/vec4 v0x15168cd70_0, 0;
    %jmp T_8.1;
T_8.0 ;
    %load/vec4 v0x15168cce0_0;
    %flag_set/vec4 8;
    %jmp/0xz  T_8.2, 8;
    %load/vec4 v0x151688870_0;
    %assign/vec4 v0x15168cd70_0, 0;
T_8.2 ;
T_8.1 ;
    %jmp T_8;
    .thread T_8;
    .scope S_0x15168ce50;
T_9 ;
    %pushi/vec4 0, 0, 32;
    %store/vec4 v0x15168d3a0_0, 0, 32;
    %end;
    .thread T_9;
    .scope S_0x15168ce50;
T_10 ;
    %wait E_0x151681640;
    %load/vec4 v0x15168d1c0_0;
    %flag_set/vec4 8;
    %jmp/0xz  T_10.0, 8;
    %pushi/vec4 0, 0, 32;
    %assign/vec4 v0x15168d3a0_0, 0;
    %jmp T_10.1;
T_10.0 ;
    %load/vec4 v0x151681940_0;
    %flag_set/vec4 8;
    %jmp/0xz  T_10.2, 8;
    %load/vec4 v0x15168d2f0_0;
    %assign/vec4 v0x15168d3a0_0, 0;
T_10.2 ;
T_10.1 ;
    %jmp T_10;
    .thread T_10;
    .scope S_0x15168d450;
T_11 ;
    %pushi/vec4 0, 0, 32;
    %store/vec4 v0x15168db20_0, 0, 32;
    %end;
    .thread T_11;
    .scope S_0x15168d450;
T_12 ;
    %wait E_0x151681640;
    %load/vec4 v0x15168d7c0_0;
    %flag_set/vec4 8;
    %jmp/0xz  T_12.0, 8;
    %pushi/vec4 0, 0, 32;
    %assign/vec4 v0x15168db20_0, 0;
    %jmp T_12.1;
T_12.0 ;
    %load/vec4 v0x15168da50_0;
    %flag_set/vec4 8;
    %jmp/0xz  T_12.2, 8;
    %load/vec4 v0x15168d8f0_0;
    %assign/vec4 v0x15168db20_0, 0;
T_12.2 ;
T_12.1 ;
    %jmp T_12;
    .thread T_12;
    .scope S_0x15168dc50;
T_13 ;
    %pushi/vec4 0, 0, 32;
    %store/vec4 v0x15168e320_0, 0, 32;
    %end;
    .thread T_13;
    .scope S_0x15168dc50;
T_14 ;
    %wait E_0x151681640;
    %load/vec4 v0x15168dfc0_0;
    %flag_set/vec4 8;
    %jmp/0xz  T_14.0, 8;
    %pushi/vec4 0, 0, 32;
    %assign/vec4 v0x15168e320_0, 0;
    %jmp T_14.1;
T_14.0 ;
    %load/vec4 v0x15168e250_0;
    %flag_set/vec4 8;
    %jmp/0xz  T_14.2, 8;
    %load/vec4 v0x15168e0f0_0;
    %assign/vec4 v0x15168e320_0, 0;
T_14.2 ;
T_14.1 ;
    %jmp T_14;
    .thread T_14;
    .scope S_0x15168e450;
T_15 ;
    %pushi/vec4 0, 0, 32;
    %store/vec4 v0x15168eb20_0, 0, 32;
    %end;
    .thread T_15;
    .scope S_0x15168e450;
T_16 ;
    %wait E_0x151681640;
    %load/vec4 v0x15168e7c0_0;
    %flag_set/vec4 8;
    %jmp/0xz  T_16.0, 8;
    %pushi/vec4 0, 0, 32;
    %assign/vec4 v0x15168eb20_0, 0;
    %jmp T_16.1;
T_16.0 ;
    %load/vec4 v0x15168ea50_0;
    %flag_set/vec4 8;
    %jmp/0xz  T_16.2, 8;
    %load/vec4 v0x15168e8f0_0;
    %assign/vec4 v0x15168eb20_0, 0;
T_16.2 ;
T_16.1 ;
    %jmp T_16;
    .thread T_16;
    .scope S_0x15168ec50;
T_17 ;
    %pushi/vec4 0, 0, 32;
    %store/vec4 v0x15168f320_0, 0, 32;
    %end;
    .thread T_17;
    .scope S_0x15168ec50;
T_18 ;
    %wait E_0x151681640;
    %load/vec4 v0x15168efc0_0;
    %flag_set/vec4 8;
    %jmp/0xz  T_18.0, 8;
    %pushi/vec4 0, 0, 32;
    %assign/vec4 v0x15168f320_0, 0;
    %jmp T_18.1;
T_18.0 ;
    %load/vec4 v0x15168f250_0;
    %flag_set/vec4 8;
    %jmp/0xz  T_18.2, 8;
    %load/vec4 v0x15168f0f0_0;
    %assign/vec4 v0x15168f320_0, 0;
T_18.2 ;
T_18.1 ;
    %jmp T_18;
    .thread T_18;
    .scope S_0x15168f450;
T_19 ;
    %pushi/vec4 0, 0, 32;
    %store/vec4 v0x15168fb20_0, 0, 32;
    %end;
    .thread T_19;
    .scope S_0x15168f450;
T_20 ;
    %wait E_0x151681640;
    %load/vec4 v0x15168f7c0_0;
    %flag_set/vec4 8;
    %jmp/0xz  T_20.0, 8;
    %pushi/vec4 0, 0, 32;
    %assign/vec4 v0x15168fb20_0, 0;
    %jmp T_20.1;
T_20.0 ;
    %load/vec4 v0x15168fa50_0;
    %flag_set/vec4 8;
    %jmp/0xz  T_20.2, 8;
    %load/vec4 v0x15168f8f0_0;
    %assign/vec4 v0x15168fb20_0, 0;
T_20.2 ;
T_20.1 ;
    %jmp T_20;
    .thread T_20;
    .scope S_0x151688bd0;
T_21 ;
    %pushi/vec4 0, 0, 32;
    %store/vec4 v0x1516892a0_0, 0, 32;
    %end;
    .thread T_21;
    .scope S_0x151688bd0;
T_22 ;
    %wait E_0x151681640;
    %load/vec4 v0x151688f40_0;
    %flag_set/vec4 8;
    %jmp/0xz  T_22.0, 8;
    %pushi/vec4 0, 0, 32;
    %assign/vec4 v0x1516892a0_0, 0;
    %jmp T_22.1;
T_22.0 ;
    %load/vec4 v0x1516891d0_0;
    %flag_set/vec4 8;
    %jmp/0xz  T_22.2, 8;
    %load/vec4 v0x151689070_0;
    %assign/vec4 v0x1516892a0_0, 0;
T_22.2 ;
T_22.1 ;
    %jmp T_22;
    .thread T_22;
    .scope S_0x1516893d0;
T_23 ;
    %pushi/vec4 0, 0, 32;
    %store/vec4 v0x151689aa0_0, 0, 32;
    %end;
    .thread T_23;
    .scope S_0x1516893d0;
T_24 ;
    %wait E_0x151681640;
    %load/vec4 v0x151689740_0;
    %flag_set/vec4 8;
    %jmp/0xz  T_24.0, 8;
    %pushi/vec4 0, 0, 32;
    %assign/vec4 v0x151689aa0_0, 0;
    %jmp T_24.1;
T_24.0 ;
    %load/vec4 v0x1516899d0_0;
    %flag_set/vec4 8;
    %jmp/0xz  T_24.2, 8;
    %load/vec4 v0x151689870_0;
    %assign/vec4 v0x151689aa0_0, 0;
T_24.2 ;
T_24.1 ;
    %jmp T_24;
    .thread T_24;
    .scope S_0x151689bd0;
T_25 ;
    %pushi/vec4 0, 0, 32;
    %store/vec4 v0x15168a2a0_0, 0, 32;
    %end;
    .thread T_25;
    .scope S_0x151689bd0;
T_26 ;
    %wait E_0x151681640;
    %load/vec4 v0x151689f40_0;
    %flag_set/vec4 8;
    %jmp/0xz  T_26.0, 8;
    %pushi/vec4 0, 0, 32;
    %assign/vec4 v0x15168a2a0_0, 0;
    %jmp T_26.1;
T_26.0 ;
    %load/vec4 v0x15168a1d0_0;
    %flag_set/vec4 8;
    %jmp/0xz  T_26.2, 8;
    %load/vec4 v0x15168a070_0;
    %assign/vec4 v0x15168a2a0_0, 0;
T_26.2 ;
T_26.1 ;
    %jmp T_26;
    .thread T_26;
    .scope S_0x15168a3d0;
T_27 ;
    %pushi/vec4 0, 0, 32;
    %store/vec4 v0x15168aaa0_0, 0, 32;
    %end;
    .thread T_27;
    .scope S_0x15168a3d0;
T_28 ;
    %wait E_0x151681640;
    %load/vec4 v0x15168a740_0;
    %flag_set/vec4 8;
    %jmp/0xz  T_28.0, 8;
    %pushi/vec4 0, 0, 32;
    %assign/vec4 v0x15168aaa0_0, 0;
    %jmp T_28.1;
T_28.0 ;
    %load/vec4 v0x15168a9d0_0;
    %flag_set/vec4 8;
    %jmp/0xz  T_28.2, 8;
    %load/vec4 v0x15168a870_0;
    %assign/vec4 v0x15168aaa0_0, 0;
T_28.2 ;
T_28.1 ;
    %jmp T_28;
    .thread T_28;
    .scope S_0x15168abd0;
T_29 ;
    %pushi/vec4 0, 0, 32;
    %store/vec4 v0x15168b320_0, 0, 32;
    %end;
    .thread T_29;
    .scope S_0x15168abd0;
T_30 ;
    %wait E_0x151681640;
    %load/vec4 v0x15168afc0_0;
    %flag_set/vec4 8;
    %jmp/0xz  T_30.0, 8;
    %pushi/vec4 0, 0, 32;
    %assign/vec4 v0x15168b320_0, 0;
    %jmp T_30.1;
T_30.0 ;
    %load/vec4 v0x15168b250_0;
    %flag_set/vec4 8;
    %jmp/0xz  T_30.2, 8;
    %load/vec4 v0x15168b0f0_0;
    %assign/vec4 v0x15168b320_0, 0;
T_30.2 ;
T_30.1 ;
    %jmp T_30;
    .thread T_30;
    .scope S_0x15168b450;
T_31 ;
    %pushi/vec4 0, 0, 32;
    %store/vec4 v0x15168bb20_0, 0, 32;
    %end;
    .thread T_31;
    .scope S_0x15168b450;
T_32 ;
    %wait E_0x151681640;
    %load/vec4 v0x15168b7c0_0;
    %flag_set/vec4 8;
    %jmp/0xz  T_32.0, 8;
    %pushi/vec4 0, 0, 32;
    %assign/vec4 v0x15168bb20_0, 0;
    %jmp T_32.1;
T_32.0 ;
    %load/vec4 v0x15168ba50_0;
    %flag_set/vec4 8;
    %jmp/0xz  T_32.2, 8;
    %load/vec4 v0x15168b8f0_0;
    %assign/vec4 v0x15168bb20_0, 0;
T_32.2 ;
T_32.1 ;
    %jmp T_32;
    .thread T_32;
    .scope S_0x1516846f0;
T_33 ;
    %pushi/vec4 0, 0, 32;
    %store/vec4 v0x151684f60_0, 0, 32;
    %end;
    .thread T_33;
    .scope S_0x1516846f0;
T_34 ;
    %wait E_0x151681640;
    %load/vec4 v0x151684c90_0;
    %flag_set/vec4 8;
    %jmp/0xz  T_34.0, 8;
    %pushi/vec4 0, 0, 32;
    %assign/vec4 v0x151684f60_0, 0;
    %jmp T_34.1;
T_34.0 ;
    %load/vec4 v0x151684ed0_0;
    %flag_set/vec4 8;
    %jmp/0xz  T_34.2, 8;
    %load/vec4 v0x151684db0_0;
    %assign/vec4 v0x151684f60_0, 0;
T_34.2 ;
T_34.1 ;
    %jmp T_34;
    .thread T_34;
    .scope S_0x151682480;
T_35 ;
    %pushi/vec4 0, 0, 32;
    %store/vec4 v0x151682bb0_0, 0, 32;
    %end;
    .thread T_35;
    .scope S_0x151682480;
T_36 ;
    %wait E_0x151681640;
    %load/vec4 v0x151682800_0;
    %flag_set/vec4 8;
    %jmp/0xz  T_36.0, 8;
    %pushi/vec4 0, 0, 32;
    %assign/vec4 v0x151682bb0_0, 0;
    %jmp T_36.1;
T_36.0 ;
    %load/vec4 v0x151682ae0_0;
    %flag_set/vec4 8;
    %jmp/0xz  T_36.2, 8;
    %load/vec4 v0x1516829c0_0;
    %assign/vec4 v0x151682bb0_0, 0;
T_36.2 ;
T_36.1 ;
    %jmp T_36;
    .thread T_36;
    .scope S_0x151691a40;
T_37 ;
    %pushi/vec4 0, 0, 32;
    %store/vec4 v0x151692120_0, 0, 32;
    %end;
    .thread T_37;
    .scope S_0x151691a40;
T_38 ;
    %wait E_0x151681640;
    %load/vec4 v0x151691db0_0;
    %flag_set/vec4 8;
    %jmp/0xz  T_38.0, 8;
    %pushi/vec4 0, 0, 32;
    %assign/vec4 v0x151692120_0, 0;
    %jmp T_38.1;
T_38.0 ;
    %load/vec4 v0x151692050_0;
    %flag_set/vec4 8;
    %jmp/0xz  T_38.2, 8;
    %load/vec4 v0x151691ee0_0;
    %assign/vec4 v0x151692120_0, 0;
T_38.2 ;
T_38.1 ;
    %jmp T_38;
    .thread T_38;
    .scope S_0x151691210;
T_39 ;
    %pushi/vec4 0, 0, 32;
    %store/vec4 v0x151691910_0, 0, 32;
    %end;
    .thread T_39;
    .scope S_0x151691210;
T_40 ;
    %wait E_0x151681640;
    %load/vec4 v0x1516915a0_0;
    %flag_set/vec4 8;
    %jmp/0xz  T_40.0, 8;
    %pushi/vec4 0, 0, 32;
    %assign/vec4 v0x151691910_0, 0;
    %jmp T_40.1;
T_40.0 ;
    %load/vec4 v0x151691840_0;
    %flag_set/vec4 8;
    %jmp/0xz  T_40.2, 8;
    %load/vec4 v0x1516916d0_0;
    %assign/vec4 v0x151691910_0, 0;
T_40.2 ;
T_40.1 ;
    %jmp T_40;
    .thread T_40;
    .scope S_0x15167e9c0;
T_41 ;
    %pushi/vec4 0, 0, 32;
    %store/vec4 v0x151681b20_0, 0, 32;
    %end;
    .thread T_41;
    .scope S_0x15167e9c0;
T_42 ;
    %wait E_0x151681640;
    %load/vec4 v0x151681690_0;
    %flag_set/vec4 8;
    %jmp/0xz  T_42.0, 8;
    %pushi/vec4 0, 0, 32;
    %assign/vec4 v0x151681b20_0, 0;
    %jmp T_42.1;
T_42.0 ;
    %load/vec4 v0x151681a90_0;
    %flag_set/vec4 8;
    %jmp/0xz  T_42.2, 8;
    %load/vec4 v0x1516817e0_0;
    %assign/vec4 v0x151681b20_0, 0;
T_42.2 ;
T_42.1 ;
    %jmp T_42;
    .thread T_42;
    .scope S_0x151682ce0;
T_43 ;
    %pushi/vec4 0, 0, 32;
    %store/vec4 v0x1516833b0_0, 0, 32;
    %end;
    .thread T_43;
    .scope S_0x151682ce0;
T_44 ;
    %wait E_0x151681640;
    %load/vec4 v0x151683050_0;
    %flag_set/vec4 8;
    %jmp/0xz  T_44.0, 8;
    %pushi/vec4 0, 0, 32;
    %assign/vec4 v0x1516833b0_0, 0;
    %jmp T_44.1;
T_44.0 ;
    %load/vec4 v0x1516832e0_0;
    %flag_set/vec4 8;
    %jmp/0xz  T_44.2, 8;
    %load/vec4 v0x151683180_0;
    %assign/vec4 v0x1516833b0_0, 0;
T_44.2 ;
T_44.1 ;
    %jmp T_44;
    .thread T_44;
    .scope S_0x151681c50;
T_45 ;
    %pushi/vec4 0, 0, 32;
    %store/vec4 v0x151682350_0, 0, 32;
    %end;
    .thread T_45;
    .scope S_0x151681c50;
T_46 ;
    %wait E_0x151681640;
    %load/vec4 v0x151681fc0_0;
    %flag_set/vec4 8;
    %jmp/0xz  T_46.0, 8;
    %pushi/vec4 0, 0, 32;
    %assign/vec4 v0x151682350_0, 0;
    %jmp T_46.1;
T_46.0 ;
    %load/vec4 v0x151682280_0;
    %flag_set/vec4 8;
    %jmp/0xz  T_46.2, 8;
    %load/vec4 v0x151682120_0;
    %assign/vec4 v0x151682350_0, 0;
T_46.2 ;
T_46.1 ;
    %jmp T_46;
    .thread T_46;
    .scope S_0x151690a10;
T_47 ;
    %pushi/vec4 0, 0, 32;
    %store/vec4 v0x151691170_0, 0, 32;
    %end;
    .thread T_47;
    .scope S_0x151690a10;
T_48 ;
    %wait E_0x151681640;
    %load/vec4 v0x151690d20_0;
    %flag_set/vec4 8;
    %jmp/0xz  T_48.0, 8;
    %pushi/vec4 0, 0, 32;
    %assign/vec4 v0x151691170_0, 0;
    %jmp T_48.1;
T_48.0 ;
    %load/vec4 v0x1516910a0_0;
    %flag_set/vec4 8;
    %jmp/0xz  T_48.2, 8;
    %load/vec4 v0x151690e60_0;
    %assign/vec4 v0x151691170_0, 0;
T_48.2 ;
T_48.1 ;
    %jmp T_48;
    .thread T_48;
    .scope S_0x151641aa0;
T_49 ;
    %wait E_0x151641d90;
    %load/vec4 v0x1516420c0_0;
    %parti/s 1, 31, 6;
    %store/vec4 v0x151642190_0, 0, 1;
    %load/vec4 v0x1516422c0_0;
    %parti/s 1, 31, 6;
    %store/vec4 v0x151642360_0, 0, 1;
    %load/vec4 v0x151642190_0;
    %flag_set/vec4 8;
    %jmp/0xz  T_49.0, 8;
    %load/vec4 v0x1516420c0_0;
    %inv;
    %addi 1, 0, 32;
    %store/vec4 v0x151642220_0, 0, 32;
    %jmp T_49.1;
T_49.0 ;
    %load/vec4 v0x1516420c0_0;
    %store/vec4 v0x151642220_0, 0, 32;
T_49.1 ;
    %load/vec4 v0x151642360_0;
    %flag_set/vec4 8;
    %jmp/0xz  T_49.2, 8;
    %load/vec4 v0x1516422c0_0;
    %inv;
    %addi 1, 0, 32;
    %store/vec4 v0x151642470_0, 0, 32;
    %jmp T_49.3;
T_49.2 ;
    %load/vec4 v0x1516422c0_0;
    %store/vec4 v0x151642470_0, 0, 32;
T_49.3 ;
    %pushi/vec4 0, 0, 65;
    %store/vec4 v0x151641e40_0, 0, 65;
    %load/vec4 v0x151642470_0;
    %store/vec4 v0x151641fa0_0, 0, 32;
    %pushi/vec4 0, 0, 1;
    %store/vec4 v0x151642030_0, 0, 1;
    %load/vec4 v0x151642220_0;
    %pad/u 33;
    %store/vec4 v0x151641f00_0, 0, 33;
    %pushi/vec4 0, 0, 32;
    %store/vec4 v0x1516425c0_0, 0, 32;
T_49.4 ;
    %load/vec4 v0x1516425c0_0;
    %cmpi/s 32, 0, 32;
    %jmp/0xz T_49.5, 5;
    %load/vec4 v0x151641fa0_0;
    %parti/s 1, 0, 2;
    %load/vec4 v0x151642030_0;
    %concat/vec4; draw_concat_vec4
    %dup/vec4;
    %pushi/vec4 1, 0, 2;
    %cmp/u;
    %jmp/1 T_49.6, 6;
    %dup/vec4;
    %pushi/vec4 2, 0, 2;
    %cmp/u;
    %jmp/1 T_49.7, 6;
    %load/vec4 v0x151641e40_0;
    %store/vec4 v0x151641e40_0, 0, 65;
    %jmp T_49.9;
T_49.6 ;
    %load/vec4 v0x151641e40_0;
    %load/vec4 v0x151641f00_0;
    %pad/u 65;
    %add;
    %store/vec4 v0x151641e40_0, 0, 65;
    %jmp T_49.9;
T_49.7 ;
    %load/vec4 v0x151641e40_0;
    %load/vec4 v0x151641f00_0;
    %pad/u 65;
    %sub;
    %store/vec4 v0x151641e40_0, 0, 65;
    %jmp T_49.9;
T_49.9 ;
    %pop/vec4 1;
    %load/vec4 v0x151641fa0_0;
    %parti/s 1, 0, 2;
    %store/vec4 v0x151642030_0, 0, 1;
    %load/vec4 v0x151641e40_0;
    %parti/s 1, 0, 2;
    %load/vec4 v0x151641fa0_0;
    %parti/s 31, 1, 2;
    %concat/vec4; draw_concat_vec4
    %store/vec4 v0x151641fa0_0, 0, 32;
    %load/vec4 v0x151641e40_0;
    %parti/s 1, 32, 7;
    %load/vec4 v0x151641e40_0;
    %parti/s 64, 1, 2;
    %concat/vec4; draw_concat_vec4
    %store/vec4 v0x151641e40_0, 0, 65;
    %load/vec4 v0x1516425c0_0;
    %addi 1, 0, 32;
    %store/vec4 v0x1516425c0_0, 0, 32;
    %jmp T_49.4;
T_49.5 ;
    %load/vec4 v0x151641e40_0;
    %parti/s 64, 0, 2;
    %load/vec4 v0x151641fa0_0;
    %concat/vec4; draw_concat_vec4
    %pad/u 64;
    %store/vec4 v0x151642710_0, 0, 64;
    %load/vec4 v0x151642190_0;
    %load/vec4 v0x151642360_0;
    %xor;
    %store/vec4 v0x151642670_0, 0, 1;
    %load/vec4 v0x151642670_0;
    %flag_set/vec4 8;
    %jmp/0xz  T_49.10, 8;
    %load/vec4 v0x151642710_0;
    %inv;
    %addi 1, 0, 64;
    %store/vec4 v0x151642510_0, 0, 64;
    %jmp T_49.11;
T_49.10 ;
    %load/vec4 v0x151642710_0;
    %store/vec4 v0x151642510_0, 0, 64;
T_49.11 ;
    %jmp T_49;
    .thread T_49, $push;
    .scope S_0x151640f60;
T_50 ;
    %wait E_0x1516412b0;
    %load/vec4 v0x151641330_0;
    %parti/s 1, 31, 6;
    %store/vec4 v0x1516415d0_0, 0, 1;
    %load/vec4 v0x151641420_0;
    %parti/s 1, 31, 6;
    %store/vec4 v0x151641740_0, 0, 1;
    %load/vec4 v0x1516415d0_0;
    %flag_set/vec4 8;
    %jmp/0xz  T_50.0, 8;
    %load/vec4 v0x151641330_0;
    %pad/u 64;
    %inv;
    %addi 1, 0, 64;
    %store/vec4 v0x151641540_0, 0, 64;
    %jmp T_50.1;
T_50.0 ;
    %load/vec4 v0x151641330_0;
    %pad/u 64;
    %store/vec4 v0x151641540_0, 0, 64;
T_50.1 ;
    %load/vec4 v0x151641740_0;
    %flag_set/vec4 8;
    %jmp/0xz  T_50.2, 8;
    %load/vec4 v0x151641420_0;
    %inv;
    %addi 1, 0, 32;
    %store/vec4 v0x1516416a0_0, 0, 32;
    %jmp T_50.3;
T_50.2 ;
    %load/vec4 v0x151641420_0;
    %store/vec4 v0x1516416a0_0, 0, 32;
T_50.3 ;
    %load/vec4 v0x151641540_0;
    %concati/vec4 0, 0, 32;
    %pad/u 64;
    %store/vec4 v0x151641540_0, 0, 64;
    %pushi/vec4 0, 0, 32;
    %store/vec4 v0x151641890_0, 0, 32;
    %pushi/vec4 0, 0, 32;
    %store/vec4 v0x1516419a0_0, 0, 32;
    %load/vec4 v0x151641540_0;
    %concati/vec4 0, 0, 32;
    %pad/u 64;
    %store/vec4 v0x151641540_0, 0, 64;
    %pushi/vec4 0, 0, 32;
    %store/vec4 v0x1516417e0_0, 0, 32;
T_50.4 ;
    %load/vec4 v0x1516417e0_0;
    %cmpi/s 32, 0, 32;
    %jmp/0xz T_50.5, 5;
    %load/vec4 v0x1516419a0_0;
    %parti/s 31, 0, 2;
    %load/vec4 v0x151641540_0;
    %parti/s 1, 63, 7;
    %concat/vec4; draw_concat_vec4
    %store/vec4 v0x1516419a0_0, 0, 32;
    %load/vec4 v0x151641540_0;
    %ix/load 4, 1, 0;
    %flag_set/imm 4, 0;
    %shiftl 4;
    %store/vec4 v0x151641540_0, 0, 64;
    %load/vec4 v0x1516419a0_0;
    %parti/s 1, 31, 6;
    %pad/u 32;
    %cmpi/e 0, 0, 32;
    %jmp/0xz  T_50.6, 4;
    %load/vec4 v0x1516419a0_0;
    %load/vec4 v0x1516416a0_0;
    %sub;
    %store/vec4 v0x1516419a0_0, 0, 32;
    %jmp T_50.7;
T_50.6 ;
    %load/vec4 v0x1516419a0_0;
    %load/vec4 v0x1516416a0_0;
    %add;
    %store/vec4 v0x1516419a0_0, 0, 32;
T_50.7 ;
    %load/vec4 v0x1516419a0_0;
    %parti/s 1, 31, 6;
    %pad/u 32;
    %cmpi/e 0, 0, 32;
    %jmp/0xz  T_50.8, 4;
    %load/vec4 v0x151641890_0;
    %pushi/vec4 1, 0, 32;
    %pushi/vec4 31, 0, 32;
    %load/vec4 v0x1516417e0_0;
    %sub;
    %ix/vec4 4;
    %shiftl 4;
    %or;
    %store/vec4 v0x151641890_0, 0, 32;
T_50.8 ;
    %load/vec4 v0x1516417e0_0;
    %addi 1, 0, 32;
    %store/vec4 v0x1516417e0_0, 0, 32;
    %jmp T_50.4;
T_50.5 ;
    %load/vec4 v0x1516419a0_0;
    %parti/s 1, 31, 6;
    %pad/u 32;
    %cmpi/e 1, 0, 32;
    %jmp/0xz  T_50.10, 4;
    %load/vec4 v0x1516419a0_0;
    %load/vec4 v0x1516416a0_0;
    %add;
    %store/vec4 v0x1516419a0_0, 0, 32;
T_50.10 ;
    %load/vec4 v0x1516415d0_0;
    %load/vec4 v0x151641740_0;
    %xor;
    %flag_set/vec4 8;
    %jmp/0xz  T_50.12, 8;
    %load/vec4 v0x151641890_0;
    %inv;
    %addi 1, 0, 32;
    %store/vec4 v0x151641890_0, 0, 32;
T_50.12 ;
    %load/vec4 v0x1516415d0_0;
    %flag_set/vec4 8;
    %jmp/0xz  T_50.14, 8;
    %load/vec4 v0x1516419a0_0;
    %inv;
    %addi 1, 0, 32;
    %store/vec4 v0x1516419a0_0, 0, 32;
T_50.14 ;
    %load/vec4 v0x151641890_0;
    %load/vec4 v0x1516419a0_0;
    %concat/vec4; draw_concat_vec4
    %store/vec4 v0x1516414b0_0, 0, 64;
    %jmp T_50;
    .thread T_50, $push;
    .scope S_0x151615a20;
T_51 ;
    %wait E_0x15160ca80;
    %load/vec4 v0x15167dbc0_0;
    %dup/vec4;
    %pushi/vec4 3, 0, 5;
    %cmp/u;
    %jmp/1 T_51.0, 6;
    %dup/vec4;
    %pushi/vec4 4, 0, 5;
    %cmp/u;
    %jmp/1 T_51.1, 6;
    %dup/vec4;
    %pushi/vec4 5, 0, 5;
    %cmp/u;
    %jmp/1 T_51.2, 6;
    %dup/vec4;
    %pushi/vec4 6, 0, 5;
    %cmp/u;
    %jmp/1 T_51.3, 6;
    %dup/vec4;
    %pushi/vec4 7, 0, 5;
    %cmp/u;
    %jmp/1 T_51.4, 6;
    %dup/vec4;
    %pushi/vec4 8, 0, 5;
    %cmp/u;
    %jmp/1 T_51.5, 6;
    %dup/vec4;
    %pushi/vec4 9, 0, 5;
    %cmp/u;
    %jmp/1 T_51.6, 6;
    %dup/vec4;
    %pushi/vec4 10, 0, 5;
    %cmp/u;
    %jmp/1 T_51.7, 6;
    %dup/vec4;
    %pushi/vec4 11, 0, 5;
    %cmp/u;
    %jmp/1 T_51.8, 6;
    %dup/vec4;
    %pushi/vec4 15, 0, 5;
    %cmp/u;
    %jmp/1 T_51.9, 6;
    %dup/vec4;
    %pushi/vec4 16, 0, 5;
    %cmp/u;
    %jmp/1 T_51.10, 6;
    %dup/vec4;
    %pushi/vec4 17, 0, 5;
    %cmp/u;
    %jmp/1 T_51.11, 6;
    %dup/vec4;
    %pushi/vec4 18, 0, 5;
    %cmp/u;
    %jmp/1 T_51.12, 6;
    %dup/vec4;
    %pushi/vec4 19, 0, 5;
    %cmp/u;
    %jmp/1 T_51.13, 6;
    %pushi/vec4 0, 0, 32;
    %store/vec4 v0x15167e140_0, 0, 32;
    %jmp T_51.15;
T_51.0 ;
    %pushi/vec4 0, 0, 32;
    %load/vec4 v0x15167d990_0;
    %concat/vec4; draw_concat_vec4
    %pad/u 32;
    %store/vec4 v0x15167e140_0, 0, 32;
    %jmp T_51.15;
T_51.1 ;
    %pushi/vec4 0, 0, 32;
    %load/vec4 v0x15167e620_0;
    %concat/vec4; draw_concat_vec4
    %pad/u 32;
    %store/vec4 v0x15167e140_0, 0, 32;
    %jmp T_51.15;
T_51.2 ;
    %pushi/vec4 0, 0, 32;
    %load/vec4 v0x15167da40_0;
    %concat/vec4; draw_concat_vec4
    %pad/u 32;
    %store/vec4 v0x15167e140_0, 0, 32;
    %jmp T_51.15;
T_51.3 ;
    %pushi/vec4 0, 0, 32;
    %load/vec4 v0x15167dfe0_0;
    %concat/vec4; draw_concat_vec4
    %pad/u 32;
    %store/vec4 v0x15167e140_0, 0, 32;
    %jmp T_51.15;
T_51.4 ;
    %pushi/vec4 0, 0, 32;
    %load/vec4 v0x15167e2a0_0;
    %concat/vec4; draw_concat_vec4
    %pad/u 32;
    %store/vec4 v0x15167e140_0, 0, 32;
    %jmp T_51.15;
T_51.5 ;
    %pushi/vec4 0, 0, 32;
    %load/vec4 v0x15167e1e0_0;
    %concat/vec4; draw_concat_vec4
    %pad/u 32;
    %store/vec4 v0x15167e140_0, 0, 32;
    %jmp T_51.15;
T_51.6 ;
    %pushi/vec4 0, 0, 32;
    %load/vec4 v0x15167e500_0;
    %concat/vec4; draw_concat_vec4
    %pad/u 32;
    %store/vec4 v0x15167e140_0, 0, 32;
    %jmp T_51.15;
T_51.7 ;
    %pushi/vec4 0, 0, 32;
    %load/vec4 v0x15167e590_0;
    %concat/vec4; draw_concat_vec4
    %pad/u 32;
    %store/vec4 v0x15167e140_0, 0, 32;
    %jmp T_51.15;
T_51.8 ;
    %pushi/vec4 0, 0, 32;
    %load/vec4 v0x15167e350_0;
    %concat/vec4; draw_concat_vec4
    %pad/u 32;
    %store/vec4 v0x15167e140_0, 0, 32;
    %jmp T_51.15;
T_51.9 ;
    %load/vec4 v0x15167dcf0_0;
    %pad/u 32;
    %store/vec4 v0x15167e140_0, 0, 32;
    %jmp T_51.15;
T_51.10 ;
    %load/vec4 v0x15167dd90_0;
    %pad/u 32;
    %store/vec4 v0x15167e140_0, 0, 32;
    %jmp T_51.15;
T_51.11 ;
    %pushi/vec4 0, 0, 32;
    %load/vec4 v0x15167dec0_0;
    %concat/vec4; draw_concat_vec4
    %pad/u 32;
    %store/vec4 v0x15167e140_0, 0, 32;
    %jmp T_51.15;
T_51.12 ;
    %pushi/vec4 0, 0, 32;
    %load/vec4 v0x15167df50_0;
    %concat/vec4; draw_concat_vec4
    %pad/u 32;
    %store/vec4 v0x15167e140_0, 0, 32;
    %jmp T_51.15;
T_51.13 ;
    %pushi/vec4 0, 0, 32;
    %load/vec4 v0x15167e090_0;
    %concat/vec4; draw_concat_vec4
    %pad/u 32;
    %store/vec4 v0x15167e140_0, 0, 32;
    %jmp T_51.15;
T_51.15 ;
    %pop/vec4 1;
    %jmp T_51;
    .thread T_51, $push;
    .scope S_0x151615a20;
T_52 ;
    %wait E_0x15160ca40;
    %load/vec4 v0x15167e140_0;
    %pad/u 64;
    %store/vec4 v0x15167d830_0, 0, 64;
    %jmp T_52;
    .thread T_52, $push;
    .scope S_0x151683d60;
T_53 ;
    %pushi/vec4 0, 0, 32;
    %store/vec4 v0x151684150_0, 0, 32;
    %end;
    .thread T_53;
    .scope S_0x151683d60;
T_54 ;
    %wait E_0x151684110;
    %load/vec4 v0x1516845a0_0;
    %dup/vec4;
    %pushi/vec4 0, 0, 1;
    %cmp/u;
    %jmp/1 T_54.0, 6;
    %dup/vec4;
    %pushi/vec4 1, 0, 1;
    %cmp/u;
    %jmp/1 T_54.1, 6;
    %jmp T_54.2;
T_54.0 ;
    %load/vec4 v0x151684220_0;
    %store/vec4 v0x1516843d0_0, 0, 32;
    %jmp T_54.2;
T_54.1 ;
    %load/vec4 v0x1516844f0_0;
    %store/vec4 v0x1516843d0_0, 0, 32;
    %jmp T_54.2;
T_54.2 ;
    %pop/vec4 1;
    %jmp T_54;
    .thread T_54, $push;
    .scope S_0x151683d60;
T_55 ;
    %wait E_0x151681640;
    %load/vec4 v0x1516842b0_0;
    %flag_set/vec4 8;
    %jmp/0xz  T_55.0, 8;
    %pushi/vec4 0, 0, 32;
    %assign/vec4 v0x151684150_0, 0;
    %jmp T_55.1;
T_55.0 ;
    %load/vec4 v0x151684460_0;
    %flag_set/vec4 8;
    %jmp/0xz  T_55.2, 8;
    %load/vec4 v0x1516843d0_0;
    %assign/vec4 v0x151684150_0, 0;
T_55.2 ;
T_55.1 ;
    %jmp T_55;
    .thread T_55;
    .scope S_0x1516834e0;
T_56 ;
    %pushi/vec4 0, 0, 32;
    %store/vec4 v0x151683c30_0, 0, 32;
    %end;
    .thread T_56;
    .scope S_0x1516834e0;
T_57 ;
    %wait E_0x151681640;
    %load/vec4 v0x151683850_0;
    %flag_set/vec4 8;
    %jmp/0xz  T_57.0, 8;
    %pushi/vec4 0, 0, 32;
    %assign/vec4 v0x151683c30_0, 0;
    %jmp T_57.1;
T_57.0 ;
    %load/vec4 v0x151683ba0_0;
    %flag_set/vec4 8;
    %jmp/0xz  T_57.2, 8;
    %load/vec4 v0x151683a80_0;
    %assign/vec4 v0x151683c30_0, 0;
T_57.2 ;
T_57.1 ;
    %jmp T_57;
    .thread T_57;
    .scope S_0x1516850c0;
T_58 ;
    %pushi/vec4 0, 0, 32;
    %store/vec4 v0x151685620_0, 0, 32;
    %vpi_call 24 14 "$readmemh", "mem_init.hex", v0x1516856d0 {0 0 0};
    %end;
    .thread T_58;
    .scope S_0x1516850c0;
T_59 ;
    %wait E_0x151685430;
    %load/vec4 v0x151687840_0;
    %flag_set/vec4 8;
    %jmp/0xz  T_59.0, 8;
    %load/vec4 v0x151685550_0;
    %load/vec4 v0x151685480_0;
    %pad/u 11;
    %ix/vec4 3;
    %ix/load 4, 0, 0; Constant delay
    %assign/vec4/a/d v0x1516856d0, 0, 4;
    %load/vec4 v0x151685480_0;
    %pad/u 11;
    %ix/vec4 4;
    %load/vec4a v0x1516856d0, 4;
    %vpi_call 24 20 "$display", "Write: Address=%h, Data In=%h, Memory at Address=%h", v0x151685480_0, v0x151685550_0, S<0,vec4,u32> {1 0 0};
    %jmp T_59.1;
T_59.0 ;
    %load/vec4 v0x151687760_0;
    %flag_set/vec4 8;
    %jmp/0xz  T_59.2, 8;
    %load/vec4 v0x151685480_0;
    %pad/u 11;
    %ix/vec4 4;
    %load/vec4a v0x1516856d0, 4;
    %assign/vec4 v0x151685620_0, 0;
T_59.2 ;
T_59.1 ;
    %jmp T_59;
    .thread T_59, $push;
    .scope S_0x15167e6f0;
T_60 ;
    %pushi/vec4 0, 0, 32;
    %store/vec4 v0x151680f30_0, 0, 32;
    %end;
    .thread T_60;
    .scope S_0x15167e6f0;
T_61 ;
    %wait E_0x15167eb50;
    %load/vec4 v0x15167f5e0_0;
    %flag_set/vec4 8;
    %jmp/0xz  T_61.0, 8;
    %load/vec4 v0x15167f530_0;
    %store/vec4 v0x151680f30_0, 0, 32;
    %jmp T_61.1;
T_61.0 ;
    %load/vec4 v0x15167ffd0_0;
    %flag_set/vec4 8;
    %jmp/0xz  T_61.2, 8;
    %load/vec4 v0x15167f680_0;
    %store/vec4 v0x151680f30_0, 0, 32;
    %jmp T_61.3;
T_61.2 ;
    %load/vec4 v0x151680120_0;
    %flag_set/vec4 8;
    %jmp/0xz  T_61.4, 8;
    %load/vec4 v0x151680070_0;
    %store/vec4 v0x151680f30_0, 0, 32;
    %jmp T_61.5;
T_61.4 ;
    %load/vec4 v0x151680270_0;
    %flag_set/vec4 8;
    %jmp/0xz  T_61.6, 8;
    %load/vec4 v0x1516801c0_0;
    %store/vec4 v0x151680f30_0, 0, 32;
    %jmp T_61.7;
T_61.6 ;
    %load/vec4 v0x15167f890_0;
    %flag_set/vec4 8;
    %jmp/0xz  T_61.8, 8;
    %load/vec4 v0x151680310_0;
    %store/vec4 v0x151680f30_0, 0, 32;
    %jmp T_61.9;
T_61.8 ;
    %load/vec4 v0x151680630_0;
    %flag_set/vec4 8;
    %jmp/0xz  T_61.10, 8;
    %load/vec4 v0x1516805a0_0;
    %store/vec4 v0x151680f30_0, 0, 32;
    %jmp T_61.11;
T_61.10 ;
    %load/vec4 v0x151680760_0;
    %flag_set/vec4 8;
    %jmp/0xz  T_61.12, 8;
    %load/vec4 v0x1516806c0_0;
    %store/vec4 v0x151680f30_0, 0, 32;
    %jmp T_61.13;
T_61.12 ;
    %load/vec4 v0x1516808b0_0;
    %flag_set/vec4 8;
    %jmp/0xz  T_61.14, 8;
    %load/vec4 v0x151680800_0;
    %store/vec4 v0x151680f30_0, 0, 32;
    %jmp T_61.15;
T_61.14 ;
    %load/vec4 v0x151680a00_0;
    %flag_set/vec4 8;
    %jmp/0xz  T_61.16, 8;
    %load/vec4 v0x151680950_0;
    %store/vec4 v0x151680f30_0, 0, 32;
    %jmp T_61.17;
T_61.16 ;
    %load/vec4 v0x151680b50_0;
    %flag_set/vec4 8;
    %jmp/0xz  T_61.18, 8;
    %load/vec4 v0x151680aa0_0;
    %store/vec4 v0x151680f30_0, 0, 32;
    %jmp T_61.19;
T_61.18 ;
    %load/vec4 v0x15167f7e0_0;
    %flag_set/vec4 8;
    %jmp/0xz  T_61.20, 8;
    %load/vec4 v0x15167f730_0;
    %store/vec4 v0x151680f30_0, 0, 32;
    %jmp T_61.21;
T_61.20 ;
    %load/vec4 v0x15167fa00_0;
    %flag_set/vec4 8;
    %jmp/0xz  T_61.22, 8;
    %load/vec4 v0x15167f970_0;
    %store/vec4 v0x151680f30_0, 0, 32;
    %jmp T_61.23;
T_61.22 ;
    %load/vec4 v0x15167fb40_0;
    %flag_set/vec4 8;
    %jmp/0xz  T_61.24, 8;
    %load/vec4 v0x15167fa90_0;
    %store/vec4 v0x151680f30_0, 0, 32;
    %jmp T_61.25;
T_61.24 ;
    %load/vec4 v0x15167fc90_0;
    %flag_set/vec4 8;
    %jmp/0xz  T_61.26, 8;
    %load/vec4 v0x15167fbe0_0;
    %store/vec4 v0x151680f30_0, 0, 32;
    %jmp T_61.27;
T_61.26 ;
    %load/vec4 v0x15167fde0_0;
    %flag_set/vec4 8;
    %jmp/0xz  T_61.28, 8;
    %load/vec4 v0x15167fd30_0;
    %store/vec4 v0x151680f30_0, 0, 32;
    %jmp T_61.29;
T_61.28 ;
    %load/vec4 v0x15167ff30_0;
    %flag_set/vec4 8;
    %jmp/0xz  T_61.30, 8;
    %load/vec4 v0x15167fe80_0;
    %store/vec4 v0x151680f30_0, 0, 32;
    %jmp T_61.31;
T_61.30 ;
    %load/vec4 v0x15167f340_0;
    %flag_set/vec4 8;
    %jmp/0xz  T_61.32, 8;
    %load/vec4 v0x15167f230_0;
    %store/vec4 v0x151680f30_0, 0, 32;
    %jmp T_61.33;
T_61.32 ;
    %load/vec4 v0x15167ef00_0;
    %flag_set/vec4 8;
    %jmp/0xz  T_61.34, 8;
    %load/vec4 v0x15167ee70_0;
    %store/vec4 v0x151680f30_0, 0, 32;
    %jmp T_61.35;
T_61.34 ;
    %load/vec4 v0x15167f190_0;
    %flag_set/vec4 8;
    %jmp/0xz  T_61.36, 8;
    %load/vec4 v0x15167f0e0_0;
    %store/vec4 v0x151680f30_0, 0, 32;
    %jmp T_61.37;
T_61.36 ;
    %load/vec4 v0x151680ca0_0;
    %flag_set/vec4 8;
    %jmp/0xz  T_61.38, 8;
    %load/vec4 v0x151680bf0_0;
    %store/vec4 v0x151680f30_0, 0, 32;
    %jmp T_61.39;
T_61.38 ;
    %load/vec4 v0x151680df0_0;
    %flag_set/vec4 8;
    %jmp/0xz  T_61.40, 8;
    %load/vec4 v0x151680d40_0;
    %store/vec4 v0x151680f30_0, 0, 32;
    %jmp T_61.41;
T_61.40 ;
    %load/vec4 v0x15167f490_0;
    %flag_set/vec4 8;
    %jmp/0xz  T_61.42, 8;
    %load/vec4 v0x15167f3e0_0;
    %store/vec4 v0x151680f30_0, 0, 32;
    %jmp T_61.43;
T_61.42 ;
    %load/vec4 v0x15167f040_0;
    %flag_set/vec4 8;
    %jmp/0xz  T_61.44, 8;
    %load/vec4 v0x15167ef90_0;
    %store/vec4 v0x151680f30_0, 0, 32;
    %jmp T_61.45;
T_61.44 ;
    %load/vec4 v0x15167edd0_0;
    %flag_set/vec4 8;
    %jmp/0xz  T_61.46, 8;
    %load/vec4 v0x15167ed10_0;
    %store/vec4 v0x151680f30_0, 0, 32;
T_61.46 ;
T_61.45 ;
T_61.43 ;
T_61.41 ;
T_61.39 ;
T_61.37 ;
T_61.35 ;
T_61.33 ;
T_61.31 ;
T_61.29 ;
T_61.27 ;
T_61.25 ;
T_61.23 ;
T_61.21 ;
T_61.19 ;
T_61.17 ;
T_61.15 ;
T_61.13 ;
T_61.11 ;
T_61.9 ;
T_61.7 ;
T_61.5 ;
T_61.3 ;
T_61.1 ;
    %jmp T_61;
    .thread T_61, $push;
    .scope S_0x1516067e0;
T_62 ;
    %pushi/vec4 0, 0, 4;
    %store/vec4 v0x151696200_0, 0, 4;
    %end;
    .thread T_62;
    .scope S_0x1516067e0;
T_63 ;
    %pushi/vec4 0, 0, 1;
    %store/vec4 v0x1516952d0_0, 0, 1;
T_63.0 ;
    %delay 1000, 0;
    %load/vec4 v0x1516952d0_0;
    %inv;
    %store/vec4 v0x1516952d0_0, 0, 1;
    %jmp T_63.0;
    %end;
    .thread T_63;
    .scope S_0x1516067e0;
T_64 ;
    %wait E_0x151681640;
    %load/vec4 v0x151696200_0;
    %dup/vec4;
    %pushi/vec4 0, 0, 4;
    %cmp/u;
    %jmp/1 T_64.0, 6;
    %dup/vec4;
    %pushi/vec4 1, 0, 4;
    %cmp/u;
    %jmp/1 T_64.1, 6;
    %dup/vec4;
    %pushi/vec4 2, 0, 4;
    %cmp/u;
    %jmp/1 T_64.2, 6;
    %dup/vec4;
    %pushi/vec4 3, 0, 4;
    %cmp/u;
    %jmp/1 T_64.3, 6;
    %dup/vec4;
    %pushi/vec4 4, 0, 4;
    %cmp/u;
    %jmp/1 T_64.4, 6;
    %dup/vec4;
    %pushi/vec4 9, 0, 4;
    %cmp/u;
    %jmp/1 T_64.5, 6;
    %dup/vec4;
    %pushi/vec4 10, 0, 4;
    %cmp/u;
    %jmp/1 T_64.6, 6;
    %dup/vec4;
    %pushi/vec4 11, 0, 4;
    %cmp/u;
    %jmp/1 T_64.7, 6;
    %jmp T_64.8;
T_64.0 ;
    %pushi/vec4 1, 0, 4;
    %store/vec4 v0x151696200_0, 0, 4;
    %jmp T_64.8;
T_64.1 ;
    %pushi/vec4 2, 0, 4;
    %store/vec4 v0x151696200_0, 0, 4;
    %jmp T_64.8;
T_64.2 ;
    %pushi/vec4 3, 0, 4;
    %store/vec4 v0x151696200_0, 0, 4;
    %jmp T_64.8;
T_64.3 ;
    %pushi/vec4 4, 0, 4;
    %store/vec4 v0x151696200_0, 0, 4;
    %jmp T_64.8;
T_64.4 ;
    %pushi/vec4 9, 0, 4;
    %store/vec4 v0x151696200_0, 0, 4;
    %jmp T_64.8;
T_64.5 ;
    %pushi/vec4 10, 0, 4;
    %store/vec4 v0x151696200_0, 0, 4;
    %jmp T_64.8;
T_64.6 ;
    %pushi/vec4 11, 0, 4;
    %store/vec4 v0x151696200_0, 0, 4;
    %jmp T_64.8;
T_64.7 ;
    %pushi/vec4 12, 0, 4;
    %store/vec4 v0x151696200_0, 0, 4;
    %jmp T_64.8;
T_64.8 ;
    %pop/vec4 1;
    %jmp T_64;
    .thread T_64;
    .scope S_0x1516067e0;
T_65 ;
    %wait E_0x15160e8a0;
    %load/vec4 v0x151696200_0;
    %dup/vec4;
    %pushi/vec4 0, 0, 4;
    %cmp/u;
    %jmp/1 T_65.0, 6;
    %dup/vec4;
    %pushi/vec4 1, 0, 4;
    %cmp/u;
    %jmp/1 T_65.1, 6;
    %dup/vec4;
    %pushi/vec4 2, 0, 4;
    %cmp/u;
    %jmp/1 T_65.2, 6;
    %dup/vec4;
    %pushi/vec4 3, 0, 4;
    %cmp/u;
    %jmp/1 T_65.3, 6;
    %dup/vec4;
    %pushi/vec4 4, 0, 4;
    %cmp/u;
    %jmp/1 T_65.4, 6;
    %dup/vec4;
    %pushi/vec4 9, 0, 4;
    %cmp/u;
    %jmp/1 T_65.5, 6;
    %dup/vec4;
    %pushi/vec4 10, 0, 4;
    %cmp/u;
    %jmp/1 T_65.6, 6;
    %dup/vec4;
    %pushi/vec4 11, 0, 4;
    %cmp/u;
    %jmp/1 T_65.7, 6;
    %dup/vec4;
    %pushi/vec4 12, 0, 4;
    %cmp/u;
    %jmp/1 T_65.8, 6;
    %jmp T_65.9;
T_65.0 ;
    %pushi/vec4 0, 0, 1;
    %assign/vec4 v0x151696130_0, 0;
    %pushi/vec4 0, 0, 1;
    %assign/vec4 v0x151696920_0, 0;
    %pushi/vec4 0, 0, 1;
    %assign/vec4 v0x151695ca0_0, 0;
    %pushi/vec4 0, 0, 1;
    %assign/vec4 v0x1516956f0_0, 0;
    %pushi/vec4 0, 0, 1;
    %assign/vec4 v0x151695a30_0, 0;
    %pushi/vec4 0, 0, 1;
    %assign/vec4 v0x1516967c0_0, 0;
    %pushi/vec4 0, 0, 1;
    %assign/vec4 v0x151695360_0, 0;
    %pushi/vec4 0, 0, 1;
    %assign/vec4 v0x1516958d0_0, 0;
    %pushi/vec4 0, 0, 1;
    %assign/vec4 v0x1516959a0_0, 0;
    %pushi/vec4 0, 0, 1;
    %assign/vec4 v0x151695620_0, 0;
    %pushi/vec4 0, 0, 1;
    %assign/vec4 v0x151695b00_0, 0;
    %pushi/vec4 0, 0, 1;
    %assign/vec4 v0x151695b00_0, 0;
    %pushi/vec4 0, 0, 1;
    %assign/vec4 v0x151696890_0, 0;
    %pushi/vec4 0, 0, 1;
    %assign/vec4 v0x151696060_0, 0;
    %pushi/vec4 0, 0, 1;
    %assign/vec4 v0x151695bd0_0, 0;
    %pushi/vec4 0, 0, 1;
    %assign/vec4 v0x151695800_0, 0;
    %pushi/vec4 0, 0, 1;
    %assign/vec4 v0x151696730_0, 0;
    %pushi/vec4 0, 0, 1;
    %assign/vec4 v0x151696430_0, 0;
    %pushi/vec4 0, 0, 1;
    %assign/vec4 v0x1516966a0_0, 0;
    %pushi/vec4 0, 0, 5;
    %assign/vec4 v0x1516969f0_0, 0;
    %pushi/vec4 0, 0, 1;
    %assign/vec4 v0x151695240_0, 0;
    %pushi/vec4 0, 0, 1;
    %assign/vec4 v0x151696290_0, 0;
    %pushi/vec4 0, 0, 1;
    %assign/vec4 v0x151696360_0, 0;
    %pushi/vec4 0, 0, 1;
    %assign/vec4 v0x151695fd0_0, 0;
    %pushi/vec4 0, 0, 1;
    %assign/vec4 v0x1516953f0_0, 0;
    %pushi/vec4 0, 0, 1;
    %assign/vec4 v0x1516954c0_0, 0;
    %pushi/vec4 0, 0, 1;
    %assign/vec4 v0x151695550_0, 0;
    %pushi/vec4 0, 0, 1;
    %assign/vec4 v0x151696500_0, 0;
    %pushi/vec4 0, 0, 1;
    %assign/vec4 v0x1516965d0_0, 0;
    %pushi/vec4 0, 0, 1;
    %assign/vec4 v0x15160cdd0_0, 0;
    %pushi/vec4 0, 0, 16;
    %assign/vec4 v0x151695e40_0, 0;
    %pushi/vec4 0, 0, 16;
    %assign/vec4 v0x151696c80_0, 0;
    %pushi/vec4 0, 0, 32;
    %assign/vec4 v0x151695d70_0, 0;
    %pushi/vec4 0, 0, 32;
    %assign/vec4 v0x151695f40_0, 0;
    %jmp T_65.9;
T_65.1 ;
    %pushi/vec4 1, 0, 1;
    %assign/vec4 v0x151696130_0, 0;
    %pushi/vec4 19, 0, 5;
    %assign/vec4 v0x1516969f0_0, 0;
    %delay 500, 0;
    %pushi/vec4 1, 0, 1;
    %assign/vec4 v0x151696890_0, 0;
    %pushi/vec4 1, 0, 1;
    %assign/vec4 v0x151695b00_0, 0;
    %delay 1000, 0;
    %pushi/vec4 0, 0, 1;
    %assign/vec4 v0x151696130_0, 0;
    %delay 500, 0;
    %pushi/vec4 0, 0, 1;
    %assign/vec4 v0x151696890_0, 0;
    %pushi/vec4 0, 0, 5;
    %assign/vec4 v0x1516969f0_0, 0;
    %pushi/vec4 0, 0, 1;
    %assign/vec4 v0x151695b00_0, 0;
    %jmp T_65.9;
T_65.2 ;
    %pushi/vec4 1, 0, 1;
    %assign/vec4 v0x151696430_0, 0;
    %pushi/vec4 1, 0, 1;
    %assign/vec4 v0x151696920_0, 0;
    %delay 500, 0;
    %pushi/vec4 1, 0, 1;
    %assign/vec4 v0x151696290_0, 0;
    %pushi/vec4 1, 0, 1;
    %assign/vec4 v0x151696060_0, 0;
    %pushi/vec4 1, 0, 1;
    %assign/vec4 v0x151695bd0_0, 0;
    %delay 500, 0;
    %delay 500, 0;
    %pushi/vec4 0, 0, 1;
    %assign/vec4 v0x151696920_0, 0;
    %pushi/vec4 0, 0, 1;
    %assign/vec4 v0x151696290_0, 0;
    %delay 500, 0;
    %pushi/vec4 0, 0, 1;
    %assign/vec4 v0x151696130_0, 0;
    %pushi/vec4 0, 0, 1;
    %assign/vec4 v0x151696430_0, 0;
    %pushi/vec4 0, 0, 1;
    %assign/vec4 v0x151696060_0, 0;
    %pushi/vec4 0, 0, 1;
    %assign/vec4 v0x151695bd0_0, 0;
    %jmp T_65.9;
T_65.3 ;
    %pushi/vec4 1, 0, 1;
    %assign/vec4 v0x151695ca0_0, 0;
    %delay 500, 0;
    %pushi/vec4 1, 0, 1;
    %assign/vec4 v0x151695800_0, 0;
    %delay 1000, 0;
    %pushi/vec4 0, 0, 1;
    %assign/vec4 v0x151695ca0_0, 0;
    %delay 500, 0;
    %pushi/vec4 0, 0, 1;
    %assign/vec4 v0x151695800_0, 0;
    %jmp T_65.9;
T_65.4 ;
    %pushi/vec4 1, 0, 1;
    %assign/vec4 v0x151695360_0, 0;
    %delay 500, 0;
    %pushi/vec4 1, 0, 1;
    %assign/vec4 v0x151695620_0, 0;
    %delay 1000, 0;
    %pushi/vec4 0, 0, 1;
    %assign/vec4 v0x151696920_0, 0;
    %delay 500, 0;
    %pushi/vec4 0, 0, 1;
    %assign/vec4 v0x151695620_0, 0;
    %pushi/vec4 0, 0, 1;
    %assign/vec4 v0x151695360_0, 0;
    %jmp T_65.9;
T_65.5 ;
    %pushi/vec4 1, 0, 1;
    %assign/vec4 v0x151696130_0, 0;
    %pushi/vec4 19, 0, 5;
    %assign/vec4 v0x1516969f0_0, 0;
    %pushi/vec4 1, 0, 1;
    %assign/vec4 v0x151695b00_0, 0;
    %delay 500, 0;
    %pushi/vec4 1, 0, 1;
    %assign/vec4 v0x151696890_0, 0;
    %pushi/vec4 1, 0, 1;
    %assign/vec4 v0x151695b00_0, 0;
    %delay 1000, 0;
    %pushi/vec4 0, 0, 1;
    %assign/vec4 v0x151696130_0, 0;
    %delay 500, 0;
    %pushi/vec4 0, 0, 1;
    %assign/vec4 v0x151695b00_0, 0;
    %pushi/vec4 0, 0, 1;
    %assign/vec4 v0x151696890_0, 0;
    %pushi/vec4 0, 0, 5;
    %assign/vec4 v0x1516969f0_0, 0;
    %jmp T_65.9;
T_65.6 ;
    %pushi/vec4 1, 0, 1;
    %assign/vec4 v0x151696290_0, 0;
    %pushi/vec4 1, 0, 1;
    %assign/vec4 v0x151696920_0, 0;
    %delay 500, 0;
    %pushi/vec4 1, 0, 1;
    %assign/vec4 v0x151696430_0, 0;
    %pushi/vec4 1, 0, 1;
    %assign/vec4 v0x151696060_0, 0;
    %pushi/vec4 1, 0, 1;
    %assign/vec4 v0x151695bd0_0, 0;
    %delay 500, 0;
    %delay 500, 0;
    %pushi/vec4 0, 0, 1;
    %assign/vec4 v0x151696920_0, 0;
    %pushi/vec4 0, 0, 1;
    %assign/vec4 v0x151696290_0, 0;
    %delay 500, 0;
    %pushi/vec4 0, 0, 1;
    %assign/vec4 v0x151696130_0, 0;
    %pushi/vec4 0, 0, 1;
    %assign/vec4 v0x151696430_0, 0;
    %pushi/vec4 0, 0, 1;
    %assign/vec4 v0x151696060_0, 0;
    %pushi/vec4 0, 0, 1;
    %assign/vec4 v0x151695bd0_0, 0;
    %jmp T_65.9;
T_65.7 ;
    %pushi/vec4 1, 0, 1;
    %assign/vec4 v0x151695ca0_0, 0;
    %delay 500, 0;
    %pushi/vec4 1, 0, 1;
    %assign/vec4 v0x151695b00_0, 0;
    %pushi/vec4 1, 0, 1;
    %assign/vec4 v0x151695800_0, 0;
    %delay 1000, 0;
    %pushi/vec4 0, 0, 1;
    %assign/vec4 v0x151695ca0_0, 0;
    %delay 500, 0;
    %pushi/vec4 0, 0, 1;
    %assign/vec4 v0x151695b00_0, 0;
    %pushi/vec4 0, 0, 1;
    %assign/vec4 v0x151695800_0, 0;
    %jmp T_65.9;
T_65.8 ;
    %delay 500, 0;
    %pushi/vec4 1, 0, 1;
    %assign/vec4 v0x1516956f0_0, 0;
    %pushi/vec4 1, 0, 1;
    %assign/vec4 v0x1516953f0_0, 0;
    %delay 500, 0;
    %pushi/vec4 1, 0, 1;
    %assign/vec4 v0x151696500_0, 0;
    %delay 500, 0;
    %delay 500, 0;
    %pushi/vec4 0, 0, 1;
    %assign/vec4 v0x1516956f0_0, 0;
    %pushi/vec4 0, 0, 1;
    %assign/vec4 v0x1516953f0_0, 0;
    %pushi/vec4 0, 0, 1;
    %assign/vec4 v0x151696500_0, 0;
    %jmp T_65.9;
T_65.9 ;
    %pop/vec4 1;
    %jmp T_65;
    .thread T_65, $push;
    .scope S_0x1516067e0;
T_66 ;
    %vpi_call 2 147 "$dumpfile", "mfhi_tb.vcd" {0 0 0};
    %vpi_call 2 148 "$dumpvars" {0 0 0};
    %end;
    .thread T_66;
    .scope S_0x1516067e0;
T_67 ;
    %delay 70000, 0;
    %vpi_call 2 154 "$display", "Simulation complete." {0 0 0};
    %vpi_call 2 155 "$finish" {0 0 0};
    %end;
    .thread T_67;
# The file index is used to find the file name in the following table.
:file_names 27;
    "N/A";
    "<interactive>";
    "mfhi_tb.v";
    "DataPath.v";
    "ALU.v";
    "collective_add.v";
    "adder.v";
    "and_op.v";
    "non_restore_div.v";
    "boothMul.v";
    "neg.v";
    "not_op.v";
    "or_op.v";
    "rol.v";
    "ror.v";
    "shl.v";
    "shr.v";
    "shra.v";
    "subtract.v";
    "Bus.v";
    "register.v";
    "MAR.v";
    "MDR.v";
    "PC.v";
    "RAM.v";
    "R0.v";
    "Select_Encode.v";
