#! /opt/homebrew/Cellar/icarus-verilog/12.0/bin/vvp
:ivl_version "12.0 (stable)";
:ivl_delay_selection "TYPICAL";
:vpi_time_precision - 11;
:vpi_module "/opt/homebrew/Cellar/icarus-verilog/12.0/lib/ivl/system.vpi";
:vpi_module "/opt/homebrew/Cellar/icarus-verilog/12.0/lib/ivl/vhdl_sys.vpi";
:vpi_module "/opt/homebrew/Cellar/icarus-verilog/12.0/lib/ivl/vhdl_textio.vpi";
:vpi_module "/opt/homebrew/Cellar/icarus-verilog/12.0/lib/ivl/v2005_math.vpi";
:vpi_module "/opt/homebrew/Cellar/icarus-verilog/12.0/lib/ivl/va_math.vpi";
S_0x1507ff770 .scope module, "st_tb" "st_tb" 2 2;
 .timescale -9 -11;
P_0x1522dd9c0 .param/l "Default" 0 2 15, C4<0000>;
P_0x1522dda00 .param/l "Reg_load1a" 0 2 15, C4<0001>;
P_0x1522dda40 .param/l "Reg_load1b" 0 2 15, C4<0010>;
P_0x1522dda80 .param/l "Reg_load1c" 0 2 15, C4<0011>;
P_0x1522ddac0 .param/l "Reg_load1d" 0 2 16, C4<0100>;
P_0x1522ddb00 .param/l "Reg_load1e" 0 2 16, C4<0101>;
P_0x1522ddb40 .param/l "Reg_load1f" 0 2 16, C4<0110>;
P_0x1522ddb80 .param/l "T0" 0 2 16, C4<0111>;
P_0x1522ddbc0 .param/l "T1" 0 2 17, C4<1000>;
P_0x1522ddc00 .param/l "T2" 0 2 17, C4<1001>;
P_0x1522ddc40 .param/l "T3" 0 2 17, C4<1010>;
P_0x1522ddc80 .param/l "T4" 0 2 17, C4<1011>;
P_0x1522ddcc0 .param/l "T5" 0 2 17, C4<1100>;
P_0x1522ddd00 .param/l "T6" 0 2 17, C4<1101>;
P_0x1522ddd40 .param/l "T7" 0 2 18, C4<1110>;
v0x1507fa5a0_0 .var "BAout", 0 0;
v0x152334d40_0 .var "Clear", 0 0;
v0x152334dd0_0 .var "Clock", 0 0;
v0x152334e60_0 .var "Cout", 0 0;
v0x152334ef0_0 .var "Gra", 0 0;
v0x152334fc0_0 .var "Grb", 0 0;
v0x152335050_0 .var "Grc", 0 0;
v0x152335120_0 .var "HIin", 0 0;
v0x1523351f0_0 .var "HIout", 0 0;
v0x152335300_0 .var "IRin", 0 0;
v0x1523353d0_0 .var "In_Port_out", 0 0;
v0x1523354a0_0 .var "LOin", 0 0;
v0x152335530_0 .var "LOout", 0 0;
v0x152335600_0 .var "MARin", 0 0;
v0x1523356d0_0 .var "MDRin", 0 0;
v0x1523357a0_0 .var "MDRout", 0 0;
v0x152335870_0 .var "Mdatain", 31 0;
v0x152335a40_0 .var "PC", 31 0;
v0x152335ad0_0 .var "PC_tb_enable", 0 0;
v0x152335b60_0 .var "PCin", 0 0;
v0x152335c30_0 .var "PCout", 0 0;
v0x152335d00_0 .var "Present_state", 3 0;
v0x152335d90_0 .var "RAM_read", 0 0;
v0x152335e60_0 .var "RAM_write", 0 0;
v0x152335f30_0 .var "Read", 0 0;
v0x152336000_0 .var "Rin", 0 0;
v0x1523360d0_0 .var "Rout", 0 0;
v0x1523361a0_0 .var "Write", 0 0;
v0x152336230_0 .var "Yin", 0 0;
v0x1523362c0_0 .var "Z_high_out", 0 0;
v0x152336390_0 .var "Zin", 0 0;
v0x152336420_0 .var "Zlowout", 0 0;
v0x1523364f0_0 .var "control", 4 0;
v0x152335940_0 .var "in_enable", 15 0;
v0x152336780_0 .var "out_enable", 15 0;
E_0x152199b60 .event anyedge, v0x152335d00_0;
S_0x1507fd720 .scope module, "DUT" "DataPath" 2 21, 3 1 0, S_0x1507ff770;
 .timescale -9 -11;
    .port_info 0 /INPUT 1 "Clock";
    .port_info 1 /INPUT 1 "Clear";
    .port_info 2 /INPUT 1 "Zin";
    .port_info 3 /INPUT 1 "PCin";
    .port_info 4 /INPUT 1 "MDRin";
    .port_info 5 /INPUT 1 "IRin";
    .port_info 6 /INPUT 1 "Yin";
    .port_info 7 /INPUT 1 "MARin";
    .port_info 8 /INPUT 1 "LOin";
    .port_info 9 /INPUT 1 "HIin";
    .port_info 10 /INPUT 1 "Read";
    .port_info 11 /INPUT 16 "in_enable";
    .port_info 12 /INPUT 16 "out_enable";
    .port_info 13 /INPUT 32 "Mdatain";
    .port_info 14 /INPUT 5 "control";
    .port_info 15 /INPUT 1 "PCout";
    .port_info 16 /INPUT 1 "MDRout";
    .port_info 17 /INPUT 1 "HIout";
    .port_info 18 /INPUT 1 "LOout";
    .port_info 19 /INPUT 1 "Z_high_out";
    .port_info 20 /INPUT 1 "Z_low_out";
    .port_info 21 /INPUT 1 "In_Port_out";
    .port_info 22 /INPUT 1 "Cout";
    .port_info 23 /INPUT 1 "RAM_read";
    .port_info 24 /INPUT 1 "RAM_write";
    .port_info 25 /INPUT 1 "Gra";
    .port_info 26 /INPUT 1 "Grb";
    .port_info 27 /INPUT 1 "Grc";
    .port_info 28 /INPUT 1 "Rin";
    .port_info 29 /INPUT 1 "Rout";
    .port_info 30 /INPUT 1 "BAout";
    .port_info 31 /INPUT 1 "PC_tb_enable";
    .port_info 32 /INPUT 32 "PC_tb_value";
P_0x1521995d0 .param/l "DATA_WIDTH" 0 3 1, +C4<00000000000000000000000000100000>;
v0x152331d30_0 .net "ALU_result", 63 0, v0x15231d330_0;  1 drivers
v0x152331e00_0 .net "BAout", 0 0, v0x1507fa5a0_0;  1 drivers
v0x152331ed0_0 .net "BusMuxIn_MDR", 31 0, v0x152323c50_0;  1 drivers
v0x152331f60_0 .net "BusMuxOut", 31 0, v0x152320a30_0;  1 drivers
v0x152331ff0_0 .net "C_sign_extended", 31 0, v0x15232fcc0_0;  1 drivers
v0x152332100_0 .net "Clear", 0 0, v0x152334d40_0;  1 drivers
v0x152332190_0 .net "Clock", 0 0, v0x152334dd0_0;  1 drivers
v0x152332220_0 .net "Cout", 0 0, v0x152334e60_0;  1 drivers
v0x1523322f0_0 .net "Data", 31 0, v0x152325120_0;  1 drivers
v0x152332400_0 .net "Gra", 0 0, v0x152334ef0_0;  1 drivers
v0x152332490_0 .net "Grb", 0 0, v0x152334fc0_0;  1 drivers
v0x152332520_0 .net "Grc", 0 0, v0x152335050_0;  1 drivers
v0x1523325b0_0 .net "HI", 31 0, L_0x1523382a0;  1 drivers
v0x152332680_0 .net "HIin", 0 0, v0x152335120_0;  1 drivers
v0x152332710_0 .net "HIout", 0 0, v0x1523351f0_0;  1 drivers
v0x1523327a0_0 .net "IR", 31 0, L_0x152337f00;  1 drivers
v0x152332870_0 .net "IRin", 0 0, v0x152335300_0;  1 drivers
v0x152332a00_0 .net "In_Port", 31 0, L_0x152338380;  1 drivers
v0x152332a90_0 .net "In_Port_out", 0 0, v0x1523353d0_0;  1 drivers
v0x152332b20_0 .net "LO", 31 0, L_0x152338310;  1 drivers
v0x152332bb0_0 .net "LOin", 0 0, v0x1523354a0_0;  1 drivers
v0x152332c40_0 .net "LOout", 0 0, v0x152335530_0;  1 drivers
v0x152332cf0_0 .net "MAR_address_out", 8 0, L_0x15239d680;  1 drivers
v0x152332dc0_0 .net "MARin", 0 0, v0x152335600_0;  1 drivers
v0x152332e50_0 .net "MDRin", 0 0, v0x1523356d0_0;  1 drivers
v0x152332f00_0 .net "MDRout", 0 0, v0x1523357a0_0;  1 drivers
v0x152332fb0_0 .net "Mdatain", 31 0, v0x152335870_0;  1 drivers
v0x152333060_0 .net "PC", 31 0, L_0x152337e60;  1 drivers
v0x152333130_0 .net "PC_tb_enable", 0 0, v0x152335ad0_0;  1 drivers
v0x1523331c0_0 .net "PC_tb_value", 31 0, v0x152335a40_0;  1 drivers
v0x152333270_0 .net "PCin", 0 0, v0x152335b60_0;  1 drivers
v0x152333320_0 .net "PCout", 0 0, v0x152335c30_0;  1 drivers
v0x1523333d0_0 .net "R0", 31 0, L_0x152336810;  1 drivers
v0x152332940_0 .net "R1", 31 0, L_0x152336a10;  1 drivers
v0x1523336a0_0 .net "R10", 31 0, L_0x152337520;  1 drivers
v0x152333770_0 .net "R11", 31 0, L_0x1523376b0;  1 drivers
v0x152333840_0 .net "R12", 31 0, L_0x1523377e0;  1 drivers
v0x152333910_0 .net "R13", 31 0, L_0x152337980;  1 drivers
v0x1523339e0_0 .net "R14", 31 0, L_0x152337ab0;  1 drivers
v0x152333ab0_0 .net "R15", 31 0, L_0x152337910;  1 drivers
v0x152333b80_0 .net "R2", 31 0, L_0x152336b20;  1 drivers
v0x152333c50_0 .net "R3", 31 0, L_0x152336cb0;  1 drivers
v0x152333d20_0 .net "R4", 31 0, L_0x152336dc0;  1 drivers
v0x152333df0_0 .net "R5", 31 0, L_0x152336ed0;  1 drivers
v0x152333ec0_0 .net "R6", 31 0, L_0x152336fe0;  1 drivers
v0x152333f90_0 .net "R7", 31 0, L_0x1523371f0;  1 drivers
v0x152334060_0 .net "R8", 31 0, L_0x152336c30;  1 drivers
v0x152334130_0 .net "R9", 31 0, L_0x1523373f0;  1 drivers
v0x152334200_0 .net "RAM_read", 0 0, v0x152335d90_0;  1 drivers
v0x152334290_0 .net "RAM_write", 0 0, v0x152335e60_0;  1 drivers
v0x152334320_0 .net "Read", 0 0, v0x152335f30_0;  1 drivers
v0x1523343b0_0 .net "Rin", 0 0, v0x152336000_0;  1 drivers
v0x152334440_0 .net "Rout", 0 0, v0x1523360d0_0;  1 drivers
v0x1523344d0_0 .net "Y", 31 0, v0x152330c70_0;  1 drivers
v0x152334560_0 .net "Yin", 0 0, v0x152336230_0;  1 drivers
v0x152334630_0 .net "Z_high", 31 0, L_0x152338190;  1 drivers
v0x152334700_0 .net "Z_high_out", 0 0, v0x1523362c0_0;  1 drivers
v0x152334790_0 .net "Z_low", 31 0, L_0x152337f70;  1 drivers
v0x152334860_0 .net "Z_low_out", 0 0, v0x152336420_0;  1 drivers
v0x1523348f0_0 .net "Zin", 0 0, v0x152336390_0;  1 drivers
v0x1523349c0_0 .net "control", 4 0, v0x1523364f0_0;  1 drivers
v0x152334a50_0 .net "in_enable", 15 0, v0x1523300f0_0;  1 drivers
v0x152334ae0_0 .net "out_enable", 15 0, v0x1523302a0_0;  1 drivers
L_0x152336930 .part v0x1523300f0_0, 0, 1;
L_0x152336a80 .part v0x1523300f0_0, 1, 1;
L_0x152336b90 .part v0x1523300f0_0, 2, 1;
L_0x152336d20 .part v0x1523300f0_0, 3, 1;
L_0x152336e30 .part v0x1523300f0_0, 4, 1;
L_0x152336f40 .part v0x1523300f0_0, 5, 1;
L_0x152337050 .part v0x1523300f0_0, 6, 1;
L_0x152337260 .part v0x1523300f0_0, 7, 1;
L_0x152337300 .part v0x1523300f0_0, 8, 1;
L_0x152337480 .part v0x1523300f0_0, 9, 1;
L_0x152337590 .part v0x1523300f0_0, 10, 1;
L_0x152337740 .part v0x1523300f0_0, 11, 1;
L_0x152337850 .part v0x1523300f0_0, 12, 1;
L_0x152337a10 .part v0x1523300f0_0, 13, 1;
L_0x152337b20 .part v0x1523300f0_0, 14, 1;
L_0x152337dc0 .part v0x1523300f0_0, 15, 1;
L_0x152338000 .part v0x15231d330_0, 0, 32;
L_0x152338200 .part v0x15231d330_0, 32, 32;
L_0x15239d790 .part v0x1523302a0_0, 0, 1;
L_0x15239d910 .part v0x1523302a0_0, 1, 1;
L_0x15239d9b0 .part v0x1523302a0_0, 2, 1;
L_0x15239d870 .part v0x1523302a0_0, 3, 1;
L_0x15239db00 .part v0x1523302a0_0, 4, 1;
L_0x15239dc60 .part v0x1523302a0_0, 5, 1;
L_0x15239da50 .part v0x1523302a0_0, 6, 1;
L_0x15239ded0 .part v0x1523302a0_0, 7, 1;
L_0x15239dba0 .part v0x1523302a0_0, 8, 1;
L_0x15239e050 .part v0x1523302a0_0, 9, 1;
L_0x15239de00 .part v0x1523302a0_0, 10, 1;
L_0x15239e1e0 .part v0x1523302a0_0, 11, 1;
L_0x15239df70 .part v0x1523302a0_0, 12, 1;
L_0x15239e380 .part v0x1523302a0_0, 13, 1;
L_0x15239e0f0 .part v0x1523302a0_0, 14, 1;
L_0x15239e280 .part v0x1523302a0_0, 15, 1;
S_0x1507fb770 .scope module, "alu" "ALU" 3 240, 4 1 0, S_0x1507fd720;
 .timescale -9 -11;
    .port_info 0 /INPUT 32 "a";
    .port_info 1 /INPUT 32 "b";
    .port_info 2 /INPUT 5 "control";
    .port_info 3 /OUTPUT 64 "Z_reg";
P_0x1521885c0 .param/l "DATA_WIDTH" 0 4 1, +C4<00000000000000000000000000100000>;
v0x15231d330_0 .var "Z_reg", 63 0;
v0x15231d3f0_0 .net "a", 31 0, v0x152330c70_0;  alias, 1 drivers
v0x15231d490_0 .net "add_result", 31 0, L_0x152359660;  1 drivers
v0x15231d540_0 .net "and_result", 31 0, L_0x15239c210;  1 drivers
v0x15231d5f0_0 .net "b", 31 0, v0x152320a30_0;  alias, 1 drivers
v0x15231d6c0_0 .net "control", 4 0, v0x1523364f0_0;  alias, 1 drivers
RS_0x158057270 .resolv tri, L_0x152358be0, L_0x152379fd0, L_0x15239b640;
v0x15231d760_0 .net8 "cout", 0 0, RS_0x158057270;  3 drivers
v0x15231d7f0_0 .net "div_result", 63 0, v0x1522dffa0_0;  1 drivers
v0x15231d890_0 .net "mul_result", 63 0, v0x1522e0b30_0;  1 drivers
v0x15231d9c0_0 .net "neg_result", 31 0, L_0x15239d490;  1 drivers
v0x15231da50_0 .net "not_result", 31 0, L_0x15239d5d0;  1 drivers
v0x15231dae0_0 .net "or_result", 31 0, L_0x15239c2c0;  1 drivers
v0x15231db90_0 .net "pc_result", 31 0, L_0x15237aa50;  1 drivers
v0x15231dc40_0 .var "result", 31 0;
v0x15231dce0_0 .net "rol_result", 31 0, L_0x15239d360;  1 drivers
v0x15231dda0_0 .net "ror_result", 31 0, L_0x15239ce50;  1 drivers
v0x15231de50_0 .net "shl_result", 31 0, L_0x15239c9b0;  1 drivers
v0x15231e000_0 .net "shr_result", 31 0, L_0x15239c570;  1 drivers
v0x15231e090_0 .net "shra_result", 31 0, L_0x15239c730;  1 drivers
v0x15231e120_0 .net "sub_result", 31 0, L_0x15239c140;  1 drivers
E_0x152154ea0 .event anyedge, v0x15231dc40_0;
E_0x152154e20/0 .event anyedge, v0x15231d6c0_0, v0x1522df960_0, v0x15231cd10_0, v0x1522dfc80_0;
E_0x152154e20/1 .event anyedge, v0x1522e15b0_0, v0x1522fbcf0_0, v0x1522fb500_0, v0x1522fc840_0;
E_0x152154e20/2 .event anyedge, v0x1522fcdd0_0, v0x1522fc2b0_0, v0x1522dffa0_0, v0x1522e0b30_0;
E_0x152154e20/3 .event anyedge, v0x1522e1000_0, v0x1522e1290_0, v0x1522fab60_0;
E_0x152154e20 .event/or E_0x152154e20/0, E_0x152154e20/1, E_0x152154e20/2, E_0x152154e20/3;
S_0x1507f97c0 .scope module, "ADD" "collective_add" 4 18, 5 22 0, S_0x1507fb770;
 .timescale -9 -11;
    .port_info 0 /INPUT 32 "d1";
    .port_info 1 /INPUT 32 "d2";
    .port_info 2 /INPUT 1 "cin";
    .port_info 3 /OUTPUT 32 "sum";
    .port_info 4 /OUTPUT 1 "cout";
P_0x152143e90 .param/l "DATA_WIDTH" 0 5 22, +C4<00000000000000000000000000100000>;
v0x1522df690_0 .net "c1", 0 0, L_0x1523482f0;  1 drivers
L_0x158088058 .functor BUFT 1, C4<0>, C4<0>, C4<0>, C4<0>;
v0x1522df720_0 .net "cin", 0 0, L_0x158088058;  1 drivers
v0x1522df7b0_0 .net8 "cout", 0 0, RS_0x158057270;  alias, 3 drivers
v0x1522df840_0 .net "d1", 31 0, v0x152330c70_0;  alias, 1 drivers
v0x1522df8d0_0 .net "d2", 31 0, v0x152320a30_0;  alias, 1 drivers
v0x1522df960_0 .net "sum", 31 0, L_0x152359660;  alias, 1 drivers
L_0x152348c30 .part v0x152330c70_0, 0, 16;
L_0x152348cd0 .part v0x152320a30_0, 0, 16;
L_0x152359520 .part v0x152330c70_0, 16, 16;
L_0x1523595c0 .part v0x152320a30_0, 16, 16;
L_0x152359660 .concat8 [ 16 16 0 0], L_0x152348a80, L_0x152359370;
S_0x1507f7810 .scope module, "n1" "cla16" 5 32, 5 4 0, S_0x1507f97c0;
 .timescale -9 -11;
    .port_info 0 /INPUT 16 "d1";
    .port_info 1 /INPUT 16 "d2";
    .port_info 2 /INPUT 1 "cin";
    .port_info 3 /OUTPUT 16 "sum";
    .port_info 4 /OUTPUT 1 "cout";
P_0x1521449d0 .param/l "DATA_WIDTH" 0 5 4, +C4<00000000000000000000000000100000>;
v0x152121640_0 .net "c1", 0 0, L_0x15233bf00;  1 drivers
v0x1521216d0_0 .net "c2", 0 0, L_0x152340020;  1 drivers
v0x1522b0070_0 .net "c3", 0 0, L_0x152344200;  1 drivers
v0x1522b0100_0 .net "cin", 0 0, L_0x158088058;  alias, 1 drivers
v0x15229f060_0 .net "cout", 0 0, L_0x1523482f0;  alias, 1 drivers
v0x15229f0f0_0 .net "d1", 15 0, L_0x152348c30;  1 drivers
v0x15228e050_0 .net "d2", 15 0, L_0x152348cd0;  1 drivers
v0x15228e0e0_0 .net "sum", 15 0, L_0x152348a80;  1 drivers
L_0x15233c490 .part L_0x152348c30, 0, 4;
L_0x15233c530 .part L_0x152348cd0, 0, 4;
L_0x1523405f0 .part L_0x152348c30, 4, 4;
L_0x152340690 .part L_0x152348cd0, 4, 4;
L_0x1523447d0 .part L_0x152348c30, 8, 4;
L_0x152344870 .part L_0x152348cd0, 8, 4;
L_0x1523488c0 .part L_0x152348c30, 12, 4;
L_0x152348960 .part L_0x152348cd0, 12, 4;
L_0x152348a80 .concat8 [ 4 4 4 4], L_0x15233c0c0, L_0x152340220, L_0x1523443c0, L_0x1523484f0;
S_0x15210d420 .scope module, "n1" "cla_4" 5 14, 6 3 0, S_0x1507f7810;
 .timescale -9 -11;
    .port_info 0 /INPUT 4 "a";
    .port_info 1 /INPUT 4 "b";
    .port_info 2 /INPUT 1 "cin";
    .port_info 3 /OUTPUT 4 "sum";
    .port_info 4 /OUTPUT 1 "cout";
L_0x1523384a0 .functor XOR 4, L_0x15233c490, L_0x15233c530, C4<0000>, C4<0000>;
L_0x152338590 .functor AND 4, L_0x15233c490, L_0x15233c530, C4<1111>, C4<1111>;
L_0x1523386c0 .functor BUFZ 1, L_0x158088058, C4<0>, C4<0>, C4<0>;
L_0x1523389f0 .functor AND 1, L_0x152338830, L_0x152338910, C4<1>, C4<1>;
L_0x152338b20 .functor OR 1, L_0x152338730, L_0x1523389f0, C4<0>, C4<0>;
L_0x152338ed0 .functor AND 1, L_0x152338ce0, L_0x152338db0, C4<1>, C4<1>;
L_0x152338f80 .functor OR 1, L_0x152338c40, L_0x152338ed0, C4<0>, C4<0>;
L_0x152339270 .functor AND 1, L_0x1523390b0, L_0x1523391d0, C4<1>, C4<1>;
L_0x152339490 .functor AND 1, L_0x152339270, L_0x152339360, C4<1>, C4<1>;
L_0x152339590 .functor OR 1, L_0x152338f80, L_0x152339490, C4<0>, C4<0>;
L_0x152339a50 .functor AND 1, L_0x1523398a0, L_0x152339940, C4<1>, C4<1>;
L_0x152339b20 .functor OR 1, L_0x1523397a0, L_0x152339a50, C4<0>, C4<0>;
L_0x1523399e0 .functor AND 1, L_0x152339bd0, L_0x152339c70, C4<1>, C4<1>;
L_0x152339fa0 .functor AND 1, L_0x1523399e0, L_0x152339f00, C4<1>, C4<1>;
L_0x15233a050 .functor OR 1, L_0x152339b20, L_0x152339fa0, C4<0>, C4<0>;
L_0x152339e90 .functor AND 1, L_0x15233a1c0, L_0x15233a2f0, C4<1>, C4<1>;
L_0x15233a510 .functor AND 1, L_0x152339e90, L_0x15233a3d0, C4<1>, C4<1>;
L_0x15233a6d0 .functor AND 1, L_0x15233a510, L_0x15233a630, C4<1>, C4<1>;
L_0x15233a7a0 .functor OR 1, L_0x15233a050, L_0x15233a6d0, C4<0>, C4<0>;
L_0x152338e50 .functor AND 1, L_0x15233a470, L_0x15233ab10, C4<1>, C4<1>;
L_0x15233acb0 .functor OR 1, L_0x15233a970, L_0x152338e50, C4<0>, C4<0>;
L_0x15233afc0 .functor AND 1, L_0x15233a8d0, L_0x15233ae50, C4<1>, C4<1>;
L_0x15233b0f0 .functor AND 1, L_0x15233afc0, L_0x15233b050, C4<1>, C4<1>;
L_0x15233b2a0 .functor OR 1, L_0x15233acb0, L_0x15233b0f0, C4<0>, C4<0>;
L_0x15233aef0 .functor AND 1, L_0x15233b310, L_0x15233b490, C4<1>, C4<1>;
L_0x15233b1e0 .functor AND 1, L_0x15233aef0, L_0x152339d50, C4<1>, C4<1>;
L_0x15233b8f0 .functor AND 1, L_0x15233b1e0, L_0x15233b3f0, C4<1>, C4<1>;
L_0x15233bac0 .functor OR 1, L_0x15233b2a0, L_0x15233b8f0, C4<0>, C4<0>;
L_0x15233b7b0 .functor AND 1, L_0x15233bb30, L_0x15233bcd0, C4<1>, C4<1>;
L_0x15233b9e0 .functor AND 1, L_0x15233b7b0, L_0x15233be60, C4<1>, C4<1>;
L_0x15233c010 .functor AND 1, L_0x15233b9e0, L_0x15233bbd0, C4<1>, C4<1>;
L_0x15233bd70 .functor AND 1, L_0x15233c010, L_0x15233c1c0, C4<1>, C4<1>;
L_0x15233bf00 .functor OR 1, L_0x15233bac0, L_0x15233bd70, C4<0>, C4<0>;
L_0x15233c0c0 .functor XOR 4, L_0x1523384a0, L_0x152339640, C4<0000>, C4<0000>;
v0x150706250_0 .net "G", 3 0, L_0x152338590;  1 drivers
v0x150708040_0 .net "P", 3 0, L_0x1523384a0;  1 drivers
v0x150706b50_0 .net *"_ivl_102", 0 0, L_0x15233b050;  1 drivers
v0x150740710_0 .net *"_ivl_103", 0 0, L_0x15233b0f0;  1 drivers
v0x15073d300_0 .net *"_ivl_105", 0 0, L_0x15233b2a0;  1 drivers
v0x150752400_0 .net *"_ivl_108", 0 0, L_0x15233b310;  1 drivers
v0x1507752a0_0 .net *"_ivl_11", 0 0, L_0x152338730;  1 drivers
v0x1521ef840_0 .net *"_ivl_110", 0 0, L_0x15233b490;  1 drivers
v0x1521ab090_0 .net *"_ivl_111", 0 0, L_0x15233aef0;  1 drivers
v0x1521666c0_0 .net *"_ivl_114", 0 0, L_0x152339d50;  1 drivers
v0x152121f10_0 .net *"_ivl_115", 0 0, L_0x15233b1e0;  1 drivers
v0x15227d890_0 .net *"_ivl_118", 0 0, L_0x15233b3f0;  1 drivers
v0x1522390e0_0 .net *"_ivl_119", 0 0, L_0x15233b8f0;  1 drivers
v0x1507ff0a0_0 .net *"_ivl_121", 0 0, L_0x15233bac0;  1 drivers
v0x1507fd0c0_0 .net *"_ivl_124", 0 0, L_0x15233bb30;  1 drivers
v0x1507fc0d0_0 .net *"_ivl_126", 0 0, L_0x15233bcd0;  1 drivers
v0x1507fb110_0 .net *"_ivl_127", 0 0, L_0x15233b7b0;  1 drivers
v0x1507f9160_0 .net *"_ivl_13", 0 0, L_0x152338830;  1 drivers
v0x1507f7140_0 .net *"_ivl_130", 0 0, L_0x15233be60;  1 drivers
v0x1507089e0_0 .net *"_ivl_131", 0 0, L_0x15233b9e0;  1 drivers
v0x15210dda0_0 .net *"_ivl_134", 0 0, L_0x15233bbd0;  1 drivers
v0x152111310_0 .net *"_ivl_135", 0 0, L_0x15233c010;  1 drivers
v0x152104180_0 .net *"_ivl_138", 0 0, L_0x15233c1c0;  1 drivers
v0x15210a2c0_0 .net *"_ivl_139", 0 0, L_0x15233bd70;  1 drivers
v0x152108240_0 .net *"_ivl_15", 0 0, L_0x152338910;  1 drivers
v0x152107230_0 .net *"_ivl_16", 0 0, L_0x1523389f0;  1 drivers
v0x152105180_0 .net *"_ivl_18", 0 0, L_0x152338b20;  1 drivers
v0x15210f990_0 .net *"_ivl_23", 0 0, L_0x152338c40;  1 drivers
v0x15210c100_0 .net *"_ivl_25", 0 0, L_0x152338ce0;  1 drivers
v0x152110650_0 .net *"_ivl_27", 0 0, L_0x152338db0;  1 drivers
v0x1522d4f10_0 .net *"_ivl_28", 0 0, L_0x152338ed0;  1 drivers
v0x1522c2350_0 .net *"_ivl_30", 0 0, L_0x152338f80;  1 drivers
v0x1522c3060_0 .net *"_ivl_33", 0 0, L_0x1523390b0;  1 drivers
v0x1507fe070_0 .net *"_ivl_35", 0 0, L_0x1523391d0;  1 drivers
v0x1507fa110_0 .net *"_ivl_36", 0 0, L_0x152339270;  1 drivers
v0x1507f8160_0 .net *"_ivl_39", 0 0, L_0x152339360;  1 drivers
v0x15210cdc0_0 .net *"_ivl_40", 0 0, L_0x152339490;  1 drivers
v0x15210b410_0 .net *"_ivl_42", 0 0, L_0x152339590;  1 drivers
v0x1507528c0_0 .net *"_ivl_48", 0 0, L_0x1523397a0;  1 drivers
v0x152109250_0 .net *"_ivl_50", 0 0, L_0x1523398a0;  1 drivers
v0x1521061c0_0 .net *"_ivl_52", 0 0, L_0x152339940;  1 drivers
v0x1507f95d0_0 .net *"_ivl_53", 0 0, L_0x152339a50;  1 drivers
v0x1507f85f0_0 .net *"_ivl_55", 0 0, L_0x152339b20;  1 drivers
v0x1507ff580_0 .net *"_ivl_58", 0 0, L_0x152339bd0;  1 drivers
v0x1507fe560_0 .net *"_ivl_60", 0 0, L_0x152339c70;  1 drivers
v0x1507fd530_0 .net *"_ivl_61", 0 0, L_0x1523399e0;  1 drivers
v0x1507fc550_0 .net *"_ivl_64", 0 0, L_0x152339f00;  1 drivers
v0x1507f7620_0 .net *"_ivl_65", 0 0, L_0x152339fa0;  1 drivers
v0x1507fe770_0 .net *"_ivl_67", 0 0, L_0x15233a050;  1 drivers
v0x150751e90_0 .net *"_ivl_7", 0 0, L_0x1523386c0;  1 drivers
v0x15210d230_0 .net *"_ivl_70", 0 0, L_0x15233a1c0;  1 drivers
v0x15210a730_0 .net *"_ivl_72", 0 0, L_0x15233a2f0;  1 drivers
v0x152109700_0 .net *"_ivl_73", 0 0, L_0x152339e90;  1 drivers
v0x1521086f0_0 .net *"_ivl_76", 0 0, L_0x15233a3d0;  1 drivers
v0x1521076a0_0 .net *"_ivl_77", 0 0, L_0x15233a510;  1 drivers
v0x152106670_0 .net *"_ivl_80", 0 0, L_0x15233a630;  1 drivers
v0x152105660_0 .net *"_ivl_81", 0 0, L_0x15233a6d0;  1 drivers
v0x152104630_0 .net *"_ivl_83", 0 0, L_0x15233a7a0;  1 drivers
v0x15210c4c0_0 .net *"_ivl_86", 0 0, L_0x15233a970;  1 drivers
v0x15210a960_0 .net *"_ivl_88", 0 0, L_0x15233a470;  1 drivers
v0x15219a770_0 .net *"_ivl_90", 0 0, L_0x15233ab10;  1 drivers
v0x1521dee30_0 .net *"_ivl_91", 0 0, L_0x152338e50;  1 drivers
v0x1521dec20_0 .net *"_ivl_93", 0 0, L_0x15233acb0;  1 drivers
v0x1521ef9b0_0 .net *"_ivl_96", 0 0, L_0x15233a8d0;  1 drivers
v0x1521f0080_0 .net *"_ivl_98", 0 0, L_0x15233ae50;  1 drivers
v0x1521df040_0 .net *"_ivl_99", 0 0, L_0x15233afc0;  1 drivers
v0x1521de2b0_0 .net "a", 3 0, L_0x15233c490;  1 drivers
v0x1521cd2a0_0 .net "b", 3 0, L_0x15233c530;  1 drivers
v0x1521ab200_0 .net "c", 3 0, L_0x152339640;  1 drivers
v0x1521cd940_0 .net "cin", 0 0, L_0x158088058;  alias, 1 drivers
v0x1521bcca0_0 .net "cout", 0 0, L_0x15233bf00;  alias, 1 drivers
v0x1521bc940_0 .net "sum", 3 0, L_0x15233c0c0;  1 drivers
L_0x152338730 .part L_0x152338590, 0, 1;
L_0x152338830 .part L_0x1523384a0, 0, 1;
L_0x152338910 .part L_0x152339640, 0, 1;
L_0x152338c40 .part L_0x152338590, 1, 1;
L_0x152338ce0 .part L_0x1523384a0, 1, 1;
L_0x152338db0 .part L_0x152338590, 0, 1;
L_0x1523390b0 .part L_0x1523384a0, 1, 1;
L_0x1523391d0 .part L_0x1523384a0, 0, 1;
L_0x152339360 .part L_0x152339640, 0, 1;
L_0x152339640 .concat8 [ 1 1 1 1], L_0x1523386c0, L_0x152338b20, L_0x152339590, L_0x15233a7a0;
L_0x1523397a0 .part L_0x152338590, 2, 1;
L_0x1523398a0 .part L_0x1523384a0, 2, 1;
L_0x152339940 .part L_0x152338590, 1, 1;
L_0x152339bd0 .part L_0x1523384a0, 2, 1;
L_0x152339c70 .part L_0x1523384a0, 1, 1;
L_0x152339f00 .part L_0x152338590, 0, 1;
L_0x15233a1c0 .part L_0x1523384a0, 2, 1;
L_0x15233a2f0 .part L_0x1523384a0, 1, 1;
L_0x15233a3d0 .part L_0x1523384a0, 0, 1;
L_0x15233a630 .part L_0x152339640, 0, 1;
L_0x15233a970 .part L_0x152338590, 3, 1;
L_0x15233a470 .part L_0x1523384a0, 3, 1;
L_0x15233ab10 .part L_0x152338590, 2, 1;
L_0x15233a8d0 .part L_0x1523384a0, 3, 1;
L_0x15233ae50 .part L_0x1523384a0, 2, 1;
L_0x15233b050 .part L_0x152338590, 1, 1;
L_0x15233b310 .part L_0x1523384a0, 3, 1;
L_0x15233b490 .part L_0x1523384a0, 2, 1;
L_0x152339d50 .part L_0x1523384a0, 1, 1;
L_0x15233b3f0 .part L_0x152338590, 0, 1;
L_0x15233bb30 .part L_0x1523384a0, 3, 1;
L_0x15233bcd0 .part L_0x1523384a0, 2, 1;
L_0x15233be60 .part L_0x1523384a0, 1, 1;
L_0x15233bbd0 .part L_0x1523384a0, 0, 1;
L_0x15233c1c0 .part L_0x152339640, 0, 1;
S_0x152109940 .scope module, "n2" "cla_4" 5 15, 6 3 0, S_0x1507f7810;
 .timescale -9 -11;
    .port_info 0 /INPUT 4 "a";
    .port_info 1 /INPUT 4 "b";
    .port_info 2 /INPUT 1 "cin";
    .port_info 3 /OUTPUT 4 "sum";
    .port_info 4 /OUTPUT 1 "cout";
L_0x15233c130 .functor XOR 4, L_0x1523405f0, L_0x152340690, C4<0000>, C4<0000>;
L_0x15233c5f0 .functor AND 4, L_0x1523405f0, L_0x152340690, C4<1111>, C4<1111>;
L_0x15233c720 .functor BUFZ 1, L_0x15233bf00, C4<0>, C4<0>, C4<0>;
L_0x15233ca90 .functor AND 1, L_0x15233c8f0, L_0x15233c9d0, C4<1>, C4<1>;
L_0x15233cbc0 .functor OR 1, L_0x15233c810, L_0x15233ca90, C4<0>, C4<0>;
L_0x15233cf40 .functor AND 1, L_0x15233cd50, L_0x15233ce20, C4<1>, C4<1>;
L_0x15233d030 .functor OR 1, L_0x15233ccb0, L_0x15233cf40, C4<0>, C4<0>;
L_0x15233d320 .functor AND 1, L_0x15233d160, L_0x15233d280, C4<1>, C4<1>;
L_0x15233d540 .functor AND 1, L_0x15233d320, L_0x15233d410, C4<1>, C4<1>;
L_0x15233d640 .functor OR 1, L_0x15233d030, L_0x15233d540, C4<0>, C4<0>;
L_0x15233daf0 .functor AND 1, L_0x15233d940, L_0x15233d9e0, C4<1>, C4<1>;
L_0x15233dc20 .functor OR 1, L_0x15233d840, L_0x15233daf0, C4<0>, C4<0>;
L_0x15233da80 .functor AND 1, L_0x15233dcd0, L_0x15233dd70, C4<1>, C4<1>;
L_0x15233e0c0 .functor AND 1, L_0x15233da80, L_0x15233e020, C4<1>, C4<1>;
L_0x15233e170 .functor OR 1, L_0x15233dc20, L_0x15233e0c0, C4<0>, C4<0>;
L_0x15233dfb0 .functor AND 1, L_0x15233e2e0, L_0x15233e410, C4<1>, C4<1>;
L_0x15233e630 .functor AND 1, L_0x15233dfb0, L_0x15233e4f0, C4<1>, C4<1>;
L_0x15233e7f0 .functor AND 1, L_0x15233e630, L_0x15233e750, C4<1>, C4<1>;
L_0x15233e8c0 .functor OR 1, L_0x15233e170, L_0x15233e7f0, C4<0>, C4<0>;
L_0x15233cec0 .functor AND 1, L_0x15233e590, L_0x15233ec30, C4<1>, C4<1>;
L_0x15233edd0 .functor OR 1, L_0x15233ea90, L_0x15233cec0, C4<0>, C4<0>;
L_0x15233f0e0 .functor AND 1, L_0x15233e9f0, L_0x15233ef70, C4<1>, C4<1>;
L_0x15233f210 .functor AND 1, L_0x15233f0e0, L_0x15233f170, C4<1>, C4<1>;
L_0x15233f3c0 .functor OR 1, L_0x15233edd0, L_0x15233f210, C4<0>, C4<0>;
L_0x15233f010 .functor AND 1, L_0x15233f430, L_0x15233f5b0, C4<1>, C4<1>;
L_0x15233f300 .functor AND 1, L_0x15233f010, L_0x15233de50, C4<1>, C4<1>;
L_0x15233fa10 .functor AND 1, L_0x15233f300, L_0x15233f4d0, C4<1>, C4<1>;
L_0x15233fbe0 .functor OR 1, L_0x15233f3c0, L_0x15233fa10, C4<0>, C4<0>;
L_0x15233f8d0 .functor AND 1, L_0x15233fc50, L_0x15233fdf0, C4<1>, C4<1>;
L_0x15233fb00 .functor AND 1, L_0x15233f8d0, L_0x15233ff80, C4<1>, C4<1>;
L_0x152340130 .functor AND 1, L_0x15233fb00, L_0x15233fd30, C4<1>, C4<1>;
L_0x15233fe90 .functor AND 1, L_0x152340130, L_0x152340320, C4<1>, C4<1>;
L_0x152340020 .functor OR 1, L_0x15233fbe0, L_0x15233fe90, C4<0>, C4<0>;
L_0x152340220 .functor XOR 4, L_0x15233c130, L_0x15233d6f0, C4<0000>, C4<0000>;
v0x1521ab8d0_0 .net "G", 3 0, L_0x15233c5f0;  1 drivers
v0x15219ac20_0 .net "P", 3 0, L_0x15233c130;  1 drivers
v0x15219a8c0_0 .net *"_ivl_102", 0 0, L_0x15233f170;  1 drivers
v0x15219a290_0 .net *"_ivl_103", 0 0, L_0x15233f210;  1 drivers
v0x15219a080_0 .net *"_ivl_105", 0 0, L_0x15233f3c0;  1 drivers
v0x152155cb0_0 .net *"_ivl_108", 0 0, L_0x15233f430;  1 drivers
v0x152155aa0_0 .net *"_ivl_11", 0 0, L_0x15233c810;  1 drivers
v0x1521998e0_0 .net *"_ivl_110", 0 0, L_0x15233f5b0;  1 drivers
v0x1521888d0_0 .net *"_ivl_111", 0 0, L_0x15233f010;  1 drivers
v0x152166830_0 .net *"_ivl_114", 0 0, L_0x15233de50;  1 drivers
v0x152188f70_0 .net *"_ivl_115", 0 0, L_0x15233f300;  1 drivers
v0x1521782d0_0 .net *"_ivl_118", 0 0, L_0x15233f4d0;  1 drivers
v0x152177f70_0 .net *"_ivl_119", 0 0, L_0x15233fa10;  1 drivers
v0x152166f00_0 .net *"_ivl_121", 0 0, L_0x15233fbe0;  1 drivers
v0x152155ec0_0 .net *"_ivl_124", 0 0, L_0x15233fc50;  1 drivers
v0x152155130_0 .net *"_ivl_126", 0 0, L_0x15233fdf0;  1 drivers
v0x152144120_0 .net *"_ivl_127", 0 0, L_0x15233f8d0;  1 drivers
v0x1521447c0_0 .net *"_ivl_13", 0 0, L_0x15233c8f0;  1 drivers
v0x152133b20_0 .net *"_ivl_130", 0 0, L_0x15233ff80;  1 drivers
v0x1521337c0_0 .net *"_ivl_131", 0 0, L_0x15233fb00;  1 drivers
v0x152122750_0 .net *"_ivl_134", 0 0, L_0x15233fd30;  1 drivers
v0x1522d3520_0 .net *"_ivl_135", 0 0, L_0x152340130;  1 drivers
v0x1522d3260_0 .net *"_ivl_138", 0 0, L_0x152340320;  1 drivers
v0x1522d2fa0_0 .net *"_ivl_139", 0 0, L_0x15233fe90;  1 drivers
v0x1522d2ce0_0 .net *"_ivl_15", 0 0, L_0x15233c9d0;  1 drivers
v0x1522d2a20_0 .net *"_ivl_16", 0 0, L_0x15233ca90;  1 drivers
v0x1522d2760_0 .net *"_ivl_18", 0 0, L_0x15233cbc0;  1 drivers
v0x1522d24a0_0 .net *"_ivl_23", 0 0, L_0x15233ccb0;  1 drivers
v0x1522d21e0_0 .net *"_ivl_25", 0 0, L_0x15233cd50;  1 drivers
v0x1522d1df0_0 .net *"_ivl_27", 0 0, L_0x15233ce20;  1 drivers
v0x1522d1b30_0 .net *"_ivl_28", 0 0, L_0x15233cf40;  1 drivers
v0x1522d1870_0 .net *"_ivl_30", 0 0, L_0x15233d030;  1 drivers
v0x1522d15b0_0 .net *"_ivl_33", 0 0, L_0x15233d160;  1 drivers
v0x152122080_0 .net *"_ivl_35", 0 0, L_0x15233d280;  1 drivers
v0x1522d12f0_0 .net *"_ivl_36", 0 0, L_0x15233d320;  1 drivers
v0x1522d1030_0 .net *"_ivl_39", 0 0, L_0x15233d410;  1 drivers
v0x1522d0d70_0 .net *"_ivl_40", 0 0, L_0x15233d540;  1 drivers
v0x1522d0ab0_0 .net *"_ivl_42", 0 0, L_0x15233d640;  1 drivers
v0x1522ce270_0 .net *"_ivl_48", 0 0, L_0x15233d840;  1 drivers
v0x1522b1940_0 .net *"_ivl_50", 0 0, L_0x15233d940;  1 drivers
v0x152227b10_0 .net *"_ivl_52", 0 0, L_0x15233d9e0;  1 drivers
v0x152227970_0 .net *"_ivl_53", 0 0, L_0x15233daf0;  1 drivers
v0x1522b1460_0 .net *"_ivl_55", 0 0, L_0x15233dc20;  1 drivers
v0x1522b1250_0 .net *"_ivl_58", 0 0, L_0x15233dcd0;  1 drivers
v0x15226ce80_0 .net *"_ivl_60", 0 0, L_0x15233dd70;  1 drivers
v0x15226cc70_0 .net *"_ivl_61", 0 0, L_0x15233da80;  1 drivers
v0x1522b0ab0_0 .net *"_ivl_64", 0 0, L_0x15233e020;  1 drivers
v0x15229faa0_0 .net *"_ivl_65", 0 0, L_0x15233e0c0;  1 drivers
v0x15227da00_0 .net *"_ivl_67", 0 0, L_0x15233e170;  1 drivers
v0x1522a0140_0 .net *"_ivl_7", 0 0, L_0x15233c720;  1 drivers
v0x15228f4a0_0 .net *"_ivl_70", 0 0, L_0x15233e2e0;  1 drivers
v0x15228f140_0 .net *"_ivl_72", 0 0, L_0x15233e410;  1 drivers
v0x15227e0d0_0 .net *"_ivl_73", 0 0, L_0x15233dfb0;  1 drivers
v0x15226d090_0 .net *"_ivl_76", 0 0, L_0x15233e4f0;  1 drivers
v0x15226c300_0 .net *"_ivl_77", 0 0, L_0x15233e630;  1 drivers
v0x15225b2f0_0 .net *"_ivl_80", 0 0, L_0x15233e750;  1 drivers
v0x152239250_0 .net *"_ivl_81", 0 0, L_0x15233e7f0;  1 drivers
v0x15225b990_0 .net *"_ivl_83", 0 0, L_0x15233e8c0;  1 drivers
v0x15224acf0_0 .net *"_ivl_86", 0 0, L_0x15233ea90;  1 drivers
v0x15224a990_0 .net *"_ivl_88", 0 0, L_0x15233e590;  1 drivers
v0x152239920_0 .net *"_ivl_90", 0 0, L_0x15233ec30;  1 drivers
v0x152228860_0 .net *"_ivl_91", 0 0, L_0x15233cec0;  1 drivers
v0x1522ba160_0 .net *"_ivl_93", 0 0, L_0x15233edd0;  1 drivers
v0x1522b9740_0 .net *"_ivl_96", 0 0, L_0x15233e9f0;  1 drivers
v0x1522bab60_0 .net *"_ivl_98", 0 0, L_0x15233ef70;  1 drivers
v0x152227280_0 .net *"_ivl_99", 0 0, L_0x15233f0e0;  1 drivers
v0x152227660_0 .net "a", 3 0, L_0x1523405f0;  1 drivers
v0x152226ae0_0 .net "b", 3 0, L_0x152340690;  1 drivers
v0x152215ad0_0 .net "c", 3 0, L_0x15233d6f0;  1 drivers
v0x152216170_0 .net "cin", 0 0, L_0x15233bf00;  alias, 1 drivers
v0x1522054d0_0 .net "cout", 0 0, L_0x152340020;  alias, 1 drivers
v0x152205170_0 .net "sum", 3 0, L_0x152340220;  1 drivers
L_0x15233c810 .part L_0x15233c5f0, 0, 1;
L_0x15233c8f0 .part L_0x15233c130, 0, 1;
L_0x15233c9d0 .part L_0x15233d6f0, 0, 1;
L_0x15233ccb0 .part L_0x15233c5f0, 1, 1;
L_0x15233cd50 .part L_0x15233c130, 1, 1;
L_0x15233ce20 .part L_0x15233c5f0, 0, 1;
L_0x15233d160 .part L_0x15233c130, 1, 1;
L_0x15233d280 .part L_0x15233c130, 0, 1;
L_0x15233d410 .part L_0x15233d6f0, 0, 1;
L_0x15233d6f0 .concat8 [ 1 1 1 1], L_0x15233c720, L_0x15233cbc0, L_0x15233d640, L_0x15233e8c0;
L_0x15233d840 .part L_0x15233c5f0, 2, 1;
L_0x15233d940 .part L_0x15233c130, 2, 1;
L_0x15233d9e0 .part L_0x15233c5f0, 1, 1;
L_0x15233dcd0 .part L_0x15233c130, 2, 1;
L_0x15233dd70 .part L_0x15233c130, 1, 1;
L_0x15233e020 .part L_0x15233c5f0, 0, 1;
L_0x15233e2e0 .part L_0x15233c130, 2, 1;
L_0x15233e410 .part L_0x15233c130, 1, 1;
L_0x15233e4f0 .part L_0x15233c130, 0, 1;
L_0x15233e750 .part L_0x15233d6f0, 0, 1;
L_0x15233ea90 .part L_0x15233c5f0, 3, 1;
L_0x15233e590 .part L_0x15233c130, 3, 1;
L_0x15233ec30 .part L_0x15233c5f0, 2, 1;
L_0x15233e9f0 .part L_0x15233c130, 3, 1;
L_0x15233ef70 .part L_0x15233c130, 2, 1;
L_0x15233f170 .part L_0x15233c5f0, 1, 1;
L_0x15233f430 .part L_0x15233c130, 3, 1;
L_0x15233f5b0 .part L_0x15233c130, 2, 1;
L_0x15233de50 .part L_0x15233c130, 1, 1;
L_0x15233f4d0 .part L_0x15233c5f0, 0, 1;
L_0x15233fc50 .part L_0x15233c130, 3, 1;
L_0x15233fdf0 .part L_0x15233c130, 2, 1;
L_0x15233ff80 .part L_0x15233c130, 1, 1;
L_0x15233fd30 .part L_0x15233c130, 0, 1;
L_0x152340320 .part L_0x15233d6f0, 0, 1;
S_0x152108910 .scope module, "n3" "cla_4" 5 16, 6 3 0, S_0x1507f7810;
 .timescale -9 -11;
    .port_info 0 /INPUT 4 "a";
    .port_info 1 /INPUT 4 "b";
    .port_info 2 /INPUT 1 "cin";
    .port_info 3 /OUTPUT 4 "sum";
    .port_info 4 /OUTPUT 1 "cout";
L_0x152340730 .functor XOR 4, L_0x1523447d0, L_0x152344870, C4<0000>, C4<0000>;
L_0x1523407a0 .functor AND 4, L_0x1523447d0, L_0x152344870, C4<1111>, C4<1111>;
L_0x1523408b0 .functor BUFZ 1, L_0x152340020, C4<0>, C4<0>, C4<0>;
L_0x152340c20 .functor AND 1, L_0x152340a80, L_0x152340b60, C4<1>, C4<1>;
L_0x152340d50 .functor OR 1, L_0x1523409a0, L_0x152340c20, C4<0>, C4<0>;
L_0x152341100 .functor AND 1, L_0x152340f10, L_0x152340fe0, C4<1>, C4<1>;
L_0x1523411d0 .functor OR 1, L_0x152340e70, L_0x152341100, C4<0>, C4<0>;
L_0x1523414c0 .functor AND 1, L_0x152341300, L_0x152341420, C4<1>, C4<1>;
L_0x1523416e0 .functor AND 1, L_0x1523414c0, L_0x1523415b0, C4<1>, C4<1>;
L_0x1523417e0 .functor OR 1, L_0x1523411d0, L_0x1523416e0, C4<0>, C4<0>;
L_0x152341cd0 .functor AND 1, L_0x152341b20, L_0x152341bc0, C4<1>, C4<1>;
L_0x152341de0 .functor OR 1, L_0x152341a20, L_0x152341cd0, C4<0>, C4<0>;
L_0x152341c60 .functor AND 1, L_0x152341e90, L_0x152341f30, C4<1>, C4<1>;
L_0x152342260 .functor AND 1, L_0x152341c60, L_0x1523421c0, C4<1>, C4<1>;
L_0x152342310 .functor OR 1, L_0x152341de0, L_0x152342260, C4<0>, C4<0>;
L_0x152342150 .functor AND 1, L_0x152342480, L_0x1523425b0, C4<1>, C4<1>;
L_0x1523427d0 .functor AND 1, L_0x152342150, L_0x152342690, C4<1>, C4<1>;
L_0x152342990 .functor AND 1, L_0x1523427d0, L_0x1523428f0, C4<1>, C4<1>;
L_0x152342a60 .functor OR 1, L_0x152342310, L_0x152342990, C4<0>, C4<0>;
L_0x152341080 .functor AND 1, L_0x152342730, L_0x152342dd0, C4<1>, C4<1>;
L_0x152342f70 .functor OR 1, L_0x152342c30, L_0x152341080, C4<0>, C4<0>;
L_0x152343280 .functor AND 1, L_0x152342b90, L_0x152343110, C4<1>, C4<1>;
L_0x1523433b0 .functor AND 1, L_0x152343280, L_0x152343310, C4<1>, C4<1>;
L_0x152343560 .functor OR 1, L_0x152342f70, L_0x1523433b0, C4<0>, C4<0>;
L_0x1523431b0 .functor AND 1, L_0x1523435d0, L_0x152343750, C4<1>, C4<1>;
L_0x1523434a0 .functor AND 1, L_0x1523431b0, L_0x152342010, C4<1>, C4<1>;
L_0x152343bb0 .functor AND 1, L_0x1523434a0, L_0x1523436b0, C4<1>, C4<1>;
L_0x152343d80 .functor OR 1, L_0x152343560, L_0x152343bb0, C4<0>, C4<0>;
L_0x152343a70 .functor AND 1, L_0x152343df0, L_0x152343f90, C4<1>, C4<1>;
L_0x152343ca0 .functor AND 1, L_0x152343a70, L_0x152344120, C4<1>, C4<1>;
L_0x1523442d0 .functor AND 1, L_0x152343ca0, L_0x152343ed0, C4<1>, C4<1>;
L_0x152344030 .functor AND 1, L_0x1523442d0, L_0x1523444c0, C4<1>, C4<1>;
L_0x152344200 .functor OR 1, L_0x152343d80, L_0x152344030, C4<0>, C4<0>;
L_0x1523443c0 .functor XOR 4, L_0x152340730, L_0x152341890, C4<0000>, C4<0000>;
v0x1522b9120_0 .net "G", 3 0, L_0x1523407a0;  1 drivers
v0x1522b8ee0_0 .net "P", 3 0, L_0x152340730;  1 drivers
v0x1507fc790_0 .net *"_ivl_102", 0 0, L_0x152343310;  1 drivers
v0x1507fc820_0 .net *"_ivl_103", 0 0, L_0x1523433b0;  1 drivers
v0x1507fa7e0_0 .net *"_ivl_105", 0 0, L_0x152343560;  1 drivers
v0x1507fa870_0 .net *"_ivl_108", 0 0, L_0x1523435d0;  1 drivers
v0x1507f8830_0 .net *"_ivl_11", 0 0, L_0x1523409a0;  1 drivers
v0x1507f88c0_0 .net *"_ivl_110", 0 0, L_0x152343750;  1 drivers
v0x1507f6650_0 .net *"_ivl_111", 0 0, L_0x1523431b0;  1 drivers
v0x1507f66e0_0 .net *"_ivl_114", 0 0, L_0x152342010;  1 drivers
v0x15210e3c0_0 .net *"_ivl_115", 0 0, L_0x1523434a0;  1 drivers
v0x15210e450_0 .net *"_ivl_118", 0 0, L_0x1523436b0;  1 drivers
v0x1521f0420_0 .net *"_ivl_119", 0 0, L_0x152343bb0;  1 drivers
v0x1521f04b0_0 .net *"_ivl_121", 0 0, L_0x152343d80;  1 drivers
v0x1521df390_0 .net *"_ivl_124", 0 0, L_0x152343df0;  1 drivers
v0x1521df420_0 .net *"_ivl_126", 0 0, L_0x152343f90;  1 drivers
v0x1521ef340_0 .net *"_ivl_127", 0 0, L_0x152343a70;  1 drivers
v0x1521ef3d0_0 .net *"_ivl_13", 0 0, L_0x152340a80;  1 drivers
v0x1521ddc40_0 .net *"_ivl_130", 0 0, L_0x152344120;  1 drivers
v0x1521ddcd0_0 .net *"_ivl_131", 0 0, L_0x152343ca0;  1 drivers
v0x1521ccc30_0 .net *"_ivl_134", 0 0, L_0x152343ed0;  1 drivers
v0x1521cccc0_0 .net *"_ivl_135", 0 0, L_0x1523442d0;  1 drivers
v0x1521abc70_0 .net *"_ivl_138", 0 0, L_0x1523444c0;  1 drivers
v0x1521abd00_0 .net *"_ivl_139", 0 0, L_0x152344030;  1 drivers
v0x1521bbc20_0 .net *"_ivl_15", 0 0, L_0x152340b60;  1 drivers
v0x1521bbcb0_0 .net *"_ivl_16", 0 0, L_0x152340c20;  1 drivers
v0x1521aab90_0 .net *"_ivl_18", 0 0, L_0x152340d50;  1 drivers
v0x1521aac20_0 .net *"_ivl_23", 0 0, L_0x152340e70;  1 drivers
v0x1521892d0_0 .net *"_ivl_25", 0 0, L_0x152340f10;  1 drivers
v0x152189360_0 .net *"_ivl_27", 0 0, L_0x152340fe0;  1 drivers
v0x152199270_0 .net *"_ivl_28", 0 0, L_0x152341100;  1 drivers
v0x152199300_0 .net *"_ivl_30", 0 0, L_0x1523411d0;  1 drivers
v0x152188260_0 .net *"_ivl_33", 0 0, L_0x152341300;  1 drivers
v0x1521882f0_0 .net *"_ivl_35", 0 0, L_0x152341420;  1 drivers
v0x1521cdca0_0 .net *"_ivl_36", 0 0, L_0x1523414c0;  1 drivers
v0x1521672a0_0 .net *"_ivl_39", 0 0, L_0x1523415b0;  1 drivers
v0x152167330_0 .net *"_ivl_40", 0 0, L_0x1523416e0;  1 drivers
v0x152177250_0 .net *"_ivl_42", 0 0, L_0x1523417e0;  1 drivers
v0x1521772e0_0 .net *"_ivl_48", 0 0, L_0x152341a20;  1 drivers
v0x152156210_0 .net *"_ivl_50", 0 0, L_0x152341b20;  1 drivers
v0x1521562a0_0 .net *"_ivl_52", 0 0, L_0x152341bc0;  1 drivers
v0x1521661c0_0 .net *"_ivl_53", 0 0, L_0x152341cd0;  1 drivers
v0x152166250_0 .net *"_ivl_55", 0 0, L_0x152341de0;  1 drivers
v0x152144b20_0 .net *"_ivl_58", 0 0, L_0x152341e90;  1 drivers
v0x152144bb0_0 .net *"_ivl_60", 0 0, L_0x152341f30;  1 drivers
v0x152154ac0_0 .net *"_ivl_61", 0 0, L_0x152341c60;  1 drivers
v0x152154b50_0 .net *"_ivl_64", 0 0, L_0x1523421c0;  1 drivers
v0x152143ab0_0 .net *"_ivl_65", 0 0, L_0x152342260;  1 drivers
v0x152143b40_0 .net *"_ivl_67", 0 0, L_0x152342310;  1 drivers
v0x152122af0_0 .net *"_ivl_7", 0 0, L_0x1523408b0;  1 drivers
v0x152122b80_0 .net *"_ivl_70", 0 0, L_0x152342480;  1 drivers
v0x152132aa0_0 .net *"_ivl_72", 0 0, L_0x1523425b0;  1 drivers
v0x152132b30_0 .net *"_ivl_73", 0 0, L_0x152342150;  1 drivers
v0x152111a60_0 .net *"_ivl_76", 0 0, L_0x152342690;  1 drivers
v0x152111af0_0 .net *"_ivl_77", 0 0, L_0x1523427d0;  1 drivers
v0x152121a10_0 .net *"_ivl_80", 0 0, L_0x1523428f0;  1 drivers
v0x152121aa0_0 .net *"_ivl_81", 0 0, L_0x152342990;  1 drivers
v0x152111670_0 .net *"_ivl_83", 0 0, L_0x152342a60;  1 drivers
v0x152111700_0 .net *"_ivl_86", 0 0, L_0x152342c30;  1 drivers
v0x1522c2740_0 .net *"_ivl_88", 0 0, L_0x152342730;  1 drivers
v0x1522c27d0_0 .net *"_ivl_90", 0 0, L_0x152342dd0;  1 drivers
v0x1522b1630_0 .net *"_ivl_91", 0 0, L_0x152341080;  1 drivers
v0x1522b16c0_0 .net *"_ivl_93", 0 0, L_0x152342f70;  1 drivers
v0x152228340_0 .net *"_ivl_96", 0 0, L_0x152342b90;  1 drivers
v0x1522283d0_0 .net *"_ivl_98", 0 0, L_0x152343110;  1 drivers
v0x1522a04a0_0 .net *"_ivl_99", 0 0, L_0x152343280;  1 drivers
v0x1522a0530_0 .net "a", 3 0, L_0x1523447d0;  1 drivers
v0x1522b0440_0 .net "b", 3 0, L_0x152344870;  1 drivers
v0x1522b04d0_0 .net "c", 3 0, L_0x152341890;  1 drivers
v0x15229f430_0 .net "cin", 0 0, L_0x152340020;  alias, 1 drivers
v0x15229f4c0_0 .net "cout", 0 0, L_0x152344200;  alias, 1 drivers
v0x15227e470_0 .net "sum", 3 0, L_0x1523443c0;  1 drivers
L_0x1523409a0 .part L_0x1523407a0, 0, 1;
L_0x152340a80 .part L_0x152340730, 0, 1;
L_0x152340b60 .part L_0x152341890, 0, 1;
L_0x152340e70 .part L_0x1523407a0, 1, 1;
L_0x152340f10 .part L_0x152340730, 1, 1;
L_0x152340fe0 .part L_0x1523407a0, 0, 1;
L_0x152341300 .part L_0x152340730, 1, 1;
L_0x152341420 .part L_0x152340730, 0, 1;
L_0x1523415b0 .part L_0x152341890, 0, 1;
L_0x152341890 .concat8 [ 1 1 1 1], L_0x1523408b0, L_0x152340d50, L_0x1523417e0, L_0x152342a60;
L_0x152341a20 .part L_0x1523407a0, 2, 1;
L_0x152341b20 .part L_0x152340730, 2, 1;
L_0x152341bc0 .part L_0x1523407a0, 1, 1;
L_0x152341e90 .part L_0x152340730, 2, 1;
L_0x152341f30 .part L_0x152340730, 1, 1;
L_0x1523421c0 .part L_0x1523407a0, 0, 1;
L_0x152342480 .part L_0x152340730, 2, 1;
L_0x1523425b0 .part L_0x152340730, 1, 1;
L_0x152342690 .part L_0x152340730, 0, 1;
L_0x1523428f0 .part L_0x152341890, 0, 1;
L_0x152342c30 .part L_0x1523407a0, 3, 1;
L_0x152342730 .part L_0x152340730, 3, 1;
L_0x152342dd0 .part L_0x1523407a0, 2, 1;
L_0x152342b90 .part L_0x152340730, 3, 1;
L_0x152343110 .part L_0x152340730, 2, 1;
L_0x152343310 .part L_0x1523407a0, 1, 1;
L_0x1523435d0 .part L_0x152340730, 3, 1;
L_0x152343750 .part L_0x152340730, 2, 1;
L_0x152342010 .part L_0x152340730, 1, 1;
L_0x1523436b0 .part L_0x1523407a0, 0, 1;
L_0x152343df0 .part L_0x152340730, 3, 1;
L_0x152343f90 .part L_0x152340730, 2, 1;
L_0x152344120 .part L_0x152340730, 1, 1;
L_0x152343ed0 .part L_0x152340730, 0, 1;
L_0x1523444c0 .part L_0x152341890, 0, 1;
S_0x1521078e0 .scope module, "n4" "cla_4" 5 17, 6 3 0, S_0x1507f7810;
 .timescale -9 -11;
    .port_info 0 /INPUT 4 "a";
    .port_info 1 /INPUT 4 "b";
    .port_info 2 /INPUT 1 "cin";
    .port_info 3 /OUTPUT 4 "sum";
    .port_info 4 /OUTPUT 1 "cout";
L_0x152344910 .functor XOR 4, L_0x1523488c0, L_0x152348960, C4<0000>, C4<0000>;
L_0x152344980 .functor AND 4, L_0x1523488c0, L_0x152348960, C4<1111>, C4<1111>;
L_0x152344a70 .functor BUFZ 1, L_0x152344200, C4<0>, C4<0>, C4<0>;
L_0x152344dc0 .functor AND 1, L_0x152344c00, L_0x152344ce0, C4<1>, C4<1>;
L_0x152344ef0 .functor OR 1, L_0x152344b60, L_0x152344dc0, C4<0>, C4<0>;
L_0x1523452a0 .functor AND 1, L_0x1523450b0, L_0x152345180, C4<1>, C4<1>;
L_0x152345370 .functor OR 1, L_0x152345010, L_0x1523452a0, C4<0>, C4<0>;
L_0x152345660 .functor AND 1, L_0x1523454a0, L_0x1523455c0, C4<1>, C4<1>;
L_0x152345880 .functor AND 1, L_0x152345660, L_0x152345750, C4<1>, C4<1>;
L_0x152345980 .functor OR 1, L_0x152345370, L_0x152345880, C4<0>, C4<0>;
L_0x152345e40 .functor AND 1, L_0x152345c90, L_0x152345d30, C4<1>, C4<1>;
L_0x152345f10 .functor OR 1, L_0x152345b90, L_0x152345e40, C4<0>, C4<0>;
L_0x152345dd0 .functor AND 1, L_0x152345fc0, L_0x152346060, C4<1>, C4<1>;
L_0x1523463b0 .functor AND 1, L_0x152345dd0, L_0x152346310, C4<1>, C4<1>;
L_0x152346460 .functor OR 1, L_0x152345f10, L_0x1523463b0, C4<0>, C4<0>;
L_0x1523462a0 .functor AND 1, L_0x1523465d0, L_0x152346700, C4<1>, C4<1>;
L_0x152346920 .functor AND 1, L_0x1523462a0, L_0x1523467e0, C4<1>, C4<1>;
L_0x152346ac0 .functor AND 1, L_0x152346920, L_0x152346a20, C4<1>, C4<1>;
L_0x152346b90 .functor OR 1, L_0x152346460, L_0x152346ac0, C4<0>, C4<0>;
L_0x152345220 .functor AND 1, L_0x152346880, L_0x152346fb0, C4<1>, C4<1>;
L_0x152346f40 .functor OR 1, L_0x152346d60, L_0x152345220, C4<0>, C4<0>;
L_0x1523473b0 .functor AND 1, L_0x152346cc0, L_0x152347240, C4<1>, C4<1>;
L_0x1523474e0 .functor AND 1, L_0x1523473b0, L_0x152347440, C4<1>, C4<1>;
L_0x152347690 .functor OR 1, L_0x152346f40, L_0x1523474e0, C4<0>, C4<0>;
L_0x1523472e0 .functor AND 1, L_0x152347700, L_0x152347880, C4<1>, C4<1>;
L_0x1523475d0 .functor AND 1, L_0x1523472e0, L_0x152346140, C4<1>, C4<1>;
L_0x152347ce0 .functor AND 1, L_0x1523475d0, L_0x1523477a0, C4<1>, C4<1>;
L_0x152347eb0 .functor OR 1, L_0x152347690, L_0x152347ce0, C4<0>, C4<0>;
L_0x152347ba0 .functor AND 1, L_0x152347f20, L_0x1523480c0, C4<1>, C4<1>;
L_0x152347dd0 .functor AND 1, L_0x152347ba0, L_0x152348250, C4<1>, C4<1>;
L_0x152348400 .functor AND 1, L_0x152347dd0, L_0x152348000, C4<1>, C4<1>;
L_0x152348160 .functor AND 1, L_0x152348400, L_0x1523485f0, C4<1>, C4<1>;
L_0x1523482f0 .functor OR 1, L_0x152347eb0, L_0x152348160, C4<0>, C4<0>;
L_0x1523484f0 .functor XOR 4, L_0x152344910, L_0x152345a30, C4<0000>, C4<0000>;
v0x15227e500_0 .net "G", 3 0, L_0x152344980;  1 drivers
v0x15228e420_0 .net "P", 3 0, L_0x152344910;  1 drivers
v0x15228e4b0_0 .net *"_ivl_102", 0 0, L_0x152347440;  1 drivers
v0x15226d3e0_0 .net *"_ivl_103", 0 0, L_0x1523474e0;  1 drivers
v0x15226d470_0 .net *"_ivl_105", 0 0, L_0x152347690;  1 drivers
v0x15227d390_0 .net *"_ivl_108", 0 0, L_0x152347700;  1 drivers
v0x15227d420_0 .net *"_ivl_11", 0 0, L_0x152344b60;  1 drivers
v0x15225bcf0_0 .net *"_ivl_110", 0 0, L_0x152347880;  1 drivers
v0x15225bd80_0 .net *"_ivl_111", 0 0, L_0x1523472e0;  1 drivers
v0x15226bc90_0 .net *"_ivl_114", 0 0, L_0x152346140;  1 drivers
v0x15226bd20_0 .net *"_ivl_115", 0 0, L_0x1523475d0;  1 drivers
v0x15225ac80_0 .net *"_ivl_118", 0 0, L_0x1523477a0;  1 drivers
v0x15225ad10_0 .net *"_ivl_119", 0 0, L_0x152347ce0;  1 drivers
v0x152239cc0_0 .net *"_ivl_121", 0 0, L_0x152347eb0;  1 drivers
v0x152239d50_0 .net *"_ivl_124", 0 0, L_0x152347f20;  1 drivers
v0x152249c70_0 .net *"_ivl_126", 0 0, L_0x1523480c0;  1 drivers
v0x152249d00_0 .net *"_ivl_127", 0 0, L_0x152347ba0;  1 drivers
v0x152238be0_0 .net *"_ivl_13", 0 0, L_0x152344c00;  1 drivers
v0x152238c70_0 .net *"_ivl_130", 0 0, L_0x152348250;  1 drivers
v0x1522bc700_0 .net *"_ivl_131", 0 0, L_0x152347dd0;  1 drivers
v0x1522bc790_0 .net *"_ivl_134", 0 0, L_0x152348000;  1 drivers
v0x1522bde60_0 .net *"_ivl_135", 0 0, L_0x152348400;  1 drivers
v0x1522bdef0_0 .net *"_ivl_138", 0 0, L_0x1523485f0;  1 drivers
v0x1522164d0_0 .net *"_ivl_139", 0 0, L_0x152348160;  1 drivers
v0x152216560_0 .net *"_ivl_15", 0 0, L_0x152344ce0;  1 drivers
v0x152226470_0 .net *"_ivl_16", 0 0, L_0x152344dc0;  1 drivers
v0x152226500_0 .net *"_ivl_18", 0 0, L_0x152344ef0;  1 drivers
v0x152215460_0 .net *"_ivl_23", 0 0, L_0x152345010;  1 drivers
v0x1522154f0_0 .net *"_ivl_25", 0 0, L_0x1523450b0;  1 drivers
v0x152204450_0 .net *"_ivl_27", 0 0, L_0x152345180;  1 drivers
v0x1522044e0_0 .net *"_ivl_28", 0 0, L_0x1523452a0;  1 drivers
v0x1521bc250_0 .net *"_ivl_30", 0 0, L_0x152345370;  1 drivers
v0x1521bc2e0_0 .net *"_ivl_33", 0 0, L_0x1523454a0;  1 drivers
v0x152228c20_0 .net *"_ivl_35", 0 0, L_0x1523455c0;  1 drivers
v0x152177880_0 .net *"_ivl_36", 0 0, L_0x152345660;  1 drivers
v0x152177910_0 .net *"_ivl_39", 0 0, L_0x152345750;  1 drivers
v0x1521330d0_0 .net *"_ivl_40", 0 0, L_0x152345880;  1 drivers
v0x152133160_0 .net *"_ivl_42", 0 0, L_0x152345980;  1 drivers
v0x152227410_0 .net *"_ivl_48", 0 0, L_0x152345b90;  1 drivers
v0x1522274a0_0 .net *"_ivl_50", 0 0, L_0x152345c90;  1 drivers
v0x15228ea50_0 .net *"_ivl_52", 0 0, L_0x152345d30;  1 drivers
v0x15228eae0_0 .net *"_ivl_53", 0 0, L_0x152345e40;  1 drivers
v0x15224a2a0_0 .net *"_ivl_55", 0 0, L_0x152345f10;  1 drivers
v0x15224a330_0 .net *"_ivl_58", 0 0, L_0x152345fc0;  1 drivers
v0x152204a80_0 .net *"_ivl_60", 0 0, L_0x152346060;  1 drivers
v0x152204b10_0 .net *"_ivl_61", 0 0, L_0x152345dd0;  1 drivers
v0x1522be8b0_0 .net *"_ivl_64", 0 0, L_0x152346310;  1 drivers
v0x1522be940_0 .net *"_ivl_65", 0 0, L_0x1523463b0;  1 drivers
v0x1521eef70_0 .net *"_ivl_67", 0 0, L_0x152346460;  1 drivers
v0x1521ef000_0 .net *"_ivl_7", 0 0, L_0x152344a70;  1 drivers
v0x1521dd870_0 .net *"_ivl_70", 0 0, L_0x1523465d0;  1 drivers
v0x1521dd900_0 .net *"_ivl_72", 0 0, L_0x152346700;  1 drivers
v0x1521cc860_0 .net *"_ivl_73", 0 0, L_0x1523462a0;  1 drivers
v0x1521cc8f0_0 .net *"_ivl_76", 0 0, L_0x1523467e0;  1 drivers
v0x1521bb850_0 .net *"_ivl_77", 0 0, L_0x152346920;  1 drivers
v0x1521bb8e0_0 .net *"_ivl_80", 0 0, L_0x152346a20;  1 drivers
v0x1521aa7c0_0 .net *"_ivl_81", 0 0, L_0x152346ac0;  1 drivers
v0x1521aa850_0 .net *"_ivl_83", 0 0, L_0x152346b90;  1 drivers
v0x152198ea0_0 .net *"_ivl_86", 0 0, L_0x152346d60;  1 drivers
v0x152198f30_0 .net *"_ivl_88", 0 0, L_0x152346880;  1 drivers
v0x152187e90_0 .net *"_ivl_90", 0 0, L_0x152346fb0;  1 drivers
v0x152187f20_0 .net *"_ivl_91", 0 0, L_0x152345220;  1 drivers
v0x152176e80_0 .net *"_ivl_93", 0 0, L_0x152346f40;  1 drivers
v0x152176f10_0 .net *"_ivl_96", 0 0, L_0x152346cc0;  1 drivers
v0x152165df0_0 .net *"_ivl_98", 0 0, L_0x152347240;  1 drivers
v0x152165e80_0 .net *"_ivl_99", 0 0, L_0x1523473b0;  1 drivers
v0x1521546f0_0 .net "a", 3 0, L_0x1523488c0;  1 drivers
v0x152154780_0 .net "b", 3 0, L_0x152348960;  1 drivers
v0x1521436e0_0 .net "c", 3 0, L_0x152345a30;  1 drivers
v0x152143770_0 .net "cin", 0 0, L_0x152344200;  alias, 1 drivers
v0x1521326d0_0 .net "cout", 0 0, L_0x1523482f0;  alias, 1 drivers
v0x152132760_0 .net "sum", 3 0, L_0x1523484f0;  1 drivers
L_0x152344b60 .part L_0x152344980, 0, 1;
L_0x152344c00 .part L_0x152344910, 0, 1;
L_0x152344ce0 .part L_0x152345a30, 0, 1;
L_0x152345010 .part L_0x152344980, 1, 1;
L_0x1523450b0 .part L_0x152344910, 1, 1;
L_0x152345180 .part L_0x152344980, 0, 1;
L_0x1523454a0 .part L_0x152344910, 1, 1;
L_0x1523455c0 .part L_0x152344910, 0, 1;
L_0x152345750 .part L_0x152345a30, 0, 1;
L_0x152345a30 .concat8 [ 1 1 1 1], L_0x152344a70, L_0x152344ef0, L_0x152345980, L_0x152346b90;
L_0x152345b90 .part L_0x152344980, 2, 1;
L_0x152345c90 .part L_0x152344910, 2, 1;
L_0x152345d30 .part L_0x152344980, 1, 1;
L_0x152345fc0 .part L_0x152344910, 2, 1;
L_0x152346060 .part L_0x152344910, 1, 1;
L_0x152346310 .part L_0x152344980, 0, 1;
L_0x1523465d0 .part L_0x152344910, 2, 1;
L_0x152346700 .part L_0x152344910, 1, 1;
L_0x1523467e0 .part L_0x152344910, 0, 1;
L_0x152346a20 .part L_0x152345a30, 0, 1;
L_0x152346d60 .part L_0x152344980, 3, 1;
L_0x152346880 .part L_0x152344910, 3, 1;
L_0x152346fb0 .part L_0x152344980, 2, 1;
L_0x152346cc0 .part L_0x152344910, 3, 1;
L_0x152347240 .part L_0x152344910, 2, 1;
L_0x152347440 .part L_0x152344980, 1, 1;
L_0x152347700 .part L_0x152344910, 3, 1;
L_0x152347880 .part L_0x152344910, 2, 1;
L_0x152346140 .part L_0x152344910, 1, 1;
L_0x1523477a0 .part L_0x152344980, 0, 1;
L_0x152347f20 .part L_0x152344910, 3, 1;
L_0x1523480c0 .part L_0x152344910, 2, 1;
L_0x152348250 .part L_0x152344910, 1, 1;
L_0x152348000 .part L_0x152344910, 0, 1;
L_0x1523485f0 .part L_0x152345a30, 0, 1;
S_0x1521068b0 .scope module, "n2" "cla16" 5 33, 5 4 0, S_0x1507f97c0;
 .timescale -9 -11;
    .port_info 0 /INPUT 16 "d1";
    .port_info 1 /INPUT 16 "d2";
    .port_info 2 /INPUT 1 "cin";
    .port_info 3 /OUTPUT 16 "sum";
    .port_info 4 /OUTPUT 1 "cout";
P_0x15229f180 .param/l "DATA_WIDTH" 0 5 4, +C4<00000000000000000000000000100000>;
v0x1522df210_0 .net "c1", 0 0, L_0x15234c740;  1 drivers
v0x1522df2a0_0 .net "c2", 0 0, L_0x152350890;  1 drivers
v0x1522df330_0 .net "c3", 0 0, L_0x152354a50;  1 drivers
v0x1522df3c0_0 .net "cin", 0 0, L_0x1523482f0;  alias, 1 drivers
v0x1522df450_0 .net8 "cout", 0 0, RS_0x158057270;  alias, 3 drivers
v0x1522df4e0_0 .net "d1", 15 0, L_0x152359520;  1 drivers
v0x1522df570_0 .net "d2", 15 0, L_0x1523595c0;  1 drivers
v0x1522df600_0 .net "sum", 15 0, L_0x152359370;  1 drivers
L_0x15234cd10 .part L_0x152359520, 0, 4;
L_0x15234cdb0 .part L_0x1523595c0, 0, 4;
L_0x152350e60 .part L_0x152359520, 4, 4;
L_0x152350f00 .part L_0x1523595c0, 4, 4;
L_0x152355020 .part L_0x152359520, 8, 4;
L_0x1523550c0 .part L_0x1523595c0, 8, 4;
L_0x1523591b0 .part L_0x152359520, 12, 4;
L_0x152359250 .part L_0x1523595c0, 12, 4;
L_0x152359370 .concat8 [ 4 4 4 4], L_0x15234c900, L_0x152350a90, L_0x152354c50, L_0x152358da0;
S_0x152105880 .scope module, "n1" "cla_4" 5 14, 6 3 0, S_0x1521068b0;
 .timescale -9 -11;
    .port_info 0 /INPUT 4 "a";
    .port_info 1 /INPUT 4 "b";
    .port_info 2 /INPUT 1 "cin";
    .port_info 3 /OUTPUT 4 "sum";
    .port_info 4 /OUTPUT 1 "cout";
L_0x152348d70 .functor XOR 4, L_0x15234cd10, L_0x15234cdb0, C4<0000>, C4<0000>;
L_0x152348de0 .functor AND 4, L_0x15234cd10, L_0x15234cdb0, C4<1111>, C4<1111>;
L_0x152348ed0 .functor BUFZ 1, L_0x1523482f0, C4<0>, C4<0>, C4<0>;
L_0x1523491e0 .functor AND 1, L_0x152349020, L_0x152349100, C4<1>, C4<1>;
L_0x152349310 .functor OR 1, L_0x152348f40, L_0x1523491e0, C4<0>, C4<0>;
L_0x1523496c0 .functor AND 1, L_0x1523494d0, L_0x1523495a0, C4<1>, C4<1>;
L_0x152349790 .functor OR 1, L_0x152349430, L_0x1523496c0, C4<0>, C4<0>;
L_0x152349a80 .functor AND 1, L_0x1523498c0, L_0x1523499e0, C4<1>, C4<1>;
L_0x152349ca0 .functor AND 1, L_0x152349a80, L_0x152349b70, C4<1>, C4<1>;
L_0x152349da0 .functor OR 1, L_0x152349790, L_0x152349ca0, C4<0>, C4<0>;
L_0x15234a290 .functor AND 1, L_0x15234a0e0, L_0x15234a180, C4<1>, C4<1>;
L_0x15234a3a0 .functor OR 1, L_0x152349fe0, L_0x15234a290, C4<0>, C4<0>;
L_0x15234a220 .functor AND 1, L_0x15234a450, L_0x15234a4f0, C4<1>, C4<1>;
L_0x15234a820 .functor AND 1, L_0x15234a220, L_0x15234a780, C4<1>, C4<1>;
L_0x15234a8d0 .functor OR 1, L_0x15234a3a0, L_0x15234a820, C4<0>, C4<0>;
L_0x15234a710 .functor AND 1, L_0x15234aa40, L_0x15234ab70, C4<1>, C4<1>;
L_0x15234ad50 .functor AND 1, L_0x15234a710, L_0x15234ac10, C4<1>, C4<1>;
L_0x15234aef0 .functor AND 1, L_0x15234ad50, L_0x15234ae50, C4<1>, C4<1>;
L_0x15234afa0 .functor OR 1, L_0x15234a8d0, L_0x15234aef0, C4<0>, C4<0>;
L_0x152349640 .functor AND 1, L_0x15234acb0, L_0x15234b3c0, C4<1>, C4<1>;
L_0x15234b350 .functor OR 1, L_0x15234b170, L_0x152349640, C4<0>, C4<0>;
L_0x15234b7c0 .functor AND 1, L_0x15234b0d0, L_0x15234b650, C4<1>, C4<1>;
L_0x15234b8f0 .functor AND 1, L_0x15234b7c0, L_0x15234b850, C4<1>, C4<1>;
L_0x15234baa0 .functor OR 1, L_0x15234b350, L_0x15234b8f0, C4<0>, C4<0>;
L_0x15234b6f0 .functor AND 1, L_0x15234bb10, L_0x15234bc90, C4<1>, C4<1>;
L_0x15234b9e0 .functor AND 1, L_0x15234b6f0, L_0x15234a5d0, C4<1>, C4<1>;
L_0x15234c0f0 .functor AND 1, L_0x15234b9e0, L_0x15234bbf0, C4<1>, C4<1>;
L_0x15234c2c0 .functor OR 1, L_0x15234baa0, L_0x15234c0f0, C4<0>, C4<0>;
L_0x15234bfb0 .functor AND 1, L_0x15234c330, L_0x15234c4d0, C4<1>, C4<1>;
L_0x15234c1e0 .functor AND 1, L_0x15234bfb0, L_0x15234c660, C4<1>, C4<1>;
L_0x15234c810 .functor AND 1, L_0x15234c1e0, L_0x15234c410, C4<1>, C4<1>;
L_0x15234c570 .functor AND 1, L_0x15234c810, L_0x15234ca00, C4<1>, C4<1>;
L_0x15234c740 .functor OR 1, L_0x15234c2c0, L_0x15234c570, C4<0>, C4<0>;
L_0x15234c900 .functor XOR 4, L_0x152348d70, L_0x152349e50, C4<0000>, C4<0000>;
v0x15227cfc0_0 .net "G", 3 0, L_0x152348de0;  1 drivers
v0x15227d050_0 .net "P", 3 0, L_0x152348d70;  1 drivers
v0x15226b8c0_0 .net *"_ivl_102", 0 0, L_0x15234b850;  1 drivers
v0x15226b950_0 .net *"_ivl_103", 0 0, L_0x15234b8f0;  1 drivers
v0x15225a8b0_0 .net *"_ivl_105", 0 0, L_0x15234baa0;  1 drivers
v0x15225a940_0 .net *"_ivl_108", 0 0, L_0x15234bb10;  1 drivers
v0x1522498a0_0 .net *"_ivl_11", 0 0, L_0x152348f40;  1 drivers
v0x152249930_0 .net *"_ivl_110", 0 0, L_0x15234bc90;  1 drivers
v0x152238810_0 .net *"_ivl_111", 0 0, L_0x15234b6f0;  1 drivers
v0x1522388a0_0 .net *"_ivl_114", 0 0, L_0x15234a5d0;  1 drivers
v0x1522260a0_0 .net *"_ivl_115", 0 0, L_0x15234b9e0;  1 drivers
v0x152226130_0 .net *"_ivl_118", 0 0, L_0x15234bbf0;  1 drivers
v0x152215090_0 .net *"_ivl_119", 0 0, L_0x15234c0f0;  1 drivers
v0x152215120_0 .net *"_ivl_121", 0 0, L_0x15234c2c0;  1 drivers
v0x152204080_0 .net *"_ivl_124", 0 0, L_0x15234c330;  1 drivers
v0x152204110_0 .net *"_ivl_126", 0 0, L_0x15234c4d0;  1 drivers
v0x152104820_0 .net *"_ivl_127", 0 0, L_0x15234bfb0;  1 drivers
v0x1521048b0_0 .net *"_ivl_13", 0 0, L_0x152349020;  1 drivers
v0x15210b780_0 .net *"_ivl_130", 0 0, L_0x15234c660;  1 drivers
v0x15210b810_0 .net *"_ivl_131", 0 0, L_0x15234c1e0;  1 drivers
v0x15219a430_0 .net *"_ivl_134", 0 0, L_0x15234c410;  1 drivers
v0x15219a4c0_0 .net *"_ivl_135", 0 0, L_0x15234c810;  1 drivers
v0x1521558d0_0 .net *"_ivl_138", 0 0, L_0x15234ca00;  1 drivers
v0x152155960_0 .net *"_ivl_139", 0 0, L_0x15234c570;  1 drivers
v0x15226caa0_0 .net *"_ivl_15", 0 0, L_0x152349100;  1 drivers
v0x15226cb30_0 .net *"_ivl_16", 0 0, L_0x1523491e0;  1 drivers
v0x1522be6b0_0 .net *"_ivl_18", 0 0, L_0x152349310;  1 drivers
v0x1522be740_0 .net *"_ivl_23", 0 0, L_0x152349430;  1 drivers
v0x15210fca0_0 .net *"_ivl_25", 0 0, L_0x1523494d0;  1 drivers
v0x15210fd30_0 .net *"_ivl_27", 0 0, L_0x1523495a0;  1 drivers
v0x15076f350_0 .net *"_ivl_28", 0 0, L_0x1523496c0;  1 drivers
v0x15076f3e0_0 .net *"_ivl_30", 0 0, L_0x152349790;  1 drivers
v0x152110970_0 .net *"_ivl_33", 0 0, L_0x1523498c0;  1 drivers
v0x152110a00_0 .net *"_ivl_35", 0 0, L_0x1523499e0;  1 drivers
v0x15210f010_0 .net *"_ivl_36", 0 0, L_0x152349a80;  1 drivers
v0x15210f0a0_0 .net *"_ivl_39", 0 0, L_0x152349b70;  1 drivers
v0x15210e120_0 .net *"_ivl_40", 0 0, L_0x152349ca0;  1 drivers
v0x15210e1b0_0 .net *"_ivl_42", 0 0, L_0x152349da0;  1 drivers
v0x1521dea50_0 .net *"_ivl_48", 0 0, L_0x152349fe0;  1 drivers
v0x1521deae0_0 .net *"_ivl_50", 0 0, L_0x15234a0e0;  1 drivers
v0x152199bb0_0 .net *"_ivl_52", 0 0, L_0x15234a180;  1 drivers
v0x152199c40_0 .net *"_ivl_53", 0 0, L_0x15234a290;  1 drivers
v0x152199cd0_0 .net *"_ivl_55", 0 0, L_0x15234a3a0;  1 drivers
v0x152199d60_0 .net *"_ivl_58", 0 0, L_0x15234a450;  1 drivers
v0x152155400_0 .net *"_ivl_60", 0 0, L_0x15234a4f0;  1 drivers
v0x152155490_0 .net *"_ivl_61", 0 0, L_0x15234a220;  1 drivers
v0x152155520_0 .net *"_ivl_64", 0 0, L_0x15234a780;  1 drivers
v0x1521555b0_0 .net *"_ivl_65", 0 0, L_0x15234a820;  1 drivers
v0x1521443f0_0 .net *"_ivl_67", 0 0, L_0x15234a8d0;  1 drivers
v0x152144480_0 .net *"_ivl_7", 0 0, L_0x152348ed0;  1 drivers
v0x152144510_0 .net *"_ivl_70", 0 0, L_0x15234aa40;  1 drivers
v0x1521445a0_0 .net *"_ivl_72", 0 0, L_0x15234ab70;  1 drivers
v0x1522b0d80_0 .net *"_ivl_73", 0 0, L_0x15234a710;  1 drivers
v0x1522b0e10_0 .net *"_ivl_76", 0 0, L_0x15234ac10;  1 drivers
v0x1522b0ea0_0 .net *"_ivl_77", 0 0, L_0x15234ad50;  1 drivers
v0x1522b0f30_0 .net *"_ivl_80", 0 0, L_0x15234ae50;  1 drivers
v0x15226c5d0_0 .net *"_ivl_81", 0 0, L_0x15234aef0;  1 drivers
v0x15226c660_0 .net *"_ivl_83", 0 0, L_0x15234afa0;  1 drivers
v0x15226c6f0_0 .net *"_ivl_86", 0 0, L_0x15234b170;  1 drivers
v0x15226c780_0 .net *"_ivl_88", 0 0, L_0x15234acb0;  1 drivers
v0x1521cd560_0 .net *"_ivl_90", 0 0, L_0x15234b3c0;  1 drivers
v0x1521cd5f0_0 .net *"_ivl_91", 0 0, L_0x152349640;  1 drivers
v0x1521cd680_0 .net *"_ivl_93", 0 0, L_0x15234b350;  1 drivers
v0x1521cd710_0 .net *"_ivl_96", 0 0, L_0x15234b0d0;  1 drivers
v0x15225b5b0_0 .net *"_ivl_98", 0 0, L_0x15234b650;  1 drivers
v0x15225b640_0 .net *"_ivl_99", 0 0, L_0x15234b7c0;  1 drivers
v0x15225b6d0_0 .net "a", 3 0, L_0x15234cd10;  1 drivers
v0x15225b760_0 .net "b", 3 0, L_0x15234cdb0;  1 drivers
v0x1521de580_0 .net "c", 3 0, L_0x152349e50;  1 drivers
v0x1521de610_0 .net "cin", 0 0, L_0x1523482f0;  alias, 1 drivers
v0x1521de6a0_0 .net "cout", 0 0, L_0x15234c740;  alias, 1 drivers
v0x152188b80_0 .net "sum", 3 0, L_0x15234c900;  1 drivers
L_0x152348f40 .part L_0x152348de0, 0, 1;
L_0x152349020 .part L_0x152348d70, 0, 1;
L_0x152349100 .part L_0x152349e50, 0, 1;
L_0x152349430 .part L_0x152348de0, 1, 1;
L_0x1523494d0 .part L_0x152348d70, 1, 1;
L_0x1523495a0 .part L_0x152348de0, 0, 1;
L_0x1523498c0 .part L_0x152348d70, 1, 1;
L_0x1523499e0 .part L_0x152348d70, 0, 1;
L_0x152349b70 .part L_0x152349e50, 0, 1;
L_0x152349e50 .concat8 [ 1 1 1 1], L_0x152348ed0, L_0x152349310, L_0x152349da0, L_0x15234afa0;
L_0x152349fe0 .part L_0x152348de0, 2, 1;
L_0x15234a0e0 .part L_0x152348d70, 2, 1;
L_0x15234a180 .part L_0x152348de0, 1, 1;
L_0x15234a450 .part L_0x152348d70, 2, 1;
L_0x15234a4f0 .part L_0x152348d70, 1, 1;
L_0x15234a780 .part L_0x152348de0, 0, 1;
L_0x15234aa40 .part L_0x152348d70, 2, 1;
L_0x15234ab70 .part L_0x152348d70, 1, 1;
L_0x15234ac10 .part L_0x152348d70, 0, 1;
L_0x15234ae50 .part L_0x152349e50, 0, 1;
L_0x15234b170 .part L_0x152348de0, 3, 1;
L_0x15234acb0 .part L_0x152348d70, 3, 1;
L_0x15234b3c0 .part L_0x152348de0, 2, 1;
L_0x15234b0d0 .part L_0x152348d70, 3, 1;
L_0x15234b650 .part L_0x152348d70, 2, 1;
L_0x15234b850 .part L_0x152348de0, 1, 1;
L_0x15234bb10 .part L_0x152348d70, 3, 1;
L_0x15234bc90 .part L_0x152348d70, 2, 1;
L_0x15234a5d0 .part L_0x152348d70, 1, 1;
L_0x15234bbf0 .part L_0x152348de0, 0, 1;
L_0x15234c330 .part L_0x152348d70, 3, 1;
L_0x15234c4d0 .part L_0x152348d70, 2, 1;
L_0x15234c660 .part L_0x152348d70, 1, 1;
L_0x15234c410 .part L_0x152348d70, 0, 1;
L_0x15234ca00 .part L_0x152349e50, 0, 1;
S_0x152188c10 .scope module, "n2" "cla_4" 5 15, 6 3 0, S_0x1521068b0;
 .timescale -9 -11;
    .port_info 0 /INPUT 4 "a";
    .port_info 1 /INPUT 4 "b";
    .port_info 2 /INPUT 1 "cin";
    .port_info 3 /OUTPUT 4 "sum";
    .port_info 4 /OUTPUT 1 "cout";
L_0x15234c970 .functor XOR 4, L_0x152350e60, L_0x152350f00, C4<0000>, C4<0000>;
L_0x15234ce90 .functor AND 4, L_0x152350e60, L_0x152350f00, C4<1111>, C4<1111>;
L_0x15234cfc0 .functor BUFZ 1, L_0x15234c740, C4<0>, C4<0>, C4<0>;
L_0x15234d310 .functor AND 1, L_0x15234d150, L_0x15234d230, C4<1>, C4<1>;
L_0x15234d440 .functor OR 1, L_0x15234d0b0, L_0x15234d310, C4<0>, C4<0>;
L_0x15234d7f0 .functor AND 1, L_0x15234d600, L_0x15234d6d0, C4<1>, C4<1>;
L_0x15234d8c0 .functor OR 1, L_0x15234d560, L_0x15234d7f0, C4<0>, C4<0>;
L_0x15234dbb0 .functor AND 1, L_0x15234d9f0, L_0x15234db10, C4<1>, C4<1>;
L_0x15234ddd0 .functor AND 1, L_0x15234dbb0, L_0x15234dca0, C4<1>, C4<1>;
L_0x15234ded0 .functor OR 1, L_0x15234d8c0, L_0x15234ddd0, C4<0>, C4<0>;
L_0x15234e3c0 .functor AND 1, L_0x15234e210, L_0x15234e2b0, C4<1>, C4<1>;
L_0x15234e4d0 .functor OR 1, L_0x15234e110, L_0x15234e3c0, C4<0>, C4<0>;
L_0x15234e350 .functor AND 1, L_0x15234e580, L_0x15234e620, C4<1>, C4<1>;
L_0x15234e950 .functor AND 1, L_0x15234e350, L_0x15234e8b0, C4<1>, C4<1>;
L_0x15234ea00 .functor OR 1, L_0x15234e4d0, L_0x15234e950, C4<0>, C4<0>;
L_0x15234e840 .functor AND 1, L_0x15234eb70, L_0x15234eca0, C4<1>, C4<1>;
L_0x15234eec0 .functor AND 1, L_0x15234e840, L_0x15234ed80, C4<1>, C4<1>;
L_0x15234f060 .functor AND 1, L_0x15234eec0, L_0x15234efc0, C4<1>, C4<1>;
L_0x15234f130 .functor OR 1, L_0x15234ea00, L_0x15234f060, C4<0>, C4<0>;
L_0x15234d770 .functor AND 1, L_0x15234ee20, L_0x15234f550, C4<1>, C4<1>;
L_0x15234f4e0 .functor OR 1, L_0x15234f300, L_0x15234d770, C4<0>, C4<0>;
L_0x15234f950 .functor AND 1, L_0x15234f260, L_0x15234f7e0, C4<1>, C4<1>;
L_0x15234fa80 .functor AND 1, L_0x15234f950, L_0x15234f9e0, C4<1>, C4<1>;
L_0x15234fc30 .functor OR 1, L_0x15234f4e0, L_0x15234fa80, C4<0>, C4<0>;
L_0x15234f880 .functor AND 1, L_0x15234fca0, L_0x15234fe20, C4<1>, C4<1>;
L_0x15234fb70 .functor AND 1, L_0x15234f880, L_0x15234e700, C4<1>, C4<1>;
L_0x152350280 .functor AND 1, L_0x15234fb70, L_0x15234fd80, C4<1>, C4<1>;
L_0x152350450 .functor OR 1, L_0x15234fc30, L_0x152350280, C4<0>, C4<0>;
L_0x152350140 .functor AND 1, L_0x1523504c0, L_0x152350660, C4<1>, C4<1>;
L_0x152350370 .functor AND 1, L_0x152350140, L_0x1523507f0, C4<1>, C4<1>;
L_0x1523509a0 .functor AND 1, L_0x152350370, L_0x1523505a0, C4<1>, C4<1>;
L_0x152350700 .functor AND 1, L_0x1523509a0, L_0x152350b90, C4<1>, C4<1>;
L_0x152350890 .functor OR 1, L_0x152350450, L_0x152350700, C4<0>, C4<0>;
L_0x152350a90 .functor XOR 4, L_0x15234c970, L_0x15234df80, C4<0000>, C4<0000>;
v0x15229fd50_0 .net "G", 3 0, L_0x15234ce90;  1 drivers
v0x15229fde0_0 .net "P", 3 0, L_0x15234c970;  1 drivers
v0x15229fe70_0 .net *"_ivl_102", 0 0, L_0x15234f9e0;  1 drivers
v0x15229ff00_0 .net *"_ivl_103", 0 0, L_0x15234fa80;  1 drivers
v0x1521efc90_0 .net *"_ivl_105", 0 0, L_0x15234fc30;  1 drivers
v0x1521efd20_0 .net *"_ivl_108", 0 0, L_0x15234fca0;  1 drivers
v0x1521efdb0_0 .net *"_ivl_11", 0 0, L_0x15234d0b0;  1 drivers
v0x1521efe40_0 .net *"_ivl_110", 0 0, L_0x15234fe20;  1 drivers
v0x1521ab4e0_0 .net *"_ivl_111", 0 0, L_0x15234f880;  1 drivers
v0x1521ab570_0 .net *"_ivl_114", 0 0, L_0x15234e700;  1 drivers
v0x1521ab600_0 .net *"_ivl_115", 0 0, L_0x15234fb70;  1 drivers
v0x1521ab690_0 .net *"_ivl_118", 0 0, L_0x15234fd80;  1 drivers
v0x152122360_0 .net *"_ivl_119", 0 0, L_0x152350280;  1 drivers
v0x1521223f0_0 .net *"_ivl_121", 0 0, L_0x152350450;  1 drivers
v0x152122480_0 .net *"_ivl_124", 0 0, L_0x1523504c0;  1 drivers
v0x152122510_0 .net *"_ivl_126", 0 0, L_0x152350660;  1 drivers
v0x15227dce0_0 .net *"_ivl_127", 0 0, L_0x152350140;  1 drivers
v0x15227de70_0 .net *"_ivl_13", 0 0, L_0x15234d150;  1 drivers
v0x152239530_0 .net *"_ivl_130", 0 0, L_0x1523507f0;  1 drivers
v0x1522395c0_0 .net *"_ivl_131", 0 0, L_0x152350370;  1 drivers
v0x152239650_0 .net *"_ivl_134", 0 0, L_0x1523505a0;  1 drivers
v0x1522396e0_0 .net *"_ivl_135", 0 0, L_0x1523509a0;  1 drivers
v0x152215d90_0 .net *"_ivl_138", 0 0, L_0x152350b90;  1 drivers
v0x152215e20_0 .net *"_ivl_139", 0 0, L_0x152350700;  1 drivers
v0x152215eb0_0 .net *"_ivl_15", 0 0, L_0x15234d230;  1 drivers
v0x152215f40_0 .net *"_ivl_16", 0 0, L_0x15234d310;  1 drivers
v0x152166af0_0 .net *"_ivl_18", 0 0, L_0x15234d440;  1 drivers
v0x152166b80_0 .net *"_ivl_23", 0 0, L_0x15234d560;  1 drivers
v0x152166c10_0 .net *"_ivl_25", 0 0, L_0x15234d600;  1 drivers
v0x152166ca0_0 .net *"_ivl_27", 0 0, L_0x15234d6d0;  1 drivers
v0x152226d60_0 .net *"_ivl_28", 0 0, L_0x15234d7f0;  1 drivers
v0x152226df0_0 .net *"_ivl_30", 0 0, L_0x15234d8c0;  1 drivers
v0x152226e80_0 .net *"_ivl_33", 0 0, L_0x15234d9f0;  1 drivers
v0x1521bc6d0_0 .net *"_ivl_35", 0 0, L_0x15234db10;  1 drivers
v0x152226f10_0 .net *"_ivl_36", 0 0, L_0x15234dbb0;  1 drivers
v0x15227dd70_0 .net *"_ivl_39", 0 0, L_0x15234dca0;  1 drivers
v0x152133350_0 .net *"_ivl_40", 0 0, L_0x15234ddd0;  1 drivers
v0x1521333e0_0 .net *"_ivl_42", 0 0, L_0x15234ded0;  1 drivers
v0x152133470_0 .net *"_ivl_48", 0 0, L_0x15234e110;  1 drivers
v0x152133500_0 .net *"_ivl_50", 0 0, L_0x15234e210;  1 drivers
v0x15228ecd0_0 .net *"_ivl_52", 0 0, L_0x15234e2b0;  1 drivers
v0x15228ed60_0 .net *"_ivl_53", 0 0, L_0x15234e3c0;  1 drivers
v0x15228edf0_0 .net *"_ivl_55", 0 0, L_0x15234e4d0;  1 drivers
v0x15228ee80_0 .net *"_ivl_58", 0 0, L_0x15234e580;  1 drivers
v0x15224a520_0 .net *"_ivl_60", 0 0, L_0x15234e620;  1 drivers
v0x15224a5b0_0 .net *"_ivl_61", 0 0, L_0x15234e350;  1 drivers
v0x15224a640_0 .net *"_ivl_64", 0 0, L_0x15234e8b0;  1 drivers
v0x15224a6d0_0 .net *"_ivl_65", 0 0, L_0x15234e950;  1 drivers
v0x152177b00_0 .net *"_ivl_67", 0 0, L_0x15234ea00;  1 drivers
v0x152177b90_0 .net *"_ivl_7", 0 0, L_0x15234cfc0;  1 drivers
v0x152177c20_0 .net *"_ivl_70", 0 0, L_0x15234eb70;  1 drivers
v0x152177cb0_0 .net *"_ivl_72", 0 0, L_0x15234eca0;  1 drivers
v0x152177d40_0 .net *"_ivl_73", 0 0, L_0x15234e840;  1 drivers
v0x152204d00_0 .net *"_ivl_76", 0 0, L_0x15234ed80;  1 drivers
v0x152204d90_0 .net *"_ivl_77", 0 0, L_0x15234eec0;  1 drivers
v0x152204e20_0 .net *"_ivl_80", 0 0, L_0x15234efc0;  1 drivers
v0x152204eb0_0 .net *"_ivl_81", 0 0, L_0x15234f060;  1 drivers
v0x152204f40_0 .net *"_ivl_83", 0 0, L_0x15234f130;  1 drivers
v0x150733b50_0 .net *"_ivl_86", 0 0, L_0x15234f300;  1 drivers
v0x150733be0_0 .net *"_ivl_88", 0 0, L_0x15234ee20;  1 drivers
v0x150733c70_0 .net *"_ivl_90", 0 0, L_0x15234f550;  1 drivers
v0x150733d00_0 .net *"_ivl_91", 0 0, L_0x15234d770;  1 drivers
v0x150733d90_0 .net *"_ivl_93", 0 0, L_0x15234f4e0;  1 drivers
v0x1507805a0_0 .net *"_ivl_96", 0 0, L_0x15234f260;  1 drivers
v0x150780630_0 .net *"_ivl_98", 0 0, L_0x15234f7e0;  1 drivers
v0x1507806c0_0 .net *"_ivl_99", 0 0, L_0x15234f950;  1 drivers
v0x150780750_0 .net "a", 3 0, L_0x152350e60;  1 drivers
v0x1507807e0_0 .net "b", 3 0, L_0x152350f00;  1 drivers
v0x1521bc4d0_0 .net "c", 3 0, L_0x15234df80;  1 drivers
v0x1521bc560_0 .net "cin", 0 0, L_0x15234c740;  alias, 1 drivers
v0x1521bc5f0_0 .net "cout", 0 0, L_0x152350890;  alias, 1 drivers
v0x15077f660_0 .net "sum", 3 0, L_0x152350a90;  1 drivers
L_0x15234d0b0 .part L_0x15234ce90, 0, 1;
L_0x15234d150 .part L_0x15234c970, 0, 1;
L_0x15234d230 .part L_0x15234df80, 0, 1;
L_0x15234d560 .part L_0x15234ce90, 1, 1;
L_0x15234d600 .part L_0x15234c970, 1, 1;
L_0x15234d6d0 .part L_0x15234ce90, 0, 1;
L_0x15234d9f0 .part L_0x15234c970, 1, 1;
L_0x15234db10 .part L_0x15234c970, 0, 1;
L_0x15234dca0 .part L_0x15234df80, 0, 1;
L_0x15234df80 .concat8 [ 1 1 1 1], L_0x15234cfc0, L_0x15234d440, L_0x15234ded0, L_0x15234f130;
L_0x15234e110 .part L_0x15234ce90, 2, 1;
L_0x15234e210 .part L_0x15234c970, 2, 1;
L_0x15234e2b0 .part L_0x15234ce90, 1, 1;
L_0x15234e580 .part L_0x15234c970, 2, 1;
L_0x15234e620 .part L_0x15234c970, 1, 1;
L_0x15234e8b0 .part L_0x15234ce90, 0, 1;
L_0x15234eb70 .part L_0x15234c970, 2, 1;
L_0x15234eca0 .part L_0x15234c970, 1, 1;
L_0x15234ed80 .part L_0x15234c970, 0, 1;
L_0x15234efc0 .part L_0x15234df80, 0, 1;
L_0x15234f300 .part L_0x15234ce90, 3, 1;
L_0x15234ee20 .part L_0x15234c970, 3, 1;
L_0x15234f550 .part L_0x15234ce90, 2, 1;
L_0x15234f260 .part L_0x15234c970, 3, 1;
L_0x15234f7e0 .part L_0x15234c970, 2, 1;
L_0x15234f9e0 .part L_0x15234ce90, 1, 1;
L_0x15234fca0 .part L_0x15234c970, 3, 1;
L_0x15234fe20 .part L_0x15234c970, 2, 1;
L_0x15234e700 .part L_0x15234c970, 1, 1;
L_0x15234fd80 .part L_0x15234ce90, 0, 1;
L_0x1523504c0 .part L_0x15234c970, 3, 1;
L_0x152350660 .part L_0x15234c970, 2, 1;
L_0x1523507f0 .part L_0x15234c970, 1, 1;
L_0x1523505a0 .part L_0x15234c970, 0, 1;
L_0x152350b90 .part L_0x15234df80, 0, 1;
S_0x15077f6f0 .scope module, "n3" "cla_4" 5 16, 6 3 0, S_0x1521068b0;
 .timescale -9 -11;
    .port_info 0 /INPUT 4 "a";
    .port_info 1 /INPUT 4 "b";
    .port_info 2 /INPUT 1 "cin";
    .port_info 3 /OUTPUT 4 "sum";
    .port_info 4 /OUTPUT 1 "cout";
L_0x152350fa0 .functor XOR 4, L_0x152355020, L_0x1523550c0, C4<0000>, C4<0000>;
L_0x152351010 .functor AND 4, L_0x152355020, L_0x1523550c0, C4<1111>, C4<1111>;
L_0x152351140 .functor BUFZ 1, L_0x152350890, C4<0>, C4<0>, C4<0>;
L_0x1523514b0 .functor AND 1, L_0x152351310, L_0x1523513f0, C4<1>, C4<1>;
L_0x1523515e0 .functor OR 1, L_0x152351230, L_0x1523514b0, C4<0>, C4<0>;
L_0x152351990 .functor AND 1, L_0x1523517a0, L_0x152351870, C4<1>, C4<1>;
L_0x152351a60 .functor OR 1, L_0x152351700, L_0x152351990, C4<0>, C4<0>;
L_0x152351d50 .functor AND 1, L_0x152351b90, L_0x152351cb0, C4<1>, C4<1>;
L_0x152351f70 .functor AND 1, L_0x152351d50, L_0x152351e40, C4<1>, C4<1>;
L_0x152352070 .functor OR 1, L_0x152351a60, L_0x152351f70, C4<0>, C4<0>;
L_0x152352560 .functor AND 1, L_0x1523523b0, L_0x152352450, C4<1>, C4<1>;
L_0x152352670 .functor OR 1, L_0x1523522b0, L_0x152352560, C4<0>, C4<0>;
L_0x1523524f0 .functor AND 1, L_0x152352720, L_0x1523527c0, C4<1>, C4<1>;
L_0x152352af0 .functor AND 1, L_0x1523524f0, L_0x152352a50, C4<1>, C4<1>;
L_0x152352ba0 .functor OR 1, L_0x152352670, L_0x152352af0, C4<0>, C4<0>;
L_0x1523529e0 .functor AND 1, L_0x152352d10, L_0x152352e40, C4<1>, C4<1>;
L_0x152353060 .functor AND 1, L_0x1523529e0, L_0x152352f20, C4<1>, C4<1>;
L_0x152353220 .functor AND 1, L_0x152353060, L_0x152353180, C4<1>, C4<1>;
L_0x1523532f0 .functor OR 1, L_0x152352ba0, L_0x152353220, C4<0>, C4<0>;
L_0x152351910 .functor AND 1, L_0x152352fc0, L_0x152353660, C4<1>, C4<1>;
L_0x152353800 .functor OR 1, L_0x1523534c0, L_0x152351910, C4<0>, C4<0>;
L_0x152353b10 .functor AND 1, L_0x152353420, L_0x1523539a0, C4<1>, C4<1>;
L_0x152353c40 .functor AND 1, L_0x152353b10, L_0x152353ba0, C4<1>, C4<1>;
L_0x152353df0 .functor OR 1, L_0x152353800, L_0x152353c40, C4<0>, C4<0>;
L_0x152353a40 .functor AND 1, L_0x152353e60, L_0x152353fe0, C4<1>, C4<1>;
L_0x152353d30 .functor AND 1, L_0x152353a40, L_0x1523528a0, C4<1>, C4<1>;
L_0x152354440 .functor AND 1, L_0x152353d30, L_0x152353f00, C4<1>, C4<1>;
L_0x152354610 .functor OR 1, L_0x152353df0, L_0x152354440, C4<0>, C4<0>;
L_0x152354300 .functor AND 1, L_0x152354680, L_0x152354820, C4<1>, C4<1>;
L_0x152354530 .functor AND 1, L_0x152354300, L_0x1523549b0, C4<1>, C4<1>;
L_0x152354b60 .functor AND 1, L_0x152354530, L_0x152354760, C4<1>, C4<1>;
L_0x1523548c0 .functor AND 1, L_0x152354b60, L_0x152354d50, C4<1>, C4<1>;
L_0x152354a50 .functor OR 1, L_0x152354610, L_0x1523548c0, C4<0>, C4<0>;
L_0x152354c50 .functor XOR 4, L_0x152350fa0, L_0x152352120, C4<0000>, C4<0000>;
v0x15077f860_0 .net "G", 3 0, L_0x152351010;  1 drivers
v0x150781500_0 .net "P", 3 0, L_0x152350fa0;  1 drivers
v0x150781590_0 .net *"_ivl_102", 0 0, L_0x152353ba0;  1 drivers
v0x150781620_0 .net *"_ivl_103", 0 0, L_0x152353c40;  1 drivers
v0x1507816b0_0 .net *"_ivl_105", 0 0, L_0x152353df0;  1 drivers
v0x150781740_0 .net *"_ivl_108", 0 0, L_0x152353e60;  1 drivers
v0x150782460_0 .net *"_ivl_11", 0 0, L_0x152351230;  1 drivers
v0x1507824f0_0 .net *"_ivl_110", 0 0, L_0x152353fe0;  1 drivers
v0x150782580_0 .net *"_ivl_111", 0 0, L_0x152353a40;  1 drivers
v0x150782610_0 .net *"_ivl_114", 0 0, L_0x1523528a0;  1 drivers
v0x1507826a0_0 .net *"_ivl_115", 0 0, L_0x152353d30;  1 drivers
v0x1507835d0_0 .net *"_ivl_118", 0 0, L_0x152353f00;  1 drivers
v0x150783660_0 .net *"_ivl_119", 0 0, L_0x152354440;  1 drivers
v0x1507836f0_0 .net *"_ivl_121", 0 0, L_0x152354610;  1 drivers
v0x150783780_0 .net *"_ivl_124", 0 0, L_0x152354680;  1 drivers
v0x150783810_0 .net *"_ivl_126", 0 0, L_0x152354820;  1 drivers
v0x15077e4a0_0 .net *"_ivl_127", 0 0, L_0x152354300;  1 drivers
v0x15077e630_0 .net *"_ivl_13", 0 0, L_0x152351310;  1 drivers
v0x15077e6c0_0 .net *"_ivl_130", 0 0, L_0x1523549b0;  1 drivers
v0x150785640_0 .net *"_ivl_131", 0 0, L_0x152354530;  1 drivers
v0x1507856d0_0 .net *"_ivl_134", 0 0, L_0x152354760;  1 drivers
v0x150785760_0 .net *"_ivl_135", 0 0, L_0x152354b60;  1 drivers
v0x1507857f0_0 .net *"_ivl_138", 0 0, L_0x152354d50;  1 drivers
v0x150785880_0 .net *"_ivl_139", 0 0, L_0x1523548c0;  1 drivers
v0x150784740_0 .net *"_ivl_15", 0 0, L_0x1523513f0;  1 drivers
v0x1507847d0_0 .net *"_ivl_16", 0 0, L_0x1523514b0;  1 drivers
v0x150784860_0 .net *"_ivl_18", 0 0, L_0x1523515e0;  1 drivers
v0x1507848f0_0 .net *"_ivl_23", 0 0, L_0x152351700;  1 drivers
v0x150784980_0 .net *"_ivl_25", 0 0, L_0x1523517a0;  1 drivers
v0x15073c140_0 .net *"_ivl_27", 0 0, L_0x152351870;  1 drivers
v0x15073c1d0_0 .net *"_ivl_28", 0 0, L_0x152351990;  1 drivers
v0x15073c260_0 .net *"_ivl_30", 0 0, L_0x152351a60;  1 drivers
v0x15073c2f0_0 .net *"_ivl_33", 0 0, L_0x152351b90;  1 drivers
v0x15073c380_0 .net *"_ivl_35", 0 0, L_0x152351cb0;  1 drivers
v0x15077e530_0 .net *"_ivl_36", 0 0, L_0x152351d50;  1 drivers
v0x150746ba0_0 .net *"_ivl_39", 0 0, L_0x152351e40;  1 drivers
v0x15077d2a0_0 .net *"_ivl_40", 0 0, L_0x152351f70;  1 drivers
v0x15077d330_0 .net *"_ivl_42", 0 0, L_0x152352070;  1 drivers
v0x15077d3c0_0 .net *"_ivl_48", 0 0, L_0x1523522b0;  1 drivers
v0x15077d450_0 .net *"_ivl_50", 0 0, L_0x1523523b0;  1 drivers
v0x15077d4e0_0 .net *"_ivl_52", 0 0, L_0x152352450;  1 drivers
v0x150720010_0 .net *"_ivl_53", 0 0, L_0x152352560;  1 drivers
v0x1507200a0_0 .net *"_ivl_55", 0 0, L_0x152352670;  1 drivers
v0x150720130_0 .net *"_ivl_58", 0 0, L_0x152352720;  1 drivers
v0x1507201c0_0 .net *"_ivl_60", 0 0, L_0x1523527c0;  1 drivers
v0x150720250_0 .net *"_ivl_61", 0 0, L_0x1523524f0;  1 drivers
v0x150730aa0_0 .net *"_ivl_64", 0 0, L_0x152352a50;  1 drivers
v0x150730b30_0 .net *"_ivl_65", 0 0, L_0x152352af0;  1 drivers
v0x150730bc0_0 .net *"_ivl_67", 0 0, L_0x152352ba0;  1 drivers
v0x150730c50_0 .net *"_ivl_7", 0 0, L_0x152351140;  1 drivers
v0x150730ce0_0 .net *"_ivl_70", 0 0, L_0x152352d10;  1 drivers
v0x15071d410_0 .net *"_ivl_72", 0 0, L_0x152352e40;  1 drivers
v0x15071d4a0_0 .net *"_ivl_73", 0 0, L_0x1523529e0;  1 drivers
v0x15071d530_0 .net *"_ivl_76", 0 0, L_0x152352f20;  1 drivers
v0x15071d5c0_0 .net *"_ivl_77", 0 0, L_0x152353060;  1 drivers
v0x15071d650_0 .net *"_ivl_80", 0 0, L_0x152353180;  1 drivers
v0x15072aff0_0 .net *"_ivl_81", 0 0, L_0x152353220;  1 drivers
v0x15072b080_0 .net *"_ivl_83", 0 0, L_0x1523532f0;  1 drivers
v0x15072b110_0 .net *"_ivl_86", 0 0, L_0x1523534c0;  1 drivers
v0x15072b1a0_0 .net *"_ivl_88", 0 0, L_0x152352fc0;  1 drivers
v0x15072b230_0 .net *"_ivl_90", 0 0, L_0x152353660;  1 drivers
v0x150765a20_0 .net *"_ivl_91", 0 0, L_0x152351910;  1 drivers
v0x150765ab0_0 .net *"_ivl_93", 0 0, L_0x152353800;  1 drivers
v0x150765b40_0 .net *"_ivl_96", 0 0, L_0x152353420;  1 drivers
v0x150765bd0_0 .net *"_ivl_98", 0 0, L_0x1523539a0;  1 drivers
v0x150765c60_0 .net *"_ivl_99", 0 0, L_0x152353b10;  1 drivers
v0x1507469a0_0 .net "a", 3 0, L_0x152355020;  1 drivers
v0x150746a30_0 .net "b", 3 0, L_0x1523550c0;  1 drivers
v0x150746ac0_0 .net "c", 3 0, L_0x152352120;  1 drivers
v0x15072e110_0 .net "cin", 0 0, L_0x152350890;  alias, 1 drivers
v0x15072e1a0_0 .net "cout", 0 0, L_0x152354a50;  alias, 1 drivers
v0x15072e230_0 .net "sum", 3 0, L_0x152354c50;  1 drivers
L_0x152351230 .part L_0x152351010, 0, 1;
L_0x152351310 .part L_0x152350fa0, 0, 1;
L_0x1523513f0 .part L_0x152352120, 0, 1;
L_0x152351700 .part L_0x152351010, 1, 1;
L_0x1523517a0 .part L_0x152350fa0, 1, 1;
L_0x152351870 .part L_0x152351010, 0, 1;
L_0x152351b90 .part L_0x152350fa0, 1, 1;
L_0x152351cb0 .part L_0x152350fa0, 0, 1;
L_0x152351e40 .part L_0x152352120, 0, 1;
L_0x152352120 .concat8 [ 1 1 1 1], L_0x152351140, L_0x1523515e0, L_0x152352070, L_0x1523532f0;
L_0x1523522b0 .part L_0x152351010, 2, 1;
L_0x1523523b0 .part L_0x152350fa0, 2, 1;
L_0x152352450 .part L_0x152351010, 1, 1;
L_0x152352720 .part L_0x152350fa0, 2, 1;
L_0x1523527c0 .part L_0x152350fa0, 1, 1;
L_0x152352a50 .part L_0x152351010, 0, 1;
L_0x152352d10 .part L_0x152350fa0, 2, 1;
L_0x152352e40 .part L_0x152350fa0, 1, 1;
L_0x152352f20 .part L_0x152350fa0, 0, 1;
L_0x152353180 .part L_0x152352120, 0, 1;
L_0x1523534c0 .part L_0x152351010, 3, 1;
L_0x152352fc0 .part L_0x152350fa0, 3, 1;
L_0x152353660 .part L_0x152351010, 2, 1;
L_0x152353420 .part L_0x152350fa0, 3, 1;
L_0x1523539a0 .part L_0x152350fa0, 2, 1;
L_0x152353ba0 .part L_0x152351010, 1, 1;
L_0x152353e60 .part L_0x152350fa0, 3, 1;
L_0x152353fe0 .part L_0x152350fa0, 2, 1;
L_0x1523528a0 .part L_0x152350fa0, 1, 1;
L_0x152353f00 .part L_0x152351010, 0, 1;
L_0x152354680 .part L_0x152350fa0, 3, 1;
L_0x152354820 .part L_0x152350fa0, 2, 1;
L_0x1523549b0 .part L_0x152350fa0, 1, 1;
L_0x152354760 .part L_0x152350fa0, 0, 1;
L_0x152354d50 .part L_0x152352120, 0, 1;
S_0x15074d210 .scope module, "n4" "cla_4" 5 17, 6 3 0, S_0x1521068b0;
 .timescale -9 -11;
    .port_info 0 /INPUT 4 "a";
    .port_info 1 /INPUT 4 "b";
    .port_info 2 /INPUT 1 "cin";
    .port_info 3 /OUTPUT 4 "sum";
    .port_info 4 /OUTPUT 1 "cout";
L_0x152354cc0 .functor XOR 4, L_0x1523591b0, L_0x152359250, C4<0000>, C4<0000>;
L_0x152355160 .functor AND 4, L_0x1523591b0, L_0x152359250, C4<1111>, C4<1111>;
L_0x152355290 .functor BUFZ 1, L_0x152354a50, C4<0>, C4<0>, C4<0>;
L_0x152355600 .functor AND 1, L_0x152355460, L_0x152355540, C4<1>, C4<1>;
L_0x152355730 .functor OR 1, L_0x152355380, L_0x152355600, C4<0>, C4<0>;
L_0x152355ae0 .functor AND 1, L_0x1523558f0, L_0x1523559c0, C4<1>, C4<1>;
L_0x152355bb0 .functor OR 1, L_0x152355850, L_0x152355ae0, C4<0>, C4<0>;
L_0x152355ea0 .functor AND 1, L_0x152355ce0, L_0x152355e00, C4<1>, C4<1>;
L_0x1523560c0 .functor AND 1, L_0x152355ea0, L_0x152355f90, C4<1>, C4<1>;
L_0x1523561c0 .functor OR 1, L_0x152355bb0, L_0x1523560c0, C4<0>, C4<0>;
L_0x1523566b0 .functor AND 1, L_0x152356500, L_0x1523565a0, C4<1>, C4<1>;
L_0x1523567c0 .functor OR 1, L_0x152356400, L_0x1523566b0, C4<0>, C4<0>;
L_0x152356640 .functor AND 1, L_0x152356870, L_0x152356910, C4<1>, C4<1>;
L_0x152356c40 .functor AND 1, L_0x152356640, L_0x152356ba0, C4<1>, C4<1>;
L_0x152356cf0 .functor OR 1, L_0x1523567c0, L_0x152356c40, C4<0>, C4<0>;
L_0x152356b30 .functor AND 1, L_0x152356e60, L_0x152356f90, C4<1>, C4<1>;
L_0x1523571b0 .functor AND 1, L_0x152356b30, L_0x152357070, C4<1>, C4<1>;
L_0x152357370 .functor AND 1, L_0x1523571b0, L_0x1523572d0, C4<1>, C4<1>;
L_0x152357440 .functor OR 1, L_0x152356cf0, L_0x152357370, C4<0>, C4<0>;
L_0x152355a60 .functor AND 1, L_0x152357110, L_0x1523577b0, C4<1>, C4<1>;
L_0x152357950 .functor OR 1, L_0x152357610, L_0x152355a60, C4<0>, C4<0>;
L_0x152357c60 .functor AND 1, L_0x152357570, L_0x152357af0, C4<1>, C4<1>;
L_0x152357d90 .functor AND 1, L_0x152357c60, L_0x152357cf0, C4<1>, C4<1>;
L_0x152357f40 .functor OR 1, L_0x152357950, L_0x152357d90, C4<0>, C4<0>;
L_0x152357b90 .functor AND 1, L_0x152357fb0, L_0x152358130, C4<1>, C4<1>;
L_0x152357e80 .functor AND 1, L_0x152357b90, L_0x1523569f0, C4<1>, C4<1>;
L_0x152358590 .functor AND 1, L_0x152357e80, L_0x152358090, C4<1>, C4<1>;
L_0x152358760 .functor OR 1, L_0x152357f40, L_0x152358590, C4<0>, C4<0>;
L_0x152358450 .functor AND 1, L_0x1523587d0, L_0x152358970, C4<1>, C4<1>;
L_0x152358680 .functor AND 1, L_0x152358450, L_0x152358b00, C4<1>, C4<1>;
L_0x152358cb0 .functor AND 1, L_0x152358680, L_0x1523588b0, C4<1>, C4<1>;
L_0x152358a10 .functor AND 1, L_0x152358cb0, L_0x152358ea0, C4<1>, C4<1>;
L_0x152358be0 .functor OR 1, L_0x152358760, L_0x152358a10, C4<0>, C4<0>;
L_0x152358da0 .functor XOR 4, L_0x152354cc0, L_0x152356270, C4<0000>, C4<0000>;
v0x15072e2c0_0 .net "G", 3 0, L_0x152355160;  1 drivers
v0x15072e350_0 .net "P", 3 0, L_0x152354cc0;  1 drivers
v0x15074d380_0 .net *"_ivl_102", 0 0, L_0x152357cf0;  1 drivers
v0x15074d410_0 .net *"_ivl_103", 0 0, L_0x152357d90;  1 drivers
v0x150768ab0_0 .net *"_ivl_105", 0 0, L_0x152357f40;  1 drivers
v0x150768b40_0 .net *"_ivl_108", 0 0, L_0x152357fb0;  1 drivers
v0x150768bd0_0 .net *"_ivl_11", 0 0, L_0x152355380;  1 drivers
v0x150768c60_0 .net *"_ivl_110", 0 0, L_0x152358130;  1 drivers
v0x150768cf0_0 .net *"_ivl_111", 0 0, L_0x152357b90;  1 drivers
v0x1507734f0_0 .net *"_ivl_114", 0 0, L_0x1523569f0;  1 drivers
v0x150773580_0 .net *"_ivl_115", 0 0, L_0x152357e80;  1 drivers
v0x150773610_0 .net *"_ivl_118", 0 0, L_0x152358090;  1 drivers
v0x1507736a0_0 .net *"_ivl_119", 0 0, L_0x152358590;  1 drivers
v0x150773730_0 .net *"_ivl_121", 0 0, L_0x152358760;  1 drivers
v0x150735890_0 .net *"_ivl_124", 0 0, L_0x1523587d0;  1 drivers
v0x150735920_0 .net *"_ivl_126", 0 0, L_0x152358970;  1 drivers
v0x1507359b0_0 .net *"_ivl_127", 0 0, L_0x152358450;  1 drivers
v0x150763220_0 .net *"_ivl_13", 0 0, L_0x152355460;  1 drivers
v0x1507632b0_0 .net *"_ivl_130", 0 0, L_0x152358b00;  1 drivers
v0x150763340_0 .net *"_ivl_131", 0 0, L_0x152358680;  1 drivers
v0x1507633d0_0 .net *"_ivl_134", 0 0, L_0x1523588b0;  1 drivers
v0x150763460_0 .net *"_ivl_135", 0 0, L_0x152358cb0;  1 drivers
v0x1507634f0_0 .net *"_ivl_138", 0 0, L_0x152358ea0;  1 drivers
v0x15073f570_0 .net *"_ivl_139", 0 0, L_0x152358a10;  1 drivers
v0x15073f600_0 .net *"_ivl_15", 0 0, L_0x152355540;  1 drivers
v0x15073f690_0 .net *"_ivl_16", 0 0, L_0x152355600;  1 drivers
v0x15073f720_0 .net *"_ivl_18", 0 0, L_0x152355730;  1 drivers
v0x15073f7b0_0 .net *"_ivl_23", 0 0, L_0x152355850;  1 drivers
v0x15073f840_0 .net *"_ivl_25", 0 0, L_0x1523558f0;  1 drivers
v0x1507418a0_0 .net *"_ivl_27", 0 0, L_0x1523559c0;  1 drivers
v0x150741930_0 .net *"_ivl_28", 0 0, L_0x152355ae0;  1 drivers
v0x1507419c0_0 .net *"_ivl_30", 0 0, L_0x152355bb0;  1 drivers
v0x150741a50_0 .net *"_ivl_33", 0 0, L_0x152355ce0;  1 drivers
v0x150735a40_0 .net *"_ivl_35", 0 0, L_0x152355e00;  1 drivers
v0x150741ae0_0 .net *"_ivl_36", 0 0, L_0x152355ea0;  1 drivers
v0x150741b70_0 .net *"_ivl_39", 0 0, L_0x152355f90;  1 drivers
v0x1522ddf80_0 .net *"_ivl_40", 0 0, L_0x1523560c0;  1 drivers
v0x1522de010_0 .net *"_ivl_42", 0 0, L_0x1523561c0;  1 drivers
v0x1522de0a0_0 .net *"_ivl_48", 0 0, L_0x152356400;  1 drivers
v0x1522de130_0 .net *"_ivl_50", 0 0, L_0x152356500;  1 drivers
v0x1522de1c0_0 .net *"_ivl_52", 0 0, L_0x1523565a0;  1 drivers
v0x1522de250_0 .net *"_ivl_53", 0 0, L_0x1523566b0;  1 drivers
v0x1522de2e0_0 .net *"_ivl_55", 0 0, L_0x1523567c0;  1 drivers
v0x1522de370_0 .net *"_ivl_58", 0 0, L_0x152356870;  1 drivers
v0x1522de400_0 .net *"_ivl_60", 0 0, L_0x152356910;  1 drivers
v0x1522de490_0 .net *"_ivl_61", 0 0, L_0x152356640;  1 drivers
v0x1522de520_0 .net *"_ivl_64", 0 0, L_0x152356ba0;  1 drivers
v0x1522de5b0_0 .net *"_ivl_65", 0 0, L_0x152356c40;  1 drivers
v0x1522de640_0 .net *"_ivl_67", 0 0, L_0x152356cf0;  1 drivers
v0x1522de6d0_0 .net *"_ivl_7", 0 0, L_0x152355290;  1 drivers
v0x1522de760_0 .net *"_ivl_70", 0 0, L_0x152356e60;  1 drivers
v0x1522de7f0_0 .net *"_ivl_72", 0 0, L_0x152356f90;  1 drivers
v0x1522de880_0 .net *"_ivl_73", 0 0, L_0x152356b30;  1 drivers
v0x1522de910_0 .net *"_ivl_76", 0 0, L_0x152357070;  1 drivers
v0x1522de9a0_0 .net *"_ivl_77", 0 0, L_0x1523571b0;  1 drivers
v0x1522dea30_0 .net *"_ivl_80", 0 0, L_0x1523572d0;  1 drivers
v0x1522deac0_0 .net *"_ivl_81", 0 0, L_0x152357370;  1 drivers
v0x1522deb50_0 .net *"_ivl_83", 0 0, L_0x152357440;  1 drivers
v0x1522debe0_0 .net *"_ivl_86", 0 0, L_0x152357610;  1 drivers
v0x1522dec70_0 .net *"_ivl_88", 0 0, L_0x152357110;  1 drivers
v0x1522ded00_0 .net *"_ivl_90", 0 0, L_0x1523577b0;  1 drivers
v0x1522ded90_0 .net *"_ivl_91", 0 0, L_0x152355a60;  1 drivers
v0x1522dee20_0 .net *"_ivl_93", 0 0, L_0x152357950;  1 drivers
v0x1522deeb0_0 .net *"_ivl_96", 0 0, L_0x152357570;  1 drivers
v0x1522def40_0 .net *"_ivl_98", 0 0, L_0x152357af0;  1 drivers
v0x1522ddd80_0 .net *"_ivl_99", 0 0, L_0x152357c60;  1 drivers
v0x1522dde10_0 .net "a", 3 0, L_0x1523591b0;  1 drivers
v0x1522ddea0_0 .net "b", 3 0, L_0x152359250;  1 drivers
v0x1522defd0_0 .net "c", 3 0, L_0x152356270;  1 drivers
v0x1522df060_0 .net "cin", 0 0, L_0x152354a50;  alias, 1 drivers
v0x1522df0f0_0 .net8 "cout", 0 0, RS_0x158057270;  alias, 3 drivers
v0x1522df180_0 .net "sum", 3 0, L_0x152358da0;  1 drivers
L_0x152355380 .part L_0x152355160, 0, 1;
L_0x152355460 .part L_0x152354cc0, 0, 1;
L_0x152355540 .part L_0x152356270, 0, 1;
L_0x152355850 .part L_0x152355160, 1, 1;
L_0x1523558f0 .part L_0x152354cc0, 1, 1;
L_0x1523559c0 .part L_0x152355160, 0, 1;
L_0x152355ce0 .part L_0x152354cc0, 1, 1;
L_0x152355e00 .part L_0x152354cc0, 0, 1;
L_0x152355f90 .part L_0x152356270, 0, 1;
L_0x152356270 .concat8 [ 1 1 1 1], L_0x152355290, L_0x152355730, L_0x1523561c0, L_0x152357440;
L_0x152356400 .part L_0x152355160, 2, 1;
L_0x152356500 .part L_0x152354cc0, 2, 1;
L_0x1523565a0 .part L_0x152355160, 1, 1;
L_0x152356870 .part L_0x152354cc0, 2, 1;
L_0x152356910 .part L_0x152354cc0, 1, 1;
L_0x152356ba0 .part L_0x152355160, 0, 1;
L_0x152356e60 .part L_0x152354cc0, 2, 1;
L_0x152356f90 .part L_0x152354cc0, 1, 1;
L_0x152357070 .part L_0x152354cc0, 0, 1;
L_0x1523572d0 .part L_0x152356270, 0, 1;
L_0x152357610 .part L_0x152355160, 3, 1;
L_0x152357110 .part L_0x152354cc0, 3, 1;
L_0x1523577b0 .part L_0x152355160, 2, 1;
L_0x152357570 .part L_0x152354cc0, 3, 1;
L_0x152357af0 .part L_0x152354cc0, 2, 1;
L_0x152357cf0 .part L_0x152355160, 1, 1;
L_0x152357fb0 .part L_0x152354cc0, 3, 1;
L_0x152358130 .part L_0x152354cc0, 2, 1;
L_0x1523569f0 .part L_0x152354cc0, 1, 1;
L_0x152358090 .part L_0x152355160, 0, 1;
L_0x1523587d0 .part L_0x152354cc0, 3, 1;
L_0x152358970 .part L_0x152354cc0, 2, 1;
L_0x152358b00 .part L_0x152354cc0, 1, 1;
L_0x1523588b0 .part L_0x152354cc0, 0, 1;
L_0x152358ea0 .part L_0x152356270, 0, 1;
S_0x1522df9f0 .scope module, "AND" "and_op" 4 55, 7 1 0, S_0x1507fb770;
 .timescale -9 -11;
    .port_info 0 /INPUT 32 "a";
    .port_info 1 /INPUT 32 "b";
    .port_info 2 /OUTPUT 32 "data_out";
P_0x1507635e0 .param/l "DATA_WIDTH" 0 7 1, +C4<00000000000000000000000000100000>;
L_0x15239c210 .functor AND 32, v0x152330c70_0, v0x152320a30_0, C4<11111111111111111111111111111111>, C4<11111111111111111111111111111111>;
v0x1522dfb60_0 .net "a", 31 0, v0x152330c70_0;  alias, 1 drivers
v0x1522dfbf0_0 .net "b", 31 0, v0x152320a30_0;  alias, 1 drivers
v0x1522dfc80_0 .net "data_out", 31 0, L_0x15239c210;  alias, 1 drivers
S_0x1522dfd10 .scope module, "DIV" "non_restore_div" 4 48, 8 1 0, S_0x1507fb770;
 .timescale -9 -11;
    .port_info 0 /INPUT 32 "a";
    .port_info 1 /INPUT 32 "b";
    .port_info 2 /OUTPUT 64 "data_out";
P_0x15077d670 .param/l "DATA_WIDTH" 0 8 1, +C4<00000000000000000000000000100000>;
v0x1522dfe80_0 .net "a", 31 0, v0x152330c70_0;  alias, 1 drivers
v0x1522dff10_0 .net "b", 31 0, v0x152320a30_0;  alias, 1 drivers
v0x1522dffa0_0 .var "data_out", 63 0;
v0x1522e0030_0 .var "dividend", 63 0;
v0x1522e00c0_0 .var "dividend_sign", 0 0;
v0x1522e0150_0 .var "divisor", 31 0;
v0x1522e01e0_0 .var "divisor_sign", 0 0;
v0x1522e0270_0 .var/i "i", 31 0;
v0x1522e0300_0 .var "quotient", 31 0;
v0x1522e0390_0 .var "remainder", 31 0;
E_0x150768e20/0 .event anyedge, v0x1522df840_0, v0x1522df8d0_0, v0x1522e00c0_0, v0x1522e01e0_0;
E_0x150768e20/1 .event anyedge, v0x1522e0030_0, v0x1522e0390_0, v0x1522e0150_0, v0x1522e0300_0;
E_0x150768e20 .event/or E_0x150768e20/0, E_0x150768e20/1;
S_0x1522e0420 .scope module, "MUL" "boothMul" 4 42, 9 1 0, S_0x1507fb770;
 .timescale -9 -11;
    .port_info 0 /INPUT 32 "a";
    .port_info 1 /INPUT 32 "b";
    .port_info 2 /OUTPUT 64 "data_out";
P_0x1507203c0 .param/l "DATA_WIDTH" 0 9 1, +C4<00000000000000000000000000100000>;
v0x1522e0590_0 .var "A", 64 0;
v0x1522e0620_0 .var "M", 32 0;
v0x1522e06b0_0 .var "Q", 31 0;
v0x1522e0740_0 .var "Q_1", 0 0;
v0x1522e07d0_0 .net "a", 31 0, v0x152330c70_0;  alias, 1 drivers
v0x1522e0860_0 .var "a_is_negative", 0 0;
v0x1522e08f0_0 .var "a_twos", 31 0;
v0x1522e0980_0 .net "b", 31 0, v0x152320a30_0;  alias, 1 drivers
v0x1522e0a10_0 .var "b_is_negative", 0 0;
v0x1522e0aa0_0 .var "b_twos", 31 0;
v0x1522e0b30_0 .var "data_out", 63 0;
v0x1522e0bc0_0 .var/i "i", 31 0;
v0x1522e0c50_0 .var "result_sign", 0 0;
v0x1522e0ce0_0 .var "unsigned_result", 63 0;
E_0x152133bf0/0 .event anyedge, v0x1522df840_0, v0x1522df8d0_0, v0x1522e0860_0, v0x1522e0a10_0;
E_0x152133bf0/1 .event anyedge, v0x1522e0aa0_0, v0x1522e08f0_0, v0x1522e06b0_0, v0x1522e0740_0;
E_0x152133bf0/2 .event anyedge, v0x1522e0590_0, v0x1522e0620_0, v0x1522e0c50_0, v0x1522e0ce0_0;
E_0x152133bf0 .event/or E_0x152133bf0/0, E_0x152133bf0/1, E_0x152133bf0/2;
S_0x1522e0d70 .scope module, "NEG" "neg" 4 92, 10 1 0, S_0x1507fb770;
 .timescale -9 -11;
    .port_info 0 /INPUT 32 "data_in";
    .port_info 1 /OUTPUT 32 "data_out";
P_0x152189000 .param/l "DATA_WIDTH" 0 10 1, +C4<00000000000000000000000000100000>;
L_0x1580883b8 .functor BUFT 1, C4<00000000000000000000000000000000>, C4<0>, C4<0>, C4<0>;
v0x1522e0ee0_0 .net *"_ivl_0", 31 0, L_0x1580883b8;  1 drivers
v0x1522e0f70_0 .net "data_in", 31 0, v0x152320a30_0;  alias, 1 drivers
v0x1522e1000_0 .net "data_out", 31 0, L_0x15239d490;  alias, 1 drivers
L_0x15239d490 .arith/sub 32, L_0x1580883b8, v0x152320a30_0;
S_0x1522e1090 .scope module, "NOT" "not_op" 4 97, 11 1 0, S_0x1507fb770;
 .timescale -9 -11;
    .port_info 0 /INPUT 32 "data_in";
    .port_info 1 /OUTPUT 32 "data_out";
P_0x152155b30 .param/l "DATA_WIDTH" 0 11 1, +C4<00000000000000000000000000100000>;
L_0x15239d5d0 .functor NOT 32, v0x152320a30_0, C4<00000000000000000000000000000000>, C4<00000000000000000000000000000000>, C4<00000000000000000000000000000000>;
v0x1522e1200_0 .net "data_in", 31 0, v0x152320a30_0;  alias, 1 drivers
v0x1522e1290_0 .net "data_out", 31 0, L_0x15239d5d0;  alias, 1 drivers
S_0x1522e1320 .scope module, "OR" "or_op" 4 61, 12 1 0, S_0x1507fb770;
 .timescale -9 -11;
    .port_info 0 /INPUT 32 "a";
    .port_info 1 /INPUT 32 "b";
    .port_info 2 /OUTPUT 32 "data_out";
P_0x15219a320 .param/l "DATA_WIDTH" 0 12 1, +C4<00000000000000000000000000100000>;
L_0x15239c2c0 .functor OR 32, v0x152330c70_0, v0x152320a30_0, C4<00000000000000000000000000000000>, C4<00000000000000000000000000000000>;
v0x1522e1490_0 .net "a", 31 0, v0x152330c70_0;  alias, 1 drivers
v0x1522e1520_0 .net "b", 31 0, v0x152320a30_0;  alias, 1 drivers
v0x1522e15b0_0 .net "data_out", 31 0, L_0x15239c2c0;  alias, 1 drivers
S_0x1522e1640 .scope module, "PC" "collective_add" 4 26, 5 22 0, S_0x1507fb770;
 .timescale -9 -11;
    .port_info 0 /INPUT 32 "d1";
    .port_info 1 /INPUT 32 "d2";
    .port_info 2 /INPUT 1 "cin";
    .port_info 3 /OUTPUT 32 "sum";
    .port_info 4 /OUTPUT 1 "cout";
P_0x1521ab9a0 .param/l "DATA_WIDTH" 0 5 22, +C4<00000000000000000000000000100000>;
v0x1522fa7d0_0 .net "c1", 0 0, L_0x152369650;  1 drivers
L_0x1580880e8 .functor BUFT 1, C4<0>, C4<0>, C4<0>, C4<0>;
v0x1522fa8e0_0 .net "cin", 0 0, L_0x1580880e8;  1 drivers
v0x1522fa970_0 .net8 "cout", 0 0, RS_0x158057270;  alias, 3 drivers
v0x1522faa00_0 .net "d1", 31 0, v0x152320a30_0;  alias, 1 drivers
L_0x1580880a0 .functor BUFT 1, C4<00000000000000000000000000000001>, C4<0>, C4<0>, C4<0>;
v0x1522faa90_0 .net "d2", 31 0, L_0x1580880a0;  1 drivers
v0x1522fab60_0 .net "sum", 31 0, L_0x15237aa50;  alias, 1 drivers
L_0x152369f90 .part v0x152320a30_0, 0, 16;
L_0x15236a030 .part L_0x1580880a0, 0, 16;
L_0x15237a910 .part v0x152320a30_0, 16, 16;
L_0x15237a9b0 .part L_0x1580880a0, 16, 16;
L_0x15237aa50 .concat8 [ 16 16 0 0], L_0x152369de0, L_0x15237a760;
S_0x1522e17b0 .scope module, "n1" "cla16" 5 32, 5 4 0, S_0x1522e1640;
 .timescale -9 -11;
    .port_info 0 /INPUT 16 "d1";
    .port_info 1 /INPUT 16 "d2";
    .port_info 2 /INPUT 1 "cin";
    .port_info 3 /OUTPUT 16 "sum";
    .port_info 4 /OUTPUT 1 "cout";
P_0x1521bcd70 .param/l "DATA_WIDTH" 0 5 4, +C4<00000000000000000000000000100000>;
v0x1522ec7e0_0 .net "c1", 0 0, L_0x15235d1e0;  1 drivers
v0x1522ec8c0_0 .net "c2", 0 0, L_0x152361340;  1 drivers
v0x1522ec990_0 .net "c3", 0 0, L_0x1523654d0;  1 drivers
v0x1522eca60_0 .net "cin", 0 0, L_0x1580880e8;  alias, 1 drivers
v0x1522ecaf0_0 .net "cout", 0 0, L_0x152369650;  alias, 1 drivers
v0x1522ecbc0_0 .net "d1", 15 0, L_0x152369f90;  1 drivers
v0x1522ecc50_0 .net "d2", 15 0, L_0x15236a030;  1 drivers
v0x1522ecce0_0 .net "sum", 15 0, L_0x152369de0;  1 drivers
L_0x15235d7b0 .part L_0x152369f90, 0, 4;
L_0x15235d850 .part L_0x15236a030, 0, 4;
L_0x152361910 .part L_0x152369f90, 4, 4;
L_0x1523619b0 .part L_0x15236a030, 4, 4;
L_0x152365aa0 .part L_0x152369f90, 8, 4;
L_0x152365b40 .part L_0x15236a030, 8, 4;
L_0x152369c20 .part L_0x152369f90, 12, 4;
L_0x152369cc0 .part L_0x15236a030, 12, 4;
L_0x152369de0 .concat8 [ 4 4 4 4], L_0x15235d3e0, L_0x152361540, L_0x1523656d0, L_0x152369850;
S_0x1522e1920 .scope module, "n1" "cla_4" 5 14, 6 3 0, S_0x1522e17b0;
 .timescale -9 -11;
    .port_info 0 /INPUT 4 "a";
    .port_info 1 /INPUT 4 "b";
    .port_info 2 /INPUT 1 "cin";
    .port_info 3 /OUTPUT 4 "sum";
    .port_info 4 /OUTPUT 1 "cout";
L_0x152359830 .functor XOR 4, L_0x15235d7b0, L_0x15235d850, C4<0000>, C4<0000>;
L_0x1523598a0 .functor AND 4, L_0x15235d7b0, L_0x15235d850, C4<1111>, C4<1111>;
L_0x152359950 .functor BUFZ 1, L_0x1580880e8, C4<0>, C4<0>, C4<0>;
L_0x152359c40 .functor AND 1, L_0x152359aa0, L_0x152359b80, C4<1>, C4<1>;
L_0x152359d70 .functor OR 1, L_0x1523599c0, L_0x152359c40, C4<0>, C4<0>;
L_0x15235a120 .functor AND 1, L_0x152359f30, L_0x15235a000, C4<1>, C4<1>;
L_0x15235a1f0 .functor OR 1, L_0x152359e90, L_0x15235a120, C4<0>, C4<0>;
L_0x15235a4e0 .functor AND 1, L_0x15235a320, L_0x15235a440, C4<1>, C4<1>;
L_0x15235a700 .functor AND 1, L_0x15235a4e0, L_0x15235a5d0, C4<1>, C4<1>;
L_0x15235a800 .functor OR 1, L_0x15235a1f0, L_0x15235a700, C4<0>, C4<0>;
L_0x15235acf0 .functor AND 1, L_0x15235ab40, L_0x15235abe0, C4<1>, C4<1>;
L_0x15235ae00 .functor OR 1, L_0x15235aa40, L_0x15235acf0, C4<0>, C4<0>;
L_0x15235ac80 .functor AND 1, L_0x15235aeb0, L_0x15235af50, C4<1>, C4<1>;
L_0x15235b280 .functor AND 1, L_0x15235ac80, L_0x15235b1e0, C4<1>, C4<1>;
L_0x15235b330 .functor OR 1, L_0x15235ae00, L_0x15235b280, C4<0>, C4<0>;
L_0x15235b170 .functor AND 1, L_0x15235b4a0, L_0x15235b5d0, C4<1>, C4<1>;
L_0x15235b7f0 .functor AND 1, L_0x15235b170, L_0x15235b6b0, C4<1>, C4<1>;
L_0x15235b9b0 .functor AND 1, L_0x15235b7f0, L_0x15235b910, C4<1>, C4<1>;
L_0x15235ba80 .functor OR 1, L_0x15235b330, L_0x15235b9b0, C4<0>, C4<0>;
L_0x15235a0a0 .functor AND 1, L_0x15235b750, L_0x15235bdf0, C4<1>, C4<1>;
L_0x15235bf90 .functor OR 1, L_0x15235bc50, L_0x15235a0a0, C4<0>, C4<0>;
L_0x15235c2a0 .functor AND 1, L_0x15235bbb0, L_0x15235c130, C4<1>, C4<1>;
L_0x15235c3d0 .functor AND 1, L_0x15235c2a0, L_0x15235c330, C4<1>, C4<1>;
L_0x15235c580 .functor OR 1, L_0x15235bf90, L_0x15235c3d0, C4<0>, C4<0>;
L_0x15235c1d0 .functor AND 1, L_0x15235c5f0, L_0x15235c770, C4<1>, C4<1>;
L_0x15235c4c0 .functor AND 1, L_0x15235c1d0, L_0x15235b030, C4<1>, C4<1>;
L_0x15235cbd0 .functor AND 1, L_0x15235c4c0, L_0x15235c690, C4<1>, C4<1>;
L_0x15235cda0 .functor OR 1, L_0x15235c580, L_0x15235cbd0, C4<0>, C4<0>;
L_0x15235ca90 .functor AND 1, L_0x15235ce10, L_0x15235cfb0, C4<1>, C4<1>;
L_0x15235ccc0 .functor AND 1, L_0x15235ca90, L_0x15235d140, C4<1>, C4<1>;
L_0x15235d2f0 .functor AND 1, L_0x15235ccc0, L_0x15235cef0, C4<1>, C4<1>;
L_0x15235d050 .functor AND 1, L_0x15235d2f0, L_0x15235d4e0, C4<1>, C4<1>;
L_0x15235d1e0 .functor OR 1, L_0x15235cda0, L_0x15235d050, C4<0>, C4<0>;
L_0x15235d3e0 .functor XOR 4, L_0x152359830, L_0x15235a8b0, C4<0000>, C4<0000>;
v0x1522e1a90_0 .net "G", 3 0, L_0x1523598a0;  1 drivers
v0x1522e1b20_0 .net "P", 3 0, L_0x152359830;  1 drivers
v0x1522e1bb0_0 .net *"_ivl_102", 0 0, L_0x15235c330;  1 drivers
v0x1522e1c40_0 .net *"_ivl_103", 0 0, L_0x15235c3d0;  1 drivers
v0x1522e1cd0_0 .net *"_ivl_105", 0 0, L_0x15235c580;  1 drivers
v0x1522e1d60_0 .net *"_ivl_108", 0 0, L_0x15235c5f0;  1 drivers
v0x1522e1df0_0 .net *"_ivl_11", 0 0, L_0x1523599c0;  1 drivers
v0x1522e1e80_0 .net *"_ivl_110", 0 0, L_0x15235c770;  1 drivers
v0x1522e1f10_0 .net *"_ivl_111", 0 0, L_0x15235c1d0;  1 drivers
v0x1522e1fa0_0 .net *"_ivl_114", 0 0, L_0x15235b030;  1 drivers
v0x1522e2030_0 .net *"_ivl_115", 0 0, L_0x15235c4c0;  1 drivers
v0x1522e20c0_0 .net *"_ivl_118", 0 0, L_0x15235c690;  1 drivers
v0x1522e2150_0 .net *"_ivl_119", 0 0, L_0x15235cbd0;  1 drivers
v0x1522e21e0_0 .net *"_ivl_121", 0 0, L_0x15235cda0;  1 drivers
v0x1522e2270_0 .net *"_ivl_124", 0 0, L_0x15235ce10;  1 drivers
v0x1522e2300_0 .net *"_ivl_126", 0 0, L_0x15235cfb0;  1 drivers
v0x1522e2390_0 .net *"_ivl_127", 0 0, L_0x15235ca90;  1 drivers
v0x1522e2520_0 .net *"_ivl_13", 0 0, L_0x152359aa0;  1 drivers
v0x1522e25b0_0 .net *"_ivl_130", 0 0, L_0x15235d140;  1 drivers
v0x1522e2640_0 .net *"_ivl_131", 0 0, L_0x15235ccc0;  1 drivers
v0x1522e26d0_0 .net *"_ivl_134", 0 0, L_0x15235cef0;  1 drivers
v0x1522e2760_0 .net *"_ivl_135", 0 0, L_0x15235d2f0;  1 drivers
v0x1522e27f0_0 .net *"_ivl_138", 0 0, L_0x15235d4e0;  1 drivers
v0x1522e2880_0 .net *"_ivl_139", 0 0, L_0x15235d050;  1 drivers
v0x1522e2910_0 .net *"_ivl_15", 0 0, L_0x152359b80;  1 drivers
v0x1522e29a0_0 .net *"_ivl_16", 0 0, L_0x152359c40;  1 drivers
v0x1522e2a30_0 .net *"_ivl_18", 0 0, L_0x152359d70;  1 drivers
v0x1522e2ac0_0 .net *"_ivl_23", 0 0, L_0x152359e90;  1 drivers
v0x1522e2b50_0 .net *"_ivl_25", 0 0, L_0x152359f30;  1 drivers
v0x1522e2be0_0 .net *"_ivl_27", 0 0, L_0x15235a000;  1 drivers
v0x1522e2c70_0 .net *"_ivl_28", 0 0, L_0x15235a120;  1 drivers
v0x1522e2d00_0 .net *"_ivl_30", 0 0, L_0x15235a1f0;  1 drivers
v0x1522e2d90_0 .net *"_ivl_33", 0 0, L_0x15235a320;  1 drivers
v0x1522e2420_0 .net *"_ivl_35", 0 0, L_0x15235a440;  1 drivers
v0x1522e3020_0 .net *"_ivl_36", 0 0, L_0x15235a4e0;  1 drivers
v0x1522e30b0_0 .net *"_ivl_39", 0 0, L_0x15235a5d0;  1 drivers
v0x1522e3140_0 .net *"_ivl_40", 0 0, L_0x15235a700;  1 drivers
v0x1522e31d0_0 .net *"_ivl_42", 0 0, L_0x15235a800;  1 drivers
v0x1522e3260_0 .net *"_ivl_48", 0 0, L_0x15235aa40;  1 drivers
v0x1522e32f0_0 .net *"_ivl_50", 0 0, L_0x15235ab40;  1 drivers
v0x1522e3380_0 .net *"_ivl_52", 0 0, L_0x15235abe0;  1 drivers
v0x1522e3410_0 .net *"_ivl_53", 0 0, L_0x15235acf0;  1 drivers
v0x1522e34a0_0 .net *"_ivl_55", 0 0, L_0x15235ae00;  1 drivers
v0x1522e3530_0 .net *"_ivl_58", 0 0, L_0x15235aeb0;  1 drivers
v0x1522e35c0_0 .net *"_ivl_60", 0 0, L_0x15235af50;  1 drivers
v0x1522e3650_0 .net *"_ivl_61", 0 0, L_0x15235ac80;  1 drivers
v0x1522e36e0_0 .net *"_ivl_64", 0 0, L_0x15235b1e0;  1 drivers
v0x1522e3770_0 .net *"_ivl_65", 0 0, L_0x15235b280;  1 drivers
v0x1522e3800_0 .net *"_ivl_67", 0 0, L_0x15235b330;  1 drivers
v0x1522e3890_0 .net *"_ivl_7", 0 0, L_0x152359950;  1 drivers
v0x1522e3920_0 .net *"_ivl_70", 0 0, L_0x15235b4a0;  1 drivers
v0x1522e39b0_0 .net *"_ivl_72", 0 0, L_0x15235b5d0;  1 drivers
v0x1522e3a40_0 .net *"_ivl_73", 0 0, L_0x15235b170;  1 drivers
v0x1522e3ad0_0 .net *"_ivl_76", 0 0, L_0x15235b6b0;  1 drivers
v0x1522e3b60_0 .net *"_ivl_77", 0 0, L_0x15235b7f0;  1 drivers
v0x1522e3bf0_0 .net *"_ivl_80", 0 0, L_0x15235b910;  1 drivers
v0x1522e3c80_0 .net *"_ivl_81", 0 0, L_0x15235b9b0;  1 drivers
v0x1522e3d10_0 .net *"_ivl_83", 0 0, L_0x15235ba80;  1 drivers
v0x1522e3da0_0 .net *"_ivl_86", 0 0, L_0x15235bc50;  1 drivers
v0x1522e3e30_0 .net *"_ivl_88", 0 0, L_0x15235b750;  1 drivers
v0x1522e3ec0_0 .net *"_ivl_90", 0 0, L_0x15235bdf0;  1 drivers
v0x1522e3f50_0 .net *"_ivl_91", 0 0, L_0x15235a0a0;  1 drivers
v0x1522e3fe0_0 .net *"_ivl_93", 0 0, L_0x15235bf90;  1 drivers
v0x1522e4070_0 .net *"_ivl_96", 0 0, L_0x15235bbb0;  1 drivers
v0x1522e4100_0 .net *"_ivl_98", 0 0, L_0x15235c130;  1 drivers
v0x1522e2e20_0 .net *"_ivl_99", 0 0, L_0x15235c2a0;  1 drivers
v0x1522e2eb0_0 .net "a", 3 0, L_0x15235d7b0;  1 drivers
v0x1522e2f40_0 .net "b", 3 0, L_0x15235d850;  1 drivers
v0x1522e4190_0 .net "c", 3 0, L_0x15235a8b0;  1 drivers
v0x1522e4220_0 .net "cin", 0 0, L_0x1580880e8;  alias, 1 drivers
v0x1522e42b0_0 .net "cout", 0 0, L_0x15235d1e0;  alias, 1 drivers
v0x1522e4340_0 .net "sum", 3 0, L_0x15235d3e0;  1 drivers
L_0x1523599c0 .part L_0x1523598a0, 0, 1;
L_0x152359aa0 .part L_0x152359830, 0, 1;
L_0x152359b80 .part L_0x15235a8b0, 0, 1;
L_0x152359e90 .part L_0x1523598a0, 1, 1;
L_0x152359f30 .part L_0x152359830, 1, 1;
L_0x15235a000 .part L_0x1523598a0, 0, 1;
L_0x15235a320 .part L_0x152359830, 1, 1;
L_0x15235a440 .part L_0x152359830, 0, 1;
L_0x15235a5d0 .part L_0x15235a8b0, 0, 1;
L_0x15235a8b0 .concat8 [ 1 1 1 1], L_0x152359950, L_0x152359d70, L_0x15235a800, L_0x15235ba80;
L_0x15235aa40 .part L_0x1523598a0, 2, 1;
L_0x15235ab40 .part L_0x152359830, 2, 1;
L_0x15235abe0 .part L_0x1523598a0, 1, 1;
L_0x15235aeb0 .part L_0x152359830, 2, 1;
L_0x15235af50 .part L_0x152359830, 1, 1;
L_0x15235b1e0 .part L_0x1523598a0, 0, 1;
L_0x15235b4a0 .part L_0x152359830, 2, 1;
L_0x15235b5d0 .part L_0x152359830, 1, 1;
L_0x15235b6b0 .part L_0x152359830, 0, 1;
L_0x15235b910 .part L_0x15235a8b0, 0, 1;
L_0x15235bc50 .part L_0x1523598a0, 3, 1;
L_0x15235b750 .part L_0x152359830, 3, 1;
L_0x15235bdf0 .part L_0x1523598a0, 2, 1;
L_0x15235bbb0 .part L_0x152359830, 3, 1;
L_0x15235c130 .part L_0x152359830, 2, 1;
L_0x15235c330 .part L_0x1523598a0, 1, 1;
L_0x15235c5f0 .part L_0x152359830, 3, 1;
L_0x15235c770 .part L_0x152359830, 2, 1;
L_0x15235b030 .part L_0x152359830, 1, 1;
L_0x15235c690 .part L_0x1523598a0, 0, 1;
L_0x15235ce10 .part L_0x152359830, 3, 1;
L_0x15235cfb0 .part L_0x152359830, 2, 1;
L_0x15235d140 .part L_0x152359830, 1, 1;
L_0x15235cef0 .part L_0x152359830, 0, 1;
L_0x15235d4e0 .part L_0x15235a8b0, 0, 1;
S_0x1522e43d0 .scope module, "n2" "cla_4" 5 15, 6 3 0, S_0x1522e17b0;
 .timescale -9 -11;
    .port_info 0 /INPUT 4 "a";
    .port_info 1 /INPUT 4 "b";
    .port_info 2 /INPUT 1 "cin";
    .port_info 3 /OUTPUT 4 "sum";
    .port_info 4 /OUTPUT 1 "cout";
L_0x15235d450 .functor XOR 4, L_0x152361910, L_0x1523619b0, C4<0000>, C4<0000>;
L_0x15235d950 .functor AND 4, L_0x152361910, L_0x1523619b0, C4<1111>, C4<1111>;
L_0x15235da80 .functor BUFZ 1, L_0x15235d1e0, C4<0>, C4<0>, C4<0>;
L_0x15235ddf0 .functor AND 1, L_0x15235dc50, L_0x15235dd30, C4<1>, C4<1>;
L_0x15235df00 .functor OR 1, L_0x15235db70, L_0x15235ddf0, C4<0>, C4<0>;
L_0x15235e2b0 .functor AND 1, L_0x15235e0c0, L_0x15235e190, C4<1>, C4<1>;
L_0x15235e380 .functor OR 1, L_0x15235e020, L_0x15235e2b0, C4<0>, C4<0>;
L_0x15235e670 .functor AND 1, L_0x15235e4b0, L_0x15235e5d0, C4<1>, C4<1>;
L_0x15235e890 .functor AND 1, L_0x15235e670, L_0x15235e760, C4<1>, C4<1>;
L_0x15235e990 .functor OR 1, L_0x15235e380, L_0x15235e890, C4<0>, C4<0>;
L_0x15235ee50 .functor AND 1, L_0x15235eca0, L_0x15235ed40, C4<1>, C4<1>;
L_0x15235ef60 .functor OR 1, L_0x15235eba0, L_0x15235ee50, C4<0>, C4<0>;
L_0x15235ede0 .functor AND 1, L_0x15235f010, L_0x15235f0b0, C4<1>, C4<1>;
L_0x15235f3e0 .functor AND 1, L_0x15235ede0, L_0x15235f340, C4<1>, C4<1>;
L_0x15235f490 .functor OR 1, L_0x15235ef60, L_0x15235f3e0, C4<0>, C4<0>;
L_0x15235f2d0 .functor AND 1, L_0x15235f600, L_0x15235f730, C4<1>, C4<1>;
L_0x15235f950 .functor AND 1, L_0x15235f2d0, L_0x15235f810, C4<1>, C4<1>;
L_0x15235fb10 .functor AND 1, L_0x15235f950, L_0x15235fa70, C4<1>, C4<1>;
L_0x15235fbe0 .functor OR 1, L_0x15235f490, L_0x15235fb10, C4<0>, C4<0>;
L_0x15235e230 .functor AND 1, L_0x15235f8b0, L_0x15235ff50, C4<1>, C4<1>;
L_0x1523600f0 .functor OR 1, L_0x15235fdb0, L_0x15235e230, C4<0>, C4<0>;
L_0x152360400 .functor AND 1, L_0x15235fd10, L_0x152360290, C4<1>, C4<1>;
L_0x152360530 .functor AND 1, L_0x152360400, L_0x152360490, C4<1>, C4<1>;
L_0x1523606e0 .functor OR 1, L_0x1523600f0, L_0x152360530, C4<0>, C4<0>;
L_0x152360330 .functor AND 1, L_0x152360750, L_0x1523608d0, C4<1>, C4<1>;
L_0x152360620 .functor AND 1, L_0x152360330, L_0x15235f190, C4<1>, C4<1>;
L_0x152360d30 .functor AND 1, L_0x152360620, L_0x152360830, C4<1>, C4<1>;
L_0x152360f00 .functor OR 1, L_0x1523606e0, L_0x152360d30, C4<0>, C4<0>;
L_0x152360bf0 .functor AND 1, L_0x152360f70, L_0x152361110, C4<1>, C4<1>;
L_0x152360e20 .functor AND 1, L_0x152360bf0, L_0x1523612a0, C4<1>, C4<1>;
L_0x152361450 .functor AND 1, L_0x152360e20, L_0x152361050, C4<1>, C4<1>;
L_0x1523611b0 .functor AND 1, L_0x152361450, L_0x152361640, C4<1>, C4<1>;
L_0x152361340 .functor OR 1, L_0x152360f00, L_0x1523611b0, C4<0>, C4<0>;
L_0x152361540 .functor XOR 4, L_0x15235d450, L_0x15235ea40, C4<0000>, C4<0000>;
v0x1522e4540_0 .net "G", 3 0, L_0x15235d950;  1 drivers
v0x1522e45d0_0 .net "P", 3 0, L_0x15235d450;  1 drivers
v0x1522e4660_0 .net *"_ivl_102", 0 0, L_0x152360490;  1 drivers
v0x1522e46f0_0 .net *"_ivl_103", 0 0, L_0x152360530;  1 drivers
v0x1522e4780_0 .net *"_ivl_105", 0 0, L_0x1523606e0;  1 drivers
v0x1522e4810_0 .net *"_ivl_108", 0 0, L_0x152360750;  1 drivers
v0x1522e48a0_0 .net *"_ivl_11", 0 0, L_0x15235db70;  1 drivers
v0x1522e4930_0 .net *"_ivl_110", 0 0, L_0x1523608d0;  1 drivers
v0x1522e49c0_0 .net *"_ivl_111", 0 0, L_0x152360330;  1 drivers
v0x1522e4a50_0 .net *"_ivl_114", 0 0, L_0x15235f190;  1 drivers
v0x1522e4ae0_0 .net *"_ivl_115", 0 0, L_0x152360620;  1 drivers
v0x1522e4b70_0 .net *"_ivl_118", 0 0, L_0x152360830;  1 drivers
v0x1522e4c00_0 .net *"_ivl_119", 0 0, L_0x152360d30;  1 drivers
v0x1522e4c90_0 .net *"_ivl_121", 0 0, L_0x152360f00;  1 drivers
v0x1522e4d20_0 .net *"_ivl_124", 0 0, L_0x152360f70;  1 drivers
v0x1522e4db0_0 .net *"_ivl_126", 0 0, L_0x152361110;  1 drivers
v0x1522e4e40_0 .net *"_ivl_127", 0 0, L_0x152360bf0;  1 drivers
v0x1522e4fd0_0 .net *"_ivl_13", 0 0, L_0x15235dc50;  1 drivers
v0x1522e5060_0 .net *"_ivl_130", 0 0, L_0x1523612a0;  1 drivers
v0x1522e50f0_0 .net *"_ivl_131", 0 0, L_0x152360e20;  1 drivers
v0x1522e5180_0 .net *"_ivl_134", 0 0, L_0x152361050;  1 drivers
v0x1522e5210_0 .net *"_ivl_135", 0 0, L_0x152361450;  1 drivers
v0x1522e52a0_0 .net *"_ivl_138", 0 0, L_0x152361640;  1 drivers
v0x1522e5330_0 .net *"_ivl_139", 0 0, L_0x1523611b0;  1 drivers
v0x1522e53c0_0 .net *"_ivl_15", 0 0, L_0x15235dd30;  1 drivers
v0x1522e5450_0 .net *"_ivl_16", 0 0, L_0x15235ddf0;  1 drivers
v0x1522e54e0_0 .net *"_ivl_18", 0 0, L_0x15235df00;  1 drivers
v0x1522e5570_0 .net *"_ivl_23", 0 0, L_0x15235e020;  1 drivers
v0x1522e5600_0 .net *"_ivl_25", 0 0, L_0x15235e0c0;  1 drivers
v0x1522e5690_0 .net *"_ivl_27", 0 0, L_0x15235e190;  1 drivers
v0x1522e5720_0 .net *"_ivl_28", 0 0, L_0x15235e2b0;  1 drivers
v0x1522e57b0_0 .net *"_ivl_30", 0 0, L_0x15235e380;  1 drivers
v0x1522e5840_0 .net *"_ivl_33", 0 0, L_0x15235e4b0;  1 drivers
v0x1522e4ed0_0 .net *"_ivl_35", 0 0, L_0x15235e5d0;  1 drivers
v0x1522e5ad0_0 .net *"_ivl_36", 0 0, L_0x15235e670;  1 drivers
v0x1522e5b60_0 .net *"_ivl_39", 0 0, L_0x15235e760;  1 drivers
v0x1522e5bf0_0 .net *"_ivl_40", 0 0, L_0x15235e890;  1 drivers
v0x1522e5c80_0 .net *"_ivl_42", 0 0, L_0x15235e990;  1 drivers
v0x1522e5d10_0 .net *"_ivl_48", 0 0, L_0x15235eba0;  1 drivers
v0x1522e5da0_0 .net *"_ivl_50", 0 0, L_0x15235eca0;  1 drivers
v0x1522e5e30_0 .net *"_ivl_52", 0 0, L_0x15235ed40;  1 drivers
v0x1522e5ec0_0 .net *"_ivl_53", 0 0, L_0x15235ee50;  1 drivers
v0x1522e5f50_0 .net *"_ivl_55", 0 0, L_0x15235ef60;  1 drivers
v0x1522e5fe0_0 .net *"_ivl_58", 0 0, L_0x15235f010;  1 drivers
v0x1522e6070_0 .net *"_ivl_60", 0 0, L_0x15235f0b0;  1 drivers
v0x1522e6100_0 .net *"_ivl_61", 0 0, L_0x15235ede0;  1 drivers
v0x1522e6190_0 .net *"_ivl_64", 0 0, L_0x15235f340;  1 drivers
v0x1522e6220_0 .net *"_ivl_65", 0 0, L_0x15235f3e0;  1 drivers
v0x1522e62b0_0 .net *"_ivl_67", 0 0, L_0x15235f490;  1 drivers
v0x1522e6340_0 .net *"_ivl_7", 0 0, L_0x15235da80;  1 drivers
v0x1522e63d0_0 .net *"_ivl_70", 0 0, L_0x15235f600;  1 drivers
v0x1522e6460_0 .net *"_ivl_72", 0 0, L_0x15235f730;  1 drivers
v0x1522e64f0_0 .net *"_ivl_73", 0 0, L_0x15235f2d0;  1 drivers
v0x1522e6580_0 .net *"_ivl_76", 0 0, L_0x15235f810;  1 drivers
v0x1522e6610_0 .net *"_ivl_77", 0 0, L_0x15235f950;  1 drivers
v0x1522e66a0_0 .net *"_ivl_80", 0 0, L_0x15235fa70;  1 drivers
v0x1522e6730_0 .net *"_ivl_81", 0 0, L_0x15235fb10;  1 drivers
v0x1522e67c0_0 .net *"_ivl_83", 0 0, L_0x15235fbe0;  1 drivers
v0x1522e6850_0 .net *"_ivl_86", 0 0, L_0x15235fdb0;  1 drivers
v0x1522e68e0_0 .net *"_ivl_88", 0 0, L_0x15235f8b0;  1 drivers
v0x1522e6970_0 .net *"_ivl_90", 0 0, L_0x15235ff50;  1 drivers
v0x1522e6a00_0 .net *"_ivl_91", 0 0, L_0x15235e230;  1 drivers
v0x1522e6a90_0 .net *"_ivl_93", 0 0, L_0x1523600f0;  1 drivers
v0x1522e6b20_0 .net *"_ivl_96", 0 0, L_0x15235fd10;  1 drivers
v0x1522e6bb0_0 .net *"_ivl_98", 0 0, L_0x152360290;  1 drivers
v0x1522e58d0_0 .net *"_ivl_99", 0 0, L_0x152360400;  1 drivers
v0x1522e5960_0 .net "a", 3 0, L_0x152361910;  1 drivers
v0x1522e59f0_0 .net "b", 3 0, L_0x1523619b0;  1 drivers
v0x1522e6c40_0 .net "c", 3 0, L_0x15235ea40;  1 drivers
v0x1522e6cd0_0 .net "cin", 0 0, L_0x15235d1e0;  alias, 1 drivers
v0x1522e6d60_0 .net "cout", 0 0, L_0x152361340;  alias, 1 drivers
v0x1522e6df0_0 .net "sum", 3 0, L_0x152361540;  1 drivers
L_0x15235db70 .part L_0x15235d950, 0, 1;
L_0x15235dc50 .part L_0x15235d450, 0, 1;
L_0x15235dd30 .part L_0x15235ea40, 0, 1;
L_0x15235e020 .part L_0x15235d950, 1, 1;
L_0x15235e0c0 .part L_0x15235d450, 1, 1;
L_0x15235e190 .part L_0x15235d950, 0, 1;
L_0x15235e4b0 .part L_0x15235d450, 1, 1;
L_0x15235e5d0 .part L_0x15235d450, 0, 1;
L_0x15235e760 .part L_0x15235ea40, 0, 1;
L_0x15235ea40 .concat8 [ 1 1 1 1], L_0x15235da80, L_0x15235df00, L_0x15235e990, L_0x15235fbe0;
L_0x15235eba0 .part L_0x15235d950, 2, 1;
L_0x15235eca0 .part L_0x15235d450, 2, 1;
L_0x15235ed40 .part L_0x15235d950, 1, 1;
L_0x15235f010 .part L_0x15235d450, 2, 1;
L_0x15235f0b0 .part L_0x15235d450, 1, 1;
L_0x15235f340 .part L_0x15235d950, 0, 1;
L_0x15235f600 .part L_0x15235d450, 2, 1;
L_0x15235f730 .part L_0x15235d450, 1, 1;
L_0x15235f810 .part L_0x15235d450, 0, 1;
L_0x15235fa70 .part L_0x15235ea40, 0, 1;
L_0x15235fdb0 .part L_0x15235d950, 3, 1;
L_0x15235f8b0 .part L_0x15235d450, 3, 1;
L_0x15235ff50 .part L_0x15235d950, 2, 1;
L_0x15235fd10 .part L_0x15235d450, 3, 1;
L_0x152360290 .part L_0x15235d450, 2, 1;
L_0x152360490 .part L_0x15235d950, 1, 1;
L_0x152360750 .part L_0x15235d450, 3, 1;
L_0x1523608d0 .part L_0x15235d450, 2, 1;
L_0x15235f190 .part L_0x15235d450, 1, 1;
L_0x152360830 .part L_0x15235d950, 0, 1;
L_0x152360f70 .part L_0x15235d450, 3, 1;
L_0x152361110 .part L_0x15235d450, 2, 1;
L_0x1523612a0 .part L_0x15235d450, 1, 1;
L_0x152361050 .part L_0x15235d450, 0, 1;
L_0x152361640 .part L_0x15235ea40, 0, 1;
S_0x1522e6e80 .scope module, "n3" "cla_4" 5 16, 6 3 0, S_0x1522e17b0;
 .timescale -9 -11;
    .port_info 0 /INPUT 4 "a";
    .port_info 1 /INPUT 4 "b";
    .port_info 2 /INPUT 1 "cin";
    .port_info 3 /OUTPUT 4 "sum";
    .port_info 4 /OUTPUT 1 "cout";
L_0x152361a50 .functor XOR 4, L_0x152365aa0, L_0x152365b40, C4<0000>, C4<0000>;
L_0x152361ac0 .functor AND 4, L_0x152365aa0, L_0x152365b40, C4<1111>, C4<1111>;
L_0x152361bf0 .functor BUFZ 1, L_0x152361340, C4<0>, C4<0>, C4<0>;
L_0x152361f60 .functor AND 1, L_0x152361dc0, L_0x152361ea0, C4<1>, C4<1>;
L_0x152362090 .functor OR 1, L_0x152361ce0, L_0x152361f60, C4<0>, C4<0>;
L_0x152362440 .functor AND 1, L_0x152362250, L_0x152362320, C4<1>, C4<1>;
L_0x152362510 .functor OR 1, L_0x1523621b0, L_0x152362440, C4<0>, C4<0>;
L_0x152362800 .functor AND 1, L_0x152362640, L_0x152362760, C4<1>, C4<1>;
L_0x152362a20 .functor AND 1, L_0x152362800, L_0x1523628f0, C4<1>, C4<1>;
L_0x152362b20 .functor OR 1, L_0x152362510, L_0x152362a20, C4<0>, C4<0>;
L_0x152362fe0 .functor AND 1, L_0x152362e30, L_0x152362ed0, C4<1>, C4<1>;
L_0x1523630f0 .functor OR 1, L_0x152362d30, L_0x152362fe0, C4<0>, C4<0>;
L_0x152362f70 .functor AND 1, L_0x1523631a0, L_0x152363240, C4<1>, C4<1>;
L_0x152363570 .functor AND 1, L_0x152362f70, L_0x1523634d0, C4<1>, C4<1>;
L_0x152363620 .functor OR 1, L_0x1523630f0, L_0x152363570, C4<0>, C4<0>;
L_0x152363460 .functor AND 1, L_0x152363790, L_0x1523638c0, C4<1>, C4<1>;
L_0x152363ae0 .functor AND 1, L_0x152363460, L_0x1523639a0, C4<1>, C4<1>;
L_0x152363ca0 .functor AND 1, L_0x152363ae0, L_0x152363c00, C4<1>, C4<1>;
L_0x152363d70 .functor OR 1, L_0x152363620, L_0x152363ca0, C4<0>, C4<0>;
L_0x1523623c0 .functor AND 1, L_0x152363a40, L_0x1523640e0, C4<1>, C4<1>;
L_0x152364280 .functor OR 1, L_0x152363f40, L_0x1523623c0, C4<0>, C4<0>;
L_0x152364590 .functor AND 1, L_0x152363ea0, L_0x152364420, C4<1>, C4<1>;
L_0x1523646c0 .functor AND 1, L_0x152364590, L_0x152364620, C4<1>, C4<1>;
L_0x152364870 .functor OR 1, L_0x152364280, L_0x1523646c0, C4<0>, C4<0>;
L_0x1523644c0 .functor AND 1, L_0x1523648e0, L_0x152364a60, C4<1>, C4<1>;
L_0x1523647b0 .functor AND 1, L_0x1523644c0, L_0x152363320, C4<1>, C4<1>;
L_0x152364ec0 .functor AND 1, L_0x1523647b0, L_0x1523649c0, C4<1>, C4<1>;
L_0x152365090 .functor OR 1, L_0x152364870, L_0x152364ec0, C4<0>, C4<0>;
L_0x152364d80 .functor AND 1, L_0x152365100, L_0x1523652a0, C4<1>, C4<1>;
L_0x152364fb0 .functor AND 1, L_0x152364d80, L_0x152365430, C4<1>, C4<1>;
L_0x1523655e0 .functor AND 1, L_0x152364fb0, L_0x1523651e0, C4<1>, C4<1>;
L_0x152365340 .functor AND 1, L_0x1523655e0, L_0x1523657d0, C4<1>, C4<1>;
L_0x1523654d0 .functor OR 1, L_0x152365090, L_0x152365340, C4<0>, C4<0>;
L_0x1523656d0 .functor XOR 4, L_0x152361a50, L_0x152362bd0, C4<0000>, C4<0000>;
v0x1522e6ff0_0 .net "G", 3 0, L_0x152361ac0;  1 drivers
v0x1522e7080_0 .net "P", 3 0, L_0x152361a50;  1 drivers
v0x1522e7110_0 .net *"_ivl_102", 0 0, L_0x152364620;  1 drivers
v0x1522e71a0_0 .net *"_ivl_103", 0 0, L_0x1523646c0;  1 drivers
v0x1522e7230_0 .net *"_ivl_105", 0 0, L_0x152364870;  1 drivers
v0x1522e72c0_0 .net *"_ivl_108", 0 0, L_0x1523648e0;  1 drivers
v0x1522e7350_0 .net *"_ivl_11", 0 0, L_0x152361ce0;  1 drivers
v0x1522e73e0_0 .net *"_ivl_110", 0 0, L_0x152364a60;  1 drivers
v0x1522e7470_0 .net *"_ivl_111", 0 0, L_0x1523644c0;  1 drivers
v0x1522e7500_0 .net *"_ivl_114", 0 0, L_0x152363320;  1 drivers
v0x1522e7590_0 .net *"_ivl_115", 0 0, L_0x1523647b0;  1 drivers
v0x1522e7620_0 .net *"_ivl_118", 0 0, L_0x1523649c0;  1 drivers
v0x1522e76b0_0 .net *"_ivl_119", 0 0, L_0x152364ec0;  1 drivers
v0x1522e7740_0 .net *"_ivl_121", 0 0, L_0x152365090;  1 drivers
v0x1522e77d0_0 .net *"_ivl_124", 0 0, L_0x152365100;  1 drivers
v0x1522e7860_0 .net *"_ivl_126", 0 0, L_0x1523652a0;  1 drivers
v0x1522e78f0_0 .net *"_ivl_127", 0 0, L_0x152364d80;  1 drivers
v0x1522e7a80_0 .net *"_ivl_13", 0 0, L_0x152361dc0;  1 drivers
v0x1522e7b10_0 .net *"_ivl_130", 0 0, L_0x152365430;  1 drivers
v0x1522e7ba0_0 .net *"_ivl_131", 0 0, L_0x152364fb0;  1 drivers
v0x1522e7c30_0 .net *"_ivl_134", 0 0, L_0x1523651e0;  1 drivers
v0x1522e7cc0_0 .net *"_ivl_135", 0 0, L_0x1523655e0;  1 drivers
v0x1522e7d50_0 .net *"_ivl_138", 0 0, L_0x1523657d0;  1 drivers
v0x1522e7de0_0 .net *"_ivl_139", 0 0, L_0x152365340;  1 drivers
v0x1522e7e70_0 .net *"_ivl_15", 0 0, L_0x152361ea0;  1 drivers
v0x1522e7f00_0 .net *"_ivl_16", 0 0, L_0x152361f60;  1 drivers
v0x1522e7f90_0 .net *"_ivl_18", 0 0, L_0x152362090;  1 drivers
v0x1522e8020_0 .net *"_ivl_23", 0 0, L_0x1523621b0;  1 drivers
v0x1522e80b0_0 .net *"_ivl_25", 0 0, L_0x152362250;  1 drivers
v0x1522e8140_0 .net *"_ivl_27", 0 0, L_0x152362320;  1 drivers
v0x1522e81d0_0 .net *"_ivl_28", 0 0, L_0x152362440;  1 drivers
v0x1522e8260_0 .net *"_ivl_30", 0 0, L_0x152362510;  1 drivers
v0x1522e82f0_0 .net *"_ivl_33", 0 0, L_0x152362640;  1 drivers
v0x1522e7980_0 .net *"_ivl_35", 0 0, L_0x152362760;  1 drivers
v0x1522e8580_0 .net *"_ivl_36", 0 0, L_0x152362800;  1 drivers
v0x1522e8610_0 .net *"_ivl_39", 0 0, L_0x1523628f0;  1 drivers
v0x1522e86a0_0 .net *"_ivl_40", 0 0, L_0x152362a20;  1 drivers
v0x1522e8730_0 .net *"_ivl_42", 0 0, L_0x152362b20;  1 drivers
v0x1522e87c0_0 .net *"_ivl_48", 0 0, L_0x152362d30;  1 drivers
v0x1522e8850_0 .net *"_ivl_50", 0 0, L_0x152362e30;  1 drivers
v0x1522e88e0_0 .net *"_ivl_52", 0 0, L_0x152362ed0;  1 drivers
v0x1522e8970_0 .net *"_ivl_53", 0 0, L_0x152362fe0;  1 drivers
v0x1522e8a00_0 .net *"_ivl_55", 0 0, L_0x1523630f0;  1 drivers
v0x1522e8a90_0 .net *"_ivl_58", 0 0, L_0x1523631a0;  1 drivers
v0x1522e8b20_0 .net *"_ivl_60", 0 0, L_0x152363240;  1 drivers
v0x1522e8bb0_0 .net *"_ivl_61", 0 0, L_0x152362f70;  1 drivers
v0x1522e8c40_0 .net *"_ivl_64", 0 0, L_0x1523634d0;  1 drivers
v0x1522e8cd0_0 .net *"_ivl_65", 0 0, L_0x152363570;  1 drivers
v0x1522e8d60_0 .net *"_ivl_67", 0 0, L_0x152363620;  1 drivers
v0x1522e8df0_0 .net *"_ivl_7", 0 0, L_0x152361bf0;  1 drivers
v0x1522e8e80_0 .net *"_ivl_70", 0 0, L_0x152363790;  1 drivers
v0x1522e8f10_0 .net *"_ivl_72", 0 0, L_0x1523638c0;  1 drivers
v0x1522e8fa0_0 .net *"_ivl_73", 0 0, L_0x152363460;  1 drivers
v0x1522e9030_0 .net *"_ivl_76", 0 0, L_0x1523639a0;  1 drivers
v0x1522e90c0_0 .net *"_ivl_77", 0 0, L_0x152363ae0;  1 drivers
v0x1522e9150_0 .net *"_ivl_80", 0 0, L_0x152363c00;  1 drivers
v0x1522e91e0_0 .net *"_ivl_81", 0 0, L_0x152363ca0;  1 drivers
v0x1522e9270_0 .net *"_ivl_83", 0 0, L_0x152363d70;  1 drivers
v0x1522e9300_0 .net *"_ivl_86", 0 0, L_0x152363f40;  1 drivers
v0x1522e9390_0 .net *"_ivl_88", 0 0, L_0x152363a40;  1 drivers
v0x1522e9420_0 .net *"_ivl_90", 0 0, L_0x1523640e0;  1 drivers
v0x1522e94b0_0 .net *"_ivl_91", 0 0, L_0x1523623c0;  1 drivers
v0x1522e9540_0 .net *"_ivl_93", 0 0, L_0x152364280;  1 drivers
v0x1522e95d0_0 .net *"_ivl_96", 0 0, L_0x152363ea0;  1 drivers
v0x1522e9660_0 .net *"_ivl_98", 0 0, L_0x152364420;  1 drivers
v0x1522e8380_0 .net *"_ivl_99", 0 0, L_0x152364590;  1 drivers
v0x1522e8410_0 .net "a", 3 0, L_0x152365aa0;  1 drivers
v0x1522e84a0_0 .net "b", 3 0, L_0x152365b40;  1 drivers
v0x1522e96f0_0 .net "c", 3 0, L_0x152362bd0;  1 drivers
v0x1522e9780_0 .net "cin", 0 0, L_0x152361340;  alias, 1 drivers
v0x1522e9810_0 .net "cout", 0 0, L_0x1523654d0;  alias, 1 drivers
v0x1522e98a0_0 .net "sum", 3 0, L_0x1523656d0;  1 drivers
L_0x152361ce0 .part L_0x152361ac0, 0, 1;
L_0x152361dc0 .part L_0x152361a50, 0, 1;
L_0x152361ea0 .part L_0x152362bd0, 0, 1;
L_0x1523621b0 .part L_0x152361ac0, 1, 1;
L_0x152362250 .part L_0x152361a50, 1, 1;
L_0x152362320 .part L_0x152361ac0, 0, 1;
L_0x152362640 .part L_0x152361a50, 1, 1;
L_0x152362760 .part L_0x152361a50, 0, 1;
L_0x1523628f0 .part L_0x152362bd0, 0, 1;
L_0x152362bd0 .concat8 [ 1 1 1 1], L_0x152361bf0, L_0x152362090, L_0x152362b20, L_0x152363d70;
L_0x152362d30 .part L_0x152361ac0, 2, 1;
L_0x152362e30 .part L_0x152361a50, 2, 1;
L_0x152362ed0 .part L_0x152361ac0, 1, 1;
L_0x1523631a0 .part L_0x152361a50, 2, 1;
L_0x152363240 .part L_0x152361a50, 1, 1;
L_0x1523634d0 .part L_0x152361ac0, 0, 1;
L_0x152363790 .part L_0x152361a50, 2, 1;
L_0x1523638c0 .part L_0x152361a50, 1, 1;
L_0x1523639a0 .part L_0x152361a50, 0, 1;
L_0x152363c00 .part L_0x152362bd0, 0, 1;
L_0x152363f40 .part L_0x152361ac0, 3, 1;
L_0x152363a40 .part L_0x152361a50, 3, 1;
L_0x1523640e0 .part L_0x152361ac0, 2, 1;
L_0x152363ea0 .part L_0x152361a50, 3, 1;
L_0x152364420 .part L_0x152361a50, 2, 1;
L_0x152364620 .part L_0x152361ac0, 1, 1;
L_0x1523648e0 .part L_0x152361a50, 3, 1;
L_0x152364a60 .part L_0x152361a50, 2, 1;
L_0x152363320 .part L_0x152361a50, 1, 1;
L_0x1523649c0 .part L_0x152361ac0, 0, 1;
L_0x152365100 .part L_0x152361a50, 3, 1;
L_0x1523652a0 .part L_0x152361a50, 2, 1;
L_0x152365430 .part L_0x152361a50, 1, 1;
L_0x1523651e0 .part L_0x152361a50, 0, 1;
L_0x1523657d0 .part L_0x152362bd0, 0, 1;
S_0x1522e9930 .scope module, "n4" "cla_4" 5 17, 6 3 0, S_0x1522e17b0;
 .timescale -9 -11;
    .port_info 0 /INPUT 4 "a";
    .port_info 1 /INPUT 4 "b";
    .port_info 2 /INPUT 1 "cin";
    .port_info 3 /OUTPUT 4 "sum";
    .port_info 4 /OUTPUT 1 "cout";
L_0x152365be0 .functor XOR 4, L_0x152369c20, L_0x152369cc0, C4<0000>, C4<0000>;
L_0x152365c50 .functor AND 4, L_0x152369c20, L_0x152369cc0, C4<1111>, C4<1111>;
L_0x152365d40 .functor BUFZ 1, L_0x1523654d0, C4<0>, C4<0>, C4<0>;
L_0x1523660b0 .functor AND 1, L_0x152365f10, L_0x152365ff0, C4<1>, C4<1>;
L_0x1523661e0 .functor OR 1, L_0x152365e30, L_0x1523660b0, C4<0>, C4<0>;
L_0x152366590 .functor AND 1, L_0x1523663a0, L_0x152366470, C4<1>, C4<1>;
L_0x152366660 .functor OR 1, L_0x152366300, L_0x152366590, C4<0>, C4<0>;
L_0x152366950 .functor AND 1, L_0x152366790, L_0x1523668b0, C4<1>, C4<1>;
L_0x152366b70 .functor AND 1, L_0x152366950, L_0x152366a40, C4<1>, C4<1>;
L_0x152366c70 .functor OR 1, L_0x152366660, L_0x152366b70, C4<0>, C4<0>;
L_0x152367160 .functor AND 1, L_0x152366fb0, L_0x152367050, C4<1>, C4<1>;
L_0x152367270 .functor OR 1, L_0x152366eb0, L_0x152367160, C4<0>, C4<0>;
L_0x1523670f0 .functor AND 1, L_0x152367320, L_0x1523673c0, C4<1>, C4<1>;
L_0x1523676f0 .functor AND 1, L_0x1523670f0, L_0x152367650, C4<1>, C4<1>;
L_0x1523677a0 .functor OR 1, L_0x152367270, L_0x1523676f0, C4<0>, C4<0>;
L_0x1523675e0 .functor AND 1, L_0x152367910, L_0x152367a40, C4<1>, C4<1>;
L_0x152367c60 .functor AND 1, L_0x1523675e0, L_0x152367b20, C4<1>, C4<1>;
L_0x152367e20 .functor AND 1, L_0x152367c60, L_0x152367d80, C4<1>, C4<1>;
L_0x152367ef0 .functor OR 1, L_0x1523677a0, L_0x152367e20, C4<0>, C4<0>;
L_0x152366510 .functor AND 1, L_0x152367bc0, L_0x152368260, C4<1>, C4<1>;
L_0x152368400 .functor OR 1, L_0x1523680c0, L_0x152366510, C4<0>, C4<0>;
L_0x152368710 .functor AND 1, L_0x152368020, L_0x1523685a0, C4<1>, C4<1>;
L_0x152368840 .functor AND 1, L_0x152368710, L_0x1523687a0, C4<1>, C4<1>;
L_0x1523689f0 .functor OR 1, L_0x152368400, L_0x152368840, C4<0>, C4<0>;
L_0x152368640 .functor AND 1, L_0x152368a60, L_0x152368be0, C4<1>, C4<1>;
L_0x152368930 .functor AND 1, L_0x152368640, L_0x1523674a0, C4<1>, C4<1>;
L_0x152369040 .functor AND 1, L_0x152368930, L_0x152368b00, C4<1>, C4<1>;
L_0x152369210 .functor OR 1, L_0x1523689f0, L_0x152369040, C4<0>, C4<0>;
L_0x152368f00 .functor AND 1, L_0x152369280, L_0x152369420, C4<1>, C4<1>;
L_0x152369130 .functor AND 1, L_0x152368f00, L_0x1523695b0, C4<1>, C4<1>;
L_0x152369760 .functor AND 1, L_0x152369130, L_0x152369360, C4<1>, C4<1>;
L_0x1523694c0 .functor AND 1, L_0x152369760, L_0x152369950, C4<1>, C4<1>;
L_0x152369650 .functor OR 1, L_0x152369210, L_0x1523694c0, C4<0>, C4<0>;
L_0x152369850 .functor XOR 4, L_0x152365be0, L_0x152366d20, C4<0000>, C4<0000>;
v0x1522e9aa0_0 .net "G", 3 0, L_0x152365c50;  1 drivers
v0x1522e9b30_0 .net "P", 3 0, L_0x152365be0;  1 drivers
v0x1522e9bc0_0 .net *"_ivl_102", 0 0, L_0x1523687a0;  1 drivers
v0x1522e9c50_0 .net *"_ivl_103", 0 0, L_0x152368840;  1 drivers
v0x1522e9ce0_0 .net *"_ivl_105", 0 0, L_0x1523689f0;  1 drivers
v0x1522e9d70_0 .net *"_ivl_108", 0 0, L_0x152368a60;  1 drivers
v0x1522e9e00_0 .net *"_ivl_11", 0 0, L_0x152365e30;  1 drivers
v0x1522e9e90_0 .net *"_ivl_110", 0 0, L_0x152368be0;  1 drivers
v0x1522e9f20_0 .net *"_ivl_111", 0 0, L_0x152368640;  1 drivers
v0x1522e9fb0_0 .net *"_ivl_114", 0 0, L_0x1523674a0;  1 drivers
v0x1522ea040_0 .net *"_ivl_115", 0 0, L_0x152368930;  1 drivers
v0x1522ea0d0_0 .net *"_ivl_118", 0 0, L_0x152368b00;  1 drivers
v0x1522ea160_0 .net *"_ivl_119", 0 0, L_0x152369040;  1 drivers
v0x1522ea1f0_0 .net *"_ivl_121", 0 0, L_0x152369210;  1 drivers
v0x1522ea280_0 .net *"_ivl_124", 0 0, L_0x152369280;  1 drivers
v0x1522ea310_0 .net *"_ivl_126", 0 0, L_0x152369420;  1 drivers
v0x1522ea3a0_0 .net *"_ivl_127", 0 0, L_0x152368f00;  1 drivers
v0x1522ea530_0 .net *"_ivl_13", 0 0, L_0x152365f10;  1 drivers
v0x1522ea5c0_0 .net *"_ivl_130", 0 0, L_0x1523695b0;  1 drivers
v0x1522ea650_0 .net *"_ivl_131", 0 0, L_0x152369130;  1 drivers
v0x1522ea6e0_0 .net *"_ivl_134", 0 0, L_0x152369360;  1 drivers
v0x1522ea770_0 .net *"_ivl_135", 0 0, L_0x152369760;  1 drivers
v0x1522ea800_0 .net *"_ivl_138", 0 0, L_0x152369950;  1 drivers
v0x1522ea890_0 .net *"_ivl_139", 0 0, L_0x1523694c0;  1 drivers
v0x1522ea920_0 .net *"_ivl_15", 0 0, L_0x152365ff0;  1 drivers
v0x1522ea9b0_0 .net *"_ivl_16", 0 0, L_0x1523660b0;  1 drivers
v0x1522eaa40_0 .net *"_ivl_18", 0 0, L_0x1523661e0;  1 drivers
v0x1522eaad0_0 .net *"_ivl_23", 0 0, L_0x152366300;  1 drivers
v0x1522eab60_0 .net *"_ivl_25", 0 0, L_0x1523663a0;  1 drivers
v0x1522eabf0_0 .net *"_ivl_27", 0 0, L_0x152366470;  1 drivers
v0x1522eac80_0 .net *"_ivl_28", 0 0, L_0x152366590;  1 drivers
v0x1522ead10_0 .net *"_ivl_30", 0 0, L_0x152366660;  1 drivers
v0x1522eada0_0 .net *"_ivl_33", 0 0, L_0x152366790;  1 drivers
v0x1522ea430_0 .net *"_ivl_35", 0 0, L_0x1523668b0;  1 drivers
v0x1522eb030_0 .net *"_ivl_36", 0 0, L_0x152366950;  1 drivers
v0x1522eb0c0_0 .net *"_ivl_39", 0 0, L_0x152366a40;  1 drivers
v0x1522eb150_0 .net *"_ivl_40", 0 0, L_0x152366b70;  1 drivers
v0x1522eb1f0_0 .net *"_ivl_42", 0 0, L_0x152366c70;  1 drivers
v0x1522eb2a0_0 .net *"_ivl_48", 0 0, L_0x152366eb0;  1 drivers
v0x1522eb350_0 .net *"_ivl_50", 0 0, L_0x152366fb0;  1 drivers
v0x1522eb400_0 .net *"_ivl_52", 0 0, L_0x152367050;  1 drivers
v0x1522eb4b0_0 .net *"_ivl_53", 0 0, L_0x152367160;  1 drivers
v0x1522eb560_0 .net *"_ivl_55", 0 0, L_0x152367270;  1 drivers
v0x1522eb610_0 .net *"_ivl_58", 0 0, L_0x152367320;  1 drivers
v0x1522eb6c0_0 .net *"_ivl_60", 0 0, L_0x1523673c0;  1 drivers
v0x1522eb770_0 .net *"_ivl_61", 0 0, L_0x1523670f0;  1 drivers
v0x1522eb820_0 .net *"_ivl_64", 0 0, L_0x152367650;  1 drivers
v0x1522eb8d0_0 .net *"_ivl_65", 0 0, L_0x1523676f0;  1 drivers
v0x1522eb980_0 .net *"_ivl_67", 0 0, L_0x1523677a0;  1 drivers
v0x1522eba30_0 .net *"_ivl_7", 0 0, L_0x152365d40;  1 drivers
v0x1522ebae0_0 .net *"_ivl_70", 0 0, L_0x152367910;  1 drivers
v0x1522ebb90_0 .net *"_ivl_72", 0 0, L_0x152367a40;  1 drivers
v0x1522ebc40_0 .net *"_ivl_73", 0 0, L_0x1523675e0;  1 drivers
v0x1522ebcf0_0 .net *"_ivl_76", 0 0, L_0x152367b20;  1 drivers
v0x1522ebda0_0 .net *"_ivl_77", 0 0, L_0x152367c60;  1 drivers
v0x1522ebe50_0 .net *"_ivl_80", 0 0, L_0x152367d80;  1 drivers
v0x1522ebf00_0 .net *"_ivl_81", 0 0, L_0x152367e20;  1 drivers
v0x1522ebfb0_0 .net *"_ivl_83", 0 0, L_0x152367ef0;  1 drivers
v0x1522ec060_0 .net *"_ivl_86", 0 0, L_0x1523680c0;  1 drivers
v0x1522ec110_0 .net *"_ivl_88", 0 0, L_0x152367bc0;  1 drivers
v0x1522ec1c0_0 .net *"_ivl_90", 0 0, L_0x152368260;  1 drivers
v0x1522ec270_0 .net *"_ivl_91", 0 0, L_0x152366510;  1 drivers
v0x1522ec320_0 .net *"_ivl_93", 0 0, L_0x152368400;  1 drivers
v0x1522ec3d0_0 .net *"_ivl_96", 0 0, L_0x152368020;  1 drivers
v0x1522ec480_0 .net *"_ivl_98", 0 0, L_0x1523685a0;  1 drivers
v0x1522eae50_0 .net *"_ivl_99", 0 0, L_0x152368710;  1 drivers
v0x1522eaf00_0 .net "a", 3 0, L_0x152369c20;  1 drivers
v0x1522ec510_0 .net "b", 3 0, L_0x152369cc0;  1 drivers
v0x1522ec5a0_0 .net "c", 3 0, L_0x152366d20;  1 drivers
v0x1522ec630_0 .net "cin", 0 0, L_0x1523654d0;  alias, 1 drivers
v0x1522ec6c0_0 .net "cout", 0 0, L_0x152369650;  alias, 1 drivers
v0x1522ec750_0 .net "sum", 3 0, L_0x152369850;  1 drivers
L_0x152365e30 .part L_0x152365c50, 0, 1;
L_0x152365f10 .part L_0x152365be0, 0, 1;
L_0x152365ff0 .part L_0x152366d20, 0, 1;
L_0x152366300 .part L_0x152365c50, 1, 1;
L_0x1523663a0 .part L_0x152365be0, 1, 1;
L_0x152366470 .part L_0x152365c50, 0, 1;
L_0x152366790 .part L_0x152365be0, 1, 1;
L_0x1523668b0 .part L_0x152365be0, 0, 1;
L_0x152366a40 .part L_0x152366d20, 0, 1;
L_0x152366d20 .concat8 [ 1 1 1 1], L_0x152365d40, L_0x1523661e0, L_0x152366c70, L_0x152367ef0;
L_0x152366eb0 .part L_0x152365c50, 2, 1;
L_0x152366fb0 .part L_0x152365be0, 2, 1;
L_0x152367050 .part L_0x152365c50, 1, 1;
L_0x152367320 .part L_0x152365be0, 2, 1;
L_0x1523673c0 .part L_0x152365be0, 1, 1;
L_0x152367650 .part L_0x152365c50, 0, 1;
L_0x152367910 .part L_0x152365be0, 2, 1;
L_0x152367a40 .part L_0x152365be0, 1, 1;
L_0x152367b20 .part L_0x152365be0, 0, 1;
L_0x152367d80 .part L_0x152366d20, 0, 1;
L_0x1523680c0 .part L_0x152365c50, 3, 1;
L_0x152367bc0 .part L_0x152365be0, 3, 1;
L_0x152368260 .part L_0x152365c50, 2, 1;
L_0x152368020 .part L_0x152365be0, 3, 1;
L_0x1523685a0 .part L_0x152365be0, 2, 1;
L_0x1523687a0 .part L_0x152365c50, 1, 1;
L_0x152368a60 .part L_0x152365be0, 3, 1;
L_0x152368be0 .part L_0x152365be0, 2, 1;
L_0x1523674a0 .part L_0x152365be0, 1, 1;
L_0x152368b00 .part L_0x152365c50, 0, 1;
L_0x152369280 .part L_0x152365be0, 3, 1;
L_0x152369420 .part L_0x152365be0, 2, 1;
L_0x1523695b0 .part L_0x152365be0, 1, 1;
L_0x152369360 .part L_0x152365be0, 0, 1;
L_0x152369950 .part L_0x152366d20, 0, 1;
S_0x1522ecdd0 .scope module, "n2" "cla16" 5 33, 5 4 0, S_0x1522e1640;
 .timescale -9 -11;
    .port_info 0 /INPUT 16 "d1";
    .port_info 1 /INPUT 16 "d2";
    .port_info 2 /INPUT 1 "cin";
    .port_info 3 /OUTPUT 16 "sum";
    .port_info 4 /OUTPUT 1 "cout";
P_0x1522ecfa0 .param/l "DATA_WIDTH" 0 5 4, +C4<00000000000000000000000000100000>;
v0x1522fa190_0 .net "c1", 0 0, L_0x15236db00;  1 drivers
v0x1522fa260_0 .net "c2", 0 0, L_0x152371cb0;  1 drivers
v0x1522fa330_0 .net "c3", 0 0, L_0x152375e70;  1 drivers
v0x1522fa400_0 .net "cin", 0 0, L_0x152369650;  alias, 1 drivers
v0x1522fa490_0 .net8 "cout", 0 0, RS_0x158057270;  alias, 3 drivers
v0x1522fa5e0_0 .net "d1", 15 0, L_0x15237a910;  1 drivers
v0x1522fa670_0 .net "d2", 15 0, L_0x15237a9b0;  1 drivers
v0x1522fa700_0 .net "sum", 15 0, L_0x15237a760;  1 drivers
L_0x15236e0d0 .part L_0x15237a910, 0, 4;
L_0x15236e170 .part L_0x15237a9b0, 0, 4;
L_0x152372280 .part L_0x15237a910, 4, 4;
L_0x152372320 .part L_0x15237a9b0, 4, 4;
L_0x152376440 .part L_0x15237a910, 8, 4;
L_0x1523764e0 .part L_0x15237a9b0, 8, 4;
L_0x15237a5a0 .part L_0x15237a910, 12, 4;
L_0x15237a640 .part L_0x15237a9b0, 12, 4;
L_0x15237a760 .concat8 [ 4 4 4 4], L_0x15236dd00, L_0x152371eb0, L_0x152376070, L_0x15237a1d0;
S_0x1522ed0d0 .scope module, "n1" "cla_4" 5 14, 6 3 0, S_0x1522ecdd0;
 .timescale -9 -11;
    .port_info 0 /INPUT 4 "a";
    .port_info 1 /INPUT 4 "b";
    .port_info 2 /INPUT 1 "cin";
    .port_info 3 /OUTPUT 4 "sum";
    .port_info 4 /OUTPUT 1 "cout";
L_0x15236a0d0 .functor XOR 4, L_0x15236e0d0, L_0x15236e170, C4<0000>, C4<0000>;
L_0x15236a140 .functor AND 4, L_0x15236e0d0, L_0x15236e170, C4<1111>, C4<1111>;
L_0x15236a230 .functor BUFZ 1, L_0x152369650, C4<0>, C4<0>, C4<0>;
L_0x15236a560 .functor AND 1, L_0x15236a3a0, L_0x15236a480, C4<1>, C4<1>;
L_0x15236a690 .functor OR 1, L_0x15236a2a0, L_0x15236a560, C4<0>, C4<0>;
L_0x15236aa40 .functor AND 1, L_0x15236a850, L_0x15236a920, C4<1>, C4<1>;
L_0x15236ab10 .functor OR 1, L_0x15236a7b0, L_0x15236aa40, C4<0>, C4<0>;
L_0x15236ae00 .functor AND 1, L_0x15236ac40, L_0x15236ad60, C4<1>, C4<1>;
L_0x15236b020 .functor AND 1, L_0x15236ae00, L_0x15236aef0, C4<1>, C4<1>;
L_0x15236b120 .functor OR 1, L_0x15236ab10, L_0x15236b020, C4<0>, C4<0>;
L_0x15236b610 .functor AND 1, L_0x15236b460, L_0x15236b500, C4<1>, C4<1>;
L_0x15236b720 .functor OR 1, L_0x15236b360, L_0x15236b610, C4<0>, C4<0>;
L_0x15236b5a0 .functor AND 1, L_0x15236b7d0, L_0x15236b870, C4<1>, C4<1>;
L_0x15236bba0 .functor AND 1, L_0x15236b5a0, L_0x15236bb00, C4<1>, C4<1>;
L_0x15236bc50 .functor OR 1, L_0x15236b720, L_0x15236bba0, C4<0>, C4<0>;
L_0x15236ba90 .functor AND 1, L_0x15236bdc0, L_0x15236bef0, C4<1>, C4<1>;
L_0x15236c110 .functor AND 1, L_0x15236ba90, L_0x15236bfd0, C4<1>, C4<1>;
L_0x15236c2d0 .functor AND 1, L_0x15236c110, L_0x15236c230, C4<1>, C4<1>;
L_0x15236c3a0 .functor OR 1, L_0x15236bc50, L_0x15236c2d0, C4<0>, C4<0>;
L_0x15236a9c0 .functor AND 1, L_0x15236c070, L_0x15236c710, C4<1>, C4<1>;
L_0x15236c8b0 .functor OR 1, L_0x15236c570, L_0x15236a9c0, C4<0>, C4<0>;
L_0x15236cbc0 .functor AND 1, L_0x15236c4d0, L_0x15236ca50, C4<1>, C4<1>;
L_0x15236ccf0 .functor AND 1, L_0x15236cbc0, L_0x15236cc50, C4<1>, C4<1>;
L_0x15236cea0 .functor OR 1, L_0x15236c8b0, L_0x15236ccf0, C4<0>, C4<0>;
L_0x15236caf0 .functor AND 1, L_0x15236cf10, L_0x15236d090, C4<1>, C4<1>;
L_0x15236cde0 .functor AND 1, L_0x15236caf0, L_0x15236b950, C4<1>, C4<1>;
L_0x15236d4f0 .functor AND 1, L_0x15236cde0, L_0x15236cfb0, C4<1>, C4<1>;
L_0x15236d6c0 .functor OR 1, L_0x15236cea0, L_0x15236d4f0, C4<0>, C4<0>;
L_0x15236d3b0 .functor AND 1, L_0x15236d730, L_0x15236d8d0, C4<1>, C4<1>;
L_0x15236d5e0 .functor AND 1, L_0x15236d3b0, L_0x15236da60, C4<1>, C4<1>;
L_0x15236dc10 .functor AND 1, L_0x15236d5e0, L_0x15236d810, C4<1>, C4<1>;
L_0x15236d970 .functor AND 1, L_0x15236dc10, L_0x15236de00, C4<1>, C4<1>;
L_0x15236db00 .functor OR 1, L_0x15236d6c0, L_0x15236d970, C4<0>, C4<0>;
L_0x15236dd00 .functor XOR 4, L_0x15236a0d0, L_0x15236b1d0, C4<0000>, C4<0000>;
v0x1522ed340_0 .net "G", 3 0, L_0x15236a140;  1 drivers
v0x1522ed3f0_0 .net "P", 3 0, L_0x15236a0d0;  1 drivers
v0x1522ed4a0_0 .net *"_ivl_102", 0 0, L_0x15236cc50;  1 drivers
v0x1522ed560_0 .net *"_ivl_103", 0 0, L_0x15236ccf0;  1 drivers
v0x1522ed610_0 .net *"_ivl_105", 0 0, L_0x15236cea0;  1 drivers
v0x1522ed700_0 .net *"_ivl_108", 0 0, L_0x15236cf10;  1 drivers
v0x1522ed7b0_0 .net *"_ivl_11", 0 0, L_0x15236a2a0;  1 drivers
v0x1522ed860_0 .net *"_ivl_110", 0 0, L_0x15236d090;  1 drivers
v0x1522ed910_0 .net *"_ivl_111", 0 0, L_0x15236caf0;  1 drivers
v0x1522eda20_0 .net *"_ivl_114", 0 0, L_0x15236b950;  1 drivers
v0x1522edad0_0 .net *"_ivl_115", 0 0, L_0x15236cde0;  1 drivers
v0x1522edb80_0 .net *"_ivl_118", 0 0, L_0x15236cfb0;  1 drivers
v0x1522edc30_0 .net *"_ivl_119", 0 0, L_0x15236d4f0;  1 drivers
v0x1522edce0_0 .net *"_ivl_121", 0 0, L_0x15236d6c0;  1 drivers
v0x1522edd90_0 .net *"_ivl_124", 0 0, L_0x15236d730;  1 drivers
v0x1522ede40_0 .net *"_ivl_126", 0 0, L_0x15236d8d0;  1 drivers
v0x1522edef0_0 .net *"_ivl_127", 0 0, L_0x15236d3b0;  1 drivers
v0x1522ee080_0 .net *"_ivl_13", 0 0, L_0x15236a3a0;  1 drivers
v0x1522ee110_0 .net *"_ivl_130", 0 0, L_0x15236da60;  1 drivers
v0x1522ee1c0_0 .net *"_ivl_131", 0 0, L_0x15236d5e0;  1 drivers
v0x1522ee270_0 .net *"_ivl_134", 0 0, L_0x15236d810;  1 drivers
v0x1522ee320_0 .net *"_ivl_135", 0 0, L_0x15236dc10;  1 drivers
v0x1522ee3d0_0 .net *"_ivl_138", 0 0, L_0x15236de00;  1 drivers
v0x1522ee480_0 .net *"_ivl_139", 0 0, L_0x15236d970;  1 drivers
v0x1522ee530_0 .net *"_ivl_15", 0 0, L_0x15236a480;  1 drivers
v0x1522ee5e0_0 .net *"_ivl_16", 0 0, L_0x15236a560;  1 drivers
v0x1522ee690_0 .net *"_ivl_18", 0 0, L_0x15236a690;  1 drivers
v0x1522ee740_0 .net *"_ivl_23", 0 0, L_0x15236a7b0;  1 drivers
v0x1522ee7f0_0 .net *"_ivl_25", 0 0, L_0x15236a850;  1 drivers
v0x1522ee8a0_0 .net *"_ivl_27", 0 0, L_0x15236a920;  1 drivers
v0x1522ee950_0 .net *"_ivl_28", 0 0, L_0x15236aa40;  1 drivers
v0x1522eea00_0 .net *"_ivl_30", 0 0, L_0x15236ab10;  1 drivers
v0x1522eeab0_0 .net *"_ivl_33", 0 0, L_0x15236ac40;  1 drivers
v0x1522edfa0_0 .net *"_ivl_35", 0 0, L_0x15236ad60;  1 drivers
v0x1522eed40_0 .net *"_ivl_36", 0 0, L_0x15236ae00;  1 drivers
v0x1522eedd0_0 .net *"_ivl_39", 0 0, L_0x15236aef0;  1 drivers
v0x1522eee70_0 .net *"_ivl_40", 0 0, L_0x15236b020;  1 drivers
v0x1522eef20_0 .net *"_ivl_42", 0 0, L_0x15236b120;  1 drivers
v0x1522eefd0_0 .net *"_ivl_48", 0 0, L_0x15236b360;  1 drivers
v0x1522ef080_0 .net *"_ivl_50", 0 0, L_0x15236b460;  1 drivers
v0x1522ef130_0 .net *"_ivl_52", 0 0, L_0x15236b500;  1 drivers
v0x1522ef1e0_0 .net *"_ivl_53", 0 0, L_0x15236b610;  1 drivers
v0x1522ef290_0 .net *"_ivl_55", 0 0, L_0x15236b720;  1 drivers
v0x1522ef340_0 .net *"_ivl_58", 0 0, L_0x15236b7d0;  1 drivers
v0x1522ef3f0_0 .net *"_ivl_60", 0 0, L_0x15236b870;  1 drivers
v0x1522ef4a0_0 .net *"_ivl_61", 0 0, L_0x15236b5a0;  1 drivers
v0x1522ef550_0 .net *"_ivl_64", 0 0, L_0x15236bb00;  1 drivers
v0x1522ef600_0 .net *"_ivl_65", 0 0, L_0x15236bba0;  1 drivers
v0x1522ef6b0_0 .net *"_ivl_67", 0 0, L_0x15236bc50;  1 drivers
v0x1522ef760_0 .net *"_ivl_7", 0 0, L_0x15236a230;  1 drivers
v0x1522ef810_0 .net *"_ivl_70", 0 0, L_0x15236bdc0;  1 drivers
v0x1522ef8c0_0 .net *"_ivl_72", 0 0, L_0x15236bef0;  1 drivers
v0x1522ef970_0 .net *"_ivl_73", 0 0, L_0x15236ba90;  1 drivers
v0x1522efa20_0 .net *"_ivl_76", 0 0, L_0x15236bfd0;  1 drivers
v0x1522efad0_0 .net *"_ivl_77", 0 0, L_0x15236c110;  1 drivers
v0x1522efb80_0 .net *"_ivl_80", 0 0, L_0x15236c230;  1 drivers
v0x1522efc30_0 .net *"_ivl_81", 0 0, L_0x15236c2d0;  1 drivers
v0x1522efce0_0 .net *"_ivl_83", 0 0, L_0x15236c3a0;  1 drivers
v0x1522efd90_0 .net *"_ivl_86", 0 0, L_0x15236c570;  1 drivers
v0x1522efe40_0 .net *"_ivl_88", 0 0, L_0x15236c070;  1 drivers
v0x1522efef0_0 .net *"_ivl_90", 0 0, L_0x15236c710;  1 drivers
v0x1522effa0_0 .net *"_ivl_91", 0 0, L_0x15236a9c0;  1 drivers
v0x1522f0050_0 .net *"_ivl_93", 0 0, L_0x15236c8b0;  1 drivers
v0x1522f0100_0 .net *"_ivl_96", 0 0, L_0x15236c4d0;  1 drivers
v0x1522f01b0_0 .net *"_ivl_98", 0 0, L_0x15236ca50;  1 drivers
v0x1522eeb60_0 .net *"_ivl_99", 0 0, L_0x15236cbc0;  1 drivers
v0x1522eec10_0 .net "a", 3 0, L_0x15236e0d0;  1 drivers
v0x1522f0240_0 .net "b", 3 0, L_0x15236e170;  1 drivers
v0x1522f02d0_0 .net "c", 3 0, L_0x15236b1d0;  1 drivers
v0x1522f0360_0 .net "cin", 0 0, L_0x152369650;  alias, 1 drivers
v0x1522f03f0_0 .net "cout", 0 0, L_0x15236db00;  alias, 1 drivers
v0x1522f0480_0 .net "sum", 3 0, L_0x15236dd00;  1 drivers
L_0x15236a2a0 .part L_0x15236a140, 0, 1;
L_0x15236a3a0 .part L_0x15236a0d0, 0, 1;
L_0x15236a480 .part L_0x15236b1d0, 0, 1;
L_0x15236a7b0 .part L_0x15236a140, 1, 1;
L_0x15236a850 .part L_0x15236a0d0, 1, 1;
L_0x15236a920 .part L_0x15236a140, 0, 1;
L_0x15236ac40 .part L_0x15236a0d0, 1, 1;
L_0x15236ad60 .part L_0x15236a0d0, 0, 1;
L_0x15236aef0 .part L_0x15236b1d0, 0, 1;
L_0x15236b1d0 .concat8 [ 1 1 1 1], L_0x15236a230, L_0x15236a690, L_0x15236b120, L_0x15236c3a0;
L_0x15236b360 .part L_0x15236a140, 2, 1;
L_0x15236b460 .part L_0x15236a0d0, 2, 1;
L_0x15236b500 .part L_0x15236a140, 1, 1;
L_0x15236b7d0 .part L_0x15236a0d0, 2, 1;
L_0x15236b870 .part L_0x15236a0d0, 1, 1;
L_0x15236bb00 .part L_0x15236a140, 0, 1;
L_0x15236bdc0 .part L_0x15236a0d0, 2, 1;
L_0x15236bef0 .part L_0x15236a0d0, 1, 1;
L_0x15236bfd0 .part L_0x15236a0d0, 0, 1;
L_0x15236c230 .part L_0x15236b1d0, 0, 1;
L_0x15236c570 .part L_0x15236a140, 3, 1;
L_0x15236c070 .part L_0x15236a0d0, 3, 1;
L_0x15236c710 .part L_0x15236a140, 2, 1;
L_0x15236c4d0 .part L_0x15236a0d0, 3, 1;
L_0x15236ca50 .part L_0x15236a0d0, 2, 1;
L_0x15236cc50 .part L_0x15236a140, 1, 1;
L_0x15236cf10 .part L_0x15236a0d0, 3, 1;
L_0x15236d090 .part L_0x15236a0d0, 2, 1;
L_0x15236b950 .part L_0x15236a0d0, 1, 1;
L_0x15236cfb0 .part L_0x15236a140, 0, 1;
L_0x15236d730 .part L_0x15236a0d0, 3, 1;
L_0x15236d8d0 .part L_0x15236a0d0, 2, 1;
L_0x15236da60 .part L_0x15236a0d0, 1, 1;
L_0x15236d810 .part L_0x15236a0d0, 0, 1;
L_0x15236de00 .part L_0x15236b1d0, 0, 1;
S_0x1522f0540 .scope module, "n2" "cla_4" 5 15, 6 3 0, S_0x1522ecdd0;
 .timescale -9 -11;
    .port_info 0 /INPUT 4 "a";
    .port_info 1 /INPUT 4 "b";
    .port_info 2 /INPUT 1 "cin";
    .port_info 3 /OUTPUT 4 "sum";
    .port_info 4 /OUTPUT 1 "cout";
L_0x15236dd70 .functor XOR 4, L_0x152372280, L_0x152372320, C4<0000>, C4<0000>;
L_0x15236e270 .functor AND 4, L_0x152372280, L_0x152372320, C4<1111>, C4<1111>;
L_0x15236e3a0 .functor BUFZ 1, L_0x15236db00, C4<0>, C4<0>, C4<0>;
L_0x15236e710 .functor AND 1, L_0x15236e570, L_0x15236e650, C4<1>, C4<1>;
L_0x15236e840 .functor OR 1, L_0x15236e490, L_0x15236e710, C4<0>, C4<0>;
L_0x15236ebf0 .functor AND 1, L_0x15236ea00, L_0x15236ead0, C4<1>, C4<1>;
L_0x15236ecc0 .functor OR 1, L_0x15236e960, L_0x15236ebf0, C4<0>, C4<0>;
L_0x15236efb0 .functor AND 1, L_0x15236edf0, L_0x15236ef10, C4<1>, C4<1>;
L_0x15236f1d0 .functor AND 1, L_0x15236efb0, L_0x15236f0a0, C4<1>, C4<1>;
L_0x15236f2d0 .functor OR 1, L_0x15236ecc0, L_0x15236f1d0, C4<0>, C4<0>;
L_0x15236f7c0 .functor AND 1, L_0x15236f610, L_0x15236f6b0, C4<1>, C4<1>;
L_0x15236f8d0 .functor OR 1, L_0x15236f510, L_0x15236f7c0, C4<0>, C4<0>;
L_0x15236f750 .functor AND 1, L_0x15236f980, L_0x15236fa20, C4<1>, C4<1>;
L_0x15236fd50 .functor AND 1, L_0x15236f750, L_0x15236fcb0, C4<1>, C4<1>;
L_0x15236fe00 .functor OR 1, L_0x15236f8d0, L_0x15236fd50, C4<0>, C4<0>;
L_0x15236fc40 .functor AND 1, L_0x15236ff70, L_0x1523700a0, C4<1>, C4<1>;
L_0x1523702c0 .functor AND 1, L_0x15236fc40, L_0x152370180, C4<1>, C4<1>;
L_0x152370480 .functor AND 1, L_0x1523702c0, L_0x1523703e0, C4<1>, C4<1>;
L_0x152370550 .functor OR 1, L_0x15236fe00, L_0x152370480, C4<0>, C4<0>;
L_0x15236eb70 .functor AND 1, L_0x152370220, L_0x1523708c0, C4<1>, C4<1>;
L_0x152370a60 .functor OR 1, L_0x152370720, L_0x15236eb70, C4<0>, C4<0>;
L_0x152370d70 .functor AND 1, L_0x152370680, L_0x152370c00, C4<1>, C4<1>;
L_0x152370ea0 .functor AND 1, L_0x152370d70, L_0x152370e00, C4<1>, C4<1>;
L_0x152371050 .functor OR 1, L_0x152370a60, L_0x152370ea0, C4<0>, C4<0>;
L_0x152370ca0 .functor AND 1, L_0x1523710c0, L_0x152371240, C4<1>, C4<1>;
L_0x152370f90 .functor AND 1, L_0x152370ca0, L_0x15236fb00, C4<1>, C4<1>;
L_0x1523716a0 .functor AND 1, L_0x152370f90, L_0x152371160, C4<1>, C4<1>;
L_0x152371870 .functor OR 1, L_0x152371050, L_0x1523716a0, C4<0>, C4<0>;
L_0x152371560 .functor AND 1, L_0x1523718e0, L_0x152371a80, C4<1>, C4<1>;
L_0x152371790 .functor AND 1, L_0x152371560, L_0x152371c10, C4<1>, C4<1>;
L_0x152371dc0 .functor AND 1, L_0x152371790, L_0x1523719c0, C4<1>, C4<1>;
L_0x152371b20 .functor AND 1, L_0x152371dc0, L_0x152371fb0, C4<1>, C4<1>;
L_0x152371cb0 .functor OR 1, L_0x152371870, L_0x152371b20, C4<0>, C4<0>;
L_0x152371eb0 .functor XOR 4, L_0x15236dd70, L_0x15236f380, C4<0000>, C4<0000>;
v0x1522f0780_0 .net "G", 3 0, L_0x15236e270;  1 drivers
v0x1522f0820_0 .net "P", 3 0, L_0x15236dd70;  1 drivers
v0x1522f08d0_0 .net *"_ivl_102", 0 0, L_0x152370e00;  1 drivers
v0x1522f0990_0 .net *"_ivl_103", 0 0, L_0x152370ea0;  1 drivers
v0x1522f0a40_0 .net *"_ivl_105", 0 0, L_0x152371050;  1 drivers
v0x1522f0b30_0 .net *"_ivl_108", 0 0, L_0x1523710c0;  1 drivers
v0x1522f0be0_0 .net *"_ivl_11", 0 0, L_0x15236e490;  1 drivers
v0x1522f0c90_0 .net *"_ivl_110", 0 0, L_0x152371240;  1 drivers
v0x1522f0d40_0 .net *"_ivl_111", 0 0, L_0x152370ca0;  1 drivers
v0x1522f0e50_0 .net *"_ivl_114", 0 0, L_0x15236fb00;  1 drivers
v0x1522f0f00_0 .net *"_ivl_115", 0 0, L_0x152370f90;  1 drivers
v0x1522f0fb0_0 .net *"_ivl_118", 0 0, L_0x152371160;  1 drivers
v0x1522f1060_0 .net *"_ivl_119", 0 0, L_0x1523716a0;  1 drivers
v0x1522f1110_0 .net *"_ivl_121", 0 0, L_0x152371870;  1 drivers
v0x1522f11c0_0 .net *"_ivl_124", 0 0, L_0x1523718e0;  1 drivers
v0x1522f1270_0 .net *"_ivl_126", 0 0, L_0x152371a80;  1 drivers
v0x1522f1320_0 .net *"_ivl_127", 0 0, L_0x152371560;  1 drivers
v0x1522f14b0_0 .net *"_ivl_13", 0 0, L_0x15236e570;  1 drivers
v0x1522f1540_0 .net *"_ivl_130", 0 0, L_0x152371c10;  1 drivers
v0x1522f15f0_0 .net *"_ivl_131", 0 0, L_0x152371790;  1 drivers
v0x1522f16a0_0 .net *"_ivl_134", 0 0, L_0x1523719c0;  1 drivers
v0x1522f1750_0 .net *"_ivl_135", 0 0, L_0x152371dc0;  1 drivers
v0x1522f1800_0 .net *"_ivl_138", 0 0, L_0x152371fb0;  1 drivers
v0x1522f18b0_0 .net *"_ivl_139", 0 0, L_0x152371b20;  1 drivers
v0x1522f1960_0 .net *"_ivl_15", 0 0, L_0x15236e650;  1 drivers
v0x1522f1a10_0 .net *"_ivl_16", 0 0, L_0x15236e710;  1 drivers
v0x1522f1ac0_0 .net *"_ivl_18", 0 0, L_0x15236e840;  1 drivers
v0x1522f1b70_0 .net *"_ivl_23", 0 0, L_0x15236e960;  1 drivers
v0x1522f1c20_0 .net *"_ivl_25", 0 0, L_0x15236ea00;  1 drivers
v0x1522f1cd0_0 .net *"_ivl_27", 0 0, L_0x15236ead0;  1 drivers
v0x1522f1d80_0 .net *"_ivl_28", 0 0, L_0x15236ebf0;  1 drivers
v0x1522f1e30_0 .net *"_ivl_30", 0 0, L_0x15236ecc0;  1 drivers
v0x1522f1ee0_0 .net *"_ivl_33", 0 0, L_0x15236edf0;  1 drivers
v0x1522f13d0_0 .net *"_ivl_35", 0 0, L_0x15236ef10;  1 drivers
v0x1522f2170_0 .net *"_ivl_36", 0 0, L_0x15236efb0;  1 drivers
v0x1522f2200_0 .net *"_ivl_39", 0 0, L_0x15236f0a0;  1 drivers
v0x1522f22a0_0 .net *"_ivl_40", 0 0, L_0x15236f1d0;  1 drivers
v0x1522f2350_0 .net *"_ivl_42", 0 0, L_0x15236f2d0;  1 drivers
v0x1522f2400_0 .net *"_ivl_48", 0 0, L_0x15236f510;  1 drivers
v0x1522f24b0_0 .net *"_ivl_50", 0 0, L_0x15236f610;  1 drivers
v0x1522f2560_0 .net *"_ivl_52", 0 0, L_0x15236f6b0;  1 drivers
v0x1522f2610_0 .net *"_ivl_53", 0 0, L_0x15236f7c0;  1 drivers
v0x1522f26c0_0 .net *"_ivl_55", 0 0, L_0x15236f8d0;  1 drivers
v0x1522f2770_0 .net *"_ivl_58", 0 0, L_0x15236f980;  1 drivers
v0x1522f2820_0 .net *"_ivl_60", 0 0, L_0x15236fa20;  1 drivers
v0x1522f28d0_0 .net *"_ivl_61", 0 0, L_0x15236f750;  1 drivers
v0x1522f2980_0 .net *"_ivl_64", 0 0, L_0x15236fcb0;  1 drivers
v0x1522f2a30_0 .net *"_ivl_65", 0 0, L_0x15236fd50;  1 drivers
v0x1522f2ae0_0 .net *"_ivl_67", 0 0, L_0x15236fe00;  1 drivers
v0x1522f2b90_0 .net *"_ivl_7", 0 0, L_0x15236e3a0;  1 drivers
v0x1522f2c40_0 .net *"_ivl_70", 0 0, L_0x15236ff70;  1 drivers
v0x1522f2cf0_0 .net *"_ivl_72", 0 0, L_0x1523700a0;  1 drivers
v0x1522f2da0_0 .net *"_ivl_73", 0 0, L_0x15236fc40;  1 drivers
v0x1522f2e50_0 .net *"_ivl_76", 0 0, L_0x152370180;  1 drivers
v0x1522f2f00_0 .net *"_ivl_77", 0 0, L_0x1523702c0;  1 drivers
v0x1522f2fb0_0 .net *"_ivl_80", 0 0, L_0x1523703e0;  1 drivers
v0x1522f3060_0 .net *"_ivl_81", 0 0, L_0x152370480;  1 drivers
v0x1522f3110_0 .net *"_ivl_83", 0 0, L_0x152370550;  1 drivers
v0x1522f31c0_0 .net *"_ivl_86", 0 0, L_0x152370720;  1 drivers
v0x1522f3270_0 .net *"_ivl_88", 0 0, L_0x152370220;  1 drivers
v0x1522f3320_0 .net *"_ivl_90", 0 0, L_0x1523708c0;  1 drivers
v0x1522f33d0_0 .net *"_ivl_91", 0 0, L_0x15236eb70;  1 drivers
v0x1522f3480_0 .net *"_ivl_93", 0 0, L_0x152370a60;  1 drivers
v0x1522f3530_0 .net *"_ivl_96", 0 0, L_0x152370680;  1 drivers
v0x1522f35e0_0 .net *"_ivl_98", 0 0, L_0x152370c00;  1 drivers
v0x1522f1f90_0 .net *"_ivl_99", 0 0, L_0x152370d70;  1 drivers
v0x1522f2040_0 .net "a", 3 0, L_0x152372280;  1 drivers
v0x1522f3670_0 .net "b", 3 0, L_0x152372320;  1 drivers
v0x1522f3700_0 .net "c", 3 0, L_0x15236f380;  1 drivers
v0x1522f3790_0 .net "cin", 0 0, L_0x15236db00;  alias, 1 drivers
v0x1522f3820_0 .net "cout", 0 0, L_0x152371cb0;  alias, 1 drivers
v0x1522f38b0_0 .net "sum", 3 0, L_0x152371eb0;  1 drivers
L_0x15236e490 .part L_0x15236e270, 0, 1;
L_0x15236e570 .part L_0x15236dd70, 0, 1;
L_0x15236e650 .part L_0x15236f380, 0, 1;
L_0x15236e960 .part L_0x15236e270, 1, 1;
L_0x15236ea00 .part L_0x15236dd70, 1, 1;
L_0x15236ead0 .part L_0x15236e270, 0, 1;
L_0x15236edf0 .part L_0x15236dd70, 1, 1;
L_0x15236ef10 .part L_0x15236dd70, 0, 1;
L_0x15236f0a0 .part L_0x15236f380, 0, 1;
L_0x15236f380 .concat8 [ 1 1 1 1], L_0x15236e3a0, L_0x15236e840, L_0x15236f2d0, L_0x152370550;
L_0x15236f510 .part L_0x15236e270, 2, 1;
L_0x15236f610 .part L_0x15236dd70, 2, 1;
L_0x15236f6b0 .part L_0x15236e270, 1, 1;
L_0x15236f980 .part L_0x15236dd70, 2, 1;
L_0x15236fa20 .part L_0x15236dd70, 1, 1;
L_0x15236fcb0 .part L_0x15236e270, 0, 1;
L_0x15236ff70 .part L_0x15236dd70, 2, 1;
L_0x1523700a0 .part L_0x15236dd70, 1, 1;
L_0x152370180 .part L_0x15236dd70, 0, 1;
L_0x1523703e0 .part L_0x15236f380, 0, 1;
L_0x152370720 .part L_0x15236e270, 3, 1;
L_0x152370220 .part L_0x15236dd70, 3, 1;
L_0x1523708c0 .part L_0x15236e270, 2, 1;
L_0x152370680 .part L_0x15236dd70, 3, 1;
L_0x152370c00 .part L_0x15236dd70, 2, 1;
L_0x152370e00 .part L_0x15236e270, 1, 1;
L_0x1523710c0 .part L_0x15236dd70, 3, 1;
L_0x152371240 .part L_0x15236dd70, 2, 1;
L_0x15236fb00 .part L_0x15236dd70, 1, 1;
L_0x152371160 .part L_0x15236e270, 0, 1;
L_0x1523718e0 .part L_0x15236dd70, 3, 1;
L_0x152371a80 .part L_0x15236dd70, 2, 1;
L_0x152371c10 .part L_0x15236dd70, 1, 1;
L_0x1523719c0 .part L_0x15236dd70, 0, 1;
L_0x152371fb0 .part L_0x15236f380, 0, 1;
S_0x1522f3940 .scope module, "n3" "cla_4" 5 16, 6 3 0, S_0x1522ecdd0;
 .timescale -9 -11;
    .port_info 0 /INPUT 4 "a";
    .port_info 1 /INPUT 4 "b";
    .port_info 2 /INPUT 1 "cin";
    .port_info 3 /OUTPUT 4 "sum";
    .port_info 4 /OUTPUT 1 "cout";
L_0x1523723c0 .functor XOR 4, L_0x152376440, L_0x1523764e0, C4<0000>, C4<0000>;
L_0x152372450 .functor AND 4, L_0x152376440, L_0x1523764e0, C4<1111>, C4<1111>;
L_0x152372580 .functor BUFZ 1, L_0x152371cb0, C4<0>, C4<0>, C4<0>;
L_0x1523728f0 .functor AND 1, L_0x152372750, L_0x152372830, C4<1>, C4<1>;
L_0x152372a00 .functor OR 1, L_0x152372670, L_0x1523728f0, C4<0>, C4<0>;
L_0x152372db0 .functor AND 1, L_0x152372bc0, L_0x152372c90, C4<1>, C4<1>;
L_0x152372e80 .functor OR 1, L_0x152372b20, L_0x152372db0, C4<0>, C4<0>;
L_0x152373170 .functor AND 1, L_0x152372fb0, L_0x1523730d0, C4<1>, C4<1>;
L_0x152373390 .functor AND 1, L_0x152373170, L_0x152373260, C4<1>, C4<1>;
L_0x152373490 .functor OR 1, L_0x152372e80, L_0x152373390, C4<0>, C4<0>;
L_0x152373980 .functor AND 1, L_0x1523737d0, L_0x152373870, C4<1>, C4<1>;
L_0x152373a90 .functor OR 1, L_0x1523736d0, L_0x152373980, C4<0>, C4<0>;
L_0x152373910 .functor AND 1, L_0x152373b40, L_0x152373be0, C4<1>, C4<1>;
L_0x152373f10 .functor AND 1, L_0x152373910, L_0x152373e70, C4<1>, C4<1>;
L_0x152373fc0 .functor OR 1, L_0x152373a90, L_0x152373f10, C4<0>, C4<0>;
L_0x152373e00 .functor AND 1, L_0x152374130, L_0x152374260, C4<1>, C4<1>;
L_0x152374480 .functor AND 1, L_0x152373e00, L_0x152374340, C4<1>, C4<1>;
L_0x152374640 .functor AND 1, L_0x152374480, L_0x1523745a0, C4<1>, C4<1>;
L_0x152374710 .functor OR 1, L_0x152373fc0, L_0x152374640, C4<0>, C4<0>;
L_0x152372d30 .functor AND 1, L_0x1523743e0, L_0x152374a80, C4<1>, C4<1>;
L_0x152374c20 .functor OR 1, L_0x1523748e0, L_0x152372d30, C4<0>, C4<0>;
L_0x152374f30 .functor AND 1, L_0x152374840, L_0x152374dc0, C4<1>, C4<1>;
L_0x152375060 .functor AND 1, L_0x152374f30, L_0x152374fc0, C4<1>, C4<1>;
L_0x152375210 .functor OR 1, L_0x152374c20, L_0x152375060, C4<0>, C4<0>;
L_0x152374e60 .functor AND 1, L_0x152375280, L_0x152375400, C4<1>, C4<1>;
L_0x152375150 .functor AND 1, L_0x152374e60, L_0x152373cc0, C4<1>, C4<1>;
L_0x152375860 .functor AND 1, L_0x152375150, L_0x152375320, C4<1>, C4<1>;
L_0x152375a30 .functor OR 1, L_0x152375210, L_0x152375860, C4<0>, C4<0>;
L_0x152375720 .functor AND 1, L_0x152375aa0, L_0x152375c40, C4<1>, C4<1>;
L_0x152375950 .functor AND 1, L_0x152375720, L_0x152375dd0, C4<1>, C4<1>;
L_0x152375f80 .functor AND 1, L_0x152375950, L_0x152375b80, C4<1>, C4<1>;
L_0x152375ce0 .functor AND 1, L_0x152375f80, L_0x152376170, C4<1>, C4<1>;
L_0x152375e70 .functor OR 1, L_0x152375a30, L_0x152375ce0, C4<0>, C4<0>;
L_0x152376070 .functor XOR 4, L_0x1523723c0, L_0x152373540, C4<0000>, C4<0000>;
v0x1522f3ba0_0 .net "G", 3 0, L_0x152372450;  1 drivers
v0x1522f3c50_0 .net "P", 3 0, L_0x1523723c0;  1 drivers
v0x1522f3d00_0 .net *"_ivl_102", 0 0, L_0x152374fc0;  1 drivers
v0x1522f3dc0_0 .net *"_ivl_103", 0 0, L_0x152375060;  1 drivers
v0x1522f3e70_0 .net *"_ivl_105", 0 0, L_0x152375210;  1 drivers
v0x1522f3f60_0 .net *"_ivl_108", 0 0, L_0x152375280;  1 drivers
v0x1522f4010_0 .net *"_ivl_11", 0 0, L_0x152372670;  1 drivers
v0x1522f40c0_0 .net *"_ivl_110", 0 0, L_0x152375400;  1 drivers
v0x1522f4170_0 .net *"_ivl_111", 0 0, L_0x152374e60;  1 drivers
v0x1522f4280_0 .net *"_ivl_114", 0 0, L_0x152373cc0;  1 drivers
v0x1522f4330_0 .net *"_ivl_115", 0 0, L_0x152375150;  1 drivers
v0x1522f43e0_0 .net *"_ivl_118", 0 0, L_0x152375320;  1 drivers
v0x1522f4490_0 .net *"_ivl_119", 0 0, L_0x152375860;  1 drivers
v0x1522f4540_0 .net *"_ivl_121", 0 0, L_0x152375a30;  1 drivers
v0x1522f45f0_0 .net *"_ivl_124", 0 0, L_0x152375aa0;  1 drivers
v0x1522f46a0_0 .net *"_ivl_126", 0 0, L_0x152375c40;  1 drivers
v0x1522f4750_0 .net *"_ivl_127", 0 0, L_0x152375720;  1 drivers
v0x1522f48e0_0 .net *"_ivl_13", 0 0, L_0x152372750;  1 drivers
v0x1522f4970_0 .net *"_ivl_130", 0 0, L_0x152375dd0;  1 drivers
v0x1522f4a20_0 .net *"_ivl_131", 0 0, L_0x152375950;  1 drivers
v0x1522f4ad0_0 .net *"_ivl_134", 0 0, L_0x152375b80;  1 drivers
v0x1522f4b80_0 .net *"_ivl_135", 0 0, L_0x152375f80;  1 drivers
v0x1522f4c30_0 .net *"_ivl_138", 0 0, L_0x152376170;  1 drivers
v0x1522f4ce0_0 .net *"_ivl_139", 0 0, L_0x152375ce0;  1 drivers
v0x1522f4d90_0 .net *"_ivl_15", 0 0, L_0x152372830;  1 drivers
v0x1522f4e40_0 .net *"_ivl_16", 0 0, L_0x1523728f0;  1 drivers
v0x1522f4ef0_0 .net *"_ivl_18", 0 0, L_0x152372a00;  1 drivers
v0x1522f4fa0_0 .net *"_ivl_23", 0 0, L_0x152372b20;  1 drivers
v0x1522f5050_0 .net *"_ivl_25", 0 0, L_0x152372bc0;  1 drivers
v0x1522f5100_0 .net *"_ivl_27", 0 0, L_0x152372c90;  1 drivers
v0x1522f51b0_0 .net *"_ivl_28", 0 0, L_0x152372db0;  1 drivers
v0x1522f5260_0 .net *"_ivl_30", 0 0, L_0x152372e80;  1 drivers
v0x1522f5310_0 .net *"_ivl_33", 0 0, L_0x152372fb0;  1 drivers
v0x1522f4800_0 .net *"_ivl_35", 0 0, L_0x1523730d0;  1 drivers
v0x1522f55a0_0 .net *"_ivl_36", 0 0, L_0x152373170;  1 drivers
v0x1522f5630_0 .net *"_ivl_39", 0 0, L_0x152373260;  1 drivers
v0x1522f56d0_0 .net *"_ivl_40", 0 0, L_0x152373390;  1 drivers
v0x1522f5780_0 .net *"_ivl_42", 0 0, L_0x152373490;  1 drivers
v0x1522f5830_0 .net *"_ivl_48", 0 0, L_0x1523736d0;  1 drivers
v0x1522f58e0_0 .net *"_ivl_50", 0 0, L_0x1523737d0;  1 drivers
v0x1522f5990_0 .net *"_ivl_52", 0 0, L_0x152373870;  1 drivers
v0x1522f5a40_0 .net *"_ivl_53", 0 0, L_0x152373980;  1 drivers
v0x1522f5af0_0 .net *"_ivl_55", 0 0, L_0x152373a90;  1 drivers
v0x1522f5ba0_0 .net *"_ivl_58", 0 0, L_0x152373b40;  1 drivers
v0x1522f5c50_0 .net *"_ivl_60", 0 0, L_0x152373be0;  1 drivers
v0x1522f5d00_0 .net *"_ivl_61", 0 0, L_0x152373910;  1 drivers
v0x1522f5db0_0 .net *"_ivl_64", 0 0, L_0x152373e70;  1 drivers
v0x1522f5e60_0 .net *"_ivl_65", 0 0, L_0x152373f10;  1 drivers
v0x1522f5f10_0 .net *"_ivl_67", 0 0, L_0x152373fc0;  1 drivers
v0x1522f5fc0_0 .net *"_ivl_7", 0 0, L_0x152372580;  1 drivers
v0x1522f6070_0 .net *"_ivl_70", 0 0, L_0x152374130;  1 drivers
v0x1522f6120_0 .net *"_ivl_72", 0 0, L_0x152374260;  1 drivers
v0x1522f61d0_0 .net *"_ivl_73", 0 0, L_0x152373e00;  1 drivers
v0x1522f6280_0 .net *"_ivl_76", 0 0, L_0x152374340;  1 drivers
v0x1522f6330_0 .net *"_ivl_77", 0 0, L_0x152374480;  1 drivers
v0x1522f63e0_0 .net *"_ivl_80", 0 0, L_0x1523745a0;  1 drivers
v0x1522f6490_0 .net *"_ivl_81", 0 0, L_0x152374640;  1 drivers
v0x1522f6540_0 .net *"_ivl_83", 0 0, L_0x152374710;  1 drivers
v0x1522f65f0_0 .net *"_ivl_86", 0 0, L_0x1523748e0;  1 drivers
v0x1522f66a0_0 .net *"_ivl_88", 0 0, L_0x1523743e0;  1 drivers
v0x1522f6750_0 .net *"_ivl_90", 0 0, L_0x152374a80;  1 drivers
v0x1522f6800_0 .net *"_ivl_91", 0 0, L_0x152372d30;  1 drivers
v0x1522f68b0_0 .net *"_ivl_93", 0 0, L_0x152374c20;  1 drivers
v0x1522f6960_0 .net *"_ivl_96", 0 0, L_0x152374840;  1 drivers
v0x1522f6a10_0 .net *"_ivl_98", 0 0, L_0x152374dc0;  1 drivers
v0x1522f53c0_0 .net *"_ivl_99", 0 0, L_0x152374f30;  1 drivers
v0x1522f5470_0 .net "a", 3 0, L_0x152376440;  1 drivers
v0x1522f6aa0_0 .net "b", 3 0, L_0x1523764e0;  1 drivers
v0x1522f6b30_0 .net "c", 3 0, L_0x152373540;  1 drivers
v0x1522f6bc0_0 .net "cin", 0 0, L_0x152371cb0;  alias, 1 drivers
v0x1522f6c50_0 .net "cout", 0 0, L_0x152375e70;  alias, 1 drivers
v0x1522f6ce0_0 .net "sum", 3 0, L_0x152376070;  1 drivers
L_0x152372670 .part L_0x152372450, 0, 1;
L_0x152372750 .part L_0x1523723c0, 0, 1;
L_0x152372830 .part L_0x152373540, 0, 1;
L_0x152372b20 .part L_0x152372450, 1, 1;
L_0x152372bc0 .part L_0x1523723c0, 1, 1;
L_0x152372c90 .part L_0x152372450, 0, 1;
L_0x152372fb0 .part L_0x1523723c0, 1, 1;
L_0x1523730d0 .part L_0x1523723c0, 0, 1;
L_0x152373260 .part L_0x152373540, 0, 1;
L_0x152373540 .concat8 [ 1 1 1 1], L_0x152372580, L_0x152372a00, L_0x152373490, L_0x152374710;
L_0x1523736d0 .part L_0x152372450, 2, 1;
L_0x1523737d0 .part L_0x1523723c0, 2, 1;
L_0x152373870 .part L_0x152372450, 1, 1;
L_0x152373b40 .part L_0x1523723c0, 2, 1;
L_0x152373be0 .part L_0x1523723c0, 1, 1;
L_0x152373e70 .part L_0x152372450, 0, 1;
L_0x152374130 .part L_0x1523723c0, 2, 1;
L_0x152374260 .part L_0x1523723c0, 1, 1;
L_0x152374340 .part L_0x1523723c0, 0, 1;
L_0x1523745a0 .part L_0x152373540, 0, 1;
L_0x1523748e0 .part L_0x152372450, 3, 1;
L_0x1523743e0 .part L_0x1523723c0, 3, 1;
L_0x152374a80 .part L_0x152372450, 2, 1;
L_0x152374840 .part L_0x1523723c0, 3, 1;
L_0x152374dc0 .part L_0x1523723c0, 2, 1;
L_0x152374fc0 .part L_0x152372450, 1, 1;
L_0x152375280 .part L_0x1523723c0, 3, 1;
L_0x152375400 .part L_0x1523723c0, 2, 1;
L_0x152373cc0 .part L_0x1523723c0, 1, 1;
L_0x152375320 .part L_0x152372450, 0, 1;
L_0x152375aa0 .part L_0x1523723c0, 3, 1;
L_0x152375c40 .part L_0x1523723c0, 2, 1;
L_0x152375dd0 .part L_0x1523723c0, 1, 1;
L_0x152375b80 .part L_0x1523723c0, 0, 1;
L_0x152376170 .part L_0x152373540, 0, 1;
S_0x1522f6d70 .scope module, "n4" "cla_4" 5 17, 6 3 0, S_0x1522ecdd0;
 .timescale -9 -11;
    .port_info 0 /INPUT 4 "a";
    .port_info 1 /INPUT 4 "b";
    .port_info 2 /INPUT 1 "cin";
    .port_info 3 /OUTPUT 4 "sum";
    .port_info 4 /OUTPUT 1 "cout";
L_0x152376580 .functor XOR 4, L_0x15237a5a0, L_0x15237a640, C4<0000>, C4<0000>;
L_0x1523765f0 .functor AND 4, L_0x15237a5a0, L_0x15237a640, C4<1111>, C4<1111>;
L_0x1523766e0 .functor BUFZ 1, L_0x152375e70, C4<0>, C4<0>, C4<0>;
L_0x152376a50 .functor AND 1, L_0x1523768b0, L_0x152376990, C4<1>, C4<1>;
L_0x152376b60 .functor OR 1, L_0x1523767d0, L_0x152376a50, C4<0>, C4<0>;
L_0x152376f10 .functor AND 1, L_0x152376d20, L_0x152376df0, C4<1>, C4<1>;
L_0x152376fe0 .functor OR 1, L_0x152376c80, L_0x152376f10, C4<0>, C4<0>;
L_0x1523772d0 .functor AND 1, L_0x152377110, L_0x152377230, C4<1>, C4<1>;
L_0x1523774f0 .functor AND 1, L_0x1523772d0, L_0x1523773c0, C4<1>, C4<1>;
L_0x1523775f0 .functor OR 1, L_0x152376fe0, L_0x1523774f0, C4<0>, C4<0>;
L_0x152377ae0 .functor AND 1, L_0x152377930, L_0x1523779d0, C4<1>, C4<1>;
L_0x152377bf0 .functor OR 1, L_0x152377830, L_0x152377ae0, C4<0>, C4<0>;
L_0x152377a70 .functor AND 1, L_0x152377ca0, L_0x152377d40, C4<1>, C4<1>;
L_0x152378070 .functor AND 1, L_0x152377a70, L_0x152377fd0, C4<1>, C4<1>;
L_0x152378120 .functor OR 1, L_0x152377bf0, L_0x152378070, C4<0>, C4<0>;
L_0x152377f60 .functor AND 1, L_0x152378290, L_0x1523783c0, C4<1>, C4<1>;
L_0x1523785e0 .functor AND 1, L_0x152377f60, L_0x1523784a0, C4<1>, C4<1>;
L_0x1523787a0 .functor AND 1, L_0x1523785e0, L_0x152378700, C4<1>, C4<1>;
L_0x152378870 .functor OR 1, L_0x152378120, L_0x1523787a0, C4<0>, C4<0>;
L_0x152376e90 .functor AND 1, L_0x152378540, L_0x152378be0, C4<1>, C4<1>;
L_0x152378d80 .functor OR 1, L_0x152378a40, L_0x152376e90, C4<0>, C4<0>;
L_0x152379090 .functor AND 1, L_0x1523789a0, L_0x152378f20, C4<1>, C4<1>;
L_0x1523791c0 .functor AND 1, L_0x152379090, L_0x152379120, C4<1>, C4<1>;
L_0x152379370 .functor OR 1, L_0x152378d80, L_0x1523791c0, C4<0>, C4<0>;
L_0x152378fc0 .functor AND 1, L_0x1523793e0, L_0x152379560, C4<1>, C4<1>;
L_0x1523792b0 .functor AND 1, L_0x152378fc0, L_0x152377e20, C4<1>, C4<1>;
L_0x1523799c0 .functor AND 1, L_0x1523792b0, L_0x152379480, C4<1>, C4<1>;
L_0x152379b90 .functor OR 1, L_0x152379370, L_0x1523799c0, C4<0>, C4<0>;
L_0x152379880 .functor AND 1, L_0x152379c00, L_0x152379da0, C4<1>, C4<1>;
L_0x152379ab0 .functor AND 1, L_0x152379880, L_0x152379f30, C4<1>, C4<1>;
L_0x15237a0e0 .functor AND 1, L_0x152379ab0, L_0x152379ce0, C4<1>, C4<1>;
L_0x152379e40 .functor AND 1, L_0x15237a0e0, L_0x15237a2d0, C4<1>, C4<1>;
L_0x152379fd0 .functor OR 1, L_0x152379b90, L_0x152379e40, C4<0>, C4<0>;
L_0x15237a1d0 .functor XOR 4, L_0x152376580, L_0x1523776a0, C4<0000>, C4<0000>;
v0x1522f6fb0_0 .net "G", 3 0, L_0x1523765f0;  1 drivers
v0x1522f7070_0 .net "P", 3 0, L_0x152376580;  1 drivers
v0x1522f7120_0 .net *"_ivl_102", 0 0, L_0x152379120;  1 drivers
v0x1522f71e0_0 .net *"_ivl_103", 0 0, L_0x1523791c0;  1 drivers
v0x1522f7290_0 .net *"_ivl_105", 0 0, L_0x152379370;  1 drivers
v0x1522f7380_0 .net *"_ivl_108", 0 0, L_0x1523793e0;  1 drivers
v0x1522f7430_0 .net *"_ivl_11", 0 0, L_0x1523767d0;  1 drivers
v0x1522f74e0_0 .net *"_ivl_110", 0 0, L_0x152379560;  1 drivers
v0x1522f7590_0 .net *"_ivl_111", 0 0, L_0x152378fc0;  1 drivers
v0x1522f76a0_0 .net *"_ivl_114", 0 0, L_0x152377e20;  1 drivers
v0x1522f7750_0 .net *"_ivl_115", 0 0, L_0x1523792b0;  1 drivers
v0x1522f7800_0 .net *"_ivl_118", 0 0, L_0x152379480;  1 drivers
v0x1522f78b0_0 .net *"_ivl_119", 0 0, L_0x1523799c0;  1 drivers
v0x1522f7960_0 .net *"_ivl_121", 0 0, L_0x152379b90;  1 drivers
v0x1522f7a10_0 .net *"_ivl_124", 0 0, L_0x152379c00;  1 drivers
v0x1522f7ac0_0 .net *"_ivl_126", 0 0, L_0x152379da0;  1 drivers
v0x1522f7b70_0 .net *"_ivl_127", 0 0, L_0x152379880;  1 drivers
v0x1522f7d00_0 .net *"_ivl_13", 0 0, L_0x1523768b0;  1 drivers
v0x1522f7d90_0 .net *"_ivl_130", 0 0, L_0x152379f30;  1 drivers
v0x1522f7e40_0 .net *"_ivl_131", 0 0, L_0x152379ab0;  1 drivers
v0x1522f7ef0_0 .net *"_ivl_134", 0 0, L_0x152379ce0;  1 drivers
v0x1522f7fa0_0 .net *"_ivl_135", 0 0, L_0x15237a0e0;  1 drivers
v0x1522f8050_0 .net *"_ivl_138", 0 0, L_0x15237a2d0;  1 drivers
v0x1522f8100_0 .net *"_ivl_139", 0 0, L_0x152379e40;  1 drivers
v0x1522f81b0_0 .net *"_ivl_15", 0 0, L_0x152376990;  1 drivers
v0x1522f8260_0 .net *"_ivl_16", 0 0, L_0x152376a50;  1 drivers
v0x1522f8310_0 .net *"_ivl_18", 0 0, L_0x152376b60;  1 drivers
v0x1522f83c0_0 .net *"_ivl_23", 0 0, L_0x152376c80;  1 drivers
v0x1522f8470_0 .net *"_ivl_25", 0 0, L_0x152376d20;  1 drivers
v0x1522f8520_0 .net *"_ivl_27", 0 0, L_0x152376df0;  1 drivers
v0x1522f85d0_0 .net *"_ivl_28", 0 0, L_0x152376f10;  1 drivers
v0x1522f8680_0 .net *"_ivl_30", 0 0, L_0x152376fe0;  1 drivers
v0x1522f8730_0 .net *"_ivl_33", 0 0, L_0x152377110;  1 drivers
v0x1522f7c20_0 .net *"_ivl_35", 0 0, L_0x152377230;  1 drivers
v0x1522f89c0_0 .net *"_ivl_36", 0 0, L_0x1523772d0;  1 drivers
v0x1522f8a50_0 .net *"_ivl_39", 0 0, L_0x1523773c0;  1 drivers
v0x1522f8af0_0 .net *"_ivl_40", 0 0, L_0x1523774f0;  1 drivers
v0x1522f8ba0_0 .net *"_ivl_42", 0 0, L_0x1523775f0;  1 drivers
v0x1522f8c50_0 .net *"_ivl_48", 0 0, L_0x152377830;  1 drivers
v0x1522f8d00_0 .net *"_ivl_50", 0 0, L_0x152377930;  1 drivers
v0x1522f8db0_0 .net *"_ivl_52", 0 0, L_0x1523779d0;  1 drivers
v0x1522f8e60_0 .net *"_ivl_53", 0 0, L_0x152377ae0;  1 drivers
v0x1522f8f10_0 .net *"_ivl_55", 0 0, L_0x152377bf0;  1 drivers
v0x1522f8fc0_0 .net *"_ivl_58", 0 0, L_0x152377ca0;  1 drivers
v0x1522f9070_0 .net *"_ivl_60", 0 0, L_0x152377d40;  1 drivers
v0x1522f9120_0 .net *"_ivl_61", 0 0, L_0x152377a70;  1 drivers
v0x1522f91d0_0 .net *"_ivl_64", 0 0, L_0x152377fd0;  1 drivers
v0x1522f9280_0 .net *"_ivl_65", 0 0, L_0x152378070;  1 drivers
v0x1522f9330_0 .net *"_ivl_67", 0 0, L_0x152378120;  1 drivers
v0x1522f93e0_0 .net *"_ivl_7", 0 0, L_0x1523766e0;  1 drivers
v0x1522f9490_0 .net *"_ivl_70", 0 0, L_0x152378290;  1 drivers
v0x1522f9540_0 .net *"_ivl_72", 0 0, L_0x1523783c0;  1 drivers
v0x1522f95f0_0 .net *"_ivl_73", 0 0, L_0x152377f60;  1 drivers
v0x1522f96a0_0 .net *"_ivl_76", 0 0, L_0x1523784a0;  1 drivers
v0x1522f9750_0 .net *"_ivl_77", 0 0, L_0x1523785e0;  1 drivers
v0x1522f9800_0 .net *"_ivl_80", 0 0, L_0x152378700;  1 drivers
v0x1522f98b0_0 .net *"_ivl_81", 0 0, L_0x1523787a0;  1 drivers
v0x1522f9960_0 .net *"_ivl_83", 0 0, L_0x152378870;  1 drivers
v0x1522f9a10_0 .net *"_ivl_86", 0 0, L_0x152378a40;  1 drivers
v0x1522f9ac0_0 .net *"_ivl_88", 0 0, L_0x152378540;  1 drivers
v0x1522f9b70_0 .net *"_ivl_90", 0 0, L_0x152378be0;  1 drivers
v0x1522f9c20_0 .net *"_ivl_91", 0 0, L_0x152376e90;  1 drivers
v0x1522f9cd0_0 .net *"_ivl_93", 0 0, L_0x152378d80;  1 drivers
v0x1522f9d80_0 .net *"_ivl_96", 0 0, L_0x1523789a0;  1 drivers
v0x1522f9e30_0 .net *"_ivl_98", 0 0, L_0x152378f20;  1 drivers
v0x1522f87e0_0 .net *"_ivl_99", 0 0, L_0x152379090;  1 drivers
v0x1522f8890_0 .net "a", 3 0, L_0x15237a5a0;  1 drivers
v0x1522f9ec0_0 .net "b", 3 0, L_0x15237a640;  1 drivers
v0x1522f9f50_0 .net "c", 3 0, L_0x1523776a0;  1 drivers
v0x1522f9fe0_0 .net "cin", 0 0, L_0x152375e70;  alias, 1 drivers
v0x1522fa070_0 .net8 "cout", 0 0, RS_0x158057270;  alias, 3 drivers
v0x1522fa100_0 .net "sum", 3 0, L_0x15237a1d0;  1 drivers
L_0x1523767d0 .part L_0x1523765f0, 0, 1;
L_0x1523768b0 .part L_0x152376580, 0, 1;
L_0x152376990 .part L_0x1523776a0, 0, 1;
L_0x152376c80 .part L_0x1523765f0, 1, 1;
L_0x152376d20 .part L_0x152376580, 1, 1;
L_0x152376df0 .part L_0x1523765f0, 0, 1;
L_0x152377110 .part L_0x152376580, 1, 1;
L_0x152377230 .part L_0x152376580, 0, 1;
L_0x1523773c0 .part L_0x1523776a0, 0, 1;
L_0x1523776a0 .concat8 [ 1 1 1 1], L_0x1523766e0, L_0x152376b60, L_0x1523775f0, L_0x152378870;
L_0x152377830 .part L_0x1523765f0, 2, 1;
L_0x152377930 .part L_0x152376580, 2, 1;
L_0x1523779d0 .part L_0x1523765f0, 1, 1;
L_0x152377ca0 .part L_0x152376580, 2, 1;
L_0x152377d40 .part L_0x152376580, 1, 1;
L_0x152377fd0 .part L_0x1523765f0, 0, 1;
L_0x152378290 .part L_0x152376580, 2, 1;
L_0x1523783c0 .part L_0x152376580, 1, 1;
L_0x1523784a0 .part L_0x152376580, 0, 1;
L_0x152378700 .part L_0x1523776a0, 0, 1;
L_0x152378a40 .part L_0x1523765f0, 3, 1;
L_0x152378540 .part L_0x152376580, 3, 1;
L_0x152378be0 .part L_0x1523765f0, 2, 1;
L_0x1523789a0 .part L_0x152376580, 3, 1;
L_0x152378f20 .part L_0x152376580, 2, 1;
L_0x152379120 .part L_0x1523765f0, 1, 1;
L_0x1523793e0 .part L_0x152376580, 3, 1;
L_0x152379560 .part L_0x152376580, 2, 1;
L_0x152377e20 .part L_0x152376580, 1, 1;
L_0x152379480 .part L_0x1523765f0, 0, 1;
L_0x152379c00 .part L_0x152376580, 3, 1;
L_0x152379da0 .part L_0x152376580, 2, 1;
L_0x152379f30 .part L_0x152376580, 1, 1;
L_0x152379ce0 .part L_0x152376580, 0, 1;
L_0x15237a2d0 .part L_0x1523776a0, 0, 1;
S_0x1522fac50 .scope module, "ROL" "rol" 4 87, 13 1 0, S_0x1507fb770;
 .timescale -9 -11;
    .port_info 0 /INPUT 32 "data_in";
    .port_info 1 /OUTPUT 32 "data_out";
P_0x152144890 .param/l "DATA_WIDTH" 0 13 1, +C4<00000000000000000000000000100000>;
L_0x15239d360 .functor OR 32, L_0x15239d020, L_0x15239d200, C4<00000000000000000000000000000000>, C4<00000000000000000000000000000000>;
v0x1522faf80_0 .net *"_ivl_0", 31 0, L_0x15239d020;  1 drivers
L_0x158088370 .functor BUFT 1, C4<0000000000000000000000000000000>, C4<0>, C4<0>, C4<0>;
v0x1522fb020_0 .net *"_ivl_10", 30 0, L_0x158088370;  1 drivers
v0x1522fb0c0_0 .net *"_ivl_2", 30 0, L_0x15239cf80;  1 drivers
L_0x158088328 .functor BUFT 1, C4<0>, C4<0>, C4<0>, C4<0>;
v0x1522fb150_0 .net *"_ivl_4", 0 0, L_0x158088328;  1 drivers
v0x1522fb1e0_0 .net *"_ivl_6", 31 0, L_0x15239d200;  1 drivers
v0x1522fb2b0_0 .net *"_ivl_8", 0 0, L_0x15239d140;  1 drivers
v0x1522fb360_0 .net "data_in", 31 0, v0x152320a30_0;  alias, 1 drivers
v0x1522fb500_0 .net "data_out", 31 0, L_0x15239d360;  alias, 1 drivers
L_0x15239cf80 .part v0x152320a30_0, 0, 31;
L_0x15239d020 .concat [ 1 31 0 0], L_0x158088328, L_0x15239cf80;
L_0x15239d140 .part v0x152320a30_0, 31, 1;
L_0x15239d200 .concat [ 1 31 0 0], L_0x15239d140, L_0x158088370;
S_0x1522fb5c0 .scope module, "ROR" "ror" 4 82, 14 1 0, S_0x1507fb770;
 .timescale -9 -11;
    .port_info 0 /INPUT 32 "data_in";
    .port_info 1 /OUTPUT 32 "data_out";
P_0x1522fb730 .param/l "DATA_WIDTH" 0 14 1, +C4<00000000000000000000000000100000>;
L_0x15239ce50 .functor OR 32, L_0x15239cb70, L_0x15239cd30, C4<00000000000000000000000000000000>, C4<00000000000000000000000000000000>;
v0x1522fb860_0 .net *"_ivl_0", 31 0, L_0x15239cb70;  1 drivers
L_0x1580882e0 .functor BUFT 1, C4<0000000000000000000000000000000>, C4<0>, C4<0>, C4<0>;
v0x1522fb910_0 .net *"_ivl_10", 30 0, L_0x1580882e0;  1 drivers
v0x1522fb9b0_0 .net *"_ivl_2", 30 0, L_0x15239cad0;  1 drivers
L_0x158088298 .functor BUFT 1, C4<0>, C4<0>, C4<0>, C4<0>;
v0x1522fba40_0 .net *"_ivl_4", 0 0, L_0x158088298;  1 drivers
v0x1522fbad0_0 .net *"_ivl_6", 31 0, L_0x15239cd30;  1 drivers
v0x1522fbba0_0 .net *"_ivl_8", 0 0, L_0x15239cc90;  1 drivers
v0x1522fbc50_0 .net "data_in", 31 0, v0x152320a30_0;  alias, 1 drivers
v0x1522fbcf0_0 .net "data_out", 31 0, L_0x15239ce50;  alias, 1 drivers
L_0x15239cad0 .part v0x152320a30_0, 1, 31;
L_0x15239cb70 .concat [ 31 1 0 0], L_0x15239cad0, L_0x158088298;
L_0x15239cc90 .part v0x152320a30_0, 0, 1;
L_0x15239cd30 .concat [ 31 1 0 0], L_0x1580882e0, L_0x15239cc90;
S_0x1522fbdd0 .scope module, "SHL" "shl" 4 77, 15 1 0, S_0x1507fb770;
 .timescale -9 -11;
    .port_info 0 /INPUT 32 "data_in";
    .port_info 1 /OUTPUT 32 "data_out";
P_0x1522fbf90 .param/l "DATA_WIDTH" 0 15 1, +C4<00000000000000000000000000100000>;
v0x1522fc0c0_0 .net *"_ivl_2", 30 0, L_0x15239c890;  1 drivers
L_0x158088250 .functor BUFT 1, C4<0>, C4<0>, C4<0>, C4<0>;
v0x1522fc180_0 .net *"_ivl_4", 0 0, L_0x158088250;  1 drivers
v0x1522fc220_0 .net "data_in", 31 0, v0x152320a30_0;  alias, 1 drivers
v0x1522fc2b0_0 .net "data_out", 31 0, L_0x15239c9b0;  alias, 1 drivers
L_0x15239c890 .part v0x152320a30_0, 0, 31;
L_0x15239c9b0 .concat [ 1 31 0 0], L_0x158088250, L_0x15239c890;
S_0x1522fc340 .scope module, "SHR" "shr" 4 67, 16 1 0, S_0x1507fb770;
 .timescale -9 -11;
    .port_info 0 /INPUT 32 "data_in";
    .port_info 1 /OUTPUT 32 "data_out";
P_0x1522fc500 .param/l "DATA_WIDTH" 0 16 1, +C4<00000000000000000000000000100000>;
v0x1522fc650_0 .net *"_ivl_2", 30 0, L_0x152330aa0;  1 drivers
L_0x1580881c0 .functor BUFT 1, C4<0>, C4<0>, C4<0>, C4<0>;
v0x1522fc710_0 .net *"_ivl_4", 0 0, L_0x1580881c0;  1 drivers
v0x1522fc7b0_0 .net "data_in", 31 0, v0x152320a30_0;  alias, 1 drivers
v0x1522fc840_0 .net "data_out", 31 0, L_0x15239c570;  alias, 1 drivers
L_0x152330aa0 .part v0x152320a30_0, 1, 31;
L_0x15239c570 .concat [ 31 1 0 0], L_0x152330aa0, L_0x1580881c0;
S_0x1522fc8d0 .scope module, "SHRA" "shra" 4 72, 17 1 0, S_0x1507fb770;
 .timescale -9 -11;
    .port_info 0 /INPUT 32 "data_in";
    .port_info 1 /OUTPUT 32 "data_out";
P_0x1522fca90 .param/l "DATA_WIDTH" 0 17 1, +C4<00000000000000000000000000100000>;
v0x1522fcbe0_0 .net *"_ivl_2", 30 0, L_0x15239c690;  1 drivers
L_0x158088208 .functor BUFT 1, C4<0>, C4<0>, C4<0>, C4<0>;
v0x1522fcca0_0 .net *"_ivl_4", 0 0, L_0x158088208;  1 drivers
v0x1522fcd40_0 .net "data_in", 31 0, v0x152320a30_0;  alias, 1 drivers
v0x1522fcdd0_0 .net "data_out", 31 0, L_0x15239c730;  alias, 1 drivers
L_0x15239c690 .part v0x152320a30_0, 1, 31;
L_0x15239c730 .concat [ 31 1 0 0], L_0x15239c690, L_0x158088208;
S_0x1522fce60 .scope module, "SUB" "subtract" 4 34, 18 1 0, S_0x1507fb770;
 .timescale -9 -11;
    .port_info 0 /INPUT 32 "a";
    .port_info 1 /INPUT 32 "b";
    .port_info 2 /INPUT 1 "cin";
    .port_info 3 /OUTPUT 32 "sum";
    .port_info 4 /OUTPUT 1 "cout";
P_0x1522fd020 .param/l "DATA_WIDTH" 0 18 1, +C4<00000000000000000000000000100000>;
L_0x15237ac60 .functor NOT 32, v0x152320a30_0, C4<00000000000000000000000000000000>, C4<00000000000000000000000000000000>, C4<00000000000000000000000000000000>;
v0x15231cda0_0 .net *"_ivl_0", 31 0, L_0x15237ac60;  1 drivers
L_0x158088130 .functor BUFT 1, C4<00000000000000000000000000000001>, C4<0>, C4<0>, C4<0>;
v0x15231ce40_0 .net/2u *"_ivl_2", 31 0, L_0x158088130;  1 drivers
v0x15231cee0_0 .net "a", 31 0, v0x152330c70_0;  alias, 1 drivers
v0x15231cf70_0 .net "b", 31 0, v0x152320a30_0;  alias, 1 drivers
L_0x158088178 .functor BUFT 1, C4<0>, C4<0>, C4<0>, C4<0>;
v0x15231d010_0 .net "cin", 0 0, L_0x158088178;  1 drivers
v0x15231d0e0_0 .net8 "cout", 0 0, RS_0x158057270;  alias, 3 drivers
v0x15231d170_0 .net "negative_b", 31 0, L_0x15237acd0;  1 drivers
v0x15231d210_0 .net "sum", 31 0, L_0x15239c140;  alias, 1 drivers
L_0x15237acd0 .arith/sum 32, L_0x15237ac60, L_0x158088130;
S_0x1522fd170 .scope module, "n1" "collective_add" 18 12, 5 22 0, S_0x1522fce60;
 .timescale -9 -11;
    .port_info 0 /INPUT 32 "d1";
    .port_info 1 /INPUT 32 "d2";
    .port_info 2 /INPUT 1 "cin";
    .port_info 3 /OUTPUT 32 "sum";
    .port_info 4 /OUTPUT 1 "cout";
P_0x1522fd330 .param/l "DATA_WIDTH" 0 5 22, +C4<00000000000000000000000000100000>;
v0x15231c880_0 .net "c1", 0 0, L_0x15238ace0;  1 drivers
v0x15231c990_0 .net "cin", 0 0, L_0x158088178;  alias, 1 drivers
v0x15231ca20_0 .net8 "cout", 0 0, RS_0x158057270;  alias, 3 drivers
v0x15231cbb0_0 .net "d1", 31 0, v0x152330c70_0;  alias, 1 drivers
v0x15231cc40_0 .net "d2", 31 0, L_0x15237acd0;  alias, 1 drivers
v0x15231cd10_0 .net "sum", 31 0, L_0x15239c140;  alias, 1 drivers
L_0x15238b620 .part v0x152330c70_0, 0, 16;
L_0x15238b6c0 .part L_0x15237acd0, 0, 16;
L_0x15239bf80 .part v0x152330c70_0, 16, 16;
L_0x15239c020 .part L_0x15237acd0, 16, 16;
L_0x15239c140 .concat8 [ 16 16 0 0], L_0x15238b470, L_0x15239bdd0;
S_0x1522fd480 .scope module, "n1" "cla16" 5 32, 5 4 0, S_0x1522fd170;
 .timescale -9 -11;
    .port_info 0 /INPUT 16 "d1";
    .port_info 1 /INPUT 16 "d2";
    .port_info 2 /INPUT 1 "cin";
    .port_info 3 /OUTPUT 16 "sum";
    .port_info 4 /OUTPUT 1 "cout";
P_0x1522fd650 .param/l "DATA_WIDTH" 0 5 4, +C4<00000000000000000000000000100000>;
v0x15230e8f0_0 .net "c1", 0 0, L_0x15237e810;  1 drivers
v0x15230e9d0_0 .net "c2", 0 0, L_0x1523829a0;  1 drivers
v0x15230eaa0_0 .net "c3", 0 0, L_0x152386b60;  1 drivers
v0x15230eb70_0 .net "cin", 0 0, L_0x158088178;  alias, 1 drivers
v0x15230ec00_0 .net "cout", 0 0, L_0x15238ace0;  alias, 1 drivers
v0x15230ecd0_0 .net "d1", 15 0, L_0x15238b620;  1 drivers
v0x15230ed60_0 .net "d2", 15 0, L_0x15238b6c0;  1 drivers
v0x15230edf0_0 .net "sum", 15 0, L_0x15238b470;  1 drivers
L_0x15237ede0 .part L_0x15238b620, 0, 4;
L_0x15237ee80 .part L_0x15238b6c0, 0, 4;
L_0x152382f70 .part L_0x15238b620, 4, 4;
L_0x152383010 .part L_0x15238b6c0, 4, 4;
L_0x152387130 .part L_0x15238b620, 8, 4;
L_0x1523871d0 .part L_0x15238b6c0, 8, 4;
L_0x15238b2b0 .part L_0x15238b620, 12, 4;
L_0x15238b350 .part L_0x15238b6c0, 12, 4;
L_0x15238b470 .concat8 [ 4 4 4 4], L_0x15237ea10, L_0x152382ba0, L_0x152386d60, L_0x15238aee0;
S_0x1522fd7a0 .scope module, "n1" "cla_4" 5 14, 6 3 0, S_0x1522fd480;
 .timescale -9 -11;
    .port_info 0 /INPUT 4 "a";
    .port_info 1 /INPUT 4 "b";
    .port_info 2 /INPUT 1 "cin";
    .port_info 3 /OUTPUT 4 "sum";
    .port_info 4 /OUTPUT 1 "cout";
L_0x15237ae50 .functor XOR 4, L_0x15237ede0, L_0x15237ee80, C4<0000>, C4<0000>;
L_0x15237aec0 .functor AND 4, L_0x15237ede0, L_0x15237ee80, C4<1111>, C4<1111>;
L_0x15237afb0 .functor BUFZ 1, L_0x158088178, C4<0>, C4<0>, C4<0>;
L_0x15237b2c0 .functor AND 1, L_0x15237b140, L_0x15237b220, C4<1>, C4<1>;
L_0x15237b3b0 .functor OR 1, L_0x15237b0a0, L_0x15237b2c0, C4<0>, C4<0>;
L_0x15237b730 .functor AND 1, L_0x15237b570, L_0x15237b610, C4<1>, C4<1>;
L_0x15237b820 .functor OR 1, L_0x15237b4d0, L_0x15237b730, C4<0>, C4<0>;
L_0x15237bb10 .functor AND 1, L_0x15237b950, L_0x15237ba70, C4<1>, C4<1>;
L_0x15237bd30 .functor AND 1, L_0x15237bb10, L_0x15237bc00, C4<1>, C4<1>;
L_0x15237be30 .functor OR 1, L_0x15237b820, L_0x15237bd30, C4<0>, C4<0>;
L_0x15237c320 .functor AND 1, L_0x15237c170, L_0x15237c210, C4<1>, C4<1>;
L_0x15237c430 .functor OR 1, L_0x15237c070, L_0x15237c320, C4<0>, C4<0>;
L_0x15237c2b0 .functor AND 1, L_0x15237c4e0, L_0x15237c580, C4<1>, C4<1>;
L_0x15237c8b0 .functor AND 1, L_0x15237c2b0, L_0x15237c810, C4<1>, C4<1>;
L_0x15237c960 .functor OR 1, L_0x15237c430, L_0x15237c8b0, C4<0>, C4<0>;
L_0x15237c7a0 .functor AND 1, L_0x15237cad0, L_0x15237cc00, C4<1>, C4<1>;
L_0x15237ce20 .functor AND 1, L_0x15237c7a0, L_0x15237cce0, C4<1>, C4<1>;
L_0x15237cfe0 .functor AND 1, L_0x15237ce20, L_0x15237cf40, C4<1>, C4<1>;
L_0x15237d0b0 .functor OR 1, L_0x15237c960, L_0x15237cfe0, C4<0>, C4<0>;
L_0x15237b6b0 .functor AND 1, L_0x15237cd80, L_0x15237d420, C4<1>, C4<1>;
L_0x15237d5c0 .functor OR 1, L_0x15237d280, L_0x15237b6b0, C4<0>, C4<0>;
L_0x15237d8d0 .functor AND 1, L_0x15237d1e0, L_0x15237d760, C4<1>, C4<1>;
L_0x15237da00 .functor AND 1, L_0x15237d8d0, L_0x15237d960, C4<1>, C4<1>;
L_0x15237dbb0 .functor OR 1, L_0x15237d5c0, L_0x15237da00, C4<0>, C4<0>;
L_0x15237d800 .functor AND 1, L_0x15237dc20, L_0x15237dda0, C4<1>, C4<1>;
L_0x15237daf0 .functor AND 1, L_0x15237d800, L_0x15237c660, C4<1>, C4<1>;
L_0x15237e200 .functor AND 1, L_0x15237daf0, L_0x15237dcc0, C4<1>, C4<1>;
L_0x15237e3d0 .functor OR 1, L_0x15237dbb0, L_0x15237e200, C4<0>, C4<0>;
L_0x15237e0c0 .functor AND 1, L_0x15237e440, L_0x15237e5e0, C4<1>, C4<1>;
L_0x15237e2f0 .functor AND 1, L_0x15237e0c0, L_0x15237e770, C4<1>, C4<1>;
L_0x15237e920 .functor AND 1, L_0x15237e2f0, L_0x15237e520, C4<1>, C4<1>;
L_0x15237e680 .functor AND 1, L_0x15237e920, L_0x15237eb10, C4<1>, C4<1>;
L_0x15237e810 .functor OR 1, L_0x15237e3d0, L_0x15237e680, C4<0>, C4<0>;
L_0x15237ea10 .functor XOR 4, L_0x15237ae50, L_0x15237bee0, C4<0000>, C4<0000>;
v0x1522fda20_0 .net "G", 3 0, L_0x15237aec0;  1 drivers
v0x1522fdae0_0 .net "P", 3 0, L_0x15237ae50;  1 drivers
v0x1522fdb90_0 .net *"_ivl_102", 0 0, L_0x15237d960;  1 drivers
v0x1522fdc50_0 .net *"_ivl_103", 0 0, L_0x15237da00;  1 drivers
v0x1522fdd00_0 .net *"_ivl_105", 0 0, L_0x15237dbb0;  1 drivers
v0x1522fddf0_0 .net *"_ivl_108", 0 0, L_0x15237dc20;  1 drivers
v0x1522fdea0_0 .net *"_ivl_11", 0 0, L_0x15237b0a0;  1 drivers
v0x1522fdf50_0 .net *"_ivl_110", 0 0, L_0x15237dda0;  1 drivers
v0x1522fe000_0 .net *"_ivl_111", 0 0, L_0x15237d800;  1 drivers
v0x1522fe110_0 .net *"_ivl_114", 0 0, L_0x15237c660;  1 drivers
v0x1522fe1c0_0 .net *"_ivl_115", 0 0, L_0x15237daf0;  1 drivers
v0x1522fe270_0 .net *"_ivl_118", 0 0, L_0x15237dcc0;  1 drivers
v0x1522fe320_0 .net *"_ivl_119", 0 0, L_0x15237e200;  1 drivers
v0x1522fe3d0_0 .net *"_ivl_121", 0 0, L_0x15237e3d0;  1 drivers
v0x1522fe480_0 .net *"_ivl_124", 0 0, L_0x15237e440;  1 drivers
v0x1522fe530_0 .net *"_ivl_126", 0 0, L_0x15237e5e0;  1 drivers
v0x1522fe5e0_0 .net *"_ivl_127", 0 0, L_0x15237e0c0;  1 drivers
v0x1522fe770_0 .net *"_ivl_13", 0 0, L_0x15237b140;  1 drivers
v0x1522fe800_0 .net *"_ivl_130", 0 0, L_0x15237e770;  1 drivers
v0x1522fe8b0_0 .net *"_ivl_131", 0 0, L_0x15237e2f0;  1 drivers
v0x1522fe960_0 .net *"_ivl_134", 0 0, L_0x15237e520;  1 drivers
v0x1522fea10_0 .net *"_ivl_135", 0 0, L_0x15237e920;  1 drivers
v0x1522feac0_0 .net *"_ivl_138", 0 0, L_0x15237eb10;  1 drivers
v0x1522feb70_0 .net *"_ivl_139", 0 0, L_0x15237e680;  1 drivers
v0x1522fec20_0 .net *"_ivl_15", 0 0, L_0x15237b220;  1 drivers
v0x1522fecd0_0 .net *"_ivl_16", 0 0, L_0x15237b2c0;  1 drivers
v0x1522fed80_0 .net *"_ivl_18", 0 0, L_0x15237b3b0;  1 drivers
v0x1522fee30_0 .net *"_ivl_23", 0 0, L_0x15237b4d0;  1 drivers
v0x1522feee0_0 .net *"_ivl_25", 0 0, L_0x15237b570;  1 drivers
v0x1522fef90_0 .net *"_ivl_27", 0 0, L_0x15237b610;  1 drivers
v0x1522ff040_0 .net *"_ivl_28", 0 0, L_0x15237b730;  1 drivers
v0x1522ff0f0_0 .net *"_ivl_30", 0 0, L_0x15237b820;  1 drivers
v0x1522ff1a0_0 .net *"_ivl_33", 0 0, L_0x15237b950;  1 drivers
v0x1522fe690_0 .net *"_ivl_35", 0 0, L_0x15237ba70;  1 drivers
v0x1522ff430_0 .net *"_ivl_36", 0 0, L_0x15237bb10;  1 drivers
v0x1522ff4c0_0 .net *"_ivl_39", 0 0, L_0x15237bc00;  1 drivers
v0x1522ff560_0 .net *"_ivl_40", 0 0, L_0x15237bd30;  1 drivers
v0x1522ff610_0 .net *"_ivl_42", 0 0, L_0x15237be30;  1 drivers
v0x1522ff6c0_0 .net *"_ivl_48", 0 0, L_0x15237c070;  1 drivers
v0x1522ff770_0 .net *"_ivl_50", 0 0, L_0x15237c170;  1 drivers
v0x1522ff820_0 .net *"_ivl_52", 0 0, L_0x15237c210;  1 drivers
v0x1522ff8d0_0 .net *"_ivl_53", 0 0, L_0x15237c320;  1 drivers
v0x1522ff980_0 .net *"_ivl_55", 0 0, L_0x15237c430;  1 drivers
v0x1522ffa30_0 .net *"_ivl_58", 0 0, L_0x15237c4e0;  1 drivers
v0x1522ffae0_0 .net *"_ivl_60", 0 0, L_0x15237c580;  1 drivers
v0x1522ffb90_0 .net *"_ivl_61", 0 0, L_0x15237c2b0;  1 drivers
v0x1522ffc40_0 .net *"_ivl_64", 0 0, L_0x15237c810;  1 drivers
v0x1522ffcf0_0 .net *"_ivl_65", 0 0, L_0x15237c8b0;  1 drivers
v0x1522ffda0_0 .net *"_ivl_67", 0 0, L_0x15237c960;  1 drivers
v0x1522ffe50_0 .net *"_ivl_7", 0 0, L_0x15237afb0;  1 drivers
v0x1522fff00_0 .net *"_ivl_70", 0 0, L_0x15237cad0;  1 drivers
v0x152304080_0 .net *"_ivl_72", 0 0, L_0x15237cc00;  1 drivers
v0x152304110_0 .net *"_ivl_73", 0 0, L_0x15237c7a0;  1 drivers
v0x1523041a0_0 .net *"_ivl_76", 0 0, L_0x15237cce0;  1 drivers
v0x152304240_0 .net *"_ivl_77", 0 0, L_0x15237ce20;  1 drivers
v0x1523042f0_0 .net *"_ivl_80", 0 0, L_0x15237cf40;  1 drivers
v0x1523043a0_0 .net *"_ivl_81", 0 0, L_0x15237cfe0;  1 drivers
v0x152304450_0 .net *"_ivl_83", 0 0, L_0x15237d0b0;  1 drivers
v0x152304500_0 .net *"_ivl_86", 0 0, L_0x15237d280;  1 drivers
v0x1523045b0_0 .net *"_ivl_88", 0 0, L_0x15237cd80;  1 drivers
v0x152304660_0 .net *"_ivl_90", 0 0, L_0x15237d420;  1 drivers
v0x152304710_0 .net *"_ivl_91", 0 0, L_0x15237b6b0;  1 drivers
v0x1523047c0_0 .net *"_ivl_93", 0 0, L_0x15237d5c0;  1 drivers
v0x152304870_0 .net *"_ivl_96", 0 0, L_0x15237d1e0;  1 drivers
v0x152304920_0 .net *"_ivl_98", 0 0, L_0x15237d760;  1 drivers
v0x1522ff250_0 .net *"_ivl_99", 0 0, L_0x15237d8d0;  1 drivers
v0x1522ff300_0 .net "a", 3 0, L_0x15237ede0;  1 drivers
v0x1523049b0_0 .net "b", 3 0, L_0x15237ee80;  1 drivers
v0x152304a40_0 .net "c", 3 0, L_0x15237bee0;  1 drivers
v0x152304ad0_0 .net "cin", 0 0, L_0x158088178;  alias, 1 drivers
v0x152304b60_0 .net "cout", 0 0, L_0x15237e810;  alias, 1 drivers
v0x152304bf0_0 .net "sum", 3 0, L_0x15237ea10;  1 drivers
L_0x15237b0a0 .part L_0x15237aec0, 0, 1;
L_0x15237b140 .part L_0x15237ae50, 0, 1;
L_0x15237b220 .part L_0x15237bee0, 0, 1;
L_0x15237b4d0 .part L_0x15237aec0, 1, 1;
L_0x15237b570 .part L_0x15237ae50, 1, 1;
L_0x15237b610 .part L_0x15237aec0, 0, 1;
L_0x15237b950 .part L_0x15237ae50, 1, 1;
L_0x15237ba70 .part L_0x15237ae50, 0, 1;
L_0x15237bc00 .part L_0x15237bee0, 0, 1;
L_0x15237bee0 .concat8 [ 1 1 1 1], L_0x15237afb0, L_0x15237b3b0, L_0x15237be30, L_0x15237d0b0;
L_0x15237c070 .part L_0x15237aec0, 2, 1;
L_0x15237c170 .part L_0x15237ae50, 2, 1;
L_0x15237c210 .part L_0x15237aec0, 1, 1;
L_0x15237c4e0 .part L_0x15237ae50, 2, 1;
L_0x15237c580 .part L_0x15237ae50, 1, 1;
L_0x15237c810 .part L_0x15237aec0, 0, 1;
L_0x15237cad0 .part L_0x15237ae50, 2, 1;
L_0x15237cc00 .part L_0x15237ae50, 1, 1;
L_0x15237cce0 .part L_0x15237ae50, 0, 1;
L_0x15237cf40 .part L_0x15237bee0, 0, 1;
L_0x15237d280 .part L_0x15237aec0, 3, 1;
L_0x15237cd80 .part L_0x15237ae50, 3, 1;
L_0x15237d420 .part L_0x15237aec0, 2, 1;
L_0x15237d1e0 .part L_0x15237ae50, 3, 1;
L_0x15237d760 .part L_0x15237ae50, 2, 1;
L_0x15237d960 .part L_0x15237aec0, 1, 1;
L_0x15237dc20 .part L_0x15237ae50, 3, 1;
L_0x15237dda0 .part L_0x15237ae50, 2, 1;
L_0x15237c660 .part L_0x15237ae50, 1, 1;
L_0x15237dcc0 .part L_0x15237aec0, 0, 1;
L_0x15237e440 .part L_0x15237ae50, 3, 1;
L_0x15237e5e0 .part L_0x15237ae50, 2, 1;
L_0x15237e770 .part L_0x15237ae50, 1, 1;
L_0x15237e520 .part L_0x15237ae50, 0, 1;
L_0x15237eb10 .part L_0x15237bee0, 0, 1;
S_0x152304d00 .scope module, "n2" "cla_4" 5 15, 6 3 0, S_0x1522fd480;
 .timescale -9 -11;
    .port_info 0 /INPUT 4 "a";
    .port_info 1 /INPUT 4 "b";
    .port_info 2 /INPUT 1 "cin";
    .port_info 3 /OUTPUT 4 "sum";
    .port_info 4 /OUTPUT 1 "cout";
L_0x15237ea80 .functor XOR 4, L_0x152382f70, L_0x152383010, C4<0000>, C4<0000>;
L_0x15237ef80 .functor AND 4, L_0x152382f70, L_0x152383010, C4<1111>, C4<1111>;
L_0x15237f0b0 .functor BUFZ 1, L_0x15237e810, C4<0>, C4<0>, C4<0>;
L_0x15237f420 .functor AND 1, L_0x15237f280, L_0x15237f360, C4<1>, C4<1>;
L_0x15237f530 .functor OR 1, L_0x15237f1a0, L_0x15237f420, C4<0>, C4<0>;
L_0x15237f8e0 .functor AND 1, L_0x15237f6f0, L_0x15237f7c0, C4<1>, C4<1>;
L_0x15237f9b0 .functor OR 1, L_0x15237f650, L_0x15237f8e0, C4<0>, C4<0>;
L_0x15237fca0 .functor AND 1, L_0x15237fae0, L_0x15237fc00, C4<1>, C4<1>;
L_0x15237fec0 .functor AND 1, L_0x15237fca0, L_0x15237fd90, C4<1>, C4<1>;
L_0x15237ffc0 .functor OR 1, L_0x15237f9b0, L_0x15237fec0, C4<0>, C4<0>;
L_0x1523804b0 .functor AND 1, L_0x152380300, L_0x1523803a0, C4<1>, C4<1>;
L_0x1523805c0 .functor OR 1, L_0x152380200, L_0x1523804b0, C4<0>, C4<0>;
L_0x152380440 .functor AND 1, L_0x152380670, L_0x152380710, C4<1>, C4<1>;
L_0x152380a40 .functor AND 1, L_0x152380440, L_0x1523809a0, C4<1>, C4<1>;
L_0x152380af0 .functor OR 1, L_0x1523805c0, L_0x152380a40, C4<0>, C4<0>;
L_0x152380930 .functor AND 1, L_0x152380c60, L_0x152380d90, C4<1>, C4<1>;
L_0x152380fb0 .functor AND 1, L_0x152380930, L_0x152380e70, C4<1>, C4<1>;
L_0x152381170 .functor AND 1, L_0x152380fb0, L_0x1523810d0, C4<1>, C4<1>;
L_0x152381240 .functor OR 1, L_0x152380af0, L_0x152381170, C4<0>, C4<0>;
L_0x15237f860 .functor AND 1, L_0x152380f10, L_0x1523815b0, C4<1>, C4<1>;
L_0x152381750 .functor OR 1, L_0x152381410, L_0x15237f860, C4<0>, C4<0>;
L_0x152381a60 .functor AND 1, L_0x152381370, L_0x1523818f0, C4<1>, C4<1>;
L_0x152381b90 .functor AND 1, L_0x152381a60, L_0x152381af0, C4<1>, C4<1>;
L_0x152381d40 .functor OR 1, L_0x152381750, L_0x152381b90, C4<0>, C4<0>;
L_0x152381990 .functor AND 1, L_0x152381db0, L_0x152381f30, C4<1>, C4<1>;
L_0x152381c80 .functor AND 1, L_0x152381990, L_0x1523807f0, C4<1>, C4<1>;
L_0x152382390 .functor AND 1, L_0x152381c80, L_0x152381e50, C4<1>, C4<1>;
L_0x152382560 .functor OR 1, L_0x152381d40, L_0x152382390, C4<0>, C4<0>;
L_0x152382250 .functor AND 1, L_0x1523825d0, L_0x152382770, C4<1>, C4<1>;
L_0x152382480 .functor AND 1, L_0x152382250, L_0x152382900, C4<1>, C4<1>;
L_0x152382ab0 .functor AND 1, L_0x152382480, L_0x1523826b0, C4<1>, C4<1>;
L_0x152382810 .functor AND 1, L_0x152382ab0, L_0x152382ca0, C4<1>, C4<1>;
L_0x1523829a0 .functor OR 1, L_0x152382560, L_0x152382810, C4<0>, C4<0>;
L_0x152382ba0 .functor XOR 4, L_0x15237ea80, L_0x152380070, C4<0000>, C4<0000>;
v0x152304ef0_0 .net "G", 3 0, L_0x15237ef80;  1 drivers
v0x152304f80_0 .net "P", 3 0, L_0x15237ea80;  1 drivers
v0x152305030_0 .net *"_ivl_102", 0 0, L_0x152381af0;  1 drivers
v0x1523050f0_0 .net *"_ivl_103", 0 0, L_0x152381b90;  1 drivers
v0x1523051a0_0 .net *"_ivl_105", 0 0, L_0x152381d40;  1 drivers
v0x152305290_0 .net *"_ivl_108", 0 0, L_0x152381db0;  1 drivers
v0x152305340_0 .net *"_ivl_11", 0 0, L_0x15237f1a0;  1 drivers
v0x1523053f0_0 .net *"_ivl_110", 0 0, L_0x152381f30;  1 drivers
v0x1523054a0_0 .net *"_ivl_111", 0 0, L_0x152381990;  1 drivers
v0x1523055b0_0 .net *"_ivl_114", 0 0, L_0x1523807f0;  1 drivers
v0x152305660_0 .net *"_ivl_115", 0 0, L_0x152381c80;  1 drivers
v0x152305710_0 .net *"_ivl_118", 0 0, L_0x152381e50;  1 drivers
v0x1523057c0_0 .net *"_ivl_119", 0 0, L_0x152382390;  1 drivers
v0x152305870_0 .net *"_ivl_121", 0 0, L_0x152382560;  1 drivers
v0x152305920_0 .net *"_ivl_124", 0 0, L_0x1523825d0;  1 drivers
v0x1523059d0_0 .net *"_ivl_126", 0 0, L_0x152382770;  1 drivers
v0x152305a80_0 .net *"_ivl_127", 0 0, L_0x152382250;  1 drivers
v0x152305c10_0 .net *"_ivl_13", 0 0, L_0x15237f280;  1 drivers
v0x152305ca0_0 .net *"_ivl_130", 0 0, L_0x152382900;  1 drivers
v0x152305d50_0 .net *"_ivl_131", 0 0, L_0x152382480;  1 drivers
v0x152305e00_0 .net *"_ivl_134", 0 0, L_0x1523826b0;  1 drivers
v0x152305eb0_0 .net *"_ivl_135", 0 0, L_0x152382ab0;  1 drivers
v0x152305f60_0 .net *"_ivl_138", 0 0, L_0x152382ca0;  1 drivers
v0x152306010_0 .net *"_ivl_139", 0 0, L_0x152382810;  1 drivers
v0x1523060c0_0 .net *"_ivl_15", 0 0, L_0x15237f360;  1 drivers
v0x152306170_0 .net *"_ivl_16", 0 0, L_0x15237f420;  1 drivers
v0x152306220_0 .net *"_ivl_18", 0 0, L_0x15237f530;  1 drivers
v0x1523062d0_0 .net *"_ivl_23", 0 0, L_0x15237f650;  1 drivers
v0x152306380_0 .net *"_ivl_25", 0 0, L_0x15237f6f0;  1 drivers
v0x152306430_0 .net *"_ivl_27", 0 0, L_0x15237f7c0;  1 drivers
v0x1523064e0_0 .net *"_ivl_28", 0 0, L_0x15237f8e0;  1 drivers
v0x152306590_0 .net *"_ivl_30", 0 0, L_0x15237f9b0;  1 drivers
v0x152306640_0 .net *"_ivl_33", 0 0, L_0x15237fae0;  1 drivers
v0x152305b30_0 .net *"_ivl_35", 0 0, L_0x15237fc00;  1 drivers
v0x1523068d0_0 .net *"_ivl_36", 0 0, L_0x15237fca0;  1 drivers
v0x152306960_0 .net *"_ivl_39", 0 0, L_0x15237fd90;  1 drivers
v0x152306a00_0 .net *"_ivl_40", 0 0, L_0x15237fec0;  1 drivers
v0x152306ab0_0 .net *"_ivl_42", 0 0, L_0x15237ffc0;  1 drivers
v0x152306b60_0 .net *"_ivl_48", 0 0, L_0x152380200;  1 drivers
v0x152306c10_0 .net *"_ivl_50", 0 0, L_0x152380300;  1 drivers
v0x152306cc0_0 .net *"_ivl_52", 0 0, L_0x1523803a0;  1 drivers
v0x152306d70_0 .net *"_ivl_53", 0 0, L_0x1523804b0;  1 drivers
v0x152306e20_0 .net *"_ivl_55", 0 0, L_0x1523805c0;  1 drivers
v0x152306ed0_0 .net *"_ivl_58", 0 0, L_0x152380670;  1 drivers
v0x152306f80_0 .net *"_ivl_60", 0 0, L_0x152380710;  1 drivers
v0x152307030_0 .net *"_ivl_61", 0 0, L_0x152380440;  1 drivers
v0x1523070e0_0 .net *"_ivl_64", 0 0, L_0x1523809a0;  1 drivers
v0x152307190_0 .net *"_ivl_65", 0 0, L_0x152380a40;  1 drivers
v0x152307240_0 .net *"_ivl_67", 0 0, L_0x152380af0;  1 drivers
v0x1523072f0_0 .net *"_ivl_7", 0 0, L_0x15237f0b0;  1 drivers
v0x1523073a0_0 .net *"_ivl_70", 0 0, L_0x152380c60;  1 drivers
v0x152307450_0 .net *"_ivl_72", 0 0, L_0x152380d90;  1 drivers
v0x152307500_0 .net *"_ivl_73", 0 0, L_0x152380930;  1 drivers
v0x1523075b0_0 .net *"_ivl_76", 0 0, L_0x152380e70;  1 drivers
v0x152307660_0 .net *"_ivl_77", 0 0, L_0x152380fb0;  1 drivers
v0x152307710_0 .net *"_ivl_80", 0 0, L_0x1523810d0;  1 drivers
v0x1523077c0_0 .net *"_ivl_81", 0 0, L_0x152381170;  1 drivers
v0x152307870_0 .net *"_ivl_83", 0 0, L_0x152381240;  1 drivers
v0x152307920_0 .net *"_ivl_86", 0 0, L_0x152381410;  1 drivers
v0x1523079d0_0 .net *"_ivl_88", 0 0, L_0x152380f10;  1 drivers
v0x152307a80_0 .net *"_ivl_90", 0 0, L_0x1523815b0;  1 drivers
v0x152307b30_0 .net *"_ivl_91", 0 0, L_0x15237f860;  1 drivers
v0x152307be0_0 .net *"_ivl_93", 0 0, L_0x152381750;  1 drivers
v0x152307c90_0 .net *"_ivl_96", 0 0, L_0x152381370;  1 drivers
v0x152307d40_0 .net *"_ivl_98", 0 0, L_0x1523818f0;  1 drivers
v0x1523066f0_0 .net *"_ivl_99", 0 0, L_0x152381a60;  1 drivers
v0x1523067a0_0 .net "a", 3 0, L_0x152382f70;  1 drivers
v0x152307dd0_0 .net "b", 3 0, L_0x152383010;  1 drivers
v0x152307e60_0 .net "c", 3 0, L_0x152380070;  1 drivers
v0x152307ef0_0 .net "cin", 0 0, L_0x15237e810;  alias, 1 drivers
v0x152307f80_0 .net "cout", 0 0, L_0x1523829a0;  alias, 1 drivers
v0x152308010_0 .net "sum", 3 0, L_0x152382ba0;  1 drivers
L_0x15237f1a0 .part L_0x15237ef80, 0, 1;
L_0x15237f280 .part L_0x15237ea80, 0, 1;
L_0x15237f360 .part L_0x152380070, 0, 1;
L_0x15237f650 .part L_0x15237ef80, 1, 1;
L_0x15237f6f0 .part L_0x15237ea80, 1, 1;
L_0x15237f7c0 .part L_0x15237ef80, 0, 1;
L_0x15237fae0 .part L_0x15237ea80, 1, 1;
L_0x15237fc00 .part L_0x15237ea80, 0, 1;
L_0x15237fd90 .part L_0x152380070, 0, 1;
L_0x152380070 .concat8 [ 1 1 1 1], L_0x15237f0b0, L_0x15237f530, L_0x15237ffc0, L_0x152381240;
L_0x152380200 .part L_0x15237ef80, 2, 1;
L_0x152380300 .part L_0x15237ea80, 2, 1;
L_0x1523803a0 .part L_0x15237ef80, 1, 1;
L_0x152380670 .part L_0x15237ea80, 2, 1;
L_0x152380710 .part L_0x15237ea80, 1, 1;
L_0x1523809a0 .part L_0x15237ef80, 0, 1;
L_0x152380c60 .part L_0x15237ea80, 2, 1;
L_0x152380d90 .part L_0x15237ea80, 1, 1;
L_0x152380e70 .part L_0x15237ea80, 0, 1;
L_0x1523810d0 .part L_0x152380070, 0, 1;
L_0x152381410 .part L_0x15237ef80, 3, 1;
L_0x152380f10 .part L_0x15237ea80, 3, 1;
L_0x1523815b0 .part L_0x15237ef80, 2, 1;
L_0x152381370 .part L_0x15237ea80, 3, 1;
L_0x1523818f0 .part L_0x15237ea80, 2, 1;
L_0x152381af0 .part L_0x15237ef80, 1, 1;
L_0x152381db0 .part L_0x15237ea80, 3, 1;
L_0x152381f30 .part L_0x15237ea80, 2, 1;
L_0x1523807f0 .part L_0x15237ea80, 1, 1;
L_0x152381e50 .part L_0x15237ef80, 0, 1;
L_0x1523825d0 .part L_0x15237ea80, 3, 1;
L_0x152382770 .part L_0x15237ea80, 2, 1;
L_0x152382900 .part L_0x15237ea80, 1, 1;
L_0x1523826b0 .part L_0x15237ea80, 0, 1;
L_0x152382ca0 .part L_0x152380070, 0, 1;
S_0x1523080a0 .scope module, "n3" "cla_4" 5 16, 6 3 0, S_0x1522fd480;
 .timescale -9 -11;
    .port_info 0 /INPUT 4 "a";
    .port_info 1 /INPUT 4 "b";
    .port_info 2 /INPUT 1 "cin";
    .port_info 3 /OUTPUT 4 "sum";
    .port_info 4 /OUTPUT 1 "cout";
L_0x1523830b0 .functor XOR 4, L_0x152387130, L_0x1523871d0, C4<0000>, C4<0000>;
L_0x152383120 .functor AND 4, L_0x152387130, L_0x1523871d0, C4<1111>, C4<1111>;
L_0x152383250 .functor BUFZ 1, L_0x1523829a0, C4<0>, C4<0>, C4<0>;
L_0x1523835c0 .functor AND 1, L_0x152383420, L_0x152383500, C4<1>, C4<1>;
L_0x1523836f0 .functor OR 1, L_0x152383340, L_0x1523835c0, C4<0>, C4<0>;
L_0x152383aa0 .functor AND 1, L_0x1523838b0, L_0x152383980, C4<1>, C4<1>;
L_0x152383b70 .functor OR 1, L_0x152383810, L_0x152383aa0, C4<0>, C4<0>;
L_0x152383e60 .functor AND 1, L_0x152383ca0, L_0x152383dc0, C4<1>, C4<1>;
L_0x152384080 .functor AND 1, L_0x152383e60, L_0x152383f50, C4<1>, C4<1>;
L_0x152384180 .functor OR 1, L_0x152383b70, L_0x152384080, C4<0>, C4<0>;
L_0x152384670 .functor AND 1, L_0x1523844c0, L_0x152384560, C4<1>, C4<1>;
L_0x152384780 .functor OR 1, L_0x1523843c0, L_0x152384670, C4<0>, C4<0>;
L_0x152384600 .functor AND 1, L_0x152384830, L_0x1523848d0, C4<1>, C4<1>;
L_0x152384c00 .functor AND 1, L_0x152384600, L_0x152384b60, C4<1>, C4<1>;
L_0x152384cb0 .functor OR 1, L_0x152384780, L_0x152384c00, C4<0>, C4<0>;
L_0x152384af0 .functor AND 1, L_0x152384e20, L_0x152384f50, C4<1>, C4<1>;
L_0x152385170 .functor AND 1, L_0x152384af0, L_0x152385030, C4<1>, C4<1>;
L_0x152385330 .functor AND 1, L_0x152385170, L_0x152385290, C4<1>, C4<1>;
L_0x152385400 .functor OR 1, L_0x152384cb0, L_0x152385330, C4<0>, C4<0>;
L_0x152383a20 .functor AND 1, L_0x1523850d0, L_0x152385770, C4<1>, C4<1>;
L_0x152385910 .functor OR 1, L_0x1523855d0, L_0x152383a20, C4<0>, C4<0>;
L_0x152385c20 .functor AND 1, L_0x152385530, L_0x152385ab0, C4<1>, C4<1>;
L_0x152385d50 .functor AND 1, L_0x152385c20, L_0x152385cb0, C4<1>, C4<1>;
L_0x152385f00 .functor OR 1, L_0x152385910, L_0x152385d50, C4<0>, C4<0>;
L_0x152385b50 .functor AND 1, L_0x152385f70, L_0x1523860f0, C4<1>, C4<1>;
L_0x152385e40 .functor AND 1, L_0x152385b50, L_0x1523849b0, C4<1>, C4<1>;
L_0x152386550 .functor AND 1, L_0x152385e40, L_0x152386010, C4<1>, C4<1>;
L_0x152386720 .functor OR 1, L_0x152385f00, L_0x152386550, C4<0>, C4<0>;
L_0x152386410 .functor AND 1, L_0x152386790, L_0x152386930, C4<1>, C4<1>;
L_0x152386640 .functor AND 1, L_0x152386410, L_0x152386ac0, C4<1>, C4<1>;
L_0x152386c70 .functor AND 1, L_0x152386640, L_0x152386870, C4<1>, C4<1>;
L_0x1523869d0 .functor AND 1, L_0x152386c70, L_0x152386e60, C4<1>, C4<1>;
L_0x152386b60 .functor OR 1, L_0x152386720, L_0x1523869d0, C4<0>, C4<0>;
L_0x152386d60 .functor XOR 4, L_0x1523830b0, L_0x152384230, C4<0000>, C4<0000>;
v0x152308300_0 .net "G", 3 0, L_0x152383120;  1 drivers
v0x1523083b0_0 .net "P", 3 0, L_0x1523830b0;  1 drivers
v0x152308460_0 .net *"_ivl_102", 0 0, L_0x152385cb0;  1 drivers
v0x152308520_0 .net *"_ivl_103", 0 0, L_0x152385d50;  1 drivers
v0x1523085d0_0 .net *"_ivl_105", 0 0, L_0x152385f00;  1 drivers
v0x1523086c0_0 .net *"_ivl_108", 0 0, L_0x152385f70;  1 drivers
v0x152308770_0 .net *"_ivl_11", 0 0, L_0x152383340;  1 drivers
v0x152308820_0 .net *"_ivl_110", 0 0, L_0x1523860f0;  1 drivers
v0x1523088d0_0 .net *"_ivl_111", 0 0, L_0x152385b50;  1 drivers
v0x1523089e0_0 .net *"_ivl_114", 0 0, L_0x1523849b0;  1 drivers
v0x152308a90_0 .net *"_ivl_115", 0 0, L_0x152385e40;  1 drivers
v0x152308b40_0 .net *"_ivl_118", 0 0, L_0x152386010;  1 drivers
v0x152308bf0_0 .net *"_ivl_119", 0 0, L_0x152386550;  1 drivers
v0x152308ca0_0 .net *"_ivl_121", 0 0, L_0x152386720;  1 drivers
v0x152308d50_0 .net *"_ivl_124", 0 0, L_0x152386790;  1 drivers
v0x152308e00_0 .net *"_ivl_126", 0 0, L_0x152386930;  1 drivers
v0x152308eb0_0 .net *"_ivl_127", 0 0, L_0x152386410;  1 drivers
v0x152309040_0 .net *"_ivl_13", 0 0, L_0x152383420;  1 drivers
v0x1523090d0_0 .net *"_ivl_130", 0 0, L_0x152386ac0;  1 drivers
v0x152309180_0 .net *"_ivl_131", 0 0, L_0x152386640;  1 drivers
v0x152309230_0 .net *"_ivl_134", 0 0, L_0x152386870;  1 drivers
v0x1523092e0_0 .net *"_ivl_135", 0 0, L_0x152386c70;  1 drivers
v0x152309390_0 .net *"_ivl_138", 0 0, L_0x152386e60;  1 drivers
v0x152309440_0 .net *"_ivl_139", 0 0, L_0x1523869d0;  1 drivers
v0x1523094f0_0 .net *"_ivl_15", 0 0, L_0x152383500;  1 drivers
v0x1523095a0_0 .net *"_ivl_16", 0 0, L_0x1523835c0;  1 drivers
v0x152309650_0 .net *"_ivl_18", 0 0, L_0x1523836f0;  1 drivers
v0x152309700_0 .net *"_ivl_23", 0 0, L_0x152383810;  1 drivers
v0x1523097b0_0 .net *"_ivl_25", 0 0, L_0x1523838b0;  1 drivers
v0x152309860_0 .net *"_ivl_27", 0 0, L_0x152383980;  1 drivers
v0x152309910_0 .net *"_ivl_28", 0 0, L_0x152383aa0;  1 drivers
v0x1523099c0_0 .net *"_ivl_30", 0 0, L_0x152383b70;  1 drivers
v0x152309a70_0 .net *"_ivl_33", 0 0, L_0x152383ca0;  1 drivers
v0x152308f60_0 .net *"_ivl_35", 0 0, L_0x152383dc0;  1 drivers
v0x152309d00_0 .net *"_ivl_36", 0 0, L_0x152383e60;  1 drivers
v0x152309d90_0 .net *"_ivl_39", 0 0, L_0x152383f50;  1 drivers
v0x152309e30_0 .net *"_ivl_40", 0 0, L_0x152384080;  1 drivers
v0x152309ee0_0 .net *"_ivl_42", 0 0, L_0x152384180;  1 drivers
v0x152309f90_0 .net *"_ivl_48", 0 0, L_0x1523843c0;  1 drivers
v0x15230a040_0 .net *"_ivl_50", 0 0, L_0x1523844c0;  1 drivers
v0x15230a0f0_0 .net *"_ivl_52", 0 0, L_0x152384560;  1 drivers
v0x15230a1a0_0 .net *"_ivl_53", 0 0, L_0x152384670;  1 drivers
v0x15230a250_0 .net *"_ivl_55", 0 0, L_0x152384780;  1 drivers
v0x15230a300_0 .net *"_ivl_58", 0 0, L_0x152384830;  1 drivers
v0x15230a3b0_0 .net *"_ivl_60", 0 0, L_0x1523848d0;  1 drivers
v0x15230a460_0 .net *"_ivl_61", 0 0, L_0x152384600;  1 drivers
v0x15230a510_0 .net *"_ivl_64", 0 0, L_0x152384b60;  1 drivers
v0x15230a5c0_0 .net *"_ivl_65", 0 0, L_0x152384c00;  1 drivers
v0x15230a670_0 .net *"_ivl_67", 0 0, L_0x152384cb0;  1 drivers
v0x15230a720_0 .net *"_ivl_7", 0 0, L_0x152383250;  1 drivers
v0x15230a7d0_0 .net *"_ivl_70", 0 0, L_0x152384e20;  1 drivers
v0x15230a880_0 .net *"_ivl_72", 0 0, L_0x152384f50;  1 drivers
v0x15230a930_0 .net *"_ivl_73", 0 0, L_0x152384af0;  1 drivers
v0x15230a9e0_0 .net *"_ivl_76", 0 0, L_0x152385030;  1 drivers
v0x15230aa90_0 .net *"_ivl_77", 0 0, L_0x152385170;  1 drivers
v0x15230ab40_0 .net *"_ivl_80", 0 0, L_0x152385290;  1 drivers
v0x15230abf0_0 .net *"_ivl_81", 0 0, L_0x152385330;  1 drivers
v0x15230aca0_0 .net *"_ivl_83", 0 0, L_0x152385400;  1 drivers
v0x15230ad50_0 .net *"_ivl_86", 0 0, L_0x1523855d0;  1 drivers
v0x15230ae00_0 .net *"_ivl_88", 0 0, L_0x1523850d0;  1 drivers
v0x15230aeb0_0 .net *"_ivl_90", 0 0, L_0x152385770;  1 drivers
v0x15230af60_0 .net *"_ivl_91", 0 0, L_0x152383a20;  1 drivers
v0x15230b010_0 .net *"_ivl_93", 0 0, L_0x152385910;  1 drivers
v0x15230b0c0_0 .net *"_ivl_96", 0 0, L_0x152385530;  1 drivers
v0x15230b170_0 .net *"_ivl_98", 0 0, L_0x152385ab0;  1 drivers
v0x152309b20_0 .net *"_ivl_99", 0 0, L_0x152385c20;  1 drivers
v0x152309bd0_0 .net "a", 3 0, L_0x152387130;  1 drivers
v0x15230b200_0 .net "b", 3 0, L_0x1523871d0;  1 drivers
v0x15230b290_0 .net "c", 3 0, L_0x152384230;  1 drivers
v0x15230b320_0 .net "cin", 0 0, L_0x1523829a0;  alias, 1 drivers
v0x15230b3b0_0 .net "cout", 0 0, L_0x152386b60;  alias, 1 drivers
v0x15230b440_0 .net "sum", 3 0, L_0x152386d60;  1 drivers
L_0x152383340 .part L_0x152383120, 0, 1;
L_0x152383420 .part L_0x1523830b0, 0, 1;
L_0x152383500 .part L_0x152384230, 0, 1;
L_0x152383810 .part L_0x152383120, 1, 1;
L_0x1523838b0 .part L_0x1523830b0, 1, 1;
L_0x152383980 .part L_0x152383120, 0, 1;
L_0x152383ca0 .part L_0x1523830b0, 1, 1;
L_0x152383dc0 .part L_0x1523830b0, 0, 1;
L_0x152383f50 .part L_0x152384230, 0, 1;
L_0x152384230 .concat8 [ 1 1 1 1], L_0x152383250, L_0x1523836f0, L_0x152384180, L_0x152385400;
L_0x1523843c0 .part L_0x152383120, 2, 1;
L_0x1523844c0 .part L_0x1523830b0, 2, 1;
L_0x152384560 .part L_0x152383120, 1, 1;
L_0x152384830 .part L_0x1523830b0, 2, 1;
L_0x1523848d0 .part L_0x1523830b0, 1, 1;
L_0x152384b60 .part L_0x152383120, 0, 1;
L_0x152384e20 .part L_0x1523830b0, 2, 1;
L_0x152384f50 .part L_0x1523830b0, 1, 1;
L_0x152385030 .part L_0x1523830b0, 0, 1;
L_0x152385290 .part L_0x152384230, 0, 1;
L_0x1523855d0 .part L_0x152383120, 3, 1;
L_0x1523850d0 .part L_0x1523830b0, 3, 1;
L_0x152385770 .part L_0x152383120, 2, 1;
L_0x152385530 .part L_0x1523830b0, 3, 1;
L_0x152385ab0 .part L_0x1523830b0, 2, 1;
L_0x152385cb0 .part L_0x152383120, 1, 1;
L_0x152385f70 .part L_0x1523830b0, 3, 1;
L_0x1523860f0 .part L_0x1523830b0, 2, 1;
L_0x1523849b0 .part L_0x1523830b0, 1, 1;
L_0x152386010 .part L_0x152383120, 0, 1;
L_0x152386790 .part L_0x1523830b0, 3, 1;
L_0x152386930 .part L_0x1523830b0, 2, 1;
L_0x152386ac0 .part L_0x1523830b0, 1, 1;
L_0x152386870 .part L_0x1523830b0, 0, 1;
L_0x152386e60 .part L_0x152384230, 0, 1;
S_0x15230b4d0 .scope module, "n4" "cla_4" 5 17, 6 3 0, S_0x1522fd480;
 .timescale -9 -11;
    .port_info 0 /INPUT 4 "a";
    .port_info 1 /INPUT 4 "b";
    .port_info 2 /INPUT 1 "cin";
    .port_info 3 /OUTPUT 4 "sum";
    .port_info 4 /OUTPUT 1 "cout";
L_0x152387270 .functor XOR 4, L_0x15238b2b0, L_0x15238b350, C4<0000>, C4<0000>;
L_0x1523872e0 .functor AND 4, L_0x15238b2b0, L_0x15238b350, C4<1111>, C4<1111>;
L_0x1523873d0 .functor BUFZ 1, L_0x152386b60, C4<0>, C4<0>, C4<0>;
L_0x152387740 .functor AND 1, L_0x1523875a0, L_0x152387680, C4<1>, C4<1>;
L_0x152387870 .functor OR 1, L_0x1523874c0, L_0x152387740, C4<0>, C4<0>;
L_0x152387c20 .functor AND 1, L_0x152387a30, L_0x152387b00, C4<1>, C4<1>;
L_0x152387cf0 .functor OR 1, L_0x152387990, L_0x152387c20, C4<0>, C4<0>;
L_0x152387fe0 .functor AND 1, L_0x152387e20, L_0x152387f40, C4<1>, C4<1>;
L_0x152388200 .functor AND 1, L_0x152387fe0, L_0x1523880d0, C4<1>, C4<1>;
L_0x152388300 .functor OR 1, L_0x152387cf0, L_0x152388200, C4<0>, C4<0>;
L_0x1523887f0 .functor AND 1, L_0x152388640, L_0x1523886e0, C4<1>, C4<1>;
L_0x152388900 .functor OR 1, L_0x152388540, L_0x1523887f0, C4<0>, C4<0>;
L_0x152388780 .functor AND 1, L_0x1523889b0, L_0x152388a50, C4<1>, C4<1>;
L_0x152388d80 .functor AND 1, L_0x152388780, L_0x152388ce0, C4<1>, C4<1>;
L_0x152388e30 .functor OR 1, L_0x152388900, L_0x152388d80, C4<0>, C4<0>;
L_0x152388c70 .functor AND 1, L_0x152388fa0, L_0x1523890d0, C4<1>, C4<1>;
L_0x1523892f0 .functor AND 1, L_0x152388c70, L_0x1523891b0, C4<1>, C4<1>;
L_0x1523894b0 .functor AND 1, L_0x1523892f0, L_0x152389410, C4<1>, C4<1>;
L_0x152389580 .functor OR 1, L_0x152388e30, L_0x1523894b0, C4<0>, C4<0>;
L_0x152387ba0 .functor AND 1, L_0x152389250, L_0x1523898f0, C4<1>, C4<1>;
L_0x152389a90 .functor OR 1, L_0x152389750, L_0x152387ba0, C4<0>, C4<0>;
L_0x152389da0 .functor AND 1, L_0x1523896b0, L_0x152389c30, C4<1>, C4<1>;
L_0x152389ed0 .functor AND 1, L_0x152389da0, L_0x152389e30, C4<1>, C4<1>;
L_0x15238a080 .functor OR 1, L_0x152389a90, L_0x152389ed0, C4<0>, C4<0>;
L_0x152389cd0 .functor AND 1, L_0x15238a0f0, L_0x15238a270, C4<1>, C4<1>;
L_0x152389fc0 .functor AND 1, L_0x152389cd0, L_0x152388b30, C4<1>, C4<1>;
L_0x15238a6d0 .functor AND 1, L_0x152389fc0, L_0x15238a190, C4<1>, C4<1>;
L_0x15238a8a0 .functor OR 1, L_0x15238a080, L_0x15238a6d0, C4<0>, C4<0>;
L_0x15238a590 .functor AND 1, L_0x15238a910, L_0x15238aab0, C4<1>, C4<1>;
L_0x15238a7c0 .functor AND 1, L_0x15238a590, L_0x15238ac40, C4<1>, C4<1>;
L_0x15238adf0 .functor AND 1, L_0x15238a7c0, L_0x15238a9f0, C4<1>, C4<1>;
L_0x15238ab50 .functor AND 1, L_0x15238adf0, L_0x15238afe0, C4<1>, C4<1>;
L_0x15238ace0 .functor OR 1, L_0x15238a8a0, L_0x15238ab50, C4<0>, C4<0>;
L_0x15238aee0 .functor XOR 4, L_0x152387270, L_0x1523883b0, C4<0000>, C4<0000>;
v0x15230b710_0 .net "G", 3 0, L_0x1523872e0;  1 drivers
v0x15230b7d0_0 .net "P", 3 0, L_0x152387270;  1 drivers
v0x15230b880_0 .net *"_ivl_102", 0 0, L_0x152389e30;  1 drivers
v0x15230b940_0 .net *"_ivl_103", 0 0, L_0x152389ed0;  1 drivers
v0x15230b9f0_0 .net *"_ivl_105", 0 0, L_0x15238a080;  1 drivers
v0x15230bae0_0 .net *"_ivl_108", 0 0, L_0x15238a0f0;  1 drivers
v0x15230bb90_0 .net *"_ivl_11", 0 0, L_0x1523874c0;  1 drivers
v0x15230bc40_0 .net *"_ivl_110", 0 0, L_0x15238a270;  1 drivers
v0x15230bcf0_0 .net *"_ivl_111", 0 0, L_0x152389cd0;  1 drivers
v0x15230be00_0 .net *"_ivl_114", 0 0, L_0x152388b30;  1 drivers
v0x15230beb0_0 .net *"_ivl_115", 0 0, L_0x152389fc0;  1 drivers
v0x15230bf60_0 .net *"_ivl_118", 0 0, L_0x15238a190;  1 drivers
v0x15230c010_0 .net *"_ivl_119", 0 0, L_0x15238a6d0;  1 drivers
v0x15230c0c0_0 .net *"_ivl_121", 0 0, L_0x15238a8a0;  1 drivers
v0x15230c170_0 .net *"_ivl_124", 0 0, L_0x15238a910;  1 drivers
v0x15230c220_0 .net *"_ivl_126", 0 0, L_0x15238aab0;  1 drivers
v0x15230c2d0_0 .net *"_ivl_127", 0 0, L_0x15238a590;  1 drivers
v0x15230c460_0 .net *"_ivl_13", 0 0, L_0x1523875a0;  1 drivers
v0x15230c4f0_0 .net *"_ivl_130", 0 0, L_0x15238ac40;  1 drivers
v0x15230c5a0_0 .net *"_ivl_131", 0 0, L_0x15238a7c0;  1 drivers
v0x15230c650_0 .net *"_ivl_134", 0 0, L_0x15238a9f0;  1 drivers
v0x15230c700_0 .net *"_ivl_135", 0 0, L_0x15238adf0;  1 drivers
v0x15230c7b0_0 .net *"_ivl_138", 0 0, L_0x15238afe0;  1 drivers
v0x15230c860_0 .net *"_ivl_139", 0 0, L_0x15238ab50;  1 drivers
v0x15230c910_0 .net *"_ivl_15", 0 0, L_0x152387680;  1 drivers
v0x15230c9c0_0 .net *"_ivl_16", 0 0, L_0x152387740;  1 drivers
v0x15230ca70_0 .net *"_ivl_18", 0 0, L_0x152387870;  1 drivers
v0x15230cb20_0 .net *"_ivl_23", 0 0, L_0x152387990;  1 drivers
v0x15230cbd0_0 .net *"_ivl_25", 0 0, L_0x152387a30;  1 drivers
v0x15230cc80_0 .net *"_ivl_27", 0 0, L_0x152387b00;  1 drivers
v0x15230cd30_0 .net *"_ivl_28", 0 0, L_0x152387c20;  1 drivers
v0x15230cde0_0 .net *"_ivl_30", 0 0, L_0x152387cf0;  1 drivers
v0x15230ce90_0 .net *"_ivl_33", 0 0, L_0x152387e20;  1 drivers
v0x15230c380_0 .net *"_ivl_35", 0 0, L_0x152387f40;  1 drivers
v0x15230d120_0 .net *"_ivl_36", 0 0, L_0x152387fe0;  1 drivers
v0x15230d1b0_0 .net *"_ivl_39", 0 0, L_0x1523880d0;  1 drivers
v0x15230d250_0 .net *"_ivl_40", 0 0, L_0x152388200;  1 drivers
v0x15230d300_0 .net *"_ivl_42", 0 0, L_0x152388300;  1 drivers
v0x15230d3b0_0 .net *"_ivl_48", 0 0, L_0x152388540;  1 drivers
v0x15230d460_0 .net *"_ivl_50", 0 0, L_0x152388640;  1 drivers
v0x15230d510_0 .net *"_ivl_52", 0 0, L_0x1523886e0;  1 drivers
v0x15230d5c0_0 .net *"_ivl_53", 0 0, L_0x1523887f0;  1 drivers
v0x15230d670_0 .net *"_ivl_55", 0 0, L_0x152388900;  1 drivers
v0x15230d720_0 .net *"_ivl_58", 0 0, L_0x1523889b0;  1 drivers
v0x15230d7d0_0 .net *"_ivl_60", 0 0, L_0x152388a50;  1 drivers
v0x15230d880_0 .net *"_ivl_61", 0 0, L_0x152388780;  1 drivers
v0x15230d930_0 .net *"_ivl_64", 0 0, L_0x152388ce0;  1 drivers
v0x15230d9e0_0 .net *"_ivl_65", 0 0, L_0x152388d80;  1 drivers
v0x15230da90_0 .net *"_ivl_67", 0 0, L_0x152388e30;  1 drivers
v0x15230db40_0 .net *"_ivl_7", 0 0, L_0x1523873d0;  1 drivers
v0x15230dbf0_0 .net *"_ivl_70", 0 0, L_0x152388fa0;  1 drivers
v0x15230dca0_0 .net *"_ivl_72", 0 0, L_0x1523890d0;  1 drivers
v0x15230dd50_0 .net *"_ivl_73", 0 0, L_0x152388c70;  1 drivers
v0x15230de00_0 .net *"_ivl_76", 0 0, L_0x1523891b0;  1 drivers
v0x15230deb0_0 .net *"_ivl_77", 0 0, L_0x1523892f0;  1 drivers
v0x15230df60_0 .net *"_ivl_80", 0 0, L_0x152389410;  1 drivers
v0x15230e010_0 .net *"_ivl_81", 0 0, L_0x1523894b0;  1 drivers
v0x15230e0c0_0 .net *"_ivl_83", 0 0, L_0x152389580;  1 drivers
v0x15230e170_0 .net *"_ivl_86", 0 0, L_0x152389750;  1 drivers
v0x15230e220_0 .net *"_ivl_88", 0 0, L_0x152389250;  1 drivers
v0x15230e2d0_0 .net *"_ivl_90", 0 0, L_0x1523898f0;  1 drivers
v0x15230e380_0 .net *"_ivl_91", 0 0, L_0x152387ba0;  1 drivers
v0x15230e430_0 .net *"_ivl_93", 0 0, L_0x152389a90;  1 drivers
v0x15230e4e0_0 .net *"_ivl_96", 0 0, L_0x1523896b0;  1 drivers
v0x15230e590_0 .net *"_ivl_98", 0 0, L_0x152389c30;  1 drivers
v0x15230cf40_0 .net *"_ivl_99", 0 0, L_0x152389da0;  1 drivers
v0x15230cff0_0 .net "a", 3 0, L_0x15238b2b0;  1 drivers
v0x15230e620_0 .net "b", 3 0, L_0x15238b350;  1 drivers
v0x15230e6b0_0 .net "c", 3 0, L_0x1523883b0;  1 drivers
v0x15230e740_0 .net "cin", 0 0, L_0x152386b60;  alias, 1 drivers
v0x15230e7d0_0 .net "cout", 0 0, L_0x15238ace0;  alias, 1 drivers
v0x15230e860_0 .net "sum", 3 0, L_0x15238aee0;  1 drivers
L_0x1523874c0 .part L_0x1523872e0, 0, 1;
L_0x1523875a0 .part L_0x152387270, 0, 1;
L_0x152387680 .part L_0x1523883b0, 0, 1;
L_0x152387990 .part L_0x1523872e0, 1, 1;
L_0x152387a30 .part L_0x152387270, 1, 1;
L_0x152387b00 .part L_0x1523872e0, 0, 1;
L_0x152387e20 .part L_0x152387270, 1, 1;
L_0x152387f40 .part L_0x152387270, 0, 1;
L_0x1523880d0 .part L_0x1523883b0, 0, 1;
L_0x1523883b0 .concat8 [ 1 1 1 1], L_0x1523873d0, L_0x152387870, L_0x152388300, L_0x152389580;
L_0x152388540 .part L_0x1523872e0, 2, 1;
L_0x152388640 .part L_0x152387270, 2, 1;
L_0x1523886e0 .part L_0x1523872e0, 1, 1;
L_0x1523889b0 .part L_0x152387270, 2, 1;
L_0x152388a50 .part L_0x152387270, 1, 1;
L_0x152388ce0 .part L_0x1523872e0, 0, 1;
L_0x152388fa0 .part L_0x152387270, 2, 1;
L_0x1523890d0 .part L_0x152387270, 1, 1;
L_0x1523891b0 .part L_0x152387270, 0, 1;
L_0x152389410 .part L_0x1523883b0, 0, 1;
L_0x152389750 .part L_0x1523872e0, 3, 1;
L_0x152389250 .part L_0x152387270, 3, 1;
L_0x1523898f0 .part L_0x1523872e0, 2, 1;
L_0x1523896b0 .part L_0x152387270, 3, 1;
L_0x152389c30 .part L_0x152387270, 2, 1;
L_0x152389e30 .part L_0x1523872e0, 1, 1;
L_0x15238a0f0 .part L_0x152387270, 3, 1;
L_0x15238a270 .part L_0x152387270, 2, 1;
L_0x152388b30 .part L_0x152387270, 1, 1;
L_0x15238a190 .part L_0x1523872e0, 0, 1;
L_0x15238a910 .part L_0x152387270, 3, 1;
L_0x15238aab0 .part L_0x152387270, 2, 1;
L_0x15238ac40 .part L_0x152387270, 1, 1;
L_0x15238a9f0 .part L_0x152387270, 0, 1;
L_0x15238afe0 .part L_0x1523883b0, 0, 1;
S_0x15230eee0 .scope module, "n2" "cla16" 5 33, 5 4 0, S_0x1522fd170;
 .timescale -9 -11;
    .port_info 0 /INPUT 16 "d1";
    .port_info 1 /INPUT 16 "d2";
    .port_info 2 /INPUT 1 "cin";
    .port_info 3 /OUTPUT 16 "sum";
    .port_info 4 /OUTPUT 1 "cout";
P_0x15230f0b0 .param/l "DATA_WIDTH" 0 5 4, +C4<00000000000000000000000000100000>;
v0x15231c2a0_0 .net "c1", 0 0, L_0x15238f170;  1 drivers
v0x15231c370_0 .net "c2", 0 0, L_0x152393300;  1 drivers
v0x15231c440_0 .net "c3", 0 0, L_0x1523974e0;  1 drivers
v0x15231c510_0 .net "cin", 0 0, L_0x15238ace0;  alias, 1 drivers
v0x15231c5a0_0 .net8 "cout", 0 0, RS_0x158057270;  alias, 3 drivers
v0x15231c670_0 .net "d1", 15 0, L_0x15239bf80;  1 drivers
v0x15231c700_0 .net "d2", 15 0, L_0x15239c020;  1 drivers
v0x15231c790_0 .net "sum", 15 0, L_0x15239bdd0;  1 drivers
L_0x15238f740 .part L_0x15239bf80, 0, 4;
L_0x15238f7e0 .part L_0x15239c020, 0, 4;
L_0x1523938d0 .part L_0x15239bf80, 4, 4;
L_0x152393970 .part L_0x15239c020, 4, 4;
L_0x152397ab0 .part L_0x15239bf80, 8, 4;
L_0x152397b50 .part L_0x15239c020, 8, 4;
L_0x15239bc10 .part L_0x15239bf80, 12, 4;
L_0x15239bcb0 .part L_0x15239c020, 12, 4;
L_0x15239bdd0 .concat8 [ 4 4 4 4], L_0x15238f370, L_0x152393500, L_0x1523976e0, L_0x15239b840;
S_0x15230f1e0 .scope module, "n1" "cla_4" 5 14, 6 3 0, S_0x15230eee0;
 .timescale -9 -11;
    .port_info 0 /INPUT 4 "a";
    .port_info 1 /INPUT 4 "b";
    .port_info 2 /INPUT 1 "cin";
    .port_info 3 /OUTPUT 4 "sum";
    .port_info 4 /OUTPUT 1 "cout";
L_0x15238b760 .functor XOR 4, L_0x15238f740, L_0x15238f7e0, C4<0000>, C4<0000>;
L_0x15238b7d0 .functor AND 4, L_0x15238f740, L_0x15238f7e0, C4<1111>, C4<1111>;
L_0x15238b8c0 .functor BUFZ 1, L_0x15238ace0, C4<0>, C4<0>, C4<0>;
L_0x15238bbd0 .functor AND 1, L_0x15238ba10, L_0x15238baf0, C4<1>, C4<1>;
L_0x15238bd00 .functor OR 1, L_0x15238b930, L_0x15238bbd0, C4<0>, C4<0>;
L_0x15238c0b0 .functor AND 1, L_0x15238bec0, L_0x15238bf90, C4<1>, C4<1>;
L_0x15238c180 .functor OR 1, L_0x15238be20, L_0x15238c0b0, C4<0>, C4<0>;
L_0x15238c470 .functor AND 1, L_0x15238c2b0, L_0x15238c3d0, C4<1>, C4<1>;
L_0x15238c690 .functor AND 1, L_0x15238c470, L_0x15238c560, C4<1>, C4<1>;
L_0x15238c790 .functor OR 1, L_0x15238c180, L_0x15238c690, C4<0>, C4<0>;
L_0x15238cc80 .functor AND 1, L_0x15238cad0, L_0x15238cb70, C4<1>, C4<1>;
L_0x15238cd90 .functor OR 1, L_0x15238c9d0, L_0x15238cc80, C4<0>, C4<0>;
L_0x15238cc10 .functor AND 1, L_0x15238ce40, L_0x15238cee0, C4<1>, C4<1>;
L_0x15238d210 .functor AND 1, L_0x15238cc10, L_0x15238d170, C4<1>, C4<1>;
L_0x15238d2c0 .functor OR 1, L_0x15238cd90, L_0x15238d210, C4<0>, C4<0>;
L_0x15238d100 .functor AND 1, L_0x15238d430, L_0x15238d560, C4<1>, C4<1>;
L_0x15238d780 .functor AND 1, L_0x15238d100, L_0x15238d640, C4<1>, C4<1>;
L_0x15238d940 .functor AND 1, L_0x15238d780, L_0x15238d8a0, C4<1>, C4<1>;
L_0x15238da10 .functor OR 1, L_0x15238d2c0, L_0x15238d940, C4<0>, C4<0>;
L_0x15238c030 .functor AND 1, L_0x15238d6e0, L_0x15238dd80, C4<1>, C4<1>;
L_0x15238df20 .functor OR 1, L_0x15238dbe0, L_0x15238c030, C4<0>, C4<0>;
L_0x15238e230 .functor AND 1, L_0x15238db40, L_0x15238e0c0, C4<1>, C4<1>;
L_0x15238e360 .functor AND 1, L_0x15238e230, L_0x15238e2c0, C4<1>, C4<1>;
L_0x15238e510 .functor OR 1, L_0x15238df20, L_0x15238e360, C4<0>, C4<0>;
L_0x15238e160 .functor AND 1, L_0x15238e580, L_0x15238e700, C4<1>, C4<1>;
L_0x15238e450 .functor AND 1, L_0x15238e160, L_0x15238cfc0, C4<1>, C4<1>;
L_0x15238eb60 .functor AND 1, L_0x15238e450, L_0x15238e620, C4<1>, C4<1>;
L_0x15238ed30 .functor OR 1, L_0x15238e510, L_0x15238eb60, C4<0>, C4<0>;
L_0x15238ea20 .functor AND 1, L_0x15238eda0, L_0x15238ef40, C4<1>, C4<1>;
L_0x15238ec50 .functor AND 1, L_0x15238ea20, L_0x15238f0d0, C4<1>, C4<1>;
L_0x15238f280 .functor AND 1, L_0x15238ec50, L_0x15238ee80, C4<1>, C4<1>;
L_0x15238efe0 .functor AND 1, L_0x15238f280, L_0x15238f470, C4<1>, C4<1>;
L_0x15238f170 .functor OR 1, L_0x15238ed30, L_0x15238efe0, C4<0>, C4<0>;
L_0x15238f370 .functor XOR 4, L_0x15238b760, L_0x15238c840, C4<0000>, C4<0000>;
v0x15230f450_0 .net "G", 3 0, L_0x15238b7d0;  1 drivers
v0x15230f500_0 .net "P", 3 0, L_0x15238b760;  1 drivers
v0x15230f5b0_0 .net *"_ivl_102", 0 0, L_0x15238e2c0;  1 drivers
v0x15230f670_0 .net *"_ivl_103", 0 0, L_0x15238e360;  1 drivers
v0x15230f720_0 .net *"_ivl_105", 0 0, L_0x15238e510;  1 drivers
v0x15230f810_0 .net *"_ivl_108", 0 0, L_0x15238e580;  1 drivers
v0x15230f8c0_0 .net *"_ivl_11", 0 0, L_0x15238b930;  1 drivers
v0x15230f970_0 .net *"_ivl_110", 0 0, L_0x15238e700;  1 drivers
v0x15230fa20_0 .net *"_ivl_111", 0 0, L_0x15238e160;  1 drivers
v0x15230fb30_0 .net *"_ivl_114", 0 0, L_0x15238cfc0;  1 drivers
v0x15230fbe0_0 .net *"_ivl_115", 0 0, L_0x15238e450;  1 drivers
v0x15230fc90_0 .net *"_ivl_118", 0 0, L_0x15238e620;  1 drivers
v0x15230fd40_0 .net *"_ivl_119", 0 0, L_0x15238eb60;  1 drivers
v0x15230fdf0_0 .net *"_ivl_121", 0 0, L_0x15238ed30;  1 drivers
v0x15230fea0_0 .net *"_ivl_124", 0 0, L_0x15238eda0;  1 drivers
v0x15230ff50_0 .net *"_ivl_126", 0 0, L_0x15238ef40;  1 drivers
v0x152310000_0 .net *"_ivl_127", 0 0, L_0x15238ea20;  1 drivers
v0x152310190_0 .net *"_ivl_13", 0 0, L_0x15238ba10;  1 drivers
v0x152310220_0 .net *"_ivl_130", 0 0, L_0x15238f0d0;  1 drivers
v0x1523102d0_0 .net *"_ivl_131", 0 0, L_0x15238ec50;  1 drivers
v0x152310380_0 .net *"_ivl_134", 0 0, L_0x15238ee80;  1 drivers
v0x152310430_0 .net *"_ivl_135", 0 0, L_0x15238f280;  1 drivers
v0x1523104e0_0 .net *"_ivl_138", 0 0, L_0x15238f470;  1 drivers
v0x152310590_0 .net *"_ivl_139", 0 0, L_0x15238efe0;  1 drivers
v0x152310640_0 .net *"_ivl_15", 0 0, L_0x15238baf0;  1 drivers
v0x1523106f0_0 .net *"_ivl_16", 0 0, L_0x15238bbd0;  1 drivers
v0x1523107a0_0 .net *"_ivl_18", 0 0, L_0x15238bd00;  1 drivers
v0x152310850_0 .net *"_ivl_23", 0 0, L_0x15238be20;  1 drivers
v0x152310900_0 .net *"_ivl_25", 0 0, L_0x15238bec0;  1 drivers
v0x1523109b0_0 .net *"_ivl_27", 0 0, L_0x15238bf90;  1 drivers
v0x152310a60_0 .net *"_ivl_28", 0 0, L_0x15238c0b0;  1 drivers
v0x152310b10_0 .net *"_ivl_30", 0 0, L_0x15238c180;  1 drivers
v0x152310bc0_0 .net *"_ivl_33", 0 0, L_0x15238c2b0;  1 drivers
v0x1523100b0_0 .net *"_ivl_35", 0 0, L_0x15238c3d0;  1 drivers
v0x152310e50_0 .net *"_ivl_36", 0 0, L_0x15238c470;  1 drivers
v0x152310ee0_0 .net *"_ivl_39", 0 0, L_0x15238c560;  1 drivers
v0x152310f80_0 .net *"_ivl_40", 0 0, L_0x15238c690;  1 drivers
v0x152311030_0 .net *"_ivl_42", 0 0, L_0x15238c790;  1 drivers
v0x1523110e0_0 .net *"_ivl_48", 0 0, L_0x15238c9d0;  1 drivers
v0x152311190_0 .net *"_ivl_50", 0 0, L_0x15238cad0;  1 drivers
v0x152311240_0 .net *"_ivl_52", 0 0, L_0x15238cb70;  1 drivers
v0x1523112f0_0 .net *"_ivl_53", 0 0, L_0x15238cc80;  1 drivers
v0x1523113a0_0 .net *"_ivl_55", 0 0, L_0x15238cd90;  1 drivers
v0x152311450_0 .net *"_ivl_58", 0 0, L_0x15238ce40;  1 drivers
v0x152311500_0 .net *"_ivl_60", 0 0, L_0x15238cee0;  1 drivers
v0x1523115b0_0 .net *"_ivl_61", 0 0, L_0x15238cc10;  1 drivers
v0x152311660_0 .net *"_ivl_64", 0 0, L_0x15238d170;  1 drivers
v0x152311710_0 .net *"_ivl_65", 0 0, L_0x15238d210;  1 drivers
v0x1523117c0_0 .net *"_ivl_67", 0 0, L_0x15238d2c0;  1 drivers
v0x152311870_0 .net *"_ivl_7", 0 0, L_0x15238b8c0;  1 drivers
v0x152311920_0 .net *"_ivl_70", 0 0, L_0x15238d430;  1 drivers
v0x1523119d0_0 .net *"_ivl_72", 0 0, L_0x15238d560;  1 drivers
v0x152311a80_0 .net *"_ivl_73", 0 0, L_0x15238d100;  1 drivers
v0x152311b30_0 .net *"_ivl_76", 0 0, L_0x15238d640;  1 drivers
v0x152311be0_0 .net *"_ivl_77", 0 0, L_0x15238d780;  1 drivers
v0x152311c90_0 .net *"_ivl_80", 0 0, L_0x15238d8a0;  1 drivers
v0x152311d40_0 .net *"_ivl_81", 0 0, L_0x15238d940;  1 drivers
v0x152311df0_0 .net *"_ivl_83", 0 0, L_0x15238da10;  1 drivers
v0x152311ea0_0 .net *"_ivl_86", 0 0, L_0x15238dbe0;  1 drivers
v0x152311f50_0 .net *"_ivl_88", 0 0, L_0x15238d6e0;  1 drivers
v0x152312000_0 .net *"_ivl_90", 0 0, L_0x15238dd80;  1 drivers
v0x1523120b0_0 .net *"_ivl_91", 0 0, L_0x15238c030;  1 drivers
v0x152312160_0 .net *"_ivl_93", 0 0, L_0x15238df20;  1 drivers
v0x152312210_0 .net *"_ivl_96", 0 0, L_0x15238db40;  1 drivers
v0x1523122c0_0 .net *"_ivl_98", 0 0, L_0x15238e0c0;  1 drivers
v0x152310c70_0 .net *"_ivl_99", 0 0, L_0x15238e230;  1 drivers
v0x152310d20_0 .net "a", 3 0, L_0x15238f740;  1 drivers
v0x152312350_0 .net "b", 3 0, L_0x15238f7e0;  1 drivers
v0x1523123e0_0 .net "c", 3 0, L_0x15238c840;  1 drivers
v0x152312470_0 .net "cin", 0 0, L_0x15238ace0;  alias, 1 drivers
v0x152312500_0 .net "cout", 0 0, L_0x15238f170;  alias, 1 drivers
v0x152312590_0 .net "sum", 3 0, L_0x15238f370;  1 drivers
L_0x15238b930 .part L_0x15238b7d0, 0, 1;
L_0x15238ba10 .part L_0x15238b760, 0, 1;
L_0x15238baf0 .part L_0x15238c840, 0, 1;
L_0x15238be20 .part L_0x15238b7d0, 1, 1;
L_0x15238bec0 .part L_0x15238b760, 1, 1;
L_0x15238bf90 .part L_0x15238b7d0, 0, 1;
L_0x15238c2b0 .part L_0x15238b760, 1, 1;
L_0x15238c3d0 .part L_0x15238b760, 0, 1;
L_0x15238c560 .part L_0x15238c840, 0, 1;
L_0x15238c840 .concat8 [ 1 1 1 1], L_0x15238b8c0, L_0x15238bd00, L_0x15238c790, L_0x15238da10;
L_0x15238c9d0 .part L_0x15238b7d0, 2, 1;
L_0x15238cad0 .part L_0x15238b760, 2, 1;
L_0x15238cb70 .part L_0x15238b7d0, 1, 1;
L_0x15238ce40 .part L_0x15238b760, 2, 1;
L_0x15238cee0 .part L_0x15238b760, 1, 1;
L_0x15238d170 .part L_0x15238b7d0, 0, 1;
L_0x15238d430 .part L_0x15238b760, 2, 1;
L_0x15238d560 .part L_0x15238b760, 1, 1;
L_0x15238d640 .part L_0x15238b760, 0, 1;
L_0x15238d8a0 .part L_0x15238c840, 0, 1;
L_0x15238dbe0 .part L_0x15238b7d0, 3, 1;
L_0x15238d6e0 .part L_0x15238b760, 3, 1;
L_0x15238dd80 .part L_0x15238b7d0, 2, 1;
L_0x15238db40 .part L_0x15238b760, 3, 1;
L_0x15238e0c0 .part L_0x15238b760, 2, 1;
L_0x15238e2c0 .part L_0x15238b7d0, 1, 1;
L_0x15238e580 .part L_0x15238b760, 3, 1;
L_0x15238e700 .part L_0x15238b760, 2, 1;
L_0x15238cfc0 .part L_0x15238b760, 1, 1;
L_0x15238e620 .part L_0x15238b7d0, 0, 1;
L_0x15238eda0 .part L_0x15238b760, 3, 1;
L_0x15238ef40 .part L_0x15238b760, 2, 1;
L_0x15238f0d0 .part L_0x15238b760, 1, 1;
L_0x15238ee80 .part L_0x15238b760, 0, 1;
L_0x15238f470 .part L_0x15238c840, 0, 1;
S_0x152312650 .scope module, "n2" "cla_4" 5 15, 6 3 0, S_0x15230eee0;
 .timescale -9 -11;
    .port_info 0 /INPUT 4 "a";
    .port_info 1 /INPUT 4 "b";
    .port_info 2 /INPUT 1 "cin";
    .port_info 3 /OUTPUT 4 "sum";
    .port_info 4 /OUTPUT 1 "cout";
L_0x15238f3e0 .functor XOR 4, L_0x1523938d0, L_0x152393970, C4<0000>, C4<0000>;
L_0x15238f8e0 .functor AND 4, L_0x1523938d0, L_0x152393970, C4<1111>, C4<1111>;
L_0x15238fa10 .functor BUFZ 1, L_0x15238f170, C4<0>, C4<0>, C4<0>;
L_0x15238fd80 .functor AND 1, L_0x15238fbe0, L_0x15238fcc0, C4<1>, C4<1>;
L_0x15238fe90 .functor OR 1, L_0x15238fb00, L_0x15238fd80, C4<0>, C4<0>;
L_0x152390240 .functor AND 1, L_0x152390050, L_0x152390120, C4<1>, C4<1>;
L_0x152390310 .functor OR 1, L_0x15238ffb0, L_0x152390240, C4<0>, C4<0>;
L_0x152390600 .functor AND 1, L_0x152390440, L_0x152390560, C4<1>, C4<1>;
L_0x152390820 .functor AND 1, L_0x152390600, L_0x1523906f0, C4<1>, C4<1>;
L_0x152390920 .functor OR 1, L_0x152390310, L_0x152390820, C4<0>, C4<0>;
L_0x152390e10 .functor AND 1, L_0x152390c60, L_0x152390d00, C4<1>, C4<1>;
L_0x152390f20 .functor OR 1, L_0x152390b60, L_0x152390e10, C4<0>, C4<0>;
L_0x152390da0 .functor AND 1, L_0x152390fd0, L_0x152391070, C4<1>, C4<1>;
L_0x1523913a0 .functor AND 1, L_0x152390da0, L_0x152391300, C4<1>, C4<1>;
L_0x152391450 .functor OR 1, L_0x152390f20, L_0x1523913a0, C4<0>, C4<0>;
L_0x152391290 .functor AND 1, L_0x1523915c0, L_0x1523916f0, C4<1>, C4<1>;
L_0x152391910 .functor AND 1, L_0x152391290, L_0x1523917d0, C4<1>, C4<1>;
L_0x152391ad0 .functor AND 1, L_0x152391910, L_0x152391a30, C4<1>, C4<1>;
L_0x152391ba0 .functor OR 1, L_0x152391450, L_0x152391ad0, C4<0>, C4<0>;
L_0x1523901c0 .functor AND 1, L_0x152391870, L_0x152391f10, C4<1>, C4<1>;
L_0x1523920b0 .functor OR 1, L_0x152391d70, L_0x1523901c0, C4<0>, C4<0>;
L_0x1523923c0 .functor AND 1, L_0x152391cd0, L_0x152392250, C4<1>, C4<1>;
L_0x1523924f0 .functor AND 1, L_0x1523923c0, L_0x152392450, C4<1>, C4<1>;
L_0x1523926a0 .functor OR 1, L_0x1523920b0, L_0x1523924f0, C4<0>, C4<0>;
L_0x1523922f0 .functor AND 1, L_0x152392710, L_0x152392890, C4<1>, C4<1>;
L_0x1523925e0 .functor AND 1, L_0x1523922f0, L_0x152391150, C4<1>, C4<1>;
L_0x152392cf0 .functor AND 1, L_0x1523925e0, L_0x1523927b0, C4<1>, C4<1>;
L_0x152392ec0 .functor OR 1, L_0x1523926a0, L_0x152392cf0, C4<0>, C4<0>;
L_0x152392bb0 .functor AND 1, L_0x152392f30, L_0x1523930d0, C4<1>, C4<1>;
L_0x152392de0 .functor AND 1, L_0x152392bb0, L_0x152393260, C4<1>, C4<1>;
L_0x152393410 .functor AND 1, L_0x152392de0, L_0x152393010, C4<1>, C4<1>;
L_0x152393170 .functor AND 1, L_0x152393410, L_0x152393600, C4<1>, C4<1>;
L_0x152393300 .functor OR 1, L_0x152392ec0, L_0x152393170, C4<0>, C4<0>;
L_0x152393500 .functor XOR 4, L_0x15238f3e0, L_0x1523909d0, C4<0000>, C4<0000>;
v0x152312890_0 .net "G", 3 0, L_0x15238f8e0;  1 drivers
v0x152312930_0 .net "P", 3 0, L_0x15238f3e0;  1 drivers
v0x1523129e0_0 .net *"_ivl_102", 0 0, L_0x152392450;  1 drivers
v0x152312aa0_0 .net *"_ivl_103", 0 0, L_0x1523924f0;  1 drivers
v0x152312b50_0 .net *"_ivl_105", 0 0, L_0x1523926a0;  1 drivers
v0x152312c40_0 .net *"_ivl_108", 0 0, L_0x152392710;  1 drivers
v0x152312cf0_0 .net *"_ivl_11", 0 0, L_0x15238fb00;  1 drivers
v0x152312da0_0 .net *"_ivl_110", 0 0, L_0x152392890;  1 drivers
v0x152312e50_0 .net *"_ivl_111", 0 0, L_0x1523922f0;  1 drivers
v0x152312f60_0 .net *"_ivl_114", 0 0, L_0x152391150;  1 drivers
v0x152313010_0 .net *"_ivl_115", 0 0, L_0x1523925e0;  1 drivers
v0x1523130c0_0 .net *"_ivl_118", 0 0, L_0x1523927b0;  1 drivers
v0x152313170_0 .net *"_ivl_119", 0 0, L_0x152392cf0;  1 drivers
v0x152313220_0 .net *"_ivl_121", 0 0, L_0x152392ec0;  1 drivers
v0x1523132d0_0 .net *"_ivl_124", 0 0, L_0x152392f30;  1 drivers
v0x152313380_0 .net *"_ivl_126", 0 0, L_0x1523930d0;  1 drivers
v0x152313430_0 .net *"_ivl_127", 0 0, L_0x152392bb0;  1 drivers
v0x1523135c0_0 .net *"_ivl_13", 0 0, L_0x15238fbe0;  1 drivers
v0x152313650_0 .net *"_ivl_130", 0 0, L_0x152393260;  1 drivers
v0x152313700_0 .net *"_ivl_131", 0 0, L_0x152392de0;  1 drivers
v0x1523137b0_0 .net *"_ivl_134", 0 0, L_0x152393010;  1 drivers
v0x152313860_0 .net *"_ivl_135", 0 0, L_0x152393410;  1 drivers
v0x152313910_0 .net *"_ivl_138", 0 0, L_0x152393600;  1 drivers
v0x1523139c0_0 .net *"_ivl_139", 0 0, L_0x152393170;  1 drivers
v0x152313a70_0 .net *"_ivl_15", 0 0, L_0x15238fcc0;  1 drivers
v0x152313b20_0 .net *"_ivl_16", 0 0, L_0x15238fd80;  1 drivers
v0x152313bd0_0 .net *"_ivl_18", 0 0, L_0x15238fe90;  1 drivers
v0x152313c80_0 .net *"_ivl_23", 0 0, L_0x15238ffb0;  1 drivers
v0x152313d30_0 .net *"_ivl_25", 0 0, L_0x152390050;  1 drivers
v0x152313de0_0 .net *"_ivl_27", 0 0, L_0x152390120;  1 drivers
v0x152313e90_0 .net *"_ivl_28", 0 0, L_0x152390240;  1 drivers
v0x152313f40_0 .net *"_ivl_30", 0 0, L_0x152390310;  1 drivers
v0x152313ff0_0 .net *"_ivl_33", 0 0, L_0x152390440;  1 drivers
v0x1523134e0_0 .net *"_ivl_35", 0 0, L_0x152390560;  1 drivers
v0x152314280_0 .net *"_ivl_36", 0 0, L_0x152390600;  1 drivers
v0x152314310_0 .net *"_ivl_39", 0 0, L_0x1523906f0;  1 drivers
v0x1523143b0_0 .net *"_ivl_40", 0 0, L_0x152390820;  1 drivers
v0x152314460_0 .net *"_ivl_42", 0 0, L_0x152390920;  1 drivers
v0x152314510_0 .net *"_ivl_48", 0 0, L_0x152390b60;  1 drivers
v0x1523145c0_0 .net *"_ivl_50", 0 0, L_0x152390c60;  1 drivers
v0x152314670_0 .net *"_ivl_52", 0 0, L_0x152390d00;  1 drivers
v0x152314720_0 .net *"_ivl_53", 0 0, L_0x152390e10;  1 drivers
v0x1523147d0_0 .net *"_ivl_55", 0 0, L_0x152390f20;  1 drivers
v0x152314880_0 .net *"_ivl_58", 0 0, L_0x152390fd0;  1 drivers
v0x152314930_0 .net *"_ivl_60", 0 0, L_0x152391070;  1 drivers
v0x1523149e0_0 .net *"_ivl_61", 0 0, L_0x152390da0;  1 drivers
v0x152314a90_0 .net *"_ivl_64", 0 0, L_0x152391300;  1 drivers
v0x152314b40_0 .net *"_ivl_65", 0 0, L_0x1523913a0;  1 drivers
v0x152314bf0_0 .net *"_ivl_67", 0 0, L_0x152391450;  1 drivers
v0x152314ca0_0 .net *"_ivl_7", 0 0, L_0x15238fa10;  1 drivers
v0x152314d50_0 .net *"_ivl_70", 0 0, L_0x1523915c0;  1 drivers
v0x152314e00_0 .net *"_ivl_72", 0 0, L_0x1523916f0;  1 drivers
v0x152314eb0_0 .net *"_ivl_73", 0 0, L_0x152391290;  1 drivers
v0x152314f60_0 .net *"_ivl_76", 0 0, L_0x1523917d0;  1 drivers
v0x152315010_0 .net *"_ivl_77", 0 0, L_0x152391910;  1 drivers
v0x1523150c0_0 .net *"_ivl_80", 0 0, L_0x152391a30;  1 drivers
v0x152315170_0 .net *"_ivl_81", 0 0, L_0x152391ad0;  1 drivers
v0x152315220_0 .net *"_ivl_83", 0 0, L_0x152391ba0;  1 drivers
v0x1523152d0_0 .net *"_ivl_86", 0 0, L_0x152391d70;  1 drivers
v0x152315380_0 .net *"_ivl_88", 0 0, L_0x152391870;  1 drivers
v0x152315430_0 .net *"_ivl_90", 0 0, L_0x152391f10;  1 drivers
v0x1523154e0_0 .net *"_ivl_91", 0 0, L_0x1523901c0;  1 drivers
v0x152315590_0 .net *"_ivl_93", 0 0, L_0x1523920b0;  1 drivers
v0x152315640_0 .net *"_ivl_96", 0 0, L_0x152391cd0;  1 drivers
v0x1523156f0_0 .net *"_ivl_98", 0 0, L_0x152392250;  1 drivers
v0x1523140a0_0 .net *"_ivl_99", 0 0, L_0x1523923c0;  1 drivers
v0x152314150_0 .net "a", 3 0, L_0x1523938d0;  1 drivers
v0x152315780_0 .net "b", 3 0, L_0x152393970;  1 drivers
v0x152315810_0 .net "c", 3 0, L_0x1523909d0;  1 drivers
v0x1523158a0_0 .net "cin", 0 0, L_0x15238f170;  alias, 1 drivers
v0x152315930_0 .net "cout", 0 0, L_0x152393300;  alias, 1 drivers
v0x1523159c0_0 .net "sum", 3 0, L_0x152393500;  1 drivers
L_0x15238fb00 .part L_0x15238f8e0, 0, 1;
L_0x15238fbe0 .part L_0x15238f3e0, 0, 1;
L_0x15238fcc0 .part L_0x1523909d0, 0, 1;
L_0x15238ffb0 .part L_0x15238f8e0, 1, 1;
L_0x152390050 .part L_0x15238f3e0, 1, 1;
L_0x152390120 .part L_0x15238f8e0, 0, 1;
L_0x152390440 .part L_0x15238f3e0, 1, 1;
L_0x152390560 .part L_0x15238f3e0, 0, 1;
L_0x1523906f0 .part L_0x1523909d0, 0, 1;
L_0x1523909d0 .concat8 [ 1 1 1 1], L_0x15238fa10, L_0x15238fe90, L_0x152390920, L_0x152391ba0;
L_0x152390b60 .part L_0x15238f8e0, 2, 1;
L_0x152390c60 .part L_0x15238f3e0, 2, 1;
L_0x152390d00 .part L_0x15238f8e0, 1, 1;
L_0x152390fd0 .part L_0x15238f3e0, 2, 1;
L_0x152391070 .part L_0x15238f3e0, 1, 1;
L_0x152391300 .part L_0x15238f8e0, 0, 1;
L_0x1523915c0 .part L_0x15238f3e0, 2, 1;
L_0x1523916f0 .part L_0x15238f3e0, 1, 1;
L_0x1523917d0 .part L_0x15238f3e0, 0, 1;
L_0x152391a30 .part L_0x1523909d0, 0, 1;
L_0x152391d70 .part L_0x15238f8e0, 3, 1;
L_0x152391870 .part L_0x15238f3e0, 3, 1;
L_0x152391f10 .part L_0x15238f8e0, 2, 1;
L_0x152391cd0 .part L_0x15238f3e0, 3, 1;
L_0x152392250 .part L_0x15238f3e0, 2, 1;
L_0x152392450 .part L_0x15238f8e0, 1, 1;
L_0x152392710 .part L_0x15238f3e0, 3, 1;
L_0x152392890 .part L_0x15238f3e0, 2, 1;
L_0x152391150 .part L_0x15238f3e0, 1, 1;
L_0x1523927b0 .part L_0x15238f8e0, 0, 1;
L_0x152392f30 .part L_0x15238f3e0, 3, 1;
L_0x1523930d0 .part L_0x15238f3e0, 2, 1;
L_0x152393260 .part L_0x15238f3e0, 1, 1;
L_0x152393010 .part L_0x15238f3e0, 0, 1;
L_0x152393600 .part L_0x1523909d0, 0, 1;
S_0x152315a50 .scope module, "n3" "cla_4" 5 16, 6 3 0, S_0x15230eee0;
 .timescale -9 -11;
    .port_info 0 /INPUT 4 "a";
    .port_info 1 /INPUT 4 "b";
    .port_info 2 /INPUT 1 "cin";
    .port_info 3 /OUTPUT 4 "sum";
    .port_info 4 /OUTPUT 1 "cout";
L_0x152393a10 .functor XOR 4, L_0x152397ab0, L_0x152397b50, C4<0000>, C4<0000>;
L_0x152393aa0 .functor AND 4, L_0x152397ab0, L_0x152397b50, C4<1111>, C4<1111>;
L_0x152393bd0 .functor BUFZ 1, L_0x152393300, C4<0>, C4<0>, C4<0>;
L_0x152393f40 .functor AND 1, L_0x152393da0, L_0x152393e80, C4<1>, C4<1>;
L_0x152394070 .functor OR 1, L_0x152393cc0, L_0x152393f40, C4<0>, C4<0>;
L_0x152394420 .functor AND 1, L_0x152394230, L_0x152394300, C4<1>, C4<1>;
L_0x1523944f0 .functor OR 1, L_0x152394190, L_0x152394420, C4<0>, C4<0>;
L_0x1523947e0 .functor AND 1, L_0x152394620, L_0x152394740, C4<1>, C4<1>;
L_0x152394a00 .functor AND 1, L_0x1523947e0, L_0x1523948d0, C4<1>, C4<1>;
L_0x152394b00 .functor OR 1, L_0x1523944f0, L_0x152394a00, C4<0>, C4<0>;
L_0x152394ff0 .functor AND 1, L_0x152394e40, L_0x152394ee0, C4<1>, C4<1>;
L_0x152395100 .functor OR 1, L_0x152394d40, L_0x152394ff0, C4<0>, C4<0>;
L_0x152394f80 .functor AND 1, L_0x1523951b0, L_0x152395250, C4<1>, C4<1>;
L_0x152395580 .functor AND 1, L_0x152394f80, L_0x1523954e0, C4<1>, C4<1>;
L_0x152395630 .functor OR 1, L_0x152395100, L_0x152395580, C4<0>, C4<0>;
L_0x152395470 .functor AND 1, L_0x1523957a0, L_0x1523958d0, C4<1>, C4<1>;
L_0x152395af0 .functor AND 1, L_0x152395470, L_0x1523959b0, C4<1>, C4<1>;
L_0x152395cb0 .functor AND 1, L_0x152395af0, L_0x152395c10, C4<1>, C4<1>;
L_0x152395d80 .functor OR 1, L_0x152395630, L_0x152395cb0, C4<0>, C4<0>;
L_0x1523943a0 .functor AND 1, L_0x152395a50, L_0x1523960f0, C4<1>, C4<1>;
L_0x152396290 .functor OR 1, L_0x152395f50, L_0x1523943a0, C4<0>, C4<0>;
L_0x1523965a0 .functor AND 1, L_0x152395eb0, L_0x152396430, C4<1>, C4<1>;
L_0x1523966d0 .functor AND 1, L_0x1523965a0, L_0x152396630, C4<1>, C4<1>;
L_0x152396880 .functor OR 1, L_0x152396290, L_0x1523966d0, C4<0>, C4<0>;
L_0x1523964d0 .functor AND 1, L_0x1523968f0, L_0x152396a70, C4<1>, C4<1>;
L_0x1523967c0 .functor AND 1, L_0x1523964d0, L_0x152395330, C4<1>, C4<1>;
L_0x152396ed0 .functor AND 1, L_0x1523967c0, L_0x152396990, C4<1>, C4<1>;
L_0x1523970a0 .functor OR 1, L_0x152396880, L_0x152396ed0, C4<0>, C4<0>;
L_0x152396d90 .functor AND 1, L_0x152397110, L_0x1523972b0, C4<1>, C4<1>;
L_0x152396fc0 .functor AND 1, L_0x152396d90, L_0x152397440, C4<1>, C4<1>;
L_0x1523975f0 .functor AND 1, L_0x152396fc0, L_0x1523971f0, C4<1>, C4<1>;
L_0x152397350 .functor AND 1, L_0x1523975f0, L_0x1523977e0, C4<1>, C4<1>;
L_0x1523974e0 .functor OR 1, L_0x1523970a0, L_0x152397350, C4<0>, C4<0>;
L_0x1523976e0 .functor XOR 4, L_0x152393a10, L_0x152394bb0, C4<0000>, C4<0000>;
v0x152315cb0_0 .net "G", 3 0, L_0x152393aa0;  1 drivers
v0x152315d60_0 .net "P", 3 0, L_0x152393a10;  1 drivers
v0x152315e10_0 .net *"_ivl_102", 0 0, L_0x152396630;  1 drivers
v0x152315ed0_0 .net *"_ivl_103", 0 0, L_0x1523966d0;  1 drivers
v0x152315f80_0 .net *"_ivl_105", 0 0, L_0x152396880;  1 drivers
v0x152316070_0 .net *"_ivl_108", 0 0, L_0x1523968f0;  1 drivers
v0x152316120_0 .net *"_ivl_11", 0 0, L_0x152393cc0;  1 drivers
v0x1523161d0_0 .net *"_ivl_110", 0 0, L_0x152396a70;  1 drivers
v0x152316280_0 .net *"_ivl_111", 0 0, L_0x1523964d0;  1 drivers
v0x152316390_0 .net *"_ivl_114", 0 0, L_0x152395330;  1 drivers
v0x152316440_0 .net *"_ivl_115", 0 0, L_0x1523967c0;  1 drivers
v0x1523164f0_0 .net *"_ivl_118", 0 0, L_0x152396990;  1 drivers
v0x1523165a0_0 .net *"_ivl_119", 0 0, L_0x152396ed0;  1 drivers
v0x152316650_0 .net *"_ivl_121", 0 0, L_0x1523970a0;  1 drivers
v0x152316700_0 .net *"_ivl_124", 0 0, L_0x152397110;  1 drivers
v0x1523167b0_0 .net *"_ivl_126", 0 0, L_0x1523972b0;  1 drivers
v0x152316860_0 .net *"_ivl_127", 0 0, L_0x152396d90;  1 drivers
v0x1523169f0_0 .net *"_ivl_13", 0 0, L_0x152393da0;  1 drivers
v0x152316a80_0 .net *"_ivl_130", 0 0, L_0x152397440;  1 drivers
v0x152316b30_0 .net *"_ivl_131", 0 0, L_0x152396fc0;  1 drivers
v0x152316be0_0 .net *"_ivl_134", 0 0, L_0x1523971f0;  1 drivers
v0x152316c90_0 .net *"_ivl_135", 0 0, L_0x1523975f0;  1 drivers
v0x152316d40_0 .net *"_ivl_138", 0 0, L_0x1523977e0;  1 drivers
v0x152316df0_0 .net *"_ivl_139", 0 0, L_0x152397350;  1 drivers
v0x152316ea0_0 .net *"_ivl_15", 0 0, L_0x152393e80;  1 drivers
v0x152316f50_0 .net *"_ivl_16", 0 0, L_0x152393f40;  1 drivers
v0x152317000_0 .net *"_ivl_18", 0 0, L_0x152394070;  1 drivers
v0x1523170b0_0 .net *"_ivl_23", 0 0, L_0x152394190;  1 drivers
v0x152317160_0 .net *"_ivl_25", 0 0, L_0x152394230;  1 drivers
v0x152317210_0 .net *"_ivl_27", 0 0, L_0x152394300;  1 drivers
v0x1523172c0_0 .net *"_ivl_28", 0 0, L_0x152394420;  1 drivers
v0x152317370_0 .net *"_ivl_30", 0 0, L_0x1523944f0;  1 drivers
v0x152317420_0 .net *"_ivl_33", 0 0, L_0x152394620;  1 drivers
v0x152316910_0 .net *"_ivl_35", 0 0, L_0x152394740;  1 drivers
v0x1523176b0_0 .net *"_ivl_36", 0 0, L_0x1523947e0;  1 drivers
v0x152317740_0 .net *"_ivl_39", 0 0, L_0x1523948d0;  1 drivers
v0x1523177e0_0 .net *"_ivl_40", 0 0, L_0x152394a00;  1 drivers
v0x152317890_0 .net *"_ivl_42", 0 0, L_0x152394b00;  1 drivers
v0x152317940_0 .net *"_ivl_48", 0 0, L_0x152394d40;  1 drivers
v0x1523179f0_0 .net *"_ivl_50", 0 0, L_0x152394e40;  1 drivers
v0x152317aa0_0 .net *"_ivl_52", 0 0, L_0x152394ee0;  1 drivers
v0x152317b50_0 .net *"_ivl_53", 0 0, L_0x152394ff0;  1 drivers
v0x152317c00_0 .net *"_ivl_55", 0 0, L_0x152395100;  1 drivers
v0x152317cb0_0 .net *"_ivl_58", 0 0, L_0x1523951b0;  1 drivers
v0x152317d60_0 .net *"_ivl_60", 0 0, L_0x152395250;  1 drivers
v0x152317e10_0 .net *"_ivl_61", 0 0, L_0x152394f80;  1 drivers
v0x152317ec0_0 .net *"_ivl_64", 0 0, L_0x1523954e0;  1 drivers
v0x152317f70_0 .net *"_ivl_65", 0 0, L_0x152395580;  1 drivers
v0x152318020_0 .net *"_ivl_67", 0 0, L_0x152395630;  1 drivers
v0x1523180d0_0 .net *"_ivl_7", 0 0, L_0x152393bd0;  1 drivers
v0x152318180_0 .net *"_ivl_70", 0 0, L_0x1523957a0;  1 drivers
v0x152318230_0 .net *"_ivl_72", 0 0, L_0x1523958d0;  1 drivers
v0x1523182e0_0 .net *"_ivl_73", 0 0, L_0x152395470;  1 drivers
v0x152318390_0 .net *"_ivl_76", 0 0, L_0x1523959b0;  1 drivers
v0x152318440_0 .net *"_ivl_77", 0 0, L_0x152395af0;  1 drivers
v0x1523184f0_0 .net *"_ivl_80", 0 0, L_0x152395c10;  1 drivers
v0x1523185a0_0 .net *"_ivl_81", 0 0, L_0x152395cb0;  1 drivers
v0x152318650_0 .net *"_ivl_83", 0 0, L_0x152395d80;  1 drivers
v0x152318700_0 .net *"_ivl_86", 0 0, L_0x152395f50;  1 drivers
v0x1523187b0_0 .net *"_ivl_88", 0 0, L_0x152395a50;  1 drivers
v0x152318860_0 .net *"_ivl_90", 0 0, L_0x1523960f0;  1 drivers
v0x152318910_0 .net *"_ivl_91", 0 0, L_0x1523943a0;  1 drivers
v0x1523189c0_0 .net *"_ivl_93", 0 0, L_0x152396290;  1 drivers
v0x152318a70_0 .net *"_ivl_96", 0 0, L_0x152395eb0;  1 drivers
v0x152318b20_0 .net *"_ivl_98", 0 0, L_0x152396430;  1 drivers
v0x1523174d0_0 .net *"_ivl_99", 0 0, L_0x1523965a0;  1 drivers
v0x152317580_0 .net "a", 3 0, L_0x152397ab0;  1 drivers
v0x152318bb0_0 .net "b", 3 0, L_0x152397b50;  1 drivers
v0x152318c40_0 .net "c", 3 0, L_0x152394bb0;  1 drivers
v0x152318cd0_0 .net "cin", 0 0, L_0x152393300;  alias, 1 drivers
v0x152318d60_0 .net "cout", 0 0, L_0x1523974e0;  alias, 1 drivers
v0x152318df0_0 .net "sum", 3 0, L_0x1523976e0;  1 drivers
L_0x152393cc0 .part L_0x152393aa0, 0, 1;
L_0x152393da0 .part L_0x152393a10, 0, 1;
L_0x152393e80 .part L_0x152394bb0, 0, 1;
L_0x152394190 .part L_0x152393aa0, 1, 1;
L_0x152394230 .part L_0x152393a10, 1, 1;
L_0x152394300 .part L_0x152393aa0, 0, 1;
L_0x152394620 .part L_0x152393a10, 1, 1;
L_0x152394740 .part L_0x152393a10, 0, 1;
L_0x1523948d0 .part L_0x152394bb0, 0, 1;
L_0x152394bb0 .concat8 [ 1 1 1 1], L_0x152393bd0, L_0x152394070, L_0x152394b00, L_0x152395d80;
L_0x152394d40 .part L_0x152393aa0, 2, 1;
L_0x152394e40 .part L_0x152393a10, 2, 1;
L_0x152394ee0 .part L_0x152393aa0, 1, 1;
L_0x1523951b0 .part L_0x152393a10, 2, 1;
L_0x152395250 .part L_0x152393a10, 1, 1;
L_0x1523954e0 .part L_0x152393aa0, 0, 1;
L_0x1523957a0 .part L_0x152393a10, 2, 1;
L_0x1523958d0 .part L_0x152393a10, 1, 1;
L_0x1523959b0 .part L_0x152393a10, 0, 1;
L_0x152395c10 .part L_0x152394bb0, 0, 1;
L_0x152395f50 .part L_0x152393aa0, 3, 1;
L_0x152395a50 .part L_0x152393a10, 3, 1;
L_0x1523960f0 .part L_0x152393aa0, 2, 1;
L_0x152395eb0 .part L_0x152393a10, 3, 1;
L_0x152396430 .part L_0x152393a10, 2, 1;
L_0x152396630 .part L_0x152393aa0, 1, 1;
L_0x1523968f0 .part L_0x152393a10, 3, 1;
L_0x152396a70 .part L_0x152393a10, 2, 1;
L_0x152395330 .part L_0x152393a10, 1, 1;
L_0x152396990 .part L_0x152393aa0, 0, 1;
L_0x152397110 .part L_0x152393a10, 3, 1;
L_0x1523972b0 .part L_0x152393a10, 2, 1;
L_0x152397440 .part L_0x152393a10, 1, 1;
L_0x1523971f0 .part L_0x152393a10, 0, 1;
L_0x1523977e0 .part L_0x152394bb0, 0, 1;
S_0x152318e80 .scope module, "n4" "cla_4" 5 17, 6 3 0, S_0x15230eee0;
 .timescale -9 -11;
    .port_info 0 /INPUT 4 "a";
    .port_info 1 /INPUT 4 "b";
    .port_info 2 /INPUT 1 "cin";
    .port_info 3 /OUTPUT 4 "sum";
    .port_info 4 /OUTPUT 1 "cout";
L_0x152397bf0 .functor XOR 4, L_0x15239bc10, L_0x15239bcb0, C4<0000>, C4<0000>;
L_0x152397c60 .functor AND 4, L_0x15239bc10, L_0x15239bcb0, C4<1111>, C4<1111>;
L_0x152397d50 .functor BUFZ 1, L_0x1523974e0, C4<0>, C4<0>, C4<0>;
L_0x1523980c0 .functor AND 1, L_0x152397f20, L_0x152398000, C4<1>, C4<1>;
L_0x1523981d0 .functor OR 1, L_0x152397e40, L_0x1523980c0, C4<0>, C4<0>;
L_0x152398580 .functor AND 1, L_0x152398390, L_0x152398460, C4<1>, C4<1>;
L_0x152398650 .functor OR 1, L_0x1523982f0, L_0x152398580, C4<0>, C4<0>;
L_0x152398940 .functor AND 1, L_0x152398780, L_0x1523988a0, C4<1>, C4<1>;
L_0x152398b60 .functor AND 1, L_0x152398940, L_0x152398a30, C4<1>, C4<1>;
L_0x152398c60 .functor OR 1, L_0x152398650, L_0x152398b60, C4<0>, C4<0>;
L_0x152399150 .functor AND 1, L_0x152398fa0, L_0x152399040, C4<1>, C4<1>;
L_0x152399260 .functor OR 1, L_0x152398ea0, L_0x152399150, C4<0>, C4<0>;
L_0x1523990e0 .functor AND 1, L_0x152399310, L_0x1523993b0, C4<1>, C4<1>;
L_0x1523996e0 .functor AND 1, L_0x1523990e0, L_0x152399640, C4<1>, C4<1>;
L_0x152399790 .functor OR 1, L_0x152399260, L_0x1523996e0, C4<0>, C4<0>;
L_0x1523995d0 .functor AND 1, L_0x152399900, L_0x152399a30, C4<1>, C4<1>;
L_0x152399c50 .functor AND 1, L_0x1523995d0, L_0x152399b10, C4<1>, C4<1>;
L_0x152399e10 .functor AND 1, L_0x152399c50, L_0x152399d70, C4<1>, C4<1>;
L_0x152399ee0 .functor OR 1, L_0x152399790, L_0x152399e10, C4<0>, C4<0>;
L_0x152398500 .functor AND 1, L_0x152399bb0, L_0x15239a250, C4<1>, C4<1>;
L_0x15239a3f0 .functor OR 1, L_0x15239a0b0, L_0x152398500, C4<0>, C4<0>;
L_0x15239a700 .functor AND 1, L_0x15239a010, L_0x15239a590, C4<1>, C4<1>;
L_0x15239a830 .functor AND 1, L_0x15239a700, L_0x15239a790, C4<1>, C4<1>;
L_0x15239a9e0 .functor OR 1, L_0x15239a3f0, L_0x15239a830, C4<0>, C4<0>;
L_0x15239a630 .functor AND 1, L_0x15239aa50, L_0x15239abd0, C4<1>, C4<1>;
L_0x15239a920 .functor AND 1, L_0x15239a630, L_0x152399490, C4<1>, C4<1>;
L_0x15239b030 .functor AND 1, L_0x15239a920, L_0x15239aaf0, C4<1>, C4<1>;
L_0x15239b200 .functor OR 1, L_0x15239a9e0, L_0x15239b030, C4<0>, C4<0>;
L_0x15239aef0 .functor AND 1, L_0x15239b270, L_0x15239b410, C4<1>, C4<1>;
L_0x15239b120 .functor AND 1, L_0x15239aef0, L_0x15239b5a0, C4<1>, C4<1>;
L_0x15239b750 .functor AND 1, L_0x15239b120, L_0x15239b350, C4<1>, C4<1>;
L_0x15239b4b0 .functor AND 1, L_0x15239b750, L_0x15239b940, C4<1>, C4<1>;
L_0x15239b640 .functor OR 1, L_0x15239b200, L_0x15239b4b0, C4<0>, C4<0>;
L_0x15239b840 .functor XOR 4, L_0x152397bf0, L_0x152398d10, C4<0000>, C4<0000>;
v0x1523190c0_0 .net "G", 3 0, L_0x152397c60;  1 drivers
v0x152319180_0 .net "P", 3 0, L_0x152397bf0;  1 drivers
v0x152319230_0 .net *"_ivl_102", 0 0, L_0x15239a790;  1 drivers
v0x1523192f0_0 .net *"_ivl_103", 0 0, L_0x15239a830;  1 drivers
v0x1523193a0_0 .net *"_ivl_105", 0 0, L_0x15239a9e0;  1 drivers
v0x152319490_0 .net *"_ivl_108", 0 0, L_0x15239aa50;  1 drivers
v0x152319540_0 .net *"_ivl_11", 0 0, L_0x152397e40;  1 drivers
v0x1523195f0_0 .net *"_ivl_110", 0 0, L_0x15239abd0;  1 drivers
v0x1523196a0_0 .net *"_ivl_111", 0 0, L_0x15239a630;  1 drivers
v0x1523197b0_0 .net *"_ivl_114", 0 0, L_0x152399490;  1 drivers
v0x152319860_0 .net *"_ivl_115", 0 0, L_0x15239a920;  1 drivers
v0x152319910_0 .net *"_ivl_118", 0 0, L_0x15239aaf0;  1 drivers
v0x1523199c0_0 .net *"_ivl_119", 0 0, L_0x15239b030;  1 drivers
v0x152319a70_0 .net *"_ivl_121", 0 0, L_0x15239b200;  1 drivers
v0x152319b20_0 .net *"_ivl_124", 0 0, L_0x15239b270;  1 drivers
v0x152319bd0_0 .net *"_ivl_126", 0 0, L_0x15239b410;  1 drivers
v0x152319c80_0 .net *"_ivl_127", 0 0, L_0x15239aef0;  1 drivers
v0x152319e10_0 .net *"_ivl_13", 0 0, L_0x152397f20;  1 drivers
v0x152319ea0_0 .net *"_ivl_130", 0 0, L_0x15239b5a0;  1 drivers
v0x152319f50_0 .net *"_ivl_131", 0 0, L_0x15239b120;  1 drivers
v0x15231a000_0 .net *"_ivl_134", 0 0, L_0x15239b350;  1 drivers
v0x15231a0b0_0 .net *"_ivl_135", 0 0, L_0x15239b750;  1 drivers
v0x15231a160_0 .net *"_ivl_138", 0 0, L_0x15239b940;  1 drivers
v0x15231a210_0 .net *"_ivl_139", 0 0, L_0x15239b4b0;  1 drivers
v0x15231a2c0_0 .net *"_ivl_15", 0 0, L_0x152398000;  1 drivers
v0x15231a370_0 .net *"_ivl_16", 0 0, L_0x1523980c0;  1 drivers
v0x15231a420_0 .net *"_ivl_18", 0 0, L_0x1523981d0;  1 drivers
v0x15231a4d0_0 .net *"_ivl_23", 0 0, L_0x1523982f0;  1 drivers
v0x15231a580_0 .net *"_ivl_25", 0 0, L_0x152398390;  1 drivers
v0x15231a630_0 .net *"_ivl_27", 0 0, L_0x152398460;  1 drivers
v0x15231a6e0_0 .net *"_ivl_28", 0 0, L_0x152398580;  1 drivers
v0x15231a790_0 .net *"_ivl_30", 0 0, L_0x152398650;  1 drivers
v0x15231a840_0 .net *"_ivl_33", 0 0, L_0x152398780;  1 drivers
v0x152319d30_0 .net *"_ivl_35", 0 0, L_0x1523988a0;  1 drivers
v0x15231aad0_0 .net *"_ivl_36", 0 0, L_0x152398940;  1 drivers
v0x15231ab60_0 .net *"_ivl_39", 0 0, L_0x152398a30;  1 drivers
v0x15231ac00_0 .net *"_ivl_40", 0 0, L_0x152398b60;  1 drivers
v0x15231acb0_0 .net *"_ivl_42", 0 0, L_0x152398c60;  1 drivers
v0x15231ad60_0 .net *"_ivl_48", 0 0, L_0x152398ea0;  1 drivers
v0x15231ae10_0 .net *"_ivl_50", 0 0, L_0x152398fa0;  1 drivers
v0x15231aec0_0 .net *"_ivl_52", 0 0, L_0x152399040;  1 drivers
v0x15231af70_0 .net *"_ivl_53", 0 0, L_0x152399150;  1 drivers
v0x15231b020_0 .net *"_ivl_55", 0 0, L_0x152399260;  1 drivers
v0x15231b0d0_0 .net *"_ivl_58", 0 0, L_0x152399310;  1 drivers
v0x15231b180_0 .net *"_ivl_60", 0 0, L_0x1523993b0;  1 drivers
v0x15231b230_0 .net *"_ivl_61", 0 0, L_0x1523990e0;  1 drivers
v0x15231b2e0_0 .net *"_ivl_64", 0 0, L_0x152399640;  1 drivers
v0x15231b390_0 .net *"_ivl_65", 0 0, L_0x1523996e0;  1 drivers
v0x15231b440_0 .net *"_ivl_67", 0 0, L_0x152399790;  1 drivers
v0x15231b4f0_0 .net *"_ivl_7", 0 0, L_0x152397d50;  1 drivers
v0x15231b5a0_0 .net *"_ivl_70", 0 0, L_0x152399900;  1 drivers
v0x15231b650_0 .net *"_ivl_72", 0 0, L_0x152399a30;  1 drivers
v0x15231b700_0 .net *"_ivl_73", 0 0, L_0x1523995d0;  1 drivers
v0x15231b7b0_0 .net *"_ivl_76", 0 0, L_0x152399b10;  1 drivers
v0x15231b860_0 .net *"_ivl_77", 0 0, L_0x152399c50;  1 drivers
v0x15231b910_0 .net *"_ivl_80", 0 0, L_0x152399d70;  1 drivers
v0x15231b9c0_0 .net *"_ivl_81", 0 0, L_0x152399e10;  1 drivers
v0x15231ba70_0 .net *"_ivl_83", 0 0, L_0x152399ee0;  1 drivers
v0x15231bb20_0 .net *"_ivl_86", 0 0, L_0x15239a0b0;  1 drivers
v0x15231bbd0_0 .net *"_ivl_88", 0 0, L_0x152399bb0;  1 drivers
v0x15231bc80_0 .net *"_ivl_90", 0 0, L_0x15239a250;  1 drivers
v0x15231bd30_0 .net *"_ivl_91", 0 0, L_0x152398500;  1 drivers
v0x15231bde0_0 .net *"_ivl_93", 0 0, L_0x15239a3f0;  1 drivers
v0x15231be90_0 .net *"_ivl_96", 0 0, L_0x15239a010;  1 drivers
v0x15231bf40_0 .net *"_ivl_98", 0 0, L_0x15239a590;  1 drivers
v0x15231a8f0_0 .net *"_ivl_99", 0 0, L_0x15239a700;  1 drivers
v0x15231a9a0_0 .net "a", 3 0, L_0x15239bc10;  1 drivers
v0x15231bfd0_0 .net "b", 3 0, L_0x15239bcb0;  1 drivers
v0x15231c060_0 .net "c", 3 0, L_0x152398d10;  1 drivers
v0x15231c0f0_0 .net "cin", 0 0, L_0x1523974e0;  alias, 1 drivers
v0x15231c180_0 .net8 "cout", 0 0, RS_0x158057270;  alias, 3 drivers
v0x15231c210_0 .net "sum", 3 0, L_0x15239b840;  1 drivers
L_0x152397e40 .part L_0x152397c60, 0, 1;
L_0x152397f20 .part L_0x152397bf0, 0, 1;
L_0x152398000 .part L_0x152398d10, 0, 1;
L_0x1523982f0 .part L_0x152397c60, 1, 1;
L_0x152398390 .part L_0x152397bf0, 1, 1;
L_0x152398460 .part L_0x152397c60, 0, 1;
L_0x152398780 .part L_0x152397bf0, 1, 1;
L_0x1523988a0 .part L_0x152397bf0, 0, 1;
L_0x152398a30 .part L_0x152398d10, 0, 1;
L_0x152398d10 .concat8 [ 1 1 1 1], L_0x152397d50, L_0x1523981d0, L_0x152398c60, L_0x152399ee0;
L_0x152398ea0 .part L_0x152397c60, 2, 1;
L_0x152398fa0 .part L_0x152397bf0, 2, 1;
L_0x152399040 .part L_0x152397c60, 1, 1;
L_0x152399310 .part L_0x152397bf0, 2, 1;
L_0x1523993b0 .part L_0x152397bf0, 1, 1;
L_0x152399640 .part L_0x152397c60, 0, 1;
L_0x152399900 .part L_0x152397bf0, 2, 1;
L_0x152399a30 .part L_0x152397bf0, 1, 1;
L_0x152399b10 .part L_0x152397bf0, 0, 1;
L_0x152399d70 .part L_0x152398d10, 0, 1;
L_0x15239a0b0 .part L_0x152397c60, 3, 1;
L_0x152399bb0 .part L_0x152397bf0, 3, 1;
L_0x15239a250 .part L_0x152397c60, 2, 1;
L_0x15239a010 .part L_0x152397bf0, 3, 1;
L_0x15239a590 .part L_0x152397bf0, 2, 1;
L_0x15239a790 .part L_0x152397c60, 1, 1;
L_0x15239aa50 .part L_0x152397bf0, 3, 1;
L_0x15239abd0 .part L_0x152397bf0, 2, 1;
L_0x152399490 .part L_0x152397bf0, 1, 1;
L_0x15239aaf0 .part L_0x152397c60, 0, 1;
L_0x15239b270 .part L_0x152397bf0, 3, 1;
L_0x15239b410 .part L_0x152397bf0, 2, 1;
L_0x15239b5a0 .part L_0x152397bf0, 1, 1;
L_0x15239b350 .part L_0x152397bf0, 0, 1;
L_0x15239b940 .part L_0x152398d10, 0, 1;
S_0x15231e1f0 .scope module, "bus" "Bus" 3 275, 19 1 0, S_0x1507fd720;
 .timescale -9 -11;
    .port_info 0 /INPUT 32 "R0";
    .port_info 1 /INPUT 32 "R1";
    .port_info 2 /INPUT 32 "R2";
    .port_info 3 /INPUT 32 "R3";
    .port_info 4 /INPUT 32 "R4";
    .port_info 5 /INPUT 32 "R5";
    .port_info 6 /INPUT 32 "R6";
    .port_info 7 /INPUT 32 "R7";
    .port_info 8 /INPUT 32 "R8";
    .port_info 9 /INPUT 32 "R9";
    .port_info 10 /INPUT 32 "R10";
    .port_info 11 /INPUT 32 "R11";
    .port_info 12 /INPUT 32 "R12";
    .port_info 13 /INPUT 32 "R13";
    .port_info 14 /INPUT 32 "R14";
    .port_info 15 /INPUT 32 "R15";
    .port_info 16 /INPUT 32 "MDR";
    .port_info 17 /INPUT 32 "HI";
    .port_info 18 /INPUT 32 "LO";
    .port_info 19 /INPUT 32 "Z_high";
    .port_info 20 /INPUT 32 "Z_low";
    .port_info 21 /INPUT 32 "PC";
    .port_info 22 /INPUT 32 "In_Port";
    .port_info 23 /INPUT 32 "C_sign_extended";
    .port_info 24 /INPUT 1 "R0out";
    .port_info 25 /INPUT 1 "R1out";
    .port_info 26 /INPUT 1 "R2out";
    .port_info 27 /INPUT 1 "R3out";
    .port_info 28 /INPUT 1 "R4out";
    .port_info 29 /INPUT 1 "R5out";
    .port_info 30 /INPUT 1 "R6out";
    .port_info 31 /INPUT 1 "R7out";
    .port_info 32 /INPUT 1 "R8out";
    .port_info 33 /INPUT 1 "R9out";
    .port_info 34 /INPUT 1 "R10out";
    .port_info 35 /INPUT 1 "R11out";
    .port_info 36 /INPUT 1 "R12out";
    .port_info 37 /INPUT 1 "R13out";
    .port_info 38 /INPUT 1 "R14out";
    .port_info 39 /INPUT 1 "R15out";
    .port_info 40 /INPUT 1 "MDRout";
    .port_info 41 /INPUT 1 "HIout";
    .port_info 42 /INPUT 1 "LOout";
    .port_info 43 /INPUT 1 "Z_high_out";
    .port_info 44 /INPUT 1 "Z_low_out";
    .port_info 45 /INPUT 1 "PC_out";
    .port_info 46 /INPUT 1 "In_Port_out";
    .port_info 47 /INPUT 1 "C_sign_extended_out";
    .port_info 48 /OUTPUT 32 "bus_out";
P_0x15231e3c0 .param/l "DATA_WIDTH" 0 19 1, +C4<00000000000000000000000000100000>;
v0x15231e810_0 .net "C_sign_extended", 31 0, v0x15232fcc0_0;  alias, 1 drivers
v0x15231e8d0_0 .net "C_sign_extended_out", 0 0, v0x152334e60_0;  alias, 1 drivers
v0x15231e970_0 .net "HI", 31 0, L_0x1523382a0;  alias, 1 drivers
v0x15231ea00_0 .net "HIout", 0 0, v0x1523351f0_0;  alias, 1 drivers
v0x15231ea90_0 .net "In_Port", 31 0, L_0x152338380;  alias, 1 drivers
v0x15231eb40_0 .net "In_Port_out", 0 0, v0x1523353d0_0;  alias, 1 drivers
v0x15231ebe0_0 .net "LO", 31 0, L_0x152338310;  alias, 1 drivers
v0x15231ec90_0 .net "LOout", 0 0, v0x152335530_0;  alias, 1 drivers
v0x15231ed30_0 .net "MDR", 31 0, v0x152323c50_0;  alias, 1 drivers
v0x15231ee40_0 .net "MDRout", 0 0, v0x1523357a0_0;  alias, 1 drivers
v0x15231eee0_0 .net "PC", 31 0, L_0x152337e60;  alias, 1 drivers
v0x15231ef90_0 .net "PC_out", 0 0, v0x152335c30_0;  alias, 1 drivers
v0x15231f030_0 .net "R0", 31 0, L_0x152336810;  alias, 1 drivers
v0x15231f0e0_0 .net "R0out", 0 0, L_0x15239d790;  1 drivers
v0x15231f180_0 .net "R1", 31 0, L_0x152336a10;  alias, 1 drivers
v0x15231f230_0 .net "R10", 31 0, L_0x152337520;  alias, 1 drivers
v0x15231f2e0_0 .net "R10out", 0 0, L_0x15239de00;  1 drivers
v0x15231f470_0 .net "R11", 31 0, L_0x1523376b0;  alias, 1 drivers
v0x15231f500_0 .net "R11out", 0 0, L_0x15239e1e0;  1 drivers
v0x15231f590_0 .net "R12", 31 0, L_0x1523377e0;  alias, 1 drivers
v0x15231f640_0 .net "R12out", 0 0, L_0x15239df70;  1 drivers
v0x15231f6e0_0 .net "R13", 31 0, L_0x152337980;  alias, 1 drivers
v0x15231f790_0 .net "R13out", 0 0, L_0x15239e380;  1 drivers
v0x15231f830_0 .net "R14", 31 0, L_0x152337ab0;  alias, 1 drivers
v0x15231f8e0_0 .net "R14out", 0 0, L_0x15239e0f0;  1 drivers
v0x15231f980_0 .net "R15", 31 0, L_0x152337910;  alias, 1 drivers
v0x15231fa30_0 .net "R15out", 0 0, L_0x15239e280;  1 drivers
v0x15231fad0_0 .net "R1out", 0 0, L_0x15239d910;  1 drivers
v0x15231fb70_0 .net "R2", 31 0, L_0x152336b20;  alias, 1 drivers
v0x15231fc20_0 .net "R2out", 0 0, L_0x15239d9b0;  1 drivers
v0x15231fcc0_0 .net "R3", 31 0, L_0x152336cb0;  alias, 1 drivers
v0x15231fd70_0 .net "R3out", 0 0, L_0x15239d870;  1 drivers
v0x15231fe10_0 .net "R4", 31 0, L_0x152336dc0;  alias, 1 drivers
v0x15231f390_0 .net "R4out", 0 0, L_0x15239db00;  1 drivers
v0x1523200a0_0 .net "R5", 31 0, L_0x152336ed0;  alias, 1 drivers
v0x152320130_0 .net "R5out", 0 0, L_0x15239dc60;  1 drivers
v0x1523201c0_0 .net "R6", 31 0, L_0x152336fe0;  alias, 1 drivers
v0x152320260_0 .net "R6out", 0 0, L_0x15239da50;  1 drivers
v0x152320300_0 .net "R7", 31 0, L_0x1523371f0;  alias, 1 drivers
v0x1523203b0_0 .net "R7out", 0 0, L_0x15239ded0;  1 drivers
v0x152320450_0 .net "R8", 31 0, L_0x152336c30;  alias, 1 drivers
v0x152320500_0 .net "R8out", 0 0, L_0x15239dba0;  1 drivers
v0x1523205a0_0 .net "R9", 31 0, L_0x1523373f0;  alias, 1 drivers
v0x152320650_0 .net "R9out", 0 0, L_0x15239e050;  1 drivers
v0x1523206f0_0 .net "Z_high", 31 0, L_0x152338190;  alias, 1 drivers
v0x1523207a0_0 .net "Z_high_out", 0 0, v0x1523362c0_0;  alias, 1 drivers
v0x152320840_0 .net "Z_low", 31 0, L_0x152337f70;  alias, 1 drivers
v0x1523208f0_0 .net "Z_low_out", 0 0, v0x152336420_0;  alias, 1 drivers
v0x152320990_0 .net "bus_out", 31 0, v0x152320a30_0;  alias, 1 drivers
v0x152320a30_0 .var "q", 31 0;
E_0x15231e650/0 .event anyedge, v0x15231f0e0_0, v0x15231f030_0, v0x15231fad0_0, v0x15231f180_0;
E_0x15231e650/1 .event anyedge, v0x15231fc20_0, v0x15231fb70_0, v0x15231fd70_0, v0x15231fcc0_0;
E_0x15231e650/2 .event anyedge, v0x15231f390_0, v0x15231fe10_0, v0x152320130_0, v0x1523200a0_0;
E_0x15231e650/3 .event anyedge, v0x152320260_0, v0x1523201c0_0, v0x1523203b0_0, v0x152320300_0;
E_0x15231e650/4 .event anyedge, v0x152320500_0, v0x152320450_0, v0x152320650_0, v0x1523205a0_0;
E_0x15231e650/5 .event anyedge, v0x15231f2e0_0, v0x15231f230_0, v0x15231f500_0, v0x15231f470_0;
E_0x15231e650/6 .event anyedge, v0x15231f640_0, v0x15231f590_0, v0x15231f790_0, v0x15231f6e0_0;
E_0x15231e650/7 .event anyedge, v0x15231f8e0_0, v0x15231f830_0, v0x15231fa30_0, v0x15231f980_0;
E_0x15231e650/8 .event anyedge, v0x15231ee40_0, v0x15231ed30_0, v0x15231ea00_0, v0x15231e970_0;
E_0x15231e650/9 .event anyedge, v0x15231ec90_0, v0x15231ebe0_0, v0x1523207a0_0, v0x1523206f0_0;
E_0x15231e650/10 .event anyedge, v0x1523208f0_0, v0x152320840_0, v0x15231ef90_0, v0x15231eee0_0;
E_0x15231e650/11 .event anyedge, v0x15231eb40_0, v0x15231ea90_0, v0x15231e8d0_0, v0x15231e810_0;
E_0x15231e650 .event/or E_0x15231e650/0, E_0x15231e650/1, E_0x15231e650/2, E_0x15231e650/3, E_0x15231e650/4, E_0x15231e650/5, E_0x15231e650/6, E_0x15231e650/7, E_0x15231e650/8, E_0x15231e650/9, E_0x15231e650/10, E_0x15231e650/11;
S_0x15231e4c0 .scope module, "hi_register" "register" 3 205, 20 1 0, S_0x1507fd720;
 .timescale -9 -11;
    .port_info 0 /INPUT 1 "clear";
    .port_info 1 /INPUT 1 "clock";
    .port_info 2 /INPUT 1 "enable";
    .port_info 3 /INPUT 32 "data_in";
    .port_info 4 /OUTPUT 32 "data_out";
P_0x15231edc0 .param/l "DATA_WIDTH" 0 20 1, +C4<00000000000000000000000000100000>;
P_0x15231ee00 .param/l "INIT" 0 20 1, C4<00000000000000000000000000000000>;
L_0x1523382a0 .functor BUFZ 32, v0x152321620_0, C4<00000000000000000000000000000000>, C4<00000000000000000000000000000000>, C4<00000000000000000000000000000000>;
v0x152321190_0 .net "clear", 0 0, v0x152334d40_0;  alias, 1 drivers
v0x152321240_0 .net "clock", 0 0, v0x152334dd0_0;  alias, 1 drivers
v0x1523212e0_0 .net "data_in", 31 0, v0x152320a30_0;  alias, 1 drivers
v0x1522fb400_0 .net "data_out", 31 0, L_0x1523382a0;  alias, 1 drivers
v0x152321590_0 .net "enable", 0 0, v0x152335120_0;  alias, 1 drivers
v0x152321620_0 .var "q", 31 0;
E_0x152321140 .event posedge, v0x152321240_0;
S_0x152321750 .scope module, "in_port_register" "register" 3 223, 20 1 0, S_0x1507fd720;
 .timescale -9 -11;
    .port_info 0 /INPUT 1 "clear";
    .port_info 1 /INPUT 1 "clock";
    .port_info 2 /INPUT 1 "enable";
    .port_info 3 /INPUT 32 "data_in";
    .port_info 4 /OUTPUT 32 "data_out";
P_0x152321910 .param/l "DATA_WIDTH" 0 20 1, +C4<00000000000000000000000000100000>;
P_0x152321950 .param/l "INIT" 0 20 1, C4<00000000000000000000000000000000>;
L_0x152338380 .functor BUFZ 32, v0x152321e50_0, C4<00000000000000000000000000000000>, C4<00000000000000000000000000000000>, C4<00000000000000000000000000000000>;
v0x152321ac0_0 .net "clear", 0 0, v0x152334d40_0;  alias, 1 drivers
v0x152321b70_0 .net "clock", 0 0, v0x152334dd0_0;  alias, 1 drivers
v0x152321c20_0 .net "data_in", 31 0, v0x152335870_0;  alias, 1 drivers
v0x152321cd0_0 .net "data_out", 31 0, L_0x152338380;  alias, 1 drivers
v0x152321d80_0 .net "enable", 0 0, v0x152336230_0;  alias, 1 drivers
v0x152321e50_0 .var "q", 31 0;
S_0x152321f80 .scope module, "ir_register" "register" 3 179, 20 1 0, S_0x1507fd720;
 .timescale -9 -11;
    .port_info 0 /INPUT 1 "clear";
    .port_info 1 /INPUT 1 "clock";
    .port_info 2 /INPUT 1 "enable";
    .port_info 3 /INPUT 32 "data_in";
    .port_info 4 /OUTPUT 32 "data_out";
P_0x152322180 .param/l "DATA_WIDTH" 0 20 1, +C4<00000000000000000000000000100000>;
P_0x1523221c0 .param/l "INIT" 0 20 1, C4<00000000000000000000000000000000>;
L_0x152337f00 .functor BUFZ 32, v0x1523226b0_0, C4<00000000000000000000000000000000>, C4<00000000000000000000000000000000>, C4<00000000000000000000000000000000>;
v0x152322300_0 .net "clear", 0 0, v0x152334d40_0;  alias, 1 drivers
v0x1523223e0_0 .net "clock", 0 0, v0x152334dd0_0;  alias, 1 drivers
v0x1523224c0_0 .net "data_in", 31 0, v0x152320a30_0;  alias, 1 drivers
v0x152322550_0 .net "data_out", 31 0, L_0x152337f00;  alias, 1 drivers
v0x1523225e0_0 .net "enable", 0 0, v0x152335300_0;  alias, 1 drivers
v0x1523226b0_0 .var "q", 31 0;
S_0x1523227e0 .scope module, "lo_register" "register" 3 214, 20 1 0, S_0x1507fd720;
 .timescale -9 -11;
    .port_info 0 /INPUT 1 "clear";
    .port_info 1 /INPUT 1 "clock";
    .port_info 2 /INPUT 1 "enable";
    .port_info 3 /INPUT 32 "data_in";
    .port_info 4 /OUTPUT 32 "data_out";
P_0x1523229a0 .param/l "DATA_WIDTH" 0 20 1, +C4<00000000000000000000000000100000>;
P_0x1523229e0 .param/l "INIT" 0 20 1, C4<00000000000000000000000000000000>;
L_0x152338310 .functor BUFZ 32, v0x152322eb0_0, C4<00000000000000000000000000000000>, C4<00000000000000000000000000000000>, C4<00000000000000000000000000000000>;
v0x152322b50_0 .net "clear", 0 0, v0x152334d40_0;  alias, 1 drivers
v0x152322be0_0 .net "clock", 0 0, v0x152334dd0_0;  alias, 1 drivers
v0x152322c80_0 .net "data_in", 31 0, v0x152320a30_0;  alias, 1 drivers
v0x152322d30_0 .net "data_out", 31 0, L_0x152338310;  alias, 1 drivers
v0x152322de0_0 .net "enable", 0 0, v0x1523354a0_0;  alias, 1 drivers
v0x152322eb0_0 .var "q", 31 0;
S_0x152322fe0 .scope module, "mar" "MAR" 3 258, 21 1 0, S_0x1507fd720;
 .timescale -9 -11;
    .port_info 0 /INPUT 1 "clear";
    .port_info 1 /INPUT 1 "clock";
    .port_info 2 /INPUT 1 "enable";
    .port_info 3 /INPUT 32 "data_in";
    .port_info 4 /OUTPUT 9 "data_out";
P_0x1523231a0 .param/l "DATA_WIDTH" 0 21 1, +C4<00000000000000000000000000100000>;
P_0x1523231e0 .param/l "INIT" 0 21 1, C4<00000000000000000000000000000000>;
v0x152323350_0 .net "clear", 0 0, v0x152334d40_0;  alias, 1 drivers
v0x152323460_0 .net "clock", 0 0, v0x152334dd0_0;  alias, 1 drivers
v0x152323580_0 .net "data_in", 31 0, v0x152320a30_0;  alias, 1 drivers
v0x152323610_0 .net "data_out", 8 0, L_0x15239d680;  alias, 1 drivers
v0x1523236a0_0 .net "enable", 0 0, v0x152335600_0;  alias, 1 drivers
v0x152323730_0 .var "q", 31 0;
L_0x15239d680 .part v0x152323730_0, 0, 9;
S_0x152323860 .scope module, "mdr" "MDR" 3 248, 22 1 0, S_0x1507fd720;
 .timescale -9 -11;
    .port_info 0 /INPUT 32 "BusMuxOut";
    .port_info 1 /INPUT 32 "Mdatain";
    .port_info 2 /INPUT 1 "Clock";
    .port_info 3 /INPUT 1 "Clear";
    .port_info 4 /INPUT 1 "MDRin";
    .port_info 5 /INPUT 1 "Read";
    .port_info 6 /OUTPUT 32 "BusMuxIn_MDR";
P_0x152323a20 .param/l "DATA_WIDTH" 0 22 1, +C4<00000000000000000000000000100000>;
v0x152323c50_0 .var "BusMuxIn_MDR", 31 0;
v0x152323d20_0 .net "BusMuxOut", 31 0, v0x152320a30_0;  alias, 1 drivers
v0x152323db0_0 .net "Clear", 0 0, v0x152334d40_0;  alias, 1 drivers
v0x152323e40_0 .net "Clock", 0 0, v0x152334dd0_0;  alias, 1 drivers
v0x152323ed0_0 .var "MDMuxout", 31 0;
v0x152323f60_0 .net "MDRin", 0 0, v0x1523356d0_0;  alias, 1 drivers
v0x152323ff0_0 .net "Mdatain", 31 0, v0x152325120_0;  alias, 1 drivers
v0x1523240a0_0 .net "Read", 0 0, v0x152335f30_0;  alias, 1 drivers
E_0x152323c10 .event anyedge, v0x1523240a0_0, v0x1522df8d0_0, v0x152323ff0_0;
S_0x1523241f0 .scope module, "pc_register" "PC" 3 169, 23 1 0, S_0x1507fd720;
 .timescale -9 -11;
    .port_info 0 /INPUT 1 "clear";
    .port_info 1 /INPUT 1 "clock";
    .port_info 2 /INPUT 1 "enable";
    .port_info 3 /INPUT 1 "PC_tb_enable";
    .port_info 4 /INPUT 32 "data_in";
    .port_info 5 /INPUT 32 "PC_tb_value";
    .port_info 6 /OUTPUT 32 "data_out";
P_0x152324430 .param/l "DATA_WIDTH" 0 23 1, +C4<00000000000000000000000000100000>;
P_0x152324470 .param/l "INIT" 0 23 1, C4<00000000000000000000000000000000>;
v0x152324640_0 .net "PC_tb_enable", 0 0, v0x152335ad0_0;  alias, 1 drivers
v0x1523246f0_0 .net "PC_tb_value", 31 0, v0x152335a40_0;  alias, 1 drivers
v0x152324790_0 .net "clear", 0 0, v0x152334d40_0;  alias, 1 drivers
v0x152324820_0 .net "clock", 0 0, v0x152334dd0_0;  alias, 1 drivers
v0x1523248b0_0 .net "data_in", 31 0, v0x152320a30_0;  alias, 1 drivers
v0x152324940_0 .net "data_out", 31 0, L_0x152337e60;  alias, 1 drivers
v0x1523249d0_0 .net "enable", 0 0, v0x152335b60_0;  alias, 1 drivers
v0x152324a60_0 .var "q", 31 0;
L_0x152337e60 .functor MUXZ 32, v0x152324a60_0, v0x152335a40_0, v0x152335ad0_0, C4<>;
S_0x152324bc0 .scope module, "ram" "RAM" 3 266, 24 1 0, S_0x1507fd720;
 .timescale -9 -11;
    .port_info 0 /INPUT 1 "read";
    .port_info 1 /INPUT 1 "write";
    .port_info 2 /INPUT 32 "data_in";
    .port_info 3 /OUTPUT 32 "data_out";
    .port_info 4 /INPUT 9 "address";
P_0x152324d80 .param/l "DATA_WIDTH" 0 24 1, +C4<00000000000000000000000000100000>;
P_0x152324dc0 .param/l "size" 1 24 9, +C4<00000000000000000000001000000000>;
v0x152324f80_0 .net "address", 8 0, L_0x15239d680;  alias, 1 drivers
v0x152325050_0 .net "data_in", 31 0, v0x152323c50_0;  alias, 1 drivers
v0x152325120_0 .var "data_out", 31 0;
v0x1523251d0 .array "memory", 511 0, 31 0;
v0x152327260_0 .net "read", 0 0, v0x152335d90_0;  alias, 1 drivers
v0x152327340_0 .net "write", 0 0, v0x152335e60_0;  alias, 1 drivers
v0x1523251d0_0 .array/port v0x1523251d0, 0;
E_0x152324f30/0 .event anyedge, v0x152327340_0, v0x15231ed30_0, v0x152323610_0, v0x1523251d0_0;
v0x1523251d0_1 .array/port v0x1523251d0, 1;
v0x1523251d0_2 .array/port v0x1523251d0, 2;
v0x1523251d0_3 .array/port v0x1523251d0, 3;
v0x1523251d0_4 .array/port v0x1523251d0, 4;
E_0x152324f30/1 .event anyedge, v0x1523251d0_1, v0x1523251d0_2, v0x1523251d0_3, v0x1523251d0_4;
v0x1523251d0_5 .array/port v0x1523251d0, 5;
v0x1523251d0_6 .array/port v0x1523251d0, 6;
v0x1523251d0_7 .array/port v0x1523251d0, 7;
v0x1523251d0_8 .array/port v0x1523251d0, 8;
E_0x152324f30/2 .event anyedge, v0x1523251d0_5, v0x1523251d0_6, v0x1523251d0_7, v0x1523251d0_8;
v0x1523251d0_9 .array/port v0x1523251d0, 9;
v0x1523251d0_10 .array/port v0x1523251d0, 10;
v0x1523251d0_11 .array/port v0x1523251d0, 11;
v0x1523251d0_12 .array/port v0x1523251d0, 12;
E_0x152324f30/3 .event anyedge, v0x1523251d0_9, v0x1523251d0_10, v0x1523251d0_11, v0x1523251d0_12;
v0x1523251d0_13 .array/port v0x1523251d0, 13;
v0x1523251d0_14 .array/port v0x1523251d0, 14;
v0x1523251d0_15 .array/port v0x1523251d0, 15;
v0x1523251d0_16 .array/port v0x1523251d0, 16;
E_0x152324f30/4 .event anyedge, v0x1523251d0_13, v0x1523251d0_14, v0x1523251d0_15, v0x1523251d0_16;
v0x1523251d0_17 .array/port v0x1523251d0, 17;
v0x1523251d0_18 .array/port v0x1523251d0, 18;
v0x1523251d0_19 .array/port v0x1523251d0, 19;
v0x1523251d0_20 .array/port v0x1523251d0, 20;
E_0x152324f30/5 .event anyedge, v0x1523251d0_17, v0x1523251d0_18, v0x1523251d0_19, v0x1523251d0_20;
v0x1523251d0_21 .array/port v0x1523251d0, 21;
v0x1523251d0_22 .array/port v0x1523251d0, 22;
v0x1523251d0_23 .array/port v0x1523251d0, 23;
v0x1523251d0_24 .array/port v0x1523251d0, 24;
E_0x152324f30/6 .event anyedge, v0x1523251d0_21, v0x1523251d0_22, v0x1523251d0_23, v0x1523251d0_24;
v0x1523251d0_25 .array/port v0x1523251d0, 25;
v0x1523251d0_26 .array/port v0x1523251d0, 26;
v0x1523251d0_27 .array/port v0x1523251d0, 27;
v0x1523251d0_28 .array/port v0x1523251d0, 28;
E_0x152324f30/7 .event anyedge, v0x1523251d0_25, v0x1523251d0_26, v0x1523251d0_27, v0x1523251d0_28;
v0x1523251d0_29 .array/port v0x1523251d0, 29;
v0x1523251d0_30 .array/port v0x1523251d0, 30;
v0x1523251d0_31 .array/port v0x1523251d0, 31;
v0x1523251d0_32 .array/port v0x1523251d0, 32;
E_0x152324f30/8 .event anyedge, v0x1523251d0_29, v0x1523251d0_30, v0x1523251d0_31, v0x1523251d0_32;
v0x1523251d0_33 .array/port v0x1523251d0, 33;
v0x1523251d0_34 .array/port v0x1523251d0, 34;
v0x1523251d0_35 .array/port v0x1523251d0, 35;
v0x1523251d0_36 .array/port v0x1523251d0, 36;
E_0x152324f30/9 .event anyedge, v0x1523251d0_33, v0x1523251d0_34, v0x1523251d0_35, v0x1523251d0_36;
v0x1523251d0_37 .array/port v0x1523251d0, 37;
v0x1523251d0_38 .array/port v0x1523251d0, 38;
v0x1523251d0_39 .array/port v0x1523251d0, 39;
v0x1523251d0_40 .array/port v0x1523251d0, 40;
E_0x152324f30/10 .event anyedge, v0x1523251d0_37, v0x1523251d0_38, v0x1523251d0_39, v0x1523251d0_40;
v0x1523251d0_41 .array/port v0x1523251d0, 41;
v0x1523251d0_42 .array/port v0x1523251d0, 42;
v0x1523251d0_43 .array/port v0x1523251d0, 43;
v0x1523251d0_44 .array/port v0x1523251d0, 44;
E_0x152324f30/11 .event anyedge, v0x1523251d0_41, v0x1523251d0_42, v0x1523251d0_43, v0x1523251d0_44;
v0x1523251d0_45 .array/port v0x1523251d0, 45;
v0x1523251d0_46 .array/port v0x1523251d0, 46;
v0x1523251d0_47 .array/port v0x1523251d0, 47;
v0x1523251d0_48 .array/port v0x1523251d0, 48;
E_0x152324f30/12 .event anyedge, v0x1523251d0_45, v0x1523251d0_46, v0x1523251d0_47, v0x1523251d0_48;
v0x1523251d0_49 .array/port v0x1523251d0, 49;
v0x1523251d0_50 .array/port v0x1523251d0, 50;
v0x1523251d0_51 .array/port v0x1523251d0, 51;
v0x1523251d0_52 .array/port v0x1523251d0, 52;
E_0x152324f30/13 .event anyedge, v0x1523251d0_49, v0x1523251d0_50, v0x1523251d0_51, v0x1523251d0_52;
v0x1523251d0_53 .array/port v0x1523251d0, 53;
v0x1523251d0_54 .array/port v0x1523251d0, 54;
v0x1523251d0_55 .array/port v0x1523251d0, 55;
v0x1523251d0_56 .array/port v0x1523251d0, 56;
E_0x152324f30/14 .event anyedge, v0x1523251d0_53, v0x1523251d0_54, v0x1523251d0_55, v0x1523251d0_56;
v0x1523251d0_57 .array/port v0x1523251d0, 57;
v0x1523251d0_58 .array/port v0x1523251d0, 58;
v0x1523251d0_59 .array/port v0x1523251d0, 59;
v0x1523251d0_60 .array/port v0x1523251d0, 60;
E_0x152324f30/15 .event anyedge, v0x1523251d0_57, v0x1523251d0_58, v0x1523251d0_59, v0x1523251d0_60;
v0x1523251d0_61 .array/port v0x1523251d0, 61;
v0x1523251d0_62 .array/port v0x1523251d0, 62;
v0x1523251d0_63 .array/port v0x1523251d0, 63;
v0x1523251d0_64 .array/port v0x1523251d0, 64;
E_0x152324f30/16 .event anyedge, v0x1523251d0_61, v0x1523251d0_62, v0x1523251d0_63, v0x1523251d0_64;
v0x1523251d0_65 .array/port v0x1523251d0, 65;
v0x1523251d0_66 .array/port v0x1523251d0, 66;
v0x1523251d0_67 .array/port v0x1523251d0, 67;
v0x1523251d0_68 .array/port v0x1523251d0, 68;
E_0x152324f30/17 .event anyedge, v0x1523251d0_65, v0x1523251d0_66, v0x1523251d0_67, v0x1523251d0_68;
v0x1523251d0_69 .array/port v0x1523251d0, 69;
v0x1523251d0_70 .array/port v0x1523251d0, 70;
v0x1523251d0_71 .array/port v0x1523251d0, 71;
v0x1523251d0_72 .array/port v0x1523251d0, 72;
E_0x152324f30/18 .event anyedge, v0x1523251d0_69, v0x1523251d0_70, v0x1523251d0_71, v0x1523251d0_72;
v0x1523251d0_73 .array/port v0x1523251d0, 73;
v0x1523251d0_74 .array/port v0x1523251d0, 74;
v0x1523251d0_75 .array/port v0x1523251d0, 75;
v0x1523251d0_76 .array/port v0x1523251d0, 76;
E_0x152324f30/19 .event anyedge, v0x1523251d0_73, v0x1523251d0_74, v0x1523251d0_75, v0x1523251d0_76;
v0x1523251d0_77 .array/port v0x1523251d0, 77;
v0x1523251d0_78 .array/port v0x1523251d0, 78;
v0x1523251d0_79 .array/port v0x1523251d0, 79;
v0x1523251d0_80 .array/port v0x1523251d0, 80;
E_0x152324f30/20 .event anyedge, v0x1523251d0_77, v0x1523251d0_78, v0x1523251d0_79, v0x1523251d0_80;
v0x1523251d0_81 .array/port v0x1523251d0, 81;
v0x1523251d0_82 .array/port v0x1523251d0, 82;
v0x1523251d0_83 .array/port v0x1523251d0, 83;
v0x1523251d0_84 .array/port v0x1523251d0, 84;
E_0x152324f30/21 .event anyedge, v0x1523251d0_81, v0x1523251d0_82, v0x1523251d0_83, v0x1523251d0_84;
v0x1523251d0_85 .array/port v0x1523251d0, 85;
v0x1523251d0_86 .array/port v0x1523251d0, 86;
v0x1523251d0_87 .array/port v0x1523251d0, 87;
v0x1523251d0_88 .array/port v0x1523251d0, 88;
E_0x152324f30/22 .event anyedge, v0x1523251d0_85, v0x1523251d0_86, v0x1523251d0_87, v0x1523251d0_88;
v0x1523251d0_89 .array/port v0x1523251d0, 89;
v0x1523251d0_90 .array/port v0x1523251d0, 90;
v0x1523251d0_91 .array/port v0x1523251d0, 91;
v0x1523251d0_92 .array/port v0x1523251d0, 92;
E_0x152324f30/23 .event anyedge, v0x1523251d0_89, v0x1523251d0_90, v0x1523251d0_91, v0x1523251d0_92;
v0x1523251d0_93 .array/port v0x1523251d0, 93;
v0x1523251d0_94 .array/port v0x1523251d0, 94;
v0x1523251d0_95 .array/port v0x1523251d0, 95;
v0x1523251d0_96 .array/port v0x1523251d0, 96;
E_0x152324f30/24 .event anyedge, v0x1523251d0_93, v0x1523251d0_94, v0x1523251d0_95, v0x1523251d0_96;
v0x1523251d0_97 .array/port v0x1523251d0, 97;
v0x1523251d0_98 .array/port v0x1523251d0, 98;
v0x1523251d0_99 .array/port v0x1523251d0, 99;
v0x1523251d0_100 .array/port v0x1523251d0, 100;
E_0x152324f30/25 .event anyedge, v0x1523251d0_97, v0x1523251d0_98, v0x1523251d0_99, v0x1523251d0_100;
v0x1523251d0_101 .array/port v0x1523251d0, 101;
v0x1523251d0_102 .array/port v0x1523251d0, 102;
v0x1523251d0_103 .array/port v0x1523251d0, 103;
v0x1523251d0_104 .array/port v0x1523251d0, 104;
E_0x152324f30/26 .event anyedge, v0x1523251d0_101, v0x1523251d0_102, v0x1523251d0_103, v0x1523251d0_104;
v0x1523251d0_105 .array/port v0x1523251d0, 105;
v0x1523251d0_106 .array/port v0x1523251d0, 106;
v0x1523251d0_107 .array/port v0x1523251d0, 107;
v0x1523251d0_108 .array/port v0x1523251d0, 108;
E_0x152324f30/27 .event anyedge, v0x1523251d0_105, v0x1523251d0_106, v0x1523251d0_107, v0x1523251d0_108;
v0x1523251d0_109 .array/port v0x1523251d0, 109;
v0x1523251d0_110 .array/port v0x1523251d0, 110;
v0x1523251d0_111 .array/port v0x1523251d0, 111;
v0x1523251d0_112 .array/port v0x1523251d0, 112;
E_0x152324f30/28 .event anyedge, v0x1523251d0_109, v0x1523251d0_110, v0x1523251d0_111, v0x1523251d0_112;
v0x1523251d0_113 .array/port v0x1523251d0, 113;
v0x1523251d0_114 .array/port v0x1523251d0, 114;
v0x1523251d0_115 .array/port v0x1523251d0, 115;
v0x1523251d0_116 .array/port v0x1523251d0, 116;
E_0x152324f30/29 .event anyedge, v0x1523251d0_113, v0x1523251d0_114, v0x1523251d0_115, v0x1523251d0_116;
v0x1523251d0_117 .array/port v0x1523251d0, 117;
v0x1523251d0_118 .array/port v0x1523251d0, 118;
v0x1523251d0_119 .array/port v0x1523251d0, 119;
v0x1523251d0_120 .array/port v0x1523251d0, 120;
E_0x152324f30/30 .event anyedge, v0x1523251d0_117, v0x1523251d0_118, v0x1523251d0_119, v0x1523251d0_120;
v0x1523251d0_121 .array/port v0x1523251d0, 121;
v0x1523251d0_122 .array/port v0x1523251d0, 122;
v0x1523251d0_123 .array/port v0x1523251d0, 123;
v0x1523251d0_124 .array/port v0x1523251d0, 124;
E_0x152324f30/31 .event anyedge, v0x1523251d0_121, v0x1523251d0_122, v0x1523251d0_123, v0x1523251d0_124;
v0x1523251d0_125 .array/port v0x1523251d0, 125;
v0x1523251d0_126 .array/port v0x1523251d0, 126;
v0x1523251d0_127 .array/port v0x1523251d0, 127;
v0x1523251d0_128 .array/port v0x1523251d0, 128;
E_0x152324f30/32 .event anyedge, v0x1523251d0_125, v0x1523251d0_126, v0x1523251d0_127, v0x1523251d0_128;
v0x1523251d0_129 .array/port v0x1523251d0, 129;
v0x1523251d0_130 .array/port v0x1523251d0, 130;
v0x1523251d0_131 .array/port v0x1523251d0, 131;
v0x1523251d0_132 .array/port v0x1523251d0, 132;
E_0x152324f30/33 .event anyedge, v0x1523251d0_129, v0x1523251d0_130, v0x1523251d0_131, v0x1523251d0_132;
v0x1523251d0_133 .array/port v0x1523251d0, 133;
v0x1523251d0_134 .array/port v0x1523251d0, 134;
v0x1523251d0_135 .array/port v0x1523251d0, 135;
v0x1523251d0_136 .array/port v0x1523251d0, 136;
E_0x152324f30/34 .event anyedge, v0x1523251d0_133, v0x1523251d0_134, v0x1523251d0_135, v0x1523251d0_136;
v0x1523251d0_137 .array/port v0x1523251d0, 137;
v0x1523251d0_138 .array/port v0x1523251d0, 138;
v0x1523251d0_139 .array/port v0x1523251d0, 139;
v0x1523251d0_140 .array/port v0x1523251d0, 140;
E_0x152324f30/35 .event anyedge, v0x1523251d0_137, v0x1523251d0_138, v0x1523251d0_139, v0x1523251d0_140;
v0x1523251d0_141 .array/port v0x1523251d0, 141;
v0x1523251d0_142 .array/port v0x1523251d0, 142;
v0x1523251d0_143 .array/port v0x1523251d0, 143;
v0x1523251d0_144 .array/port v0x1523251d0, 144;
E_0x152324f30/36 .event anyedge, v0x1523251d0_141, v0x1523251d0_142, v0x1523251d0_143, v0x1523251d0_144;
v0x1523251d0_145 .array/port v0x1523251d0, 145;
v0x1523251d0_146 .array/port v0x1523251d0, 146;
v0x1523251d0_147 .array/port v0x1523251d0, 147;
v0x1523251d0_148 .array/port v0x1523251d0, 148;
E_0x152324f30/37 .event anyedge, v0x1523251d0_145, v0x1523251d0_146, v0x1523251d0_147, v0x1523251d0_148;
v0x1523251d0_149 .array/port v0x1523251d0, 149;
v0x1523251d0_150 .array/port v0x1523251d0, 150;
v0x1523251d0_151 .array/port v0x1523251d0, 151;
v0x1523251d0_152 .array/port v0x1523251d0, 152;
E_0x152324f30/38 .event anyedge, v0x1523251d0_149, v0x1523251d0_150, v0x1523251d0_151, v0x1523251d0_152;
v0x1523251d0_153 .array/port v0x1523251d0, 153;
v0x1523251d0_154 .array/port v0x1523251d0, 154;
v0x1523251d0_155 .array/port v0x1523251d0, 155;
v0x1523251d0_156 .array/port v0x1523251d0, 156;
E_0x152324f30/39 .event anyedge, v0x1523251d0_153, v0x1523251d0_154, v0x1523251d0_155, v0x1523251d0_156;
v0x1523251d0_157 .array/port v0x1523251d0, 157;
v0x1523251d0_158 .array/port v0x1523251d0, 158;
v0x1523251d0_159 .array/port v0x1523251d0, 159;
v0x1523251d0_160 .array/port v0x1523251d0, 160;
E_0x152324f30/40 .event anyedge, v0x1523251d0_157, v0x1523251d0_158, v0x1523251d0_159, v0x1523251d0_160;
v0x1523251d0_161 .array/port v0x1523251d0, 161;
v0x1523251d0_162 .array/port v0x1523251d0, 162;
v0x1523251d0_163 .array/port v0x1523251d0, 163;
v0x1523251d0_164 .array/port v0x1523251d0, 164;
E_0x152324f30/41 .event anyedge, v0x1523251d0_161, v0x1523251d0_162, v0x1523251d0_163, v0x1523251d0_164;
v0x1523251d0_165 .array/port v0x1523251d0, 165;
v0x1523251d0_166 .array/port v0x1523251d0, 166;
v0x1523251d0_167 .array/port v0x1523251d0, 167;
v0x1523251d0_168 .array/port v0x1523251d0, 168;
E_0x152324f30/42 .event anyedge, v0x1523251d0_165, v0x1523251d0_166, v0x1523251d0_167, v0x1523251d0_168;
v0x1523251d0_169 .array/port v0x1523251d0, 169;
v0x1523251d0_170 .array/port v0x1523251d0, 170;
v0x1523251d0_171 .array/port v0x1523251d0, 171;
v0x1523251d0_172 .array/port v0x1523251d0, 172;
E_0x152324f30/43 .event anyedge, v0x1523251d0_169, v0x1523251d0_170, v0x1523251d0_171, v0x1523251d0_172;
v0x1523251d0_173 .array/port v0x1523251d0, 173;
v0x1523251d0_174 .array/port v0x1523251d0, 174;
v0x1523251d0_175 .array/port v0x1523251d0, 175;
v0x1523251d0_176 .array/port v0x1523251d0, 176;
E_0x152324f30/44 .event anyedge, v0x1523251d0_173, v0x1523251d0_174, v0x1523251d0_175, v0x1523251d0_176;
v0x1523251d0_177 .array/port v0x1523251d0, 177;
v0x1523251d0_178 .array/port v0x1523251d0, 178;
v0x1523251d0_179 .array/port v0x1523251d0, 179;
v0x1523251d0_180 .array/port v0x1523251d0, 180;
E_0x152324f30/45 .event anyedge, v0x1523251d0_177, v0x1523251d0_178, v0x1523251d0_179, v0x1523251d0_180;
v0x1523251d0_181 .array/port v0x1523251d0, 181;
v0x1523251d0_182 .array/port v0x1523251d0, 182;
v0x1523251d0_183 .array/port v0x1523251d0, 183;
v0x1523251d0_184 .array/port v0x1523251d0, 184;
E_0x152324f30/46 .event anyedge, v0x1523251d0_181, v0x1523251d0_182, v0x1523251d0_183, v0x1523251d0_184;
v0x1523251d0_185 .array/port v0x1523251d0, 185;
v0x1523251d0_186 .array/port v0x1523251d0, 186;
v0x1523251d0_187 .array/port v0x1523251d0, 187;
v0x1523251d0_188 .array/port v0x1523251d0, 188;
E_0x152324f30/47 .event anyedge, v0x1523251d0_185, v0x1523251d0_186, v0x1523251d0_187, v0x1523251d0_188;
v0x1523251d0_189 .array/port v0x1523251d0, 189;
v0x1523251d0_190 .array/port v0x1523251d0, 190;
v0x1523251d0_191 .array/port v0x1523251d0, 191;
v0x1523251d0_192 .array/port v0x1523251d0, 192;
E_0x152324f30/48 .event anyedge, v0x1523251d0_189, v0x1523251d0_190, v0x1523251d0_191, v0x1523251d0_192;
v0x1523251d0_193 .array/port v0x1523251d0, 193;
v0x1523251d0_194 .array/port v0x1523251d0, 194;
v0x1523251d0_195 .array/port v0x1523251d0, 195;
v0x1523251d0_196 .array/port v0x1523251d0, 196;
E_0x152324f30/49 .event anyedge, v0x1523251d0_193, v0x1523251d0_194, v0x1523251d0_195, v0x1523251d0_196;
v0x1523251d0_197 .array/port v0x1523251d0, 197;
v0x1523251d0_198 .array/port v0x1523251d0, 198;
v0x1523251d0_199 .array/port v0x1523251d0, 199;
v0x1523251d0_200 .array/port v0x1523251d0, 200;
E_0x152324f30/50 .event anyedge, v0x1523251d0_197, v0x1523251d0_198, v0x1523251d0_199, v0x1523251d0_200;
v0x1523251d0_201 .array/port v0x1523251d0, 201;
v0x1523251d0_202 .array/port v0x1523251d0, 202;
v0x1523251d0_203 .array/port v0x1523251d0, 203;
v0x1523251d0_204 .array/port v0x1523251d0, 204;
E_0x152324f30/51 .event anyedge, v0x1523251d0_201, v0x1523251d0_202, v0x1523251d0_203, v0x1523251d0_204;
v0x1523251d0_205 .array/port v0x1523251d0, 205;
v0x1523251d0_206 .array/port v0x1523251d0, 206;
v0x1523251d0_207 .array/port v0x1523251d0, 207;
v0x1523251d0_208 .array/port v0x1523251d0, 208;
E_0x152324f30/52 .event anyedge, v0x1523251d0_205, v0x1523251d0_206, v0x1523251d0_207, v0x1523251d0_208;
v0x1523251d0_209 .array/port v0x1523251d0, 209;
v0x1523251d0_210 .array/port v0x1523251d0, 210;
v0x1523251d0_211 .array/port v0x1523251d0, 211;
v0x1523251d0_212 .array/port v0x1523251d0, 212;
E_0x152324f30/53 .event anyedge, v0x1523251d0_209, v0x1523251d0_210, v0x1523251d0_211, v0x1523251d0_212;
v0x1523251d0_213 .array/port v0x1523251d0, 213;
v0x1523251d0_214 .array/port v0x1523251d0, 214;
v0x1523251d0_215 .array/port v0x1523251d0, 215;
v0x1523251d0_216 .array/port v0x1523251d0, 216;
E_0x152324f30/54 .event anyedge, v0x1523251d0_213, v0x1523251d0_214, v0x1523251d0_215, v0x1523251d0_216;
v0x1523251d0_217 .array/port v0x1523251d0, 217;
v0x1523251d0_218 .array/port v0x1523251d0, 218;
v0x1523251d0_219 .array/port v0x1523251d0, 219;
v0x1523251d0_220 .array/port v0x1523251d0, 220;
E_0x152324f30/55 .event anyedge, v0x1523251d0_217, v0x1523251d0_218, v0x1523251d0_219, v0x1523251d0_220;
v0x1523251d0_221 .array/port v0x1523251d0, 221;
v0x1523251d0_222 .array/port v0x1523251d0, 222;
v0x1523251d0_223 .array/port v0x1523251d0, 223;
v0x1523251d0_224 .array/port v0x1523251d0, 224;
E_0x152324f30/56 .event anyedge, v0x1523251d0_221, v0x1523251d0_222, v0x1523251d0_223, v0x1523251d0_224;
v0x1523251d0_225 .array/port v0x1523251d0, 225;
v0x1523251d0_226 .array/port v0x1523251d0, 226;
v0x1523251d0_227 .array/port v0x1523251d0, 227;
v0x1523251d0_228 .array/port v0x1523251d0, 228;
E_0x152324f30/57 .event anyedge, v0x1523251d0_225, v0x1523251d0_226, v0x1523251d0_227, v0x1523251d0_228;
v0x1523251d0_229 .array/port v0x1523251d0, 229;
v0x1523251d0_230 .array/port v0x1523251d0, 230;
v0x1523251d0_231 .array/port v0x1523251d0, 231;
v0x1523251d0_232 .array/port v0x1523251d0, 232;
E_0x152324f30/58 .event anyedge, v0x1523251d0_229, v0x1523251d0_230, v0x1523251d0_231, v0x1523251d0_232;
v0x1523251d0_233 .array/port v0x1523251d0, 233;
v0x1523251d0_234 .array/port v0x1523251d0, 234;
v0x1523251d0_235 .array/port v0x1523251d0, 235;
v0x1523251d0_236 .array/port v0x1523251d0, 236;
E_0x152324f30/59 .event anyedge, v0x1523251d0_233, v0x1523251d0_234, v0x1523251d0_235, v0x1523251d0_236;
v0x1523251d0_237 .array/port v0x1523251d0, 237;
v0x1523251d0_238 .array/port v0x1523251d0, 238;
v0x1523251d0_239 .array/port v0x1523251d0, 239;
v0x1523251d0_240 .array/port v0x1523251d0, 240;
E_0x152324f30/60 .event anyedge, v0x1523251d0_237, v0x1523251d0_238, v0x1523251d0_239, v0x1523251d0_240;
v0x1523251d0_241 .array/port v0x1523251d0, 241;
v0x1523251d0_242 .array/port v0x1523251d0, 242;
v0x1523251d0_243 .array/port v0x1523251d0, 243;
v0x1523251d0_244 .array/port v0x1523251d0, 244;
E_0x152324f30/61 .event anyedge, v0x1523251d0_241, v0x1523251d0_242, v0x1523251d0_243, v0x1523251d0_244;
v0x1523251d0_245 .array/port v0x1523251d0, 245;
v0x1523251d0_246 .array/port v0x1523251d0, 246;
v0x1523251d0_247 .array/port v0x1523251d0, 247;
v0x1523251d0_248 .array/port v0x1523251d0, 248;
E_0x152324f30/62 .event anyedge, v0x1523251d0_245, v0x1523251d0_246, v0x1523251d0_247, v0x1523251d0_248;
v0x1523251d0_249 .array/port v0x1523251d0, 249;
v0x1523251d0_250 .array/port v0x1523251d0, 250;
v0x1523251d0_251 .array/port v0x1523251d0, 251;
v0x1523251d0_252 .array/port v0x1523251d0, 252;
E_0x152324f30/63 .event anyedge, v0x1523251d0_249, v0x1523251d0_250, v0x1523251d0_251, v0x1523251d0_252;
v0x1523251d0_253 .array/port v0x1523251d0, 253;
v0x1523251d0_254 .array/port v0x1523251d0, 254;
v0x1523251d0_255 .array/port v0x1523251d0, 255;
v0x1523251d0_256 .array/port v0x1523251d0, 256;
E_0x152324f30/64 .event anyedge, v0x1523251d0_253, v0x1523251d0_254, v0x1523251d0_255, v0x1523251d0_256;
v0x1523251d0_257 .array/port v0x1523251d0, 257;
v0x1523251d0_258 .array/port v0x1523251d0, 258;
v0x1523251d0_259 .array/port v0x1523251d0, 259;
v0x1523251d0_260 .array/port v0x1523251d0, 260;
E_0x152324f30/65 .event anyedge, v0x1523251d0_257, v0x1523251d0_258, v0x1523251d0_259, v0x1523251d0_260;
v0x1523251d0_261 .array/port v0x1523251d0, 261;
v0x1523251d0_262 .array/port v0x1523251d0, 262;
v0x1523251d0_263 .array/port v0x1523251d0, 263;
v0x1523251d0_264 .array/port v0x1523251d0, 264;
E_0x152324f30/66 .event anyedge, v0x1523251d0_261, v0x1523251d0_262, v0x1523251d0_263, v0x1523251d0_264;
v0x1523251d0_265 .array/port v0x1523251d0, 265;
v0x1523251d0_266 .array/port v0x1523251d0, 266;
v0x1523251d0_267 .array/port v0x1523251d0, 267;
v0x1523251d0_268 .array/port v0x1523251d0, 268;
E_0x152324f30/67 .event anyedge, v0x1523251d0_265, v0x1523251d0_266, v0x1523251d0_267, v0x1523251d0_268;
v0x1523251d0_269 .array/port v0x1523251d0, 269;
v0x1523251d0_270 .array/port v0x1523251d0, 270;
v0x1523251d0_271 .array/port v0x1523251d0, 271;
v0x1523251d0_272 .array/port v0x1523251d0, 272;
E_0x152324f30/68 .event anyedge, v0x1523251d0_269, v0x1523251d0_270, v0x1523251d0_271, v0x1523251d0_272;
v0x1523251d0_273 .array/port v0x1523251d0, 273;
v0x1523251d0_274 .array/port v0x1523251d0, 274;
v0x1523251d0_275 .array/port v0x1523251d0, 275;
v0x1523251d0_276 .array/port v0x1523251d0, 276;
E_0x152324f30/69 .event anyedge, v0x1523251d0_273, v0x1523251d0_274, v0x1523251d0_275, v0x1523251d0_276;
v0x1523251d0_277 .array/port v0x1523251d0, 277;
v0x1523251d0_278 .array/port v0x1523251d0, 278;
v0x1523251d0_279 .array/port v0x1523251d0, 279;
v0x1523251d0_280 .array/port v0x1523251d0, 280;
E_0x152324f30/70 .event anyedge, v0x1523251d0_277, v0x1523251d0_278, v0x1523251d0_279, v0x1523251d0_280;
v0x1523251d0_281 .array/port v0x1523251d0, 281;
v0x1523251d0_282 .array/port v0x1523251d0, 282;
v0x1523251d0_283 .array/port v0x1523251d0, 283;
v0x1523251d0_284 .array/port v0x1523251d0, 284;
E_0x152324f30/71 .event anyedge, v0x1523251d0_281, v0x1523251d0_282, v0x1523251d0_283, v0x1523251d0_284;
v0x1523251d0_285 .array/port v0x1523251d0, 285;
v0x1523251d0_286 .array/port v0x1523251d0, 286;
v0x1523251d0_287 .array/port v0x1523251d0, 287;
v0x1523251d0_288 .array/port v0x1523251d0, 288;
E_0x152324f30/72 .event anyedge, v0x1523251d0_285, v0x1523251d0_286, v0x1523251d0_287, v0x1523251d0_288;
v0x1523251d0_289 .array/port v0x1523251d0, 289;
v0x1523251d0_290 .array/port v0x1523251d0, 290;
v0x1523251d0_291 .array/port v0x1523251d0, 291;
v0x1523251d0_292 .array/port v0x1523251d0, 292;
E_0x152324f30/73 .event anyedge, v0x1523251d0_289, v0x1523251d0_290, v0x1523251d0_291, v0x1523251d0_292;
v0x1523251d0_293 .array/port v0x1523251d0, 293;
v0x1523251d0_294 .array/port v0x1523251d0, 294;
v0x1523251d0_295 .array/port v0x1523251d0, 295;
v0x1523251d0_296 .array/port v0x1523251d0, 296;
E_0x152324f30/74 .event anyedge, v0x1523251d0_293, v0x1523251d0_294, v0x1523251d0_295, v0x1523251d0_296;
v0x1523251d0_297 .array/port v0x1523251d0, 297;
v0x1523251d0_298 .array/port v0x1523251d0, 298;
v0x1523251d0_299 .array/port v0x1523251d0, 299;
v0x1523251d0_300 .array/port v0x1523251d0, 300;
E_0x152324f30/75 .event anyedge, v0x1523251d0_297, v0x1523251d0_298, v0x1523251d0_299, v0x1523251d0_300;
v0x1523251d0_301 .array/port v0x1523251d0, 301;
v0x1523251d0_302 .array/port v0x1523251d0, 302;
v0x1523251d0_303 .array/port v0x1523251d0, 303;
v0x1523251d0_304 .array/port v0x1523251d0, 304;
E_0x152324f30/76 .event anyedge, v0x1523251d0_301, v0x1523251d0_302, v0x1523251d0_303, v0x1523251d0_304;
v0x1523251d0_305 .array/port v0x1523251d0, 305;
v0x1523251d0_306 .array/port v0x1523251d0, 306;
v0x1523251d0_307 .array/port v0x1523251d0, 307;
v0x1523251d0_308 .array/port v0x1523251d0, 308;
E_0x152324f30/77 .event anyedge, v0x1523251d0_305, v0x1523251d0_306, v0x1523251d0_307, v0x1523251d0_308;
v0x1523251d0_309 .array/port v0x1523251d0, 309;
v0x1523251d0_310 .array/port v0x1523251d0, 310;
v0x1523251d0_311 .array/port v0x1523251d0, 311;
v0x1523251d0_312 .array/port v0x1523251d0, 312;
E_0x152324f30/78 .event anyedge, v0x1523251d0_309, v0x1523251d0_310, v0x1523251d0_311, v0x1523251d0_312;
v0x1523251d0_313 .array/port v0x1523251d0, 313;
v0x1523251d0_314 .array/port v0x1523251d0, 314;
v0x1523251d0_315 .array/port v0x1523251d0, 315;
v0x1523251d0_316 .array/port v0x1523251d0, 316;
E_0x152324f30/79 .event anyedge, v0x1523251d0_313, v0x1523251d0_314, v0x1523251d0_315, v0x1523251d0_316;
v0x1523251d0_317 .array/port v0x1523251d0, 317;
v0x1523251d0_318 .array/port v0x1523251d0, 318;
v0x1523251d0_319 .array/port v0x1523251d0, 319;
v0x1523251d0_320 .array/port v0x1523251d0, 320;
E_0x152324f30/80 .event anyedge, v0x1523251d0_317, v0x1523251d0_318, v0x1523251d0_319, v0x1523251d0_320;
v0x1523251d0_321 .array/port v0x1523251d0, 321;
v0x1523251d0_322 .array/port v0x1523251d0, 322;
v0x1523251d0_323 .array/port v0x1523251d0, 323;
v0x1523251d0_324 .array/port v0x1523251d0, 324;
E_0x152324f30/81 .event anyedge, v0x1523251d0_321, v0x1523251d0_322, v0x1523251d0_323, v0x1523251d0_324;
v0x1523251d0_325 .array/port v0x1523251d0, 325;
v0x1523251d0_326 .array/port v0x1523251d0, 326;
v0x1523251d0_327 .array/port v0x1523251d0, 327;
v0x1523251d0_328 .array/port v0x1523251d0, 328;
E_0x152324f30/82 .event anyedge, v0x1523251d0_325, v0x1523251d0_326, v0x1523251d0_327, v0x1523251d0_328;
v0x1523251d0_329 .array/port v0x1523251d0, 329;
v0x1523251d0_330 .array/port v0x1523251d0, 330;
v0x1523251d0_331 .array/port v0x1523251d0, 331;
v0x1523251d0_332 .array/port v0x1523251d0, 332;
E_0x152324f30/83 .event anyedge, v0x1523251d0_329, v0x1523251d0_330, v0x1523251d0_331, v0x1523251d0_332;
v0x1523251d0_333 .array/port v0x1523251d0, 333;
v0x1523251d0_334 .array/port v0x1523251d0, 334;
v0x1523251d0_335 .array/port v0x1523251d0, 335;
v0x1523251d0_336 .array/port v0x1523251d0, 336;
E_0x152324f30/84 .event anyedge, v0x1523251d0_333, v0x1523251d0_334, v0x1523251d0_335, v0x1523251d0_336;
v0x1523251d0_337 .array/port v0x1523251d0, 337;
v0x1523251d0_338 .array/port v0x1523251d0, 338;
v0x1523251d0_339 .array/port v0x1523251d0, 339;
v0x1523251d0_340 .array/port v0x1523251d0, 340;
E_0x152324f30/85 .event anyedge, v0x1523251d0_337, v0x1523251d0_338, v0x1523251d0_339, v0x1523251d0_340;
v0x1523251d0_341 .array/port v0x1523251d0, 341;
v0x1523251d0_342 .array/port v0x1523251d0, 342;
v0x1523251d0_343 .array/port v0x1523251d0, 343;
v0x1523251d0_344 .array/port v0x1523251d0, 344;
E_0x152324f30/86 .event anyedge, v0x1523251d0_341, v0x1523251d0_342, v0x1523251d0_343, v0x1523251d0_344;
v0x1523251d0_345 .array/port v0x1523251d0, 345;
v0x1523251d0_346 .array/port v0x1523251d0, 346;
v0x1523251d0_347 .array/port v0x1523251d0, 347;
v0x1523251d0_348 .array/port v0x1523251d0, 348;
E_0x152324f30/87 .event anyedge, v0x1523251d0_345, v0x1523251d0_346, v0x1523251d0_347, v0x1523251d0_348;
v0x1523251d0_349 .array/port v0x1523251d0, 349;
v0x1523251d0_350 .array/port v0x1523251d0, 350;
v0x1523251d0_351 .array/port v0x1523251d0, 351;
v0x1523251d0_352 .array/port v0x1523251d0, 352;
E_0x152324f30/88 .event anyedge, v0x1523251d0_349, v0x1523251d0_350, v0x1523251d0_351, v0x1523251d0_352;
v0x1523251d0_353 .array/port v0x1523251d0, 353;
v0x1523251d0_354 .array/port v0x1523251d0, 354;
v0x1523251d0_355 .array/port v0x1523251d0, 355;
v0x1523251d0_356 .array/port v0x1523251d0, 356;
E_0x152324f30/89 .event anyedge, v0x1523251d0_353, v0x1523251d0_354, v0x1523251d0_355, v0x1523251d0_356;
v0x1523251d0_357 .array/port v0x1523251d0, 357;
v0x1523251d0_358 .array/port v0x1523251d0, 358;
v0x1523251d0_359 .array/port v0x1523251d0, 359;
v0x1523251d0_360 .array/port v0x1523251d0, 360;
E_0x152324f30/90 .event anyedge, v0x1523251d0_357, v0x1523251d0_358, v0x1523251d0_359, v0x1523251d0_360;
v0x1523251d0_361 .array/port v0x1523251d0, 361;
v0x1523251d0_362 .array/port v0x1523251d0, 362;
v0x1523251d0_363 .array/port v0x1523251d0, 363;
v0x1523251d0_364 .array/port v0x1523251d0, 364;
E_0x152324f30/91 .event anyedge, v0x1523251d0_361, v0x1523251d0_362, v0x1523251d0_363, v0x1523251d0_364;
v0x1523251d0_365 .array/port v0x1523251d0, 365;
v0x1523251d0_366 .array/port v0x1523251d0, 366;
v0x1523251d0_367 .array/port v0x1523251d0, 367;
v0x1523251d0_368 .array/port v0x1523251d0, 368;
E_0x152324f30/92 .event anyedge, v0x1523251d0_365, v0x1523251d0_366, v0x1523251d0_367, v0x1523251d0_368;
v0x1523251d0_369 .array/port v0x1523251d0, 369;
v0x1523251d0_370 .array/port v0x1523251d0, 370;
v0x1523251d0_371 .array/port v0x1523251d0, 371;
v0x1523251d0_372 .array/port v0x1523251d0, 372;
E_0x152324f30/93 .event anyedge, v0x1523251d0_369, v0x1523251d0_370, v0x1523251d0_371, v0x1523251d0_372;
v0x1523251d0_373 .array/port v0x1523251d0, 373;
v0x1523251d0_374 .array/port v0x1523251d0, 374;
v0x1523251d0_375 .array/port v0x1523251d0, 375;
v0x1523251d0_376 .array/port v0x1523251d0, 376;
E_0x152324f30/94 .event anyedge, v0x1523251d0_373, v0x1523251d0_374, v0x1523251d0_375, v0x1523251d0_376;
v0x1523251d0_377 .array/port v0x1523251d0, 377;
v0x1523251d0_378 .array/port v0x1523251d0, 378;
v0x1523251d0_379 .array/port v0x1523251d0, 379;
v0x1523251d0_380 .array/port v0x1523251d0, 380;
E_0x152324f30/95 .event anyedge, v0x1523251d0_377, v0x1523251d0_378, v0x1523251d0_379, v0x1523251d0_380;
v0x1523251d0_381 .array/port v0x1523251d0, 381;
v0x1523251d0_382 .array/port v0x1523251d0, 382;
v0x1523251d0_383 .array/port v0x1523251d0, 383;
v0x1523251d0_384 .array/port v0x1523251d0, 384;
E_0x152324f30/96 .event anyedge, v0x1523251d0_381, v0x1523251d0_382, v0x1523251d0_383, v0x1523251d0_384;
v0x1523251d0_385 .array/port v0x1523251d0, 385;
v0x1523251d0_386 .array/port v0x1523251d0, 386;
v0x1523251d0_387 .array/port v0x1523251d0, 387;
v0x1523251d0_388 .array/port v0x1523251d0, 388;
E_0x152324f30/97 .event anyedge, v0x1523251d0_385, v0x1523251d0_386, v0x1523251d0_387, v0x1523251d0_388;
v0x1523251d0_389 .array/port v0x1523251d0, 389;
v0x1523251d0_390 .array/port v0x1523251d0, 390;
v0x1523251d0_391 .array/port v0x1523251d0, 391;
v0x1523251d0_392 .array/port v0x1523251d0, 392;
E_0x152324f30/98 .event anyedge, v0x1523251d0_389, v0x1523251d0_390, v0x1523251d0_391, v0x1523251d0_392;
v0x1523251d0_393 .array/port v0x1523251d0, 393;
v0x1523251d0_394 .array/port v0x1523251d0, 394;
v0x1523251d0_395 .array/port v0x1523251d0, 395;
v0x1523251d0_396 .array/port v0x1523251d0, 396;
E_0x152324f30/99 .event anyedge, v0x1523251d0_393, v0x1523251d0_394, v0x1523251d0_395, v0x1523251d0_396;
v0x1523251d0_397 .array/port v0x1523251d0, 397;
v0x1523251d0_398 .array/port v0x1523251d0, 398;
v0x1523251d0_399 .array/port v0x1523251d0, 399;
v0x1523251d0_400 .array/port v0x1523251d0, 400;
E_0x152324f30/100 .event anyedge, v0x1523251d0_397, v0x1523251d0_398, v0x1523251d0_399, v0x1523251d0_400;
v0x1523251d0_401 .array/port v0x1523251d0, 401;
v0x1523251d0_402 .array/port v0x1523251d0, 402;
v0x1523251d0_403 .array/port v0x1523251d0, 403;
v0x1523251d0_404 .array/port v0x1523251d0, 404;
E_0x152324f30/101 .event anyedge, v0x1523251d0_401, v0x1523251d0_402, v0x1523251d0_403, v0x1523251d0_404;
v0x1523251d0_405 .array/port v0x1523251d0, 405;
v0x1523251d0_406 .array/port v0x1523251d0, 406;
v0x1523251d0_407 .array/port v0x1523251d0, 407;
v0x1523251d0_408 .array/port v0x1523251d0, 408;
E_0x152324f30/102 .event anyedge, v0x1523251d0_405, v0x1523251d0_406, v0x1523251d0_407, v0x1523251d0_408;
v0x1523251d0_409 .array/port v0x1523251d0, 409;
v0x1523251d0_410 .array/port v0x1523251d0, 410;
v0x1523251d0_411 .array/port v0x1523251d0, 411;
v0x1523251d0_412 .array/port v0x1523251d0, 412;
E_0x152324f30/103 .event anyedge, v0x1523251d0_409, v0x1523251d0_410, v0x1523251d0_411, v0x1523251d0_412;
v0x1523251d0_413 .array/port v0x1523251d0, 413;
v0x1523251d0_414 .array/port v0x1523251d0, 414;
v0x1523251d0_415 .array/port v0x1523251d0, 415;
v0x1523251d0_416 .array/port v0x1523251d0, 416;
E_0x152324f30/104 .event anyedge, v0x1523251d0_413, v0x1523251d0_414, v0x1523251d0_415, v0x1523251d0_416;
v0x1523251d0_417 .array/port v0x1523251d0, 417;
v0x1523251d0_418 .array/port v0x1523251d0, 418;
v0x1523251d0_419 .array/port v0x1523251d0, 419;
v0x1523251d0_420 .array/port v0x1523251d0, 420;
E_0x152324f30/105 .event anyedge, v0x1523251d0_417, v0x1523251d0_418, v0x1523251d0_419, v0x1523251d0_420;
v0x1523251d0_421 .array/port v0x1523251d0, 421;
v0x1523251d0_422 .array/port v0x1523251d0, 422;
v0x1523251d0_423 .array/port v0x1523251d0, 423;
v0x1523251d0_424 .array/port v0x1523251d0, 424;
E_0x152324f30/106 .event anyedge, v0x1523251d0_421, v0x1523251d0_422, v0x1523251d0_423, v0x1523251d0_424;
v0x1523251d0_425 .array/port v0x1523251d0, 425;
v0x1523251d0_426 .array/port v0x1523251d0, 426;
v0x1523251d0_427 .array/port v0x1523251d0, 427;
v0x1523251d0_428 .array/port v0x1523251d0, 428;
E_0x152324f30/107 .event anyedge, v0x1523251d0_425, v0x1523251d0_426, v0x1523251d0_427, v0x1523251d0_428;
v0x1523251d0_429 .array/port v0x1523251d0, 429;
v0x1523251d0_430 .array/port v0x1523251d0, 430;
v0x1523251d0_431 .array/port v0x1523251d0, 431;
v0x1523251d0_432 .array/port v0x1523251d0, 432;
E_0x152324f30/108 .event anyedge, v0x1523251d0_429, v0x1523251d0_430, v0x1523251d0_431, v0x1523251d0_432;
v0x1523251d0_433 .array/port v0x1523251d0, 433;
v0x1523251d0_434 .array/port v0x1523251d0, 434;
v0x1523251d0_435 .array/port v0x1523251d0, 435;
v0x1523251d0_436 .array/port v0x1523251d0, 436;
E_0x152324f30/109 .event anyedge, v0x1523251d0_433, v0x1523251d0_434, v0x1523251d0_435, v0x1523251d0_436;
v0x1523251d0_437 .array/port v0x1523251d0, 437;
v0x1523251d0_438 .array/port v0x1523251d0, 438;
v0x1523251d0_439 .array/port v0x1523251d0, 439;
v0x1523251d0_440 .array/port v0x1523251d0, 440;
E_0x152324f30/110 .event anyedge, v0x1523251d0_437, v0x1523251d0_438, v0x1523251d0_439, v0x1523251d0_440;
v0x1523251d0_441 .array/port v0x1523251d0, 441;
v0x1523251d0_442 .array/port v0x1523251d0, 442;
v0x1523251d0_443 .array/port v0x1523251d0, 443;
v0x1523251d0_444 .array/port v0x1523251d0, 444;
E_0x152324f30/111 .event anyedge, v0x1523251d0_441, v0x1523251d0_442, v0x1523251d0_443, v0x1523251d0_444;
v0x1523251d0_445 .array/port v0x1523251d0, 445;
v0x1523251d0_446 .array/port v0x1523251d0, 446;
v0x1523251d0_447 .array/port v0x1523251d0, 447;
v0x1523251d0_448 .array/port v0x1523251d0, 448;
E_0x152324f30/112 .event anyedge, v0x1523251d0_445, v0x1523251d0_446, v0x1523251d0_447, v0x1523251d0_448;
v0x1523251d0_449 .array/port v0x1523251d0, 449;
v0x1523251d0_450 .array/port v0x1523251d0, 450;
v0x1523251d0_451 .array/port v0x1523251d0, 451;
v0x1523251d0_452 .array/port v0x1523251d0, 452;
E_0x152324f30/113 .event anyedge, v0x1523251d0_449, v0x1523251d0_450, v0x1523251d0_451, v0x1523251d0_452;
v0x1523251d0_453 .array/port v0x1523251d0, 453;
v0x1523251d0_454 .array/port v0x1523251d0, 454;
v0x1523251d0_455 .array/port v0x1523251d0, 455;
v0x1523251d0_456 .array/port v0x1523251d0, 456;
E_0x152324f30/114 .event anyedge, v0x1523251d0_453, v0x1523251d0_454, v0x1523251d0_455, v0x1523251d0_456;
v0x1523251d0_457 .array/port v0x1523251d0, 457;
v0x1523251d0_458 .array/port v0x1523251d0, 458;
v0x1523251d0_459 .array/port v0x1523251d0, 459;
v0x1523251d0_460 .array/port v0x1523251d0, 460;
E_0x152324f30/115 .event anyedge, v0x1523251d0_457, v0x1523251d0_458, v0x1523251d0_459, v0x1523251d0_460;
v0x1523251d0_461 .array/port v0x1523251d0, 461;
v0x1523251d0_462 .array/port v0x1523251d0, 462;
v0x1523251d0_463 .array/port v0x1523251d0, 463;
v0x1523251d0_464 .array/port v0x1523251d0, 464;
E_0x152324f30/116 .event anyedge, v0x1523251d0_461, v0x1523251d0_462, v0x1523251d0_463, v0x1523251d0_464;
v0x1523251d0_465 .array/port v0x1523251d0, 465;
v0x1523251d0_466 .array/port v0x1523251d0, 466;
v0x1523251d0_467 .array/port v0x1523251d0, 467;
v0x1523251d0_468 .array/port v0x1523251d0, 468;
E_0x152324f30/117 .event anyedge, v0x1523251d0_465, v0x1523251d0_466, v0x1523251d0_467, v0x1523251d0_468;
v0x1523251d0_469 .array/port v0x1523251d0, 469;
v0x1523251d0_470 .array/port v0x1523251d0, 470;
v0x1523251d0_471 .array/port v0x1523251d0, 471;
v0x1523251d0_472 .array/port v0x1523251d0, 472;
E_0x152324f30/118 .event anyedge, v0x1523251d0_469, v0x1523251d0_470, v0x1523251d0_471, v0x1523251d0_472;
v0x1523251d0_473 .array/port v0x1523251d0, 473;
v0x1523251d0_474 .array/port v0x1523251d0, 474;
v0x1523251d0_475 .array/port v0x1523251d0, 475;
v0x1523251d0_476 .array/port v0x1523251d0, 476;
E_0x152324f30/119 .event anyedge, v0x1523251d0_473, v0x1523251d0_474, v0x1523251d0_475, v0x1523251d0_476;
v0x1523251d0_477 .array/port v0x1523251d0, 477;
v0x1523251d0_478 .array/port v0x1523251d0, 478;
v0x1523251d0_479 .array/port v0x1523251d0, 479;
v0x1523251d0_480 .array/port v0x1523251d0, 480;
E_0x152324f30/120 .event anyedge, v0x1523251d0_477, v0x1523251d0_478, v0x1523251d0_479, v0x1523251d0_480;
v0x1523251d0_481 .array/port v0x1523251d0, 481;
v0x1523251d0_482 .array/port v0x1523251d0, 482;
v0x1523251d0_483 .array/port v0x1523251d0, 483;
v0x1523251d0_484 .array/port v0x1523251d0, 484;
E_0x152324f30/121 .event anyedge, v0x1523251d0_481, v0x1523251d0_482, v0x1523251d0_483, v0x1523251d0_484;
v0x1523251d0_485 .array/port v0x1523251d0, 485;
v0x1523251d0_486 .array/port v0x1523251d0, 486;
v0x1523251d0_487 .array/port v0x1523251d0, 487;
v0x1523251d0_488 .array/port v0x1523251d0, 488;
E_0x152324f30/122 .event anyedge, v0x1523251d0_485, v0x1523251d0_486, v0x1523251d0_487, v0x1523251d0_488;
v0x1523251d0_489 .array/port v0x1523251d0, 489;
v0x1523251d0_490 .array/port v0x1523251d0, 490;
v0x1523251d0_491 .array/port v0x1523251d0, 491;
v0x1523251d0_492 .array/port v0x1523251d0, 492;
E_0x152324f30/123 .event anyedge, v0x1523251d0_489, v0x1523251d0_490, v0x1523251d0_491, v0x1523251d0_492;
v0x1523251d0_493 .array/port v0x1523251d0, 493;
v0x1523251d0_494 .array/port v0x1523251d0, 494;
v0x1523251d0_495 .array/port v0x1523251d0, 495;
v0x1523251d0_496 .array/port v0x1523251d0, 496;
E_0x152324f30/124 .event anyedge, v0x1523251d0_493, v0x1523251d0_494, v0x1523251d0_495, v0x1523251d0_496;
v0x1523251d0_497 .array/port v0x1523251d0, 497;
v0x1523251d0_498 .array/port v0x1523251d0, 498;
v0x1523251d0_499 .array/port v0x1523251d0, 499;
v0x1523251d0_500 .array/port v0x1523251d0, 500;
E_0x152324f30/125 .event anyedge, v0x1523251d0_497, v0x1523251d0_498, v0x1523251d0_499, v0x1523251d0_500;
v0x1523251d0_501 .array/port v0x1523251d0, 501;
v0x1523251d0_502 .array/port v0x1523251d0, 502;
v0x1523251d0_503 .array/port v0x1523251d0, 503;
v0x1523251d0_504 .array/port v0x1523251d0, 504;
E_0x152324f30/126 .event anyedge, v0x1523251d0_501, v0x1523251d0_502, v0x1523251d0_503, v0x1523251d0_504;
v0x1523251d0_505 .array/port v0x1523251d0, 505;
v0x1523251d0_506 .array/port v0x1523251d0, 506;
v0x1523251d0_507 .array/port v0x1523251d0, 507;
v0x1523251d0_508 .array/port v0x1523251d0, 508;
E_0x152324f30/127 .event anyedge, v0x1523251d0_505, v0x1523251d0_506, v0x1523251d0_507, v0x1523251d0_508;
v0x1523251d0_509 .array/port v0x1523251d0, 509;
v0x1523251d0_510 .array/port v0x1523251d0, 510;
v0x1523251d0_511 .array/port v0x1523251d0, 511;
E_0x152324f30/128 .event anyedge, v0x1523251d0_509, v0x1523251d0_510, v0x1523251d0_511, v0x152327260_0;
E_0x152324f30 .event/or E_0x152324f30/0, E_0x152324f30/1, E_0x152324f30/2, E_0x152324f30/3, E_0x152324f30/4, E_0x152324f30/5, E_0x152324f30/6, E_0x152324f30/7, E_0x152324f30/8, E_0x152324f30/9, E_0x152324f30/10, E_0x152324f30/11, E_0x152324f30/12, E_0x152324f30/13, E_0x152324f30/14, E_0x152324f30/15, E_0x152324f30/16, E_0x152324f30/17, E_0x152324f30/18, E_0x152324f30/19, E_0x152324f30/20, E_0x152324f30/21, E_0x152324f30/22, E_0x152324f30/23, E_0x152324f30/24, E_0x152324f30/25, E_0x152324f30/26, E_0x152324f30/27, E_0x152324f30/28, E_0x152324f30/29, E_0x152324f30/30, E_0x152324f30/31, E_0x152324f30/32, E_0x152324f30/33, E_0x152324f30/34, E_0x152324f30/35, E_0x152324f30/36, E_0x152324f30/37, E_0x152324f30/38, E_0x152324f30/39, E_0x152324f30/40, E_0x152324f30/41, E_0x152324f30/42, E_0x152324f30/43, E_0x152324f30/44, E_0x152324f30/45, E_0x152324f30/46, E_0x152324f30/47, E_0x152324f30/48, E_0x152324f30/49, E_0x152324f30/50, E_0x152324f30/51, E_0x152324f30/52, E_0x152324f30/53, E_0x152324f30/54, E_0x152324f30/55, E_0x152324f30/56, E_0x152324f30/57, E_0x152324f30/58, E_0x152324f30/59, E_0x152324f30/60, E_0x152324f30/61, E_0x152324f30/62, E_0x152324f30/63, E_0x152324f30/64, E_0x152324f30/65, E_0x152324f30/66, E_0x152324f30/67, E_0x152324f30/68, E_0x152324f30/69, E_0x152324f30/70, E_0x152324f30/71, E_0x152324f30/72, E_0x152324f30/73, E_0x152324f30/74, E_0x152324f30/75, E_0x152324f30/76, E_0x152324f30/77, E_0x152324f30/78, E_0x152324f30/79, E_0x152324f30/80, E_0x152324f30/81, E_0x152324f30/82, E_0x152324f30/83, E_0x152324f30/84, E_0x152324f30/85, E_0x152324f30/86, E_0x152324f30/87, E_0x152324f30/88, E_0x152324f30/89, E_0x152324f30/90, E_0x152324f30/91, E_0x152324f30/92, E_0x152324f30/93, E_0x152324f30/94, E_0x152324f30/95, E_0x152324f30/96, E_0x152324f30/97, E_0x152324f30/98, E_0x152324f30/99, E_0x152324f30/100, E_0x152324f30/101, E_0x152324f30/102, E_0x152324f30/103, E_0x152324f30/104, E_0x152324f30/105, E_0x152324f30/106, E_0x152324f30/107, E_0x152324f30/108, E_0x152324f30/109, E_0x152324f30/110, E_0x152324f30/111, E_0x152324f30/112, E_0x152324f30/113, E_0x152324f30/114, E_0x152324f30/115, E_0x152324f30/116, E_0x152324f30/117, E_0x152324f30/118, E_0x152324f30/119, E_0x152324f30/120, E_0x152324f30/121, E_0x152324f30/122, E_0x152324f30/123, E_0x152324f30/124, E_0x152324f30/125, E_0x152324f30/126, E_0x152324f30/127, E_0x152324f30/128;
S_0x152327460 .scope module, "reg0" "R0" 3 40, 25 1 0, S_0x1507fd720;
 .timescale -9 -11;
    .port_info 0 /INPUT 1 "clear";
    .port_info 1 /INPUT 1 "clock";
    .port_info 2 /INPUT 1 "enable";
    .port_info 3 /INPUT 1 "BAout";
    .port_info 4 /INPUT 32 "data_in";
    .port_info 5 /OUTPUT 32 "data_out";
P_0x152327620 .param/l "DATA_WIDTH" 0 25 1, +C4<00000000000000000000000000100000>;
P_0x152327660 .param/l "INIT" 0 25 1, C4<00000000000000000000000000000000>;
v0x152327860_0 .net "BAout", 0 0, v0x1507fa5a0_0;  alias, 1 drivers
L_0x158088010 .functor BUFT 1, C4<00000000000000000000000000000000>, C4<0>, C4<0>, C4<0>;
v0x152327900_0 .net/2u *"_ivl_0", 31 0, L_0x158088010;  1 drivers
v0x1523279a0_0 .net "clear", 0 0, v0x152334d40_0;  alias, 1 drivers
v0x152327a30_0 .net "clock", 0 0, v0x152334dd0_0;  alias, 1 drivers
v0x152327ac0_0 .net "data_in", 31 0, v0x152320a30_0;  alias, 1 drivers
v0x152327b50_0 .net "data_out", 31 0, L_0x152336810;  alias, 1 drivers
v0x152327be0_0 .net "enable", 0 0, L_0x152336930;  1 drivers
v0x152327c70_0 .var "q", 31 0;
L_0x152336810 .functor MUXZ 32, v0x152327c70_0, L_0x158088010, v0x1507fa5a0_0, C4<>;
S_0x152327db0 .scope module, "reg1" "register" 3 49, 20 1 0, S_0x1507fd720;
 .timescale -9 -11;
    .port_info 0 /INPUT 1 "clear";
    .port_info 1 /INPUT 1 "clock";
    .port_info 2 /INPUT 1 "enable";
    .port_info 3 /INPUT 32 "data_in";
    .port_info 4 /OUTPUT 32 "data_out";
P_0x152327f70 .param/l "DATA_WIDTH" 0 20 1, +C4<00000000000000000000000000100000>;
P_0x152327fb0 .param/l "INIT" 0 20 1, C4<00000000000000000000000000000000>;
L_0x152336a10 .functor BUFZ 32, v0x152328620_0, C4<00000000000000000000000000000000>, C4<00000000000000000000000000000000>, C4<00000000000000000000000000000000>;
v0x152328140_0 .net "clear", 0 0, v0x152334d40_0;  alias, 1 drivers
v0x1523282d0_0 .net "clock", 0 0, v0x152334dd0_0;  alias, 1 drivers
v0x152328470_0 .net "data_in", 31 0, v0x152320a30_0;  alias, 1 drivers
v0x152328500_0 .net "data_out", 31 0, L_0x152336a10;  alias, 1 drivers
v0x152328590_0 .net "enable", 0 0, L_0x152336a80;  1 drivers
v0x152328620_0 .var "q", 31 0;
S_0x1523286d0 .scope module, "reg10" "register" 3 121, 20 1 0, S_0x1507fd720;
 .timescale -9 -11;
    .port_info 0 /INPUT 1 "clear";
    .port_info 1 /INPUT 1 "clock";
    .port_info 2 /INPUT 1 "enable";
    .port_info 3 /INPUT 32 "data_in";
    .port_info 4 /OUTPUT 32 "data_out";
P_0x152328890 .param/l "DATA_WIDTH" 0 20 1, +C4<00000000000000000000000000100000>;
P_0x1523288d0 .param/l "INIT" 0 20 1, C4<00000000000000000000000000000000>;
L_0x152337520 .functor BUFZ 32, v0x152328da0_0, C4<00000000000000000000000000000000>, C4<00000000000000000000000000000000>, C4<00000000000000000000000000000000>;
v0x152328a40_0 .net "clear", 0 0, v0x152334d40_0;  alias, 1 drivers
v0x152328ad0_0 .net "clock", 0 0, v0x152334dd0_0;  alias, 1 drivers
v0x152328b70_0 .net "data_in", 31 0, v0x152320a30_0;  alias, 1 drivers
v0x152328c20_0 .net "data_out", 31 0, L_0x152337520;  alias, 1 drivers
v0x152328cd0_0 .net "enable", 0 0, L_0x152337590;  1 drivers
v0x152328da0_0 .var "q", 31 0;
S_0x152328ed0 .scope module, "reg11" "register" 3 129, 20 1 0, S_0x1507fd720;
 .timescale -9 -11;
    .port_info 0 /INPUT 1 "clear";
    .port_info 1 /INPUT 1 "clock";
    .port_info 2 /INPUT 1 "enable";
    .port_info 3 /INPUT 32 "data_in";
    .port_info 4 /OUTPUT 32 "data_out";
P_0x152329090 .param/l "DATA_WIDTH" 0 20 1, +C4<00000000000000000000000000100000>;
P_0x1523290d0 .param/l "INIT" 0 20 1, C4<00000000000000000000000000000000>;
L_0x1523376b0 .functor BUFZ 32, v0x1523295a0_0, C4<00000000000000000000000000000000>, C4<00000000000000000000000000000000>, C4<00000000000000000000000000000000>;
v0x152329240_0 .net "clear", 0 0, v0x152334d40_0;  alias, 1 drivers
v0x1523292d0_0 .net "clock", 0 0, v0x152334dd0_0;  alias, 1 drivers
v0x152329370_0 .net "data_in", 31 0, v0x152320a30_0;  alias, 1 drivers
v0x152329420_0 .net "data_out", 31 0, L_0x1523376b0;  alias, 1 drivers
v0x1523294d0_0 .net "enable", 0 0, L_0x152337740;  1 drivers
v0x1523295a0_0 .var "q", 31 0;
S_0x1523296d0 .scope module, "reg12" "register" 3 137, 20 1 0, S_0x1507fd720;
 .timescale -9 -11;
    .port_info 0 /INPUT 1 "clear";
    .port_info 1 /INPUT 1 "clock";
    .port_info 2 /INPUT 1 "enable";
    .port_info 3 /INPUT 32 "data_in";
    .port_info 4 /OUTPUT 32 "data_out";
P_0x152329890 .param/l "DATA_WIDTH" 0 20 1, +C4<00000000000000000000000000100000>;
P_0x1523298d0 .param/l "INIT" 0 20 1, C4<00000000000000000000000000000000>;
L_0x1523377e0 .functor BUFZ 32, v0x152329da0_0, C4<00000000000000000000000000000000>, C4<00000000000000000000000000000000>, C4<00000000000000000000000000000000>;
v0x152329a40_0 .net "clear", 0 0, v0x152334d40_0;  alias, 1 drivers
v0x152329ad0_0 .net "clock", 0 0, v0x152334dd0_0;  alias, 1 drivers
v0x152329b70_0 .net "data_in", 31 0, v0x152320a30_0;  alias, 1 drivers
v0x152329c20_0 .net "data_out", 31 0, L_0x1523377e0;  alias, 1 drivers
v0x152329cd0_0 .net "enable", 0 0, L_0x152337850;  1 drivers
v0x152329da0_0 .var "q", 31 0;
S_0x152329ed0 .scope module, "reg13" "register" 3 145, 20 1 0, S_0x1507fd720;
 .timescale -9 -11;
    .port_info 0 /INPUT 1 "clear";
    .port_info 1 /INPUT 1 "clock";
    .port_info 2 /INPUT 1 "enable";
    .port_info 3 /INPUT 32 "data_in";
    .port_info 4 /OUTPUT 32 "data_out";
P_0x15232a090 .param/l "DATA_WIDTH" 0 20 1, +C4<00000000000000000000000000100000>;
P_0x15232a0d0 .param/l "INIT" 0 20 1, C4<00000000000000000000000000000000>;
L_0x152337980 .functor BUFZ 32, v0x15232a5a0_0, C4<00000000000000000000000000000000>, C4<00000000000000000000000000000000>, C4<00000000000000000000000000000000>;
v0x15232a240_0 .net "clear", 0 0, v0x152334d40_0;  alias, 1 drivers
v0x15232a2d0_0 .net "clock", 0 0, v0x152334dd0_0;  alias, 1 drivers
v0x15232a370_0 .net "data_in", 31 0, v0x152320a30_0;  alias, 1 drivers
v0x15232a420_0 .net "data_out", 31 0, L_0x152337980;  alias, 1 drivers
v0x15232a4d0_0 .net "enable", 0 0, L_0x152337a10;  1 drivers
v0x15232a5a0_0 .var "q", 31 0;
S_0x15232a6d0 .scope module, "reg14" "register" 3 153, 20 1 0, S_0x1507fd720;
 .timescale -9 -11;
    .port_info 0 /INPUT 1 "clear";
    .port_info 1 /INPUT 1 "clock";
    .port_info 2 /INPUT 1 "enable";
    .port_info 3 /INPUT 32 "data_in";
    .port_info 4 /OUTPUT 32 "data_out";
P_0x1523243b0 .param/l "DATA_WIDTH" 0 20 1, +C4<00000000000000000000000000100000>;
P_0x1523243f0 .param/l "INIT" 0 20 1, C4<00000000000000000000000000000000>;
L_0x152337ab0 .functor BUFZ 32, v0x15232ae20_0, C4<00000000000000000000000000000000>, C4<00000000000000000000000000000000>, C4<00000000000000000000000000000000>;
v0x15232aac0_0 .net "clear", 0 0, v0x152334d40_0;  alias, 1 drivers
v0x15232ab50_0 .net "clock", 0 0, v0x152334dd0_0;  alias, 1 drivers
v0x15232abf0_0 .net "data_in", 31 0, v0x152320a30_0;  alias, 1 drivers
v0x15232aca0_0 .net "data_out", 31 0, L_0x152337ab0;  alias, 1 drivers
v0x15232ad50_0 .net "enable", 0 0, L_0x152337b20;  1 drivers
v0x15232ae20_0 .var "q", 31 0;
S_0x15232af50 .scope module, "reg15" "register" 3 161, 20 1 0, S_0x1507fd720;
 .timescale -9 -11;
    .port_info 0 /INPUT 1 "clear";
    .port_info 1 /INPUT 1 "clock";
    .port_info 2 /INPUT 1 "enable";
    .port_info 3 /INPUT 32 "data_in";
    .port_info 4 /OUTPUT 32 "data_out";
P_0x15232b110 .param/l "DATA_WIDTH" 0 20 1, +C4<00000000000000000000000000100000>;
P_0x15232b150 .param/l "INIT" 0 20 1, C4<00000000000000000000000000000000>;
L_0x152337910 .functor BUFZ 32, v0x15232b620_0, C4<00000000000000000000000000000000>, C4<00000000000000000000000000000000>, C4<00000000000000000000000000000000>;
v0x15232b2c0_0 .net "clear", 0 0, v0x152334d40_0;  alias, 1 drivers
v0x15232b350_0 .net "clock", 0 0, v0x152334dd0_0;  alias, 1 drivers
v0x15232b3f0_0 .net "data_in", 31 0, v0x152320a30_0;  alias, 1 drivers
v0x15232b4a0_0 .net "data_out", 31 0, L_0x152337910;  alias, 1 drivers
v0x15232b550_0 .net "enable", 0 0, L_0x152337dc0;  1 drivers
v0x15232b620_0 .var "q", 31 0;
S_0x15232b750 .scope module, "reg2" "register" 3 57, 20 1 0, S_0x1507fd720;
 .timescale -9 -11;
    .port_info 0 /INPUT 1 "clear";
    .port_info 1 /INPUT 1 "clock";
    .port_info 2 /INPUT 1 "enable";
    .port_info 3 /INPUT 32 "data_in";
    .port_info 4 /OUTPUT 32 "data_out";
P_0x15232b910 .param/l "DATA_WIDTH" 0 20 1, +C4<00000000000000000000000000100000>;
P_0x15232b950 .param/l "INIT" 0 20 1, C4<00000000000000000000000000000000>;
L_0x152336b20 .functor BUFZ 32, v0x15232be20_0, C4<00000000000000000000000000000000>, C4<00000000000000000000000000000000>, C4<00000000000000000000000000000000>;
v0x15232bac0_0 .net "clear", 0 0, v0x152334d40_0;  alias, 1 drivers
v0x15232bb50_0 .net "clock", 0 0, v0x152334dd0_0;  alias, 1 drivers
v0x15232bbf0_0 .net "data_in", 31 0, v0x152320a30_0;  alias, 1 drivers
v0x15232bca0_0 .net "data_out", 31 0, L_0x152336b20;  alias, 1 drivers
v0x15232bd50_0 .net "enable", 0 0, L_0x152336b90;  1 drivers
v0x15232be20_0 .var "q", 31 0;
S_0x15232bf50 .scope module, "reg3" "register" 3 65, 20 1 0, S_0x1507fd720;
 .timescale -9 -11;
    .port_info 0 /INPUT 1 "clear";
    .port_info 1 /INPUT 1 "clock";
    .port_info 2 /INPUT 1 "enable";
    .port_info 3 /INPUT 32 "data_in";
    .port_info 4 /OUTPUT 32 "data_out";
P_0x15232c110 .param/l "DATA_WIDTH" 0 20 1, +C4<00000000000000000000000000100000>;
P_0x15232c150 .param/l "INIT" 0 20 1, C4<00000000000000000000000000000000>;
L_0x152336cb0 .functor BUFZ 32, v0x15232c870_0, C4<00000000000000000000000000000000>, C4<00000000000000000000000000000000>, C4<00000000000000000000000000000000>;
v0x15232c2c0_0 .net "clear", 0 0, v0x152334d40_0;  alias, 1 drivers
v0x1523281d0_0 .net "clock", 0 0, v0x152334dd0_0;  alias, 1 drivers
v0x152328370_0 .net "data_in", 31 0, v0x152320a30_0;  alias, 1 drivers
v0x15232c750_0 .net "data_out", 31 0, L_0x152336cb0;  alias, 1 drivers
v0x15232c7e0_0 .net "enable", 0 0, L_0x152336d20;  1 drivers
v0x15232c870_0 .var "q", 31 0;
S_0x15232c950 .scope module, "reg4" "register" 3 73, 20 1 0, S_0x1507fd720;
 .timescale -9 -11;
    .port_info 0 /INPUT 1 "clear";
    .port_info 1 /INPUT 1 "clock";
    .port_info 2 /INPUT 1 "enable";
    .port_info 3 /INPUT 32 "data_in";
    .port_info 4 /OUTPUT 32 "data_out";
P_0x15232cb10 .param/l "DATA_WIDTH" 0 20 1, +C4<00000000000000000000000000100000>;
P_0x15232cb50 .param/l "INIT" 0 20 1, C4<00000000000000000000000000000000>;
L_0x152336dc0 .functor BUFZ 32, v0x15232cea0_0, C4<00000000000000000000000000000000>, C4<00000000000000000000000000000000>, C4<00000000000000000000000000000000>;
v0x15232ccc0_0 .net "clear", 0 0, v0x152334d40_0;  alias, 1 drivers
v0x15232cd50_0 .net "clock", 0 0, v0x152334dd0_0;  alias, 1 drivers
v0x15232cdf0_0 .net "data_in", 31 0, v0x152320a30_0;  alias, 1 drivers
v0x152321390_0 .net "data_out", 31 0, L_0x152336dc0;  alias, 1 drivers
v0x152321440_0 .net "enable", 0 0, L_0x152336e30;  1 drivers
v0x15232cea0_0 .var "q", 31 0;
S_0x15232cf50 .scope module, "reg5" "register" 3 81, 20 1 0, S_0x1507fd720;
 .timescale -9 -11;
    .port_info 0 /INPUT 1 "clear";
    .port_info 1 /INPUT 1 "clock";
    .port_info 2 /INPUT 1 "enable";
    .port_info 3 /INPUT 32 "data_in";
    .port_info 4 /OUTPUT 32 "data_out";
P_0x15232d110 .param/l "DATA_WIDTH" 0 20 1, +C4<00000000000000000000000000100000>;
P_0x15232d150 .param/l "INIT" 0 20 1, C4<00000000000000000000000000000000>;
L_0x152336ed0 .functor BUFZ 32, v0x15232d620_0, C4<00000000000000000000000000000000>, C4<00000000000000000000000000000000>, C4<00000000000000000000000000000000>;
v0x15232d2c0_0 .net "clear", 0 0, v0x152334d40_0;  alias, 1 drivers
v0x15232d350_0 .net "clock", 0 0, v0x152334dd0_0;  alias, 1 drivers
v0x15232d3f0_0 .net "data_in", 31 0, v0x152320a30_0;  alias, 1 drivers
v0x15232d4a0_0 .net "data_out", 31 0, L_0x152336ed0;  alias, 1 drivers
v0x15232d550_0 .net "enable", 0 0, L_0x152336f40;  1 drivers
v0x15232d620_0 .var "q", 31 0;
S_0x15232d750 .scope module, "reg6" "register" 3 89, 20 1 0, S_0x1507fd720;
 .timescale -9 -11;
    .port_info 0 /INPUT 1 "clear";
    .port_info 1 /INPUT 1 "clock";
    .port_info 2 /INPUT 1 "enable";
    .port_info 3 /INPUT 32 "data_in";
    .port_info 4 /OUTPUT 32 "data_out";
P_0x15232d910 .param/l "DATA_WIDTH" 0 20 1, +C4<00000000000000000000000000100000>;
P_0x15232d950 .param/l "INIT" 0 20 1, C4<00000000000000000000000000000000>;
L_0x152336fe0 .functor BUFZ 32, v0x15232de20_0, C4<00000000000000000000000000000000>, C4<00000000000000000000000000000000>, C4<00000000000000000000000000000000>;
v0x15232dac0_0 .net "clear", 0 0, v0x152334d40_0;  alias, 1 drivers
v0x15232db50_0 .net "clock", 0 0, v0x152334dd0_0;  alias, 1 drivers
v0x15232dbf0_0 .net "data_in", 31 0, v0x152320a30_0;  alias, 1 drivers
v0x15232dca0_0 .net "data_out", 31 0, L_0x152336fe0;  alias, 1 drivers
v0x15232dd50_0 .net "enable", 0 0, L_0x152337050;  1 drivers
v0x15232de20_0 .var "q", 31 0;
S_0x15232df50 .scope module, "reg7" "register" 3 97, 20 1 0, S_0x1507fd720;
 .timescale -9 -11;
    .port_info 0 /INPUT 1 "clear";
    .port_info 1 /INPUT 1 "clock";
    .port_info 2 /INPUT 1 "enable";
    .port_info 3 /INPUT 32 "data_in";
    .port_info 4 /OUTPUT 32 "data_out";
P_0x15232e110 .param/l "DATA_WIDTH" 0 20 1, +C4<00000000000000000000000000100000>;
P_0x15232e150 .param/l "INIT" 0 20 1, C4<00000000000000000000000000000000>;
L_0x1523371f0 .functor BUFZ 32, v0x15232e620_0, C4<00000000000000000000000000000000>, C4<00000000000000000000000000000000>, C4<00000000000000000000000000000000>;
v0x15232e2c0_0 .net "clear", 0 0, v0x152334d40_0;  alias, 1 drivers
v0x15232e350_0 .net "clock", 0 0, v0x152334dd0_0;  alias, 1 drivers
v0x15232e3f0_0 .net "data_in", 31 0, v0x152320a30_0;  alias, 1 drivers
v0x15232e4a0_0 .net "data_out", 31 0, L_0x1523371f0;  alias, 1 drivers
v0x15232e550_0 .net "enable", 0 0, L_0x152337260;  1 drivers
v0x15232e620_0 .var "q", 31 0;
S_0x15232e750 .scope module, "reg8" "register" 3 105, 20 1 0, S_0x1507fd720;
 .timescale -9 -11;
    .port_info 0 /INPUT 1 "clear";
    .port_info 1 /INPUT 1 "clock";
    .port_info 2 /INPUT 1 "enable";
    .port_info 3 /INPUT 32 "data_in";
    .port_info 4 /OUTPUT 32 "data_out";
P_0x15232e910 .param/l "DATA_WIDTH" 0 20 1, +C4<00000000000000000000000000100000>;
P_0x15232e950 .param/l "INIT" 0 20 1, C4<00000000000000000000000000000000>;
L_0x152336c30 .functor BUFZ 32, v0x15232ee20_0, C4<00000000000000000000000000000000>, C4<00000000000000000000000000000000>, C4<00000000000000000000000000000000>;
v0x15232eac0_0 .net "clear", 0 0, v0x152334d40_0;  alias, 1 drivers
v0x15232eb50_0 .net "clock", 0 0, v0x152334dd0_0;  alias, 1 drivers
v0x15232ebf0_0 .net "data_in", 31 0, v0x152320a30_0;  alias, 1 drivers
v0x15232eca0_0 .net "data_out", 31 0, L_0x152336c30;  alias, 1 drivers
v0x15232ed50_0 .net "enable", 0 0, L_0x152337300;  1 drivers
v0x15232ee20_0 .var "q", 31 0;
S_0x15232ef50 .scope module, "reg9" "register" 3 113, 20 1 0, S_0x1507fd720;
 .timescale -9 -11;
    .port_info 0 /INPUT 1 "clear";
    .port_info 1 /INPUT 1 "clock";
    .port_info 2 /INPUT 1 "enable";
    .port_info 3 /INPUT 32 "data_in";
    .port_info 4 /OUTPUT 32 "data_out";
P_0x15232f110 .param/l "DATA_WIDTH" 0 20 1, +C4<00000000000000000000000000100000>;
P_0x15232f150 .param/l "INIT" 0 20 1, C4<00000000000000000000000000000000>;
L_0x1523373f0 .functor BUFZ 32, v0x15232f620_0, C4<00000000000000000000000000000000>, C4<00000000000000000000000000000000>, C4<00000000000000000000000000000000>;
v0x15232f2c0_0 .net "clear", 0 0, v0x152334d40_0;  alias, 1 drivers
v0x15232f350_0 .net "clock", 0 0, v0x152334dd0_0;  alias, 1 drivers
v0x15232f3f0_0 .net "data_in", 31 0, v0x152320a30_0;  alias, 1 drivers
v0x15232f4a0_0 .net "data_out", 31 0, L_0x1523373f0;  alias, 1 drivers
v0x15232f550_0 .net "enable", 0 0, L_0x152337480;  1 drivers
v0x15232f620_0 .var "q", 31 0;
S_0x15232f750 .scope module, "select_encode" "Select_Encode" 3 26, 26 1 0, S_0x1507fd720;
 .timescale -9 -11;
    .port_info 0 /INPUT 32 "IR";
    .port_info 1 /INPUT 1 "Gra";
    .port_info 2 /INPUT 1 "Grb";
    .port_info 3 /INPUT 1 "Grc";
    .port_info 4 /INPUT 1 "Rin";
    .port_info 5 /INPUT 1 "Rout";
    .port_info 6 /INPUT 1 "BAout";
    .port_info 7 /INPUT 1 "Cout";
    .port_info 8 /OUTPUT 16 "Rin_out";
    .port_info 9 /OUTPUT 16 "Rout_out";
    .port_info 10 /OUTPUT 32 "C_sign_extended";
P_0x15232f910 .param/l "DATA_WIDTH" 0 26 1, +C4<00000000000000000000000000100000>;
v0x15232fc10_0 .net "BAout", 0 0, v0x1507fa5a0_0;  alias, 1 drivers
v0x15232fcc0_0 .var "C_sign_extended", 31 0;
v0x15232fd50_0 .net "Cout", 0 0, v0x152334e60_0;  alias, 1 drivers
v0x15232fde0_0 .net "Gra", 0 0, v0x152334ef0_0;  alias, 1 drivers
v0x15232fe70_0 .net "Grb", 0 0, v0x152334fc0_0;  alias, 1 drivers
v0x15232ff40_0 .net "Grc", 0 0, v0x152335050_0;  alias, 1 drivers
v0x15232ffd0_0 .net "IR", 31 0, L_0x152337f00;  alias, 1 drivers
v0x152330060_0 .net "Rin", 0 0, v0x152336000_0;  alias, 1 drivers
v0x1523300f0_0 .var "Rin_out", 15 0;
v0x152330200_0 .net "Rout", 0 0, v0x1523360d0_0;  alias, 1 drivers
v0x1523302a0_0 .var "Rout_out", 15 0;
v0x152330350_0 .var "reg_to_enable", 3 0;
E_0x15232fb80/0 .event anyedge, v0x152322550_0, v0x15232fde0_0, v0x15232fe70_0, v0x15231e8d0_0;
E_0x15232fb80/1 .event anyedge, v0x152330060_0, v0x152330350_0, v0x152327860_0, v0x152330200_0;
E_0x15232fb80/2 .event anyedge, v0x15232ff40_0;
E_0x15232fb80 .event/or E_0x15232fb80/0, E_0x15232fb80/1, E_0x15232fb80/2;
S_0x152330510 .scope module, "y_register" "register" 3 231, 20 1 0, S_0x1507fd720;
 .timescale -9 -11;
    .port_info 0 /INPUT 1 "clear";
    .port_info 1 /INPUT 1 "clock";
    .port_info 2 /INPUT 1 "enable";
    .port_info 3 /INPUT 32 "data_in";
    .port_info 4 /OUTPUT 32 "data_out";
P_0x1523306d0 .param/l "DATA_WIDTH" 0 20 1, +C4<00000000000000000000000000100000>;
P_0x152330710 .param/l "INIT" 0 20 1, C4<00000000000000000000000000000000>;
v0x152330820_0 .net "clear", 0 0, v0x152334d40_0;  alias, 1 drivers
v0x1523308c0_0 .net "clock", 0 0, v0x152334dd0_0;  alias, 1 drivers
v0x152330960_0 .net "data_in", 31 0, v0x152320a30_0;  alias, 1 drivers
v0x152330a10_0 .net "data_out", 31 0, v0x152330c70_0;  alias, 1 drivers
v0x152330ba0_0 .net "enable", 0 0, v0x152336230_0;  alias, 1 drivers
v0x152330c70_0 .var "q", 31 0;
S_0x152330d10 .scope module, "z_high_register" "register" 3 196, 20 1 0, S_0x1507fd720;
 .timescale -9 -11;
    .port_info 0 /INPUT 1 "clear";
    .port_info 1 /INPUT 1 "clock";
    .port_info 2 /INPUT 1 "enable";
    .port_info 3 /INPUT 32 "data_in";
    .port_info 4 /OUTPUT 32 "data_out";
P_0x152330ed0 .param/l "DATA_WIDTH" 0 20 1, +C4<00000000000000000000000000100000>;
P_0x152330f10 .param/l "INIT" 0 20 1, C4<00000000000000000000000000000000>;
L_0x152338190 .functor BUFZ 32, v0x152331410_0, C4<00000000000000000000000000000000>, C4<00000000000000000000000000000000>, C4<00000000000000000000000000000000>;
v0x1523310a0_0 .net "clear", 0 0, v0x152334d40_0;  alias, 1 drivers
v0x152331130_0 .net "clock", 0 0, v0x152334dd0_0;  alias, 1 drivers
v0x1523311d0_0 .net "data_in", 31 0, L_0x152338200;  1 drivers
v0x152331280_0 .net "data_out", 31 0, L_0x152338190;  alias, 1 drivers
v0x152331340_0 .net "enable", 0 0, v0x152336390_0;  alias, 1 drivers
v0x152331410_0 .var "q", 31 0;
S_0x152331540 .scope module, "z_low_register" "register" 3 188, 20 1 0, S_0x1507fd720;
 .timescale -9 -11;
    .port_info 0 /INPUT 1 "clear";
    .port_info 1 /INPUT 1 "clock";
    .port_info 2 /INPUT 1 "enable";
    .port_info 3 /INPUT 32 "data_in";
    .port_info 4 /OUTPUT 32 "data_out";
P_0x152331700 .param/l "DATA_WIDTH" 0 20 1, +C4<00000000000000000000000000100000>;
P_0x152331740 .param/l "INIT" 0 20 1, C4<00000000000000000000000000000000>;
L_0x152337f70 .functor BUFZ 32, v0x152331c20_0, C4<00000000000000000000000000000000>, C4<00000000000000000000000000000000>, C4<00000000000000000000000000000000>;
v0x1523318b0_0 .net "clear", 0 0, v0x152334d40_0;  alias, 1 drivers
v0x152331940_0 .net "clock", 0 0, v0x152334dd0_0;  alias, 1 drivers
v0x1523319e0_0 .net "data_in", 31 0, L_0x152338000;  1 drivers
v0x152331a90_0 .net "data_out", 31 0, L_0x152337f70;  alias, 1 drivers
v0x152331b50_0 .net "enable", 0 0, v0x152336390_0;  alias, 1 drivers
v0x152331c20_0 .var "q", 31 0;
    .scope S_0x15232f750;
T_0 ;
    %wait E_0x15232fb80;
    %pushi/vec4 0, 0, 16;
    %store/vec4 v0x1523300f0_0, 0, 16;
    %pushi/vec4 0, 0, 16;
    %store/vec4 v0x1523302a0_0, 0, 16;
    %pushi/vec4 0, 0, 4;
    %store/vec4 v0x152330350_0, 0, 4;
    %pushi/vec4 0, 0, 32;
    %store/vec4 v0x15232fcc0_0, 0, 32;
    %load/vec4 v0x15232ffd0_0;
    %parti/s 5, 27, 6;
    %dup/vec4;
    %pushi/vec4 0, 0, 5;
    %cmp/u;
    %jmp/1 T_0.0, 6;
    %dup/vec4;
    %pushi/vec4 1, 0, 5;
    %cmp/u;
    %jmp/1 T_0.1, 6;
    %dup/vec4;
    %pushi/vec4 2, 0, 5;
    %cmp/u;
    %jmp/1 T_0.2, 6;
    %dup/vec4;
    %pushi/vec4 3, 0, 5;
    %cmp/u;
    %jmp/1 T_0.3, 6;
    %dup/vec4;
    %pushi/vec4 4, 0, 5;
    %cmp/u;
    %jmp/1 T_0.4, 6;
    %dup/vec4;
    %pushi/vec4 5, 0, 5;
    %cmp/u;
    %jmp/1 T_0.5, 6;
    %dup/vec4;
    %pushi/vec4 6, 0, 5;
    %cmp/u;
    %jmp/1 T_0.6, 6;
    %dup/vec4;
    %pushi/vec4 7, 0, 5;
    %cmp/u;
    %jmp/1 T_0.7, 6;
    %dup/vec4;
    %pushi/vec4 8, 0, 5;
    %cmp/u;
    %jmp/1 T_0.8, 6;
    %dup/vec4;
    %pushi/vec4 9, 0, 5;
    %cmp/u;
    %jmp/1 T_0.9, 6;
    %dup/vec4;
    %pushi/vec4 10, 0, 5;
    %cmp/u;
    %jmp/1 T_0.10, 6;
    %dup/vec4;
    %pushi/vec4 11, 0, 5;
    %cmp/u;
    %jmp/1 T_0.11, 6;
    %dup/vec4;
    %pushi/vec4 12, 0, 5;
    %cmp/u;
    %jmp/1 T_0.12, 6;
    %dup/vec4;
    %pushi/vec4 13, 0, 5;
    %cmp/u;
    %jmp/1 T_0.13, 6;
    %dup/vec4;
    %pushi/vec4 14, 0, 5;
    %cmp/u;
    %jmp/1 T_0.14, 6;
    %dup/vec4;
    %pushi/vec4 15, 0, 5;
    %cmp/u;
    %jmp/1 T_0.15, 6;
    %dup/vec4;
    %pushi/vec4 16, 0, 5;
    %cmp/u;
    %jmp/1 T_0.16, 6;
    %dup/vec4;
    %pushi/vec4 17, 0, 5;
    %cmp/u;
    %jmp/1 T_0.17, 6;
    %dup/vec4;
    %pushi/vec4 18, 0, 5;
    %cmp/u;
    %jmp/1 T_0.18, 6;
    %dup/vec4;
    %pushi/vec4 19, 0, 5;
    %cmp/u;
    %jmp/1 T_0.19, 6;
    %dup/vec4;
    %pushi/vec4 20, 0, 5;
    %cmp/u;
    %jmp/1 T_0.20, 6;
    %dup/vec4;
    %pushi/vec4 21, 0, 5;
    %cmp/u;
    %jmp/1 T_0.21, 6;
    %dup/vec4;
    %pushi/vec4 22, 0, 5;
    %cmp/u;
    %jmp/1 T_0.22, 6;
    %dup/vec4;
    %pushi/vec4 23, 0, 5;
    %cmp/u;
    %jmp/1 T_0.23, 6;
    %dup/vec4;
    %pushi/vec4 24, 0, 5;
    %cmp/u;
    %jmp/1 T_0.24, 6;
    %dup/vec4;
    %pushi/vec4 25, 0, 5;
    %cmp/u;
    %jmp/1 T_0.25, 6;
    %pushi/vec4 0, 0, 4;
    %store/vec4 v0x152330350_0, 0, 4;
    %jmp T_0.27;
T_0.0 ;
    %load/vec4 v0x15232fde0_0;
    %flag_set/vec4 8;
    %jmp/0xz  T_0.28, 8;
    %load/vec4 v0x15232ffd0_0;
    %parti/s 4, 23, 6;
    %store/vec4 v0x152330350_0, 0, 4;
T_0.28 ;
    %load/vec4 v0x15232fe70_0;
    %flag_set/vec4 8;
    %jmp/0xz  T_0.30, 8;
    %load/vec4 v0x15232ffd0_0;
    %parti/s 4, 19, 6;
    %store/vec4 v0x152330350_0, 0, 4;
T_0.30 ;
    %load/vec4 v0x15232fd50_0;
    %flag_set/vec4 8;
    %jmp/0xz  T_0.32, 8;
    %load/vec4 v0x15232ffd0_0;
    %parti/s 1, 18, 6;
    %replicate 13;
    %load/vec4 v0x15232ffd0_0;
    %parti/s 19, 0, 2;
    %concat/vec4; draw_concat_vec4
    %store/vec4 v0x15232fcc0_0, 0, 32;
T_0.32 ;
    %load/vec4 v0x152330060_0;
    %flag_set/vec4 8;
    %jmp/0xz  T_0.34, 8;
    %pushi/vec4 1, 0, 16;
    %ix/getv 4, v0x152330350_0;
    %shiftl 4;
    %store/vec4 v0x1523300f0_0, 0, 16;
T_0.34 ;
    %load/vec4 v0x15232fc10_0;
    %flag_set/vec4 8;
    %jmp/0xz  T_0.36, 8;
    %load/vec4 v0x15232ffd0_0;
    %parti/s 4, 19, 6;
    %cmpi/e 0, 0, 4;
    %jmp/0xz  T_0.38, 4;
    %pushi/vec4 1, 0, 16;
    %store/vec4 v0x1523302a0_0, 0, 16;
    %jmp T_0.39;
T_0.38 ;
    %pushi/vec4 1, 0, 16;
    %load/vec4 v0x15232ffd0_0;
    %parti/s 4, 19, 6;
    %ix/vec4 4;
    %shiftl 4;
    %store/vec4 v0x1523302a0_0, 0, 16;
T_0.39 ;
    %jmp T_0.37;
T_0.36 ;
    %load/vec4 v0x152330200_0;
    %flag_set/vec4 8;
    %jmp/0xz  T_0.40, 8;
    %pushi/vec4 1, 0, 16;
    %ix/getv 4, v0x152330350_0;
    %shiftl 4;
    %store/vec4 v0x1523302a0_0, 0, 16;
T_0.40 ;
T_0.37 ;
    %jmp T_0.27;
T_0.1 ;
    %load/vec4 v0x15232fde0_0;
    %flag_set/vec4 8;
    %jmp/0xz  T_0.42, 8;
    %load/vec4 v0x15232ffd0_0;
    %parti/s 4, 23, 6;
    %store/vec4 v0x152330350_0, 0, 4;
T_0.42 ;
    %load/vec4 v0x15232fe70_0;
    %flag_set/vec4 8;
    %jmp/0xz  T_0.44, 8;
    %load/vec4 v0x15232ffd0_0;
    %parti/s 4, 19, 6;
    %store/vec4 v0x152330350_0, 0, 4;
T_0.44 ;
    %load/vec4 v0x15232fd50_0;
    %flag_set/vec4 8;
    %jmp/0xz  T_0.46, 8;
    %load/vec4 v0x15232ffd0_0;
    %parti/s 1, 18, 6;
    %replicate 13;
    %load/vec4 v0x15232ffd0_0;
    %parti/s 19, 0, 2;
    %concat/vec4; draw_concat_vec4
    %store/vec4 v0x15232fcc0_0, 0, 32;
T_0.46 ;
    %load/vec4 v0x152330060_0;
    %flag_set/vec4 8;
    %jmp/0xz  T_0.48, 8;
    %pushi/vec4 1, 0, 16;
    %ix/getv 4, v0x152330350_0;
    %shiftl 4;
    %store/vec4 v0x1523300f0_0, 0, 16;
T_0.48 ;
    %load/vec4 v0x15232fc10_0;
    %flag_set/vec4 8;
    %jmp/0xz  T_0.50, 8;
    %load/vec4 v0x15232ffd0_0;
    %parti/s 4, 19, 6;
    %cmpi/e 0, 0, 4;
    %jmp/0xz  T_0.52, 4;
    %pushi/vec4 1, 0, 16;
    %store/vec4 v0x1523302a0_0, 0, 16;
    %jmp T_0.53;
T_0.52 ;
    %pushi/vec4 1, 0, 16;
    %load/vec4 v0x15232ffd0_0;
    %parti/s 4, 19, 6;
    %ix/vec4 4;
    %shiftl 4;
    %store/vec4 v0x1523302a0_0, 0, 16;
T_0.53 ;
    %jmp T_0.51;
T_0.50 ;
    %load/vec4 v0x152330200_0;
    %flag_set/vec4 8;
    %jmp/0xz  T_0.54, 8;
    %pushi/vec4 1, 0, 16;
    %ix/getv 4, v0x152330350_0;
    %shiftl 4;
    %store/vec4 v0x1523302a0_0, 0, 16;
T_0.54 ;
T_0.51 ;
    %jmp T_0.27;
T_0.2 ;
    %load/vec4 v0x15232fde0_0;
    %flag_set/vec4 8;
    %jmp/0xz  T_0.56, 8;
    %load/vec4 v0x15232ffd0_0;
    %parti/s 4, 23, 6;
    %store/vec4 v0x152330350_0, 0, 4;
T_0.56 ;
    %load/vec4 v0x15232fe70_0;
    %flag_set/vec4 8;
    %jmp/0xz  T_0.58, 8;
    %load/vec4 v0x15232ffd0_0;
    %parti/s 4, 19, 6;
    %store/vec4 v0x152330350_0, 0, 4;
T_0.58 ;
    %load/vec4 v0x15232fd50_0;
    %flag_set/vec4 8;
    %jmp/0xz  T_0.60, 8;
    %load/vec4 v0x15232ffd0_0;
    %parti/s 1, 18, 6;
    %replicate 13;
    %load/vec4 v0x15232ffd0_0;
    %parti/s 19, 0, 2;
    %concat/vec4; draw_concat_vec4
    %store/vec4 v0x15232fcc0_0, 0, 32;
T_0.60 ;
    %load/vec4 v0x152330060_0;
    %flag_set/vec4 8;
    %jmp/0xz  T_0.62, 8;
    %pushi/vec4 1, 0, 16;
    %ix/getv 4, v0x152330350_0;
    %shiftl 4;
    %store/vec4 v0x1523300f0_0, 0, 16;
T_0.62 ;
    %load/vec4 v0x15232fc10_0;
    %flag_set/vec4 8;
    %jmp/0xz  T_0.64, 8;
    %load/vec4 v0x15232ffd0_0;
    %parti/s 4, 19, 6;
    %cmpi/e 0, 0, 4;
    %jmp/0xz  T_0.66, 4;
    %pushi/vec4 1, 0, 16;
    %store/vec4 v0x1523302a0_0, 0, 16;
    %jmp T_0.67;
T_0.66 ;
    %pushi/vec4 1, 0, 16;
    %load/vec4 v0x15232ffd0_0;
    %parti/s 4, 19, 6;
    %ix/vec4 4;
    %shiftl 4;
    %store/vec4 v0x1523302a0_0, 0, 16;
T_0.67 ;
    %jmp T_0.65;
T_0.64 ;
    %load/vec4 v0x152330200_0;
    %flag_set/vec4 8;
    %jmp/0xz  T_0.68, 8;
    %pushi/vec4 1, 0, 16;
    %ix/getv 4, v0x152330350_0;
    %shiftl 4;
    %store/vec4 v0x1523302a0_0, 0, 16;
T_0.68 ;
T_0.65 ;
    %jmp T_0.27;
T_0.3 ;
    %load/vec4 v0x15232fde0_0;
    %flag_set/vec4 8;
    %jmp/0xz  T_0.70, 8;
    %load/vec4 v0x15232ffd0_0;
    %parti/s 4, 23, 6;
    %store/vec4 v0x152330350_0, 0, 4;
T_0.70 ;
    %load/vec4 v0x15232fe70_0;
    %flag_set/vec4 8;
    %jmp/0xz  T_0.72, 8;
    %load/vec4 v0x15232ffd0_0;
    %parti/s 4, 19, 6;
    %store/vec4 v0x152330350_0, 0, 4;
T_0.72 ;
    %load/vec4 v0x15232ff40_0;
    %flag_set/vec4 8;
    %jmp/0xz  T_0.74, 8;
    %load/vec4 v0x15232ffd0_0;
    %parti/s 4, 15, 5;
    %store/vec4 v0x152330350_0, 0, 4;
T_0.74 ;
    %load/vec4 v0x152330060_0;
    %flag_set/vec4 8;
    %jmp/0xz  T_0.76, 8;
    %pushi/vec4 1, 0, 16;
    %ix/getv 4, v0x152330350_0;
    %shiftl 4;
    %store/vec4 v0x1523300f0_0, 0, 16;
T_0.76 ;
    %load/vec4 v0x152330200_0;
    %flag_set/vec4 8;
    %jmp/0xz  T_0.78, 8;
    %pushi/vec4 1, 0, 16;
    %ix/getv 4, v0x152330350_0;
    %shiftl 4;
    %store/vec4 v0x1523302a0_0, 0, 16;
T_0.78 ;
    %jmp T_0.27;
T_0.4 ;
    %load/vec4 v0x15232fde0_0;
    %flag_set/vec4 8;
    %jmp/0xz  T_0.80, 8;
    %load/vec4 v0x15232ffd0_0;
    %parti/s 4, 23, 6;
    %store/vec4 v0x152330350_0, 0, 4;
T_0.80 ;
    %load/vec4 v0x15232fe70_0;
    %flag_set/vec4 8;
    %jmp/0xz  T_0.82, 8;
    %load/vec4 v0x15232ffd0_0;
    %parti/s 4, 19, 6;
    %store/vec4 v0x152330350_0, 0, 4;
T_0.82 ;
    %load/vec4 v0x15232ff40_0;
    %flag_set/vec4 8;
    %jmp/0xz  T_0.84, 8;
    %load/vec4 v0x15232ffd0_0;
    %parti/s 4, 15, 5;
    %store/vec4 v0x152330350_0, 0, 4;
T_0.84 ;
    %load/vec4 v0x152330060_0;
    %flag_set/vec4 8;
    %jmp/0xz  T_0.86, 8;
    %pushi/vec4 1, 0, 16;
    %ix/getv 4, v0x152330350_0;
    %shiftl 4;
    %store/vec4 v0x1523300f0_0, 0, 16;
T_0.86 ;
    %load/vec4 v0x152330200_0;
    %flag_set/vec4 8;
    %jmp/0xz  T_0.88, 8;
    %pushi/vec4 1, 0, 16;
    %ix/getv 4, v0x152330350_0;
    %shiftl 4;
    %store/vec4 v0x1523302a0_0, 0, 16;
T_0.88 ;
    %jmp T_0.27;
T_0.5 ;
    %load/vec4 v0x15232fde0_0;
    %flag_set/vec4 8;
    %jmp/0xz  T_0.90, 8;
    %load/vec4 v0x15232ffd0_0;
    %parti/s 4, 23, 6;
    %store/vec4 v0x152330350_0, 0, 4;
T_0.90 ;
    %load/vec4 v0x15232fe70_0;
    %flag_set/vec4 8;
    %jmp/0xz  T_0.92, 8;
    %load/vec4 v0x15232ffd0_0;
    %parti/s 4, 19, 6;
    %store/vec4 v0x152330350_0, 0, 4;
T_0.92 ;
    %load/vec4 v0x15232ff40_0;
    %flag_set/vec4 8;
    %jmp/0xz  T_0.94, 8;
    %load/vec4 v0x15232ffd0_0;
    %parti/s 4, 15, 5;
    %store/vec4 v0x152330350_0, 0, 4;
T_0.94 ;
    %load/vec4 v0x152330060_0;
    %flag_set/vec4 8;
    %jmp/0xz  T_0.96, 8;
    %pushi/vec4 1, 0, 16;
    %ix/getv 4, v0x152330350_0;
    %shiftl 4;
    %store/vec4 v0x1523300f0_0, 0, 16;
T_0.96 ;
    %load/vec4 v0x152330200_0;
    %flag_set/vec4 8;
    %jmp/0xz  T_0.98, 8;
    %pushi/vec4 1, 0, 16;
    %ix/getv 4, v0x152330350_0;
    %shiftl 4;
    %store/vec4 v0x1523302a0_0, 0, 16;
T_0.98 ;
    %jmp T_0.27;
T_0.6 ;
    %load/vec4 v0x15232fde0_0;
    %flag_set/vec4 8;
    %jmp/0xz  T_0.100, 8;
    %load/vec4 v0x15232ffd0_0;
    %parti/s 4, 23, 6;
    %store/vec4 v0x152330350_0, 0, 4;
T_0.100 ;
    %load/vec4 v0x15232fe70_0;
    %flag_set/vec4 8;
    %jmp/0xz  T_0.102, 8;
    %load/vec4 v0x15232ffd0_0;
    %parti/s 4, 19, 6;
    %store/vec4 v0x152330350_0, 0, 4;
T_0.102 ;
    %load/vec4 v0x15232ff40_0;
    %flag_set/vec4 8;
    %jmp/0xz  T_0.104, 8;
    %load/vec4 v0x15232ffd0_0;
    %parti/s 4, 15, 5;
    %store/vec4 v0x152330350_0, 0, 4;
T_0.104 ;
    %load/vec4 v0x152330060_0;
    %flag_set/vec4 8;
    %jmp/0xz  T_0.106, 8;
    %pushi/vec4 1, 0, 16;
    %ix/getv 4, v0x152330350_0;
    %shiftl 4;
    %store/vec4 v0x1523300f0_0, 0, 16;
T_0.106 ;
    %load/vec4 v0x152330200_0;
    %flag_set/vec4 8;
    %jmp/0xz  T_0.108, 8;
    %pushi/vec4 1, 0, 16;
    %ix/getv 4, v0x152330350_0;
    %shiftl 4;
    %store/vec4 v0x1523302a0_0, 0, 16;
T_0.108 ;
    %jmp T_0.27;
T_0.7 ;
    %load/vec4 v0x15232fde0_0;
    %flag_set/vec4 8;
    %jmp/0xz  T_0.110, 8;
    %load/vec4 v0x15232ffd0_0;
    %parti/s 4, 23, 6;
    %store/vec4 v0x152330350_0, 0, 4;
T_0.110 ;
    %load/vec4 v0x15232fe70_0;
    %flag_set/vec4 8;
    %jmp/0xz  T_0.112, 8;
    %load/vec4 v0x15232ffd0_0;
    %parti/s 4, 19, 6;
    %store/vec4 v0x152330350_0, 0, 4;
T_0.112 ;
    %load/vec4 v0x15232ff40_0;
    %flag_set/vec4 8;
    %jmp/0xz  T_0.114, 8;
    %load/vec4 v0x15232ffd0_0;
    %parti/s 4, 15, 5;
    %store/vec4 v0x152330350_0, 0, 4;
T_0.114 ;
    %load/vec4 v0x152330060_0;
    %flag_set/vec4 8;
    %jmp/0xz  T_0.116, 8;
    %pushi/vec4 1, 0, 16;
    %ix/getv 4, v0x152330350_0;
    %shiftl 4;
    %store/vec4 v0x1523300f0_0, 0, 16;
T_0.116 ;
    %load/vec4 v0x152330200_0;
    %flag_set/vec4 8;
    %jmp/0xz  T_0.118, 8;
    %pushi/vec4 1, 0, 16;
    %ix/getv 4, v0x152330350_0;
    %shiftl 4;
    %store/vec4 v0x1523302a0_0, 0, 16;
T_0.118 ;
    %jmp T_0.27;
T_0.8 ;
    %load/vec4 v0x15232fde0_0;
    %flag_set/vec4 8;
    %jmp/0xz  T_0.120, 8;
    %load/vec4 v0x15232ffd0_0;
    %parti/s 4, 23, 6;
    %store/vec4 v0x152330350_0, 0, 4;
T_0.120 ;
    %load/vec4 v0x15232fe70_0;
    %flag_set/vec4 8;
    %jmp/0xz  T_0.122, 8;
    %load/vec4 v0x15232ffd0_0;
    %parti/s 4, 19, 6;
    %store/vec4 v0x152330350_0, 0, 4;
T_0.122 ;
    %load/vec4 v0x15232ff40_0;
    %flag_set/vec4 8;
    %jmp/0xz  T_0.124, 8;
    %load/vec4 v0x15232ffd0_0;
    %parti/s 4, 15, 5;
    %store/vec4 v0x152330350_0, 0, 4;
T_0.124 ;
    %load/vec4 v0x152330060_0;
    %flag_set/vec4 8;
    %jmp/0xz  T_0.126, 8;
    %pushi/vec4 1, 0, 16;
    %ix/getv 4, v0x152330350_0;
    %shiftl 4;
    %store/vec4 v0x1523300f0_0, 0, 16;
T_0.126 ;
    %load/vec4 v0x152330200_0;
    %flag_set/vec4 8;
    %jmp/0xz  T_0.128, 8;
    %pushi/vec4 1, 0, 16;
    %ix/getv 4, v0x152330350_0;
    %shiftl 4;
    %store/vec4 v0x1523302a0_0, 0, 16;
T_0.128 ;
    %jmp T_0.27;
T_0.9 ;
    %load/vec4 v0x15232fde0_0;
    %flag_set/vec4 8;
    %jmp/0xz  T_0.130, 8;
    %load/vec4 v0x15232ffd0_0;
    %parti/s 4, 23, 6;
    %store/vec4 v0x152330350_0, 0, 4;
T_0.130 ;
    %load/vec4 v0x15232fe70_0;
    %flag_set/vec4 8;
    %jmp/0xz  T_0.132, 8;
    %load/vec4 v0x15232ffd0_0;
    %parti/s 4, 19, 6;
    %store/vec4 v0x152330350_0, 0, 4;
T_0.132 ;
    %load/vec4 v0x15232ff40_0;
    %flag_set/vec4 8;
    %jmp/0xz  T_0.134, 8;
    %load/vec4 v0x15232ffd0_0;
    %parti/s 4, 15, 5;
    %store/vec4 v0x152330350_0, 0, 4;
T_0.134 ;
    %load/vec4 v0x152330060_0;
    %flag_set/vec4 8;
    %jmp/0xz  T_0.136, 8;
    %pushi/vec4 1, 0, 16;
    %ix/getv 4, v0x152330350_0;
    %shiftl 4;
    %store/vec4 v0x1523300f0_0, 0, 16;
T_0.136 ;
    %load/vec4 v0x152330200_0;
    %flag_set/vec4 8;
    %jmp/0xz  T_0.138, 8;
    %pushi/vec4 1, 0, 16;
    %ix/getv 4, v0x152330350_0;
    %shiftl 4;
    %store/vec4 v0x1523302a0_0, 0, 16;
T_0.138 ;
    %jmp T_0.27;
T_0.10 ;
    %load/vec4 v0x15232fde0_0;
    %flag_set/vec4 8;
    %jmp/0xz  T_0.140, 8;
    %load/vec4 v0x15232ffd0_0;
    %parti/s 4, 23, 6;
    %store/vec4 v0x152330350_0, 0, 4;
T_0.140 ;
    %load/vec4 v0x15232fe70_0;
    %flag_set/vec4 8;
    %jmp/0xz  T_0.142, 8;
    %load/vec4 v0x15232ffd0_0;
    %parti/s 4, 19, 6;
    %store/vec4 v0x152330350_0, 0, 4;
T_0.142 ;
    %load/vec4 v0x15232ff40_0;
    %flag_set/vec4 8;
    %jmp/0xz  T_0.144, 8;
    %load/vec4 v0x15232ffd0_0;
    %parti/s 4, 15, 5;
    %store/vec4 v0x152330350_0, 0, 4;
T_0.144 ;
    %load/vec4 v0x152330060_0;
    %flag_set/vec4 8;
    %jmp/0xz  T_0.146, 8;
    %pushi/vec4 1, 0, 16;
    %ix/getv 4, v0x152330350_0;
    %shiftl 4;
    %store/vec4 v0x1523300f0_0, 0, 16;
T_0.146 ;
    %load/vec4 v0x152330200_0;
    %flag_set/vec4 8;
    %jmp/0xz  T_0.148, 8;
    %pushi/vec4 1, 0, 16;
    %ix/getv 4, v0x152330350_0;
    %shiftl 4;
    %store/vec4 v0x1523302a0_0, 0, 16;
T_0.148 ;
    %jmp T_0.27;
T_0.11 ;
    %load/vec4 v0x15232fde0_0;
    %flag_set/vec4 8;
    %jmp/0xz  T_0.150, 8;
    %load/vec4 v0x15232ffd0_0;
    %parti/s 4, 23, 6;
    %store/vec4 v0x152330350_0, 0, 4;
T_0.150 ;
    %load/vec4 v0x15232fe70_0;
    %flag_set/vec4 8;
    %jmp/0xz  T_0.152, 8;
    %load/vec4 v0x15232ffd0_0;
    %parti/s 4, 19, 6;
    %store/vec4 v0x152330350_0, 0, 4;
T_0.152 ;
    %load/vec4 v0x15232ff40_0;
    %flag_set/vec4 8;
    %jmp/0xz  T_0.154, 8;
    %load/vec4 v0x15232ffd0_0;
    %parti/s 4, 15, 5;
    %store/vec4 v0x152330350_0, 0, 4;
T_0.154 ;
    %load/vec4 v0x152330060_0;
    %flag_set/vec4 8;
    %jmp/0xz  T_0.156, 8;
    %pushi/vec4 1, 0, 16;
    %ix/getv 4, v0x152330350_0;
    %shiftl 4;
    %store/vec4 v0x1523300f0_0, 0, 16;
T_0.156 ;
    %load/vec4 v0x152330200_0;
    %flag_set/vec4 8;
    %jmp/0xz  T_0.158, 8;
    %pushi/vec4 1, 0, 16;
    %ix/getv 4, v0x152330350_0;
    %shiftl 4;
    %store/vec4 v0x1523302a0_0, 0, 16;
T_0.158 ;
    %jmp T_0.27;
T_0.12 ;
    %load/vec4 v0x15232fde0_0;
    %flag_set/vec4 8;
    %jmp/0xz  T_0.160, 8;
    %load/vec4 v0x15232ffd0_0;
    %parti/s 4, 23, 6;
    %store/vec4 v0x152330350_0, 0, 4;
T_0.160 ;
    %load/vec4 v0x15232fe70_0;
    %flag_set/vec4 8;
    %jmp/0xz  T_0.162, 8;
    %load/vec4 v0x15232ffd0_0;
    %parti/s 4, 19, 6;
    %store/vec4 v0x152330350_0, 0, 4;
T_0.162 ;
    %load/vec4 v0x15232fd50_0;
    %flag_set/vec4 8;
    %jmp/0xz  T_0.164, 8;
    %load/vec4 v0x15232ffd0_0;
    %parti/s 1, 18, 6;
    %replicate 13;
    %load/vec4 v0x15232ffd0_0;
    %parti/s 19, 0, 2;
    %concat/vec4; draw_concat_vec4
    %store/vec4 v0x15232fcc0_0, 0, 32;
T_0.164 ;
    %load/vec4 v0x152330060_0;
    %flag_set/vec4 8;
    %jmp/0xz  T_0.166, 8;
    %pushi/vec4 1, 0, 16;
    %ix/getv 4, v0x152330350_0;
    %shiftl 4;
    %store/vec4 v0x1523300f0_0, 0, 16;
T_0.166 ;
    %load/vec4 v0x152330200_0;
    %flag_set/vec4 8;
    %jmp/0xz  T_0.168, 8;
    %pushi/vec4 1, 0, 16;
    %ix/getv 4, v0x152330350_0;
    %shiftl 4;
    %store/vec4 v0x1523302a0_0, 0, 16;
T_0.168 ;
    %jmp T_0.27;
T_0.13 ;
    %load/vec4 v0x15232fde0_0;
    %flag_set/vec4 8;
    %jmp/0xz  T_0.170, 8;
    %load/vec4 v0x15232ffd0_0;
    %parti/s 4, 23, 6;
    %store/vec4 v0x152330350_0, 0, 4;
T_0.170 ;
    %load/vec4 v0x15232fe70_0;
    %flag_set/vec4 8;
    %jmp/0xz  T_0.172, 8;
    %load/vec4 v0x15232ffd0_0;
    %parti/s 4, 19, 6;
    %store/vec4 v0x152330350_0, 0, 4;
T_0.172 ;
    %load/vec4 v0x15232fd50_0;
    %flag_set/vec4 8;
    %jmp/0xz  T_0.174, 8;
    %load/vec4 v0x15232ffd0_0;
    %parti/s 1, 18, 6;
    %replicate 13;
    %load/vec4 v0x15232ffd0_0;
    %parti/s 19, 0, 2;
    %concat/vec4; draw_concat_vec4
    %store/vec4 v0x15232fcc0_0, 0, 32;
T_0.174 ;
    %load/vec4 v0x152330060_0;
    %flag_set/vec4 8;
    %jmp/0xz  T_0.176, 8;
    %pushi/vec4 1, 0, 16;
    %ix/getv 4, v0x152330350_0;
    %shiftl 4;
    %store/vec4 v0x1523300f0_0, 0, 16;
T_0.176 ;
    %load/vec4 v0x152330200_0;
    %flag_set/vec4 8;
    %jmp/0xz  T_0.178, 8;
    %pushi/vec4 1, 0, 16;
    %ix/getv 4, v0x152330350_0;
    %shiftl 4;
    %store/vec4 v0x1523302a0_0, 0, 16;
T_0.178 ;
    %jmp T_0.27;
T_0.14 ;
    %load/vec4 v0x15232fde0_0;
    %flag_set/vec4 8;
    %jmp/0xz  T_0.180, 8;
    %load/vec4 v0x15232ffd0_0;
    %parti/s 4, 23, 6;
    %store/vec4 v0x152330350_0, 0, 4;
T_0.180 ;
    %load/vec4 v0x15232fe70_0;
    %flag_set/vec4 8;
    %jmp/0xz  T_0.182, 8;
    %load/vec4 v0x15232ffd0_0;
    %parti/s 4, 19, 6;
    %store/vec4 v0x152330350_0, 0, 4;
T_0.182 ;
    %load/vec4 v0x15232fd50_0;
    %flag_set/vec4 8;
    %jmp/0xz  T_0.184, 8;
    %load/vec4 v0x15232ffd0_0;
    %parti/s 1, 18, 6;
    %replicate 13;
    %load/vec4 v0x15232ffd0_0;
    %parti/s 19, 0, 2;
    %concat/vec4; draw_concat_vec4
    %store/vec4 v0x15232fcc0_0, 0, 32;
T_0.184 ;
    %load/vec4 v0x152330060_0;
    %flag_set/vec4 8;
    %jmp/0xz  T_0.186, 8;
    %pushi/vec4 1, 0, 16;
    %ix/getv 4, v0x152330350_0;
    %shiftl 4;
    %store/vec4 v0x1523300f0_0, 0, 16;
T_0.186 ;
    %load/vec4 v0x152330200_0;
    %flag_set/vec4 8;
    %jmp/0xz  T_0.188, 8;
    %pushi/vec4 1, 0, 16;
    %ix/getv 4, v0x152330350_0;
    %shiftl 4;
    %store/vec4 v0x1523302a0_0, 0, 16;
T_0.188 ;
    %jmp T_0.27;
T_0.15 ;
    %load/vec4 v0x15232fde0_0;
    %flag_set/vec4 8;
    %jmp/0xz  T_0.190, 8;
    %load/vec4 v0x15232ffd0_0;
    %parti/s 4, 23, 6;
    %store/vec4 v0x152330350_0, 0, 4;
T_0.190 ;
    %load/vec4 v0x15232fe70_0;
    %flag_set/vec4 8;
    %jmp/0xz  T_0.192, 8;
    %load/vec4 v0x15232ffd0_0;
    %parti/s 4, 19, 6;
    %store/vec4 v0x152330350_0, 0, 4;
T_0.192 ;
    %load/vec4 v0x152330060_0;
    %flag_set/vec4 8;
    %jmp/0xz  T_0.194, 8;
    %pushi/vec4 1, 0, 16;
    %ix/getv 4, v0x152330350_0;
    %shiftl 4;
    %store/vec4 v0x1523300f0_0, 0, 16;
T_0.194 ;
    %load/vec4 v0x152330200_0;
    %flag_set/vec4 8;
    %jmp/0xz  T_0.196, 8;
    %pushi/vec4 1, 0, 16;
    %ix/getv 4, v0x152330350_0;
    %shiftl 4;
    %store/vec4 v0x1523302a0_0, 0, 16;
T_0.196 ;
    %jmp T_0.27;
T_0.16 ;
    %load/vec4 v0x15232fde0_0;
    %flag_set/vec4 8;
    %jmp/0xz  T_0.198, 8;
    %load/vec4 v0x15232ffd0_0;
    %parti/s 4, 23, 6;
    %store/vec4 v0x152330350_0, 0, 4;
T_0.198 ;
    %load/vec4 v0x15232fe70_0;
    %flag_set/vec4 8;
    %jmp/0xz  T_0.200, 8;
    %load/vec4 v0x15232ffd0_0;
    %parti/s 4, 19, 6;
    %store/vec4 v0x152330350_0, 0, 4;
T_0.200 ;
    %load/vec4 v0x152330060_0;
    %flag_set/vec4 8;
    %jmp/0xz  T_0.202, 8;
    %pushi/vec4 1, 0, 16;
    %ix/getv 4, v0x152330350_0;
    %shiftl 4;
    %store/vec4 v0x1523300f0_0, 0, 16;
T_0.202 ;
    %load/vec4 v0x152330200_0;
    %flag_set/vec4 8;
    %jmp/0xz  T_0.204, 8;
    %pushi/vec4 1, 0, 16;
    %ix/getv 4, v0x152330350_0;
    %shiftl 4;
    %store/vec4 v0x1523302a0_0, 0, 16;
T_0.204 ;
    %jmp T_0.27;
T_0.17 ;
    %load/vec4 v0x15232fde0_0;
    %flag_set/vec4 8;
    %jmp/0xz  T_0.206, 8;
    %load/vec4 v0x15232ffd0_0;
    %parti/s 4, 23, 6;
    %store/vec4 v0x152330350_0, 0, 4;
T_0.206 ;
    %load/vec4 v0x15232fe70_0;
    %flag_set/vec4 8;
    %jmp/0xz  T_0.208, 8;
    %load/vec4 v0x15232ffd0_0;
    %parti/s 4, 19, 6;
    %store/vec4 v0x152330350_0, 0, 4;
T_0.208 ;
    %load/vec4 v0x152330060_0;
    %flag_set/vec4 8;
    %jmp/0xz  T_0.210, 8;
    %pushi/vec4 1, 0, 16;
    %ix/getv 4, v0x152330350_0;
    %shiftl 4;
    %store/vec4 v0x1523300f0_0, 0, 16;
T_0.210 ;
    %load/vec4 v0x152330200_0;
    %flag_set/vec4 8;
    %jmp/0xz  T_0.212, 8;
    %pushi/vec4 1, 0, 16;
    %ix/getv 4, v0x152330350_0;
    %shiftl 4;
    %store/vec4 v0x1523302a0_0, 0, 16;
T_0.212 ;
    %jmp T_0.27;
T_0.18 ;
    %load/vec4 v0x15232fde0_0;
    %flag_set/vec4 8;
    %jmp/0xz  T_0.214, 8;
    %load/vec4 v0x15232ffd0_0;
    %parti/s 4, 23, 6;
    %store/vec4 v0x152330350_0, 0, 4;
T_0.214 ;
    %load/vec4 v0x15232fe70_0;
    %flag_set/vec4 8;
    %jmp/0xz  T_0.216, 8;
    %load/vec4 v0x15232ffd0_0;
    %parti/s 4, 19, 6;
    %store/vec4 v0x152330350_0, 0, 4;
T_0.216 ;
    %load/vec4 v0x152330060_0;
    %flag_set/vec4 8;
    %jmp/0xz  T_0.218, 8;
    %pushi/vec4 1, 0, 16;
    %ix/getv 4, v0x152330350_0;
    %shiftl 4;
    %store/vec4 v0x1523300f0_0, 0, 16;
T_0.218 ;
    %load/vec4 v0x152330200_0;
    %flag_set/vec4 8;
    %jmp/0xz  T_0.220, 8;
    %pushi/vec4 1, 0, 16;
    %ix/getv 4, v0x152330350_0;
    %shiftl 4;
    %store/vec4 v0x1523302a0_0, 0, 16;
T_0.220 ;
    %jmp T_0.27;
T_0.19 ;
    %load/vec4 v0x15232fde0_0;
    %flag_set/vec4 8;
    %jmp/0xz  T_0.222, 8;
    %load/vec4 v0x15232ffd0_0;
    %parti/s 4, 23, 6;
    %store/vec4 v0x152330350_0, 0, 4;
T_0.222 ;
    %load/vec4 v0x152330060_0;
    %flag_set/vec4 8;
    %jmp/0xz  T_0.224, 8;
    %pushi/vec4 1, 0, 16;
    %ix/getv 4, v0x152330350_0;
    %shiftl 4;
    %store/vec4 v0x1523300f0_0, 0, 16;
T_0.224 ;
    %load/vec4 v0x152330200_0;
    %flag_set/vec4 8;
    %jmp/0xz  T_0.226, 8;
    %pushi/vec4 1, 0, 16;
    %ix/getv 4, v0x152330350_0;
    %shiftl 4;
    %store/vec4 v0x1523302a0_0, 0, 16;
T_0.226 ;
    %jmp T_0.27;
T_0.20 ;
    %load/vec4 v0x15232fde0_0;
    %flag_set/vec4 8;
    %jmp/0xz  T_0.228, 8;
    %load/vec4 v0x15232ffd0_0;
    %parti/s 4, 23, 6;
    %store/vec4 v0x152330350_0, 0, 4;
T_0.228 ;
    %load/vec4 v0x152330060_0;
    %flag_set/vec4 8;
    %jmp/0xz  T_0.230, 8;
    %pushi/vec4 1, 0, 16;
    %ix/getv 4, v0x152330350_0;
    %shiftl 4;
    %store/vec4 v0x1523300f0_0, 0, 16;
T_0.230 ;
    %load/vec4 v0x152330200_0;
    %flag_set/vec4 8;
    %jmp/0xz  T_0.232, 8;
    %pushi/vec4 1, 0, 16;
    %ix/getv 4, v0x152330350_0;
    %shiftl 4;
    %store/vec4 v0x1523302a0_0, 0, 16;
T_0.232 ;
    %jmp T_0.27;
T_0.21 ;
    %load/vec4 v0x15232fde0_0;
    %flag_set/vec4 8;
    %jmp/0xz  T_0.234, 8;
    %load/vec4 v0x15232ffd0_0;
    %parti/s 4, 23, 6;
    %store/vec4 v0x152330350_0, 0, 4;
T_0.234 ;
    %load/vec4 v0x152330060_0;
    %flag_set/vec4 8;
    %jmp/0xz  T_0.236, 8;
    %pushi/vec4 1, 0, 16;
    %ix/getv 4, v0x152330350_0;
    %shiftl 4;
    %store/vec4 v0x1523300f0_0, 0, 16;
T_0.236 ;
    %load/vec4 v0x152330200_0;
    %flag_set/vec4 8;
    %jmp/0xz  T_0.238, 8;
    %pushi/vec4 1, 0, 16;
    %ix/getv 4, v0x152330350_0;
    %shiftl 4;
    %store/vec4 v0x1523302a0_0, 0, 16;
T_0.238 ;
    %jmp T_0.27;
T_0.22 ;
    %load/vec4 v0x15232fde0_0;
    %flag_set/vec4 8;
    %jmp/0xz  T_0.240, 8;
    %load/vec4 v0x15232ffd0_0;
    %parti/s 4, 23, 6;
    %store/vec4 v0x152330350_0, 0, 4;
T_0.240 ;
    %load/vec4 v0x152330060_0;
    %flag_set/vec4 8;
    %jmp/0xz  T_0.242, 8;
    %pushi/vec4 1, 0, 16;
    %ix/getv 4, v0x152330350_0;
    %shiftl 4;
    %store/vec4 v0x1523300f0_0, 0, 16;
T_0.242 ;
    %load/vec4 v0x152330200_0;
    %flag_set/vec4 8;
    %jmp/0xz  T_0.244, 8;
    %pushi/vec4 1, 0, 16;
    %ix/getv 4, v0x152330350_0;
    %shiftl 4;
    %store/vec4 v0x1523302a0_0, 0, 16;
T_0.244 ;
    %jmp T_0.27;
T_0.23 ;
    %load/vec4 v0x15232fde0_0;
    %flag_set/vec4 8;
    %jmp/0xz  T_0.246, 8;
    %load/vec4 v0x15232ffd0_0;
    %parti/s 4, 23, 6;
    %store/vec4 v0x152330350_0, 0, 4;
T_0.246 ;
    %load/vec4 v0x152330060_0;
    %flag_set/vec4 8;
    %jmp/0xz  T_0.248, 8;
    %pushi/vec4 1, 0, 16;
    %ix/getv 4, v0x152330350_0;
    %shiftl 4;
    %store/vec4 v0x1523300f0_0, 0, 16;
T_0.248 ;
    %load/vec4 v0x152330200_0;
    %flag_set/vec4 8;
    %jmp/0xz  T_0.250, 8;
    %pushi/vec4 1, 0, 16;
    %ix/getv 4, v0x152330350_0;
    %shiftl 4;
    %store/vec4 v0x1523302a0_0, 0, 16;
T_0.250 ;
    %jmp T_0.27;
T_0.24 ;
    %load/vec4 v0x15232fde0_0;
    %flag_set/vec4 8;
    %jmp/0xz  T_0.252, 8;
    %load/vec4 v0x15232ffd0_0;
    %parti/s 4, 23, 6;
    %store/vec4 v0x152330350_0, 0, 4;
T_0.252 ;
    %load/vec4 v0x152330060_0;
    %flag_set/vec4 8;
    %jmp/0xz  T_0.254, 8;
    %pushi/vec4 1, 0, 16;
    %ix/getv 4, v0x152330350_0;
    %shiftl 4;
    %store/vec4 v0x1523300f0_0, 0, 16;
T_0.254 ;
    %load/vec4 v0x152330200_0;
    %flag_set/vec4 8;
    %jmp/0xz  T_0.256, 8;
    %pushi/vec4 1, 0, 16;
    %ix/getv 4, v0x152330350_0;
    %shiftl 4;
    %store/vec4 v0x1523302a0_0, 0, 16;
T_0.256 ;
    %jmp T_0.27;
T_0.25 ;
    %load/vec4 v0x15232fde0_0;
    %flag_set/vec4 8;
    %jmp/0xz  T_0.258, 8;
    %load/vec4 v0x15232ffd0_0;
    %parti/s 4, 23, 6;
    %store/vec4 v0x152330350_0, 0, 4;
T_0.258 ;
    %load/vec4 v0x152330060_0;
    %flag_set/vec4 8;
    %jmp/0xz  T_0.260, 8;
    %pushi/vec4 1, 0, 16;
    %ix/getv 4, v0x152330350_0;
    %shiftl 4;
    %store/vec4 v0x1523300f0_0, 0, 16;
T_0.260 ;
    %load/vec4 v0x152330200_0;
    %flag_set/vec4 8;
    %jmp/0xz  T_0.262, 8;
    %pushi/vec4 1, 0, 16;
    %ix/getv 4, v0x152330350_0;
    %shiftl 4;
    %store/vec4 v0x1523302a0_0, 0, 16;
T_0.262 ;
    %jmp T_0.27;
T_0.27 ;
    %pop/vec4 1;
    %jmp T_0;
    .thread T_0, $push;
    .scope S_0x152327460;
T_1 ;
    %pushi/vec4 0, 0, 32;
    %store/vec4 v0x152327c70_0, 0, 32;
    %end;
    .thread T_1;
    .scope S_0x152327460;
T_2 ;
    %wait E_0x152321140;
    %load/vec4 v0x1523279a0_0;
    %flag_set/vec4 8;
    %jmp/0xz  T_2.0, 8;
    %pushi/vec4 0, 0, 32;
    %assign/vec4 v0x152327c70_0, 0;
    %jmp T_2.1;
T_2.0 ;
    %load/vec4 v0x152327be0_0;
    %flag_set/vec4 8;
    %jmp/0xz  T_2.2, 8;
    %load/vec4 v0x152327ac0_0;
    %assign/vec4 v0x152327c70_0, 0;
T_2.2 ;
T_2.1 ;
    %jmp T_2;
    .thread T_2;
    .scope S_0x152327db0;
T_3 ;
    %pushi/vec4 0, 0, 32;
    %store/vec4 v0x152328620_0, 0, 32;
    %end;
    .thread T_3;
    .scope S_0x152327db0;
T_4 ;
    %wait E_0x152321140;
    %load/vec4 v0x152328140_0;
    %flag_set/vec4 8;
    %jmp/0xz  T_4.0, 8;
    %pushi/vec4 0, 0, 32;
    %assign/vec4 v0x152328620_0, 0;
    %jmp T_4.1;
T_4.0 ;
    %load/vec4 v0x152328590_0;
    %flag_set/vec4 8;
    %jmp/0xz  T_4.2, 8;
    %load/vec4 v0x152328470_0;
    %assign/vec4 v0x152328620_0, 0;
T_4.2 ;
T_4.1 ;
    %jmp T_4;
    .thread T_4;
    .scope S_0x15232b750;
T_5 ;
    %pushi/vec4 0, 0, 32;
    %store/vec4 v0x15232be20_0, 0, 32;
    %end;
    .thread T_5;
    .scope S_0x15232b750;
T_6 ;
    %wait E_0x152321140;
    %load/vec4 v0x15232bac0_0;
    %flag_set/vec4 8;
    %jmp/0xz  T_6.0, 8;
    %pushi/vec4 0, 0, 32;
    %assign/vec4 v0x15232be20_0, 0;
    %jmp T_6.1;
T_6.0 ;
    %load/vec4 v0x15232bd50_0;
    %flag_set/vec4 8;
    %jmp/0xz  T_6.2, 8;
    %load/vec4 v0x15232bbf0_0;
    %assign/vec4 v0x15232be20_0, 0;
T_6.2 ;
T_6.1 ;
    %jmp T_6;
    .thread T_6;
    .scope S_0x15232bf50;
T_7 ;
    %pushi/vec4 0, 0, 32;
    %store/vec4 v0x15232c870_0, 0, 32;
    %end;
    .thread T_7;
    .scope S_0x15232bf50;
T_8 ;
    %wait E_0x152321140;
    %load/vec4 v0x15232c2c0_0;
    %flag_set/vec4 8;
    %jmp/0xz  T_8.0, 8;
    %pushi/vec4 0, 0, 32;
    %assign/vec4 v0x15232c870_0, 0;
    %jmp T_8.1;
T_8.0 ;
    %load/vec4 v0x15232c7e0_0;
    %flag_set/vec4 8;
    %jmp/0xz  T_8.2, 8;
    %load/vec4 v0x152328370_0;
    %assign/vec4 v0x15232c870_0, 0;
T_8.2 ;
T_8.1 ;
    %jmp T_8;
    .thread T_8;
    .scope S_0x15232c950;
T_9 ;
    %pushi/vec4 0, 0, 32;
    %store/vec4 v0x15232cea0_0, 0, 32;
    %end;
    .thread T_9;
    .scope S_0x15232c950;
T_10 ;
    %wait E_0x152321140;
    %load/vec4 v0x15232ccc0_0;
    %flag_set/vec4 8;
    %jmp/0xz  T_10.0, 8;
    %pushi/vec4 0, 0, 32;
    %assign/vec4 v0x15232cea0_0, 0;
    %jmp T_10.1;
T_10.0 ;
    %load/vec4 v0x152321440_0;
    %flag_set/vec4 8;
    %jmp/0xz  T_10.2, 8;
    %load/vec4 v0x15232cdf0_0;
    %assign/vec4 v0x15232cea0_0, 0;
T_10.2 ;
T_10.1 ;
    %jmp T_10;
    .thread T_10;
    .scope S_0x15232cf50;
T_11 ;
    %pushi/vec4 0, 0, 32;
    %store/vec4 v0x15232d620_0, 0, 32;
    %end;
    .thread T_11;
    .scope S_0x15232cf50;
T_12 ;
    %wait E_0x152321140;
    %load/vec4 v0x15232d2c0_0;
    %flag_set/vec4 8;
    %jmp/0xz  T_12.0, 8;
    %pushi/vec4 0, 0, 32;
    %assign/vec4 v0x15232d620_0, 0;
    %jmp T_12.1;
T_12.0 ;
    %load/vec4 v0x15232d550_0;
    %flag_set/vec4 8;
    %jmp/0xz  T_12.2, 8;
    %load/vec4 v0x15232d3f0_0;
    %assign/vec4 v0x15232d620_0, 0;
T_12.2 ;
T_12.1 ;
    %jmp T_12;
    .thread T_12;
    .scope S_0x15232d750;
T_13 ;
    %pushi/vec4 0, 0, 32;
    %store/vec4 v0x15232de20_0, 0, 32;
    %end;
    .thread T_13;
    .scope S_0x15232d750;
T_14 ;
    %wait E_0x152321140;
    %load/vec4 v0x15232dac0_0;
    %flag_set/vec4 8;
    %jmp/0xz  T_14.0, 8;
    %pushi/vec4 0, 0, 32;
    %assign/vec4 v0x15232de20_0, 0;
    %jmp T_14.1;
T_14.0 ;
    %load/vec4 v0x15232dd50_0;
    %flag_set/vec4 8;
    %jmp/0xz  T_14.2, 8;
    %load/vec4 v0x15232dbf0_0;
    %assign/vec4 v0x15232de20_0, 0;
T_14.2 ;
T_14.1 ;
    %jmp T_14;
    .thread T_14;
    .scope S_0x15232df50;
T_15 ;
    %pushi/vec4 0, 0, 32;
    %store/vec4 v0x15232e620_0, 0, 32;
    %end;
    .thread T_15;
    .scope S_0x15232df50;
T_16 ;
    %wait E_0x152321140;
    %load/vec4 v0x15232e2c0_0;
    %flag_set/vec4 8;
    %jmp/0xz  T_16.0, 8;
    %pushi/vec4 0, 0, 32;
    %assign/vec4 v0x15232e620_0, 0;
    %jmp T_16.1;
T_16.0 ;
    %load/vec4 v0x15232e550_0;
    %flag_set/vec4 8;
    %jmp/0xz  T_16.2, 8;
    %load/vec4 v0x15232e3f0_0;
    %assign/vec4 v0x15232e620_0, 0;
T_16.2 ;
T_16.1 ;
    %jmp T_16;
    .thread T_16;
    .scope S_0x15232e750;
T_17 ;
    %pushi/vec4 0, 0, 32;
    %store/vec4 v0x15232ee20_0, 0, 32;
    %end;
    .thread T_17;
    .scope S_0x15232e750;
T_18 ;
    %wait E_0x152321140;
    %load/vec4 v0x15232eac0_0;
    %flag_set/vec4 8;
    %jmp/0xz  T_18.0, 8;
    %pushi/vec4 0, 0, 32;
    %assign/vec4 v0x15232ee20_0, 0;
    %jmp T_18.1;
T_18.0 ;
    %load/vec4 v0x15232ed50_0;
    %flag_set/vec4 8;
    %jmp/0xz  T_18.2, 8;
    %load/vec4 v0x15232ebf0_0;
    %assign/vec4 v0x15232ee20_0, 0;
T_18.2 ;
T_18.1 ;
    %jmp T_18;
    .thread T_18;
    .scope S_0x15232ef50;
T_19 ;
    %pushi/vec4 0, 0, 32;
    %store/vec4 v0x15232f620_0, 0, 32;
    %end;
    .thread T_19;
    .scope S_0x15232ef50;
T_20 ;
    %wait E_0x152321140;
    %load/vec4 v0x15232f2c0_0;
    %flag_set/vec4 8;
    %jmp/0xz  T_20.0, 8;
    %pushi/vec4 0, 0, 32;
    %assign/vec4 v0x15232f620_0, 0;
    %jmp T_20.1;
T_20.0 ;
    %load/vec4 v0x15232f550_0;
    %flag_set/vec4 8;
    %jmp/0xz  T_20.2, 8;
    %load/vec4 v0x15232f3f0_0;
    %assign/vec4 v0x15232f620_0, 0;
T_20.2 ;
T_20.1 ;
    %jmp T_20;
    .thread T_20;
    .scope S_0x1523286d0;
T_21 ;
    %pushi/vec4 0, 0, 32;
    %store/vec4 v0x152328da0_0, 0, 32;
    %end;
    .thread T_21;
    .scope S_0x1523286d0;
T_22 ;
    %wait E_0x152321140;
    %load/vec4 v0x152328a40_0;
    %flag_set/vec4 8;
    %jmp/0xz  T_22.0, 8;
    %pushi/vec4 0, 0, 32;
    %assign/vec4 v0x152328da0_0, 0;
    %jmp T_22.1;
T_22.0 ;
    %load/vec4 v0x152328cd0_0;
    %flag_set/vec4 8;
    %jmp/0xz  T_22.2, 8;
    %load/vec4 v0x152328b70_0;
    %assign/vec4 v0x152328da0_0, 0;
T_22.2 ;
T_22.1 ;
    %jmp T_22;
    .thread T_22;
    .scope S_0x152328ed0;
T_23 ;
    %pushi/vec4 0, 0, 32;
    %store/vec4 v0x1523295a0_0, 0, 32;
    %end;
    .thread T_23;
    .scope S_0x152328ed0;
T_24 ;
    %wait E_0x152321140;
    %load/vec4 v0x152329240_0;
    %flag_set/vec4 8;
    %jmp/0xz  T_24.0, 8;
    %pushi/vec4 0, 0, 32;
    %assign/vec4 v0x1523295a0_0, 0;
    %jmp T_24.1;
T_24.0 ;
    %load/vec4 v0x1523294d0_0;
    %flag_set/vec4 8;
    %jmp/0xz  T_24.2, 8;
    %load/vec4 v0x152329370_0;
    %assign/vec4 v0x1523295a0_0, 0;
T_24.2 ;
T_24.1 ;
    %jmp T_24;
    .thread T_24;
    .scope S_0x1523296d0;
T_25 ;
    %pushi/vec4 0, 0, 32;
    %store/vec4 v0x152329da0_0, 0, 32;
    %end;
    .thread T_25;
    .scope S_0x1523296d0;
T_26 ;
    %wait E_0x152321140;
    %load/vec4 v0x152329a40_0;
    %flag_set/vec4 8;
    %jmp/0xz  T_26.0, 8;
    %pushi/vec4 0, 0, 32;
    %assign/vec4 v0x152329da0_0, 0;
    %jmp T_26.1;
T_26.0 ;
    %load/vec4 v0x152329cd0_0;
    %flag_set/vec4 8;
    %jmp/0xz  T_26.2, 8;
    %load/vec4 v0x152329b70_0;
    %assign/vec4 v0x152329da0_0, 0;
T_26.2 ;
T_26.1 ;
    %jmp T_26;
    .thread T_26;
    .scope S_0x152329ed0;
T_27 ;
    %pushi/vec4 0, 0, 32;
    %store/vec4 v0x15232a5a0_0, 0, 32;
    %end;
    .thread T_27;
    .scope S_0x152329ed0;
T_28 ;
    %wait E_0x152321140;
    %load/vec4 v0x15232a240_0;
    %flag_set/vec4 8;
    %jmp/0xz  T_28.0, 8;
    %pushi/vec4 0, 0, 32;
    %assign/vec4 v0x15232a5a0_0, 0;
    %jmp T_28.1;
T_28.0 ;
    %load/vec4 v0x15232a4d0_0;
    %flag_set/vec4 8;
    %jmp/0xz  T_28.2, 8;
    %load/vec4 v0x15232a370_0;
    %assign/vec4 v0x15232a5a0_0, 0;
T_28.2 ;
T_28.1 ;
    %jmp T_28;
    .thread T_28;
    .scope S_0x15232a6d0;
T_29 ;
    %pushi/vec4 0, 0, 32;
    %store/vec4 v0x15232ae20_0, 0, 32;
    %end;
    .thread T_29;
    .scope S_0x15232a6d0;
T_30 ;
    %wait E_0x152321140;
    %load/vec4 v0x15232aac0_0;
    %flag_set/vec4 8;
    %jmp/0xz  T_30.0, 8;
    %pushi/vec4 0, 0, 32;
    %assign/vec4 v0x15232ae20_0, 0;
    %jmp T_30.1;
T_30.0 ;
    %load/vec4 v0x15232ad50_0;
    %flag_set/vec4 8;
    %jmp/0xz  T_30.2, 8;
    %load/vec4 v0x15232abf0_0;
    %assign/vec4 v0x15232ae20_0, 0;
T_30.2 ;
T_30.1 ;
    %jmp T_30;
    .thread T_30;
    .scope S_0x15232af50;
T_31 ;
    %pushi/vec4 0, 0, 32;
    %store/vec4 v0x15232b620_0, 0, 32;
    %end;
    .thread T_31;
    .scope S_0x15232af50;
T_32 ;
    %wait E_0x152321140;
    %load/vec4 v0x15232b2c0_0;
    %flag_set/vec4 8;
    %jmp/0xz  T_32.0, 8;
    %pushi/vec4 0, 0, 32;
    %assign/vec4 v0x15232b620_0, 0;
    %jmp T_32.1;
T_32.0 ;
    %load/vec4 v0x15232b550_0;
    %flag_set/vec4 8;
    %jmp/0xz  T_32.2, 8;
    %load/vec4 v0x15232b3f0_0;
    %assign/vec4 v0x15232b620_0, 0;
T_32.2 ;
T_32.1 ;
    %jmp T_32;
    .thread T_32;
    .scope S_0x1523241f0;
T_33 ;
    %pushi/vec4 0, 0, 32;
    %store/vec4 v0x152324a60_0, 0, 32;
    %end;
    .thread T_33;
    .scope S_0x1523241f0;
T_34 ;
    %wait E_0x152321140;
    %load/vec4 v0x152324790_0;
    %flag_set/vec4 8;
    %jmp/0xz  T_34.0, 8;
    %pushi/vec4 0, 0, 32;
    %assign/vec4 v0x152324a60_0, 0;
    %jmp T_34.1;
T_34.0 ;
    %load/vec4 v0x1523249d0_0;
    %flag_set/vec4 8;
    %jmp/0xz  T_34.2, 8;
    %load/vec4 v0x1523248b0_0;
    %assign/vec4 v0x152324a60_0, 0;
T_34.2 ;
T_34.1 ;
    %jmp T_34;
    .thread T_34;
    .scope S_0x152321f80;
T_35 ;
    %pushi/vec4 0, 0, 32;
    %store/vec4 v0x1523226b0_0, 0, 32;
    %end;
    .thread T_35;
    .scope S_0x152321f80;
T_36 ;
    %wait E_0x152321140;
    %load/vec4 v0x152322300_0;
    %flag_set/vec4 8;
    %jmp/0xz  T_36.0, 8;
    %pushi/vec4 0, 0, 32;
    %assign/vec4 v0x1523226b0_0, 0;
    %jmp T_36.1;
T_36.0 ;
    %load/vec4 v0x1523225e0_0;
    %flag_set/vec4 8;
    %jmp/0xz  T_36.2, 8;
    %load/vec4 v0x1523224c0_0;
    %assign/vec4 v0x1523226b0_0, 0;
T_36.2 ;
T_36.1 ;
    %jmp T_36;
    .thread T_36;
    .scope S_0x152331540;
T_37 ;
    %pushi/vec4 0, 0, 32;
    %store/vec4 v0x152331c20_0, 0, 32;
    %end;
    .thread T_37;
    .scope S_0x152331540;
T_38 ;
    %wait E_0x152321140;
    %load/vec4 v0x1523318b0_0;
    %flag_set/vec4 8;
    %jmp/0xz  T_38.0, 8;
    %pushi/vec4 0, 0, 32;
    %assign/vec4 v0x152331c20_0, 0;
    %jmp T_38.1;
T_38.0 ;
    %load/vec4 v0x152331b50_0;
    %flag_set/vec4 8;
    %jmp/0xz  T_38.2, 8;
    %load/vec4 v0x1523319e0_0;
    %assign/vec4 v0x152331c20_0, 0;
T_38.2 ;
T_38.1 ;
    %jmp T_38;
    .thread T_38;
    .scope S_0x152330d10;
T_39 ;
    %pushi/vec4 0, 0, 32;
    %store/vec4 v0x152331410_0, 0, 32;
    %end;
    .thread T_39;
    .scope S_0x152330d10;
T_40 ;
    %wait E_0x152321140;
    %load/vec4 v0x1523310a0_0;
    %flag_set/vec4 8;
    %jmp/0xz  T_40.0, 8;
    %pushi/vec4 0, 0, 32;
    %assign/vec4 v0x152331410_0, 0;
    %jmp T_40.1;
T_40.0 ;
    %load/vec4 v0x152331340_0;
    %flag_set/vec4 8;
    %jmp/0xz  T_40.2, 8;
    %load/vec4 v0x1523311d0_0;
    %assign/vec4 v0x152331410_0, 0;
T_40.2 ;
T_40.1 ;
    %jmp T_40;
    .thread T_40;
    .scope S_0x15231e4c0;
T_41 ;
    %pushi/vec4 0, 0, 32;
    %store/vec4 v0x152321620_0, 0, 32;
    %end;
    .thread T_41;
    .scope S_0x15231e4c0;
T_42 ;
    %wait E_0x152321140;
    %load/vec4 v0x152321190_0;
    %flag_set/vec4 8;
    %jmp/0xz  T_42.0, 8;
    %pushi/vec4 0, 0, 32;
    %assign/vec4 v0x152321620_0, 0;
    %jmp T_42.1;
T_42.0 ;
    %load/vec4 v0x152321590_0;
    %flag_set/vec4 8;
    %jmp/0xz  T_42.2, 8;
    %load/vec4 v0x1523212e0_0;
    %assign/vec4 v0x152321620_0, 0;
T_42.2 ;
T_42.1 ;
    %jmp T_42;
    .thread T_42;
    .scope S_0x1523227e0;
T_43 ;
    %pushi/vec4 0, 0, 32;
    %store/vec4 v0x152322eb0_0, 0, 32;
    %end;
    .thread T_43;
    .scope S_0x1523227e0;
T_44 ;
    %wait E_0x152321140;
    %load/vec4 v0x152322b50_0;
    %flag_set/vec4 8;
    %jmp/0xz  T_44.0, 8;
    %pushi/vec4 0, 0, 32;
    %assign/vec4 v0x152322eb0_0, 0;
    %jmp T_44.1;
T_44.0 ;
    %load/vec4 v0x152322de0_0;
    %flag_set/vec4 8;
    %jmp/0xz  T_44.2, 8;
    %load/vec4 v0x152322c80_0;
    %assign/vec4 v0x152322eb0_0, 0;
T_44.2 ;
T_44.1 ;
    %jmp T_44;
    .thread T_44;
    .scope S_0x152321750;
T_45 ;
    %pushi/vec4 0, 0, 32;
    %store/vec4 v0x152321e50_0, 0, 32;
    %end;
    .thread T_45;
    .scope S_0x152321750;
T_46 ;
    %wait E_0x152321140;
    %load/vec4 v0x152321ac0_0;
    %flag_set/vec4 8;
    %jmp/0xz  T_46.0, 8;
    %pushi/vec4 0, 0, 32;
    %assign/vec4 v0x152321e50_0, 0;
    %jmp T_46.1;
T_46.0 ;
    %load/vec4 v0x152321d80_0;
    %flag_set/vec4 8;
    %jmp/0xz  T_46.2, 8;
    %load/vec4 v0x152321c20_0;
    %assign/vec4 v0x152321e50_0, 0;
T_46.2 ;
T_46.1 ;
    %jmp T_46;
    .thread T_46;
    .scope S_0x152330510;
T_47 ;
    %pushi/vec4 0, 0, 32;
    %store/vec4 v0x152330c70_0, 0, 32;
    %end;
    .thread T_47;
    .scope S_0x152330510;
T_48 ;
    %wait E_0x152321140;
    %load/vec4 v0x152330820_0;
    %flag_set/vec4 8;
    %jmp/0xz  T_48.0, 8;
    %pushi/vec4 0, 0, 32;
    %assign/vec4 v0x152330c70_0, 0;
    %jmp T_48.1;
T_48.0 ;
    %load/vec4 v0x152330ba0_0;
    %flag_set/vec4 8;
    %jmp/0xz  T_48.2, 8;
    %load/vec4 v0x152330960_0;
    %assign/vec4 v0x152330c70_0, 0;
T_48.2 ;
T_48.1 ;
    %jmp T_48;
    .thread T_48;
    .scope S_0x1522e0420;
T_49 ;
    %wait E_0x152133bf0;
    %load/vec4 v0x1522e07d0_0;
    %parti/s 1, 31, 6;
    %store/vec4 v0x1522e0860_0, 0, 1;
    %load/vec4 v0x1522e0980_0;
    %parti/s 1, 31, 6;
    %store/vec4 v0x1522e0a10_0, 0, 1;
    %load/vec4 v0x1522e0860_0;
    %flag_set/vec4 8;
    %jmp/0xz  T_49.0, 8;
    %load/vec4 v0x1522e07d0_0;
    %inv;
    %addi 1, 0, 32;
    %store/vec4 v0x1522e08f0_0, 0, 32;
    %jmp T_49.1;
T_49.0 ;
    %load/vec4 v0x1522e07d0_0;
    %store/vec4 v0x1522e08f0_0, 0, 32;
T_49.1 ;
    %load/vec4 v0x1522e0a10_0;
    %flag_set/vec4 8;
    %jmp/0xz  T_49.2, 8;
    %load/vec4 v0x1522e0980_0;
    %inv;
    %addi 1, 0, 32;
    %store/vec4 v0x1522e0aa0_0, 0, 32;
    %jmp T_49.3;
T_49.2 ;
    %load/vec4 v0x1522e0980_0;
    %store/vec4 v0x1522e0aa0_0, 0, 32;
T_49.3 ;
    %pushi/vec4 0, 0, 65;
    %store/vec4 v0x1522e0590_0, 0, 65;
    %load/vec4 v0x1522e0aa0_0;
    %store/vec4 v0x1522e06b0_0, 0, 32;
    %pushi/vec4 0, 0, 1;
    %store/vec4 v0x1522e0740_0, 0, 1;
    %load/vec4 v0x1522e08f0_0;
    %pad/u 33;
    %store/vec4 v0x1522e0620_0, 0, 33;
    %pushi/vec4 0, 0, 32;
    %store/vec4 v0x1522e0bc0_0, 0, 32;
T_49.4 ;
    %load/vec4 v0x1522e0bc0_0;
    %cmpi/s 32, 0, 32;
    %jmp/0xz T_49.5, 5;
    %load/vec4 v0x1522e06b0_0;
    %parti/s 1, 0, 2;
    %load/vec4 v0x1522e0740_0;
    %concat/vec4; draw_concat_vec4
    %dup/vec4;
    %pushi/vec4 1, 0, 2;
    %cmp/u;
    %jmp/1 T_49.6, 6;
    %dup/vec4;
    %pushi/vec4 2, 0, 2;
    %cmp/u;
    %jmp/1 T_49.7, 6;
    %load/vec4 v0x1522e0590_0;
    %store/vec4 v0x1522e0590_0, 0, 65;
    %jmp T_49.9;
T_49.6 ;
    %load/vec4 v0x1522e0590_0;
    %load/vec4 v0x1522e0620_0;
    %pad/u 65;
    %add;
    %store/vec4 v0x1522e0590_0, 0, 65;
    %jmp T_49.9;
T_49.7 ;
    %load/vec4 v0x1522e0590_0;
    %load/vec4 v0x1522e0620_0;
    %pad/u 65;
    %sub;
    %store/vec4 v0x1522e0590_0, 0, 65;
    %jmp T_49.9;
T_49.9 ;
    %pop/vec4 1;
    %load/vec4 v0x1522e06b0_0;
    %parti/s 1, 0, 2;
    %store/vec4 v0x1522e0740_0, 0, 1;
    %load/vec4 v0x1522e0590_0;
    %parti/s 1, 0, 2;
    %load/vec4 v0x1522e06b0_0;
    %parti/s 31, 1, 2;
    %concat/vec4; draw_concat_vec4
    %store/vec4 v0x1522e06b0_0, 0, 32;
    %load/vec4 v0x1522e0590_0;
    %parti/s 1, 32, 7;
    %load/vec4 v0x1522e0590_0;
    %parti/s 64, 1, 2;
    %concat/vec4; draw_concat_vec4
    %store/vec4 v0x1522e0590_0, 0, 65;
    %load/vec4 v0x1522e0bc0_0;
    %addi 1, 0, 32;
    %store/vec4 v0x1522e0bc0_0, 0, 32;
    %jmp T_49.4;
T_49.5 ;
    %load/vec4 v0x1522e0590_0;
    %parti/s 64, 0, 2;
    %load/vec4 v0x1522e06b0_0;
    %concat/vec4; draw_concat_vec4
    %pad/u 64;
    %store/vec4 v0x1522e0ce0_0, 0, 64;
    %load/vec4 v0x1522e0860_0;
    %load/vec4 v0x1522e0a10_0;
    %xor;
    %store/vec4 v0x1522e0c50_0, 0, 1;
    %load/vec4 v0x1522e0c50_0;
    %flag_set/vec4 8;
    %jmp/0xz  T_49.10, 8;
    %load/vec4 v0x1522e0ce0_0;
    %inv;
    %addi 1, 0, 64;
    %store/vec4 v0x1522e0b30_0, 0, 64;
    %jmp T_49.11;
T_49.10 ;
    %load/vec4 v0x1522e0ce0_0;
    %store/vec4 v0x1522e0b30_0, 0, 64;
T_49.11 ;
    %jmp T_49;
    .thread T_49, $push;
    .scope S_0x1522dfd10;
T_50 ;
    %wait E_0x150768e20;
    %load/vec4 v0x1522dfe80_0;
    %parti/s 1, 31, 6;
    %store/vec4 v0x1522e00c0_0, 0, 1;
    %load/vec4 v0x1522dff10_0;
    %parti/s 1, 31, 6;
    %store/vec4 v0x1522e01e0_0, 0, 1;
    %load/vec4 v0x1522e00c0_0;
    %flag_set/vec4 8;
    %jmp/0xz  T_50.0, 8;
    %load/vec4 v0x1522dfe80_0;
    %pad/u 64;
    %inv;
    %addi 1, 0, 64;
    %store/vec4 v0x1522e0030_0, 0, 64;
    %jmp T_50.1;
T_50.0 ;
    %load/vec4 v0x1522dfe80_0;
    %pad/u 64;
    %store/vec4 v0x1522e0030_0, 0, 64;
T_50.1 ;
    %load/vec4 v0x1522e01e0_0;
    %flag_set/vec4 8;
    %jmp/0xz  T_50.2, 8;
    %load/vec4 v0x1522dff10_0;
    %inv;
    %addi 1, 0, 32;
    %store/vec4 v0x1522e0150_0, 0, 32;
    %jmp T_50.3;
T_50.2 ;
    %load/vec4 v0x1522dff10_0;
    %store/vec4 v0x1522e0150_0, 0, 32;
T_50.3 ;
    %load/vec4 v0x1522e0030_0;
    %concati/vec4 0, 0, 32;
    %pad/u 64;
    %store/vec4 v0x1522e0030_0, 0, 64;
    %pushi/vec4 0, 0, 32;
    %store/vec4 v0x1522e0300_0, 0, 32;
    %pushi/vec4 0, 0, 32;
    %store/vec4 v0x1522e0390_0, 0, 32;
    %load/vec4 v0x1522e0030_0;
    %concati/vec4 0, 0, 32;
    %pad/u 64;
    %store/vec4 v0x1522e0030_0, 0, 64;
    %pushi/vec4 0, 0, 32;
    %store/vec4 v0x1522e0270_0, 0, 32;
T_50.4 ;
    %load/vec4 v0x1522e0270_0;
    %cmpi/s 32, 0, 32;
    %jmp/0xz T_50.5, 5;
    %load/vec4 v0x1522e0390_0;
    %parti/s 31, 0, 2;
    %load/vec4 v0x1522e0030_0;
    %parti/s 1, 63, 7;
    %concat/vec4; draw_concat_vec4
    %store/vec4 v0x1522e0390_0, 0, 32;
    %load/vec4 v0x1522e0030_0;
    %ix/load 4, 1, 0;
    %flag_set/imm 4, 0;
    %shiftl 4;
    %store/vec4 v0x1522e0030_0, 0, 64;
    %load/vec4 v0x1522e0390_0;
    %parti/s 1, 31, 6;
    %pad/u 32;
    %cmpi/e 0, 0, 32;
    %jmp/0xz  T_50.6, 4;
    %load/vec4 v0x1522e0390_0;
    %load/vec4 v0x1522e0150_0;
    %sub;
    %store/vec4 v0x1522e0390_0, 0, 32;
    %jmp T_50.7;
T_50.6 ;
    %load/vec4 v0x1522e0390_0;
    %load/vec4 v0x1522e0150_0;
    %add;
    %store/vec4 v0x1522e0390_0, 0, 32;
T_50.7 ;
    %load/vec4 v0x1522e0390_0;
    %parti/s 1, 31, 6;
    %pad/u 32;
    %cmpi/e 0, 0, 32;
    %jmp/0xz  T_50.8, 4;
    %load/vec4 v0x1522e0300_0;
    %pushi/vec4 1, 0, 32;
    %pushi/vec4 31, 0, 32;
    %load/vec4 v0x1522e0270_0;
    %sub;
    %ix/vec4 4;
    %shiftl 4;
    %or;
    %store/vec4 v0x1522e0300_0, 0, 32;
T_50.8 ;
    %load/vec4 v0x1522e0270_0;
    %addi 1, 0, 32;
    %store/vec4 v0x1522e0270_0, 0, 32;
    %jmp T_50.4;
T_50.5 ;
    %load/vec4 v0x1522e0390_0;
    %parti/s 1, 31, 6;
    %pad/u 32;
    %cmpi/e 1, 0, 32;
    %jmp/0xz  T_50.10, 4;
    %load/vec4 v0x1522e0390_0;
    %load/vec4 v0x1522e0150_0;
    %add;
    %store/vec4 v0x1522e0390_0, 0, 32;
T_50.10 ;
    %load/vec4 v0x1522e00c0_0;
    %load/vec4 v0x1522e01e0_0;
    %xor;
    %flag_set/vec4 8;
    %jmp/0xz  T_50.12, 8;
    %load/vec4 v0x1522e0300_0;
    %inv;
    %addi 1, 0, 32;
    %store/vec4 v0x1522e0300_0, 0, 32;
T_50.12 ;
    %load/vec4 v0x1522e00c0_0;
    %flag_set/vec4 8;
    %jmp/0xz  T_50.14, 8;
    %load/vec4 v0x1522e0390_0;
    %inv;
    %addi 1, 0, 32;
    %store/vec4 v0x1522e0390_0, 0, 32;
T_50.14 ;
    %load/vec4 v0x1522e0300_0;
    %load/vec4 v0x1522e0390_0;
    %concat/vec4; draw_concat_vec4
    %store/vec4 v0x1522dffa0_0, 0, 64;
    %jmp T_50;
    .thread T_50, $push;
    .scope S_0x1507fb770;
T_51 ;
    %wait E_0x152154e20;
    %load/vec4 v0x15231d6c0_0;
    %dup/vec4;
    %pushi/vec4 3, 0, 5;
    %cmp/u;
    %jmp/1 T_51.0, 6;
    %dup/vec4;
    %pushi/vec4 4, 0, 5;
    %cmp/u;
    %jmp/1 T_51.1, 6;
    %dup/vec4;
    %pushi/vec4 5, 0, 5;
    %cmp/u;
    %jmp/1 T_51.2, 6;
    %dup/vec4;
    %pushi/vec4 6, 0, 5;
    %cmp/u;
    %jmp/1 T_51.3, 6;
    %dup/vec4;
    %pushi/vec4 7, 0, 5;
    %cmp/u;
    %jmp/1 T_51.4, 6;
    %dup/vec4;
    %pushi/vec4 8, 0, 5;
    %cmp/u;
    %jmp/1 T_51.5, 6;
    %dup/vec4;
    %pushi/vec4 9, 0, 5;
    %cmp/u;
    %jmp/1 T_51.6, 6;
    %dup/vec4;
    %pushi/vec4 10, 0, 5;
    %cmp/u;
    %jmp/1 T_51.7, 6;
    %dup/vec4;
    %pushi/vec4 11, 0, 5;
    %cmp/u;
    %jmp/1 T_51.8, 6;
    %dup/vec4;
    %pushi/vec4 15, 0, 5;
    %cmp/u;
    %jmp/1 T_51.9, 6;
    %dup/vec4;
    %pushi/vec4 16, 0, 5;
    %cmp/u;
    %jmp/1 T_51.10, 6;
    %dup/vec4;
    %pushi/vec4 17, 0, 5;
    %cmp/u;
    %jmp/1 T_51.11, 6;
    %dup/vec4;
    %pushi/vec4 18, 0, 5;
    %cmp/u;
    %jmp/1 T_51.12, 6;
    %dup/vec4;
    %pushi/vec4 19, 0, 5;
    %cmp/u;
    %jmp/1 T_51.13, 6;
    %pushi/vec4 0, 0, 32;
    %store/vec4 v0x15231dc40_0, 0, 32;
    %jmp T_51.15;
T_51.0 ;
    %pushi/vec4 0, 0, 32;
    %load/vec4 v0x15231d490_0;
    %concat/vec4; draw_concat_vec4
    %pad/u 32;
    %store/vec4 v0x15231dc40_0, 0, 32;
    %jmp T_51.15;
T_51.1 ;
    %pushi/vec4 0, 0, 32;
    %load/vec4 v0x15231e120_0;
    %concat/vec4; draw_concat_vec4
    %pad/u 32;
    %store/vec4 v0x15231dc40_0, 0, 32;
    %jmp T_51.15;
T_51.2 ;
    %pushi/vec4 0, 0, 32;
    %load/vec4 v0x15231d540_0;
    %concat/vec4; draw_concat_vec4
    %pad/u 32;
    %store/vec4 v0x15231dc40_0, 0, 32;
    %jmp T_51.15;
T_51.3 ;
    %pushi/vec4 0, 0, 32;
    %load/vec4 v0x15231dae0_0;
    %concat/vec4; draw_concat_vec4
    %pad/u 32;
    %store/vec4 v0x15231dc40_0, 0, 32;
    %jmp T_51.15;
T_51.4 ;
    %pushi/vec4 0, 0, 32;
    %load/vec4 v0x15231dda0_0;
    %concat/vec4; draw_concat_vec4
    %pad/u 32;
    %store/vec4 v0x15231dc40_0, 0, 32;
    %jmp T_51.15;
T_51.5 ;
    %pushi/vec4 0, 0, 32;
    %load/vec4 v0x15231dce0_0;
    %concat/vec4; draw_concat_vec4
    %pad/u 32;
    %store/vec4 v0x15231dc40_0, 0, 32;
    %jmp T_51.15;
T_51.6 ;
    %pushi/vec4 0, 0, 32;
    %load/vec4 v0x15231e000_0;
    %concat/vec4; draw_concat_vec4
    %pad/u 32;
    %store/vec4 v0x15231dc40_0, 0, 32;
    %jmp T_51.15;
T_51.7 ;
    %pushi/vec4 0, 0, 32;
    %load/vec4 v0x15231e090_0;
    %concat/vec4; draw_concat_vec4
    %pad/u 32;
    %store/vec4 v0x15231dc40_0, 0, 32;
    %jmp T_51.15;
T_51.8 ;
    %pushi/vec4 0, 0, 32;
    %load/vec4 v0x15231de50_0;
    %concat/vec4; draw_concat_vec4
    %pad/u 32;
    %store/vec4 v0x15231dc40_0, 0, 32;
    %jmp T_51.15;
T_51.9 ;
    %load/vec4 v0x15231d7f0_0;
    %pad/u 32;
    %store/vec4 v0x15231dc40_0, 0, 32;
    %jmp T_51.15;
T_51.10 ;
    %load/vec4 v0x15231d890_0;
    %pad/u 32;
    %store/vec4 v0x15231dc40_0, 0, 32;
    %jmp T_51.15;
T_51.11 ;
    %pushi/vec4 0, 0, 32;
    %load/vec4 v0x15231d9c0_0;
    %concat/vec4; draw_concat_vec4
    %pad/u 32;
    %store/vec4 v0x15231dc40_0, 0, 32;
    %jmp T_51.15;
T_51.12 ;
    %pushi/vec4 0, 0, 32;
    %load/vec4 v0x15231da50_0;
    %concat/vec4; draw_concat_vec4
    %pad/u 32;
    %store/vec4 v0x15231dc40_0, 0, 32;
    %jmp T_51.15;
T_51.13 ;
    %pushi/vec4 0, 0, 32;
    %load/vec4 v0x15231db90_0;
    %concat/vec4; draw_concat_vec4
    %pad/u 32;
    %store/vec4 v0x15231dc40_0, 0, 32;
    %jmp T_51.15;
T_51.15 ;
    %pop/vec4 1;
    %jmp T_51;
    .thread T_51, $push;
    .scope S_0x1507fb770;
T_52 ;
    %wait E_0x152154ea0;
    %load/vec4 v0x15231dc40_0;
    %pad/u 64;
    %store/vec4 v0x15231d330_0, 0, 64;
    %jmp T_52;
    .thread T_52, $push;
    .scope S_0x152323860;
T_53 ;
    %pushi/vec4 0, 0, 32;
    %store/vec4 v0x152323c50_0, 0, 32;
    %end;
    .thread T_53;
    .scope S_0x152323860;
T_54 ;
    %wait E_0x152323c10;
    %load/vec4 v0x1523240a0_0;
    %dup/vec4;
    %pushi/vec4 0, 0, 1;
    %cmp/u;
    %jmp/1 T_54.0, 6;
    %dup/vec4;
    %pushi/vec4 1, 0, 1;
    %cmp/u;
    %jmp/1 T_54.1, 6;
    %jmp T_54.2;
T_54.0 ;
    %load/vec4 v0x152323d20_0;
    %store/vec4 v0x152323ed0_0, 0, 32;
    %jmp T_54.2;
T_54.1 ;
    %load/vec4 v0x152323ff0_0;
    %store/vec4 v0x152323ed0_0, 0, 32;
    %jmp T_54.2;
T_54.2 ;
    %pop/vec4 1;
    %jmp T_54;
    .thread T_54, $push;
    .scope S_0x152323860;
T_55 ;
    %wait E_0x152321140;
    %load/vec4 v0x152323db0_0;
    %flag_set/vec4 8;
    %jmp/0xz  T_55.0, 8;
    %pushi/vec4 0, 0, 32;
    %assign/vec4 v0x152323c50_0, 0;
    %jmp T_55.1;
T_55.0 ;
    %load/vec4 v0x152323f60_0;
    %flag_set/vec4 8;
    %jmp/0xz  T_55.2, 8;
    %load/vec4 v0x152323ed0_0;
    %assign/vec4 v0x152323c50_0, 0;
T_55.2 ;
T_55.1 ;
    %jmp T_55;
    .thread T_55;
    .scope S_0x152322fe0;
T_56 ;
    %pushi/vec4 0, 0, 32;
    %store/vec4 v0x152323730_0, 0, 32;
    %end;
    .thread T_56;
    .scope S_0x152322fe0;
T_57 ;
    %wait E_0x152321140;
    %load/vec4 v0x152323350_0;
    %flag_set/vec4 8;
    %jmp/0xz  T_57.0, 8;
    %pushi/vec4 0, 0, 32;
    %assign/vec4 v0x152323730_0, 0;
    %jmp T_57.1;
T_57.0 ;
    %load/vec4 v0x1523236a0_0;
    %flag_set/vec4 8;
    %jmp/0xz  T_57.2, 8;
    %load/vec4 v0x152323580_0;
    %assign/vec4 v0x152323730_0, 0;
T_57.2 ;
T_57.1 ;
    %jmp T_57;
    .thread T_57;
    .scope S_0x152324bc0;
T_58 ;
    %pushi/vec4 0, 0, 32;
    %store/vec4 v0x152325120_0, 0, 32;
    %vpi_call 24 14 "$readmemh", "mem_init.hex", v0x1523251d0 {0 0 0};
    %end;
    .thread T_58;
    .scope S_0x152324bc0;
T_59 ;
    %wait E_0x152324f30;
    %load/vec4 v0x152327340_0;
    %flag_set/vec4 8;
    %jmp/0xz  T_59.0, 8;
    %load/vec4 v0x152325050_0;
    %load/vec4 v0x152324f80_0;
    %pad/u 11;
    %ix/vec4 3;
    %ix/load 4, 0, 0; Constant delay
    %assign/vec4/a/d v0x1523251d0, 0, 4;
    %load/vec4 v0x152324f80_0;
    %pad/u 11;
    %ix/vec4 4;
    %load/vec4a v0x1523251d0, 4;
    %vpi_call 24 20 "$display", "Write: Address=%h, Data In=%h, Memory at Address=%h", v0x152324f80_0, v0x152325050_0, S<0,vec4,u32> {1 0 0};
    %jmp T_59.1;
T_59.0 ;
    %load/vec4 v0x152327260_0;
    %flag_set/vec4 8;
    %jmp/0xz  T_59.2, 8;
    %load/vec4 v0x152324f80_0;
    %pad/u 11;
    %ix/vec4 4;
    %load/vec4a v0x1523251d0, 4;
    %assign/vec4 v0x152325120_0, 0;
T_59.2 ;
T_59.1 ;
    %jmp T_59;
    .thread T_59, $push;
    .scope S_0x15231e1f0;
T_60 ;
    %pushi/vec4 0, 0, 32;
    %store/vec4 v0x152320a30_0, 0, 32;
    %end;
    .thread T_60;
    .scope S_0x15231e1f0;
T_61 ;
    %wait E_0x15231e650;
    %load/vec4 v0x15231f0e0_0;
    %flag_set/vec4 8;
    %jmp/0xz  T_61.0, 8;
    %load/vec4 v0x15231f030_0;
    %store/vec4 v0x152320a30_0, 0, 32;
    %jmp T_61.1;
T_61.0 ;
    %load/vec4 v0x15231fad0_0;
    %flag_set/vec4 8;
    %jmp/0xz  T_61.2, 8;
    %load/vec4 v0x15231f180_0;
    %store/vec4 v0x152320a30_0, 0, 32;
    %jmp T_61.3;
T_61.2 ;
    %load/vec4 v0x15231fc20_0;
    %flag_set/vec4 8;
    %jmp/0xz  T_61.4, 8;
    %load/vec4 v0x15231fb70_0;
    %store/vec4 v0x152320a30_0, 0, 32;
    %jmp T_61.5;
T_61.4 ;
    %load/vec4 v0x15231fd70_0;
    %flag_set/vec4 8;
    %jmp/0xz  T_61.6, 8;
    %load/vec4 v0x15231fcc0_0;
    %store/vec4 v0x152320a30_0, 0, 32;
    %jmp T_61.7;
T_61.6 ;
    %load/vec4 v0x15231f390_0;
    %flag_set/vec4 8;
    %jmp/0xz  T_61.8, 8;
    %load/vec4 v0x15231fe10_0;
    %store/vec4 v0x152320a30_0, 0, 32;
    %jmp T_61.9;
T_61.8 ;
    %load/vec4 v0x152320130_0;
    %flag_set/vec4 8;
    %jmp/0xz  T_61.10, 8;
    %load/vec4 v0x1523200a0_0;
    %store/vec4 v0x152320a30_0, 0, 32;
    %jmp T_61.11;
T_61.10 ;
    %load/vec4 v0x152320260_0;
    %flag_set/vec4 8;
    %jmp/0xz  T_61.12, 8;
    %load/vec4 v0x1523201c0_0;
    %store/vec4 v0x152320a30_0, 0, 32;
    %jmp T_61.13;
T_61.12 ;
    %load/vec4 v0x1523203b0_0;
    %flag_set/vec4 8;
    %jmp/0xz  T_61.14, 8;
    %load/vec4 v0x152320300_0;
    %store/vec4 v0x152320a30_0, 0, 32;
    %jmp T_61.15;
T_61.14 ;
    %load/vec4 v0x152320500_0;
    %flag_set/vec4 8;
    %jmp/0xz  T_61.16, 8;
    %load/vec4 v0x152320450_0;
    %store/vec4 v0x152320a30_0, 0, 32;
    %jmp T_61.17;
T_61.16 ;
    %load/vec4 v0x152320650_0;
    %flag_set/vec4 8;
    %jmp/0xz  T_61.18, 8;
    %load/vec4 v0x1523205a0_0;
    %store/vec4 v0x152320a30_0, 0, 32;
    %jmp T_61.19;
T_61.18 ;
    %load/vec4 v0x15231f2e0_0;
    %flag_set/vec4 8;
    %jmp/0xz  T_61.20, 8;
    %load/vec4 v0x15231f230_0;
    %store/vec4 v0x152320a30_0, 0, 32;
    %jmp T_61.21;
T_61.20 ;
    %load/vec4 v0x15231f500_0;
    %flag_set/vec4 8;
    %jmp/0xz  T_61.22, 8;
    %load/vec4 v0x15231f470_0;
    %store/vec4 v0x152320a30_0, 0, 32;
    %jmp T_61.23;
T_61.22 ;
    %load/vec4 v0x15231f640_0;
    %flag_set/vec4 8;
    %jmp/0xz  T_61.24, 8;
    %load/vec4 v0x15231f590_0;
    %store/vec4 v0x152320a30_0, 0, 32;
    %jmp T_61.25;
T_61.24 ;
    %load/vec4 v0x15231f790_0;
    %flag_set/vec4 8;
    %jmp/0xz  T_61.26, 8;
    %load/vec4 v0x15231f6e0_0;
    %store/vec4 v0x152320a30_0, 0, 32;
    %jmp T_61.27;
T_61.26 ;
    %load/vec4 v0x15231f8e0_0;
    %flag_set/vec4 8;
    %jmp/0xz  T_61.28, 8;
    %load/vec4 v0x15231f830_0;
    %store/vec4 v0x152320a30_0, 0, 32;
    %jmp T_61.29;
T_61.28 ;
    %load/vec4 v0x15231fa30_0;
    %flag_set/vec4 8;
    %jmp/0xz  T_61.30, 8;
    %load/vec4 v0x15231f980_0;
    %store/vec4 v0x152320a30_0, 0, 32;
    %jmp T_61.31;
T_61.30 ;
    %load/vec4 v0x15231ee40_0;
    %flag_set/vec4 8;
    %jmp/0xz  T_61.32, 8;
    %load/vec4 v0x15231ed30_0;
    %store/vec4 v0x152320a30_0, 0, 32;
    %jmp T_61.33;
T_61.32 ;
    %load/vec4 v0x15231ea00_0;
    %flag_set/vec4 8;
    %jmp/0xz  T_61.34, 8;
    %load/vec4 v0x15231e970_0;
    %store/vec4 v0x152320a30_0, 0, 32;
    %jmp T_61.35;
T_61.34 ;
    %load/vec4 v0x15231ec90_0;
    %flag_set/vec4 8;
    %jmp/0xz  T_61.36, 8;
    %load/vec4 v0x15231ebe0_0;
    %store/vec4 v0x152320a30_0, 0, 32;
    %jmp T_61.37;
T_61.36 ;
    %load/vec4 v0x1523207a0_0;
    %flag_set/vec4 8;
    %jmp/0xz  T_61.38, 8;
    %load/vec4 v0x1523206f0_0;
    %store/vec4 v0x152320a30_0, 0, 32;
    %jmp T_61.39;
T_61.38 ;
    %load/vec4 v0x1523208f0_0;
    %flag_set/vec4 8;
    %jmp/0xz  T_61.40, 8;
    %load/vec4 v0x152320840_0;
    %store/vec4 v0x152320a30_0, 0, 32;
    %jmp T_61.41;
T_61.40 ;
    %load/vec4 v0x15231ef90_0;
    %flag_set/vec4 8;
    %jmp/0xz  T_61.42, 8;
    %load/vec4 v0x15231eee0_0;
    %store/vec4 v0x152320a30_0, 0, 32;
    %jmp T_61.43;
T_61.42 ;
    %load/vec4 v0x15231eb40_0;
    %flag_set/vec4 8;
    %jmp/0xz  T_61.44, 8;
    %load/vec4 v0x15231ea90_0;
    %store/vec4 v0x152320a30_0, 0, 32;
    %jmp T_61.45;
T_61.44 ;
    %load/vec4 v0x15231e8d0_0;
    %flag_set/vec4 8;
    %jmp/0xz  T_61.46, 8;
    %load/vec4 v0x15231e810_0;
    %store/vec4 v0x152320a30_0, 0, 32;
T_61.46 ;
T_61.45 ;
T_61.43 ;
T_61.41 ;
T_61.39 ;
T_61.37 ;
T_61.35 ;
T_61.33 ;
T_61.31 ;
T_61.29 ;
T_61.27 ;
T_61.25 ;
T_61.23 ;
T_61.21 ;
T_61.19 ;
T_61.17 ;
T_61.15 ;
T_61.13 ;
T_61.11 ;
T_61.9 ;
T_61.7 ;
T_61.5 ;
T_61.3 ;
T_61.1 ;
    %jmp T_61;
    .thread T_61, $push;
    .scope S_0x1507ff770;
T_62 ;
    %pushi/vec4 0, 0, 4;
    %store/vec4 v0x152335d00_0, 0, 4;
    %end;
    .thread T_62;
    .scope S_0x1507ff770;
T_63 ;
    %pushi/vec4 0, 0, 1;
    %store/vec4 v0x152334dd0_0, 0, 1;
T_63.0 ;
    %delay 1000, 0;
    %load/vec4 v0x152334dd0_0;
    %inv;
    %store/vec4 v0x152334dd0_0, 0, 1;
    %jmp T_63.0;
    %end;
    .thread T_63;
    .scope S_0x1507ff770;
T_64 ;
    %wait E_0x152321140;
    %load/vec4 v0x152335d00_0;
    %dup/vec4;
    %pushi/vec4 0, 0, 4;
    %cmp/u;
    %jmp/1 T_64.0, 6;
    %dup/vec4;
    %pushi/vec4 1, 0, 4;
    %cmp/u;
    %jmp/1 T_64.1, 6;
    %dup/vec4;
    %pushi/vec4 2, 0, 4;
    %cmp/u;
    %jmp/1 T_64.2, 6;
    %dup/vec4;
    %pushi/vec4 3, 0, 4;
    %cmp/u;
    %jmp/1 T_64.3, 6;
    %dup/vec4;
    %pushi/vec4 4, 0, 4;
    %cmp/u;
    %jmp/1 T_64.4, 6;
    %dup/vec4;
    %pushi/vec4 5, 0, 4;
    %cmp/u;
    %jmp/1 T_64.5, 6;
    %dup/vec4;
    %pushi/vec4 6, 0, 4;
    %cmp/u;
    %jmp/1 T_64.6, 6;
    %dup/vec4;
    %pushi/vec4 7, 0, 4;
    %cmp/u;
    %jmp/1 T_64.7, 6;
    %dup/vec4;
    %pushi/vec4 8, 0, 4;
    %cmp/u;
    %jmp/1 T_64.8, 6;
    %dup/vec4;
    %pushi/vec4 9, 0, 4;
    %cmp/u;
    %jmp/1 T_64.9, 6;
    %dup/vec4;
    %pushi/vec4 10, 0, 4;
    %cmp/u;
    %jmp/1 T_64.10, 6;
    %dup/vec4;
    %pushi/vec4 11, 0, 4;
    %cmp/u;
    %jmp/1 T_64.11, 6;
    %dup/vec4;
    %pushi/vec4 12, 0, 4;
    %cmp/u;
    %jmp/1 T_64.12, 6;
    %dup/vec4;
    %pushi/vec4 13, 0, 4;
    %cmp/u;
    %jmp/1 T_64.13, 6;
    %jmp T_64.14;
T_64.0 ;
    %pushi/vec4 1, 0, 4;
    %store/vec4 v0x152335d00_0, 0, 4;
    %jmp T_64.14;
T_64.1 ;
    %pushi/vec4 2, 0, 4;
    %store/vec4 v0x152335d00_0, 0, 4;
    %jmp T_64.14;
T_64.2 ;
    %pushi/vec4 3, 0, 4;
    %store/vec4 v0x152335d00_0, 0, 4;
    %jmp T_64.14;
T_64.3 ;
    %pushi/vec4 4, 0, 4;
    %store/vec4 v0x152335d00_0, 0, 4;
    %jmp T_64.14;
T_64.4 ;
    %pushi/vec4 5, 0, 4;
    %store/vec4 v0x152335d00_0, 0, 4;
    %jmp T_64.14;
T_64.5 ;
    %pushi/vec4 6, 0, 4;
    %store/vec4 v0x152335d00_0, 0, 4;
    %jmp T_64.14;
T_64.6 ;
    %pushi/vec4 7, 0, 4;
    %store/vec4 v0x152335d00_0, 0, 4;
    %jmp T_64.14;
T_64.7 ;
    %pushi/vec4 8, 0, 4;
    %store/vec4 v0x152335d00_0, 0, 4;
    %jmp T_64.14;
T_64.8 ;
    %pushi/vec4 9, 0, 4;
    %store/vec4 v0x152335d00_0, 0, 4;
    %jmp T_64.14;
T_64.9 ;
    %pushi/vec4 10, 0, 4;
    %store/vec4 v0x152335d00_0, 0, 4;
    %jmp T_64.14;
T_64.10 ;
    %pushi/vec4 11, 0, 4;
    %store/vec4 v0x152335d00_0, 0, 4;
    %jmp T_64.14;
T_64.11 ;
    %pushi/vec4 12, 0, 4;
    %store/vec4 v0x152335d00_0, 0, 4;
    %jmp T_64.14;
T_64.12 ;
    %pushi/vec4 13, 0, 4;
    %store/vec4 v0x152335d00_0, 0, 4;
    %jmp T_64.14;
T_64.13 ;
    %pushi/vec4 14, 0, 4;
    %store/vec4 v0x152335d00_0, 0, 4;
    %jmp T_64.14;
T_64.14 ;
    %pop/vec4 1;
    %jmp T_64;
    .thread T_64;
    .scope S_0x1507ff770;
T_65 ;
    %wait E_0x152199b60;
    %load/vec4 v0x152335d00_0;
    %dup/vec4;
    %pushi/vec4 0, 0, 4;
    %cmp/u;
    %jmp/1 T_65.0, 6;
    %dup/vec4;
    %pushi/vec4 1, 0, 4;
    %cmp/u;
    %jmp/1 T_65.1, 6;
    %dup/vec4;
    %pushi/vec4 2, 0, 4;
    %cmp/u;
    %jmp/1 T_65.2, 6;
    %dup/vec4;
    %pushi/vec4 3, 0, 4;
    %cmp/u;
    %jmp/1 T_65.3, 6;
    %dup/vec4;
    %pushi/vec4 4, 0, 4;
    %cmp/u;
    %jmp/1 T_65.4, 6;
    %dup/vec4;
    %pushi/vec4 5, 0, 4;
    %cmp/u;
    %jmp/1 T_65.5, 6;
    %dup/vec4;
    %pushi/vec4 6, 0, 4;
    %cmp/u;
    %jmp/1 T_65.6, 6;
    %dup/vec4;
    %pushi/vec4 7, 0, 4;
    %cmp/u;
    %jmp/1 T_65.7, 6;
    %dup/vec4;
    %pushi/vec4 8, 0, 4;
    %cmp/u;
    %jmp/1 T_65.8, 6;
    %dup/vec4;
    %pushi/vec4 9, 0, 4;
    %cmp/u;
    %jmp/1 T_65.9, 6;
    %dup/vec4;
    %pushi/vec4 10, 0, 4;
    %cmp/u;
    %jmp/1 T_65.10, 6;
    %dup/vec4;
    %pushi/vec4 11, 0, 4;
    %cmp/u;
    %jmp/1 T_65.11, 6;
    %dup/vec4;
    %pushi/vec4 12, 0, 4;
    %cmp/u;
    %jmp/1 T_65.12, 6;
    %dup/vec4;
    %pushi/vec4 13, 0, 4;
    %cmp/u;
    %jmp/1 T_65.13, 6;
    %dup/vec4;
    %pushi/vec4 14, 0, 4;
    %cmp/u;
    %jmp/1 T_65.14, 6;
    %jmp T_65.15;
T_65.0 ;
    %pushi/vec4 0, 0, 1;
    %assign/vec4 v0x152335c30_0, 0;
    %pushi/vec4 0, 0, 1;
    %assign/vec4 v0x152336420_0, 0;
    %pushi/vec4 0, 0, 1;
    %assign/vec4 v0x1523357a0_0, 0;
    %pushi/vec4 0, 0, 1;
    %assign/vec4 v0x1523351f0_0, 0;
    %pushi/vec4 0, 0, 1;
    %assign/vec4 v0x152335530_0, 0;
    %pushi/vec4 0, 0, 1;
    %assign/vec4 v0x1523362c0_0, 0;
    %pushi/vec4 0, 0, 1;
    %assign/vec4 v0x152334e60_0, 0;
    %pushi/vec4 0, 0, 1;
    %assign/vec4 v0x1523353d0_0, 0;
    %pushi/vec4 0, 0, 1;
    %assign/vec4 v0x1523354a0_0, 0;
    %pushi/vec4 0, 0, 1;
    %assign/vec4 v0x152335120_0, 0;
    %pushi/vec4 0, 0, 1;
    %assign/vec4 v0x152335600_0, 0;
    %pushi/vec4 0, 0, 1;
    %assign/vec4 v0x152335600_0, 0;
    %pushi/vec4 0, 0, 1;
    %assign/vec4 v0x152336390_0, 0;
    %pushi/vec4 0, 0, 1;
    %assign/vec4 v0x152335b60_0, 0;
    %pushi/vec4 0, 0, 1;
    %assign/vec4 v0x1523356d0_0, 0;
    %pushi/vec4 0, 0, 1;
    %assign/vec4 v0x152335300_0, 0;
    %pushi/vec4 0, 0, 1;
    %assign/vec4 v0x152336230_0, 0;
    %pushi/vec4 0, 0, 1;
    %assign/vec4 v0x152335f30_0, 0;
    %pushi/vec4 0, 0, 1;
    %assign/vec4 v0x1523361a0_0, 0;
    %pushi/vec4 0, 0, 5;
    %assign/vec4 v0x1523364f0_0, 0;
    %pushi/vec4 0, 0, 1;
    %assign/vec4 v0x152334d40_0, 0;
    %pushi/vec4 0, 0, 1;
    %assign/vec4 v0x152335d90_0, 0;
    %pushi/vec4 0, 0, 1;
    %assign/vec4 v0x152335e60_0, 0;
    %pushi/vec4 0, 0, 1;
    %assign/vec4 v0x152335ad0_0, 0;
    %pushi/vec4 0, 0, 1;
    %assign/vec4 v0x152334ef0_0, 0;
    %pushi/vec4 0, 0, 1;
    %assign/vec4 v0x152334fc0_0, 0;
    %pushi/vec4 0, 0, 1;
    %assign/vec4 v0x152335050_0, 0;
    %pushi/vec4 0, 0, 1;
    %assign/vec4 v0x152336000_0, 0;
    %pushi/vec4 0, 0, 1;
    %assign/vec4 v0x1523360d0_0, 0;
    %pushi/vec4 0, 0, 1;
    %assign/vec4 v0x1507fa5a0_0, 0;
    %pushi/vec4 0, 0, 16;
    %assign/vec4 v0x152335940_0, 0;
    %pushi/vec4 0, 0, 16;
    %assign/vec4 v0x152336780_0, 0;
    %pushi/vec4 0, 0, 32;
    %assign/vec4 v0x152335870_0, 0;
    %pushi/vec4 0, 0, 32;
    %assign/vec4 v0x152335a40_0, 0;
    %jmp T_65.15;
T_65.1 ;
    %pushi/vec4 0, 0, 32;
    %assign/vec4 v0x152335a40_0, 0;
    %pushi/vec4 1, 0, 1;
    %assign/vec4 v0x152335ad0_0, 0;
    %pushi/vec4 1, 0, 1;
    %assign/vec4 v0x152335c30_0, 0;
    %pushi/vec4 19, 0, 5;
    %assign/vec4 v0x1523364f0_0, 0;
    %delay 500, 0;
    %pushi/vec4 1, 0, 1;
    %assign/vec4 v0x152336390_0, 0;
    %pushi/vec4 1, 0, 1;
    %assign/vec4 v0x152335600_0, 0;
    %delay 1000, 0;
    %pushi/vec4 0, 0, 1;
    %assign/vec4 v0x152335c30_0, 0;
    %pushi/vec4 0, 0, 1;
    %assign/vec4 v0x152335ad0_0, 0;
    %delay 500, 0;
    %pushi/vec4 0, 0, 1;
    %assign/vec4 v0x152336390_0, 0;
    %pushi/vec4 0, 0, 5;
    %assign/vec4 v0x1523364f0_0, 0;
    %pushi/vec4 0, 0, 1;
    %assign/vec4 v0x152335600_0, 0;
    %jmp T_65.15;
T_65.2 ;
    %pushi/vec4 1, 0, 1;
    %assign/vec4 v0x152335f30_0, 0;
    %pushi/vec4 1, 0, 1;
    %assign/vec4 v0x152336420_0, 0;
    %delay 500, 0;
    %pushi/vec4 1, 0, 1;
    %assign/vec4 v0x152335d90_0, 0;
    %pushi/vec4 1, 0, 1;
    %assign/vec4 v0x152335b60_0, 0;
    %pushi/vec4 1, 0, 1;
    %assign/vec4 v0x1523356d0_0, 0;
    %delay 500, 0;
    %delay 500, 0;
    %pushi/vec4 0, 0, 1;
    %assign/vec4 v0x152336420_0, 0;
    %pushi/vec4 0, 0, 1;
    %assign/vec4 v0x152335d90_0, 0;
    %delay 500, 0;
    %pushi/vec4 0, 0, 1;
    %assign/vec4 v0x152335c30_0, 0;
    %pushi/vec4 0, 0, 1;
    %assign/vec4 v0x152335f30_0, 0;
    %pushi/vec4 0, 0, 1;
    %assign/vec4 v0x152335b60_0, 0;
    %pushi/vec4 0, 0, 1;
    %assign/vec4 v0x1523356d0_0, 0;
    %jmp T_65.15;
T_65.3 ;
    %pushi/vec4 1, 0, 1;
    %assign/vec4 v0x1523357a0_0, 0;
    %delay 500, 0;
    %pushi/vec4 1, 0, 1;
    %assign/vec4 v0x152335300_0, 0;
    %delay 1000, 0;
    %pushi/vec4 0, 0, 1;
    %assign/vec4 v0x1523357a0_0, 0;
    %delay 500, 0;
    %pushi/vec4 0, 0, 1;
    %assign/vec4 v0x152335300_0, 0;
    %jmp T_65.15;
T_65.4 ;
    %pushi/vec4 1, 0, 1;
    %assign/vec4 v0x152334fc0_0, 0;
    %pushi/vec4 1, 0, 1;
    %assign/vec4 v0x1507fa5a0_0, 0;
    %delay 500, 0;
    %pushi/vec4 1, 0, 1;
    %assign/vec4 v0x152336230_0, 0;
    %delay 1000, 0;
    %pushi/vec4 0, 0, 1;
    %assign/vec4 v0x152334fc0_0, 0;
    %pushi/vec4 0, 0, 1;
    %assign/vec4 v0x1507fa5a0_0, 0;
    %delay 500, 0;
    %pushi/vec4 0, 0, 1;
    %assign/vec4 v0x152336230_0, 0;
    %jmp T_65.15;
T_65.5 ;
    %pushi/vec4 1, 0, 1;
    %assign/vec4 v0x152334e60_0, 0;
    %pushi/vec4 3, 0, 5;
    %assign/vec4 v0x1523364f0_0, 0;
    %delay 500, 0;
    %pushi/vec4 1, 0, 1;
    %assign/vec4 v0x152336390_0, 0;
    %delay 1500, 0;
    %pushi/vec4 0, 0, 1;
    %assign/vec4 v0x152336390_0, 0;
    %pushi/vec4 0, 0, 1;
    %assign/vec4 v0x152334e60_0, 0;
    %jmp T_65.15;
T_65.6 ;
    %pushi/vec4 1, 0, 1;
    %assign/vec4 v0x152336420_0, 0;
    %delay 500, 0;
    %pushi/vec4 1, 0, 1;
    %assign/vec4 v0x152336000_0, 0;
    %pushi/vec4 1, 0, 1;
    %assign/vec4 v0x152334ef0_0, 0;
    %delay 1000, 0;
    %pushi/vec4 0, 0, 1;
    %assign/vec4 v0x152336420_0, 0;
    %delay 500, 0;
    %pushi/vec4 0, 0, 1;
    %assign/vec4 v0x152336000_0, 0;
    %pushi/vec4 0, 0, 1;
    %assign/vec4 v0x152334ef0_0, 0;
    %jmp T_65.15;
T_65.7 ;
    %pushi/vec4 1, 0, 1;
    %assign/vec4 v0x152335c30_0, 0;
    %pushi/vec4 19, 0, 5;
    %assign/vec4 v0x1523364f0_0, 0;
    %pushi/vec4 1, 0, 1;
    %assign/vec4 v0x152335600_0, 0;
    %delay 500, 0;
    %pushi/vec4 1, 0, 1;
    %assign/vec4 v0x152336390_0, 0;
    %pushi/vec4 1, 0, 1;
    %assign/vec4 v0x152335600_0, 0;
    %delay 1000, 0;
    %pushi/vec4 0, 0, 1;
    %assign/vec4 v0x152335c30_0, 0;
    %delay 500, 0;
    %pushi/vec4 0, 0, 1;
    %assign/vec4 v0x152335600_0, 0;
    %pushi/vec4 0, 0, 1;
    %assign/vec4 v0x152336390_0, 0;
    %pushi/vec4 0, 0, 5;
    %assign/vec4 v0x1523364f0_0, 0;
    %jmp T_65.15;
T_65.8 ;
    %pushi/vec4 1, 0, 1;
    %assign/vec4 v0x152335d90_0, 0;
    %pushi/vec4 1, 0, 1;
    %assign/vec4 v0x152336420_0, 0;
    %delay 500, 0;
    %pushi/vec4 1, 0, 1;
    %assign/vec4 v0x152335f30_0, 0;
    %pushi/vec4 1, 0, 1;
    %assign/vec4 v0x152335b60_0, 0;
    %pushi/vec4 1, 0, 1;
    %assign/vec4 v0x1523356d0_0, 0;
    %delay 500, 0;
    %delay 500, 0;
    %pushi/vec4 0, 0, 1;
    %assign/vec4 v0x152336420_0, 0;
    %pushi/vec4 0, 0, 1;
    %assign/vec4 v0x152335d90_0, 0;
    %delay 500, 0;
    %pushi/vec4 0, 0, 1;
    %assign/vec4 v0x152335c30_0, 0;
    %pushi/vec4 0, 0, 1;
    %assign/vec4 v0x152335f30_0, 0;
    %pushi/vec4 0, 0, 1;
    %assign/vec4 v0x152335b60_0, 0;
    %pushi/vec4 0, 0, 1;
    %assign/vec4 v0x1523356d0_0, 0;
    %jmp T_65.15;
T_65.9 ;
    %pushi/vec4 1, 0, 1;
    %assign/vec4 v0x1523357a0_0, 0;
    %delay 500, 0;
    %pushi/vec4 1, 0, 1;
    %assign/vec4 v0x152335600_0, 0;
    %pushi/vec4 1, 0, 1;
    %assign/vec4 v0x152335300_0, 0;
    %delay 1000, 0;
    %pushi/vec4 0, 0, 1;
    %assign/vec4 v0x1523357a0_0, 0;
    %delay 500, 0;
    %pushi/vec4 0, 0, 1;
    %assign/vec4 v0x152335600_0, 0;
    %pushi/vec4 0, 0, 1;
    %assign/vec4 v0x152335300_0, 0;
    %jmp T_65.15;
T_65.10 ;
    %pushi/vec4 1, 0, 1;
    %assign/vec4 v0x152334fc0_0, 0;
    %pushi/vec4 1, 0, 1;
    %assign/vec4 v0x1507fa5a0_0, 0;
    %delay 500, 0;
    %pushi/vec4 1, 0, 1;
    %assign/vec4 v0x152336230_0, 0;
    %delay 500, 0;
    %pushi/vec4 0, 0, 1;
    %assign/vec4 v0x152334fc0_0, 0;
    %delay 1000, 0;
    %pushi/vec4 0, 0, 1;
    %assign/vec4 v0x152336230_0, 0;
    %pushi/vec4 0, 0, 1;
    %assign/vec4 v0x1507fa5a0_0, 0;
    %jmp T_65.15;
T_65.11 ;
    %pushi/vec4 1, 0, 1;
    %assign/vec4 v0x152334e60_0, 0;
    %pushi/vec4 3, 0, 5;
    %assign/vec4 v0x1523364f0_0, 0;
    %delay 500, 0;
    %pushi/vec4 1, 0, 1;
    %assign/vec4 v0x152336390_0, 0;
    %delay 1500, 0;
    %pushi/vec4 0, 0, 1;
    %assign/vec4 v0x152334e60_0, 0;
    %pushi/vec4 0, 0, 1;
    %assign/vec4 v0x152336390_0, 0;
    %jmp T_65.15;
T_65.12 ;
    %delay 500, 0;
    %pushi/vec4 1, 0, 1;
    %assign/vec4 v0x152336420_0, 0;
    %pushi/vec4 1, 0, 1;
    %assign/vec4 v0x152335600_0, 0;
    %delay 1500, 0;
    %pushi/vec4 0, 0, 1;
    %assign/vec4 v0x152336420_0, 0;
    %pushi/vec4 0, 0, 1;
    %assign/vec4 v0x152335600_0, 0;
    %jmp T_65.15;
T_65.13 ;
    %delay 500, 0;
    %pushi/vec4 1, 0, 1;
    %assign/vec4 v0x152334ef0_0, 0;
    %pushi/vec4 1, 0, 1;
    %assign/vec4 v0x1523360d0_0, 0;
    %pushi/vec4 1, 0, 1;
    %assign/vec4 v0x1523356d0_0, 0;
    %delay 1500, 0;
    %pushi/vec4 0, 0, 1;
    %assign/vec4 v0x152334ef0_0, 0;
    %pushi/vec4 0, 0, 1;
    %assign/vec4 v0x1523360d0_0, 0;
    %pushi/vec4 0, 0, 1;
    %assign/vec4 v0x1523356d0_0, 0;
    %jmp T_65.15;
T_65.14 ;
    %delay 500, 0;
    %pushi/vec4 1, 0, 1;
    %assign/vec4 v0x1523357a0_0, 0;
    %pushi/vec4 1, 0, 1;
    %assign/vec4 v0x152335e60_0, 0;
    %delay 1500, 0;
    %pushi/vec4 0, 0, 1;
    %assign/vec4 v0x1523357a0_0, 0;
    %pushi/vec4 0, 0, 1;
    %assign/vec4 v0x152335e60_0, 0;
    %jmp T_65.15;
T_65.15 ;
    %pop/vec4 1;
    %jmp T_65;
    .thread T_65, $push;
    .scope S_0x1507ff770;
T_66 ;
    %vpi_call 2 183 "$dumpfile", "st_tb.vcd" {0 0 0};
    %vpi_call 2 184 "$dumpvars" {0 0 0};
    %end;
    .thread T_66;
    .scope S_0x1507ff770;
T_67 ;
    %delay 50000, 0;
    %vpi_call 2 190 "$display", "Simulation complete." {0 0 0};
    %vpi_call 2 191 "$finish" {0 0 0};
    %end;
    .thread T_67;
# The file index is used to find the file name in the following table.
:file_names 27;
    "N/A";
    "<interactive>";
    "st_tb.v";
    "DataPath.v";
    "ALU.v";
    "collective_add.v";
    "adder.v";
    "and_op.v";
    "non_restore_div.v";
    "boothMul.v";
    "neg.v";
    "not_op.v";
    "or_op.v";
    "rol.v";
    "ror.v";
    "shl.v";
    "shr.v";
    "shra.v";
    "subtract.v";
    "Bus.v";
    "register.v";
    "MAR.v";
    "MDR.v";
    "PC.v";
    "RAM.v";
    "R0.v";
    "Select_Encode.v";
