Fitter report for phase1
Thu Jan 23 16:57:10 2025
Quartus Prime Version 18.1.0 Build 625 09/12/2018 SJ Standard Edition


---------------------
; Table of Contents ;
---------------------
  1. Legal Notice
  2. Fitter Summary
  3. Fitter Settings
  4. Parallel Compilation
  5. Incremental Compilation Preservation Summary
  6. Incremental Compilation Partition Settings
  7. Fitter Resource Usage Summary
  8. Input Pins
  9. I/O Bank Usage
 10. All Package Pins
 11. I/O Assignment Warnings
 12. Fitter Resource Utilization by Entity
 13. Delay Chain Summary
 14. Pad To Core Delay Chain Fanout
 15. I/O Rules Summary
 16. I/O Rules Details
 17. I/O Rules Matrix
 18. Fitter Device Options
 19. Operating Settings and Conditions
 20. Fitter Messages



----------------
; Legal Notice ;
----------------
Copyright (C) 2018  Intel Corporation. All rights reserved.
Your use of Intel Corporation's design tools, logic functions 
and other software and tools, and its AMPP partner logic 
functions, and any output files from any of the foregoing 
(including device programming or simulation files), and any 
associated documentation or information are expressly subject 
to the terms and conditions of the Intel Program License 
Subscription Agreement, the Intel Quartus Prime License Agreement,
the Intel FPGA IP License Agreement, or other applicable license
agreement, including, without limitation, that your use is for
the sole purpose of programming logic devices manufactured by
Intel and sold by Intel or its authorized distributors.  Please
refer to the applicable agreement for further details.



+-----------------------------------------------------------------------------------+
; Fitter Summary                                                                    ;
+---------------------------------+-------------------------------------------------+
; Fitter Status                   ; Failed - Thu Jan 23 16:57:10 2025               ;
; Quartus Prime Version           ; 18.1.0 Build 625 09/12/2018 SJ Standard Edition ;
; Revision Name                   ; phase1                                          ;
; Top-level Entity Name           ; DataPath                                        ;
; Family                          ; Cyclone V                                       ;
; Device                          ; 5CEBA4F23C7                                     ;
; Timing Models                   ; Final                                           ;
; Logic utilization (in ALMs)     ; 1 / 18,480 ( < 1 % )                            ;
; Total registers                 ; 0                                               ;
; Total pins                      ; 823 / 224 ( 367 % )                             ;
; Total virtual pins              ; 0                                               ;
; Total block memory bits         ; 0 / 3,153,920 ( 0 % )                           ;
; Total RAM Blocks                ; 0 / 308 ( 0 % )                                 ;
; Total DSP Blocks                ; 0 / 66 ( 0 % )                                  ;
; Total HSSI RX PCSs              ; 0                                               ;
; Total HSSI PMA RX Deserializers ; 0                                               ;
; Total HSSI TX PCSs              ; 0                                               ;
; Total HSSI PMA TX Serializers   ; 0                                               ;
; Total PLLs                      ; 0 / 4 ( 0 % )                                   ;
; Total DLLs                      ; 0 / 4 ( 0 % )                                   ;
+---------------------------------+-------------------------------------------------+


+----------------------------------------------------------------------------------------------------------------------------------------------------+
; Fitter Settings                                                                                                                                    ;
+--------------------------------------------------------------------+---------------------------------------+---------------------------------------+
; Option                                                             ; Setting                               ; Default Value                         ;
+--------------------------------------------------------------------+---------------------------------------+---------------------------------------+
; Device                                                             ; 5CEBA4F23C7                           ;                                       ;
; Minimum Core Junction Temperature                                  ; 0                                     ;                                       ;
; Maximum Core Junction Temperature                                  ; 85                                    ;                                       ;
; Use smart compilation                                              ; Off                                   ; Off                                   ;
; Enable parallel Assembler and Timing Analyzer during compilation   ; On                                    ; On                                    ;
; Enable compact report table                                        ; Off                                   ; Off                                   ;
; Router Timing Optimization Level                                   ; Normal                                ; Normal                                ;
; Perform Clocking Topology Analysis During Routing                  ; Off                                   ; Off                                   ;
; Placement Effort Multiplier                                        ; 1.0                                   ; 1.0                                   ;
; Device initialization clock source                                 ; INIT_INTOSC                           ; INIT_INTOSC                           ;
; Optimize Hold Timing                                               ; All Paths                             ; All Paths                             ;
; Optimize Multi-Corner Timing                                       ; On                                    ; On                                    ;
; Auto RAM to MLAB Conversion                                        ; On                                    ; On                                    ;
; Equivalent RAM and MLAB Power Up                                   ; Auto                                  ; Auto                                  ;
; Equivalent RAM and MLAB Paused Read Capabilities                   ; Care                                  ; Care                                  ;
; Power Optimization During Fitting                                  ; Normal compilation                    ; Normal compilation                    ;
; SSN Optimization                                                   ; Off                                   ; Off                                   ;
; Optimize Timing                                                    ; Normal compilation                    ; Normal compilation                    ;
; Optimize Timing for ECOs                                           ; Off                                   ; Off                                   ;
; Regenerate Full Fit Report During ECO Compiles                     ; Off                                   ; Off                                   ;
; Optimize IOC Register Placement for Timing                         ; Normal                                ; Normal                                ;
; Final Placement Optimizations                                      ; Automatically                         ; Automatically                         ;
; Fitter Aggressive Routability Optimizations                        ; Automatically                         ; Automatically                         ;
; Fitter Initial Placement Seed                                      ; 1                                     ; 1                                     ;
; Periphery to Core Placement and Routing Optimization               ; Off                                   ; Off                                   ;
; Weak Pull-Up Resistor                                              ; Off                                   ; Off                                   ;
; Enable Bus-Hold Circuitry                                          ; Off                                   ; Off                                   ;
; Auto Packed Registers                                              ; Auto                                  ; Auto                                  ;
; Auto Delay Chains                                                  ; On                                    ; On                                    ;
; Auto Delay Chains for High Fanout Input Pins                       ; Off                                   ; Off                                   ;
; Treat Bidirectional Pin as Output Pin                              ; Off                                   ; Off                                   ;
; Perform Physical Synthesis for Combinational Logic for Fitting     ; Off                                   ; Off                                   ;
; Perform Physical Synthesis for Combinational Logic for Performance ; Off                                   ; Off                                   ;
; Perform Register Duplication for Performance                       ; Off                                   ; Off                                   ;
; Perform Register Retiming for Performance                          ; Off                                   ; Off                                   ;
; Perform Asynchronous Signal Pipelining                             ; Off                                   ; Off                                   ;
; Fitter Effort                                                      ; Auto Fit                              ; Auto Fit                              ;
; Physical Synthesis Effort Level                                    ; Normal                                ; Normal                                ;
; Logic Cell Insertion - Logic Duplication                           ; Auto                                  ; Auto                                  ;
; Auto Register Duplication                                          ; Auto                                  ; Auto                                  ;
; Auto Global Clock                                                  ; On                                    ; On                                    ;
; Auto Global Register Control Signals                               ; On                                    ; On                                    ;
; Reserve all unused pins                                            ; As input tri-stated with weak pull-up ; As input tri-stated with weak pull-up ;
; Synchronizer Identification                                        ; Auto                                  ; Auto                                  ;
; Enable Beneficial Skew Optimization                                ; On                                    ; On                                    ;
; Optimize Design for Metastability                                  ; On                                    ; On                                    ;
; Active Serial clock source                                         ; FREQ_100MHz                           ; FREQ_100MHz                           ;
; Force Fitter to Avoid Periphery Placement Warnings                 ; Off                                   ; Off                                   ;
; Clamping Diode                                                     ; Off                                   ; Off                                   ;
; Enable input tri-state on active configuration pins in user mode   ; Off                                   ; Off                                   ;
; Advanced Physical Optimization                                     ; On                                    ; On                                    ;
+--------------------------------------------------------------------+---------------------------------------+---------------------------------------+


+------------------------------------------+
; Parallel Compilation                     ;
+----------------------------+-------------+
; Processors                 ; Number      ;
+----------------------------+-------------+
; Number detected on machine ; 8           ;
; Maximum allowed            ; 4           ;
;                            ;             ;
; Average used               ; 1.00        ;
; Maximum used               ; 1           ;
;                            ;             ;
; Usage by Processor         ; % Time Used ;
;     Processor 1            ; 100.0%      ;
+----------------------------+-------------+


+------------------------------------------------------------------------------------------------+
; Incremental Compilation Preservation Summary                                                   ;
+---------------------+------------------+----------------------------+--------------------------+
; Type                ; Total [A + B]    ; From Design Partitions [A] ; From Rapid Recompile [B] ;
+---------------------+------------------+----------------------------+--------------------------+
; Placement (by node) ;                  ;                            ;                          ;
;     -- Requested    ; 0.00 % ( 0 / 0 ) ; 0.00 % ( 0 / 0 )           ; 0.00 % ( 0 / 0 )         ;
;     -- Achieved     ; 0.00 % ( 0 / 0 ) ; 0.00 % ( 0 / 0 )           ; 0.00 % ( 0 / 0 )         ;
;                     ;                  ;                            ;                          ;
; Routing (by net)    ;                  ;                            ;                          ;
;     -- Requested    ; 0.00 % ( 0 / 0 ) ; 0.00 % ( 0 / 0 )           ; 0.00 % ( 0 / 0 )         ;
;     -- Achieved     ; 0.00 % ( 0 / 0 ) ; 0.00 % ( 0 / 0 )           ; 0.00 % ( 0 / 0 )         ;
+---------------------+------------------+----------------------------+--------------------------+


+----------------------------------------------------------------------------------------------------------------------------------------------------------------------------------------+
; Incremental Compilation Partition Settings                                                                                                                                             ;
+--------------------------------+----------------+-------------------+-------------------------+------------------------+------------------------------+--------------------------------+
; Partition Name                 ; Partition Type ; Netlist Type Used ; Preservation Level Used ; Netlist Type Requested ; Preservation Level Requested ; Contents                       ;
+--------------------------------+----------------+-------------------+-------------------------+------------------------+------------------------------+--------------------------------+
; Top                            ; User-created   ; Source File       ; N/A                     ; Source File            ; N/A                          ;                                ;
; hard_block:auto_generated_inst ; Auto-generated ; Source File       ; N/A                     ; Source File            ; N/A                          ; hard_block:auto_generated_inst ;
+--------------------------------+----------------+-------------------+-------------------------+------------------------+------------------------------+--------------------------------+


+-------------------------------------------------------------------------------------+
; Fitter Resource Usage Summary                                                       ;
+-------------------------------------------------------------+---------------+-------+
; Resource                                                    ; Usage         ; %     ;
+-------------------------------------------------------------+---------------+-------+
; Logic utilization (ALMs needed / total ALMs on device)      ; 1 / 18,480    ; < 1 % ;
; ALMs needed [=A-B+C]                                        ; 1             ;       ;
;     [A] ALMs used in final placement [=a+b+c+d]             ; 1 / 18,480    ; < 1 % ;
;         [a] ALMs used for LUT logic and registers           ; 0             ;       ;
;         [b] ALMs used for LUT logic                         ; 1             ;       ;
;         [c] ALMs used for registers                         ; 0             ;       ;
;         [d] ALMs used for memory (up to half of total ALMs) ; 0             ;       ;
;     [B] Estimate of ALMs recoverable by dense packing       ; 0 / 18,480    ; 0 %   ;
;     [C] Estimate of ALMs unavailable [=a+b+c+d]             ; 0 / 18,480    ; 0 %   ;
;         [a] Due to location constrained logic               ; 0             ;       ;
;         [b] Due to LAB-wide signal conflicts                ; 0             ;       ;
;         [c] Due to LAB input limits                         ; 0             ;       ;
;         [d] Due to virtual I/Os                             ; 0             ;       ;
;                                                             ;               ;       ;
; Difficulty packing design                                   ; No fit        ;       ;
;                                                             ;               ;       ;
; Total LABs:  partially or completely used                   ; 82 / 1,848    ; 4 %   ;
;     -- Logic LABs                                           ; 82            ;       ;
;     -- Memory LABs (up to half of total LABs)               ; 0             ;       ;
;                                                             ;               ;       ;
; Combinational ALUT usage for logic                          ; 1             ;       ;
;     -- 7 input functions                                    ; 0             ;       ;
;     -- 6 input functions                                    ; 0             ;       ;
;     -- 5 input functions                                    ; 0             ;       ;
;     -- 4 input functions                                    ; 0             ;       ;
;     -- <=3 input functions                                  ; 1             ;       ;
; Combinational ALUT usage for route-throughs                 ; 0             ;       ;
;                                                             ;               ;       ;
; Dedicated logic registers                                   ; 0             ;       ;
;     -- By type:                                             ;               ;       ;
;         -- Primary logic registers                          ; 0 / 36,960    ; 0 %   ;
;         -- Secondary logic registers                        ; 0 / 36,960    ; 0 %   ;
;     -- By function:                                         ;               ;       ;
;         -- Design implementation registers                  ; 0             ;       ;
;         -- Routing optimization registers                   ; 0             ;       ;
;                                                             ;               ;       ;
; Virtual pins                                                ; 0             ;       ;
; I/O pins                                                    ; 823 / 224     ; 367 % ;
;     -- Clock pins                                           ; 0 / 9         ; 0 %   ;
;     -- Dedicated input pins                                 ; 0 / 11        ; 0 %   ;
;                                                             ;               ;       ;
; M10K blocks                                                 ; 0 / 308       ; 0 %   ;
; Total MLAB memory bits                                      ; 0             ;       ;
; Total block memory bits                                     ; 0 / 3,153,920 ; 0 %   ;
; Total block memory implementation bits                      ; 0 / 3,153,920 ; 0 %   ;
;                                                             ;               ;       ;
; Total DSP Blocks                                            ; 0 / 66        ; 0 %   ;
;                                                             ;               ;       ;
; Fractional PLLs                                             ; 0 / 4         ; 0 %   ;
; Global signals                                              ; 0             ;       ;
;     -- Global clocks                                        ; 0 / 16        ; 0 %   ;
;     -- Quadrant clocks                                      ; 0 / 88        ; 0 %   ;
; SERDES Transmitters                                         ; 0 / 68        ; 0 %   ;
; SERDES Receivers                                            ; 0 / 68        ; 0 %   ;
; JTAGs                                                       ; 0 / 1         ; 0 %   ;
; ASMI blocks                                                 ; 0 / 1         ; 0 %   ;
; CRC blocks                                                  ; 0 / 1         ; 0 %   ;
; Remote update blocks                                        ; 0 / 1         ; 0 %   ;
; Oscillator blocks                                           ; 0 / 1         ; 0 %   ;
; Impedance control blocks                                    ; 0 / 3         ; 0 %   ;
; Maximum fan-out                                             ; 1             ;       ;
; Highest non-global fan-out                                  ; 1             ;       ;
; Total fan-out                                               ; 823           ;       ;
; Average fan-out                                             ; 0.50          ;       ;
+-------------------------------------------------------------+---------------+-------+


+----------------------------------------------------------------------------------------------------------------------------------------------------------------------------------------------------------------------------------------------------+
; Input Pins                                                                                                                                                                                                                                         ;
+-------------+------------+----------+-----------------------+--------------------+--------+----------------+-----------------+----------+--------------+--------------+-------------+---------------------------+----------------------+-----------+
; Name        ; Pin #      ; I/O Bank ; Combinational Fan-Out ; Registered Fan-Out ; Global ; Input Register ; PCI I/O Enabled ; Bus Hold ; Weak Pull Up ; I/O Standard ; Termination ; Termination Control Block ; Location assigned by ; Slew Rate ;
+-------------+------------+----------+-----------------------+--------------------+--------+----------------+-----------------+----------+--------------+--------------+-------------+---------------------------+----------------------+-----------+
; R0in        ; Unassigned ; --       ; 0                     ; 0                  ; no     ; no             ; no              ; no       ; Off          ; 2.5 V        ; Off         ; --                        ; Fitter               ; no        ;
; R0out[0]    ; Unassigned ; --       ; 0                     ; 0                  ; no     ; no             ; no              ; no       ; Off          ; 2.5 V        ; Off         ; --                        ; Fitter               ; no        ;
; R0out[10]   ; Unassigned ; --       ; 0                     ; 0                  ; no     ; no             ; no              ; no       ; Off          ; 2.5 V        ; Off         ; --                        ; Fitter               ; no        ;
; R0out[11]   ; Unassigned ; --       ; 0                     ; 0                  ; no     ; no             ; no              ; no       ; Off          ; 2.5 V        ; Off         ; --                        ; Fitter               ; no        ;
; R0out[12]   ; Unassigned ; --       ; 0                     ; 0                  ; no     ; no             ; no              ; no       ; Off          ; 2.5 V        ; Off         ; --                        ; Fitter               ; no        ;
; R0out[13]   ; Unassigned ; --       ; 0                     ; 0                  ; no     ; no             ; no              ; no       ; Off          ; 2.5 V        ; Off         ; --                        ; Fitter               ; no        ;
; R0out[14]   ; Unassigned ; --       ; 0                     ; 0                  ; no     ; no             ; no              ; no       ; Off          ; 2.5 V        ; Off         ; --                        ; Fitter               ; no        ;
; R0out[15]   ; Unassigned ; --       ; 0                     ; 0                  ; no     ; no             ; no              ; no       ; Off          ; 2.5 V        ; Off         ; --                        ; Fitter               ; no        ;
; R0out[16]   ; Unassigned ; --       ; 0                     ; 0                  ; no     ; no             ; no              ; no       ; Off          ; 2.5 V        ; Off         ; --                        ; Fitter               ; no        ;
; R0out[17]   ; Unassigned ; --       ; 0                     ; 0                  ; no     ; no             ; no              ; no       ; Off          ; 2.5 V        ; Off         ; --                        ; Fitter               ; no        ;
; R0out[18]   ; Unassigned ; --       ; 0                     ; 0                  ; no     ; no             ; no              ; no       ; Off          ; 2.5 V        ; Off         ; --                        ; Fitter               ; no        ;
; R0out[19]   ; Unassigned ; --       ; 0                     ; 0                  ; no     ; no             ; no              ; no       ; Off          ; 2.5 V        ; Off         ; --                        ; Fitter               ; no        ;
; R0out[1]    ; Unassigned ; --       ; 0                     ; 0                  ; no     ; no             ; no              ; no       ; Off          ; 2.5 V        ; Off         ; --                        ; Fitter               ; no        ;
; R0out[20]   ; Unassigned ; --       ; 0                     ; 0                  ; no     ; no             ; no              ; no       ; Off          ; 2.5 V        ; Off         ; --                        ; Fitter               ; no        ;
; R0out[21]   ; Unassigned ; --       ; 0                     ; 0                  ; no     ; no             ; no              ; no       ; Off          ; 2.5 V        ; Off         ; --                        ; Fitter               ; no        ;
; R0out[22]   ; Unassigned ; --       ; 0                     ; 0                  ; no     ; no             ; no              ; no       ; Off          ; 2.5 V        ; Off         ; --                        ; Fitter               ; no        ;
; R0out[23]   ; Unassigned ; --       ; 0                     ; 0                  ; no     ; no             ; no              ; no       ; Off          ; 2.5 V        ; Off         ; --                        ; Fitter               ; no        ;
; R0out[24]   ; Unassigned ; --       ; 0                     ; 0                  ; no     ; no             ; no              ; no       ; Off          ; 2.5 V        ; Off         ; --                        ; Fitter               ; no        ;
; R0out[25]   ; Unassigned ; --       ; 0                     ; 0                  ; no     ; no             ; no              ; no       ; Off          ; 2.5 V        ; Off         ; --                        ; Fitter               ; no        ;
; R0out[26]   ; Unassigned ; --       ; 0                     ; 0                  ; no     ; no             ; no              ; no       ; Off          ; 2.5 V        ; Off         ; --                        ; Fitter               ; no        ;
; R0out[27]   ; Unassigned ; --       ; 0                     ; 0                  ; no     ; no             ; no              ; no       ; Off          ; 2.5 V        ; Off         ; --                        ; Fitter               ; no        ;
; R0out[28]   ; Unassigned ; --       ; 0                     ; 0                  ; no     ; no             ; no              ; no       ; Off          ; 2.5 V        ; Off         ; --                        ; Fitter               ; no        ;
; R0out[29]   ; Unassigned ; --       ; 0                     ; 0                  ; no     ; no             ; no              ; no       ; Off          ; 2.5 V        ; Off         ; --                        ; Fitter               ; no        ;
; R0out[2]    ; Unassigned ; --       ; 0                     ; 0                  ; no     ; no             ; no              ; no       ; Off          ; 2.5 V        ; Off         ; --                        ; Fitter               ; no        ;
; R0out[30]   ; Unassigned ; --       ; 0                     ; 0                  ; no     ; no             ; no              ; no       ; Off          ; 2.5 V        ; Off         ; --                        ; Fitter               ; no        ;
; R0out[31]   ; Unassigned ; --       ; 0                     ; 0                  ; no     ; no             ; no              ; no       ; Off          ; 2.5 V        ; Off         ; --                        ; Fitter               ; no        ;
; R0out[3]    ; Unassigned ; --       ; 0                     ; 0                  ; no     ; no             ; no              ; no       ; Off          ; 2.5 V        ; Off         ; --                        ; Fitter               ; no        ;
; R0out[4]    ; Unassigned ; --       ; 0                     ; 0                  ; no     ; no             ; no              ; no       ; Off          ; 2.5 V        ; Off         ; --                        ; Fitter               ; no        ;
; R0out[5]    ; Unassigned ; --       ; 0                     ; 0                  ; no     ; no             ; no              ; no       ; Off          ; 2.5 V        ; Off         ; --                        ; Fitter               ; no        ;
; R0out[6]    ; Unassigned ; --       ; 0                     ; 0                  ; no     ; no             ; no              ; no       ; Off          ; 2.5 V        ; Off         ; --                        ; Fitter               ; no        ;
; R0out[7]    ; Unassigned ; --       ; 0                     ; 0                  ; no     ; no             ; no              ; no       ; Off          ; 2.5 V        ; Off         ; --                        ; Fitter               ; no        ;
; R0out[8]    ; Unassigned ; --       ; 0                     ; 0                  ; no     ; no             ; no              ; no       ; Off          ; 2.5 V        ; Off         ; --                        ; Fitter               ; no        ;
; R0out[9]    ; Unassigned ; --       ; 0                     ; 0                  ; no     ; no             ; no              ; no       ; Off          ; 2.5 V        ; Off         ; --                        ; Fitter               ; no        ;
; R10in       ; Unassigned ; --       ; 0                     ; 0                  ; no     ; no             ; no              ; no       ; Off          ; 2.5 V        ; Off         ; --                        ; Fitter               ; no        ;
; R10out[0]   ; Unassigned ; --       ; 0                     ; 0                  ; no     ; no             ; no              ; no       ; Off          ; 2.5 V        ; Off         ; --                        ; Fitter               ; no        ;
; R10out[10]  ; Unassigned ; --       ; 0                     ; 0                  ; no     ; no             ; no              ; no       ; Off          ; 2.5 V        ; Off         ; --                        ; Fitter               ; no        ;
; R10out[11]  ; Unassigned ; --       ; 0                     ; 0                  ; no     ; no             ; no              ; no       ; Off          ; 2.5 V        ; Off         ; --                        ; Fitter               ; no        ;
; R10out[12]  ; Unassigned ; --       ; 0                     ; 0                  ; no     ; no             ; no              ; no       ; Off          ; 2.5 V        ; Off         ; --                        ; Fitter               ; no        ;
; R10out[13]  ; Unassigned ; --       ; 0                     ; 0                  ; no     ; no             ; no              ; no       ; Off          ; 2.5 V        ; Off         ; --                        ; Fitter               ; no        ;
; R10out[14]  ; Unassigned ; --       ; 0                     ; 0                  ; no     ; no             ; no              ; no       ; Off          ; 2.5 V        ; Off         ; --                        ; Fitter               ; no        ;
; R10out[15]  ; Unassigned ; --       ; 0                     ; 0                  ; no     ; no             ; no              ; no       ; Off          ; 2.5 V        ; Off         ; --                        ; Fitter               ; no        ;
; R10out[16]  ; Unassigned ; --       ; 0                     ; 0                  ; no     ; no             ; no              ; no       ; Off          ; 2.5 V        ; Off         ; --                        ; Fitter               ; no        ;
; R10out[17]  ; Unassigned ; --       ; 0                     ; 0                  ; no     ; no             ; no              ; no       ; Off          ; 2.5 V        ; Off         ; --                        ; Fitter               ; no        ;
; R10out[18]  ; Unassigned ; --       ; 0                     ; 0                  ; no     ; no             ; no              ; no       ; Off          ; 2.5 V        ; Off         ; --                        ; Fitter               ; no        ;
; R10out[19]  ; Unassigned ; --       ; 0                     ; 0                  ; no     ; no             ; no              ; no       ; Off          ; 2.5 V        ; Off         ; --                        ; Fitter               ; no        ;
; R10out[1]   ; Unassigned ; --       ; 0                     ; 0                  ; no     ; no             ; no              ; no       ; Off          ; 2.5 V        ; Off         ; --                        ; Fitter               ; no        ;
; R10out[20]  ; Unassigned ; --       ; 0                     ; 0                  ; no     ; no             ; no              ; no       ; Off          ; 2.5 V        ; Off         ; --                        ; Fitter               ; no        ;
; R10out[21]  ; Unassigned ; --       ; 0                     ; 0                  ; no     ; no             ; no              ; no       ; Off          ; 2.5 V        ; Off         ; --                        ; Fitter               ; no        ;
; R10out[22]  ; Unassigned ; --       ; 0                     ; 0                  ; no     ; no             ; no              ; no       ; Off          ; 2.5 V        ; Off         ; --                        ; Fitter               ; no        ;
; R10out[23]  ; Unassigned ; --       ; 0                     ; 0                  ; no     ; no             ; no              ; no       ; Off          ; 2.5 V        ; Off         ; --                        ; Fitter               ; no        ;
; R10out[24]  ; Unassigned ; --       ; 0                     ; 0                  ; no     ; no             ; no              ; no       ; Off          ; 2.5 V        ; Off         ; --                        ; Fitter               ; no        ;
; R10out[25]  ; Unassigned ; --       ; 0                     ; 0                  ; no     ; no             ; no              ; no       ; Off          ; 2.5 V        ; Off         ; --                        ; Fitter               ; no        ;
; R10out[26]  ; Unassigned ; --       ; 0                     ; 0                  ; no     ; no             ; no              ; no       ; Off          ; 2.5 V        ; Off         ; --                        ; Fitter               ; no        ;
; R10out[27]  ; Unassigned ; --       ; 0                     ; 0                  ; no     ; no             ; no              ; no       ; Off          ; 2.5 V        ; Off         ; --                        ; Fitter               ; no        ;
; R10out[28]  ; Unassigned ; --       ; 0                     ; 0                  ; no     ; no             ; no              ; no       ; Off          ; 2.5 V        ; Off         ; --                        ; Fitter               ; no        ;
; R10out[29]  ; Unassigned ; --       ; 0                     ; 0                  ; no     ; no             ; no              ; no       ; Off          ; 2.5 V        ; Off         ; --                        ; Fitter               ; no        ;
; R10out[2]   ; Unassigned ; --       ; 0                     ; 0                  ; no     ; no             ; no              ; no       ; Off          ; 2.5 V        ; Off         ; --                        ; Fitter               ; no        ;
; R10out[30]  ; Unassigned ; --       ; 0                     ; 0                  ; no     ; no             ; no              ; no       ; Off          ; 2.5 V        ; Off         ; --                        ; Fitter               ; no        ;
; R10out[31]  ; Unassigned ; --       ; 0                     ; 0                  ; no     ; no             ; no              ; no       ; Off          ; 2.5 V        ; Off         ; --                        ; Fitter               ; no        ;
; R10out[3]   ; Unassigned ; --       ; 0                     ; 0                  ; no     ; no             ; no              ; no       ; Off          ; 2.5 V        ; Off         ; --                        ; Fitter               ; no        ;
; R10out[4]   ; Unassigned ; --       ; 0                     ; 0                  ; no     ; no             ; no              ; no       ; Off          ; 2.5 V        ; Off         ; --                        ; Fitter               ; no        ;
; R10out[5]   ; Unassigned ; --       ; 0                     ; 0                  ; no     ; no             ; no              ; no       ; Off          ; 2.5 V        ; Off         ; --                        ; Fitter               ; no        ;
; R10out[6]   ; Unassigned ; --       ; 0                     ; 0                  ; no     ; no             ; no              ; no       ; Off          ; 2.5 V        ; Off         ; --                        ; Fitter               ; no        ;
; R10out[7]   ; Unassigned ; --       ; 0                     ; 0                  ; no     ; no             ; no              ; no       ; Off          ; 2.5 V        ; Off         ; --                        ; Fitter               ; no        ;
; R10out[8]   ; Unassigned ; --       ; 0                     ; 0                  ; no     ; no             ; no              ; no       ; Off          ; 2.5 V        ; Off         ; --                        ; Fitter               ; no        ;
; R10out[9]   ; Unassigned ; --       ; 0                     ; 0                  ; no     ; no             ; no              ; no       ; Off          ; 2.5 V        ; Off         ; --                        ; Fitter               ; no        ;
; R11in       ; Unassigned ; --       ; 0                     ; 0                  ; no     ; no             ; no              ; no       ; Off          ; 2.5 V        ; Off         ; --                        ; Fitter               ; no        ;
; R11out[0]   ; Unassigned ; --       ; 0                     ; 0                  ; no     ; no             ; no              ; no       ; Off          ; 2.5 V        ; Off         ; --                        ; Fitter               ; no        ;
; R11out[10]  ; Unassigned ; --       ; 0                     ; 0                  ; no     ; no             ; no              ; no       ; Off          ; 2.5 V        ; Off         ; --                        ; Fitter               ; no        ;
; R11out[11]  ; Unassigned ; --       ; 0                     ; 0                  ; no     ; no             ; no              ; no       ; Off          ; 2.5 V        ; Off         ; --                        ; Fitter               ; no        ;
; R11out[12]  ; Unassigned ; --       ; 0                     ; 0                  ; no     ; no             ; no              ; no       ; Off          ; 2.5 V        ; Off         ; --                        ; Fitter               ; no        ;
; R11out[13]  ; Unassigned ; --       ; 0                     ; 0                  ; no     ; no             ; no              ; no       ; Off          ; 2.5 V        ; Off         ; --                        ; Fitter               ; no        ;
; R11out[14]  ; Unassigned ; --       ; 0                     ; 0                  ; no     ; no             ; no              ; no       ; Off          ; 2.5 V        ; Off         ; --                        ; Fitter               ; no        ;
; R11out[15]  ; Unassigned ; --       ; 0                     ; 0                  ; no     ; no             ; no              ; no       ; Off          ; 2.5 V        ; Off         ; --                        ; Fitter               ; no        ;
; R11out[16]  ; Unassigned ; --       ; 0                     ; 0                  ; no     ; no             ; no              ; no       ; Off          ; 2.5 V        ; Off         ; --                        ; Fitter               ; no        ;
; R11out[17]  ; Unassigned ; --       ; 0                     ; 0                  ; no     ; no             ; no              ; no       ; Off          ; 2.5 V        ; Off         ; --                        ; Fitter               ; no        ;
; R11out[18]  ; Unassigned ; --       ; 0                     ; 0                  ; no     ; no             ; no              ; no       ; Off          ; 2.5 V        ; Off         ; --                        ; Fitter               ; no        ;
; R11out[19]  ; Unassigned ; --       ; 0                     ; 0                  ; no     ; no             ; no              ; no       ; Off          ; 2.5 V        ; Off         ; --                        ; Fitter               ; no        ;
; R11out[1]   ; Unassigned ; --       ; 0                     ; 0                  ; no     ; no             ; no              ; no       ; Off          ; 2.5 V        ; Off         ; --                        ; Fitter               ; no        ;
; R11out[20]  ; Unassigned ; --       ; 0                     ; 0                  ; no     ; no             ; no              ; no       ; Off          ; 2.5 V        ; Off         ; --                        ; Fitter               ; no        ;
; R11out[21]  ; Unassigned ; --       ; 0                     ; 0                  ; no     ; no             ; no              ; no       ; Off          ; 2.5 V        ; Off         ; --                        ; Fitter               ; no        ;
; R11out[22]  ; Unassigned ; --       ; 0                     ; 0                  ; no     ; no             ; no              ; no       ; Off          ; 2.5 V        ; Off         ; --                        ; Fitter               ; no        ;
; R11out[23]  ; Unassigned ; --       ; 0                     ; 0                  ; no     ; no             ; no              ; no       ; Off          ; 2.5 V        ; Off         ; --                        ; Fitter               ; no        ;
; R11out[24]  ; Unassigned ; --       ; 0                     ; 0                  ; no     ; no             ; no              ; no       ; Off          ; 2.5 V        ; Off         ; --                        ; Fitter               ; no        ;
; R11out[25]  ; Unassigned ; --       ; 0                     ; 0                  ; no     ; no             ; no              ; no       ; Off          ; 2.5 V        ; Off         ; --                        ; Fitter               ; no        ;
; R11out[26]  ; Unassigned ; --       ; 0                     ; 0                  ; no     ; no             ; no              ; no       ; Off          ; 2.5 V        ; Off         ; --                        ; Fitter               ; no        ;
; R11out[27]  ; Unassigned ; --       ; 0                     ; 0                  ; no     ; no             ; no              ; no       ; Off          ; 2.5 V        ; Off         ; --                        ; Fitter               ; no        ;
; R11out[28]  ; Unassigned ; --       ; 0                     ; 0                  ; no     ; no             ; no              ; no       ; Off          ; 2.5 V        ; Off         ; --                        ; Fitter               ; no        ;
; R11out[29]  ; Unassigned ; --       ; 0                     ; 0                  ; no     ; no             ; no              ; no       ; Off          ; 2.5 V        ; Off         ; --                        ; Fitter               ; no        ;
; R11out[2]   ; Unassigned ; --       ; 0                     ; 0                  ; no     ; no             ; no              ; no       ; Off          ; 2.5 V        ; Off         ; --                        ; Fitter               ; no        ;
; R11out[30]  ; Unassigned ; --       ; 0                     ; 0                  ; no     ; no             ; no              ; no       ; Off          ; 2.5 V        ; Off         ; --                        ; Fitter               ; no        ;
; R11out[31]  ; Unassigned ; --       ; 0                     ; 0                  ; no     ; no             ; no              ; no       ; Off          ; 2.5 V        ; Off         ; --                        ; Fitter               ; no        ;
; R11out[3]   ; Unassigned ; --       ; 0                     ; 0                  ; no     ; no             ; no              ; no       ; Off          ; 2.5 V        ; Off         ; --                        ; Fitter               ; no        ;
; R11out[4]   ; Unassigned ; --       ; 0                     ; 0                  ; no     ; no             ; no              ; no       ; Off          ; 2.5 V        ; Off         ; --                        ; Fitter               ; no        ;
; R11out[5]   ; Unassigned ; --       ; 0                     ; 0                  ; no     ; no             ; no              ; no       ; Off          ; 2.5 V        ; Off         ; --                        ; Fitter               ; no        ;
; R11out[6]   ; Unassigned ; --       ; 0                     ; 0                  ; no     ; no             ; no              ; no       ; Off          ; 2.5 V        ; Off         ; --                        ; Fitter               ; no        ;
; R11out[7]   ; Unassigned ; --       ; 0                     ; 0                  ; no     ; no             ; no              ; no       ; Off          ; 2.5 V        ; Off         ; --                        ; Fitter               ; no        ;
; R11out[8]   ; Unassigned ; --       ; 0                     ; 0                  ; no     ; no             ; no              ; no       ; Off          ; 2.5 V        ; Off         ; --                        ; Fitter               ; no        ;
; R11out[9]   ; Unassigned ; --       ; 0                     ; 0                  ; no     ; no             ; no              ; no       ; Off          ; 2.5 V        ; Off         ; --                        ; Fitter               ; no        ;
; R12in       ; Unassigned ; --       ; 0                     ; 0                  ; no     ; no             ; no              ; no       ; Off          ; 2.5 V        ; Off         ; --                        ; Fitter               ; no        ;
; R12out[0]   ; Unassigned ; --       ; 0                     ; 0                  ; no     ; no             ; no              ; no       ; Off          ; 2.5 V        ; Off         ; --                        ; Fitter               ; no        ;
; R12out[10]  ; Unassigned ; --       ; 0                     ; 0                  ; no     ; no             ; no              ; no       ; Off          ; 2.5 V        ; Off         ; --                        ; Fitter               ; no        ;
; R12out[11]  ; Unassigned ; --       ; 0                     ; 0                  ; no     ; no             ; no              ; no       ; Off          ; 2.5 V        ; Off         ; --                        ; Fitter               ; no        ;
; R12out[12]  ; Unassigned ; --       ; 0                     ; 0                  ; no     ; no             ; no              ; no       ; Off          ; 2.5 V        ; Off         ; --                        ; Fitter               ; no        ;
; R12out[13]  ; Unassigned ; --       ; 0                     ; 0                  ; no     ; no             ; no              ; no       ; Off          ; 2.5 V        ; Off         ; --                        ; Fitter               ; no        ;
; R12out[14]  ; Unassigned ; --       ; 0                     ; 0                  ; no     ; no             ; no              ; no       ; Off          ; 2.5 V        ; Off         ; --                        ; Fitter               ; no        ;
; R12out[15]  ; Unassigned ; --       ; 0                     ; 0                  ; no     ; no             ; no              ; no       ; Off          ; 2.5 V        ; Off         ; --                        ; Fitter               ; no        ;
; R12out[16]  ; Unassigned ; --       ; 0                     ; 0                  ; no     ; no             ; no              ; no       ; Off          ; 2.5 V        ; Off         ; --                        ; Fitter               ; no        ;
; R12out[17]  ; Unassigned ; --       ; 0                     ; 0                  ; no     ; no             ; no              ; no       ; Off          ; 2.5 V        ; Off         ; --                        ; Fitter               ; no        ;
; R12out[18]  ; Unassigned ; --       ; 0                     ; 0                  ; no     ; no             ; no              ; no       ; Off          ; 2.5 V        ; Off         ; --                        ; Fitter               ; no        ;
; R12out[19]  ; Unassigned ; --       ; 0                     ; 0                  ; no     ; no             ; no              ; no       ; Off          ; 2.5 V        ; Off         ; --                        ; Fitter               ; no        ;
; R12out[1]   ; Unassigned ; --       ; 0                     ; 0                  ; no     ; no             ; no              ; no       ; Off          ; 2.5 V        ; Off         ; --                        ; Fitter               ; no        ;
; R12out[20]  ; Unassigned ; --       ; 0                     ; 0                  ; no     ; no             ; no              ; no       ; Off          ; 2.5 V        ; Off         ; --                        ; Fitter               ; no        ;
; R12out[21]  ; Unassigned ; --       ; 0                     ; 0                  ; no     ; no             ; no              ; no       ; Off          ; 2.5 V        ; Off         ; --                        ; Fitter               ; no        ;
; R12out[22]  ; Unassigned ; --       ; 0                     ; 0                  ; no     ; no             ; no              ; no       ; Off          ; 2.5 V        ; Off         ; --                        ; Fitter               ; no        ;
; R12out[23]  ; Unassigned ; --       ; 0                     ; 0                  ; no     ; no             ; no              ; no       ; Off          ; 2.5 V        ; Off         ; --                        ; Fitter               ; no        ;
; R12out[24]  ; Unassigned ; --       ; 0                     ; 0                  ; no     ; no             ; no              ; no       ; Off          ; 2.5 V        ; Off         ; --                        ; Fitter               ; no        ;
; R12out[25]  ; Unassigned ; --       ; 0                     ; 0                  ; no     ; no             ; no              ; no       ; Off          ; 2.5 V        ; Off         ; --                        ; Fitter               ; no        ;
; R12out[26]  ; Unassigned ; --       ; 0                     ; 0                  ; no     ; no             ; no              ; no       ; Off          ; 2.5 V        ; Off         ; --                        ; Fitter               ; no        ;
; R12out[27]  ; Unassigned ; --       ; 0                     ; 0                  ; no     ; no             ; no              ; no       ; Off          ; 2.5 V        ; Off         ; --                        ; Fitter               ; no        ;
; R12out[28]  ; Unassigned ; --       ; 0                     ; 0                  ; no     ; no             ; no              ; no       ; Off          ; 2.5 V        ; Off         ; --                        ; Fitter               ; no        ;
; R12out[29]  ; Unassigned ; --       ; 0                     ; 0                  ; no     ; no             ; no              ; no       ; Off          ; 2.5 V        ; Off         ; --                        ; Fitter               ; no        ;
; R12out[2]   ; Unassigned ; --       ; 0                     ; 0                  ; no     ; no             ; no              ; no       ; Off          ; 2.5 V        ; Off         ; --                        ; Fitter               ; no        ;
; R12out[30]  ; Unassigned ; --       ; 0                     ; 0                  ; no     ; no             ; no              ; no       ; Off          ; 2.5 V        ; Off         ; --                        ; Fitter               ; no        ;
; R12out[31]  ; Unassigned ; --       ; 0                     ; 0                  ; no     ; no             ; no              ; no       ; Off          ; 2.5 V        ; Off         ; --                        ; Fitter               ; no        ;
; R12out[3]   ; Unassigned ; --       ; 0                     ; 0                  ; no     ; no             ; no              ; no       ; Off          ; 2.5 V        ; Off         ; --                        ; Fitter               ; no        ;
; R12out[4]   ; Unassigned ; --       ; 0                     ; 0                  ; no     ; no             ; no              ; no       ; Off          ; 2.5 V        ; Off         ; --                        ; Fitter               ; no        ;
; R12out[5]   ; Unassigned ; --       ; 0                     ; 0                  ; no     ; no             ; no              ; no       ; Off          ; 2.5 V        ; Off         ; --                        ; Fitter               ; no        ;
; R12out[6]   ; Unassigned ; --       ; 0                     ; 0                  ; no     ; no             ; no              ; no       ; Off          ; 2.5 V        ; Off         ; --                        ; Fitter               ; no        ;
; R12out[7]   ; Unassigned ; --       ; 0                     ; 0                  ; no     ; no             ; no              ; no       ; Off          ; 2.5 V        ; Off         ; --                        ; Fitter               ; no        ;
; R12out[8]   ; Unassigned ; --       ; 0                     ; 0                  ; no     ; no             ; no              ; no       ; Off          ; 2.5 V        ; Off         ; --                        ; Fitter               ; no        ;
; R12out[9]   ; Unassigned ; --       ; 0                     ; 0                  ; no     ; no             ; no              ; no       ; Off          ; 2.5 V        ; Off         ; --                        ; Fitter               ; no        ;
; R13in       ; Unassigned ; --       ; 0                     ; 0                  ; no     ; no             ; no              ; no       ; Off          ; 2.5 V        ; Off         ; --                        ; Fitter               ; no        ;
; R13out[0]   ; Unassigned ; --       ; 0                     ; 0                  ; no     ; no             ; no              ; no       ; Off          ; 2.5 V        ; Off         ; --                        ; Fitter               ; no        ;
; R13out[10]  ; Unassigned ; --       ; 0                     ; 0                  ; no     ; no             ; no              ; no       ; Off          ; 2.5 V        ; Off         ; --                        ; Fitter               ; no        ;
; R13out[11]  ; Unassigned ; --       ; 0                     ; 0                  ; no     ; no             ; no              ; no       ; Off          ; 2.5 V        ; Off         ; --                        ; Fitter               ; no        ;
; R13out[12]  ; Unassigned ; --       ; 0                     ; 0                  ; no     ; no             ; no              ; no       ; Off          ; 2.5 V        ; Off         ; --                        ; Fitter               ; no        ;
; R13out[13]  ; Unassigned ; --       ; 0                     ; 0                  ; no     ; no             ; no              ; no       ; Off          ; 2.5 V        ; Off         ; --                        ; Fitter               ; no        ;
; R13out[14]  ; Unassigned ; --       ; 0                     ; 0                  ; no     ; no             ; no              ; no       ; Off          ; 2.5 V        ; Off         ; --                        ; Fitter               ; no        ;
; R13out[15]  ; Unassigned ; --       ; 0                     ; 0                  ; no     ; no             ; no              ; no       ; Off          ; 2.5 V        ; Off         ; --                        ; Fitter               ; no        ;
; R13out[16]  ; Unassigned ; --       ; 0                     ; 0                  ; no     ; no             ; no              ; no       ; Off          ; 2.5 V        ; Off         ; --                        ; Fitter               ; no        ;
; R13out[17]  ; Unassigned ; --       ; 0                     ; 0                  ; no     ; no             ; no              ; no       ; Off          ; 2.5 V        ; Off         ; --                        ; Fitter               ; no        ;
; R13out[18]  ; Unassigned ; --       ; 0                     ; 0                  ; no     ; no             ; no              ; no       ; Off          ; 2.5 V        ; Off         ; --                        ; Fitter               ; no        ;
; R13out[19]  ; Unassigned ; --       ; 0                     ; 0                  ; no     ; no             ; no              ; no       ; Off          ; 2.5 V        ; Off         ; --                        ; Fitter               ; no        ;
; R13out[1]   ; Unassigned ; --       ; 0                     ; 0                  ; no     ; no             ; no              ; no       ; Off          ; 2.5 V        ; Off         ; --                        ; Fitter               ; no        ;
; R13out[20]  ; Unassigned ; --       ; 0                     ; 0                  ; no     ; no             ; no              ; no       ; Off          ; 2.5 V        ; Off         ; --                        ; Fitter               ; no        ;
; R13out[21]  ; Unassigned ; --       ; 0                     ; 0                  ; no     ; no             ; no              ; no       ; Off          ; 2.5 V        ; Off         ; --                        ; Fitter               ; no        ;
; R13out[22]  ; Unassigned ; --       ; 0                     ; 0                  ; no     ; no             ; no              ; no       ; Off          ; 2.5 V        ; Off         ; --                        ; Fitter               ; no        ;
; R13out[23]  ; Unassigned ; --       ; 0                     ; 0                  ; no     ; no             ; no              ; no       ; Off          ; 2.5 V        ; Off         ; --                        ; Fitter               ; no        ;
; R13out[24]  ; Unassigned ; --       ; 0                     ; 0                  ; no     ; no             ; no              ; no       ; Off          ; 2.5 V        ; Off         ; --                        ; Fitter               ; no        ;
; R13out[25]  ; Unassigned ; --       ; 0                     ; 0                  ; no     ; no             ; no              ; no       ; Off          ; 2.5 V        ; Off         ; --                        ; Fitter               ; no        ;
; R13out[26]  ; Unassigned ; --       ; 0                     ; 0                  ; no     ; no             ; no              ; no       ; Off          ; 2.5 V        ; Off         ; --                        ; Fitter               ; no        ;
; R13out[27]  ; Unassigned ; --       ; 0                     ; 0                  ; no     ; no             ; no              ; no       ; Off          ; 2.5 V        ; Off         ; --                        ; Fitter               ; no        ;
; R13out[28]  ; Unassigned ; --       ; 0                     ; 0                  ; no     ; no             ; no              ; no       ; Off          ; 2.5 V        ; Off         ; --                        ; Fitter               ; no        ;
; R13out[29]  ; Unassigned ; --       ; 0                     ; 0                  ; no     ; no             ; no              ; no       ; Off          ; 2.5 V        ; Off         ; --                        ; Fitter               ; no        ;
; R13out[2]   ; Unassigned ; --       ; 0                     ; 0                  ; no     ; no             ; no              ; no       ; Off          ; 2.5 V        ; Off         ; --                        ; Fitter               ; no        ;
; R13out[30]  ; Unassigned ; --       ; 0                     ; 0                  ; no     ; no             ; no              ; no       ; Off          ; 2.5 V        ; Off         ; --                        ; Fitter               ; no        ;
; R13out[31]  ; Unassigned ; --       ; 0                     ; 0                  ; no     ; no             ; no              ; no       ; Off          ; 2.5 V        ; Off         ; --                        ; Fitter               ; no        ;
; R13out[3]   ; Unassigned ; --       ; 0                     ; 0                  ; no     ; no             ; no              ; no       ; Off          ; 2.5 V        ; Off         ; --                        ; Fitter               ; no        ;
; R13out[4]   ; Unassigned ; --       ; 0                     ; 0                  ; no     ; no             ; no              ; no       ; Off          ; 2.5 V        ; Off         ; --                        ; Fitter               ; no        ;
; R13out[5]   ; Unassigned ; --       ; 0                     ; 0                  ; no     ; no             ; no              ; no       ; Off          ; 2.5 V        ; Off         ; --                        ; Fitter               ; no        ;
; R13out[6]   ; Unassigned ; --       ; 0                     ; 0                  ; no     ; no             ; no              ; no       ; Off          ; 2.5 V        ; Off         ; --                        ; Fitter               ; no        ;
; R13out[7]   ; Unassigned ; --       ; 0                     ; 0                  ; no     ; no             ; no              ; no       ; Off          ; 2.5 V        ; Off         ; --                        ; Fitter               ; no        ;
; R13out[8]   ; Unassigned ; --       ; 0                     ; 0                  ; no     ; no             ; no              ; no       ; Off          ; 2.5 V        ; Off         ; --                        ; Fitter               ; no        ;
; R13out[9]   ; Unassigned ; --       ; 0                     ; 0                  ; no     ; no             ; no              ; no       ; Off          ; 2.5 V        ; Off         ; --                        ; Fitter               ; no        ;
; R14in       ; Unassigned ; --       ; 0                     ; 0                  ; no     ; no             ; no              ; no       ; Off          ; 2.5 V        ; Off         ; --                        ; Fitter               ; no        ;
; R14out[0]   ; Unassigned ; --       ; 0                     ; 0                  ; no     ; no             ; no              ; no       ; Off          ; 2.5 V        ; Off         ; --                        ; Fitter               ; no        ;
; R14out[10]  ; Unassigned ; --       ; 0                     ; 0                  ; no     ; no             ; no              ; no       ; Off          ; 2.5 V        ; Off         ; --                        ; Fitter               ; no        ;
; R14out[11]  ; Unassigned ; --       ; 0                     ; 0                  ; no     ; no             ; no              ; no       ; Off          ; 2.5 V        ; Off         ; --                        ; Fitter               ; no        ;
; R14out[12]  ; Unassigned ; --       ; 0                     ; 0                  ; no     ; no             ; no              ; no       ; Off          ; 2.5 V        ; Off         ; --                        ; Fitter               ; no        ;
; R14out[13]  ; Unassigned ; --       ; 0                     ; 0                  ; no     ; no             ; no              ; no       ; Off          ; 2.5 V        ; Off         ; --                        ; Fitter               ; no        ;
; R14out[14]  ; Unassigned ; --       ; 0                     ; 0                  ; no     ; no             ; no              ; no       ; Off          ; 2.5 V        ; Off         ; --                        ; Fitter               ; no        ;
; R14out[15]  ; Unassigned ; --       ; 0                     ; 0                  ; no     ; no             ; no              ; no       ; Off          ; 2.5 V        ; Off         ; --                        ; Fitter               ; no        ;
; R14out[16]  ; Unassigned ; --       ; 0                     ; 0                  ; no     ; no             ; no              ; no       ; Off          ; 2.5 V        ; Off         ; --                        ; Fitter               ; no        ;
; R14out[17]  ; Unassigned ; --       ; 0                     ; 0                  ; no     ; no             ; no              ; no       ; Off          ; 2.5 V        ; Off         ; --                        ; Fitter               ; no        ;
; R14out[18]  ; Unassigned ; --       ; 0                     ; 0                  ; no     ; no             ; no              ; no       ; Off          ; 2.5 V        ; Off         ; --                        ; Fitter               ; no        ;
; R14out[19]  ; Unassigned ; --       ; 0                     ; 0                  ; no     ; no             ; no              ; no       ; Off          ; 2.5 V        ; Off         ; --                        ; Fitter               ; no        ;
; R14out[1]   ; Unassigned ; --       ; 0                     ; 0                  ; no     ; no             ; no              ; no       ; Off          ; 2.5 V        ; Off         ; --                        ; Fitter               ; no        ;
; R14out[20]  ; Unassigned ; --       ; 0                     ; 0                  ; no     ; no             ; no              ; no       ; Off          ; 2.5 V        ; Off         ; --                        ; Fitter               ; no        ;
; R14out[21]  ; Unassigned ; --       ; 0                     ; 0                  ; no     ; no             ; no              ; no       ; Off          ; 2.5 V        ; Off         ; --                        ; Fitter               ; no        ;
; R14out[22]  ; Unassigned ; --       ; 0                     ; 0                  ; no     ; no             ; no              ; no       ; Off          ; 2.5 V        ; Off         ; --                        ; Fitter               ; no        ;
; R14out[23]  ; Unassigned ; --       ; 0                     ; 0                  ; no     ; no             ; no              ; no       ; Off          ; 2.5 V        ; Off         ; --                        ; Fitter               ; no        ;
; R14out[24]  ; Unassigned ; --       ; 0                     ; 0                  ; no     ; no             ; no              ; no       ; Off          ; 2.5 V        ; Off         ; --                        ; Fitter               ; no        ;
; R14out[25]  ; Unassigned ; --       ; 0                     ; 0                  ; no     ; no             ; no              ; no       ; Off          ; 2.5 V        ; Off         ; --                        ; Fitter               ; no        ;
; R14out[26]  ; Unassigned ; --       ; 0                     ; 0                  ; no     ; no             ; no              ; no       ; Off          ; 2.5 V        ; Off         ; --                        ; Fitter               ; no        ;
; R14out[27]  ; Unassigned ; --       ; 0                     ; 0                  ; no     ; no             ; no              ; no       ; Off          ; 2.5 V        ; Off         ; --                        ; Fitter               ; no        ;
; R14out[28]  ; Unassigned ; --       ; 0                     ; 0                  ; no     ; no             ; no              ; no       ; Off          ; 2.5 V        ; Off         ; --                        ; Fitter               ; no        ;
; R14out[29]  ; Unassigned ; --       ; 0                     ; 0                  ; no     ; no             ; no              ; no       ; Off          ; 2.5 V        ; Off         ; --                        ; Fitter               ; no        ;
; R14out[2]   ; Unassigned ; --       ; 0                     ; 0                  ; no     ; no             ; no              ; no       ; Off          ; 2.5 V        ; Off         ; --                        ; Fitter               ; no        ;
; R14out[30]  ; Unassigned ; --       ; 0                     ; 0                  ; no     ; no             ; no              ; no       ; Off          ; 2.5 V        ; Off         ; --                        ; Fitter               ; no        ;
; R14out[31]  ; Unassigned ; --       ; 0                     ; 0                  ; no     ; no             ; no              ; no       ; Off          ; 2.5 V        ; Off         ; --                        ; Fitter               ; no        ;
; R14out[3]   ; Unassigned ; --       ; 0                     ; 0                  ; no     ; no             ; no              ; no       ; Off          ; 2.5 V        ; Off         ; --                        ; Fitter               ; no        ;
; R14out[4]   ; Unassigned ; --       ; 0                     ; 0                  ; no     ; no             ; no              ; no       ; Off          ; 2.5 V        ; Off         ; --                        ; Fitter               ; no        ;
; R14out[5]   ; Unassigned ; --       ; 0                     ; 0                  ; no     ; no             ; no              ; no       ; Off          ; 2.5 V        ; Off         ; --                        ; Fitter               ; no        ;
; R14out[6]   ; Unassigned ; --       ; 0                     ; 0                  ; no     ; no             ; no              ; no       ; Off          ; 2.5 V        ; Off         ; --                        ; Fitter               ; no        ;
; R14out[7]   ; Unassigned ; --       ; 0                     ; 0                  ; no     ; no             ; no              ; no       ; Off          ; 2.5 V        ; Off         ; --                        ; Fitter               ; no        ;
; R14out[8]   ; Unassigned ; --       ; 0                     ; 0                  ; no     ; no             ; no              ; no       ; Off          ; 2.5 V        ; Off         ; --                        ; Fitter               ; no        ;
; R14out[9]   ; Unassigned ; --       ; 0                     ; 0                  ; no     ; no             ; no              ; no       ; Off          ; 2.5 V        ; Off         ; --                        ; Fitter               ; no        ;
; R15in       ; Unassigned ; --       ; 0                     ; 0                  ; no     ; no             ; no              ; no       ; Off          ; 2.5 V        ; Off         ; --                        ; Fitter               ; no        ;
; R15out[0]   ; Unassigned ; --       ; 0                     ; 0                  ; no     ; no             ; no              ; no       ; Off          ; 2.5 V        ; Off         ; --                        ; Fitter               ; no        ;
; R15out[10]  ; Unassigned ; --       ; 0                     ; 0                  ; no     ; no             ; no              ; no       ; Off          ; 2.5 V        ; Off         ; --                        ; Fitter               ; no        ;
; R15out[11]  ; Unassigned ; --       ; 0                     ; 0                  ; no     ; no             ; no              ; no       ; Off          ; 2.5 V        ; Off         ; --                        ; Fitter               ; no        ;
; R15out[12]  ; Unassigned ; --       ; 0                     ; 0                  ; no     ; no             ; no              ; no       ; Off          ; 2.5 V        ; Off         ; --                        ; Fitter               ; no        ;
; R15out[13]  ; Unassigned ; --       ; 0                     ; 0                  ; no     ; no             ; no              ; no       ; Off          ; 2.5 V        ; Off         ; --                        ; Fitter               ; no        ;
; R15out[14]  ; Unassigned ; --       ; 0                     ; 0                  ; no     ; no             ; no              ; no       ; Off          ; 2.5 V        ; Off         ; --                        ; Fitter               ; no        ;
; R15out[15]  ; Unassigned ; --       ; 0                     ; 0                  ; no     ; no             ; no              ; no       ; Off          ; 2.5 V        ; Off         ; --                        ; Fitter               ; no        ;
; R15out[16]  ; Unassigned ; --       ; 0                     ; 0                  ; no     ; no             ; no              ; no       ; Off          ; 2.5 V        ; Off         ; --                        ; Fitter               ; no        ;
; R15out[17]  ; Unassigned ; --       ; 0                     ; 0                  ; no     ; no             ; no              ; no       ; Off          ; 2.5 V        ; Off         ; --                        ; Fitter               ; no        ;
; R15out[18]  ; Unassigned ; --       ; 0                     ; 0                  ; no     ; no             ; no              ; no       ; Off          ; 2.5 V        ; Off         ; --                        ; Fitter               ; no        ;
; R15out[19]  ; Unassigned ; --       ; 0                     ; 0                  ; no     ; no             ; no              ; no       ; Off          ; 2.5 V        ; Off         ; --                        ; Fitter               ; no        ;
; R15out[1]   ; Unassigned ; --       ; 0                     ; 0                  ; no     ; no             ; no              ; no       ; Off          ; 2.5 V        ; Off         ; --                        ; Fitter               ; no        ;
; R15out[20]  ; Unassigned ; --       ; 0                     ; 0                  ; no     ; no             ; no              ; no       ; Off          ; 2.5 V        ; Off         ; --                        ; Fitter               ; no        ;
; R15out[21]  ; Unassigned ; --       ; 0                     ; 0                  ; no     ; no             ; no              ; no       ; Off          ; 2.5 V        ; Off         ; --                        ; Fitter               ; no        ;
; R15out[22]  ; Unassigned ; --       ; 0                     ; 0                  ; no     ; no             ; no              ; no       ; Off          ; 2.5 V        ; Off         ; --                        ; Fitter               ; no        ;
; R15out[23]  ; Unassigned ; --       ; 0                     ; 0                  ; no     ; no             ; no              ; no       ; Off          ; 2.5 V        ; Off         ; --                        ; Fitter               ; no        ;
; R15out[24]  ; Unassigned ; --       ; 0                     ; 0                  ; no     ; no             ; no              ; no       ; Off          ; 2.5 V        ; Off         ; --                        ; Fitter               ; no        ;
; R15out[25]  ; Unassigned ; --       ; 0                     ; 0                  ; no     ; no             ; no              ; no       ; Off          ; 2.5 V        ; Off         ; --                        ; Fitter               ; no        ;
; R15out[26]  ; Unassigned ; --       ; 0                     ; 0                  ; no     ; no             ; no              ; no       ; Off          ; 2.5 V        ; Off         ; --                        ; Fitter               ; no        ;
; R15out[27]  ; Unassigned ; --       ; 0                     ; 0                  ; no     ; no             ; no              ; no       ; Off          ; 2.5 V        ; Off         ; --                        ; Fitter               ; no        ;
; R15out[28]  ; Unassigned ; --       ; 0                     ; 0                  ; no     ; no             ; no              ; no       ; Off          ; 2.5 V        ; Off         ; --                        ; Fitter               ; no        ;
; R15out[29]  ; Unassigned ; --       ; 0                     ; 0                  ; no     ; no             ; no              ; no       ; Off          ; 2.5 V        ; Off         ; --                        ; Fitter               ; no        ;
; R15out[2]   ; Unassigned ; --       ; 0                     ; 0                  ; no     ; no             ; no              ; no       ; Off          ; 2.5 V        ; Off         ; --                        ; Fitter               ; no        ;
; R15out[30]  ; Unassigned ; --       ; 0                     ; 0                  ; no     ; no             ; no              ; no       ; Off          ; 2.5 V        ; Off         ; --                        ; Fitter               ; no        ;
; R15out[31]  ; Unassigned ; --       ; 0                     ; 0                  ; no     ; no             ; no              ; no       ; Off          ; 2.5 V        ; Off         ; --                        ; Fitter               ; no        ;
; R15out[3]   ; Unassigned ; --       ; 0                     ; 0                  ; no     ; no             ; no              ; no       ; Off          ; 2.5 V        ; Off         ; --                        ; Fitter               ; no        ;
; R15out[4]   ; Unassigned ; --       ; 0                     ; 0                  ; no     ; no             ; no              ; no       ; Off          ; 2.5 V        ; Off         ; --                        ; Fitter               ; no        ;
; R15out[5]   ; Unassigned ; --       ; 0                     ; 0                  ; no     ; no             ; no              ; no       ; Off          ; 2.5 V        ; Off         ; --                        ; Fitter               ; no        ;
; R15out[6]   ; Unassigned ; --       ; 0                     ; 0                  ; no     ; no             ; no              ; no       ; Off          ; 2.5 V        ; Off         ; --                        ; Fitter               ; no        ;
; R15out[7]   ; Unassigned ; --       ; 0                     ; 0                  ; no     ; no             ; no              ; no       ; Off          ; 2.5 V        ; Off         ; --                        ; Fitter               ; no        ;
; R15out[8]   ; Unassigned ; --       ; 0                     ; 0                  ; no     ; no             ; no              ; no       ; Off          ; 2.5 V        ; Off         ; --                        ; Fitter               ; no        ;
; R15out[9]   ; Unassigned ; --       ; 0                     ; 0                  ; no     ; no             ; no              ; no       ; Off          ; 2.5 V        ; Off         ; --                        ; Fitter               ; no        ;
; R1in        ; Unassigned ; --       ; 0                     ; 0                  ; no     ; no             ; no              ; no       ; Off          ; 2.5 V        ; Off         ; --                        ; Fitter               ; no        ;
; R1out[0]    ; Unassigned ; --       ; 0                     ; 0                  ; no     ; no             ; no              ; no       ; Off          ; 2.5 V        ; Off         ; --                        ; Fitter               ; no        ;
; R1out[10]   ; Unassigned ; --       ; 0                     ; 0                  ; no     ; no             ; no              ; no       ; Off          ; 2.5 V        ; Off         ; --                        ; Fitter               ; no        ;
; R1out[11]   ; Unassigned ; --       ; 0                     ; 0                  ; no     ; no             ; no              ; no       ; Off          ; 2.5 V        ; Off         ; --                        ; Fitter               ; no        ;
; R1out[12]   ; Unassigned ; --       ; 0                     ; 0                  ; no     ; no             ; no              ; no       ; Off          ; 2.5 V        ; Off         ; --                        ; Fitter               ; no        ;
; R1out[13]   ; Unassigned ; --       ; 0                     ; 0                  ; no     ; no             ; no              ; no       ; Off          ; 2.5 V        ; Off         ; --                        ; Fitter               ; no        ;
; R1out[14]   ; Unassigned ; --       ; 0                     ; 0                  ; no     ; no             ; no              ; no       ; Off          ; 2.5 V        ; Off         ; --                        ; Fitter               ; no        ;
; R1out[15]   ; Unassigned ; --       ; 0                     ; 0                  ; no     ; no             ; no              ; no       ; Off          ; 2.5 V        ; Off         ; --                        ; Fitter               ; no        ;
; R1out[16]   ; Unassigned ; --       ; 0                     ; 0                  ; no     ; no             ; no              ; no       ; Off          ; 2.5 V        ; Off         ; --                        ; Fitter               ; no        ;
; R1out[17]   ; Unassigned ; --       ; 0                     ; 0                  ; no     ; no             ; no              ; no       ; Off          ; 2.5 V        ; Off         ; --                        ; Fitter               ; no        ;
; R1out[18]   ; Unassigned ; --       ; 0                     ; 0                  ; no     ; no             ; no              ; no       ; Off          ; 2.5 V        ; Off         ; --                        ; Fitter               ; no        ;
; R1out[19]   ; Unassigned ; --       ; 0                     ; 0                  ; no     ; no             ; no              ; no       ; Off          ; 2.5 V        ; Off         ; --                        ; Fitter               ; no        ;
; R1out[1]    ; Unassigned ; --       ; 0                     ; 0                  ; no     ; no             ; no              ; no       ; Off          ; 2.5 V        ; Off         ; --                        ; Fitter               ; no        ;
; R1out[20]   ; Unassigned ; --       ; 0                     ; 0                  ; no     ; no             ; no              ; no       ; Off          ; 2.5 V        ; Off         ; --                        ; Fitter               ; no        ;
; R1out[21]   ; Unassigned ; --       ; 0                     ; 0                  ; no     ; no             ; no              ; no       ; Off          ; 2.5 V        ; Off         ; --                        ; Fitter               ; no        ;
; R1out[22]   ; Unassigned ; --       ; 0                     ; 0                  ; no     ; no             ; no              ; no       ; Off          ; 2.5 V        ; Off         ; --                        ; Fitter               ; no        ;
; R1out[23]   ; Unassigned ; --       ; 0                     ; 0                  ; no     ; no             ; no              ; no       ; Off          ; 2.5 V        ; Off         ; --                        ; Fitter               ; no        ;
; R1out[24]   ; Unassigned ; --       ; 0                     ; 0                  ; no     ; no             ; no              ; no       ; Off          ; 2.5 V        ; Off         ; --                        ; Fitter               ; no        ;
; R1out[25]   ; Unassigned ; --       ; 0                     ; 0                  ; no     ; no             ; no              ; no       ; Off          ; 2.5 V        ; Off         ; --                        ; Fitter               ; no        ;
; R1out[26]   ; Unassigned ; --       ; 0                     ; 0                  ; no     ; no             ; no              ; no       ; Off          ; 2.5 V        ; Off         ; --                        ; Fitter               ; no        ;
; R1out[27]   ; Unassigned ; --       ; 0                     ; 0                  ; no     ; no             ; no              ; no       ; Off          ; 2.5 V        ; Off         ; --                        ; Fitter               ; no        ;
; R1out[28]   ; Unassigned ; --       ; 0                     ; 0                  ; no     ; no             ; no              ; no       ; Off          ; 2.5 V        ; Off         ; --                        ; Fitter               ; no        ;
; R1out[29]   ; Unassigned ; --       ; 0                     ; 0                  ; no     ; no             ; no              ; no       ; Off          ; 2.5 V        ; Off         ; --                        ; Fitter               ; no        ;
; R1out[2]    ; Unassigned ; --       ; 0                     ; 0                  ; no     ; no             ; no              ; no       ; Off          ; 2.5 V        ; Off         ; --                        ; Fitter               ; no        ;
; R1out[30]   ; Unassigned ; --       ; 0                     ; 0                  ; no     ; no             ; no              ; no       ; Off          ; 2.5 V        ; Off         ; --                        ; Fitter               ; no        ;
; R1out[31]   ; Unassigned ; --       ; 0                     ; 0                  ; no     ; no             ; no              ; no       ; Off          ; 2.5 V        ; Off         ; --                        ; Fitter               ; no        ;
; R1out[3]    ; Unassigned ; --       ; 0                     ; 0                  ; no     ; no             ; no              ; no       ; Off          ; 2.5 V        ; Off         ; --                        ; Fitter               ; no        ;
; R1out[4]    ; Unassigned ; --       ; 0                     ; 0                  ; no     ; no             ; no              ; no       ; Off          ; 2.5 V        ; Off         ; --                        ; Fitter               ; no        ;
; R1out[5]    ; Unassigned ; --       ; 0                     ; 0                  ; no     ; no             ; no              ; no       ; Off          ; 2.5 V        ; Off         ; --                        ; Fitter               ; no        ;
; R1out[6]    ; Unassigned ; --       ; 0                     ; 0                  ; no     ; no             ; no              ; no       ; Off          ; 2.5 V        ; Off         ; --                        ; Fitter               ; no        ;
; R1out[7]    ; Unassigned ; --       ; 0                     ; 0                  ; no     ; no             ; no              ; no       ; Off          ; 2.5 V        ; Off         ; --                        ; Fitter               ; no        ;
; R1out[8]    ; Unassigned ; --       ; 0                     ; 0                  ; no     ; no             ; no              ; no       ; Off          ; 2.5 V        ; Off         ; --                        ; Fitter               ; no        ;
; R1out[9]    ; Unassigned ; --       ; 0                     ; 0                  ; no     ; no             ; no              ; no       ; Off          ; 2.5 V        ; Off         ; --                        ; Fitter               ; no        ;
; R2in        ; Unassigned ; --       ; 0                     ; 0                  ; no     ; no             ; no              ; no       ; Off          ; 2.5 V        ; Off         ; --                        ; Fitter               ; no        ;
; R2out[0]    ; Unassigned ; --       ; 0                     ; 0                  ; no     ; no             ; no              ; no       ; Off          ; 2.5 V        ; Off         ; --                        ; Fitter               ; no        ;
; R2out[10]   ; Unassigned ; --       ; 0                     ; 0                  ; no     ; no             ; no              ; no       ; Off          ; 2.5 V        ; Off         ; --                        ; Fitter               ; no        ;
; R2out[11]   ; Unassigned ; --       ; 0                     ; 0                  ; no     ; no             ; no              ; no       ; Off          ; 2.5 V        ; Off         ; --                        ; Fitter               ; no        ;
; R2out[12]   ; Unassigned ; --       ; 0                     ; 0                  ; no     ; no             ; no              ; no       ; Off          ; 2.5 V        ; Off         ; --                        ; Fitter               ; no        ;
; R2out[13]   ; Unassigned ; --       ; 0                     ; 0                  ; no     ; no             ; no              ; no       ; Off          ; 2.5 V        ; Off         ; --                        ; Fitter               ; no        ;
; R2out[14]   ; Unassigned ; --       ; 0                     ; 0                  ; no     ; no             ; no              ; no       ; Off          ; 2.5 V        ; Off         ; --                        ; Fitter               ; no        ;
; R2out[15]   ; Unassigned ; --       ; 0                     ; 0                  ; no     ; no             ; no              ; no       ; Off          ; 2.5 V        ; Off         ; --                        ; Fitter               ; no        ;
; R2out[16]   ; Unassigned ; --       ; 0                     ; 0                  ; no     ; no             ; no              ; no       ; Off          ; 2.5 V        ; Off         ; --                        ; Fitter               ; no        ;
; R2out[17]   ; Unassigned ; --       ; 0                     ; 0                  ; no     ; no             ; no              ; no       ; Off          ; 2.5 V        ; Off         ; --                        ; Fitter               ; no        ;
; R2out[18]   ; Unassigned ; --       ; 0                     ; 0                  ; no     ; no             ; no              ; no       ; Off          ; 2.5 V        ; Off         ; --                        ; Fitter               ; no        ;
; R2out[19]   ; Unassigned ; --       ; 0                     ; 0                  ; no     ; no             ; no              ; no       ; Off          ; 2.5 V        ; Off         ; --                        ; Fitter               ; no        ;
; R2out[1]    ; Unassigned ; --       ; 0                     ; 0                  ; no     ; no             ; no              ; no       ; Off          ; 2.5 V        ; Off         ; --                        ; Fitter               ; no        ;
; R2out[20]   ; Unassigned ; --       ; 0                     ; 0                  ; no     ; no             ; no              ; no       ; Off          ; 2.5 V        ; Off         ; --                        ; Fitter               ; no        ;
; R2out[21]   ; Unassigned ; --       ; 0                     ; 0                  ; no     ; no             ; no              ; no       ; Off          ; 2.5 V        ; Off         ; --                        ; Fitter               ; no        ;
; R2out[22]   ; Unassigned ; --       ; 0                     ; 0                  ; no     ; no             ; no              ; no       ; Off          ; 2.5 V        ; Off         ; --                        ; Fitter               ; no        ;
; R2out[23]   ; Unassigned ; --       ; 0                     ; 0                  ; no     ; no             ; no              ; no       ; Off          ; 2.5 V        ; Off         ; --                        ; Fitter               ; no        ;
; R2out[24]   ; Unassigned ; --       ; 0                     ; 0                  ; no     ; no             ; no              ; no       ; Off          ; 2.5 V        ; Off         ; --                        ; Fitter               ; no        ;
; R2out[25]   ; Unassigned ; --       ; 0                     ; 0                  ; no     ; no             ; no              ; no       ; Off          ; 2.5 V        ; Off         ; --                        ; Fitter               ; no        ;
; R2out[26]   ; Unassigned ; --       ; 0                     ; 0                  ; no     ; no             ; no              ; no       ; Off          ; 2.5 V        ; Off         ; --                        ; Fitter               ; no        ;
; R2out[27]   ; Unassigned ; --       ; 0                     ; 0                  ; no     ; no             ; no              ; no       ; Off          ; 2.5 V        ; Off         ; --                        ; Fitter               ; no        ;
; R2out[28]   ; Unassigned ; --       ; 0                     ; 0                  ; no     ; no             ; no              ; no       ; Off          ; 2.5 V        ; Off         ; --                        ; Fitter               ; no        ;
; R2out[29]   ; Unassigned ; --       ; 0                     ; 0                  ; no     ; no             ; no              ; no       ; Off          ; 2.5 V        ; Off         ; --                        ; Fitter               ; no        ;
; R2out[2]    ; Unassigned ; --       ; 0                     ; 0                  ; no     ; no             ; no              ; no       ; Off          ; 2.5 V        ; Off         ; --                        ; Fitter               ; no        ;
; R2out[30]   ; Unassigned ; --       ; 0                     ; 0                  ; no     ; no             ; no              ; no       ; Off          ; 2.5 V        ; Off         ; --                        ; Fitter               ; no        ;
; R2out[31]   ; Unassigned ; --       ; 0                     ; 0                  ; no     ; no             ; no              ; no       ; Off          ; 2.5 V        ; Off         ; --                        ; Fitter               ; no        ;
; R2out[3]    ; Unassigned ; --       ; 0                     ; 0                  ; no     ; no             ; no              ; no       ; Off          ; 2.5 V        ; Off         ; --                        ; Fitter               ; no        ;
; R2out[4]    ; Unassigned ; --       ; 0                     ; 0                  ; no     ; no             ; no              ; no       ; Off          ; 2.5 V        ; Off         ; --                        ; Fitter               ; no        ;
; R2out[5]    ; Unassigned ; --       ; 0                     ; 0                  ; no     ; no             ; no              ; no       ; Off          ; 2.5 V        ; Off         ; --                        ; Fitter               ; no        ;
; R2out[6]    ; Unassigned ; --       ; 0                     ; 0                  ; no     ; no             ; no              ; no       ; Off          ; 2.5 V        ; Off         ; --                        ; Fitter               ; no        ;
; R2out[7]    ; Unassigned ; --       ; 0                     ; 0                  ; no     ; no             ; no              ; no       ; Off          ; 2.5 V        ; Off         ; --                        ; Fitter               ; no        ;
; R2out[8]    ; Unassigned ; --       ; 0                     ; 0                  ; no     ; no             ; no              ; no       ; Off          ; 2.5 V        ; Off         ; --                        ; Fitter               ; no        ;
; R2out[9]    ; Unassigned ; --       ; 0                     ; 0                  ; no     ; no             ; no              ; no       ; Off          ; 2.5 V        ; Off         ; --                        ; Fitter               ; no        ;
; R3in        ; Unassigned ; --       ; 0                     ; 0                  ; no     ; no             ; no              ; no       ; Off          ; 2.5 V        ; Off         ; --                        ; Fitter               ; no        ;
; R3out[0]    ; Unassigned ; --       ; 0                     ; 0                  ; no     ; no             ; no              ; no       ; Off          ; 2.5 V        ; Off         ; --                        ; Fitter               ; no        ;
; R3out[10]   ; Unassigned ; --       ; 0                     ; 0                  ; no     ; no             ; no              ; no       ; Off          ; 2.5 V        ; Off         ; --                        ; Fitter               ; no        ;
; R3out[11]   ; Unassigned ; --       ; 0                     ; 0                  ; no     ; no             ; no              ; no       ; Off          ; 2.5 V        ; Off         ; --                        ; Fitter               ; no        ;
; R3out[12]   ; Unassigned ; --       ; 0                     ; 0                  ; no     ; no             ; no              ; no       ; Off          ; 2.5 V        ; Off         ; --                        ; Fitter               ; no        ;
; R3out[13]   ; Unassigned ; --       ; 0                     ; 0                  ; no     ; no             ; no              ; no       ; Off          ; 2.5 V        ; Off         ; --                        ; Fitter               ; no        ;
; R3out[14]   ; Unassigned ; --       ; 0                     ; 0                  ; no     ; no             ; no              ; no       ; Off          ; 2.5 V        ; Off         ; --                        ; Fitter               ; no        ;
; R3out[15]   ; Unassigned ; --       ; 0                     ; 0                  ; no     ; no             ; no              ; no       ; Off          ; 2.5 V        ; Off         ; --                        ; Fitter               ; no        ;
; R3out[16]   ; Unassigned ; --       ; 0                     ; 0                  ; no     ; no             ; no              ; no       ; Off          ; 2.5 V        ; Off         ; --                        ; Fitter               ; no        ;
; R3out[17]   ; Unassigned ; --       ; 0                     ; 0                  ; no     ; no             ; no              ; no       ; Off          ; 2.5 V        ; Off         ; --                        ; Fitter               ; no        ;
; R3out[18]   ; Unassigned ; --       ; 0                     ; 0                  ; no     ; no             ; no              ; no       ; Off          ; 2.5 V        ; Off         ; --                        ; Fitter               ; no        ;
; R3out[19]   ; Unassigned ; --       ; 0                     ; 0                  ; no     ; no             ; no              ; no       ; Off          ; 2.5 V        ; Off         ; --                        ; Fitter               ; no        ;
; R3out[1]    ; Unassigned ; --       ; 0                     ; 0                  ; no     ; no             ; no              ; no       ; Off          ; 2.5 V        ; Off         ; --                        ; Fitter               ; no        ;
; R3out[20]   ; Unassigned ; --       ; 0                     ; 0                  ; no     ; no             ; no              ; no       ; Off          ; 2.5 V        ; Off         ; --                        ; Fitter               ; no        ;
; R3out[21]   ; Unassigned ; --       ; 0                     ; 0                  ; no     ; no             ; no              ; no       ; Off          ; 2.5 V        ; Off         ; --                        ; Fitter               ; no        ;
; R3out[22]   ; Unassigned ; --       ; 0                     ; 0                  ; no     ; no             ; no              ; no       ; Off          ; 2.5 V        ; Off         ; --                        ; Fitter               ; no        ;
; R3out[23]   ; Unassigned ; --       ; 0                     ; 0                  ; no     ; no             ; no              ; no       ; Off          ; 2.5 V        ; Off         ; --                        ; Fitter               ; no        ;
; R3out[24]   ; Unassigned ; --       ; 0                     ; 0                  ; no     ; no             ; no              ; no       ; Off          ; 2.5 V        ; Off         ; --                        ; Fitter               ; no        ;
; R3out[25]   ; Unassigned ; --       ; 0                     ; 0                  ; no     ; no             ; no              ; no       ; Off          ; 2.5 V        ; Off         ; --                        ; Fitter               ; no        ;
; R3out[26]   ; Unassigned ; --       ; 0                     ; 0                  ; no     ; no             ; no              ; no       ; Off          ; 2.5 V        ; Off         ; --                        ; Fitter               ; no        ;
; R3out[27]   ; Unassigned ; --       ; 0                     ; 0                  ; no     ; no             ; no              ; no       ; Off          ; 2.5 V        ; Off         ; --                        ; Fitter               ; no        ;
; R3out[28]   ; Unassigned ; --       ; 0                     ; 0                  ; no     ; no             ; no              ; no       ; Off          ; 2.5 V        ; Off         ; --                        ; Fitter               ; no        ;
; R3out[29]   ; Unassigned ; --       ; 0                     ; 0                  ; no     ; no             ; no              ; no       ; Off          ; 2.5 V        ; Off         ; --                        ; Fitter               ; no        ;
; R3out[2]    ; Unassigned ; --       ; 0                     ; 0                  ; no     ; no             ; no              ; no       ; Off          ; 2.5 V        ; Off         ; --                        ; Fitter               ; no        ;
; R3out[30]   ; Unassigned ; --       ; 0                     ; 0                  ; no     ; no             ; no              ; no       ; Off          ; 2.5 V        ; Off         ; --                        ; Fitter               ; no        ;
; R3out[31]   ; Unassigned ; --       ; 0                     ; 0                  ; no     ; no             ; no              ; no       ; Off          ; 2.5 V        ; Off         ; --                        ; Fitter               ; no        ;
; R3out[3]    ; Unassigned ; --       ; 0                     ; 0                  ; no     ; no             ; no              ; no       ; Off          ; 2.5 V        ; Off         ; --                        ; Fitter               ; no        ;
; R3out[4]    ; Unassigned ; --       ; 0                     ; 0                  ; no     ; no             ; no              ; no       ; Off          ; 2.5 V        ; Off         ; --                        ; Fitter               ; no        ;
; R3out[5]    ; Unassigned ; --       ; 0                     ; 0                  ; no     ; no             ; no              ; no       ; Off          ; 2.5 V        ; Off         ; --                        ; Fitter               ; no        ;
; R3out[6]    ; Unassigned ; --       ; 0                     ; 0                  ; no     ; no             ; no              ; no       ; Off          ; 2.5 V        ; Off         ; --                        ; Fitter               ; no        ;
; R3out[7]    ; Unassigned ; --       ; 0                     ; 0                  ; no     ; no             ; no              ; no       ; Off          ; 2.5 V        ; Off         ; --                        ; Fitter               ; no        ;
; R3out[8]    ; Unassigned ; --       ; 0                     ; 0                  ; no     ; no             ; no              ; no       ; Off          ; 2.5 V        ; Off         ; --                        ; Fitter               ; no        ;
; R3out[9]    ; Unassigned ; --       ; 0                     ; 0                  ; no     ; no             ; no              ; no       ; Off          ; 2.5 V        ; Off         ; --                        ; Fitter               ; no        ;
; R4in        ; Unassigned ; --       ; 0                     ; 0                  ; no     ; no             ; no              ; no       ; Off          ; 2.5 V        ; Off         ; --                        ; Fitter               ; no        ;
; R4out[0]    ; Unassigned ; --       ; 0                     ; 0                  ; no     ; no             ; no              ; no       ; Off          ; 2.5 V        ; Off         ; --                        ; Fitter               ; no        ;
; R4out[10]   ; Unassigned ; --       ; 0                     ; 0                  ; no     ; no             ; no              ; no       ; Off          ; 2.5 V        ; Off         ; --                        ; Fitter               ; no        ;
; R4out[11]   ; Unassigned ; --       ; 0                     ; 0                  ; no     ; no             ; no              ; no       ; Off          ; 2.5 V        ; Off         ; --                        ; Fitter               ; no        ;
; R4out[12]   ; Unassigned ; --       ; 0                     ; 0                  ; no     ; no             ; no              ; no       ; Off          ; 2.5 V        ; Off         ; --                        ; Fitter               ; no        ;
; R4out[13]   ; Unassigned ; --       ; 0                     ; 0                  ; no     ; no             ; no              ; no       ; Off          ; 2.5 V        ; Off         ; --                        ; Fitter               ; no        ;
; R4out[14]   ; Unassigned ; --       ; 0                     ; 0                  ; no     ; no             ; no              ; no       ; Off          ; 2.5 V        ; Off         ; --                        ; Fitter               ; no        ;
; R4out[15]   ; Unassigned ; --       ; 0                     ; 0                  ; no     ; no             ; no              ; no       ; Off          ; 2.5 V        ; Off         ; --                        ; Fitter               ; no        ;
; R4out[16]   ; Unassigned ; --       ; 0                     ; 0                  ; no     ; no             ; no              ; no       ; Off          ; 2.5 V        ; Off         ; --                        ; Fitter               ; no        ;
; R4out[17]   ; Unassigned ; --       ; 0                     ; 0                  ; no     ; no             ; no              ; no       ; Off          ; 2.5 V        ; Off         ; --                        ; Fitter               ; no        ;
; R4out[18]   ; Unassigned ; --       ; 0                     ; 0                  ; no     ; no             ; no              ; no       ; Off          ; 2.5 V        ; Off         ; --                        ; Fitter               ; no        ;
; R4out[19]   ; Unassigned ; --       ; 0                     ; 0                  ; no     ; no             ; no              ; no       ; Off          ; 2.5 V        ; Off         ; --                        ; Fitter               ; no        ;
; R4out[1]    ; Unassigned ; --       ; 0                     ; 0                  ; no     ; no             ; no              ; no       ; Off          ; 2.5 V        ; Off         ; --                        ; Fitter               ; no        ;
; R4out[20]   ; Unassigned ; --       ; 0                     ; 0                  ; no     ; no             ; no              ; no       ; Off          ; 2.5 V        ; Off         ; --                        ; Fitter               ; no        ;
; R4out[21]   ; Unassigned ; --       ; 0                     ; 0                  ; no     ; no             ; no              ; no       ; Off          ; 2.5 V        ; Off         ; --                        ; Fitter               ; no        ;
; R4out[22]   ; Unassigned ; --       ; 0                     ; 0                  ; no     ; no             ; no              ; no       ; Off          ; 2.5 V        ; Off         ; --                        ; Fitter               ; no        ;
; R4out[23]   ; Unassigned ; --       ; 0                     ; 0                  ; no     ; no             ; no              ; no       ; Off          ; 2.5 V        ; Off         ; --                        ; Fitter               ; no        ;
; R4out[24]   ; Unassigned ; --       ; 0                     ; 0                  ; no     ; no             ; no              ; no       ; Off          ; 2.5 V        ; Off         ; --                        ; Fitter               ; no        ;
; R4out[25]   ; Unassigned ; --       ; 0                     ; 0                  ; no     ; no             ; no              ; no       ; Off          ; 2.5 V        ; Off         ; --                        ; Fitter               ; no        ;
; R4out[26]   ; Unassigned ; --       ; 0                     ; 0                  ; no     ; no             ; no              ; no       ; Off          ; 2.5 V        ; Off         ; --                        ; Fitter               ; no        ;
; R4out[27]   ; Unassigned ; --       ; 0                     ; 0                  ; no     ; no             ; no              ; no       ; Off          ; 2.5 V        ; Off         ; --                        ; Fitter               ; no        ;
; R4out[28]   ; Unassigned ; --       ; 0                     ; 0                  ; no     ; no             ; no              ; no       ; Off          ; 2.5 V        ; Off         ; --                        ; Fitter               ; no        ;
; R4out[29]   ; Unassigned ; --       ; 0                     ; 0                  ; no     ; no             ; no              ; no       ; Off          ; 2.5 V        ; Off         ; --                        ; Fitter               ; no        ;
; R4out[2]    ; Unassigned ; --       ; 0                     ; 0                  ; no     ; no             ; no              ; no       ; Off          ; 2.5 V        ; Off         ; --                        ; Fitter               ; no        ;
; R4out[30]   ; Unassigned ; --       ; 0                     ; 0                  ; no     ; no             ; no              ; no       ; Off          ; 2.5 V        ; Off         ; --                        ; Fitter               ; no        ;
; R4out[31]   ; Unassigned ; --       ; 0                     ; 0                  ; no     ; no             ; no              ; no       ; Off          ; 2.5 V        ; Off         ; --                        ; Fitter               ; no        ;
; R4out[3]    ; Unassigned ; --       ; 0                     ; 0                  ; no     ; no             ; no              ; no       ; Off          ; 2.5 V        ; Off         ; --                        ; Fitter               ; no        ;
; R4out[4]    ; Unassigned ; --       ; 0                     ; 0                  ; no     ; no             ; no              ; no       ; Off          ; 2.5 V        ; Off         ; --                        ; Fitter               ; no        ;
; R4out[5]    ; Unassigned ; --       ; 0                     ; 0                  ; no     ; no             ; no              ; no       ; Off          ; 2.5 V        ; Off         ; --                        ; Fitter               ; no        ;
; R4out[6]    ; Unassigned ; --       ; 0                     ; 0                  ; no     ; no             ; no              ; no       ; Off          ; 2.5 V        ; Off         ; --                        ; Fitter               ; no        ;
; R4out[7]    ; Unassigned ; --       ; 0                     ; 0                  ; no     ; no             ; no              ; no       ; Off          ; 2.5 V        ; Off         ; --                        ; Fitter               ; no        ;
; R4out[8]    ; Unassigned ; --       ; 0                     ; 0                  ; no     ; no             ; no              ; no       ; Off          ; 2.5 V        ; Off         ; --                        ; Fitter               ; no        ;
; R4out[9]    ; Unassigned ; --       ; 0                     ; 0                  ; no     ; no             ; no              ; no       ; Off          ; 2.5 V        ; Off         ; --                        ; Fitter               ; no        ;
; R5in        ; Unassigned ; --       ; 0                     ; 0                  ; no     ; no             ; no              ; no       ; Off          ; 2.5 V        ; Off         ; --                        ; Fitter               ; no        ;
; R5out[0]    ; Unassigned ; --       ; 0                     ; 0                  ; no     ; no             ; no              ; no       ; Off          ; 2.5 V        ; Off         ; --                        ; Fitter               ; no        ;
; R5out[10]   ; Unassigned ; --       ; 0                     ; 0                  ; no     ; no             ; no              ; no       ; Off          ; 2.5 V        ; Off         ; --                        ; Fitter               ; no        ;
; R5out[11]   ; Unassigned ; --       ; 0                     ; 0                  ; no     ; no             ; no              ; no       ; Off          ; 2.5 V        ; Off         ; --                        ; Fitter               ; no        ;
; R5out[12]   ; Unassigned ; --       ; 0                     ; 0                  ; no     ; no             ; no              ; no       ; Off          ; 2.5 V        ; Off         ; --                        ; Fitter               ; no        ;
; R5out[13]   ; Unassigned ; --       ; 0                     ; 0                  ; no     ; no             ; no              ; no       ; Off          ; 2.5 V        ; Off         ; --                        ; Fitter               ; no        ;
; R5out[14]   ; Unassigned ; --       ; 0                     ; 0                  ; no     ; no             ; no              ; no       ; Off          ; 2.5 V        ; Off         ; --                        ; Fitter               ; no        ;
; R5out[15]   ; Unassigned ; --       ; 0                     ; 0                  ; no     ; no             ; no              ; no       ; Off          ; 2.5 V        ; Off         ; --                        ; Fitter               ; no        ;
; R5out[16]   ; Unassigned ; --       ; 0                     ; 0                  ; no     ; no             ; no              ; no       ; Off          ; 2.5 V        ; Off         ; --                        ; Fitter               ; no        ;
; R5out[17]   ; Unassigned ; --       ; 0                     ; 0                  ; no     ; no             ; no              ; no       ; Off          ; 2.5 V        ; Off         ; --                        ; Fitter               ; no        ;
; R5out[18]   ; Unassigned ; --       ; 0                     ; 0                  ; no     ; no             ; no              ; no       ; Off          ; 2.5 V        ; Off         ; --                        ; Fitter               ; no        ;
; R5out[19]   ; Unassigned ; --       ; 0                     ; 0                  ; no     ; no             ; no              ; no       ; Off          ; 2.5 V        ; Off         ; --                        ; Fitter               ; no        ;
; R5out[1]    ; Unassigned ; --       ; 0                     ; 0                  ; no     ; no             ; no              ; no       ; Off          ; 2.5 V        ; Off         ; --                        ; Fitter               ; no        ;
; R5out[20]   ; Unassigned ; --       ; 0                     ; 0                  ; no     ; no             ; no              ; no       ; Off          ; 2.5 V        ; Off         ; --                        ; Fitter               ; no        ;
; R5out[21]   ; Unassigned ; --       ; 0                     ; 0                  ; no     ; no             ; no              ; no       ; Off          ; 2.5 V        ; Off         ; --                        ; Fitter               ; no        ;
; R5out[22]   ; Unassigned ; --       ; 0                     ; 0                  ; no     ; no             ; no              ; no       ; Off          ; 2.5 V        ; Off         ; --                        ; Fitter               ; no        ;
; R5out[23]   ; Unassigned ; --       ; 0                     ; 0                  ; no     ; no             ; no              ; no       ; Off          ; 2.5 V        ; Off         ; --                        ; Fitter               ; no        ;
; R5out[24]   ; Unassigned ; --       ; 0                     ; 0                  ; no     ; no             ; no              ; no       ; Off          ; 2.5 V        ; Off         ; --                        ; Fitter               ; no        ;
; R5out[25]   ; Unassigned ; --       ; 0                     ; 0                  ; no     ; no             ; no              ; no       ; Off          ; 2.5 V        ; Off         ; --                        ; Fitter               ; no        ;
; R5out[26]   ; Unassigned ; --       ; 0                     ; 0                  ; no     ; no             ; no              ; no       ; Off          ; 2.5 V        ; Off         ; --                        ; Fitter               ; no        ;
; R5out[27]   ; Unassigned ; --       ; 0                     ; 0                  ; no     ; no             ; no              ; no       ; Off          ; 2.5 V        ; Off         ; --                        ; Fitter               ; no        ;
; R5out[28]   ; Unassigned ; --       ; 0                     ; 0                  ; no     ; no             ; no              ; no       ; Off          ; 2.5 V        ; Off         ; --                        ; Fitter               ; no        ;
; R5out[29]   ; Unassigned ; --       ; 0                     ; 0                  ; no     ; no             ; no              ; no       ; Off          ; 2.5 V        ; Off         ; --                        ; Fitter               ; no        ;
; R5out[2]    ; Unassigned ; --       ; 0                     ; 0                  ; no     ; no             ; no              ; no       ; Off          ; 2.5 V        ; Off         ; --                        ; Fitter               ; no        ;
; R5out[30]   ; Unassigned ; --       ; 0                     ; 0                  ; no     ; no             ; no              ; no       ; Off          ; 2.5 V        ; Off         ; --                        ; Fitter               ; no        ;
; R5out[31]   ; Unassigned ; --       ; 0                     ; 0                  ; no     ; no             ; no              ; no       ; Off          ; 2.5 V        ; Off         ; --                        ; Fitter               ; no        ;
; R5out[3]    ; Unassigned ; --       ; 0                     ; 0                  ; no     ; no             ; no              ; no       ; Off          ; 2.5 V        ; Off         ; --                        ; Fitter               ; no        ;
; R5out[4]    ; Unassigned ; --       ; 0                     ; 0                  ; no     ; no             ; no              ; no       ; Off          ; 2.5 V        ; Off         ; --                        ; Fitter               ; no        ;
; R5out[5]    ; Unassigned ; --       ; 0                     ; 0                  ; no     ; no             ; no              ; no       ; Off          ; 2.5 V        ; Off         ; --                        ; Fitter               ; no        ;
; R5out[6]    ; Unassigned ; --       ; 0                     ; 0                  ; no     ; no             ; no              ; no       ; Off          ; 2.5 V        ; Off         ; --                        ; Fitter               ; no        ;
; R5out[7]    ; Unassigned ; --       ; 0                     ; 0                  ; no     ; no             ; no              ; no       ; Off          ; 2.5 V        ; Off         ; --                        ; Fitter               ; no        ;
; R5out[8]    ; Unassigned ; --       ; 0                     ; 0                  ; no     ; no             ; no              ; no       ; Off          ; 2.5 V        ; Off         ; --                        ; Fitter               ; no        ;
; R5out[9]    ; Unassigned ; --       ; 0                     ; 0                  ; no     ; no             ; no              ; no       ; Off          ; 2.5 V        ; Off         ; --                        ; Fitter               ; no        ;
; R6in        ; Unassigned ; --       ; 0                     ; 0                  ; no     ; no             ; no              ; no       ; Off          ; 2.5 V        ; Off         ; --                        ; Fitter               ; no        ;
; R6out[0]    ; Unassigned ; --       ; 0                     ; 0                  ; no     ; no             ; no              ; no       ; Off          ; 2.5 V        ; Off         ; --                        ; Fitter               ; no        ;
; R6out[10]   ; Unassigned ; --       ; 0                     ; 0                  ; no     ; no             ; no              ; no       ; Off          ; 2.5 V        ; Off         ; --                        ; Fitter               ; no        ;
; R6out[11]   ; Unassigned ; --       ; 0                     ; 0                  ; no     ; no             ; no              ; no       ; Off          ; 2.5 V        ; Off         ; --                        ; Fitter               ; no        ;
; R6out[12]   ; Unassigned ; --       ; 0                     ; 0                  ; no     ; no             ; no              ; no       ; Off          ; 2.5 V        ; Off         ; --                        ; Fitter               ; no        ;
; R6out[13]   ; Unassigned ; --       ; 0                     ; 0                  ; no     ; no             ; no              ; no       ; Off          ; 2.5 V        ; Off         ; --                        ; Fitter               ; no        ;
; R6out[14]   ; Unassigned ; --       ; 0                     ; 0                  ; no     ; no             ; no              ; no       ; Off          ; 2.5 V        ; Off         ; --                        ; Fitter               ; no        ;
; R6out[15]   ; Unassigned ; --       ; 0                     ; 0                  ; no     ; no             ; no              ; no       ; Off          ; 2.5 V        ; Off         ; --                        ; Fitter               ; no        ;
; R6out[16]   ; Unassigned ; --       ; 0                     ; 0                  ; no     ; no             ; no              ; no       ; Off          ; 2.5 V        ; Off         ; --                        ; Fitter               ; no        ;
; R6out[17]   ; Unassigned ; --       ; 0                     ; 0                  ; no     ; no             ; no              ; no       ; Off          ; 2.5 V        ; Off         ; --                        ; Fitter               ; no        ;
; R6out[18]   ; Unassigned ; --       ; 0                     ; 0                  ; no     ; no             ; no              ; no       ; Off          ; 2.5 V        ; Off         ; --                        ; Fitter               ; no        ;
; R6out[19]   ; Unassigned ; --       ; 0                     ; 0                  ; no     ; no             ; no              ; no       ; Off          ; 2.5 V        ; Off         ; --                        ; Fitter               ; no        ;
; R6out[1]    ; Unassigned ; --       ; 0                     ; 0                  ; no     ; no             ; no              ; no       ; Off          ; 2.5 V        ; Off         ; --                        ; Fitter               ; no        ;
; R6out[20]   ; Unassigned ; --       ; 0                     ; 0                  ; no     ; no             ; no              ; no       ; Off          ; 2.5 V        ; Off         ; --                        ; Fitter               ; no        ;
; R6out[21]   ; Unassigned ; --       ; 0                     ; 0                  ; no     ; no             ; no              ; no       ; Off          ; 2.5 V        ; Off         ; --                        ; Fitter               ; no        ;
; R6out[22]   ; Unassigned ; --       ; 0                     ; 0                  ; no     ; no             ; no              ; no       ; Off          ; 2.5 V        ; Off         ; --                        ; Fitter               ; no        ;
; R6out[23]   ; Unassigned ; --       ; 0                     ; 0                  ; no     ; no             ; no              ; no       ; Off          ; 2.5 V        ; Off         ; --                        ; Fitter               ; no        ;
; R6out[24]   ; Unassigned ; --       ; 0                     ; 0                  ; no     ; no             ; no              ; no       ; Off          ; 2.5 V        ; Off         ; --                        ; Fitter               ; no        ;
; R6out[25]   ; Unassigned ; --       ; 0                     ; 0                  ; no     ; no             ; no              ; no       ; Off          ; 2.5 V        ; Off         ; --                        ; Fitter               ; no        ;
; R6out[26]   ; Unassigned ; --       ; 0                     ; 0                  ; no     ; no             ; no              ; no       ; Off          ; 2.5 V        ; Off         ; --                        ; Fitter               ; no        ;
; R6out[27]   ; Unassigned ; --       ; 0                     ; 0                  ; no     ; no             ; no              ; no       ; Off          ; 2.5 V        ; Off         ; --                        ; Fitter               ; no        ;
; R6out[28]   ; Unassigned ; --       ; 0                     ; 0                  ; no     ; no             ; no              ; no       ; Off          ; 2.5 V        ; Off         ; --                        ; Fitter               ; no        ;
; R6out[29]   ; Unassigned ; --       ; 0                     ; 0                  ; no     ; no             ; no              ; no       ; Off          ; 2.5 V        ; Off         ; --                        ; Fitter               ; no        ;
; R6out[2]    ; Unassigned ; --       ; 0                     ; 0                  ; no     ; no             ; no              ; no       ; Off          ; 2.5 V        ; Off         ; --                        ; Fitter               ; no        ;
; R6out[30]   ; Unassigned ; --       ; 0                     ; 0                  ; no     ; no             ; no              ; no       ; Off          ; 2.5 V        ; Off         ; --                        ; Fitter               ; no        ;
; R6out[31]   ; Unassigned ; --       ; 0                     ; 0                  ; no     ; no             ; no              ; no       ; Off          ; 2.5 V        ; Off         ; --                        ; Fitter               ; no        ;
; R6out[3]    ; Unassigned ; --       ; 0                     ; 0                  ; no     ; no             ; no              ; no       ; Off          ; 2.5 V        ; Off         ; --                        ; Fitter               ; no        ;
; R6out[4]    ; Unassigned ; --       ; 0                     ; 0                  ; no     ; no             ; no              ; no       ; Off          ; 2.5 V        ; Off         ; --                        ; Fitter               ; no        ;
; R6out[5]    ; Unassigned ; --       ; 0                     ; 0                  ; no     ; no             ; no              ; no       ; Off          ; 2.5 V        ; Off         ; --                        ; Fitter               ; no        ;
; R6out[6]    ; Unassigned ; --       ; 0                     ; 0                  ; no     ; no             ; no              ; no       ; Off          ; 2.5 V        ; Off         ; --                        ; Fitter               ; no        ;
; R6out[7]    ; Unassigned ; --       ; 0                     ; 0                  ; no     ; no             ; no              ; no       ; Off          ; 2.5 V        ; Off         ; --                        ; Fitter               ; no        ;
; R6out[8]    ; Unassigned ; --       ; 0                     ; 0                  ; no     ; no             ; no              ; no       ; Off          ; 2.5 V        ; Off         ; --                        ; Fitter               ; no        ;
; R6out[9]    ; Unassigned ; --       ; 0                     ; 0                  ; no     ; no             ; no              ; no       ; Off          ; 2.5 V        ; Off         ; --                        ; Fitter               ; no        ;
; R7in        ; Unassigned ; --       ; 0                     ; 0                  ; no     ; no             ; no              ; no       ; Off          ; 2.5 V        ; Off         ; --                        ; Fitter               ; no        ;
; R7out[0]    ; Unassigned ; --       ; 0                     ; 0                  ; no     ; no             ; no              ; no       ; Off          ; 2.5 V        ; Off         ; --                        ; Fitter               ; no        ;
; R7out[10]   ; Unassigned ; --       ; 0                     ; 0                  ; no     ; no             ; no              ; no       ; Off          ; 2.5 V        ; Off         ; --                        ; Fitter               ; no        ;
; R7out[11]   ; Unassigned ; --       ; 0                     ; 0                  ; no     ; no             ; no              ; no       ; Off          ; 2.5 V        ; Off         ; --                        ; Fitter               ; no        ;
; R7out[12]   ; Unassigned ; --       ; 0                     ; 0                  ; no     ; no             ; no              ; no       ; Off          ; 2.5 V        ; Off         ; --                        ; Fitter               ; no        ;
; R7out[13]   ; Unassigned ; --       ; 0                     ; 0                  ; no     ; no             ; no              ; no       ; Off          ; 2.5 V        ; Off         ; --                        ; Fitter               ; no        ;
; R7out[14]   ; Unassigned ; --       ; 0                     ; 0                  ; no     ; no             ; no              ; no       ; Off          ; 2.5 V        ; Off         ; --                        ; Fitter               ; no        ;
; R7out[15]   ; Unassigned ; --       ; 0                     ; 0                  ; no     ; no             ; no              ; no       ; Off          ; 2.5 V        ; Off         ; --                        ; Fitter               ; no        ;
; R7out[16]   ; Unassigned ; --       ; 0                     ; 0                  ; no     ; no             ; no              ; no       ; Off          ; 2.5 V        ; Off         ; --                        ; Fitter               ; no        ;
; R7out[17]   ; Unassigned ; --       ; 0                     ; 0                  ; no     ; no             ; no              ; no       ; Off          ; 2.5 V        ; Off         ; --                        ; Fitter               ; no        ;
; R7out[18]   ; Unassigned ; --       ; 0                     ; 0                  ; no     ; no             ; no              ; no       ; Off          ; 2.5 V        ; Off         ; --                        ; Fitter               ; no        ;
; R7out[19]   ; Unassigned ; --       ; 0                     ; 0                  ; no     ; no             ; no              ; no       ; Off          ; 2.5 V        ; Off         ; --                        ; Fitter               ; no        ;
; R7out[1]    ; Unassigned ; --       ; 0                     ; 0                  ; no     ; no             ; no              ; no       ; Off          ; 2.5 V        ; Off         ; --                        ; Fitter               ; no        ;
; R7out[20]   ; Unassigned ; --       ; 0                     ; 0                  ; no     ; no             ; no              ; no       ; Off          ; 2.5 V        ; Off         ; --                        ; Fitter               ; no        ;
; R7out[21]   ; Unassigned ; --       ; 0                     ; 0                  ; no     ; no             ; no              ; no       ; Off          ; 2.5 V        ; Off         ; --                        ; Fitter               ; no        ;
; R7out[22]   ; Unassigned ; --       ; 0                     ; 0                  ; no     ; no             ; no              ; no       ; Off          ; 2.5 V        ; Off         ; --                        ; Fitter               ; no        ;
; R7out[23]   ; Unassigned ; --       ; 0                     ; 0                  ; no     ; no             ; no              ; no       ; Off          ; 2.5 V        ; Off         ; --                        ; Fitter               ; no        ;
; R7out[24]   ; Unassigned ; --       ; 0                     ; 0                  ; no     ; no             ; no              ; no       ; Off          ; 2.5 V        ; Off         ; --                        ; Fitter               ; no        ;
; R7out[25]   ; Unassigned ; --       ; 0                     ; 0                  ; no     ; no             ; no              ; no       ; Off          ; 2.5 V        ; Off         ; --                        ; Fitter               ; no        ;
; R7out[26]   ; Unassigned ; --       ; 0                     ; 0                  ; no     ; no             ; no              ; no       ; Off          ; 2.5 V        ; Off         ; --                        ; Fitter               ; no        ;
; R7out[27]   ; Unassigned ; --       ; 0                     ; 0                  ; no     ; no             ; no              ; no       ; Off          ; 2.5 V        ; Off         ; --                        ; Fitter               ; no        ;
; R7out[28]   ; Unassigned ; --       ; 0                     ; 0                  ; no     ; no             ; no              ; no       ; Off          ; 2.5 V        ; Off         ; --                        ; Fitter               ; no        ;
; R7out[29]   ; Unassigned ; --       ; 0                     ; 0                  ; no     ; no             ; no              ; no       ; Off          ; 2.5 V        ; Off         ; --                        ; Fitter               ; no        ;
; R7out[2]    ; Unassigned ; --       ; 0                     ; 0                  ; no     ; no             ; no              ; no       ; Off          ; 2.5 V        ; Off         ; --                        ; Fitter               ; no        ;
; R7out[30]   ; Unassigned ; --       ; 0                     ; 0                  ; no     ; no             ; no              ; no       ; Off          ; 2.5 V        ; Off         ; --                        ; Fitter               ; no        ;
; R7out[31]   ; Unassigned ; --       ; 0                     ; 0                  ; no     ; no             ; no              ; no       ; Off          ; 2.5 V        ; Off         ; --                        ; Fitter               ; no        ;
; R7out[3]    ; Unassigned ; --       ; 0                     ; 0                  ; no     ; no             ; no              ; no       ; Off          ; 2.5 V        ; Off         ; --                        ; Fitter               ; no        ;
; R7out[4]    ; Unassigned ; --       ; 0                     ; 0                  ; no     ; no             ; no              ; no       ; Off          ; 2.5 V        ; Off         ; --                        ; Fitter               ; no        ;
; R7out[5]    ; Unassigned ; --       ; 0                     ; 0                  ; no     ; no             ; no              ; no       ; Off          ; 2.5 V        ; Off         ; --                        ; Fitter               ; no        ;
; R7out[6]    ; Unassigned ; --       ; 0                     ; 0                  ; no     ; no             ; no              ; no       ; Off          ; 2.5 V        ; Off         ; --                        ; Fitter               ; no        ;
; R7out[7]    ; Unassigned ; --       ; 0                     ; 0                  ; no     ; no             ; no              ; no       ; Off          ; 2.5 V        ; Off         ; --                        ; Fitter               ; no        ;
; R7out[8]    ; Unassigned ; --       ; 0                     ; 0                  ; no     ; no             ; no              ; no       ; Off          ; 2.5 V        ; Off         ; --                        ; Fitter               ; no        ;
; R7out[9]    ; Unassigned ; --       ; 0                     ; 0                  ; no     ; no             ; no              ; no       ; Off          ; 2.5 V        ; Off         ; --                        ; Fitter               ; no        ;
; R8in        ; Unassigned ; --       ; 0                     ; 0                  ; no     ; no             ; no              ; no       ; Off          ; 2.5 V        ; Off         ; --                        ; Fitter               ; no        ;
; R8out[0]    ; Unassigned ; --       ; 0                     ; 0                  ; no     ; no             ; no              ; no       ; Off          ; 2.5 V        ; Off         ; --                        ; Fitter               ; no        ;
; R8out[10]   ; Unassigned ; --       ; 0                     ; 0                  ; no     ; no             ; no              ; no       ; Off          ; 2.5 V        ; Off         ; --                        ; Fitter               ; no        ;
; R8out[11]   ; Unassigned ; --       ; 0                     ; 0                  ; no     ; no             ; no              ; no       ; Off          ; 2.5 V        ; Off         ; --                        ; Fitter               ; no        ;
; R8out[12]   ; Unassigned ; --       ; 0                     ; 0                  ; no     ; no             ; no              ; no       ; Off          ; 2.5 V        ; Off         ; --                        ; Fitter               ; no        ;
; R8out[13]   ; Unassigned ; --       ; 0                     ; 0                  ; no     ; no             ; no              ; no       ; Off          ; 2.5 V        ; Off         ; --                        ; Fitter               ; no        ;
; R8out[14]   ; Unassigned ; --       ; 0                     ; 0                  ; no     ; no             ; no              ; no       ; Off          ; 2.5 V        ; Off         ; --                        ; Fitter               ; no        ;
; R8out[15]   ; Unassigned ; --       ; 0                     ; 0                  ; no     ; no             ; no              ; no       ; Off          ; 2.5 V        ; Off         ; --                        ; Fitter               ; no        ;
; R8out[16]   ; Unassigned ; --       ; 0                     ; 0                  ; no     ; no             ; no              ; no       ; Off          ; 2.5 V        ; Off         ; --                        ; Fitter               ; no        ;
; R8out[17]   ; Unassigned ; --       ; 0                     ; 0                  ; no     ; no             ; no              ; no       ; Off          ; 2.5 V        ; Off         ; --                        ; Fitter               ; no        ;
; R8out[18]   ; Unassigned ; --       ; 0                     ; 0                  ; no     ; no             ; no              ; no       ; Off          ; 2.5 V        ; Off         ; --                        ; Fitter               ; no        ;
; R8out[19]   ; Unassigned ; --       ; 0                     ; 0                  ; no     ; no             ; no              ; no       ; Off          ; 2.5 V        ; Off         ; --                        ; Fitter               ; no        ;
; R8out[1]    ; Unassigned ; --       ; 0                     ; 0                  ; no     ; no             ; no              ; no       ; Off          ; 2.5 V        ; Off         ; --                        ; Fitter               ; no        ;
; R8out[20]   ; Unassigned ; --       ; 0                     ; 0                  ; no     ; no             ; no              ; no       ; Off          ; 2.5 V        ; Off         ; --                        ; Fitter               ; no        ;
; R8out[21]   ; Unassigned ; --       ; 0                     ; 0                  ; no     ; no             ; no              ; no       ; Off          ; 2.5 V        ; Off         ; --                        ; Fitter               ; no        ;
; R8out[22]   ; Unassigned ; --       ; 0                     ; 0                  ; no     ; no             ; no              ; no       ; Off          ; 2.5 V        ; Off         ; --                        ; Fitter               ; no        ;
; R8out[23]   ; Unassigned ; --       ; 0                     ; 0                  ; no     ; no             ; no              ; no       ; Off          ; 2.5 V        ; Off         ; --                        ; Fitter               ; no        ;
; R8out[24]   ; Unassigned ; --       ; 0                     ; 0                  ; no     ; no             ; no              ; no       ; Off          ; 2.5 V        ; Off         ; --                        ; Fitter               ; no        ;
; R8out[25]   ; Unassigned ; --       ; 0                     ; 0                  ; no     ; no             ; no              ; no       ; Off          ; 2.5 V        ; Off         ; --                        ; Fitter               ; no        ;
; R8out[26]   ; Unassigned ; --       ; 0                     ; 0                  ; no     ; no             ; no              ; no       ; Off          ; 2.5 V        ; Off         ; --                        ; Fitter               ; no        ;
; R8out[27]   ; Unassigned ; --       ; 0                     ; 0                  ; no     ; no             ; no              ; no       ; Off          ; 2.5 V        ; Off         ; --                        ; Fitter               ; no        ;
; R8out[28]   ; Unassigned ; --       ; 0                     ; 0                  ; no     ; no             ; no              ; no       ; Off          ; 2.5 V        ; Off         ; --                        ; Fitter               ; no        ;
; R8out[29]   ; Unassigned ; --       ; 0                     ; 0                  ; no     ; no             ; no              ; no       ; Off          ; 2.5 V        ; Off         ; --                        ; Fitter               ; no        ;
; R8out[2]    ; Unassigned ; --       ; 0                     ; 0                  ; no     ; no             ; no              ; no       ; Off          ; 2.5 V        ; Off         ; --                        ; Fitter               ; no        ;
; R8out[30]   ; Unassigned ; --       ; 0                     ; 0                  ; no     ; no             ; no              ; no       ; Off          ; 2.5 V        ; Off         ; --                        ; Fitter               ; no        ;
; R8out[31]   ; Unassigned ; --       ; 0                     ; 0                  ; no     ; no             ; no              ; no       ; Off          ; 2.5 V        ; Off         ; --                        ; Fitter               ; no        ;
; R8out[3]    ; Unassigned ; --       ; 0                     ; 0                  ; no     ; no             ; no              ; no       ; Off          ; 2.5 V        ; Off         ; --                        ; Fitter               ; no        ;
; R8out[4]    ; Unassigned ; --       ; 0                     ; 0                  ; no     ; no             ; no              ; no       ; Off          ; 2.5 V        ; Off         ; --                        ; Fitter               ; no        ;
; R8out[5]    ; Unassigned ; --       ; 0                     ; 0                  ; no     ; no             ; no              ; no       ; Off          ; 2.5 V        ; Off         ; --                        ; Fitter               ; no        ;
; R8out[6]    ; Unassigned ; --       ; 0                     ; 0                  ; no     ; no             ; no              ; no       ; Off          ; 2.5 V        ; Off         ; --                        ; Fitter               ; no        ;
; R8out[7]    ; Unassigned ; --       ; 0                     ; 0                  ; no     ; no             ; no              ; no       ; Off          ; 2.5 V        ; Off         ; --                        ; Fitter               ; no        ;
; R8out[8]    ; Unassigned ; --       ; 0                     ; 0                  ; no     ; no             ; no              ; no       ; Off          ; 2.5 V        ; Off         ; --                        ; Fitter               ; no        ;
; R8out[9]    ; Unassigned ; --       ; 0                     ; 0                  ; no     ; no             ; no              ; no       ; Off          ; 2.5 V        ; Off         ; --                        ; Fitter               ; no        ;
; R9in        ; Unassigned ; --       ; 0                     ; 0                  ; no     ; no             ; no              ; no       ; Off          ; 2.5 V        ; Off         ; --                        ; Fitter               ; no        ;
; R9out[0]    ; Unassigned ; --       ; 0                     ; 0                  ; no     ; no             ; no              ; no       ; Off          ; 2.5 V        ; Off         ; --                        ; Fitter               ; no        ;
; R9out[10]   ; Unassigned ; --       ; 0                     ; 0                  ; no     ; no             ; no              ; no       ; Off          ; 2.5 V        ; Off         ; --                        ; Fitter               ; no        ;
; R9out[11]   ; Unassigned ; --       ; 0                     ; 0                  ; no     ; no             ; no              ; no       ; Off          ; 2.5 V        ; Off         ; --                        ; Fitter               ; no        ;
; R9out[12]   ; Unassigned ; --       ; 0                     ; 0                  ; no     ; no             ; no              ; no       ; Off          ; 2.5 V        ; Off         ; --                        ; Fitter               ; no        ;
; R9out[13]   ; Unassigned ; --       ; 0                     ; 0                  ; no     ; no             ; no              ; no       ; Off          ; 2.5 V        ; Off         ; --                        ; Fitter               ; no        ;
; R9out[14]   ; Unassigned ; --       ; 0                     ; 0                  ; no     ; no             ; no              ; no       ; Off          ; 2.5 V        ; Off         ; --                        ; Fitter               ; no        ;
; R9out[15]   ; Unassigned ; --       ; 0                     ; 0                  ; no     ; no             ; no              ; no       ; Off          ; 2.5 V        ; Off         ; --                        ; Fitter               ; no        ;
; R9out[16]   ; Unassigned ; --       ; 0                     ; 0                  ; no     ; no             ; no              ; no       ; Off          ; 2.5 V        ; Off         ; --                        ; Fitter               ; no        ;
; R9out[17]   ; Unassigned ; --       ; 0                     ; 0                  ; no     ; no             ; no              ; no       ; Off          ; 2.5 V        ; Off         ; --                        ; Fitter               ; no        ;
; R9out[18]   ; Unassigned ; --       ; 0                     ; 0                  ; no     ; no             ; no              ; no       ; Off          ; 2.5 V        ; Off         ; --                        ; Fitter               ; no        ;
; R9out[19]   ; Unassigned ; --       ; 0                     ; 0                  ; no     ; no             ; no              ; no       ; Off          ; 2.5 V        ; Off         ; --                        ; Fitter               ; no        ;
; R9out[1]    ; Unassigned ; --       ; 0                     ; 0                  ; no     ; no             ; no              ; no       ; Off          ; 2.5 V        ; Off         ; --                        ; Fitter               ; no        ;
; R9out[20]   ; Unassigned ; --       ; 0                     ; 0                  ; no     ; no             ; no              ; no       ; Off          ; 2.5 V        ; Off         ; --                        ; Fitter               ; no        ;
; R9out[21]   ; Unassigned ; --       ; 0                     ; 0                  ; no     ; no             ; no              ; no       ; Off          ; 2.5 V        ; Off         ; --                        ; Fitter               ; no        ;
; R9out[22]   ; Unassigned ; --       ; 0                     ; 0                  ; no     ; no             ; no              ; no       ; Off          ; 2.5 V        ; Off         ; --                        ; Fitter               ; no        ;
; R9out[23]   ; Unassigned ; --       ; 0                     ; 0                  ; no     ; no             ; no              ; no       ; Off          ; 2.5 V        ; Off         ; --                        ; Fitter               ; no        ;
; R9out[24]   ; Unassigned ; --       ; 0                     ; 0                  ; no     ; no             ; no              ; no       ; Off          ; 2.5 V        ; Off         ; --                        ; Fitter               ; no        ;
; R9out[25]   ; Unassigned ; --       ; 0                     ; 0                  ; no     ; no             ; no              ; no       ; Off          ; 2.5 V        ; Off         ; --                        ; Fitter               ; no        ;
; R9out[26]   ; Unassigned ; --       ; 0                     ; 0                  ; no     ; no             ; no              ; no       ; Off          ; 2.5 V        ; Off         ; --                        ; Fitter               ; no        ;
; R9out[27]   ; Unassigned ; --       ; 0                     ; 0                  ; no     ; no             ; no              ; no       ; Off          ; 2.5 V        ; Off         ; --                        ; Fitter               ; no        ;
; R9out[28]   ; Unassigned ; --       ; 0                     ; 0                  ; no     ; no             ; no              ; no       ; Off          ; 2.5 V        ; Off         ; --                        ; Fitter               ; no        ;
; R9out[29]   ; Unassigned ; --       ; 0                     ; 0                  ; no     ; no             ; no              ; no       ; Off          ; 2.5 V        ; Off         ; --                        ; Fitter               ; no        ;
; R9out[2]    ; Unassigned ; --       ; 0                     ; 0                  ; no     ; no             ; no              ; no       ; Off          ; 2.5 V        ; Off         ; --                        ; Fitter               ; no        ;
; R9out[30]   ; Unassigned ; --       ; 0                     ; 0                  ; no     ; no             ; no              ; no       ; Off          ; 2.5 V        ; Off         ; --                        ; Fitter               ; no        ;
; R9out[31]   ; Unassigned ; --       ; 0                     ; 0                  ; no     ; no             ; no              ; no       ; Off          ; 2.5 V        ; Off         ; --                        ; Fitter               ; no        ;
; R9out[3]    ; Unassigned ; --       ; 0                     ; 0                  ; no     ; no             ; no              ; no       ; Off          ; 2.5 V        ; Off         ; --                        ; Fitter               ; no        ;
; R9out[4]    ; Unassigned ; --       ; 0                     ; 0                  ; no     ; no             ; no              ; no       ; Off          ; 2.5 V        ; Off         ; --                        ; Fitter               ; no        ;
; R9out[5]    ; Unassigned ; --       ; 0                     ; 0                  ; no     ; no             ; no              ; no       ; Off          ; 2.5 V        ; Off         ; --                        ; Fitter               ; no        ;
; R9out[6]    ; Unassigned ; --       ; 0                     ; 0                  ; no     ; no             ; no              ; no       ; Off          ; 2.5 V        ; Off         ; --                        ; Fitter               ; no        ;
; R9out[7]    ; Unassigned ; --       ; 0                     ; 0                  ; no     ; no             ; no              ; no       ; Off          ; 2.5 V        ; Off         ; --                        ; Fitter               ; no        ;
; R9out[8]    ; Unassigned ; --       ; 0                     ; 0                  ; no     ; no             ; no              ; no       ; Off          ; 2.5 V        ; Off         ; --                        ; Fitter               ; no        ;
; R9out[9]    ; Unassigned ; --       ; 0                     ; 0                  ; no     ; no             ; no              ; no       ; Off          ; 2.5 V        ; Off         ; --                        ; Fitter               ; no        ;
; RHIin       ; Unassigned ; --       ; 0                     ; 0                  ; no     ; no             ; no              ; no       ; Off          ; 2.5 V        ; Off         ; --                        ; Fitter               ; no        ;
; RHIout[0]   ; Unassigned ; --       ; 0                     ; 0                  ; no     ; no             ; no              ; no       ; Off          ; 2.5 V        ; Off         ; --                        ; Fitter               ; no        ;
; RHIout[10]  ; Unassigned ; --       ; 0                     ; 0                  ; no     ; no             ; no              ; no       ; Off          ; 2.5 V        ; Off         ; --                        ; Fitter               ; no        ;
; RHIout[11]  ; Unassigned ; --       ; 0                     ; 0                  ; no     ; no             ; no              ; no       ; Off          ; 2.5 V        ; Off         ; --                        ; Fitter               ; no        ;
; RHIout[12]  ; Unassigned ; --       ; 0                     ; 0                  ; no     ; no             ; no              ; no       ; Off          ; 2.5 V        ; Off         ; --                        ; Fitter               ; no        ;
; RHIout[13]  ; Unassigned ; --       ; 0                     ; 0                  ; no     ; no             ; no              ; no       ; Off          ; 2.5 V        ; Off         ; --                        ; Fitter               ; no        ;
; RHIout[14]  ; Unassigned ; --       ; 0                     ; 0                  ; no     ; no             ; no              ; no       ; Off          ; 2.5 V        ; Off         ; --                        ; Fitter               ; no        ;
; RHIout[15]  ; Unassigned ; --       ; 0                     ; 0                  ; no     ; no             ; no              ; no       ; Off          ; 2.5 V        ; Off         ; --                        ; Fitter               ; no        ;
; RHIout[16]  ; Unassigned ; --       ; 0                     ; 0                  ; no     ; no             ; no              ; no       ; Off          ; 2.5 V        ; Off         ; --                        ; Fitter               ; no        ;
; RHIout[17]  ; Unassigned ; --       ; 0                     ; 0                  ; no     ; no             ; no              ; no       ; Off          ; 2.5 V        ; Off         ; --                        ; Fitter               ; no        ;
; RHIout[18]  ; Unassigned ; --       ; 0                     ; 0                  ; no     ; no             ; no              ; no       ; Off          ; 2.5 V        ; Off         ; --                        ; Fitter               ; no        ;
; RHIout[19]  ; Unassigned ; --       ; 0                     ; 0                  ; no     ; no             ; no              ; no       ; Off          ; 2.5 V        ; Off         ; --                        ; Fitter               ; no        ;
; RHIout[1]   ; Unassigned ; --       ; 0                     ; 0                  ; no     ; no             ; no              ; no       ; Off          ; 2.5 V        ; Off         ; --                        ; Fitter               ; no        ;
; RHIout[20]  ; Unassigned ; --       ; 0                     ; 0                  ; no     ; no             ; no              ; no       ; Off          ; 2.5 V        ; Off         ; --                        ; Fitter               ; no        ;
; RHIout[21]  ; Unassigned ; --       ; 0                     ; 0                  ; no     ; no             ; no              ; no       ; Off          ; 2.5 V        ; Off         ; --                        ; Fitter               ; no        ;
; RHIout[22]  ; Unassigned ; --       ; 0                     ; 0                  ; no     ; no             ; no              ; no       ; Off          ; 2.5 V        ; Off         ; --                        ; Fitter               ; no        ;
; RHIout[23]  ; Unassigned ; --       ; 0                     ; 0                  ; no     ; no             ; no              ; no       ; Off          ; 2.5 V        ; Off         ; --                        ; Fitter               ; no        ;
; RHIout[24]  ; Unassigned ; --       ; 0                     ; 0                  ; no     ; no             ; no              ; no       ; Off          ; 2.5 V        ; Off         ; --                        ; Fitter               ; no        ;
; RHIout[25]  ; Unassigned ; --       ; 0                     ; 0                  ; no     ; no             ; no              ; no       ; Off          ; 2.5 V        ; Off         ; --                        ; Fitter               ; no        ;
; RHIout[26]  ; Unassigned ; --       ; 0                     ; 0                  ; no     ; no             ; no              ; no       ; Off          ; 2.5 V        ; Off         ; --                        ; Fitter               ; no        ;
; RHIout[27]  ; Unassigned ; --       ; 0                     ; 0                  ; no     ; no             ; no              ; no       ; Off          ; 2.5 V        ; Off         ; --                        ; Fitter               ; no        ;
; RHIout[28]  ; Unassigned ; --       ; 0                     ; 0                  ; no     ; no             ; no              ; no       ; Off          ; 2.5 V        ; Off         ; --                        ; Fitter               ; no        ;
; RHIout[29]  ; Unassigned ; --       ; 0                     ; 0                  ; no     ; no             ; no              ; no       ; Off          ; 2.5 V        ; Off         ; --                        ; Fitter               ; no        ;
; RHIout[2]   ; Unassigned ; --       ; 0                     ; 0                  ; no     ; no             ; no              ; no       ; Off          ; 2.5 V        ; Off         ; --                        ; Fitter               ; no        ;
; RHIout[30]  ; Unassigned ; --       ; 0                     ; 0                  ; no     ; no             ; no              ; no       ; Off          ; 2.5 V        ; Off         ; --                        ; Fitter               ; no        ;
; RHIout[31]  ; Unassigned ; --       ; 0                     ; 0                  ; no     ; no             ; no              ; no       ; Off          ; 2.5 V        ; Off         ; --                        ; Fitter               ; no        ;
; RHIout[3]   ; Unassigned ; --       ; 0                     ; 0                  ; no     ; no             ; no              ; no       ; Off          ; 2.5 V        ; Off         ; --                        ; Fitter               ; no        ;
; RHIout[4]   ; Unassigned ; --       ; 0                     ; 0                  ; no     ; no             ; no              ; no       ; Off          ; 2.5 V        ; Off         ; --                        ; Fitter               ; no        ;
; RHIout[5]   ; Unassigned ; --       ; 0                     ; 0                  ; no     ; no             ; no              ; no       ; Off          ; 2.5 V        ; Off         ; --                        ; Fitter               ; no        ;
; RHIout[6]   ; Unassigned ; --       ; 0                     ; 0                  ; no     ; no             ; no              ; no       ; Off          ; 2.5 V        ; Off         ; --                        ; Fitter               ; no        ;
; RHIout[7]   ; Unassigned ; --       ; 0                     ; 0                  ; no     ; no             ; no              ; no       ; Off          ; 2.5 V        ; Off         ; --                        ; Fitter               ; no        ;
; RHIout[8]   ; Unassigned ; --       ; 0                     ; 0                  ; no     ; no             ; no              ; no       ; Off          ; 2.5 V        ; Off         ; --                        ; Fitter               ; no        ;
; RHIout[9]   ; Unassigned ; --       ; 0                     ; 0                  ; no     ; no             ; no              ; no       ; Off          ; 2.5 V        ; Off         ; --                        ; Fitter               ; no        ;
; RIRin       ; Unassigned ; --       ; 0                     ; 0                  ; no     ; no             ; no              ; no       ; Off          ; 2.5 V        ; Off         ; --                        ; Fitter               ; no        ;
; RIRout[0]   ; Unassigned ; --       ; 0                     ; 0                  ; no     ; no             ; no              ; no       ; Off          ; 2.5 V        ; Off         ; --                        ; Fitter               ; no        ;
; RIRout[10]  ; Unassigned ; --       ; 0                     ; 0                  ; no     ; no             ; no              ; no       ; Off          ; 2.5 V        ; Off         ; --                        ; Fitter               ; no        ;
; RIRout[11]  ; Unassigned ; --       ; 0                     ; 0                  ; no     ; no             ; no              ; no       ; Off          ; 2.5 V        ; Off         ; --                        ; Fitter               ; no        ;
; RIRout[12]  ; Unassigned ; --       ; 0                     ; 0                  ; no     ; no             ; no              ; no       ; Off          ; 2.5 V        ; Off         ; --                        ; Fitter               ; no        ;
; RIRout[13]  ; Unassigned ; --       ; 0                     ; 0                  ; no     ; no             ; no              ; no       ; Off          ; 2.5 V        ; Off         ; --                        ; Fitter               ; no        ;
; RIRout[14]  ; Unassigned ; --       ; 0                     ; 0                  ; no     ; no             ; no              ; no       ; Off          ; 2.5 V        ; Off         ; --                        ; Fitter               ; no        ;
; RIRout[15]  ; Unassigned ; --       ; 0                     ; 0                  ; no     ; no             ; no              ; no       ; Off          ; 2.5 V        ; Off         ; --                        ; Fitter               ; no        ;
; RIRout[16]  ; Unassigned ; --       ; 0                     ; 0                  ; no     ; no             ; no              ; no       ; Off          ; 2.5 V        ; Off         ; --                        ; Fitter               ; no        ;
; RIRout[17]  ; Unassigned ; --       ; 0                     ; 0                  ; no     ; no             ; no              ; no       ; Off          ; 2.5 V        ; Off         ; --                        ; Fitter               ; no        ;
; RIRout[18]  ; Unassigned ; --       ; 0                     ; 0                  ; no     ; no             ; no              ; no       ; Off          ; 2.5 V        ; Off         ; --                        ; Fitter               ; no        ;
; RIRout[19]  ; Unassigned ; --       ; 0                     ; 0                  ; no     ; no             ; no              ; no       ; Off          ; 2.5 V        ; Off         ; --                        ; Fitter               ; no        ;
; RIRout[1]   ; Unassigned ; --       ; 0                     ; 0                  ; no     ; no             ; no              ; no       ; Off          ; 2.5 V        ; Off         ; --                        ; Fitter               ; no        ;
; RIRout[20]  ; Unassigned ; --       ; 0                     ; 0                  ; no     ; no             ; no              ; no       ; Off          ; 2.5 V        ; Off         ; --                        ; Fitter               ; no        ;
; RIRout[21]  ; Unassigned ; --       ; 0                     ; 0                  ; no     ; no             ; no              ; no       ; Off          ; 2.5 V        ; Off         ; --                        ; Fitter               ; no        ;
; RIRout[22]  ; Unassigned ; --       ; 0                     ; 0                  ; no     ; no             ; no              ; no       ; Off          ; 2.5 V        ; Off         ; --                        ; Fitter               ; no        ;
; RIRout[23]  ; Unassigned ; --       ; 0                     ; 0                  ; no     ; no             ; no              ; no       ; Off          ; 2.5 V        ; Off         ; --                        ; Fitter               ; no        ;
; RIRout[24]  ; Unassigned ; --       ; 0                     ; 0                  ; no     ; no             ; no              ; no       ; Off          ; 2.5 V        ; Off         ; --                        ; Fitter               ; no        ;
; RIRout[25]  ; Unassigned ; --       ; 0                     ; 0                  ; no     ; no             ; no              ; no       ; Off          ; 2.5 V        ; Off         ; --                        ; Fitter               ; no        ;
; RIRout[26]  ; Unassigned ; --       ; 0                     ; 0                  ; no     ; no             ; no              ; no       ; Off          ; 2.5 V        ; Off         ; --                        ; Fitter               ; no        ;
; RIRout[27]  ; Unassigned ; --       ; 0                     ; 0                  ; no     ; no             ; no              ; no       ; Off          ; 2.5 V        ; Off         ; --                        ; Fitter               ; no        ;
; RIRout[28]  ; Unassigned ; --       ; 0                     ; 0                  ; no     ; no             ; no              ; no       ; Off          ; 2.5 V        ; Off         ; --                        ; Fitter               ; no        ;
; RIRout[29]  ; Unassigned ; --       ; 0                     ; 0                  ; no     ; no             ; no              ; no       ; Off          ; 2.5 V        ; Off         ; --                        ; Fitter               ; no        ;
; RIRout[2]   ; Unassigned ; --       ; 0                     ; 0                  ; no     ; no             ; no              ; no       ; Off          ; 2.5 V        ; Off         ; --                        ; Fitter               ; no        ;
; RIRout[30]  ; Unassigned ; --       ; 0                     ; 0                  ; no     ; no             ; no              ; no       ; Off          ; 2.5 V        ; Off         ; --                        ; Fitter               ; no        ;
; RIRout[31]  ; Unassigned ; --       ; 0                     ; 0                  ; no     ; no             ; no              ; no       ; Off          ; 2.5 V        ; Off         ; --                        ; Fitter               ; no        ;
; RIRout[3]   ; Unassigned ; --       ; 0                     ; 0                  ; no     ; no             ; no              ; no       ; Off          ; 2.5 V        ; Off         ; --                        ; Fitter               ; no        ;
; RIRout[4]   ; Unassigned ; --       ; 0                     ; 0                  ; no     ; no             ; no              ; no       ; Off          ; 2.5 V        ; Off         ; --                        ; Fitter               ; no        ;
; RIRout[5]   ; Unassigned ; --       ; 0                     ; 0                  ; no     ; no             ; no              ; no       ; Off          ; 2.5 V        ; Off         ; --                        ; Fitter               ; no        ;
; RIRout[6]   ; Unassigned ; --       ; 0                     ; 0                  ; no     ; no             ; no              ; no       ; Off          ; 2.5 V        ; Off         ; --                        ; Fitter               ; no        ;
; RIRout[7]   ; Unassigned ; --       ; 0                     ; 0                  ; no     ; no             ; no              ; no       ; Off          ; 2.5 V        ; Off         ; --                        ; Fitter               ; no        ;
; RIRout[8]   ; Unassigned ; --       ; 0                     ; 0                  ; no     ; no             ; no              ; no       ; Off          ; 2.5 V        ; Off         ; --                        ; Fitter               ; no        ;
; RIRout[9]   ; Unassigned ; --       ; 0                     ; 0                  ; no     ; no             ; no              ; no       ; Off          ; 2.5 V        ; Off         ; --                        ; Fitter               ; no        ;
; RLOin       ; Unassigned ; --       ; 0                     ; 0                  ; no     ; no             ; no              ; no       ; Off          ; 2.5 V        ; Off         ; --                        ; Fitter               ; no        ;
; RLOout[0]   ; Unassigned ; --       ; 0                     ; 0                  ; no     ; no             ; no              ; no       ; Off          ; 2.5 V        ; Off         ; --                        ; Fitter               ; no        ;
; RLOout[10]  ; Unassigned ; --       ; 0                     ; 0                  ; no     ; no             ; no              ; no       ; Off          ; 2.5 V        ; Off         ; --                        ; Fitter               ; no        ;
; RLOout[11]  ; Unassigned ; --       ; 0                     ; 0                  ; no     ; no             ; no              ; no       ; Off          ; 2.5 V        ; Off         ; --                        ; Fitter               ; no        ;
; RLOout[12]  ; Unassigned ; --       ; 0                     ; 0                  ; no     ; no             ; no              ; no       ; Off          ; 2.5 V        ; Off         ; --                        ; Fitter               ; no        ;
; RLOout[13]  ; Unassigned ; --       ; 0                     ; 0                  ; no     ; no             ; no              ; no       ; Off          ; 2.5 V        ; Off         ; --                        ; Fitter               ; no        ;
; RLOout[14]  ; Unassigned ; --       ; 0                     ; 0                  ; no     ; no             ; no              ; no       ; Off          ; 2.5 V        ; Off         ; --                        ; Fitter               ; no        ;
; RLOout[15]  ; Unassigned ; --       ; 0                     ; 0                  ; no     ; no             ; no              ; no       ; Off          ; 2.5 V        ; Off         ; --                        ; Fitter               ; no        ;
; RLOout[16]  ; Unassigned ; --       ; 0                     ; 0                  ; no     ; no             ; no              ; no       ; Off          ; 2.5 V        ; Off         ; --                        ; Fitter               ; no        ;
; RLOout[17]  ; Unassigned ; --       ; 0                     ; 0                  ; no     ; no             ; no              ; no       ; Off          ; 2.5 V        ; Off         ; --                        ; Fitter               ; no        ;
; RLOout[18]  ; Unassigned ; --       ; 0                     ; 0                  ; no     ; no             ; no              ; no       ; Off          ; 2.5 V        ; Off         ; --                        ; Fitter               ; no        ;
; RLOout[19]  ; Unassigned ; --       ; 0                     ; 0                  ; no     ; no             ; no              ; no       ; Off          ; 2.5 V        ; Off         ; --                        ; Fitter               ; no        ;
; RLOout[1]   ; Unassigned ; --       ; 0                     ; 0                  ; no     ; no             ; no              ; no       ; Off          ; 2.5 V        ; Off         ; --                        ; Fitter               ; no        ;
; RLOout[20]  ; Unassigned ; --       ; 0                     ; 0                  ; no     ; no             ; no              ; no       ; Off          ; 2.5 V        ; Off         ; --                        ; Fitter               ; no        ;
; RLOout[21]  ; Unassigned ; --       ; 0                     ; 0                  ; no     ; no             ; no              ; no       ; Off          ; 2.5 V        ; Off         ; --                        ; Fitter               ; no        ;
; RLOout[22]  ; Unassigned ; --       ; 0                     ; 0                  ; no     ; no             ; no              ; no       ; Off          ; 2.5 V        ; Off         ; --                        ; Fitter               ; no        ;
; RLOout[23]  ; Unassigned ; --       ; 0                     ; 0                  ; no     ; no             ; no              ; no       ; Off          ; 2.5 V        ; Off         ; --                        ; Fitter               ; no        ;
; RLOout[24]  ; Unassigned ; --       ; 0                     ; 0                  ; no     ; no             ; no              ; no       ; Off          ; 2.5 V        ; Off         ; --                        ; Fitter               ; no        ;
; RLOout[25]  ; Unassigned ; --       ; 0                     ; 0                  ; no     ; no             ; no              ; no       ; Off          ; 2.5 V        ; Off         ; --                        ; Fitter               ; no        ;
; RLOout[26]  ; Unassigned ; --       ; 0                     ; 0                  ; no     ; no             ; no              ; no       ; Off          ; 2.5 V        ; Off         ; --                        ; Fitter               ; no        ;
; RLOout[27]  ; Unassigned ; --       ; 0                     ; 0                  ; no     ; no             ; no              ; no       ; Off          ; 2.5 V        ; Off         ; --                        ; Fitter               ; no        ;
; RLOout[28]  ; Unassigned ; --       ; 0                     ; 0                  ; no     ; no             ; no              ; no       ; Off          ; 2.5 V        ; Off         ; --                        ; Fitter               ; no        ;
; RLOout[29]  ; Unassigned ; --       ; 0                     ; 0                  ; no     ; no             ; no              ; no       ; Off          ; 2.5 V        ; Off         ; --                        ; Fitter               ; no        ;
; RLOout[2]   ; Unassigned ; --       ; 0                     ; 0                  ; no     ; no             ; no              ; no       ; Off          ; 2.5 V        ; Off         ; --                        ; Fitter               ; no        ;
; RLOout[30]  ; Unassigned ; --       ; 0                     ; 0                  ; no     ; no             ; no              ; no       ; Off          ; 2.5 V        ; Off         ; --                        ; Fitter               ; no        ;
; RLOout[31]  ; Unassigned ; --       ; 0                     ; 0                  ; no     ; no             ; no              ; no       ; Off          ; 2.5 V        ; Off         ; --                        ; Fitter               ; no        ;
; RLOout[3]   ; Unassigned ; --       ; 0                     ; 0                  ; no     ; no             ; no              ; no       ; Off          ; 2.5 V        ; Off         ; --                        ; Fitter               ; no        ;
; RLOout[4]   ; Unassigned ; --       ; 0                     ; 0                  ; no     ; no             ; no              ; no       ; Off          ; 2.5 V        ; Off         ; --                        ; Fitter               ; no        ;
; RLOout[5]   ; Unassigned ; --       ; 0                     ; 0                  ; no     ; no             ; no              ; no       ; Off          ; 2.5 V        ; Off         ; --                        ; Fitter               ; no        ;
; RLOout[6]   ; Unassigned ; --       ; 0                     ; 0                  ; no     ; no             ; no              ; no       ; Off          ; 2.5 V        ; Off         ; --                        ; Fitter               ; no        ;
; RLOout[7]   ; Unassigned ; --       ; 0                     ; 0                  ; no     ; no             ; no              ; no       ; Off          ; 2.5 V        ; Off         ; --                        ; Fitter               ; no        ;
; RLOout[8]   ; Unassigned ; --       ; 0                     ; 0                  ; no     ; no             ; no              ; no       ; Off          ; 2.5 V        ; Off         ; --                        ; Fitter               ; no        ;
; RLOout[9]   ; Unassigned ; --       ; 0                     ; 0                  ; no     ; no             ; no              ; no       ; Off          ; 2.5 V        ; Off         ; --                        ; Fitter               ; no        ;
; RMARin      ; Unassigned ; --       ; 0                     ; 0                  ; no     ; no             ; no              ; no       ; Off          ; 2.5 V        ; Off         ; --                        ; Fitter               ; no        ;
; RMARout[0]  ; Unassigned ; --       ; 0                     ; 0                  ; no     ; no             ; no              ; no       ; Off          ; 2.5 V        ; Off         ; --                        ; Fitter               ; no        ;
; RMARout[10] ; Unassigned ; --       ; 0                     ; 0                  ; no     ; no             ; no              ; no       ; Off          ; 2.5 V        ; Off         ; --                        ; Fitter               ; no        ;
; RMARout[11] ; Unassigned ; --       ; 0                     ; 0                  ; no     ; no             ; no              ; no       ; Off          ; 2.5 V        ; Off         ; --                        ; Fitter               ; no        ;
; RMARout[12] ; Unassigned ; --       ; 0                     ; 0                  ; no     ; no             ; no              ; no       ; Off          ; 2.5 V        ; Off         ; --                        ; Fitter               ; no        ;
; RMARout[13] ; Unassigned ; --       ; 0                     ; 0                  ; no     ; no             ; no              ; no       ; Off          ; 2.5 V        ; Off         ; --                        ; Fitter               ; no        ;
; RMARout[14] ; Unassigned ; --       ; 0                     ; 0                  ; no     ; no             ; no              ; no       ; Off          ; 2.5 V        ; Off         ; --                        ; Fitter               ; no        ;
; RMARout[15] ; Unassigned ; --       ; 0                     ; 0                  ; no     ; no             ; no              ; no       ; Off          ; 2.5 V        ; Off         ; --                        ; Fitter               ; no        ;
; RMARout[16] ; Unassigned ; --       ; 0                     ; 0                  ; no     ; no             ; no              ; no       ; Off          ; 2.5 V        ; Off         ; --                        ; Fitter               ; no        ;
; RMARout[17] ; Unassigned ; --       ; 0                     ; 0                  ; no     ; no             ; no              ; no       ; Off          ; 2.5 V        ; Off         ; --                        ; Fitter               ; no        ;
; RMARout[18] ; Unassigned ; --       ; 0                     ; 0                  ; no     ; no             ; no              ; no       ; Off          ; 2.5 V        ; Off         ; --                        ; Fitter               ; no        ;
; RMARout[19] ; Unassigned ; --       ; 0                     ; 0                  ; no     ; no             ; no              ; no       ; Off          ; 2.5 V        ; Off         ; --                        ; Fitter               ; no        ;
; RMARout[1]  ; Unassigned ; --       ; 0                     ; 0                  ; no     ; no             ; no              ; no       ; Off          ; 2.5 V        ; Off         ; --                        ; Fitter               ; no        ;
; RMARout[20] ; Unassigned ; --       ; 0                     ; 0                  ; no     ; no             ; no              ; no       ; Off          ; 2.5 V        ; Off         ; --                        ; Fitter               ; no        ;
; RMARout[21] ; Unassigned ; --       ; 0                     ; 0                  ; no     ; no             ; no              ; no       ; Off          ; 2.5 V        ; Off         ; --                        ; Fitter               ; no        ;
; RMARout[22] ; Unassigned ; --       ; 0                     ; 0                  ; no     ; no             ; no              ; no       ; Off          ; 2.5 V        ; Off         ; --                        ; Fitter               ; no        ;
; RMARout[23] ; Unassigned ; --       ; 0                     ; 0                  ; no     ; no             ; no              ; no       ; Off          ; 2.5 V        ; Off         ; --                        ; Fitter               ; no        ;
; RMARout[24] ; Unassigned ; --       ; 0                     ; 0                  ; no     ; no             ; no              ; no       ; Off          ; 2.5 V        ; Off         ; --                        ; Fitter               ; no        ;
; RMARout[25] ; Unassigned ; --       ; 0                     ; 0                  ; no     ; no             ; no              ; no       ; Off          ; 2.5 V        ; Off         ; --                        ; Fitter               ; no        ;
; RMARout[26] ; Unassigned ; --       ; 0                     ; 0                  ; no     ; no             ; no              ; no       ; Off          ; 2.5 V        ; Off         ; --                        ; Fitter               ; no        ;
; RMARout[27] ; Unassigned ; --       ; 0                     ; 0                  ; no     ; no             ; no              ; no       ; Off          ; 2.5 V        ; Off         ; --                        ; Fitter               ; no        ;
; RMARout[28] ; Unassigned ; --       ; 0                     ; 0                  ; no     ; no             ; no              ; no       ; Off          ; 2.5 V        ; Off         ; --                        ; Fitter               ; no        ;
; RMARout[29] ; Unassigned ; --       ; 0                     ; 0                  ; no     ; no             ; no              ; no       ; Off          ; 2.5 V        ; Off         ; --                        ; Fitter               ; no        ;
; RMARout[2]  ; Unassigned ; --       ; 0                     ; 0                  ; no     ; no             ; no              ; no       ; Off          ; 2.5 V        ; Off         ; --                        ; Fitter               ; no        ;
; RMARout[30] ; Unassigned ; --       ; 0                     ; 0                  ; no     ; no             ; no              ; no       ; Off          ; 2.5 V        ; Off         ; --                        ; Fitter               ; no        ;
; RMARout[31] ; Unassigned ; --       ; 0                     ; 0                  ; no     ; no             ; no              ; no       ; Off          ; 2.5 V        ; Off         ; --                        ; Fitter               ; no        ;
; RMARout[3]  ; Unassigned ; --       ; 0                     ; 0                  ; no     ; no             ; no              ; no       ; Off          ; 2.5 V        ; Off         ; --                        ; Fitter               ; no        ;
; RMARout[4]  ; Unassigned ; --       ; 0                     ; 0                  ; no     ; no             ; no              ; no       ; Off          ; 2.5 V        ; Off         ; --                        ; Fitter               ; no        ;
; RMARout[5]  ; Unassigned ; --       ; 0                     ; 0                  ; no     ; no             ; no              ; no       ; Off          ; 2.5 V        ; Off         ; --                        ; Fitter               ; no        ;
; RMARout[6]  ; Unassigned ; --       ; 0                     ; 0                  ; no     ; no             ; no              ; no       ; Off          ; 2.5 V        ; Off         ; --                        ; Fitter               ; no        ;
; RMARout[7]  ; Unassigned ; --       ; 0                     ; 0                  ; no     ; no             ; no              ; no       ; Off          ; 2.5 V        ; Off         ; --                        ; Fitter               ; no        ;
; RMARout[8]  ; Unassigned ; --       ; 0                     ; 0                  ; no     ; no             ; no              ; no       ; Off          ; 2.5 V        ; Off         ; --                        ; Fitter               ; no        ;
; RMARout[9]  ; Unassigned ; --       ; 0                     ; 0                  ; no     ; no             ; no              ; no       ; Off          ; 2.5 V        ; Off         ; --                        ; Fitter               ; no        ;
; RPCin       ; Unassigned ; --       ; 0                     ; 0                  ; no     ; no             ; no              ; no       ; Off          ; 2.5 V        ; Off         ; --                        ; Fitter               ; no        ;
; RPCout[0]   ; Unassigned ; --       ; 0                     ; 0                  ; no     ; no             ; no              ; no       ; Off          ; 2.5 V        ; Off         ; --                        ; Fitter               ; no        ;
; RPCout[10]  ; Unassigned ; --       ; 0                     ; 0                  ; no     ; no             ; no              ; no       ; Off          ; 2.5 V        ; Off         ; --                        ; Fitter               ; no        ;
; RPCout[11]  ; Unassigned ; --       ; 0                     ; 0                  ; no     ; no             ; no              ; no       ; Off          ; 2.5 V        ; Off         ; --                        ; Fitter               ; no        ;
; RPCout[12]  ; Unassigned ; --       ; 0                     ; 0                  ; no     ; no             ; no              ; no       ; Off          ; 2.5 V        ; Off         ; --                        ; Fitter               ; no        ;
; RPCout[13]  ; Unassigned ; --       ; 0                     ; 0                  ; no     ; no             ; no              ; no       ; Off          ; 2.5 V        ; Off         ; --                        ; Fitter               ; no        ;
; RPCout[14]  ; Unassigned ; --       ; 0                     ; 0                  ; no     ; no             ; no              ; no       ; Off          ; 2.5 V        ; Off         ; --                        ; Fitter               ; no        ;
; RPCout[15]  ; Unassigned ; --       ; 0                     ; 0                  ; no     ; no             ; no              ; no       ; Off          ; 2.5 V        ; Off         ; --                        ; Fitter               ; no        ;
; RPCout[16]  ; Unassigned ; --       ; 0                     ; 0                  ; no     ; no             ; no              ; no       ; Off          ; 2.5 V        ; Off         ; --                        ; Fitter               ; no        ;
; RPCout[17]  ; Unassigned ; --       ; 0                     ; 0                  ; no     ; no             ; no              ; no       ; Off          ; 2.5 V        ; Off         ; --                        ; Fitter               ; no        ;
; RPCout[18]  ; Unassigned ; --       ; 0                     ; 0                  ; no     ; no             ; no              ; no       ; Off          ; 2.5 V        ; Off         ; --                        ; Fitter               ; no        ;
; RPCout[19]  ; Unassigned ; --       ; 0                     ; 0                  ; no     ; no             ; no              ; no       ; Off          ; 2.5 V        ; Off         ; --                        ; Fitter               ; no        ;
; RPCout[1]   ; Unassigned ; --       ; 0                     ; 0                  ; no     ; no             ; no              ; no       ; Off          ; 2.5 V        ; Off         ; --                        ; Fitter               ; no        ;
; RPCout[20]  ; Unassigned ; --       ; 0                     ; 0                  ; no     ; no             ; no              ; no       ; Off          ; 2.5 V        ; Off         ; --                        ; Fitter               ; no        ;
; RPCout[21]  ; Unassigned ; --       ; 0                     ; 0                  ; no     ; no             ; no              ; no       ; Off          ; 2.5 V        ; Off         ; --                        ; Fitter               ; no        ;
; RPCout[22]  ; Unassigned ; --       ; 0                     ; 0                  ; no     ; no             ; no              ; no       ; Off          ; 2.5 V        ; Off         ; --                        ; Fitter               ; no        ;
; RPCout[23]  ; Unassigned ; --       ; 0                     ; 0                  ; no     ; no             ; no              ; no       ; Off          ; 2.5 V        ; Off         ; --                        ; Fitter               ; no        ;
; RPCout[24]  ; Unassigned ; --       ; 0                     ; 0                  ; no     ; no             ; no              ; no       ; Off          ; 2.5 V        ; Off         ; --                        ; Fitter               ; no        ;
; RPCout[25]  ; Unassigned ; --       ; 0                     ; 0                  ; no     ; no             ; no              ; no       ; Off          ; 2.5 V        ; Off         ; --                        ; Fitter               ; no        ;
; RPCout[26]  ; Unassigned ; --       ; 0                     ; 0                  ; no     ; no             ; no              ; no       ; Off          ; 2.5 V        ; Off         ; --                        ; Fitter               ; no        ;
; RPCout[27]  ; Unassigned ; --       ; 0                     ; 0                  ; no     ; no             ; no              ; no       ; Off          ; 2.5 V        ; Off         ; --                        ; Fitter               ; no        ;
; RPCout[28]  ; Unassigned ; --       ; 0                     ; 0                  ; no     ; no             ; no              ; no       ; Off          ; 2.5 V        ; Off         ; --                        ; Fitter               ; no        ;
; RPCout[29]  ; Unassigned ; --       ; 0                     ; 0                  ; no     ; no             ; no              ; no       ; Off          ; 2.5 V        ; Off         ; --                        ; Fitter               ; no        ;
; RPCout[2]   ; Unassigned ; --       ; 0                     ; 0                  ; no     ; no             ; no              ; no       ; Off          ; 2.5 V        ; Off         ; --                        ; Fitter               ; no        ;
; RPCout[30]  ; Unassigned ; --       ; 0                     ; 0                  ; no     ; no             ; no              ; no       ; Off          ; 2.5 V        ; Off         ; --                        ; Fitter               ; no        ;
; RPCout[31]  ; Unassigned ; --       ; 0                     ; 0                  ; no     ; no             ; no              ; no       ; Off          ; 2.5 V        ; Off         ; --                        ; Fitter               ; no        ;
; RPCout[3]   ; Unassigned ; --       ; 0                     ; 0                  ; no     ; no             ; no              ; no       ; Off          ; 2.5 V        ; Off         ; --                        ; Fitter               ; no        ;
; RPCout[4]   ; Unassigned ; --       ; 0                     ; 0                  ; no     ; no             ; no              ; no       ; Off          ; 2.5 V        ; Off         ; --                        ; Fitter               ; no        ;
; RPCout[5]   ; Unassigned ; --       ; 0                     ; 0                  ; no     ; no             ; no              ; no       ; Off          ; 2.5 V        ; Off         ; --                        ; Fitter               ; no        ;
; RPCout[6]   ; Unassigned ; --       ; 0                     ; 0                  ; no     ; no             ; no              ; no       ; Off          ; 2.5 V        ; Off         ; --                        ; Fitter               ; no        ;
; RPCout[7]   ; Unassigned ; --       ; 0                     ; 0                  ; no     ; no             ; no              ; no       ; Off          ; 2.5 V        ; Off         ; --                        ; Fitter               ; no        ;
; RPCout[8]   ; Unassigned ; --       ; 0                     ; 0                  ; no     ; no             ; no              ; no       ; Off          ; 2.5 V        ; Off         ; --                        ; Fitter               ; no        ;
; RPCout[9]   ; Unassigned ; --       ; 0                     ; 0                  ; no     ; no             ; no              ; no       ; Off          ; 2.5 V        ; Off         ; --                        ; Fitter               ; no        ;
; RYin        ; Unassigned ; --       ; 0                     ; 0                  ; no     ; no             ; no              ; no       ; Off          ; 2.5 V        ; Off         ; --                        ; Fitter               ; no        ;
; RYout[0]    ; Unassigned ; --       ; 0                     ; 0                  ; no     ; no             ; no              ; no       ; Off          ; 2.5 V        ; Off         ; --                        ; Fitter               ; no        ;
; RYout[10]   ; Unassigned ; --       ; 0                     ; 0                  ; no     ; no             ; no              ; no       ; Off          ; 2.5 V        ; Off         ; --                        ; Fitter               ; no        ;
; RYout[11]   ; Unassigned ; --       ; 0                     ; 0                  ; no     ; no             ; no              ; no       ; Off          ; 2.5 V        ; Off         ; --                        ; Fitter               ; no        ;
; RYout[12]   ; Unassigned ; --       ; 0                     ; 0                  ; no     ; no             ; no              ; no       ; Off          ; 2.5 V        ; Off         ; --                        ; Fitter               ; no        ;
; RYout[13]   ; Unassigned ; --       ; 0                     ; 0                  ; no     ; no             ; no              ; no       ; Off          ; 2.5 V        ; Off         ; --                        ; Fitter               ; no        ;
; RYout[14]   ; Unassigned ; --       ; 0                     ; 0                  ; no     ; no             ; no              ; no       ; Off          ; 2.5 V        ; Off         ; --                        ; Fitter               ; no        ;
; RYout[15]   ; Unassigned ; --       ; 0                     ; 0                  ; no     ; no             ; no              ; no       ; Off          ; 2.5 V        ; Off         ; --                        ; Fitter               ; no        ;
; RYout[16]   ; Unassigned ; --       ; 0                     ; 0                  ; no     ; no             ; no              ; no       ; Off          ; 2.5 V        ; Off         ; --                        ; Fitter               ; no        ;
; RYout[17]   ; Unassigned ; --       ; 0                     ; 0                  ; no     ; no             ; no              ; no       ; Off          ; 2.5 V        ; Off         ; --                        ; Fitter               ; no        ;
; RYout[18]   ; Unassigned ; --       ; 0                     ; 0                  ; no     ; no             ; no              ; no       ; Off          ; 2.5 V        ; Off         ; --                        ; Fitter               ; no        ;
; RYout[19]   ; Unassigned ; --       ; 0                     ; 0                  ; no     ; no             ; no              ; no       ; Off          ; 2.5 V        ; Off         ; --                        ; Fitter               ; no        ;
; RYout[1]    ; Unassigned ; --       ; 0                     ; 0                  ; no     ; no             ; no              ; no       ; Off          ; 2.5 V        ; Off         ; --                        ; Fitter               ; no        ;
; RYout[20]   ; Unassigned ; --       ; 0                     ; 0                  ; no     ; no             ; no              ; no       ; Off          ; 2.5 V        ; Off         ; --                        ; Fitter               ; no        ;
; RYout[21]   ; Unassigned ; --       ; 0                     ; 0                  ; no     ; no             ; no              ; no       ; Off          ; 2.5 V        ; Off         ; --                        ; Fitter               ; no        ;
; RYout[22]   ; Unassigned ; --       ; 0                     ; 0                  ; no     ; no             ; no              ; no       ; Off          ; 2.5 V        ; Off         ; --                        ; Fitter               ; no        ;
; RYout[23]   ; Unassigned ; --       ; 0                     ; 0                  ; no     ; no             ; no              ; no       ; Off          ; 2.5 V        ; Off         ; --                        ; Fitter               ; no        ;
; RYout[24]   ; Unassigned ; --       ; 0                     ; 0                  ; no     ; no             ; no              ; no       ; Off          ; 2.5 V        ; Off         ; --                        ; Fitter               ; no        ;
; RYout[25]   ; Unassigned ; --       ; 0                     ; 0                  ; no     ; no             ; no              ; no       ; Off          ; 2.5 V        ; Off         ; --                        ; Fitter               ; no        ;
; RYout[26]   ; Unassigned ; --       ; 0                     ; 0                  ; no     ; no             ; no              ; no       ; Off          ; 2.5 V        ; Off         ; --                        ; Fitter               ; no        ;
; RYout[27]   ; Unassigned ; --       ; 0                     ; 0                  ; no     ; no             ; no              ; no       ; Off          ; 2.5 V        ; Off         ; --                        ; Fitter               ; no        ;
; RYout[28]   ; Unassigned ; --       ; 0                     ; 0                  ; no     ; no             ; no              ; no       ; Off          ; 2.5 V        ; Off         ; --                        ; Fitter               ; no        ;
; RYout[29]   ; Unassigned ; --       ; 0                     ; 0                  ; no     ; no             ; no              ; no       ; Off          ; 2.5 V        ; Off         ; --                        ; Fitter               ; no        ;
; RYout[2]    ; Unassigned ; --       ; 0                     ; 0                  ; no     ; no             ; no              ; no       ; Off          ; 2.5 V        ; Off         ; --                        ; Fitter               ; no        ;
; RYout[30]   ; Unassigned ; --       ; 0                     ; 0                  ; no     ; no             ; no              ; no       ; Off          ; 2.5 V        ; Off         ; --                        ; Fitter               ; no        ;
; RYout[31]   ; Unassigned ; --       ; 0                     ; 0                  ; no     ; no             ; no              ; no       ; Off          ; 2.5 V        ; Off         ; --                        ; Fitter               ; no        ;
; RYout[3]    ; Unassigned ; --       ; 0                     ; 0                  ; no     ; no             ; no              ; no       ; Off          ; 2.5 V        ; Off         ; --                        ; Fitter               ; no        ;
; RYout[4]    ; Unassigned ; --       ; 0                     ; 0                  ; no     ; no             ; no              ; no       ; Off          ; 2.5 V        ; Off         ; --                        ; Fitter               ; no        ;
; RYout[5]    ; Unassigned ; --       ; 0                     ; 0                  ; no     ; no             ; no              ; no       ; Off          ; 2.5 V        ; Off         ; --                        ; Fitter               ; no        ;
; RYout[6]    ; Unassigned ; --       ; 0                     ; 0                  ; no     ; no             ; no              ; no       ; Off          ; 2.5 V        ; Off         ; --                        ; Fitter               ; no        ;
; RYout[7]    ; Unassigned ; --       ; 0                     ; 0                  ; no     ; no             ; no              ; no       ; Off          ; 2.5 V        ; Off         ; --                        ; Fitter               ; no        ;
; RYout[8]    ; Unassigned ; --       ; 0                     ; 0                  ; no     ; no             ; no              ; no       ; Off          ; 2.5 V        ; Off         ; --                        ; Fitter               ; no        ;
; RYout[9]    ; Unassigned ; --       ; 0                     ; 0                  ; no     ; no             ; no              ; no       ; Off          ; 2.5 V        ; Off         ; --                        ; Fitter               ; no        ;
; RZin        ; Unassigned ; --       ; 0                     ; 0                  ; no     ; no             ; no              ; no       ; Off          ; 2.5 V        ; Off         ; --                        ; Fitter               ; no        ;
; RZout[0]    ; Unassigned ; --       ; 0                     ; 0                  ; no     ; no             ; no              ; no       ; Off          ; 2.5 V        ; Off         ; --                        ; Fitter               ; no        ;
; RZout[10]   ; Unassigned ; --       ; 0                     ; 0                  ; no     ; no             ; no              ; no       ; Off          ; 2.5 V        ; Off         ; --                        ; Fitter               ; no        ;
; RZout[11]   ; Unassigned ; --       ; 0                     ; 0                  ; no     ; no             ; no              ; no       ; Off          ; 2.5 V        ; Off         ; --                        ; Fitter               ; no        ;
; RZout[12]   ; Unassigned ; --       ; 0                     ; 0                  ; no     ; no             ; no              ; no       ; Off          ; 2.5 V        ; Off         ; --                        ; Fitter               ; no        ;
; RZout[13]   ; Unassigned ; --       ; 0                     ; 0                  ; no     ; no             ; no              ; no       ; Off          ; 2.5 V        ; Off         ; --                        ; Fitter               ; no        ;
; RZout[14]   ; Unassigned ; --       ; 0                     ; 0                  ; no     ; no             ; no              ; no       ; Off          ; 2.5 V        ; Off         ; --                        ; Fitter               ; no        ;
; RZout[15]   ; Unassigned ; --       ; 0                     ; 0                  ; no     ; no             ; no              ; no       ; Off          ; 2.5 V        ; Off         ; --                        ; Fitter               ; no        ;
; RZout[16]   ; Unassigned ; --       ; 0                     ; 0                  ; no     ; no             ; no              ; no       ; Off          ; 2.5 V        ; Off         ; --                        ; Fitter               ; no        ;
; RZout[17]   ; Unassigned ; --       ; 0                     ; 0                  ; no     ; no             ; no              ; no       ; Off          ; 2.5 V        ; Off         ; --                        ; Fitter               ; no        ;
; RZout[18]   ; Unassigned ; --       ; 0                     ; 0                  ; no     ; no             ; no              ; no       ; Off          ; 2.5 V        ; Off         ; --                        ; Fitter               ; no        ;
; RZout[19]   ; Unassigned ; --       ; 0                     ; 0                  ; no     ; no             ; no              ; no       ; Off          ; 2.5 V        ; Off         ; --                        ; Fitter               ; no        ;
; RZout[1]    ; Unassigned ; --       ; 0                     ; 0                  ; no     ; no             ; no              ; no       ; Off          ; 2.5 V        ; Off         ; --                        ; Fitter               ; no        ;
; RZout[20]   ; Unassigned ; --       ; 0                     ; 0                  ; no     ; no             ; no              ; no       ; Off          ; 2.5 V        ; Off         ; --                        ; Fitter               ; no        ;
; RZout[21]   ; Unassigned ; --       ; 0                     ; 0                  ; no     ; no             ; no              ; no       ; Off          ; 2.5 V        ; Off         ; --                        ; Fitter               ; no        ;
; RZout[22]   ; Unassigned ; --       ; 0                     ; 0                  ; no     ; no             ; no              ; no       ; Off          ; 2.5 V        ; Off         ; --                        ; Fitter               ; no        ;
; RZout[23]   ; Unassigned ; --       ; 0                     ; 0                  ; no     ; no             ; no              ; no       ; Off          ; 2.5 V        ; Off         ; --                        ; Fitter               ; no        ;
; RZout[24]   ; Unassigned ; --       ; 0                     ; 0                  ; no     ; no             ; no              ; no       ; Off          ; 2.5 V        ; Off         ; --                        ; Fitter               ; no        ;
; RZout[25]   ; Unassigned ; --       ; 0                     ; 0                  ; no     ; no             ; no              ; no       ; Off          ; 2.5 V        ; Off         ; --                        ; Fitter               ; no        ;
; RZout[26]   ; Unassigned ; --       ; 0                     ; 0                  ; no     ; no             ; no              ; no       ; Off          ; 2.5 V        ; Off         ; --                        ; Fitter               ; no        ;
; RZout[27]   ; Unassigned ; --       ; 0                     ; 0                  ; no     ; no             ; no              ; no       ; Off          ; 2.5 V        ; Off         ; --                        ; Fitter               ; no        ;
; RZout[28]   ; Unassigned ; --       ; 0                     ; 0                  ; no     ; no             ; no              ; no       ; Off          ; 2.5 V        ; Off         ; --                        ; Fitter               ; no        ;
; RZout[29]   ; Unassigned ; --       ; 0                     ; 0                  ; no     ; no             ; no              ; no       ; Off          ; 2.5 V        ; Off         ; --                        ; Fitter               ; no        ;
; RZout[2]    ; Unassigned ; --       ; 0                     ; 0                  ; no     ; no             ; no              ; no       ; Off          ; 2.5 V        ; Off         ; --                        ; Fitter               ; no        ;
; RZout[30]   ; Unassigned ; --       ; 0                     ; 0                  ; no     ; no             ; no              ; no       ; Off          ; 2.5 V        ; Off         ; --                        ; Fitter               ; no        ;
; RZout[31]   ; Unassigned ; --       ; 0                     ; 0                  ; no     ; no             ; no              ; no       ; Off          ; 2.5 V        ; Off         ; --                        ; Fitter               ; no        ;
; RZout[3]    ; Unassigned ; --       ; 0                     ; 0                  ; no     ; no             ; no              ; no       ; Off          ; 2.5 V        ; Off         ; --                        ; Fitter               ; no        ;
; RZout[4]    ; Unassigned ; --       ; 0                     ; 0                  ; no     ; no             ; no              ; no       ; Off          ; 2.5 V        ; Off         ; --                        ; Fitter               ; no        ;
; RZout[5]    ; Unassigned ; --       ; 0                     ; 0                  ; no     ; no             ; no              ; no       ; Off          ; 2.5 V        ; Off         ; --                        ; Fitter               ; no        ;
; RZout[6]    ; Unassigned ; --       ; 0                     ; 0                  ; no     ; no             ; no              ; no       ; Off          ; 2.5 V        ; Off         ; --                        ; Fitter               ; no        ;
; RZout[7]    ; Unassigned ; --       ; 0                     ; 0                  ; no     ; no             ; no              ; no       ; Off          ; 2.5 V        ; Off         ; --                        ; Fitter               ; no        ;
; RZout[8]    ; Unassigned ; --       ; 0                     ; 0                  ; no     ; no             ; no              ; no       ; Off          ; 2.5 V        ; Off         ; --                        ; Fitter               ; no        ;
; RZout[9]    ; Unassigned ; --       ; 0                     ; 0                  ; no     ; no             ; no              ; no       ; Off          ; 2.5 V        ; Off         ; --                        ; Fitter               ; no        ;
; clear[0]    ; Unassigned ; --       ; 0                     ; 0                  ; no     ; no             ; no              ; no       ; Off          ; 2.5 V        ; Off         ; --                        ; Fitter               ; no        ;
; clear[10]   ; Unassigned ; --       ; 0                     ; 0                  ; no     ; no             ; no              ; no       ; Off          ; 2.5 V        ; Off         ; --                        ; Fitter               ; no        ;
; clear[11]   ; Unassigned ; --       ; 0                     ; 0                  ; no     ; no             ; no              ; no       ; Off          ; 2.5 V        ; Off         ; --                        ; Fitter               ; no        ;
; clear[12]   ; Unassigned ; --       ; 0                     ; 0                  ; no     ; no             ; no              ; no       ; Off          ; 2.5 V        ; Off         ; --                        ; Fitter               ; no        ;
; clear[13]   ; Unassigned ; --       ; 0                     ; 0                  ; no     ; no             ; no              ; no       ; Off          ; 2.5 V        ; Off         ; --                        ; Fitter               ; no        ;
; clear[14]   ; Unassigned ; --       ; 0                     ; 0                  ; no     ; no             ; no              ; no       ; Off          ; 2.5 V        ; Off         ; --                        ; Fitter               ; no        ;
; clear[15]   ; Unassigned ; --       ; 0                     ; 0                  ; no     ; no             ; no              ; no       ; Off          ; 2.5 V        ; Off         ; --                        ; Fitter               ; no        ;
; clear[16]   ; Unassigned ; --       ; 0                     ; 0                  ; no     ; no             ; no              ; no       ; Off          ; 2.5 V        ; Off         ; --                        ; Fitter               ; no        ;
; clear[17]   ; Unassigned ; --       ; 0                     ; 0                  ; no     ; no             ; no              ; no       ; Off          ; 2.5 V        ; Off         ; --                        ; Fitter               ; no        ;
; clear[18]   ; Unassigned ; --       ; 0                     ; 0                  ; no     ; no             ; no              ; no       ; Off          ; 2.5 V        ; Off         ; --                        ; Fitter               ; no        ;
; clear[19]   ; Unassigned ; --       ; 0                     ; 0                  ; no     ; no             ; no              ; no       ; Off          ; 2.5 V        ; Off         ; --                        ; Fitter               ; no        ;
; clear[1]    ; Unassigned ; --       ; 0                     ; 0                  ; no     ; no             ; no              ; no       ; Off          ; 2.5 V        ; Off         ; --                        ; Fitter               ; no        ;
; clear[20]   ; Unassigned ; --       ; 0                     ; 0                  ; no     ; no             ; no              ; no       ; Off          ; 2.5 V        ; Off         ; --                        ; Fitter               ; no        ;
; clear[21]   ; Unassigned ; --       ; 0                     ; 0                  ; no     ; no             ; no              ; no       ; Off          ; 2.5 V        ; Off         ; --                        ; Fitter               ; no        ;
; clear[22]   ; Unassigned ; --       ; 0                     ; 0                  ; no     ; no             ; no              ; no       ; Off          ; 2.5 V        ; Off         ; --                        ; Fitter               ; no        ;
; clear[23]   ; Unassigned ; --       ; 0                     ; 0                  ; no     ; no             ; no              ; no       ; Off          ; 2.5 V        ; Off         ; --                        ; Fitter               ; no        ;
; clear[24]   ; Unassigned ; --       ; 0                     ; 0                  ; no     ; no             ; no              ; no       ; Off          ; 2.5 V        ; Off         ; --                        ; Fitter               ; no        ;
; clear[25]   ; Unassigned ; --       ; 0                     ; 0                  ; no     ; no             ; no              ; no       ; Off          ; 2.5 V        ; Off         ; --                        ; Fitter               ; no        ;
; clear[26]   ; Unassigned ; --       ; 0                     ; 0                  ; no     ; no             ; no              ; no       ; Off          ; 2.5 V        ; Off         ; --                        ; Fitter               ; no        ;
; clear[27]   ; Unassigned ; --       ; 0                     ; 0                  ; no     ; no             ; no              ; no       ; Off          ; 2.5 V        ; Off         ; --                        ; Fitter               ; no        ;
; clear[28]   ; Unassigned ; --       ; 0                     ; 0                  ; no     ; no             ; no              ; no       ; Off          ; 2.5 V        ; Off         ; --                        ; Fitter               ; no        ;
; clear[29]   ; Unassigned ; --       ; 0                     ; 0                  ; no     ; no             ; no              ; no       ; Off          ; 2.5 V        ; Off         ; --                        ; Fitter               ; no        ;
; clear[2]    ; Unassigned ; --       ; 0                     ; 0                  ; no     ; no             ; no              ; no       ; Off          ; 2.5 V        ; Off         ; --                        ; Fitter               ; no        ;
; clear[30]   ; Unassigned ; --       ; 0                     ; 0                  ; no     ; no             ; no              ; no       ; Off          ; 2.5 V        ; Off         ; --                        ; Fitter               ; no        ;
; clear[31]   ; Unassigned ; --       ; 0                     ; 0                  ; no     ; no             ; no              ; no       ; Off          ; 2.5 V        ; Off         ; --                        ; Fitter               ; no        ;
; clear[3]    ; Unassigned ; --       ; 0                     ; 0                  ; no     ; no             ; no              ; no       ; Off          ; 2.5 V        ; Off         ; --                        ; Fitter               ; no        ;
; clear[4]    ; Unassigned ; --       ; 0                     ; 0                  ; no     ; no             ; no              ; no       ; Off          ; 2.5 V        ; Off         ; --                        ; Fitter               ; no        ;
; clear[5]    ; Unassigned ; --       ; 0                     ; 0                  ; no     ; no             ; no              ; no       ; Off          ; 2.5 V        ; Off         ; --                        ; Fitter               ; no        ;
; clear[6]    ; Unassigned ; --       ; 0                     ; 0                  ; no     ; no             ; no              ; no       ; Off          ; 2.5 V        ; Off         ; --                        ; Fitter               ; no        ;
; clear[7]    ; Unassigned ; --       ; 0                     ; 0                  ; no     ; no             ; no              ; no       ; Off          ; 2.5 V        ; Off         ; --                        ; Fitter               ; no        ;
; clear[8]    ; Unassigned ; --       ; 0                     ; 0                  ; no     ; no             ; no              ; no       ; Off          ; 2.5 V        ; Off         ; --                        ; Fitter               ; no        ;
; clear[9]    ; Unassigned ; --       ; 0                     ; 0                  ; no     ; no             ; no              ; no       ; Off          ; 2.5 V        ; Off         ; --                        ; Fitter               ; no        ;
; clock[0]    ; Unassigned ; --       ; 0                     ; 0                  ; no     ; no             ; no              ; no       ; Off          ; 2.5 V        ; Off         ; --                        ; Fitter               ; no        ;
; clock[10]   ; Unassigned ; --       ; 0                     ; 0                  ; no     ; no             ; no              ; no       ; Off          ; 2.5 V        ; Off         ; --                        ; Fitter               ; no        ;
; clock[11]   ; Unassigned ; --       ; 0                     ; 0                  ; no     ; no             ; no              ; no       ; Off          ; 2.5 V        ; Off         ; --                        ; Fitter               ; no        ;
; clock[12]   ; Unassigned ; --       ; 0                     ; 0                  ; no     ; no             ; no              ; no       ; Off          ; 2.5 V        ; Off         ; --                        ; Fitter               ; no        ;
; clock[13]   ; Unassigned ; --       ; 0                     ; 0                  ; no     ; no             ; no              ; no       ; Off          ; 2.5 V        ; Off         ; --                        ; Fitter               ; no        ;
; clock[14]   ; Unassigned ; --       ; 0                     ; 0                  ; no     ; no             ; no              ; no       ; Off          ; 2.5 V        ; Off         ; --                        ; Fitter               ; no        ;
; clock[15]   ; Unassigned ; --       ; 0                     ; 0                  ; no     ; no             ; no              ; no       ; Off          ; 2.5 V        ; Off         ; --                        ; Fitter               ; no        ;
; clock[16]   ; Unassigned ; --       ; 0                     ; 0                  ; no     ; no             ; no              ; no       ; Off          ; 2.5 V        ; Off         ; --                        ; Fitter               ; no        ;
; clock[17]   ; Unassigned ; --       ; 0                     ; 0                  ; no     ; no             ; no              ; no       ; Off          ; 2.5 V        ; Off         ; --                        ; Fitter               ; no        ;
; clock[18]   ; Unassigned ; --       ; 0                     ; 0                  ; no     ; no             ; no              ; no       ; Off          ; 2.5 V        ; Off         ; --                        ; Fitter               ; no        ;
; clock[19]   ; Unassigned ; --       ; 0                     ; 0                  ; no     ; no             ; no              ; no       ; Off          ; 2.5 V        ; Off         ; --                        ; Fitter               ; no        ;
; clock[1]    ; Unassigned ; --       ; 0                     ; 0                  ; no     ; no             ; no              ; no       ; Off          ; 2.5 V        ; Off         ; --                        ; Fitter               ; no        ;
; clock[20]   ; Unassigned ; --       ; 0                     ; 0                  ; no     ; no             ; no              ; no       ; Off          ; 2.5 V        ; Off         ; --                        ; Fitter               ; no        ;
; clock[21]   ; Unassigned ; --       ; 0                     ; 0                  ; no     ; no             ; no              ; no       ; Off          ; 2.5 V        ; Off         ; --                        ; Fitter               ; no        ;
; clock[22]   ; Unassigned ; --       ; 0                     ; 0                  ; no     ; no             ; no              ; no       ; Off          ; 2.5 V        ; Off         ; --                        ; Fitter               ; no        ;
; clock[23]   ; Unassigned ; --       ; 0                     ; 0                  ; no     ; no             ; no              ; no       ; Off          ; 2.5 V        ; Off         ; --                        ; Fitter               ; no        ;
; clock[24]   ; Unassigned ; --       ; 0                     ; 0                  ; no     ; no             ; no              ; no       ; Off          ; 2.5 V        ; Off         ; --                        ; Fitter               ; no        ;
; clock[25]   ; Unassigned ; --       ; 0                     ; 0                  ; no     ; no             ; no              ; no       ; Off          ; 2.5 V        ; Off         ; --                        ; Fitter               ; no        ;
; clock[26]   ; Unassigned ; --       ; 0                     ; 0                  ; no     ; no             ; no              ; no       ; Off          ; 2.5 V        ; Off         ; --                        ; Fitter               ; no        ;
; clock[27]   ; Unassigned ; --       ; 0                     ; 0                  ; no     ; no             ; no              ; no       ; Off          ; 2.5 V        ; Off         ; --                        ; Fitter               ; no        ;
; clock[28]   ; Unassigned ; --       ; 0                     ; 0                  ; no     ; no             ; no              ; no       ; Off          ; 2.5 V        ; Off         ; --                        ; Fitter               ; no        ;
; clock[29]   ; Unassigned ; --       ; 0                     ; 0                  ; no     ; no             ; no              ; no       ; Off          ; 2.5 V        ; Off         ; --                        ; Fitter               ; no        ;
; clock[2]    ; Unassigned ; --       ; 0                     ; 0                  ; no     ; no             ; no              ; no       ; Off          ; 2.5 V        ; Off         ; --                        ; Fitter               ; no        ;
; clock[30]   ; Unassigned ; --       ; 0                     ; 0                  ; no     ; no             ; no              ; no       ; Off          ; 2.5 V        ; Off         ; --                        ; Fitter               ; no        ;
; clock[31]   ; Unassigned ; --       ; 0                     ; 0                  ; no     ; no             ; no              ; no       ; Off          ; 2.5 V        ; Off         ; --                        ; Fitter               ; no        ;
; clock[3]    ; Unassigned ; --       ; 0                     ; 0                  ; no     ; no             ; no              ; no       ; Off          ; 2.5 V        ; Off         ; --                        ; Fitter               ; no        ;
; clock[4]    ; Unassigned ; --       ; 0                     ; 0                  ; no     ; no             ; no              ; no       ; Off          ; 2.5 V        ; Off         ; --                        ; Fitter               ; no        ;
; clock[5]    ; Unassigned ; --       ; 0                     ; 0                  ; no     ; no             ; no              ; no       ; Off          ; 2.5 V        ; Off         ; --                        ; Fitter               ; no        ;
; clock[6]    ; Unassigned ; --       ; 0                     ; 0                  ; no     ; no             ; no              ; no       ; Off          ; 2.5 V        ; Off         ; --                        ; Fitter               ; no        ;
; clock[7]    ; Unassigned ; --       ; 0                     ; 0                  ; no     ; no             ; no              ; no       ; Off          ; 2.5 V        ; Off         ; --                        ; Fitter               ; no        ;
; clock[8]    ; Unassigned ; --       ; 0                     ; 0                  ; no     ; no             ; no              ; no       ; Off          ; 2.5 V        ; Off         ; --                        ; Fitter               ; no        ;
; clock[9]    ; Unassigned ; --       ; 0                     ; 0                  ; no     ; no             ; no              ; no       ; Off          ; 2.5 V        ; Off         ; --                        ; Fitter               ; no        ;
+-------------+------------+----------+-----------------------+--------------------+--------+----------------+-----------------+----------+--------------+--------------+-------------+---------------------------+----------------------+-----------+


+--------------------------------------------------------------------------+
; I/O Bank Usage                                                           ;
+----------+----------------+---------------+--------------+---------------+
; I/O Bank ; Usage          ; VCCIO Voltage ; VREF Voltage ; VCCPD Voltage ;
+----------+----------------+---------------+--------------+---------------+
; 2A       ; 0 / 16 ( 0 % ) ; 2.5V          ; --           ; 2.5V          ;
; 3A       ; 0 / 16 ( 0 % ) ; 2.5V          ; --           ; 2.5V          ;
; 3B       ; 0 / 32 ( 0 % ) ; 2.5V          ; --           ; 2.5V          ;
; 4A       ; 0 / 48 ( 0 % ) ; 2.5V          ; --           ; 2.5V          ;
; 5A       ; 0 / 16 ( 0 % ) ; 2.5V          ; --           ; 2.5V          ;
; 5B       ; 0 / 16 ( 0 % ) ; 2.5V          ; --           ; 2.5V          ;
; 7A       ; 0 / 48 ( 0 % ) ; 2.5V          ; --           ; 2.5V          ;
; 8A       ; 0 / 32 ( 0 % ) ; 2.5V          ; --           ; 2.5V          ;
; Unknown  ; 823            ; --            ;              ;               ;
+----------+----------------+---------------+--------------+---------------+


+-----------------------------------------------------------------------------------------------------------------------------------------------------------------------------+
; All Package Pins                                                                                                                                                            ;
+----------+------------+----------+---------------------------------+--------+--------------+---------------------+--------------+-----------------+----------+--------------+
; Location ; Pad Number ; I/O Bank ; Pin Name/Usage                  ; Dir.   ; I/O Standard ; Voltage             ; I/O Type     ; User Assignment ; Bus Hold ; Weak Pull Up ;
+----------+------------+----------+---------------------------------+--------+--------------+---------------------+--------------+-----------------+----------+--------------+
; A1       ;            ;          ; GND                             ;        ;              ;                     ; --           ;                 ; --       ; --           ;
; A2       ; 288        ; 9A       ; ^MSEL2                          ;        ;              ;                     ; --           ;                 ; --       ; --           ;
; A3       ;            ; --       ; VCCBAT                          ; power  ;              ; 1.2V                ; --           ;                 ; --       ; --           ;
; A4       ; 290        ; 9A       ; ^nCONFIG                        ;        ;              ;                     ; --           ;                 ; --       ; --           ;
; A5       ; 264        ; 8A       ; RESERVED_INPUT_WITH_WEAK_PULLUP ;        ;              ;                     ; Column I/O   ;                 ; no       ; On           ;
; A6       ;            ; 8A       ; VCCIO8A                         ; power  ;              ; 2.5V                ; --           ;                 ; --       ; --           ;
; A7       ; 273        ; 8A       ; RESERVED_INPUT_WITH_WEAK_PULLUP ;        ;              ;                     ; Column I/O   ;                 ; no       ; On           ;
; A8       ; 271        ; 8A       ; RESERVED_INPUT_WITH_WEAK_PULLUP ;        ;              ;                     ; Column I/O   ;                 ; no       ; On           ;
; A9       ; 262        ; 8A       ; RESERVED_INPUT_WITH_WEAK_PULLUP ;        ;              ;                     ; Column I/O   ;                 ; no       ; On           ;
; A10      ; 260        ; 8A       ; RESERVED_INPUT_WITH_WEAK_PULLUP ;        ;              ;                     ; Column I/O   ;                 ; no       ; On           ;
; A11      ;            ;          ; GND                             ; gnd    ;              ;                     ; --           ;                 ; --       ; --           ;
; A12      ; 242        ; 7A       ; RESERVED_INPUT_WITH_WEAK_PULLUP ;        ;              ;                     ; Column I/O   ;                 ; no       ; On           ;
; A13      ; 230        ; 7A       ; RESERVED_INPUT_WITH_WEAK_PULLUP ;        ;              ;                     ; Column I/O   ;                 ; no       ; On           ;
; A14      ; 218        ; 7A       ; RESERVED_INPUT_WITH_WEAK_PULLUP ;        ;              ;                     ; Column I/O   ;                 ; no       ; On           ;
; A15      ; 216        ; 7A       ; RESERVED_INPUT_WITH_WEAK_PULLUP ;        ;              ;                     ; Column I/O   ;                 ; no       ; On           ;
; A16      ;            ; 7A       ; VCCIO7A                         ; power  ;              ; 2.5V                ; --           ;                 ; --       ; --           ;
; A17      ;            ;          ; NC                              ;        ;              ;                     ; --           ;                 ; --       ; --           ;
; A18      ;            ;          ; NC                              ;        ;              ;                     ; --           ;                 ; --       ; --           ;
; A19      ;            ;          ; NC                              ;        ;              ;                     ; --           ;                 ; --       ; --           ;
; A20      ;            ;          ; NC                              ;        ;              ;                     ; --           ;                 ; --       ; --           ;
; A21      ;            ;          ; GND                             ; gnd    ;              ;                     ; --           ;                 ; --       ; --           ;
; A22      ;            ;          ; NC                              ;        ;              ;                     ; --           ;                 ; --       ; --           ;
; AA1      ; 29         ; 2A       ; RESERVED_INPUT_WITH_WEAK_PULLUP ;        ;              ;                     ; Row I/O      ;                 ; no       ; On           ;
; AA2      ; 31         ; 2A       ; RESERVED_INPUT_WITH_WEAK_PULLUP ;        ;              ;                     ; Row I/O      ;                 ; no       ; On           ;
; AA3      ;            ;          ; GND                             ; gnd    ;              ;                     ; --           ;                 ; --       ; --           ;
; AA4      ;            ;          ; GND                             ; gnd    ;              ;                     ; --           ;                 ; --       ; --           ;
; AA5      ; 53         ; 3A       ; ^AS_DATA2, DATA2                ;        ;              ;                     ; Weak Pull Up ;                 ; --       ; On           ;
; AA6      ;            ;          ; GND                             ; gnd    ;              ;                     ; --           ;                 ; --       ; --           ;
; AA7      ; 79         ; 3B       ; RESERVED_INPUT_WITH_WEAK_PULLUP ;        ;              ;                     ; Column I/O   ;                 ; no       ; On           ;
; AA8      ; 82         ; 3B       ; RESERVED_INPUT_WITH_WEAK_PULLUP ;        ;              ;                     ; Column I/O   ;                 ; no       ; On           ;
; AA9      ; 89         ; 3B       ; RESERVED_INPUT_WITH_WEAK_PULLUP ;        ;              ;                     ; Column I/O   ;                 ; no       ; On           ;
; AA10     ; 87         ; 3B       ; RESERVED_INPUT_WITH_WEAK_PULLUP ;        ;              ;                     ; Column I/O   ;                 ; no       ; On           ;
; AA11     ;            ;          ; GND                             ; gnd    ;              ;                     ; --           ;                 ; --       ; --           ;
; AA12     ; 105        ; 3B       ; RESERVED_INPUT_WITH_WEAK_PULLUP ;        ;              ;                     ; Column I/O   ;                 ; no       ; On           ;
; AA13     ; 113        ; 4A       ; RESERVED_INPUT_WITH_WEAK_PULLUP ;        ;              ;                     ; Column I/O   ;                 ; no       ; On           ;
; AA14     ; 111        ; 4A       ; RESERVED_INPUT_WITH_WEAK_PULLUP ;        ;              ;                     ; Column I/O   ;                 ; no       ; On           ;
; AA15     ; 116        ; 4A       ; RESERVED_INPUT_WITH_WEAK_PULLUP ;        ;              ;                     ; Column I/O   ;                 ; no       ; On           ;
; AA16     ;            ; 4A       ; VCCIO4A                         ; power  ;              ; 2.5V                ; --           ;                 ; --       ; --           ;
; AA17     ; 127        ; 4A       ; RESERVED_INPUT_WITH_WEAK_PULLUP ;        ;              ;                     ; Column I/O   ;                 ; no       ; On           ;
; AA18     ; 129        ; 4A       ; RESERVED_INPUT_WITH_WEAK_PULLUP ;        ;              ;                     ; Column I/O   ;                 ; no       ; On           ;
; AA19     ; 130        ; 4A       ; RESERVED_INPUT_WITH_WEAK_PULLUP ;        ;              ;                     ; Column I/O   ;                 ; no       ; On           ;
; AA20     ; 132        ; 4A       ; RESERVED_INPUT_WITH_WEAK_PULLUP ;        ;              ;                     ; Column I/O   ;                 ; no       ; On           ;
; AA21     ;            ; 4A       ; VCCIO4A                         ; power  ;              ; 2.5V                ; --           ;                 ; --       ; --           ;
; AA22     ; 137        ; 4A       ; RESERVED_INPUT_WITH_WEAK_PULLUP ;        ;              ;                     ; Column I/O   ;                 ; no       ; On           ;
; AB1      ;            ;          ; GND                             ; gnd    ;              ;                     ; --           ;                 ; --       ; --           ;
; AB2      ;            ;          ; GND                             ; gnd    ;              ;                     ; --           ;                 ; --       ; --           ;
; AB3      ; 55         ; 3A       ; ^AS_DATA1, DATA1                ;        ;              ;                     ; Weak Pull Up ;                 ; --       ; On           ;
; AB4      ; 57         ; 3A       ; ^AS_DATA0, ASDO, DATA0          ;        ;              ;                     ; Weak Pull Up ;                 ; --       ; On           ;
; AB5      ; 76         ; 3B       ; RESERVED_INPUT_WITH_WEAK_PULLUP ;        ;              ;                     ; Column I/O   ;                 ; no       ; On           ;
; AB6      ; 74         ; 3B       ; RESERVED_INPUT_WITH_WEAK_PULLUP ;        ;              ;                     ; Column I/O   ;                 ; no       ; On           ;
; AB7      ; 81         ; 3B       ; RESERVED_INPUT_WITH_WEAK_PULLUP ;        ;              ;                     ; Column I/O   ;                 ; no       ; On           ;
; AB8      ; 84         ; 3B       ; RESERVED_INPUT_WITH_WEAK_PULLUP ;        ;              ;                     ; Column I/O   ;                 ; no       ; On           ;
; AB9      ;            ;          ; GND                             ; gnd    ;              ;                     ; --           ;                 ; --       ; --           ;
; AB10     ; 98         ; 3B       ; RESERVED_INPUT_WITH_WEAK_PULLUP ;        ;              ;                     ; Column I/O   ;                 ; no       ; On           ;
; AB11     ; 100        ; 3B       ; RESERVED_INPUT_WITH_WEAK_PULLUP ;        ;              ;                     ; Column I/O   ;                 ; no       ; On           ;
; AB12     ; 108        ; 4A       ; RESERVED_INPUT_WITH_WEAK_PULLUP ;        ;              ;                     ; Column I/O   ;                 ; no       ; On           ;
; AB13     ; 106        ; 4A       ; RESERVED_INPUT_WITH_WEAK_PULLUP ;        ;              ;                     ; Column I/O   ;                 ; no       ; On           ;
; AB14     ;            ;          ; GND                             ; gnd    ;              ;                     ; --           ;                 ; --       ; --           ;
; AB15     ; 114        ; 4A       ; RESERVED_INPUT_WITH_WEAK_PULLUP ;        ;              ;                     ; Column I/O   ;                 ; no       ; On           ;
; AB16     ;            ; 4A       ; VREFB4AN0                       ; power  ;              ;                     ; --           ;                 ; --       ; --           ;
; AB17     ; 119        ; 4A       ; RESERVED_INPUT_WITH_WEAK_PULLUP ;        ;              ;                     ; Column I/O   ;                 ; no       ; On           ;
; AB18     ; 121        ; 4A       ; RESERVED_INPUT_WITH_WEAK_PULLUP ;        ;              ;                     ; Column I/O   ;                 ; no       ; On           ;
; AB19     ;            ;          ; GND                             ; gnd    ;              ;                     ; --           ;                 ; --       ; --           ;
; AB20     ; 122        ; 4A       ; RESERVED_INPUT_WITH_WEAK_PULLUP ;        ;              ;                     ; Column I/O   ;                 ; no       ; On           ;
; AB21     ; 124        ; 4A       ; RESERVED_INPUT_WITH_WEAK_PULLUP ;        ;              ;                     ; Column I/O   ;                 ; no       ; On           ;
; AB22     ; 135        ; 4A       ; RESERVED_INPUT_WITH_WEAK_PULLUP ;        ;              ;                     ; Column I/O   ;                 ; no       ; On           ;
; B1       ;            ;          ; GND                             ; gnd    ;              ;                     ; --           ;                 ; --       ; --           ;
; B2       ;            ;          ; GND                             ; gnd    ;              ;                     ; --           ;                 ; --       ; --           ;
; B3       ;            ;          ; DNU                             ;        ;              ;                     ; --           ;                 ; --       ; --           ;
; B4       ;            ;          ; DNU                             ;        ;              ;                     ; --           ;                 ; --       ; --           ;
; B5       ; 266        ; 8A       ; RESERVED_INPUT_WITH_WEAK_PULLUP ;        ;              ;                     ; Column I/O   ;                 ; no       ; On           ;
; B6       ; 268        ; 8A       ; RESERVED_INPUT_WITH_WEAK_PULLUP ;        ;              ;                     ; Column I/O   ;                 ; no       ; On           ;
; B7       ; 270        ; 8A       ; RESERVED_INPUT_WITH_WEAK_PULLUP ;        ;              ;                     ; Column I/O   ;                 ; no       ; On           ;
; B8       ;            ; 8A       ; VREFB8AN0                       ; power  ;              ;                     ; --           ;                 ; --       ; --           ;
; B9       ;            ;          ; GND                             ; gnd    ;              ;                     ; --           ;                 ; --       ; --           ;
; B10      ; 263        ; 8A       ; RESERVED_INPUT_WITH_WEAK_PULLUP ;        ;              ;                     ; Column I/O   ;                 ; no       ; On           ;
; B11      ; 250        ; 7A       ; RESERVED_INPUT_WITH_WEAK_PULLUP ;        ;              ;                     ; Column I/O   ;                 ; no       ; On           ;
; B12      ; 240        ; 7A       ; RESERVED_INPUT_WITH_WEAK_PULLUP ;        ;              ;                     ; Column I/O   ;                 ; no       ; On           ;
; B13      ; 228        ; 7A       ; RESERVED_INPUT_WITH_WEAK_PULLUP ;        ;              ;                     ; Column I/O   ;                 ; no       ; On           ;
; B14      ;            ;          ; GND                             ; gnd    ;              ;                     ; --           ;                 ; --       ; --           ;
; B15      ; 225        ; 7A       ; RESERVED_INPUT_WITH_WEAK_PULLUP ;        ;              ;                     ; Column I/O   ;                 ; no       ; On           ;
; B16      ; 204        ; 7A       ; RESERVED_INPUT_WITH_WEAK_PULLUP ;        ;              ;                     ; Column I/O   ;                 ; no       ; On           ;
; B17      ;            ;          ; NC                              ;        ;              ;                     ; --           ;                 ; --       ; --           ;
; B18      ;            ;          ; NC                              ;        ;              ;                     ; --           ;                 ; --       ; --           ;
; B19      ;            ; 7A       ; VCCIO7A                         ; power  ;              ; 2.5V                ; --           ;                 ; --       ; --           ;
; B20      ;            ;          ; NC                              ;        ;              ;                     ; --           ;                 ; --       ; --           ;
; B21      ;            ;          ; NC                              ;        ;              ;                     ; --           ;                 ; --       ; --           ;
; B22      ;            ;          ; NC                              ;        ;              ;                     ; --           ;                 ; --       ; --           ;
; C1       ; 16         ; 2A       ; RESERVED_INPUT_WITH_WEAK_PULLUP ;        ;              ;                     ; Row I/O      ;                 ; no       ; On           ;
; C2       ; 18         ; 2A       ; RESERVED_INPUT_WITH_WEAK_PULLUP ;        ;              ;                     ; Row I/O      ;                 ; no       ; On           ;
; C3       ;            ;          ; GND                             ; gnd    ;              ;                     ; --           ;                 ; --       ; --           ;
; C4       ;            ;          ; GND                             ; gnd    ;              ;                     ; --           ;                 ; --       ; --           ;
; C5       ; 292        ; 9A       ; ^GND                            ;        ;              ;                     ; --           ;                 ; --       ; --           ;
; C6       ; 272        ; 8A       ; RESERVED_INPUT_WITH_WEAK_PULLUP ;        ;              ;                     ; Column I/O   ;                 ; no       ; On           ;
; C7       ;            ; 8A       ; VCCIO8A                         ; power  ;              ; 2.5V                ; --           ;                 ; --       ; --           ;
; C8       ; 278        ; 8A       ; RESERVED_INPUT_WITH_WEAK_PULLUP ;        ;              ;                     ; Column I/O   ;                 ; no       ; On           ;
; C9       ; 265        ; 8A       ; RESERVED_INPUT_WITH_WEAK_PULLUP ;        ;              ;                     ; Column I/O   ;                 ; no       ; On           ;
; C10      ;            ; 7A, 8A   ; VCCPD7A8A                       ; power  ;              ; 2.5V                ; --           ;                 ; --       ; --           ;
; C11      ; 248        ; 7A       ; RESERVED_INPUT_WITH_WEAK_PULLUP ;        ;              ;                     ; Column I/O   ;                 ; no       ; On           ;
; C12      ;            ; 7A       ; VCCIO7A                         ; power  ;              ; 2.5V                ; --           ;                 ; --       ; --           ;
; C13      ; 241        ; 7A       ; RESERVED_INPUT_WITH_WEAK_PULLUP ;        ;              ;                     ; Column I/O   ;                 ; no       ; On           ;
; C14      ;            ; 7A       ; VREFB7AN0                       ; power  ;              ;                     ; --           ;                 ; --       ; --           ;
; C15      ; 223        ; 7A       ; RESERVED_INPUT_WITH_WEAK_PULLUP ;        ;              ;                     ; Column I/O   ;                 ; no       ; On           ;
; C16      ; 206        ; 7A       ; RESERVED_INPUT_WITH_WEAK_PULLUP ;        ;              ;                     ; Column I/O   ;                 ; no       ; On           ;
; C17      ;            ;          ; GND                             ; gnd    ;              ;                     ; --           ;                 ; --       ; --           ;
; C18      ;            ;          ; NC                              ;        ;              ;                     ; --           ;                 ; --       ; --           ;
; C19      ;            ;          ; NC                              ;        ;              ;                     ; --           ;                 ; --       ; --           ;
; C20      ;            ;          ; NC                              ;        ;              ;                     ; --           ;                 ; --       ; --           ;
; C21      ;            ;          ; NC                              ;        ;              ;                     ; --           ;                 ; --       ; --           ;
; C22      ;            ; 7A       ; VCCIO7A                         ; power  ;              ; 2.5V                ; --           ;                 ; --       ; --           ;
; D1       ;            ;          ; GND                             ; gnd    ;              ;                     ; --           ;                 ; --       ; --           ;
; D2       ;            ;          ; GND                             ; gnd    ;              ;                     ; --           ;                 ; --       ; --           ;
; D3       ; 22         ; 2A       ; RESERVED_INPUT_WITH_WEAK_PULLUP ;        ;              ;                     ; Row I/O      ;                 ; no       ; On           ;
; D4       ;            ; 2A       ; VCCIO2A                         ; power  ;              ; 2.5V                ; --           ;                 ; --       ; --           ;
; D5       ;            ;          ; GND                             ; gnd    ;              ;                     ; --           ;                 ; --       ; --           ;
; D6       ; 274        ; 8A       ; RESERVED_INPUT_WITH_WEAK_PULLUP ;        ;              ;                     ; Column I/O   ;                 ; no       ; On           ;
; D7       ; 276        ; 8A       ; RESERVED_INPUT_WITH_WEAK_PULLUP ;        ;              ;                     ; Column I/O   ;                 ; no       ; On           ;
; D8       ;            ; 7A, 8A   ; VCCPD7A8A                       ; power  ;              ; 2.5V                ; --           ;                 ; --       ; --           ;
; D9       ; 277        ; 8A       ; RESERVED_INPUT_WITH_WEAK_PULLUP ;        ;              ;                     ; Column I/O   ;                 ; no       ; On           ;
; D10      ;            ;          ; GND                             ; gnd    ;              ;                     ; --           ;                 ; --       ; --           ;
; D11      ;            ; --       ; VCC_AUX                         ; power  ;              ; 2.5V                ; --           ;                 ; --       ; --           ;
; D12      ; 247        ; 7A       ; RESERVED_INPUT_WITH_WEAK_PULLUP ;        ;              ;                     ; Column I/O   ;                 ; no       ; On           ;
; D13      ; 239        ; 7A       ; RESERVED_INPUT_WITH_WEAK_PULLUP ;        ;              ;                     ; Column I/O   ;                 ; no       ; On           ;
; D14      ;            ; 7A, 8A   ; VCCPD7A8A                       ; power  ;              ; 2.5V                ; --           ;                 ; --       ; --           ;
; D15      ;            ; 7A       ; VCCIO7A                         ; power  ;              ; 2.5V                ; --           ;                 ; --       ; --           ;
; D16      ;            ; 7A, 8A   ; VCCPD7A8A                       ; power  ;              ; 2.5V                ; --           ;                 ; --       ; --           ;
; D17      ; 207        ; 7A       ; RESERVED_INPUT_WITH_WEAK_PULLUP ;        ;              ;                     ; Column I/O   ;                 ; no       ; On           ;
; D18      ;            ; --       ; VCC_AUX                         ; power  ;              ; 2.5V                ; --           ;                 ; --       ; --           ;
; D19      ;            ;          ; NC                              ;        ;              ;                     ; --           ;                 ; --       ; --           ;
; D20      ;            ;          ; GND                             ; gnd    ;              ;                     ; --           ;                 ; --       ; --           ;
; D21      ;            ;          ; NC                              ;        ;              ;                     ; --           ;                 ; --       ; --           ;
; D22      ;            ;          ; NC                              ;        ;              ;                     ; --           ;                 ; --       ; --           ;
; E1       ;            ; 1A, 2A   ; VCCPD1A2A                       ; power  ;              ; 2.5V                ; --           ;                 ; --       ; --           ;
; E2       ; 20         ; 2A       ; RESERVED_INPUT_WITH_WEAK_PULLUP ;        ;              ;                     ; Row I/O      ;                 ; no       ; On           ;
; E3       ;            ;          ; GND                             ; gnd    ;              ;                     ; --           ;                 ; --       ; --           ;
; E4       ;            ;          ; GND                             ; gnd    ;              ;                     ; --           ;                 ; --       ; --           ;
; E5       ; 289        ; 9A       ; ^MSEL3                          ;        ;              ;                     ; --           ;                 ; --       ; --           ;
; E6       ;            ; --       ; VCC_AUX                         ; power  ;              ; 2.5V                ; --           ;                 ; --       ; --           ;
; E7       ; 282        ; 8A       ; RESERVED_INPUT_WITH_WEAK_PULLUP ;        ;              ;                     ; Column I/O   ;                 ; no       ; On           ;
; E8       ;            ; 8A       ; VCCIO8A                         ; power  ;              ; 2.5V                ; --           ;                 ; --       ; --           ;
; E9       ; 275        ; 8A       ; RESERVED_INPUT_WITH_WEAK_PULLUP ;        ;              ;                     ; Column I/O   ;                 ; no       ; On           ;
; E10      ; 267        ; 8A       ; RESERVED_INPUT_WITH_WEAK_PULLUP ;        ;              ;                     ; Column I/O   ;                 ; no       ; On           ;
; E11      ;            ; 7A, 8A   ; VCCPD7A8A                       ; power  ;              ; 2.5V                ; --           ;                 ; --       ; --           ;
; E12      ; 249        ; 7A       ; RESERVED_INPUT_WITH_WEAK_PULLUP ;        ;              ;                     ; Column I/O   ;                 ; no       ; On           ;
; E13      ;            ;          ; GND                             ; gnd    ;              ;                     ; --           ;                 ; --       ; --           ;
; E14      ; 231        ; 7A       ; RESERVED_INPUT_WITH_WEAK_PULLUP ;        ;              ;                     ; Column I/O   ;                 ; no       ; On           ;
; E15      ; 215        ; 7A       ; RESERVED_INPUT_WITH_WEAK_PULLUP ;        ;              ;                     ; Column I/O   ;                 ; no       ; On           ;
; E16      ; 209        ; 7A       ; RESERVED_INPUT_WITH_WEAK_PULLUP ;        ;              ;                     ; Column I/O   ;                 ; no       ; On           ;
; E17      ;            ;          ; DNU                             ;        ;              ;                     ; --           ;                 ; --       ; --           ;
; E18      ;            ; 7A       ; VCCIO7A                         ; power  ;              ; 2.5V                ; --           ;                 ; --       ; --           ;
; E19      ;            ;          ; NC                              ;        ;              ;                     ; --           ;                 ; --       ; --           ;
; E20      ;            ;          ; NC                              ;        ;              ;                     ; --           ;                 ; --       ; --           ;
; E21      ;            ;          ; NC                              ;        ;              ;                     ; --           ;                 ; --       ; --           ;
; E22      ;            ;          ; NC                              ;        ;              ;                     ; --           ;                 ; --       ; --           ;
; F1       ;            ;          ; GND                             ; gnd    ;              ;                     ; --           ;                 ; --       ; --           ;
; F2       ;            ;          ; GND                             ; gnd    ;              ;                     ; --           ;                 ; --       ; --           ;
; F3       ; 291        ; 9A       ; ^MSEL4                          ;        ;              ;                     ; --           ;                 ; --       ; --           ;
; F4       ;            ; --       ; VCCA_FPLL                       ; power  ;              ; 2.5V                ; --           ;                 ; --       ; --           ;
; F5       ;            ;          ; GND                             ; gnd    ;              ;                     ; --           ;                 ; --       ; --           ;
; F6       ;            ;          ; GND                             ; gnd    ;              ;                     ; --           ;                 ; --       ; --           ;
; F7       ; 280        ; 8A       ; RESERVED_INPUT_WITH_WEAK_PULLUP ;        ;              ;                     ; Column I/O   ;                 ; no       ; On           ;
; F8       ;            ; --       ; VCCPGM                          ; power  ;              ; 1.8V/2.5V/3.0V/3.3V ; --           ;                 ; --       ; --           ;
; F9       ; 269        ; 8A       ; RESERVED_INPUT_WITH_WEAK_PULLUP ;        ;              ;                     ; Column I/O   ;                 ; no       ; On           ;
; F10      ; 253        ; 8A       ; RESERVED_INPUT_WITH_WEAK_PULLUP ;        ;              ;                     ; Column I/O   ;                 ; no       ; On           ;
; F11      ;            ; 7A       ; VCCIO7A                         ; power  ;              ; 2.5V                ; --           ;                 ; --       ; --           ;
; F12      ; 238        ; 7A       ; RESERVED_INPUT_WITH_WEAK_PULLUP ;        ;              ;                     ; Column I/O   ;                 ; no       ; On           ;
; F13      ; 233        ; 7A       ; RESERVED_INPUT_WITH_WEAK_PULLUP ;        ;              ;                     ; Column I/O   ;                 ; no       ; On           ;
; F14      ; 226        ; 7A       ; RESERVED_INPUT_WITH_WEAK_PULLUP ;        ;              ;                     ; Column I/O   ;                 ; no       ; On           ;
; F15      ; 217        ; 7A       ; RESERVED_INPUT_WITH_WEAK_PULLUP ;        ;              ;                     ; Column I/O   ;                 ; no       ; On           ;
; F16      ;            ;          ; GND                             ; gnd    ;              ;                     ; --           ;                 ; --       ; --           ;
; F17      ; 202        ; 7A       ; ^GND                            ;        ;              ;                     ; --           ;                 ; --       ; --           ;
; F18      ;            ;          ; NC                              ;        ;              ;                     ; --           ;                 ; --       ; --           ;
; F19      ;            ;          ; NC                              ;        ;              ;                     ; --           ;                 ; --       ; --           ;
; F20      ;            ;          ; NC                              ;        ;              ;                     ; --           ;                 ; --       ; --           ;
; F21      ;            ; 7A       ; VCCIO7A                         ; power  ;              ; 2.5V                ; --           ;                 ; --       ; --           ;
; F22      ;            ;          ; NC                              ;        ;              ;                     ; --           ;                 ; --       ; --           ;
; G1       ; 17         ; 2A       ; RESERVED_INPUT_WITH_WEAK_PULLUP ;        ;              ;                     ; Row I/O      ;                 ; no       ; On           ;
; G2       ; 19         ; 2A       ; RESERVED_INPUT_WITH_WEAK_PULLUP ;        ;              ;                     ; Row I/O      ;                 ; no       ; On           ;
; G3       ;            ;          ; GND                             ; gnd    ;              ;                     ; --           ;                 ; --       ; --           ;
; G4       ;            ;          ; GND                             ; gnd    ;              ;                     ; --           ;                 ; --       ; --           ;
; G5       ; 287        ; 9A       ; ^nCE                            ;        ;              ;                     ; --           ;                 ; --       ; --           ;
; G6       ; 279        ; 8A       ; RESERVED_INPUT_WITH_WEAK_PULLUP ;        ;              ;                     ; Column I/O   ;                 ; no       ; On           ;
; G7       ;            ; 8A       ; VCCIO8A                         ; power  ;              ; 2.5V                ; --           ;                 ; --       ; --           ;
; G8       ; 258        ; 8A       ; RESERVED_INPUT_WITH_WEAK_PULLUP ;        ;              ;                     ; Column I/O   ;                 ; no       ; On           ;
; G9       ;            ;          ; GND                             ; gnd    ;              ;                     ; --           ;                 ; --       ; --           ;
; G10      ; 251        ; 8A       ; RESERVED_INPUT_WITH_WEAK_PULLUP ;        ;              ;                     ; Column I/O   ;                 ; no       ; On           ;
; G11      ; 236        ; 7A       ; RESERVED_INPUT_WITH_WEAK_PULLUP ;        ;              ;                     ; Column I/O   ;                 ; no       ; On           ;
; G12      ; 245        ; 7A       ; RESERVED_INPUT_WITH_WEAK_PULLUP ;        ;              ;                     ; Column I/O   ;                 ; no       ; On           ;
; G13      ; 237        ; 7A       ; RESERVED_INPUT_WITH_WEAK_PULLUP ;        ;              ;                     ; Column I/O   ;                 ; no       ; On           ;
; G14      ;            ; 7A       ; VCCIO7A                         ; power  ;              ; 2.5V                ; --           ;                 ; --       ; --           ;
; G15      ; 224        ; 7A       ; RESERVED_INPUT_WITH_WEAK_PULLUP ;        ;              ;                     ; Column I/O   ;                 ; no       ; On           ;
; G16      ; 210        ; 7A       ; RESERVED_INPUT_WITH_WEAK_PULLUP ;        ;              ;                     ; Column I/O   ;                 ; no       ; On           ;
; G17      ; 208        ; 7A       ; RESERVED_INPUT_WITH_WEAK_PULLUP ;        ;              ;                     ; Column I/O   ;                 ; no       ; On           ;
; G18      ; 211        ; 7A       ; RESERVED_INPUT_WITH_WEAK_PULLUP ;        ;              ;                     ; Column I/O   ;                 ; no       ; On           ;
; G19      ;            ;          ; GND                             ; gnd    ;              ;                     ; --           ;                 ; --       ; --           ;
; G20      ;            ;          ; NC                              ;        ;              ;                     ; --           ;                 ; --       ; --           ;
; G21      ;            ;          ; NC                              ;        ;              ;                     ; --           ;                 ; --       ; --           ;
; G22      ;            ;          ; NC                              ;        ;              ;                     ; --           ;                 ; --       ; --           ;
; H1       ;            ;          ; GND                             ; gnd    ;              ;                     ; --           ;                 ; --       ; --           ;
; H2       ;            ;          ; GND                             ; gnd    ;              ;                     ; --           ;                 ; --       ; --           ;
; H3       ;            ;          ; GND                             ; gnd    ;              ;                     ; --           ;                 ; --       ; --           ;
; H4       ;            ;          ; GND                             ; gnd    ;              ;                     ; --           ;                 ; --       ; --           ;
; H5       ; 286        ; 9A       ; ^nSTATUS                        ;        ;              ;                     ; --           ;                 ; --       ; --           ;
; H6       ; 281        ; 8A       ; RESERVED_INPUT_WITH_WEAK_PULLUP ;        ;              ;                     ; Column I/O   ;                 ; no       ; On           ;
; H7       ;            ;          ; GND                             ; gnd    ;              ;                     ; --           ;                 ; --       ; --           ;
; H8       ; 256        ; 8A       ; RESERVED_INPUT_WITH_WEAK_PULLUP ;        ;              ;                     ; Column I/O   ;                 ; no       ; On           ;
; H9       ; 261        ; 8A       ; RESERVED_INPUT_WITH_WEAK_PULLUP ;        ;              ;                     ; Column I/O   ;                 ; no       ; On           ;
; H10      ; 234        ; 7A       ; RESERVED_INPUT_WITH_WEAK_PULLUP ;        ;              ;                     ; Column I/O   ;                 ; no       ; On           ;
; H11      ; 243        ; 7A       ; RESERVED_INPUT_WITH_WEAK_PULLUP ;        ;              ;                     ; Column I/O   ;                 ; no       ; On           ;
; H12      ;            ;          ; GND                             ; gnd    ;              ;                     ; --           ;                 ; --       ; --           ;
; H13      ; 235        ; 7A       ; RESERVED_INPUT_WITH_WEAK_PULLUP ;        ;              ;                     ; Column I/O   ;                 ; no       ; On           ;
; H14      ; 227        ; 7A       ; RESERVED_INPUT_WITH_WEAK_PULLUP ;        ;              ;                     ; Column I/O   ;                 ; no       ; On           ;
; H15      ; 221        ; 7A       ; RESERVED_INPUT_WITH_WEAK_PULLUP ;        ;              ;                     ; Column I/O   ;                 ; no       ; On           ;
; H16      ; 219        ; 7A       ; RESERVED_INPUT_WITH_WEAK_PULLUP ;        ;              ;                     ; Column I/O   ;                 ; no       ; On           ;
; H17      ;            ; 7A       ; VCCIO7A                         ; power  ;              ; 2.5V                ; --           ;                 ; --       ; --           ;
; H18      ; 213        ; 7A       ; RESERVED_INPUT_WITH_WEAK_PULLUP ;        ;              ;                     ; Column I/O   ;                 ; no       ; On           ;
; H19      ;            ; --       ; VCCA_FPLL                       ; power  ;              ; 2.5V                ; --           ;                 ; --       ; --           ;
; H20      ;            ;          ; NC                              ;        ;              ;                     ; --           ;                 ; --       ; --           ;
; H21      ;            ;          ; NC                              ;        ;              ;                     ; --           ;                 ; --       ; --           ;
; H22      ;            ;          ; GND                             ; gnd    ;              ;                     ; --           ;                 ; --       ; --           ;
; J1       ;            ; 2A       ; VCCIO2A                         ; power  ;              ; 2.5V                ; --           ;                 ; --       ; --           ;
; J2       ;            ; 1A, 2A   ; VCCPD1A2A                       ; power  ;              ; 2.5V                ; --           ;                 ; --       ; --           ;
; J3       ;            ;          ; GND                             ; gnd    ;              ;                     ; --           ;                 ; --       ; --           ;
; J4       ;            ; --       ; VCC                             ; power  ;              ; 1.1V                ; --           ;                 ; --       ; --           ;
; J5       ;            ;          ; GND                             ; gnd    ;              ;                     ; --           ;                 ; --       ; --           ;
; J6       ; 285        ; 9A       ; ^MSEL1                          ;        ;              ;                     ; --           ;                 ; --       ; --           ;
; J7       ; 255        ; 8A       ; RESERVED_INPUT_WITH_WEAK_PULLUP ;        ;              ;                     ; Column I/O   ;                 ; no       ; On           ;
; J8       ; 257        ; 8A       ; RESERVED_INPUT_WITH_WEAK_PULLUP ;        ;              ;                     ; Column I/O   ;                 ; no       ; On           ;
; J9       ; 259        ; 8A       ; RESERVED_INPUT_WITH_WEAK_PULLUP ;        ;              ;                     ; Column I/O   ;                 ; no       ; On           ;
; J10      ;            ; --       ; VCC                             ; power  ;              ; 1.1V                ; --           ;                 ; --       ; --           ;
; J11      ; 232        ; 7A       ; RESERVED_INPUT_WITH_WEAK_PULLUP ;        ;              ;                     ; Column I/O   ;                 ; no       ; On           ;
; J12      ;            ; --       ; VCC                             ; power  ;              ; 1.1V                ; --           ;                 ; --       ; --           ;
; J13      ; 229        ; 7A       ; RESERVED_INPUT_WITH_WEAK_PULLUP ;        ;              ;                     ; Column I/O   ;                 ; no       ; On           ;
; J14      ;            ; --       ; VCC                             ; power  ;              ; 1.1V                ; --           ;                 ; --       ; --           ;
; J15      ;            ;          ; GND                             ; gnd    ;              ;                     ; --           ;                 ; --       ; --           ;
; J16      ;            ; --       ; VCC                             ; power  ;              ; 1.1V                ; --           ;                 ; --       ; --           ;
; J17      ; 220        ; 7A       ; RESERVED_INPUT_WITH_WEAK_PULLUP ;        ;              ;                     ; Column I/O   ;                 ; no       ; On           ;
; J18      ; 214        ; 7A       ; RESERVED_INPUT_WITH_WEAK_PULLUP ;        ;              ;                     ; Column I/O   ;                 ; no       ; On           ;
; J19      ; 212        ; 7A       ; RESERVED_INPUT_WITH_WEAK_PULLUP ;        ;              ;                     ; Column I/O   ;                 ; no       ; On           ;
; J20      ;            ;          ; GND                             ; gnd    ;              ;                     ; --           ;                 ; --       ; --           ;
; J21      ;            ;          ; NC                              ;        ;              ;                     ; --           ;                 ; --       ; --           ;
; J22      ;            ;          ; NC                              ;        ;              ;                     ; --           ;                 ; --       ; --           ;
; K1       ;            ;          ; GND                             ; gnd    ;              ;                     ; --           ;                 ; --       ; --           ;
; K2       ;            ;          ; GND                             ; gnd    ;              ;                     ; --           ;                 ; --       ; --           ;
; K3       ;            ; --       ; VCC                             ; power  ;              ; 1.1V                ; --           ;                 ; --       ; --           ;
; K4       ;            ;          ; GND                             ; gnd    ;              ;                     ; --           ;                 ; --       ; --           ;
; K5       ;            ; --       ; VCC                             ; power  ;              ; 1.1V                ; --           ;                 ; --       ; --           ;
; K6       ; 284        ; 9A       ; ^CONF_DONE                      ;        ;              ;                     ; --           ;                 ; --       ; --           ;
; K7       ; 254        ; 8A       ; RESERVED_INPUT_WITH_WEAK_PULLUP ;        ;              ;                     ; Column I/O   ;                 ; no       ; On           ;
; K8       ;            ;          ; GND                             ; gnd    ;              ;                     ; --           ;                 ; --       ; --           ;
; K9       ; 246        ; 7A       ; RESERVED_INPUT_WITH_WEAK_PULLUP ;        ;              ;                     ; Column I/O   ;                 ; no       ; On           ;
; K10      ;            ;          ; GND                             ; gnd    ;              ;                     ; --           ;                 ; --       ; --           ;
; K11      ;            ; --       ; VCC                             ; power  ;              ; 1.1V                ; --           ;                 ; --       ; --           ;
; K12      ;            ;          ; GND                             ; gnd    ;              ;                     ; --           ;                 ; --       ; --           ;
; K13      ;            ; --       ; VCC                             ; power  ;              ; 1.1V                ; --           ;                 ; --       ; --           ;
; K14      ;            ;          ; GND                             ; gnd    ;              ;                     ; --           ;                 ; --       ; --           ;
; K15      ;            ; --       ; VCC                             ; power  ;              ; 1.1V                ; --           ;                 ; --       ; --           ;
; K16      ; 222        ; 7A       ; RESERVED_INPUT_WITH_WEAK_PULLUP ;        ;              ;                     ; Column I/O   ;                 ; no       ; On           ;
; K17      ; 178        ; 5B       ; RESERVED_INPUT_WITH_WEAK_PULLUP ;        ;              ;                     ; Row I/O      ;                 ; no       ; On           ;
; K18      ;            ; 5B       ; VCCIO5B                         ; power  ;              ; 2.5V                ; --           ;                 ; --       ; --           ;
; K19      ; 205        ; 7A       ; RESERVED_INPUT_WITH_WEAK_PULLUP ;        ;              ;                     ; Column I/O   ;                 ; no       ; On           ;
; K20      ; 203        ; 7A       ; RESERVED_INPUT_WITH_WEAK_PULLUP ;        ;              ;                     ; Column I/O   ;                 ; no       ; On           ;
; K21      ; 183        ; 5B       ; RESERVED_INPUT_WITH_WEAK_PULLUP ;        ;              ;                     ; Row I/O      ;                 ; no       ; On           ;
; K22      ; 185        ; 5B       ; RESERVED_INPUT_WITH_WEAK_PULLUP ;        ;              ;                     ; Row I/O      ;                 ; no       ; On           ;
; L1       ; 21         ; 2A       ; RESERVED_INPUT_WITH_WEAK_PULLUP ;        ;              ;                     ; Row I/O      ;                 ; no       ; On           ;
; L2       ; 23         ; 2A       ; RESERVED_INPUT_WITH_WEAK_PULLUP ;        ;              ;                     ; Row I/O      ;                 ; no       ; On           ;
; L3       ;            ;          ; GND                             ; gnd    ;              ;                     ; --           ;                 ; --       ; --           ;
; L4       ;            ; --       ; VCC                             ; power  ;              ; 1.1V                ; --           ;                 ; --       ; --           ;
; L5       ;            ;          ; GND                             ; gnd    ;              ;                     ; --           ;                 ; --       ; --           ;
; L6       ; 283        ; 9A       ; ^MSEL0                          ;        ;              ;                     ; --           ;                 ; --       ; --           ;
; L7       ; 252        ; 8A       ; RESERVED_INPUT_WITH_WEAK_PULLUP ;        ;              ;                     ; Column I/O   ;                 ; no       ; On           ;
; L8       ; 244        ; 7A       ; RESERVED_INPUT_WITH_WEAK_PULLUP ;        ;              ;                     ; Column I/O   ;                 ; no       ; On           ;
; L9       ;            ;          ; DNU                             ;        ;              ;                     ; --           ;                 ; --       ; --           ;
; L10      ;            ; --       ; VCC                             ; power  ;              ; 1.1V                ; --           ;                 ; --       ; --           ;
; L11      ;            ;          ; GND                             ; gnd    ;              ;                     ; --           ;                 ; --       ; --           ;
; L12      ;            ; --       ; VCC                             ; power  ;              ; 1.1V                ; --           ;                 ; --       ; --           ;
; L13      ;            ;          ; GND                             ; gnd    ;              ;                     ; --           ;                 ; --       ; --           ;
; L14      ;            ; --       ; VCC                             ; power  ;              ; 1.1V                ; --           ;                 ; --       ; --           ;
; L15      ;            ;          ; GND                             ; gnd    ;              ;                     ; --           ;                 ; --       ; --           ;
; L16      ;            ; --       ; VCC                             ; power  ;              ; 1.1V                ; --           ;                 ; --       ; --           ;
; L17      ; 180        ; 5B       ; RESERVED_INPUT_WITH_WEAK_PULLUP ;        ;              ;                     ; Row I/O      ;                 ; no       ; On           ;
; L18      ; 184        ; 5B       ; RESERVED_INPUT_WITH_WEAK_PULLUP ;        ;              ;                     ; Row I/O      ;                 ; no       ; On           ;
; L19      ; 182        ; 5B       ; RESERVED_INPUT_WITH_WEAK_PULLUP ;        ;              ;                     ; Row I/O      ;                 ; no       ; On           ;
; L20      ;            ; 5B       ; VREFB5BN0                       ; power  ;              ;                     ; --           ;                 ; --       ; --           ;
; L21      ;            ;          ; GND                             ; gnd    ;              ;                     ; --           ;                 ; --       ; --           ;
; L22      ; 177        ; 5B       ; RESERVED_INPUT_WITH_WEAK_PULLUP ;        ;              ;                     ; Row I/O      ;                 ; no       ; On           ;
; M1       ;            ;          ; GND                             ; gnd    ;              ;                     ; --           ;                 ; --       ; --           ;
; M2       ;            ;          ; GND                             ; gnd    ;              ;                     ; --           ;                 ; --       ; --           ;
; M3       ;            ; --       ; VCCA_FPLL                       ; power  ;              ; 2.5V                ; --           ;                 ; --       ; --           ;
; M4       ;            ;          ; GND                             ; gnd    ;              ;                     ; --           ;                 ; --       ; --           ;
; M5       ; 48         ; 3A       ; #TDO                            ; output ;              ;                     ; --           ;                 ; --       ; --           ;
; M6       ; 70         ; 3A       ; RESERVED_INPUT_WITH_WEAK_PULLUP ;        ;              ;                     ; Column I/O   ;                 ; no       ; On           ;
; M7       ; 72         ; 3A       ; RESERVED_INPUT_WITH_WEAK_PULLUP ;        ;              ;                     ; Column I/O   ;                 ; no       ; On           ;
; M8       ; 86         ; 3B       ; RESERVED_INPUT_WITH_WEAK_PULLUP ;        ;              ;                     ; Column I/O   ;                 ; no       ; On           ;
; M9       ; 88         ; 3B       ; RESERVED_INPUT_WITH_WEAK_PULLUP ;        ;              ;                     ; Column I/O   ;                 ; no       ; On           ;
; M10      ;            ;          ; GND                             ; gnd    ;              ;                     ; --           ;                 ; --       ; --           ;
; M11      ;            ; --       ; VCC                             ; power  ;              ; 1.1V                ; --           ;                 ; --       ; --           ;
; M12      ;            ;          ; GND                             ; gnd    ;              ;                     ; --           ;                 ; --       ; --           ;
; M13      ;            ; --       ; VCC                             ; power  ;              ; 1.1V                ; --           ;                 ; --       ; --           ;
; M14      ;            ;          ; GND                             ; gnd    ;              ;                     ; --           ;                 ; --       ; --           ;
; M15      ;            ; --       ; VCC                             ; power  ;              ; 1.1V                ; --           ;                 ; --       ; --           ;
; M16      ; 172        ; 5B       ; RESERVED_INPUT_WITH_WEAK_PULLUP ;        ;              ;                     ; Row I/O      ;                 ; no       ; On           ;
; M17      ;            ; 5B       ; VCCPD5B                         ; power  ;              ; 2.5V                ; --           ;                 ; --       ; --           ;
; M18      ; 176        ; 5B       ; RESERVED_INPUT_WITH_WEAK_PULLUP ;        ;              ;                     ; Row I/O      ;                 ; no       ; On           ;
; M19      ;            ; 5B       ; VCCIO5B                         ; power  ;              ; 2.5V                ; --           ;                 ; --       ; --           ;
; M20      ; 179        ; 5B       ; RESERVED_INPUT_WITH_WEAK_PULLUP ;        ;              ;                     ; Row I/O      ;                 ; no       ; On           ;
; M21      ; 181        ; 5B       ; RESERVED_INPUT_WITH_WEAK_PULLUP ;        ;              ;                     ; Row I/O      ;                 ; no       ; On           ;
; M22      ; 175        ; 5B       ; RESERVED_INPUT_WITH_WEAK_PULLUP ;        ;              ;                     ; Row I/O      ;                 ; no       ; On           ;
; N1       ; 24         ; 2A       ; RESERVED_INPUT_WITH_WEAK_PULLUP ;        ;              ;                     ; Row I/O      ;                 ; no       ; On           ;
; N2       ; 26         ; 2A       ; RESERVED_INPUT_WITH_WEAK_PULLUP ;        ;              ;                     ; Row I/O      ;                 ; no       ; On           ;
; N3       ;            ;          ; GND                             ; gnd    ;              ;                     ; --           ;                 ; --       ; --           ;
; N4       ;            ; --       ; VCC                             ; power  ;              ; 1.1V                ; --           ;                 ; --       ; --           ;
; N5       ;            ;          ; GND                             ; gnd    ;              ;                     ; --           ;                 ; --       ; --           ;
; N6       ; 64         ; 3A       ; RESERVED_INPUT_WITH_WEAK_PULLUP ;        ;              ;                     ; Column I/O   ;                 ; no       ; On           ;
; N7       ;            ;          ; GND                             ; gnd    ;              ;                     ; --           ;                 ; --       ; --           ;
; N8       ; 80         ; 3B       ; RESERVED_INPUT_WITH_WEAK_PULLUP ;        ;              ;                     ; Column I/O   ;                 ; no       ; On           ;
; N9       ; 104        ; 3B       ; RESERVED_INPUT_WITH_WEAK_PULLUP ;        ;              ;                     ; Column I/O   ;                 ; no       ; On           ;
; N10      ;            ; --       ; VCC                             ; power  ;              ; 1.1V                ; --           ;                 ; --       ; --           ;
; N11      ;            ;          ; GND                             ; gnd    ;              ;                     ; --           ;                 ; --       ; --           ;
; N12      ;            ; --       ; VCC                             ; power  ;              ; 1.1V                ; --           ;                 ; --       ; --           ;
; N13      ;            ;          ; GND                             ; gnd    ;              ;                     ; --           ;                 ; --       ; --           ;
; N14      ;            ; --       ; VCC                             ; power  ;              ; 1.1V                ; --           ;                 ; --       ; --           ;
; N15      ;            ;          ; GND                             ; gnd    ;              ;                     ; --           ;                 ; --       ; --           ;
; N16      ; 170        ; 5B       ; RESERVED_INPUT_WITH_WEAK_PULLUP ;        ;              ;                     ; Row I/O      ;                 ; no       ; On           ;
; N17      ;            ;          ; GND                             ; gnd    ;              ;                     ; --           ;                 ; --       ; --           ;
; N18      ;            ; 5B       ; VCCPD5B                         ; power  ;              ; 2.5V                ; --           ;                 ; --       ; --           ;
; N19      ; 174        ; 5B       ; RESERVED_INPUT_WITH_WEAK_PULLUP ;        ;              ;                     ; Row I/O      ;                 ; no       ; On           ;
; N20      ; 171        ; 5B       ; RESERVED_INPUT_WITH_WEAK_PULLUP ;        ;              ;                     ; Row I/O      ;                 ; no       ; On           ;
; N21      ; 173        ; 5B       ; RESERVED_INPUT_WITH_WEAK_PULLUP ;        ;              ;                     ; Row I/O      ;                 ; no       ; On           ;
; N22      ;            ;          ; GND                             ; gnd    ;              ;                     ; --           ;                 ; --       ; --           ;
; P1       ;            ;          ; GND                             ; gnd    ;              ;                     ; --           ;                 ; --       ; --           ;
; P2       ;            ;          ; GND                             ; gnd    ;              ;                     ; --           ;                 ; --       ; --           ;
; P3       ;            ; --       ; VCC                             ; power  ;              ; 1.1V                ; --           ;                 ; --       ; --           ;
; P4       ;            ;          ; GND                             ; gnd    ;              ;                     ; --           ;                 ; --       ; --           ;
; P5       ; 50         ; 3A       ; #TMS                            ; input  ;              ;                     ; --           ;                 ; --       ; --           ;
; P6       ; 62         ; 3A       ; RESERVED_INPUT_WITH_WEAK_PULLUP ;        ;              ;                     ; Column I/O   ;                 ; no       ; On           ;
; P7       ; 73         ; 3A       ; RESERVED_INPUT_WITH_WEAK_PULLUP ;        ;              ;                     ; Column I/O   ;                 ; no       ; On           ;
; P8       ; 78         ; 3B       ; RESERVED_INPUT_WITH_WEAK_PULLUP ;        ;              ;                     ; Column I/O   ;                 ; no       ; On           ;
; P9       ; 102        ; 3B       ; RESERVED_INPUT_WITH_WEAK_PULLUP ;        ;              ;                     ; Column I/O   ;                 ; no       ; On           ;
; P10      ;            ;          ; GND                             ; gnd    ;              ;                     ; --           ;                 ; --       ; --           ;
; P11      ;            ; --       ; VCC                             ; power  ;              ; 1.1V                ; --           ;                 ; --       ; --           ;
; P12      ; 97         ; 3B       ; RESERVED_INPUT_WITH_WEAK_PULLUP ;        ;              ;                     ; Column I/O   ;                 ; no       ; On           ;
; P13      ;            ; --       ; VCC                             ; power  ;              ; 1.1V                ; --           ;                 ; --       ; --           ;
; P14      ; 142        ; 4A       ; RESERVED_INPUT_WITH_WEAK_PULLUP ;        ;              ;                     ; Column I/O   ;                 ; no       ; On           ;
; P15      ;            ; --       ; VCC                             ; power  ;              ; 1.1V                ; --           ;                 ; --       ; --           ;
; P16      ; 167        ; 5A       ; RESERVED_INPUT_WITH_WEAK_PULLUP ;        ;              ;                     ; Row I/O      ;                 ; no       ; On           ;
; P17      ; 169        ; 5A       ; RESERVED_INPUT_WITH_WEAK_PULLUP ;        ;              ;                     ; Row I/O      ;                 ; no       ; On           ;
; P18      ; 168        ; 5A       ; RESERVED_INPUT_WITH_WEAK_PULLUP ;        ;              ;                     ; Row I/O      ;                 ; no       ; On           ;
; P19      ; 166        ; 5A       ; RESERVED_INPUT_WITH_WEAK_PULLUP ;        ;              ;                     ; Row I/O      ;                 ; no       ; On           ;
; P20      ;            ; 5A       ; VCCIO5A                         ; power  ;              ; 2.5V                ; --           ;                 ; --       ; --           ;
; P21      ;            ; 5A       ; VCCPD5A                         ; power  ;              ; 2.5V                ; --           ;                 ; --       ; --           ;
; P22      ; 164        ; 5A       ; RESERVED_INPUT_WITH_WEAK_PULLUP ;        ;              ;                     ; Row I/O      ;                 ; no       ; On           ;
; R1       ;            ; 2A       ; VCCIO2A                         ; power  ;              ; 2.5V                ; --           ;                 ; --       ; --           ;
; R2       ;            ; 1A, 2A   ; VCCPD1A2A                       ; power  ;              ; 2.5V                ; --           ;                 ; --       ; --           ;
; R3       ;            ;          ; GND                             ; gnd    ;              ;                     ; --           ;                 ; --       ; --           ;
; R4       ; 49         ; 3A       ; ^nCSO, DATA4                    ;        ;              ;                     ; Weak Pull Up ;                 ; --       ; On           ;
; R5       ; 60         ; 3A       ; RESERVED_INPUT_WITH_WEAK_PULLUP ;        ;              ;                     ; Column I/O   ;                 ; no       ; On           ;
; R6       ; 58         ; 3A       ; RESERVED_INPUT_WITH_WEAK_PULLUP ;        ;              ;                     ; Column I/O   ;                 ; no       ; On           ;
; R7       ; 71         ; 3A       ; RESERVED_INPUT_WITH_WEAK_PULLUP ;        ;              ;                     ; Column I/O   ;                 ; no       ; On           ;
; R8       ;            ; 3B       ; VCCIO3B                         ; power  ;              ; 2.5V                ; --           ;                 ; --       ; --           ;
; R9       ; 93         ; 3B       ; RESERVED_INPUT_WITH_WEAK_PULLUP ;        ;              ;                     ; Column I/O   ;                 ; no       ; On           ;
; R10      ; 99         ; 3B       ; RESERVED_INPUT_WITH_WEAK_PULLUP ;        ;              ;                     ; Column I/O   ;                 ; no       ; On           ;
; R11      ; 101        ; 3B       ; RESERVED_INPUT_WITH_WEAK_PULLUP ;        ;              ;                     ; Column I/O   ;                 ; no       ; On           ;
; R12      ; 95         ; 3B       ; RESERVED_INPUT_WITH_WEAK_PULLUP ;        ;              ;                     ; Column I/O   ;                 ; no       ; On           ;
; R13      ;            ;          ; GND                             ; gnd    ;              ;                     ; --           ;                 ; --       ; --           ;
; R14      ; 144        ; 4A       ; RESERVED_INPUT_WITH_WEAK_PULLUP ;        ;              ;                     ; Column I/O   ;                 ; no       ; On           ;
; R15      ; 161        ; 5A       ; RESERVED_INPUT_WITH_WEAK_PULLUP ;        ;              ;                     ; Row I/O      ;                 ; no       ; On           ;
; R16      ; 163        ; 5A       ; RESERVED_INPUT_WITH_WEAK_PULLUP ;        ;              ;                     ; Row I/O      ;                 ; no       ; On           ;
; R17      ; 165        ; 5A       ; RESERVED_INPUT_WITH_WEAK_PULLUP ;        ;              ;                     ; Row I/O      ;                 ; no       ; On           ;
; R18      ;            ; 5A       ; VCCIO5A                         ; power  ;              ; 2.5V                ; --           ;                 ; --       ; --           ;
; R19      ;            ; --       ; VCCPGM                          ; power  ;              ; 1.8V/2.5V/3.0V/3.3V ; --           ;                 ; --       ; --           ;
; R20      ;            ; 5A       ; VREFB5AN0                       ; power  ;              ;                     ; --           ;                 ; --       ; --           ;
; R21      ; 162        ; 5A       ; RESERVED_INPUT_WITH_WEAK_PULLUP ;        ;              ;                     ; Row I/O      ;                 ; no       ; On           ;
; R22      ; 160        ; 5A       ; RESERVED_INPUT_WITH_WEAK_PULLUP ;        ;              ;                     ; Row I/O      ;                 ; no       ; On           ;
; T1       ;            ;          ; GND                             ; gnd    ;              ;                     ; --           ;                 ; --       ; --           ;
; T2       ;            ;          ; GND                             ; gnd    ;              ;                     ; --           ;                 ; --       ; --           ;
; T3       ;            ; --       ; VCCA_FPLL                       ; power  ;              ; 2.5V                ; --           ;                 ; --       ; --           ;
; T4       ; 51         ; 3A       ; ^AS_DATA3, DATA3                ;        ;              ;                     ; Weak Pull Up ;                 ; --       ; On           ;
; T5       ;            ; --       ; VCCA_FPLL                       ; power  ;              ; 2.5V                ; --           ;                 ; --       ; --           ;
; T6       ;            ; 3A       ; VCCIO3A                         ; power  ;              ; 2.5V                ; --           ;                 ; --       ; --           ;
; T7       ; 66         ; 3A       ; RESERVED_INPUT_WITH_WEAK_PULLUP ;        ;              ;                     ; Column I/O   ;                 ; no       ; On           ;
; T8       ; 68         ; 3A       ; RESERVED_INPUT_WITH_WEAK_PULLUP ;        ;              ;                     ; Column I/O   ;                 ; no       ; On           ;
; T9       ; 83         ; 3B       ; RESERVED_INPUT_WITH_WEAK_PULLUP ;        ;              ;                     ; Column I/O   ;                 ; no       ; On           ;
; T10      ; 91         ; 3B       ; RESERVED_INPUT_WITH_WEAK_PULLUP ;        ;              ;                     ; Column I/O   ;                 ; no       ; On           ;
; T11      ;            ; 3B       ; VCCIO3B                         ; power  ;              ; 2.5V                ; --           ;                 ; --       ; --           ;
; T12      ; 110        ; 4A       ; RESERVED_INPUT_WITH_WEAK_PULLUP ;        ;              ;                     ; Column I/O   ;                 ; no       ; On           ;
; T13      ; 112        ; 4A       ; RESERVED_INPUT_WITH_WEAK_PULLUP ;        ;              ;                     ; Column I/O   ;                 ; no       ; On           ;
; T14      ; 126        ; 4A       ; RESERVED_INPUT_WITH_WEAK_PULLUP ;        ;              ;                     ; Column I/O   ;                 ; no       ; On           ;
; T15      ; 159        ; 5A       ; RESERVED_INPUT_WITH_WEAK_PULLUP ;        ;              ;                     ; Row I/O      ;                 ; no       ; On           ;
; T16      ;            ;          ; GND                             ; gnd    ;              ;                     ; --           ;                 ; --       ; --           ;
; T17      ; 157        ; 5A       ; RESERVED_INPUT_WITH_WEAK_PULLUP ;        ;              ;                     ; Row I/O      ;                 ; no       ; On           ;
; T18      ; 155        ; 5A       ; RESERVED_INPUT_WITH_WEAK_PULLUP ;        ;              ;                     ; Row I/O      ;                 ; no       ; On           ;
; T19      ; 154        ; 5A       ; RESERVED_INPUT_WITH_WEAK_PULLUP ;        ;              ;                     ; Row I/O      ;                 ; no       ; On           ;
; T20      ; 156        ; 5A       ; RESERVED_INPUT_WITH_WEAK_PULLUP ;        ;              ;                     ; Row I/O      ;                 ; no       ; On           ;
; T21      ;            ;          ; GND                             ; gnd    ;              ;                     ; --           ;                 ; --       ; --           ;
; T22      ; 158        ; 5A       ; RESERVED_INPUT_WITH_WEAK_PULLUP ;        ;              ;                     ; Row I/O      ;                 ; no       ; On           ;
; U1       ; 25         ; 2A       ; RESERVED_INPUT_WITH_WEAK_PULLUP ;        ;              ;                     ; Row I/O      ;                 ; no       ; On           ;
; U2       ; 27         ; 2A       ; RESERVED_INPUT_WITH_WEAK_PULLUP ;        ;              ;                     ; Row I/O      ;                 ; no       ; On           ;
; U3       ;            ;          ; GND                             ; gnd    ;              ;                     ; --           ;                 ; --       ; --           ;
; U4       ;            ;          ; GND                             ; gnd    ;              ;                     ; --           ;                 ; --       ; --           ;
; U5       ;            ;          ; GND                             ; gnd    ;              ;                     ; --           ;                 ; --       ; --           ;
; U6       ; 67         ; 3A       ; RESERVED_INPUT_WITH_WEAK_PULLUP ;        ;              ;                     ; Column I/O   ;                 ; no       ; On           ;
; U7       ; 59         ; 3A       ; RESERVED_INPUT_WITH_WEAK_PULLUP ;        ;              ;                     ; Column I/O   ;                 ; no       ; On           ;
; U8       ; 61         ; 3A       ; RESERVED_INPUT_WITH_WEAK_PULLUP ;        ;              ;                     ; Column I/O   ;                 ; no       ; On           ;
; U9       ;            ;          ; GND                             ; gnd    ;              ;                     ; --           ;                 ; --       ; --           ;
; U10      ; 85         ; 3B       ; RESERVED_INPUT_WITH_WEAK_PULLUP ;        ;              ;                     ; Column I/O   ;                 ; no       ; On           ;
; U11      ; 94         ; 3B       ; RESERVED_INPUT_WITH_WEAK_PULLUP ;        ;              ;                     ; Column I/O   ;                 ; no       ; On           ;
; U12      ; 96         ; 3B       ; RESERVED_INPUT_WITH_WEAK_PULLUP ;        ;              ;                     ; Column I/O   ;                 ; no       ; On           ;
; U13      ; 109        ; 4A       ; RESERVED_INPUT_WITH_WEAK_PULLUP ;        ;              ;                     ; Column I/O   ;                 ; no       ; On           ;
; U14      ;            ; 4A       ; VCCIO4A                         ; power  ;              ; 2.5V                ; --           ;                 ; --       ; --           ;
; U15      ; 128        ; 4A       ; RESERVED_INPUT_WITH_WEAK_PULLUP ;        ;              ;                     ; Column I/O   ;                 ; no       ; On           ;
; U16      ; 150        ; 4A       ; RESERVED_INPUT_WITH_WEAK_PULLUP ;        ;              ;                     ; Column I/O   ;                 ; no       ; On           ;
; U17      ; 152        ; 4A       ; RESERVED_INPUT_WITH_WEAK_PULLUP ;        ;              ;                     ; Column I/O   ;                 ; no       ; On           ;
; U18      ;            ; --       ; VCCA_FPLL                       ; power  ;              ; 2.5V                ; --           ;                 ; --       ; --           ;
; U19      ;            ; 4A       ; VCCIO4A                         ; power  ;              ; 2.5V                ; --           ;                 ; --       ; --           ;
; U20      ; 153        ; 4A       ; RESERVED_INPUT_WITH_WEAK_PULLUP ;        ;              ;                     ; Column I/O   ;                 ; no       ; On           ;
; U21      ; 151        ; 4A       ; RESERVED_INPUT_WITH_WEAK_PULLUP ;        ;              ;                     ; Column I/O   ;                 ; no       ; On           ;
; U22      ; 146        ; 4A       ; RESERVED_INPUT_WITH_WEAK_PULLUP ;        ;              ;                     ; Column I/O   ;                 ; no       ; On           ;
; V1       ;            ;          ; GND                             ; gnd    ;              ;                     ; --           ;                 ; --       ; --           ;
; V2       ;            ;          ; GND                             ; gnd    ;              ;                     ; --           ;                 ; --       ; --           ;
; V3       ; 56         ; 3A       ; ^DCLK                           ;        ;              ;                     ; Weak Pull Up ;                 ; --       ; On           ;
; V4       ;            ;          ; GND                             ; gnd    ;              ;                     ; --           ;                 ; --       ; --           ;
; V5       ; 52         ; 3A       ; #TCK                            ; input  ;              ;                     ; --           ;                 ; --       ; --           ;
; V6       ; 69         ; 3A       ; RESERVED_INPUT_WITH_WEAK_PULLUP ;        ;              ;                     ; Column I/O   ;                 ; no       ; On           ;
; V7       ;            ;          ; GND                             ; gnd    ;              ;                     ; --           ;                 ; --       ; --           ;
; V8       ;            ; --       ; VCCPGM                          ; power  ;              ; 1.8V/2.5V/3.0V/3.3V ; --           ;                 ; --       ; --           ;
; V9       ; 75         ; 3B       ; RESERVED_INPUT_WITH_WEAK_PULLUP ;        ;              ;                     ; Column I/O   ;                 ; no       ; On           ;
; V10      ; 77         ; 3B       ; RESERVED_INPUT_WITH_WEAK_PULLUP ;        ;              ;                     ; Column I/O   ;                 ; no       ; On           ;
; V11      ;            ;          ; NC                              ;        ;              ;                     ; --           ;                 ; --       ; --           ;
; V12      ;            ;          ; GND                             ; gnd    ;              ;                     ; --           ;                 ; --       ; --           ;
; V13      ; 107        ; 4A       ; RESERVED_INPUT_WITH_WEAK_PULLUP ;        ;              ;                     ; Column I/O   ;                 ; no       ; On           ;
; V14      ; 118        ; 4A       ; RESERVED_INPUT_WITH_WEAK_PULLUP ;        ;              ;                     ; Column I/O   ;                 ; no       ; On           ;
; V15      ; 120        ; 4A       ; RESERVED_INPUT_WITH_WEAK_PULLUP ;        ;              ;                     ; Column I/O   ;                 ; no       ; On           ;
; V16      ; 134        ; 4A       ; RESERVED_INPUT_WITH_WEAK_PULLUP ;        ;              ;                     ; Column I/O   ;                 ; no       ; On           ;
; V17      ;            ;          ; GND                             ; gnd    ;              ;                     ; --           ;                 ; --       ; --           ;
; V18      ; 149        ; 4A       ; RESERVED_INPUT_WITH_WEAK_PULLUP ;        ;              ;                     ; Column I/O   ;                 ; no       ; On           ;
; V19      ; 147        ; 4A       ; RESERVED_INPUT_WITH_WEAK_PULLUP ;        ;              ;                     ; Column I/O   ;                 ; no       ; On           ;
; V20      ; 131        ; 4A       ; RESERVED_INPUT_WITH_WEAK_PULLUP ;        ;              ;                     ; Column I/O   ;                 ; no       ; On           ;
; V21      ; 148        ; 4A       ; RESERVED_INPUT_WITH_WEAK_PULLUP ;        ;              ;                     ; Column I/O   ;                 ; no       ; On           ;
; V22      ;            ;          ; GND                             ; gnd    ;              ;                     ; --           ;                 ; --       ; --           ;
; W1       ;            ; 2A       ; VREFB2AN0                       ; power  ;              ;                     ; --           ;                 ; --       ; --           ;
; W2       ; 28         ; 2A       ; RESERVED_INPUT_WITH_WEAK_PULLUP ;        ;              ;                     ; Row I/O      ;                 ; no       ; On           ;
; W3       ;            ;          ; GND                             ; gnd    ;              ;                     ; --           ;                 ; --       ; --           ;
; W4       ;            ;          ; GND                             ; gnd    ;              ;                     ; --           ;                 ; --       ; --           ;
; W5       ; 54         ; 3A       ; #TDI                            ; input  ;              ;                     ; --           ;                 ; --       ; --           ;
; W6       ;            ; 3A       ; VCCPD3A                         ; power  ;              ; 2.5V                ; --           ;                 ; --       ; --           ;
; W7       ;            ; --       ; VCC_AUX                         ; power  ;              ; 2.5V                ; --           ;                 ; --       ; --           ;
; W8       ; 63         ; 3A       ; RESERVED_INPUT_WITH_WEAK_PULLUP ;        ;              ;                     ; Column I/O   ;                 ; no       ; On           ;
; W9       ; 65         ; 3A       ; RESERVED_INPUT_WITH_WEAK_PULLUP ;        ;              ;                     ; Column I/O   ;                 ; no       ; On           ;
; W10      ;            ; 3B       ; VCCIO3B                         ; power  ;              ; 2.5V                ; --           ;                 ; --       ; --           ;
; W11      ;            ; 3B, 4A   ; VCCPD3B4A                       ; power  ;              ; 2.5V                ; --           ;                 ; --       ; --           ;
; W12      ;            ; 3B, 4A   ; VCCPD3B4A                       ; power  ;              ; 2.5V                ; --           ;                 ; --       ; --           ;
; W13      ;            ; --       ; VCC_AUX                         ; power  ;              ; 2.5V                ; --           ;                 ; --       ; --           ;
; W14      ;            ; 3B, 4A   ; VCCPD3B4A                       ; power  ;              ; 2.5V                ; --           ;                 ; --       ; --           ;
; W15      ;            ; 4A       ; VCCIO4A                         ; power  ;              ; 2.5V                ; --           ;                 ; --       ; --           ;
; W16      ; 136        ; 4A       ; RESERVED_INPUT_WITH_WEAK_PULLUP ;        ;              ;                     ; Column I/O   ;                 ; no       ; On           ;
; W17      ;            ; 3B, 4A   ; VCCPD3B4A                       ; power  ;              ; 2.5V                ; --           ;                 ; --       ; --           ;
; W18      ;            ; --       ; VCC_AUX                         ; power  ;              ; 2.5V                ; --           ;                 ; --       ; --           ;
; W19      ; 133        ; 4A       ; RESERVED_INPUT_WITH_WEAK_PULLUP ;        ;              ;                     ; Column I/O   ;                 ; no       ; On           ;
; W20      ;            ; 4A       ; VCCIO4A                         ; power  ;              ; 2.5V                ; --           ;                 ; --       ; --           ;
; W21      ; 145        ; 4A       ; RESERVED_INPUT_WITH_WEAK_PULLUP ;        ;              ;                     ; Column I/O   ;                 ; no       ; On           ;
; W22      ; 140        ; 4A       ; RESERVED_INPUT_WITH_WEAK_PULLUP ;        ;              ;                     ; Column I/O   ;                 ; no       ; On           ;
; Y1       ;            ;          ; GND                             ; gnd    ;              ;                     ; --           ;                 ; --       ; --           ;
; Y2       ;            ;          ; GND                             ; gnd    ;              ;                     ; --           ;                 ; --       ; --           ;
; Y3       ; 30         ; 2A       ; RESERVED_INPUT_WITH_WEAK_PULLUP ;        ;              ;                     ; Row I/O      ;                 ; no       ; On           ;
; Y4       ;            ; 2A       ; VCCIO2A                         ; power  ;              ; 2.5V                ; --           ;                 ; --       ; --           ;
; Y5       ;            ;          ; GND                             ; gnd    ;              ;                     ; --           ;                 ; --       ; --           ;
; Y6       ;            ;          ; NC                              ;        ;              ;                     ; --           ;                 ; --       ; --           ;
; Y7       ;            ; 3A       ; VREFB3AN0                       ; power  ;              ;                     ; --           ;                 ; --       ; --           ;
; Y8       ;            ; 3A       ; VCCIO3A                         ; power  ;              ; 2.5V                ; --           ;                 ; --       ; --           ;
; Y9       ; 92         ; 3B       ; RESERVED_INPUT_WITH_WEAK_PULLUP ;        ;              ;                     ; Column I/O   ;                 ; no       ; On           ;
; Y10      ; 90         ; 3B       ; RESERVED_INPUT_WITH_WEAK_PULLUP ;        ;              ;                     ; Column I/O   ;                 ; no       ; On           ;
; Y11      ; 103        ; 3B       ; RESERVED_INPUT_WITH_WEAK_PULLUP ;        ;              ;                     ; Column I/O   ;                 ; no       ; On           ;
; Y12      ;            ; 3B       ; VREFB3BN0                       ; power  ;              ;                     ; --           ;                 ; --       ; --           ;
; Y13      ;            ; 3B       ; VCCIO3B                         ; power  ;              ; 2.5V                ; --           ;                 ; --       ; --           ;
; Y14      ; 115        ; 4A       ; RESERVED_INPUT_WITH_WEAK_PULLUP ;        ;              ;                     ; Column I/O   ;                 ; no       ; On           ;
; Y15      ; 117        ; 4A       ; RESERVED_INPUT_WITH_WEAK_PULLUP ;        ;              ;                     ; Column I/O   ;                 ; no       ; On           ;
; Y16      ; 123        ; 4A       ; RESERVED_INPUT_WITH_WEAK_PULLUP ;        ;              ;                     ; Column I/O   ;                 ; no       ; On           ;
; Y17      ; 125        ; 4A       ; RESERVED_INPUT_WITH_WEAK_PULLUP ;        ;              ;                     ; Column I/O   ;                 ; no       ; On           ;
; Y18      ;            ;          ; GND                             ; gnd    ;              ;                     ; --           ;                 ; --       ; --           ;
; Y19      ; 141        ; 4A       ; RESERVED_INPUT_WITH_WEAK_PULLUP ;        ;              ;                     ; Column I/O   ;                 ; no       ; On           ;
; Y20      ; 139        ; 4A       ; RESERVED_INPUT_WITH_WEAK_PULLUP ;        ;              ;                     ; Column I/O   ;                 ; no       ; On           ;
; Y21      ; 143        ; 4A       ; RESERVED_INPUT_WITH_WEAK_PULLUP ;        ;              ;                     ; Column I/O   ;                 ; no       ; On           ;
; Y22      ; 138        ; 4A       ; RESERVED_INPUT_WITH_WEAK_PULLUP ;        ;              ;                     ; Column I/O   ;                 ; no       ; On           ;
+----------+------------+----------+---------------------------------+--------+--------------+---------------------+--------------+-----------------+----------+--------------+
Note: Pin directions (input, output or bidir) are based on device operating in user mode.


+---------------------------------------------+
; I/O Assignment Warnings                     ;
+-------------+-------------------------------+
; Pin Name    ; Reason                        ;
+-------------+-------------------------------+
; clock[0]    ; Incomplete set of assignments ;
; clock[1]    ; Incomplete set of assignments ;
; clock[2]    ; Incomplete set of assignments ;
; clock[3]    ; Incomplete set of assignments ;
; clock[4]    ; Incomplete set of assignments ;
; clock[5]    ; Incomplete set of assignments ;
; clock[6]    ; Incomplete set of assignments ;
; clock[7]    ; Incomplete set of assignments ;
; clock[8]    ; Incomplete set of assignments ;
; clock[9]    ; Incomplete set of assignments ;
; clock[10]   ; Incomplete set of assignments ;
; clock[11]   ; Incomplete set of assignments ;
; clock[12]   ; Incomplete set of assignments ;
; clock[13]   ; Incomplete set of assignments ;
; clock[14]   ; Incomplete set of assignments ;
; clock[15]   ; Incomplete set of assignments ;
; clock[16]   ; Incomplete set of assignments ;
; clock[17]   ; Incomplete set of assignments ;
; clock[18]   ; Incomplete set of assignments ;
; clock[19]   ; Incomplete set of assignments ;
; clock[20]   ; Incomplete set of assignments ;
; clock[21]   ; Incomplete set of assignments ;
; clock[22]   ; Incomplete set of assignments ;
; clock[23]   ; Incomplete set of assignments ;
; clock[24]   ; Incomplete set of assignments ;
; clock[25]   ; Incomplete set of assignments ;
; clock[26]   ; Incomplete set of assignments ;
; clock[27]   ; Incomplete set of assignments ;
; clock[28]   ; Incomplete set of assignments ;
; clock[29]   ; Incomplete set of assignments ;
; clock[30]   ; Incomplete set of assignments ;
; clock[31]   ; Incomplete set of assignments ;
; clear[0]    ; Incomplete set of assignments ;
; clear[1]    ; Incomplete set of assignments ;
; clear[2]    ; Incomplete set of assignments ;
; clear[3]    ; Incomplete set of assignments ;
; clear[4]    ; Incomplete set of assignments ;
; clear[5]    ; Incomplete set of assignments ;
; clear[6]    ; Incomplete set of assignments ;
; clear[7]    ; Incomplete set of assignments ;
; clear[8]    ; Incomplete set of assignments ;
; clear[9]    ; Incomplete set of assignments ;
; clear[10]   ; Incomplete set of assignments ;
; clear[11]   ; Incomplete set of assignments ;
; clear[12]   ; Incomplete set of assignments ;
; clear[13]   ; Incomplete set of assignments ;
; clear[14]   ; Incomplete set of assignments ;
; clear[15]   ; Incomplete set of assignments ;
; clear[16]   ; Incomplete set of assignments ;
; clear[17]   ; Incomplete set of assignments ;
; clear[18]   ; Incomplete set of assignments ;
; clear[19]   ; Incomplete set of assignments ;
; clear[20]   ; Incomplete set of assignments ;
; clear[21]   ; Incomplete set of assignments ;
; clear[22]   ; Incomplete set of assignments ;
; clear[23]   ; Incomplete set of assignments ;
; clear[24]   ; Incomplete set of assignments ;
; clear[25]   ; Incomplete set of assignments ;
; clear[26]   ; Incomplete set of assignments ;
; clear[27]   ; Incomplete set of assignments ;
; clear[28]   ; Incomplete set of assignments ;
; clear[29]   ; Incomplete set of assignments ;
; clear[30]   ; Incomplete set of assignments ;
; clear[31]   ; Incomplete set of assignments ;
; R0out[0]    ; Incomplete set of assignments ;
; R0out[1]    ; Incomplete set of assignments ;
; R0out[2]    ; Incomplete set of assignments ;
; R0out[3]    ; Incomplete set of assignments ;
; R0out[4]    ; Incomplete set of assignments ;
; R0out[5]    ; Incomplete set of assignments ;
; R0out[6]    ; Incomplete set of assignments ;
; R0out[7]    ; Incomplete set of assignments ;
; R0out[8]    ; Incomplete set of assignments ;
; R0out[9]    ; Incomplete set of assignments ;
; R0out[10]   ; Incomplete set of assignments ;
; R0out[11]   ; Incomplete set of assignments ;
; R0out[12]   ; Incomplete set of assignments ;
; R0out[13]   ; Incomplete set of assignments ;
; R0out[14]   ; Incomplete set of assignments ;
; R0out[15]   ; Incomplete set of assignments ;
; R0out[16]   ; Incomplete set of assignments ;
; R0out[17]   ; Incomplete set of assignments ;
; R0out[18]   ; Incomplete set of assignments ;
; R0out[19]   ; Incomplete set of assignments ;
; R0out[20]   ; Incomplete set of assignments ;
; R0out[21]   ; Incomplete set of assignments ;
; R0out[22]   ; Incomplete set of assignments ;
; R0out[23]   ; Incomplete set of assignments ;
; R0out[24]   ; Incomplete set of assignments ;
; R0out[25]   ; Incomplete set of assignments ;
; R0out[26]   ; Incomplete set of assignments ;
; R0out[27]   ; Incomplete set of assignments ;
; R0out[28]   ; Incomplete set of assignments ;
; R0out[29]   ; Incomplete set of assignments ;
; R0out[30]   ; Incomplete set of assignments ;
; R0out[31]   ; Incomplete set of assignments ;
; R1out[0]    ; Incomplete set of assignments ;
; R1out[1]    ; Incomplete set of assignments ;
; R1out[2]    ; Incomplete set of assignments ;
; R1out[3]    ; Incomplete set of assignments ;
; R1out[4]    ; Incomplete set of assignments ;
; R1out[5]    ; Incomplete set of assignments ;
; R1out[6]    ; Incomplete set of assignments ;
; R1out[7]    ; Incomplete set of assignments ;
; R1out[8]    ; Incomplete set of assignments ;
; R1out[9]    ; Incomplete set of assignments ;
; R1out[10]   ; Incomplete set of assignments ;
; R1out[11]   ; Incomplete set of assignments ;
; R1out[12]   ; Incomplete set of assignments ;
; R1out[13]   ; Incomplete set of assignments ;
; R1out[14]   ; Incomplete set of assignments ;
; R1out[15]   ; Incomplete set of assignments ;
; R1out[16]   ; Incomplete set of assignments ;
; R1out[17]   ; Incomplete set of assignments ;
; R1out[18]   ; Incomplete set of assignments ;
; R1out[19]   ; Incomplete set of assignments ;
; R1out[20]   ; Incomplete set of assignments ;
; R1out[21]   ; Incomplete set of assignments ;
; R1out[22]   ; Incomplete set of assignments ;
; R1out[23]   ; Incomplete set of assignments ;
; R1out[24]   ; Incomplete set of assignments ;
; R1out[25]   ; Incomplete set of assignments ;
; R1out[26]   ; Incomplete set of assignments ;
; R1out[27]   ; Incomplete set of assignments ;
; R1out[28]   ; Incomplete set of assignments ;
; R1out[29]   ; Incomplete set of assignments ;
; R1out[30]   ; Incomplete set of assignments ;
; R1out[31]   ; Incomplete set of assignments ;
; R2out[0]    ; Incomplete set of assignments ;
; R2out[1]    ; Incomplete set of assignments ;
; R2out[2]    ; Incomplete set of assignments ;
; R2out[3]    ; Incomplete set of assignments ;
; R2out[4]    ; Incomplete set of assignments ;
; R2out[5]    ; Incomplete set of assignments ;
; R2out[6]    ; Incomplete set of assignments ;
; R2out[7]    ; Incomplete set of assignments ;
; R2out[8]    ; Incomplete set of assignments ;
; R2out[9]    ; Incomplete set of assignments ;
; R2out[10]   ; Incomplete set of assignments ;
; R2out[11]   ; Incomplete set of assignments ;
; R2out[12]   ; Incomplete set of assignments ;
; R2out[13]   ; Incomplete set of assignments ;
; R2out[14]   ; Incomplete set of assignments ;
; R2out[15]   ; Incomplete set of assignments ;
; R2out[16]   ; Incomplete set of assignments ;
; R2out[17]   ; Incomplete set of assignments ;
; R2out[18]   ; Incomplete set of assignments ;
; R2out[19]   ; Incomplete set of assignments ;
; R2out[20]   ; Incomplete set of assignments ;
; R2out[21]   ; Incomplete set of assignments ;
; R2out[22]   ; Incomplete set of assignments ;
; R2out[23]   ; Incomplete set of assignments ;
; R2out[24]   ; Incomplete set of assignments ;
; R2out[25]   ; Incomplete set of assignments ;
; R2out[26]   ; Incomplete set of assignments ;
; R2out[27]   ; Incomplete set of assignments ;
; R2out[28]   ; Incomplete set of assignments ;
; R2out[29]   ; Incomplete set of assignments ;
; R2out[30]   ; Incomplete set of assignments ;
; R2out[31]   ; Incomplete set of assignments ;
; R3out[0]    ; Incomplete set of assignments ;
; R3out[1]    ; Incomplete set of assignments ;
; R3out[2]    ; Incomplete set of assignments ;
; R3out[3]    ; Incomplete set of assignments ;
; R3out[4]    ; Incomplete set of assignments ;
; R3out[5]    ; Incomplete set of assignments ;
; R3out[6]    ; Incomplete set of assignments ;
; R3out[7]    ; Incomplete set of assignments ;
; R3out[8]    ; Incomplete set of assignments ;
; R3out[9]    ; Incomplete set of assignments ;
; R3out[10]   ; Incomplete set of assignments ;
; R3out[11]   ; Incomplete set of assignments ;
; R3out[12]   ; Incomplete set of assignments ;
; R3out[13]   ; Incomplete set of assignments ;
; R3out[14]   ; Incomplete set of assignments ;
; R3out[15]   ; Incomplete set of assignments ;
; R3out[16]   ; Incomplete set of assignments ;
; R3out[17]   ; Incomplete set of assignments ;
; R3out[18]   ; Incomplete set of assignments ;
; R3out[19]   ; Incomplete set of assignments ;
; R3out[20]   ; Incomplete set of assignments ;
; R3out[21]   ; Incomplete set of assignments ;
; R3out[22]   ; Incomplete set of assignments ;
; R3out[23]   ; Incomplete set of assignments ;
; R3out[24]   ; Incomplete set of assignments ;
; R3out[25]   ; Incomplete set of assignments ;
; R3out[26]   ; Incomplete set of assignments ;
; R3out[27]   ; Incomplete set of assignments ;
; R3out[28]   ; Incomplete set of assignments ;
; R3out[29]   ; Incomplete set of assignments ;
; R3out[30]   ; Incomplete set of assignments ;
; R3out[31]   ; Incomplete set of assignments ;
; R4out[0]    ; Incomplete set of assignments ;
; R4out[1]    ; Incomplete set of assignments ;
; R4out[2]    ; Incomplete set of assignments ;
; R4out[3]    ; Incomplete set of assignments ;
; R4out[4]    ; Incomplete set of assignments ;
; R4out[5]    ; Incomplete set of assignments ;
; R4out[6]    ; Incomplete set of assignments ;
; R4out[7]    ; Incomplete set of assignments ;
; R4out[8]    ; Incomplete set of assignments ;
; R4out[9]    ; Incomplete set of assignments ;
; R4out[10]   ; Incomplete set of assignments ;
; R4out[11]   ; Incomplete set of assignments ;
; R4out[12]   ; Incomplete set of assignments ;
; R4out[13]   ; Incomplete set of assignments ;
; R4out[14]   ; Incomplete set of assignments ;
; R4out[15]   ; Incomplete set of assignments ;
; R4out[16]   ; Incomplete set of assignments ;
; R4out[17]   ; Incomplete set of assignments ;
; R4out[18]   ; Incomplete set of assignments ;
; R4out[19]   ; Incomplete set of assignments ;
; R4out[20]   ; Incomplete set of assignments ;
; R4out[21]   ; Incomplete set of assignments ;
; R4out[22]   ; Incomplete set of assignments ;
; R4out[23]   ; Incomplete set of assignments ;
; R4out[24]   ; Incomplete set of assignments ;
; R4out[25]   ; Incomplete set of assignments ;
; R4out[26]   ; Incomplete set of assignments ;
; R4out[27]   ; Incomplete set of assignments ;
; R4out[28]   ; Incomplete set of assignments ;
; R4out[29]   ; Incomplete set of assignments ;
; R4out[30]   ; Incomplete set of assignments ;
; R4out[31]   ; Incomplete set of assignments ;
; R5out[0]    ; Incomplete set of assignments ;
; R5out[1]    ; Incomplete set of assignments ;
; R5out[2]    ; Incomplete set of assignments ;
; R5out[3]    ; Incomplete set of assignments ;
; R5out[4]    ; Incomplete set of assignments ;
; R5out[5]    ; Incomplete set of assignments ;
; R5out[6]    ; Incomplete set of assignments ;
; R5out[7]    ; Incomplete set of assignments ;
; R5out[8]    ; Incomplete set of assignments ;
; R5out[9]    ; Incomplete set of assignments ;
; R5out[10]   ; Incomplete set of assignments ;
; R5out[11]   ; Incomplete set of assignments ;
; R5out[12]   ; Incomplete set of assignments ;
; R5out[13]   ; Incomplete set of assignments ;
; R5out[14]   ; Incomplete set of assignments ;
; R5out[15]   ; Incomplete set of assignments ;
; R5out[16]   ; Incomplete set of assignments ;
; R5out[17]   ; Incomplete set of assignments ;
; R5out[18]   ; Incomplete set of assignments ;
; R5out[19]   ; Incomplete set of assignments ;
; R5out[20]   ; Incomplete set of assignments ;
; R5out[21]   ; Incomplete set of assignments ;
; R5out[22]   ; Incomplete set of assignments ;
; R5out[23]   ; Incomplete set of assignments ;
; R5out[24]   ; Incomplete set of assignments ;
; R5out[25]   ; Incomplete set of assignments ;
; R5out[26]   ; Incomplete set of assignments ;
; R5out[27]   ; Incomplete set of assignments ;
; R5out[28]   ; Incomplete set of assignments ;
; R5out[29]   ; Incomplete set of assignments ;
; R5out[30]   ; Incomplete set of assignments ;
; R5out[31]   ; Incomplete set of assignments ;
; R6out[0]    ; Incomplete set of assignments ;
; R6out[1]    ; Incomplete set of assignments ;
; R6out[2]    ; Incomplete set of assignments ;
; R6out[3]    ; Incomplete set of assignments ;
; R6out[4]    ; Incomplete set of assignments ;
; R6out[5]    ; Incomplete set of assignments ;
; R6out[6]    ; Incomplete set of assignments ;
; R6out[7]    ; Incomplete set of assignments ;
; R6out[8]    ; Incomplete set of assignments ;
; R6out[9]    ; Incomplete set of assignments ;
; R6out[10]   ; Incomplete set of assignments ;
; R6out[11]   ; Incomplete set of assignments ;
; R6out[12]   ; Incomplete set of assignments ;
; R6out[13]   ; Incomplete set of assignments ;
; R6out[14]   ; Incomplete set of assignments ;
; R6out[15]   ; Incomplete set of assignments ;
; R6out[16]   ; Incomplete set of assignments ;
; R6out[17]   ; Incomplete set of assignments ;
; R6out[18]   ; Incomplete set of assignments ;
; R6out[19]   ; Incomplete set of assignments ;
; R6out[20]   ; Incomplete set of assignments ;
; R6out[21]   ; Incomplete set of assignments ;
; R6out[22]   ; Incomplete set of assignments ;
; R6out[23]   ; Incomplete set of assignments ;
; R6out[24]   ; Incomplete set of assignments ;
; R6out[25]   ; Incomplete set of assignments ;
; R6out[26]   ; Incomplete set of assignments ;
; R6out[27]   ; Incomplete set of assignments ;
; R6out[28]   ; Incomplete set of assignments ;
; R6out[29]   ; Incomplete set of assignments ;
; R6out[30]   ; Incomplete set of assignments ;
; R6out[31]   ; Incomplete set of assignments ;
; R7out[0]    ; Incomplete set of assignments ;
; R7out[1]    ; Incomplete set of assignments ;
; R7out[2]    ; Incomplete set of assignments ;
; R7out[3]    ; Incomplete set of assignments ;
; R7out[4]    ; Incomplete set of assignments ;
; R7out[5]    ; Incomplete set of assignments ;
; R7out[6]    ; Incomplete set of assignments ;
; R7out[7]    ; Incomplete set of assignments ;
; R7out[8]    ; Incomplete set of assignments ;
; R7out[9]    ; Incomplete set of assignments ;
; R7out[10]   ; Incomplete set of assignments ;
; R7out[11]   ; Incomplete set of assignments ;
; R7out[12]   ; Incomplete set of assignments ;
; R7out[13]   ; Incomplete set of assignments ;
; R7out[14]   ; Incomplete set of assignments ;
; R7out[15]   ; Incomplete set of assignments ;
; R7out[16]   ; Incomplete set of assignments ;
; R7out[17]   ; Incomplete set of assignments ;
; R7out[18]   ; Incomplete set of assignments ;
; R7out[19]   ; Incomplete set of assignments ;
; R7out[20]   ; Incomplete set of assignments ;
; R7out[21]   ; Incomplete set of assignments ;
; R7out[22]   ; Incomplete set of assignments ;
; R7out[23]   ; Incomplete set of assignments ;
; R7out[24]   ; Incomplete set of assignments ;
; R7out[25]   ; Incomplete set of assignments ;
; R7out[26]   ; Incomplete set of assignments ;
; R7out[27]   ; Incomplete set of assignments ;
; R7out[28]   ; Incomplete set of assignments ;
; R7out[29]   ; Incomplete set of assignments ;
; R7out[30]   ; Incomplete set of assignments ;
; R7out[31]   ; Incomplete set of assignments ;
; R8out[0]    ; Incomplete set of assignments ;
; R8out[1]    ; Incomplete set of assignments ;
; R8out[2]    ; Incomplete set of assignments ;
; R8out[3]    ; Incomplete set of assignments ;
; R8out[4]    ; Incomplete set of assignments ;
; R8out[5]    ; Incomplete set of assignments ;
; R8out[6]    ; Incomplete set of assignments ;
; R8out[7]    ; Incomplete set of assignments ;
; R8out[8]    ; Incomplete set of assignments ;
; R8out[9]    ; Incomplete set of assignments ;
; R8out[10]   ; Incomplete set of assignments ;
; R8out[11]   ; Incomplete set of assignments ;
; R8out[12]   ; Incomplete set of assignments ;
; R8out[13]   ; Incomplete set of assignments ;
; R8out[14]   ; Incomplete set of assignments ;
; R8out[15]   ; Incomplete set of assignments ;
; R8out[16]   ; Incomplete set of assignments ;
; R8out[17]   ; Incomplete set of assignments ;
; R8out[18]   ; Incomplete set of assignments ;
; R8out[19]   ; Incomplete set of assignments ;
; R8out[20]   ; Incomplete set of assignments ;
; R8out[21]   ; Incomplete set of assignments ;
; R8out[22]   ; Incomplete set of assignments ;
; R8out[23]   ; Incomplete set of assignments ;
; R8out[24]   ; Incomplete set of assignments ;
; R8out[25]   ; Incomplete set of assignments ;
; R8out[26]   ; Incomplete set of assignments ;
; R8out[27]   ; Incomplete set of assignments ;
; R8out[28]   ; Incomplete set of assignments ;
; R8out[29]   ; Incomplete set of assignments ;
; R8out[30]   ; Incomplete set of assignments ;
; R8out[31]   ; Incomplete set of assignments ;
; R9out[0]    ; Incomplete set of assignments ;
; R9out[1]    ; Incomplete set of assignments ;
; R9out[2]    ; Incomplete set of assignments ;
; R9out[3]    ; Incomplete set of assignments ;
; R9out[4]    ; Incomplete set of assignments ;
; R9out[5]    ; Incomplete set of assignments ;
; R9out[6]    ; Incomplete set of assignments ;
; R9out[7]    ; Incomplete set of assignments ;
; R9out[8]    ; Incomplete set of assignments ;
; R9out[9]    ; Incomplete set of assignments ;
; R9out[10]   ; Incomplete set of assignments ;
; R9out[11]   ; Incomplete set of assignments ;
; R9out[12]   ; Incomplete set of assignments ;
; R9out[13]   ; Incomplete set of assignments ;
; R9out[14]   ; Incomplete set of assignments ;
; R9out[15]   ; Incomplete set of assignments ;
; R9out[16]   ; Incomplete set of assignments ;
; R9out[17]   ; Incomplete set of assignments ;
; R9out[18]   ; Incomplete set of assignments ;
; R9out[19]   ; Incomplete set of assignments ;
; R9out[20]   ; Incomplete set of assignments ;
; R9out[21]   ; Incomplete set of assignments ;
; R9out[22]   ; Incomplete set of assignments ;
; R9out[23]   ; Incomplete set of assignments ;
; R9out[24]   ; Incomplete set of assignments ;
; R9out[25]   ; Incomplete set of assignments ;
; R9out[26]   ; Incomplete set of assignments ;
; R9out[27]   ; Incomplete set of assignments ;
; R9out[28]   ; Incomplete set of assignments ;
; R9out[29]   ; Incomplete set of assignments ;
; R9out[30]   ; Incomplete set of assignments ;
; R9out[31]   ; Incomplete set of assignments ;
; R10out[0]   ; Incomplete set of assignments ;
; R10out[1]   ; Incomplete set of assignments ;
; R10out[2]   ; Incomplete set of assignments ;
; R10out[3]   ; Incomplete set of assignments ;
; R10out[4]   ; Incomplete set of assignments ;
; R10out[5]   ; Incomplete set of assignments ;
; R10out[6]   ; Incomplete set of assignments ;
; R10out[7]   ; Incomplete set of assignments ;
; R10out[8]   ; Incomplete set of assignments ;
; R10out[9]   ; Incomplete set of assignments ;
; R10out[10]  ; Incomplete set of assignments ;
; R10out[11]  ; Incomplete set of assignments ;
; R10out[12]  ; Incomplete set of assignments ;
; R10out[13]  ; Incomplete set of assignments ;
; R10out[14]  ; Incomplete set of assignments ;
; R10out[15]  ; Incomplete set of assignments ;
; R10out[16]  ; Incomplete set of assignments ;
; R10out[17]  ; Incomplete set of assignments ;
; R10out[18]  ; Incomplete set of assignments ;
; R10out[19]  ; Incomplete set of assignments ;
; R10out[20]  ; Incomplete set of assignments ;
; R10out[21]  ; Incomplete set of assignments ;
; R10out[22]  ; Incomplete set of assignments ;
; R10out[23]  ; Incomplete set of assignments ;
; R10out[24]  ; Incomplete set of assignments ;
; R10out[25]  ; Incomplete set of assignments ;
; R10out[26]  ; Incomplete set of assignments ;
; R10out[27]  ; Incomplete set of assignments ;
; R10out[28]  ; Incomplete set of assignments ;
; R10out[29]  ; Incomplete set of assignments ;
; R10out[30]  ; Incomplete set of assignments ;
; R10out[31]  ; Incomplete set of assignments ;
; R11out[0]   ; Incomplete set of assignments ;
; R11out[1]   ; Incomplete set of assignments ;
; R11out[2]   ; Incomplete set of assignments ;
; R11out[3]   ; Incomplete set of assignments ;
; R11out[4]   ; Incomplete set of assignments ;
; R11out[5]   ; Incomplete set of assignments ;
; R11out[6]   ; Incomplete set of assignments ;
; R11out[7]   ; Incomplete set of assignments ;
; R11out[8]   ; Incomplete set of assignments ;
; R11out[9]   ; Incomplete set of assignments ;
; R11out[10]  ; Incomplete set of assignments ;
; R11out[11]  ; Incomplete set of assignments ;
; R11out[12]  ; Incomplete set of assignments ;
; R11out[13]  ; Incomplete set of assignments ;
; R11out[14]  ; Incomplete set of assignments ;
; R11out[15]  ; Incomplete set of assignments ;
; R11out[16]  ; Incomplete set of assignments ;
; R11out[17]  ; Incomplete set of assignments ;
; R11out[18]  ; Incomplete set of assignments ;
; R11out[19]  ; Incomplete set of assignments ;
; R11out[20]  ; Incomplete set of assignments ;
; R11out[21]  ; Incomplete set of assignments ;
; R11out[22]  ; Incomplete set of assignments ;
; R11out[23]  ; Incomplete set of assignments ;
; R11out[24]  ; Incomplete set of assignments ;
; R11out[25]  ; Incomplete set of assignments ;
; R11out[26]  ; Incomplete set of assignments ;
; R11out[27]  ; Incomplete set of assignments ;
; R11out[28]  ; Incomplete set of assignments ;
; R11out[29]  ; Incomplete set of assignments ;
; R11out[30]  ; Incomplete set of assignments ;
; R11out[31]  ; Incomplete set of assignments ;
; R12out[0]   ; Incomplete set of assignments ;
; R12out[1]   ; Incomplete set of assignments ;
; R12out[2]   ; Incomplete set of assignments ;
; R12out[3]   ; Incomplete set of assignments ;
; R12out[4]   ; Incomplete set of assignments ;
; R12out[5]   ; Incomplete set of assignments ;
; R12out[6]   ; Incomplete set of assignments ;
; R12out[7]   ; Incomplete set of assignments ;
; R12out[8]   ; Incomplete set of assignments ;
; R12out[9]   ; Incomplete set of assignments ;
; R12out[10]  ; Incomplete set of assignments ;
; R12out[11]  ; Incomplete set of assignments ;
; R12out[12]  ; Incomplete set of assignments ;
; R12out[13]  ; Incomplete set of assignments ;
; R12out[14]  ; Incomplete set of assignments ;
; R12out[15]  ; Incomplete set of assignments ;
; R12out[16]  ; Incomplete set of assignments ;
; R12out[17]  ; Incomplete set of assignments ;
; R12out[18]  ; Incomplete set of assignments ;
; R12out[19]  ; Incomplete set of assignments ;
; R12out[20]  ; Incomplete set of assignments ;
; R12out[21]  ; Incomplete set of assignments ;
; R12out[22]  ; Incomplete set of assignments ;
; R12out[23]  ; Incomplete set of assignments ;
; R12out[24]  ; Incomplete set of assignments ;
; R12out[25]  ; Incomplete set of assignments ;
; R12out[26]  ; Incomplete set of assignments ;
; R12out[27]  ; Incomplete set of assignments ;
; R12out[28]  ; Incomplete set of assignments ;
; R12out[29]  ; Incomplete set of assignments ;
; R12out[30]  ; Incomplete set of assignments ;
; R12out[31]  ; Incomplete set of assignments ;
; R13out[0]   ; Incomplete set of assignments ;
; R13out[1]   ; Incomplete set of assignments ;
; R13out[2]   ; Incomplete set of assignments ;
; R13out[3]   ; Incomplete set of assignments ;
; R13out[4]   ; Incomplete set of assignments ;
; R13out[5]   ; Incomplete set of assignments ;
; R13out[6]   ; Incomplete set of assignments ;
; R13out[7]   ; Incomplete set of assignments ;
; R13out[8]   ; Incomplete set of assignments ;
; R13out[9]   ; Incomplete set of assignments ;
; R13out[10]  ; Incomplete set of assignments ;
; R13out[11]  ; Incomplete set of assignments ;
; R13out[12]  ; Incomplete set of assignments ;
; R13out[13]  ; Incomplete set of assignments ;
; R13out[14]  ; Incomplete set of assignments ;
; R13out[15]  ; Incomplete set of assignments ;
; R13out[16]  ; Incomplete set of assignments ;
; R13out[17]  ; Incomplete set of assignments ;
; R13out[18]  ; Incomplete set of assignments ;
; R13out[19]  ; Incomplete set of assignments ;
; R13out[20]  ; Incomplete set of assignments ;
; R13out[21]  ; Incomplete set of assignments ;
; R13out[22]  ; Incomplete set of assignments ;
; R13out[23]  ; Incomplete set of assignments ;
; R13out[24]  ; Incomplete set of assignments ;
; R13out[25]  ; Incomplete set of assignments ;
; R13out[26]  ; Incomplete set of assignments ;
; R13out[27]  ; Incomplete set of assignments ;
; R13out[28]  ; Incomplete set of assignments ;
; R13out[29]  ; Incomplete set of assignments ;
; R13out[30]  ; Incomplete set of assignments ;
; R13out[31]  ; Incomplete set of assignments ;
; R14out[0]   ; Incomplete set of assignments ;
; R14out[1]   ; Incomplete set of assignments ;
; R14out[2]   ; Incomplete set of assignments ;
; R14out[3]   ; Incomplete set of assignments ;
; R14out[4]   ; Incomplete set of assignments ;
; R14out[5]   ; Incomplete set of assignments ;
; R14out[6]   ; Incomplete set of assignments ;
; R14out[7]   ; Incomplete set of assignments ;
; R14out[8]   ; Incomplete set of assignments ;
; R14out[9]   ; Incomplete set of assignments ;
; R14out[10]  ; Incomplete set of assignments ;
; R14out[11]  ; Incomplete set of assignments ;
; R14out[12]  ; Incomplete set of assignments ;
; R14out[13]  ; Incomplete set of assignments ;
; R14out[14]  ; Incomplete set of assignments ;
; R14out[15]  ; Incomplete set of assignments ;
; R14out[16]  ; Incomplete set of assignments ;
; R14out[17]  ; Incomplete set of assignments ;
; R14out[18]  ; Incomplete set of assignments ;
; R14out[19]  ; Incomplete set of assignments ;
; R14out[20]  ; Incomplete set of assignments ;
; R14out[21]  ; Incomplete set of assignments ;
; R14out[22]  ; Incomplete set of assignments ;
; R14out[23]  ; Incomplete set of assignments ;
; R14out[24]  ; Incomplete set of assignments ;
; R14out[25]  ; Incomplete set of assignments ;
; R14out[26]  ; Incomplete set of assignments ;
; R14out[27]  ; Incomplete set of assignments ;
; R14out[28]  ; Incomplete set of assignments ;
; R14out[29]  ; Incomplete set of assignments ;
; R14out[30]  ; Incomplete set of assignments ;
; R14out[31]  ; Incomplete set of assignments ;
; R15out[0]   ; Incomplete set of assignments ;
; R15out[1]   ; Incomplete set of assignments ;
; R15out[2]   ; Incomplete set of assignments ;
; R15out[3]   ; Incomplete set of assignments ;
; R15out[4]   ; Incomplete set of assignments ;
; R15out[5]   ; Incomplete set of assignments ;
; R15out[6]   ; Incomplete set of assignments ;
; R15out[7]   ; Incomplete set of assignments ;
; R15out[8]   ; Incomplete set of assignments ;
; R15out[9]   ; Incomplete set of assignments ;
; R15out[10]  ; Incomplete set of assignments ;
; R15out[11]  ; Incomplete set of assignments ;
; R15out[12]  ; Incomplete set of assignments ;
; R15out[13]  ; Incomplete set of assignments ;
; R15out[14]  ; Incomplete set of assignments ;
; R15out[15]  ; Incomplete set of assignments ;
; R15out[16]  ; Incomplete set of assignments ;
; R15out[17]  ; Incomplete set of assignments ;
; R15out[18]  ; Incomplete set of assignments ;
; R15out[19]  ; Incomplete set of assignments ;
; R15out[20]  ; Incomplete set of assignments ;
; R15out[21]  ; Incomplete set of assignments ;
; R15out[22]  ; Incomplete set of assignments ;
; R15out[23]  ; Incomplete set of assignments ;
; R15out[24]  ; Incomplete set of assignments ;
; R15out[25]  ; Incomplete set of assignments ;
; R15out[26]  ; Incomplete set of assignments ;
; R15out[27]  ; Incomplete set of assignments ;
; R15out[28]  ; Incomplete set of assignments ;
; R15out[29]  ; Incomplete set of assignments ;
; R15out[30]  ; Incomplete set of assignments ;
; R15out[31]  ; Incomplete set of assignments ;
; RZout[0]    ; Incomplete set of assignments ;
; RZout[1]    ; Incomplete set of assignments ;
; RZout[2]    ; Incomplete set of assignments ;
; RZout[3]    ; Incomplete set of assignments ;
; RZout[4]    ; Incomplete set of assignments ;
; RZout[5]    ; Incomplete set of assignments ;
; RZout[6]    ; Incomplete set of assignments ;
; RZout[7]    ; Incomplete set of assignments ;
; RZout[8]    ; Incomplete set of assignments ;
; RZout[9]    ; Incomplete set of assignments ;
; RZout[10]   ; Incomplete set of assignments ;
; RZout[11]   ; Incomplete set of assignments ;
; RZout[12]   ; Incomplete set of assignments ;
; RZout[13]   ; Incomplete set of assignments ;
; RZout[14]   ; Incomplete set of assignments ;
; RZout[15]   ; Incomplete set of assignments ;
; RZout[16]   ; Incomplete set of assignments ;
; RZout[17]   ; Incomplete set of assignments ;
; RZout[18]   ; Incomplete set of assignments ;
; RZout[19]   ; Incomplete set of assignments ;
; RZout[20]   ; Incomplete set of assignments ;
; RZout[21]   ; Incomplete set of assignments ;
; RZout[22]   ; Incomplete set of assignments ;
; RZout[23]   ; Incomplete set of assignments ;
; RZout[24]   ; Incomplete set of assignments ;
; RZout[25]   ; Incomplete set of assignments ;
; RZout[26]   ; Incomplete set of assignments ;
; RZout[27]   ; Incomplete set of assignments ;
; RZout[28]   ; Incomplete set of assignments ;
; RZout[29]   ; Incomplete set of assignments ;
; RZout[30]   ; Incomplete set of assignments ;
; RZout[31]   ; Incomplete set of assignments ;
; RYout[0]    ; Incomplete set of assignments ;
; RYout[1]    ; Incomplete set of assignments ;
; RYout[2]    ; Incomplete set of assignments ;
; RYout[3]    ; Incomplete set of assignments ;
; RYout[4]    ; Incomplete set of assignments ;
; RYout[5]    ; Incomplete set of assignments ;
; RYout[6]    ; Incomplete set of assignments ;
; RYout[7]    ; Incomplete set of assignments ;
; RYout[8]    ; Incomplete set of assignments ;
; RYout[9]    ; Incomplete set of assignments ;
; RYout[10]   ; Incomplete set of assignments ;
; RYout[11]   ; Incomplete set of assignments ;
; RYout[12]   ; Incomplete set of assignments ;
; RYout[13]   ; Incomplete set of assignments ;
; RYout[14]   ; Incomplete set of assignments ;
; RYout[15]   ; Incomplete set of assignments ;
; RYout[16]   ; Incomplete set of assignments ;
; RYout[17]   ; Incomplete set of assignments ;
; RYout[18]   ; Incomplete set of assignments ;
; RYout[19]   ; Incomplete set of assignments ;
; RYout[20]   ; Incomplete set of assignments ;
; RYout[21]   ; Incomplete set of assignments ;
; RYout[22]   ; Incomplete set of assignments ;
; RYout[23]   ; Incomplete set of assignments ;
; RYout[24]   ; Incomplete set of assignments ;
; RYout[25]   ; Incomplete set of assignments ;
; RYout[26]   ; Incomplete set of assignments ;
; RYout[27]   ; Incomplete set of assignments ;
; RYout[28]   ; Incomplete set of assignments ;
; RYout[29]   ; Incomplete set of assignments ;
; RYout[30]   ; Incomplete set of assignments ;
; RYout[31]   ; Incomplete set of assignments ;
; RHIout[0]   ; Incomplete set of assignments ;
; RHIout[1]   ; Incomplete set of assignments ;
; RHIout[2]   ; Incomplete set of assignments ;
; RHIout[3]   ; Incomplete set of assignments ;
; RHIout[4]   ; Incomplete set of assignments ;
; RHIout[5]   ; Incomplete set of assignments ;
; RHIout[6]   ; Incomplete set of assignments ;
; RHIout[7]   ; Incomplete set of assignments ;
; RHIout[8]   ; Incomplete set of assignments ;
; RHIout[9]   ; Incomplete set of assignments ;
; RHIout[10]  ; Incomplete set of assignments ;
; RHIout[11]  ; Incomplete set of assignments ;
; RHIout[12]  ; Incomplete set of assignments ;
; RHIout[13]  ; Incomplete set of assignments ;
; RHIout[14]  ; Incomplete set of assignments ;
; RHIout[15]  ; Incomplete set of assignments ;
; RHIout[16]  ; Incomplete set of assignments ;
; RHIout[17]  ; Incomplete set of assignments ;
; RHIout[18]  ; Incomplete set of assignments ;
; RHIout[19]  ; Incomplete set of assignments ;
; RHIout[20]  ; Incomplete set of assignments ;
; RHIout[21]  ; Incomplete set of assignments ;
; RHIout[22]  ; Incomplete set of assignments ;
; RHIout[23]  ; Incomplete set of assignments ;
; RHIout[24]  ; Incomplete set of assignments ;
; RHIout[25]  ; Incomplete set of assignments ;
; RHIout[26]  ; Incomplete set of assignments ;
; RHIout[27]  ; Incomplete set of assignments ;
; RHIout[28]  ; Incomplete set of assignments ;
; RHIout[29]  ; Incomplete set of assignments ;
; RHIout[30]  ; Incomplete set of assignments ;
; RHIout[31]  ; Incomplete set of assignments ;
; RLOout[0]   ; Incomplete set of assignments ;
; RLOout[1]   ; Incomplete set of assignments ;
; RLOout[2]   ; Incomplete set of assignments ;
; RLOout[3]   ; Incomplete set of assignments ;
; RLOout[4]   ; Incomplete set of assignments ;
; RLOout[5]   ; Incomplete set of assignments ;
; RLOout[6]   ; Incomplete set of assignments ;
; RLOout[7]   ; Incomplete set of assignments ;
; RLOout[8]   ; Incomplete set of assignments ;
; RLOout[9]   ; Incomplete set of assignments ;
; RLOout[10]  ; Incomplete set of assignments ;
; RLOout[11]  ; Incomplete set of assignments ;
; RLOout[12]  ; Incomplete set of assignments ;
; RLOout[13]  ; Incomplete set of assignments ;
; RLOout[14]  ; Incomplete set of assignments ;
; RLOout[15]  ; Incomplete set of assignments ;
; RLOout[16]  ; Incomplete set of assignments ;
; RLOout[17]  ; Incomplete set of assignments ;
; RLOout[18]  ; Incomplete set of assignments ;
; RLOout[19]  ; Incomplete set of assignments ;
; RLOout[20]  ; Incomplete set of assignments ;
; RLOout[21]  ; Incomplete set of assignments ;
; RLOout[22]  ; Incomplete set of assignments ;
; RLOout[23]  ; Incomplete set of assignments ;
; RLOout[24]  ; Incomplete set of assignments ;
; RLOout[25]  ; Incomplete set of assignments ;
; RLOout[26]  ; Incomplete set of assignments ;
; RLOout[27]  ; Incomplete set of assignments ;
; RLOout[28]  ; Incomplete set of assignments ;
; RLOout[29]  ; Incomplete set of assignments ;
; RLOout[30]  ; Incomplete set of assignments ;
; RLOout[31]  ; Incomplete set of assignments ;
; RPCout[0]   ; Incomplete set of assignments ;
; RPCout[1]   ; Incomplete set of assignments ;
; RPCout[2]   ; Incomplete set of assignments ;
; RPCout[3]   ; Incomplete set of assignments ;
; RPCout[4]   ; Incomplete set of assignments ;
; RPCout[5]   ; Incomplete set of assignments ;
; RPCout[6]   ; Incomplete set of assignments ;
; RPCout[7]   ; Incomplete set of assignments ;
; RPCout[8]   ; Incomplete set of assignments ;
; RPCout[9]   ; Incomplete set of assignments ;
; RPCout[10]  ; Incomplete set of assignments ;
; RPCout[11]  ; Incomplete set of assignments ;
; RPCout[12]  ; Incomplete set of assignments ;
; RPCout[13]  ; Incomplete set of assignments ;
; RPCout[14]  ; Incomplete set of assignments ;
; RPCout[15]  ; Incomplete set of assignments ;
; RPCout[16]  ; Incomplete set of assignments ;
; RPCout[17]  ; Incomplete set of assignments ;
; RPCout[18]  ; Incomplete set of assignments ;
; RPCout[19]  ; Incomplete set of assignments ;
; RPCout[20]  ; Incomplete set of assignments ;
; RPCout[21]  ; Incomplete set of assignments ;
; RPCout[22]  ; Incomplete set of assignments ;
; RPCout[23]  ; Incomplete set of assignments ;
; RPCout[24]  ; Incomplete set of assignments ;
; RPCout[25]  ; Incomplete set of assignments ;
; RPCout[26]  ; Incomplete set of assignments ;
; RPCout[27]  ; Incomplete set of assignments ;
; RPCout[28]  ; Incomplete set of assignments ;
; RPCout[29]  ; Incomplete set of assignments ;
; RPCout[30]  ; Incomplete set of assignments ;
; RPCout[31]  ; Incomplete set of assignments ;
; RIRout[0]   ; Incomplete set of assignments ;
; RIRout[1]   ; Incomplete set of assignments ;
; RIRout[2]   ; Incomplete set of assignments ;
; RIRout[3]   ; Incomplete set of assignments ;
; RIRout[4]   ; Incomplete set of assignments ;
; RIRout[5]   ; Incomplete set of assignments ;
; RIRout[6]   ; Incomplete set of assignments ;
; RIRout[7]   ; Incomplete set of assignments ;
; RIRout[8]   ; Incomplete set of assignments ;
; RIRout[9]   ; Incomplete set of assignments ;
; RIRout[10]  ; Incomplete set of assignments ;
; RIRout[11]  ; Incomplete set of assignments ;
; RIRout[12]  ; Incomplete set of assignments ;
; RIRout[13]  ; Incomplete set of assignments ;
; RIRout[14]  ; Incomplete set of assignments ;
; RIRout[15]  ; Incomplete set of assignments ;
; RIRout[16]  ; Incomplete set of assignments ;
; RIRout[17]  ; Incomplete set of assignments ;
; RIRout[18]  ; Incomplete set of assignments ;
; RIRout[19]  ; Incomplete set of assignments ;
; RIRout[20]  ; Incomplete set of assignments ;
; RIRout[21]  ; Incomplete set of assignments ;
; RIRout[22]  ; Incomplete set of assignments ;
; RIRout[23]  ; Incomplete set of assignments ;
; RIRout[24]  ; Incomplete set of assignments ;
; RIRout[25]  ; Incomplete set of assignments ;
; RIRout[26]  ; Incomplete set of assignments ;
; RIRout[27]  ; Incomplete set of assignments ;
; RIRout[28]  ; Incomplete set of assignments ;
; RIRout[29]  ; Incomplete set of assignments ;
; RIRout[30]  ; Incomplete set of assignments ;
; RIRout[31]  ; Incomplete set of assignments ;
; RMARout[0]  ; Incomplete set of assignments ;
; RMARout[1]  ; Incomplete set of assignments ;
; RMARout[2]  ; Incomplete set of assignments ;
; RMARout[3]  ; Incomplete set of assignments ;
; RMARout[4]  ; Incomplete set of assignments ;
; RMARout[5]  ; Incomplete set of assignments ;
; RMARout[6]  ; Incomplete set of assignments ;
; RMARout[7]  ; Incomplete set of assignments ;
; RMARout[8]  ; Incomplete set of assignments ;
; RMARout[9]  ; Incomplete set of assignments ;
; RMARout[10] ; Incomplete set of assignments ;
; RMARout[11] ; Incomplete set of assignments ;
; RMARout[12] ; Incomplete set of assignments ;
; RMARout[13] ; Incomplete set of assignments ;
; RMARout[14] ; Incomplete set of assignments ;
; RMARout[15] ; Incomplete set of assignments ;
; RMARout[16] ; Incomplete set of assignments ;
; RMARout[17] ; Incomplete set of assignments ;
; RMARout[18] ; Incomplete set of assignments ;
; RMARout[19] ; Incomplete set of assignments ;
; RMARout[20] ; Incomplete set of assignments ;
; RMARout[21] ; Incomplete set of assignments ;
; RMARout[22] ; Incomplete set of assignments ;
; RMARout[23] ; Incomplete set of assignments ;
; RMARout[24] ; Incomplete set of assignments ;
; RMARout[25] ; Incomplete set of assignments ;
; RMARout[26] ; Incomplete set of assignments ;
; RMARout[27] ; Incomplete set of assignments ;
; RMARout[28] ; Incomplete set of assignments ;
; RMARout[29] ; Incomplete set of assignments ;
; RMARout[30] ; Incomplete set of assignments ;
; RMARout[31] ; Incomplete set of assignments ;
; R0in        ; Incomplete set of assignments ;
; R1in        ; Incomplete set of assignments ;
; R2in        ; Incomplete set of assignments ;
; R3in        ; Incomplete set of assignments ;
; R4in        ; Incomplete set of assignments ;
; R5in        ; Incomplete set of assignments ;
; R6in        ; Incomplete set of assignments ;
; R7in        ; Incomplete set of assignments ;
; R8in        ; Incomplete set of assignments ;
; R9in        ; Incomplete set of assignments ;
; R10in       ; Incomplete set of assignments ;
; R11in       ; Incomplete set of assignments ;
; R12in       ; Incomplete set of assignments ;
; R13in       ; Incomplete set of assignments ;
; R14in       ; Incomplete set of assignments ;
; R15in       ; Incomplete set of assignments ;
; RZin        ; Incomplete set of assignments ;
; RYin        ; Incomplete set of assignments ;
; RHIin       ; Incomplete set of assignments ;
; RLOin       ; Incomplete set of assignments ;
; RPCin       ; Incomplete set of assignments ;
; RIRin       ; Incomplete set of assignments ;
; RMARin      ; Incomplete set of assignments ;
; clock[0]    ; Missing location assignment   ;
; clock[1]    ; Missing location assignment   ;
; clock[2]    ; Missing location assignment   ;
; clock[3]    ; Missing location assignment   ;
; clock[4]    ; Missing location assignment   ;
; clock[5]    ; Missing location assignment   ;
; clock[6]    ; Missing location assignment   ;
; clock[7]    ; Missing location assignment   ;
; clock[8]    ; Missing location assignment   ;
; clock[9]    ; Missing location assignment   ;
; clock[10]   ; Missing location assignment   ;
; clock[11]   ; Missing location assignment   ;
; clock[12]   ; Missing location assignment   ;
; clock[13]   ; Missing location assignment   ;
; clock[14]   ; Missing location assignment   ;
; clock[15]   ; Missing location assignment   ;
; clock[16]   ; Missing location assignment   ;
; clock[17]   ; Missing location assignment   ;
; clock[18]   ; Missing location assignment   ;
; clock[19]   ; Missing location assignment   ;
; clock[20]   ; Missing location assignment   ;
; clock[21]   ; Missing location assignment   ;
; clock[22]   ; Missing location assignment   ;
; clock[23]   ; Missing location assignment   ;
; clock[24]   ; Missing location assignment   ;
; clock[25]   ; Missing location assignment   ;
; clock[26]   ; Missing location assignment   ;
; clock[27]   ; Missing location assignment   ;
; clock[28]   ; Missing location assignment   ;
; clock[29]   ; Missing location assignment   ;
; clock[30]   ; Missing location assignment   ;
; clock[31]   ; Missing location assignment   ;
; clear[0]    ; Missing location assignment   ;
; clear[1]    ; Missing location assignment   ;
; clear[2]    ; Missing location assignment   ;
; clear[3]    ; Missing location assignment   ;
; clear[4]    ; Missing location assignment   ;
; clear[5]    ; Missing location assignment   ;
; clear[6]    ; Missing location assignment   ;
; clear[7]    ; Missing location assignment   ;
; clear[8]    ; Missing location assignment   ;
; clear[9]    ; Missing location assignment   ;
; clear[10]   ; Missing location assignment   ;
; clear[11]   ; Missing location assignment   ;
; clear[12]   ; Missing location assignment   ;
; clear[13]   ; Missing location assignment   ;
; clear[14]   ; Missing location assignment   ;
; clear[15]   ; Missing location assignment   ;
; clear[16]   ; Missing location assignment   ;
; clear[17]   ; Missing location assignment   ;
; clear[18]   ; Missing location assignment   ;
; clear[19]   ; Missing location assignment   ;
; clear[20]   ; Missing location assignment   ;
; clear[21]   ; Missing location assignment   ;
; clear[22]   ; Missing location assignment   ;
; clear[23]   ; Missing location assignment   ;
; clear[24]   ; Missing location assignment   ;
; clear[25]   ; Missing location assignment   ;
; clear[26]   ; Missing location assignment   ;
; clear[27]   ; Missing location assignment   ;
; clear[28]   ; Missing location assignment   ;
; clear[29]   ; Missing location assignment   ;
; clear[30]   ; Missing location assignment   ;
; clear[31]   ; Missing location assignment   ;
; R0out[0]    ; Missing location assignment   ;
; R0out[1]    ; Missing location assignment   ;
; R0out[2]    ; Missing location assignment   ;
; R0out[3]    ; Missing location assignment   ;
; R0out[4]    ; Missing location assignment   ;
; R0out[5]    ; Missing location assignment   ;
; R0out[6]    ; Missing location assignment   ;
; R0out[7]    ; Missing location assignment   ;
; R0out[8]    ; Missing location assignment   ;
; R0out[9]    ; Missing location assignment   ;
; R0out[10]   ; Missing location assignment   ;
; R0out[11]   ; Missing location assignment   ;
; R0out[12]   ; Missing location assignment   ;
; R0out[13]   ; Missing location assignment   ;
; R0out[14]   ; Missing location assignment   ;
; R0out[15]   ; Missing location assignment   ;
; R0out[16]   ; Missing location assignment   ;
; R0out[17]   ; Missing location assignment   ;
; R0out[18]   ; Missing location assignment   ;
; R0out[19]   ; Missing location assignment   ;
; R0out[20]   ; Missing location assignment   ;
; R0out[21]   ; Missing location assignment   ;
; R0out[22]   ; Missing location assignment   ;
; R0out[23]   ; Missing location assignment   ;
; R0out[24]   ; Missing location assignment   ;
; R0out[25]   ; Missing location assignment   ;
; R0out[26]   ; Missing location assignment   ;
; R0out[27]   ; Missing location assignment   ;
; R0out[28]   ; Missing location assignment   ;
; R0out[29]   ; Missing location assignment   ;
; R0out[30]   ; Missing location assignment   ;
; R0out[31]   ; Missing location assignment   ;
; R1out[0]    ; Missing location assignment   ;
; R1out[1]    ; Missing location assignment   ;
; R1out[2]    ; Missing location assignment   ;
; R1out[3]    ; Missing location assignment   ;
; R1out[4]    ; Missing location assignment   ;
; R1out[5]    ; Missing location assignment   ;
; R1out[6]    ; Missing location assignment   ;
; R1out[7]    ; Missing location assignment   ;
; R1out[8]    ; Missing location assignment   ;
; R1out[9]    ; Missing location assignment   ;
; R1out[10]   ; Missing location assignment   ;
; R1out[11]   ; Missing location assignment   ;
; R1out[12]   ; Missing location assignment   ;
; R1out[13]   ; Missing location assignment   ;
; R1out[14]   ; Missing location assignment   ;
; R1out[15]   ; Missing location assignment   ;
; R1out[16]   ; Missing location assignment   ;
; R1out[17]   ; Missing location assignment   ;
; R1out[18]   ; Missing location assignment   ;
; R1out[19]   ; Missing location assignment   ;
; R1out[20]   ; Missing location assignment   ;
; R1out[21]   ; Missing location assignment   ;
; R1out[22]   ; Missing location assignment   ;
; R1out[23]   ; Missing location assignment   ;
; R1out[24]   ; Missing location assignment   ;
; R1out[25]   ; Missing location assignment   ;
; R1out[26]   ; Missing location assignment   ;
; R1out[27]   ; Missing location assignment   ;
; R1out[28]   ; Missing location assignment   ;
; R1out[29]   ; Missing location assignment   ;
; R1out[30]   ; Missing location assignment   ;
; R1out[31]   ; Missing location assignment   ;
; R2out[0]    ; Missing location assignment   ;
; R2out[1]    ; Missing location assignment   ;
; R2out[2]    ; Missing location assignment   ;
; R2out[3]    ; Missing location assignment   ;
; R2out[4]    ; Missing location assignment   ;
; R2out[5]    ; Missing location assignment   ;
; R2out[6]    ; Missing location assignment   ;
; R2out[7]    ; Missing location assignment   ;
; R2out[8]    ; Missing location assignment   ;
; R2out[9]    ; Missing location assignment   ;
; R2out[10]   ; Missing location assignment   ;
; R2out[11]   ; Missing location assignment   ;
; R2out[12]   ; Missing location assignment   ;
; R2out[13]   ; Missing location assignment   ;
; R2out[14]   ; Missing location assignment   ;
; R2out[15]   ; Missing location assignment   ;
; R2out[16]   ; Missing location assignment   ;
; R2out[17]   ; Missing location assignment   ;
; R2out[18]   ; Missing location assignment   ;
; R2out[19]   ; Missing location assignment   ;
; R2out[20]   ; Missing location assignment   ;
; R2out[21]   ; Missing location assignment   ;
; R2out[22]   ; Missing location assignment   ;
; R2out[23]   ; Missing location assignment   ;
; R2out[24]   ; Missing location assignment   ;
; R2out[25]   ; Missing location assignment   ;
; R2out[26]   ; Missing location assignment   ;
; R2out[27]   ; Missing location assignment   ;
; R2out[28]   ; Missing location assignment   ;
; R2out[29]   ; Missing location assignment   ;
; R2out[30]   ; Missing location assignment   ;
; R2out[31]   ; Missing location assignment   ;
; R3out[0]    ; Missing location assignment   ;
; R3out[1]    ; Missing location assignment   ;
; R3out[2]    ; Missing location assignment   ;
; R3out[3]    ; Missing location assignment   ;
; R3out[4]    ; Missing location assignment   ;
; R3out[5]    ; Missing location assignment   ;
; R3out[6]    ; Missing location assignment   ;
; R3out[7]    ; Missing location assignment   ;
; R3out[8]    ; Missing location assignment   ;
; R3out[9]    ; Missing location assignment   ;
; R3out[10]   ; Missing location assignment   ;
; R3out[11]   ; Missing location assignment   ;
; R3out[12]   ; Missing location assignment   ;
; R3out[13]   ; Missing location assignment   ;
; R3out[14]   ; Missing location assignment   ;
; R3out[15]   ; Missing location assignment   ;
; R3out[16]   ; Missing location assignment   ;
; R3out[17]   ; Missing location assignment   ;
; R3out[18]   ; Missing location assignment   ;
; R3out[19]   ; Missing location assignment   ;
; R3out[20]   ; Missing location assignment   ;
; R3out[21]   ; Missing location assignment   ;
; R3out[22]   ; Missing location assignment   ;
; R3out[23]   ; Missing location assignment   ;
; R3out[24]   ; Missing location assignment   ;
; R3out[25]   ; Missing location assignment   ;
; R3out[26]   ; Missing location assignment   ;
; R3out[27]   ; Missing location assignment   ;
; R3out[28]   ; Missing location assignment   ;
; R3out[29]   ; Missing location assignment   ;
; R3out[30]   ; Missing location assignment   ;
; R3out[31]   ; Missing location assignment   ;
; R4out[0]    ; Missing location assignment   ;
; R4out[1]    ; Missing location assignment   ;
; R4out[2]    ; Missing location assignment   ;
; R4out[3]    ; Missing location assignment   ;
; R4out[4]    ; Missing location assignment   ;
; R4out[5]    ; Missing location assignment   ;
; R4out[6]    ; Missing location assignment   ;
; R4out[7]    ; Missing location assignment   ;
; R4out[8]    ; Missing location assignment   ;
; R4out[9]    ; Missing location assignment   ;
; R4out[10]   ; Missing location assignment   ;
; R4out[11]   ; Missing location assignment   ;
; R4out[12]   ; Missing location assignment   ;
; R4out[13]   ; Missing location assignment   ;
; R4out[14]   ; Missing location assignment   ;
; R4out[15]   ; Missing location assignment   ;
; R4out[16]   ; Missing location assignment   ;
; R4out[17]   ; Missing location assignment   ;
; R4out[18]   ; Missing location assignment   ;
; R4out[19]   ; Missing location assignment   ;
; R4out[20]   ; Missing location assignment   ;
; R4out[21]   ; Missing location assignment   ;
; R4out[22]   ; Missing location assignment   ;
; R4out[23]   ; Missing location assignment   ;
; R4out[24]   ; Missing location assignment   ;
; R4out[25]   ; Missing location assignment   ;
; R4out[26]   ; Missing location assignment   ;
; R4out[27]   ; Missing location assignment   ;
; R4out[28]   ; Missing location assignment   ;
; R4out[29]   ; Missing location assignment   ;
; R4out[30]   ; Missing location assignment   ;
; R4out[31]   ; Missing location assignment   ;
; R5out[0]    ; Missing location assignment   ;
; R5out[1]    ; Missing location assignment   ;
; R5out[2]    ; Missing location assignment   ;
; R5out[3]    ; Missing location assignment   ;
; R5out[4]    ; Missing location assignment   ;
; R5out[5]    ; Missing location assignment   ;
; R5out[6]    ; Missing location assignment   ;
; R5out[7]    ; Missing location assignment   ;
; R5out[8]    ; Missing location assignment   ;
; R5out[9]    ; Missing location assignment   ;
; R5out[10]   ; Missing location assignment   ;
; R5out[11]   ; Missing location assignment   ;
; R5out[12]   ; Missing location assignment   ;
; R5out[13]   ; Missing location assignment   ;
; R5out[14]   ; Missing location assignment   ;
; R5out[15]   ; Missing location assignment   ;
; R5out[16]   ; Missing location assignment   ;
; R5out[17]   ; Missing location assignment   ;
; R5out[18]   ; Missing location assignment   ;
; R5out[19]   ; Missing location assignment   ;
; R5out[20]   ; Missing location assignment   ;
; R5out[21]   ; Missing location assignment   ;
; R5out[22]   ; Missing location assignment   ;
; R5out[23]   ; Missing location assignment   ;
; R5out[24]   ; Missing location assignment   ;
; R5out[25]   ; Missing location assignment   ;
; R5out[26]   ; Missing location assignment   ;
; R5out[27]   ; Missing location assignment   ;
; R5out[28]   ; Missing location assignment   ;
; R5out[29]   ; Missing location assignment   ;
; R5out[30]   ; Missing location assignment   ;
; R5out[31]   ; Missing location assignment   ;
; R6out[0]    ; Missing location assignment   ;
; R6out[1]    ; Missing location assignment   ;
; R6out[2]    ; Missing location assignment   ;
; R6out[3]    ; Missing location assignment   ;
; R6out[4]    ; Missing location assignment   ;
; R6out[5]    ; Missing location assignment   ;
; R6out[6]    ; Missing location assignment   ;
; R6out[7]    ; Missing location assignment   ;
; R6out[8]    ; Missing location assignment   ;
; R6out[9]    ; Missing location assignment   ;
; R6out[10]   ; Missing location assignment   ;
; R6out[11]   ; Missing location assignment   ;
; R6out[12]   ; Missing location assignment   ;
; R6out[13]   ; Missing location assignment   ;
; R6out[14]   ; Missing location assignment   ;
; R6out[15]   ; Missing location assignment   ;
; R6out[16]   ; Missing location assignment   ;
; R6out[17]   ; Missing location assignment   ;
; R6out[18]   ; Missing location assignment   ;
; R6out[19]   ; Missing location assignment   ;
; R6out[20]   ; Missing location assignment   ;
; R6out[21]   ; Missing location assignment   ;
; R6out[22]   ; Missing location assignment   ;
; R6out[23]   ; Missing location assignment   ;
; R6out[24]   ; Missing location assignment   ;
; R6out[25]   ; Missing location assignment   ;
; R6out[26]   ; Missing location assignment   ;
; R6out[27]   ; Missing location assignment   ;
; R6out[28]   ; Missing location assignment   ;
; R6out[29]   ; Missing location assignment   ;
; R6out[30]   ; Missing location assignment   ;
; R6out[31]   ; Missing location assignment   ;
; R7out[0]    ; Missing location assignment   ;
; R7out[1]    ; Missing location assignment   ;
; R7out[2]    ; Missing location assignment   ;
; R7out[3]    ; Missing location assignment   ;
; R7out[4]    ; Missing location assignment   ;
; R7out[5]    ; Missing location assignment   ;
; R7out[6]    ; Missing location assignment   ;
; R7out[7]    ; Missing location assignment   ;
; R7out[8]    ; Missing location assignment   ;
; R7out[9]    ; Missing location assignment   ;
; R7out[10]   ; Missing location assignment   ;
; R7out[11]   ; Missing location assignment   ;
; R7out[12]   ; Missing location assignment   ;
; R7out[13]   ; Missing location assignment   ;
; R7out[14]   ; Missing location assignment   ;
; R7out[15]   ; Missing location assignment   ;
; R7out[16]   ; Missing location assignment   ;
; R7out[17]   ; Missing location assignment   ;
; R7out[18]   ; Missing location assignment   ;
; R7out[19]   ; Missing location assignment   ;
; R7out[20]   ; Missing location assignment   ;
; R7out[21]   ; Missing location assignment   ;
; R7out[22]   ; Missing location assignment   ;
; R7out[23]   ; Missing location assignment   ;
; R7out[24]   ; Missing location assignment   ;
; R7out[25]   ; Missing location assignment   ;
; R7out[26]   ; Missing location assignment   ;
; R7out[27]   ; Missing location assignment   ;
; R7out[28]   ; Missing location assignment   ;
; R7out[29]   ; Missing location assignment   ;
; R7out[30]   ; Missing location assignment   ;
; R7out[31]   ; Missing location assignment   ;
; R8out[0]    ; Missing location assignment   ;
; R8out[1]    ; Missing location assignment   ;
; R8out[2]    ; Missing location assignment   ;
; R8out[3]    ; Missing location assignment   ;
; R8out[4]    ; Missing location assignment   ;
; R8out[5]    ; Missing location assignment   ;
; R8out[6]    ; Missing location assignment   ;
; R8out[7]    ; Missing location assignment   ;
; R8out[8]    ; Missing location assignment   ;
; R8out[9]    ; Missing location assignment   ;
; R8out[10]   ; Missing location assignment   ;
; R8out[11]   ; Missing location assignment   ;
; R8out[12]   ; Missing location assignment   ;
; R8out[13]   ; Missing location assignment   ;
; R8out[14]   ; Missing location assignment   ;
; R8out[15]   ; Missing location assignment   ;
; R8out[16]   ; Missing location assignment   ;
; R8out[17]   ; Missing location assignment   ;
; R8out[18]   ; Missing location assignment   ;
; R8out[19]   ; Missing location assignment   ;
; R8out[20]   ; Missing location assignment   ;
; R8out[21]   ; Missing location assignment   ;
; R8out[22]   ; Missing location assignment   ;
; R8out[23]   ; Missing location assignment   ;
; R8out[24]   ; Missing location assignment   ;
; R8out[25]   ; Missing location assignment   ;
; R8out[26]   ; Missing location assignment   ;
; R8out[27]   ; Missing location assignment   ;
; R8out[28]   ; Missing location assignment   ;
; R8out[29]   ; Missing location assignment   ;
; R8out[30]   ; Missing location assignment   ;
; R8out[31]   ; Missing location assignment   ;
; R9out[0]    ; Missing location assignment   ;
; R9out[1]    ; Missing location assignment   ;
; R9out[2]    ; Missing location assignment   ;
; R9out[3]    ; Missing location assignment   ;
; R9out[4]    ; Missing location assignment   ;
; R9out[5]    ; Missing location assignment   ;
; R9out[6]    ; Missing location assignment   ;
; R9out[7]    ; Missing location assignment   ;
; R9out[8]    ; Missing location assignment   ;
; R9out[9]    ; Missing location assignment   ;
; R9out[10]   ; Missing location assignment   ;
; R9out[11]   ; Missing location assignment   ;
; R9out[12]   ; Missing location assignment   ;
; R9out[13]   ; Missing location assignment   ;
; R9out[14]   ; Missing location assignment   ;
; R9out[15]   ; Missing location assignment   ;
; R9out[16]   ; Missing location assignment   ;
; R9out[17]   ; Missing location assignment   ;
; R9out[18]   ; Missing location assignment   ;
; R9out[19]   ; Missing location assignment   ;
; R9out[20]   ; Missing location assignment   ;
; R9out[21]   ; Missing location assignment   ;
; R9out[22]   ; Missing location assignment   ;
; R9out[23]   ; Missing location assignment   ;
; R9out[24]   ; Missing location assignment   ;
; R9out[25]   ; Missing location assignment   ;
; R9out[26]   ; Missing location assignment   ;
; R9out[27]   ; Missing location assignment   ;
; R9out[28]   ; Missing location assignment   ;
; R9out[29]   ; Missing location assignment   ;
; R9out[30]   ; Missing location assignment   ;
; R9out[31]   ; Missing location assignment   ;
; R10out[0]   ; Missing location assignment   ;
; R10out[1]   ; Missing location assignment   ;
; R10out[2]   ; Missing location assignment   ;
; R10out[3]   ; Missing location assignment   ;
; R10out[4]   ; Missing location assignment   ;
; R10out[5]   ; Missing location assignment   ;
; R10out[6]   ; Missing location assignment   ;
; R10out[7]   ; Missing location assignment   ;
; R10out[8]   ; Missing location assignment   ;
; R10out[9]   ; Missing location assignment   ;
; R10out[10]  ; Missing location assignment   ;
; R10out[11]  ; Missing location assignment   ;
; R10out[12]  ; Missing location assignment   ;
; R10out[13]  ; Missing location assignment   ;
; R10out[14]  ; Missing location assignment   ;
; R10out[15]  ; Missing location assignment   ;
; R10out[16]  ; Missing location assignment   ;
; R10out[17]  ; Missing location assignment   ;
; R10out[18]  ; Missing location assignment   ;
; R10out[19]  ; Missing location assignment   ;
; R10out[20]  ; Missing location assignment   ;
; R10out[21]  ; Missing location assignment   ;
; R10out[22]  ; Missing location assignment   ;
; R10out[23]  ; Missing location assignment   ;
; R10out[24]  ; Missing location assignment   ;
; R10out[25]  ; Missing location assignment   ;
; R10out[26]  ; Missing location assignment   ;
; R10out[27]  ; Missing location assignment   ;
; R10out[28]  ; Missing location assignment   ;
; R10out[29]  ; Missing location assignment   ;
; R10out[30]  ; Missing location assignment   ;
; R10out[31]  ; Missing location assignment   ;
; R11out[0]   ; Missing location assignment   ;
; R11out[1]   ; Missing location assignment   ;
; R11out[2]   ; Missing location assignment   ;
; R11out[3]   ; Missing location assignment   ;
; R11out[4]   ; Missing location assignment   ;
; R11out[5]   ; Missing location assignment   ;
; R11out[6]   ; Missing location assignment   ;
; R11out[7]   ; Missing location assignment   ;
; R11out[8]   ; Missing location assignment   ;
; R11out[9]   ; Missing location assignment   ;
; R11out[10]  ; Missing location assignment   ;
; R11out[11]  ; Missing location assignment   ;
; R11out[12]  ; Missing location assignment   ;
; R11out[13]  ; Missing location assignment   ;
; R11out[14]  ; Missing location assignment   ;
; R11out[15]  ; Missing location assignment   ;
; R11out[16]  ; Missing location assignment   ;
; R11out[17]  ; Missing location assignment   ;
; R11out[18]  ; Missing location assignment   ;
; R11out[19]  ; Missing location assignment   ;
; R11out[20]  ; Missing location assignment   ;
; R11out[21]  ; Missing location assignment   ;
; R11out[22]  ; Missing location assignment   ;
; R11out[23]  ; Missing location assignment   ;
; R11out[24]  ; Missing location assignment   ;
; R11out[25]  ; Missing location assignment   ;
; R11out[26]  ; Missing location assignment   ;
; R11out[27]  ; Missing location assignment   ;
; R11out[28]  ; Missing location assignment   ;
; R11out[29]  ; Missing location assignment   ;
; R11out[30]  ; Missing location assignment   ;
; R11out[31]  ; Missing location assignment   ;
; R12out[0]   ; Missing location assignment   ;
; R12out[1]   ; Missing location assignment   ;
; R12out[2]   ; Missing location assignment   ;
; R12out[3]   ; Missing location assignment   ;
; R12out[4]   ; Missing location assignment   ;
; R12out[5]   ; Missing location assignment   ;
; R12out[6]   ; Missing location assignment   ;
; R12out[7]   ; Missing location assignment   ;
; R12out[8]   ; Missing location assignment   ;
; R12out[9]   ; Missing location assignment   ;
; R12out[10]  ; Missing location assignment   ;
; R12out[11]  ; Missing location assignment   ;
; R12out[12]  ; Missing location assignment   ;
; R12out[13]  ; Missing location assignment   ;
; R12out[14]  ; Missing location assignment   ;
; R12out[15]  ; Missing location assignment   ;
; R12out[16]  ; Missing location assignment   ;
; R12out[17]  ; Missing location assignment   ;
; R12out[18]  ; Missing location assignment   ;
; R12out[19]  ; Missing location assignment   ;
; R12out[20]  ; Missing location assignment   ;
; R12out[21]  ; Missing location assignment   ;
; R12out[22]  ; Missing location assignment   ;
; R12out[23]  ; Missing location assignment   ;
; R12out[24]  ; Missing location assignment   ;
; R12out[25]  ; Missing location assignment   ;
; R12out[26]  ; Missing location assignment   ;
; R12out[27]  ; Missing location assignment   ;
; R12out[28]  ; Missing location assignment   ;
; R12out[29]  ; Missing location assignment   ;
; R12out[30]  ; Missing location assignment   ;
; R12out[31]  ; Missing location assignment   ;
; R13out[0]   ; Missing location assignment   ;
; R13out[1]   ; Missing location assignment   ;
; R13out[2]   ; Missing location assignment   ;
; R13out[3]   ; Missing location assignment   ;
; R13out[4]   ; Missing location assignment   ;
; R13out[5]   ; Missing location assignment   ;
; R13out[6]   ; Missing location assignment   ;
; R13out[7]   ; Missing location assignment   ;
; R13out[8]   ; Missing location assignment   ;
; R13out[9]   ; Missing location assignment   ;
; R13out[10]  ; Missing location assignment   ;
; R13out[11]  ; Missing location assignment   ;
; R13out[12]  ; Missing location assignment   ;
; R13out[13]  ; Missing location assignment   ;
; R13out[14]  ; Missing location assignment   ;
; R13out[15]  ; Missing location assignment   ;
; R13out[16]  ; Missing location assignment   ;
; R13out[17]  ; Missing location assignment   ;
; R13out[18]  ; Missing location assignment   ;
; R13out[19]  ; Missing location assignment   ;
; R13out[20]  ; Missing location assignment   ;
; R13out[21]  ; Missing location assignment   ;
; R13out[22]  ; Missing location assignment   ;
; R13out[23]  ; Missing location assignment   ;
; R13out[24]  ; Missing location assignment   ;
; R13out[25]  ; Missing location assignment   ;
; R13out[26]  ; Missing location assignment   ;
; R13out[27]  ; Missing location assignment   ;
; R13out[28]  ; Missing location assignment   ;
; R13out[29]  ; Missing location assignment   ;
; R13out[30]  ; Missing location assignment   ;
; R13out[31]  ; Missing location assignment   ;
; R14out[0]   ; Missing location assignment   ;
; R14out[1]   ; Missing location assignment   ;
; R14out[2]   ; Missing location assignment   ;
; R14out[3]   ; Missing location assignment   ;
; R14out[4]   ; Missing location assignment   ;
; R14out[5]   ; Missing location assignment   ;
; R14out[6]   ; Missing location assignment   ;
; R14out[7]   ; Missing location assignment   ;
; R14out[8]   ; Missing location assignment   ;
; R14out[9]   ; Missing location assignment   ;
; R14out[10]  ; Missing location assignment   ;
; R14out[11]  ; Missing location assignment   ;
; R14out[12]  ; Missing location assignment   ;
; R14out[13]  ; Missing location assignment   ;
; R14out[14]  ; Missing location assignment   ;
; R14out[15]  ; Missing location assignment   ;
; R14out[16]  ; Missing location assignment   ;
; R14out[17]  ; Missing location assignment   ;
; R14out[18]  ; Missing location assignment   ;
; R14out[19]  ; Missing location assignment   ;
; R14out[20]  ; Missing location assignment   ;
; R14out[21]  ; Missing location assignment   ;
; R14out[22]  ; Missing location assignment   ;
; R14out[23]  ; Missing location assignment   ;
; R14out[24]  ; Missing location assignment   ;
; R14out[25]  ; Missing location assignment   ;
; R14out[26]  ; Missing location assignment   ;
; R14out[27]  ; Missing location assignment   ;
; R14out[28]  ; Missing location assignment   ;
; R14out[29]  ; Missing location assignment   ;
; R14out[30]  ; Missing location assignment   ;
; R14out[31]  ; Missing location assignment   ;
; R15out[0]   ; Missing location assignment   ;
; R15out[1]   ; Missing location assignment   ;
; R15out[2]   ; Missing location assignment   ;
; R15out[3]   ; Missing location assignment   ;
; R15out[4]   ; Missing location assignment   ;
; R15out[5]   ; Missing location assignment   ;
; R15out[6]   ; Missing location assignment   ;
; R15out[7]   ; Missing location assignment   ;
; R15out[8]   ; Missing location assignment   ;
; R15out[9]   ; Missing location assignment   ;
; R15out[10]  ; Missing location assignment   ;
; R15out[11]  ; Missing location assignment   ;
; R15out[12]  ; Missing location assignment   ;
; R15out[13]  ; Missing location assignment   ;
; R15out[14]  ; Missing location assignment   ;
; R15out[15]  ; Missing location assignment   ;
; R15out[16]  ; Missing location assignment   ;
; R15out[17]  ; Missing location assignment   ;
; R15out[18]  ; Missing location assignment   ;
; R15out[19]  ; Missing location assignment   ;
; R15out[20]  ; Missing location assignment   ;
; R15out[21]  ; Missing location assignment   ;
; R15out[22]  ; Missing location assignment   ;
; R15out[23]  ; Missing location assignment   ;
; R15out[24]  ; Missing location assignment   ;
; R15out[25]  ; Missing location assignment   ;
; R15out[26]  ; Missing location assignment   ;
; R15out[27]  ; Missing location assignment   ;
; R15out[28]  ; Missing location assignment   ;
; R15out[29]  ; Missing location assignment   ;
; R15out[30]  ; Missing location assignment   ;
; R15out[31]  ; Missing location assignment   ;
; RZout[0]    ; Missing location assignment   ;
; RZout[1]    ; Missing location assignment   ;
; RZout[2]    ; Missing location assignment   ;
; RZout[3]    ; Missing location assignment   ;
; RZout[4]    ; Missing location assignment   ;
; RZout[5]    ; Missing location assignment   ;
; RZout[6]    ; Missing location assignment   ;
; RZout[7]    ; Missing location assignment   ;
; RZout[8]    ; Missing location assignment   ;
; RZout[9]    ; Missing location assignment   ;
; RZout[10]   ; Missing location assignment   ;
; RZout[11]   ; Missing location assignment   ;
; RZout[12]   ; Missing location assignment   ;
; RZout[13]   ; Missing location assignment   ;
; RZout[14]   ; Missing location assignment   ;
; RZout[15]   ; Missing location assignment   ;
; RZout[16]   ; Missing location assignment   ;
; RZout[17]   ; Missing location assignment   ;
; RZout[18]   ; Missing location assignment   ;
; RZout[19]   ; Missing location assignment   ;
; RZout[20]   ; Missing location assignment   ;
; RZout[21]   ; Missing location assignment   ;
; RZout[22]   ; Missing location assignment   ;
; RZout[23]   ; Missing location assignment   ;
; RZout[24]   ; Missing location assignment   ;
; RZout[25]   ; Missing location assignment   ;
; RZout[26]   ; Missing location assignment   ;
; RZout[27]   ; Missing location assignment   ;
; RZout[28]   ; Missing location assignment   ;
; RZout[29]   ; Missing location assignment   ;
; RZout[30]   ; Missing location assignment   ;
; RZout[31]   ; Missing location assignment   ;
; RYout[0]    ; Missing location assignment   ;
; RYout[1]    ; Missing location assignment   ;
; RYout[2]    ; Missing location assignment   ;
; RYout[3]    ; Missing location assignment   ;
; RYout[4]    ; Missing location assignment   ;
; RYout[5]    ; Missing location assignment   ;
; RYout[6]    ; Missing location assignment   ;
; RYout[7]    ; Missing location assignment   ;
; RYout[8]    ; Missing location assignment   ;
; RYout[9]    ; Missing location assignment   ;
; RYout[10]   ; Missing location assignment   ;
; RYout[11]   ; Missing location assignment   ;
; RYout[12]   ; Missing location assignment   ;
; RYout[13]   ; Missing location assignment   ;
; RYout[14]   ; Missing location assignment   ;
; RYout[15]   ; Missing location assignment   ;
; RYout[16]   ; Missing location assignment   ;
; RYout[17]   ; Missing location assignment   ;
; RYout[18]   ; Missing location assignment   ;
; RYout[19]   ; Missing location assignment   ;
; RYout[20]   ; Missing location assignment   ;
; RYout[21]   ; Missing location assignment   ;
; RYout[22]   ; Missing location assignment   ;
; RYout[23]   ; Missing location assignment   ;
; RYout[24]   ; Missing location assignment   ;
; RYout[25]   ; Missing location assignment   ;
; RYout[26]   ; Missing location assignment   ;
; RYout[27]   ; Missing location assignment   ;
; RYout[28]   ; Missing location assignment   ;
; RYout[29]   ; Missing location assignment   ;
; RYout[30]   ; Missing location assignment   ;
; RYout[31]   ; Missing location assignment   ;
; RHIout[0]   ; Missing location assignment   ;
; RHIout[1]   ; Missing location assignment   ;
; RHIout[2]   ; Missing location assignment   ;
; RHIout[3]   ; Missing location assignment   ;
; RHIout[4]   ; Missing location assignment   ;
; RHIout[5]   ; Missing location assignment   ;
; RHIout[6]   ; Missing location assignment   ;
; RHIout[7]   ; Missing location assignment   ;
; RHIout[8]   ; Missing location assignment   ;
; RHIout[9]   ; Missing location assignment   ;
; RHIout[10]  ; Missing location assignment   ;
; RHIout[11]  ; Missing location assignment   ;
; RHIout[12]  ; Missing location assignment   ;
; RHIout[13]  ; Missing location assignment   ;
; RHIout[14]  ; Missing location assignment   ;
; RHIout[15]  ; Missing location assignment   ;
; RHIout[16]  ; Missing location assignment   ;
; RHIout[17]  ; Missing location assignment   ;
; RHIout[18]  ; Missing location assignment   ;
; RHIout[19]  ; Missing location assignment   ;
; RHIout[20]  ; Missing location assignment   ;
; RHIout[21]  ; Missing location assignment   ;
; RHIout[22]  ; Missing location assignment   ;
; RHIout[23]  ; Missing location assignment   ;
; RHIout[24]  ; Missing location assignment   ;
; RHIout[25]  ; Missing location assignment   ;
; RHIout[26]  ; Missing location assignment   ;
; RHIout[27]  ; Missing location assignment   ;
; RHIout[28]  ; Missing location assignment   ;
; RHIout[29]  ; Missing location assignment   ;
; RHIout[30]  ; Missing location assignment   ;
; RHIout[31]  ; Missing location assignment   ;
; RLOout[0]   ; Missing location assignment   ;
; RLOout[1]   ; Missing location assignment   ;
; RLOout[2]   ; Missing location assignment   ;
; RLOout[3]   ; Missing location assignment   ;
; RLOout[4]   ; Missing location assignment   ;
; RLOout[5]   ; Missing location assignment   ;
; RLOout[6]   ; Missing location assignment   ;
; RLOout[7]   ; Missing location assignment   ;
; RLOout[8]   ; Missing location assignment   ;
; RLOout[9]   ; Missing location assignment   ;
; RLOout[10]  ; Missing location assignment   ;
; RLOout[11]  ; Missing location assignment   ;
; RLOout[12]  ; Missing location assignment   ;
; RLOout[13]  ; Missing location assignment   ;
; RLOout[14]  ; Missing location assignment   ;
; RLOout[15]  ; Missing location assignment   ;
; RLOout[16]  ; Missing location assignment   ;
; RLOout[17]  ; Missing location assignment   ;
; RLOout[18]  ; Missing location assignment   ;
; RLOout[19]  ; Missing location assignment   ;
; RLOout[20]  ; Missing location assignment   ;
; RLOout[21]  ; Missing location assignment   ;
; RLOout[22]  ; Missing location assignment   ;
; RLOout[23]  ; Missing location assignment   ;
; RLOout[24]  ; Missing location assignment   ;
; RLOout[25]  ; Missing location assignment   ;
; RLOout[26]  ; Missing location assignment   ;
; RLOout[27]  ; Missing location assignment   ;
; RLOout[28]  ; Missing location assignment   ;
; RLOout[29]  ; Missing location assignment   ;
; RLOout[30]  ; Missing location assignment   ;
; RLOout[31]  ; Missing location assignment   ;
; RPCout[0]   ; Missing location assignment   ;
; RPCout[1]   ; Missing location assignment   ;
; RPCout[2]   ; Missing location assignment   ;
; RPCout[3]   ; Missing location assignment   ;
; RPCout[4]   ; Missing location assignment   ;
; RPCout[5]   ; Missing location assignment   ;
; RPCout[6]   ; Missing location assignment   ;
; RPCout[7]   ; Missing location assignment   ;
; RPCout[8]   ; Missing location assignment   ;
; RPCout[9]   ; Missing location assignment   ;
; RPCout[10]  ; Missing location assignment   ;
; RPCout[11]  ; Missing location assignment   ;
; RPCout[12]  ; Missing location assignment   ;
; RPCout[13]  ; Missing location assignment   ;
; RPCout[14]  ; Missing location assignment   ;
; RPCout[15]  ; Missing location assignment   ;
; RPCout[16]  ; Missing location assignment   ;
; RPCout[17]  ; Missing location assignment   ;
; RPCout[18]  ; Missing location assignment   ;
; RPCout[19]  ; Missing location assignment   ;
; RPCout[20]  ; Missing location assignment   ;
; RPCout[21]  ; Missing location assignment   ;
; RPCout[22]  ; Missing location assignment   ;
; RPCout[23]  ; Missing location assignment   ;
; RPCout[24]  ; Missing location assignment   ;
; RPCout[25]  ; Missing location assignment   ;
; RPCout[26]  ; Missing location assignment   ;
; RPCout[27]  ; Missing location assignment   ;
; RPCout[28]  ; Missing location assignment   ;
; RPCout[29]  ; Missing location assignment   ;
; RPCout[30]  ; Missing location assignment   ;
; RPCout[31]  ; Missing location assignment   ;
; RIRout[0]   ; Missing location assignment   ;
; RIRout[1]   ; Missing location assignment   ;
; RIRout[2]   ; Missing location assignment   ;
; RIRout[3]   ; Missing location assignment   ;
; RIRout[4]   ; Missing location assignment   ;
; RIRout[5]   ; Missing location assignment   ;
; RIRout[6]   ; Missing location assignment   ;
; RIRout[7]   ; Missing location assignment   ;
; RIRout[8]   ; Missing location assignment   ;
; RIRout[9]   ; Missing location assignment   ;
; RIRout[10]  ; Missing location assignment   ;
; RIRout[11]  ; Missing location assignment   ;
; RIRout[12]  ; Missing location assignment   ;
; RIRout[13]  ; Missing location assignment   ;
; RIRout[14]  ; Missing location assignment   ;
; RIRout[15]  ; Missing location assignment   ;
; RIRout[16]  ; Missing location assignment   ;
; RIRout[17]  ; Missing location assignment   ;
; RIRout[18]  ; Missing location assignment   ;
; RIRout[19]  ; Missing location assignment   ;
; RIRout[20]  ; Missing location assignment   ;
; RIRout[21]  ; Missing location assignment   ;
; RIRout[22]  ; Missing location assignment   ;
; RIRout[23]  ; Missing location assignment   ;
; RIRout[24]  ; Missing location assignment   ;
; RIRout[25]  ; Missing location assignment   ;
; RIRout[26]  ; Missing location assignment   ;
; RIRout[27]  ; Missing location assignment   ;
; RIRout[28]  ; Missing location assignment   ;
; RIRout[29]  ; Missing location assignment   ;
; RIRout[30]  ; Missing location assignment   ;
; RIRout[31]  ; Missing location assignment   ;
; RMARout[0]  ; Missing location assignment   ;
; RMARout[1]  ; Missing location assignment   ;
; RMARout[2]  ; Missing location assignment   ;
; RMARout[3]  ; Missing location assignment   ;
; RMARout[4]  ; Missing location assignment   ;
; RMARout[5]  ; Missing location assignment   ;
; RMARout[6]  ; Missing location assignment   ;
; RMARout[7]  ; Missing location assignment   ;
; RMARout[8]  ; Missing location assignment   ;
; RMARout[9]  ; Missing location assignment   ;
; RMARout[10] ; Missing location assignment   ;
; RMARout[11] ; Missing location assignment   ;
; RMARout[12] ; Missing location assignment   ;
; RMARout[13] ; Missing location assignment   ;
; RMARout[14] ; Missing location assignment   ;
; RMARout[15] ; Missing location assignment   ;
; RMARout[16] ; Missing location assignment   ;
; RMARout[17] ; Missing location assignment   ;
; RMARout[18] ; Missing location assignment   ;
; RMARout[19] ; Missing location assignment   ;
; RMARout[20] ; Missing location assignment   ;
; RMARout[21] ; Missing location assignment   ;
; RMARout[22] ; Missing location assignment   ;
; RMARout[23] ; Missing location assignment   ;
; RMARout[24] ; Missing location assignment   ;
; RMARout[25] ; Missing location assignment   ;
; RMARout[26] ; Missing location assignment   ;
; RMARout[27] ; Missing location assignment   ;
; RMARout[28] ; Missing location assignment   ;
; RMARout[29] ; Missing location assignment   ;
; RMARout[30] ; Missing location assignment   ;
; RMARout[31] ; Missing location assignment   ;
; R0in        ; Missing location assignment   ;
; R1in        ; Missing location assignment   ;
; R2in        ; Missing location assignment   ;
; R3in        ; Missing location assignment   ;
; R4in        ; Missing location assignment   ;
; R5in        ; Missing location assignment   ;
; R6in        ; Missing location assignment   ;
; R7in        ; Missing location assignment   ;
; R8in        ; Missing location assignment   ;
; R9in        ; Missing location assignment   ;
; R10in       ; Missing location assignment   ;
; R11in       ; Missing location assignment   ;
; R12in       ; Missing location assignment   ;
; R13in       ; Missing location assignment   ;
; R14in       ; Missing location assignment   ;
; R15in       ; Missing location assignment   ;
; RZin        ; Missing location assignment   ;
; RYin        ; Missing location assignment   ;
; RHIin       ; Missing location assignment   ;
; RLOin       ; Missing location assignment   ;
; RPCin       ; Missing location assignment   ;
; RIRin       ; Missing location assignment   ;
; RMARin      ; Missing location assignment   ;
+-------------+-------------------------------+


+--------------------------------------------------------------------------------------------------------------------------------------------------------------------------------------------------------------------------------------------------------------------------------------------------------------------------------------------------------------------------------+
; Fitter Resource Utilization by Entity                                                                                                                                                                                                                                                                                                                                          ;
+----------------------------+----------------------+----------------------------------+---------------------------------------------------+----------------------------------+----------------------+---------------------+---------------------------+---------------+-------------------+------------+------+--------------+---------------------+-------------+--------------+
; Compilation Hierarchy Node ; ALMs needed [=A-B+C] ; [A] ALMs used in final placement ; [B] Estimate of ALMs recoverable by dense packing ; [C] Estimate of ALMs unavailable ; ALMs used for memory ; Combinational ALUTs ; Dedicated Logic Registers ; I/O Registers ; Block Memory Bits ; DSP Blocks ; Pins ; Virtual Pins ; Full Hierarchy Name ; Entity Name ; Library Name ;
+----------------------------+----------------------+----------------------------------+---------------------------------------------------+----------------------------------+----------------------+---------------------+---------------------------+---------------+-------------------+------------+------+--------------+---------------------+-------------+--------------+
; |DataPath                  ; 0.5 (0.5)            ; 0.5 (0.5)                        ; 0.0 (0.0)                                         ; 0.0 (0.0)                        ; 0.0 (0.0)            ; 1 (1)               ; 0 (0)                     ; 0 (0)         ; 0                 ; 0          ; 823  ; 0            ; |DataPath           ; DataPath    ; work         ;
+----------------------------+----------------------+----------------------------------+---------------------------------------------------+----------------------------------+----------------------+---------------------+---------------------------+---------------+-------------------+------------+------+--------------+---------------------+-------------+--------------+
Note: For table entries with two numbers listed, the numbers in parentheses indicate the number of resources of the given type used by the specific entity alone. The numbers listed outside of parentheses indicate the total resources of the given type used by the specific entity and all of its sub-entities in the hierarchy.


+--------------------------------------------------------------------------------------------------------------------------+
; Delay Chain Summary                                                                                                      ;
+-------------+----------+----+------+------+----+----+-------+--------+------------------------+--------------------------+
; Name        ; Pin Type ; D1 ; D3_0 ; D3_1 ; D4 ; D5 ; D5 OE ; D5 OCT ; T11 (Postamble Gating) ; T11 (Postamble Ungating) ;
+-------------+----------+----+------+------+----+----+-------+--------+------------------------+--------------------------+
; clock[0]    ; Input    ; -- ; --   ; --   ; -- ; -- ; --    ; --     ; --                     ; --                       ;
; clock[1]    ; Input    ; -- ; --   ; --   ; -- ; -- ; --    ; --     ; --                     ; --                       ;
; clock[2]    ; Input    ; -- ; --   ; --   ; -- ; -- ; --    ; --     ; --                     ; --                       ;
; clock[3]    ; Input    ; -- ; --   ; --   ; -- ; -- ; --    ; --     ; --                     ; --                       ;
; clock[4]    ; Input    ; -- ; --   ; --   ; -- ; -- ; --    ; --     ; --                     ; --                       ;
; clock[5]    ; Input    ; -- ; --   ; --   ; -- ; -- ; --    ; --     ; --                     ; --                       ;
; clock[6]    ; Input    ; -- ; --   ; --   ; -- ; -- ; --    ; --     ; --                     ; --                       ;
; clock[7]    ; Input    ; -- ; --   ; --   ; -- ; -- ; --    ; --     ; --                     ; --                       ;
; clock[8]    ; Input    ; -- ; --   ; --   ; -- ; -- ; --    ; --     ; --                     ; --                       ;
; clock[9]    ; Input    ; -- ; --   ; --   ; -- ; -- ; --    ; --     ; --                     ; --                       ;
; clock[10]   ; Input    ; -- ; --   ; --   ; -- ; -- ; --    ; --     ; --                     ; --                       ;
; clock[11]   ; Input    ; -- ; --   ; --   ; -- ; -- ; --    ; --     ; --                     ; --                       ;
; clock[12]   ; Input    ; -- ; --   ; --   ; -- ; -- ; --    ; --     ; --                     ; --                       ;
; clock[13]   ; Input    ; -- ; --   ; --   ; -- ; -- ; --    ; --     ; --                     ; --                       ;
; clock[14]   ; Input    ; -- ; --   ; --   ; -- ; -- ; --    ; --     ; --                     ; --                       ;
; clock[15]   ; Input    ; -- ; --   ; --   ; -- ; -- ; --    ; --     ; --                     ; --                       ;
; clock[16]   ; Input    ; -- ; --   ; --   ; -- ; -- ; --    ; --     ; --                     ; --                       ;
; clock[17]   ; Input    ; -- ; --   ; --   ; -- ; -- ; --    ; --     ; --                     ; --                       ;
; clock[18]   ; Input    ; -- ; --   ; --   ; -- ; -- ; --    ; --     ; --                     ; --                       ;
; clock[19]   ; Input    ; -- ; --   ; --   ; -- ; -- ; --    ; --     ; --                     ; --                       ;
; clock[20]   ; Input    ; -- ; --   ; --   ; -- ; -- ; --    ; --     ; --                     ; --                       ;
; clock[21]   ; Input    ; -- ; --   ; --   ; -- ; -- ; --    ; --     ; --                     ; --                       ;
; clock[22]   ; Input    ; -- ; --   ; --   ; -- ; -- ; --    ; --     ; --                     ; --                       ;
; clock[23]   ; Input    ; -- ; --   ; --   ; -- ; -- ; --    ; --     ; --                     ; --                       ;
; clock[24]   ; Input    ; -- ; --   ; --   ; -- ; -- ; --    ; --     ; --                     ; --                       ;
; clock[25]   ; Input    ; -- ; --   ; --   ; -- ; -- ; --    ; --     ; --                     ; --                       ;
; clock[26]   ; Input    ; -- ; --   ; --   ; -- ; -- ; --    ; --     ; --                     ; --                       ;
; clock[27]   ; Input    ; -- ; --   ; --   ; -- ; -- ; --    ; --     ; --                     ; --                       ;
; clock[28]   ; Input    ; -- ; --   ; --   ; -- ; -- ; --    ; --     ; --                     ; --                       ;
; clock[29]   ; Input    ; -- ; --   ; --   ; -- ; -- ; --    ; --     ; --                     ; --                       ;
; clock[30]   ; Input    ; -- ; --   ; --   ; -- ; -- ; --    ; --     ; --                     ; --                       ;
; clock[31]   ; Input    ; -- ; --   ; --   ; -- ; -- ; --    ; --     ; --                     ; --                       ;
; clear[0]    ; Input    ; -- ; --   ; --   ; -- ; -- ; --    ; --     ; --                     ; --                       ;
; clear[1]    ; Input    ; -- ; --   ; --   ; -- ; -- ; --    ; --     ; --                     ; --                       ;
; clear[2]    ; Input    ; -- ; --   ; --   ; -- ; -- ; --    ; --     ; --                     ; --                       ;
; clear[3]    ; Input    ; -- ; --   ; --   ; -- ; -- ; --    ; --     ; --                     ; --                       ;
; clear[4]    ; Input    ; -- ; --   ; --   ; -- ; -- ; --    ; --     ; --                     ; --                       ;
; clear[5]    ; Input    ; -- ; --   ; --   ; -- ; -- ; --    ; --     ; --                     ; --                       ;
; clear[6]    ; Input    ; -- ; --   ; --   ; -- ; -- ; --    ; --     ; --                     ; --                       ;
; clear[7]    ; Input    ; -- ; --   ; --   ; -- ; -- ; --    ; --     ; --                     ; --                       ;
; clear[8]    ; Input    ; -- ; --   ; --   ; -- ; -- ; --    ; --     ; --                     ; --                       ;
; clear[9]    ; Input    ; -- ; --   ; --   ; -- ; -- ; --    ; --     ; --                     ; --                       ;
; clear[10]   ; Input    ; -- ; --   ; --   ; -- ; -- ; --    ; --     ; --                     ; --                       ;
; clear[11]   ; Input    ; -- ; --   ; --   ; -- ; -- ; --    ; --     ; --                     ; --                       ;
; clear[12]   ; Input    ; -- ; --   ; --   ; -- ; -- ; --    ; --     ; --                     ; --                       ;
; clear[13]   ; Input    ; -- ; --   ; --   ; -- ; -- ; --    ; --     ; --                     ; --                       ;
; clear[14]   ; Input    ; -- ; --   ; --   ; -- ; -- ; --    ; --     ; --                     ; --                       ;
; clear[15]   ; Input    ; -- ; --   ; --   ; -- ; -- ; --    ; --     ; --                     ; --                       ;
; clear[16]   ; Input    ; -- ; --   ; --   ; -- ; -- ; --    ; --     ; --                     ; --                       ;
; clear[17]   ; Input    ; -- ; --   ; --   ; -- ; -- ; --    ; --     ; --                     ; --                       ;
; clear[18]   ; Input    ; -- ; --   ; --   ; -- ; -- ; --    ; --     ; --                     ; --                       ;
; clear[19]   ; Input    ; -- ; --   ; --   ; -- ; -- ; --    ; --     ; --                     ; --                       ;
; clear[20]   ; Input    ; -- ; --   ; --   ; -- ; -- ; --    ; --     ; --                     ; --                       ;
; clear[21]   ; Input    ; -- ; --   ; --   ; -- ; -- ; --    ; --     ; --                     ; --                       ;
; clear[22]   ; Input    ; -- ; --   ; --   ; -- ; -- ; --    ; --     ; --                     ; --                       ;
; clear[23]   ; Input    ; -- ; --   ; --   ; -- ; -- ; --    ; --     ; --                     ; --                       ;
; clear[24]   ; Input    ; -- ; --   ; --   ; -- ; -- ; --    ; --     ; --                     ; --                       ;
; clear[25]   ; Input    ; -- ; --   ; --   ; -- ; -- ; --    ; --     ; --                     ; --                       ;
; clear[26]   ; Input    ; -- ; --   ; --   ; -- ; -- ; --    ; --     ; --                     ; --                       ;
; clear[27]   ; Input    ; -- ; --   ; --   ; -- ; -- ; --    ; --     ; --                     ; --                       ;
; clear[28]   ; Input    ; -- ; --   ; --   ; -- ; -- ; --    ; --     ; --                     ; --                       ;
; clear[29]   ; Input    ; -- ; --   ; --   ; -- ; -- ; --    ; --     ; --                     ; --                       ;
; clear[30]   ; Input    ; -- ; --   ; --   ; -- ; -- ; --    ; --     ; --                     ; --                       ;
; clear[31]   ; Input    ; -- ; --   ; --   ; -- ; -- ; --    ; --     ; --                     ; --                       ;
; R0out[0]    ; Input    ; -- ; --   ; --   ; -- ; -- ; --    ; --     ; --                     ; --                       ;
; R0out[1]    ; Input    ; -- ; --   ; --   ; -- ; -- ; --    ; --     ; --                     ; --                       ;
; R0out[2]    ; Input    ; -- ; --   ; --   ; -- ; -- ; --    ; --     ; --                     ; --                       ;
; R0out[3]    ; Input    ; -- ; --   ; --   ; -- ; -- ; --    ; --     ; --                     ; --                       ;
; R0out[4]    ; Input    ; -- ; --   ; --   ; -- ; -- ; --    ; --     ; --                     ; --                       ;
; R0out[5]    ; Input    ; -- ; --   ; --   ; -- ; -- ; --    ; --     ; --                     ; --                       ;
; R0out[6]    ; Input    ; -- ; --   ; --   ; -- ; -- ; --    ; --     ; --                     ; --                       ;
; R0out[7]    ; Input    ; -- ; --   ; --   ; -- ; -- ; --    ; --     ; --                     ; --                       ;
; R0out[8]    ; Input    ; -- ; --   ; --   ; -- ; -- ; --    ; --     ; --                     ; --                       ;
; R0out[9]    ; Input    ; -- ; --   ; --   ; -- ; -- ; --    ; --     ; --                     ; --                       ;
; R0out[10]   ; Input    ; -- ; --   ; --   ; -- ; -- ; --    ; --     ; --                     ; --                       ;
; R0out[11]   ; Input    ; -- ; --   ; --   ; -- ; -- ; --    ; --     ; --                     ; --                       ;
; R0out[12]   ; Input    ; -- ; --   ; --   ; -- ; -- ; --    ; --     ; --                     ; --                       ;
; R0out[13]   ; Input    ; -- ; --   ; --   ; -- ; -- ; --    ; --     ; --                     ; --                       ;
; R0out[14]   ; Input    ; -- ; --   ; --   ; -- ; -- ; --    ; --     ; --                     ; --                       ;
; R0out[15]   ; Input    ; -- ; --   ; --   ; -- ; -- ; --    ; --     ; --                     ; --                       ;
; R0out[16]   ; Input    ; -- ; --   ; --   ; -- ; -- ; --    ; --     ; --                     ; --                       ;
; R0out[17]   ; Input    ; -- ; --   ; --   ; -- ; -- ; --    ; --     ; --                     ; --                       ;
; R0out[18]   ; Input    ; -- ; --   ; --   ; -- ; -- ; --    ; --     ; --                     ; --                       ;
; R0out[19]   ; Input    ; -- ; --   ; --   ; -- ; -- ; --    ; --     ; --                     ; --                       ;
; R0out[20]   ; Input    ; -- ; --   ; --   ; -- ; -- ; --    ; --     ; --                     ; --                       ;
; R0out[21]   ; Input    ; -- ; --   ; --   ; -- ; -- ; --    ; --     ; --                     ; --                       ;
; R0out[22]   ; Input    ; -- ; --   ; --   ; -- ; -- ; --    ; --     ; --                     ; --                       ;
; R0out[23]   ; Input    ; -- ; --   ; --   ; -- ; -- ; --    ; --     ; --                     ; --                       ;
; R0out[24]   ; Input    ; -- ; --   ; --   ; -- ; -- ; --    ; --     ; --                     ; --                       ;
; R0out[25]   ; Input    ; -- ; --   ; --   ; -- ; -- ; --    ; --     ; --                     ; --                       ;
; R0out[26]   ; Input    ; -- ; --   ; --   ; -- ; -- ; --    ; --     ; --                     ; --                       ;
; R0out[27]   ; Input    ; -- ; --   ; --   ; -- ; -- ; --    ; --     ; --                     ; --                       ;
; R0out[28]   ; Input    ; -- ; --   ; --   ; -- ; -- ; --    ; --     ; --                     ; --                       ;
; R0out[29]   ; Input    ; -- ; --   ; --   ; -- ; -- ; --    ; --     ; --                     ; --                       ;
; R0out[30]   ; Input    ; -- ; --   ; --   ; -- ; -- ; --    ; --     ; --                     ; --                       ;
; R0out[31]   ; Input    ; -- ; --   ; --   ; -- ; -- ; --    ; --     ; --                     ; --                       ;
; R1out[0]    ; Input    ; -- ; --   ; --   ; -- ; -- ; --    ; --     ; --                     ; --                       ;
; R1out[1]    ; Input    ; -- ; --   ; --   ; -- ; -- ; --    ; --     ; --                     ; --                       ;
; R1out[2]    ; Input    ; -- ; --   ; --   ; -- ; -- ; --    ; --     ; --                     ; --                       ;
; R1out[3]    ; Input    ; -- ; --   ; --   ; -- ; -- ; --    ; --     ; --                     ; --                       ;
; R1out[4]    ; Input    ; -- ; --   ; --   ; -- ; -- ; --    ; --     ; --                     ; --                       ;
; R1out[5]    ; Input    ; -- ; --   ; --   ; -- ; -- ; --    ; --     ; --                     ; --                       ;
; R1out[6]    ; Input    ; -- ; --   ; --   ; -- ; -- ; --    ; --     ; --                     ; --                       ;
; R1out[7]    ; Input    ; -- ; --   ; --   ; -- ; -- ; --    ; --     ; --                     ; --                       ;
; R1out[8]    ; Input    ; -- ; --   ; --   ; -- ; -- ; --    ; --     ; --                     ; --                       ;
; R1out[9]    ; Input    ; -- ; --   ; --   ; -- ; -- ; --    ; --     ; --                     ; --                       ;
; R1out[10]   ; Input    ; -- ; --   ; --   ; -- ; -- ; --    ; --     ; --                     ; --                       ;
; R1out[11]   ; Input    ; -- ; --   ; --   ; -- ; -- ; --    ; --     ; --                     ; --                       ;
; R1out[12]   ; Input    ; -- ; --   ; --   ; -- ; -- ; --    ; --     ; --                     ; --                       ;
; R1out[13]   ; Input    ; -- ; --   ; --   ; -- ; -- ; --    ; --     ; --                     ; --                       ;
; R1out[14]   ; Input    ; -- ; --   ; --   ; -- ; -- ; --    ; --     ; --                     ; --                       ;
; R1out[15]   ; Input    ; -- ; --   ; --   ; -- ; -- ; --    ; --     ; --                     ; --                       ;
; R1out[16]   ; Input    ; -- ; --   ; --   ; -- ; -- ; --    ; --     ; --                     ; --                       ;
; R1out[17]   ; Input    ; -- ; --   ; --   ; -- ; -- ; --    ; --     ; --                     ; --                       ;
; R1out[18]   ; Input    ; -- ; --   ; --   ; -- ; -- ; --    ; --     ; --                     ; --                       ;
; R1out[19]   ; Input    ; -- ; --   ; --   ; -- ; -- ; --    ; --     ; --                     ; --                       ;
; R1out[20]   ; Input    ; -- ; --   ; --   ; -- ; -- ; --    ; --     ; --                     ; --                       ;
; R1out[21]   ; Input    ; -- ; --   ; --   ; -- ; -- ; --    ; --     ; --                     ; --                       ;
; R1out[22]   ; Input    ; -- ; --   ; --   ; -- ; -- ; --    ; --     ; --                     ; --                       ;
; R1out[23]   ; Input    ; -- ; --   ; --   ; -- ; -- ; --    ; --     ; --                     ; --                       ;
; R1out[24]   ; Input    ; -- ; --   ; --   ; -- ; -- ; --    ; --     ; --                     ; --                       ;
; R1out[25]   ; Input    ; -- ; --   ; --   ; -- ; -- ; --    ; --     ; --                     ; --                       ;
; R1out[26]   ; Input    ; -- ; --   ; --   ; -- ; -- ; --    ; --     ; --                     ; --                       ;
; R1out[27]   ; Input    ; -- ; --   ; --   ; -- ; -- ; --    ; --     ; --                     ; --                       ;
; R1out[28]   ; Input    ; -- ; --   ; --   ; -- ; -- ; --    ; --     ; --                     ; --                       ;
; R1out[29]   ; Input    ; -- ; --   ; --   ; -- ; -- ; --    ; --     ; --                     ; --                       ;
; R1out[30]   ; Input    ; -- ; --   ; --   ; -- ; -- ; --    ; --     ; --                     ; --                       ;
; R1out[31]   ; Input    ; -- ; --   ; --   ; -- ; -- ; --    ; --     ; --                     ; --                       ;
; R2out[0]    ; Input    ; -- ; --   ; --   ; -- ; -- ; --    ; --     ; --                     ; --                       ;
; R2out[1]    ; Input    ; -- ; --   ; --   ; -- ; -- ; --    ; --     ; --                     ; --                       ;
; R2out[2]    ; Input    ; -- ; --   ; --   ; -- ; -- ; --    ; --     ; --                     ; --                       ;
; R2out[3]    ; Input    ; -- ; --   ; --   ; -- ; -- ; --    ; --     ; --                     ; --                       ;
; R2out[4]    ; Input    ; -- ; --   ; --   ; -- ; -- ; --    ; --     ; --                     ; --                       ;
; R2out[5]    ; Input    ; -- ; --   ; --   ; -- ; -- ; --    ; --     ; --                     ; --                       ;
; R2out[6]    ; Input    ; -- ; --   ; --   ; -- ; -- ; --    ; --     ; --                     ; --                       ;
; R2out[7]    ; Input    ; -- ; --   ; --   ; -- ; -- ; --    ; --     ; --                     ; --                       ;
; R2out[8]    ; Input    ; -- ; --   ; --   ; -- ; -- ; --    ; --     ; --                     ; --                       ;
; R2out[9]    ; Input    ; -- ; --   ; --   ; -- ; -- ; --    ; --     ; --                     ; --                       ;
; R2out[10]   ; Input    ; -- ; --   ; --   ; -- ; -- ; --    ; --     ; --                     ; --                       ;
; R2out[11]   ; Input    ; -- ; --   ; --   ; -- ; -- ; --    ; --     ; --                     ; --                       ;
; R2out[12]   ; Input    ; -- ; --   ; --   ; -- ; -- ; --    ; --     ; --                     ; --                       ;
; R2out[13]   ; Input    ; -- ; --   ; --   ; -- ; -- ; --    ; --     ; --                     ; --                       ;
; R2out[14]   ; Input    ; -- ; --   ; --   ; -- ; -- ; --    ; --     ; --                     ; --                       ;
; R2out[15]   ; Input    ; -- ; --   ; --   ; -- ; -- ; --    ; --     ; --                     ; --                       ;
; R2out[16]   ; Input    ; -- ; --   ; --   ; -- ; -- ; --    ; --     ; --                     ; --                       ;
; R2out[17]   ; Input    ; -- ; --   ; --   ; -- ; -- ; --    ; --     ; --                     ; --                       ;
; R2out[18]   ; Input    ; -- ; --   ; --   ; -- ; -- ; --    ; --     ; --                     ; --                       ;
; R2out[19]   ; Input    ; -- ; --   ; --   ; -- ; -- ; --    ; --     ; --                     ; --                       ;
; R2out[20]   ; Input    ; -- ; --   ; --   ; -- ; -- ; --    ; --     ; --                     ; --                       ;
; R2out[21]   ; Input    ; -- ; --   ; --   ; -- ; -- ; --    ; --     ; --                     ; --                       ;
; R2out[22]   ; Input    ; -- ; --   ; --   ; -- ; -- ; --    ; --     ; --                     ; --                       ;
; R2out[23]   ; Input    ; -- ; --   ; --   ; -- ; -- ; --    ; --     ; --                     ; --                       ;
; R2out[24]   ; Input    ; -- ; --   ; --   ; -- ; -- ; --    ; --     ; --                     ; --                       ;
; R2out[25]   ; Input    ; -- ; --   ; --   ; -- ; -- ; --    ; --     ; --                     ; --                       ;
; R2out[26]   ; Input    ; -- ; --   ; --   ; -- ; -- ; --    ; --     ; --                     ; --                       ;
; R2out[27]   ; Input    ; -- ; --   ; --   ; -- ; -- ; --    ; --     ; --                     ; --                       ;
; R2out[28]   ; Input    ; -- ; --   ; --   ; -- ; -- ; --    ; --     ; --                     ; --                       ;
; R2out[29]   ; Input    ; -- ; --   ; --   ; -- ; -- ; --    ; --     ; --                     ; --                       ;
; R2out[30]   ; Input    ; -- ; --   ; --   ; -- ; -- ; --    ; --     ; --                     ; --                       ;
; R2out[31]   ; Input    ; -- ; --   ; --   ; -- ; -- ; --    ; --     ; --                     ; --                       ;
; R3out[0]    ; Input    ; -- ; --   ; --   ; -- ; -- ; --    ; --     ; --                     ; --                       ;
; R3out[1]    ; Input    ; -- ; --   ; --   ; -- ; -- ; --    ; --     ; --                     ; --                       ;
; R3out[2]    ; Input    ; -- ; --   ; --   ; -- ; -- ; --    ; --     ; --                     ; --                       ;
; R3out[3]    ; Input    ; -- ; --   ; --   ; -- ; -- ; --    ; --     ; --                     ; --                       ;
; R3out[4]    ; Input    ; -- ; --   ; --   ; -- ; -- ; --    ; --     ; --                     ; --                       ;
; R3out[5]    ; Input    ; -- ; --   ; --   ; -- ; -- ; --    ; --     ; --                     ; --                       ;
; R3out[6]    ; Input    ; -- ; --   ; --   ; -- ; -- ; --    ; --     ; --                     ; --                       ;
; R3out[7]    ; Input    ; -- ; --   ; --   ; -- ; -- ; --    ; --     ; --                     ; --                       ;
; R3out[8]    ; Input    ; -- ; --   ; --   ; -- ; -- ; --    ; --     ; --                     ; --                       ;
; R3out[9]    ; Input    ; -- ; --   ; --   ; -- ; -- ; --    ; --     ; --                     ; --                       ;
; R3out[10]   ; Input    ; -- ; --   ; --   ; -- ; -- ; --    ; --     ; --                     ; --                       ;
; R3out[11]   ; Input    ; -- ; --   ; --   ; -- ; -- ; --    ; --     ; --                     ; --                       ;
; R3out[12]   ; Input    ; -- ; --   ; --   ; -- ; -- ; --    ; --     ; --                     ; --                       ;
; R3out[13]   ; Input    ; -- ; --   ; --   ; -- ; -- ; --    ; --     ; --                     ; --                       ;
; R3out[14]   ; Input    ; -- ; --   ; --   ; -- ; -- ; --    ; --     ; --                     ; --                       ;
; R3out[15]   ; Input    ; -- ; --   ; --   ; -- ; -- ; --    ; --     ; --                     ; --                       ;
; R3out[16]   ; Input    ; -- ; --   ; --   ; -- ; -- ; --    ; --     ; --                     ; --                       ;
; R3out[17]   ; Input    ; -- ; --   ; --   ; -- ; -- ; --    ; --     ; --                     ; --                       ;
; R3out[18]   ; Input    ; -- ; --   ; --   ; -- ; -- ; --    ; --     ; --                     ; --                       ;
; R3out[19]   ; Input    ; -- ; --   ; --   ; -- ; -- ; --    ; --     ; --                     ; --                       ;
; R3out[20]   ; Input    ; -- ; --   ; --   ; -- ; -- ; --    ; --     ; --                     ; --                       ;
; R3out[21]   ; Input    ; -- ; --   ; --   ; -- ; -- ; --    ; --     ; --                     ; --                       ;
; R3out[22]   ; Input    ; -- ; --   ; --   ; -- ; -- ; --    ; --     ; --                     ; --                       ;
; R3out[23]   ; Input    ; -- ; --   ; --   ; -- ; -- ; --    ; --     ; --                     ; --                       ;
; R3out[24]   ; Input    ; -- ; --   ; --   ; -- ; -- ; --    ; --     ; --                     ; --                       ;
; R3out[25]   ; Input    ; -- ; --   ; --   ; -- ; -- ; --    ; --     ; --                     ; --                       ;
; R3out[26]   ; Input    ; -- ; --   ; --   ; -- ; -- ; --    ; --     ; --                     ; --                       ;
; R3out[27]   ; Input    ; -- ; --   ; --   ; -- ; -- ; --    ; --     ; --                     ; --                       ;
; R3out[28]   ; Input    ; -- ; --   ; --   ; -- ; -- ; --    ; --     ; --                     ; --                       ;
; R3out[29]   ; Input    ; -- ; --   ; --   ; -- ; -- ; --    ; --     ; --                     ; --                       ;
; R3out[30]   ; Input    ; -- ; --   ; --   ; -- ; -- ; --    ; --     ; --                     ; --                       ;
; R3out[31]   ; Input    ; -- ; --   ; --   ; -- ; -- ; --    ; --     ; --                     ; --                       ;
; R4out[0]    ; Input    ; -- ; --   ; --   ; -- ; -- ; --    ; --     ; --                     ; --                       ;
; R4out[1]    ; Input    ; -- ; --   ; --   ; -- ; -- ; --    ; --     ; --                     ; --                       ;
; R4out[2]    ; Input    ; -- ; --   ; --   ; -- ; -- ; --    ; --     ; --                     ; --                       ;
; R4out[3]    ; Input    ; -- ; --   ; --   ; -- ; -- ; --    ; --     ; --                     ; --                       ;
; R4out[4]    ; Input    ; -- ; --   ; --   ; -- ; -- ; --    ; --     ; --                     ; --                       ;
; R4out[5]    ; Input    ; -- ; --   ; --   ; -- ; -- ; --    ; --     ; --                     ; --                       ;
; R4out[6]    ; Input    ; -- ; --   ; --   ; -- ; -- ; --    ; --     ; --                     ; --                       ;
; R4out[7]    ; Input    ; -- ; --   ; --   ; -- ; -- ; --    ; --     ; --                     ; --                       ;
; R4out[8]    ; Input    ; -- ; --   ; --   ; -- ; -- ; --    ; --     ; --                     ; --                       ;
; R4out[9]    ; Input    ; -- ; --   ; --   ; -- ; -- ; --    ; --     ; --                     ; --                       ;
; R4out[10]   ; Input    ; -- ; --   ; --   ; -- ; -- ; --    ; --     ; --                     ; --                       ;
; R4out[11]   ; Input    ; -- ; --   ; --   ; -- ; -- ; --    ; --     ; --                     ; --                       ;
; R4out[12]   ; Input    ; -- ; --   ; --   ; -- ; -- ; --    ; --     ; --                     ; --                       ;
; R4out[13]   ; Input    ; -- ; --   ; --   ; -- ; -- ; --    ; --     ; --                     ; --                       ;
; R4out[14]   ; Input    ; -- ; --   ; --   ; -- ; -- ; --    ; --     ; --                     ; --                       ;
; R4out[15]   ; Input    ; -- ; --   ; --   ; -- ; -- ; --    ; --     ; --                     ; --                       ;
; R4out[16]   ; Input    ; -- ; --   ; --   ; -- ; -- ; --    ; --     ; --                     ; --                       ;
; R4out[17]   ; Input    ; -- ; --   ; --   ; -- ; -- ; --    ; --     ; --                     ; --                       ;
; R4out[18]   ; Input    ; -- ; --   ; --   ; -- ; -- ; --    ; --     ; --                     ; --                       ;
; R4out[19]   ; Input    ; -- ; --   ; --   ; -- ; -- ; --    ; --     ; --                     ; --                       ;
; R4out[20]   ; Input    ; -- ; --   ; --   ; -- ; -- ; --    ; --     ; --                     ; --                       ;
; R4out[21]   ; Input    ; -- ; --   ; --   ; -- ; -- ; --    ; --     ; --                     ; --                       ;
; R4out[22]   ; Input    ; -- ; --   ; --   ; -- ; -- ; --    ; --     ; --                     ; --                       ;
; R4out[23]   ; Input    ; -- ; --   ; --   ; -- ; -- ; --    ; --     ; --                     ; --                       ;
; R4out[24]   ; Input    ; -- ; --   ; --   ; -- ; -- ; --    ; --     ; --                     ; --                       ;
; R4out[25]   ; Input    ; -- ; --   ; --   ; -- ; -- ; --    ; --     ; --                     ; --                       ;
; R4out[26]   ; Input    ; -- ; --   ; --   ; -- ; -- ; --    ; --     ; --                     ; --                       ;
; R4out[27]   ; Input    ; -- ; --   ; --   ; -- ; -- ; --    ; --     ; --                     ; --                       ;
; R4out[28]   ; Input    ; -- ; --   ; --   ; -- ; -- ; --    ; --     ; --                     ; --                       ;
; R4out[29]   ; Input    ; -- ; --   ; --   ; -- ; -- ; --    ; --     ; --                     ; --                       ;
; R4out[30]   ; Input    ; -- ; --   ; --   ; -- ; -- ; --    ; --     ; --                     ; --                       ;
; R4out[31]   ; Input    ; -- ; --   ; --   ; -- ; -- ; --    ; --     ; --                     ; --                       ;
; R5out[0]    ; Input    ; -- ; --   ; --   ; -- ; -- ; --    ; --     ; --                     ; --                       ;
; R5out[1]    ; Input    ; -- ; --   ; --   ; -- ; -- ; --    ; --     ; --                     ; --                       ;
; R5out[2]    ; Input    ; -- ; --   ; --   ; -- ; -- ; --    ; --     ; --                     ; --                       ;
; R5out[3]    ; Input    ; -- ; --   ; --   ; -- ; -- ; --    ; --     ; --                     ; --                       ;
; R5out[4]    ; Input    ; -- ; --   ; --   ; -- ; -- ; --    ; --     ; --                     ; --                       ;
; R5out[5]    ; Input    ; -- ; --   ; --   ; -- ; -- ; --    ; --     ; --                     ; --                       ;
; R5out[6]    ; Input    ; -- ; --   ; --   ; -- ; -- ; --    ; --     ; --                     ; --                       ;
; R5out[7]    ; Input    ; -- ; --   ; --   ; -- ; -- ; --    ; --     ; --                     ; --                       ;
; R5out[8]    ; Input    ; -- ; --   ; --   ; -- ; -- ; --    ; --     ; --                     ; --                       ;
; R5out[9]    ; Input    ; -- ; --   ; --   ; -- ; -- ; --    ; --     ; --                     ; --                       ;
; R5out[10]   ; Input    ; -- ; --   ; --   ; -- ; -- ; --    ; --     ; --                     ; --                       ;
; R5out[11]   ; Input    ; -- ; --   ; --   ; -- ; -- ; --    ; --     ; --                     ; --                       ;
; R5out[12]   ; Input    ; -- ; --   ; --   ; -- ; -- ; --    ; --     ; --                     ; --                       ;
; R5out[13]   ; Input    ; -- ; --   ; --   ; -- ; -- ; --    ; --     ; --                     ; --                       ;
; R5out[14]   ; Input    ; -- ; --   ; --   ; -- ; -- ; --    ; --     ; --                     ; --                       ;
; R5out[15]   ; Input    ; -- ; --   ; --   ; -- ; -- ; --    ; --     ; --                     ; --                       ;
; R5out[16]   ; Input    ; -- ; --   ; --   ; -- ; -- ; --    ; --     ; --                     ; --                       ;
; R5out[17]   ; Input    ; -- ; --   ; --   ; -- ; -- ; --    ; --     ; --                     ; --                       ;
; R5out[18]   ; Input    ; -- ; --   ; --   ; -- ; -- ; --    ; --     ; --                     ; --                       ;
; R5out[19]   ; Input    ; -- ; --   ; --   ; -- ; -- ; --    ; --     ; --                     ; --                       ;
; R5out[20]   ; Input    ; -- ; --   ; --   ; -- ; -- ; --    ; --     ; --                     ; --                       ;
; R5out[21]   ; Input    ; -- ; --   ; --   ; -- ; -- ; --    ; --     ; --                     ; --                       ;
; R5out[22]   ; Input    ; -- ; --   ; --   ; -- ; -- ; --    ; --     ; --                     ; --                       ;
; R5out[23]   ; Input    ; -- ; --   ; --   ; -- ; -- ; --    ; --     ; --                     ; --                       ;
; R5out[24]   ; Input    ; -- ; --   ; --   ; -- ; -- ; --    ; --     ; --                     ; --                       ;
; R5out[25]   ; Input    ; -- ; --   ; --   ; -- ; -- ; --    ; --     ; --                     ; --                       ;
; R5out[26]   ; Input    ; -- ; --   ; --   ; -- ; -- ; --    ; --     ; --                     ; --                       ;
; R5out[27]   ; Input    ; -- ; --   ; --   ; -- ; -- ; --    ; --     ; --                     ; --                       ;
; R5out[28]   ; Input    ; -- ; --   ; --   ; -- ; -- ; --    ; --     ; --                     ; --                       ;
; R5out[29]   ; Input    ; -- ; --   ; --   ; -- ; -- ; --    ; --     ; --                     ; --                       ;
; R5out[30]   ; Input    ; -- ; --   ; --   ; -- ; -- ; --    ; --     ; --                     ; --                       ;
; R5out[31]   ; Input    ; -- ; --   ; --   ; -- ; -- ; --    ; --     ; --                     ; --                       ;
; R6out[0]    ; Input    ; -- ; --   ; --   ; -- ; -- ; --    ; --     ; --                     ; --                       ;
; R6out[1]    ; Input    ; -- ; --   ; --   ; -- ; -- ; --    ; --     ; --                     ; --                       ;
; R6out[2]    ; Input    ; -- ; --   ; --   ; -- ; -- ; --    ; --     ; --                     ; --                       ;
; R6out[3]    ; Input    ; -- ; --   ; --   ; -- ; -- ; --    ; --     ; --                     ; --                       ;
; R6out[4]    ; Input    ; -- ; --   ; --   ; -- ; -- ; --    ; --     ; --                     ; --                       ;
; R6out[5]    ; Input    ; -- ; --   ; --   ; -- ; -- ; --    ; --     ; --                     ; --                       ;
; R6out[6]    ; Input    ; -- ; --   ; --   ; -- ; -- ; --    ; --     ; --                     ; --                       ;
; R6out[7]    ; Input    ; -- ; --   ; --   ; -- ; -- ; --    ; --     ; --                     ; --                       ;
; R6out[8]    ; Input    ; -- ; --   ; --   ; -- ; -- ; --    ; --     ; --                     ; --                       ;
; R6out[9]    ; Input    ; -- ; --   ; --   ; -- ; -- ; --    ; --     ; --                     ; --                       ;
; R6out[10]   ; Input    ; -- ; --   ; --   ; -- ; -- ; --    ; --     ; --                     ; --                       ;
; R6out[11]   ; Input    ; -- ; --   ; --   ; -- ; -- ; --    ; --     ; --                     ; --                       ;
; R6out[12]   ; Input    ; -- ; --   ; --   ; -- ; -- ; --    ; --     ; --                     ; --                       ;
; R6out[13]   ; Input    ; -- ; --   ; --   ; -- ; -- ; --    ; --     ; --                     ; --                       ;
; R6out[14]   ; Input    ; -- ; --   ; --   ; -- ; -- ; --    ; --     ; --                     ; --                       ;
; R6out[15]   ; Input    ; -- ; --   ; --   ; -- ; -- ; --    ; --     ; --                     ; --                       ;
; R6out[16]   ; Input    ; -- ; --   ; --   ; -- ; -- ; --    ; --     ; --                     ; --                       ;
; R6out[17]   ; Input    ; -- ; --   ; --   ; -- ; -- ; --    ; --     ; --                     ; --                       ;
; R6out[18]   ; Input    ; -- ; --   ; --   ; -- ; -- ; --    ; --     ; --                     ; --                       ;
; R6out[19]   ; Input    ; -- ; --   ; --   ; -- ; -- ; --    ; --     ; --                     ; --                       ;
; R6out[20]   ; Input    ; -- ; --   ; --   ; -- ; -- ; --    ; --     ; --                     ; --                       ;
; R6out[21]   ; Input    ; -- ; --   ; --   ; -- ; -- ; --    ; --     ; --                     ; --                       ;
; R6out[22]   ; Input    ; -- ; --   ; --   ; -- ; -- ; --    ; --     ; --                     ; --                       ;
; R6out[23]   ; Input    ; -- ; --   ; --   ; -- ; -- ; --    ; --     ; --                     ; --                       ;
; R6out[24]   ; Input    ; -- ; --   ; --   ; -- ; -- ; --    ; --     ; --                     ; --                       ;
; R6out[25]   ; Input    ; -- ; --   ; --   ; -- ; -- ; --    ; --     ; --                     ; --                       ;
; R6out[26]   ; Input    ; -- ; --   ; --   ; -- ; -- ; --    ; --     ; --                     ; --                       ;
; R6out[27]   ; Input    ; -- ; --   ; --   ; -- ; -- ; --    ; --     ; --                     ; --                       ;
; R6out[28]   ; Input    ; -- ; --   ; --   ; -- ; -- ; --    ; --     ; --                     ; --                       ;
; R6out[29]   ; Input    ; -- ; --   ; --   ; -- ; -- ; --    ; --     ; --                     ; --                       ;
; R6out[30]   ; Input    ; -- ; --   ; --   ; -- ; -- ; --    ; --     ; --                     ; --                       ;
; R6out[31]   ; Input    ; -- ; --   ; --   ; -- ; -- ; --    ; --     ; --                     ; --                       ;
; R7out[0]    ; Input    ; -- ; --   ; --   ; -- ; -- ; --    ; --     ; --                     ; --                       ;
; R7out[1]    ; Input    ; -- ; --   ; --   ; -- ; -- ; --    ; --     ; --                     ; --                       ;
; R7out[2]    ; Input    ; -- ; --   ; --   ; -- ; -- ; --    ; --     ; --                     ; --                       ;
; R7out[3]    ; Input    ; -- ; --   ; --   ; -- ; -- ; --    ; --     ; --                     ; --                       ;
; R7out[4]    ; Input    ; -- ; --   ; --   ; -- ; -- ; --    ; --     ; --                     ; --                       ;
; R7out[5]    ; Input    ; -- ; --   ; --   ; -- ; -- ; --    ; --     ; --                     ; --                       ;
; R7out[6]    ; Input    ; -- ; --   ; --   ; -- ; -- ; --    ; --     ; --                     ; --                       ;
; R7out[7]    ; Input    ; -- ; --   ; --   ; -- ; -- ; --    ; --     ; --                     ; --                       ;
; R7out[8]    ; Input    ; -- ; --   ; --   ; -- ; -- ; --    ; --     ; --                     ; --                       ;
; R7out[9]    ; Input    ; -- ; --   ; --   ; -- ; -- ; --    ; --     ; --                     ; --                       ;
; R7out[10]   ; Input    ; -- ; --   ; --   ; -- ; -- ; --    ; --     ; --                     ; --                       ;
; R7out[11]   ; Input    ; -- ; --   ; --   ; -- ; -- ; --    ; --     ; --                     ; --                       ;
; R7out[12]   ; Input    ; -- ; --   ; --   ; -- ; -- ; --    ; --     ; --                     ; --                       ;
; R7out[13]   ; Input    ; -- ; --   ; --   ; -- ; -- ; --    ; --     ; --                     ; --                       ;
; R7out[14]   ; Input    ; -- ; --   ; --   ; -- ; -- ; --    ; --     ; --                     ; --                       ;
; R7out[15]   ; Input    ; -- ; --   ; --   ; -- ; -- ; --    ; --     ; --                     ; --                       ;
; R7out[16]   ; Input    ; -- ; --   ; --   ; -- ; -- ; --    ; --     ; --                     ; --                       ;
; R7out[17]   ; Input    ; -- ; --   ; --   ; -- ; -- ; --    ; --     ; --                     ; --                       ;
; R7out[18]   ; Input    ; -- ; --   ; --   ; -- ; -- ; --    ; --     ; --                     ; --                       ;
; R7out[19]   ; Input    ; -- ; --   ; --   ; -- ; -- ; --    ; --     ; --                     ; --                       ;
; R7out[20]   ; Input    ; -- ; --   ; --   ; -- ; -- ; --    ; --     ; --                     ; --                       ;
; R7out[21]   ; Input    ; -- ; --   ; --   ; -- ; -- ; --    ; --     ; --                     ; --                       ;
; R7out[22]   ; Input    ; -- ; --   ; --   ; -- ; -- ; --    ; --     ; --                     ; --                       ;
; R7out[23]   ; Input    ; -- ; --   ; --   ; -- ; -- ; --    ; --     ; --                     ; --                       ;
; R7out[24]   ; Input    ; -- ; --   ; --   ; -- ; -- ; --    ; --     ; --                     ; --                       ;
; R7out[25]   ; Input    ; -- ; --   ; --   ; -- ; -- ; --    ; --     ; --                     ; --                       ;
; R7out[26]   ; Input    ; -- ; --   ; --   ; -- ; -- ; --    ; --     ; --                     ; --                       ;
; R7out[27]   ; Input    ; -- ; --   ; --   ; -- ; -- ; --    ; --     ; --                     ; --                       ;
; R7out[28]   ; Input    ; -- ; --   ; --   ; -- ; -- ; --    ; --     ; --                     ; --                       ;
; R7out[29]   ; Input    ; -- ; --   ; --   ; -- ; -- ; --    ; --     ; --                     ; --                       ;
; R7out[30]   ; Input    ; -- ; --   ; --   ; -- ; -- ; --    ; --     ; --                     ; --                       ;
; R7out[31]   ; Input    ; -- ; --   ; --   ; -- ; -- ; --    ; --     ; --                     ; --                       ;
; R8out[0]    ; Input    ; -- ; --   ; --   ; -- ; -- ; --    ; --     ; --                     ; --                       ;
; R8out[1]    ; Input    ; -- ; --   ; --   ; -- ; -- ; --    ; --     ; --                     ; --                       ;
; R8out[2]    ; Input    ; -- ; --   ; --   ; -- ; -- ; --    ; --     ; --                     ; --                       ;
; R8out[3]    ; Input    ; -- ; --   ; --   ; -- ; -- ; --    ; --     ; --                     ; --                       ;
; R8out[4]    ; Input    ; -- ; --   ; --   ; -- ; -- ; --    ; --     ; --                     ; --                       ;
; R8out[5]    ; Input    ; -- ; --   ; --   ; -- ; -- ; --    ; --     ; --                     ; --                       ;
; R8out[6]    ; Input    ; -- ; --   ; --   ; -- ; -- ; --    ; --     ; --                     ; --                       ;
; R8out[7]    ; Input    ; -- ; --   ; --   ; -- ; -- ; --    ; --     ; --                     ; --                       ;
; R8out[8]    ; Input    ; -- ; --   ; --   ; -- ; -- ; --    ; --     ; --                     ; --                       ;
; R8out[9]    ; Input    ; -- ; --   ; --   ; -- ; -- ; --    ; --     ; --                     ; --                       ;
; R8out[10]   ; Input    ; -- ; --   ; --   ; -- ; -- ; --    ; --     ; --                     ; --                       ;
; R8out[11]   ; Input    ; -- ; --   ; --   ; -- ; -- ; --    ; --     ; --                     ; --                       ;
; R8out[12]   ; Input    ; -- ; --   ; --   ; -- ; -- ; --    ; --     ; --                     ; --                       ;
; R8out[13]   ; Input    ; -- ; --   ; --   ; -- ; -- ; --    ; --     ; --                     ; --                       ;
; R8out[14]   ; Input    ; -- ; --   ; --   ; -- ; -- ; --    ; --     ; --                     ; --                       ;
; R8out[15]   ; Input    ; -- ; --   ; --   ; -- ; -- ; --    ; --     ; --                     ; --                       ;
; R8out[16]   ; Input    ; -- ; --   ; --   ; -- ; -- ; --    ; --     ; --                     ; --                       ;
; R8out[17]   ; Input    ; -- ; --   ; --   ; -- ; -- ; --    ; --     ; --                     ; --                       ;
; R8out[18]   ; Input    ; -- ; --   ; --   ; -- ; -- ; --    ; --     ; --                     ; --                       ;
; R8out[19]   ; Input    ; -- ; --   ; --   ; -- ; -- ; --    ; --     ; --                     ; --                       ;
; R8out[20]   ; Input    ; -- ; --   ; --   ; -- ; -- ; --    ; --     ; --                     ; --                       ;
; R8out[21]   ; Input    ; -- ; --   ; --   ; -- ; -- ; --    ; --     ; --                     ; --                       ;
; R8out[22]   ; Input    ; -- ; --   ; --   ; -- ; -- ; --    ; --     ; --                     ; --                       ;
; R8out[23]   ; Input    ; -- ; --   ; --   ; -- ; -- ; --    ; --     ; --                     ; --                       ;
; R8out[24]   ; Input    ; -- ; --   ; --   ; -- ; -- ; --    ; --     ; --                     ; --                       ;
; R8out[25]   ; Input    ; -- ; --   ; --   ; -- ; -- ; --    ; --     ; --                     ; --                       ;
; R8out[26]   ; Input    ; -- ; --   ; --   ; -- ; -- ; --    ; --     ; --                     ; --                       ;
; R8out[27]   ; Input    ; -- ; --   ; --   ; -- ; -- ; --    ; --     ; --                     ; --                       ;
; R8out[28]   ; Input    ; -- ; --   ; --   ; -- ; -- ; --    ; --     ; --                     ; --                       ;
; R8out[29]   ; Input    ; -- ; --   ; --   ; -- ; -- ; --    ; --     ; --                     ; --                       ;
; R8out[30]   ; Input    ; -- ; --   ; --   ; -- ; -- ; --    ; --     ; --                     ; --                       ;
; R8out[31]   ; Input    ; -- ; --   ; --   ; -- ; -- ; --    ; --     ; --                     ; --                       ;
; R9out[0]    ; Input    ; -- ; --   ; --   ; -- ; -- ; --    ; --     ; --                     ; --                       ;
; R9out[1]    ; Input    ; -- ; --   ; --   ; -- ; -- ; --    ; --     ; --                     ; --                       ;
; R9out[2]    ; Input    ; -- ; --   ; --   ; -- ; -- ; --    ; --     ; --                     ; --                       ;
; R9out[3]    ; Input    ; -- ; --   ; --   ; -- ; -- ; --    ; --     ; --                     ; --                       ;
; R9out[4]    ; Input    ; -- ; --   ; --   ; -- ; -- ; --    ; --     ; --                     ; --                       ;
; R9out[5]    ; Input    ; -- ; --   ; --   ; -- ; -- ; --    ; --     ; --                     ; --                       ;
; R9out[6]    ; Input    ; -- ; --   ; --   ; -- ; -- ; --    ; --     ; --                     ; --                       ;
; R9out[7]    ; Input    ; -- ; --   ; --   ; -- ; -- ; --    ; --     ; --                     ; --                       ;
; R9out[8]    ; Input    ; -- ; --   ; --   ; -- ; -- ; --    ; --     ; --                     ; --                       ;
; R9out[9]    ; Input    ; -- ; --   ; --   ; -- ; -- ; --    ; --     ; --                     ; --                       ;
; R9out[10]   ; Input    ; -- ; --   ; --   ; -- ; -- ; --    ; --     ; --                     ; --                       ;
; R9out[11]   ; Input    ; -- ; --   ; --   ; -- ; -- ; --    ; --     ; --                     ; --                       ;
; R9out[12]   ; Input    ; -- ; --   ; --   ; -- ; -- ; --    ; --     ; --                     ; --                       ;
; R9out[13]   ; Input    ; -- ; --   ; --   ; -- ; -- ; --    ; --     ; --                     ; --                       ;
; R9out[14]   ; Input    ; -- ; --   ; --   ; -- ; -- ; --    ; --     ; --                     ; --                       ;
; R9out[15]   ; Input    ; -- ; --   ; --   ; -- ; -- ; --    ; --     ; --                     ; --                       ;
; R9out[16]   ; Input    ; -- ; --   ; --   ; -- ; -- ; --    ; --     ; --                     ; --                       ;
; R9out[17]   ; Input    ; -- ; --   ; --   ; -- ; -- ; --    ; --     ; --                     ; --                       ;
; R9out[18]   ; Input    ; -- ; --   ; --   ; -- ; -- ; --    ; --     ; --                     ; --                       ;
; R9out[19]   ; Input    ; -- ; --   ; --   ; -- ; -- ; --    ; --     ; --                     ; --                       ;
; R9out[20]   ; Input    ; -- ; --   ; --   ; -- ; -- ; --    ; --     ; --                     ; --                       ;
; R9out[21]   ; Input    ; -- ; --   ; --   ; -- ; -- ; --    ; --     ; --                     ; --                       ;
; R9out[22]   ; Input    ; -- ; --   ; --   ; -- ; -- ; --    ; --     ; --                     ; --                       ;
; R9out[23]   ; Input    ; -- ; --   ; --   ; -- ; -- ; --    ; --     ; --                     ; --                       ;
; R9out[24]   ; Input    ; -- ; --   ; --   ; -- ; -- ; --    ; --     ; --                     ; --                       ;
; R9out[25]   ; Input    ; -- ; --   ; --   ; -- ; -- ; --    ; --     ; --                     ; --                       ;
; R9out[26]   ; Input    ; -- ; --   ; --   ; -- ; -- ; --    ; --     ; --                     ; --                       ;
; R9out[27]   ; Input    ; -- ; --   ; --   ; -- ; -- ; --    ; --     ; --                     ; --                       ;
; R9out[28]   ; Input    ; -- ; --   ; --   ; -- ; -- ; --    ; --     ; --                     ; --                       ;
; R9out[29]   ; Input    ; -- ; --   ; --   ; -- ; -- ; --    ; --     ; --                     ; --                       ;
; R9out[30]   ; Input    ; -- ; --   ; --   ; -- ; -- ; --    ; --     ; --                     ; --                       ;
; R9out[31]   ; Input    ; -- ; --   ; --   ; -- ; -- ; --    ; --     ; --                     ; --                       ;
; R10out[0]   ; Input    ; -- ; --   ; --   ; -- ; -- ; --    ; --     ; --                     ; --                       ;
; R10out[1]   ; Input    ; -- ; --   ; --   ; -- ; -- ; --    ; --     ; --                     ; --                       ;
; R10out[2]   ; Input    ; -- ; --   ; --   ; -- ; -- ; --    ; --     ; --                     ; --                       ;
; R10out[3]   ; Input    ; -- ; --   ; --   ; -- ; -- ; --    ; --     ; --                     ; --                       ;
; R10out[4]   ; Input    ; -- ; --   ; --   ; -- ; -- ; --    ; --     ; --                     ; --                       ;
; R10out[5]   ; Input    ; -- ; --   ; --   ; -- ; -- ; --    ; --     ; --                     ; --                       ;
; R10out[6]   ; Input    ; -- ; --   ; --   ; -- ; -- ; --    ; --     ; --                     ; --                       ;
; R10out[7]   ; Input    ; -- ; --   ; --   ; -- ; -- ; --    ; --     ; --                     ; --                       ;
; R10out[8]   ; Input    ; -- ; --   ; --   ; -- ; -- ; --    ; --     ; --                     ; --                       ;
; R10out[9]   ; Input    ; -- ; --   ; --   ; -- ; -- ; --    ; --     ; --                     ; --                       ;
; R10out[10]  ; Input    ; -- ; --   ; --   ; -- ; -- ; --    ; --     ; --                     ; --                       ;
; R10out[11]  ; Input    ; -- ; --   ; --   ; -- ; -- ; --    ; --     ; --                     ; --                       ;
; R10out[12]  ; Input    ; -- ; --   ; --   ; -- ; -- ; --    ; --     ; --                     ; --                       ;
; R10out[13]  ; Input    ; -- ; --   ; --   ; -- ; -- ; --    ; --     ; --                     ; --                       ;
; R10out[14]  ; Input    ; -- ; --   ; --   ; -- ; -- ; --    ; --     ; --                     ; --                       ;
; R10out[15]  ; Input    ; -- ; --   ; --   ; -- ; -- ; --    ; --     ; --                     ; --                       ;
; R10out[16]  ; Input    ; -- ; --   ; --   ; -- ; -- ; --    ; --     ; --                     ; --                       ;
; R10out[17]  ; Input    ; -- ; --   ; --   ; -- ; -- ; --    ; --     ; --                     ; --                       ;
; R10out[18]  ; Input    ; -- ; --   ; --   ; -- ; -- ; --    ; --     ; --                     ; --                       ;
; R10out[19]  ; Input    ; -- ; --   ; --   ; -- ; -- ; --    ; --     ; --                     ; --                       ;
; R10out[20]  ; Input    ; -- ; --   ; --   ; -- ; -- ; --    ; --     ; --                     ; --                       ;
; R10out[21]  ; Input    ; -- ; --   ; --   ; -- ; -- ; --    ; --     ; --                     ; --                       ;
; R10out[22]  ; Input    ; -- ; --   ; --   ; -- ; -- ; --    ; --     ; --                     ; --                       ;
; R10out[23]  ; Input    ; -- ; --   ; --   ; -- ; -- ; --    ; --     ; --                     ; --                       ;
; R10out[24]  ; Input    ; -- ; --   ; --   ; -- ; -- ; --    ; --     ; --                     ; --                       ;
; R10out[25]  ; Input    ; -- ; --   ; --   ; -- ; -- ; --    ; --     ; --                     ; --                       ;
; R10out[26]  ; Input    ; -- ; --   ; --   ; -- ; -- ; --    ; --     ; --                     ; --                       ;
; R10out[27]  ; Input    ; -- ; --   ; --   ; -- ; -- ; --    ; --     ; --                     ; --                       ;
; R10out[28]  ; Input    ; -- ; --   ; --   ; -- ; -- ; --    ; --     ; --                     ; --                       ;
; R10out[29]  ; Input    ; -- ; --   ; --   ; -- ; -- ; --    ; --     ; --                     ; --                       ;
; R10out[30]  ; Input    ; -- ; --   ; --   ; -- ; -- ; --    ; --     ; --                     ; --                       ;
; R10out[31]  ; Input    ; -- ; --   ; --   ; -- ; -- ; --    ; --     ; --                     ; --                       ;
; R11out[0]   ; Input    ; -- ; --   ; --   ; -- ; -- ; --    ; --     ; --                     ; --                       ;
; R11out[1]   ; Input    ; -- ; --   ; --   ; -- ; -- ; --    ; --     ; --                     ; --                       ;
; R11out[2]   ; Input    ; -- ; --   ; --   ; -- ; -- ; --    ; --     ; --                     ; --                       ;
; R11out[3]   ; Input    ; -- ; --   ; --   ; -- ; -- ; --    ; --     ; --                     ; --                       ;
; R11out[4]   ; Input    ; -- ; --   ; --   ; -- ; -- ; --    ; --     ; --                     ; --                       ;
; R11out[5]   ; Input    ; -- ; --   ; --   ; -- ; -- ; --    ; --     ; --                     ; --                       ;
; R11out[6]   ; Input    ; -- ; --   ; --   ; -- ; -- ; --    ; --     ; --                     ; --                       ;
; R11out[7]   ; Input    ; -- ; --   ; --   ; -- ; -- ; --    ; --     ; --                     ; --                       ;
; R11out[8]   ; Input    ; -- ; --   ; --   ; -- ; -- ; --    ; --     ; --                     ; --                       ;
; R11out[9]   ; Input    ; -- ; --   ; --   ; -- ; -- ; --    ; --     ; --                     ; --                       ;
; R11out[10]  ; Input    ; -- ; --   ; --   ; -- ; -- ; --    ; --     ; --                     ; --                       ;
; R11out[11]  ; Input    ; -- ; --   ; --   ; -- ; -- ; --    ; --     ; --                     ; --                       ;
; R11out[12]  ; Input    ; -- ; --   ; --   ; -- ; -- ; --    ; --     ; --                     ; --                       ;
; R11out[13]  ; Input    ; -- ; --   ; --   ; -- ; -- ; --    ; --     ; --                     ; --                       ;
; R11out[14]  ; Input    ; -- ; --   ; --   ; -- ; -- ; --    ; --     ; --                     ; --                       ;
; R11out[15]  ; Input    ; -- ; --   ; --   ; -- ; -- ; --    ; --     ; --                     ; --                       ;
; R11out[16]  ; Input    ; -- ; --   ; --   ; -- ; -- ; --    ; --     ; --                     ; --                       ;
; R11out[17]  ; Input    ; -- ; --   ; --   ; -- ; -- ; --    ; --     ; --                     ; --                       ;
; R11out[18]  ; Input    ; -- ; --   ; --   ; -- ; -- ; --    ; --     ; --                     ; --                       ;
; R11out[19]  ; Input    ; -- ; --   ; --   ; -- ; -- ; --    ; --     ; --                     ; --                       ;
; R11out[20]  ; Input    ; -- ; --   ; --   ; -- ; -- ; --    ; --     ; --                     ; --                       ;
; R11out[21]  ; Input    ; -- ; --   ; --   ; -- ; -- ; --    ; --     ; --                     ; --                       ;
; R11out[22]  ; Input    ; -- ; --   ; --   ; -- ; -- ; --    ; --     ; --                     ; --                       ;
; R11out[23]  ; Input    ; -- ; --   ; --   ; -- ; -- ; --    ; --     ; --                     ; --                       ;
; R11out[24]  ; Input    ; -- ; --   ; --   ; -- ; -- ; --    ; --     ; --                     ; --                       ;
; R11out[25]  ; Input    ; -- ; --   ; --   ; -- ; -- ; --    ; --     ; --                     ; --                       ;
; R11out[26]  ; Input    ; -- ; --   ; --   ; -- ; -- ; --    ; --     ; --                     ; --                       ;
; R11out[27]  ; Input    ; -- ; --   ; --   ; -- ; -- ; --    ; --     ; --                     ; --                       ;
; R11out[28]  ; Input    ; -- ; --   ; --   ; -- ; -- ; --    ; --     ; --                     ; --                       ;
; R11out[29]  ; Input    ; -- ; --   ; --   ; -- ; -- ; --    ; --     ; --                     ; --                       ;
; R11out[30]  ; Input    ; -- ; --   ; --   ; -- ; -- ; --    ; --     ; --                     ; --                       ;
; R11out[31]  ; Input    ; -- ; --   ; --   ; -- ; -- ; --    ; --     ; --                     ; --                       ;
; R12out[0]   ; Input    ; -- ; --   ; --   ; -- ; -- ; --    ; --     ; --                     ; --                       ;
; R12out[1]   ; Input    ; -- ; --   ; --   ; -- ; -- ; --    ; --     ; --                     ; --                       ;
; R12out[2]   ; Input    ; -- ; --   ; --   ; -- ; -- ; --    ; --     ; --                     ; --                       ;
; R12out[3]   ; Input    ; -- ; --   ; --   ; -- ; -- ; --    ; --     ; --                     ; --                       ;
; R12out[4]   ; Input    ; -- ; --   ; --   ; -- ; -- ; --    ; --     ; --                     ; --                       ;
; R12out[5]   ; Input    ; -- ; --   ; --   ; -- ; -- ; --    ; --     ; --                     ; --                       ;
; R12out[6]   ; Input    ; -- ; --   ; --   ; -- ; -- ; --    ; --     ; --                     ; --                       ;
; R12out[7]   ; Input    ; -- ; --   ; --   ; -- ; -- ; --    ; --     ; --                     ; --                       ;
; R12out[8]   ; Input    ; -- ; --   ; --   ; -- ; -- ; --    ; --     ; --                     ; --                       ;
; R12out[9]   ; Input    ; -- ; --   ; --   ; -- ; -- ; --    ; --     ; --                     ; --                       ;
; R12out[10]  ; Input    ; -- ; --   ; --   ; -- ; -- ; --    ; --     ; --                     ; --                       ;
; R12out[11]  ; Input    ; -- ; --   ; --   ; -- ; -- ; --    ; --     ; --                     ; --                       ;
; R12out[12]  ; Input    ; -- ; --   ; --   ; -- ; -- ; --    ; --     ; --                     ; --                       ;
; R12out[13]  ; Input    ; -- ; --   ; --   ; -- ; -- ; --    ; --     ; --                     ; --                       ;
; R12out[14]  ; Input    ; -- ; --   ; --   ; -- ; -- ; --    ; --     ; --                     ; --                       ;
; R12out[15]  ; Input    ; -- ; --   ; --   ; -- ; -- ; --    ; --     ; --                     ; --                       ;
; R12out[16]  ; Input    ; -- ; --   ; --   ; -- ; -- ; --    ; --     ; --                     ; --                       ;
; R12out[17]  ; Input    ; -- ; --   ; --   ; -- ; -- ; --    ; --     ; --                     ; --                       ;
; R12out[18]  ; Input    ; -- ; --   ; --   ; -- ; -- ; --    ; --     ; --                     ; --                       ;
; R12out[19]  ; Input    ; -- ; --   ; --   ; -- ; -- ; --    ; --     ; --                     ; --                       ;
; R12out[20]  ; Input    ; -- ; --   ; --   ; -- ; -- ; --    ; --     ; --                     ; --                       ;
; R12out[21]  ; Input    ; -- ; --   ; --   ; -- ; -- ; --    ; --     ; --                     ; --                       ;
; R12out[22]  ; Input    ; -- ; --   ; --   ; -- ; -- ; --    ; --     ; --                     ; --                       ;
; R12out[23]  ; Input    ; -- ; --   ; --   ; -- ; -- ; --    ; --     ; --                     ; --                       ;
; R12out[24]  ; Input    ; -- ; --   ; --   ; -- ; -- ; --    ; --     ; --                     ; --                       ;
; R12out[25]  ; Input    ; -- ; --   ; --   ; -- ; -- ; --    ; --     ; --                     ; --                       ;
; R12out[26]  ; Input    ; -- ; --   ; --   ; -- ; -- ; --    ; --     ; --                     ; --                       ;
; R12out[27]  ; Input    ; -- ; --   ; --   ; -- ; -- ; --    ; --     ; --                     ; --                       ;
; R12out[28]  ; Input    ; -- ; --   ; --   ; -- ; -- ; --    ; --     ; --                     ; --                       ;
; R12out[29]  ; Input    ; -- ; --   ; --   ; -- ; -- ; --    ; --     ; --                     ; --                       ;
; R12out[30]  ; Input    ; -- ; --   ; --   ; -- ; -- ; --    ; --     ; --                     ; --                       ;
; R12out[31]  ; Input    ; -- ; --   ; --   ; -- ; -- ; --    ; --     ; --                     ; --                       ;
; R13out[0]   ; Input    ; -- ; --   ; --   ; -- ; -- ; --    ; --     ; --                     ; --                       ;
; R13out[1]   ; Input    ; -- ; --   ; --   ; -- ; -- ; --    ; --     ; --                     ; --                       ;
; R13out[2]   ; Input    ; -- ; --   ; --   ; -- ; -- ; --    ; --     ; --                     ; --                       ;
; R13out[3]   ; Input    ; -- ; --   ; --   ; -- ; -- ; --    ; --     ; --                     ; --                       ;
; R13out[4]   ; Input    ; -- ; --   ; --   ; -- ; -- ; --    ; --     ; --                     ; --                       ;
; R13out[5]   ; Input    ; -- ; --   ; --   ; -- ; -- ; --    ; --     ; --                     ; --                       ;
; R13out[6]   ; Input    ; -- ; --   ; --   ; -- ; -- ; --    ; --     ; --                     ; --                       ;
; R13out[7]   ; Input    ; -- ; --   ; --   ; -- ; -- ; --    ; --     ; --                     ; --                       ;
; R13out[8]   ; Input    ; -- ; --   ; --   ; -- ; -- ; --    ; --     ; --                     ; --                       ;
; R13out[9]   ; Input    ; -- ; --   ; --   ; -- ; -- ; --    ; --     ; --                     ; --                       ;
; R13out[10]  ; Input    ; -- ; --   ; --   ; -- ; -- ; --    ; --     ; --                     ; --                       ;
; R13out[11]  ; Input    ; -- ; --   ; --   ; -- ; -- ; --    ; --     ; --                     ; --                       ;
; R13out[12]  ; Input    ; -- ; --   ; --   ; -- ; -- ; --    ; --     ; --                     ; --                       ;
; R13out[13]  ; Input    ; -- ; --   ; --   ; -- ; -- ; --    ; --     ; --                     ; --                       ;
; R13out[14]  ; Input    ; -- ; --   ; --   ; -- ; -- ; --    ; --     ; --                     ; --                       ;
; R13out[15]  ; Input    ; -- ; --   ; --   ; -- ; -- ; --    ; --     ; --                     ; --                       ;
; R13out[16]  ; Input    ; -- ; --   ; --   ; -- ; -- ; --    ; --     ; --                     ; --                       ;
; R13out[17]  ; Input    ; -- ; --   ; --   ; -- ; -- ; --    ; --     ; --                     ; --                       ;
; R13out[18]  ; Input    ; -- ; --   ; --   ; -- ; -- ; --    ; --     ; --                     ; --                       ;
; R13out[19]  ; Input    ; -- ; --   ; --   ; -- ; -- ; --    ; --     ; --                     ; --                       ;
; R13out[20]  ; Input    ; -- ; --   ; --   ; -- ; -- ; --    ; --     ; --                     ; --                       ;
; R13out[21]  ; Input    ; -- ; --   ; --   ; -- ; -- ; --    ; --     ; --                     ; --                       ;
; R13out[22]  ; Input    ; -- ; --   ; --   ; -- ; -- ; --    ; --     ; --                     ; --                       ;
; R13out[23]  ; Input    ; -- ; --   ; --   ; -- ; -- ; --    ; --     ; --                     ; --                       ;
; R13out[24]  ; Input    ; -- ; --   ; --   ; -- ; -- ; --    ; --     ; --                     ; --                       ;
; R13out[25]  ; Input    ; -- ; --   ; --   ; -- ; -- ; --    ; --     ; --                     ; --                       ;
; R13out[26]  ; Input    ; -- ; --   ; --   ; -- ; -- ; --    ; --     ; --                     ; --                       ;
; R13out[27]  ; Input    ; -- ; --   ; --   ; -- ; -- ; --    ; --     ; --                     ; --                       ;
; R13out[28]  ; Input    ; -- ; --   ; --   ; -- ; -- ; --    ; --     ; --                     ; --                       ;
; R13out[29]  ; Input    ; -- ; --   ; --   ; -- ; -- ; --    ; --     ; --                     ; --                       ;
; R13out[30]  ; Input    ; -- ; --   ; --   ; -- ; -- ; --    ; --     ; --                     ; --                       ;
; R13out[31]  ; Input    ; -- ; --   ; --   ; -- ; -- ; --    ; --     ; --                     ; --                       ;
; R14out[0]   ; Input    ; -- ; --   ; --   ; -- ; -- ; --    ; --     ; --                     ; --                       ;
; R14out[1]   ; Input    ; -- ; --   ; --   ; -- ; -- ; --    ; --     ; --                     ; --                       ;
; R14out[2]   ; Input    ; -- ; --   ; --   ; -- ; -- ; --    ; --     ; --                     ; --                       ;
; R14out[3]   ; Input    ; -- ; --   ; --   ; -- ; -- ; --    ; --     ; --                     ; --                       ;
; R14out[4]   ; Input    ; -- ; --   ; --   ; -- ; -- ; --    ; --     ; --                     ; --                       ;
; R14out[5]   ; Input    ; -- ; --   ; --   ; -- ; -- ; --    ; --     ; --                     ; --                       ;
; R14out[6]   ; Input    ; -- ; --   ; --   ; -- ; -- ; --    ; --     ; --                     ; --                       ;
; R14out[7]   ; Input    ; -- ; --   ; --   ; -- ; -- ; --    ; --     ; --                     ; --                       ;
; R14out[8]   ; Input    ; -- ; --   ; --   ; -- ; -- ; --    ; --     ; --                     ; --                       ;
; R14out[9]   ; Input    ; -- ; --   ; --   ; -- ; -- ; --    ; --     ; --                     ; --                       ;
; R14out[10]  ; Input    ; -- ; --   ; --   ; -- ; -- ; --    ; --     ; --                     ; --                       ;
; R14out[11]  ; Input    ; -- ; --   ; --   ; -- ; -- ; --    ; --     ; --                     ; --                       ;
; R14out[12]  ; Input    ; -- ; --   ; --   ; -- ; -- ; --    ; --     ; --                     ; --                       ;
; R14out[13]  ; Input    ; -- ; --   ; --   ; -- ; -- ; --    ; --     ; --                     ; --                       ;
; R14out[14]  ; Input    ; -- ; --   ; --   ; -- ; -- ; --    ; --     ; --                     ; --                       ;
; R14out[15]  ; Input    ; -- ; --   ; --   ; -- ; -- ; --    ; --     ; --                     ; --                       ;
; R14out[16]  ; Input    ; -- ; --   ; --   ; -- ; -- ; --    ; --     ; --                     ; --                       ;
; R14out[17]  ; Input    ; -- ; --   ; --   ; -- ; -- ; --    ; --     ; --                     ; --                       ;
; R14out[18]  ; Input    ; -- ; --   ; --   ; -- ; -- ; --    ; --     ; --                     ; --                       ;
; R14out[19]  ; Input    ; -- ; --   ; --   ; -- ; -- ; --    ; --     ; --                     ; --                       ;
; R14out[20]  ; Input    ; -- ; --   ; --   ; -- ; -- ; --    ; --     ; --                     ; --                       ;
; R14out[21]  ; Input    ; -- ; --   ; --   ; -- ; -- ; --    ; --     ; --                     ; --                       ;
; R14out[22]  ; Input    ; -- ; --   ; --   ; -- ; -- ; --    ; --     ; --                     ; --                       ;
; R14out[23]  ; Input    ; -- ; --   ; --   ; -- ; -- ; --    ; --     ; --                     ; --                       ;
; R14out[24]  ; Input    ; -- ; --   ; --   ; -- ; -- ; --    ; --     ; --                     ; --                       ;
; R14out[25]  ; Input    ; -- ; --   ; --   ; -- ; -- ; --    ; --     ; --                     ; --                       ;
; R14out[26]  ; Input    ; -- ; --   ; --   ; -- ; -- ; --    ; --     ; --                     ; --                       ;
; R14out[27]  ; Input    ; -- ; --   ; --   ; -- ; -- ; --    ; --     ; --                     ; --                       ;
; R14out[28]  ; Input    ; -- ; --   ; --   ; -- ; -- ; --    ; --     ; --                     ; --                       ;
; R14out[29]  ; Input    ; -- ; --   ; --   ; -- ; -- ; --    ; --     ; --                     ; --                       ;
; R14out[30]  ; Input    ; -- ; --   ; --   ; -- ; -- ; --    ; --     ; --                     ; --                       ;
; R14out[31]  ; Input    ; -- ; --   ; --   ; -- ; -- ; --    ; --     ; --                     ; --                       ;
; R15out[0]   ; Input    ; -- ; --   ; --   ; -- ; -- ; --    ; --     ; --                     ; --                       ;
; R15out[1]   ; Input    ; -- ; --   ; --   ; -- ; -- ; --    ; --     ; --                     ; --                       ;
; R15out[2]   ; Input    ; -- ; --   ; --   ; -- ; -- ; --    ; --     ; --                     ; --                       ;
; R15out[3]   ; Input    ; -- ; --   ; --   ; -- ; -- ; --    ; --     ; --                     ; --                       ;
; R15out[4]   ; Input    ; -- ; --   ; --   ; -- ; -- ; --    ; --     ; --                     ; --                       ;
; R15out[5]   ; Input    ; -- ; --   ; --   ; -- ; -- ; --    ; --     ; --                     ; --                       ;
; R15out[6]   ; Input    ; -- ; --   ; --   ; -- ; -- ; --    ; --     ; --                     ; --                       ;
; R15out[7]   ; Input    ; -- ; --   ; --   ; -- ; -- ; --    ; --     ; --                     ; --                       ;
; R15out[8]   ; Input    ; -- ; --   ; --   ; -- ; -- ; --    ; --     ; --                     ; --                       ;
; R15out[9]   ; Input    ; -- ; --   ; --   ; -- ; -- ; --    ; --     ; --                     ; --                       ;
; R15out[10]  ; Input    ; -- ; --   ; --   ; -- ; -- ; --    ; --     ; --                     ; --                       ;
; R15out[11]  ; Input    ; -- ; --   ; --   ; -- ; -- ; --    ; --     ; --                     ; --                       ;
; R15out[12]  ; Input    ; -- ; --   ; --   ; -- ; -- ; --    ; --     ; --                     ; --                       ;
; R15out[13]  ; Input    ; -- ; --   ; --   ; -- ; -- ; --    ; --     ; --                     ; --                       ;
; R15out[14]  ; Input    ; -- ; --   ; --   ; -- ; -- ; --    ; --     ; --                     ; --                       ;
; R15out[15]  ; Input    ; -- ; --   ; --   ; -- ; -- ; --    ; --     ; --                     ; --                       ;
; R15out[16]  ; Input    ; -- ; --   ; --   ; -- ; -- ; --    ; --     ; --                     ; --                       ;
; R15out[17]  ; Input    ; -- ; --   ; --   ; -- ; -- ; --    ; --     ; --                     ; --                       ;
; R15out[18]  ; Input    ; -- ; --   ; --   ; -- ; -- ; --    ; --     ; --                     ; --                       ;
; R15out[19]  ; Input    ; -- ; --   ; --   ; -- ; -- ; --    ; --     ; --                     ; --                       ;
; R15out[20]  ; Input    ; -- ; --   ; --   ; -- ; -- ; --    ; --     ; --                     ; --                       ;
; R15out[21]  ; Input    ; -- ; --   ; --   ; -- ; -- ; --    ; --     ; --                     ; --                       ;
; R15out[22]  ; Input    ; -- ; --   ; --   ; -- ; -- ; --    ; --     ; --                     ; --                       ;
; R15out[23]  ; Input    ; -- ; --   ; --   ; -- ; -- ; --    ; --     ; --                     ; --                       ;
; R15out[24]  ; Input    ; -- ; --   ; --   ; -- ; -- ; --    ; --     ; --                     ; --                       ;
; R15out[25]  ; Input    ; -- ; --   ; --   ; -- ; -- ; --    ; --     ; --                     ; --                       ;
; R15out[26]  ; Input    ; -- ; --   ; --   ; -- ; -- ; --    ; --     ; --                     ; --                       ;
; R15out[27]  ; Input    ; -- ; --   ; --   ; -- ; -- ; --    ; --     ; --                     ; --                       ;
; R15out[28]  ; Input    ; -- ; --   ; --   ; -- ; -- ; --    ; --     ; --                     ; --                       ;
; R15out[29]  ; Input    ; -- ; --   ; --   ; -- ; -- ; --    ; --     ; --                     ; --                       ;
; R15out[30]  ; Input    ; -- ; --   ; --   ; -- ; -- ; --    ; --     ; --                     ; --                       ;
; R15out[31]  ; Input    ; -- ; --   ; --   ; -- ; -- ; --    ; --     ; --                     ; --                       ;
; RZout[0]    ; Input    ; -- ; --   ; --   ; -- ; -- ; --    ; --     ; --                     ; --                       ;
; RZout[1]    ; Input    ; -- ; --   ; --   ; -- ; -- ; --    ; --     ; --                     ; --                       ;
; RZout[2]    ; Input    ; -- ; --   ; --   ; -- ; -- ; --    ; --     ; --                     ; --                       ;
; RZout[3]    ; Input    ; -- ; --   ; --   ; -- ; -- ; --    ; --     ; --                     ; --                       ;
; RZout[4]    ; Input    ; -- ; --   ; --   ; -- ; -- ; --    ; --     ; --                     ; --                       ;
; RZout[5]    ; Input    ; -- ; --   ; --   ; -- ; -- ; --    ; --     ; --                     ; --                       ;
; RZout[6]    ; Input    ; -- ; --   ; --   ; -- ; -- ; --    ; --     ; --                     ; --                       ;
; RZout[7]    ; Input    ; -- ; --   ; --   ; -- ; -- ; --    ; --     ; --                     ; --                       ;
; RZout[8]    ; Input    ; -- ; --   ; --   ; -- ; -- ; --    ; --     ; --                     ; --                       ;
; RZout[9]    ; Input    ; -- ; --   ; --   ; -- ; -- ; --    ; --     ; --                     ; --                       ;
; RZout[10]   ; Input    ; -- ; --   ; --   ; -- ; -- ; --    ; --     ; --                     ; --                       ;
; RZout[11]   ; Input    ; -- ; --   ; --   ; -- ; -- ; --    ; --     ; --                     ; --                       ;
; RZout[12]   ; Input    ; -- ; --   ; --   ; -- ; -- ; --    ; --     ; --                     ; --                       ;
; RZout[13]   ; Input    ; -- ; --   ; --   ; -- ; -- ; --    ; --     ; --                     ; --                       ;
; RZout[14]   ; Input    ; -- ; --   ; --   ; -- ; -- ; --    ; --     ; --                     ; --                       ;
; RZout[15]   ; Input    ; -- ; --   ; --   ; -- ; -- ; --    ; --     ; --                     ; --                       ;
; RZout[16]   ; Input    ; -- ; --   ; --   ; -- ; -- ; --    ; --     ; --                     ; --                       ;
; RZout[17]   ; Input    ; -- ; --   ; --   ; -- ; -- ; --    ; --     ; --                     ; --                       ;
; RZout[18]   ; Input    ; -- ; --   ; --   ; -- ; -- ; --    ; --     ; --                     ; --                       ;
; RZout[19]   ; Input    ; -- ; --   ; --   ; -- ; -- ; --    ; --     ; --                     ; --                       ;
; RZout[20]   ; Input    ; -- ; --   ; --   ; -- ; -- ; --    ; --     ; --                     ; --                       ;
; RZout[21]   ; Input    ; -- ; --   ; --   ; -- ; -- ; --    ; --     ; --                     ; --                       ;
; RZout[22]   ; Input    ; -- ; --   ; --   ; -- ; -- ; --    ; --     ; --                     ; --                       ;
; RZout[23]   ; Input    ; -- ; --   ; --   ; -- ; -- ; --    ; --     ; --                     ; --                       ;
; RZout[24]   ; Input    ; -- ; --   ; --   ; -- ; -- ; --    ; --     ; --                     ; --                       ;
; RZout[25]   ; Input    ; -- ; --   ; --   ; -- ; -- ; --    ; --     ; --                     ; --                       ;
; RZout[26]   ; Input    ; -- ; --   ; --   ; -- ; -- ; --    ; --     ; --                     ; --                       ;
; RZout[27]   ; Input    ; -- ; --   ; --   ; -- ; -- ; --    ; --     ; --                     ; --                       ;
; RZout[28]   ; Input    ; -- ; --   ; --   ; -- ; -- ; --    ; --     ; --                     ; --                       ;
; RZout[29]   ; Input    ; -- ; --   ; --   ; -- ; -- ; --    ; --     ; --                     ; --                       ;
; RZout[30]   ; Input    ; -- ; --   ; --   ; -- ; -- ; --    ; --     ; --                     ; --                       ;
; RZout[31]   ; Input    ; -- ; --   ; --   ; -- ; -- ; --    ; --     ; --                     ; --                       ;
; RYout[0]    ; Input    ; -- ; --   ; --   ; -- ; -- ; --    ; --     ; --                     ; --                       ;
; RYout[1]    ; Input    ; -- ; --   ; --   ; -- ; -- ; --    ; --     ; --                     ; --                       ;
; RYout[2]    ; Input    ; -- ; --   ; --   ; -- ; -- ; --    ; --     ; --                     ; --                       ;
; RYout[3]    ; Input    ; -- ; --   ; --   ; -- ; -- ; --    ; --     ; --                     ; --                       ;
; RYout[4]    ; Input    ; -- ; --   ; --   ; -- ; -- ; --    ; --     ; --                     ; --                       ;
; RYout[5]    ; Input    ; -- ; --   ; --   ; -- ; -- ; --    ; --     ; --                     ; --                       ;
; RYout[6]    ; Input    ; -- ; --   ; --   ; -- ; -- ; --    ; --     ; --                     ; --                       ;
; RYout[7]    ; Input    ; -- ; --   ; --   ; -- ; -- ; --    ; --     ; --                     ; --                       ;
; RYout[8]    ; Input    ; -- ; --   ; --   ; -- ; -- ; --    ; --     ; --                     ; --                       ;
; RYout[9]    ; Input    ; -- ; --   ; --   ; -- ; -- ; --    ; --     ; --                     ; --                       ;
; RYout[10]   ; Input    ; -- ; --   ; --   ; -- ; -- ; --    ; --     ; --                     ; --                       ;
; RYout[11]   ; Input    ; -- ; --   ; --   ; -- ; -- ; --    ; --     ; --                     ; --                       ;
; RYout[12]   ; Input    ; -- ; --   ; --   ; -- ; -- ; --    ; --     ; --                     ; --                       ;
; RYout[13]   ; Input    ; -- ; --   ; --   ; -- ; -- ; --    ; --     ; --                     ; --                       ;
; RYout[14]   ; Input    ; -- ; --   ; --   ; -- ; -- ; --    ; --     ; --                     ; --                       ;
; RYout[15]   ; Input    ; -- ; --   ; --   ; -- ; -- ; --    ; --     ; --                     ; --                       ;
; RYout[16]   ; Input    ; -- ; --   ; --   ; -- ; -- ; --    ; --     ; --                     ; --                       ;
; RYout[17]   ; Input    ; -- ; --   ; --   ; -- ; -- ; --    ; --     ; --                     ; --                       ;
; RYout[18]   ; Input    ; -- ; --   ; --   ; -- ; -- ; --    ; --     ; --                     ; --                       ;
; RYout[19]   ; Input    ; -- ; --   ; --   ; -- ; -- ; --    ; --     ; --                     ; --                       ;
; RYout[20]   ; Input    ; -- ; --   ; --   ; -- ; -- ; --    ; --     ; --                     ; --                       ;
; RYout[21]   ; Input    ; -- ; --   ; --   ; -- ; -- ; --    ; --     ; --                     ; --                       ;
; RYout[22]   ; Input    ; -- ; --   ; --   ; -- ; -- ; --    ; --     ; --                     ; --                       ;
; RYout[23]   ; Input    ; -- ; --   ; --   ; -- ; -- ; --    ; --     ; --                     ; --                       ;
; RYout[24]   ; Input    ; -- ; --   ; --   ; -- ; -- ; --    ; --     ; --                     ; --                       ;
; RYout[25]   ; Input    ; -- ; --   ; --   ; -- ; -- ; --    ; --     ; --                     ; --                       ;
; RYout[26]   ; Input    ; -- ; --   ; --   ; -- ; -- ; --    ; --     ; --                     ; --                       ;
; RYout[27]   ; Input    ; -- ; --   ; --   ; -- ; -- ; --    ; --     ; --                     ; --                       ;
; RYout[28]   ; Input    ; -- ; --   ; --   ; -- ; -- ; --    ; --     ; --                     ; --                       ;
; RYout[29]   ; Input    ; -- ; --   ; --   ; -- ; -- ; --    ; --     ; --                     ; --                       ;
; RYout[30]   ; Input    ; -- ; --   ; --   ; -- ; -- ; --    ; --     ; --                     ; --                       ;
; RYout[31]   ; Input    ; -- ; --   ; --   ; -- ; -- ; --    ; --     ; --                     ; --                       ;
; RHIout[0]   ; Input    ; -- ; --   ; --   ; -- ; -- ; --    ; --     ; --                     ; --                       ;
; RHIout[1]   ; Input    ; -- ; --   ; --   ; -- ; -- ; --    ; --     ; --                     ; --                       ;
; RHIout[2]   ; Input    ; -- ; --   ; --   ; -- ; -- ; --    ; --     ; --                     ; --                       ;
; RHIout[3]   ; Input    ; -- ; --   ; --   ; -- ; -- ; --    ; --     ; --                     ; --                       ;
; RHIout[4]   ; Input    ; -- ; --   ; --   ; -- ; -- ; --    ; --     ; --                     ; --                       ;
; RHIout[5]   ; Input    ; -- ; --   ; --   ; -- ; -- ; --    ; --     ; --                     ; --                       ;
; RHIout[6]   ; Input    ; -- ; --   ; --   ; -- ; -- ; --    ; --     ; --                     ; --                       ;
; RHIout[7]   ; Input    ; -- ; --   ; --   ; -- ; -- ; --    ; --     ; --                     ; --                       ;
; RHIout[8]   ; Input    ; -- ; --   ; --   ; -- ; -- ; --    ; --     ; --                     ; --                       ;
; RHIout[9]   ; Input    ; -- ; --   ; --   ; -- ; -- ; --    ; --     ; --                     ; --                       ;
; RHIout[10]  ; Input    ; -- ; --   ; --   ; -- ; -- ; --    ; --     ; --                     ; --                       ;
; RHIout[11]  ; Input    ; -- ; --   ; --   ; -- ; -- ; --    ; --     ; --                     ; --                       ;
; RHIout[12]  ; Input    ; -- ; --   ; --   ; -- ; -- ; --    ; --     ; --                     ; --                       ;
; RHIout[13]  ; Input    ; -- ; --   ; --   ; -- ; -- ; --    ; --     ; --                     ; --                       ;
; RHIout[14]  ; Input    ; -- ; --   ; --   ; -- ; -- ; --    ; --     ; --                     ; --                       ;
; RHIout[15]  ; Input    ; -- ; --   ; --   ; -- ; -- ; --    ; --     ; --                     ; --                       ;
; RHIout[16]  ; Input    ; -- ; --   ; --   ; -- ; -- ; --    ; --     ; --                     ; --                       ;
; RHIout[17]  ; Input    ; -- ; --   ; --   ; -- ; -- ; --    ; --     ; --                     ; --                       ;
; RHIout[18]  ; Input    ; -- ; --   ; --   ; -- ; -- ; --    ; --     ; --                     ; --                       ;
; RHIout[19]  ; Input    ; -- ; --   ; --   ; -- ; -- ; --    ; --     ; --                     ; --                       ;
; RHIout[20]  ; Input    ; -- ; --   ; --   ; -- ; -- ; --    ; --     ; --                     ; --                       ;
; RHIout[21]  ; Input    ; -- ; --   ; --   ; -- ; -- ; --    ; --     ; --                     ; --                       ;
; RHIout[22]  ; Input    ; -- ; --   ; --   ; -- ; -- ; --    ; --     ; --                     ; --                       ;
; RHIout[23]  ; Input    ; -- ; --   ; --   ; -- ; -- ; --    ; --     ; --                     ; --                       ;
; RHIout[24]  ; Input    ; -- ; --   ; --   ; -- ; -- ; --    ; --     ; --                     ; --                       ;
; RHIout[25]  ; Input    ; -- ; --   ; --   ; -- ; -- ; --    ; --     ; --                     ; --                       ;
; RHIout[26]  ; Input    ; -- ; --   ; --   ; -- ; -- ; --    ; --     ; --                     ; --                       ;
; RHIout[27]  ; Input    ; -- ; --   ; --   ; -- ; -- ; --    ; --     ; --                     ; --                       ;
; RHIout[28]  ; Input    ; -- ; --   ; --   ; -- ; -- ; --    ; --     ; --                     ; --                       ;
; RHIout[29]  ; Input    ; -- ; --   ; --   ; -- ; -- ; --    ; --     ; --                     ; --                       ;
; RHIout[30]  ; Input    ; -- ; --   ; --   ; -- ; -- ; --    ; --     ; --                     ; --                       ;
; RHIout[31]  ; Input    ; -- ; --   ; --   ; -- ; -- ; --    ; --     ; --                     ; --                       ;
; RLOout[0]   ; Input    ; -- ; --   ; --   ; -- ; -- ; --    ; --     ; --                     ; --                       ;
; RLOout[1]   ; Input    ; -- ; --   ; --   ; -- ; -- ; --    ; --     ; --                     ; --                       ;
; RLOout[2]   ; Input    ; -- ; --   ; --   ; -- ; -- ; --    ; --     ; --                     ; --                       ;
; RLOout[3]   ; Input    ; -- ; --   ; --   ; -- ; -- ; --    ; --     ; --                     ; --                       ;
; RLOout[4]   ; Input    ; -- ; --   ; --   ; -- ; -- ; --    ; --     ; --                     ; --                       ;
; RLOout[5]   ; Input    ; -- ; --   ; --   ; -- ; -- ; --    ; --     ; --                     ; --                       ;
; RLOout[6]   ; Input    ; -- ; --   ; --   ; -- ; -- ; --    ; --     ; --                     ; --                       ;
; RLOout[7]   ; Input    ; -- ; --   ; --   ; -- ; -- ; --    ; --     ; --                     ; --                       ;
; RLOout[8]   ; Input    ; -- ; --   ; --   ; -- ; -- ; --    ; --     ; --                     ; --                       ;
; RLOout[9]   ; Input    ; -- ; --   ; --   ; -- ; -- ; --    ; --     ; --                     ; --                       ;
; RLOout[10]  ; Input    ; -- ; --   ; --   ; -- ; -- ; --    ; --     ; --                     ; --                       ;
; RLOout[11]  ; Input    ; -- ; --   ; --   ; -- ; -- ; --    ; --     ; --                     ; --                       ;
; RLOout[12]  ; Input    ; -- ; --   ; --   ; -- ; -- ; --    ; --     ; --                     ; --                       ;
; RLOout[13]  ; Input    ; -- ; --   ; --   ; -- ; -- ; --    ; --     ; --                     ; --                       ;
; RLOout[14]  ; Input    ; -- ; --   ; --   ; -- ; -- ; --    ; --     ; --                     ; --                       ;
; RLOout[15]  ; Input    ; -- ; --   ; --   ; -- ; -- ; --    ; --     ; --                     ; --                       ;
; RLOout[16]  ; Input    ; -- ; --   ; --   ; -- ; -- ; --    ; --     ; --                     ; --                       ;
; RLOout[17]  ; Input    ; -- ; --   ; --   ; -- ; -- ; --    ; --     ; --                     ; --                       ;
; RLOout[18]  ; Input    ; -- ; --   ; --   ; -- ; -- ; --    ; --     ; --                     ; --                       ;
; RLOout[19]  ; Input    ; -- ; --   ; --   ; -- ; -- ; --    ; --     ; --                     ; --                       ;
; RLOout[20]  ; Input    ; -- ; --   ; --   ; -- ; -- ; --    ; --     ; --                     ; --                       ;
; RLOout[21]  ; Input    ; -- ; --   ; --   ; -- ; -- ; --    ; --     ; --                     ; --                       ;
; RLOout[22]  ; Input    ; -- ; --   ; --   ; -- ; -- ; --    ; --     ; --                     ; --                       ;
; RLOout[23]  ; Input    ; -- ; --   ; --   ; -- ; -- ; --    ; --     ; --                     ; --                       ;
; RLOout[24]  ; Input    ; -- ; --   ; --   ; -- ; -- ; --    ; --     ; --                     ; --                       ;
; RLOout[25]  ; Input    ; -- ; --   ; --   ; -- ; -- ; --    ; --     ; --                     ; --                       ;
; RLOout[26]  ; Input    ; -- ; --   ; --   ; -- ; -- ; --    ; --     ; --                     ; --                       ;
; RLOout[27]  ; Input    ; -- ; --   ; --   ; -- ; -- ; --    ; --     ; --                     ; --                       ;
; RLOout[28]  ; Input    ; -- ; --   ; --   ; -- ; -- ; --    ; --     ; --                     ; --                       ;
; RLOout[29]  ; Input    ; -- ; --   ; --   ; -- ; -- ; --    ; --     ; --                     ; --                       ;
; RLOout[30]  ; Input    ; -- ; --   ; --   ; -- ; -- ; --    ; --     ; --                     ; --                       ;
; RLOout[31]  ; Input    ; -- ; --   ; --   ; -- ; -- ; --    ; --     ; --                     ; --                       ;
; RPCout[0]   ; Input    ; -- ; --   ; --   ; -- ; -- ; --    ; --     ; --                     ; --                       ;
; RPCout[1]   ; Input    ; -- ; --   ; --   ; -- ; -- ; --    ; --     ; --                     ; --                       ;
; RPCout[2]   ; Input    ; -- ; --   ; --   ; -- ; -- ; --    ; --     ; --                     ; --                       ;
; RPCout[3]   ; Input    ; -- ; --   ; --   ; -- ; -- ; --    ; --     ; --                     ; --                       ;
; RPCout[4]   ; Input    ; -- ; --   ; --   ; -- ; -- ; --    ; --     ; --                     ; --                       ;
; RPCout[5]   ; Input    ; -- ; --   ; --   ; -- ; -- ; --    ; --     ; --                     ; --                       ;
; RPCout[6]   ; Input    ; -- ; --   ; --   ; -- ; -- ; --    ; --     ; --                     ; --                       ;
; RPCout[7]   ; Input    ; -- ; --   ; --   ; -- ; -- ; --    ; --     ; --                     ; --                       ;
; RPCout[8]   ; Input    ; -- ; --   ; --   ; -- ; -- ; --    ; --     ; --                     ; --                       ;
; RPCout[9]   ; Input    ; -- ; --   ; --   ; -- ; -- ; --    ; --     ; --                     ; --                       ;
; RPCout[10]  ; Input    ; -- ; --   ; --   ; -- ; -- ; --    ; --     ; --                     ; --                       ;
; RPCout[11]  ; Input    ; -- ; --   ; --   ; -- ; -- ; --    ; --     ; --                     ; --                       ;
; RPCout[12]  ; Input    ; -- ; --   ; --   ; -- ; -- ; --    ; --     ; --                     ; --                       ;
; RPCout[13]  ; Input    ; -- ; --   ; --   ; -- ; -- ; --    ; --     ; --                     ; --                       ;
; RPCout[14]  ; Input    ; -- ; --   ; --   ; -- ; -- ; --    ; --     ; --                     ; --                       ;
; RPCout[15]  ; Input    ; -- ; --   ; --   ; -- ; -- ; --    ; --     ; --                     ; --                       ;
; RPCout[16]  ; Input    ; -- ; --   ; --   ; -- ; -- ; --    ; --     ; --                     ; --                       ;
; RPCout[17]  ; Input    ; -- ; --   ; --   ; -- ; -- ; --    ; --     ; --                     ; --                       ;
; RPCout[18]  ; Input    ; -- ; --   ; --   ; -- ; -- ; --    ; --     ; --                     ; --                       ;
; RPCout[19]  ; Input    ; -- ; --   ; --   ; -- ; -- ; --    ; --     ; --                     ; --                       ;
; RPCout[20]  ; Input    ; -- ; --   ; --   ; -- ; -- ; --    ; --     ; --                     ; --                       ;
; RPCout[21]  ; Input    ; -- ; --   ; --   ; -- ; -- ; --    ; --     ; --                     ; --                       ;
; RPCout[22]  ; Input    ; -- ; --   ; --   ; -- ; -- ; --    ; --     ; --                     ; --                       ;
; RPCout[23]  ; Input    ; -- ; --   ; --   ; -- ; -- ; --    ; --     ; --                     ; --                       ;
; RPCout[24]  ; Input    ; -- ; --   ; --   ; -- ; -- ; --    ; --     ; --                     ; --                       ;
; RPCout[25]  ; Input    ; -- ; --   ; --   ; -- ; -- ; --    ; --     ; --                     ; --                       ;
; RPCout[26]  ; Input    ; -- ; --   ; --   ; -- ; -- ; --    ; --     ; --                     ; --                       ;
; RPCout[27]  ; Input    ; -- ; --   ; --   ; -- ; -- ; --    ; --     ; --                     ; --                       ;
; RPCout[28]  ; Input    ; -- ; --   ; --   ; -- ; -- ; --    ; --     ; --                     ; --                       ;
; RPCout[29]  ; Input    ; -- ; --   ; --   ; -- ; -- ; --    ; --     ; --                     ; --                       ;
; RPCout[30]  ; Input    ; -- ; --   ; --   ; -- ; -- ; --    ; --     ; --                     ; --                       ;
; RPCout[31]  ; Input    ; -- ; --   ; --   ; -- ; -- ; --    ; --     ; --                     ; --                       ;
; RIRout[0]   ; Input    ; -- ; --   ; --   ; -- ; -- ; --    ; --     ; --                     ; --                       ;
; RIRout[1]   ; Input    ; -- ; --   ; --   ; -- ; -- ; --    ; --     ; --                     ; --                       ;
; RIRout[2]   ; Input    ; -- ; --   ; --   ; -- ; -- ; --    ; --     ; --                     ; --                       ;
; RIRout[3]   ; Input    ; -- ; --   ; --   ; -- ; -- ; --    ; --     ; --                     ; --                       ;
; RIRout[4]   ; Input    ; -- ; --   ; --   ; -- ; -- ; --    ; --     ; --                     ; --                       ;
; RIRout[5]   ; Input    ; -- ; --   ; --   ; -- ; -- ; --    ; --     ; --                     ; --                       ;
; RIRout[6]   ; Input    ; -- ; --   ; --   ; -- ; -- ; --    ; --     ; --                     ; --                       ;
; RIRout[7]   ; Input    ; -- ; --   ; --   ; -- ; -- ; --    ; --     ; --                     ; --                       ;
; RIRout[8]   ; Input    ; -- ; --   ; --   ; -- ; -- ; --    ; --     ; --                     ; --                       ;
; RIRout[9]   ; Input    ; -- ; --   ; --   ; -- ; -- ; --    ; --     ; --                     ; --                       ;
; RIRout[10]  ; Input    ; -- ; --   ; --   ; -- ; -- ; --    ; --     ; --                     ; --                       ;
; RIRout[11]  ; Input    ; -- ; --   ; --   ; -- ; -- ; --    ; --     ; --                     ; --                       ;
; RIRout[12]  ; Input    ; -- ; --   ; --   ; -- ; -- ; --    ; --     ; --                     ; --                       ;
; RIRout[13]  ; Input    ; -- ; --   ; --   ; -- ; -- ; --    ; --     ; --                     ; --                       ;
; RIRout[14]  ; Input    ; -- ; --   ; --   ; -- ; -- ; --    ; --     ; --                     ; --                       ;
; RIRout[15]  ; Input    ; -- ; --   ; --   ; -- ; -- ; --    ; --     ; --                     ; --                       ;
; RIRout[16]  ; Input    ; -- ; --   ; --   ; -- ; -- ; --    ; --     ; --                     ; --                       ;
; RIRout[17]  ; Input    ; -- ; --   ; --   ; -- ; -- ; --    ; --     ; --                     ; --                       ;
; RIRout[18]  ; Input    ; -- ; --   ; --   ; -- ; -- ; --    ; --     ; --                     ; --                       ;
; RIRout[19]  ; Input    ; -- ; --   ; --   ; -- ; -- ; --    ; --     ; --                     ; --                       ;
; RIRout[20]  ; Input    ; -- ; --   ; --   ; -- ; -- ; --    ; --     ; --                     ; --                       ;
; RIRout[21]  ; Input    ; -- ; --   ; --   ; -- ; -- ; --    ; --     ; --                     ; --                       ;
; RIRout[22]  ; Input    ; -- ; --   ; --   ; -- ; -- ; --    ; --     ; --                     ; --                       ;
; RIRout[23]  ; Input    ; -- ; --   ; --   ; -- ; -- ; --    ; --     ; --                     ; --                       ;
; RIRout[24]  ; Input    ; -- ; --   ; --   ; -- ; -- ; --    ; --     ; --                     ; --                       ;
; RIRout[25]  ; Input    ; -- ; --   ; --   ; -- ; -- ; --    ; --     ; --                     ; --                       ;
; RIRout[26]  ; Input    ; -- ; --   ; --   ; -- ; -- ; --    ; --     ; --                     ; --                       ;
; RIRout[27]  ; Input    ; -- ; --   ; --   ; -- ; -- ; --    ; --     ; --                     ; --                       ;
; RIRout[28]  ; Input    ; -- ; --   ; --   ; -- ; -- ; --    ; --     ; --                     ; --                       ;
; RIRout[29]  ; Input    ; -- ; --   ; --   ; -- ; -- ; --    ; --     ; --                     ; --                       ;
; RIRout[30]  ; Input    ; -- ; --   ; --   ; -- ; -- ; --    ; --     ; --                     ; --                       ;
; RIRout[31]  ; Input    ; -- ; --   ; --   ; -- ; -- ; --    ; --     ; --                     ; --                       ;
; RMARout[0]  ; Input    ; -- ; --   ; --   ; -- ; -- ; --    ; --     ; --                     ; --                       ;
; RMARout[1]  ; Input    ; -- ; --   ; --   ; -- ; -- ; --    ; --     ; --                     ; --                       ;
; RMARout[2]  ; Input    ; -- ; --   ; --   ; -- ; -- ; --    ; --     ; --                     ; --                       ;
; RMARout[3]  ; Input    ; -- ; --   ; --   ; -- ; -- ; --    ; --     ; --                     ; --                       ;
; RMARout[4]  ; Input    ; -- ; --   ; --   ; -- ; -- ; --    ; --     ; --                     ; --                       ;
; RMARout[5]  ; Input    ; -- ; --   ; --   ; -- ; -- ; --    ; --     ; --                     ; --                       ;
; RMARout[6]  ; Input    ; -- ; --   ; --   ; -- ; -- ; --    ; --     ; --                     ; --                       ;
; RMARout[7]  ; Input    ; -- ; --   ; --   ; -- ; -- ; --    ; --     ; --                     ; --                       ;
; RMARout[8]  ; Input    ; -- ; --   ; --   ; -- ; -- ; --    ; --     ; --                     ; --                       ;
; RMARout[9]  ; Input    ; -- ; --   ; --   ; -- ; -- ; --    ; --     ; --                     ; --                       ;
; RMARout[10] ; Input    ; -- ; --   ; --   ; -- ; -- ; --    ; --     ; --                     ; --                       ;
; RMARout[11] ; Input    ; -- ; --   ; --   ; -- ; -- ; --    ; --     ; --                     ; --                       ;
; RMARout[12] ; Input    ; -- ; --   ; --   ; -- ; -- ; --    ; --     ; --                     ; --                       ;
; RMARout[13] ; Input    ; -- ; --   ; --   ; -- ; -- ; --    ; --     ; --                     ; --                       ;
; RMARout[14] ; Input    ; -- ; --   ; --   ; -- ; -- ; --    ; --     ; --                     ; --                       ;
; RMARout[15] ; Input    ; -- ; --   ; --   ; -- ; -- ; --    ; --     ; --                     ; --                       ;
; RMARout[16] ; Input    ; -- ; --   ; --   ; -- ; -- ; --    ; --     ; --                     ; --                       ;
; RMARout[17] ; Input    ; -- ; --   ; --   ; -- ; -- ; --    ; --     ; --                     ; --                       ;
; RMARout[18] ; Input    ; -- ; --   ; --   ; -- ; -- ; --    ; --     ; --                     ; --                       ;
; RMARout[19] ; Input    ; -- ; --   ; --   ; -- ; -- ; --    ; --     ; --                     ; --                       ;
; RMARout[20] ; Input    ; -- ; --   ; --   ; -- ; -- ; --    ; --     ; --                     ; --                       ;
; RMARout[21] ; Input    ; -- ; --   ; --   ; -- ; -- ; --    ; --     ; --                     ; --                       ;
; RMARout[22] ; Input    ; -- ; --   ; --   ; -- ; -- ; --    ; --     ; --                     ; --                       ;
; RMARout[23] ; Input    ; -- ; --   ; --   ; -- ; -- ; --    ; --     ; --                     ; --                       ;
; RMARout[24] ; Input    ; -- ; --   ; --   ; -- ; -- ; --    ; --     ; --                     ; --                       ;
; RMARout[25] ; Input    ; -- ; --   ; --   ; -- ; -- ; --    ; --     ; --                     ; --                       ;
; RMARout[26] ; Input    ; -- ; --   ; --   ; -- ; -- ; --    ; --     ; --                     ; --                       ;
; RMARout[27] ; Input    ; -- ; --   ; --   ; -- ; -- ; --    ; --     ; --                     ; --                       ;
; RMARout[28] ; Input    ; -- ; --   ; --   ; -- ; -- ; --    ; --     ; --                     ; --                       ;
; RMARout[29] ; Input    ; -- ; --   ; --   ; -- ; -- ; --    ; --     ; --                     ; --                       ;
; RMARout[30] ; Input    ; -- ; --   ; --   ; -- ; -- ; --    ; --     ; --                     ; --                       ;
; RMARout[31] ; Input    ; -- ; --   ; --   ; -- ; -- ; --    ; --     ; --                     ; --                       ;
; R0in        ; Input    ; -- ; --   ; --   ; -- ; -- ; --    ; --     ; --                     ; --                       ;
; R1in        ; Input    ; -- ; --   ; --   ; -- ; -- ; --    ; --     ; --                     ; --                       ;
; R2in        ; Input    ; -- ; --   ; --   ; -- ; -- ; --    ; --     ; --                     ; --                       ;
; R3in        ; Input    ; -- ; --   ; --   ; -- ; -- ; --    ; --     ; --                     ; --                       ;
; R4in        ; Input    ; -- ; --   ; --   ; -- ; -- ; --    ; --     ; --                     ; --                       ;
; R5in        ; Input    ; -- ; --   ; --   ; -- ; -- ; --    ; --     ; --                     ; --                       ;
; R6in        ; Input    ; -- ; --   ; --   ; -- ; -- ; --    ; --     ; --                     ; --                       ;
; R7in        ; Input    ; -- ; --   ; --   ; -- ; -- ; --    ; --     ; --                     ; --                       ;
; R8in        ; Input    ; -- ; --   ; --   ; -- ; -- ; --    ; --     ; --                     ; --                       ;
; R9in        ; Input    ; -- ; --   ; --   ; -- ; -- ; --    ; --     ; --                     ; --                       ;
; R10in       ; Input    ; -- ; --   ; --   ; -- ; -- ; --    ; --     ; --                     ; --                       ;
; R11in       ; Input    ; -- ; --   ; --   ; -- ; -- ; --    ; --     ; --                     ; --                       ;
; R12in       ; Input    ; -- ; --   ; --   ; -- ; -- ; --    ; --     ; --                     ; --                       ;
; R13in       ; Input    ; -- ; --   ; --   ; -- ; -- ; --    ; --     ; --                     ; --                       ;
; R14in       ; Input    ; -- ; --   ; --   ; -- ; -- ; --    ; --     ; --                     ; --                       ;
; R15in       ; Input    ; -- ; --   ; --   ; -- ; -- ; --    ; --     ; --                     ; --                       ;
; RZin        ; Input    ; -- ; --   ; --   ; -- ; -- ; --    ; --     ; --                     ; --                       ;
; RYin        ; Input    ; -- ; --   ; --   ; -- ; -- ; --    ; --     ; --                     ; --                       ;
; RHIin       ; Input    ; -- ; --   ; --   ; -- ; -- ; --    ; --     ; --                     ; --                       ;
; RLOin       ; Input    ; -- ; --   ; --   ; -- ; -- ; --    ; --     ; --                     ; --                       ;
; RPCin       ; Input    ; -- ; --   ; --   ; -- ; -- ; --    ; --     ; --                     ; --                       ;
; RIRin       ; Input    ; -- ; --   ; --   ; -- ; -- ; --    ; --     ; --                     ; --                       ;
; RMARin      ; Input    ; -- ; --   ; --   ; -- ; -- ; --    ; --     ; --                     ; --                       ;
+-------------+----------+----+------+------+----+----+-------+--------+------------------------+--------------------------+


+---------------------------------------------------+
; Pad To Core Delay Chain Fanout                    ;
+---------------------+-------------------+---------+
; Source Pin / Fanout ; Pad To Core Index ; Setting ;
+---------------------+-------------------+---------+
; clock[0]            ;                   ;         ;
; clock[1]            ;                   ;         ;
; clock[2]            ;                   ;         ;
; clock[3]            ;                   ;         ;
; clock[4]            ;                   ;         ;
; clock[5]            ;                   ;         ;
; clock[6]            ;                   ;         ;
; clock[7]            ;                   ;         ;
; clock[8]            ;                   ;         ;
; clock[9]            ;                   ;         ;
; clock[10]           ;                   ;         ;
; clock[11]           ;                   ;         ;
; clock[12]           ;                   ;         ;
; clock[13]           ;                   ;         ;
; clock[14]           ;                   ;         ;
; clock[15]           ;                   ;         ;
; clock[16]           ;                   ;         ;
; clock[17]           ;                   ;         ;
; clock[18]           ;                   ;         ;
; clock[19]           ;                   ;         ;
; clock[20]           ;                   ;         ;
; clock[21]           ;                   ;         ;
; clock[22]           ;                   ;         ;
; clock[23]           ;                   ;         ;
; clock[24]           ;                   ;         ;
; clock[25]           ;                   ;         ;
; clock[26]           ;                   ;         ;
; clock[27]           ;                   ;         ;
; clock[28]           ;                   ;         ;
; clock[29]           ;                   ;         ;
; clock[30]           ;                   ;         ;
; clock[31]           ;                   ;         ;
; clear[0]            ;                   ;         ;
; clear[1]            ;                   ;         ;
; clear[2]            ;                   ;         ;
; clear[3]            ;                   ;         ;
; clear[4]            ;                   ;         ;
; clear[5]            ;                   ;         ;
; clear[6]            ;                   ;         ;
; clear[7]            ;                   ;         ;
; clear[8]            ;                   ;         ;
; clear[9]            ;                   ;         ;
; clear[10]           ;                   ;         ;
; clear[11]           ;                   ;         ;
; clear[12]           ;                   ;         ;
; clear[13]           ;                   ;         ;
; clear[14]           ;                   ;         ;
; clear[15]           ;                   ;         ;
; clear[16]           ;                   ;         ;
; clear[17]           ;                   ;         ;
; clear[18]           ;                   ;         ;
; clear[19]           ;                   ;         ;
; clear[20]           ;                   ;         ;
; clear[21]           ;                   ;         ;
; clear[22]           ;                   ;         ;
; clear[23]           ;                   ;         ;
; clear[24]           ;                   ;         ;
; clear[25]           ;                   ;         ;
; clear[26]           ;                   ;         ;
; clear[27]           ;                   ;         ;
; clear[28]           ;                   ;         ;
; clear[29]           ;                   ;         ;
; clear[30]           ;                   ;         ;
; clear[31]           ;                   ;         ;
; R0out[0]            ;                   ;         ;
; R0out[1]            ;                   ;         ;
; R0out[2]            ;                   ;         ;
; R0out[3]            ;                   ;         ;
; R0out[4]            ;                   ;         ;
; R0out[5]            ;                   ;         ;
; R0out[6]            ;                   ;         ;
; R0out[7]            ;                   ;         ;
; R0out[8]            ;                   ;         ;
; R0out[9]            ;                   ;         ;
; R0out[10]           ;                   ;         ;
; R0out[11]           ;                   ;         ;
; R0out[12]           ;                   ;         ;
; R0out[13]           ;                   ;         ;
; R0out[14]           ;                   ;         ;
; R0out[15]           ;                   ;         ;
; R0out[16]           ;                   ;         ;
; R0out[17]           ;                   ;         ;
; R0out[18]           ;                   ;         ;
; R0out[19]           ;                   ;         ;
; R0out[20]           ;                   ;         ;
; R0out[21]           ;                   ;         ;
; R0out[22]           ;                   ;         ;
; R0out[23]           ;                   ;         ;
; R0out[24]           ;                   ;         ;
; R0out[25]           ;                   ;         ;
; R0out[26]           ;                   ;         ;
; R0out[27]           ;                   ;         ;
; R0out[28]           ;                   ;         ;
; R0out[29]           ;                   ;         ;
; R0out[30]           ;                   ;         ;
; R0out[31]           ;                   ;         ;
; R1out[0]            ;                   ;         ;
; R1out[1]            ;                   ;         ;
; R1out[2]            ;                   ;         ;
; R1out[3]            ;                   ;         ;
; R1out[4]            ;                   ;         ;
; R1out[5]            ;                   ;         ;
; R1out[6]            ;                   ;         ;
; R1out[7]            ;                   ;         ;
; R1out[8]            ;                   ;         ;
; R1out[9]            ;                   ;         ;
; R1out[10]           ;                   ;         ;
; R1out[11]           ;                   ;         ;
; R1out[12]           ;                   ;         ;
; R1out[13]           ;                   ;         ;
; R1out[14]           ;                   ;         ;
; R1out[15]           ;                   ;         ;
; R1out[16]           ;                   ;         ;
; R1out[17]           ;                   ;         ;
; R1out[18]           ;                   ;         ;
; R1out[19]           ;                   ;         ;
; R1out[20]           ;                   ;         ;
; R1out[21]           ;                   ;         ;
; R1out[22]           ;                   ;         ;
; R1out[23]           ;                   ;         ;
; R1out[24]           ;                   ;         ;
; R1out[25]           ;                   ;         ;
; R1out[26]           ;                   ;         ;
; R1out[27]           ;                   ;         ;
; R1out[28]           ;                   ;         ;
; R1out[29]           ;                   ;         ;
; R1out[30]           ;                   ;         ;
; R1out[31]           ;                   ;         ;
; R2out[0]            ;                   ;         ;
; R2out[1]            ;                   ;         ;
; R2out[2]            ;                   ;         ;
; R2out[3]            ;                   ;         ;
; R2out[4]            ;                   ;         ;
; R2out[5]            ;                   ;         ;
; R2out[6]            ;                   ;         ;
; R2out[7]            ;                   ;         ;
; R2out[8]            ;                   ;         ;
; R2out[9]            ;                   ;         ;
; R2out[10]           ;                   ;         ;
; R2out[11]           ;                   ;         ;
; R2out[12]           ;                   ;         ;
; R2out[13]           ;                   ;         ;
; R2out[14]           ;                   ;         ;
; R2out[15]           ;                   ;         ;
; R2out[16]           ;                   ;         ;
; R2out[17]           ;                   ;         ;
; R2out[18]           ;                   ;         ;
; R2out[19]           ;                   ;         ;
; R2out[20]           ;                   ;         ;
; R2out[21]           ;                   ;         ;
; R2out[22]           ;                   ;         ;
; R2out[23]           ;                   ;         ;
; R2out[24]           ;                   ;         ;
; R2out[25]           ;                   ;         ;
; R2out[26]           ;                   ;         ;
; R2out[27]           ;                   ;         ;
; R2out[28]           ;                   ;         ;
; R2out[29]           ;                   ;         ;
; R2out[30]           ;                   ;         ;
; R2out[31]           ;                   ;         ;
; R3out[0]            ;                   ;         ;
; R3out[1]            ;                   ;         ;
; R3out[2]            ;                   ;         ;
; R3out[3]            ;                   ;         ;
; R3out[4]            ;                   ;         ;
; R3out[5]            ;                   ;         ;
; R3out[6]            ;                   ;         ;
; R3out[7]            ;                   ;         ;
; R3out[8]            ;                   ;         ;
; R3out[9]            ;                   ;         ;
; R3out[10]           ;                   ;         ;
; R3out[11]           ;                   ;         ;
; R3out[12]           ;                   ;         ;
; R3out[13]           ;                   ;         ;
; R3out[14]           ;                   ;         ;
; R3out[15]           ;                   ;         ;
; R3out[16]           ;                   ;         ;
; R3out[17]           ;                   ;         ;
; R3out[18]           ;                   ;         ;
; R3out[19]           ;                   ;         ;
; R3out[20]           ;                   ;         ;
; R3out[21]           ;                   ;         ;
; R3out[22]           ;                   ;         ;
; R3out[23]           ;                   ;         ;
; R3out[24]           ;                   ;         ;
; R3out[25]           ;                   ;         ;
; R3out[26]           ;                   ;         ;
; R3out[27]           ;                   ;         ;
; R3out[28]           ;                   ;         ;
; R3out[29]           ;                   ;         ;
; R3out[30]           ;                   ;         ;
; R3out[31]           ;                   ;         ;
; R4out[0]            ;                   ;         ;
; R4out[1]            ;                   ;         ;
; R4out[2]            ;                   ;         ;
; R4out[3]            ;                   ;         ;
; R4out[4]            ;                   ;         ;
; R4out[5]            ;                   ;         ;
; R4out[6]            ;                   ;         ;
; R4out[7]            ;                   ;         ;
; R4out[8]            ;                   ;         ;
; R4out[9]            ;                   ;         ;
; R4out[10]           ;                   ;         ;
; R4out[11]           ;                   ;         ;
; R4out[12]           ;                   ;         ;
; R4out[13]           ;                   ;         ;
; R4out[14]           ;                   ;         ;
; R4out[15]           ;                   ;         ;
; R4out[16]           ;                   ;         ;
; R4out[17]           ;                   ;         ;
; R4out[18]           ;                   ;         ;
; R4out[19]           ;                   ;         ;
; R4out[20]           ;                   ;         ;
; R4out[21]           ;                   ;         ;
; R4out[22]           ;                   ;         ;
; R4out[23]           ;                   ;         ;
; R4out[24]           ;                   ;         ;
; R4out[25]           ;                   ;         ;
; R4out[26]           ;                   ;         ;
; R4out[27]           ;                   ;         ;
; R4out[28]           ;                   ;         ;
; R4out[29]           ;                   ;         ;
; R4out[30]           ;                   ;         ;
; R4out[31]           ;                   ;         ;
; R5out[0]            ;                   ;         ;
; R5out[1]            ;                   ;         ;
; R5out[2]            ;                   ;         ;
; R5out[3]            ;                   ;         ;
; R5out[4]            ;                   ;         ;
; R5out[5]            ;                   ;         ;
; R5out[6]            ;                   ;         ;
; R5out[7]            ;                   ;         ;
; R5out[8]            ;                   ;         ;
; R5out[9]            ;                   ;         ;
; R5out[10]           ;                   ;         ;
; R5out[11]           ;                   ;         ;
; R5out[12]           ;                   ;         ;
; R5out[13]           ;                   ;         ;
; R5out[14]           ;                   ;         ;
; R5out[15]           ;                   ;         ;
; R5out[16]           ;                   ;         ;
; R5out[17]           ;                   ;         ;
; R5out[18]           ;                   ;         ;
; R5out[19]           ;                   ;         ;
; R5out[20]           ;                   ;         ;
; R5out[21]           ;                   ;         ;
; R5out[22]           ;                   ;         ;
; R5out[23]           ;                   ;         ;
; R5out[24]           ;                   ;         ;
; R5out[25]           ;                   ;         ;
; R5out[26]           ;                   ;         ;
; R5out[27]           ;                   ;         ;
; R5out[28]           ;                   ;         ;
; R5out[29]           ;                   ;         ;
; R5out[30]           ;                   ;         ;
; R5out[31]           ;                   ;         ;
; R6out[0]            ;                   ;         ;
; R6out[1]            ;                   ;         ;
; R6out[2]            ;                   ;         ;
; R6out[3]            ;                   ;         ;
; R6out[4]            ;                   ;         ;
; R6out[5]            ;                   ;         ;
; R6out[6]            ;                   ;         ;
; R6out[7]            ;                   ;         ;
; R6out[8]            ;                   ;         ;
; R6out[9]            ;                   ;         ;
; R6out[10]           ;                   ;         ;
; R6out[11]           ;                   ;         ;
; R6out[12]           ;                   ;         ;
; R6out[13]           ;                   ;         ;
; R6out[14]           ;                   ;         ;
; R6out[15]           ;                   ;         ;
; R6out[16]           ;                   ;         ;
; R6out[17]           ;                   ;         ;
; R6out[18]           ;                   ;         ;
; R6out[19]           ;                   ;         ;
; R6out[20]           ;                   ;         ;
; R6out[21]           ;                   ;         ;
; R6out[22]           ;                   ;         ;
; R6out[23]           ;                   ;         ;
; R6out[24]           ;                   ;         ;
; R6out[25]           ;                   ;         ;
; R6out[26]           ;                   ;         ;
; R6out[27]           ;                   ;         ;
; R6out[28]           ;                   ;         ;
; R6out[29]           ;                   ;         ;
; R6out[30]           ;                   ;         ;
; R6out[31]           ;                   ;         ;
; R7out[0]            ;                   ;         ;
; R7out[1]            ;                   ;         ;
; R7out[2]            ;                   ;         ;
; R7out[3]            ;                   ;         ;
; R7out[4]            ;                   ;         ;
; R7out[5]            ;                   ;         ;
; R7out[6]            ;                   ;         ;
; R7out[7]            ;                   ;         ;
; R7out[8]            ;                   ;         ;
; R7out[9]            ;                   ;         ;
; R7out[10]           ;                   ;         ;
; R7out[11]           ;                   ;         ;
; R7out[12]           ;                   ;         ;
; R7out[13]           ;                   ;         ;
; R7out[14]           ;                   ;         ;
; R7out[15]           ;                   ;         ;
; R7out[16]           ;                   ;         ;
; R7out[17]           ;                   ;         ;
; R7out[18]           ;                   ;         ;
; R7out[19]           ;                   ;         ;
; R7out[20]           ;                   ;         ;
; R7out[21]           ;                   ;         ;
; R7out[22]           ;                   ;         ;
; R7out[23]           ;                   ;         ;
; R7out[24]           ;                   ;         ;
; R7out[25]           ;                   ;         ;
; R7out[26]           ;                   ;         ;
; R7out[27]           ;                   ;         ;
; R7out[28]           ;                   ;         ;
; R7out[29]           ;                   ;         ;
; R7out[30]           ;                   ;         ;
; R7out[31]           ;                   ;         ;
; R8out[0]            ;                   ;         ;
; R8out[1]            ;                   ;         ;
; R8out[2]            ;                   ;         ;
; R8out[3]            ;                   ;         ;
; R8out[4]            ;                   ;         ;
; R8out[5]            ;                   ;         ;
; R8out[6]            ;                   ;         ;
; R8out[7]            ;                   ;         ;
; R8out[8]            ;                   ;         ;
; R8out[9]            ;                   ;         ;
; R8out[10]           ;                   ;         ;
; R8out[11]           ;                   ;         ;
; R8out[12]           ;                   ;         ;
; R8out[13]           ;                   ;         ;
; R8out[14]           ;                   ;         ;
; R8out[15]           ;                   ;         ;
; R8out[16]           ;                   ;         ;
; R8out[17]           ;                   ;         ;
; R8out[18]           ;                   ;         ;
; R8out[19]           ;                   ;         ;
; R8out[20]           ;                   ;         ;
; R8out[21]           ;                   ;         ;
; R8out[22]           ;                   ;         ;
; R8out[23]           ;                   ;         ;
; R8out[24]           ;                   ;         ;
; R8out[25]           ;                   ;         ;
; R8out[26]           ;                   ;         ;
; R8out[27]           ;                   ;         ;
; R8out[28]           ;                   ;         ;
; R8out[29]           ;                   ;         ;
; R8out[30]           ;                   ;         ;
; R8out[31]           ;                   ;         ;
; R9out[0]            ;                   ;         ;
; R9out[1]            ;                   ;         ;
; R9out[2]            ;                   ;         ;
; R9out[3]            ;                   ;         ;
; R9out[4]            ;                   ;         ;
; R9out[5]            ;                   ;         ;
; R9out[6]            ;                   ;         ;
; R9out[7]            ;                   ;         ;
; R9out[8]            ;                   ;         ;
; R9out[9]            ;                   ;         ;
; R9out[10]           ;                   ;         ;
; R9out[11]           ;                   ;         ;
; R9out[12]           ;                   ;         ;
; R9out[13]           ;                   ;         ;
; R9out[14]           ;                   ;         ;
; R9out[15]           ;                   ;         ;
; R9out[16]           ;                   ;         ;
; R9out[17]           ;                   ;         ;
; R9out[18]           ;                   ;         ;
; R9out[19]           ;                   ;         ;
; R9out[20]           ;                   ;         ;
; R9out[21]           ;                   ;         ;
; R9out[22]           ;                   ;         ;
; R9out[23]           ;                   ;         ;
; R9out[24]           ;                   ;         ;
; R9out[25]           ;                   ;         ;
; R9out[26]           ;                   ;         ;
; R9out[27]           ;                   ;         ;
; R9out[28]           ;                   ;         ;
; R9out[29]           ;                   ;         ;
; R9out[30]           ;                   ;         ;
; R9out[31]           ;                   ;         ;
; R10out[0]           ;                   ;         ;
; R10out[1]           ;                   ;         ;
; R10out[2]           ;                   ;         ;
; R10out[3]           ;                   ;         ;
; R10out[4]           ;                   ;         ;
; R10out[5]           ;                   ;         ;
; R10out[6]           ;                   ;         ;
; R10out[7]           ;                   ;         ;
; R10out[8]           ;                   ;         ;
; R10out[9]           ;                   ;         ;
; R10out[10]          ;                   ;         ;
; R10out[11]          ;                   ;         ;
; R10out[12]          ;                   ;         ;
; R10out[13]          ;                   ;         ;
; R10out[14]          ;                   ;         ;
; R10out[15]          ;                   ;         ;
; R10out[16]          ;                   ;         ;
; R10out[17]          ;                   ;         ;
; R10out[18]          ;                   ;         ;
; R10out[19]          ;                   ;         ;
; R10out[20]          ;                   ;         ;
; R10out[21]          ;                   ;         ;
; R10out[22]          ;                   ;         ;
; R10out[23]          ;                   ;         ;
; R10out[24]          ;                   ;         ;
; R10out[25]          ;                   ;         ;
; R10out[26]          ;                   ;         ;
; R10out[27]          ;                   ;         ;
; R10out[28]          ;                   ;         ;
; R10out[29]          ;                   ;         ;
; R10out[30]          ;                   ;         ;
; R10out[31]          ;                   ;         ;
; R11out[0]           ;                   ;         ;
; R11out[1]           ;                   ;         ;
; R11out[2]           ;                   ;         ;
; R11out[3]           ;                   ;         ;
; R11out[4]           ;                   ;         ;
; R11out[5]           ;                   ;         ;
; R11out[6]           ;                   ;         ;
; R11out[7]           ;                   ;         ;
; R11out[8]           ;                   ;         ;
; R11out[9]           ;                   ;         ;
; R11out[10]          ;                   ;         ;
; R11out[11]          ;                   ;         ;
; R11out[12]          ;                   ;         ;
; R11out[13]          ;                   ;         ;
; R11out[14]          ;                   ;         ;
; R11out[15]          ;                   ;         ;
; R11out[16]          ;                   ;         ;
; R11out[17]          ;                   ;         ;
; R11out[18]          ;                   ;         ;
; R11out[19]          ;                   ;         ;
; R11out[20]          ;                   ;         ;
; R11out[21]          ;                   ;         ;
; R11out[22]          ;                   ;         ;
; R11out[23]          ;                   ;         ;
; R11out[24]          ;                   ;         ;
; R11out[25]          ;                   ;         ;
; R11out[26]          ;                   ;         ;
; R11out[27]          ;                   ;         ;
; R11out[28]          ;                   ;         ;
; R11out[29]          ;                   ;         ;
; R11out[30]          ;                   ;         ;
; R11out[31]          ;                   ;         ;
; R12out[0]           ;                   ;         ;
; R12out[1]           ;                   ;         ;
; R12out[2]           ;                   ;         ;
; R12out[3]           ;                   ;         ;
; R12out[4]           ;                   ;         ;
; R12out[5]           ;                   ;         ;
; R12out[6]           ;                   ;         ;
; R12out[7]           ;                   ;         ;
; R12out[8]           ;                   ;         ;
; R12out[9]           ;                   ;         ;
; R12out[10]          ;                   ;         ;
; R12out[11]          ;                   ;         ;
; R12out[12]          ;                   ;         ;
; R12out[13]          ;                   ;         ;
; R12out[14]          ;                   ;         ;
; R12out[15]          ;                   ;         ;
; R12out[16]          ;                   ;         ;
; R12out[17]          ;                   ;         ;
; R12out[18]          ;                   ;         ;
; R12out[19]          ;                   ;         ;
; R12out[20]          ;                   ;         ;
; R12out[21]          ;                   ;         ;
; R12out[22]          ;                   ;         ;
; R12out[23]          ;                   ;         ;
; R12out[24]          ;                   ;         ;
; R12out[25]          ;                   ;         ;
; R12out[26]          ;                   ;         ;
; R12out[27]          ;                   ;         ;
; R12out[28]          ;                   ;         ;
; R12out[29]          ;                   ;         ;
; R12out[30]          ;                   ;         ;
; R12out[31]          ;                   ;         ;
; R13out[0]           ;                   ;         ;
; R13out[1]           ;                   ;         ;
; R13out[2]           ;                   ;         ;
; R13out[3]           ;                   ;         ;
; R13out[4]           ;                   ;         ;
; R13out[5]           ;                   ;         ;
; R13out[6]           ;                   ;         ;
; R13out[7]           ;                   ;         ;
; R13out[8]           ;                   ;         ;
; R13out[9]           ;                   ;         ;
; R13out[10]          ;                   ;         ;
; R13out[11]          ;                   ;         ;
; R13out[12]          ;                   ;         ;
; R13out[13]          ;                   ;         ;
; R13out[14]          ;                   ;         ;
; R13out[15]          ;                   ;         ;
; R13out[16]          ;                   ;         ;
; R13out[17]          ;                   ;         ;
; R13out[18]          ;                   ;         ;
; R13out[19]          ;                   ;         ;
; R13out[20]          ;                   ;         ;
; R13out[21]          ;                   ;         ;
; R13out[22]          ;                   ;         ;
; R13out[23]          ;                   ;         ;
; R13out[24]          ;                   ;         ;
; R13out[25]          ;                   ;         ;
; R13out[26]          ;                   ;         ;
; R13out[27]          ;                   ;         ;
; R13out[28]          ;                   ;         ;
; R13out[29]          ;                   ;         ;
; R13out[30]          ;                   ;         ;
; R13out[31]          ;                   ;         ;
; R14out[0]           ;                   ;         ;
; R14out[1]           ;                   ;         ;
; R14out[2]           ;                   ;         ;
; R14out[3]           ;                   ;         ;
; R14out[4]           ;                   ;         ;
; R14out[5]           ;                   ;         ;
; R14out[6]           ;                   ;         ;
; R14out[7]           ;                   ;         ;
; R14out[8]           ;                   ;         ;
; R14out[9]           ;                   ;         ;
; R14out[10]          ;                   ;         ;
; R14out[11]          ;                   ;         ;
; R14out[12]          ;                   ;         ;
; R14out[13]          ;                   ;         ;
; R14out[14]          ;                   ;         ;
; R14out[15]          ;                   ;         ;
; R14out[16]          ;                   ;         ;
; R14out[17]          ;                   ;         ;
; R14out[18]          ;                   ;         ;
; R14out[19]          ;                   ;         ;
; R14out[20]          ;                   ;         ;
; R14out[21]          ;                   ;         ;
; R14out[22]          ;                   ;         ;
; R14out[23]          ;                   ;         ;
; R14out[24]          ;                   ;         ;
; R14out[25]          ;                   ;         ;
; R14out[26]          ;                   ;         ;
; R14out[27]          ;                   ;         ;
; R14out[28]          ;                   ;         ;
; R14out[29]          ;                   ;         ;
; R14out[30]          ;                   ;         ;
; R14out[31]          ;                   ;         ;
; R15out[0]           ;                   ;         ;
; R15out[1]           ;                   ;         ;
; R15out[2]           ;                   ;         ;
; R15out[3]           ;                   ;         ;
; R15out[4]           ;                   ;         ;
; R15out[5]           ;                   ;         ;
; R15out[6]           ;                   ;         ;
; R15out[7]           ;                   ;         ;
; R15out[8]           ;                   ;         ;
; R15out[9]           ;                   ;         ;
; R15out[10]          ;                   ;         ;
; R15out[11]          ;                   ;         ;
; R15out[12]          ;                   ;         ;
; R15out[13]          ;                   ;         ;
; R15out[14]          ;                   ;         ;
; R15out[15]          ;                   ;         ;
; R15out[16]          ;                   ;         ;
; R15out[17]          ;                   ;         ;
; R15out[18]          ;                   ;         ;
; R15out[19]          ;                   ;         ;
; R15out[20]          ;                   ;         ;
; R15out[21]          ;                   ;         ;
; R15out[22]          ;                   ;         ;
; R15out[23]          ;                   ;         ;
; R15out[24]          ;                   ;         ;
; R15out[25]          ;                   ;         ;
; R15out[26]          ;                   ;         ;
; R15out[27]          ;                   ;         ;
; R15out[28]          ;                   ;         ;
; R15out[29]          ;                   ;         ;
; R15out[30]          ;                   ;         ;
; R15out[31]          ;                   ;         ;
; RZout[0]            ;                   ;         ;
; RZout[1]            ;                   ;         ;
; RZout[2]            ;                   ;         ;
; RZout[3]            ;                   ;         ;
; RZout[4]            ;                   ;         ;
; RZout[5]            ;                   ;         ;
; RZout[6]            ;                   ;         ;
; RZout[7]            ;                   ;         ;
; RZout[8]            ;                   ;         ;
; RZout[9]            ;                   ;         ;
; RZout[10]           ;                   ;         ;
; RZout[11]           ;                   ;         ;
; RZout[12]           ;                   ;         ;
; RZout[13]           ;                   ;         ;
; RZout[14]           ;                   ;         ;
; RZout[15]           ;                   ;         ;
; RZout[16]           ;                   ;         ;
; RZout[17]           ;                   ;         ;
; RZout[18]           ;                   ;         ;
; RZout[19]           ;                   ;         ;
; RZout[20]           ;                   ;         ;
; RZout[21]           ;                   ;         ;
; RZout[22]           ;                   ;         ;
; RZout[23]           ;                   ;         ;
; RZout[24]           ;                   ;         ;
; RZout[25]           ;                   ;         ;
; RZout[26]           ;                   ;         ;
; RZout[27]           ;                   ;         ;
; RZout[28]           ;                   ;         ;
; RZout[29]           ;                   ;         ;
; RZout[30]           ;                   ;         ;
; RZout[31]           ;                   ;         ;
; RYout[0]            ;                   ;         ;
; RYout[1]            ;                   ;         ;
; RYout[2]            ;                   ;         ;
; RYout[3]            ;                   ;         ;
; RYout[4]            ;                   ;         ;
; RYout[5]            ;                   ;         ;
; RYout[6]            ;                   ;         ;
; RYout[7]            ;                   ;         ;
; RYout[8]            ;                   ;         ;
; RYout[9]            ;                   ;         ;
; RYout[10]           ;                   ;         ;
; RYout[11]           ;                   ;         ;
; RYout[12]           ;                   ;         ;
; RYout[13]           ;                   ;         ;
; RYout[14]           ;                   ;         ;
; RYout[15]           ;                   ;         ;
; RYout[16]           ;                   ;         ;
; RYout[17]           ;                   ;         ;
; RYout[18]           ;                   ;         ;
; RYout[19]           ;                   ;         ;
; RYout[20]           ;                   ;         ;
; RYout[21]           ;                   ;         ;
; RYout[22]           ;                   ;         ;
; RYout[23]           ;                   ;         ;
; RYout[24]           ;                   ;         ;
; RYout[25]           ;                   ;         ;
; RYout[26]           ;                   ;         ;
; RYout[27]           ;                   ;         ;
; RYout[28]           ;                   ;         ;
; RYout[29]           ;                   ;         ;
; RYout[30]           ;                   ;         ;
; RYout[31]           ;                   ;         ;
; RHIout[0]           ;                   ;         ;
; RHIout[1]           ;                   ;         ;
; RHIout[2]           ;                   ;         ;
; RHIout[3]           ;                   ;         ;
; RHIout[4]           ;                   ;         ;
; RHIout[5]           ;                   ;         ;
; RHIout[6]           ;                   ;         ;
; RHIout[7]           ;                   ;         ;
; RHIout[8]           ;                   ;         ;
; RHIout[9]           ;                   ;         ;
; RHIout[10]          ;                   ;         ;
; RHIout[11]          ;                   ;         ;
; RHIout[12]          ;                   ;         ;
; RHIout[13]          ;                   ;         ;
; RHIout[14]          ;                   ;         ;
; RHIout[15]          ;                   ;         ;
; RHIout[16]          ;                   ;         ;
; RHIout[17]          ;                   ;         ;
; RHIout[18]          ;                   ;         ;
; RHIout[19]          ;                   ;         ;
; RHIout[20]          ;                   ;         ;
; RHIout[21]          ;                   ;         ;
; RHIout[22]          ;                   ;         ;
; RHIout[23]          ;                   ;         ;
; RHIout[24]          ;                   ;         ;
; RHIout[25]          ;                   ;         ;
; RHIout[26]          ;                   ;         ;
; RHIout[27]          ;                   ;         ;
; RHIout[28]          ;                   ;         ;
; RHIout[29]          ;                   ;         ;
; RHIout[30]          ;                   ;         ;
; RHIout[31]          ;                   ;         ;
; RLOout[0]           ;                   ;         ;
; RLOout[1]           ;                   ;         ;
; RLOout[2]           ;                   ;         ;
; RLOout[3]           ;                   ;         ;
; RLOout[4]           ;                   ;         ;
; RLOout[5]           ;                   ;         ;
; RLOout[6]           ;                   ;         ;
; RLOout[7]           ;                   ;         ;
; RLOout[8]           ;                   ;         ;
; RLOout[9]           ;                   ;         ;
; RLOout[10]          ;                   ;         ;
; RLOout[11]          ;                   ;         ;
; RLOout[12]          ;                   ;         ;
; RLOout[13]          ;                   ;         ;
; RLOout[14]          ;                   ;         ;
; RLOout[15]          ;                   ;         ;
; RLOout[16]          ;                   ;         ;
; RLOout[17]          ;                   ;         ;
; RLOout[18]          ;                   ;         ;
; RLOout[19]          ;                   ;         ;
; RLOout[20]          ;                   ;         ;
; RLOout[21]          ;                   ;         ;
; RLOout[22]          ;                   ;         ;
; RLOout[23]          ;                   ;         ;
; RLOout[24]          ;                   ;         ;
; RLOout[25]          ;                   ;         ;
; RLOout[26]          ;                   ;         ;
; RLOout[27]          ;                   ;         ;
; RLOout[28]          ;                   ;         ;
; RLOout[29]          ;                   ;         ;
; RLOout[30]          ;                   ;         ;
; RLOout[31]          ;                   ;         ;
; RPCout[0]           ;                   ;         ;
; RPCout[1]           ;                   ;         ;
; RPCout[2]           ;                   ;         ;
; RPCout[3]           ;                   ;         ;
; RPCout[4]           ;                   ;         ;
; RPCout[5]           ;                   ;         ;
; RPCout[6]           ;                   ;         ;
; RPCout[7]           ;                   ;         ;
; RPCout[8]           ;                   ;         ;
; RPCout[9]           ;                   ;         ;
; RPCout[10]          ;                   ;         ;
; RPCout[11]          ;                   ;         ;
; RPCout[12]          ;                   ;         ;
; RPCout[13]          ;                   ;         ;
; RPCout[14]          ;                   ;         ;
; RPCout[15]          ;                   ;         ;
; RPCout[16]          ;                   ;         ;
; RPCout[17]          ;                   ;         ;
; RPCout[18]          ;                   ;         ;
; RPCout[19]          ;                   ;         ;
; RPCout[20]          ;                   ;         ;
; RPCout[21]          ;                   ;         ;
; RPCout[22]          ;                   ;         ;
; RPCout[23]          ;                   ;         ;
; RPCout[24]          ;                   ;         ;
; RPCout[25]          ;                   ;         ;
; RPCout[26]          ;                   ;         ;
; RPCout[27]          ;                   ;         ;
; RPCout[28]          ;                   ;         ;
; RPCout[29]          ;                   ;         ;
; RPCout[30]          ;                   ;         ;
; RPCout[31]          ;                   ;         ;
; RIRout[0]           ;                   ;         ;
; RIRout[1]           ;                   ;         ;
; RIRout[2]           ;                   ;         ;
; RIRout[3]           ;                   ;         ;
; RIRout[4]           ;                   ;         ;
; RIRout[5]           ;                   ;         ;
; RIRout[6]           ;                   ;         ;
; RIRout[7]           ;                   ;         ;
; RIRout[8]           ;                   ;         ;
; RIRout[9]           ;                   ;         ;
; RIRout[10]          ;                   ;         ;
; RIRout[11]          ;                   ;         ;
; RIRout[12]          ;                   ;         ;
; RIRout[13]          ;                   ;         ;
; RIRout[14]          ;                   ;         ;
; RIRout[15]          ;                   ;         ;
; RIRout[16]          ;                   ;         ;
; RIRout[17]          ;                   ;         ;
; RIRout[18]          ;                   ;         ;
; RIRout[19]          ;                   ;         ;
; RIRout[20]          ;                   ;         ;
; RIRout[21]          ;                   ;         ;
; RIRout[22]          ;                   ;         ;
; RIRout[23]          ;                   ;         ;
; RIRout[24]          ;                   ;         ;
; RIRout[25]          ;                   ;         ;
; RIRout[26]          ;                   ;         ;
; RIRout[27]          ;                   ;         ;
; RIRout[28]          ;                   ;         ;
; RIRout[29]          ;                   ;         ;
; RIRout[30]          ;                   ;         ;
; RIRout[31]          ;                   ;         ;
; RMARout[0]          ;                   ;         ;
; RMARout[1]          ;                   ;         ;
; RMARout[2]          ;                   ;         ;
; RMARout[3]          ;                   ;         ;
; RMARout[4]          ;                   ;         ;
; RMARout[5]          ;                   ;         ;
; RMARout[6]          ;                   ;         ;
; RMARout[7]          ;                   ;         ;
; RMARout[8]          ;                   ;         ;
; RMARout[9]          ;                   ;         ;
; RMARout[10]         ;                   ;         ;
; RMARout[11]         ;                   ;         ;
; RMARout[12]         ;                   ;         ;
; RMARout[13]         ;                   ;         ;
; RMARout[14]         ;                   ;         ;
; RMARout[15]         ;                   ;         ;
; RMARout[16]         ;                   ;         ;
; RMARout[17]         ;                   ;         ;
; RMARout[18]         ;                   ;         ;
; RMARout[19]         ;                   ;         ;
; RMARout[20]         ;                   ;         ;
; RMARout[21]         ;                   ;         ;
; RMARout[22]         ;                   ;         ;
; RMARout[23]         ;                   ;         ;
; RMARout[24]         ;                   ;         ;
; RMARout[25]         ;                   ;         ;
; RMARout[26]         ;                   ;         ;
; RMARout[27]         ;                   ;         ;
; RMARout[28]         ;                   ;         ;
; RMARout[29]         ;                   ;         ;
; RMARout[30]         ;                   ;         ;
; RMARout[31]         ;                   ;         ;
; R0in                ;                   ;         ;
; R1in                ;                   ;         ;
; R2in                ;                   ;         ;
; R3in                ;                   ;         ;
; R4in                ;                   ;         ;
; R5in                ;                   ;         ;
; R6in                ;                   ;         ;
; R7in                ;                   ;         ;
; R8in                ;                   ;         ;
; R9in                ;                   ;         ;
; R10in               ;                   ;         ;
; R11in               ;                   ;         ;
; R12in               ;                   ;         ;
; R13in               ;                   ;         ;
; R14in               ;                   ;         ;
; R15in               ;                   ;         ;
; RZin                ;                   ;         ;
; RYin                ;                   ;         ;
; RHIin               ;                   ;         ;
; RLOin               ;                   ;         ;
; RPCin               ;                   ;         ;
; RIRin               ;                   ;         ;
; RMARin              ;                   ;         ;
+---------------------+-------------------+---------+


+------------------------------------------+
; I/O Rules Summary                        ;
+----------------------------------+-------+
; I/O Rules Statistic              ; Total ;
+----------------------------------+-------+
; Total I/O Rules                  ; 28    ;
; Number of I/O Rules Passed       ; 0     ;
; Number of I/O Rules Failed       ; 0     ;
; Number of I/O Rules Unchecked    ; 3     ;
; Number of I/O Rules Inapplicable ; 25    ;
+----------------------------------+-------+


+-------------------------------------------------------------------------------------------------------------------------------------------------------------------------------------------------------------------------------------------------------------------------------------+
; I/O Rules Details                                                                                                                                                                                                                                                                   ;
+--------------+-----------+-----------------------------------+------------------------------------------------------------------------------------+----------+-------------------------------------------------------------------------------------------+------+-------------------+
; Status       ; ID        ; Category                          ; Rule Description                                                                   ; Severity ; Information                                                                               ; Area ; Extra Information ;
+--------------+-----------+-----------------------------------+------------------------------------------------------------------------------------+----------+-------------------------------------------------------------------------------------------+------+-------------------+
; Inapplicable ; IO_000001 ; Capacity Checks                   ; Number of pins in an I/O bank should not exceed the number of locations available. ; Critical ; No Location assignments found.                                                            ; I/O  ;                   ;
; Inapplicable ; IO_000002 ; Capacity Checks                   ; Number of clocks in an I/O bank should not exceed the number of clocks available.  ; Critical ; No Global Signal assignments found.                                                       ; I/O  ;                   ;
; Inapplicable ; IO_000003 ; Capacity Checks                   ; Number of pins in a Vrefgroup should not exceed the number of locations available. ; Critical ; No Location assignments found.                                                            ; I/O  ;                   ;
; Inapplicable ; IO_000004 ; Voltage Compatibility Checks      ; The I/O bank should support the requested VCCIO.                                   ; Critical ; No IOBANK_VCCIO assignments found.                                                        ; I/O  ;                   ;
; Inapplicable ; IO_000005 ; Voltage Compatibility Checks      ; The I/O bank should not have competing VREF values.                                ; Critical ; No VREF I/O Standard assignments found.                                                   ; I/O  ;                   ;
; Unchecked    ; IO_000006 ; Voltage Compatibility Checks      ; The I/O bank should not have competing VCCIO values.                               ; Critical ; 0 such failures found.                                                                    ; I/O  ;                   ;
; Inapplicable ; IO_000007 ; Valid Location Checks             ; Checks for unavailable locations.                                                  ; Critical ; No Location assignments found.                                                            ; I/O  ;                   ;
; Inapplicable ; IO_000008 ; Valid Location Checks             ; Checks for reserved locations.                                                     ; Critical ; No reserved LogicLock region found.                                                       ; I/O  ;                   ;
; Unchecked    ; IO_000009 ; I/O Properties Checks for One I/O ; The location should support the requested I/O standard.                            ; Critical ; 0 such failures found.                                                                    ; I/O  ;                   ;
; Unchecked    ; IO_000010 ; I/O Properties Checks for One I/O ; The location should support the requested I/O direction.                           ; Critical ; 0 such failures found.                                                                    ; I/O  ;                   ;
; Inapplicable ; IO_000011 ; I/O Properties Checks for One I/O ; The location should support the requested Current Strength.                        ; Critical ; No Current Strength assignments found.                                                    ; I/O  ;                   ;
; Inapplicable ; IO_000012 ; I/O Properties Checks for One I/O ; The location should support the requested On Chip Termination value.               ; Critical ; No Termination assignments found.                                                         ; I/O  ;                   ;
; Inapplicable ; IO_000013 ; I/O Properties Checks for One I/O ; The location should support the requested Bus Hold value.                          ; Critical ; No Enable Bus-Hold Circuitry assignments found.                                           ; I/O  ;                   ;
; Inapplicable ; IO_000014 ; I/O Properties Checks for One I/O ; The location should support the requested Weak Pull Up value.                      ; Critical ; No Weak Pull-Up Resistor assignments found.                                               ; I/O  ;                   ;
; Inapplicable ; IO_000015 ; I/O Properties Checks for One I/O ; The location should support the requested PCI Clamp Diode.                         ; Critical ; No Clamping Diode assignments found.                                                      ; I/O  ;                   ;
; Inapplicable ; IO_000018 ; I/O Properties Checks for One I/O ; The I/O standard should support the requested Current Strength.                    ; Critical ; No Current Strength assignments found.                                                    ; I/O  ;                   ;
; Inapplicable ; IO_000019 ; I/O Properties Checks for One I/O ; The I/O standard should support the requested On Chip Termination value.           ; Critical ; No Termination assignments found.                                                         ; I/O  ;                   ;
; Inapplicable ; IO_000020 ; I/O Properties Checks for One I/O ; The I/O standard should support the requested PCI Clamp Diode.                     ; Critical ; No Clamping Diode assignments found.                                                      ; I/O  ;                   ;
; Inapplicable ; IO_000021 ; I/O Properties Checks for One I/O ; The I/O standard should support the requested Weak Pull Up value.                  ; Critical ; No Weak Pull-Up Resistor assignments found.                                               ; I/O  ;                   ;
; Inapplicable ; IO_000022 ; I/O Properties Checks for One I/O ; The I/O standard should support the requested Bus Hold value.                      ; Critical ; No Enable Bus-Hold Circuitry assignments found.                                           ; I/O  ;                   ;
; Inapplicable ; IO_000023 ; I/O Properties Checks for One I/O ; The I/O standard should support the Open Drain value.                              ; Critical ; No open drain assignments found.                                                          ; I/O  ;                   ;
; Inapplicable ; IO_000024 ; I/O Properties Checks for One I/O ; The I/O direction should support the On Chip Termination value.                    ; Critical ; No Termination assignments found.                                                         ; I/O  ;                   ;
; Inapplicable ; IO_000026 ; I/O Properties Checks for One I/O ; On Chip Termination and Current Strength should not be used at the same time.      ; Critical ; No Current Strength or Termination assignments found.                                     ; I/O  ;                   ;
; Inapplicable ; IO_000027 ; I/O Properties Checks for One I/O ; Weak Pull Up and Bus Hold should not be used at the same time.                     ; Critical ; No Enable Bus-Hold Circuitry or Weak Pull-Up Resistor assignments found.                  ; I/O  ;                   ;
; Inapplicable ; IO_000045 ; I/O Properties Checks for One I/O ; The I/O standard should support the requested Slew Rate value.                     ; Critical ; No Slew Rate assignments found.                                                           ; I/O  ;                   ;
; Inapplicable ; IO_000046 ; I/O Properties Checks for One I/O ; The location should support the requested Slew Rate value.                         ; Critical ; No Slew Rate assignments found.                                                           ; I/O  ;                   ;
; Inapplicable ; IO_000047 ; I/O Properties Checks for One I/O ; On Chip Termination and Slew Rate should not be used at the same time.             ; Critical ; No Slew Rate assignments found.                                                           ; I/O  ;                   ;
; Inapplicable ; IO_000034 ; SI Related Distance Checks        ; Single-ended outputs should be 0 LAB row(s) away from a differential I/O.          ; High     ; No Outputs with single-ended I/O Standard or Differential I/O Standard assignments found. ; I/O  ;                   ;
+--------------+-----------+-----------------------------------+------------------------------------------------------------------------------------+----------+-------------------------------------------------------------------------------------------+------+-------------------+


+-----------------------------------------------------------------------------------------------------------------------------------------------------------------------------------------------------------------------------------------------------------------------------------------------------------------------------------------------------------------------------------------------------------------------------------------------+
; I/O Rules Matrix                                                                                                                                                                                                                                                                                                                                                                                                                              ;
+--------------------+--------------+--------------+--------------+--------------+--------------+-----------+--------------+--------------+-----------+-----------+--------------+--------------+--------------+--------------+--------------+--------------+--------------+--------------+--------------+--------------+--------------+--------------+--------------+--------------+--------------+--------------+--------------+--------------+
; Pin/Rules          ; IO_000001    ; IO_000002    ; IO_000003    ; IO_000004    ; IO_000005    ; IO_000006 ; IO_000007    ; IO_000008    ; IO_000009 ; IO_000010 ; IO_000011    ; IO_000012    ; IO_000013    ; IO_000014    ; IO_000015    ; IO_000018    ; IO_000019    ; IO_000020    ; IO_000021    ; IO_000022    ; IO_000023    ; IO_000024    ; IO_000026    ; IO_000027    ; IO_000045    ; IO_000046    ; IO_000047    ; IO_000034    ;
+--------------------+--------------+--------------+--------------+--------------+--------------+-----------+--------------+--------------+-----------+-----------+--------------+--------------+--------------+--------------+--------------+--------------+--------------+--------------+--------------+--------------+--------------+--------------+--------------+--------------+--------------+--------------+--------------+--------------+
; Total Pass         ; 0            ; 0            ; 0            ; 0            ; 0            ; 0         ; 0            ; 0            ; 0         ; 0         ; 0            ; 0            ; 0            ; 0            ; 0            ; 0            ; 0            ; 0            ; 0            ; 0            ; 0            ; 0            ; 0            ; 0            ; 0            ; 0            ; 0            ; 0            ;
; Total Unchecked    ; 0            ; 0            ; 0            ; 0            ; 0            ; 823       ; 0            ; 0            ; 823       ; 823       ; 0            ; 0            ; 0            ; 0            ; 0            ; 0            ; 0            ; 0            ; 0            ; 0            ; 0            ; 0            ; 0            ; 0            ; 0            ; 0            ; 0            ; 0            ;
; Total Inapplicable ; 823          ; 823          ; 823          ; 823          ; 823          ; 0         ; 823          ; 823          ; 0         ; 0         ; 823          ; 823          ; 823          ; 823          ; 823          ; 823          ; 823          ; 823          ; 823          ; 823          ; 823          ; 823          ; 823          ; 823          ; 823          ; 823          ; 823          ; 823          ;
; Total Fail         ; 0            ; 0            ; 0            ; 0            ; 0            ; 0         ; 0            ; 0            ; 0         ; 0         ; 0            ; 0            ; 0            ; 0            ; 0            ; 0            ; 0            ; 0            ; 0            ; 0            ; 0            ; 0            ; 0            ; 0            ; 0            ; 0            ; 0            ; 0            ;
; clock[0]           ; Inapplicable ; Inapplicable ; Inapplicable ; Inapplicable ; Inapplicable ; Unchecked ; Inapplicable ; Inapplicable ; Unchecked ; Unchecked ; Inapplicable ; Inapplicable ; Inapplicable ; Inapplicable ; Inapplicable ; Inapplicable ; Inapplicable ; Inapplicable ; Inapplicable ; Inapplicable ; Inapplicable ; Inapplicable ; Inapplicable ; Inapplicable ; Inapplicable ; Inapplicable ; Inapplicable ; Inapplicable ;
; clock[1]           ; Inapplicable ; Inapplicable ; Inapplicable ; Inapplicable ; Inapplicable ; Unchecked ; Inapplicable ; Inapplicable ; Unchecked ; Unchecked ; Inapplicable ; Inapplicable ; Inapplicable ; Inapplicable ; Inapplicable ; Inapplicable ; Inapplicable ; Inapplicable ; Inapplicable ; Inapplicable ; Inapplicable ; Inapplicable ; Inapplicable ; Inapplicable ; Inapplicable ; Inapplicable ; Inapplicable ; Inapplicable ;
; clock[2]           ; Inapplicable ; Inapplicable ; Inapplicable ; Inapplicable ; Inapplicable ; Unchecked ; Inapplicable ; Inapplicable ; Unchecked ; Unchecked ; Inapplicable ; Inapplicable ; Inapplicable ; Inapplicable ; Inapplicable ; Inapplicable ; Inapplicable ; Inapplicable ; Inapplicable ; Inapplicable ; Inapplicable ; Inapplicable ; Inapplicable ; Inapplicable ; Inapplicable ; Inapplicable ; Inapplicable ; Inapplicable ;
; clock[3]           ; Inapplicable ; Inapplicable ; Inapplicable ; Inapplicable ; Inapplicable ; Unchecked ; Inapplicable ; Inapplicable ; Unchecked ; Unchecked ; Inapplicable ; Inapplicable ; Inapplicable ; Inapplicable ; Inapplicable ; Inapplicable ; Inapplicable ; Inapplicable ; Inapplicable ; Inapplicable ; Inapplicable ; Inapplicable ; Inapplicable ; Inapplicable ; Inapplicable ; Inapplicable ; Inapplicable ; Inapplicable ;
; clock[4]           ; Inapplicable ; Inapplicable ; Inapplicable ; Inapplicable ; Inapplicable ; Unchecked ; Inapplicable ; Inapplicable ; Unchecked ; Unchecked ; Inapplicable ; Inapplicable ; Inapplicable ; Inapplicable ; Inapplicable ; Inapplicable ; Inapplicable ; Inapplicable ; Inapplicable ; Inapplicable ; Inapplicable ; Inapplicable ; Inapplicable ; Inapplicable ; Inapplicable ; Inapplicable ; Inapplicable ; Inapplicable ;
; clock[5]           ; Inapplicable ; Inapplicable ; Inapplicable ; Inapplicable ; Inapplicable ; Unchecked ; Inapplicable ; Inapplicable ; Unchecked ; Unchecked ; Inapplicable ; Inapplicable ; Inapplicable ; Inapplicable ; Inapplicable ; Inapplicable ; Inapplicable ; Inapplicable ; Inapplicable ; Inapplicable ; Inapplicable ; Inapplicable ; Inapplicable ; Inapplicable ; Inapplicable ; Inapplicable ; Inapplicable ; Inapplicable ;
; clock[6]           ; Inapplicable ; Inapplicable ; Inapplicable ; Inapplicable ; Inapplicable ; Unchecked ; Inapplicable ; Inapplicable ; Unchecked ; Unchecked ; Inapplicable ; Inapplicable ; Inapplicable ; Inapplicable ; Inapplicable ; Inapplicable ; Inapplicable ; Inapplicable ; Inapplicable ; Inapplicable ; Inapplicable ; Inapplicable ; Inapplicable ; Inapplicable ; Inapplicable ; Inapplicable ; Inapplicable ; Inapplicable ;
; clock[7]           ; Inapplicable ; Inapplicable ; Inapplicable ; Inapplicable ; Inapplicable ; Unchecked ; Inapplicable ; Inapplicable ; Unchecked ; Unchecked ; Inapplicable ; Inapplicable ; Inapplicable ; Inapplicable ; Inapplicable ; Inapplicable ; Inapplicable ; Inapplicable ; Inapplicable ; Inapplicable ; Inapplicable ; Inapplicable ; Inapplicable ; Inapplicable ; Inapplicable ; Inapplicable ; Inapplicable ; Inapplicable ;
; clock[8]           ; Inapplicable ; Inapplicable ; Inapplicable ; Inapplicable ; Inapplicable ; Unchecked ; Inapplicable ; Inapplicable ; Unchecked ; Unchecked ; Inapplicable ; Inapplicable ; Inapplicable ; Inapplicable ; Inapplicable ; Inapplicable ; Inapplicable ; Inapplicable ; Inapplicable ; Inapplicable ; Inapplicable ; Inapplicable ; Inapplicable ; Inapplicable ; Inapplicable ; Inapplicable ; Inapplicable ; Inapplicable ;
; clock[9]           ; Inapplicable ; Inapplicable ; Inapplicable ; Inapplicable ; Inapplicable ; Unchecked ; Inapplicable ; Inapplicable ; Unchecked ; Unchecked ; Inapplicable ; Inapplicable ; Inapplicable ; Inapplicable ; Inapplicable ; Inapplicable ; Inapplicable ; Inapplicable ; Inapplicable ; Inapplicable ; Inapplicable ; Inapplicable ; Inapplicable ; Inapplicable ; Inapplicable ; Inapplicable ; Inapplicable ; Inapplicable ;
; clock[10]          ; Inapplicable ; Inapplicable ; Inapplicable ; Inapplicable ; Inapplicable ; Unchecked ; Inapplicable ; Inapplicable ; Unchecked ; Unchecked ; Inapplicable ; Inapplicable ; Inapplicable ; Inapplicable ; Inapplicable ; Inapplicable ; Inapplicable ; Inapplicable ; Inapplicable ; Inapplicable ; Inapplicable ; Inapplicable ; Inapplicable ; Inapplicable ; Inapplicable ; Inapplicable ; Inapplicable ; Inapplicable ;
; clock[11]          ; Inapplicable ; Inapplicable ; Inapplicable ; Inapplicable ; Inapplicable ; Unchecked ; Inapplicable ; Inapplicable ; Unchecked ; Unchecked ; Inapplicable ; Inapplicable ; Inapplicable ; Inapplicable ; Inapplicable ; Inapplicable ; Inapplicable ; Inapplicable ; Inapplicable ; Inapplicable ; Inapplicable ; Inapplicable ; Inapplicable ; Inapplicable ; Inapplicable ; Inapplicable ; Inapplicable ; Inapplicable ;
; clock[12]          ; Inapplicable ; Inapplicable ; Inapplicable ; Inapplicable ; Inapplicable ; Unchecked ; Inapplicable ; Inapplicable ; Unchecked ; Unchecked ; Inapplicable ; Inapplicable ; Inapplicable ; Inapplicable ; Inapplicable ; Inapplicable ; Inapplicable ; Inapplicable ; Inapplicable ; Inapplicable ; Inapplicable ; Inapplicable ; Inapplicable ; Inapplicable ; Inapplicable ; Inapplicable ; Inapplicable ; Inapplicable ;
; clock[13]          ; Inapplicable ; Inapplicable ; Inapplicable ; Inapplicable ; Inapplicable ; Unchecked ; Inapplicable ; Inapplicable ; Unchecked ; Unchecked ; Inapplicable ; Inapplicable ; Inapplicable ; Inapplicable ; Inapplicable ; Inapplicable ; Inapplicable ; Inapplicable ; Inapplicable ; Inapplicable ; Inapplicable ; Inapplicable ; Inapplicable ; Inapplicable ; Inapplicable ; Inapplicable ; Inapplicable ; Inapplicable ;
; clock[14]          ; Inapplicable ; Inapplicable ; Inapplicable ; Inapplicable ; Inapplicable ; Unchecked ; Inapplicable ; Inapplicable ; Unchecked ; Unchecked ; Inapplicable ; Inapplicable ; Inapplicable ; Inapplicable ; Inapplicable ; Inapplicable ; Inapplicable ; Inapplicable ; Inapplicable ; Inapplicable ; Inapplicable ; Inapplicable ; Inapplicable ; Inapplicable ; Inapplicable ; Inapplicable ; Inapplicable ; Inapplicable ;
; clock[15]          ; Inapplicable ; Inapplicable ; Inapplicable ; Inapplicable ; Inapplicable ; Unchecked ; Inapplicable ; Inapplicable ; Unchecked ; Unchecked ; Inapplicable ; Inapplicable ; Inapplicable ; Inapplicable ; Inapplicable ; Inapplicable ; Inapplicable ; Inapplicable ; Inapplicable ; Inapplicable ; Inapplicable ; Inapplicable ; Inapplicable ; Inapplicable ; Inapplicable ; Inapplicable ; Inapplicable ; Inapplicable ;
; clock[16]          ; Inapplicable ; Inapplicable ; Inapplicable ; Inapplicable ; Inapplicable ; Unchecked ; Inapplicable ; Inapplicable ; Unchecked ; Unchecked ; Inapplicable ; Inapplicable ; Inapplicable ; Inapplicable ; Inapplicable ; Inapplicable ; Inapplicable ; Inapplicable ; Inapplicable ; Inapplicable ; Inapplicable ; Inapplicable ; Inapplicable ; Inapplicable ; Inapplicable ; Inapplicable ; Inapplicable ; Inapplicable ;
; clock[17]          ; Inapplicable ; Inapplicable ; Inapplicable ; Inapplicable ; Inapplicable ; Unchecked ; Inapplicable ; Inapplicable ; Unchecked ; Unchecked ; Inapplicable ; Inapplicable ; Inapplicable ; Inapplicable ; Inapplicable ; Inapplicable ; Inapplicable ; Inapplicable ; Inapplicable ; Inapplicable ; Inapplicable ; Inapplicable ; Inapplicable ; Inapplicable ; Inapplicable ; Inapplicable ; Inapplicable ; Inapplicable ;
; clock[18]          ; Inapplicable ; Inapplicable ; Inapplicable ; Inapplicable ; Inapplicable ; Unchecked ; Inapplicable ; Inapplicable ; Unchecked ; Unchecked ; Inapplicable ; Inapplicable ; Inapplicable ; Inapplicable ; Inapplicable ; Inapplicable ; Inapplicable ; Inapplicable ; Inapplicable ; Inapplicable ; Inapplicable ; Inapplicable ; Inapplicable ; Inapplicable ; Inapplicable ; Inapplicable ; Inapplicable ; Inapplicable ;
; clock[19]          ; Inapplicable ; Inapplicable ; Inapplicable ; Inapplicable ; Inapplicable ; Unchecked ; Inapplicable ; Inapplicable ; Unchecked ; Unchecked ; Inapplicable ; Inapplicable ; Inapplicable ; Inapplicable ; Inapplicable ; Inapplicable ; Inapplicable ; Inapplicable ; Inapplicable ; Inapplicable ; Inapplicable ; Inapplicable ; Inapplicable ; Inapplicable ; Inapplicable ; Inapplicable ; Inapplicable ; Inapplicable ;
; clock[20]          ; Inapplicable ; Inapplicable ; Inapplicable ; Inapplicable ; Inapplicable ; Unchecked ; Inapplicable ; Inapplicable ; Unchecked ; Unchecked ; Inapplicable ; Inapplicable ; Inapplicable ; Inapplicable ; Inapplicable ; Inapplicable ; Inapplicable ; Inapplicable ; Inapplicable ; Inapplicable ; Inapplicable ; Inapplicable ; Inapplicable ; Inapplicable ; Inapplicable ; Inapplicable ; Inapplicable ; Inapplicable ;
; clock[21]          ; Inapplicable ; Inapplicable ; Inapplicable ; Inapplicable ; Inapplicable ; Unchecked ; Inapplicable ; Inapplicable ; Unchecked ; Unchecked ; Inapplicable ; Inapplicable ; Inapplicable ; Inapplicable ; Inapplicable ; Inapplicable ; Inapplicable ; Inapplicable ; Inapplicable ; Inapplicable ; Inapplicable ; Inapplicable ; Inapplicable ; Inapplicable ; Inapplicable ; Inapplicable ; Inapplicable ; Inapplicable ;
; clock[22]          ; Inapplicable ; Inapplicable ; Inapplicable ; Inapplicable ; Inapplicable ; Unchecked ; Inapplicable ; Inapplicable ; Unchecked ; Unchecked ; Inapplicable ; Inapplicable ; Inapplicable ; Inapplicable ; Inapplicable ; Inapplicable ; Inapplicable ; Inapplicable ; Inapplicable ; Inapplicable ; Inapplicable ; Inapplicable ; Inapplicable ; Inapplicable ; Inapplicable ; Inapplicable ; Inapplicable ; Inapplicable ;
; clock[23]          ; Inapplicable ; Inapplicable ; Inapplicable ; Inapplicable ; Inapplicable ; Unchecked ; Inapplicable ; Inapplicable ; Unchecked ; Unchecked ; Inapplicable ; Inapplicable ; Inapplicable ; Inapplicable ; Inapplicable ; Inapplicable ; Inapplicable ; Inapplicable ; Inapplicable ; Inapplicable ; Inapplicable ; Inapplicable ; Inapplicable ; Inapplicable ; Inapplicable ; Inapplicable ; Inapplicable ; Inapplicable ;
; clock[24]          ; Inapplicable ; Inapplicable ; Inapplicable ; Inapplicable ; Inapplicable ; Unchecked ; Inapplicable ; Inapplicable ; Unchecked ; Unchecked ; Inapplicable ; Inapplicable ; Inapplicable ; Inapplicable ; Inapplicable ; Inapplicable ; Inapplicable ; Inapplicable ; Inapplicable ; Inapplicable ; Inapplicable ; Inapplicable ; Inapplicable ; Inapplicable ; Inapplicable ; Inapplicable ; Inapplicable ; Inapplicable ;
; clock[25]          ; Inapplicable ; Inapplicable ; Inapplicable ; Inapplicable ; Inapplicable ; Unchecked ; Inapplicable ; Inapplicable ; Unchecked ; Unchecked ; Inapplicable ; Inapplicable ; Inapplicable ; Inapplicable ; Inapplicable ; Inapplicable ; Inapplicable ; Inapplicable ; Inapplicable ; Inapplicable ; Inapplicable ; Inapplicable ; Inapplicable ; Inapplicable ; Inapplicable ; Inapplicable ; Inapplicable ; Inapplicable ;
; clock[26]          ; Inapplicable ; Inapplicable ; Inapplicable ; Inapplicable ; Inapplicable ; Unchecked ; Inapplicable ; Inapplicable ; Unchecked ; Unchecked ; Inapplicable ; Inapplicable ; Inapplicable ; Inapplicable ; Inapplicable ; Inapplicable ; Inapplicable ; Inapplicable ; Inapplicable ; Inapplicable ; Inapplicable ; Inapplicable ; Inapplicable ; Inapplicable ; Inapplicable ; Inapplicable ; Inapplicable ; Inapplicable ;
; clock[27]          ; Inapplicable ; Inapplicable ; Inapplicable ; Inapplicable ; Inapplicable ; Unchecked ; Inapplicable ; Inapplicable ; Unchecked ; Unchecked ; Inapplicable ; Inapplicable ; Inapplicable ; Inapplicable ; Inapplicable ; Inapplicable ; Inapplicable ; Inapplicable ; Inapplicable ; Inapplicable ; Inapplicable ; Inapplicable ; Inapplicable ; Inapplicable ; Inapplicable ; Inapplicable ; Inapplicable ; Inapplicable ;
; clock[28]          ; Inapplicable ; Inapplicable ; Inapplicable ; Inapplicable ; Inapplicable ; Unchecked ; Inapplicable ; Inapplicable ; Unchecked ; Unchecked ; Inapplicable ; Inapplicable ; Inapplicable ; Inapplicable ; Inapplicable ; Inapplicable ; Inapplicable ; Inapplicable ; Inapplicable ; Inapplicable ; Inapplicable ; Inapplicable ; Inapplicable ; Inapplicable ; Inapplicable ; Inapplicable ; Inapplicable ; Inapplicable ;
; clock[29]          ; Inapplicable ; Inapplicable ; Inapplicable ; Inapplicable ; Inapplicable ; Unchecked ; Inapplicable ; Inapplicable ; Unchecked ; Unchecked ; Inapplicable ; Inapplicable ; Inapplicable ; Inapplicable ; Inapplicable ; Inapplicable ; Inapplicable ; Inapplicable ; Inapplicable ; Inapplicable ; Inapplicable ; Inapplicable ; Inapplicable ; Inapplicable ; Inapplicable ; Inapplicable ; Inapplicable ; Inapplicable ;
; clock[30]          ; Inapplicable ; Inapplicable ; Inapplicable ; Inapplicable ; Inapplicable ; Unchecked ; Inapplicable ; Inapplicable ; Unchecked ; Unchecked ; Inapplicable ; Inapplicable ; Inapplicable ; Inapplicable ; Inapplicable ; Inapplicable ; Inapplicable ; Inapplicable ; Inapplicable ; Inapplicable ; Inapplicable ; Inapplicable ; Inapplicable ; Inapplicable ; Inapplicable ; Inapplicable ; Inapplicable ; Inapplicable ;
; clock[31]          ; Inapplicable ; Inapplicable ; Inapplicable ; Inapplicable ; Inapplicable ; Unchecked ; Inapplicable ; Inapplicable ; Unchecked ; Unchecked ; Inapplicable ; Inapplicable ; Inapplicable ; Inapplicable ; Inapplicable ; Inapplicable ; Inapplicable ; Inapplicable ; Inapplicable ; Inapplicable ; Inapplicable ; Inapplicable ; Inapplicable ; Inapplicable ; Inapplicable ; Inapplicable ; Inapplicable ; Inapplicable ;
; clear[0]           ; Inapplicable ; Inapplicable ; Inapplicable ; Inapplicable ; Inapplicable ; Unchecked ; Inapplicable ; Inapplicable ; Unchecked ; Unchecked ; Inapplicable ; Inapplicable ; Inapplicable ; Inapplicable ; Inapplicable ; Inapplicable ; Inapplicable ; Inapplicable ; Inapplicable ; Inapplicable ; Inapplicable ; Inapplicable ; Inapplicable ; Inapplicable ; Inapplicable ; Inapplicable ; Inapplicable ; Inapplicable ;
; clear[1]           ; Inapplicable ; Inapplicable ; Inapplicable ; Inapplicable ; Inapplicable ; Unchecked ; Inapplicable ; Inapplicable ; Unchecked ; Unchecked ; Inapplicable ; Inapplicable ; Inapplicable ; Inapplicable ; Inapplicable ; Inapplicable ; Inapplicable ; Inapplicable ; Inapplicable ; Inapplicable ; Inapplicable ; Inapplicable ; Inapplicable ; Inapplicable ; Inapplicable ; Inapplicable ; Inapplicable ; Inapplicable ;
; clear[2]           ; Inapplicable ; Inapplicable ; Inapplicable ; Inapplicable ; Inapplicable ; Unchecked ; Inapplicable ; Inapplicable ; Unchecked ; Unchecked ; Inapplicable ; Inapplicable ; Inapplicable ; Inapplicable ; Inapplicable ; Inapplicable ; Inapplicable ; Inapplicable ; Inapplicable ; Inapplicable ; Inapplicable ; Inapplicable ; Inapplicable ; Inapplicable ; Inapplicable ; Inapplicable ; Inapplicable ; Inapplicable ;
; clear[3]           ; Inapplicable ; Inapplicable ; Inapplicable ; Inapplicable ; Inapplicable ; Unchecked ; Inapplicable ; Inapplicable ; Unchecked ; Unchecked ; Inapplicable ; Inapplicable ; Inapplicable ; Inapplicable ; Inapplicable ; Inapplicable ; Inapplicable ; Inapplicable ; Inapplicable ; Inapplicable ; Inapplicable ; Inapplicable ; Inapplicable ; Inapplicable ; Inapplicable ; Inapplicable ; Inapplicable ; Inapplicable ;
; clear[4]           ; Inapplicable ; Inapplicable ; Inapplicable ; Inapplicable ; Inapplicable ; Unchecked ; Inapplicable ; Inapplicable ; Unchecked ; Unchecked ; Inapplicable ; Inapplicable ; Inapplicable ; Inapplicable ; Inapplicable ; Inapplicable ; Inapplicable ; Inapplicable ; Inapplicable ; Inapplicable ; Inapplicable ; Inapplicable ; Inapplicable ; Inapplicable ; Inapplicable ; Inapplicable ; Inapplicable ; Inapplicable ;
; clear[5]           ; Inapplicable ; Inapplicable ; Inapplicable ; Inapplicable ; Inapplicable ; Unchecked ; Inapplicable ; Inapplicable ; Unchecked ; Unchecked ; Inapplicable ; Inapplicable ; Inapplicable ; Inapplicable ; Inapplicable ; Inapplicable ; Inapplicable ; Inapplicable ; Inapplicable ; Inapplicable ; Inapplicable ; Inapplicable ; Inapplicable ; Inapplicable ; Inapplicable ; Inapplicable ; Inapplicable ; Inapplicable ;
; clear[6]           ; Inapplicable ; Inapplicable ; Inapplicable ; Inapplicable ; Inapplicable ; Unchecked ; Inapplicable ; Inapplicable ; Unchecked ; Unchecked ; Inapplicable ; Inapplicable ; Inapplicable ; Inapplicable ; Inapplicable ; Inapplicable ; Inapplicable ; Inapplicable ; Inapplicable ; Inapplicable ; Inapplicable ; Inapplicable ; Inapplicable ; Inapplicable ; Inapplicable ; Inapplicable ; Inapplicable ; Inapplicable ;
; clear[7]           ; Inapplicable ; Inapplicable ; Inapplicable ; Inapplicable ; Inapplicable ; Unchecked ; Inapplicable ; Inapplicable ; Unchecked ; Unchecked ; Inapplicable ; Inapplicable ; Inapplicable ; Inapplicable ; Inapplicable ; Inapplicable ; Inapplicable ; Inapplicable ; Inapplicable ; Inapplicable ; Inapplicable ; Inapplicable ; Inapplicable ; Inapplicable ; Inapplicable ; Inapplicable ; Inapplicable ; Inapplicable ;
; clear[8]           ; Inapplicable ; Inapplicable ; Inapplicable ; Inapplicable ; Inapplicable ; Unchecked ; Inapplicable ; Inapplicable ; Unchecked ; Unchecked ; Inapplicable ; Inapplicable ; Inapplicable ; Inapplicable ; Inapplicable ; Inapplicable ; Inapplicable ; Inapplicable ; Inapplicable ; Inapplicable ; Inapplicable ; Inapplicable ; Inapplicable ; Inapplicable ; Inapplicable ; Inapplicable ; Inapplicable ; Inapplicable ;
; clear[9]           ; Inapplicable ; Inapplicable ; Inapplicable ; Inapplicable ; Inapplicable ; Unchecked ; Inapplicable ; Inapplicable ; Unchecked ; Unchecked ; Inapplicable ; Inapplicable ; Inapplicable ; Inapplicable ; Inapplicable ; Inapplicable ; Inapplicable ; Inapplicable ; Inapplicable ; Inapplicable ; Inapplicable ; Inapplicable ; Inapplicable ; Inapplicable ; Inapplicable ; Inapplicable ; Inapplicable ; Inapplicable ;
; clear[10]          ; Inapplicable ; Inapplicable ; Inapplicable ; Inapplicable ; Inapplicable ; Unchecked ; Inapplicable ; Inapplicable ; Unchecked ; Unchecked ; Inapplicable ; Inapplicable ; Inapplicable ; Inapplicable ; Inapplicable ; Inapplicable ; Inapplicable ; Inapplicable ; Inapplicable ; Inapplicable ; Inapplicable ; Inapplicable ; Inapplicable ; Inapplicable ; Inapplicable ; Inapplicable ; Inapplicable ; Inapplicable ;
; clear[11]          ; Inapplicable ; Inapplicable ; Inapplicable ; Inapplicable ; Inapplicable ; Unchecked ; Inapplicable ; Inapplicable ; Unchecked ; Unchecked ; Inapplicable ; Inapplicable ; Inapplicable ; Inapplicable ; Inapplicable ; Inapplicable ; Inapplicable ; Inapplicable ; Inapplicable ; Inapplicable ; Inapplicable ; Inapplicable ; Inapplicable ; Inapplicable ; Inapplicable ; Inapplicable ; Inapplicable ; Inapplicable ;
; clear[12]          ; Inapplicable ; Inapplicable ; Inapplicable ; Inapplicable ; Inapplicable ; Unchecked ; Inapplicable ; Inapplicable ; Unchecked ; Unchecked ; Inapplicable ; Inapplicable ; Inapplicable ; Inapplicable ; Inapplicable ; Inapplicable ; Inapplicable ; Inapplicable ; Inapplicable ; Inapplicable ; Inapplicable ; Inapplicable ; Inapplicable ; Inapplicable ; Inapplicable ; Inapplicable ; Inapplicable ; Inapplicable ;
; clear[13]          ; Inapplicable ; Inapplicable ; Inapplicable ; Inapplicable ; Inapplicable ; Unchecked ; Inapplicable ; Inapplicable ; Unchecked ; Unchecked ; Inapplicable ; Inapplicable ; Inapplicable ; Inapplicable ; Inapplicable ; Inapplicable ; Inapplicable ; Inapplicable ; Inapplicable ; Inapplicable ; Inapplicable ; Inapplicable ; Inapplicable ; Inapplicable ; Inapplicable ; Inapplicable ; Inapplicable ; Inapplicable ;
; clear[14]          ; Inapplicable ; Inapplicable ; Inapplicable ; Inapplicable ; Inapplicable ; Unchecked ; Inapplicable ; Inapplicable ; Unchecked ; Unchecked ; Inapplicable ; Inapplicable ; Inapplicable ; Inapplicable ; Inapplicable ; Inapplicable ; Inapplicable ; Inapplicable ; Inapplicable ; Inapplicable ; Inapplicable ; Inapplicable ; Inapplicable ; Inapplicable ; Inapplicable ; Inapplicable ; Inapplicable ; Inapplicable ;
; clear[15]          ; Inapplicable ; Inapplicable ; Inapplicable ; Inapplicable ; Inapplicable ; Unchecked ; Inapplicable ; Inapplicable ; Unchecked ; Unchecked ; Inapplicable ; Inapplicable ; Inapplicable ; Inapplicable ; Inapplicable ; Inapplicable ; Inapplicable ; Inapplicable ; Inapplicable ; Inapplicable ; Inapplicable ; Inapplicable ; Inapplicable ; Inapplicable ; Inapplicable ; Inapplicable ; Inapplicable ; Inapplicable ;
; clear[16]          ; Inapplicable ; Inapplicable ; Inapplicable ; Inapplicable ; Inapplicable ; Unchecked ; Inapplicable ; Inapplicable ; Unchecked ; Unchecked ; Inapplicable ; Inapplicable ; Inapplicable ; Inapplicable ; Inapplicable ; Inapplicable ; Inapplicable ; Inapplicable ; Inapplicable ; Inapplicable ; Inapplicable ; Inapplicable ; Inapplicable ; Inapplicable ; Inapplicable ; Inapplicable ; Inapplicable ; Inapplicable ;
; clear[17]          ; Inapplicable ; Inapplicable ; Inapplicable ; Inapplicable ; Inapplicable ; Unchecked ; Inapplicable ; Inapplicable ; Unchecked ; Unchecked ; Inapplicable ; Inapplicable ; Inapplicable ; Inapplicable ; Inapplicable ; Inapplicable ; Inapplicable ; Inapplicable ; Inapplicable ; Inapplicable ; Inapplicable ; Inapplicable ; Inapplicable ; Inapplicable ; Inapplicable ; Inapplicable ; Inapplicable ; Inapplicable ;
; clear[18]          ; Inapplicable ; Inapplicable ; Inapplicable ; Inapplicable ; Inapplicable ; Unchecked ; Inapplicable ; Inapplicable ; Unchecked ; Unchecked ; Inapplicable ; Inapplicable ; Inapplicable ; Inapplicable ; Inapplicable ; Inapplicable ; Inapplicable ; Inapplicable ; Inapplicable ; Inapplicable ; Inapplicable ; Inapplicable ; Inapplicable ; Inapplicable ; Inapplicable ; Inapplicable ; Inapplicable ; Inapplicable ;
; clear[19]          ; Inapplicable ; Inapplicable ; Inapplicable ; Inapplicable ; Inapplicable ; Unchecked ; Inapplicable ; Inapplicable ; Unchecked ; Unchecked ; Inapplicable ; Inapplicable ; Inapplicable ; Inapplicable ; Inapplicable ; Inapplicable ; Inapplicable ; Inapplicable ; Inapplicable ; Inapplicable ; Inapplicable ; Inapplicable ; Inapplicable ; Inapplicable ; Inapplicable ; Inapplicable ; Inapplicable ; Inapplicable ;
; clear[20]          ; Inapplicable ; Inapplicable ; Inapplicable ; Inapplicable ; Inapplicable ; Unchecked ; Inapplicable ; Inapplicable ; Unchecked ; Unchecked ; Inapplicable ; Inapplicable ; Inapplicable ; Inapplicable ; Inapplicable ; Inapplicable ; Inapplicable ; Inapplicable ; Inapplicable ; Inapplicable ; Inapplicable ; Inapplicable ; Inapplicable ; Inapplicable ; Inapplicable ; Inapplicable ; Inapplicable ; Inapplicable ;
; clear[21]          ; Inapplicable ; Inapplicable ; Inapplicable ; Inapplicable ; Inapplicable ; Unchecked ; Inapplicable ; Inapplicable ; Unchecked ; Unchecked ; Inapplicable ; Inapplicable ; Inapplicable ; Inapplicable ; Inapplicable ; Inapplicable ; Inapplicable ; Inapplicable ; Inapplicable ; Inapplicable ; Inapplicable ; Inapplicable ; Inapplicable ; Inapplicable ; Inapplicable ; Inapplicable ; Inapplicable ; Inapplicable ;
; clear[22]          ; Inapplicable ; Inapplicable ; Inapplicable ; Inapplicable ; Inapplicable ; Unchecked ; Inapplicable ; Inapplicable ; Unchecked ; Unchecked ; Inapplicable ; Inapplicable ; Inapplicable ; Inapplicable ; Inapplicable ; Inapplicable ; Inapplicable ; Inapplicable ; Inapplicable ; Inapplicable ; Inapplicable ; Inapplicable ; Inapplicable ; Inapplicable ; Inapplicable ; Inapplicable ; Inapplicable ; Inapplicable ;
; clear[23]          ; Inapplicable ; Inapplicable ; Inapplicable ; Inapplicable ; Inapplicable ; Unchecked ; Inapplicable ; Inapplicable ; Unchecked ; Unchecked ; Inapplicable ; Inapplicable ; Inapplicable ; Inapplicable ; Inapplicable ; Inapplicable ; Inapplicable ; Inapplicable ; Inapplicable ; Inapplicable ; Inapplicable ; Inapplicable ; Inapplicable ; Inapplicable ; Inapplicable ; Inapplicable ; Inapplicable ; Inapplicable ;
; clear[24]          ; Inapplicable ; Inapplicable ; Inapplicable ; Inapplicable ; Inapplicable ; Unchecked ; Inapplicable ; Inapplicable ; Unchecked ; Unchecked ; Inapplicable ; Inapplicable ; Inapplicable ; Inapplicable ; Inapplicable ; Inapplicable ; Inapplicable ; Inapplicable ; Inapplicable ; Inapplicable ; Inapplicable ; Inapplicable ; Inapplicable ; Inapplicable ; Inapplicable ; Inapplicable ; Inapplicable ; Inapplicable ;
; clear[25]          ; Inapplicable ; Inapplicable ; Inapplicable ; Inapplicable ; Inapplicable ; Unchecked ; Inapplicable ; Inapplicable ; Unchecked ; Unchecked ; Inapplicable ; Inapplicable ; Inapplicable ; Inapplicable ; Inapplicable ; Inapplicable ; Inapplicable ; Inapplicable ; Inapplicable ; Inapplicable ; Inapplicable ; Inapplicable ; Inapplicable ; Inapplicable ; Inapplicable ; Inapplicable ; Inapplicable ; Inapplicable ;
; clear[26]          ; Inapplicable ; Inapplicable ; Inapplicable ; Inapplicable ; Inapplicable ; Unchecked ; Inapplicable ; Inapplicable ; Unchecked ; Unchecked ; Inapplicable ; Inapplicable ; Inapplicable ; Inapplicable ; Inapplicable ; Inapplicable ; Inapplicable ; Inapplicable ; Inapplicable ; Inapplicable ; Inapplicable ; Inapplicable ; Inapplicable ; Inapplicable ; Inapplicable ; Inapplicable ; Inapplicable ; Inapplicable ;
; clear[27]          ; Inapplicable ; Inapplicable ; Inapplicable ; Inapplicable ; Inapplicable ; Unchecked ; Inapplicable ; Inapplicable ; Unchecked ; Unchecked ; Inapplicable ; Inapplicable ; Inapplicable ; Inapplicable ; Inapplicable ; Inapplicable ; Inapplicable ; Inapplicable ; Inapplicable ; Inapplicable ; Inapplicable ; Inapplicable ; Inapplicable ; Inapplicable ; Inapplicable ; Inapplicable ; Inapplicable ; Inapplicable ;
; clear[28]          ; Inapplicable ; Inapplicable ; Inapplicable ; Inapplicable ; Inapplicable ; Unchecked ; Inapplicable ; Inapplicable ; Unchecked ; Unchecked ; Inapplicable ; Inapplicable ; Inapplicable ; Inapplicable ; Inapplicable ; Inapplicable ; Inapplicable ; Inapplicable ; Inapplicable ; Inapplicable ; Inapplicable ; Inapplicable ; Inapplicable ; Inapplicable ; Inapplicable ; Inapplicable ; Inapplicable ; Inapplicable ;
; clear[29]          ; Inapplicable ; Inapplicable ; Inapplicable ; Inapplicable ; Inapplicable ; Unchecked ; Inapplicable ; Inapplicable ; Unchecked ; Unchecked ; Inapplicable ; Inapplicable ; Inapplicable ; Inapplicable ; Inapplicable ; Inapplicable ; Inapplicable ; Inapplicable ; Inapplicable ; Inapplicable ; Inapplicable ; Inapplicable ; Inapplicable ; Inapplicable ; Inapplicable ; Inapplicable ; Inapplicable ; Inapplicable ;
; clear[30]          ; Inapplicable ; Inapplicable ; Inapplicable ; Inapplicable ; Inapplicable ; Unchecked ; Inapplicable ; Inapplicable ; Unchecked ; Unchecked ; Inapplicable ; Inapplicable ; Inapplicable ; Inapplicable ; Inapplicable ; Inapplicable ; Inapplicable ; Inapplicable ; Inapplicable ; Inapplicable ; Inapplicable ; Inapplicable ; Inapplicable ; Inapplicable ; Inapplicable ; Inapplicable ; Inapplicable ; Inapplicable ;
; clear[31]          ; Inapplicable ; Inapplicable ; Inapplicable ; Inapplicable ; Inapplicable ; Unchecked ; Inapplicable ; Inapplicable ; Unchecked ; Unchecked ; Inapplicable ; Inapplicable ; Inapplicable ; Inapplicable ; Inapplicable ; Inapplicable ; Inapplicable ; Inapplicable ; Inapplicable ; Inapplicable ; Inapplicable ; Inapplicable ; Inapplicable ; Inapplicable ; Inapplicable ; Inapplicable ; Inapplicable ; Inapplicable ;
; R0out[0]           ; Inapplicable ; Inapplicable ; Inapplicable ; Inapplicable ; Inapplicable ; Unchecked ; Inapplicable ; Inapplicable ; Unchecked ; Unchecked ; Inapplicable ; Inapplicable ; Inapplicable ; Inapplicable ; Inapplicable ; Inapplicable ; Inapplicable ; Inapplicable ; Inapplicable ; Inapplicable ; Inapplicable ; Inapplicable ; Inapplicable ; Inapplicable ; Inapplicable ; Inapplicable ; Inapplicable ; Inapplicable ;
; R0out[1]           ; Inapplicable ; Inapplicable ; Inapplicable ; Inapplicable ; Inapplicable ; Unchecked ; Inapplicable ; Inapplicable ; Unchecked ; Unchecked ; Inapplicable ; Inapplicable ; Inapplicable ; Inapplicable ; Inapplicable ; Inapplicable ; Inapplicable ; Inapplicable ; Inapplicable ; Inapplicable ; Inapplicable ; Inapplicable ; Inapplicable ; Inapplicable ; Inapplicable ; Inapplicable ; Inapplicable ; Inapplicable ;
; R0out[2]           ; Inapplicable ; Inapplicable ; Inapplicable ; Inapplicable ; Inapplicable ; Unchecked ; Inapplicable ; Inapplicable ; Unchecked ; Unchecked ; Inapplicable ; Inapplicable ; Inapplicable ; Inapplicable ; Inapplicable ; Inapplicable ; Inapplicable ; Inapplicable ; Inapplicable ; Inapplicable ; Inapplicable ; Inapplicable ; Inapplicable ; Inapplicable ; Inapplicable ; Inapplicable ; Inapplicable ; Inapplicable ;
; R0out[3]           ; Inapplicable ; Inapplicable ; Inapplicable ; Inapplicable ; Inapplicable ; Unchecked ; Inapplicable ; Inapplicable ; Unchecked ; Unchecked ; Inapplicable ; Inapplicable ; Inapplicable ; Inapplicable ; Inapplicable ; Inapplicable ; Inapplicable ; Inapplicable ; Inapplicable ; Inapplicable ; Inapplicable ; Inapplicable ; Inapplicable ; Inapplicable ; Inapplicable ; Inapplicable ; Inapplicable ; Inapplicable ;
; R0out[4]           ; Inapplicable ; Inapplicable ; Inapplicable ; Inapplicable ; Inapplicable ; Unchecked ; Inapplicable ; Inapplicable ; Unchecked ; Unchecked ; Inapplicable ; Inapplicable ; Inapplicable ; Inapplicable ; Inapplicable ; Inapplicable ; Inapplicable ; Inapplicable ; Inapplicable ; Inapplicable ; Inapplicable ; Inapplicable ; Inapplicable ; Inapplicable ; Inapplicable ; Inapplicable ; Inapplicable ; Inapplicable ;
; R0out[5]           ; Inapplicable ; Inapplicable ; Inapplicable ; Inapplicable ; Inapplicable ; Unchecked ; Inapplicable ; Inapplicable ; Unchecked ; Unchecked ; Inapplicable ; Inapplicable ; Inapplicable ; Inapplicable ; Inapplicable ; Inapplicable ; Inapplicable ; Inapplicable ; Inapplicable ; Inapplicable ; Inapplicable ; Inapplicable ; Inapplicable ; Inapplicable ; Inapplicable ; Inapplicable ; Inapplicable ; Inapplicable ;
; R0out[6]           ; Inapplicable ; Inapplicable ; Inapplicable ; Inapplicable ; Inapplicable ; Unchecked ; Inapplicable ; Inapplicable ; Unchecked ; Unchecked ; Inapplicable ; Inapplicable ; Inapplicable ; Inapplicable ; Inapplicable ; Inapplicable ; Inapplicable ; Inapplicable ; Inapplicable ; Inapplicable ; Inapplicable ; Inapplicable ; Inapplicable ; Inapplicable ; Inapplicable ; Inapplicable ; Inapplicable ; Inapplicable ;
; R0out[7]           ; Inapplicable ; Inapplicable ; Inapplicable ; Inapplicable ; Inapplicable ; Unchecked ; Inapplicable ; Inapplicable ; Unchecked ; Unchecked ; Inapplicable ; Inapplicable ; Inapplicable ; Inapplicable ; Inapplicable ; Inapplicable ; Inapplicable ; Inapplicable ; Inapplicable ; Inapplicable ; Inapplicable ; Inapplicable ; Inapplicable ; Inapplicable ; Inapplicable ; Inapplicable ; Inapplicable ; Inapplicable ;
; R0out[8]           ; Inapplicable ; Inapplicable ; Inapplicable ; Inapplicable ; Inapplicable ; Unchecked ; Inapplicable ; Inapplicable ; Unchecked ; Unchecked ; Inapplicable ; Inapplicable ; Inapplicable ; Inapplicable ; Inapplicable ; Inapplicable ; Inapplicable ; Inapplicable ; Inapplicable ; Inapplicable ; Inapplicable ; Inapplicable ; Inapplicable ; Inapplicable ; Inapplicable ; Inapplicable ; Inapplicable ; Inapplicable ;
; R0out[9]           ; Inapplicable ; Inapplicable ; Inapplicable ; Inapplicable ; Inapplicable ; Unchecked ; Inapplicable ; Inapplicable ; Unchecked ; Unchecked ; Inapplicable ; Inapplicable ; Inapplicable ; Inapplicable ; Inapplicable ; Inapplicable ; Inapplicable ; Inapplicable ; Inapplicable ; Inapplicable ; Inapplicable ; Inapplicable ; Inapplicable ; Inapplicable ; Inapplicable ; Inapplicable ; Inapplicable ; Inapplicable ;
; R0out[10]          ; Inapplicable ; Inapplicable ; Inapplicable ; Inapplicable ; Inapplicable ; Unchecked ; Inapplicable ; Inapplicable ; Unchecked ; Unchecked ; Inapplicable ; Inapplicable ; Inapplicable ; Inapplicable ; Inapplicable ; Inapplicable ; Inapplicable ; Inapplicable ; Inapplicable ; Inapplicable ; Inapplicable ; Inapplicable ; Inapplicable ; Inapplicable ; Inapplicable ; Inapplicable ; Inapplicable ; Inapplicable ;
; R0out[11]          ; Inapplicable ; Inapplicable ; Inapplicable ; Inapplicable ; Inapplicable ; Unchecked ; Inapplicable ; Inapplicable ; Unchecked ; Unchecked ; Inapplicable ; Inapplicable ; Inapplicable ; Inapplicable ; Inapplicable ; Inapplicable ; Inapplicable ; Inapplicable ; Inapplicable ; Inapplicable ; Inapplicable ; Inapplicable ; Inapplicable ; Inapplicable ; Inapplicable ; Inapplicable ; Inapplicable ; Inapplicable ;
; R0out[12]          ; Inapplicable ; Inapplicable ; Inapplicable ; Inapplicable ; Inapplicable ; Unchecked ; Inapplicable ; Inapplicable ; Unchecked ; Unchecked ; Inapplicable ; Inapplicable ; Inapplicable ; Inapplicable ; Inapplicable ; Inapplicable ; Inapplicable ; Inapplicable ; Inapplicable ; Inapplicable ; Inapplicable ; Inapplicable ; Inapplicable ; Inapplicable ; Inapplicable ; Inapplicable ; Inapplicable ; Inapplicable ;
; R0out[13]          ; Inapplicable ; Inapplicable ; Inapplicable ; Inapplicable ; Inapplicable ; Unchecked ; Inapplicable ; Inapplicable ; Unchecked ; Unchecked ; Inapplicable ; Inapplicable ; Inapplicable ; Inapplicable ; Inapplicable ; Inapplicable ; Inapplicable ; Inapplicable ; Inapplicable ; Inapplicable ; Inapplicable ; Inapplicable ; Inapplicable ; Inapplicable ; Inapplicable ; Inapplicable ; Inapplicable ; Inapplicable ;
; R0out[14]          ; Inapplicable ; Inapplicable ; Inapplicable ; Inapplicable ; Inapplicable ; Unchecked ; Inapplicable ; Inapplicable ; Unchecked ; Unchecked ; Inapplicable ; Inapplicable ; Inapplicable ; Inapplicable ; Inapplicable ; Inapplicable ; Inapplicable ; Inapplicable ; Inapplicable ; Inapplicable ; Inapplicable ; Inapplicable ; Inapplicable ; Inapplicable ; Inapplicable ; Inapplicable ; Inapplicable ; Inapplicable ;
; R0out[15]          ; Inapplicable ; Inapplicable ; Inapplicable ; Inapplicable ; Inapplicable ; Unchecked ; Inapplicable ; Inapplicable ; Unchecked ; Unchecked ; Inapplicable ; Inapplicable ; Inapplicable ; Inapplicable ; Inapplicable ; Inapplicable ; Inapplicable ; Inapplicable ; Inapplicable ; Inapplicable ; Inapplicable ; Inapplicable ; Inapplicable ; Inapplicable ; Inapplicable ; Inapplicable ; Inapplicable ; Inapplicable ;
; R0out[16]          ; Inapplicable ; Inapplicable ; Inapplicable ; Inapplicable ; Inapplicable ; Unchecked ; Inapplicable ; Inapplicable ; Unchecked ; Unchecked ; Inapplicable ; Inapplicable ; Inapplicable ; Inapplicable ; Inapplicable ; Inapplicable ; Inapplicable ; Inapplicable ; Inapplicable ; Inapplicable ; Inapplicable ; Inapplicable ; Inapplicable ; Inapplicable ; Inapplicable ; Inapplicable ; Inapplicable ; Inapplicable ;
; R0out[17]          ; Inapplicable ; Inapplicable ; Inapplicable ; Inapplicable ; Inapplicable ; Unchecked ; Inapplicable ; Inapplicable ; Unchecked ; Unchecked ; Inapplicable ; Inapplicable ; Inapplicable ; Inapplicable ; Inapplicable ; Inapplicable ; Inapplicable ; Inapplicable ; Inapplicable ; Inapplicable ; Inapplicable ; Inapplicable ; Inapplicable ; Inapplicable ; Inapplicable ; Inapplicable ; Inapplicable ; Inapplicable ;
; R0out[18]          ; Inapplicable ; Inapplicable ; Inapplicable ; Inapplicable ; Inapplicable ; Unchecked ; Inapplicable ; Inapplicable ; Unchecked ; Unchecked ; Inapplicable ; Inapplicable ; Inapplicable ; Inapplicable ; Inapplicable ; Inapplicable ; Inapplicable ; Inapplicable ; Inapplicable ; Inapplicable ; Inapplicable ; Inapplicable ; Inapplicable ; Inapplicable ; Inapplicable ; Inapplicable ; Inapplicable ; Inapplicable ;
; R0out[19]          ; Inapplicable ; Inapplicable ; Inapplicable ; Inapplicable ; Inapplicable ; Unchecked ; Inapplicable ; Inapplicable ; Unchecked ; Unchecked ; Inapplicable ; Inapplicable ; Inapplicable ; Inapplicable ; Inapplicable ; Inapplicable ; Inapplicable ; Inapplicable ; Inapplicable ; Inapplicable ; Inapplicable ; Inapplicable ; Inapplicable ; Inapplicable ; Inapplicable ; Inapplicable ; Inapplicable ; Inapplicable ;
; R0out[20]          ; Inapplicable ; Inapplicable ; Inapplicable ; Inapplicable ; Inapplicable ; Unchecked ; Inapplicable ; Inapplicable ; Unchecked ; Unchecked ; Inapplicable ; Inapplicable ; Inapplicable ; Inapplicable ; Inapplicable ; Inapplicable ; Inapplicable ; Inapplicable ; Inapplicable ; Inapplicable ; Inapplicable ; Inapplicable ; Inapplicable ; Inapplicable ; Inapplicable ; Inapplicable ; Inapplicable ; Inapplicable ;
; R0out[21]          ; Inapplicable ; Inapplicable ; Inapplicable ; Inapplicable ; Inapplicable ; Unchecked ; Inapplicable ; Inapplicable ; Unchecked ; Unchecked ; Inapplicable ; Inapplicable ; Inapplicable ; Inapplicable ; Inapplicable ; Inapplicable ; Inapplicable ; Inapplicable ; Inapplicable ; Inapplicable ; Inapplicable ; Inapplicable ; Inapplicable ; Inapplicable ; Inapplicable ; Inapplicable ; Inapplicable ; Inapplicable ;
; R0out[22]          ; Inapplicable ; Inapplicable ; Inapplicable ; Inapplicable ; Inapplicable ; Unchecked ; Inapplicable ; Inapplicable ; Unchecked ; Unchecked ; Inapplicable ; Inapplicable ; Inapplicable ; Inapplicable ; Inapplicable ; Inapplicable ; Inapplicable ; Inapplicable ; Inapplicable ; Inapplicable ; Inapplicable ; Inapplicable ; Inapplicable ; Inapplicable ; Inapplicable ; Inapplicable ; Inapplicable ; Inapplicable ;
; R0out[23]          ; Inapplicable ; Inapplicable ; Inapplicable ; Inapplicable ; Inapplicable ; Unchecked ; Inapplicable ; Inapplicable ; Unchecked ; Unchecked ; Inapplicable ; Inapplicable ; Inapplicable ; Inapplicable ; Inapplicable ; Inapplicable ; Inapplicable ; Inapplicable ; Inapplicable ; Inapplicable ; Inapplicable ; Inapplicable ; Inapplicable ; Inapplicable ; Inapplicable ; Inapplicable ; Inapplicable ; Inapplicable ;
; R0out[24]          ; Inapplicable ; Inapplicable ; Inapplicable ; Inapplicable ; Inapplicable ; Unchecked ; Inapplicable ; Inapplicable ; Unchecked ; Unchecked ; Inapplicable ; Inapplicable ; Inapplicable ; Inapplicable ; Inapplicable ; Inapplicable ; Inapplicable ; Inapplicable ; Inapplicable ; Inapplicable ; Inapplicable ; Inapplicable ; Inapplicable ; Inapplicable ; Inapplicable ; Inapplicable ; Inapplicable ; Inapplicable ;
; R0out[25]          ; Inapplicable ; Inapplicable ; Inapplicable ; Inapplicable ; Inapplicable ; Unchecked ; Inapplicable ; Inapplicable ; Unchecked ; Unchecked ; Inapplicable ; Inapplicable ; Inapplicable ; Inapplicable ; Inapplicable ; Inapplicable ; Inapplicable ; Inapplicable ; Inapplicable ; Inapplicable ; Inapplicable ; Inapplicable ; Inapplicable ; Inapplicable ; Inapplicable ; Inapplicable ; Inapplicable ; Inapplicable ;
; R0out[26]          ; Inapplicable ; Inapplicable ; Inapplicable ; Inapplicable ; Inapplicable ; Unchecked ; Inapplicable ; Inapplicable ; Unchecked ; Unchecked ; Inapplicable ; Inapplicable ; Inapplicable ; Inapplicable ; Inapplicable ; Inapplicable ; Inapplicable ; Inapplicable ; Inapplicable ; Inapplicable ; Inapplicable ; Inapplicable ; Inapplicable ; Inapplicable ; Inapplicable ; Inapplicable ; Inapplicable ; Inapplicable ;
; R0out[27]          ; Inapplicable ; Inapplicable ; Inapplicable ; Inapplicable ; Inapplicable ; Unchecked ; Inapplicable ; Inapplicable ; Unchecked ; Unchecked ; Inapplicable ; Inapplicable ; Inapplicable ; Inapplicable ; Inapplicable ; Inapplicable ; Inapplicable ; Inapplicable ; Inapplicable ; Inapplicable ; Inapplicable ; Inapplicable ; Inapplicable ; Inapplicable ; Inapplicable ; Inapplicable ; Inapplicable ; Inapplicable ;
; R0out[28]          ; Inapplicable ; Inapplicable ; Inapplicable ; Inapplicable ; Inapplicable ; Unchecked ; Inapplicable ; Inapplicable ; Unchecked ; Unchecked ; Inapplicable ; Inapplicable ; Inapplicable ; Inapplicable ; Inapplicable ; Inapplicable ; Inapplicable ; Inapplicable ; Inapplicable ; Inapplicable ; Inapplicable ; Inapplicable ; Inapplicable ; Inapplicable ; Inapplicable ; Inapplicable ; Inapplicable ; Inapplicable ;
; R0out[29]          ; Inapplicable ; Inapplicable ; Inapplicable ; Inapplicable ; Inapplicable ; Unchecked ; Inapplicable ; Inapplicable ; Unchecked ; Unchecked ; Inapplicable ; Inapplicable ; Inapplicable ; Inapplicable ; Inapplicable ; Inapplicable ; Inapplicable ; Inapplicable ; Inapplicable ; Inapplicable ; Inapplicable ; Inapplicable ; Inapplicable ; Inapplicable ; Inapplicable ; Inapplicable ; Inapplicable ; Inapplicable ;
; R0out[30]          ; Inapplicable ; Inapplicable ; Inapplicable ; Inapplicable ; Inapplicable ; Unchecked ; Inapplicable ; Inapplicable ; Unchecked ; Unchecked ; Inapplicable ; Inapplicable ; Inapplicable ; Inapplicable ; Inapplicable ; Inapplicable ; Inapplicable ; Inapplicable ; Inapplicable ; Inapplicable ; Inapplicable ; Inapplicable ; Inapplicable ; Inapplicable ; Inapplicable ; Inapplicable ; Inapplicable ; Inapplicable ;
; R0out[31]          ; Inapplicable ; Inapplicable ; Inapplicable ; Inapplicable ; Inapplicable ; Unchecked ; Inapplicable ; Inapplicable ; Unchecked ; Unchecked ; Inapplicable ; Inapplicable ; Inapplicable ; Inapplicable ; Inapplicable ; Inapplicable ; Inapplicable ; Inapplicable ; Inapplicable ; Inapplicable ; Inapplicable ; Inapplicable ; Inapplicable ; Inapplicable ; Inapplicable ; Inapplicable ; Inapplicable ; Inapplicable ;
; R1out[0]           ; Inapplicable ; Inapplicable ; Inapplicable ; Inapplicable ; Inapplicable ; Unchecked ; Inapplicable ; Inapplicable ; Unchecked ; Unchecked ; Inapplicable ; Inapplicable ; Inapplicable ; Inapplicable ; Inapplicable ; Inapplicable ; Inapplicable ; Inapplicable ; Inapplicable ; Inapplicable ; Inapplicable ; Inapplicable ; Inapplicable ; Inapplicable ; Inapplicable ; Inapplicable ; Inapplicable ; Inapplicable ;
; R1out[1]           ; Inapplicable ; Inapplicable ; Inapplicable ; Inapplicable ; Inapplicable ; Unchecked ; Inapplicable ; Inapplicable ; Unchecked ; Unchecked ; Inapplicable ; Inapplicable ; Inapplicable ; Inapplicable ; Inapplicable ; Inapplicable ; Inapplicable ; Inapplicable ; Inapplicable ; Inapplicable ; Inapplicable ; Inapplicable ; Inapplicable ; Inapplicable ; Inapplicable ; Inapplicable ; Inapplicable ; Inapplicable ;
; R1out[2]           ; Inapplicable ; Inapplicable ; Inapplicable ; Inapplicable ; Inapplicable ; Unchecked ; Inapplicable ; Inapplicable ; Unchecked ; Unchecked ; Inapplicable ; Inapplicable ; Inapplicable ; Inapplicable ; Inapplicable ; Inapplicable ; Inapplicable ; Inapplicable ; Inapplicable ; Inapplicable ; Inapplicable ; Inapplicable ; Inapplicable ; Inapplicable ; Inapplicable ; Inapplicable ; Inapplicable ; Inapplicable ;
; R1out[3]           ; Inapplicable ; Inapplicable ; Inapplicable ; Inapplicable ; Inapplicable ; Unchecked ; Inapplicable ; Inapplicable ; Unchecked ; Unchecked ; Inapplicable ; Inapplicable ; Inapplicable ; Inapplicable ; Inapplicable ; Inapplicable ; Inapplicable ; Inapplicable ; Inapplicable ; Inapplicable ; Inapplicable ; Inapplicable ; Inapplicable ; Inapplicable ; Inapplicable ; Inapplicable ; Inapplicable ; Inapplicable ;
; R1out[4]           ; Inapplicable ; Inapplicable ; Inapplicable ; Inapplicable ; Inapplicable ; Unchecked ; Inapplicable ; Inapplicable ; Unchecked ; Unchecked ; Inapplicable ; Inapplicable ; Inapplicable ; Inapplicable ; Inapplicable ; Inapplicable ; Inapplicable ; Inapplicable ; Inapplicable ; Inapplicable ; Inapplicable ; Inapplicable ; Inapplicable ; Inapplicable ; Inapplicable ; Inapplicable ; Inapplicable ; Inapplicable ;
; R1out[5]           ; Inapplicable ; Inapplicable ; Inapplicable ; Inapplicable ; Inapplicable ; Unchecked ; Inapplicable ; Inapplicable ; Unchecked ; Unchecked ; Inapplicable ; Inapplicable ; Inapplicable ; Inapplicable ; Inapplicable ; Inapplicable ; Inapplicable ; Inapplicable ; Inapplicable ; Inapplicable ; Inapplicable ; Inapplicable ; Inapplicable ; Inapplicable ; Inapplicable ; Inapplicable ; Inapplicable ; Inapplicable ;
; R1out[6]           ; Inapplicable ; Inapplicable ; Inapplicable ; Inapplicable ; Inapplicable ; Unchecked ; Inapplicable ; Inapplicable ; Unchecked ; Unchecked ; Inapplicable ; Inapplicable ; Inapplicable ; Inapplicable ; Inapplicable ; Inapplicable ; Inapplicable ; Inapplicable ; Inapplicable ; Inapplicable ; Inapplicable ; Inapplicable ; Inapplicable ; Inapplicable ; Inapplicable ; Inapplicable ; Inapplicable ; Inapplicable ;
; R1out[7]           ; Inapplicable ; Inapplicable ; Inapplicable ; Inapplicable ; Inapplicable ; Unchecked ; Inapplicable ; Inapplicable ; Unchecked ; Unchecked ; Inapplicable ; Inapplicable ; Inapplicable ; Inapplicable ; Inapplicable ; Inapplicable ; Inapplicable ; Inapplicable ; Inapplicable ; Inapplicable ; Inapplicable ; Inapplicable ; Inapplicable ; Inapplicable ; Inapplicable ; Inapplicable ; Inapplicable ; Inapplicable ;
; R1out[8]           ; Inapplicable ; Inapplicable ; Inapplicable ; Inapplicable ; Inapplicable ; Unchecked ; Inapplicable ; Inapplicable ; Unchecked ; Unchecked ; Inapplicable ; Inapplicable ; Inapplicable ; Inapplicable ; Inapplicable ; Inapplicable ; Inapplicable ; Inapplicable ; Inapplicable ; Inapplicable ; Inapplicable ; Inapplicable ; Inapplicable ; Inapplicable ; Inapplicable ; Inapplicable ; Inapplicable ; Inapplicable ;
; R1out[9]           ; Inapplicable ; Inapplicable ; Inapplicable ; Inapplicable ; Inapplicable ; Unchecked ; Inapplicable ; Inapplicable ; Unchecked ; Unchecked ; Inapplicable ; Inapplicable ; Inapplicable ; Inapplicable ; Inapplicable ; Inapplicable ; Inapplicable ; Inapplicable ; Inapplicable ; Inapplicable ; Inapplicable ; Inapplicable ; Inapplicable ; Inapplicable ; Inapplicable ; Inapplicable ; Inapplicable ; Inapplicable ;
; R1out[10]          ; Inapplicable ; Inapplicable ; Inapplicable ; Inapplicable ; Inapplicable ; Unchecked ; Inapplicable ; Inapplicable ; Unchecked ; Unchecked ; Inapplicable ; Inapplicable ; Inapplicable ; Inapplicable ; Inapplicable ; Inapplicable ; Inapplicable ; Inapplicable ; Inapplicable ; Inapplicable ; Inapplicable ; Inapplicable ; Inapplicable ; Inapplicable ; Inapplicable ; Inapplicable ; Inapplicable ; Inapplicable ;
; R1out[11]          ; Inapplicable ; Inapplicable ; Inapplicable ; Inapplicable ; Inapplicable ; Unchecked ; Inapplicable ; Inapplicable ; Unchecked ; Unchecked ; Inapplicable ; Inapplicable ; Inapplicable ; Inapplicable ; Inapplicable ; Inapplicable ; Inapplicable ; Inapplicable ; Inapplicable ; Inapplicable ; Inapplicable ; Inapplicable ; Inapplicable ; Inapplicable ; Inapplicable ; Inapplicable ; Inapplicable ; Inapplicable ;
; R1out[12]          ; Inapplicable ; Inapplicable ; Inapplicable ; Inapplicable ; Inapplicable ; Unchecked ; Inapplicable ; Inapplicable ; Unchecked ; Unchecked ; Inapplicable ; Inapplicable ; Inapplicable ; Inapplicable ; Inapplicable ; Inapplicable ; Inapplicable ; Inapplicable ; Inapplicable ; Inapplicable ; Inapplicable ; Inapplicable ; Inapplicable ; Inapplicable ; Inapplicable ; Inapplicable ; Inapplicable ; Inapplicable ;
; R1out[13]          ; Inapplicable ; Inapplicable ; Inapplicable ; Inapplicable ; Inapplicable ; Unchecked ; Inapplicable ; Inapplicable ; Unchecked ; Unchecked ; Inapplicable ; Inapplicable ; Inapplicable ; Inapplicable ; Inapplicable ; Inapplicable ; Inapplicable ; Inapplicable ; Inapplicable ; Inapplicable ; Inapplicable ; Inapplicable ; Inapplicable ; Inapplicable ; Inapplicable ; Inapplicable ; Inapplicable ; Inapplicable ;
; R1out[14]          ; Inapplicable ; Inapplicable ; Inapplicable ; Inapplicable ; Inapplicable ; Unchecked ; Inapplicable ; Inapplicable ; Unchecked ; Unchecked ; Inapplicable ; Inapplicable ; Inapplicable ; Inapplicable ; Inapplicable ; Inapplicable ; Inapplicable ; Inapplicable ; Inapplicable ; Inapplicable ; Inapplicable ; Inapplicable ; Inapplicable ; Inapplicable ; Inapplicable ; Inapplicable ; Inapplicable ; Inapplicable ;
; R1out[15]          ; Inapplicable ; Inapplicable ; Inapplicable ; Inapplicable ; Inapplicable ; Unchecked ; Inapplicable ; Inapplicable ; Unchecked ; Unchecked ; Inapplicable ; Inapplicable ; Inapplicable ; Inapplicable ; Inapplicable ; Inapplicable ; Inapplicable ; Inapplicable ; Inapplicable ; Inapplicable ; Inapplicable ; Inapplicable ; Inapplicable ; Inapplicable ; Inapplicable ; Inapplicable ; Inapplicable ; Inapplicable ;
; R1out[16]          ; Inapplicable ; Inapplicable ; Inapplicable ; Inapplicable ; Inapplicable ; Unchecked ; Inapplicable ; Inapplicable ; Unchecked ; Unchecked ; Inapplicable ; Inapplicable ; Inapplicable ; Inapplicable ; Inapplicable ; Inapplicable ; Inapplicable ; Inapplicable ; Inapplicable ; Inapplicable ; Inapplicable ; Inapplicable ; Inapplicable ; Inapplicable ; Inapplicable ; Inapplicable ; Inapplicable ; Inapplicable ;
; R1out[17]          ; Inapplicable ; Inapplicable ; Inapplicable ; Inapplicable ; Inapplicable ; Unchecked ; Inapplicable ; Inapplicable ; Unchecked ; Unchecked ; Inapplicable ; Inapplicable ; Inapplicable ; Inapplicable ; Inapplicable ; Inapplicable ; Inapplicable ; Inapplicable ; Inapplicable ; Inapplicable ; Inapplicable ; Inapplicable ; Inapplicable ; Inapplicable ; Inapplicable ; Inapplicable ; Inapplicable ; Inapplicable ;
; R1out[18]          ; Inapplicable ; Inapplicable ; Inapplicable ; Inapplicable ; Inapplicable ; Unchecked ; Inapplicable ; Inapplicable ; Unchecked ; Unchecked ; Inapplicable ; Inapplicable ; Inapplicable ; Inapplicable ; Inapplicable ; Inapplicable ; Inapplicable ; Inapplicable ; Inapplicable ; Inapplicable ; Inapplicable ; Inapplicable ; Inapplicable ; Inapplicable ; Inapplicable ; Inapplicable ; Inapplicable ; Inapplicable ;
; R1out[19]          ; Inapplicable ; Inapplicable ; Inapplicable ; Inapplicable ; Inapplicable ; Unchecked ; Inapplicable ; Inapplicable ; Unchecked ; Unchecked ; Inapplicable ; Inapplicable ; Inapplicable ; Inapplicable ; Inapplicable ; Inapplicable ; Inapplicable ; Inapplicable ; Inapplicable ; Inapplicable ; Inapplicable ; Inapplicable ; Inapplicable ; Inapplicable ; Inapplicable ; Inapplicable ; Inapplicable ; Inapplicable ;
; R1out[20]          ; Inapplicable ; Inapplicable ; Inapplicable ; Inapplicable ; Inapplicable ; Unchecked ; Inapplicable ; Inapplicable ; Unchecked ; Unchecked ; Inapplicable ; Inapplicable ; Inapplicable ; Inapplicable ; Inapplicable ; Inapplicable ; Inapplicable ; Inapplicable ; Inapplicable ; Inapplicable ; Inapplicable ; Inapplicable ; Inapplicable ; Inapplicable ; Inapplicable ; Inapplicable ; Inapplicable ; Inapplicable ;
; R1out[21]          ; Inapplicable ; Inapplicable ; Inapplicable ; Inapplicable ; Inapplicable ; Unchecked ; Inapplicable ; Inapplicable ; Unchecked ; Unchecked ; Inapplicable ; Inapplicable ; Inapplicable ; Inapplicable ; Inapplicable ; Inapplicable ; Inapplicable ; Inapplicable ; Inapplicable ; Inapplicable ; Inapplicable ; Inapplicable ; Inapplicable ; Inapplicable ; Inapplicable ; Inapplicable ; Inapplicable ; Inapplicable ;
; R1out[22]          ; Inapplicable ; Inapplicable ; Inapplicable ; Inapplicable ; Inapplicable ; Unchecked ; Inapplicable ; Inapplicable ; Unchecked ; Unchecked ; Inapplicable ; Inapplicable ; Inapplicable ; Inapplicable ; Inapplicable ; Inapplicable ; Inapplicable ; Inapplicable ; Inapplicable ; Inapplicable ; Inapplicable ; Inapplicable ; Inapplicable ; Inapplicable ; Inapplicable ; Inapplicable ; Inapplicable ; Inapplicable ;
; R1out[23]          ; Inapplicable ; Inapplicable ; Inapplicable ; Inapplicable ; Inapplicable ; Unchecked ; Inapplicable ; Inapplicable ; Unchecked ; Unchecked ; Inapplicable ; Inapplicable ; Inapplicable ; Inapplicable ; Inapplicable ; Inapplicable ; Inapplicable ; Inapplicable ; Inapplicable ; Inapplicable ; Inapplicable ; Inapplicable ; Inapplicable ; Inapplicable ; Inapplicable ; Inapplicable ; Inapplicable ; Inapplicable ;
; R1out[24]          ; Inapplicable ; Inapplicable ; Inapplicable ; Inapplicable ; Inapplicable ; Unchecked ; Inapplicable ; Inapplicable ; Unchecked ; Unchecked ; Inapplicable ; Inapplicable ; Inapplicable ; Inapplicable ; Inapplicable ; Inapplicable ; Inapplicable ; Inapplicable ; Inapplicable ; Inapplicable ; Inapplicable ; Inapplicable ; Inapplicable ; Inapplicable ; Inapplicable ; Inapplicable ; Inapplicable ; Inapplicable ;
; R1out[25]          ; Inapplicable ; Inapplicable ; Inapplicable ; Inapplicable ; Inapplicable ; Unchecked ; Inapplicable ; Inapplicable ; Unchecked ; Unchecked ; Inapplicable ; Inapplicable ; Inapplicable ; Inapplicable ; Inapplicable ; Inapplicable ; Inapplicable ; Inapplicable ; Inapplicable ; Inapplicable ; Inapplicable ; Inapplicable ; Inapplicable ; Inapplicable ; Inapplicable ; Inapplicable ; Inapplicable ; Inapplicable ;
; R1out[26]          ; Inapplicable ; Inapplicable ; Inapplicable ; Inapplicable ; Inapplicable ; Unchecked ; Inapplicable ; Inapplicable ; Unchecked ; Unchecked ; Inapplicable ; Inapplicable ; Inapplicable ; Inapplicable ; Inapplicable ; Inapplicable ; Inapplicable ; Inapplicable ; Inapplicable ; Inapplicable ; Inapplicable ; Inapplicable ; Inapplicable ; Inapplicable ; Inapplicable ; Inapplicable ; Inapplicable ; Inapplicable ;
; R1out[27]          ; Inapplicable ; Inapplicable ; Inapplicable ; Inapplicable ; Inapplicable ; Unchecked ; Inapplicable ; Inapplicable ; Unchecked ; Unchecked ; Inapplicable ; Inapplicable ; Inapplicable ; Inapplicable ; Inapplicable ; Inapplicable ; Inapplicable ; Inapplicable ; Inapplicable ; Inapplicable ; Inapplicable ; Inapplicable ; Inapplicable ; Inapplicable ; Inapplicable ; Inapplicable ; Inapplicable ; Inapplicable ;
; R1out[28]          ; Inapplicable ; Inapplicable ; Inapplicable ; Inapplicable ; Inapplicable ; Unchecked ; Inapplicable ; Inapplicable ; Unchecked ; Unchecked ; Inapplicable ; Inapplicable ; Inapplicable ; Inapplicable ; Inapplicable ; Inapplicable ; Inapplicable ; Inapplicable ; Inapplicable ; Inapplicable ; Inapplicable ; Inapplicable ; Inapplicable ; Inapplicable ; Inapplicable ; Inapplicable ; Inapplicable ; Inapplicable ;
; R1out[29]          ; Inapplicable ; Inapplicable ; Inapplicable ; Inapplicable ; Inapplicable ; Unchecked ; Inapplicable ; Inapplicable ; Unchecked ; Unchecked ; Inapplicable ; Inapplicable ; Inapplicable ; Inapplicable ; Inapplicable ; Inapplicable ; Inapplicable ; Inapplicable ; Inapplicable ; Inapplicable ; Inapplicable ; Inapplicable ; Inapplicable ; Inapplicable ; Inapplicable ; Inapplicable ; Inapplicable ; Inapplicable ;
; R1out[30]          ; Inapplicable ; Inapplicable ; Inapplicable ; Inapplicable ; Inapplicable ; Unchecked ; Inapplicable ; Inapplicable ; Unchecked ; Unchecked ; Inapplicable ; Inapplicable ; Inapplicable ; Inapplicable ; Inapplicable ; Inapplicable ; Inapplicable ; Inapplicable ; Inapplicable ; Inapplicable ; Inapplicable ; Inapplicable ; Inapplicable ; Inapplicable ; Inapplicable ; Inapplicable ; Inapplicable ; Inapplicable ;
; R1out[31]          ; Inapplicable ; Inapplicable ; Inapplicable ; Inapplicable ; Inapplicable ; Unchecked ; Inapplicable ; Inapplicable ; Unchecked ; Unchecked ; Inapplicable ; Inapplicable ; Inapplicable ; Inapplicable ; Inapplicable ; Inapplicable ; Inapplicable ; Inapplicable ; Inapplicable ; Inapplicable ; Inapplicable ; Inapplicable ; Inapplicable ; Inapplicable ; Inapplicable ; Inapplicable ; Inapplicable ; Inapplicable ;
; R2out[0]           ; Inapplicable ; Inapplicable ; Inapplicable ; Inapplicable ; Inapplicable ; Unchecked ; Inapplicable ; Inapplicable ; Unchecked ; Unchecked ; Inapplicable ; Inapplicable ; Inapplicable ; Inapplicable ; Inapplicable ; Inapplicable ; Inapplicable ; Inapplicable ; Inapplicable ; Inapplicable ; Inapplicable ; Inapplicable ; Inapplicable ; Inapplicable ; Inapplicable ; Inapplicable ; Inapplicable ; Inapplicable ;
; R2out[1]           ; Inapplicable ; Inapplicable ; Inapplicable ; Inapplicable ; Inapplicable ; Unchecked ; Inapplicable ; Inapplicable ; Unchecked ; Unchecked ; Inapplicable ; Inapplicable ; Inapplicable ; Inapplicable ; Inapplicable ; Inapplicable ; Inapplicable ; Inapplicable ; Inapplicable ; Inapplicable ; Inapplicable ; Inapplicable ; Inapplicable ; Inapplicable ; Inapplicable ; Inapplicable ; Inapplicable ; Inapplicable ;
; R2out[2]           ; Inapplicable ; Inapplicable ; Inapplicable ; Inapplicable ; Inapplicable ; Unchecked ; Inapplicable ; Inapplicable ; Unchecked ; Unchecked ; Inapplicable ; Inapplicable ; Inapplicable ; Inapplicable ; Inapplicable ; Inapplicable ; Inapplicable ; Inapplicable ; Inapplicable ; Inapplicable ; Inapplicable ; Inapplicable ; Inapplicable ; Inapplicable ; Inapplicable ; Inapplicable ; Inapplicable ; Inapplicable ;
; R2out[3]           ; Inapplicable ; Inapplicable ; Inapplicable ; Inapplicable ; Inapplicable ; Unchecked ; Inapplicable ; Inapplicable ; Unchecked ; Unchecked ; Inapplicable ; Inapplicable ; Inapplicable ; Inapplicable ; Inapplicable ; Inapplicable ; Inapplicable ; Inapplicable ; Inapplicable ; Inapplicable ; Inapplicable ; Inapplicable ; Inapplicable ; Inapplicable ; Inapplicable ; Inapplicable ; Inapplicable ; Inapplicable ;
; R2out[4]           ; Inapplicable ; Inapplicable ; Inapplicable ; Inapplicable ; Inapplicable ; Unchecked ; Inapplicable ; Inapplicable ; Unchecked ; Unchecked ; Inapplicable ; Inapplicable ; Inapplicable ; Inapplicable ; Inapplicable ; Inapplicable ; Inapplicable ; Inapplicable ; Inapplicable ; Inapplicable ; Inapplicable ; Inapplicable ; Inapplicable ; Inapplicable ; Inapplicable ; Inapplicable ; Inapplicable ; Inapplicable ;
; R2out[5]           ; Inapplicable ; Inapplicable ; Inapplicable ; Inapplicable ; Inapplicable ; Unchecked ; Inapplicable ; Inapplicable ; Unchecked ; Unchecked ; Inapplicable ; Inapplicable ; Inapplicable ; Inapplicable ; Inapplicable ; Inapplicable ; Inapplicable ; Inapplicable ; Inapplicable ; Inapplicable ; Inapplicable ; Inapplicable ; Inapplicable ; Inapplicable ; Inapplicable ; Inapplicable ; Inapplicable ; Inapplicable ;
; R2out[6]           ; Inapplicable ; Inapplicable ; Inapplicable ; Inapplicable ; Inapplicable ; Unchecked ; Inapplicable ; Inapplicable ; Unchecked ; Unchecked ; Inapplicable ; Inapplicable ; Inapplicable ; Inapplicable ; Inapplicable ; Inapplicable ; Inapplicable ; Inapplicable ; Inapplicable ; Inapplicable ; Inapplicable ; Inapplicable ; Inapplicable ; Inapplicable ; Inapplicable ; Inapplicable ; Inapplicable ; Inapplicable ;
; R2out[7]           ; Inapplicable ; Inapplicable ; Inapplicable ; Inapplicable ; Inapplicable ; Unchecked ; Inapplicable ; Inapplicable ; Unchecked ; Unchecked ; Inapplicable ; Inapplicable ; Inapplicable ; Inapplicable ; Inapplicable ; Inapplicable ; Inapplicable ; Inapplicable ; Inapplicable ; Inapplicable ; Inapplicable ; Inapplicable ; Inapplicable ; Inapplicable ; Inapplicable ; Inapplicable ; Inapplicable ; Inapplicable ;
; R2out[8]           ; Inapplicable ; Inapplicable ; Inapplicable ; Inapplicable ; Inapplicable ; Unchecked ; Inapplicable ; Inapplicable ; Unchecked ; Unchecked ; Inapplicable ; Inapplicable ; Inapplicable ; Inapplicable ; Inapplicable ; Inapplicable ; Inapplicable ; Inapplicable ; Inapplicable ; Inapplicable ; Inapplicable ; Inapplicable ; Inapplicable ; Inapplicable ; Inapplicable ; Inapplicable ; Inapplicable ; Inapplicable ;
; R2out[9]           ; Inapplicable ; Inapplicable ; Inapplicable ; Inapplicable ; Inapplicable ; Unchecked ; Inapplicable ; Inapplicable ; Unchecked ; Unchecked ; Inapplicable ; Inapplicable ; Inapplicable ; Inapplicable ; Inapplicable ; Inapplicable ; Inapplicable ; Inapplicable ; Inapplicable ; Inapplicable ; Inapplicable ; Inapplicable ; Inapplicable ; Inapplicable ; Inapplicable ; Inapplicable ; Inapplicable ; Inapplicable ;
; R2out[10]          ; Inapplicable ; Inapplicable ; Inapplicable ; Inapplicable ; Inapplicable ; Unchecked ; Inapplicable ; Inapplicable ; Unchecked ; Unchecked ; Inapplicable ; Inapplicable ; Inapplicable ; Inapplicable ; Inapplicable ; Inapplicable ; Inapplicable ; Inapplicable ; Inapplicable ; Inapplicable ; Inapplicable ; Inapplicable ; Inapplicable ; Inapplicable ; Inapplicable ; Inapplicable ; Inapplicable ; Inapplicable ;
; R2out[11]          ; Inapplicable ; Inapplicable ; Inapplicable ; Inapplicable ; Inapplicable ; Unchecked ; Inapplicable ; Inapplicable ; Unchecked ; Unchecked ; Inapplicable ; Inapplicable ; Inapplicable ; Inapplicable ; Inapplicable ; Inapplicable ; Inapplicable ; Inapplicable ; Inapplicable ; Inapplicable ; Inapplicable ; Inapplicable ; Inapplicable ; Inapplicable ; Inapplicable ; Inapplicable ; Inapplicable ; Inapplicable ;
; R2out[12]          ; Inapplicable ; Inapplicable ; Inapplicable ; Inapplicable ; Inapplicable ; Unchecked ; Inapplicable ; Inapplicable ; Unchecked ; Unchecked ; Inapplicable ; Inapplicable ; Inapplicable ; Inapplicable ; Inapplicable ; Inapplicable ; Inapplicable ; Inapplicable ; Inapplicable ; Inapplicable ; Inapplicable ; Inapplicable ; Inapplicable ; Inapplicable ; Inapplicable ; Inapplicable ; Inapplicable ; Inapplicable ;
; R2out[13]          ; Inapplicable ; Inapplicable ; Inapplicable ; Inapplicable ; Inapplicable ; Unchecked ; Inapplicable ; Inapplicable ; Unchecked ; Unchecked ; Inapplicable ; Inapplicable ; Inapplicable ; Inapplicable ; Inapplicable ; Inapplicable ; Inapplicable ; Inapplicable ; Inapplicable ; Inapplicable ; Inapplicable ; Inapplicable ; Inapplicable ; Inapplicable ; Inapplicable ; Inapplicable ; Inapplicable ; Inapplicable ;
; R2out[14]          ; Inapplicable ; Inapplicable ; Inapplicable ; Inapplicable ; Inapplicable ; Unchecked ; Inapplicable ; Inapplicable ; Unchecked ; Unchecked ; Inapplicable ; Inapplicable ; Inapplicable ; Inapplicable ; Inapplicable ; Inapplicable ; Inapplicable ; Inapplicable ; Inapplicable ; Inapplicable ; Inapplicable ; Inapplicable ; Inapplicable ; Inapplicable ; Inapplicable ; Inapplicable ; Inapplicable ; Inapplicable ;
; R2out[15]          ; Inapplicable ; Inapplicable ; Inapplicable ; Inapplicable ; Inapplicable ; Unchecked ; Inapplicable ; Inapplicable ; Unchecked ; Unchecked ; Inapplicable ; Inapplicable ; Inapplicable ; Inapplicable ; Inapplicable ; Inapplicable ; Inapplicable ; Inapplicable ; Inapplicable ; Inapplicable ; Inapplicable ; Inapplicable ; Inapplicable ; Inapplicable ; Inapplicable ; Inapplicable ; Inapplicable ; Inapplicable ;
; R2out[16]          ; Inapplicable ; Inapplicable ; Inapplicable ; Inapplicable ; Inapplicable ; Unchecked ; Inapplicable ; Inapplicable ; Unchecked ; Unchecked ; Inapplicable ; Inapplicable ; Inapplicable ; Inapplicable ; Inapplicable ; Inapplicable ; Inapplicable ; Inapplicable ; Inapplicable ; Inapplicable ; Inapplicable ; Inapplicable ; Inapplicable ; Inapplicable ; Inapplicable ; Inapplicable ; Inapplicable ; Inapplicable ;
; R2out[17]          ; Inapplicable ; Inapplicable ; Inapplicable ; Inapplicable ; Inapplicable ; Unchecked ; Inapplicable ; Inapplicable ; Unchecked ; Unchecked ; Inapplicable ; Inapplicable ; Inapplicable ; Inapplicable ; Inapplicable ; Inapplicable ; Inapplicable ; Inapplicable ; Inapplicable ; Inapplicable ; Inapplicable ; Inapplicable ; Inapplicable ; Inapplicable ; Inapplicable ; Inapplicable ; Inapplicable ; Inapplicable ;
; R2out[18]          ; Inapplicable ; Inapplicable ; Inapplicable ; Inapplicable ; Inapplicable ; Unchecked ; Inapplicable ; Inapplicable ; Unchecked ; Unchecked ; Inapplicable ; Inapplicable ; Inapplicable ; Inapplicable ; Inapplicable ; Inapplicable ; Inapplicable ; Inapplicable ; Inapplicable ; Inapplicable ; Inapplicable ; Inapplicable ; Inapplicable ; Inapplicable ; Inapplicable ; Inapplicable ; Inapplicable ; Inapplicable ;
; R2out[19]          ; Inapplicable ; Inapplicable ; Inapplicable ; Inapplicable ; Inapplicable ; Unchecked ; Inapplicable ; Inapplicable ; Unchecked ; Unchecked ; Inapplicable ; Inapplicable ; Inapplicable ; Inapplicable ; Inapplicable ; Inapplicable ; Inapplicable ; Inapplicable ; Inapplicable ; Inapplicable ; Inapplicable ; Inapplicable ; Inapplicable ; Inapplicable ; Inapplicable ; Inapplicable ; Inapplicable ; Inapplicable ;
; R2out[20]          ; Inapplicable ; Inapplicable ; Inapplicable ; Inapplicable ; Inapplicable ; Unchecked ; Inapplicable ; Inapplicable ; Unchecked ; Unchecked ; Inapplicable ; Inapplicable ; Inapplicable ; Inapplicable ; Inapplicable ; Inapplicable ; Inapplicable ; Inapplicable ; Inapplicable ; Inapplicable ; Inapplicable ; Inapplicable ; Inapplicable ; Inapplicable ; Inapplicable ; Inapplicable ; Inapplicable ; Inapplicable ;
; R2out[21]          ; Inapplicable ; Inapplicable ; Inapplicable ; Inapplicable ; Inapplicable ; Unchecked ; Inapplicable ; Inapplicable ; Unchecked ; Unchecked ; Inapplicable ; Inapplicable ; Inapplicable ; Inapplicable ; Inapplicable ; Inapplicable ; Inapplicable ; Inapplicable ; Inapplicable ; Inapplicable ; Inapplicable ; Inapplicable ; Inapplicable ; Inapplicable ; Inapplicable ; Inapplicable ; Inapplicable ; Inapplicable ;
; R2out[22]          ; Inapplicable ; Inapplicable ; Inapplicable ; Inapplicable ; Inapplicable ; Unchecked ; Inapplicable ; Inapplicable ; Unchecked ; Unchecked ; Inapplicable ; Inapplicable ; Inapplicable ; Inapplicable ; Inapplicable ; Inapplicable ; Inapplicable ; Inapplicable ; Inapplicable ; Inapplicable ; Inapplicable ; Inapplicable ; Inapplicable ; Inapplicable ; Inapplicable ; Inapplicable ; Inapplicable ; Inapplicable ;
; R2out[23]          ; Inapplicable ; Inapplicable ; Inapplicable ; Inapplicable ; Inapplicable ; Unchecked ; Inapplicable ; Inapplicable ; Unchecked ; Unchecked ; Inapplicable ; Inapplicable ; Inapplicable ; Inapplicable ; Inapplicable ; Inapplicable ; Inapplicable ; Inapplicable ; Inapplicable ; Inapplicable ; Inapplicable ; Inapplicable ; Inapplicable ; Inapplicable ; Inapplicable ; Inapplicable ; Inapplicable ; Inapplicable ;
; R2out[24]          ; Inapplicable ; Inapplicable ; Inapplicable ; Inapplicable ; Inapplicable ; Unchecked ; Inapplicable ; Inapplicable ; Unchecked ; Unchecked ; Inapplicable ; Inapplicable ; Inapplicable ; Inapplicable ; Inapplicable ; Inapplicable ; Inapplicable ; Inapplicable ; Inapplicable ; Inapplicable ; Inapplicable ; Inapplicable ; Inapplicable ; Inapplicable ; Inapplicable ; Inapplicable ; Inapplicable ; Inapplicable ;
; R2out[25]          ; Inapplicable ; Inapplicable ; Inapplicable ; Inapplicable ; Inapplicable ; Unchecked ; Inapplicable ; Inapplicable ; Unchecked ; Unchecked ; Inapplicable ; Inapplicable ; Inapplicable ; Inapplicable ; Inapplicable ; Inapplicable ; Inapplicable ; Inapplicable ; Inapplicable ; Inapplicable ; Inapplicable ; Inapplicable ; Inapplicable ; Inapplicable ; Inapplicable ; Inapplicable ; Inapplicable ; Inapplicable ;
; R2out[26]          ; Inapplicable ; Inapplicable ; Inapplicable ; Inapplicable ; Inapplicable ; Unchecked ; Inapplicable ; Inapplicable ; Unchecked ; Unchecked ; Inapplicable ; Inapplicable ; Inapplicable ; Inapplicable ; Inapplicable ; Inapplicable ; Inapplicable ; Inapplicable ; Inapplicable ; Inapplicable ; Inapplicable ; Inapplicable ; Inapplicable ; Inapplicable ; Inapplicable ; Inapplicable ; Inapplicable ; Inapplicable ;
; R2out[27]          ; Inapplicable ; Inapplicable ; Inapplicable ; Inapplicable ; Inapplicable ; Unchecked ; Inapplicable ; Inapplicable ; Unchecked ; Unchecked ; Inapplicable ; Inapplicable ; Inapplicable ; Inapplicable ; Inapplicable ; Inapplicable ; Inapplicable ; Inapplicable ; Inapplicable ; Inapplicable ; Inapplicable ; Inapplicable ; Inapplicable ; Inapplicable ; Inapplicable ; Inapplicable ; Inapplicable ; Inapplicable ;
; R2out[28]          ; Inapplicable ; Inapplicable ; Inapplicable ; Inapplicable ; Inapplicable ; Unchecked ; Inapplicable ; Inapplicable ; Unchecked ; Unchecked ; Inapplicable ; Inapplicable ; Inapplicable ; Inapplicable ; Inapplicable ; Inapplicable ; Inapplicable ; Inapplicable ; Inapplicable ; Inapplicable ; Inapplicable ; Inapplicable ; Inapplicable ; Inapplicable ; Inapplicable ; Inapplicable ; Inapplicable ; Inapplicable ;
; R2out[29]          ; Inapplicable ; Inapplicable ; Inapplicable ; Inapplicable ; Inapplicable ; Unchecked ; Inapplicable ; Inapplicable ; Unchecked ; Unchecked ; Inapplicable ; Inapplicable ; Inapplicable ; Inapplicable ; Inapplicable ; Inapplicable ; Inapplicable ; Inapplicable ; Inapplicable ; Inapplicable ; Inapplicable ; Inapplicable ; Inapplicable ; Inapplicable ; Inapplicable ; Inapplicable ; Inapplicable ; Inapplicable ;
; R2out[30]          ; Inapplicable ; Inapplicable ; Inapplicable ; Inapplicable ; Inapplicable ; Unchecked ; Inapplicable ; Inapplicable ; Unchecked ; Unchecked ; Inapplicable ; Inapplicable ; Inapplicable ; Inapplicable ; Inapplicable ; Inapplicable ; Inapplicable ; Inapplicable ; Inapplicable ; Inapplicable ; Inapplicable ; Inapplicable ; Inapplicable ; Inapplicable ; Inapplicable ; Inapplicable ; Inapplicable ; Inapplicable ;
; R2out[31]          ; Inapplicable ; Inapplicable ; Inapplicable ; Inapplicable ; Inapplicable ; Unchecked ; Inapplicable ; Inapplicable ; Unchecked ; Unchecked ; Inapplicable ; Inapplicable ; Inapplicable ; Inapplicable ; Inapplicable ; Inapplicable ; Inapplicable ; Inapplicable ; Inapplicable ; Inapplicable ; Inapplicable ; Inapplicable ; Inapplicable ; Inapplicable ; Inapplicable ; Inapplicable ; Inapplicable ; Inapplicable ;
; R3out[0]           ; Inapplicable ; Inapplicable ; Inapplicable ; Inapplicable ; Inapplicable ; Unchecked ; Inapplicable ; Inapplicable ; Unchecked ; Unchecked ; Inapplicable ; Inapplicable ; Inapplicable ; Inapplicable ; Inapplicable ; Inapplicable ; Inapplicable ; Inapplicable ; Inapplicable ; Inapplicable ; Inapplicable ; Inapplicable ; Inapplicable ; Inapplicable ; Inapplicable ; Inapplicable ; Inapplicable ; Inapplicable ;
; R3out[1]           ; Inapplicable ; Inapplicable ; Inapplicable ; Inapplicable ; Inapplicable ; Unchecked ; Inapplicable ; Inapplicable ; Unchecked ; Unchecked ; Inapplicable ; Inapplicable ; Inapplicable ; Inapplicable ; Inapplicable ; Inapplicable ; Inapplicable ; Inapplicable ; Inapplicable ; Inapplicable ; Inapplicable ; Inapplicable ; Inapplicable ; Inapplicable ; Inapplicable ; Inapplicable ; Inapplicable ; Inapplicable ;
; R3out[2]           ; Inapplicable ; Inapplicable ; Inapplicable ; Inapplicable ; Inapplicable ; Unchecked ; Inapplicable ; Inapplicable ; Unchecked ; Unchecked ; Inapplicable ; Inapplicable ; Inapplicable ; Inapplicable ; Inapplicable ; Inapplicable ; Inapplicable ; Inapplicable ; Inapplicable ; Inapplicable ; Inapplicable ; Inapplicable ; Inapplicable ; Inapplicable ; Inapplicable ; Inapplicable ; Inapplicable ; Inapplicable ;
; R3out[3]           ; Inapplicable ; Inapplicable ; Inapplicable ; Inapplicable ; Inapplicable ; Unchecked ; Inapplicable ; Inapplicable ; Unchecked ; Unchecked ; Inapplicable ; Inapplicable ; Inapplicable ; Inapplicable ; Inapplicable ; Inapplicable ; Inapplicable ; Inapplicable ; Inapplicable ; Inapplicable ; Inapplicable ; Inapplicable ; Inapplicable ; Inapplicable ; Inapplicable ; Inapplicable ; Inapplicable ; Inapplicable ;
; R3out[4]           ; Inapplicable ; Inapplicable ; Inapplicable ; Inapplicable ; Inapplicable ; Unchecked ; Inapplicable ; Inapplicable ; Unchecked ; Unchecked ; Inapplicable ; Inapplicable ; Inapplicable ; Inapplicable ; Inapplicable ; Inapplicable ; Inapplicable ; Inapplicable ; Inapplicable ; Inapplicable ; Inapplicable ; Inapplicable ; Inapplicable ; Inapplicable ; Inapplicable ; Inapplicable ; Inapplicable ; Inapplicable ;
; R3out[5]           ; Inapplicable ; Inapplicable ; Inapplicable ; Inapplicable ; Inapplicable ; Unchecked ; Inapplicable ; Inapplicable ; Unchecked ; Unchecked ; Inapplicable ; Inapplicable ; Inapplicable ; Inapplicable ; Inapplicable ; Inapplicable ; Inapplicable ; Inapplicable ; Inapplicable ; Inapplicable ; Inapplicable ; Inapplicable ; Inapplicable ; Inapplicable ; Inapplicable ; Inapplicable ; Inapplicable ; Inapplicable ;
; R3out[6]           ; Inapplicable ; Inapplicable ; Inapplicable ; Inapplicable ; Inapplicable ; Unchecked ; Inapplicable ; Inapplicable ; Unchecked ; Unchecked ; Inapplicable ; Inapplicable ; Inapplicable ; Inapplicable ; Inapplicable ; Inapplicable ; Inapplicable ; Inapplicable ; Inapplicable ; Inapplicable ; Inapplicable ; Inapplicable ; Inapplicable ; Inapplicable ; Inapplicable ; Inapplicable ; Inapplicable ; Inapplicable ;
; R3out[7]           ; Inapplicable ; Inapplicable ; Inapplicable ; Inapplicable ; Inapplicable ; Unchecked ; Inapplicable ; Inapplicable ; Unchecked ; Unchecked ; Inapplicable ; Inapplicable ; Inapplicable ; Inapplicable ; Inapplicable ; Inapplicable ; Inapplicable ; Inapplicable ; Inapplicable ; Inapplicable ; Inapplicable ; Inapplicable ; Inapplicable ; Inapplicable ; Inapplicable ; Inapplicable ; Inapplicable ; Inapplicable ;
; R3out[8]           ; Inapplicable ; Inapplicable ; Inapplicable ; Inapplicable ; Inapplicable ; Unchecked ; Inapplicable ; Inapplicable ; Unchecked ; Unchecked ; Inapplicable ; Inapplicable ; Inapplicable ; Inapplicable ; Inapplicable ; Inapplicable ; Inapplicable ; Inapplicable ; Inapplicable ; Inapplicable ; Inapplicable ; Inapplicable ; Inapplicable ; Inapplicable ; Inapplicable ; Inapplicable ; Inapplicable ; Inapplicable ;
; R3out[9]           ; Inapplicable ; Inapplicable ; Inapplicable ; Inapplicable ; Inapplicable ; Unchecked ; Inapplicable ; Inapplicable ; Unchecked ; Unchecked ; Inapplicable ; Inapplicable ; Inapplicable ; Inapplicable ; Inapplicable ; Inapplicable ; Inapplicable ; Inapplicable ; Inapplicable ; Inapplicable ; Inapplicable ; Inapplicable ; Inapplicable ; Inapplicable ; Inapplicable ; Inapplicable ; Inapplicable ; Inapplicable ;
; R3out[10]          ; Inapplicable ; Inapplicable ; Inapplicable ; Inapplicable ; Inapplicable ; Unchecked ; Inapplicable ; Inapplicable ; Unchecked ; Unchecked ; Inapplicable ; Inapplicable ; Inapplicable ; Inapplicable ; Inapplicable ; Inapplicable ; Inapplicable ; Inapplicable ; Inapplicable ; Inapplicable ; Inapplicable ; Inapplicable ; Inapplicable ; Inapplicable ; Inapplicable ; Inapplicable ; Inapplicable ; Inapplicable ;
; R3out[11]          ; Inapplicable ; Inapplicable ; Inapplicable ; Inapplicable ; Inapplicable ; Unchecked ; Inapplicable ; Inapplicable ; Unchecked ; Unchecked ; Inapplicable ; Inapplicable ; Inapplicable ; Inapplicable ; Inapplicable ; Inapplicable ; Inapplicable ; Inapplicable ; Inapplicable ; Inapplicable ; Inapplicable ; Inapplicable ; Inapplicable ; Inapplicable ; Inapplicable ; Inapplicable ; Inapplicable ; Inapplicable ;
; R3out[12]          ; Inapplicable ; Inapplicable ; Inapplicable ; Inapplicable ; Inapplicable ; Unchecked ; Inapplicable ; Inapplicable ; Unchecked ; Unchecked ; Inapplicable ; Inapplicable ; Inapplicable ; Inapplicable ; Inapplicable ; Inapplicable ; Inapplicable ; Inapplicable ; Inapplicable ; Inapplicable ; Inapplicable ; Inapplicable ; Inapplicable ; Inapplicable ; Inapplicable ; Inapplicable ; Inapplicable ; Inapplicable ;
; R3out[13]          ; Inapplicable ; Inapplicable ; Inapplicable ; Inapplicable ; Inapplicable ; Unchecked ; Inapplicable ; Inapplicable ; Unchecked ; Unchecked ; Inapplicable ; Inapplicable ; Inapplicable ; Inapplicable ; Inapplicable ; Inapplicable ; Inapplicable ; Inapplicable ; Inapplicable ; Inapplicable ; Inapplicable ; Inapplicable ; Inapplicable ; Inapplicable ; Inapplicable ; Inapplicable ; Inapplicable ; Inapplicable ;
; R3out[14]          ; Inapplicable ; Inapplicable ; Inapplicable ; Inapplicable ; Inapplicable ; Unchecked ; Inapplicable ; Inapplicable ; Unchecked ; Unchecked ; Inapplicable ; Inapplicable ; Inapplicable ; Inapplicable ; Inapplicable ; Inapplicable ; Inapplicable ; Inapplicable ; Inapplicable ; Inapplicable ; Inapplicable ; Inapplicable ; Inapplicable ; Inapplicable ; Inapplicable ; Inapplicable ; Inapplicable ; Inapplicable ;
; R3out[15]          ; Inapplicable ; Inapplicable ; Inapplicable ; Inapplicable ; Inapplicable ; Unchecked ; Inapplicable ; Inapplicable ; Unchecked ; Unchecked ; Inapplicable ; Inapplicable ; Inapplicable ; Inapplicable ; Inapplicable ; Inapplicable ; Inapplicable ; Inapplicable ; Inapplicable ; Inapplicable ; Inapplicable ; Inapplicable ; Inapplicable ; Inapplicable ; Inapplicable ; Inapplicable ; Inapplicable ; Inapplicable ;
; R3out[16]          ; Inapplicable ; Inapplicable ; Inapplicable ; Inapplicable ; Inapplicable ; Unchecked ; Inapplicable ; Inapplicable ; Unchecked ; Unchecked ; Inapplicable ; Inapplicable ; Inapplicable ; Inapplicable ; Inapplicable ; Inapplicable ; Inapplicable ; Inapplicable ; Inapplicable ; Inapplicable ; Inapplicable ; Inapplicable ; Inapplicable ; Inapplicable ; Inapplicable ; Inapplicable ; Inapplicable ; Inapplicable ;
; R3out[17]          ; Inapplicable ; Inapplicable ; Inapplicable ; Inapplicable ; Inapplicable ; Unchecked ; Inapplicable ; Inapplicable ; Unchecked ; Unchecked ; Inapplicable ; Inapplicable ; Inapplicable ; Inapplicable ; Inapplicable ; Inapplicable ; Inapplicable ; Inapplicable ; Inapplicable ; Inapplicable ; Inapplicable ; Inapplicable ; Inapplicable ; Inapplicable ; Inapplicable ; Inapplicable ; Inapplicable ; Inapplicable ;
; R3out[18]          ; Inapplicable ; Inapplicable ; Inapplicable ; Inapplicable ; Inapplicable ; Unchecked ; Inapplicable ; Inapplicable ; Unchecked ; Unchecked ; Inapplicable ; Inapplicable ; Inapplicable ; Inapplicable ; Inapplicable ; Inapplicable ; Inapplicable ; Inapplicable ; Inapplicable ; Inapplicable ; Inapplicable ; Inapplicable ; Inapplicable ; Inapplicable ; Inapplicable ; Inapplicable ; Inapplicable ; Inapplicable ;
; R3out[19]          ; Inapplicable ; Inapplicable ; Inapplicable ; Inapplicable ; Inapplicable ; Unchecked ; Inapplicable ; Inapplicable ; Unchecked ; Unchecked ; Inapplicable ; Inapplicable ; Inapplicable ; Inapplicable ; Inapplicable ; Inapplicable ; Inapplicable ; Inapplicable ; Inapplicable ; Inapplicable ; Inapplicable ; Inapplicable ; Inapplicable ; Inapplicable ; Inapplicable ; Inapplicable ; Inapplicable ; Inapplicable ;
; R3out[20]          ; Inapplicable ; Inapplicable ; Inapplicable ; Inapplicable ; Inapplicable ; Unchecked ; Inapplicable ; Inapplicable ; Unchecked ; Unchecked ; Inapplicable ; Inapplicable ; Inapplicable ; Inapplicable ; Inapplicable ; Inapplicable ; Inapplicable ; Inapplicable ; Inapplicable ; Inapplicable ; Inapplicable ; Inapplicable ; Inapplicable ; Inapplicable ; Inapplicable ; Inapplicable ; Inapplicable ; Inapplicable ;
; R3out[21]          ; Inapplicable ; Inapplicable ; Inapplicable ; Inapplicable ; Inapplicable ; Unchecked ; Inapplicable ; Inapplicable ; Unchecked ; Unchecked ; Inapplicable ; Inapplicable ; Inapplicable ; Inapplicable ; Inapplicable ; Inapplicable ; Inapplicable ; Inapplicable ; Inapplicable ; Inapplicable ; Inapplicable ; Inapplicable ; Inapplicable ; Inapplicable ; Inapplicable ; Inapplicable ; Inapplicable ; Inapplicable ;
; R3out[22]          ; Inapplicable ; Inapplicable ; Inapplicable ; Inapplicable ; Inapplicable ; Unchecked ; Inapplicable ; Inapplicable ; Unchecked ; Unchecked ; Inapplicable ; Inapplicable ; Inapplicable ; Inapplicable ; Inapplicable ; Inapplicable ; Inapplicable ; Inapplicable ; Inapplicable ; Inapplicable ; Inapplicable ; Inapplicable ; Inapplicable ; Inapplicable ; Inapplicable ; Inapplicable ; Inapplicable ; Inapplicable ;
; R3out[23]          ; Inapplicable ; Inapplicable ; Inapplicable ; Inapplicable ; Inapplicable ; Unchecked ; Inapplicable ; Inapplicable ; Unchecked ; Unchecked ; Inapplicable ; Inapplicable ; Inapplicable ; Inapplicable ; Inapplicable ; Inapplicable ; Inapplicable ; Inapplicable ; Inapplicable ; Inapplicable ; Inapplicable ; Inapplicable ; Inapplicable ; Inapplicable ; Inapplicable ; Inapplicable ; Inapplicable ; Inapplicable ;
; R3out[24]          ; Inapplicable ; Inapplicable ; Inapplicable ; Inapplicable ; Inapplicable ; Unchecked ; Inapplicable ; Inapplicable ; Unchecked ; Unchecked ; Inapplicable ; Inapplicable ; Inapplicable ; Inapplicable ; Inapplicable ; Inapplicable ; Inapplicable ; Inapplicable ; Inapplicable ; Inapplicable ; Inapplicable ; Inapplicable ; Inapplicable ; Inapplicable ; Inapplicable ; Inapplicable ; Inapplicable ; Inapplicable ;
; R3out[25]          ; Inapplicable ; Inapplicable ; Inapplicable ; Inapplicable ; Inapplicable ; Unchecked ; Inapplicable ; Inapplicable ; Unchecked ; Unchecked ; Inapplicable ; Inapplicable ; Inapplicable ; Inapplicable ; Inapplicable ; Inapplicable ; Inapplicable ; Inapplicable ; Inapplicable ; Inapplicable ; Inapplicable ; Inapplicable ; Inapplicable ; Inapplicable ; Inapplicable ; Inapplicable ; Inapplicable ; Inapplicable ;
; R3out[26]          ; Inapplicable ; Inapplicable ; Inapplicable ; Inapplicable ; Inapplicable ; Unchecked ; Inapplicable ; Inapplicable ; Unchecked ; Unchecked ; Inapplicable ; Inapplicable ; Inapplicable ; Inapplicable ; Inapplicable ; Inapplicable ; Inapplicable ; Inapplicable ; Inapplicable ; Inapplicable ; Inapplicable ; Inapplicable ; Inapplicable ; Inapplicable ; Inapplicable ; Inapplicable ; Inapplicable ; Inapplicable ;
; R3out[27]          ; Inapplicable ; Inapplicable ; Inapplicable ; Inapplicable ; Inapplicable ; Unchecked ; Inapplicable ; Inapplicable ; Unchecked ; Unchecked ; Inapplicable ; Inapplicable ; Inapplicable ; Inapplicable ; Inapplicable ; Inapplicable ; Inapplicable ; Inapplicable ; Inapplicable ; Inapplicable ; Inapplicable ; Inapplicable ; Inapplicable ; Inapplicable ; Inapplicable ; Inapplicable ; Inapplicable ; Inapplicable ;
; R3out[28]          ; Inapplicable ; Inapplicable ; Inapplicable ; Inapplicable ; Inapplicable ; Unchecked ; Inapplicable ; Inapplicable ; Unchecked ; Unchecked ; Inapplicable ; Inapplicable ; Inapplicable ; Inapplicable ; Inapplicable ; Inapplicable ; Inapplicable ; Inapplicable ; Inapplicable ; Inapplicable ; Inapplicable ; Inapplicable ; Inapplicable ; Inapplicable ; Inapplicable ; Inapplicable ; Inapplicable ; Inapplicable ;
; R3out[29]          ; Inapplicable ; Inapplicable ; Inapplicable ; Inapplicable ; Inapplicable ; Unchecked ; Inapplicable ; Inapplicable ; Unchecked ; Unchecked ; Inapplicable ; Inapplicable ; Inapplicable ; Inapplicable ; Inapplicable ; Inapplicable ; Inapplicable ; Inapplicable ; Inapplicable ; Inapplicable ; Inapplicable ; Inapplicable ; Inapplicable ; Inapplicable ; Inapplicable ; Inapplicable ; Inapplicable ; Inapplicable ;
; R3out[30]          ; Inapplicable ; Inapplicable ; Inapplicable ; Inapplicable ; Inapplicable ; Unchecked ; Inapplicable ; Inapplicable ; Unchecked ; Unchecked ; Inapplicable ; Inapplicable ; Inapplicable ; Inapplicable ; Inapplicable ; Inapplicable ; Inapplicable ; Inapplicable ; Inapplicable ; Inapplicable ; Inapplicable ; Inapplicable ; Inapplicable ; Inapplicable ; Inapplicable ; Inapplicable ; Inapplicable ; Inapplicable ;
; R3out[31]          ; Inapplicable ; Inapplicable ; Inapplicable ; Inapplicable ; Inapplicable ; Unchecked ; Inapplicable ; Inapplicable ; Unchecked ; Unchecked ; Inapplicable ; Inapplicable ; Inapplicable ; Inapplicable ; Inapplicable ; Inapplicable ; Inapplicable ; Inapplicable ; Inapplicable ; Inapplicable ; Inapplicable ; Inapplicable ; Inapplicable ; Inapplicable ; Inapplicable ; Inapplicable ; Inapplicable ; Inapplicable ;
; R4out[0]           ; Inapplicable ; Inapplicable ; Inapplicable ; Inapplicable ; Inapplicable ; Unchecked ; Inapplicable ; Inapplicable ; Unchecked ; Unchecked ; Inapplicable ; Inapplicable ; Inapplicable ; Inapplicable ; Inapplicable ; Inapplicable ; Inapplicable ; Inapplicable ; Inapplicable ; Inapplicable ; Inapplicable ; Inapplicable ; Inapplicable ; Inapplicable ; Inapplicable ; Inapplicable ; Inapplicable ; Inapplicable ;
; R4out[1]           ; Inapplicable ; Inapplicable ; Inapplicable ; Inapplicable ; Inapplicable ; Unchecked ; Inapplicable ; Inapplicable ; Unchecked ; Unchecked ; Inapplicable ; Inapplicable ; Inapplicable ; Inapplicable ; Inapplicable ; Inapplicable ; Inapplicable ; Inapplicable ; Inapplicable ; Inapplicable ; Inapplicable ; Inapplicable ; Inapplicable ; Inapplicable ; Inapplicable ; Inapplicable ; Inapplicable ; Inapplicable ;
; R4out[2]           ; Inapplicable ; Inapplicable ; Inapplicable ; Inapplicable ; Inapplicable ; Unchecked ; Inapplicable ; Inapplicable ; Unchecked ; Unchecked ; Inapplicable ; Inapplicable ; Inapplicable ; Inapplicable ; Inapplicable ; Inapplicable ; Inapplicable ; Inapplicable ; Inapplicable ; Inapplicable ; Inapplicable ; Inapplicable ; Inapplicable ; Inapplicable ; Inapplicable ; Inapplicable ; Inapplicable ; Inapplicable ;
; R4out[3]           ; Inapplicable ; Inapplicable ; Inapplicable ; Inapplicable ; Inapplicable ; Unchecked ; Inapplicable ; Inapplicable ; Unchecked ; Unchecked ; Inapplicable ; Inapplicable ; Inapplicable ; Inapplicable ; Inapplicable ; Inapplicable ; Inapplicable ; Inapplicable ; Inapplicable ; Inapplicable ; Inapplicable ; Inapplicable ; Inapplicable ; Inapplicable ; Inapplicable ; Inapplicable ; Inapplicable ; Inapplicable ;
; R4out[4]           ; Inapplicable ; Inapplicable ; Inapplicable ; Inapplicable ; Inapplicable ; Unchecked ; Inapplicable ; Inapplicable ; Unchecked ; Unchecked ; Inapplicable ; Inapplicable ; Inapplicable ; Inapplicable ; Inapplicable ; Inapplicable ; Inapplicable ; Inapplicable ; Inapplicable ; Inapplicable ; Inapplicable ; Inapplicable ; Inapplicable ; Inapplicable ; Inapplicable ; Inapplicable ; Inapplicable ; Inapplicable ;
; R4out[5]           ; Inapplicable ; Inapplicable ; Inapplicable ; Inapplicable ; Inapplicable ; Unchecked ; Inapplicable ; Inapplicable ; Unchecked ; Unchecked ; Inapplicable ; Inapplicable ; Inapplicable ; Inapplicable ; Inapplicable ; Inapplicable ; Inapplicable ; Inapplicable ; Inapplicable ; Inapplicable ; Inapplicable ; Inapplicable ; Inapplicable ; Inapplicable ; Inapplicable ; Inapplicable ; Inapplicable ; Inapplicable ;
; R4out[6]           ; Inapplicable ; Inapplicable ; Inapplicable ; Inapplicable ; Inapplicable ; Unchecked ; Inapplicable ; Inapplicable ; Unchecked ; Unchecked ; Inapplicable ; Inapplicable ; Inapplicable ; Inapplicable ; Inapplicable ; Inapplicable ; Inapplicable ; Inapplicable ; Inapplicable ; Inapplicable ; Inapplicable ; Inapplicable ; Inapplicable ; Inapplicable ; Inapplicable ; Inapplicable ; Inapplicable ; Inapplicable ;
; R4out[7]           ; Inapplicable ; Inapplicable ; Inapplicable ; Inapplicable ; Inapplicable ; Unchecked ; Inapplicable ; Inapplicable ; Unchecked ; Unchecked ; Inapplicable ; Inapplicable ; Inapplicable ; Inapplicable ; Inapplicable ; Inapplicable ; Inapplicable ; Inapplicable ; Inapplicable ; Inapplicable ; Inapplicable ; Inapplicable ; Inapplicable ; Inapplicable ; Inapplicable ; Inapplicable ; Inapplicable ; Inapplicable ;
; R4out[8]           ; Inapplicable ; Inapplicable ; Inapplicable ; Inapplicable ; Inapplicable ; Unchecked ; Inapplicable ; Inapplicable ; Unchecked ; Unchecked ; Inapplicable ; Inapplicable ; Inapplicable ; Inapplicable ; Inapplicable ; Inapplicable ; Inapplicable ; Inapplicable ; Inapplicable ; Inapplicable ; Inapplicable ; Inapplicable ; Inapplicable ; Inapplicable ; Inapplicable ; Inapplicable ; Inapplicable ; Inapplicable ;
; R4out[9]           ; Inapplicable ; Inapplicable ; Inapplicable ; Inapplicable ; Inapplicable ; Unchecked ; Inapplicable ; Inapplicable ; Unchecked ; Unchecked ; Inapplicable ; Inapplicable ; Inapplicable ; Inapplicable ; Inapplicable ; Inapplicable ; Inapplicable ; Inapplicable ; Inapplicable ; Inapplicable ; Inapplicable ; Inapplicable ; Inapplicable ; Inapplicable ; Inapplicable ; Inapplicable ; Inapplicable ; Inapplicable ;
; R4out[10]          ; Inapplicable ; Inapplicable ; Inapplicable ; Inapplicable ; Inapplicable ; Unchecked ; Inapplicable ; Inapplicable ; Unchecked ; Unchecked ; Inapplicable ; Inapplicable ; Inapplicable ; Inapplicable ; Inapplicable ; Inapplicable ; Inapplicable ; Inapplicable ; Inapplicable ; Inapplicable ; Inapplicable ; Inapplicable ; Inapplicable ; Inapplicable ; Inapplicable ; Inapplicable ; Inapplicable ; Inapplicable ;
; R4out[11]          ; Inapplicable ; Inapplicable ; Inapplicable ; Inapplicable ; Inapplicable ; Unchecked ; Inapplicable ; Inapplicable ; Unchecked ; Unchecked ; Inapplicable ; Inapplicable ; Inapplicable ; Inapplicable ; Inapplicable ; Inapplicable ; Inapplicable ; Inapplicable ; Inapplicable ; Inapplicable ; Inapplicable ; Inapplicable ; Inapplicable ; Inapplicable ; Inapplicable ; Inapplicable ; Inapplicable ; Inapplicable ;
; R4out[12]          ; Inapplicable ; Inapplicable ; Inapplicable ; Inapplicable ; Inapplicable ; Unchecked ; Inapplicable ; Inapplicable ; Unchecked ; Unchecked ; Inapplicable ; Inapplicable ; Inapplicable ; Inapplicable ; Inapplicable ; Inapplicable ; Inapplicable ; Inapplicable ; Inapplicable ; Inapplicable ; Inapplicable ; Inapplicable ; Inapplicable ; Inapplicable ; Inapplicable ; Inapplicable ; Inapplicable ; Inapplicable ;
; R4out[13]          ; Inapplicable ; Inapplicable ; Inapplicable ; Inapplicable ; Inapplicable ; Unchecked ; Inapplicable ; Inapplicable ; Unchecked ; Unchecked ; Inapplicable ; Inapplicable ; Inapplicable ; Inapplicable ; Inapplicable ; Inapplicable ; Inapplicable ; Inapplicable ; Inapplicable ; Inapplicable ; Inapplicable ; Inapplicable ; Inapplicable ; Inapplicable ; Inapplicable ; Inapplicable ; Inapplicable ; Inapplicable ;
; R4out[14]          ; Inapplicable ; Inapplicable ; Inapplicable ; Inapplicable ; Inapplicable ; Unchecked ; Inapplicable ; Inapplicable ; Unchecked ; Unchecked ; Inapplicable ; Inapplicable ; Inapplicable ; Inapplicable ; Inapplicable ; Inapplicable ; Inapplicable ; Inapplicable ; Inapplicable ; Inapplicable ; Inapplicable ; Inapplicable ; Inapplicable ; Inapplicable ; Inapplicable ; Inapplicable ; Inapplicable ; Inapplicable ;
; R4out[15]          ; Inapplicable ; Inapplicable ; Inapplicable ; Inapplicable ; Inapplicable ; Unchecked ; Inapplicable ; Inapplicable ; Unchecked ; Unchecked ; Inapplicable ; Inapplicable ; Inapplicable ; Inapplicable ; Inapplicable ; Inapplicable ; Inapplicable ; Inapplicable ; Inapplicable ; Inapplicable ; Inapplicable ; Inapplicable ; Inapplicable ; Inapplicable ; Inapplicable ; Inapplicable ; Inapplicable ; Inapplicable ;
; R4out[16]          ; Inapplicable ; Inapplicable ; Inapplicable ; Inapplicable ; Inapplicable ; Unchecked ; Inapplicable ; Inapplicable ; Unchecked ; Unchecked ; Inapplicable ; Inapplicable ; Inapplicable ; Inapplicable ; Inapplicable ; Inapplicable ; Inapplicable ; Inapplicable ; Inapplicable ; Inapplicable ; Inapplicable ; Inapplicable ; Inapplicable ; Inapplicable ; Inapplicable ; Inapplicable ; Inapplicable ; Inapplicable ;
; R4out[17]          ; Inapplicable ; Inapplicable ; Inapplicable ; Inapplicable ; Inapplicable ; Unchecked ; Inapplicable ; Inapplicable ; Unchecked ; Unchecked ; Inapplicable ; Inapplicable ; Inapplicable ; Inapplicable ; Inapplicable ; Inapplicable ; Inapplicable ; Inapplicable ; Inapplicable ; Inapplicable ; Inapplicable ; Inapplicable ; Inapplicable ; Inapplicable ; Inapplicable ; Inapplicable ; Inapplicable ; Inapplicable ;
; R4out[18]          ; Inapplicable ; Inapplicable ; Inapplicable ; Inapplicable ; Inapplicable ; Unchecked ; Inapplicable ; Inapplicable ; Unchecked ; Unchecked ; Inapplicable ; Inapplicable ; Inapplicable ; Inapplicable ; Inapplicable ; Inapplicable ; Inapplicable ; Inapplicable ; Inapplicable ; Inapplicable ; Inapplicable ; Inapplicable ; Inapplicable ; Inapplicable ; Inapplicable ; Inapplicable ; Inapplicable ; Inapplicable ;
; R4out[19]          ; Inapplicable ; Inapplicable ; Inapplicable ; Inapplicable ; Inapplicable ; Unchecked ; Inapplicable ; Inapplicable ; Unchecked ; Unchecked ; Inapplicable ; Inapplicable ; Inapplicable ; Inapplicable ; Inapplicable ; Inapplicable ; Inapplicable ; Inapplicable ; Inapplicable ; Inapplicable ; Inapplicable ; Inapplicable ; Inapplicable ; Inapplicable ; Inapplicable ; Inapplicable ; Inapplicable ; Inapplicable ;
; R4out[20]          ; Inapplicable ; Inapplicable ; Inapplicable ; Inapplicable ; Inapplicable ; Unchecked ; Inapplicable ; Inapplicable ; Unchecked ; Unchecked ; Inapplicable ; Inapplicable ; Inapplicable ; Inapplicable ; Inapplicable ; Inapplicable ; Inapplicable ; Inapplicable ; Inapplicable ; Inapplicable ; Inapplicable ; Inapplicable ; Inapplicable ; Inapplicable ; Inapplicable ; Inapplicable ; Inapplicable ; Inapplicable ;
; R4out[21]          ; Inapplicable ; Inapplicable ; Inapplicable ; Inapplicable ; Inapplicable ; Unchecked ; Inapplicable ; Inapplicable ; Unchecked ; Unchecked ; Inapplicable ; Inapplicable ; Inapplicable ; Inapplicable ; Inapplicable ; Inapplicable ; Inapplicable ; Inapplicable ; Inapplicable ; Inapplicable ; Inapplicable ; Inapplicable ; Inapplicable ; Inapplicable ; Inapplicable ; Inapplicable ; Inapplicable ; Inapplicable ;
; R4out[22]          ; Inapplicable ; Inapplicable ; Inapplicable ; Inapplicable ; Inapplicable ; Unchecked ; Inapplicable ; Inapplicable ; Unchecked ; Unchecked ; Inapplicable ; Inapplicable ; Inapplicable ; Inapplicable ; Inapplicable ; Inapplicable ; Inapplicable ; Inapplicable ; Inapplicable ; Inapplicable ; Inapplicable ; Inapplicable ; Inapplicable ; Inapplicable ; Inapplicable ; Inapplicable ; Inapplicable ; Inapplicable ;
; R4out[23]          ; Inapplicable ; Inapplicable ; Inapplicable ; Inapplicable ; Inapplicable ; Unchecked ; Inapplicable ; Inapplicable ; Unchecked ; Unchecked ; Inapplicable ; Inapplicable ; Inapplicable ; Inapplicable ; Inapplicable ; Inapplicable ; Inapplicable ; Inapplicable ; Inapplicable ; Inapplicable ; Inapplicable ; Inapplicable ; Inapplicable ; Inapplicable ; Inapplicable ; Inapplicable ; Inapplicable ; Inapplicable ;
; R4out[24]          ; Inapplicable ; Inapplicable ; Inapplicable ; Inapplicable ; Inapplicable ; Unchecked ; Inapplicable ; Inapplicable ; Unchecked ; Unchecked ; Inapplicable ; Inapplicable ; Inapplicable ; Inapplicable ; Inapplicable ; Inapplicable ; Inapplicable ; Inapplicable ; Inapplicable ; Inapplicable ; Inapplicable ; Inapplicable ; Inapplicable ; Inapplicable ; Inapplicable ; Inapplicable ; Inapplicable ; Inapplicable ;
; R4out[25]          ; Inapplicable ; Inapplicable ; Inapplicable ; Inapplicable ; Inapplicable ; Unchecked ; Inapplicable ; Inapplicable ; Unchecked ; Unchecked ; Inapplicable ; Inapplicable ; Inapplicable ; Inapplicable ; Inapplicable ; Inapplicable ; Inapplicable ; Inapplicable ; Inapplicable ; Inapplicable ; Inapplicable ; Inapplicable ; Inapplicable ; Inapplicable ; Inapplicable ; Inapplicable ; Inapplicable ; Inapplicable ;
; R4out[26]          ; Inapplicable ; Inapplicable ; Inapplicable ; Inapplicable ; Inapplicable ; Unchecked ; Inapplicable ; Inapplicable ; Unchecked ; Unchecked ; Inapplicable ; Inapplicable ; Inapplicable ; Inapplicable ; Inapplicable ; Inapplicable ; Inapplicable ; Inapplicable ; Inapplicable ; Inapplicable ; Inapplicable ; Inapplicable ; Inapplicable ; Inapplicable ; Inapplicable ; Inapplicable ; Inapplicable ; Inapplicable ;
; R4out[27]          ; Inapplicable ; Inapplicable ; Inapplicable ; Inapplicable ; Inapplicable ; Unchecked ; Inapplicable ; Inapplicable ; Unchecked ; Unchecked ; Inapplicable ; Inapplicable ; Inapplicable ; Inapplicable ; Inapplicable ; Inapplicable ; Inapplicable ; Inapplicable ; Inapplicable ; Inapplicable ; Inapplicable ; Inapplicable ; Inapplicable ; Inapplicable ; Inapplicable ; Inapplicable ; Inapplicable ; Inapplicable ;
; R4out[28]          ; Inapplicable ; Inapplicable ; Inapplicable ; Inapplicable ; Inapplicable ; Unchecked ; Inapplicable ; Inapplicable ; Unchecked ; Unchecked ; Inapplicable ; Inapplicable ; Inapplicable ; Inapplicable ; Inapplicable ; Inapplicable ; Inapplicable ; Inapplicable ; Inapplicable ; Inapplicable ; Inapplicable ; Inapplicable ; Inapplicable ; Inapplicable ; Inapplicable ; Inapplicable ; Inapplicable ; Inapplicable ;
; R4out[29]          ; Inapplicable ; Inapplicable ; Inapplicable ; Inapplicable ; Inapplicable ; Unchecked ; Inapplicable ; Inapplicable ; Unchecked ; Unchecked ; Inapplicable ; Inapplicable ; Inapplicable ; Inapplicable ; Inapplicable ; Inapplicable ; Inapplicable ; Inapplicable ; Inapplicable ; Inapplicable ; Inapplicable ; Inapplicable ; Inapplicable ; Inapplicable ; Inapplicable ; Inapplicable ; Inapplicable ; Inapplicable ;
; R4out[30]          ; Inapplicable ; Inapplicable ; Inapplicable ; Inapplicable ; Inapplicable ; Unchecked ; Inapplicable ; Inapplicable ; Unchecked ; Unchecked ; Inapplicable ; Inapplicable ; Inapplicable ; Inapplicable ; Inapplicable ; Inapplicable ; Inapplicable ; Inapplicable ; Inapplicable ; Inapplicable ; Inapplicable ; Inapplicable ; Inapplicable ; Inapplicable ; Inapplicable ; Inapplicable ; Inapplicable ; Inapplicable ;
; R4out[31]          ; Inapplicable ; Inapplicable ; Inapplicable ; Inapplicable ; Inapplicable ; Unchecked ; Inapplicable ; Inapplicable ; Unchecked ; Unchecked ; Inapplicable ; Inapplicable ; Inapplicable ; Inapplicable ; Inapplicable ; Inapplicable ; Inapplicable ; Inapplicable ; Inapplicable ; Inapplicable ; Inapplicable ; Inapplicable ; Inapplicable ; Inapplicable ; Inapplicable ; Inapplicable ; Inapplicable ; Inapplicable ;
; R5out[0]           ; Inapplicable ; Inapplicable ; Inapplicable ; Inapplicable ; Inapplicable ; Unchecked ; Inapplicable ; Inapplicable ; Unchecked ; Unchecked ; Inapplicable ; Inapplicable ; Inapplicable ; Inapplicable ; Inapplicable ; Inapplicable ; Inapplicable ; Inapplicable ; Inapplicable ; Inapplicable ; Inapplicable ; Inapplicable ; Inapplicable ; Inapplicable ; Inapplicable ; Inapplicable ; Inapplicable ; Inapplicable ;
; R5out[1]           ; Inapplicable ; Inapplicable ; Inapplicable ; Inapplicable ; Inapplicable ; Unchecked ; Inapplicable ; Inapplicable ; Unchecked ; Unchecked ; Inapplicable ; Inapplicable ; Inapplicable ; Inapplicable ; Inapplicable ; Inapplicable ; Inapplicable ; Inapplicable ; Inapplicable ; Inapplicable ; Inapplicable ; Inapplicable ; Inapplicable ; Inapplicable ; Inapplicable ; Inapplicable ; Inapplicable ; Inapplicable ;
; R5out[2]           ; Inapplicable ; Inapplicable ; Inapplicable ; Inapplicable ; Inapplicable ; Unchecked ; Inapplicable ; Inapplicable ; Unchecked ; Unchecked ; Inapplicable ; Inapplicable ; Inapplicable ; Inapplicable ; Inapplicable ; Inapplicable ; Inapplicable ; Inapplicable ; Inapplicable ; Inapplicable ; Inapplicable ; Inapplicable ; Inapplicable ; Inapplicable ; Inapplicable ; Inapplicable ; Inapplicable ; Inapplicable ;
; R5out[3]           ; Inapplicable ; Inapplicable ; Inapplicable ; Inapplicable ; Inapplicable ; Unchecked ; Inapplicable ; Inapplicable ; Unchecked ; Unchecked ; Inapplicable ; Inapplicable ; Inapplicable ; Inapplicable ; Inapplicable ; Inapplicable ; Inapplicable ; Inapplicable ; Inapplicable ; Inapplicable ; Inapplicable ; Inapplicable ; Inapplicable ; Inapplicable ; Inapplicable ; Inapplicable ; Inapplicable ; Inapplicable ;
; R5out[4]           ; Inapplicable ; Inapplicable ; Inapplicable ; Inapplicable ; Inapplicable ; Unchecked ; Inapplicable ; Inapplicable ; Unchecked ; Unchecked ; Inapplicable ; Inapplicable ; Inapplicable ; Inapplicable ; Inapplicable ; Inapplicable ; Inapplicable ; Inapplicable ; Inapplicable ; Inapplicable ; Inapplicable ; Inapplicable ; Inapplicable ; Inapplicable ; Inapplicable ; Inapplicable ; Inapplicable ; Inapplicable ;
; R5out[5]           ; Inapplicable ; Inapplicable ; Inapplicable ; Inapplicable ; Inapplicable ; Unchecked ; Inapplicable ; Inapplicable ; Unchecked ; Unchecked ; Inapplicable ; Inapplicable ; Inapplicable ; Inapplicable ; Inapplicable ; Inapplicable ; Inapplicable ; Inapplicable ; Inapplicable ; Inapplicable ; Inapplicable ; Inapplicable ; Inapplicable ; Inapplicable ; Inapplicable ; Inapplicable ; Inapplicable ; Inapplicable ;
; R5out[6]           ; Inapplicable ; Inapplicable ; Inapplicable ; Inapplicable ; Inapplicable ; Unchecked ; Inapplicable ; Inapplicable ; Unchecked ; Unchecked ; Inapplicable ; Inapplicable ; Inapplicable ; Inapplicable ; Inapplicable ; Inapplicable ; Inapplicable ; Inapplicable ; Inapplicable ; Inapplicable ; Inapplicable ; Inapplicable ; Inapplicable ; Inapplicable ; Inapplicable ; Inapplicable ; Inapplicable ; Inapplicable ;
; R5out[7]           ; Inapplicable ; Inapplicable ; Inapplicable ; Inapplicable ; Inapplicable ; Unchecked ; Inapplicable ; Inapplicable ; Unchecked ; Unchecked ; Inapplicable ; Inapplicable ; Inapplicable ; Inapplicable ; Inapplicable ; Inapplicable ; Inapplicable ; Inapplicable ; Inapplicable ; Inapplicable ; Inapplicable ; Inapplicable ; Inapplicable ; Inapplicable ; Inapplicable ; Inapplicable ; Inapplicable ; Inapplicable ;
; R5out[8]           ; Inapplicable ; Inapplicable ; Inapplicable ; Inapplicable ; Inapplicable ; Unchecked ; Inapplicable ; Inapplicable ; Unchecked ; Unchecked ; Inapplicable ; Inapplicable ; Inapplicable ; Inapplicable ; Inapplicable ; Inapplicable ; Inapplicable ; Inapplicable ; Inapplicable ; Inapplicable ; Inapplicable ; Inapplicable ; Inapplicable ; Inapplicable ; Inapplicable ; Inapplicable ; Inapplicable ; Inapplicable ;
; R5out[9]           ; Inapplicable ; Inapplicable ; Inapplicable ; Inapplicable ; Inapplicable ; Unchecked ; Inapplicable ; Inapplicable ; Unchecked ; Unchecked ; Inapplicable ; Inapplicable ; Inapplicable ; Inapplicable ; Inapplicable ; Inapplicable ; Inapplicable ; Inapplicable ; Inapplicable ; Inapplicable ; Inapplicable ; Inapplicable ; Inapplicable ; Inapplicable ; Inapplicable ; Inapplicable ; Inapplicable ; Inapplicable ;
; R5out[10]          ; Inapplicable ; Inapplicable ; Inapplicable ; Inapplicable ; Inapplicable ; Unchecked ; Inapplicable ; Inapplicable ; Unchecked ; Unchecked ; Inapplicable ; Inapplicable ; Inapplicable ; Inapplicable ; Inapplicable ; Inapplicable ; Inapplicable ; Inapplicable ; Inapplicable ; Inapplicable ; Inapplicable ; Inapplicable ; Inapplicable ; Inapplicable ; Inapplicable ; Inapplicable ; Inapplicable ; Inapplicable ;
; R5out[11]          ; Inapplicable ; Inapplicable ; Inapplicable ; Inapplicable ; Inapplicable ; Unchecked ; Inapplicable ; Inapplicable ; Unchecked ; Unchecked ; Inapplicable ; Inapplicable ; Inapplicable ; Inapplicable ; Inapplicable ; Inapplicable ; Inapplicable ; Inapplicable ; Inapplicable ; Inapplicable ; Inapplicable ; Inapplicable ; Inapplicable ; Inapplicable ; Inapplicable ; Inapplicable ; Inapplicable ; Inapplicable ;
; R5out[12]          ; Inapplicable ; Inapplicable ; Inapplicable ; Inapplicable ; Inapplicable ; Unchecked ; Inapplicable ; Inapplicable ; Unchecked ; Unchecked ; Inapplicable ; Inapplicable ; Inapplicable ; Inapplicable ; Inapplicable ; Inapplicable ; Inapplicable ; Inapplicable ; Inapplicable ; Inapplicable ; Inapplicable ; Inapplicable ; Inapplicable ; Inapplicable ; Inapplicable ; Inapplicable ; Inapplicable ; Inapplicable ;
; R5out[13]          ; Inapplicable ; Inapplicable ; Inapplicable ; Inapplicable ; Inapplicable ; Unchecked ; Inapplicable ; Inapplicable ; Unchecked ; Unchecked ; Inapplicable ; Inapplicable ; Inapplicable ; Inapplicable ; Inapplicable ; Inapplicable ; Inapplicable ; Inapplicable ; Inapplicable ; Inapplicable ; Inapplicable ; Inapplicable ; Inapplicable ; Inapplicable ; Inapplicable ; Inapplicable ; Inapplicable ; Inapplicable ;
; R5out[14]          ; Inapplicable ; Inapplicable ; Inapplicable ; Inapplicable ; Inapplicable ; Unchecked ; Inapplicable ; Inapplicable ; Unchecked ; Unchecked ; Inapplicable ; Inapplicable ; Inapplicable ; Inapplicable ; Inapplicable ; Inapplicable ; Inapplicable ; Inapplicable ; Inapplicable ; Inapplicable ; Inapplicable ; Inapplicable ; Inapplicable ; Inapplicable ; Inapplicable ; Inapplicable ; Inapplicable ; Inapplicable ;
; R5out[15]          ; Inapplicable ; Inapplicable ; Inapplicable ; Inapplicable ; Inapplicable ; Unchecked ; Inapplicable ; Inapplicable ; Unchecked ; Unchecked ; Inapplicable ; Inapplicable ; Inapplicable ; Inapplicable ; Inapplicable ; Inapplicable ; Inapplicable ; Inapplicable ; Inapplicable ; Inapplicable ; Inapplicable ; Inapplicable ; Inapplicable ; Inapplicable ; Inapplicable ; Inapplicable ; Inapplicable ; Inapplicable ;
; R5out[16]          ; Inapplicable ; Inapplicable ; Inapplicable ; Inapplicable ; Inapplicable ; Unchecked ; Inapplicable ; Inapplicable ; Unchecked ; Unchecked ; Inapplicable ; Inapplicable ; Inapplicable ; Inapplicable ; Inapplicable ; Inapplicable ; Inapplicable ; Inapplicable ; Inapplicable ; Inapplicable ; Inapplicable ; Inapplicable ; Inapplicable ; Inapplicable ; Inapplicable ; Inapplicable ; Inapplicable ; Inapplicable ;
; R5out[17]          ; Inapplicable ; Inapplicable ; Inapplicable ; Inapplicable ; Inapplicable ; Unchecked ; Inapplicable ; Inapplicable ; Unchecked ; Unchecked ; Inapplicable ; Inapplicable ; Inapplicable ; Inapplicable ; Inapplicable ; Inapplicable ; Inapplicable ; Inapplicable ; Inapplicable ; Inapplicable ; Inapplicable ; Inapplicable ; Inapplicable ; Inapplicable ; Inapplicable ; Inapplicable ; Inapplicable ; Inapplicable ;
; R5out[18]          ; Inapplicable ; Inapplicable ; Inapplicable ; Inapplicable ; Inapplicable ; Unchecked ; Inapplicable ; Inapplicable ; Unchecked ; Unchecked ; Inapplicable ; Inapplicable ; Inapplicable ; Inapplicable ; Inapplicable ; Inapplicable ; Inapplicable ; Inapplicable ; Inapplicable ; Inapplicable ; Inapplicable ; Inapplicable ; Inapplicable ; Inapplicable ; Inapplicable ; Inapplicable ; Inapplicable ; Inapplicable ;
; R5out[19]          ; Inapplicable ; Inapplicable ; Inapplicable ; Inapplicable ; Inapplicable ; Unchecked ; Inapplicable ; Inapplicable ; Unchecked ; Unchecked ; Inapplicable ; Inapplicable ; Inapplicable ; Inapplicable ; Inapplicable ; Inapplicable ; Inapplicable ; Inapplicable ; Inapplicable ; Inapplicable ; Inapplicable ; Inapplicable ; Inapplicable ; Inapplicable ; Inapplicable ; Inapplicable ; Inapplicable ; Inapplicable ;
; R5out[20]          ; Inapplicable ; Inapplicable ; Inapplicable ; Inapplicable ; Inapplicable ; Unchecked ; Inapplicable ; Inapplicable ; Unchecked ; Unchecked ; Inapplicable ; Inapplicable ; Inapplicable ; Inapplicable ; Inapplicable ; Inapplicable ; Inapplicable ; Inapplicable ; Inapplicable ; Inapplicable ; Inapplicable ; Inapplicable ; Inapplicable ; Inapplicable ; Inapplicable ; Inapplicable ; Inapplicable ; Inapplicable ;
; R5out[21]          ; Inapplicable ; Inapplicable ; Inapplicable ; Inapplicable ; Inapplicable ; Unchecked ; Inapplicable ; Inapplicable ; Unchecked ; Unchecked ; Inapplicable ; Inapplicable ; Inapplicable ; Inapplicable ; Inapplicable ; Inapplicable ; Inapplicable ; Inapplicable ; Inapplicable ; Inapplicable ; Inapplicable ; Inapplicable ; Inapplicable ; Inapplicable ; Inapplicable ; Inapplicable ; Inapplicable ; Inapplicable ;
; R5out[22]          ; Inapplicable ; Inapplicable ; Inapplicable ; Inapplicable ; Inapplicable ; Unchecked ; Inapplicable ; Inapplicable ; Unchecked ; Unchecked ; Inapplicable ; Inapplicable ; Inapplicable ; Inapplicable ; Inapplicable ; Inapplicable ; Inapplicable ; Inapplicable ; Inapplicable ; Inapplicable ; Inapplicable ; Inapplicable ; Inapplicable ; Inapplicable ; Inapplicable ; Inapplicable ; Inapplicable ; Inapplicable ;
; R5out[23]          ; Inapplicable ; Inapplicable ; Inapplicable ; Inapplicable ; Inapplicable ; Unchecked ; Inapplicable ; Inapplicable ; Unchecked ; Unchecked ; Inapplicable ; Inapplicable ; Inapplicable ; Inapplicable ; Inapplicable ; Inapplicable ; Inapplicable ; Inapplicable ; Inapplicable ; Inapplicable ; Inapplicable ; Inapplicable ; Inapplicable ; Inapplicable ; Inapplicable ; Inapplicable ; Inapplicable ; Inapplicable ;
; R5out[24]          ; Inapplicable ; Inapplicable ; Inapplicable ; Inapplicable ; Inapplicable ; Unchecked ; Inapplicable ; Inapplicable ; Unchecked ; Unchecked ; Inapplicable ; Inapplicable ; Inapplicable ; Inapplicable ; Inapplicable ; Inapplicable ; Inapplicable ; Inapplicable ; Inapplicable ; Inapplicable ; Inapplicable ; Inapplicable ; Inapplicable ; Inapplicable ; Inapplicable ; Inapplicable ; Inapplicable ; Inapplicable ;
; R5out[25]          ; Inapplicable ; Inapplicable ; Inapplicable ; Inapplicable ; Inapplicable ; Unchecked ; Inapplicable ; Inapplicable ; Unchecked ; Unchecked ; Inapplicable ; Inapplicable ; Inapplicable ; Inapplicable ; Inapplicable ; Inapplicable ; Inapplicable ; Inapplicable ; Inapplicable ; Inapplicable ; Inapplicable ; Inapplicable ; Inapplicable ; Inapplicable ; Inapplicable ; Inapplicable ; Inapplicable ; Inapplicable ;
; R5out[26]          ; Inapplicable ; Inapplicable ; Inapplicable ; Inapplicable ; Inapplicable ; Unchecked ; Inapplicable ; Inapplicable ; Unchecked ; Unchecked ; Inapplicable ; Inapplicable ; Inapplicable ; Inapplicable ; Inapplicable ; Inapplicable ; Inapplicable ; Inapplicable ; Inapplicable ; Inapplicable ; Inapplicable ; Inapplicable ; Inapplicable ; Inapplicable ; Inapplicable ; Inapplicable ; Inapplicable ; Inapplicable ;
; R5out[27]          ; Inapplicable ; Inapplicable ; Inapplicable ; Inapplicable ; Inapplicable ; Unchecked ; Inapplicable ; Inapplicable ; Unchecked ; Unchecked ; Inapplicable ; Inapplicable ; Inapplicable ; Inapplicable ; Inapplicable ; Inapplicable ; Inapplicable ; Inapplicable ; Inapplicable ; Inapplicable ; Inapplicable ; Inapplicable ; Inapplicable ; Inapplicable ; Inapplicable ; Inapplicable ; Inapplicable ; Inapplicable ;
; R5out[28]          ; Inapplicable ; Inapplicable ; Inapplicable ; Inapplicable ; Inapplicable ; Unchecked ; Inapplicable ; Inapplicable ; Unchecked ; Unchecked ; Inapplicable ; Inapplicable ; Inapplicable ; Inapplicable ; Inapplicable ; Inapplicable ; Inapplicable ; Inapplicable ; Inapplicable ; Inapplicable ; Inapplicable ; Inapplicable ; Inapplicable ; Inapplicable ; Inapplicable ; Inapplicable ; Inapplicable ; Inapplicable ;
; R5out[29]          ; Inapplicable ; Inapplicable ; Inapplicable ; Inapplicable ; Inapplicable ; Unchecked ; Inapplicable ; Inapplicable ; Unchecked ; Unchecked ; Inapplicable ; Inapplicable ; Inapplicable ; Inapplicable ; Inapplicable ; Inapplicable ; Inapplicable ; Inapplicable ; Inapplicable ; Inapplicable ; Inapplicable ; Inapplicable ; Inapplicable ; Inapplicable ; Inapplicable ; Inapplicable ; Inapplicable ; Inapplicable ;
; R5out[30]          ; Inapplicable ; Inapplicable ; Inapplicable ; Inapplicable ; Inapplicable ; Unchecked ; Inapplicable ; Inapplicable ; Unchecked ; Unchecked ; Inapplicable ; Inapplicable ; Inapplicable ; Inapplicable ; Inapplicable ; Inapplicable ; Inapplicable ; Inapplicable ; Inapplicable ; Inapplicable ; Inapplicable ; Inapplicable ; Inapplicable ; Inapplicable ; Inapplicable ; Inapplicable ; Inapplicable ; Inapplicable ;
; R5out[31]          ; Inapplicable ; Inapplicable ; Inapplicable ; Inapplicable ; Inapplicable ; Unchecked ; Inapplicable ; Inapplicable ; Unchecked ; Unchecked ; Inapplicable ; Inapplicable ; Inapplicable ; Inapplicable ; Inapplicable ; Inapplicable ; Inapplicable ; Inapplicable ; Inapplicable ; Inapplicable ; Inapplicable ; Inapplicable ; Inapplicable ; Inapplicable ; Inapplicable ; Inapplicable ; Inapplicable ; Inapplicable ;
; R6out[0]           ; Inapplicable ; Inapplicable ; Inapplicable ; Inapplicable ; Inapplicable ; Unchecked ; Inapplicable ; Inapplicable ; Unchecked ; Unchecked ; Inapplicable ; Inapplicable ; Inapplicable ; Inapplicable ; Inapplicable ; Inapplicable ; Inapplicable ; Inapplicable ; Inapplicable ; Inapplicable ; Inapplicable ; Inapplicable ; Inapplicable ; Inapplicable ; Inapplicable ; Inapplicable ; Inapplicable ; Inapplicable ;
; R6out[1]           ; Inapplicable ; Inapplicable ; Inapplicable ; Inapplicable ; Inapplicable ; Unchecked ; Inapplicable ; Inapplicable ; Unchecked ; Unchecked ; Inapplicable ; Inapplicable ; Inapplicable ; Inapplicable ; Inapplicable ; Inapplicable ; Inapplicable ; Inapplicable ; Inapplicable ; Inapplicable ; Inapplicable ; Inapplicable ; Inapplicable ; Inapplicable ; Inapplicable ; Inapplicable ; Inapplicable ; Inapplicable ;
; R6out[2]           ; Inapplicable ; Inapplicable ; Inapplicable ; Inapplicable ; Inapplicable ; Unchecked ; Inapplicable ; Inapplicable ; Unchecked ; Unchecked ; Inapplicable ; Inapplicable ; Inapplicable ; Inapplicable ; Inapplicable ; Inapplicable ; Inapplicable ; Inapplicable ; Inapplicable ; Inapplicable ; Inapplicable ; Inapplicable ; Inapplicable ; Inapplicable ; Inapplicable ; Inapplicable ; Inapplicable ; Inapplicable ;
; R6out[3]           ; Inapplicable ; Inapplicable ; Inapplicable ; Inapplicable ; Inapplicable ; Unchecked ; Inapplicable ; Inapplicable ; Unchecked ; Unchecked ; Inapplicable ; Inapplicable ; Inapplicable ; Inapplicable ; Inapplicable ; Inapplicable ; Inapplicable ; Inapplicable ; Inapplicable ; Inapplicable ; Inapplicable ; Inapplicable ; Inapplicable ; Inapplicable ; Inapplicable ; Inapplicable ; Inapplicable ; Inapplicable ;
; R6out[4]           ; Inapplicable ; Inapplicable ; Inapplicable ; Inapplicable ; Inapplicable ; Unchecked ; Inapplicable ; Inapplicable ; Unchecked ; Unchecked ; Inapplicable ; Inapplicable ; Inapplicable ; Inapplicable ; Inapplicable ; Inapplicable ; Inapplicable ; Inapplicable ; Inapplicable ; Inapplicable ; Inapplicable ; Inapplicable ; Inapplicable ; Inapplicable ; Inapplicable ; Inapplicable ; Inapplicable ; Inapplicable ;
; R6out[5]           ; Inapplicable ; Inapplicable ; Inapplicable ; Inapplicable ; Inapplicable ; Unchecked ; Inapplicable ; Inapplicable ; Unchecked ; Unchecked ; Inapplicable ; Inapplicable ; Inapplicable ; Inapplicable ; Inapplicable ; Inapplicable ; Inapplicable ; Inapplicable ; Inapplicable ; Inapplicable ; Inapplicable ; Inapplicable ; Inapplicable ; Inapplicable ; Inapplicable ; Inapplicable ; Inapplicable ; Inapplicable ;
; R6out[6]           ; Inapplicable ; Inapplicable ; Inapplicable ; Inapplicable ; Inapplicable ; Unchecked ; Inapplicable ; Inapplicable ; Unchecked ; Unchecked ; Inapplicable ; Inapplicable ; Inapplicable ; Inapplicable ; Inapplicable ; Inapplicable ; Inapplicable ; Inapplicable ; Inapplicable ; Inapplicable ; Inapplicable ; Inapplicable ; Inapplicable ; Inapplicable ; Inapplicable ; Inapplicable ; Inapplicable ; Inapplicable ;
; R6out[7]           ; Inapplicable ; Inapplicable ; Inapplicable ; Inapplicable ; Inapplicable ; Unchecked ; Inapplicable ; Inapplicable ; Unchecked ; Unchecked ; Inapplicable ; Inapplicable ; Inapplicable ; Inapplicable ; Inapplicable ; Inapplicable ; Inapplicable ; Inapplicable ; Inapplicable ; Inapplicable ; Inapplicable ; Inapplicable ; Inapplicable ; Inapplicable ; Inapplicable ; Inapplicable ; Inapplicable ; Inapplicable ;
; R6out[8]           ; Inapplicable ; Inapplicable ; Inapplicable ; Inapplicable ; Inapplicable ; Unchecked ; Inapplicable ; Inapplicable ; Unchecked ; Unchecked ; Inapplicable ; Inapplicable ; Inapplicable ; Inapplicable ; Inapplicable ; Inapplicable ; Inapplicable ; Inapplicable ; Inapplicable ; Inapplicable ; Inapplicable ; Inapplicable ; Inapplicable ; Inapplicable ; Inapplicable ; Inapplicable ; Inapplicable ; Inapplicable ;
; R6out[9]           ; Inapplicable ; Inapplicable ; Inapplicable ; Inapplicable ; Inapplicable ; Unchecked ; Inapplicable ; Inapplicable ; Unchecked ; Unchecked ; Inapplicable ; Inapplicable ; Inapplicable ; Inapplicable ; Inapplicable ; Inapplicable ; Inapplicable ; Inapplicable ; Inapplicable ; Inapplicable ; Inapplicable ; Inapplicable ; Inapplicable ; Inapplicable ; Inapplicable ; Inapplicable ; Inapplicable ; Inapplicable ;
; R6out[10]          ; Inapplicable ; Inapplicable ; Inapplicable ; Inapplicable ; Inapplicable ; Unchecked ; Inapplicable ; Inapplicable ; Unchecked ; Unchecked ; Inapplicable ; Inapplicable ; Inapplicable ; Inapplicable ; Inapplicable ; Inapplicable ; Inapplicable ; Inapplicable ; Inapplicable ; Inapplicable ; Inapplicable ; Inapplicable ; Inapplicable ; Inapplicable ; Inapplicable ; Inapplicable ; Inapplicable ; Inapplicable ;
; R6out[11]          ; Inapplicable ; Inapplicable ; Inapplicable ; Inapplicable ; Inapplicable ; Unchecked ; Inapplicable ; Inapplicable ; Unchecked ; Unchecked ; Inapplicable ; Inapplicable ; Inapplicable ; Inapplicable ; Inapplicable ; Inapplicable ; Inapplicable ; Inapplicable ; Inapplicable ; Inapplicable ; Inapplicable ; Inapplicable ; Inapplicable ; Inapplicable ; Inapplicable ; Inapplicable ; Inapplicable ; Inapplicable ;
; R6out[12]          ; Inapplicable ; Inapplicable ; Inapplicable ; Inapplicable ; Inapplicable ; Unchecked ; Inapplicable ; Inapplicable ; Unchecked ; Unchecked ; Inapplicable ; Inapplicable ; Inapplicable ; Inapplicable ; Inapplicable ; Inapplicable ; Inapplicable ; Inapplicable ; Inapplicable ; Inapplicable ; Inapplicable ; Inapplicable ; Inapplicable ; Inapplicable ; Inapplicable ; Inapplicable ; Inapplicable ; Inapplicable ;
; R6out[13]          ; Inapplicable ; Inapplicable ; Inapplicable ; Inapplicable ; Inapplicable ; Unchecked ; Inapplicable ; Inapplicable ; Unchecked ; Unchecked ; Inapplicable ; Inapplicable ; Inapplicable ; Inapplicable ; Inapplicable ; Inapplicable ; Inapplicable ; Inapplicable ; Inapplicable ; Inapplicable ; Inapplicable ; Inapplicable ; Inapplicable ; Inapplicable ; Inapplicable ; Inapplicable ; Inapplicable ; Inapplicable ;
; R6out[14]          ; Inapplicable ; Inapplicable ; Inapplicable ; Inapplicable ; Inapplicable ; Unchecked ; Inapplicable ; Inapplicable ; Unchecked ; Unchecked ; Inapplicable ; Inapplicable ; Inapplicable ; Inapplicable ; Inapplicable ; Inapplicable ; Inapplicable ; Inapplicable ; Inapplicable ; Inapplicable ; Inapplicable ; Inapplicable ; Inapplicable ; Inapplicable ; Inapplicable ; Inapplicable ; Inapplicable ; Inapplicable ;
; R6out[15]          ; Inapplicable ; Inapplicable ; Inapplicable ; Inapplicable ; Inapplicable ; Unchecked ; Inapplicable ; Inapplicable ; Unchecked ; Unchecked ; Inapplicable ; Inapplicable ; Inapplicable ; Inapplicable ; Inapplicable ; Inapplicable ; Inapplicable ; Inapplicable ; Inapplicable ; Inapplicable ; Inapplicable ; Inapplicable ; Inapplicable ; Inapplicable ; Inapplicable ; Inapplicable ; Inapplicable ; Inapplicable ;
; R6out[16]          ; Inapplicable ; Inapplicable ; Inapplicable ; Inapplicable ; Inapplicable ; Unchecked ; Inapplicable ; Inapplicable ; Unchecked ; Unchecked ; Inapplicable ; Inapplicable ; Inapplicable ; Inapplicable ; Inapplicable ; Inapplicable ; Inapplicable ; Inapplicable ; Inapplicable ; Inapplicable ; Inapplicable ; Inapplicable ; Inapplicable ; Inapplicable ; Inapplicable ; Inapplicable ; Inapplicable ; Inapplicable ;
; R6out[17]          ; Inapplicable ; Inapplicable ; Inapplicable ; Inapplicable ; Inapplicable ; Unchecked ; Inapplicable ; Inapplicable ; Unchecked ; Unchecked ; Inapplicable ; Inapplicable ; Inapplicable ; Inapplicable ; Inapplicable ; Inapplicable ; Inapplicable ; Inapplicable ; Inapplicable ; Inapplicable ; Inapplicable ; Inapplicable ; Inapplicable ; Inapplicable ; Inapplicable ; Inapplicable ; Inapplicable ; Inapplicable ;
; R6out[18]          ; Inapplicable ; Inapplicable ; Inapplicable ; Inapplicable ; Inapplicable ; Unchecked ; Inapplicable ; Inapplicable ; Unchecked ; Unchecked ; Inapplicable ; Inapplicable ; Inapplicable ; Inapplicable ; Inapplicable ; Inapplicable ; Inapplicable ; Inapplicable ; Inapplicable ; Inapplicable ; Inapplicable ; Inapplicable ; Inapplicable ; Inapplicable ; Inapplicable ; Inapplicable ; Inapplicable ; Inapplicable ;
; R6out[19]          ; Inapplicable ; Inapplicable ; Inapplicable ; Inapplicable ; Inapplicable ; Unchecked ; Inapplicable ; Inapplicable ; Unchecked ; Unchecked ; Inapplicable ; Inapplicable ; Inapplicable ; Inapplicable ; Inapplicable ; Inapplicable ; Inapplicable ; Inapplicable ; Inapplicable ; Inapplicable ; Inapplicable ; Inapplicable ; Inapplicable ; Inapplicable ; Inapplicable ; Inapplicable ; Inapplicable ; Inapplicable ;
; R6out[20]          ; Inapplicable ; Inapplicable ; Inapplicable ; Inapplicable ; Inapplicable ; Unchecked ; Inapplicable ; Inapplicable ; Unchecked ; Unchecked ; Inapplicable ; Inapplicable ; Inapplicable ; Inapplicable ; Inapplicable ; Inapplicable ; Inapplicable ; Inapplicable ; Inapplicable ; Inapplicable ; Inapplicable ; Inapplicable ; Inapplicable ; Inapplicable ; Inapplicable ; Inapplicable ; Inapplicable ; Inapplicable ;
; R6out[21]          ; Inapplicable ; Inapplicable ; Inapplicable ; Inapplicable ; Inapplicable ; Unchecked ; Inapplicable ; Inapplicable ; Unchecked ; Unchecked ; Inapplicable ; Inapplicable ; Inapplicable ; Inapplicable ; Inapplicable ; Inapplicable ; Inapplicable ; Inapplicable ; Inapplicable ; Inapplicable ; Inapplicable ; Inapplicable ; Inapplicable ; Inapplicable ; Inapplicable ; Inapplicable ; Inapplicable ; Inapplicable ;
; R6out[22]          ; Inapplicable ; Inapplicable ; Inapplicable ; Inapplicable ; Inapplicable ; Unchecked ; Inapplicable ; Inapplicable ; Unchecked ; Unchecked ; Inapplicable ; Inapplicable ; Inapplicable ; Inapplicable ; Inapplicable ; Inapplicable ; Inapplicable ; Inapplicable ; Inapplicable ; Inapplicable ; Inapplicable ; Inapplicable ; Inapplicable ; Inapplicable ; Inapplicable ; Inapplicable ; Inapplicable ; Inapplicable ;
; R6out[23]          ; Inapplicable ; Inapplicable ; Inapplicable ; Inapplicable ; Inapplicable ; Unchecked ; Inapplicable ; Inapplicable ; Unchecked ; Unchecked ; Inapplicable ; Inapplicable ; Inapplicable ; Inapplicable ; Inapplicable ; Inapplicable ; Inapplicable ; Inapplicable ; Inapplicable ; Inapplicable ; Inapplicable ; Inapplicable ; Inapplicable ; Inapplicable ; Inapplicable ; Inapplicable ; Inapplicable ; Inapplicable ;
; R6out[24]          ; Inapplicable ; Inapplicable ; Inapplicable ; Inapplicable ; Inapplicable ; Unchecked ; Inapplicable ; Inapplicable ; Unchecked ; Unchecked ; Inapplicable ; Inapplicable ; Inapplicable ; Inapplicable ; Inapplicable ; Inapplicable ; Inapplicable ; Inapplicable ; Inapplicable ; Inapplicable ; Inapplicable ; Inapplicable ; Inapplicable ; Inapplicable ; Inapplicable ; Inapplicable ; Inapplicable ; Inapplicable ;
; R6out[25]          ; Inapplicable ; Inapplicable ; Inapplicable ; Inapplicable ; Inapplicable ; Unchecked ; Inapplicable ; Inapplicable ; Unchecked ; Unchecked ; Inapplicable ; Inapplicable ; Inapplicable ; Inapplicable ; Inapplicable ; Inapplicable ; Inapplicable ; Inapplicable ; Inapplicable ; Inapplicable ; Inapplicable ; Inapplicable ; Inapplicable ; Inapplicable ; Inapplicable ; Inapplicable ; Inapplicable ; Inapplicable ;
; R6out[26]          ; Inapplicable ; Inapplicable ; Inapplicable ; Inapplicable ; Inapplicable ; Unchecked ; Inapplicable ; Inapplicable ; Unchecked ; Unchecked ; Inapplicable ; Inapplicable ; Inapplicable ; Inapplicable ; Inapplicable ; Inapplicable ; Inapplicable ; Inapplicable ; Inapplicable ; Inapplicable ; Inapplicable ; Inapplicable ; Inapplicable ; Inapplicable ; Inapplicable ; Inapplicable ; Inapplicable ; Inapplicable ;
; R6out[27]          ; Inapplicable ; Inapplicable ; Inapplicable ; Inapplicable ; Inapplicable ; Unchecked ; Inapplicable ; Inapplicable ; Unchecked ; Unchecked ; Inapplicable ; Inapplicable ; Inapplicable ; Inapplicable ; Inapplicable ; Inapplicable ; Inapplicable ; Inapplicable ; Inapplicable ; Inapplicable ; Inapplicable ; Inapplicable ; Inapplicable ; Inapplicable ; Inapplicable ; Inapplicable ; Inapplicable ; Inapplicable ;
; R6out[28]          ; Inapplicable ; Inapplicable ; Inapplicable ; Inapplicable ; Inapplicable ; Unchecked ; Inapplicable ; Inapplicable ; Unchecked ; Unchecked ; Inapplicable ; Inapplicable ; Inapplicable ; Inapplicable ; Inapplicable ; Inapplicable ; Inapplicable ; Inapplicable ; Inapplicable ; Inapplicable ; Inapplicable ; Inapplicable ; Inapplicable ; Inapplicable ; Inapplicable ; Inapplicable ; Inapplicable ; Inapplicable ;
; R6out[29]          ; Inapplicable ; Inapplicable ; Inapplicable ; Inapplicable ; Inapplicable ; Unchecked ; Inapplicable ; Inapplicable ; Unchecked ; Unchecked ; Inapplicable ; Inapplicable ; Inapplicable ; Inapplicable ; Inapplicable ; Inapplicable ; Inapplicable ; Inapplicable ; Inapplicable ; Inapplicable ; Inapplicable ; Inapplicable ; Inapplicable ; Inapplicable ; Inapplicable ; Inapplicable ; Inapplicable ; Inapplicable ;
; R6out[30]          ; Inapplicable ; Inapplicable ; Inapplicable ; Inapplicable ; Inapplicable ; Unchecked ; Inapplicable ; Inapplicable ; Unchecked ; Unchecked ; Inapplicable ; Inapplicable ; Inapplicable ; Inapplicable ; Inapplicable ; Inapplicable ; Inapplicable ; Inapplicable ; Inapplicable ; Inapplicable ; Inapplicable ; Inapplicable ; Inapplicable ; Inapplicable ; Inapplicable ; Inapplicable ; Inapplicable ; Inapplicable ;
; R6out[31]          ; Inapplicable ; Inapplicable ; Inapplicable ; Inapplicable ; Inapplicable ; Unchecked ; Inapplicable ; Inapplicable ; Unchecked ; Unchecked ; Inapplicable ; Inapplicable ; Inapplicable ; Inapplicable ; Inapplicable ; Inapplicable ; Inapplicable ; Inapplicable ; Inapplicable ; Inapplicable ; Inapplicable ; Inapplicable ; Inapplicable ; Inapplicable ; Inapplicable ; Inapplicable ; Inapplicable ; Inapplicable ;
; R7out[0]           ; Inapplicable ; Inapplicable ; Inapplicable ; Inapplicable ; Inapplicable ; Unchecked ; Inapplicable ; Inapplicable ; Unchecked ; Unchecked ; Inapplicable ; Inapplicable ; Inapplicable ; Inapplicable ; Inapplicable ; Inapplicable ; Inapplicable ; Inapplicable ; Inapplicable ; Inapplicable ; Inapplicable ; Inapplicable ; Inapplicable ; Inapplicable ; Inapplicable ; Inapplicable ; Inapplicable ; Inapplicable ;
; R7out[1]           ; Inapplicable ; Inapplicable ; Inapplicable ; Inapplicable ; Inapplicable ; Unchecked ; Inapplicable ; Inapplicable ; Unchecked ; Unchecked ; Inapplicable ; Inapplicable ; Inapplicable ; Inapplicable ; Inapplicable ; Inapplicable ; Inapplicable ; Inapplicable ; Inapplicable ; Inapplicable ; Inapplicable ; Inapplicable ; Inapplicable ; Inapplicable ; Inapplicable ; Inapplicable ; Inapplicable ; Inapplicable ;
; R7out[2]           ; Inapplicable ; Inapplicable ; Inapplicable ; Inapplicable ; Inapplicable ; Unchecked ; Inapplicable ; Inapplicable ; Unchecked ; Unchecked ; Inapplicable ; Inapplicable ; Inapplicable ; Inapplicable ; Inapplicable ; Inapplicable ; Inapplicable ; Inapplicable ; Inapplicable ; Inapplicable ; Inapplicable ; Inapplicable ; Inapplicable ; Inapplicable ; Inapplicable ; Inapplicable ; Inapplicable ; Inapplicable ;
; R7out[3]           ; Inapplicable ; Inapplicable ; Inapplicable ; Inapplicable ; Inapplicable ; Unchecked ; Inapplicable ; Inapplicable ; Unchecked ; Unchecked ; Inapplicable ; Inapplicable ; Inapplicable ; Inapplicable ; Inapplicable ; Inapplicable ; Inapplicable ; Inapplicable ; Inapplicable ; Inapplicable ; Inapplicable ; Inapplicable ; Inapplicable ; Inapplicable ; Inapplicable ; Inapplicable ; Inapplicable ; Inapplicable ;
; R7out[4]           ; Inapplicable ; Inapplicable ; Inapplicable ; Inapplicable ; Inapplicable ; Unchecked ; Inapplicable ; Inapplicable ; Unchecked ; Unchecked ; Inapplicable ; Inapplicable ; Inapplicable ; Inapplicable ; Inapplicable ; Inapplicable ; Inapplicable ; Inapplicable ; Inapplicable ; Inapplicable ; Inapplicable ; Inapplicable ; Inapplicable ; Inapplicable ; Inapplicable ; Inapplicable ; Inapplicable ; Inapplicable ;
; R7out[5]           ; Inapplicable ; Inapplicable ; Inapplicable ; Inapplicable ; Inapplicable ; Unchecked ; Inapplicable ; Inapplicable ; Unchecked ; Unchecked ; Inapplicable ; Inapplicable ; Inapplicable ; Inapplicable ; Inapplicable ; Inapplicable ; Inapplicable ; Inapplicable ; Inapplicable ; Inapplicable ; Inapplicable ; Inapplicable ; Inapplicable ; Inapplicable ; Inapplicable ; Inapplicable ; Inapplicable ; Inapplicable ;
; R7out[6]           ; Inapplicable ; Inapplicable ; Inapplicable ; Inapplicable ; Inapplicable ; Unchecked ; Inapplicable ; Inapplicable ; Unchecked ; Unchecked ; Inapplicable ; Inapplicable ; Inapplicable ; Inapplicable ; Inapplicable ; Inapplicable ; Inapplicable ; Inapplicable ; Inapplicable ; Inapplicable ; Inapplicable ; Inapplicable ; Inapplicable ; Inapplicable ; Inapplicable ; Inapplicable ; Inapplicable ; Inapplicable ;
; R7out[7]           ; Inapplicable ; Inapplicable ; Inapplicable ; Inapplicable ; Inapplicable ; Unchecked ; Inapplicable ; Inapplicable ; Unchecked ; Unchecked ; Inapplicable ; Inapplicable ; Inapplicable ; Inapplicable ; Inapplicable ; Inapplicable ; Inapplicable ; Inapplicable ; Inapplicable ; Inapplicable ; Inapplicable ; Inapplicable ; Inapplicable ; Inapplicable ; Inapplicable ; Inapplicable ; Inapplicable ; Inapplicable ;
; R7out[8]           ; Inapplicable ; Inapplicable ; Inapplicable ; Inapplicable ; Inapplicable ; Unchecked ; Inapplicable ; Inapplicable ; Unchecked ; Unchecked ; Inapplicable ; Inapplicable ; Inapplicable ; Inapplicable ; Inapplicable ; Inapplicable ; Inapplicable ; Inapplicable ; Inapplicable ; Inapplicable ; Inapplicable ; Inapplicable ; Inapplicable ; Inapplicable ; Inapplicable ; Inapplicable ; Inapplicable ; Inapplicable ;
; R7out[9]           ; Inapplicable ; Inapplicable ; Inapplicable ; Inapplicable ; Inapplicable ; Unchecked ; Inapplicable ; Inapplicable ; Unchecked ; Unchecked ; Inapplicable ; Inapplicable ; Inapplicable ; Inapplicable ; Inapplicable ; Inapplicable ; Inapplicable ; Inapplicable ; Inapplicable ; Inapplicable ; Inapplicable ; Inapplicable ; Inapplicable ; Inapplicable ; Inapplicable ; Inapplicable ; Inapplicable ; Inapplicable ;
; R7out[10]          ; Inapplicable ; Inapplicable ; Inapplicable ; Inapplicable ; Inapplicable ; Unchecked ; Inapplicable ; Inapplicable ; Unchecked ; Unchecked ; Inapplicable ; Inapplicable ; Inapplicable ; Inapplicable ; Inapplicable ; Inapplicable ; Inapplicable ; Inapplicable ; Inapplicable ; Inapplicable ; Inapplicable ; Inapplicable ; Inapplicable ; Inapplicable ; Inapplicable ; Inapplicable ; Inapplicable ; Inapplicable ;
; R7out[11]          ; Inapplicable ; Inapplicable ; Inapplicable ; Inapplicable ; Inapplicable ; Unchecked ; Inapplicable ; Inapplicable ; Unchecked ; Unchecked ; Inapplicable ; Inapplicable ; Inapplicable ; Inapplicable ; Inapplicable ; Inapplicable ; Inapplicable ; Inapplicable ; Inapplicable ; Inapplicable ; Inapplicable ; Inapplicable ; Inapplicable ; Inapplicable ; Inapplicable ; Inapplicable ; Inapplicable ; Inapplicable ;
; R7out[12]          ; Inapplicable ; Inapplicable ; Inapplicable ; Inapplicable ; Inapplicable ; Unchecked ; Inapplicable ; Inapplicable ; Unchecked ; Unchecked ; Inapplicable ; Inapplicable ; Inapplicable ; Inapplicable ; Inapplicable ; Inapplicable ; Inapplicable ; Inapplicable ; Inapplicable ; Inapplicable ; Inapplicable ; Inapplicable ; Inapplicable ; Inapplicable ; Inapplicable ; Inapplicable ; Inapplicable ; Inapplicable ;
; R7out[13]          ; Inapplicable ; Inapplicable ; Inapplicable ; Inapplicable ; Inapplicable ; Unchecked ; Inapplicable ; Inapplicable ; Unchecked ; Unchecked ; Inapplicable ; Inapplicable ; Inapplicable ; Inapplicable ; Inapplicable ; Inapplicable ; Inapplicable ; Inapplicable ; Inapplicable ; Inapplicable ; Inapplicable ; Inapplicable ; Inapplicable ; Inapplicable ; Inapplicable ; Inapplicable ; Inapplicable ; Inapplicable ;
; R7out[14]          ; Inapplicable ; Inapplicable ; Inapplicable ; Inapplicable ; Inapplicable ; Unchecked ; Inapplicable ; Inapplicable ; Unchecked ; Unchecked ; Inapplicable ; Inapplicable ; Inapplicable ; Inapplicable ; Inapplicable ; Inapplicable ; Inapplicable ; Inapplicable ; Inapplicable ; Inapplicable ; Inapplicable ; Inapplicable ; Inapplicable ; Inapplicable ; Inapplicable ; Inapplicable ; Inapplicable ; Inapplicable ;
; R7out[15]          ; Inapplicable ; Inapplicable ; Inapplicable ; Inapplicable ; Inapplicable ; Unchecked ; Inapplicable ; Inapplicable ; Unchecked ; Unchecked ; Inapplicable ; Inapplicable ; Inapplicable ; Inapplicable ; Inapplicable ; Inapplicable ; Inapplicable ; Inapplicable ; Inapplicable ; Inapplicable ; Inapplicable ; Inapplicable ; Inapplicable ; Inapplicable ; Inapplicable ; Inapplicable ; Inapplicable ; Inapplicable ;
; R7out[16]          ; Inapplicable ; Inapplicable ; Inapplicable ; Inapplicable ; Inapplicable ; Unchecked ; Inapplicable ; Inapplicable ; Unchecked ; Unchecked ; Inapplicable ; Inapplicable ; Inapplicable ; Inapplicable ; Inapplicable ; Inapplicable ; Inapplicable ; Inapplicable ; Inapplicable ; Inapplicable ; Inapplicable ; Inapplicable ; Inapplicable ; Inapplicable ; Inapplicable ; Inapplicable ; Inapplicable ; Inapplicable ;
; R7out[17]          ; Inapplicable ; Inapplicable ; Inapplicable ; Inapplicable ; Inapplicable ; Unchecked ; Inapplicable ; Inapplicable ; Unchecked ; Unchecked ; Inapplicable ; Inapplicable ; Inapplicable ; Inapplicable ; Inapplicable ; Inapplicable ; Inapplicable ; Inapplicable ; Inapplicable ; Inapplicable ; Inapplicable ; Inapplicable ; Inapplicable ; Inapplicable ; Inapplicable ; Inapplicable ; Inapplicable ; Inapplicable ;
; R7out[18]          ; Inapplicable ; Inapplicable ; Inapplicable ; Inapplicable ; Inapplicable ; Unchecked ; Inapplicable ; Inapplicable ; Unchecked ; Unchecked ; Inapplicable ; Inapplicable ; Inapplicable ; Inapplicable ; Inapplicable ; Inapplicable ; Inapplicable ; Inapplicable ; Inapplicable ; Inapplicable ; Inapplicable ; Inapplicable ; Inapplicable ; Inapplicable ; Inapplicable ; Inapplicable ; Inapplicable ; Inapplicable ;
; R7out[19]          ; Inapplicable ; Inapplicable ; Inapplicable ; Inapplicable ; Inapplicable ; Unchecked ; Inapplicable ; Inapplicable ; Unchecked ; Unchecked ; Inapplicable ; Inapplicable ; Inapplicable ; Inapplicable ; Inapplicable ; Inapplicable ; Inapplicable ; Inapplicable ; Inapplicable ; Inapplicable ; Inapplicable ; Inapplicable ; Inapplicable ; Inapplicable ; Inapplicable ; Inapplicable ; Inapplicable ; Inapplicable ;
; R7out[20]          ; Inapplicable ; Inapplicable ; Inapplicable ; Inapplicable ; Inapplicable ; Unchecked ; Inapplicable ; Inapplicable ; Unchecked ; Unchecked ; Inapplicable ; Inapplicable ; Inapplicable ; Inapplicable ; Inapplicable ; Inapplicable ; Inapplicable ; Inapplicable ; Inapplicable ; Inapplicable ; Inapplicable ; Inapplicable ; Inapplicable ; Inapplicable ; Inapplicable ; Inapplicable ; Inapplicable ; Inapplicable ;
; R7out[21]          ; Inapplicable ; Inapplicable ; Inapplicable ; Inapplicable ; Inapplicable ; Unchecked ; Inapplicable ; Inapplicable ; Unchecked ; Unchecked ; Inapplicable ; Inapplicable ; Inapplicable ; Inapplicable ; Inapplicable ; Inapplicable ; Inapplicable ; Inapplicable ; Inapplicable ; Inapplicable ; Inapplicable ; Inapplicable ; Inapplicable ; Inapplicable ; Inapplicable ; Inapplicable ; Inapplicable ; Inapplicable ;
; R7out[22]          ; Inapplicable ; Inapplicable ; Inapplicable ; Inapplicable ; Inapplicable ; Unchecked ; Inapplicable ; Inapplicable ; Unchecked ; Unchecked ; Inapplicable ; Inapplicable ; Inapplicable ; Inapplicable ; Inapplicable ; Inapplicable ; Inapplicable ; Inapplicable ; Inapplicable ; Inapplicable ; Inapplicable ; Inapplicable ; Inapplicable ; Inapplicable ; Inapplicable ; Inapplicable ; Inapplicable ; Inapplicable ;
; R7out[23]          ; Inapplicable ; Inapplicable ; Inapplicable ; Inapplicable ; Inapplicable ; Unchecked ; Inapplicable ; Inapplicable ; Unchecked ; Unchecked ; Inapplicable ; Inapplicable ; Inapplicable ; Inapplicable ; Inapplicable ; Inapplicable ; Inapplicable ; Inapplicable ; Inapplicable ; Inapplicable ; Inapplicable ; Inapplicable ; Inapplicable ; Inapplicable ; Inapplicable ; Inapplicable ; Inapplicable ; Inapplicable ;
; R7out[24]          ; Inapplicable ; Inapplicable ; Inapplicable ; Inapplicable ; Inapplicable ; Unchecked ; Inapplicable ; Inapplicable ; Unchecked ; Unchecked ; Inapplicable ; Inapplicable ; Inapplicable ; Inapplicable ; Inapplicable ; Inapplicable ; Inapplicable ; Inapplicable ; Inapplicable ; Inapplicable ; Inapplicable ; Inapplicable ; Inapplicable ; Inapplicable ; Inapplicable ; Inapplicable ; Inapplicable ; Inapplicable ;
; R7out[25]          ; Inapplicable ; Inapplicable ; Inapplicable ; Inapplicable ; Inapplicable ; Unchecked ; Inapplicable ; Inapplicable ; Unchecked ; Unchecked ; Inapplicable ; Inapplicable ; Inapplicable ; Inapplicable ; Inapplicable ; Inapplicable ; Inapplicable ; Inapplicable ; Inapplicable ; Inapplicable ; Inapplicable ; Inapplicable ; Inapplicable ; Inapplicable ; Inapplicable ; Inapplicable ; Inapplicable ; Inapplicable ;
; R7out[26]          ; Inapplicable ; Inapplicable ; Inapplicable ; Inapplicable ; Inapplicable ; Unchecked ; Inapplicable ; Inapplicable ; Unchecked ; Unchecked ; Inapplicable ; Inapplicable ; Inapplicable ; Inapplicable ; Inapplicable ; Inapplicable ; Inapplicable ; Inapplicable ; Inapplicable ; Inapplicable ; Inapplicable ; Inapplicable ; Inapplicable ; Inapplicable ; Inapplicable ; Inapplicable ; Inapplicable ; Inapplicable ;
; R7out[27]          ; Inapplicable ; Inapplicable ; Inapplicable ; Inapplicable ; Inapplicable ; Unchecked ; Inapplicable ; Inapplicable ; Unchecked ; Unchecked ; Inapplicable ; Inapplicable ; Inapplicable ; Inapplicable ; Inapplicable ; Inapplicable ; Inapplicable ; Inapplicable ; Inapplicable ; Inapplicable ; Inapplicable ; Inapplicable ; Inapplicable ; Inapplicable ; Inapplicable ; Inapplicable ; Inapplicable ; Inapplicable ;
; R7out[28]          ; Inapplicable ; Inapplicable ; Inapplicable ; Inapplicable ; Inapplicable ; Unchecked ; Inapplicable ; Inapplicable ; Unchecked ; Unchecked ; Inapplicable ; Inapplicable ; Inapplicable ; Inapplicable ; Inapplicable ; Inapplicable ; Inapplicable ; Inapplicable ; Inapplicable ; Inapplicable ; Inapplicable ; Inapplicable ; Inapplicable ; Inapplicable ; Inapplicable ; Inapplicable ; Inapplicable ; Inapplicable ;
; R7out[29]          ; Inapplicable ; Inapplicable ; Inapplicable ; Inapplicable ; Inapplicable ; Unchecked ; Inapplicable ; Inapplicable ; Unchecked ; Unchecked ; Inapplicable ; Inapplicable ; Inapplicable ; Inapplicable ; Inapplicable ; Inapplicable ; Inapplicable ; Inapplicable ; Inapplicable ; Inapplicable ; Inapplicable ; Inapplicable ; Inapplicable ; Inapplicable ; Inapplicable ; Inapplicable ; Inapplicable ; Inapplicable ;
; R7out[30]          ; Inapplicable ; Inapplicable ; Inapplicable ; Inapplicable ; Inapplicable ; Unchecked ; Inapplicable ; Inapplicable ; Unchecked ; Unchecked ; Inapplicable ; Inapplicable ; Inapplicable ; Inapplicable ; Inapplicable ; Inapplicable ; Inapplicable ; Inapplicable ; Inapplicable ; Inapplicable ; Inapplicable ; Inapplicable ; Inapplicable ; Inapplicable ; Inapplicable ; Inapplicable ; Inapplicable ; Inapplicable ;
; R7out[31]          ; Inapplicable ; Inapplicable ; Inapplicable ; Inapplicable ; Inapplicable ; Unchecked ; Inapplicable ; Inapplicable ; Unchecked ; Unchecked ; Inapplicable ; Inapplicable ; Inapplicable ; Inapplicable ; Inapplicable ; Inapplicable ; Inapplicable ; Inapplicable ; Inapplicable ; Inapplicable ; Inapplicable ; Inapplicable ; Inapplicable ; Inapplicable ; Inapplicable ; Inapplicable ; Inapplicable ; Inapplicable ;
; R8out[0]           ; Inapplicable ; Inapplicable ; Inapplicable ; Inapplicable ; Inapplicable ; Unchecked ; Inapplicable ; Inapplicable ; Unchecked ; Unchecked ; Inapplicable ; Inapplicable ; Inapplicable ; Inapplicable ; Inapplicable ; Inapplicable ; Inapplicable ; Inapplicable ; Inapplicable ; Inapplicable ; Inapplicable ; Inapplicable ; Inapplicable ; Inapplicable ; Inapplicable ; Inapplicable ; Inapplicable ; Inapplicable ;
; R8out[1]           ; Inapplicable ; Inapplicable ; Inapplicable ; Inapplicable ; Inapplicable ; Unchecked ; Inapplicable ; Inapplicable ; Unchecked ; Unchecked ; Inapplicable ; Inapplicable ; Inapplicable ; Inapplicable ; Inapplicable ; Inapplicable ; Inapplicable ; Inapplicable ; Inapplicable ; Inapplicable ; Inapplicable ; Inapplicable ; Inapplicable ; Inapplicable ; Inapplicable ; Inapplicable ; Inapplicable ; Inapplicable ;
; R8out[2]           ; Inapplicable ; Inapplicable ; Inapplicable ; Inapplicable ; Inapplicable ; Unchecked ; Inapplicable ; Inapplicable ; Unchecked ; Unchecked ; Inapplicable ; Inapplicable ; Inapplicable ; Inapplicable ; Inapplicable ; Inapplicable ; Inapplicable ; Inapplicable ; Inapplicable ; Inapplicable ; Inapplicable ; Inapplicable ; Inapplicable ; Inapplicable ; Inapplicable ; Inapplicable ; Inapplicable ; Inapplicable ;
; R8out[3]           ; Inapplicable ; Inapplicable ; Inapplicable ; Inapplicable ; Inapplicable ; Unchecked ; Inapplicable ; Inapplicable ; Unchecked ; Unchecked ; Inapplicable ; Inapplicable ; Inapplicable ; Inapplicable ; Inapplicable ; Inapplicable ; Inapplicable ; Inapplicable ; Inapplicable ; Inapplicable ; Inapplicable ; Inapplicable ; Inapplicable ; Inapplicable ; Inapplicable ; Inapplicable ; Inapplicable ; Inapplicable ;
; R8out[4]           ; Inapplicable ; Inapplicable ; Inapplicable ; Inapplicable ; Inapplicable ; Unchecked ; Inapplicable ; Inapplicable ; Unchecked ; Unchecked ; Inapplicable ; Inapplicable ; Inapplicable ; Inapplicable ; Inapplicable ; Inapplicable ; Inapplicable ; Inapplicable ; Inapplicable ; Inapplicable ; Inapplicable ; Inapplicable ; Inapplicable ; Inapplicable ; Inapplicable ; Inapplicable ; Inapplicable ; Inapplicable ;
; R8out[5]           ; Inapplicable ; Inapplicable ; Inapplicable ; Inapplicable ; Inapplicable ; Unchecked ; Inapplicable ; Inapplicable ; Unchecked ; Unchecked ; Inapplicable ; Inapplicable ; Inapplicable ; Inapplicable ; Inapplicable ; Inapplicable ; Inapplicable ; Inapplicable ; Inapplicable ; Inapplicable ; Inapplicable ; Inapplicable ; Inapplicable ; Inapplicable ; Inapplicable ; Inapplicable ; Inapplicable ; Inapplicable ;
; R8out[6]           ; Inapplicable ; Inapplicable ; Inapplicable ; Inapplicable ; Inapplicable ; Unchecked ; Inapplicable ; Inapplicable ; Unchecked ; Unchecked ; Inapplicable ; Inapplicable ; Inapplicable ; Inapplicable ; Inapplicable ; Inapplicable ; Inapplicable ; Inapplicable ; Inapplicable ; Inapplicable ; Inapplicable ; Inapplicable ; Inapplicable ; Inapplicable ; Inapplicable ; Inapplicable ; Inapplicable ; Inapplicable ;
; R8out[7]           ; Inapplicable ; Inapplicable ; Inapplicable ; Inapplicable ; Inapplicable ; Unchecked ; Inapplicable ; Inapplicable ; Unchecked ; Unchecked ; Inapplicable ; Inapplicable ; Inapplicable ; Inapplicable ; Inapplicable ; Inapplicable ; Inapplicable ; Inapplicable ; Inapplicable ; Inapplicable ; Inapplicable ; Inapplicable ; Inapplicable ; Inapplicable ; Inapplicable ; Inapplicable ; Inapplicable ; Inapplicable ;
; R8out[8]           ; Inapplicable ; Inapplicable ; Inapplicable ; Inapplicable ; Inapplicable ; Unchecked ; Inapplicable ; Inapplicable ; Unchecked ; Unchecked ; Inapplicable ; Inapplicable ; Inapplicable ; Inapplicable ; Inapplicable ; Inapplicable ; Inapplicable ; Inapplicable ; Inapplicable ; Inapplicable ; Inapplicable ; Inapplicable ; Inapplicable ; Inapplicable ; Inapplicable ; Inapplicable ; Inapplicable ; Inapplicable ;
; R8out[9]           ; Inapplicable ; Inapplicable ; Inapplicable ; Inapplicable ; Inapplicable ; Unchecked ; Inapplicable ; Inapplicable ; Unchecked ; Unchecked ; Inapplicable ; Inapplicable ; Inapplicable ; Inapplicable ; Inapplicable ; Inapplicable ; Inapplicable ; Inapplicable ; Inapplicable ; Inapplicable ; Inapplicable ; Inapplicable ; Inapplicable ; Inapplicable ; Inapplicable ; Inapplicable ; Inapplicable ; Inapplicable ;
; R8out[10]          ; Inapplicable ; Inapplicable ; Inapplicable ; Inapplicable ; Inapplicable ; Unchecked ; Inapplicable ; Inapplicable ; Unchecked ; Unchecked ; Inapplicable ; Inapplicable ; Inapplicable ; Inapplicable ; Inapplicable ; Inapplicable ; Inapplicable ; Inapplicable ; Inapplicable ; Inapplicable ; Inapplicable ; Inapplicable ; Inapplicable ; Inapplicable ; Inapplicable ; Inapplicable ; Inapplicable ; Inapplicable ;
; R8out[11]          ; Inapplicable ; Inapplicable ; Inapplicable ; Inapplicable ; Inapplicable ; Unchecked ; Inapplicable ; Inapplicable ; Unchecked ; Unchecked ; Inapplicable ; Inapplicable ; Inapplicable ; Inapplicable ; Inapplicable ; Inapplicable ; Inapplicable ; Inapplicable ; Inapplicable ; Inapplicable ; Inapplicable ; Inapplicable ; Inapplicable ; Inapplicable ; Inapplicable ; Inapplicable ; Inapplicable ; Inapplicable ;
; R8out[12]          ; Inapplicable ; Inapplicable ; Inapplicable ; Inapplicable ; Inapplicable ; Unchecked ; Inapplicable ; Inapplicable ; Unchecked ; Unchecked ; Inapplicable ; Inapplicable ; Inapplicable ; Inapplicable ; Inapplicable ; Inapplicable ; Inapplicable ; Inapplicable ; Inapplicable ; Inapplicable ; Inapplicable ; Inapplicable ; Inapplicable ; Inapplicable ; Inapplicable ; Inapplicable ; Inapplicable ; Inapplicable ;
; R8out[13]          ; Inapplicable ; Inapplicable ; Inapplicable ; Inapplicable ; Inapplicable ; Unchecked ; Inapplicable ; Inapplicable ; Unchecked ; Unchecked ; Inapplicable ; Inapplicable ; Inapplicable ; Inapplicable ; Inapplicable ; Inapplicable ; Inapplicable ; Inapplicable ; Inapplicable ; Inapplicable ; Inapplicable ; Inapplicable ; Inapplicable ; Inapplicable ; Inapplicable ; Inapplicable ; Inapplicable ; Inapplicable ;
; R8out[14]          ; Inapplicable ; Inapplicable ; Inapplicable ; Inapplicable ; Inapplicable ; Unchecked ; Inapplicable ; Inapplicable ; Unchecked ; Unchecked ; Inapplicable ; Inapplicable ; Inapplicable ; Inapplicable ; Inapplicable ; Inapplicable ; Inapplicable ; Inapplicable ; Inapplicable ; Inapplicable ; Inapplicable ; Inapplicable ; Inapplicable ; Inapplicable ; Inapplicable ; Inapplicable ; Inapplicable ; Inapplicable ;
; R8out[15]          ; Inapplicable ; Inapplicable ; Inapplicable ; Inapplicable ; Inapplicable ; Unchecked ; Inapplicable ; Inapplicable ; Unchecked ; Unchecked ; Inapplicable ; Inapplicable ; Inapplicable ; Inapplicable ; Inapplicable ; Inapplicable ; Inapplicable ; Inapplicable ; Inapplicable ; Inapplicable ; Inapplicable ; Inapplicable ; Inapplicable ; Inapplicable ; Inapplicable ; Inapplicable ; Inapplicable ; Inapplicable ;
; R8out[16]          ; Inapplicable ; Inapplicable ; Inapplicable ; Inapplicable ; Inapplicable ; Unchecked ; Inapplicable ; Inapplicable ; Unchecked ; Unchecked ; Inapplicable ; Inapplicable ; Inapplicable ; Inapplicable ; Inapplicable ; Inapplicable ; Inapplicable ; Inapplicable ; Inapplicable ; Inapplicable ; Inapplicable ; Inapplicable ; Inapplicable ; Inapplicable ; Inapplicable ; Inapplicable ; Inapplicable ; Inapplicable ;
; R8out[17]          ; Inapplicable ; Inapplicable ; Inapplicable ; Inapplicable ; Inapplicable ; Unchecked ; Inapplicable ; Inapplicable ; Unchecked ; Unchecked ; Inapplicable ; Inapplicable ; Inapplicable ; Inapplicable ; Inapplicable ; Inapplicable ; Inapplicable ; Inapplicable ; Inapplicable ; Inapplicable ; Inapplicable ; Inapplicable ; Inapplicable ; Inapplicable ; Inapplicable ; Inapplicable ; Inapplicable ; Inapplicable ;
; R8out[18]          ; Inapplicable ; Inapplicable ; Inapplicable ; Inapplicable ; Inapplicable ; Unchecked ; Inapplicable ; Inapplicable ; Unchecked ; Unchecked ; Inapplicable ; Inapplicable ; Inapplicable ; Inapplicable ; Inapplicable ; Inapplicable ; Inapplicable ; Inapplicable ; Inapplicable ; Inapplicable ; Inapplicable ; Inapplicable ; Inapplicable ; Inapplicable ; Inapplicable ; Inapplicable ; Inapplicable ; Inapplicable ;
; R8out[19]          ; Inapplicable ; Inapplicable ; Inapplicable ; Inapplicable ; Inapplicable ; Unchecked ; Inapplicable ; Inapplicable ; Unchecked ; Unchecked ; Inapplicable ; Inapplicable ; Inapplicable ; Inapplicable ; Inapplicable ; Inapplicable ; Inapplicable ; Inapplicable ; Inapplicable ; Inapplicable ; Inapplicable ; Inapplicable ; Inapplicable ; Inapplicable ; Inapplicable ; Inapplicable ; Inapplicable ; Inapplicable ;
; R8out[20]          ; Inapplicable ; Inapplicable ; Inapplicable ; Inapplicable ; Inapplicable ; Unchecked ; Inapplicable ; Inapplicable ; Unchecked ; Unchecked ; Inapplicable ; Inapplicable ; Inapplicable ; Inapplicable ; Inapplicable ; Inapplicable ; Inapplicable ; Inapplicable ; Inapplicable ; Inapplicable ; Inapplicable ; Inapplicable ; Inapplicable ; Inapplicable ; Inapplicable ; Inapplicable ; Inapplicable ; Inapplicable ;
; R8out[21]          ; Inapplicable ; Inapplicable ; Inapplicable ; Inapplicable ; Inapplicable ; Unchecked ; Inapplicable ; Inapplicable ; Unchecked ; Unchecked ; Inapplicable ; Inapplicable ; Inapplicable ; Inapplicable ; Inapplicable ; Inapplicable ; Inapplicable ; Inapplicable ; Inapplicable ; Inapplicable ; Inapplicable ; Inapplicable ; Inapplicable ; Inapplicable ; Inapplicable ; Inapplicable ; Inapplicable ; Inapplicable ;
; R8out[22]          ; Inapplicable ; Inapplicable ; Inapplicable ; Inapplicable ; Inapplicable ; Unchecked ; Inapplicable ; Inapplicable ; Unchecked ; Unchecked ; Inapplicable ; Inapplicable ; Inapplicable ; Inapplicable ; Inapplicable ; Inapplicable ; Inapplicable ; Inapplicable ; Inapplicable ; Inapplicable ; Inapplicable ; Inapplicable ; Inapplicable ; Inapplicable ; Inapplicable ; Inapplicable ; Inapplicable ; Inapplicable ;
; R8out[23]          ; Inapplicable ; Inapplicable ; Inapplicable ; Inapplicable ; Inapplicable ; Unchecked ; Inapplicable ; Inapplicable ; Unchecked ; Unchecked ; Inapplicable ; Inapplicable ; Inapplicable ; Inapplicable ; Inapplicable ; Inapplicable ; Inapplicable ; Inapplicable ; Inapplicable ; Inapplicable ; Inapplicable ; Inapplicable ; Inapplicable ; Inapplicable ; Inapplicable ; Inapplicable ; Inapplicable ; Inapplicable ;
; R8out[24]          ; Inapplicable ; Inapplicable ; Inapplicable ; Inapplicable ; Inapplicable ; Unchecked ; Inapplicable ; Inapplicable ; Unchecked ; Unchecked ; Inapplicable ; Inapplicable ; Inapplicable ; Inapplicable ; Inapplicable ; Inapplicable ; Inapplicable ; Inapplicable ; Inapplicable ; Inapplicable ; Inapplicable ; Inapplicable ; Inapplicable ; Inapplicable ; Inapplicable ; Inapplicable ; Inapplicable ; Inapplicable ;
; R8out[25]          ; Inapplicable ; Inapplicable ; Inapplicable ; Inapplicable ; Inapplicable ; Unchecked ; Inapplicable ; Inapplicable ; Unchecked ; Unchecked ; Inapplicable ; Inapplicable ; Inapplicable ; Inapplicable ; Inapplicable ; Inapplicable ; Inapplicable ; Inapplicable ; Inapplicable ; Inapplicable ; Inapplicable ; Inapplicable ; Inapplicable ; Inapplicable ; Inapplicable ; Inapplicable ; Inapplicable ; Inapplicable ;
; R8out[26]          ; Inapplicable ; Inapplicable ; Inapplicable ; Inapplicable ; Inapplicable ; Unchecked ; Inapplicable ; Inapplicable ; Unchecked ; Unchecked ; Inapplicable ; Inapplicable ; Inapplicable ; Inapplicable ; Inapplicable ; Inapplicable ; Inapplicable ; Inapplicable ; Inapplicable ; Inapplicable ; Inapplicable ; Inapplicable ; Inapplicable ; Inapplicable ; Inapplicable ; Inapplicable ; Inapplicable ; Inapplicable ;
; R8out[27]          ; Inapplicable ; Inapplicable ; Inapplicable ; Inapplicable ; Inapplicable ; Unchecked ; Inapplicable ; Inapplicable ; Unchecked ; Unchecked ; Inapplicable ; Inapplicable ; Inapplicable ; Inapplicable ; Inapplicable ; Inapplicable ; Inapplicable ; Inapplicable ; Inapplicable ; Inapplicable ; Inapplicable ; Inapplicable ; Inapplicable ; Inapplicable ; Inapplicable ; Inapplicable ; Inapplicable ; Inapplicable ;
; R8out[28]          ; Inapplicable ; Inapplicable ; Inapplicable ; Inapplicable ; Inapplicable ; Unchecked ; Inapplicable ; Inapplicable ; Unchecked ; Unchecked ; Inapplicable ; Inapplicable ; Inapplicable ; Inapplicable ; Inapplicable ; Inapplicable ; Inapplicable ; Inapplicable ; Inapplicable ; Inapplicable ; Inapplicable ; Inapplicable ; Inapplicable ; Inapplicable ; Inapplicable ; Inapplicable ; Inapplicable ; Inapplicable ;
; R8out[29]          ; Inapplicable ; Inapplicable ; Inapplicable ; Inapplicable ; Inapplicable ; Unchecked ; Inapplicable ; Inapplicable ; Unchecked ; Unchecked ; Inapplicable ; Inapplicable ; Inapplicable ; Inapplicable ; Inapplicable ; Inapplicable ; Inapplicable ; Inapplicable ; Inapplicable ; Inapplicable ; Inapplicable ; Inapplicable ; Inapplicable ; Inapplicable ; Inapplicable ; Inapplicable ; Inapplicable ; Inapplicable ;
; R8out[30]          ; Inapplicable ; Inapplicable ; Inapplicable ; Inapplicable ; Inapplicable ; Unchecked ; Inapplicable ; Inapplicable ; Unchecked ; Unchecked ; Inapplicable ; Inapplicable ; Inapplicable ; Inapplicable ; Inapplicable ; Inapplicable ; Inapplicable ; Inapplicable ; Inapplicable ; Inapplicable ; Inapplicable ; Inapplicable ; Inapplicable ; Inapplicable ; Inapplicable ; Inapplicable ; Inapplicable ; Inapplicable ;
; R8out[31]          ; Inapplicable ; Inapplicable ; Inapplicable ; Inapplicable ; Inapplicable ; Unchecked ; Inapplicable ; Inapplicable ; Unchecked ; Unchecked ; Inapplicable ; Inapplicable ; Inapplicable ; Inapplicable ; Inapplicable ; Inapplicable ; Inapplicable ; Inapplicable ; Inapplicable ; Inapplicable ; Inapplicable ; Inapplicable ; Inapplicable ; Inapplicable ; Inapplicable ; Inapplicable ; Inapplicable ; Inapplicable ;
; R9out[0]           ; Inapplicable ; Inapplicable ; Inapplicable ; Inapplicable ; Inapplicable ; Unchecked ; Inapplicable ; Inapplicable ; Unchecked ; Unchecked ; Inapplicable ; Inapplicable ; Inapplicable ; Inapplicable ; Inapplicable ; Inapplicable ; Inapplicable ; Inapplicable ; Inapplicable ; Inapplicable ; Inapplicable ; Inapplicable ; Inapplicable ; Inapplicable ; Inapplicable ; Inapplicable ; Inapplicable ; Inapplicable ;
; R9out[1]           ; Inapplicable ; Inapplicable ; Inapplicable ; Inapplicable ; Inapplicable ; Unchecked ; Inapplicable ; Inapplicable ; Unchecked ; Unchecked ; Inapplicable ; Inapplicable ; Inapplicable ; Inapplicable ; Inapplicable ; Inapplicable ; Inapplicable ; Inapplicable ; Inapplicable ; Inapplicable ; Inapplicable ; Inapplicable ; Inapplicable ; Inapplicable ; Inapplicable ; Inapplicable ; Inapplicable ; Inapplicable ;
; R9out[2]           ; Inapplicable ; Inapplicable ; Inapplicable ; Inapplicable ; Inapplicable ; Unchecked ; Inapplicable ; Inapplicable ; Unchecked ; Unchecked ; Inapplicable ; Inapplicable ; Inapplicable ; Inapplicable ; Inapplicable ; Inapplicable ; Inapplicable ; Inapplicable ; Inapplicable ; Inapplicable ; Inapplicable ; Inapplicable ; Inapplicable ; Inapplicable ; Inapplicable ; Inapplicable ; Inapplicable ; Inapplicable ;
; R9out[3]           ; Inapplicable ; Inapplicable ; Inapplicable ; Inapplicable ; Inapplicable ; Unchecked ; Inapplicable ; Inapplicable ; Unchecked ; Unchecked ; Inapplicable ; Inapplicable ; Inapplicable ; Inapplicable ; Inapplicable ; Inapplicable ; Inapplicable ; Inapplicable ; Inapplicable ; Inapplicable ; Inapplicable ; Inapplicable ; Inapplicable ; Inapplicable ; Inapplicable ; Inapplicable ; Inapplicable ; Inapplicable ;
; R9out[4]           ; Inapplicable ; Inapplicable ; Inapplicable ; Inapplicable ; Inapplicable ; Unchecked ; Inapplicable ; Inapplicable ; Unchecked ; Unchecked ; Inapplicable ; Inapplicable ; Inapplicable ; Inapplicable ; Inapplicable ; Inapplicable ; Inapplicable ; Inapplicable ; Inapplicable ; Inapplicable ; Inapplicable ; Inapplicable ; Inapplicable ; Inapplicable ; Inapplicable ; Inapplicable ; Inapplicable ; Inapplicable ;
; R9out[5]           ; Inapplicable ; Inapplicable ; Inapplicable ; Inapplicable ; Inapplicable ; Unchecked ; Inapplicable ; Inapplicable ; Unchecked ; Unchecked ; Inapplicable ; Inapplicable ; Inapplicable ; Inapplicable ; Inapplicable ; Inapplicable ; Inapplicable ; Inapplicable ; Inapplicable ; Inapplicable ; Inapplicable ; Inapplicable ; Inapplicable ; Inapplicable ; Inapplicable ; Inapplicable ; Inapplicable ; Inapplicable ;
; R9out[6]           ; Inapplicable ; Inapplicable ; Inapplicable ; Inapplicable ; Inapplicable ; Unchecked ; Inapplicable ; Inapplicable ; Unchecked ; Unchecked ; Inapplicable ; Inapplicable ; Inapplicable ; Inapplicable ; Inapplicable ; Inapplicable ; Inapplicable ; Inapplicable ; Inapplicable ; Inapplicable ; Inapplicable ; Inapplicable ; Inapplicable ; Inapplicable ; Inapplicable ; Inapplicable ; Inapplicable ; Inapplicable ;
; R9out[7]           ; Inapplicable ; Inapplicable ; Inapplicable ; Inapplicable ; Inapplicable ; Unchecked ; Inapplicable ; Inapplicable ; Unchecked ; Unchecked ; Inapplicable ; Inapplicable ; Inapplicable ; Inapplicable ; Inapplicable ; Inapplicable ; Inapplicable ; Inapplicable ; Inapplicable ; Inapplicable ; Inapplicable ; Inapplicable ; Inapplicable ; Inapplicable ; Inapplicable ; Inapplicable ; Inapplicable ; Inapplicable ;
; R9out[8]           ; Inapplicable ; Inapplicable ; Inapplicable ; Inapplicable ; Inapplicable ; Unchecked ; Inapplicable ; Inapplicable ; Unchecked ; Unchecked ; Inapplicable ; Inapplicable ; Inapplicable ; Inapplicable ; Inapplicable ; Inapplicable ; Inapplicable ; Inapplicable ; Inapplicable ; Inapplicable ; Inapplicable ; Inapplicable ; Inapplicable ; Inapplicable ; Inapplicable ; Inapplicable ; Inapplicable ; Inapplicable ;
; R9out[9]           ; Inapplicable ; Inapplicable ; Inapplicable ; Inapplicable ; Inapplicable ; Unchecked ; Inapplicable ; Inapplicable ; Unchecked ; Unchecked ; Inapplicable ; Inapplicable ; Inapplicable ; Inapplicable ; Inapplicable ; Inapplicable ; Inapplicable ; Inapplicable ; Inapplicable ; Inapplicable ; Inapplicable ; Inapplicable ; Inapplicable ; Inapplicable ; Inapplicable ; Inapplicable ; Inapplicable ; Inapplicable ;
; R9out[10]          ; Inapplicable ; Inapplicable ; Inapplicable ; Inapplicable ; Inapplicable ; Unchecked ; Inapplicable ; Inapplicable ; Unchecked ; Unchecked ; Inapplicable ; Inapplicable ; Inapplicable ; Inapplicable ; Inapplicable ; Inapplicable ; Inapplicable ; Inapplicable ; Inapplicable ; Inapplicable ; Inapplicable ; Inapplicable ; Inapplicable ; Inapplicable ; Inapplicable ; Inapplicable ; Inapplicable ; Inapplicable ;
; R9out[11]          ; Inapplicable ; Inapplicable ; Inapplicable ; Inapplicable ; Inapplicable ; Unchecked ; Inapplicable ; Inapplicable ; Unchecked ; Unchecked ; Inapplicable ; Inapplicable ; Inapplicable ; Inapplicable ; Inapplicable ; Inapplicable ; Inapplicable ; Inapplicable ; Inapplicable ; Inapplicable ; Inapplicable ; Inapplicable ; Inapplicable ; Inapplicable ; Inapplicable ; Inapplicable ; Inapplicable ; Inapplicable ;
; R9out[12]          ; Inapplicable ; Inapplicable ; Inapplicable ; Inapplicable ; Inapplicable ; Unchecked ; Inapplicable ; Inapplicable ; Unchecked ; Unchecked ; Inapplicable ; Inapplicable ; Inapplicable ; Inapplicable ; Inapplicable ; Inapplicable ; Inapplicable ; Inapplicable ; Inapplicable ; Inapplicable ; Inapplicable ; Inapplicable ; Inapplicable ; Inapplicable ; Inapplicable ; Inapplicable ; Inapplicable ; Inapplicable ;
; R9out[13]          ; Inapplicable ; Inapplicable ; Inapplicable ; Inapplicable ; Inapplicable ; Unchecked ; Inapplicable ; Inapplicable ; Unchecked ; Unchecked ; Inapplicable ; Inapplicable ; Inapplicable ; Inapplicable ; Inapplicable ; Inapplicable ; Inapplicable ; Inapplicable ; Inapplicable ; Inapplicable ; Inapplicable ; Inapplicable ; Inapplicable ; Inapplicable ; Inapplicable ; Inapplicable ; Inapplicable ; Inapplicable ;
; R9out[14]          ; Inapplicable ; Inapplicable ; Inapplicable ; Inapplicable ; Inapplicable ; Unchecked ; Inapplicable ; Inapplicable ; Unchecked ; Unchecked ; Inapplicable ; Inapplicable ; Inapplicable ; Inapplicable ; Inapplicable ; Inapplicable ; Inapplicable ; Inapplicable ; Inapplicable ; Inapplicable ; Inapplicable ; Inapplicable ; Inapplicable ; Inapplicable ; Inapplicable ; Inapplicable ; Inapplicable ; Inapplicable ;
; R9out[15]          ; Inapplicable ; Inapplicable ; Inapplicable ; Inapplicable ; Inapplicable ; Unchecked ; Inapplicable ; Inapplicable ; Unchecked ; Unchecked ; Inapplicable ; Inapplicable ; Inapplicable ; Inapplicable ; Inapplicable ; Inapplicable ; Inapplicable ; Inapplicable ; Inapplicable ; Inapplicable ; Inapplicable ; Inapplicable ; Inapplicable ; Inapplicable ; Inapplicable ; Inapplicable ; Inapplicable ; Inapplicable ;
; R9out[16]          ; Inapplicable ; Inapplicable ; Inapplicable ; Inapplicable ; Inapplicable ; Unchecked ; Inapplicable ; Inapplicable ; Unchecked ; Unchecked ; Inapplicable ; Inapplicable ; Inapplicable ; Inapplicable ; Inapplicable ; Inapplicable ; Inapplicable ; Inapplicable ; Inapplicable ; Inapplicable ; Inapplicable ; Inapplicable ; Inapplicable ; Inapplicable ; Inapplicable ; Inapplicable ; Inapplicable ; Inapplicable ;
; R9out[17]          ; Inapplicable ; Inapplicable ; Inapplicable ; Inapplicable ; Inapplicable ; Unchecked ; Inapplicable ; Inapplicable ; Unchecked ; Unchecked ; Inapplicable ; Inapplicable ; Inapplicable ; Inapplicable ; Inapplicable ; Inapplicable ; Inapplicable ; Inapplicable ; Inapplicable ; Inapplicable ; Inapplicable ; Inapplicable ; Inapplicable ; Inapplicable ; Inapplicable ; Inapplicable ; Inapplicable ; Inapplicable ;
; R9out[18]          ; Inapplicable ; Inapplicable ; Inapplicable ; Inapplicable ; Inapplicable ; Unchecked ; Inapplicable ; Inapplicable ; Unchecked ; Unchecked ; Inapplicable ; Inapplicable ; Inapplicable ; Inapplicable ; Inapplicable ; Inapplicable ; Inapplicable ; Inapplicable ; Inapplicable ; Inapplicable ; Inapplicable ; Inapplicable ; Inapplicable ; Inapplicable ; Inapplicable ; Inapplicable ; Inapplicable ; Inapplicable ;
; R9out[19]          ; Inapplicable ; Inapplicable ; Inapplicable ; Inapplicable ; Inapplicable ; Unchecked ; Inapplicable ; Inapplicable ; Unchecked ; Unchecked ; Inapplicable ; Inapplicable ; Inapplicable ; Inapplicable ; Inapplicable ; Inapplicable ; Inapplicable ; Inapplicable ; Inapplicable ; Inapplicable ; Inapplicable ; Inapplicable ; Inapplicable ; Inapplicable ; Inapplicable ; Inapplicable ; Inapplicable ; Inapplicable ;
; R9out[20]          ; Inapplicable ; Inapplicable ; Inapplicable ; Inapplicable ; Inapplicable ; Unchecked ; Inapplicable ; Inapplicable ; Unchecked ; Unchecked ; Inapplicable ; Inapplicable ; Inapplicable ; Inapplicable ; Inapplicable ; Inapplicable ; Inapplicable ; Inapplicable ; Inapplicable ; Inapplicable ; Inapplicable ; Inapplicable ; Inapplicable ; Inapplicable ; Inapplicable ; Inapplicable ; Inapplicable ; Inapplicable ;
; R9out[21]          ; Inapplicable ; Inapplicable ; Inapplicable ; Inapplicable ; Inapplicable ; Unchecked ; Inapplicable ; Inapplicable ; Unchecked ; Unchecked ; Inapplicable ; Inapplicable ; Inapplicable ; Inapplicable ; Inapplicable ; Inapplicable ; Inapplicable ; Inapplicable ; Inapplicable ; Inapplicable ; Inapplicable ; Inapplicable ; Inapplicable ; Inapplicable ; Inapplicable ; Inapplicable ; Inapplicable ; Inapplicable ;
; R9out[22]          ; Inapplicable ; Inapplicable ; Inapplicable ; Inapplicable ; Inapplicable ; Unchecked ; Inapplicable ; Inapplicable ; Unchecked ; Unchecked ; Inapplicable ; Inapplicable ; Inapplicable ; Inapplicable ; Inapplicable ; Inapplicable ; Inapplicable ; Inapplicable ; Inapplicable ; Inapplicable ; Inapplicable ; Inapplicable ; Inapplicable ; Inapplicable ; Inapplicable ; Inapplicable ; Inapplicable ; Inapplicable ;
; R9out[23]          ; Inapplicable ; Inapplicable ; Inapplicable ; Inapplicable ; Inapplicable ; Unchecked ; Inapplicable ; Inapplicable ; Unchecked ; Unchecked ; Inapplicable ; Inapplicable ; Inapplicable ; Inapplicable ; Inapplicable ; Inapplicable ; Inapplicable ; Inapplicable ; Inapplicable ; Inapplicable ; Inapplicable ; Inapplicable ; Inapplicable ; Inapplicable ; Inapplicable ; Inapplicable ; Inapplicable ; Inapplicable ;
; R9out[24]          ; Inapplicable ; Inapplicable ; Inapplicable ; Inapplicable ; Inapplicable ; Unchecked ; Inapplicable ; Inapplicable ; Unchecked ; Unchecked ; Inapplicable ; Inapplicable ; Inapplicable ; Inapplicable ; Inapplicable ; Inapplicable ; Inapplicable ; Inapplicable ; Inapplicable ; Inapplicable ; Inapplicable ; Inapplicable ; Inapplicable ; Inapplicable ; Inapplicable ; Inapplicable ; Inapplicable ; Inapplicable ;
; R9out[25]          ; Inapplicable ; Inapplicable ; Inapplicable ; Inapplicable ; Inapplicable ; Unchecked ; Inapplicable ; Inapplicable ; Unchecked ; Unchecked ; Inapplicable ; Inapplicable ; Inapplicable ; Inapplicable ; Inapplicable ; Inapplicable ; Inapplicable ; Inapplicable ; Inapplicable ; Inapplicable ; Inapplicable ; Inapplicable ; Inapplicable ; Inapplicable ; Inapplicable ; Inapplicable ; Inapplicable ; Inapplicable ;
; R9out[26]          ; Inapplicable ; Inapplicable ; Inapplicable ; Inapplicable ; Inapplicable ; Unchecked ; Inapplicable ; Inapplicable ; Unchecked ; Unchecked ; Inapplicable ; Inapplicable ; Inapplicable ; Inapplicable ; Inapplicable ; Inapplicable ; Inapplicable ; Inapplicable ; Inapplicable ; Inapplicable ; Inapplicable ; Inapplicable ; Inapplicable ; Inapplicable ; Inapplicable ; Inapplicable ; Inapplicable ; Inapplicable ;
; R9out[27]          ; Inapplicable ; Inapplicable ; Inapplicable ; Inapplicable ; Inapplicable ; Unchecked ; Inapplicable ; Inapplicable ; Unchecked ; Unchecked ; Inapplicable ; Inapplicable ; Inapplicable ; Inapplicable ; Inapplicable ; Inapplicable ; Inapplicable ; Inapplicable ; Inapplicable ; Inapplicable ; Inapplicable ; Inapplicable ; Inapplicable ; Inapplicable ; Inapplicable ; Inapplicable ; Inapplicable ; Inapplicable ;
; R9out[28]          ; Inapplicable ; Inapplicable ; Inapplicable ; Inapplicable ; Inapplicable ; Unchecked ; Inapplicable ; Inapplicable ; Unchecked ; Unchecked ; Inapplicable ; Inapplicable ; Inapplicable ; Inapplicable ; Inapplicable ; Inapplicable ; Inapplicable ; Inapplicable ; Inapplicable ; Inapplicable ; Inapplicable ; Inapplicable ; Inapplicable ; Inapplicable ; Inapplicable ; Inapplicable ; Inapplicable ; Inapplicable ;
; R9out[29]          ; Inapplicable ; Inapplicable ; Inapplicable ; Inapplicable ; Inapplicable ; Unchecked ; Inapplicable ; Inapplicable ; Unchecked ; Unchecked ; Inapplicable ; Inapplicable ; Inapplicable ; Inapplicable ; Inapplicable ; Inapplicable ; Inapplicable ; Inapplicable ; Inapplicable ; Inapplicable ; Inapplicable ; Inapplicable ; Inapplicable ; Inapplicable ; Inapplicable ; Inapplicable ; Inapplicable ; Inapplicable ;
; R9out[30]          ; Inapplicable ; Inapplicable ; Inapplicable ; Inapplicable ; Inapplicable ; Unchecked ; Inapplicable ; Inapplicable ; Unchecked ; Unchecked ; Inapplicable ; Inapplicable ; Inapplicable ; Inapplicable ; Inapplicable ; Inapplicable ; Inapplicable ; Inapplicable ; Inapplicable ; Inapplicable ; Inapplicable ; Inapplicable ; Inapplicable ; Inapplicable ; Inapplicable ; Inapplicable ; Inapplicable ; Inapplicable ;
; R9out[31]          ; Inapplicable ; Inapplicable ; Inapplicable ; Inapplicable ; Inapplicable ; Unchecked ; Inapplicable ; Inapplicable ; Unchecked ; Unchecked ; Inapplicable ; Inapplicable ; Inapplicable ; Inapplicable ; Inapplicable ; Inapplicable ; Inapplicable ; Inapplicable ; Inapplicable ; Inapplicable ; Inapplicable ; Inapplicable ; Inapplicable ; Inapplicable ; Inapplicable ; Inapplicable ; Inapplicable ; Inapplicable ;
; R10out[0]          ; Inapplicable ; Inapplicable ; Inapplicable ; Inapplicable ; Inapplicable ; Unchecked ; Inapplicable ; Inapplicable ; Unchecked ; Unchecked ; Inapplicable ; Inapplicable ; Inapplicable ; Inapplicable ; Inapplicable ; Inapplicable ; Inapplicable ; Inapplicable ; Inapplicable ; Inapplicable ; Inapplicable ; Inapplicable ; Inapplicable ; Inapplicable ; Inapplicable ; Inapplicable ; Inapplicable ; Inapplicable ;
; R10out[1]          ; Inapplicable ; Inapplicable ; Inapplicable ; Inapplicable ; Inapplicable ; Unchecked ; Inapplicable ; Inapplicable ; Unchecked ; Unchecked ; Inapplicable ; Inapplicable ; Inapplicable ; Inapplicable ; Inapplicable ; Inapplicable ; Inapplicable ; Inapplicable ; Inapplicable ; Inapplicable ; Inapplicable ; Inapplicable ; Inapplicable ; Inapplicable ; Inapplicable ; Inapplicable ; Inapplicable ; Inapplicable ;
; R10out[2]          ; Inapplicable ; Inapplicable ; Inapplicable ; Inapplicable ; Inapplicable ; Unchecked ; Inapplicable ; Inapplicable ; Unchecked ; Unchecked ; Inapplicable ; Inapplicable ; Inapplicable ; Inapplicable ; Inapplicable ; Inapplicable ; Inapplicable ; Inapplicable ; Inapplicable ; Inapplicable ; Inapplicable ; Inapplicable ; Inapplicable ; Inapplicable ; Inapplicable ; Inapplicable ; Inapplicable ; Inapplicable ;
; R10out[3]          ; Inapplicable ; Inapplicable ; Inapplicable ; Inapplicable ; Inapplicable ; Unchecked ; Inapplicable ; Inapplicable ; Unchecked ; Unchecked ; Inapplicable ; Inapplicable ; Inapplicable ; Inapplicable ; Inapplicable ; Inapplicable ; Inapplicable ; Inapplicable ; Inapplicable ; Inapplicable ; Inapplicable ; Inapplicable ; Inapplicable ; Inapplicable ; Inapplicable ; Inapplicable ; Inapplicable ; Inapplicable ;
; R10out[4]          ; Inapplicable ; Inapplicable ; Inapplicable ; Inapplicable ; Inapplicable ; Unchecked ; Inapplicable ; Inapplicable ; Unchecked ; Unchecked ; Inapplicable ; Inapplicable ; Inapplicable ; Inapplicable ; Inapplicable ; Inapplicable ; Inapplicable ; Inapplicable ; Inapplicable ; Inapplicable ; Inapplicable ; Inapplicable ; Inapplicable ; Inapplicable ; Inapplicable ; Inapplicable ; Inapplicable ; Inapplicable ;
; R10out[5]          ; Inapplicable ; Inapplicable ; Inapplicable ; Inapplicable ; Inapplicable ; Unchecked ; Inapplicable ; Inapplicable ; Unchecked ; Unchecked ; Inapplicable ; Inapplicable ; Inapplicable ; Inapplicable ; Inapplicable ; Inapplicable ; Inapplicable ; Inapplicable ; Inapplicable ; Inapplicable ; Inapplicable ; Inapplicable ; Inapplicable ; Inapplicable ; Inapplicable ; Inapplicable ; Inapplicable ; Inapplicable ;
; R10out[6]          ; Inapplicable ; Inapplicable ; Inapplicable ; Inapplicable ; Inapplicable ; Unchecked ; Inapplicable ; Inapplicable ; Unchecked ; Unchecked ; Inapplicable ; Inapplicable ; Inapplicable ; Inapplicable ; Inapplicable ; Inapplicable ; Inapplicable ; Inapplicable ; Inapplicable ; Inapplicable ; Inapplicable ; Inapplicable ; Inapplicable ; Inapplicable ; Inapplicable ; Inapplicable ; Inapplicable ; Inapplicable ;
; R10out[7]          ; Inapplicable ; Inapplicable ; Inapplicable ; Inapplicable ; Inapplicable ; Unchecked ; Inapplicable ; Inapplicable ; Unchecked ; Unchecked ; Inapplicable ; Inapplicable ; Inapplicable ; Inapplicable ; Inapplicable ; Inapplicable ; Inapplicable ; Inapplicable ; Inapplicable ; Inapplicable ; Inapplicable ; Inapplicable ; Inapplicable ; Inapplicable ; Inapplicable ; Inapplicable ; Inapplicable ; Inapplicable ;
; R10out[8]          ; Inapplicable ; Inapplicable ; Inapplicable ; Inapplicable ; Inapplicable ; Unchecked ; Inapplicable ; Inapplicable ; Unchecked ; Unchecked ; Inapplicable ; Inapplicable ; Inapplicable ; Inapplicable ; Inapplicable ; Inapplicable ; Inapplicable ; Inapplicable ; Inapplicable ; Inapplicable ; Inapplicable ; Inapplicable ; Inapplicable ; Inapplicable ; Inapplicable ; Inapplicable ; Inapplicable ; Inapplicable ;
; R10out[9]          ; Inapplicable ; Inapplicable ; Inapplicable ; Inapplicable ; Inapplicable ; Unchecked ; Inapplicable ; Inapplicable ; Unchecked ; Unchecked ; Inapplicable ; Inapplicable ; Inapplicable ; Inapplicable ; Inapplicable ; Inapplicable ; Inapplicable ; Inapplicable ; Inapplicable ; Inapplicable ; Inapplicable ; Inapplicable ; Inapplicable ; Inapplicable ; Inapplicable ; Inapplicable ; Inapplicable ; Inapplicable ;
; R10out[10]         ; Inapplicable ; Inapplicable ; Inapplicable ; Inapplicable ; Inapplicable ; Unchecked ; Inapplicable ; Inapplicable ; Unchecked ; Unchecked ; Inapplicable ; Inapplicable ; Inapplicable ; Inapplicable ; Inapplicable ; Inapplicable ; Inapplicable ; Inapplicable ; Inapplicable ; Inapplicable ; Inapplicable ; Inapplicable ; Inapplicable ; Inapplicable ; Inapplicable ; Inapplicable ; Inapplicable ; Inapplicable ;
; R10out[11]         ; Inapplicable ; Inapplicable ; Inapplicable ; Inapplicable ; Inapplicable ; Unchecked ; Inapplicable ; Inapplicable ; Unchecked ; Unchecked ; Inapplicable ; Inapplicable ; Inapplicable ; Inapplicable ; Inapplicable ; Inapplicable ; Inapplicable ; Inapplicable ; Inapplicable ; Inapplicable ; Inapplicable ; Inapplicable ; Inapplicable ; Inapplicable ; Inapplicable ; Inapplicable ; Inapplicable ; Inapplicable ;
; R10out[12]         ; Inapplicable ; Inapplicable ; Inapplicable ; Inapplicable ; Inapplicable ; Unchecked ; Inapplicable ; Inapplicable ; Unchecked ; Unchecked ; Inapplicable ; Inapplicable ; Inapplicable ; Inapplicable ; Inapplicable ; Inapplicable ; Inapplicable ; Inapplicable ; Inapplicable ; Inapplicable ; Inapplicable ; Inapplicable ; Inapplicable ; Inapplicable ; Inapplicable ; Inapplicable ; Inapplicable ; Inapplicable ;
; R10out[13]         ; Inapplicable ; Inapplicable ; Inapplicable ; Inapplicable ; Inapplicable ; Unchecked ; Inapplicable ; Inapplicable ; Unchecked ; Unchecked ; Inapplicable ; Inapplicable ; Inapplicable ; Inapplicable ; Inapplicable ; Inapplicable ; Inapplicable ; Inapplicable ; Inapplicable ; Inapplicable ; Inapplicable ; Inapplicable ; Inapplicable ; Inapplicable ; Inapplicable ; Inapplicable ; Inapplicable ; Inapplicable ;
; R10out[14]         ; Inapplicable ; Inapplicable ; Inapplicable ; Inapplicable ; Inapplicable ; Unchecked ; Inapplicable ; Inapplicable ; Unchecked ; Unchecked ; Inapplicable ; Inapplicable ; Inapplicable ; Inapplicable ; Inapplicable ; Inapplicable ; Inapplicable ; Inapplicable ; Inapplicable ; Inapplicable ; Inapplicable ; Inapplicable ; Inapplicable ; Inapplicable ; Inapplicable ; Inapplicable ; Inapplicable ; Inapplicable ;
; R10out[15]         ; Inapplicable ; Inapplicable ; Inapplicable ; Inapplicable ; Inapplicable ; Unchecked ; Inapplicable ; Inapplicable ; Unchecked ; Unchecked ; Inapplicable ; Inapplicable ; Inapplicable ; Inapplicable ; Inapplicable ; Inapplicable ; Inapplicable ; Inapplicable ; Inapplicable ; Inapplicable ; Inapplicable ; Inapplicable ; Inapplicable ; Inapplicable ; Inapplicable ; Inapplicable ; Inapplicable ; Inapplicable ;
; R10out[16]         ; Inapplicable ; Inapplicable ; Inapplicable ; Inapplicable ; Inapplicable ; Unchecked ; Inapplicable ; Inapplicable ; Unchecked ; Unchecked ; Inapplicable ; Inapplicable ; Inapplicable ; Inapplicable ; Inapplicable ; Inapplicable ; Inapplicable ; Inapplicable ; Inapplicable ; Inapplicable ; Inapplicable ; Inapplicable ; Inapplicable ; Inapplicable ; Inapplicable ; Inapplicable ; Inapplicable ; Inapplicable ;
; R10out[17]         ; Inapplicable ; Inapplicable ; Inapplicable ; Inapplicable ; Inapplicable ; Unchecked ; Inapplicable ; Inapplicable ; Unchecked ; Unchecked ; Inapplicable ; Inapplicable ; Inapplicable ; Inapplicable ; Inapplicable ; Inapplicable ; Inapplicable ; Inapplicable ; Inapplicable ; Inapplicable ; Inapplicable ; Inapplicable ; Inapplicable ; Inapplicable ; Inapplicable ; Inapplicable ; Inapplicable ; Inapplicable ;
; R10out[18]         ; Inapplicable ; Inapplicable ; Inapplicable ; Inapplicable ; Inapplicable ; Unchecked ; Inapplicable ; Inapplicable ; Unchecked ; Unchecked ; Inapplicable ; Inapplicable ; Inapplicable ; Inapplicable ; Inapplicable ; Inapplicable ; Inapplicable ; Inapplicable ; Inapplicable ; Inapplicable ; Inapplicable ; Inapplicable ; Inapplicable ; Inapplicable ; Inapplicable ; Inapplicable ; Inapplicable ; Inapplicable ;
; R10out[19]         ; Inapplicable ; Inapplicable ; Inapplicable ; Inapplicable ; Inapplicable ; Unchecked ; Inapplicable ; Inapplicable ; Unchecked ; Unchecked ; Inapplicable ; Inapplicable ; Inapplicable ; Inapplicable ; Inapplicable ; Inapplicable ; Inapplicable ; Inapplicable ; Inapplicable ; Inapplicable ; Inapplicable ; Inapplicable ; Inapplicable ; Inapplicable ; Inapplicable ; Inapplicable ; Inapplicable ; Inapplicable ;
; R10out[20]         ; Inapplicable ; Inapplicable ; Inapplicable ; Inapplicable ; Inapplicable ; Unchecked ; Inapplicable ; Inapplicable ; Unchecked ; Unchecked ; Inapplicable ; Inapplicable ; Inapplicable ; Inapplicable ; Inapplicable ; Inapplicable ; Inapplicable ; Inapplicable ; Inapplicable ; Inapplicable ; Inapplicable ; Inapplicable ; Inapplicable ; Inapplicable ; Inapplicable ; Inapplicable ; Inapplicable ; Inapplicable ;
; R10out[21]         ; Inapplicable ; Inapplicable ; Inapplicable ; Inapplicable ; Inapplicable ; Unchecked ; Inapplicable ; Inapplicable ; Unchecked ; Unchecked ; Inapplicable ; Inapplicable ; Inapplicable ; Inapplicable ; Inapplicable ; Inapplicable ; Inapplicable ; Inapplicable ; Inapplicable ; Inapplicable ; Inapplicable ; Inapplicable ; Inapplicable ; Inapplicable ; Inapplicable ; Inapplicable ; Inapplicable ; Inapplicable ;
; R10out[22]         ; Inapplicable ; Inapplicable ; Inapplicable ; Inapplicable ; Inapplicable ; Unchecked ; Inapplicable ; Inapplicable ; Unchecked ; Unchecked ; Inapplicable ; Inapplicable ; Inapplicable ; Inapplicable ; Inapplicable ; Inapplicable ; Inapplicable ; Inapplicable ; Inapplicable ; Inapplicable ; Inapplicable ; Inapplicable ; Inapplicable ; Inapplicable ; Inapplicable ; Inapplicable ; Inapplicable ; Inapplicable ;
; R10out[23]         ; Inapplicable ; Inapplicable ; Inapplicable ; Inapplicable ; Inapplicable ; Unchecked ; Inapplicable ; Inapplicable ; Unchecked ; Unchecked ; Inapplicable ; Inapplicable ; Inapplicable ; Inapplicable ; Inapplicable ; Inapplicable ; Inapplicable ; Inapplicable ; Inapplicable ; Inapplicable ; Inapplicable ; Inapplicable ; Inapplicable ; Inapplicable ; Inapplicable ; Inapplicable ; Inapplicable ; Inapplicable ;
; R10out[24]         ; Inapplicable ; Inapplicable ; Inapplicable ; Inapplicable ; Inapplicable ; Unchecked ; Inapplicable ; Inapplicable ; Unchecked ; Unchecked ; Inapplicable ; Inapplicable ; Inapplicable ; Inapplicable ; Inapplicable ; Inapplicable ; Inapplicable ; Inapplicable ; Inapplicable ; Inapplicable ; Inapplicable ; Inapplicable ; Inapplicable ; Inapplicable ; Inapplicable ; Inapplicable ; Inapplicable ; Inapplicable ;
; R10out[25]         ; Inapplicable ; Inapplicable ; Inapplicable ; Inapplicable ; Inapplicable ; Unchecked ; Inapplicable ; Inapplicable ; Unchecked ; Unchecked ; Inapplicable ; Inapplicable ; Inapplicable ; Inapplicable ; Inapplicable ; Inapplicable ; Inapplicable ; Inapplicable ; Inapplicable ; Inapplicable ; Inapplicable ; Inapplicable ; Inapplicable ; Inapplicable ; Inapplicable ; Inapplicable ; Inapplicable ; Inapplicable ;
; R10out[26]         ; Inapplicable ; Inapplicable ; Inapplicable ; Inapplicable ; Inapplicable ; Unchecked ; Inapplicable ; Inapplicable ; Unchecked ; Unchecked ; Inapplicable ; Inapplicable ; Inapplicable ; Inapplicable ; Inapplicable ; Inapplicable ; Inapplicable ; Inapplicable ; Inapplicable ; Inapplicable ; Inapplicable ; Inapplicable ; Inapplicable ; Inapplicable ; Inapplicable ; Inapplicable ; Inapplicable ; Inapplicable ;
; R10out[27]         ; Inapplicable ; Inapplicable ; Inapplicable ; Inapplicable ; Inapplicable ; Unchecked ; Inapplicable ; Inapplicable ; Unchecked ; Unchecked ; Inapplicable ; Inapplicable ; Inapplicable ; Inapplicable ; Inapplicable ; Inapplicable ; Inapplicable ; Inapplicable ; Inapplicable ; Inapplicable ; Inapplicable ; Inapplicable ; Inapplicable ; Inapplicable ; Inapplicable ; Inapplicable ; Inapplicable ; Inapplicable ;
; R10out[28]         ; Inapplicable ; Inapplicable ; Inapplicable ; Inapplicable ; Inapplicable ; Unchecked ; Inapplicable ; Inapplicable ; Unchecked ; Unchecked ; Inapplicable ; Inapplicable ; Inapplicable ; Inapplicable ; Inapplicable ; Inapplicable ; Inapplicable ; Inapplicable ; Inapplicable ; Inapplicable ; Inapplicable ; Inapplicable ; Inapplicable ; Inapplicable ; Inapplicable ; Inapplicable ; Inapplicable ; Inapplicable ;
; R10out[29]         ; Inapplicable ; Inapplicable ; Inapplicable ; Inapplicable ; Inapplicable ; Unchecked ; Inapplicable ; Inapplicable ; Unchecked ; Unchecked ; Inapplicable ; Inapplicable ; Inapplicable ; Inapplicable ; Inapplicable ; Inapplicable ; Inapplicable ; Inapplicable ; Inapplicable ; Inapplicable ; Inapplicable ; Inapplicable ; Inapplicable ; Inapplicable ; Inapplicable ; Inapplicable ; Inapplicable ; Inapplicable ;
; R10out[30]         ; Inapplicable ; Inapplicable ; Inapplicable ; Inapplicable ; Inapplicable ; Unchecked ; Inapplicable ; Inapplicable ; Unchecked ; Unchecked ; Inapplicable ; Inapplicable ; Inapplicable ; Inapplicable ; Inapplicable ; Inapplicable ; Inapplicable ; Inapplicable ; Inapplicable ; Inapplicable ; Inapplicable ; Inapplicable ; Inapplicable ; Inapplicable ; Inapplicable ; Inapplicable ; Inapplicable ; Inapplicable ;
; R10out[31]         ; Inapplicable ; Inapplicable ; Inapplicable ; Inapplicable ; Inapplicable ; Unchecked ; Inapplicable ; Inapplicable ; Unchecked ; Unchecked ; Inapplicable ; Inapplicable ; Inapplicable ; Inapplicable ; Inapplicable ; Inapplicable ; Inapplicable ; Inapplicable ; Inapplicable ; Inapplicable ; Inapplicable ; Inapplicable ; Inapplicable ; Inapplicable ; Inapplicable ; Inapplicable ; Inapplicable ; Inapplicable ;
; R11out[0]          ; Inapplicable ; Inapplicable ; Inapplicable ; Inapplicable ; Inapplicable ; Unchecked ; Inapplicable ; Inapplicable ; Unchecked ; Unchecked ; Inapplicable ; Inapplicable ; Inapplicable ; Inapplicable ; Inapplicable ; Inapplicable ; Inapplicable ; Inapplicable ; Inapplicable ; Inapplicable ; Inapplicable ; Inapplicable ; Inapplicable ; Inapplicable ; Inapplicable ; Inapplicable ; Inapplicable ; Inapplicable ;
; R11out[1]          ; Inapplicable ; Inapplicable ; Inapplicable ; Inapplicable ; Inapplicable ; Unchecked ; Inapplicable ; Inapplicable ; Unchecked ; Unchecked ; Inapplicable ; Inapplicable ; Inapplicable ; Inapplicable ; Inapplicable ; Inapplicable ; Inapplicable ; Inapplicable ; Inapplicable ; Inapplicable ; Inapplicable ; Inapplicable ; Inapplicable ; Inapplicable ; Inapplicable ; Inapplicable ; Inapplicable ; Inapplicable ;
; R11out[2]          ; Inapplicable ; Inapplicable ; Inapplicable ; Inapplicable ; Inapplicable ; Unchecked ; Inapplicable ; Inapplicable ; Unchecked ; Unchecked ; Inapplicable ; Inapplicable ; Inapplicable ; Inapplicable ; Inapplicable ; Inapplicable ; Inapplicable ; Inapplicable ; Inapplicable ; Inapplicable ; Inapplicable ; Inapplicable ; Inapplicable ; Inapplicable ; Inapplicable ; Inapplicable ; Inapplicable ; Inapplicable ;
; R11out[3]          ; Inapplicable ; Inapplicable ; Inapplicable ; Inapplicable ; Inapplicable ; Unchecked ; Inapplicable ; Inapplicable ; Unchecked ; Unchecked ; Inapplicable ; Inapplicable ; Inapplicable ; Inapplicable ; Inapplicable ; Inapplicable ; Inapplicable ; Inapplicable ; Inapplicable ; Inapplicable ; Inapplicable ; Inapplicable ; Inapplicable ; Inapplicable ; Inapplicable ; Inapplicable ; Inapplicable ; Inapplicable ;
; R11out[4]          ; Inapplicable ; Inapplicable ; Inapplicable ; Inapplicable ; Inapplicable ; Unchecked ; Inapplicable ; Inapplicable ; Unchecked ; Unchecked ; Inapplicable ; Inapplicable ; Inapplicable ; Inapplicable ; Inapplicable ; Inapplicable ; Inapplicable ; Inapplicable ; Inapplicable ; Inapplicable ; Inapplicable ; Inapplicable ; Inapplicable ; Inapplicable ; Inapplicable ; Inapplicable ; Inapplicable ; Inapplicable ;
; R11out[5]          ; Inapplicable ; Inapplicable ; Inapplicable ; Inapplicable ; Inapplicable ; Unchecked ; Inapplicable ; Inapplicable ; Unchecked ; Unchecked ; Inapplicable ; Inapplicable ; Inapplicable ; Inapplicable ; Inapplicable ; Inapplicable ; Inapplicable ; Inapplicable ; Inapplicable ; Inapplicable ; Inapplicable ; Inapplicable ; Inapplicable ; Inapplicable ; Inapplicable ; Inapplicable ; Inapplicable ; Inapplicable ;
; R11out[6]          ; Inapplicable ; Inapplicable ; Inapplicable ; Inapplicable ; Inapplicable ; Unchecked ; Inapplicable ; Inapplicable ; Unchecked ; Unchecked ; Inapplicable ; Inapplicable ; Inapplicable ; Inapplicable ; Inapplicable ; Inapplicable ; Inapplicable ; Inapplicable ; Inapplicable ; Inapplicable ; Inapplicable ; Inapplicable ; Inapplicable ; Inapplicable ; Inapplicable ; Inapplicable ; Inapplicable ; Inapplicable ;
; R11out[7]          ; Inapplicable ; Inapplicable ; Inapplicable ; Inapplicable ; Inapplicable ; Unchecked ; Inapplicable ; Inapplicable ; Unchecked ; Unchecked ; Inapplicable ; Inapplicable ; Inapplicable ; Inapplicable ; Inapplicable ; Inapplicable ; Inapplicable ; Inapplicable ; Inapplicable ; Inapplicable ; Inapplicable ; Inapplicable ; Inapplicable ; Inapplicable ; Inapplicable ; Inapplicable ; Inapplicable ; Inapplicable ;
; R11out[8]          ; Inapplicable ; Inapplicable ; Inapplicable ; Inapplicable ; Inapplicable ; Unchecked ; Inapplicable ; Inapplicable ; Unchecked ; Unchecked ; Inapplicable ; Inapplicable ; Inapplicable ; Inapplicable ; Inapplicable ; Inapplicable ; Inapplicable ; Inapplicable ; Inapplicable ; Inapplicable ; Inapplicable ; Inapplicable ; Inapplicable ; Inapplicable ; Inapplicable ; Inapplicable ; Inapplicable ; Inapplicable ;
; R11out[9]          ; Inapplicable ; Inapplicable ; Inapplicable ; Inapplicable ; Inapplicable ; Unchecked ; Inapplicable ; Inapplicable ; Unchecked ; Unchecked ; Inapplicable ; Inapplicable ; Inapplicable ; Inapplicable ; Inapplicable ; Inapplicable ; Inapplicable ; Inapplicable ; Inapplicable ; Inapplicable ; Inapplicable ; Inapplicable ; Inapplicable ; Inapplicable ; Inapplicable ; Inapplicable ; Inapplicable ; Inapplicable ;
; R11out[10]         ; Inapplicable ; Inapplicable ; Inapplicable ; Inapplicable ; Inapplicable ; Unchecked ; Inapplicable ; Inapplicable ; Unchecked ; Unchecked ; Inapplicable ; Inapplicable ; Inapplicable ; Inapplicable ; Inapplicable ; Inapplicable ; Inapplicable ; Inapplicable ; Inapplicable ; Inapplicable ; Inapplicable ; Inapplicable ; Inapplicable ; Inapplicable ; Inapplicable ; Inapplicable ; Inapplicable ; Inapplicable ;
; R11out[11]         ; Inapplicable ; Inapplicable ; Inapplicable ; Inapplicable ; Inapplicable ; Unchecked ; Inapplicable ; Inapplicable ; Unchecked ; Unchecked ; Inapplicable ; Inapplicable ; Inapplicable ; Inapplicable ; Inapplicable ; Inapplicable ; Inapplicable ; Inapplicable ; Inapplicable ; Inapplicable ; Inapplicable ; Inapplicable ; Inapplicable ; Inapplicable ; Inapplicable ; Inapplicable ; Inapplicable ; Inapplicable ;
; R11out[12]         ; Inapplicable ; Inapplicable ; Inapplicable ; Inapplicable ; Inapplicable ; Unchecked ; Inapplicable ; Inapplicable ; Unchecked ; Unchecked ; Inapplicable ; Inapplicable ; Inapplicable ; Inapplicable ; Inapplicable ; Inapplicable ; Inapplicable ; Inapplicable ; Inapplicable ; Inapplicable ; Inapplicable ; Inapplicable ; Inapplicable ; Inapplicable ; Inapplicable ; Inapplicable ; Inapplicable ; Inapplicable ;
; R11out[13]         ; Inapplicable ; Inapplicable ; Inapplicable ; Inapplicable ; Inapplicable ; Unchecked ; Inapplicable ; Inapplicable ; Unchecked ; Unchecked ; Inapplicable ; Inapplicable ; Inapplicable ; Inapplicable ; Inapplicable ; Inapplicable ; Inapplicable ; Inapplicable ; Inapplicable ; Inapplicable ; Inapplicable ; Inapplicable ; Inapplicable ; Inapplicable ; Inapplicable ; Inapplicable ; Inapplicable ; Inapplicable ;
; R11out[14]         ; Inapplicable ; Inapplicable ; Inapplicable ; Inapplicable ; Inapplicable ; Unchecked ; Inapplicable ; Inapplicable ; Unchecked ; Unchecked ; Inapplicable ; Inapplicable ; Inapplicable ; Inapplicable ; Inapplicable ; Inapplicable ; Inapplicable ; Inapplicable ; Inapplicable ; Inapplicable ; Inapplicable ; Inapplicable ; Inapplicable ; Inapplicable ; Inapplicable ; Inapplicable ; Inapplicable ; Inapplicable ;
; R11out[15]         ; Inapplicable ; Inapplicable ; Inapplicable ; Inapplicable ; Inapplicable ; Unchecked ; Inapplicable ; Inapplicable ; Unchecked ; Unchecked ; Inapplicable ; Inapplicable ; Inapplicable ; Inapplicable ; Inapplicable ; Inapplicable ; Inapplicable ; Inapplicable ; Inapplicable ; Inapplicable ; Inapplicable ; Inapplicable ; Inapplicable ; Inapplicable ; Inapplicable ; Inapplicable ; Inapplicable ; Inapplicable ;
; R11out[16]         ; Inapplicable ; Inapplicable ; Inapplicable ; Inapplicable ; Inapplicable ; Unchecked ; Inapplicable ; Inapplicable ; Unchecked ; Unchecked ; Inapplicable ; Inapplicable ; Inapplicable ; Inapplicable ; Inapplicable ; Inapplicable ; Inapplicable ; Inapplicable ; Inapplicable ; Inapplicable ; Inapplicable ; Inapplicable ; Inapplicable ; Inapplicable ; Inapplicable ; Inapplicable ; Inapplicable ; Inapplicable ;
; R11out[17]         ; Inapplicable ; Inapplicable ; Inapplicable ; Inapplicable ; Inapplicable ; Unchecked ; Inapplicable ; Inapplicable ; Unchecked ; Unchecked ; Inapplicable ; Inapplicable ; Inapplicable ; Inapplicable ; Inapplicable ; Inapplicable ; Inapplicable ; Inapplicable ; Inapplicable ; Inapplicable ; Inapplicable ; Inapplicable ; Inapplicable ; Inapplicable ; Inapplicable ; Inapplicable ; Inapplicable ; Inapplicable ;
; R11out[18]         ; Inapplicable ; Inapplicable ; Inapplicable ; Inapplicable ; Inapplicable ; Unchecked ; Inapplicable ; Inapplicable ; Unchecked ; Unchecked ; Inapplicable ; Inapplicable ; Inapplicable ; Inapplicable ; Inapplicable ; Inapplicable ; Inapplicable ; Inapplicable ; Inapplicable ; Inapplicable ; Inapplicable ; Inapplicable ; Inapplicable ; Inapplicable ; Inapplicable ; Inapplicable ; Inapplicable ; Inapplicable ;
; R11out[19]         ; Inapplicable ; Inapplicable ; Inapplicable ; Inapplicable ; Inapplicable ; Unchecked ; Inapplicable ; Inapplicable ; Unchecked ; Unchecked ; Inapplicable ; Inapplicable ; Inapplicable ; Inapplicable ; Inapplicable ; Inapplicable ; Inapplicable ; Inapplicable ; Inapplicable ; Inapplicable ; Inapplicable ; Inapplicable ; Inapplicable ; Inapplicable ; Inapplicable ; Inapplicable ; Inapplicable ; Inapplicable ;
; R11out[20]         ; Inapplicable ; Inapplicable ; Inapplicable ; Inapplicable ; Inapplicable ; Unchecked ; Inapplicable ; Inapplicable ; Unchecked ; Unchecked ; Inapplicable ; Inapplicable ; Inapplicable ; Inapplicable ; Inapplicable ; Inapplicable ; Inapplicable ; Inapplicable ; Inapplicable ; Inapplicable ; Inapplicable ; Inapplicable ; Inapplicable ; Inapplicable ; Inapplicable ; Inapplicable ; Inapplicable ; Inapplicable ;
; R11out[21]         ; Inapplicable ; Inapplicable ; Inapplicable ; Inapplicable ; Inapplicable ; Unchecked ; Inapplicable ; Inapplicable ; Unchecked ; Unchecked ; Inapplicable ; Inapplicable ; Inapplicable ; Inapplicable ; Inapplicable ; Inapplicable ; Inapplicable ; Inapplicable ; Inapplicable ; Inapplicable ; Inapplicable ; Inapplicable ; Inapplicable ; Inapplicable ; Inapplicable ; Inapplicable ; Inapplicable ; Inapplicable ;
; R11out[22]         ; Inapplicable ; Inapplicable ; Inapplicable ; Inapplicable ; Inapplicable ; Unchecked ; Inapplicable ; Inapplicable ; Unchecked ; Unchecked ; Inapplicable ; Inapplicable ; Inapplicable ; Inapplicable ; Inapplicable ; Inapplicable ; Inapplicable ; Inapplicable ; Inapplicable ; Inapplicable ; Inapplicable ; Inapplicable ; Inapplicable ; Inapplicable ; Inapplicable ; Inapplicable ; Inapplicable ; Inapplicable ;
; R11out[23]         ; Inapplicable ; Inapplicable ; Inapplicable ; Inapplicable ; Inapplicable ; Unchecked ; Inapplicable ; Inapplicable ; Unchecked ; Unchecked ; Inapplicable ; Inapplicable ; Inapplicable ; Inapplicable ; Inapplicable ; Inapplicable ; Inapplicable ; Inapplicable ; Inapplicable ; Inapplicable ; Inapplicable ; Inapplicable ; Inapplicable ; Inapplicable ; Inapplicable ; Inapplicable ; Inapplicable ; Inapplicable ;
; R11out[24]         ; Inapplicable ; Inapplicable ; Inapplicable ; Inapplicable ; Inapplicable ; Unchecked ; Inapplicable ; Inapplicable ; Unchecked ; Unchecked ; Inapplicable ; Inapplicable ; Inapplicable ; Inapplicable ; Inapplicable ; Inapplicable ; Inapplicable ; Inapplicable ; Inapplicable ; Inapplicable ; Inapplicable ; Inapplicable ; Inapplicable ; Inapplicable ; Inapplicable ; Inapplicable ; Inapplicable ; Inapplicable ;
; R11out[25]         ; Inapplicable ; Inapplicable ; Inapplicable ; Inapplicable ; Inapplicable ; Unchecked ; Inapplicable ; Inapplicable ; Unchecked ; Unchecked ; Inapplicable ; Inapplicable ; Inapplicable ; Inapplicable ; Inapplicable ; Inapplicable ; Inapplicable ; Inapplicable ; Inapplicable ; Inapplicable ; Inapplicable ; Inapplicable ; Inapplicable ; Inapplicable ; Inapplicable ; Inapplicable ; Inapplicable ; Inapplicable ;
; R11out[26]         ; Inapplicable ; Inapplicable ; Inapplicable ; Inapplicable ; Inapplicable ; Unchecked ; Inapplicable ; Inapplicable ; Unchecked ; Unchecked ; Inapplicable ; Inapplicable ; Inapplicable ; Inapplicable ; Inapplicable ; Inapplicable ; Inapplicable ; Inapplicable ; Inapplicable ; Inapplicable ; Inapplicable ; Inapplicable ; Inapplicable ; Inapplicable ; Inapplicable ; Inapplicable ; Inapplicable ; Inapplicable ;
; R11out[27]         ; Inapplicable ; Inapplicable ; Inapplicable ; Inapplicable ; Inapplicable ; Unchecked ; Inapplicable ; Inapplicable ; Unchecked ; Unchecked ; Inapplicable ; Inapplicable ; Inapplicable ; Inapplicable ; Inapplicable ; Inapplicable ; Inapplicable ; Inapplicable ; Inapplicable ; Inapplicable ; Inapplicable ; Inapplicable ; Inapplicable ; Inapplicable ; Inapplicable ; Inapplicable ; Inapplicable ; Inapplicable ;
; R11out[28]         ; Inapplicable ; Inapplicable ; Inapplicable ; Inapplicable ; Inapplicable ; Unchecked ; Inapplicable ; Inapplicable ; Unchecked ; Unchecked ; Inapplicable ; Inapplicable ; Inapplicable ; Inapplicable ; Inapplicable ; Inapplicable ; Inapplicable ; Inapplicable ; Inapplicable ; Inapplicable ; Inapplicable ; Inapplicable ; Inapplicable ; Inapplicable ; Inapplicable ; Inapplicable ; Inapplicable ; Inapplicable ;
; R11out[29]         ; Inapplicable ; Inapplicable ; Inapplicable ; Inapplicable ; Inapplicable ; Unchecked ; Inapplicable ; Inapplicable ; Unchecked ; Unchecked ; Inapplicable ; Inapplicable ; Inapplicable ; Inapplicable ; Inapplicable ; Inapplicable ; Inapplicable ; Inapplicable ; Inapplicable ; Inapplicable ; Inapplicable ; Inapplicable ; Inapplicable ; Inapplicable ; Inapplicable ; Inapplicable ; Inapplicable ; Inapplicable ;
; R11out[30]         ; Inapplicable ; Inapplicable ; Inapplicable ; Inapplicable ; Inapplicable ; Unchecked ; Inapplicable ; Inapplicable ; Unchecked ; Unchecked ; Inapplicable ; Inapplicable ; Inapplicable ; Inapplicable ; Inapplicable ; Inapplicable ; Inapplicable ; Inapplicable ; Inapplicable ; Inapplicable ; Inapplicable ; Inapplicable ; Inapplicable ; Inapplicable ; Inapplicable ; Inapplicable ; Inapplicable ; Inapplicable ;
; R11out[31]         ; Inapplicable ; Inapplicable ; Inapplicable ; Inapplicable ; Inapplicable ; Unchecked ; Inapplicable ; Inapplicable ; Unchecked ; Unchecked ; Inapplicable ; Inapplicable ; Inapplicable ; Inapplicable ; Inapplicable ; Inapplicable ; Inapplicable ; Inapplicable ; Inapplicable ; Inapplicable ; Inapplicable ; Inapplicable ; Inapplicable ; Inapplicable ; Inapplicable ; Inapplicable ; Inapplicable ; Inapplicable ;
; R12out[0]          ; Inapplicable ; Inapplicable ; Inapplicable ; Inapplicable ; Inapplicable ; Unchecked ; Inapplicable ; Inapplicable ; Unchecked ; Unchecked ; Inapplicable ; Inapplicable ; Inapplicable ; Inapplicable ; Inapplicable ; Inapplicable ; Inapplicable ; Inapplicable ; Inapplicable ; Inapplicable ; Inapplicable ; Inapplicable ; Inapplicable ; Inapplicable ; Inapplicable ; Inapplicable ; Inapplicable ; Inapplicable ;
; R12out[1]          ; Inapplicable ; Inapplicable ; Inapplicable ; Inapplicable ; Inapplicable ; Unchecked ; Inapplicable ; Inapplicable ; Unchecked ; Unchecked ; Inapplicable ; Inapplicable ; Inapplicable ; Inapplicable ; Inapplicable ; Inapplicable ; Inapplicable ; Inapplicable ; Inapplicable ; Inapplicable ; Inapplicable ; Inapplicable ; Inapplicable ; Inapplicable ; Inapplicable ; Inapplicable ; Inapplicable ; Inapplicable ;
; R12out[2]          ; Inapplicable ; Inapplicable ; Inapplicable ; Inapplicable ; Inapplicable ; Unchecked ; Inapplicable ; Inapplicable ; Unchecked ; Unchecked ; Inapplicable ; Inapplicable ; Inapplicable ; Inapplicable ; Inapplicable ; Inapplicable ; Inapplicable ; Inapplicable ; Inapplicable ; Inapplicable ; Inapplicable ; Inapplicable ; Inapplicable ; Inapplicable ; Inapplicable ; Inapplicable ; Inapplicable ; Inapplicable ;
; R12out[3]          ; Inapplicable ; Inapplicable ; Inapplicable ; Inapplicable ; Inapplicable ; Unchecked ; Inapplicable ; Inapplicable ; Unchecked ; Unchecked ; Inapplicable ; Inapplicable ; Inapplicable ; Inapplicable ; Inapplicable ; Inapplicable ; Inapplicable ; Inapplicable ; Inapplicable ; Inapplicable ; Inapplicable ; Inapplicable ; Inapplicable ; Inapplicable ; Inapplicable ; Inapplicable ; Inapplicable ; Inapplicable ;
; R12out[4]          ; Inapplicable ; Inapplicable ; Inapplicable ; Inapplicable ; Inapplicable ; Unchecked ; Inapplicable ; Inapplicable ; Unchecked ; Unchecked ; Inapplicable ; Inapplicable ; Inapplicable ; Inapplicable ; Inapplicable ; Inapplicable ; Inapplicable ; Inapplicable ; Inapplicable ; Inapplicable ; Inapplicable ; Inapplicable ; Inapplicable ; Inapplicable ; Inapplicable ; Inapplicable ; Inapplicable ; Inapplicable ;
; R12out[5]          ; Inapplicable ; Inapplicable ; Inapplicable ; Inapplicable ; Inapplicable ; Unchecked ; Inapplicable ; Inapplicable ; Unchecked ; Unchecked ; Inapplicable ; Inapplicable ; Inapplicable ; Inapplicable ; Inapplicable ; Inapplicable ; Inapplicable ; Inapplicable ; Inapplicable ; Inapplicable ; Inapplicable ; Inapplicable ; Inapplicable ; Inapplicable ; Inapplicable ; Inapplicable ; Inapplicable ; Inapplicable ;
; R12out[6]          ; Inapplicable ; Inapplicable ; Inapplicable ; Inapplicable ; Inapplicable ; Unchecked ; Inapplicable ; Inapplicable ; Unchecked ; Unchecked ; Inapplicable ; Inapplicable ; Inapplicable ; Inapplicable ; Inapplicable ; Inapplicable ; Inapplicable ; Inapplicable ; Inapplicable ; Inapplicable ; Inapplicable ; Inapplicable ; Inapplicable ; Inapplicable ; Inapplicable ; Inapplicable ; Inapplicable ; Inapplicable ;
; R12out[7]          ; Inapplicable ; Inapplicable ; Inapplicable ; Inapplicable ; Inapplicable ; Unchecked ; Inapplicable ; Inapplicable ; Unchecked ; Unchecked ; Inapplicable ; Inapplicable ; Inapplicable ; Inapplicable ; Inapplicable ; Inapplicable ; Inapplicable ; Inapplicable ; Inapplicable ; Inapplicable ; Inapplicable ; Inapplicable ; Inapplicable ; Inapplicable ; Inapplicable ; Inapplicable ; Inapplicable ; Inapplicable ;
; R12out[8]          ; Inapplicable ; Inapplicable ; Inapplicable ; Inapplicable ; Inapplicable ; Unchecked ; Inapplicable ; Inapplicable ; Unchecked ; Unchecked ; Inapplicable ; Inapplicable ; Inapplicable ; Inapplicable ; Inapplicable ; Inapplicable ; Inapplicable ; Inapplicable ; Inapplicable ; Inapplicable ; Inapplicable ; Inapplicable ; Inapplicable ; Inapplicable ; Inapplicable ; Inapplicable ; Inapplicable ; Inapplicable ;
; R12out[9]          ; Inapplicable ; Inapplicable ; Inapplicable ; Inapplicable ; Inapplicable ; Unchecked ; Inapplicable ; Inapplicable ; Unchecked ; Unchecked ; Inapplicable ; Inapplicable ; Inapplicable ; Inapplicable ; Inapplicable ; Inapplicable ; Inapplicable ; Inapplicable ; Inapplicable ; Inapplicable ; Inapplicable ; Inapplicable ; Inapplicable ; Inapplicable ; Inapplicable ; Inapplicable ; Inapplicable ; Inapplicable ;
; R12out[10]         ; Inapplicable ; Inapplicable ; Inapplicable ; Inapplicable ; Inapplicable ; Unchecked ; Inapplicable ; Inapplicable ; Unchecked ; Unchecked ; Inapplicable ; Inapplicable ; Inapplicable ; Inapplicable ; Inapplicable ; Inapplicable ; Inapplicable ; Inapplicable ; Inapplicable ; Inapplicable ; Inapplicable ; Inapplicable ; Inapplicable ; Inapplicable ; Inapplicable ; Inapplicable ; Inapplicable ; Inapplicable ;
; R12out[11]         ; Inapplicable ; Inapplicable ; Inapplicable ; Inapplicable ; Inapplicable ; Unchecked ; Inapplicable ; Inapplicable ; Unchecked ; Unchecked ; Inapplicable ; Inapplicable ; Inapplicable ; Inapplicable ; Inapplicable ; Inapplicable ; Inapplicable ; Inapplicable ; Inapplicable ; Inapplicable ; Inapplicable ; Inapplicable ; Inapplicable ; Inapplicable ; Inapplicable ; Inapplicable ; Inapplicable ; Inapplicable ;
; R12out[12]         ; Inapplicable ; Inapplicable ; Inapplicable ; Inapplicable ; Inapplicable ; Unchecked ; Inapplicable ; Inapplicable ; Unchecked ; Unchecked ; Inapplicable ; Inapplicable ; Inapplicable ; Inapplicable ; Inapplicable ; Inapplicable ; Inapplicable ; Inapplicable ; Inapplicable ; Inapplicable ; Inapplicable ; Inapplicable ; Inapplicable ; Inapplicable ; Inapplicable ; Inapplicable ; Inapplicable ; Inapplicable ;
; R12out[13]         ; Inapplicable ; Inapplicable ; Inapplicable ; Inapplicable ; Inapplicable ; Unchecked ; Inapplicable ; Inapplicable ; Unchecked ; Unchecked ; Inapplicable ; Inapplicable ; Inapplicable ; Inapplicable ; Inapplicable ; Inapplicable ; Inapplicable ; Inapplicable ; Inapplicable ; Inapplicable ; Inapplicable ; Inapplicable ; Inapplicable ; Inapplicable ; Inapplicable ; Inapplicable ; Inapplicable ; Inapplicable ;
; R12out[14]         ; Inapplicable ; Inapplicable ; Inapplicable ; Inapplicable ; Inapplicable ; Unchecked ; Inapplicable ; Inapplicable ; Unchecked ; Unchecked ; Inapplicable ; Inapplicable ; Inapplicable ; Inapplicable ; Inapplicable ; Inapplicable ; Inapplicable ; Inapplicable ; Inapplicable ; Inapplicable ; Inapplicable ; Inapplicable ; Inapplicable ; Inapplicable ; Inapplicable ; Inapplicable ; Inapplicable ; Inapplicable ;
; R12out[15]         ; Inapplicable ; Inapplicable ; Inapplicable ; Inapplicable ; Inapplicable ; Unchecked ; Inapplicable ; Inapplicable ; Unchecked ; Unchecked ; Inapplicable ; Inapplicable ; Inapplicable ; Inapplicable ; Inapplicable ; Inapplicable ; Inapplicable ; Inapplicable ; Inapplicable ; Inapplicable ; Inapplicable ; Inapplicable ; Inapplicable ; Inapplicable ; Inapplicable ; Inapplicable ; Inapplicable ; Inapplicable ;
; R12out[16]         ; Inapplicable ; Inapplicable ; Inapplicable ; Inapplicable ; Inapplicable ; Unchecked ; Inapplicable ; Inapplicable ; Unchecked ; Unchecked ; Inapplicable ; Inapplicable ; Inapplicable ; Inapplicable ; Inapplicable ; Inapplicable ; Inapplicable ; Inapplicable ; Inapplicable ; Inapplicable ; Inapplicable ; Inapplicable ; Inapplicable ; Inapplicable ; Inapplicable ; Inapplicable ; Inapplicable ; Inapplicable ;
; R12out[17]         ; Inapplicable ; Inapplicable ; Inapplicable ; Inapplicable ; Inapplicable ; Unchecked ; Inapplicable ; Inapplicable ; Unchecked ; Unchecked ; Inapplicable ; Inapplicable ; Inapplicable ; Inapplicable ; Inapplicable ; Inapplicable ; Inapplicable ; Inapplicable ; Inapplicable ; Inapplicable ; Inapplicable ; Inapplicable ; Inapplicable ; Inapplicable ; Inapplicable ; Inapplicable ; Inapplicable ; Inapplicable ;
; R12out[18]         ; Inapplicable ; Inapplicable ; Inapplicable ; Inapplicable ; Inapplicable ; Unchecked ; Inapplicable ; Inapplicable ; Unchecked ; Unchecked ; Inapplicable ; Inapplicable ; Inapplicable ; Inapplicable ; Inapplicable ; Inapplicable ; Inapplicable ; Inapplicable ; Inapplicable ; Inapplicable ; Inapplicable ; Inapplicable ; Inapplicable ; Inapplicable ; Inapplicable ; Inapplicable ; Inapplicable ; Inapplicable ;
; R12out[19]         ; Inapplicable ; Inapplicable ; Inapplicable ; Inapplicable ; Inapplicable ; Unchecked ; Inapplicable ; Inapplicable ; Unchecked ; Unchecked ; Inapplicable ; Inapplicable ; Inapplicable ; Inapplicable ; Inapplicable ; Inapplicable ; Inapplicable ; Inapplicable ; Inapplicable ; Inapplicable ; Inapplicable ; Inapplicable ; Inapplicable ; Inapplicable ; Inapplicable ; Inapplicable ; Inapplicable ; Inapplicable ;
; R12out[20]         ; Inapplicable ; Inapplicable ; Inapplicable ; Inapplicable ; Inapplicable ; Unchecked ; Inapplicable ; Inapplicable ; Unchecked ; Unchecked ; Inapplicable ; Inapplicable ; Inapplicable ; Inapplicable ; Inapplicable ; Inapplicable ; Inapplicable ; Inapplicable ; Inapplicable ; Inapplicable ; Inapplicable ; Inapplicable ; Inapplicable ; Inapplicable ; Inapplicable ; Inapplicable ; Inapplicable ; Inapplicable ;
; R12out[21]         ; Inapplicable ; Inapplicable ; Inapplicable ; Inapplicable ; Inapplicable ; Unchecked ; Inapplicable ; Inapplicable ; Unchecked ; Unchecked ; Inapplicable ; Inapplicable ; Inapplicable ; Inapplicable ; Inapplicable ; Inapplicable ; Inapplicable ; Inapplicable ; Inapplicable ; Inapplicable ; Inapplicable ; Inapplicable ; Inapplicable ; Inapplicable ; Inapplicable ; Inapplicable ; Inapplicable ; Inapplicable ;
; R12out[22]         ; Inapplicable ; Inapplicable ; Inapplicable ; Inapplicable ; Inapplicable ; Unchecked ; Inapplicable ; Inapplicable ; Unchecked ; Unchecked ; Inapplicable ; Inapplicable ; Inapplicable ; Inapplicable ; Inapplicable ; Inapplicable ; Inapplicable ; Inapplicable ; Inapplicable ; Inapplicable ; Inapplicable ; Inapplicable ; Inapplicable ; Inapplicable ; Inapplicable ; Inapplicable ; Inapplicable ; Inapplicable ;
; R12out[23]         ; Inapplicable ; Inapplicable ; Inapplicable ; Inapplicable ; Inapplicable ; Unchecked ; Inapplicable ; Inapplicable ; Unchecked ; Unchecked ; Inapplicable ; Inapplicable ; Inapplicable ; Inapplicable ; Inapplicable ; Inapplicable ; Inapplicable ; Inapplicable ; Inapplicable ; Inapplicable ; Inapplicable ; Inapplicable ; Inapplicable ; Inapplicable ; Inapplicable ; Inapplicable ; Inapplicable ; Inapplicable ;
; R12out[24]         ; Inapplicable ; Inapplicable ; Inapplicable ; Inapplicable ; Inapplicable ; Unchecked ; Inapplicable ; Inapplicable ; Unchecked ; Unchecked ; Inapplicable ; Inapplicable ; Inapplicable ; Inapplicable ; Inapplicable ; Inapplicable ; Inapplicable ; Inapplicable ; Inapplicable ; Inapplicable ; Inapplicable ; Inapplicable ; Inapplicable ; Inapplicable ; Inapplicable ; Inapplicable ; Inapplicable ; Inapplicable ;
; R12out[25]         ; Inapplicable ; Inapplicable ; Inapplicable ; Inapplicable ; Inapplicable ; Unchecked ; Inapplicable ; Inapplicable ; Unchecked ; Unchecked ; Inapplicable ; Inapplicable ; Inapplicable ; Inapplicable ; Inapplicable ; Inapplicable ; Inapplicable ; Inapplicable ; Inapplicable ; Inapplicable ; Inapplicable ; Inapplicable ; Inapplicable ; Inapplicable ; Inapplicable ; Inapplicable ; Inapplicable ; Inapplicable ;
; R12out[26]         ; Inapplicable ; Inapplicable ; Inapplicable ; Inapplicable ; Inapplicable ; Unchecked ; Inapplicable ; Inapplicable ; Unchecked ; Unchecked ; Inapplicable ; Inapplicable ; Inapplicable ; Inapplicable ; Inapplicable ; Inapplicable ; Inapplicable ; Inapplicable ; Inapplicable ; Inapplicable ; Inapplicable ; Inapplicable ; Inapplicable ; Inapplicable ; Inapplicable ; Inapplicable ; Inapplicable ; Inapplicable ;
; R12out[27]         ; Inapplicable ; Inapplicable ; Inapplicable ; Inapplicable ; Inapplicable ; Unchecked ; Inapplicable ; Inapplicable ; Unchecked ; Unchecked ; Inapplicable ; Inapplicable ; Inapplicable ; Inapplicable ; Inapplicable ; Inapplicable ; Inapplicable ; Inapplicable ; Inapplicable ; Inapplicable ; Inapplicable ; Inapplicable ; Inapplicable ; Inapplicable ; Inapplicable ; Inapplicable ; Inapplicable ; Inapplicable ;
; R12out[28]         ; Inapplicable ; Inapplicable ; Inapplicable ; Inapplicable ; Inapplicable ; Unchecked ; Inapplicable ; Inapplicable ; Unchecked ; Unchecked ; Inapplicable ; Inapplicable ; Inapplicable ; Inapplicable ; Inapplicable ; Inapplicable ; Inapplicable ; Inapplicable ; Inapplicable ; Inapplicable ; Inapplicable ; Inapplicable ; Inapplicable ; Inapplicable ; Inapplicable ; Inapplicable ; Inapplicable ; Inapplicable ;
; R12out[29]         ; Inapplicable ; Inapplicable ; Inapplicable ; Inapplicable ; Inapplicable ; Unchecked ; Inapplicable ; Inapplicable ; Unchecked ; Unchecked ; Inapplicable ; Inapplicable ; Inapplicable ; Inapplicable ; Inapplicable ; Inapplicable ; Inapplicable ; Inapplicable ; Inapplicable ; Inapplicable ; Inapplicable ; Inapplicable ; Inapplicable ; Inapplicable ; Inapplicable ; Inapplicable ; Inapplicable ; Inapplicable ;
; R12out[30]         ; Inapplicable ; Inapplicable ; Inapplicable ; Inapplicable ; Inapplicable ; Unchecked ; Inapplicable ; Inapplicable ; Unchecked ; Unchecked ; Inapplicable ; Inapplicable ; Inapplicable ; Inapplicable ; Inapplicable ; Inapplicable ; Inapplicable ; Inapplicable ; Inapplicable ; Inapplicable ; Inapplicable ; Inapplicable ; Inapplicable ; Inapplicable ; Inapplicable ; Inapplicable ; Inapplicable ; Inapplicable ;
; R12out[31]         ; Inapplicable ; Inapplicable ; Inapplicable ; Inapplicable ; Inapplicable ; Unchecked ; Inapplicable ; Inapplicable ; Unchecked ; Unchecked ; Inapplicable ; Inapplicable ; Inapplicable ; Inapplicable ; Inapplicable ; Inapplicable ; Inapplicable ; Inapplicable ; Inapplicable ; Inapplicable ; Inapplicable ; Inapplicable ; Inapplicable ; Inapplicable ; Inapplicable ; Inapplicable ; Inapplicable ; Inapplicable ;
; R13out[0]          ; Inapplicable ; Inapplicable ; Inapplicable ; Inapplicable ; Inapplicable ; Unchecked ; Inapplicable ; Inapplicable ; Unchecked ; Unchecked ; Inapplicable ; Inapplicable ; Inapplicable ; Inapplicable ; Inapplicable ; Inapplicable ; Inapplicable ; Inapplicable ; Inapplicable ; Inapplicable ; Inapplicable ; Inapplicable ; Inapplicable ; Inapplicable ; Inapplicable ; Inapplicable ; Inapplicable ; Inapplicable ;
; R13out[1]          ; Inapplicable ; Inapplicable ; Inapplicable ; Inapplicable ; Inapplicable ; Unchecked ; Inapplicable ; Inapplicable ; Unchecked ; Unchecked ; Inapplicable ; Inapplicable ; Inapplicable ; Inapplicable ; Inapplicable ; Inapplicable ; Inapplicable ; Inapplicable ; Inapplicable ; Inapplicable ; Inapplicable ; Inapplicable ; Inapplicable ; Inapplicable ; Inapplicable ; Inapplicable ; Inapplicable ; Inapplicable ;
; R13out[2]          ; Inapplicable ; Inapplicable ; Inapplicable ; Inapplicable ; Inapplicable ; Unchecked ; Inapplicable ; Inapplicable ; Unchecked ; Unchecked ; Inapplicable ; Inapplicable ; Inapplicable ; Inapplicable ; Inapplicable ; Inapplicable ; Inapplicable ; Inapplicable ; Inapplicable ; Inapplicable ; Inapplicable ; Inapplicable ; Inapplicable ; Inapplicable ; Inapplicable ; Inapplicable ; Inapplicable ; Inapplicable ;
; R13out[3]          ; Inapplicable ; Inapplicable ; Inapplicable ; Inapplicable ; Inapplicable ; Unchecked ; Inapplicable ; Inapplicable ; Unchecked ; Unchecked ; Inapplicable ; Inapplicable ; Inapplicable ; Inapplicable ; Inapplicable ; Inapplicable ; Inapplicable ; Inapplicable ; Inapplicable ; Inapplicable ; Inapplicable ; Inapplicable ; Inapplicable ; Inapplicable ; Inapplicable ; Inapplicable ; Inapplicable ; Inapplicable ;
; R13out[4]          ; Inapplicable ; Inapplicable ; Inapplicable ; Inapplicable ; Inapplicable ; Unchecked ; Inapplicable ; Inapplicable ; Unchecked ; Unchecked ; Inapplicable ; Inapplicable ; Inapplicable ; Inapplicable ; Inapplicable ; Inapplicable ; Inapplicable ; Inapplicable ; Inapplicable ; Inapplicable ; Inapplicable ; Inapplicable ; Inapplicable ; Inapplicable ; Inapplicable ; Inapplicable ; Inapplicable ; Inapplicable ;
; R13out[5]          ; Inapplicable ; Inapplicable ; Inapplicable ; Inapplicable ; Inapplicable ; Unchecked ; Inapplicable ; Inapplicable ; Unchecked ; Unchecked ; Inapplicable ; Inapplicable ; Inapplicable ; Inapplicable ; Inapplicable ; Inapplicable ; Inapplicable ; Inapplicable ; Inapplicable ; Inapplicable ; Inapplicable ; Inapplicable ; Inapplicable ; Inapplicable ; Inapplicable ; Inapplicable ; Inapplicable ; Inapplicable ;
; R13out[6]          ; Inapplicable ; Inapplicable ; Inapplicable ; Inapplicable ; Inapplicable ; Unchecked ; Inapplicable ; Inapplicable ; Unchecked ; Unchecked ; Inapplicable ; Inapplicable ; Inapplicable ; Inapplicable ; Inapplicable ; Inapplicable ; Inapplicable ; Inapplicable ; Inapplicable ; Inapplicable ; Inapplicable ; Inapplicable ; Inapplicable ; Inapplicable ; Inapplicable ; Inapplicable ; Inapplicable ; Inapplicable ;
; R13out[7]          ; Inapplicable ; Inapplicable ; Inapplicable ; Inapplicable ; Inapplicable ; Unchecked ; Inapplicable ; Inapplicable ; Unchecked ; Unchecked ; Inapplicable ; Inapplicable ; Inapplicable ; Inapplicable ; Inapplicable ; Inapplicable ; Inapplicable ; Inapplicable ; Inapplicable ; Inapplicable ; Inapplicable ; Inapplicable ; Inapplicable ; Inapplicable ; Inapplicable ; Inapplicable ; Inapplicable ; Inapplicable ;
; R13out[8]          ; Inapplicable ; Inapplicable ; Inapplicable ; Inapplicable ; Inapplicable ; Unchecked ; Inapplicable ; Inapplicable ; Unchecked ; Unchecked ; Inapplicable ; Inapplicable ; Inapplicable ; Inapplicable ; Inapplicable ; Inapplicable ; Inapplicable ; Inapplicable ; Inapplicable ; Inapplicable ; Inapplicable ; Inapplicable ; Inapplicable ; Inapplicable ; Inapplicable ; Inapplicable ; Inapplicable ; Inapplicable ;
; R13out[9]          ; Inapplicable ; Inapplicable ; Inapplicable ; Inapplicable ; Inapplicable ; Unchecked ; Inapplicable ; Inapplicable ; Unchecked ; Unchecked ; Inapplicable ; Inapplicable ; Inapplicable ; Inapplicable ; Inapplicable ; Inapplicable ; Inapplicable ; Inapplicable ; Inapplicable ; Inapplicable ; Inapplicable ; Inapplicable ; Inapplicable ; Inapplicable ; Inapplicable ; Inapplicable ; Inapplicable ; Inapplicable ;
; R13out[10]         ; Inapplicable ; Inapplicable ; Inapplicable ; Inapplicable ; Inapplicable ; Unchecked ; Inapplicable ; Inapplicable ; Unchecked ; Unchecked ; Inapplicable ; Inapplicable ; Inapplicable ; Inapplicable ; Inapplicable ; Inapplicable ; Inapplicable ; Inapplicable ; Inapplicable ; Inapplicable ; Inapplicable ; Inapplicable ; Inapplicable ; Inapplicable ; Inapplicable ; Inapplicable ; Inapplicable ; Inapplicable ;
; R13out[11]         ; Inapplicable ; Inapplicable ; Inapplicable ; Inapplicable ; Inapplicable ; Unchecked ; Inapplicable ; Inapplicable ; Unchecked ; Unchecked ; Inapplicable ; Inapplicable ; Inapplicable ; Inapplicable ; Inapplicable ; Inapplicable ; Inapplicable ; Inapplicable ; Inapplicable ; Inapplicable ; Inapplicable ; Inapplicable ; Inapplicable ; Inapplicable ; Inapplicable ; Inapplicable ; Inapplicable ; Inapplicable ;
; R13out[12]         ; Inapplicable ; Inapplicable ; Inapplicable ; Inapplicable ; Inapplicable ; Unchecked ; Inapplicable ; Inapplicable ; Unchecked ; Unchecked ; Inapplicable ; Inapplicable ; Inapplicable ; Inapplicable ; Inapplicable ; Inapplicable ; Inapplicable ; Inapplicable ; Inapplicable ; Inapplicable ; Inapplicable ; Inapplicable ; Inapplicable ; Inapplicable ; Inapplicable ; Inapplicable ; Inapplicable ; Inapplicable ;
; R13out[13]         ; Inapplicable ; Inapplicable ; Inapplicable ; Inapplicable ; Inapplicable ; Unchecked ; Inapplicable ; Inapplicable ; Unchecked ; Unchecked ; Inapplicable ; Inapplicable ; Inapplicable ; Inapplicable ; Inapplicable ; Inapplicable ; Inapplicable ; Inapplicable ; Inapplicable ; Inapplicable ; Inapplicable ; Inapplicable ; Inapplicable ; Inapplicable ; Inapplicable ; Inapplicable ; Inapplicable ; Inapplicable ;
; R13out[14]         ; Inapplicable ; Inapplicable ; Inapplicable ; Inapplicable ; Inapplicable ; Unchecked ; Inapplicable ; Inapplicable ; Unchecked ; Unchecked ; Inapplicable ; Inapplicable ; Inapplicable ; Inapplicable ; Inapplicable ; Inapplicable ; Inapplicable ; Inapplicable ; Inapplicable ; Inapplicable ; Inapplicable ; Inapplicable ; Inapplicable ; Inapplicable ; Inapplicable ; Inapplicable ; Inapplicable ; Inapplicable ;
; R13out[15]         ; Inapplicable ; Inapplicable ; Inapplicable ; Inapplicable ; Inapplicable ; Unchecked ; Inapplicable ; Inapplicable ; Unchecked ; Unchecked ; Inapplicable ; Inapplicable ; Inapplicable ; Inapplicable ; Inapplicable ; Inapplicable ; Inapplicable ; Inapplicable ; Inapplicable ; Inapplicable ; Inapplicable ; Inapplicable ; Inapplicable ; Inapplicable ; Inapplicable ; Inapplicable ; Inapplicable ; Inapplicable ;
; R13out[16]         ; Inapplicable ; Inapplicable ; Inapplicable ; Inapplicable ; Inapplicable ; Unchecked ; Inapplicable ; Inapplicable ; Unchecked ; Unchecked ; Inapplicable ; Inapplicable ; Inapplicable ; Inapplicable ; Inapplicable ; Inapplicable ; Inapplicable ; Inapplicable ; Inapplicable ; Inapplicable ; Inapplicable ; Inapplicable ; Inapplicable ; Inapplicable ; Inapplicable ; Inapplicable ; Inapplicable ; Inapplicable ;
; R13out[17]         ; Inapplicable ; Inapplicable ; Inapplicable ; Inapplicable ; Inapplicable ; Unchecked ; Inapplicable ; Inapplicable ; Unchecked ; Unchecked ; Inapplicable ; Inapplicable ; Inapplicable ; Inapplicable ; Inapplicable ; Inapplicable ; Inapplicable ; Inapplicable ; Inapplicable ; Inapplicable ; Inapplicable ; Inapplicable ; Inapplicable ; Inapplicable ; Inapplicable ; Inapplicable ; Inapplicable ; Inapplicable ;
; R13out[18]         ; Inapplicable ; Inapplicable ; Inapplicable ; Inapplicable ; Inapplicable ; Unchecked ; Inapplicable ; Inapplicable ; Unchecked ; Unchecked ; Inapplicable ; Inapplicable ; Inapplicable ; Inapplicable ; Inapplicable ; Inapplicable ; Inapplicable ; Inapplicable ; Inapplicable ; Inapplicable ; Inapplicable ; Inapplicable ; Inapplicable ; Inapplicable ; Inapplicable ; Inapplicable ; Inapplicable ; Inapplicable ;
; R13out[19]         ; Inapplicable ; Inapplicable ; Inapplicable ; Inapplicable ; Inapplicable ; Unchecked ; Inapplicable ; Inapplicable ; Unchecked ; Unchecked ; Inapplicable ; Inapplicable ; Inapplicable ; Inapplicable ; Inapplicable ; Inapplicable ; Inapplicable ; Inapplicable ; Inapplicable ; Inapplicable ; Inapplicable ; Inapplicable ; Inapplicable ; Inapplicable ; Inapplicable ; Inapplicable ; Inapplicable ; Inapplicable ;
; R13out[20]         ; Inapplicable ; Inapplicable ; Inapplicable ; Inapplicable ; Inapplicable ; Unchecked ; Inapplicable ; Inapplicable ; Unchecked ; Unchecked ; Inapplicable ; Inapplicable ; Inapplicable ; Inapplicable ; Inapplicable ; Inapplicable ; Inapplicable ; Inapplicable ; Inapplicable ; Inapplicable ; Inapplicable ; Inapplicable ; Inapplicable ; Inapplicable ; Inapplicable ; Inapplicable ; Inapplicable ; Inapplicable ;
; R13out[21]         ; Inapplicable ; Inapplicable ; Inapplicable ; Inapplicable ; Inapplicable ; Unchecked ; Inapplicable ; Inapplicable ; Unchecked ; Unchecked ; Inapplicable ; Inapplicable ; Inapplicable ; Inapplicable ; Inapplicable ; Inapplicable ; Inapplicable ; Inapplicable ; Inapplicable ; Inapplicable ; Inapplicable ; Inapplicable ; Inapplicable ; Inapplicable ; Inapplicable ; Inapplicable ; Inapplicable ; Inapplicable ;
; R13out[22]         ; Inapplicable ; Inapplicable ; Inapplicable ; Inapplicable ; Inapplicable ; Unchecked ; Inapplicable ; Inapplicable ; Unchecked ; Unchecked ; Inapplicable ; Inapplicable ; Inapplicable ; Inapplicable ; Inapplicable ; Inapplicable ; Inapplicable ; Inapplicable ; Inapplicable ; Inapplicable ; Inapplicable ; Inapplicable ; Inapplicable ; Inapplicable ; Inapplicable ; Inapplicable ; Inapplicable ; Inapplicable ;
; R13out[23]         ; Inapplicable ; Inapplicable ; Inapplicable ; Inapplicable ; Inapplicable ; Unchecked ; Inapplicable ; Inapplicable ; Unchecked ; Unchecked ; Inapplicable ; Inapplicable ; Inapplicable ; Inapplicable ; Inapplicable ; Inapplicable ; Inapplicable ; Inapplicable ; Inapplicable ; Inapplicable ; Inapplicable ; Inapplicable ; Inapplicable ; Inapplicable ; Inapplicable ; Inapplicable ; Inapplicable ; Inapplicable ;
; R13out[24]         ; Inapplicable ; Inapplicable ; Inapplicable ; Inapplicable ; Inapplicable ; Unchecked ; Inapplicable ; Inapplicable ; Unchecked ; Unchecked ; Inapplicable ; Inapplicable ; Inapplicable ; Inapplicable ; Inapplicable ; Inapplicable ; Inapplicable ; Inapplicable ; Inapplicable ; Inapplicable ; Inapplicable ; Inapplicable ; Inapplicable ; Inapplicable ; Inapplicable ; Inapplicable ; Inapplicable ; Inapplicable ;
; R13out[25]         ; Inapplicable ; Inapplicable ; Inapplicable ; Inapplicable ; Inapplicable ; Unchecked ; Inapplicable ; Inapplicable ; Unchecked ; Unchecked ; Inapplicable ; Inapplicable ; Inapplicable ; Inapplicable ; Inapplicable ; Inapplicable ; Inapplicable ; Inapplicable ; Inapplicable ; Inapplicable ; Inapplicable ; Inapplicable ; Inapplicable ; Inapplicable ; Inapplicable ; Inapplicable ; Inapplicable ; Inapplicable ;
; R13out[26]         ; Inapplicable ; Inapplicable ; Inapplicable ; Inapplicable ; Inapplicable ; Unchecked ; Inapplicable ; Inapplicable ; Unchecked ; Unchecked ; Inapplicable ; Inapplicable ; Inapplicable ; Inapplicable ; Inapplicable ; Inapplicable ; Inapplicable ; Inapplicable ; Inapplicable ; Inapplicable ; Inapplicable ; Inapplicable ; Inapplicable ; Inapplicable ; Inapplicable ; Inapplicable ; Inapplicable ; Inapplicable ;
; R13out[27]         ; Inapplicable ; Inapplicable ; Inapplicable ; Inapplicable ; Inapplicable ; Unchecked ; Inapplicable ; Inapplicable ; Unchecked ; Unchecked ; Inapplicable ; Inapplicable ; Inapplicable ; Inapplicable ; Inapplicable ; Inapplicable ; Inapplicable ; Inapplicable ; Inapplicable ; Inapplicable ; Inapplicable ; Inapplicable ; Inapplicable ; Inapplicable ; Inapplicable ; Inapplicable ; Inapplicable ; Inapplicable ;
; R13out[28]         ; Inapplicable ; Inapplicable ; Inapplicable ; Inapplicable ; Inapplicable ; Unchecked ; Inapplicable ; Inapplicable ; Unchecked ; Unchecked ; Inapplicable ; Inapplicable ; Inapplicable ; Inapplicable ; Inapplicable ; Inapplicable ; Inapplicable ; Inapplicable ; Inapplicable ; Inapplicable ; Inapplicable ; Inapplicable ; Inapplicable ; Inapplicable ; Inapplicable ; Inapplicable ; Inapplicable ; Inapplicable ;
; R13out[29]         ; Inapplicable ; Inapplicable ; Inapplicable ; Inapplicable ; Inapplicable ; Unchecked ; Inapplicable ; Inapplicable ; Unchecked ; Unchecked ; Inapplicable ; Inapplicable ; Inapplicable ; Inapplicable ; Inapplicable ; Inapplicable ; Inapplicable ; Inapplicable ; Inapplicable ; Inapplicable ; Inapplicable ; Inapplicable ; Inapplicable ; Inapplicable ; Inapplicable ; Inapplicable ; Inapplicable ; Inapplicable ;
; R13out[30]         ; Inapplicable ; Inapplicable ; Inapplicable ; Inapplicable ; Inapplicable ; Unchecked ; Inapplicable ; Inapplicable ; Unchecked ; Unchecked ; Inapplicable ; Inapplicable ; Inapplicable ; Inapplicable ; Inapplicable ; Inapplicable ; Inapplicable ; Inapplicable ; Inapplicable ; Inapplicable ; Inapplicable ; Inapplicable ; Inapplicable ; Inapplicable ; Inapplicable ; Inapplicable ; Inapplicable ; Inapplicable ;
; R13out[31]         ; Inapplicable ; Inapplicable ; Inapplicable ; Inapplicable ; Inapplicable ; Unchecked ; Inapplicable ; Inapplicable ; Unchecked ; Unchecked ; Inapplicable ; Inapplicable ; Inapplicable ; Inapplicable ; Inapplicable ; Inapplicable ; Inapplicable ; Inapplicable ; Inapplicable ; Inapplicable ; Inapplicable ; Inapplicable ; Inapplicable ; Inapplicable ; Inapplicable ; Inapplicable ; Inapplicable ; Inapplicable ;
; R14out[0]          ; Inapplicable ; Inapplicable ; Inapplicable ; Inapplicable ; Inapplicable ; Unchecked ; Inapplicable ; Inapplicable ; Unchecked ; Unchecked ; Inapplicable ; Inapplicable ; Inapplicable ; Inapplicable ; Inapplicable ; Inapplicable ; Inapplicable ; Inapplicable ; Inapplicable ; Inapplicable ; Inapplicable ; Inapplicable ; Inapplicable ; Inapplicable ; Inapplicable ; Inapplicable ; Inapplicable ; Inapplicable ;
; R14out[1]          ; Inapplicable ; Inapplicable ; Inapplicable ; Inapplicable ; Inapplicable ; Unchecked ; Inapplicable ; Inapplicable ; Unchecked ; Unchecked ; Inapplicable ; Inapplicable ; Inapplicable ; Inapplicable ; Inapplicable ; Inapplicable ; Inapplicable ; Inapplicable ; Inapplicable ; Inapplicable ; Inapplicable ; Inapplicable ; Inapplicable ; Inapplicable ; Inapplicable ; Inapplicable ; Inapplicable ; Inapplicable ;
; R14out[2]          ; Inapplicable ; Inapplicable ; Inapplicable ; Inapplicable ; Inapplicable ; Unchecked ; Inapplicable ; Inapplicable ; Unchecked ; Unchecked ; Inapplicable ; Inapplicable ; Inapplicable ; Inapplicable ; Inapplicable ; Inapplicable ; Inapplicable ; Inapplicable ; Inapplicable ; Inapplicable ; Inapplicable ; Inapplicable ; Inapplicable ; Inapplicable ; Inapplicable ; Inapplicable ; Inapplicable ; Inapplicable ;
; R14out[3]          ; Inapplicable ; Inapplicable ; Inapplicable ; Inapplicable ; Inapplicable ; Unchecked ; Inapplicable ; Inapplicable ; Unchecked ; Unchecked ; Inapplicable ; Inapplicable ; Inapplicable ; Inapplicable ; Inapplicable ; Inapplicable ; Inapplicable ; Inapplicable ; Inapplicable ; Inapplicable ; Inapplicable ; Inapplicable ; Inapplicable ; Inapplicable ; Inapplicable ; Inapplicable ; Inapplicable ; Inapplicable ;
; R14out[4]          ; Inapplicable ; Inapplicable ; Inapplicable ; Inapplicable ; Inapplicable ; Unchecked ; Inapplicable ; Inapplicable ; Unchecked ; Unchecked ; Inapplicable ; Inapplicable ; Inapplicable ; Inapplicable ; Inapplicable ; Inapplicable ; Inapplicable ; Inapplicable ; Inapplicable ; Inapplicable ; Inapplicable ; Inapplicable ; Inapplicable ; Inapplicable ; Inapplicable ; Inapplicable ; Inapplicable ; Inapplicable ;
; R14out[5]          ; Inapplicable ; Inapplicable ; Inapplicable ; Inapplicable ; Inapplicable ; Unchecked ; Inapplicable ; Inapplicable ; Unchecked ; Unchecked ; Inapplicable ; Inapplicable ; Inapplicable ; Inapplicable ; Inapplicable ; Inapplicable ; Inapplicable ; Inapplicable ; Inapplicable ; Inapplicable ; Inapplicable ; Inapplicable ; Inapplicable ; Inapplicable ; Inapplicable ; Inapplicable ; Inapplicable ; Inapplicable ;
; R14out[6]          ; Inapplicable ; Inapplicable ; Inapplicable ; Inapplicable ; Inapplicable ; Unchecked ; Inapplicable ; Inapplicable ; Unchecked ; Unchecked ; Inapplicable ; Inapplicable ; Inapplicable ; Inapplicable ; Inapplicable ; Inapplicable ; Inapplicable ; Inapplicable ; Inapplicable ; Inapplicable ; Inapplicable ; Inapplicable ; Inapplicable ; Inapplicable ; Inapplicable ; Inapplicable ; Inapplicable ; Inapplicable ;
; R14out[7]          ; Inapplicable ; Inapplicable ; Inapplicable ; Inapplicable ; Inapplicable ; Unchecked ; Inapplicable ; Inapplicable ; Unchecked ; Unchecked ; Inapplicable ; Inapplicable ; Inapplicable ; Inapplicable ; Inapplicable ; Inapplicable ; Inapplicable ; Inapplicable ; Inapplicable ; Inapplicable ; Inapplicable ; Inapplicable ; Inapplicable ; Inapplicable ; Inapplicable ; Inapplicable ; Inapplicable ; Inapplicable ;
; R14out[8]          ; Inapplicable ; Inapplicable ; Inapplicable ; Inapplicable ; Inapplicable ; Unchecked ; Inapplicable ; Inapplicable ; Unchecked ; Unchecked ; Inapplicable ; Inapplicable ; Inapplicable ; Inapplicable ; Inapplicable ; Inapplicable ; Inapplicable ; Inapplicable ; Inapplicable ; Inapplicable ; Inapplicable ; Inapplicable ; Inapplicable ; Inapplicable ; Inapplicable ; Inapplicable ; Inapplicable ; Inapplicable ;
; R14out[9]          ; Inapplicable ; Inapplicable ; Inapplicable ; Inapplicable ; Inapplicable ; Unchecked ; Inapplicable ; Inapplicable ; Unchecked ; Unchecked ; Inapplicable ; Inapplicable ; Inapplicable ; Inapplicable ; Inapplicable ; Inapplicable ; Inapplicable ; Inapplicable ; Inapplicable ; Inapplicable ; Inapplicable ; Inapplicable ; Inapplicable ; Inapplicable ; Inapplicable ; Inapplicable ; Inapplicable ; Inapplicable ;
; R14out[10]         ; Inapplicable ; Inapplicable ; Inapplicable ; Inapplicable ; Inapplicable ; Unchecked ; Inapplicable ; Inapplicable ; Unchecked ; Unchecked ; Inapplicable ; Inapplicable ; Inapplicable ; Inapplicable ; Inapplicable ; Inapplicable ; Inapplicable ; Inapplicable ; Inapplicable ; Inapplicable ; Inapplicable ; Inapplicable ; Inapplicable ; Inapplicable ; Inapplicable ; Inapplicable ; Inapplicable ; Inapplicable ;
; R14out[11]         ; Inapplicable ; Inapplicable ; Inapplicable ; Inapplicable ; Inapplicable ; Unchecked ; Inapplicable ; Inapplicable ; Unchecked ; Unchecked ; Inapplicable ; Inapplicable ; Inapplicable ; Inapplicable ; Inapplicable ; Inapplicable ; Inapplicable ; Inapplicable ; Inapplicable ; Inapplicable ; Inapplicable ; Inapplicable ; Inapplicable ; Inapplicable ; Inapplicable ; Inapplicable ; Inapplicable ; Inapplicable ;
; R14out[12]         ; Inapplicable ; Inapplicable ; Inapplicable ; Inapplicable ; Inapplicable ; Unchecked ; Inapplicable ; Inapplicable ; Unchecked ; Unchecked ; Inapplicable ; Inapplicable ; Inapplicable ; Inapplicable ; Inapplicable ; Inapplicable ; Inapplicable ; Inapplicable ; Inapplicable ; Inapplicable ; Inapplicable ; Inapplicable ; Inapplicable ; Inapplicable ; Inapplicable ; Inapplicable ; Inapplicable ; Inapplicable ;
; R14out[13]         ; Inapplicable ; Inapplicable ; Inapplicable ; Inapplicable ; Inapplicable ; Unchecked ; Inapplicable ; Inapplicable ; Unchecked ; Unchecked ; Inapplicable ; Inapplicable ; Inapplicable ; Inapplicable ; Inapplicable ; Inapplicable ; Inapplicable ; Inapplicable ; Inapplicable ; Inapplicable ; Inapplicable ; Inapplicable ; Inapplicable ; Inapplicable ; Inapplicable ; Inapplicable ; Inapplicable ; Inapplicable ;
; R14out[14]         ; Inapplicable ; Inapplicable ; Inapplicable ; Inapplicable ; Inapplicable ; Unchecked ; Inapplicable ; Inapplicable ; Unchecked ; Unchecked ; Inapplicable ; Inapplicable ; Inapplicable ; Inapplicable ; Inapplicable ; Inapplicable ; Inapplicable ; Inapplicable ; Inapplicable ; Inapplicable ; Inapplicable ; Inapplicable ; Inapplicable ; Inapplicable ; Inapplicable ; Inapplicable ; Inapplicable ; Inapplicable ;
; R14out[15]         ; Inapplicable ; Inapplicable ; Inapplicable ; Inapplicable ; Inapplicable ; Unchecked ; Inapplicable ; Inapplicable ; Unchecked ; Unchecked ; Inapplicable ; Inapplicable ; Inapplicable ; Inapplicable ; Inapplicable ; Inapplicable ; Inapplicable ; Inapplicable ; Inapplicable ; Inapplicable ; Inapplicable ; Inapplicable ; Inapplicable ; Inapplicable ; Inapplicable ; Inapplicable ; Inapplicable ; Inapplicable ;
; R14out[16]         ; Inapplicable ; Inapplicable ; Inapplicable ; Inapplicable ; Inapplicable ; Unchecked ; Inapplicable ; Inapplicable ; Unchecked ; Unchecked ; Inapplicable ; Inapplicable ; Inapplicable ; Inapplicable ; Inapplicable ; Inapplicable ; Inapplicable ; Inapplicable ; Inapplicable ; Inapplicable ; Inapplicable ; Inapplicable ; Inapplicable ; Inapplicable ; Inapplicable ; Inapplicable ; Inapplicable ; Inapplicable ;
; R14out[17]         ; Inapplicable ; Inapplicable ; Inapplicable ; Inapplicable ; Inapplicable ; Unchecked ; Inapplicable ; Inapplicable ; Unchecked ; Unchecked ; Inapplicable ; Inapplicable ; Inapplicable ; Inapplicable ; Inapplicable ; Inapplicable ; Inapplicable ; Inapplicable ; Inapplicable ; Inapplicable ; Inapplicable ; Inapplicable ; Inapplicable ; Inapplicable ; Inapplicable ; Inapplicable ; Inapplicable ; Inapplicable ;
; R14out[18]         ; Inapplicable ; Inapplicable ; Inapplicable ; Inapplicable ; Inapplicable ; Unchecked ; Inapplicable ; Inapplicable ; Unchecked ; Unchecked ; Inapplicable ; Inapplicable ; Inapplicable ; Inapplicable ; Inapplicable ; Inapplicable ; Inapplicable ; Inapplicable ; Inapplicable ; Inapplicable ; Inapplicable ; Inapplicable ; Inapplicable ; Inapplicable ; Inapplicable ; Inapplicable ; Inapplicable ; Inapplicable ;
; R14out[19]         ; Inapplicable ; Inapplicable ; Inapplicable ; Inapplicable ; Inapplicable ; Unchecked ; Inapplicable ; Inapplicable ; Unchecked ; Unchecked ; Inapplicable ; Inapplicable ; Inapplicable ; Inapplicable ; Inapplicable ; Inapplicable ; Inapplicable ; Inapplicable ; Inapplicable ; Inapplicable ; Inapplicable ; Inapplicable ; Inapplicable ; Inapplicable ; Inapplicable ; Inapplicable ; Inapplicable ; Inapplicable ;
; R14out[20]         ; Inapplicable ; Inapplicable ; Inapplicable ; Inapplicable ; Inapplicable ; Unchecked ; Inapplicable ; Inapplicable ; Unchecked ; Unchecked ; Inapplicable ; Inapplicable ; Inapplicable ; Inapplicable ; Inapplicable ; Inapplicable ; Inapplicable ; Inapplicable ; Inapplicable ; Inapplicable ; Inapplicable ; Inapplicable ; Inapplicable ; Inapplicable ; Inapplicable ; Inapplicable ; Inapplicable ; Inapplicable ;
; R14out[21]         ; Inapplicable ; Inapplicable ; Inapplicable ; Inapplicable ; Inapplicable ; Unchecked ; Inapplicable ; Inapplicable ; Unchecked ; Unchecked ; Inapplicable ; Inapplicable ; Inapplicable ; Inapplicable ; Inapplicable ; Inapplicable ; Inapplicable ; Inapplicable ; Inapplicable ; Inapplicable ; Inapplicable ; Inapplicable ; Inapplicable ; Inapplicable ; Inapplicable ; Inapplicable ; Inapplicable ; Inapplicable ;
; R14out[22]         ; Inapplicable ; Inapplicable ; Inapplicable ; Inapplicable ; Inapplicable ; Unchecked ; Inapplicable ; Inapplicable ; Unchecked ; Unchecked ; Inapplicable ; Inapplicable ; Inapplicable ; Inapplicable ; Inapplicable ; Inapplicable ; Inapplicable ; Inapplicable ; Inapplicable ; Inapplicable ; Inapplicable ; Inapplicable ; Inapplicable ; Inapplicable ; Inapplicable ; Inapplicable ; Inapplicable ; Inapplicable ;
; R14out[23]         ; Inapplicable ; Inapplicable ; Inapplicable ; Inapplicable ; Inapplicable ; Unchecked ; Inapplicable ; Inapplicable ; Unchecked ; Unchecked ; Inapplicable ; Inapplicable ; Inapplicable ; Inapplicable ; Inapplicable ; Inapplicable ; Inapplicable ; Inapplicable ; Inapplicable ; Inapplicable ; Inapplicable ; Inapplicable ; Inapplicable ; Inapplicable ; Inapplicable ; Inapplicable ; Inapplicable ; Inapplicable ;
; R14out[24]         ; Inapplicable ; Inapplicable ; Inapplicable ; Inapplicable ; Inapplicable ; Unchecked ; Inapplicable ; Inapplicable ; Unchecked ; Unchecked ; Inapplicable ; Inapplicable ; Inapplicable ; Inapplicable ; Inapplicable ; Inapplicable ; Inapplicable ; Inapplicable ; Inapplicable ; Inapplicable ; Inapplicable ; Inapplicable ; Inapplicable ; Inapplicable ; Inapplicable ; Inapplicable ; Inapplicable ; Inapplicable ;
; R14out[25]         ; Inapplicable ; Inapplicable ; Inapplicable ; Inapplicable ; Inapplicable ; Unchecked ; Inapplicable ; Inapplicable ; Unchecked ; Unchecked ; Inapplicable ; Inapplicable ; Inapplicable ; Inapplicable ; Inapplicable ; Inapplicable ; Inapplicable ; Inapplicable ; Inapplicable ; Inapplicable ; Inapplicable ; Inapplicable ; Inapplicable ; Inapplicable ; Inapplicable ; Inapplicable ; Inapplicable ; Inapplicable ;
; R14out[26]         ; Inapplicable ; Inapplicable ; Inapplicable ; Inapplicable ; Inapplicable ; Unchecked ; Inapplicable ; Inapplicable ; Unchecked ; Unchecked ; Inapplicable ; Inapplicable ; Inapplicable ; Inapplicable ; Inapplicable ; Inapplicable ; Inapplicable ; Inapplicable ; Inapplicable ; Inapplicable ; Inapplicable ; Inapplicable ; Inapplicable ; Inapplicable ; Inapplicable ; Inapplicable ; Inapplicable ; Inapplicable ;
; R14out[27]         ; Inapplicable ; Inapplicable ; Inapplicable ; Inapplicable ; Inapplicable ; Unchecked ; Inapplicable ; Inapplicable ; Unchecked ; Unchecked ; Inapplicable ; Inapplicable ; Inapplicable ; Inapplicable ; Inapplicable ; Inapplicable ; Inapplicable ; Inapplicable ; Inapplicable ; Inapplicable ; Inapplicable ; Inapplicable ; Inapplicable ; Inapplicable ; Inapplicable ; Inapplicable ; Inapplicable ; Inapplicable ;
; R14out[28]         ; Inapplicable ; Inapplicable ; Inapplicable ; Inapplicable ; Inapplicable ; Unchecked ; Inapplicable ; Inapplicable ; Unchecked ; Unchecked ; Inapplicable ; Inapplicable ; Inapplicable ; Inapplicable ; Inapplicable ; Inapplicable ; Inapplicable ; Inapplicable ; Inapplicable ; Inapplicable ; Inapplicable ; Inapplicable ; Inapplicable ; Inapplicable ; Inapplicable ; Inapplicable ; Inapplicable ; Inapplicable ;
; R14out[29]         ; Inapplicable ; Inapplicable ; Inapplicable ; Inapplicable ; Inapplicable ; Unchecked ; Inapplicable ; Inapplicable ; Unchecked ; Unchecked ; Inapplicable ; Inapplicable ; Inapplicable ; Inapplicable ; Inapplicable ; Inapplicable ; Inapplicable ; Inapplicable ; Inapplicable ; Inapplicable ; Inapplicable ; Inapplicable ; Inapplicable ; Inapplicable ; Inapplicable ; Inapplicable ; Inapplicable ; Inapplicable ;
; R14out[30]         ; Inapplicable ; Inapplicable ; Inapplicable ; Inapplicable ; Inapplicable ; Unchecked ; Inapplicable ; Inapplicable ; Unchecked ; Unchecked ; Inapplicable ; Inapplicable ; Inapplicable ; Inapplicable ; Inapplicable ; Inapplicable ; Inapplicable ; Inapplicable ; Inapplicable ; Inapplicable ; Inapplicable ; Inapplicable ; Inapplicable ; Inapplicable ; Inapplicable ; Inapplicable ; Inapplicable ; Inapplicable ;
; R14out[31]         ; Inapplicable ; Inapplicable ; Inapplicable ; Inapplicable ; Inapplicable ; Unchecked ; Inapplicable ; Inapplicable ; Unchecked ; Unchecked ; Inapplicable ; Inapplicable ; Inapplicable ; Inapplicable ; Inapplicable ; Inapplicable ; Inapplicable ; Inapplicable ; Inapplicable ; Inapplicable ; Inapplicable ; Inapplicable ; Inapplicable ; Inapplicable ; Inapplicable ; Inapplicable ; Inapplicable ; Inapplicable ;
; R15out[0]          ; Inapplicable ; Inapplicable ; Inapplicable ; Inapplicable ; Inapplicable ; Unchecked ; Inapplicable ; Inapplicable ; Unchecked ; Unchecked ; Inapplicable ; Inapplicable ; Inapplicable ; Inapplicable ; Inapplicable ; Inapplicable ; Inapplicable ; Inapplicable ; Inapplicable ; Inapplicable ; Inapplicable ; Inapplicable ; Inapplicable ; Inapplicable ; Inapplicable ; Inapplicable ; Inapplicable ; Inapplicable ;
; R15out[1]          ; Inapplicable ; Inapplicable ; Inapplicable ; Inapplicable ; Inapplicable ; Unchecked ; Inapplicable ; Inapplicable ; Unchecked ; Unchecked ; Inapplicable ; Inapplicable ; Inapplicable ; Inapplicable ; Inapplicable ; Inapplicable ; Inapplicable ; Inapplicable ; Inapplicable ; Inapplicable ; Inapplicable ; Inapplicable ; Inapplicable ; Inapplicable ; Inapplicable ; Inapplicable ; Inapplicable ; Inapplicable ;
; R15out[2]          ; Inapplicable ; Inapplicable ; Inapplicable ; Inapplicable ; Inapplicable ; Unchecked ; Inapplicable ; Inapplicable ; Unchecked ; Unchecked ; Inapplicable ; Inapplicable ; Inapplicable ; Inapplicable ; Inapplicable ; Inapplicable ; Inapplicable ; Inapplicable ; Inapplicable ; Inapplicable ; Inapplicable ; Inapplicable ; Inapplicable ; Inapplicable ; Inapplicable ; Inapplicable ; Inapplicable ; Inapplicable ;
; R15out[3]          ; Inapplicable ; Inapplicable ; Inapplicable ; Inapplicable ; Inapplicable ; Unchecked ; Inapplicable ; Inapplicable ; Unchecked ; Unchecked ; Inapplicable ; Inapplicable ; Inapplicable ; Inapplicable ; Inapplicable ; Inapplicable ; Inapplicable ; Inapplicable ; Inapplicable ; Inapplicable ; Inapplicable ; Inapplicable ; Inapplicable ; Inapplicable ; Inapplicable ; Inapplicable ; Inapplicable ; Inapplicable ;
; R15out[4]          ; Inapplicable ; Inapplicable ; Inapplicable ; Inapplicable ; Inapplicable ; Unchecked ; Inapplicable ; Inapplicable ; Unchecked ; Unchecked ; Inapplicable ; Inapplicable ; Inapplicable ; Inapplicable ; Inapplicable ; Inapplicable ; Inapplicable ; Inapplicable ; Inapplicable ; Inapplicable ; Inapplicable ; Inapplicable ; Inapplicable ; Inapplicable ; Inapplicable ; Inapplicable ; Inapplicable ; Inapplicable ;
; R15out[5]          ; Inapplicable ; Inapplicable ; Inapplicable ; Inapplicable ; Inapplicable ; Unchecked ; Inapplicable ; Inapplicable ; Unchecked ; Unchecked ; Inapplicable ; Inapplicable ; Inapplicable ; Inapplicable ; Inapplicable ; Inapplicable ; Inapplicable ; Inapplicable ; Inapplicable ; Inapplicable ; Inapplicable ; Inapplicable ; Inapplicable ; Inapplicable ; Inapplicable ; Inapplicable ; Inapplicable ; Inapplicable ;
; R15out[6]          ; Inapplicable ; Inapplicable ; Inapplicable ; Inapplicable ; Inapplicable ; Unchecked ; Inapplicable ; Inapplicable ; Unchecked ; Unchecked ; Inapplicable ; Inapplicable ; Inapplicable ; Inapplicable ; Inapplicable ; Inapplicable ; Inapplicable ; Inapplicable ; Inapplicable ; Inapplicable ; Inapplicable ; Inapplicable ; Inapplicable ; Inapplicable ; Inapplicable ; Inapplicable ; Inapplicable ; Inapplicable ;
; R15out[7]          ; Inapplicable ; Inapplicable ; Inapplicable ; Inapplicable ; Inapplicable ; Unchecked ; Inapplicable ; Inapplicable ; Unchecked ; Unchecked ; Inapplicable ; Inapplicable ; Inapplicable ; Inapplicable ; Inapplicable ; Inapplicable ; Inapplicable ; Inapplicable ; Inapplicable ; Inapplicable ; Inapplicable ; Inapplicable ; Inapplicable ; Inapplicable ; Inapplicable ; Inapplicable ; Inapplicable ; Inapplicable ;
; R15out[8]          ; Inapplicable ; Inapplicable ; Inapplicable ; Inapplicable ; Inapplicable ; Unchecked ; Inapplicable ; Inapplicable ; Unchecked ; Unchecked ; Inapplicable ; Inapplicable ; Inapplicable ; Inapplicable ; Inapplicable ; Inapplicable ; Inapplicable ; Inapplicable ; Inapplicable ; Inapplicable ; Inapplicable ; Inapplicable ; Inapplicable ; Inapplicable ; Inapplicable ; Inapplicable ; Inapplicable ; Inapplicable ;
; R15out[9]          ; Inapplicable ; Inapplicable ; Inapplicable ; Inapplicable ; Inapplicable ; Unchecked ; Inapplicable ; Inapplicable ; Unchecked ; Unchecked ; Inapplicable ; Inapplicable ; Inapplicable ; Inapplicable ; Inapplicable ; Inapplicable ; Inapplicable ; Inapplicable ; Inapplicable ; Inapplicable ; Inapplicable ; Inapplicable ; Inapplicable ; Inapplicable ; Inapplicable ; Inapplicable ; Inapplicable ; Inapplicable ;
; R15out[10]         ; Inapplicable ; Inapplicable ; Inapplicable ; Inapplicable ; Inapplicable ; Unchecked ; Inapplicable ; Inapplicable ; Unchecked ; Unchecked ; Inapplicable ; Inapplicable ; Inapplicable ; Inapplicable ; Inapplicable ; Inapplicable ; Inapplicable ; Inapplicable ; Inapplicable ; Inapplicable ; Inapplicable ; Inapplicable ; Inapplicable ; Inapplicable ; Inapplicable ; Inapplicable ; Inapplicable ; Inapplicable ;
; R15out[11]         ; Inapplicable ; Inapplicable ; Inapplicable ; Inapplicable ; Inapplicable ; Unchecked ; Inapplicable ; Inapplicable ; Unchecked ; Unchecked ; Inapplicable ; Inapplicable ; Inapplicable ; Inapplicable ; Inapplicable ; Inapplicable ; Inapplicable ; Inapplicable ; Inapplicable ; Inapplicable ; Inapplicable ; Inapplicable ; Inapplicable ; Inapplicable ; Inapplicable ; Inapplicable ; Inapplicable ; Inapplicable ;
; R15out[12]         ; Inapplicable ; Inapplicable ; Inapplicable ; Inapplicable ; Inapplicable ; Unchecked ; Inapplicable ; Inapplicable ; Unchecked ; Unchecked ; Inapplicable ; Inapplicable ; Inapplicable ; Inapplicable ; Inapplicable ; Inapplicable ; Inapplicable ; Inapplicable ; Inapplicable ; Inapplicable ; Inapplicable ; Inapplicable ; Inapplicable ; Inapplicable ; Inapplicable ; Inapplicable ; Inapplicable ; Inapplicable ;
; R15out[13]         ; Inapplicable ; Inapplicable ; Inapplicable ; Inapplicable ; Inapplicable ; Unchecked ; Inapplicable ; Inapplicable ; Unchecked ; Unchecked ; Inapplicable ; Inapplicable ; Inapplicable ; Inapplicable ; Inapplicable ; Inapplicable ; Inapplicable ; Inapplicable ; Inapplicable ; Inapplicable ; Inapplicable ; Inapplicable ; Inapplicable ; Inapplicable ; Inapplicable ; Inapplicable ; Inapplicable ; Inapplicable ;
; R15out[14]         ; Inapplicable ; Inapplicable ; Inapplicable ; Inapplicable ; Inapplicable ; Unchecked ; Inapplicable ; Inapplicable ; Unchecked ; Unchecked ; Inapplicable ; Inapplicable ; Inapplicable ; Inapplicable ; Inapplicable ; Inapplicable ; Inapplicable ; Inapplicable ; Inapplicable ; Inapplicable ; Inapplicable ; Inapplicable ; Inapplicable ; Inapplicable ; Inapplicable ; Inapplicable ; Inapplicable ; Inapplicable ;
; R15out[15]         ; Inapplicable ; Inapplicable ; Inapplicable ; Inapplicable ; Inapplicable ; Unchecked ; Inapplicable ; Inapplicable ; Unchecked ; Unchecked ; Inapplicable ; Inapplicable ; Inapplicable ; Inapplicable ; Inapplicable ; Inapplicable ; Inapplicable ; Inapplicable ; Inapplicable ; Inapplicable ; Inapplicable ; Inapplicable ; Inapplicable ; Inapplicable ; Inapplicable ; Inapplicable ; Inapplicable ; Inapplicable ;
; R15out[16]         ; Inapplicable ; Inapplicable ; Inapplicable ; Inapplicable ; Inapplicable ; Unchecked ; Inapplicable ; Inapplicable ; Unchecked ; Unchecked ; Inapplicable ; Inapplicable ; Inapplicable ; Inapplicable ; Inapplicable ; Inapplicable ; Inapplicable ; Inapplicable ; Inapplicable ; Inapplicable ; Inapplicable ; Inapplicable ; Inapplicable ; Inapplicable ; Inapplicable ; Inapplicable ; Inapplicable ; Inapplicable ;
; R15out[17]         ; Inapplicable ; Inapplicable ; Inapplicable ; Inapplicable ; Inapplicable ; Unchecked ; Inapplicable ; Inapplicable ; Unchecked ; Unchecked ; Inapplicable ; Inapplicable ; Inapplicable ; Inapplicable ; Inapplicable ; Inapplicable ; Inapplicable ; Inapplicable ; Inapplicable ; Inapplicable ; Inapplicable ; Inapplicable ; Inapplicable ; Inapplicable ; Inapplicable ; Inapplicable ; Inapplicable ; Inapplicable ;
; R15out[18]         ; Inapplicable ; Inapplicable ; Inapplicable ; Inapplicable ; Inapplicable ; Unchecked ; Inapplicable ; Inapplicable ; Unchecked ; Unchecked ; Inapplicable ; Inapplicable ; Inapplicable ; Inapplicable ; Inapplicable ; Inapplicable ; Inapplicable ; Inapplicable ; Inapplicable ; Inapplicable ; Inapplicable ; Inapplicable ; Inapplicable ; Inapplicable ; Inapplicable ; Inapplicable ; Inapplicable ; Inapplicable ;
; R15out[19]         ; Inapplicable ; Inapplicable ; Inapplicable ; Inapplicable ; Inapplicable ; Unchecked ; Inapplicable ; Inapplicable ; Unchecked ; Unchecked ; Inapplicable ; Inapplicable ; Inapplicable ; Inapplicable ; Inapplicable ; Inapplicable ; Inapplicable ; Inapplicable ; Inapplicable ; Inapplicable ; Inapplicable ; Inapplicable ; Inapplicable ; Inapplicable ; Inapplicable ; Inapplicable ; Inapplicable ; Inapplicable ;
; R15out[20]         ; Inapplicable ; Inapplicable ; Inapplicable ; Inapplicable ; Inapplicable ; Unchecked ; Inapplicable ; Inapplicable ; Unchecked ; Unchecked ; Inapplicable ; Inapplicable ; Inapplicable ; Inapplicable ; Inapplicable ; Inapplicable ; Inapplicable ; Inapplicable ; Inapplicable ; Inapplicable ; Inapplicable ; Inapplicable ; Inapplicable ; Inapplicable ; Inapplicable ; Inapplicable ; Inapplicable ; Inapplicable ;
; R15out[21]         ; Inapplicable ; Inapplicable ; Inapplicable ; Inapplicable ; Inapplicable ; Unchecked ; Inapplicable ; Inapplicable ; Unchecked ; Unchecked ; Inapplicable ; Inapplicable ; Inapplicable ; Inapplicable ; Inapplicable ; Inapplicable ; Inapplicable ; Inapplicable ; Inapplicable ; Inapplicable ; Inapplicable ; Inapplicable ; Inapplicable ; Inapplicable ; Inapplicable ; Inapplicable ; Inapplicable ; Inapplicable ;
; R15out[22]         ; Inapplicable ; Inapplicable ; Inapplicable ; Inapplicable ; Inapplicable ; Unchecked ; Inapplicable ; Inapplicable ; Unchecked ; Unchecked ; Inapplicable ; Inapplicable ; Inapplicable ; Inapplicable ; Inapplicable ; Inapplicable ; Inapplicable ; Inapplicable ; Inapplicable ; Inapplicable ; Inapplicable ; Inapplicable ; Inapplicable ; Inapplicable ; Inapplicable ; Inapplicable ; Inapplicable ; Inapplicable ;
; R15out[23]         ; Inapplicable ; Inapplicable ; Inapplicable ; Inapplicable ; Inapplicable ; Unchecked ; Inapplicable ; Inapplicable ; Unchecked ; Unchecked ; Inapplicable ; Inapplicable ; Inapplicable ; Inapplicable ; Inapplicable ; Inapplicable ; Inapplicable ; Inapplicable ; Inapplicable ; Inapplicable ; Inapplicable ; Inapplicable ; Inapplicable ; Inapplicable ; Inapplicable ; Inapplicable ; Inapplicable ; Inapplicable ;
; R15out[24]         ; Inapplicable ; Inapplicable ; Inapplicable ; Inapplicable ; Inapplicable ; Unchecked ; Inapplicable ; Inapplicable ; Unchecked ; Unchecked ; Inapplicable ; Inapplicable ; Inapplicable ; Inapplicable ; Inapplicable ; Inapplicable ; Inapplicable ; Inapplicable ; Inapplicable ; Inapplicable ; Inapplicable ; Inapplicable ; Inapplicable ; Inapplicable ; Inapplicable ; Inapplicable ; Inapplicable ; Inapplicable ;
; R15out[25]         ; Inapplicable ; Inapplicable ; Inapplicable ; Inapplicable ; Inapplicable ; Unchecked ; Inapplicable ; Inapplicable ; Unchecked ; Unchecked ; Inapplicable ; Inapplicable ; Inapplicable ; Inapplicable ; Inapplicable ; Inapplicable ; Inapplicable ; Inapplicable ; Inapplicable ; Inapplicable ; Inapplicable ; Inapplicable ; Inapplicable ; Inapplicable ; Inapplicable ; Inapplicable ; Inapplicable ; Inapplicable ;
; R15out[26]         ; Inapplicable ; Inapplicable ; Inapplicable ; Inapplicable ; Inapplicable ; Unchecked ; Inapplicable ; Inapplicable ; Unchecked ; Unchecked ; Inapplicable ; Inapplicable ; Inapplicable ; Inapplicable ; Inapplicable ; Inapplicable ; Inapplicable ; Inapplicable ; Inapplicable ; Inapplicable ; Inapplicable ; Inapplicable ; Inapplicable ; Inapplicable ; Inapplicable ; Inapplicable ; Inapplicable ; Inapplicable ;
; R15out[27]         ; Inapplicable ; Inapplicable ; Inapplicable ; Inapplicable ; Inapplicable ; Unchecked ; Inapplicable ; Inapplicable ; Unchecked ; Unchecked ; Inapplicable ; Inapplicable ; Inapplicable ; Inapplicable ; Inapplicable ; Inapplicable ; Inapplicable ; Inapplicable ; Inapplicable ; Inapplicable ; Inapplicable ; Inapplicable ; Inapplicable ; Inapplicable ; Inapplicable ; Inapplicable ; Inapplicable ; Inapplicable ;
; R15out[28]         ; Inapplicable ; Inapplicable ; Inapplicable ; Inapplicable ; Inapplicable ; Unchecked ; Inapplicable ; Inapplicable ; Unchecked ; Unchecked ; Inapplicable ; Inapplicable ; Inapplicable ; Inapplicable ; Inapplicable ; Inapplicable ; Inapplicable ; Inapplicable ; Inapplicable ; Inapplicable ; Inapplicable ; Inapplicable ; Inapplicable ; Inapplicable ; Inapplicable ; Inapplicable ; Inapplicable ; Inapplicable ;
; R15out[29]         ; Inapplicable ; Inapplicable ; Inapplicable ; Inapplicable ; Inapplicable ; Unchecked ; Inapplicable ; Inapplicable ; Unchecked ; Unchecked ; Inapplicable ; Inapplicable ; Inapplicable ; Inapplicable ; Inapplicable ; Inapplicable ; Inapplicable ; Inapplicable ; Inapplicable ; Inapplicable ; Inapplicable ; Inapplicable ; Inapplicable ; Inapplicable ; Inapplicable ; Inapplicable ; Inapplicable ; Inapplicable ;
; R15out[30]         ; Inapplicable ; Inapplicable ; Inapplicable ; Inapplicable ; Inapplicable ; Unchecked ; Inapplicable ; Inapplicable ; Unchecked ; Unchecked ; Inapplicable ; Inapplicable ; Inapplicable ; Inapplicable ; Inapplicable ; Inapplicable ; Inapplicable ; Inapplicable ; Inapplicable ; Inapplicable ; Inapplicable ; Inapplicable ; Inapplicable ; Inapplicable ; Inapplicable ; Inapplicable ; Inapplicable ; Inapplicable ;
; R15out[31]         ; Inapplicable ; Inapplicable ; Inapplicable ; Inapplicable ; Inapplicable ; Unchecked ; Inapplicable ; Inapplicable ; Unchecked ; Unchecked ; Inapplicable ; Inapplicable ; Inapplicable ; Inapplicable ; Inapplicable ; Inapplicable ; Inapplicable ; Inapplicable ; Inapplicable ; Inapplicable ; Inapplicable ; Inapplicable ; Inapplicable ; Inapplicable ; Inapplicable ; Inapplicable ; Inapplicable ; Inapplicable ;
; RZout[0]           ; Inapplicable ; Inapplicable ; Inapplicable ; Inapplicable ; Inapplicable ; Unchecked ; Inapplicable ; Inapplicable ; Unchecked ; Unchecked ; Inapplicable ; Inapplicable ; Inapplicable ; Inapplicable ; Inapplicable ; Inapplicable ; Inapplicable ; Inapplicable ; Inapplicable ; Inapplicable ; Inapplicable ; Inapplicable ; Inapplicable ; Inapplicable ; Inapplicable ; Inapplicable ; Inapplicable ; Inapplicable ;
; RZout[1]           ; Inapplicable ; Inapplicable ; Inapplicable ; Inapplicable ; Inapplicable ; Unchecked ; Inapplicable ; Inapplicable ; Unchecked ; Unchecked ; Inapplicable ; Inapplicable ; Inapplicable ; Inapplicable ; Inapplicable ; Inapplicable ; Inapplicable ; Inapplicable ; Inapplicable ; Inapplicable ; Inapplicable ; Inapplicable ; Inapplicable ; Inapplicable ; Inapplicable ; Inapplicable ; Inapplicable ; Inapplicable ;
; RZout[2]           ; Inapplicable ; Inapplicable ; Inapplicable ; Inapplicable ; Inapplicable ; Unchecked ; Inapplicable ; Inapplicable ; Unchecked ; Unchecked ; Inapplicable ; Inapplicable ; Inapplicable ; Inapplicable ; Inapplicable ; Inapplicable ; Inapplicable ; Inapplicable ; Inapplicable ; Inapplicable ; Inapplicable ; Inapplicable ; Inapplicable ; Inapplicable ; Inapplicable ; Inapplicable ; Inapplicable ; Inapplicable ;
; RZout[3]           ; Inapplicable ; Inapplicable ; Inapplicable ; Inapplicable ; Inapplicable ; Unchecked ; Inapplicable ; Inapplicable ; Unchecked ; Unchecked ; Inapplicable ; Inapplicable ; Inapplicable ; Inapplicable ; Inapplicable ; Inapplicable ; Inapplicable ; Inapplicable ; Inapplicable ; Inapplicable ; Inapplicable ; Inapplicable ; Inapplicable ; Inapplicable ; Inapplicable ; Inapplicable ; Inapplicable ; Inapplicable ;
; RZout[4]           ; Inapplicable ; Inapplicable ; Inapplicable ; Inapplicable ; Inapplicable ; Unchecked ; Inapplicable ; Inapplicable ; Unchecked ; Unchecked ; Inapplicable ; Inapplicable ; Inapplicable ; Inapplicable ; Inapplicable ; Inapplicable ; Inapplicable ; Inapplicable ; Inapplicable ; Inapplicable ; Inapplicable ; Inapplicable ; Inapplicable ; Inapplicable ; Inapplicable ; Inapplicable ; Inapplicable ; Inapplicable ;
; RZout[5]           ; Inapplicable ; Inapplicable ; Inapplicable ; Inapplicable ; Inapplicable ; Unchecked ; Inapplicable ; Inapplicable ; Unchecked ; Unchecked ; Inapplicable ; Inapplicable ; Inapplicable ; Inapplicable ; Inapplicable ; Inapplicable ; Inapplicable ; Inapplicable ; Inapplicable ; Inapplicable ; Inapplicable ; Inapplicable ; Inapplicable ; Inapplicable ; Inapplicable ; Inapplicable ; Inapplicable ; Inapplicable ;
; RZout[6]           ; Inapplicable ; Inapplicable ; Inapplicable ; Inapplicable ; Inapplicable ; Unchecked ; Inapplicable ; Inapplicable ; Unchecked ; Unchecked ; Inapplicable ; Inapplicable ; Inapplicable ; Inapplicable ; Inapplicable ; Inapplicable ; Inapplicable ; Inapplicable ; Inapplicable ; Inapplicable ; Inapplicable ; Inapplicable ; Inapplicable ; Inapplicable ; Inapplicable ; Inapplicable ; Inapplicable ; Inapplicable ;
; RZout[7]           ; Inapplicable ; Inapplicable ; Inapplicable ; Inapplicable ; Inapplicable ; Unchecked ; Inapplicable ; Inapplicable ; Unchecked ; Unchecked ; Inapplicable ; Inapplicable ; Inapplicable ; Inapplicable ; Inapplicable ; Inapplicable ; Inapplicable ; Inapplicable ; Inapplicable ; Inapplicable ; Inapplicable ; Inapplicable ; Inapplicable ; Inapplicable ; Inapplicable ; Inapplicable ; Inapplicable ; Inapplicable ;
; RZout[8]           ; Inapplicable ; Inapplicable ; Inapplicable ; Inapplicable ; Inapplicable ; Unchecked ; Inapplicable ; Inapplicable ; Unchecked ; Unchecked ; Inapplicable ; Inapplicable ; Inapplicable ; Inapplicable ; Inapplicable ; Inapplicable ; Inapplicable ; Inapplicable ; Inapplicable ; Inapplicable ; Inapplicable ; Inapplicable ; Inapplicable ; Inapplicable ; Inapplicable ; Inapplicable ; Inapplicable ; Inapplicable ;
; RZout[9]           ; Inapplicable ; Inapplicable ; Inapplicable ; Inapplicable ; Inapplicable ; Unchecked ; Inapplicable ; Inapplicable ; Unchecked ; Unchecked ; Inapplicable ; Inapplicable ; Inapplicable ; Inapplicable ; Inapplicable ; Inapplicable ; Inapplicable ; Inapplicable ; Inapplicable ; Inapplicable ; Inapplicable ; Inapplicable ; Inapplicable ; Inapplicable ; Inapplicable ; Inapplicable ; Inapplicable ; Inapplicable ;
; RZout[10]          ; Inapplicable ; Inapplicable ; Inapplicable ; Inapplicable ; Inapplicable ; Unchecked ; Inapplicable ; Inapplicable ; Unchecked ; Unchecked ; Inapplicable ; Inapplicable ; Inapplicable ; Inapplicable ; Inapplicable ; Inapplicable ; Inapplicable ; Inapplicable ; Inapplicable ; Inapplicable ; Inapplicable ; Inapplicable ; Inapplicable ; Inapplicable ; Inapplicable ; Inapplicable ; Inapplicable ; Inapplicable ;
; RZout[11]          ; Inapplicable ; Inapplicable ; Inapplicable ; Inapplicable ; Inapplicable ; Unchecked ; Inapplicable ; Inapplicable ; Unchecked ; Unchecked ; Inapplicable ; Inapplicable ; Inapplicable ; Inapplicable ; Inapplicable ; Inapplicable ; Inapplicable ; Inapplicable ; Inapplicable ; Inapplicable ; Inapplicable ; Inapplicable ; Inapplicable ; Inapplicable ; Inapplicable ; Inapplicable ; Inapplicable ; Inapplicable ;
; RZout[12]          ; Inapplicable ; Inapplicable ; Inapplicable ; Inapplicable ; Inapplicable ; Unchecked ; Inapplicable ; Inapplicable ; Unchecked ; Unchecked ; Inapplicable ; Inapplicable ; Inapplicable ; Inapplicable ; Inapplicable ; Inapplicable ; Inapplicable ; Inapplicable ; Inapplicable ; Inapplicable ; Inapplicable ; Inapplicable ; Inapplicable ; Inapplicable ; Inapplicable ; Inapplicable ; Inapplicable ; Inapplicable ;
; RZout[13]          ; Inapplicable ; Inapplicable ; Inapplicable ; Inapplicable ; Inapplicable ; Unchecked ; Inapplicable ; Inapplicable ; Unchecked ; Unchecked ; Inapplicable ; Inapplicable ; Inapplicable ; Inapplicable ; Inapplicable ; Inapplicable ; Inapplicable ; Inapplicable ; Inapplicable ; Inapplicable ; Inapplicable ; Inapplicable ; Inapplicable ; Inapplicable ; Inapplicable ; Inapplicable ; Inapplicable ; Inapplicable ;
; RZout[14]          ; Inapplicable ; Inapplicable ; Inapplicable ; Inapplicable ; Inapplicable ; Unchecked ; Inapplicable ; Inapplicable ; Unchecked ; Unchecked ; Inapplicable ; Inapplicable ; Inapplicable ; Inapplicable ; Inapplicable ; Inapplicable ; Inapplicable ; Inapplicable ; Inapplicable ; Inapplicable ; Inapplicable ; Inapplicable ; Inapplicable ; Inapplicable ; Inapplicable ; Inapplicable ; Inapplicable ; Inapplicable ;
; RZout[15]          ; Inapplicable ; Inapplicable ; Inapplicable ; Inapplicable ; Inapplicable ; Unchecked ; Inapplicable ; Inapplicable ; Unchecked ; Unchecked ; Inapplicable ; Inapplicable ; Inapplicable ; Inapplicable ; Inapplicable ; Inapplicable ; Inapplicable ; Inapplicable ; Inapplicable ; Inapplicable ; Inapplicable ; Inapplicable ; Inapplicable ; Inapplicable ; Inapplicable ; Inapplicable ; Inapplicable ; Inapplicable ;
; RZout[16]          ; Inapplicable ; Inapplicable ; Inapplicable ; Inapplicable ; Inapplicable ; Unchecked ; Inapplicable ; Inapplicable ; Unchecked ; Unchecked ; Inapplicable ; Inapplicable ; Inapplicable ; Inapplicable ; Inapplicable ; Inapplicable ; Inapplicable ; Inapplicable ; Inapplicable ; Inapplicable ; Inapplicable ; Inapplicable ; Inapplicable ; Inapplicable ; Inapplicable ; Inapplicable ; Inapplicable ; Inapplicable ;
; RZout[17]          ; Inapplicable ; Inapplicable ; Inapplicable ; Inapplicable ; Inapplicable ; Unchecked ; Inapplicable ; Inapplicable ; Unchecked ; Unchecked ; Inapplicable ; Inapplicable ; Inapplicable ; Inapplicable ; Inapplicable ; Inapplicable ; Inapplicable ; Inapplicable ; Inapplicable ; Inapplicable ; Inapplicable ; Inapplicable ; Inapplicable ; Inapplicable ; Inapplicable ; Inapplicable ; Inapplicable ; Inapplicable ;
; RZout[18]          ; Inapplicable ; Inapplicable ; Inapplicable ; Inapplicable ; Inapplicable ; Unchecked ; Inapplicable ; Inapplicable ; Unchecked ; Unchecked ; Inapplicable ; Inapplicable ; Inapplicable ; Inapplicable ; Inapplicable ; Inapplicable ; Inapplicable ; Inapplicable ; Inapplicable ; Inapplicable ; Inapplicable ; Inapplicable ; Inapplicable ; Inapplicable ; Inapplicable ; Inapplicable ; Inapplicable ; Inapplicable ;
; RZout[19]          ; Inapplicable ; Inapplicable ; Inapplicable ; Inapplicable ; Inapplicable ; Unchecked ; Inapplicable ; Inapplicable ; Unchecked ; Unchecked ; Inapplicable ; Inapplicable ; Inapplicable ; Inapplicable ; Inapplicable ; Inapplicable ; Inapplicable ; Inapplicable ; Inapplicable ; Inapplicable ; Inapplicable ; Inapplicable ; Inapplicable ; Inapplicable ; Inapplicable ; Inapplicable ; Inapplicable ; Inapplicable ;
; RZout[20]          ; Inapplicable ; Inapplicable ; Inapplicable ; Inapplicable ; Inapplicable ; Unchecked ; Inapplicable ; Inapplicable ; Unchecked ; Unchecked ; Inapplicable ; Inapplicable ; Inapplicable ; Inapplicable ; Inapplicable ; Inapplicable ; Inapplicable ; Inapplicable ; Inapplicable ; Inapplicable ; Inapplicable ; Inapplicable ; Inapplicable ; Inapplicable ; Inapplicable ; Inapplicable ; Inapplicable ; Inapplicable ;
; RZout[21]          ; Inapplicable ; Inapplicable ; Inapplicable ; Inapplicable ; Inapplicable ; Unchecked ; Inapplicable ; Inapplicable ; Unchecked ; Unchecked ; Inapplicable ; Inapplicable ; Inapplicable ; Inapplicable ; Inapplicable ; Inapplicable ; Inapplicable ; Inapplicable ; Inapplicable ; Inapplicable ; Inapplicable ; Inapplicable ; Inapplicable ; Inapplicable ; Inapplicable ; Inapplicable ; Inapplicable ; Inapplicable ;
; RZout[22]          ; Inapplicable ; Inapplicable ; Inapplicable ; Inapplicable ; Inapplicable ; Unchecked ; Inapplicable ; Inapplicable ; Unchecked ; Unchecked ; Inapplicable ; Inapplicable ; Inapplicable ; Inapplicable ; Inapplicable ; Inapplicable ; Inapplicable ; Inapplicable ; Inapplicable ; Inapplicable ; Inapplicable ; Inapplicable ; Inapplicable ; Inapplicable ; Inapplicable ; Inapplicable ; Inapplicable ; Inapplicable ;
; RZout[23]          ; Inapplicable ; Inapplicable ; Inapplicable ; Inapplicable ; Inapplicable ; Unchecked ; Inapplicable ; Inapplicable ; Unchecked ; Unchecked ; Inapplicable ; Inapplicable ; Inapplicable ; Inapplicable ; Inapplicable ; Inapplicable ; Inapplicable ; Inapplicable ; Inapplicable ; Inapplicable ; Inapplicable ; Inapplicable ; Inapplicable ; Inapplicable ; Inapplicable ; Inapplicable ; Inapplicable ; Inapplicable ;
; RZout[24]          ; Inapplicable ; Inapplicable ; Inapplicable ; Inapplicable ; Inapplicable ; Unchecked ; Inapplicable ; Inapplicable ; Unchecked ; Unchecked ; Inapplicable ; Inapplicable ; Inapplicable ; Inapplicable ; Inapplicable ; Inapplicable ; Inapplicable ; Inapplicable ; Inapplicable ; Inapplicable ; Inapplicable ; Inapplicable ; Inapplicable ; Inapplicable ; Inapplicable ; Inapplicable ; Inapplicable ; Inapplicable ;
; RZout[25]          ; Inapplicable ; Inapplicable ; Inapplicable ; Inapplicable ; Inapplicable ; Unchecked ; Inapplicable ; Inapplicable ; Unchecked ; Unchecked ; Inapplicable ; Inapplicable ; Inapplicable ; Inapplicable ; Inapplicable ; Inapplicable ; Inapplicable ; Inapplicable ; Inapplicable ; Inapplicable ; Inapplicable ; Inapplicable ; Inapplicable ; Inapplicable ; Inapplicable ; Inapplicable ; Inapplicable ; Inapplicable ;
; RZout[26]          ; Inapplicable ; Inapplicable ; Inapplicable ; Inapplicable ; Inapplicable ; Unchecked ; Inapplicable ; Inapplicable ; Unchecked ; Unchecked ; Inapplicable ; Inapplicable ; Inapplicable ; Inapplicable ; Inapplicable ; Inapplicable ; Inapplicable ; Inapplicable ; Inapplicable ; Inapplicable ; Inapplicable ; Inapplicable ; Inapplicable ; Inapplicable ; Inapplicable ; Inapplicable ; Inapplicable ; Inapplicable ;
; RZout[27]          ; Inapplicable ; Inapplicable ; Inapplicable ; Inapplicable ; Inapplicable ; Unchecked ; Inapplicable ; Inapplicable ; Unchecked ; Unchecked ; Inapplicable ; Inapplicable ; Inapplicable ; Inapplicable ; Inapplicable ; Inapplicable ; Inapplicable ; Inapplicable ; Inapplicable ; Inapplicable ; Inapplicable ; Inapplicable ; Inapplicable ; Inapplicable ; Inapplicable ; Inapplicable ; Inapplicable ; Inapplicable ;
; RZout[28]          ; Inapplicable ; Inapplicable ; Inapplicable ; Inapplicable ; Inapplicable ; Unchecked ; Inapplicable ; Inapplicable ; Unchecked ; Unchecked ; Inapplicable ; Inapplicable ; Inapplicable ; Inapplicable ; Inapplicable ; Inapplicable ; Inapplicable ; Inapplicable ; Inapplicable ; Inapplicable ; Inapplicable ; Inapplicable ; Inapplicable ; Inapplicable ; Inapplicable ; Inapplicable ; Inapplicable ; Inapplicable ;
; RZout[29]          ; Inapplicable ; Inapplicable ; Inapplicable ; Inapplicable ; Inapplicable ; Unchecked ; Inapplicable ; Inapplicable ; Unchecked ; Unchecked ; Inapplicable ; Inapplicable ; Inapplicable ; Inapplicable ; Inapplicable ; Inapplicable ; Inapplicable ; Inapplicable ; Inapplicable ; Inapplicable ; Inapplicable ; Inapplicable ; Inapplicable ; Inapplicable ; Inapplicable ; Inapplicable ; Inapplicable ; Inapplicable ;
; RZout[30]          ; Inapplicable ; Inapplicable ; Inapplicable ; Inapplicable ; Inapplicable ; Unchecked ; Inapplicable ; Inapplicable ; Unchecked ; Unchecked ; Inapplicable ; Inapplicable ; Inapplicable ; Inapplicable ; Inapplicable ; Inapplicable ; Inapplicable ; Inapplicable ; Inapplicable ; Inapplicable ; Inapplicable ; Inapplicable ; Inapplicable ; Inapplicable ; Inapplicable ; Inapplicable ; Inapplicable ; Inapplicable ;
; RZout[31]          ; Inapplicable ; Inapplicable ; Inapplicable ; Inapplicable ; Inapplicable ; Unchecked ; Inapplicable ; Inapplicable ; Unchecked ; Unchecked ; Inapplicable ; Inapplicable ; Inapplicable ; Inapplicable ; Inapplicable ; Inapplicable ; Inapplicable ; Inapplicable ; Inapplicable ; Inapplicable ; Inapplicable ; Inapplicable ; Inapplicable ; Inapplicable ; Inapplicable ; Inapplicable ; Inapplicable ; Inapplicable ;
; RYout[0]           ; Inapplicable ; Inapplicable ; Inapplicable ; Inapplicable ; Inapplicable ; Unchecked ; Inapplicable ; Inapplicable ; Unchecked ; Unchecked ; Inapplicable ; Inapplicable ; Inapplicable ; Inapplicable ; Inapplicable ; Inapplicable ; Inapplicable ; Inapplicable ; Inapplicable ; Inapplicable ; Inapplicable ; Inapplicable ; Inapplicable ; Inapplicable ; Inapplicable ; Inapplicable ; Inapplicable ; Inapplicable ;
; RYout[1]           ; Inapplicable ; Inapplicable ; Inapplicable ; Inapplicable ; Inapplicable ; Unchecked ; Inapplicable ; Inapplicable ; Unchecked ; Unchecked ; Inapplicable ; Inapplicable ; Inapplicable ; Inapplicable ; Inapplicable ; Inapplicable ; Inapplicable ; Inapplicable ; Inapplicable ; Inapplicable ; Inapplicable ; Inapplicable ; Inapplicable ; Inapplicable ; Inapplicable ; Inapplicable ; Inapplicable ; Inapplicable ;
; RYout[2]           ; Inapplicable ; Inapplicable ; Inapplicable ; Inapplicable ; Inapplicable ; Unchecked ; Inapplicable ; Inapplicable ; Unchecked ; Unchecked ; Inapplicable ; Inapplicable ; Inapplicable ; Inapplicable ; Inapplicable ; Inapplicable ; Inapplicable ; Inapplicable ; Inapplicable ; Inapplicable ; Inapplicable ; Inapplicable ; Inapplicable ; Inapplicable ; Inapplicable ; Inapplicable ; Inapplicable ; Inapplicable ;
; RYout[3]           ; Inapplicable ; Inapplicable ; Inapplicable ; Inapplicable ; Inapplicable ; Unchecked ; Inapplicable ; Inapplicable ; Unchecked ; Unchecked ; Inapplicable ; Inapplicable ; Inapplicable ; Inapplicable ; Inapplicable ; Inapplicable ; Inapplicable ; Inapplicable ; Inapplicable ; Inapplicable ; Inapplicable ; Inapplicable ; Inapplicable ; Inapplicable ; Inapplicable ; Inapplicable ; Inapplicable ; Inapplicable ;
; RYout[4]           ; Inapplicable ; Inapplicable ; Inapplicable ; Inapplicable ; Inapplicable ; Unchecked ; Inapplicable ; Inapplicable ; Unchecked ; Unchecked ; Inapplicable ; Inapplicable ; Inapplicable ; Inapplicable ; Inapplicable ; Inapplicable ; Inapplicable ; Inapplicable ; Inapplicable ; Inapplicable ; Inapplicable ; Inapplicable ; Inapplicable ; Inapplicable ; Inapplicable ; Inapplicable ; Inapplicable ; Inapplicable ;
; RYout[5]           ; Inapplicable ; Inapplicable ; Inapplicable ; Inapplicable ; Inapplicable ; Unchecked ; Inapplicable ; Inapplicable ; Unchecked ; Unchecked ; Inapplicable ; Inapplicable ; Inapplicable ; Inapplicable ; Inapplicable ; Inapplicable ; Inapplicable ; Inapplicable ; Inapplicable ; Inapplicable ; Inapplicable ; Inapplicable ; Inapplicable ; Inapplicable ; Inapplicable ; Inapplicable ; Inapplicable ; Inapplicable ;
; RYout[6]           ; Inapplicable ; Inapplicable ; Inapplicable ; Inapplicable ; Inapplicable ; Unchecked ; Inapplicable ; Inapplicable ; Unchecked ; Unchecked ; Inapplicable ; Inapplicable ; Inapplicable ; Inapplicable ; Inapplicable ; Inapplicable ; Inapplicable ; Inapplicable ; Inapplicable ; Inapplicable ; Inapplicable ; Inapplicable ; Inapplicable ; Inapplicable ; Inapplicable ; Inapplicable ; Inapplicable ; Inapplicable ;
; RYout[7]           ; Inapplicable ; Inapplicable ; Inapplicable ; Inapplicable ; Inapplicable ; Unchecked ; Inapplicable ; Inapplicable ; Unchecked ; Unchecked ; Inapplicable ; Inapplicable ; Inapplicable ; Inapplicable ; Inapplicable ; Inapplicable ; Inapplicable ; Inapplicable ; Inapplicable ; Inapplicable ; Inapplicable ; Inapplicable ; Inapplicable ; Inapplicable ; Inapplicable ; Inapplicable ; Inapplicable ; Inapplicable ;
; RYout[8]           ; Inapplicable ; Inapplicable ; Inapplicable ; Inapplicable ; Inapplicable ; Unchecked ; Inapplicable ; Inapplicable ; Unchecked ; Unchecked ; Inapplicable ; Inapplicable ; Inapplicable ; Inapplicable ; Inapplicable ; Inapplicable ; Inapplicable ; Inapplicable ; Inapplicable ; Inapplicable ; Inapplicable ; Inapplicable ; Inapplicable ; Inapplicable ; Inapplicable ; Inapplicable ; Inapplicable ; Inapplicable ;
; RYout[9]           ; Inapplicable ; Inapplicable ; Inapplicable ; Inapplicable ; Inapplicable ; Unchecked ; Inapplicable ; Inapplicable ; Unchecked ; Unchecked ; Inapplicable ; Inapplicable ; Inapplicable ; Inapplicable ; Inapplicable ; Inapplicable ; Inapplicable ; Inapplicable ; Inapplicable ; Inapplicable ; Inapplicable ; Inapplicable ; Inapplicable ; Inapplicable ; Inapplicable ; Inapplicable ; Inapplicable ; Inapplicable ;
; RYout[10]          ; Inapplicable ; Inapplicable ; Inapplicable ; Inapplicable ; Inapplicable ; Unchecked ; Inapplicable ; Inapplicable ; Unchecked ; Unchecked ; Inapplicable ; Inapplicable ; Inapplicable ; Inapplicable ; Inapplicable ; Inapplicable ; Inapplicable ; Inapplicable ; Inapplicable ; Inapplicable ; Inapplicable ; Inapplicable ; Inapplicable ; Inapplicable ; Inapplicable ; Inapplicable ; Inapplicable ; Inapplicable ;
; RYout[11]          ; Inapplicable ; Inapplicable ; Inapplicable ; Inapplicable ; Inapplicable ; Unchecked ; Inapplicable ; Inapplicable ; Unchecked ; Unchecked ; Inapplicable ; Inapplicable ; Inapplicable ; Inapplicable ; Inapplicable ; Inapplicable ; Inapplicable ; Inapplicable ; Inapplicable ; Inapplicable ; Inapplicable ; Inapplicable ; Inapplicable ; Inapplicable ; Inapplicable ; Inapplicable ; Inapplicable ; Inapplicable ;
; RYout[12]          ; Inapplicable ; Inapplicable ; Inapplicable ; Inapplicable ; Inapplicable ; Unchecked ; Inapplicable ; Inapplicable ; Unchecked ; Unchecked ; Inapplicable ; Inapplicable ; Inapplicable ; Inapplicable ; Inapplicable ; Inapplicable ; Inapplicable ; Inapplicable ; Inapplicable ; Inapplicable ; Inapplicable ; Inapplicable ; Inapplicable ; Inapplicable ; Inapplicable ; Inapplicable ; Inapplicable ; Inapplicable ;
; RYout[13]          ; Inapplicable ; Inapplicable ; Inapplicable ; Inapplicable ; Inapplicable ; Unchecked ; Inapplicable ; Inapplicable ; Unchecked ; Unchecked ; Inapplicable ; Inapplicable ; Inapplicable ; Inapplicable ; Inapplicable ; Inapplicable ; Inapplicable ; Inapplicable ; Inapplicable ; Inapplicable ; Inapplicable ; Inapplicable ; Inapplicable ; Inapplicable ; Inapplicable ; Inapplicable ; Inapplicable ; Inapplicable ;
; RYout[14]          ; Inapplicable ; Inapplicable ; Inapplicable ; Inapplicable ; Inapplicable ; Unchecked ; Inapplicable ; Inapplicable ; Unchecked ; Unchecked ; Inapplicable ; Inapplicable ; Inapplicable ; Inapplicable ; Inapplicable ; Inapplicable ; Inapplicable ; Inapplicable ; Inapplicable ; Inapplicable ; Inapplicable ; Inapplicable ; Inapplicable ; Inapplicable ; Inapplicable ; Inapplicable ; Inapplicable ; Inapplicable ;
; RYout[15]          ; Inapplicable ; Inapplicable ; Inapplicable ; Inapplicable ; Inapplicable ; Unchecked ; Inapplicable ; Inapplicable ; Unchecked ; Unchecked ; Inapplicable ; Inapplicable ; Inapplicable ; Inapplicable ; Inapplicable ; Inapplicable ; Inapplicable ; Inapplicable ; Inapplicable ; Inapplicable ; Inapplicable ; Inapplicable ; Inapplicable ; Inapplicable ; Inapplicable ; Inapplicable ; Inapplicable ; Inapplicable ;
; RYout[16]          ; Inapplicable ; Inapplicable ; Inapplicable ; Inapplicable ; Inapplicable ; Unchecked ; Inapplicable ; Inapplicable ; Unchecked ; Unchecked ; Inapplicable ; Inapplicable ; Inapplicable ; Inapplicable ; Inapplicable ; Inapplicable ; Inapplicable ; Inapplicable ; Inapplicable ; Inapplicable ; Inapplicable ; Inapplicable ; Inapplicable ; Inapplicable ; Inapplicable ; Inapplicable ; Inapplicable ; Inapplicable ;
; RYout[17]          ; Inapplicable ; Inapplicable ; Inapplicable ; Inapplicable ; Inapplicable ; Unchecked ; Inapplicable ; Inapplicable ; Unchecked ; Unchecked ; Inapplicable ; Inapplicable ; Inapplicable ; Inapplicable ; Inapplicable ; Inapplicable ; Inapplicable ; Inapplicable ; Inapplicable ; Inapplicable ; Inapplicable ; Inapplicable ; Inapplicable ; Inapplicable ; Inapplicable ; Inapplicable ; Inapplicable ; Inapplicable ;
; RYout[18]          ; Inapplicable ; Inapplicable ; Inapplicable ; Inapplicable ; Inapplicable ; Unchecked ; Inapplicable ; Inapplicable ; Unchecked ; Unchecked ; Inapplicable ; Inapplicable ; Inapplicable ; Inapplicable ; Inapplicable ; Inapplicable ; Inapplicable ; Inapplicable ; Inapplicable ; Inapplicable ; Inapplicable ; Inapplicable ; Inapplicable ; Inapplicable ; Inapplicable ; Inapplicable ; Inapplicable ; Inapplicable ;
; RYout[19]          ; Inapplicable ; Inapplicable ; Inapplicable ; Inapplicable ; Inapplicable ; Unchecked ; Inapplicable ; Inapplicable ; Unchecked ; Unchecked ; Inapplicable ; Inapplicable ; Inapplicable ; Inapplicable ; Inapplicable ; Inapplicable ; Inapplicable ; Inapplicable ; Inapplicable ; Inapplicable ; Inapplicable ; Inapplicable ; Inapplicable ; Inapplicable ; Inapplicable ; Inapplicable ; Inapplicable ; Inapplicable ;
; RYout[20]          ; Inapplicable ; Inapplicable ; Inapplicable ; Inapplicable ; Inapplicable ; Unchecked ; Inapplicable ; Inapplicable ; Unchecked ; Unchecked ; Inapplicable ; Inapplicable ; Inapplicable ; Inapplicable ; Inapplicable ; Inapplicable ; Inapplicable ; Inapplicable ; Inapplicable ; Inapplicable ; Inapplicable ; Inapplicable ; Inapplicable ; Inapplicable ; Inapplicable ; Inapplicable ; Inapplicable ; Inapplicable ;
; RYout[21]          ; Inapplicable ; Inapplicable ; Inapplicable ; Inapplicable ; Inapplicable ; Unchecked ; Inapplicable ; Inapplicable ; Unchecked ; Unchecked ; Inapplicable ; Inapplicable ; Inapplicable ; Inapplicable ; Inapplicable ; Inapplicable ; Inapplicable ; Inapplicable ; Inapplicable ; Inapplicable ; Inapplicable ; Inapplicable ; Inapplicable ; Inapplicable ; Inapplicable ; Inapplicable ; Inapplicable ; Inapplicable ;
; RYout[22]          ; Inapplicable ; Inapplicable ; Inapplicable ; Inapplicable ; Inapplicable ; Unchecked ; Inapplicable ; Inapplicable ; Unchecked ; Unchecked ; Inapplicable ; Inapplicable ; Inapplicable ; Inapplicable ; Inapplicable ; Inapplicable ; Inapplicable ; Inapplicable ; Inapplicable ; Inapplicable ; Inapplicable ; Inapplicable ; Inapplicable ; Inapplicable ; Inapplicable ; Inapplicable ; Inapplicable ; Inapplicable ;
; RYout[23]          ; Inapplicable ; Inapplicable ; Inapplicable ; Inapplicable ; Inapplicable ; Unchecked ; Inapplicable ; Inapplicable ; Unchecked ; Unchecked ; Inapplicable ; Inapplicable ; Inapplicable ; Inapplicable ; Inapplicable ; Inapplicable ; Inapplicable ; Inapplicable ; Inapplicable ; Inapplicable ; Inapplicable ; Inapplicable ; Inapplicable ; Inapplicable ; Inapplicable ; Inapplicable ; Inapplicable ; Inapplicable ;
; RYout[24]          ; Inapplicable ; Inapplicable ; Inapplicable ; Inapplicable ; Inapplicable ; Unchecked ; Inapplicable ; Inapplicable ; Unchecked ; Unchecked ; Inapplicable ; Inapplicable ; Inapplicable ; Inapplicable ; Inapplicable ; Inapplicable ; Inapplicable ; Inapplicable ; Inapplicable ; Inapplicable ; Inapplicable ; Inapplicable ; Inapplicable ; Inapplicable ; Inapplicable ; Inapplicable ; Inapplicable ; Inapplicable ;
; RYout[25]          ; Inapplicable ; Inapplicable ; Inapplicable ; Inapplicable ; Inapplicable ; Unchecked ; Inapplicable ; Inapplicable ; Unchecked ; Unchecked ; Inapplicable ; Inapplicable ; Inapplicable ; Inapplicable ; Inapplicable ; Inapplicable ; Inapplicable ; Inapplicable ; Inapplicable ; Inapplicable ; Inapplicable ; Inapplicable ; Inapplicable ; Inapplicable ; Inapplicable ; Inapplicable ; Inapplicable ; Inapplicable ;
; RYout[26]          ; Inapplicable ; Inapplicable ; Inapplicable ; Inapplicable ; Inapplicable ; Unchecked ; Inapplicable ; Inapplicable ; Unchecked ; Unchecked ; Inapplicable ; Inapplicable ; Inapplicable ; Inapplicable ; Inapplicable ; Inapplicable ; Inapplicable ; Inapplicable ; Inapplicable ; Inapplicable ; Inapplicable ; Inapplicable ; Inapplicable ; Inapplicable ; Inapplicable ; Inapplicable ; Inapplicable ; Inapplicable ;
; RYout[27]          ; Inapplicable ; Inapplicable ; Inapplicable ; Inapplicable ; Inapplicable ; Unchecked ; Inapplicable ; Inapplicable ; Unchecked ; Unchecked ; Inapplicable ; Inapplicable ; Inapplicable ; Inapplicable ; Inapplicable ; Inapplicable ; Inapplicable ; Inapplicable ; Inapplicable ; Inapplicable ; Inapplicable ; Inapplicable ; Inapplicable ; Inapplicable ; Inapplicable ; Inapplicable ; Inapplicable ; Inapplicable ;
; RYout[28]          ; Inapplicable ; Inapplicable ; Inapplicable ; Inapplicable ; Inapplicable ; Unchecked ; Inapplicable ; Inapplicable ; Unchecked ; Unchecked ; Inapplicable ; Inapplicable ; Inapplicable ; Inapplicable ; Inapplicable ; Inapplicable ; Inapplicable ; Inapplicable ; Inapplicable ; Inapplicable ; Inapplicable ; Inapplicable ; Inapplicable ; Inapplicable ; Inapplicable ; Inapplicable ; Inapplicable ; Inapplicable ;
; RYout[29]          ; Inapplicable ; Inapplicable ; Inapplicable ; Inapplicable ; Inapplicable ; Unchecked ; Inapplicable ; Inapplicable ; Unchecked ; Unchecked ; Inapplicable ; Inapplicable ; Inapplicable ; Inapplicable ; Inapplicable ; Inapplicable ; Inapplicable ; Inapplicable ; Inapplicable ; Inapplicable ; Inapplicable ; Inapplicable ; Inapplicable ; Inapplicable ; Inapplicable ; Inapplicable ; Inapplicable ; Inapplicable ;
; RYout[30]          ; Inapplicable ; Inapplicable ; Inapplicable ; Inapplicable ; Inapplicable ; Unchecked ; Inapplicable ; Inapplicable ; Unchecked ; Unchecked ; Inapplicable ; Inapplicable ; Inapplicable ; Inapplicable ; Inapplicable ; Inapplicable ; Inapplicable ; Inapplicable ; Inapplicable ; Inapplicable ; Inapplicable ; Inapplicable ; Inapplicable ; Inapplicable ; Inapplicable ; Inapplicable ; Inapplicable ; Inapplicable ;
; RYout[31]          ; Inapplicable ; Inapplicable ; Inapplicable ; Inapplicable ; Inapplicable ; Unchecked ; Inapplicable ; Inapplicable ; Unchecked ; Unchecked ; Inapplicable ; Inapplicable ; Inapplicable ; Inapplicable ; Inapplicable ; Inapplicable ; Inapplicable ; Inapplicable ; Inapplicable ; Inapplicable ; Inapplicable ; Inapplicable ; Inapplicable ; Inapplicable ; Inapplicable ; Inapplicable ; Inapplicable ; Inapplicable ;
; RHIout[0]          ; Inapplicable ; Inapplicable ; Inapplicable ; Inapplicable ; Inapplicable ; Unchecked ; Inapplicable ; Inapplicable ; Unchecked ; Unchecked ; Inapplicable ; Inapplicable ; Inapplicable ; Inapplicable ; Inapplicable ; Inapplicable ; Inapplicable ; Inapplicable ; Inapplicable ; Inapplicable ; Inapplicable ; Inapplicable ; Inapplicable ; Inapplicable ; Inapplicable ; Inapplicable ; Inapplicable ; Inapplicable ;
; RHIout[1]          ; Inapplicable ; Inapplicable ; Inapplicable ; Inapplicable ; Inapplicable ; Unchecked ; Inapplicable ; Inapplicable ; Unchecked ; Unchecked ; Inapplicable ; Inapplicable ; Inapplicable ; Inapplicable ; Inapplicable ; Inapplicable ; Inapplicable ; Inapplicable ; Inapplicable ; Inapplicable ; Inapplicable ; Inapplicable ; Inapplicable ; Inapplicable ; Inapplicable ; Inapplicable ; Inapplicable ; Inapplicable ;
; RHIout[2]          ; Inapplicable ; Inapplicable ; Inapplicable ; Inapplicable ; Inapplicable ; Unchecked ; Inapplicable ; Inapplicable ; Unchecked ; Unchecked ; Inapplicable ; Inapplicable ; Inapplicable ; Inapplicable ; Inapplicable ; Inapplicable ; Inapplicable ; Inapplicable ; Inapplicable ; Inapplicable ; Inapplicable ; Inapplicable ; Inapplicable ; Inapplicable ; Inapplicable ; Inapplicable ; Inapplicable ; Inapplicable ;
; RHIout[3]          ; Inapplicable ; Inapplicable ; Inapplicable ; Inapplicable ; Inapplicable ; Unchecked ; Inapplicable ; Inapplicable ; Unchecked ; Unchecked ; Inapplicable ; Inapplicable ; Inapplicable ; Inapplicable ; Inapplicable ; Inapplicable ; Inapplicable ; Inapplicable ; Inapplicable ; Inapplicable ; Inapplicable ; Inapplicable ; Inapplicable ; Inapplicable ; Inapplicable ; Inapplicable ; Inapplicable ; Inapplicable ;
; RHIout[4]          ; Inapplicable ; Inapplicable ; Inapplicable ; Inapplicable ; Inapplicable ; Unchecked ; Inapplicable ; Inapplicable ; Unchecked ; Unchecked ; Inapplicable ; Inapplicable ; Inapplicable ; Inapplicable ; Inapplicable ; Inapplicable ; Inapplicable ; Inapplicable ; Inapplicable ; Inapplicable ; Inapplicable ; Inapplicable ; Inapplicable ; Inapplicable ; Inapplicable ; Inapplicable ; Inapplicable ; Inapplicable ;
; RHIout[5]          ; Inapplicable ; Inapplicable ; Inapplicable ; Inapplicable ; Inapplicable ; Unchecked ; Inapplicable ; Inapplicable ; Unchecked ; Unchecked ; Inapplicable ; Inapplicable ; Inapplicable ; Inapplicable ; Inapplicable ; Inapplicable ; Inapplicable ; Inapplicable ; Inapplicable ; Inapplicable ; Inapplicable ; Inapplicable ; Inapplicable ; Inapplicable ; Inapplicable ; Inapplicable ; Inapplicable ; Inapplicable ;
; RHIout[6]          ; Inapplicable ; Inapplicable ; Inapplicable ; Inapplicable ; Inapplicable ; Unchecked ; Inapplicable ; Inapplicable ; Unchecked ; Unchecked ; Inapplicable ; Inapplicable ; Inapplicable ; Inapplicable ; Inapplicable ; Inapplicable ; Inapplicable ; Inapplicable ; Inapplicable ; Inapplicable ; Inapplicable ; Inapplicable ; Inapplicable ; Inapplicable ; Inapplicable ; Inapplicable ; Inapplicable ; Inapplicable ;
; RHIout[7]          ; Inapplicable ; Inapplicable ; Inapplicable ; Inapplicable ; Inapplicable ; Unchecked ; Inapplicable ; Inapplicable ; Unchecked ; Unchecked ; Inapplicable ; Inapplicable ; Inapplicable ; Inapplicable ; Inapplicable ; Inapplicable ; Inapplicable ; Inapplicable ; Inapplicable ; Inapplicable ; Inapplicable ; Inapplicable ; Inapplicable ; Inapplicable ; Inapplicable ; Inapplicable ; Inapplicable ; Inapplicable ;
; RHIout[8]          ; Inapplicable ; Inapplicable ; Inapplicable ; Inapplicable ; Inapplicable ; Unchecked ; Inapplicable ; Inapplicable ; Unchecked ; Unchecked ; Inapplicable ; Inapplicable ; Inapplicable ; Inapplicable ; Inapplicable ; Inapplicable ; Inapplicable ; Inapplicable ; Inapplicable ; Inapplicable ; Inapplicable ; Inapplicable ; Inapplicable ; Inapplicable ; Inapplicable ; Inapplicable ; Inapplicable ; Inapplicable ;
; RHIout[9]          ; Inapplicable ; Inapplicable ; Inapplicable ; Inapplicable ; Inapplicable ; Unchecked ; Inapplicable ; Inapplicable ; Unchecked ; Unchecked ; Inapplicable ; Inapplicable ; Inapplicable ; Inapplicable ; Inapplicable ; Inapplicable ; Inapplicable ; Inapplicable ; Inapplicable ; Inapplicable ; Inapplicable ; Inapplicable ; Inapplicable ; Inapplicable ; Inapplicable ; Inapplicable ; Inapplicable ; Inapplicable ;
; RHIout[10]         ; Inapplicable ; Inapplicable ; Inapplicable ; Inapplicable ; Inapplicable ; Unchecked ; Inapplicable ; Inapplicable ; Unchecked ; Unchecked ; Inapplicable ; Inapplicable ; Inapplicable ; Inapplicable ; Inapplicable ; Inapplicable ; Inapplicable ; Inapplicable ; Inapplicable ; Inapplicable ; Inapplicable ; Inapplicable ; Inapplicable ; Inapplicable ; Inapplicable ; Inapplicable ; Inapplicable ; Inapplicable ;
; RHIout[11]         ; Inapplicable ; Inapplicable ; Inapplicable ; Inapplicable ; Inapplicable ; Unchecked ; Inapplicable ; Inapplicable ; Unchecked ; Unchecked ; Inapplicable ; Inapplicable ; Inapplicable ; Inapplicable ; Inapplicable ; Inapplicable ; Inapplicable ; Inapplicable ; Inapplicable ; Inapplicable ; Inapplicable ; Inapplicable ; Inapplicable ; Inapplicable ; Inapplicable ; Inapplicable ; Inapplicable ; Inapplicable ;
; RHIout[12]         ; Inapplicable ; Inapplicable ; Inapplicable ; Inapplicable ; Inapplicable ; Unchecked ; Inapplicable ; Inapplicable ; Unchecked ; Unchecked ; Inapplicable ; Inapplicable ; Inapplicable ; Inapplicable ; Inapplicable ; Inapplicable ; Inapplicable ; Inapplicable ; Inapplicable ; Inapplicable ; Inapplicable ; Inapplicable ; Inapplicable ; Inapplicable ; Inapplicable ; Inapplicable ; Inapplicable ; Inapplicable ;
; RHIout[13]         ; Inapplicable ; Inapplicable ; Inapplicable ; Inapplicable ; Inapplicable ; Unchecked ; Inapplicable ; Inapplicable ; Unchecked ; Unchecked ; Inapplicable ; Inapplicable ; Inapplicable ; Inapplicable ; Inapplicable ; Inapplicable ; Inapplicable ; Inapplicable ; Inapplicable ; Inapplicable ; Inapplicable ; Inapplicable ; Inapplicable ; Inapplicable ; Inapplicable ; Inapplicable ; Inapplicable ; Inapplicable ;
; RHIout[14]         ; Inapplicable ; Inapplicable ; Inapplicable ; Inapplicable ; Inapplicable ; Unchecked ; Inapplicable ; Inapplicable ; Unchecked ; Unchecked ; Inapplicable ; Inapplicable ; Inapplicable ; Inapplicable ; Inapplicable ; Inapplicable ; Inapplicable ; Inapplicable ; Inapplicable ; Inapplicable ; Inapplicable ; Inapplicable ; Inapplicable ; Inapplicable ; Inapplicable ; Inapplicable ; Inapplicable ; Inapplicable ;
; RHIout[15]         ; Inapplicable ; Inapplicable ; Inapplicable ; Inapplicable ; Inapplicable ; Unchecked ; Inapplicable ; Inapplicable ; Unchecked ; Unchecked ; Inapplicable ; Inapplicable ; Inapplicable ; Inapplicable ; Inapplicable ; Inapplicable ; Inapplicable ; Inapplicable ; Inapplicable ; Inapplicable ; Inapplicable ; Inapplicable ; Inapplicable ; Inapplicable ; Inapplicable ; Inapplicable ; Inapplicable ; Inapplicable ;
; RHIout[16]         ; Inapplicable ; Inapplicable ; Inapplicable ; Inapplicable ; Inapplicable ; Unchecked ; Inapplicable ; Inapplicable ; Unchecked ; Unchecked ; Inapplicable ; Inapplicable ; Inapplicable ; Inapplicable ; Inapplicable ; Inapplicable ; Inapplicable ; Inapplicable ; Inapplicable ; Inapplicable ; Inapplicable ; Inapplicable ; Inapplicable ; Inapplicable ; Inapplicable ; Inapplicable ; Inapplicable ; Inapplicable ;
; RHIout[17]         ; Inapplicable ; Inapplicable ; Inapplicable ; Inapplicable ; Inapplicable ; Unchecked ; Inapplicable ; Inapplicable ; Unchecked ; Unchecked ; Inapplicable ; Inapplicable ; Inapplicable ; Inapplicable ; Inapplicable ; Inapplicable ; Inapplicable ; Inapplicable ; Inapplicable ; Inapplicable ; Inapplicable ; Inapplicable ; Inapplicable ; Inapplicable ; Inapplicable ; Inapplicable ; Inapplicable ; Inapplicable ;
; RHIout[18]         ; Inapplicable ; Inapplicable ; Inapplicable ; Inapplicable ; Inapplicable ; Unchecked ; Inapplicable ; Inapplicable ; Unchecked ; Unchecked ; Inapplicable ; Inapplicable ; Inapplicable ; Inapplicable ; Inapplicable ; Inapplicable ; Inapplicable ; Inapplicable ; Inapplicable ; Inapplicable ; Inapplicable ; Inapplicable ; Inapplicable ; Inapplicable ; Inapplicable ; Inapplicable ; Inapplicable ; Inapplicable ;
; RHIout[19]         ; Inapplicable ; Inapplicable ; Inapplicable ; Inapplicable ; Inapplicable ; Unchecked ; Inapplicable ; Inapplicable ; Unchecked ; Unchecked ; Inapplicable ; Inapplicable ; Inapplicable ; Inapplicable ; Inapplicable ; Inapplicable ; Inapplicable ; Inapplicable ; Inapplicable ; Inapplicable ; Inapplicable ; Inapplicable ; Inapplicable ; Inapplicable ; Inapplicable ; Inapplicable ; Inapplicable ; Inapplicable ;
; RHIout[20]         ; Inapplicable ; Inapplicable ; Inapplicable ; Inapplicable ; Inapplicable ; Unchecked ; Inapplicable ; Inapplicable ; Unchecked ; Unchecked ; Inapplicable ; Inapplicable ; Inapplicable ; Inapplicable ; Inapplicable ; Inapplicable ; Inapplicable ; Inapplicable ; Inapplicable ; Inapplicable ; Inapplicable ; Inapplicable ; Inapplicable ; Inapplicable ; Inapplicable ; Inapplicable ; Inapplicable ; Inapplicable ;
; RHIout[21]         ; Inapplicable ; Inapplicable ; Inapplicable ; Inapplicable ; Inapplicable ; Unchecked ; Inapplicable ; Inapplicable ; Unchecked ; Unchecked ; Inapplicable ; Inapplicable ; Inapplicable ; Inapplicable ; Inapplicable ; Inapplicable ; Inapplicable ; Inapplicable ; Inapplicable ; Inapplicable ; Inapplicable ; Inapplicable ; Inapplicable ; Inapplicable ; Inapplicable ; Inapplicable ; Inapplicable ; Inapplicable ;
; RHIout[22]         ; Inapplicable ; Inapplicable ; Inapplicable ; Inapplicable ; Inapplicable ; Unchecked ; Inapplicable ; Inapplicable ; Unchecked ; Unchecked ; Inapplicable ; Inapplicable ; Inapplicable ; Inapplicable ; Inapplicable ; Inapplicable ; Inapplicable ; Inapplicable ; Inapplicable ; Inapplicable ; Inapplicable ; Inapplicable ; Inapplicable ; Inapplicable ; Inapplicable ; Inapplicable ; Inapplicable ; Inapplicable ;
; RHIout[23]         ; Inapplicable ; Inapplicable ; Inapplicable ; Inapplicable ; Inapplicable ; Unchecked ; Inapplicable ; Inapplicable ; Unchecked ; Unchecked ; Inapplicable ; Inapplicable ; Inapplicable ; Inapplicable ; Inapplicable ; Inapplicable ; Inapplicable ; Inapplicable ; Inapplicable ; Inapplicable ; Inapplicable ; Inapplicable ; Inapplicable ; Inapplicable ; Inapplicable ; Inapplicable ; Inapplicable ; Inapplicable ;
; RHIout[24]         ; Inapplicable ; Inapplicable ; Inapplicable ; Inapplicable ; Inapplicable ; Unchecked ; Inapplicable ; Inapplicable ; Unchecked ; Unchecked ; Inapplicable ; Inapplicable ; Inapplicable ; Inapplicable ; Inapplicable ; Inapplicable ; Inapplicable ; Inapplicable ; Inapplicable ; Inapplicable ; Inapplicable ; Inapplicable ; Inapplicable ; Inapplicable ; Inapplicable ; Inapplicable ; Inapplicable ; Inapplicable ;
; RHIout[25]         ; Inapplicable ; Inapplicable ; Inapplicable ; Inapplicable ; Inapplicable ; Unchecked ; Inapplicable ; Inapplicable ; Unchecked ; Unchecked ; Inapplicable ; Inapplicable ; Inapplicable ; Inapplicable ; Inapplicable ; Inapplicable ; Inapplicable ; Inapplicable ; Inapplicable ; Inapplicable ; Inapplicable ; Inapplicable ; Inapplicable ; Inapplicable ; Inapplicable ; Inapplicable ; Inapplicable ; Inapplicable ;
; RHIout[26]         ; Inapplicable ; Inapplicable ; Inapplicable ; Inapplicable ; Inapplicable ; Unchecked ; Inapplicable ; Inapplicable ; Unchecked ; Unchecked ; Inapplicable ; Inapplicable ; Inapplicable ; Inapplicable ; Inapplicable ; Inapplicable ; Inapplicable ; Inapplicable ; Inapplicable ; Inapplicable ; Inapplicable ; Inapplicable ; Inapplicable ; Inapplicable ; Inapplicable ; Inapplicable ; Inapplicable ; Inapplicable ;
; RHIout[27]         ; Inapplicable ; Inapplicable ; Inapplicable ; Inapplicable ; Inapplicable ; Unchecked ; Inapplicable ; Inapplicable ; Unchecked ; Unchecked ; Inapplicable ; Inapplicable ; Inapplicable ; Inapplicable ; Inapplicable ; Inapplicable ; Inapplicable ; Inapplicable ; Inapplicable ; Inapplicable ; Inapplicable ; Inapplicable ; Inapplicable ; Inapplicable ; Inapplicable ; Inapplicable ; Inapplicable ; Inapplicable ;
; RHIout[28]         ; Inapplicable ; Inapplicable ; Inapplicable ; Inapplicable ; Inapplicable ; Unchecked ; Inapplicable ; Inapplicable ; Unchecked ; Unchecked ; Inapplicable ; Inapplicable ; Inapplicable ; Inapplicable ; Inapplicable ; Inapplicable ; Inapplicable ; Inapplicable ; Inapplicable ; Inapplicable ; Inapplicable ; Inapplicable ; Inapplicable ; Inapplicable ; Inapplicable ; Inapplicable ; Inapplicable ; Inapplicable ;
; RHIout[29]         ; Inapplicable ; Inapplicable ; Inapplicable ; Inapplicable ; Inapplicable ; Unchecked ; Inapplicable ; Inapplicable ; Unchecked ; Unchecked ; Inapplicable ; Inapplicable ; Inapplicable ; Inapplicable ; Inapplicable ; Inapplicable ; Inapplicable ; Inapplicable ; Inapplicable ; Inapplicable ; Inapplicable ; Inapplicable ; Inapplicable ; Inapplicable ; Inapplicable ; Inapplicable ; Inapplicable ; Inapplicable ;
; RHIout[30]         ; Inapplicable ; Inapplicable ; Inapplicable ; Inapplicable ; Inapplicable ; Unchecked ; Inapplicable ; Inapplicable ; Unchecked ; Unchecked ; Inapplicable ; Inapplicable ; Inapplicable ; Inapplicable ; Inapplicable ; Inapplicable ; Inapplicable ; Inapplicable ; Inapplicable ; Inapplicable ; Inapplicable ; Inapplicable ; Inapplicable ; Inapplicable ; Inapplicable ; Inapplicable ; Inapplicable ; Inapplicable ;
; RHIout[31]         ; Inapplicable ; Inapplicable ; Inapplicable ; Inapplicable ; Inapplicable ; Unchecked ; Inapplicable ; Inapplicable ; Unchecked ; Unchecked ; Inapplicable ; Inapplicable ; Inapplicable ; Inapplicable ; Inapplicable ; Inapplicable ; Inapplicable ; Inapplicable ; Inapplicable ; Inapplicable ; Inapplicable ; Inapplicable ; Inapplicable ; Inapplicable ; Inapplicable ; Inapplicable ; Inapplicable ; Inapplicable ;
; RLOout[0]          ; Inapplicable ; Inapplicable ; Inapplicable ; Inapplicable ; Inapplicable ; Unchecked ; Inapplicable ; Inapplicable ; Unchecked ; Unchecked ; Inapplicable ; Inapplicable ; Inapplicable ; Inapplicable ; Inapplicable ; Inapplicable ; Inapplicable ; Inapplicable ; Inapplicable ; Inapplicable ; Inapplicable ; Inapplicable ; Inapplicable ; Inapplicable ; Inapplicable ; Inapplicable ; Inapplicable ; Inapplicable ;
; RLOout[1]          ; Inapplicable ; Inapplicable ; Inapplicable ; Inapplicable ; Inapplicable ; Unchecked ; Inapplicable ; Inapplicable ; Unchecked ; Unchecked ; Inapplicable ; Inapplicable ; Inapplicable ; Inapplicable ; Inapplicable ; Inapplicable ; Inapplicable ; Inapplicable ; Inapplicable ; Inapplicable ; Inapplicable ; Inapplicable ; Inapplicable ; Inapplicable ; Inapplicable ; Inapplicable ; Inapplicable ; Inapplicable ;
; RLOout[2]          ; Inapplicable ; Inapplicable ; Inapplicable ; Inapplicable ; Inapplicable ; Unchecked ; Inapplicable ; Inapplicable ; Unchecked ; Unchecked ; Inapplicable ; Inapplicable ; Inapplicable ; Inapplicable ; Inapplicable ; Inapplicable ; Inapplicable ; Inapplicable ; Inapplicable ; Inapplicable ; Inapplicable ; Inapplicable ; Inapplicable ; Inapplicable ; Inapplicable ; Inapplicable ; Inapplicable ; Inapplicable ;
; RLOout[3]          ; Inapplicable ; Inapplicable ; Inapplicable ; Inapplicable ; Inapplicable ; Unchecked ; Inapplicable ; Inapplicable ; Unchecked ; Unchecked ; Inapplicable ; Inapplicable ; Inapplicable ; Inapplicable ; Inapplicable ; Inapplicable ; Inapplicable ; Inapplicable ; Inapplicable ; Inapplicable ; Inapplicable ; Inapplicable ; Inapplicable ; Inapplicable ; Inapplicable ; Inapplicable ; Inapplicable ; Inapplicable ;
; RLOout[4]          ; Inapplicable ; Inapplicable ; Inapplicable ; Inapplicable ; Inapplicable ; Unchecked ; Inapplicable ; Inapplicable ; Unchecked ; Unchecked ; Inapplicable ; Inapplicable ; Inapplicable ; Inapplicable ; Inapplicable ; Inapplicable ; Inapplicable ; Inapplicable ; Inapplicable ; Inapplicable ; Inapplicable ; Inapplicable ; Inapplicable ; Inapplicable ; Inapplicable ; Inapplicable ; Inapplicable ; Inapplicable ;
; RLOout[5]          ; Inapplicable ; Inapplicable ; Inapplicable ; Inapplicable ; Inapplicable ; Unchecked ; Inapplicable ; Inapplicable ; Unchecked ; Unchecked ; Inapplicable ; Inapplicable ; Inapplicable ; Inapplicable ; Inapplicable ; Inapplicable ; Inapplicable ; Inapplicable ; Inapplicable ; Inapplicable ; Inapplicable ; Inapplicable ; Inapplicable ; Inapplicable ; Inapplicable ; Inapplicable ; Inapplicable ; Inapplicable ;
; RLOout[6]          ; Inapplicable ; Inapplicable ; Inapplicable ; Inapplicable ; Inapplicable ; Unchecked ; Inapplicable ; Inapplicable ; Unchecked ; Unchecked ; Inapplicable ; Inapplicable ; Inapplicable ; Inapplicable ; Inapplicable ; Inapplicable ; Inapplicable ; Inapplicable ; Inapplicable ; Inapplicable ; Inapplicable ; Inapplicable ; Inapplicable ; Inapplicable ; Inapplicable ; Inapplicable ; Inapplicable ; Inapplicable ;
; RLOout[7]          ; Inapplicable ; Inapplicable ; Inapplicable ; Inapplicable ; Inapplicable ; Unchecked ; Inapplicable ; Inapplicable ; Unchecked ; Unchecked ; Inapplicable ; Inapplicable ; Inapplicable ; Inapplicable ; Inapplicable ; Inapplicable ; Inapplicable ; Inapplicable ; Inapplicable ; Inapplicable ; Inapplicable ; Inapplicable ; Inapplicable ; Inapplicable ; Inapplicable ; Inapplicable ; Inapplicable ; Inapplicable ;
; RLOout[8]          ; Inapplicable ; Inapplicable ; Inapplicable ; Inapplicable ; Inapplicable ; Unchecked ; Inapplicable ; Inapplicable ; Unchecked ; Unchecked ; Inapplicable ; Inapplicable ; Inapplicable ; Inapplicable ; Inapplicable ; Inapplicable ; Inapplicable ; Inapplicable ; Inapplicable ; Inapplicable ; Inapplicable ; Inapplicable ; Inapplicable ; Inapplicable ; Inapplicable ; Inapplicable ; Inapplicable ; Inapplicable ;
; RLOout[9]          ; Inapplicable ; Inapplicable ; Inapplicable ; Inapplicable ; Inapplicable ; Unchecked ; Inapplicable ; Inapplicable ; Unchecked ; Unchecked ; Inapplicable ; Inapplicable ; Inapplicable ; Inapplicable ; Inapplicable ; Inapplicable ; Inapplicable ; Inapplicable ; Inapplicable ; Inapplicable ; Inapplicable ; Inapplicable ; Inapplicable ; Inapplicable ; Inapplicable ; Inapplicable ; Inapplicable ; Inapplicable ;
; RLOout[10]         ; Inapplicable ; Inapplicable ; Inapplicable ; Inapplicable ; Inapplicable ; Unchecked ; Inapplicable ; Inapplicable ; Unchecked ; Unchecked ; Inapplicable ; Inapplicable ; Inapplicable ; Inapplicable ; Inapplicable ; Inapplicable ; Inapplicable ; Inapplicable ; Inapplicable ; Inapplicable ; Inapplicable ; Inapplicable ; Inapplicable ; Inapplicable ; Inapplicable ; Inapplicable ; Inapplicable ; Inapplicable ;
; RLOout[11]         ; Inapplicable ; Inapplicable ; Inapplicable ; Inapplicable ; Inapplicable ; Unchecked ; Inapplicable ; Inapplicable ; Unchecked ; Unchecked ; Inapplicable ; Inapplicable ; Inapplicable ; Inapplicable ; Inapplicable ; Inapplicable ; Inapplicable ; Inapplicable ; Inapplicable ; Inapplicable ; Inapplicable ; Inapplicable ; Inapplicable ; Inapplicable ; Inapplicable ; Inapplicable ; Inapplicable ; Inapplicable ;
; RLOout[12]         ; Inapplicable ; Inapplicable ; Inapplicable ; Inapplicable ; Inapplicable ; Unchecked ; Inapplicable ; Inapplicable ; Unchecked ; Unchecked ; Inapplicable ; Inapplicable ; Inapplicable ; Inapplicable ; Inapplicable ; Inapplicable ; Inapplicable ; Inapplicable ; Inapplicable ; Inapplicable ; Inapplicable ; Inapplicable ; Inapplicable ; Inapplicable ; Inapplicable ; Inapplicable ; Inapplicable ; Inapplicable ;
; RLOout[13]         ; Inapplicable ; Inapplicable ; Inapplicable ; Inapplicable ; Inapplicable ; Unchecked ; Inapplicable ; Inapplicable ; Unchecked ; Unchecked ; Inapplicable ; Inapplicable ; Inapplicable ; Inapplicable ; Inapplicable ; Inapplicable ; Inapplicable ; Inapplicable ; Inapplicable ; Inapplicable ; Inapplicable ; Inapplicable ; Inapplicable ; Inapplicable ; Inapplicable ; Inapplicable ; Inapplicable ; Inapplicable ;
; RLOout[14]         ; Inapplicable ; Inapplicable ; Inapplicable ; Inapplicable ; Inapplicable ; Unchecked ; Inapplicable ; Inapplicable ; Unchecked ; Unchecked ; Inapplicable ; Inapplicable ; Inapplicable ; Inapplicable ; Inapplicable ; Inapplicable ; Inapplicable ; Inapplicable ; Inapplicable ; Inapplicable ; Inapplicable ; Inapplicable ; Inapplicable ; Inapplicable ; Inapplicable ; Inapplicable ; Inapplicable ; Inapplicable ;
; RLOout[15]         ; Inapplicable ; Inapplicable ; Inapplicable ; Inapplicable ; Inapplicable ; Unchecked ; Inapplicable ; Inapplicable ; Unchecked ; Unchecked ; Inapplicable ; Inapplicable ; Inapplicable ; Inapplicable ; Inapplicable ; Inapplicable ; Inapplicable ; Inapplicable ; Inapplicable ; Inapplicable ; Inapplicable ; Inapplicable ; Inapplicable ; Inapplicable ; Inapplicable ; Inapplicable ; Inapplicable ; Inapplicable ;
; RLOout[16]         ; Inapplicable ; Inapplicable ; Inapplicable ; Inapplicable ; Inapplicable ; Unchecked ; Inapplicable ; Inapplicable ; Unchecked ; Unchecked ; Inapplicable ; Inapplicable ; Inapplicable ; Inapplicable ; Inapplicable ; Inapplicable ; Inapplicable ; Inapplicable ; Inapplicable ; Inapplicable ; Inapplicable ; Inapplicable ; Inapplicable ; Inapplicable ; Inapplicable ; Inapplicable ; Inapplicable ; Inapplicable ;
; RLOout[17]         ; Inapplicable ; Inapplicable ; Inapplicable ; Inapplicable ; Inapplicable ; Unchecked ; Inapplicable ; Inapplicable ; Unchecked ; Unchecked ; Inapplicable ; Inapplicable ; Inapplicable ; Inapplicable ; Inapplicable ; Inapplicable ; Inapplicable ; Inapplicable ; Inapplicable ; Inapplicable ; Inapplicable ; Inapplicable ; Inapplicable ; Inapplicable ; Inapplicable ; Inapplicable ; Inapplicable ; Inapplicable ;
; RLOout[18]         ; Inapplicable ; Inapplicable ; Inapplicable ; Inapplicable ; Inapplicable ; Unchecked ; Inapplicable ; Inapplicable ; Unchecked ; Unchecked ; Inapplicable ; Inapplicable ; Inapplicable ; Inapplicable ; Inapplicable ; Inapplicable ; Inapplicable ; Inapplicable ; Inapplicable ; Inapplicable ; Inapplicable ; Inapplicable ; Inapplicable ; Inapplicable ; Inapplicable ; Inapplicable ; Inapplicable ; Inapplicable ;
; RLOout[19]         ; Inapplicable ; Inapplicable ; Inapplicable ; Inapplicable ; Inapplicable ; Unchecked ; Inapplicable ; Inapplicable ; Unchecked ; Unchecked ; Inapplicable ; Inapplicable ; Inapplicable ; Inapplicable ; Inapplicable ; Inapplicable ; Inapplicable ; Inapplicable ; Inapplicable ; Inapplicable ; Inapplicable ; Inapplicable ; Inapplicable ; Inapplicable ; Inapplicable ; Inapplicable ; Inapplicable ; Inapplicable ;
; RLOout[20]         ; Inapplicable ; Inapplicable ; Inapplicable ; Inapplicable ; Inapplicable ; Unchecked ; Inapplicable ; Inapplicable ; Unchecked ; Unchecked ; Inapplicable ; Inapplicable ; Inapplicable ; Inapplicable ; Inapplicable ; Inapplicable ; Inapplicable ; Inapplicable ; Inapplicable ; Inapplicable ; Inapplicable ; Inapplicable ; Inapplicable ; Inapplicable ; Inapplicable ; Inapplicable ; Inapplicable ; Inapplicable ;
; RLOout[21]         ; Inapplicable ; Inapplicable ; Inapplicable ; Inapplicable ; Inapplicable ; Unchecked ; Inapplicable ; Inapplicable ; Unchecked ; Unchecked ; Inapplicable ; Inapplicable ; Inapplicable ; Inapplicable ; Inapplicable ; Inapplicable ; Inapplicable ; Inapplicable ; Inapplicable ; Inapplicable ; Inapplicable ; Inapplicable ; Inapplicable ; Inapplicable ; Inapplicable ; Inapplicable ; Inapplicable ; Inapplicable ;
; RLOout[22]         ; Inapplicable ; Inapplicable ; Inapplicable ; Inapplicable ; Inapplicable ; Unchecked ; Inapplicable ; Inapplicable ; Unchecked ; Unchecked ; Inapplicable ; Inapplicable ; Inapplicable ; Inapplicable ; Inapplicable ; Inapplicable ; Inapplicable ; Inapplicable ; Inapplicable ; Inapplicable ; Inapplicable ; Inapplicable ; Inapplicable ; Inapplicable ; Inapplicable ; Inapplicable ; Inapplicable ; Inapplicable ;
; RLOout[23]         ; Inapplicable ; Inapplicable ; Inapplicable ; Inapplicable ; Inapplicable ; Unchecked ; Inapplicable ; Inapplicable ; Unchecked ; Unchecked ; Inapplicable ; Inapplicable ; Inapplicable ; Inapplicable ; Inapplicable ; Inapplicable ; Inapplicable ; Inapplicable ; Inapplicable ; Inapplicable ; Inapplicable ; Inapplicable ; Inapplicable ; Inapplicable ; Inapplicable ; Inapplicable ; Inapplicable ; Inapplicable ;
; RLOout[24]         ; Inapplicable ; Inapplicable ; Inapplicable ; Inapplicable ; Inapplicable ; Unchecked ; Inapplicable ; Inapplicable ; Unchecked ; Unchecked ; Inapplicable ; Inapplicable ; Inapplicable ; Inapplicable ; Inapplicable ; Inapplicable ; Inapplicable ; Inapplicable ; Inapplicable ; Inapplicable ; Inapplicable ; Inapplicable ; Inapplicable ; Inapplicable ; Inapplicable ; Inapplicable ; Inapplicable ; Inapplicable ;
; RLOout[25]         ; Inapplicable ; Inapplicable ; Inapplicable ; Inapplicable ; Inapplicable ; Unchecked ; Inapplicable ; Inapplicable ; Unchecked ; Unchecked ; Inapplicable ; Inapplicable ; Inapplicable ; Inapplicable ; Inapplicable ; Inapplicable ; Inapplicable ; Inapplicable ; Inapplicable ; Inapplicable ; Inapplicable ; Inapplicable ; Inapplicable ; Inapplicable ; Inapplicable ; Inapplicable ; Inapplicable ; Inapplicable ;
; RLOout[26]         ; Inapplicable ; Inapplicable ; Inapplicable ; Inapplicable ; Inapplicable ; Unchecked ; Inapplicable ; Inapplicable ; Unchecked ; Unchecked ; Inapplicable ; Inapplicable ; Inapplicable ; Inapplicable ; Inapplicable ; Inapplicable ; Inapplicable ; Inapplicable ; Inapplicable ; Inapplicable ; Inapplicable ; Inapplicable ; Inapplicable ; Inapplicable ; Inapplicable ; Inapplicable ; Inapplicable ; Inapplicable ;
; RLOout[27]         ; Inapplicable ; Inapplicable ; Inapplicable ; Inapplicable ; Inapplicable ; Unchecked ; Inapplicable ; Inapplicable ; Unchecked ; Unchecked ; Inapplicable ; Inapplicable ; Inapplicable ; Inapplicable ; Inapplicable ; Inapplicable ; Inapplicable ; Inapplicable ; Inapplicable ; Inapplicable ; Inapplicable ; Inapplicable ; Inapplicable ; Inapplicable ; Inapplicable ; Inapplicable ; Inapplicable ; Inapplicable ;
; RLOout[28]         ; Inapplicable ; Inapplicable ; Inapplicable ; Inapplicable ; Inapplicable ; Unchecked ; Inapplicable ; Inapplicable ; Unchecked ; Unchecked ; Inapplicable ; Inapplicable ; Inapplicable ; Inapplicable ; Inapplicable ; Inapplicable ; Inapplicable ; Inapplicable ; Inapplicable ; Inapplicable ; Inapplicable ; Inapplicable ; Inapplicable ; Inapplicable ; Inapplicable ; Inapplicable ; Inapplicable ; Inapplicable ;
; RLOout[29]         ; Inapplicable ; Inapplicable ; Inapplicable ; Inapplicable ; Inapplicable ; Unchecked ; Inapplicable ; Inapplicable ; Unchecked ; Unchecked ; Inapplicable ; Inapplicable ; Inapplicable ; Inapplicable ; Inapplicable ; Inapplicable ; Inapplicable ; Inapplicable ; Inapplicable ; Inapplicable ; Inapplicable ; Inapplicable ; Inapplicable ; Inapplicable ; Inapplicable ; Inapplicable ; Inapplicable ; Inapplicable ;
; RLOout[30]         ; Inapplicable ; Inapplicable ; Inapplicable ; Inapplicable ; Inapplicable ; Unchecked ; Inapplicable ; Inapplicable ; Unchecked ; Unchecked ; Inapplicable ; Inapplicable ; Inapplicable ; Inapplicable ; Inapplicable ; Inapplicable ; Inapplicable ; Inapplicable ; Inapplicable ; Inapplicable ; Inapplicable ; Inapplicable ; Inapplicable ; Inapplicable ; Inapplicable ; Inapplicable ; Inapplicable ; Inapplicable ;
; RLOout[31]         ; Inapplicable ; Inapplicable ; Inapplicable ; Inapplicable ; Inapplicable ; Unchecked ; Inapplicable ; Inapplicable ; Unchecked ; Unchecked ; Inapplicable ; Inapplicable ; Inapplicable ; Inapplicable ; Inapplicable ; Inapplicable ; Inapplicable ; Inapplicable ; Inapplicable ; Inapplicable ; Inapplicable ; Inapplicable ; Inapplicable ; Inapplicable ; Inapplicable ; Inapplicable ; Inapplicable ; Inapplicable ;
; RPCout[0]          ; Inapplicable ; Inapplicable ; Inapplicable ; Inapplicable ; Inapplicable ; Unchecked ; Inapplicable ; Inapplicable ; Unchecked ; Unchecked ; Inapplicable ; Inapplicable ; Inapplicable ; Inapplicable ; Inapplicable ; Inapplicable ; Inapplicable ; Inapplicable ; Inapplicable ; Inapplicable ; Inapplicable ; Inapplicable ; Inapplicable ; Inapplicable ; Inapplicable ; Inapplicable ; Inapplicable ; Inapplicable ;
; RPCout[1]          ; Inapplicable ; Inapplicable ; Inapplicable ; Inapplicable ; Inapplicable ; Unchecked ; Inapplicable ; Inapplicable ; Unchecked ; Unchecked ; Inapplicable ; Inapplicable ; Inapplicable ; Inapplicable ; Inapplicable ; Inapplicable ; Inapplicable ; Inapplicable ; Inapplicable ; Inapplicable ; Inapplicable ; Inapplicable ; Inapplicable ; Inapplicable ; Inapplicable ; Inapplicable ; Inapplicable ; Inapplicable ;
; RPCout[2]          ; Inapplicable ; Inapplicable ; Inapplicable ; Inapplicable ; Inapplicable ; Unchecked ; Inapplicable ; Inapplicable ; Unchecked ; Unchecked ; Inapplicable ; Inapplicable ; Inapplicable ; Inapplicable ; Inapplicable ; Inapplicable ; Inapplicable ; Inapplicable ; Inapplicable ; Inapplicable ; Inapplicable ; Inapplicable ; Inapplicable ; Inapplicable ; Inapplicable ; Inapplicable ; Inapplicable ; Inapplicable ;
; RPCout[3]          ; Inapplicable ; Inapplicable ; Inapplicable ; Inapplicable ; Inapplicable ; Unchecked ; Inapplicable ; Inapplicable ; Unchecked ; Unchecked ; Inapplicable ; Inapplicable ; Inapplicable ; Inapplicable ; Inapplicable ; Inapplicable ; Inapplicable ; Inapplicable ; Inapplicable ; Inapplicable ; Inapplicable ; Inapplicable ; Inapplicable ; Inapplicable ; Inapplicable ; Inapplicable ; Inapplicable ; Inapplicable ;
; RPCout[4]          ; Inapplicable ; Inapplicable ; Inapplicable ; Inapplicable ; Inapplicable ; Unchecked ; Inapplicable ; Inapplicable ; Unchecked ; Unchecked ; Inapplicable ; Inapplicable ; Inapplicable ; Inapplicable ; Inapplicable ; Inapplicable ; Inapplicable ; Inapplicable ; Inapplicable ; Inapplicable ; Inapplicable ; Inapplicable ; Inapplicable ; Inapplicable ; Inapplicable ; Inapplicable ; Inapplicable ; Inapplicable ;
; RPCout[5]          ; Inapplicable ; Inapplicable ; Inapplicable ; Inapplicable ; Inapplicable ; Unchecked ; Inapplicable ; Inapplicable ; Unchecked ; Unchecked ; Inapplicable ; Inapplicable ; Inapplicable ; Inapplicable ; Inapplicable ; Inapplicable ; Inapplicable ; Inapplicable ; Inapplicable ; Inapplicable ; Inapplicable ; Inapplicable ; Inapplicable ; Inapplicable ; Inapplicable ; Inapplicable ; Inapplicable ; Inapplicable ;
; RPCout[6]          ; Inapplicable ; Inapplicable ; Inapplicable ; Inapplicable ; Inapplicable ; Unchecked ; Inapplicable ; Inapplicable ; Unchecked ; Unchecked ; Inapplicable ; Inapplicable ; Inapplicable ; Inapplicable ; Inapplicable ; Inapplicable ; Inapplicable ; Inapplicable ; Inapplicable ; Inapplicable ; Inapplicable ; Inapplicable ; Inapplicable ; Inapplicable ; Inapplicable ; Inapplicable ; Inapplicable ; Inapplicable ;
; RPCout[7]          ; Inapplicable ; Inapplicable ; Inapplicable ; Inapplicable ; Inapplicable ; Unchecked ; Inapplicable ; Inapplicable ; Unchecked ; Unchecked ; Inapplicable ; Inapplicable ; Inapplicable ; Inapplicable ; Inapplicable ; Inapplicable ; Inapplicable ; Inapplicable ; Inapplicable ; Inapplicable ; Inapplicable ; Inapplicable ; Inapplicable ; Inapplicable ; Inapplicable ; Inapplicable ; Inapplicable ; Inapplicable ;
; RPCout[8]          ; Inapplicable ; Inapplicable ; Inapplicable ; Inapplicable ; Inapplicable ; Unchecked ; Inapplicable ; Inapplicable ; Unchecked ; Unchecked ; Inapplicable ; Inapplicable ; Inapplicable ; Inapplicable ; Inapplicable ; Inapplicable ; Inapplicable ; Inapplicable ; Inapplicable ; Inapplicable ; Inapplicable ; Inapplicable ; Inapplicable ; Inapplicable ; Inapplicable ; Inapplicable ; Inapplicable ; Inapplicable ;
; RPCout[9]          ; Inapplicable ; Inapplicable ; Inapplicable ; Inapplicable ; Inapplicable ; Unchecked ; Inapplicable ; Inapplicable ; Unchecked ; Unchecked ; Inapplicable ; Inapplicable ; Inapplicable ; Inapplicable ; Inapplicable ; Inapplicable ; Inapplicable ; Inapplicable ; Inapplicable ; Inapplicable ; Inapplicable ; Inapplicable ; Inapplicable ; Inapplicable ; Inapplicable ; Inapplicable ; Inapplicable ; Inapplicable ;
; RPCout[10]         ; Inapplicable ; Inapplicable ; Inapplicable ; Inapplicable ; Inapplicable ; Unchecked ; Inapplicable ; Inapplicable ; Unchecked ; Unchecked ; Inapplicable ; Inapplicable ; Inapplicable ; Inapplicable ; Inapplicable ; Inapplicable ; Inapplicable ; Inapplicable ; Inapplicable ; Inapplicable ; Inapplicable ; Inapplicable ; Inapplicable ; Inapplicable ; Inapplicable ; Inapplicable ; Inapplicable ; Inapplicable ;
; RPCout[11]         ; Inapplicable ; Inapplicable ; Inapplicable ; Inapplicable ; Inapplicable ; Unchecked ; Inapplicable ; Inapplicable ; Unchecked ; Unchecked ; Inapplicable ; Inapplicable ; Inapplicable ; Inapplicable ; Inapplicable ; Inapplicable ; Inapplicable ; Inapplicable ; Inapplicable ; Inapplicable ; Inapplicable ; Inapplicable ; Inapplicable ; Inapplicable ; Inapplicable ; Inapplicable ; Inapplicable ; Inapplicable ;
; RPCout[12]         ; Inapplicable ; Inapplicable ; Inapplicable ; Inapplicable ; Inapplicable ; Unchecked ; Inapplicable ; Inapplicable ; Unchecked ; Unchecked ; Inapplicable ; Inapplicable ; Inapplicable ; Inapplicable ; Inapplicable ; Inapplicable ; Inapplicable ; Inapplicable ; Inapplicable ; Inapplicable ; Inapplicable ; Inapplicable ; Inapplicable ; Inapplicable ; Inapplicable ; Inapplicable ; Inapplicable ; Inapplicable ;
; RPCout[13]         ; Inapplicable ; Inapplicable ; Inapplicable ; Inapplicable ; Inapplicable ; Unchecked ; Inapplicable ; Inapplicable ; Unchecked ; Unchecked ; Inapplicable ; Inapplicable ; Inapplicable ; Inapplicable ; Inapplicable ; Inapplicable ; Inapplicable ; Inapplicable ; Inapplicable ; Inapplicable ; Inapplicable ; Inapplicable ; Inapplicable ; Inapplicable ; Inapplicable ; Inapplicable ; Inapplicable ; Inapplicable ;
; RPCout[14]         ; Inapplicable ; Inapplicable ; Inapplicable ; Inapplicable ; Inapplicable ; Unchecked ; Inapplicable ; Inapplicable ; Unchecked ; Unchecked ; Inapplicable ; Inapplicable ; Inapplicable ; Inapplicable ; Inapplicable ; Inapplicable ; Inapplicable ; Inapplicable ; Inapplicable ; Inapplicable ; Inapplicable ; Inapplicable ; Inapplicable ; Inapplicable ; Inapplicable ; Inapplicable ; Inapplicable ; Inapplicable ;
; RPCout[15]         ; Inapplicable ; Inapplicable ; Inapplicable ; Inapplicable ; Inapplicable ; Unchecked ; Inapplicable ; Inapplicable ; Unchecked ; Unchecked ; Inapplicable ; Inapplicable ; Inapplicable ; Inapplicable ; Inapplicable ; Inapplicable ; Inapplicable ; Inapplicable ; Inapplicable ; Inapplicable ; Inapplicable ; Inapplicable ; Inapplicable ; Inapplicable ; Inapplicable ; Inapplicable ; Inapplicable ; Inapplicable ;
; RPCout[16]         ; Inapplicable ; Inapplicable ; Inapplicable ; Inapplicable ; Inapplicable ; Unchecked ; Inapplicable ; Inapplicable ; Unchecked ; Unchecked ; Inapplicable ; Inapplicable ; Inapplicable ; Inapplicable ; Inapplicable ; Inapplicable ; Inapplicable ; Inapplicable ; Inapplicable ; Inapplicable ; Inapplicable ; Inapplicable ; Inapplicable ; Inapplicable ; Inapplicable ; Inapplicable ; Inapplicable ; Inapplicable ;
; RPCout[17]         ; Inapplicable ; Inapplicable ; Inapplicable ; Inapplicable ; Inapplicable ; Unchecked ; Inapplicable ; Inapplicable ; Unchecked ; Unchecked ; Inapplicable ; Inapplicable ; Inapplicable ; Inapplicable ; Inapplicable ; Inapplicable ; Inapplicable ; Inapplicable ; Inapplicable ; Inapplicable ; Inapplicable ; Inapplicable ; Inapplicable ; Inapplicable ; Inapplicable ; Inapplicable ; Inapplicable ; Inapplicable ;
; RPCout[18]         ; Inapplicable ; Inapplicable ; Inapplicable ; Inapplicable ; Inapplicable ; Unchecked ; Inapplicable ; Inapplicable ; Unchecked ; Unchecked ; Inapplicable ; Inapplicable ; Inapplicable ; Inapplicable ; Inapplicable ; Inapplicable ; Inapplicable ; Inapplicable ; Inapplicable ; Inapplicable ; Inapplicable ; Inapplicable ; Inapplicable ; Inapplicable ; Inapplicable ; Inapplicable ; Inapplicable ; Inapplicable ;
; RPCout[19]         ; Inapplicable ; Inapplicable ; Inapplicable ; Inapplicable ; Inapplicable ; Unchecked ; Inapplicable ; Inapplicable ; Unchecked ; Unchecked ; Inapplicable ; Inapplicable ; Inapplicable ; Inapplicable ; Inapplicable ; Inapplicable ; Inapplicable ; Inapplicable ; Inapplicable ; Inapplicable ; Inapplicable ; Inapplicable ; Inapplicable ; Inapplicable ; Inapplicable ; Inapplicable ; Inapplicable ; Inapplicable ;
; RPCout[20]         ; Inapplicable ; Inapplicable ; Inapplicable ; Inapplicable ; Inapplicable ; Unchecked ; Inapplicable ; Inapplicable ; Unchecked ; Unchecked ; Inapplicable ; Inapplicable ; Inapplicable ; Inapplicable ; Inapplicable ; Inapplicable ; Inapplicable ; Inapplicable ; Inapplicable ; Inapplicable ; Inapplicable ; Inapplicable ; Inapplicable ; Inapplicable ; Inapplicable ; Inapplicable ; Inapplicable ; Inapplicable ;
; RPCout[21]         ; Inapplicable ; Inapplicable ; Inapplicable ; Inapplicable ; Inapplicable ; Unchecked ; Inapplicable ; Inapplicable ; Unchecked ; Unchecked ; Inapplicable ; Inapplicable ; Inapplicable ; Inapplicable ; Inapplicable ; Inapplicable ; Inapplicable ; Inapplicable ; Inapplicable ; Inapplicable ; Inapplicable ; Inapplicable ; Inapplicable ; Inapplicable ; Inapplicable ; Inapplicable ; Inapplicable ; Inapplicable ;
; RPCout[22]         ; Inapplicable ; Inapplicable ; Inapplicable ; Inapplicable ; Inapplicable ; Unchecked ; Inapplicable ; Inapplicable ; Unchecked ; Unchecked ; Inapplicable ; Inapplicable ; Inapplicable ; Inapplicable ; Inapplicable ; Inapplicable ; Inapplicable ; Inapplicable ; Inapplicable ; Inapplicable ; Inapplicable ; Inapplicable ; Inapplicable ; Inapplicable ; Inapplicable ; Inapplicable ; Inapplicable ; Inapplicable ;
; RPCout[23]         ; Inapplicable ; Inapplicable ; Inapplicable ; Inapplicable ; Inapplicable ; Unchecked ; Inapplicable ; Inapplicable ; Unchecked ; Unchecked ; Inapplicable ; Inapplicable ; Inapplicable ; Inapplicable ; Inapplicable ; Inapplicable ; Inapplicable ; Inapplicable ; Inapplicable ; Inapplicable ; Inapplicable ; Inapplicable ; Inapplicable ; Inapplicable ; Inapplicable ; Inapplicable ; Inapplicable ; Inapplicable ;
; RPCout[24]         ; Inapplicable ; Inapplicable ; Inapplicable ; Inapplicable ; Inapplicable ; Unchecked ; Inapplicable ; Inapplicable ; Unchecked ; Unchecked ; Inapplicable ; Inapplicable ; Inapplicable ; Inapplicable ; Inapplicable ; Inapplicable ; Inapplicable ; Inapplicable ; Inapplicable ; Inapplicable ; Inapplicable ; Inapplicable ; Inapplicable ; Inapplicable ; Inapplicable ; Inapplicable ; Inapplicable ; Inapplicable ;
; RPCout[25]         ; Inapplicable ; Inapplicable ; Inapplicable ; Inapplicable ; Inapplicable ; Unchecked ; Inapplicable ; Inapplicable ; Unchecked ; Unchecked ; Inapplicable ; Inapplicable ; Inapplicable ; Inapplicable ; Inapplicable ; Inapplicable ; Inapplicable ; Inapplicable ; Inapplicable ; Inapplicable ; Inapplicable ; Inapplicable ; Inapplicable ; Inapplicable ; Inapplicable ; Inapplicable ; Inapplicable ; Inapplicable ;
; RPCout[26]         ; Inapplicable ; Inapplicable ; Inapplicable ; Inapplicable ; Inapplicable ; Unchecked ; Inapplicable ; Inapplicable ; Unchecked ; Unchecked ; Inapplicable ; Inapplicable ; Inapplicable ; Inapplicable ; Inapplicable ; Inapplicable ; Inapplicable ; Inapplicable ; Inapplicable ; Inapplicable ; Inapplicable ; Inapplicable ; Inapplicable ; Inapplicable ; Inapplicable ; Inapplicable ; Inapplicable ; Inapplicable ;
; RPCout[27]         ; Inapplicable ; Inapplicable ; Inapplicable ; Inapplicable ; Inapplicable ; Unchecked ; Inapplicable ; Inapplicable ; Unchecked ; Unchecked ; Inapplicable ; Inapplicable ; Inapplicable ; Inapplicable ; Inapplicable ; Inapplicable ; Inapplicable ; Inapplicable ; Inapplicable ; Inapplicable ; Inapplicable ; Inapplicable ; Inapplicable ; Inapplicable ; Inapplicable ; Inapplicable ; Inapplicable ; Inapplicable ;
; RPCout[28]         ; Inapplicable ; Inapplicable ; Inapplicable ; Inapplicable ; Inapplicable ; Unchecked ; Inapplicable ; Inapplicable ; Unchecked ; Unchecked ; Inapplicable ; Inapplicable ; Inapplicable ; Inapplicable ; Inapplicable ; Inapplicable ; Inapplicable ; Inapplicable ; Inapplicable ; Inapplicable ; Inapplicable ; Inapplicable ; Inapplicable ; Inapplicable ; Inapplicable ; Inapplicable ; Inapplicable ; Inapplicable ;
; RPCout[29]         ; Inapplicable ; Inapplicable ; Inapplicable ; Inapplicable ; Inapplicable ; Unchecked ; Inapplicable ; Inapplicable ; Unchecked ; Unchecked ; Inapplicable ; Inapplicable ; Inapplicable ; Inapplicable ; Inapplicable ; Inapplicable ; Inapplicable ; Inapplicable ; Inapplicable ; Inapplicable ; Inapplicable ; Inapplicable ; Inapplicable ; Inapplicable ; Inapplicable ; Inapplicable ; Inapplicable ; Inapplicable ;
; RPCout[30]         ; Inapplicable ; Inapplicable ; Inapplicable ; Inapplicable ; Inapplicable ; Unchecked ; Inapplicable ; Inapplicable ; Unchecked ; Unchecked ; Inapplicable ; Inapplicable ; Inapplicable ; Inapplicable ; Inapplicable ; Inapplicable ; Inapplicable ; Inapplicable ; Inapplicable ; Inapplicable ; Inapplicable ; Inapplicable ; Inapplicable ; Inapplicable ; Inapplicable ; Inapplicable ; Inapplicable ; Inapplicable ;
; RPCout[31]         ; Inapplicable ; Inapplicable ; Inapplicable ; Inapplicable ; Inapplicable ; Unchecked ; Inapplicable ; Inapplicable ; Unchecked ; Unchecked ; Inapplicable ; Inapplicable ; Inapplicable ; Inapplicable ; Inapplicable ; Inapplicable ; Inapplicable ; Inapplicable ; Inapplicable ; Inapplicable ; Inapplicable ; Inapplicable ; Inapplicable ; Inapplicable ; Inapplicable ; Inapplicable ; Inapplicable ; Inapplicable ;
; RIRout[0]          ; Inapplicable ; Inapplicable ; Inapplicable ; Inapplicable ; Inapplicable ; Unchecked ; Inapplicable ; Inapplicable ; Unchecked ; Unchecked ; Inapplicable ; Inapplicable ; Inapplicable ; Inapplicable ; Inapplicable ; Inapplicable ; Inapplicable ; Inapplicable ; Inapplicable ; Inapplicable ; Inapplicable ; Inapplicable ; Inapplicable ; Inapplicable ; Inapplicable ; Inapplicable ; Inapplicable ; Inapplicable ;
; RIRout[1]          ; Inapplicable ; Inapplicable ; Inapplicable ; Inapplicable ; Inapplicable ; Unchecked ; Inapplicable ; Inapplicable ; Unchecked ; Unchecked ; Inapplicable ; Inapplicable ; Inapplicable ; Inapplicable ; Inapplicable ; Inapplicable ; Inapplicable ; Inapplicable ; Inapplicable ; Inapplicable ; Inapplicable ; Inapplicable ; Inapplicable ; Inapplicable ; Inapplicable ; Inapplicable ; Inapplicable ; Inapplicable ;
; RIRout[2]          ; Inapplicable ; Inapplicable ; Inapplicable ; Inapplicable ; Inapplicable ; Unchecked ; Inapplicable ; Inapplicable ; Unchecked ; Unchecked ; Inapplicable ; Inapplicable ; Inapplicable ; Inapplicable ; Inapplicable ; Inapplicable ; Inapplicable ; Inapplicable ; Inapplicable ; Inapplicable ; Inapplicable ; Inapplicable ; Inapplicable ; Inapplicable ; Inapplicable ; Inapplicable ; Inapplicable ; Inapplicable ;
; RIRout[3]          ; Inapplicable ; Inapplicable ; Inapplicable ; Inapplicable ; Inapplicable ; Unchecked ; Inapplicable ; Inapplicable ; Unchecked ; Unchecked ; Inapplicable ; Inapplicable ; Inapplicable ; Inapplicable ; Inapplicable ; Inapplicable ; Inapplicable ; Inapplicable ; Inapplicable ; Inapplicable ; Inapplicable ; Inapplicable ; Inapplicable ; Inapplicable ; Inapplicable ; Inapplicable ; Inapplicable ; Inapplicable ;
; RIRout[4]          ; Inapplicable ; Inapplicable ; Inapplicable ; Inapplicable ; Inapplicable ; Unchecked ; Inapplicable ; Inapplicable ; Unchecked ; Unchecked ; Inapplicable ; Inapplicable ; Inapplicable ; Inapplicable ; Inapplicable ; Inapplicable ; Inapplicable ; Inapplicable ; Inapplicable ; Inapplicable ; Inapplicable ; Inapplicable ; Inapplicable ; Inapplicable ; Inapplicable ; Inapplicable ; Inapplicable ; Inapplicable ;
; RIRout[5]          ; Inapplicable ; Inapplicable ; Inapplicable ; Inapplicable ; Inapplicable ; Unchecked ; Inapplicable ; Inapplicable ; Unchecked ; Unchecked ; Inapplicable ; Inapplicable ; Inapplicable ; Inapplicable ; Inapplicable ; Inapplicable ; Inapplicable ; Inapplicable ; Inapplicable ; Inapplicable ; Inapplicable ; Inapplicable ; Inapplicable ; Inapplicable ; Inapplicable ; Inapplicable ; Inapplicable ; Inapplicable ;
; RIRout[6]          ; Inapplicable ; Inapplicable ; Inapplicable ; Inapplicable ; Inapplicable ; Unchecked ; Inapplicable ; Inapplicable ; Unchecked ; Unchecked ; Inapplicable ; Inapplicable ; Inapplicable ; Inapplicable ; Inapplicable ; Inapplicable ; Inapplicable ; Inapplicable ; Inapplicable ; Inapplicable ; Inapplicable ; Inapplicable ; Inapplicable ; Inapplicable ; Inapplicable ; Inapplicable ; Inapplicable ; Inapplicable ;
; RIRout[7]          ; Inapplicable ; Inapplicable ; Inapplicable ; Inapplicable ; Inapplicable ; Unchecked ; Inapplicable ; Inapplicable ; Unchecked ; Unchecked ; Inapplicable ; Inapplicable ; Inapplicable ; Inapplicable ; Inapplicable ; Inapplicable ; Inapplicable ; Inapplicable ; Inapplicable ; Inapplicable ; Inapplicable ; Inapplicable ; Inapplicable ; Inapplicable ; Inapplicable ; Inapplicable ; Inapplicable ; Inapplicable ;
; RIRout[8]          ; Inapplicable ; Inapplicable ; Inapplicable ; Inapplicable ; Inapplicable ; Unchecked ; Inapplicable ; Inapplicable ; Unchecked ; Unchecked ; Inapplicable ; Inapplicable ; Inapplicable ; Inapplicable ; Inapplicable ; Inapplicable ; Inapplicable ; Inapplicable ; Inapplicable ; Inapplicable ; Inapplicable ; Inapplicable ; Inapplicable ; Inapplicable ; Inapplicable ; Inapplicable ; Inapplicable ; Inapplicable ;
; RIRout[9]          ; Inapplicable ; Inapplicable ; Inapplicable ; Inapplicable ; Inapplicable ; Unchecked ; Inapplicable ; Inapplicable ; Unchecked ; Unchecked ; Inapplicable ; Inapplicable ; Inapplicable ; Inapplicable ; Inapplicable ; Inapplicable ; Inapplicable ; Inapplicable ; Inapplicable ; Inapplicable ; Inapplicable ; Inapplicable ; Inapplicable ; Inapplicable ; Inapplicable ; Inapplicable ; Inapplicable ; Inapplicable ;
; RIRout[10]         ; Inapplicable ; Inapplicable ; Inapplicable ; Inapplicable ; Inapplicable ; Unchecked ; Inapplicable ; Inapplicable ; Unchecked ; Unchecked ; Inapplicable ; Inapplicable ; Inapplicable ; Inapplicable ; Inapplicable ; Inapplicable ; Inapplicable ; Inapplicable ; Inapplicable ; Inapplicable ; Inapplicable ; Inapplicable ; Inapplicable ; Inapplicable ; Inapplicable ; Inapplicable ; Inapplicable ; Inapplicable ;
; RIRout[11]         ; Inapplicable ; Inapplicable ; Inapplicable ; Inapplicable ; Inapplicable ; Unchecked ; Inapplicable ; Inapplicable ; Unchecked ; Unchecked ; Inapplicable ; Inapplicable ; Inapplicable ; Inapplicable ; Inapplicable ; Inapplicable ; Inapplicable ; Inapplicable ; Inapplicable ; Inapplicable ; Inapplicable ; Inapplicable ; Inapplicable ; Inapplicable ; Inapplicable ; Inapplicable ; Inapplicable ; Inapplicable ;
; RIRout[12]         ; Inapplicable ; Inapplicable ; Inapplicable ; Inapplicable ; Inapplicable ; Unchecked ; Inapplicable ; Inapplicable ; Unchecked ; Unchecked ; Inapplicable ; Inapplicable ; Inapplicable ; Inapplicable ; Inapplicable ; Inapplicable ; Inapplicable ; Inapplicable ; Inapplicable ; Inapplicable ; Inapplicable ; Inapplicable ; Inapplicable ; Inapplicable ; Inapplicable ; Inapplicable ; Inapplicable ; Inapplicable ;
; RIRout[13]         ; Inapplicable ; Inapplicable ; Inapplicable ; Inapplicable ; Inapplicable ; Unchecked ; Inapplicable ; Inapplicable ; Unchecked ; Unchecked ; Inapplicable ; Inapplicable ; Inapplicable ; Inapplicable ; Inapplicable ; Inapplicable ; Inapplicable ; Inapplicable ; Inapplicable ; Inapplicable ; Inapplicable ; Inapplicable ; Inapplicable ; Inapplicable ; Inapplicable ; Inapplicable ; Inapplicable ; Inapplicable ;
; RIRout[14]         ; Inapplicable ; Inapplicable ; Inapplicable ; Inapplicable ; Inapplicable ; Unchecked ; Inapplicable ; Inapplicable ; Unchecked ; Unchecked ; Inapplicable ; Inapplicable ; Inapplicable ; Inapplicable ; Inapplicable ; Inapplicable ; Inapplicable ; Inapplicable ; Inapplicable ; Inapplicable ; Inapplicable ; Inapplicable ; Inapplicable ; Inapplicable ; Inapplicable ; Inapplicable ; Inapplicable ; Inapplicable ;
; RIRout[15]         ; Inapplicable ; Inapplicable ; Inapplicable ; Inapplicable ; Inapplicable ; Unchecked ; Inapplicable ; Inapplicable ; Unchecked ; Unchecked ; Inapplicable ; Inapplicable ; Inapplicable ; Inapplicable ; Inapplicable ; Inapplicable ; Inapplicable ; Inapplicable ; Inapplicable ; Inapplicable ; Inapplicable ; Inapplicable ; Inapplicable ; Inapplicable ; Inapplicable ; Inapplicable ; Inapplicable ; Inapplicable ;
; RIRout[16]         ; Inapplicable ; Inapplicable ; Inapplicable ; Inapplicable ; Inapplicable ; Unchecked ; Inapplicable ; Inapplicable ; Unchecked ; Unchecked ; Inapplicable ; Inapplicable ; Inapplicable ; Inapplicable ; Inapplicable ; Inapplicable ; Inapplicable ; Inapplicable ; Inapplicable ; Inapplicable ; Inapplicable ; Inapplicable ; Inapplicable ; Inapplicable ; Inapplicable ; Inapplicable ; Inapplicable ; Inapplicable ;
; RIRout[17]         ; Inapplicable ; Inapplicable ; Inapplicable ; Inapplicable ; Inapplicable ; Unchecked ; Inapplicable ; Inapplicable ; Unchecked ; Unchecked ; Inapplicable ; Inapplicable ; Inapplicable ; Inapplicable ; Inapplicable ; Inapplicable ; Inapplicable ; Inapplicable ; Inapplicable ; Inapplicable ; Inapplicable ; Inapplicable ; Inapplicable ; Inapplicable ; Inapplicable ; Inapplicable ; Inapplicable ; Inapplicable ;
; RIRout[18]         ; Inapplicable ; Inapplicable ; Inapplicable ; Inapplicable ; Inapplicable ; Unchecked ; Inapplicable ; Inapplicable ; Unchecked ; Unchecked ; Inapplicable ; Inapplicable ; Inapplicable ; Inapplicable ; Inapplicable ; Inapplicable ; Inapplicable ; Inapplicable ; Inapplicable ; Inapplicable ; Inapplicable ; Inapplicable ; Inapplicable ; Inapplicable ; Inapplicable ; Inapplicable ; Inapplicable ; Inapplicable ;
; RIRout[19]         ; Inapplicable ; Inapplicable ; Inapplicable ; Inapplicable ; Inapplicable ; Unchecked ; Inapplicable ; Inapplicable ; Unchecked ; Unchecked ; Inapplicable ; Inapplicable ; Inapplicable ; Inapplicable ; Inapplicable ; Inapplicable ; Inapplicable ; Inapplicable ; Inapplicable ; Inapplicable ; Inapplicable ; Inapplicable ; Inapplicable ; Inapplicable ; Inapplicable ; Inapplicable ; Inapplicable ; Inapplicable ;
; RIRout[20]         ; Inapplicable ; Inapplicable ; Inapplicable ; Inapplicable ; Inapplicable ; Unchecked ; Inapplicable ; Inapplicable ; Unchecked ; Unchecked ; Inapplicable ; Inapplicable ; Inapplicable ; Inapplicable ; Inapplicable ; Inapplicable ; Inapplicable ; Inapplicable ; Inapplicable ; Inapplicable ; Inapplicable ; Inapplicable ; Inapplicable ; Inapplicable ; Inapplicable ; Inapplicable ; Inapplicable ; Inapplicable ;
; RIRout[21]         ; Inapplicable ; Inapplicable ; Inapplicable ; Inapplicable ; Inapplicable ; Unchecked ; Inapplicable ; Inapplicable ; Unchecked ; Unchecked ; Inapplicable ; Inapplicable ; Inapplicable ; Inapplicable ; Inapplicable ; Inapplicable ; Inapplicable ; Inapplicable ; Inapplicable ; Inapplicable ; Inapplicable ; Inapplicable ; Inapplicable ; Inapplicable ; Inapplicable ; Inapplicable ; Inapplicable ; Inapplicable ;
; RIRout[22]         ; Inapplicable ; Inapplicable ; Inapplicable ; Inapplicable ; Inapplicable ; Unchecked ; Inapplicable ; Inapplicable ; Unchecked ; Unchecked ; Inapplicable ; Inapplicable ; Inapplicable ; Inapplicable ; Inapplicable ; Inapplicable ; Inapplicable ; Inapplicable ; Inapplicable ; Inapplicable ; Inapplicable ; Inapplicable ; Inapplicable ; Inapplicable ; Inapplicable ; Inapplicable ; Inapplicable ; Inapplicable ;
; RIRout[23]         ; Inapplicable ; Inapplicable ; Inapplicable ; Inapplicable ; Inapplicable ; Unchecked ; Inapplicable ; Inapplicable ; Unchecked ; Unchecked ; Inapplicable ; Inapplicable ; Inapplicable ; Inapplicable ; Inapplicable ; Inapplicable ; Inapplicable ; Inapplicable ; Inapplicable ; Inapplicable ; Inapplicable ; Inapplicable ; Inapplicable ; Inapplicable ; Inapplicable ; Inapplicable ; Inapplicable ; Inapplicable ;
; RIRout[24]         ; Inapplicable ; Inapplicable ; Inapplicable ; Inapplicable ; Inapplicable ; Unchecked ; Inapplicable ; Inapplicable ; Unchecked ; Unchecked ; Inapplicable ; Inapplicable ; Inapplicable ; Inapplicable ; Inapplicable ; Inapplicable ; Inapplicable ; Inapplicable ; Inapplicable ; Inapplicable ; Inapplicable ; Inapplicable ; Inapplicable ; Inapplicable ; Inapplicable ; Inapplicable ; Inapplicable ; Inapplicable ;
; RIRout[25]         ; Inapplicable ; Inapplicable ; Inapplicable ; Inapplicable ; Inapplicable ; Unchecked ; Inapplicable ; Inapplicable ; Unchecked ; Unchecked ; Inapplicable ; Inapplicable ; Inapplicable ; Inapplicable ; Inapplicable ; Inapplicable ; Inapplicable ; Inapplicable ; Inapplicable ; Inapplicable ; Inapplicable ; Inapplicable ; Inapplicable ; Inapplicable ; Inapplicable ; Inapplicable ; Inapplicable ; Inapplicable ;
; RIRout[26]         ; Inapplicable ; Inapplicable ; Inapplicable ; Inapplicable ; Inapplicable ; Unchecked ; Inapplicable ; Inapplicable ; Unchecked ; Unchecked ; Inapplicable ; Inapplicable ; Inapplicable ; Inapplicable ; Inapplicable ; Inapplicable ; Inapplicable ; Inapplicable ; Inapplicable ; Inapplicable ; Inapplicable ; Inapplicable ; Inapplicable ; Inapplicable ; Inapplicable ; Inapplicable ; Inapplicable ; Inapplicable ;
; RIRout[27]         ; Inapplicable ; Inapplicable ; Inapplicable ; Inapplicable ; Inapplicable ; Unchecked ; Inapplicable ; Inapplicable ; Unchecked ; Unchecked ; Inapplicable ; Inapplicable ; Inapplicable ; Inapplicable ; Inapplicable ; Inapplicable ; Inapplicable ; Inapplicable ; Inapplicable ; Inapplicable ; Inapplicable ; Inapplicable ; Inapplicable ; Inapplicable ; Inapplicable ; Inapplicable ; Inapplicable ; Inapplicable ;
; RIRout[28]         ; Inapplicable ; Inapplicable ; Inapplicable ; Inapplicable ; Inapplicable ; Unchecked ; Inapplicable ; Inapplicable ; Unchecked ; Unchecked ; Inapplicable ; Inapplicable ; Inapplicable ; Inapplicable ; Inapplicable ; Inapplicable ; Inapplicable ; Inapplicable ; Inapplicable ; Inapplicable ; Inapplicable ; Inapplicable ; Inapplicable ; Inapplicable ; Inapplicable ; Inapplicable ; Inapplicable ; Inapplicable ;
; RIRout[29]         ; Inapplicable ; Inapplicable ; Inapplicable ; Inapplicable ; Inapplicable ; Unchecked ; Inapplicable ; Inapplicable ; Unchecked ; Unchecked ; Inapplicable ; Inapplicable ; Inapplicable ; Inapplicable ; Inapplicable ; Inapplicable ; Inapplicable ; Inapplicable ; Inapplicable ; Inapplicable ; Inapplicable ; Inapplicable ; Inapplicable ; Inapplicable ; Inapplicable ; Inapplicable ; Inapplicable ; Inapplicable ;
; RIRout[30]         ; Inapplicable ; Inapplicable ; Inapplicable ; Inapplicable ; Inapplicable ; Unchecked ; Inapplicable ; Inapplicable ; Unchecked ; Unchecked ; Inapplicable ; Inapplicable ; Inapplicable ; Inapplicable ; Inapplicable ; Inapplicable ; Inapplicable ; Inapplicable ; Inapplicable ; Inapplicable ; Inapplicable ; Inapplicable ; Inapplicable ; Inapplicable ; Inapplicable ; Inapplicable ; Inapplicable ; Inapplicable ;
; RIRout[31]         ; Inapplicable ; Inapplicable ; Inapplicable ; Inapplicable ; Inapplicable ; Unchecked ; Inapplicable ; Inapplicable ; Unchecked ; Unchecked ; Inapplicable ; Inapplicable ; Inapplicable ; Inapplicable ; Inapplicable ; Inapplicable ; Inapplicable ; Inapplicable ; Inapplicable ; Inapplicable ; Inapplicable ; Inapplicable ; Inapplicable ; Inapplicable ; Inapplicable ; Inapplicable ; Inapplicable ; Inapplicable ;
; RMARout[0]         ; Inapplicable ; Inapplicable ; Inapplicable ; Inapplicable ; Inapplicable ; Unchecked ; Inapplicable ; Inapplicable ; Unchecked ; Unchecked ; Inapplicable ; Inapplicable ; Inapplicable ; Inapplicable ; Inapplicable ; Inapplicable ; Inapplicable ; Inapplicable ; Inapplicable ; Inapplicable ; Inapplicable ; Inapplicable ; Inapplicable ; Inapplicable ; Inapplicable ; Inapplicable ; Inapplicable ; Inapplicable ;
; RMARout[1]         ; Inapplicable ; Inapplicable ; Inapplicable ; Inapplicable ; Inapplicable ; Unchecked ; Inapplicable ; Inapplicable ; Unchecked ; Unchecked ; Inapplicable ; Inapplicable ; Inapplicable ; Inapplicable ; Inapplicable ; Inapplicable ; Inapplicable ; Inapplicable ; Inapplicable ; Inapplicable ; Inapplicable ; Inapplicable ; Inapplicable ; Inapplicable ; Inapplicable ; Inapplicable ; Inapplicable ; Inapplicable ;
; RMARout[2]         ; Inapplicable ; Inapplicable ; Inapplicable ; Inapplicable ; Inapplicable ; Unchecked ; Inapplicable ; Inapplicable ; Unchecked ; Unchecked ; Inapplicable ; Inapplicable ; Inapplicable ; Inapplicable ; Inapplicable ; Inapplicable ; Inapplicable ; Inapplicable ; Inapplicable ; Inapplicable ; Inapplicable ; Inapplicable ; Inapplicable ; Inapplicable ; Inapplicable ; Inapplicable ; Inapplicable ; Inapplicable ;
; RMARout[3]         ; Inapplicable ; Inapplicable ; Inapplicable ; Inapplicable ; Inapplicable ; Unchecked ; Inapplicable ; Inapplicable ; Unchecked ; Unchecked ; Inapplicable ; Inapplicable ; Inapplicable ; Inapplicable ; Inapplicable ; Inapplicable ; Inapplicable ; Inapplicable ; Inapplicable ; Inapplicable ; Inapplicable ; Inapplicable ; Inapplicable ; Inapplicable ; Inapplicable ; Inapplicable ; Inapplicable ; Inapplicable ;
; RMARout[4]         ; Inapplicable ; Inapplicable ; Inapplicable ; Inapplicable ; Inapplicable ; Unchecked ; Inapplicable ; Inapplicable ; Unchecked ; Unchecked ; Inapplicable ; Inapplicable ; Inapplicable ; Inapplicable ; Inapplicable ; Inapplicable ; Inapplicable ; Inapplicable ; Inapplicable ; Inapplicable ; Inapplicable ; Inapplicable ; Inapplicable ; Inapplicable ; Inapplicable ; Inapplicable ; Inapplicable ; Inapplicable ;
; RMARout[5]         ; Inapplicable ; Inapplicable ; Inapplicable ; Inapplicable ; Inapplicable ; Unchecked ; Inapplicable ; Inapplicable ; Unchecked ; Unchecked ; Inapplicable ; Inapplicable ; Inapplicable ; Inapplicable ; Inapplicable ; Inapplicable ; Inapplicable ; Inapplicable ; Inapplicable ; Inapplicable ; Inapplicable ; Inapplicable ; Inapplicable ; Inapplicable ; Inapplicable ; Inapplicable ; Inapplicable ; Inapplicable ;
; RMARout[6]         ; Inapplicable ; Inapplicable ; Inapplicable ; Inapplicable ; Inapplicable ; Unchecked ; Inapplicable ; Inapplicable ; Unchecked ; Unchecked ; Inapplicable ; Inapplicable ; Inapplicable ; Inapplicable ; Inapplicable ; Inapplicable ; Inapplicable ; Inapplicable ; Inapplicable ; Inapplicable ; Inapplicable ; Inapplicable ; Inapplicable ; Inapplicable ; Inapplicable ; Inapplicable ; Inapplicable ; Inapplicable ;
; RMARout[7]         ; Inapplicable ; Inapplicable ; Inapplicable ; Inapplicable ; Inapplicable ; Unchecked ; Inapplicable ; Inapplicable ; Unchecked ; Unchecked ; Inapplicable ; Inapplicable ; Inapplicable ; Inapplicable ; Inapplicable ; Inapplicable ; Inapplicable ; Inapplicable ; Inapplicable ; Inapplicable ; Inapplicable ; Inapplicable ; Inapplicable ; Inapplicable ; Inapplicable ; Inapplicable ; Inapplicable ; Inapplicable ;
; RMARout[8]         ; Inapplicable ; Inapplicable ; Inapplicable ; Inapplicable ; Inapplicable ; Unchecked ; Inapplicable ; Inapplicable ; Unchecked ; Unchecked ; Inapplicable ; Inapplicable ; Inapplicable ; Inapplicable ; Inapplicable ; Inapplicable ; Inapplicable ; Inapplicable ; Inapplicable ; Inapplicable ; Inapplicable ; Inapplicable ; Inapplicable ; Inapplicable ; Inapplicable ; Inapplicable ; Inapplicable ; Inapplicable ;
; RMARout[9]         ; Inapplicable ; Inapplicable ; Inapplicable ; Inapplicable ; Inapplicable ; Unchecked ; Inapplicable ; Inapplicable ; Unchecked ; Unchecked ; Inapplicable ; Inapplicable ; Inapplicable ; Inapplicable ; Inapplicable ; Inapplicable ; Inapplicable ; Inapplicable ; Inapplicable ; Inapplicable ; Inapplicable ; Inapplicable ; Inapplicable ; Inapplicable ; Inapplicable ; Inapplicable ; Inapplicable ; Inapplicable ;
; RMARout[10]        ; Inapplicable ; Inapplicable ; Inapplicable ; Inapplicable ; Inapplicable ; Unchecked ; Inapplicable ; Inapplicable ; Unchecked ; Unchecked ; Inapplicable ; Inapplicable ; Inapplicable ; Inapplicable ; Inapplicable ; Inapplicable ; Inapplicable ; Inapplicable ; Inapplicable ; Inapplicable ; Inapplicable ; Inapplicable ; Inapplicable ; Inapplicable ; Inapplicable ; Inapplicable ; Inapplicable ; Inapplicable ;
; RMARout[11]        ; Inapplicable ; Inapplicable ; Inapplicable ; Inapplicable ; Inapplicable ; Unchecked ; Inapplicable ; Inapplicable ; Unchecked ; Unchecked ; Inapplicable ; Inapplicable ; Inapplicable ; Inapplicable ; Inapplicable ; Inapplicable ; Inapplicable ; Inapplicable ; Inapplicable ; Inapplicable ; Inapplicable ; Inapplicable ; Inapplicable ; Inapplicable ; Inapplicable ; Inapplicable ; Inapplicable ; Inapplicable ;
; RMARout[12]        ; Inapplicable ; Inapplicable ; Inapplicable ; Inapplicable ; Inapplicable ; Unchecked ; Inapplicable ; Inapplicable ; Unchecked ; Unchecked ; Inapplicable ; Inapplicable ; Inapplicable ; Inapplicable ; Inapplicable ; Inapplicable ; Inapplicable ; Inapplicable ; Inapplicable ; Inapplicable ; Inapplicable ; Inapplicable ; Inapplicable ; Inapplicable ; Inapplicable ; Inapplicable ; Inapplicable ; Inapplicable ;
; RMARout[13]        ; Inapplicable ; Inapplicable ; Inapplicable ; Inapplicable ; Inapplicable ; Unchecked ; Inapplicable ; Inapplicable ; Unchecked ; Unchecked ; Inapplicable ; Inapplicable ; Inapplicable ; Inapplicable ; Inapplicable ; Inapplicable ; Inapplicable ; Inapplicable ; Inapplicable ; Inapplicable ; Inapplicable ; Inapplicable ; Inapplicable ; Inapplicable ; Inapplicable ; Inapplicable ; Inapplicable ; Inapplicable ;
; RMARout[14]        ; Inapplicable ; Inapplicable ; Inapplicable ; Inapplicable ; Inapplicable ; Unchecked ; Inapplicable ; Inapplicable ; Unchecked ; Unchecked ; Inapplicable ; Inapplicable ; Inapplicable ; Inapplicable ; Inapplicable ; Inapplicable ; Inapplicable ; Inapplicable ; Inapplicable ; Inapplicable ; Inapplicable ; Inapplicable ; Inapplicable ; Inapplicable ; Inapplicable ; Inapplicable ; Inapplicable ; Inapplicable ;
; RMARout[15]        ; Inapplicable ; Inapplicable ; Inapplicable ; Inapplicable ; Inapplicable ; Unchecked ; Inapplicable ; Inapplicable ; Unchecked ; Unchecked ; Inapplicable ; Inapplicable ; Inapplicable ; Inapplicable ; Inapplicable ; Inapplicable ; Inapplicable ; Inapplicable ; Inapplicable ; Inapplicable ; Inapplicable ; Inapplicable ; Inapplicable ; Inapplicable ; Inapplicable ; Inapplicable ; Inapplicable ; Inapplicable ;
; RMARout[16]        ; Inapplicable ; Inapplicable ; Inapplicable ; Inapplicable ; Inapplicable ; Unchecked ; Inapplicable ; Inapplicable ; Unchecked ; Unchecked ; Inapplicable ; Inapplicable ; Inapplicable ; Inapplicable ; Inapplicable ; Inapplicable ; Inapplicable ; Inapplicable ; Inapplicable ; Inapplicable ; Inapplicable ; Inapplicable ; Inapplicable ; Inapplicable ; Inapplicable ; Inapplicable ; Inapplicable ; Inapplicable ;
; RMARout[17]        ; Inapplicable ; Inapplicable ; Inapplicable ; Inapplicable ; Inapplicable ; Unchecked ; Inapplicable ; Inapplicable ; Unchecked ; Unchecked ; Inapplicable ; Inapplicable ; Inapplicable ; Inapplicable ; Inapplicable ; Inapplicable ; Inapplicable ; Inapplicable ; Inapplicable ; Inapplicable ; Inapplicable ; Inapplicable ; Inapplicable ; Inapplicable ; Inapplicable ; Inapplicable ; Inapplicable ; Inapplicable ;
; RMARout[18]        ; Inapplicable ; Inapplicable ; Inapplicable ; Inapplicable ; Inapplicable ; Unchecked ; Inapplicable ; Inapplicable ; Unchecked ; Unchecked ; Inapplicable ; Inapplicable ; Inapplicable ; Inapplicable ; Inapplicable ; Inapplicable ; Inapplicable ; Inapplicable ; Inapplicable ; Inapplicable ; Inapplicable ; Inapplicable ; Inapplicable ; Inapplicable ; Inapplicable ; Inapplicable ; Inapplicable ; Inapplicable ;
; RMARout[19]        ; Inapplicable ; Inapplicable ; Inapplicable ; Inapplicable ; Inapplicable ; Unchecked ; Inapplicable ; Inapplicable ; Unchecked ; Unchecked ; Inapplicable ; Inapplicable ; Inapplicable ; Inapplicable ; Inapplicable ; Inapplicable ; Inapplicable ; Inapplicable ; Inapplicable ; Inapplicable ; Inapplicable ; Inapplicable ; Inapplicable ; Inapplicable ; Inapplicable ; Inapplicable ; Inapplicable ; Inapplicable ;
; RMARout[20]        ; Inapplicable ; Inapplicable ; Inapplicable ; Inapplicable ; Inapplicable ; Unchecked ; Inapplicable ; Inapplicable ; Unchecked ; Unchecked ; Inapplicable ; Inapplicable ; Inapplicable ; Inapplicable ; Inapplicable ; Inapplicable ; Inapplicable ; Inapplicable ; Inapplicable ; Inapplicable ; Inapplicable ; Inapplicable ; Inapplicable ; Inapplicable ; Inapplicable ; Inapplicable ; Inapplicable ; Inapplicable ;
; RMARout[21]        ; Inapplicable ; Inapplicable ; Inapplicable ; Inapplicable ; Inapplicable ; Unchecked ; Inapplicable ; Inapplicable ; Unchecked ; Unchecked ; Inapplicable ; Inapplicable ; Inapplicable ; Inapplicable ; Inapplicable ; Inapplicable ; Inapplicable ; Inapplicable ; Inapplicable ; Inapplicable ; Inapplicable ; Inapplicable ; Inapplicable ; Inapplicable ; Inapplicable ; Inapplicable ; Inapplicable ; Inapplicable ;
; RMARout[22]        ; Inapplicable ; Inapplicable ; Inapplicable ; Inapplicable ; Inapplicable ; Unchecked ; Inapplicable ; Inapplicable ; Unchecked ; Unchecked ; Inapplicable ; Inapplicable ; Inapplicable ; Inapplicable ; Inapplicable ; Inapplicable ; Inapplicable ; Inapplicable ; Inapplicable ; Inapplicable ; Inapplicable ; Inapplicable ; Inapplicable ; Inapplicable ; Inapplicable ; Inapplicable ; Inapplicable ; Inapplicable ;
; RMARout[23]        ; Inapplicable ; Inapplicable ; Inapplicable ; Inapplicable ; Inapplicable ; Unchecked ; Inapplicable ; Inapplicable ; Unchecked ; Unchecked ; Inapplicable ; Inapplicable ; Inapplicable ; Inapplicable ; Inapplicable ; Inapplicable ; Inapplicable ; Inapplicable ; Inapplicable ; Inapplicable ; Inapplicable ; Inapplicable ; Inapplicable ; Inapplicable ; Inapplicable ; Inapplicable ; Inapplicable ; Inapplicable ;
; RMARout[24]        ; Inapplicable ; Inapplicable ; Inapplicable ; Inapplicable ; Inapplicable ; Unchecked ; Inapplicable ; Inapplicable ; Unchecked ; Unchecked ; Inapplicable ; Inapplicable ; Inapplicable ; Inapplicable ; Inapplicable ; Inapplicable ; Inapplicable ; Inapplicable ; Inapplicable ; Inapplicable ; Inapplicable ; Inapplicable ; Inapplicable ; Inapplicable ; Inapplicable ; Inapplicable ; Inapplicable ; Inapplicable ;
; RMARout[25]        ; Inapplicable ; Inapplicable ; Inapplicable ; Inapplicable ; Inapplicable ; Unchecked ; Inapplicable ; Inapplicable ; Unchecked ; Unchecked ; Inapplicable ; Inapplicable ; Inapplicable ; Inapplicable ; Inapplicable ; Inapplicable ; Inapplicable ; Inapplicable ; Inapplicable ; Inapplicable ; Inapplicable ; Inapplicable ; Inapplicable ; Inapplicable ; Inapplicable ; Inapplicable ; Inapplicable ; Inapplicable ;
; RMARout[26]        ; Inapplicable ; Inapplicable ; Inapplicable ; Inapplicable ; Inapplicable ; Unchecked ; Inapplicable ; Inapplicable ; Unchecked ; Unchecked ; Inapplicable ; Inapplicable ; Inapplicable ; Inapplicable ; Inapplicable ; Inapplicable ; Inapplicable ; Inapplicable ; Inapplicable ; Inapplicable ; Inapplicable ; Inapplicable ; Inapplicable ; Inapplicable ; Inapplicable ; Inapplicable ; Inapplicable ; Inapplicable ;
; RMARout[27]        ; Inapplicable ; Inapplicable ; Inapplicable ; Inapplicable ; Inapplicable ; Unchecked ; Inapplicable ; Inapplicable ; Unchecked ; Unchecked ; Inapplicable ; Inapplicable ; Inapplicable ; Inapplicable ; Inapplicable ; Inapplicable ; Inapplicable ; Inapplicable ; Inapplicable ; Inapplicable ; Inapplicable ; Inapplicable ; Inapplicable ; Inapplicable ; Inapplicable ; Inapplicable ; Inapplicable ; Inapplicable ;
; RMARout[28]        ; Inapplicable ; Inapplicable ; Inapplicable ; Inapplicable ; Inapplicable ; Unchecked ; Inapplicable ; Inapplicable ; Unchecked ; Unchecked ; Inapplicable ; Inapplicable ; Inapplicable ; Inapplicable ; Inapplicable ; Inapplicable ; Inapplicable ; Inapplicable ; Inapplicable ; Inapplicable ; Inapplicable ; Inapplicable ; Inapplicable ; Inapplicable ; Inapplicable ; Inapplicable ; Inapplicable ; Inapplicable ;
; RMARout[29]        ; Inapplicable ; Inapplicable ; Inapplicable ; Inapplicable ; Inapplicable ; Unchecked ; Inapplicable ; Inapplicable ; Unchecked ; Unchecked ; Inapplicable ; Inapplicable ; Inapplicable ; Inapplicable ; Inapplicable ; Inapplicable ; Inapplicable ; Inapplicable ; Inapplicable ; Inapplicable ; Inapplicable ; Inapplicable ; Inapplicable ; Inapplicable ; Inapplicable ; Inapplicable ; Inapplicable ; Inapplicable ;
; RMARout[30]        ; Inapplicable ; Inapplicable ; Inapplicable ; Inapplicable ; Inapplicable ; Unchecked ; Inapplicable ; Inapplicable ; Unchecked ; Unchecked ; Inapplicable ; Inapplicable ; Inapplicable ; Inapplicable ; Inapplicable ; Inapplicable ; Inapplicable ; Inapplicable ; Inapplicable ; Inapplicable ; Inapplicable ; Inapplicable ; Inapplicable ; Inapplicable ; Inapplicable ; Inapplicable ; Inapplicable ; Inapplicable ;
; RMARout[31]        ; Inapplicable ; Inapplicable ; Inapplicable ; Inapplicable ; Inapplicable ; Unchecked ; Inapplicable ; Inapplicable ; Unchecked ; Unchecked ; Inapplicable ; Inapplicable ; Inapplicable ; Inapplicable ; Inapplicable ; Inapplicable ; Inapplicable ; Inapplicable ; Inapplicable ; Inapplicable ; Inapplicable ; Inapplicable ; Inapplicable ; Inapplicable ; Inapplicable ; Inapplicable ; Inapplicable ; Inapplicable ;
; R0in               ; Inapplicable ; Inapplicable ; Inapplicable ; Inapplicable ; Inapplicable ; Unchecked ; Inapplicable ; Inapplicable ; Unchecked ; Unchecked ; Inapplicable ; Inapplicable ; Inapplicable ; Inapplicable ; Inapplicable ; Inapplicable ; Inapplicable ; Inapplicable ; Inapplicable ; Inapplicable ; Inapplicable ; Inapplicable ; Inapplicable ; Inapplicable ; Inapplicable ; Inapplicable ; Inapplicable ; Inapplicable ;
; R1in               ; Inapplicable ; Inapplicable ; Inapplicable ; Inapplicable ; Inapplicable ; Unchecked ; Inapplicable ; Inapplicable ; Unchecked ; Unchecked ; Inapplicable ; Inapplicable ; Inapplicable ; Inapplicable ; Inapplicable ; Inapplicable ; Inapplicable ; Inapplicable ; Inapplicable ; Inapplicable ; Inapplicable ; Inapplicable ; Inapplicable ; Inapplicable ; Inapplicable ; Inapplicable ; Inapplicable ; Inapplicable ;
; R2in               ; Inapplicable ; Inapplicable ; Inapplicable ; Inapplicable ; Inapplicable ; Unchecked ; Inapplicable ; Inapplicable ; Unchecked ; Unchecked ; Inapplicable ; Inapplicable ; Inapplicable ; Inapplicable ; Inapplicable ; Inapplicable ; Inapplicable ; Inapplicable ; Inapplicable ; Inapplicable ; Inapplicable ; Inapplicable ; Inapplicable ; Inapplicable ; Inapplicable ; Inapplicable ; Inapplicable ; Inapplicable ;
; R3in               ; Inapplicable ; Inapplicable ; Inapplicable ; Inapplicable ; Inapplicable ; Unchecked ; Inapplicable ; Inapplicable ; Unchecked ; Unchecked ; Inapplicable ; Inapplicable ; Inapplicable ; Inapplicable ; Inapplicable ; Inapplicable ; Inapplicable ; Inapplicable ; Inapplicable ; Inapplicable ; Inapplicable ; Inapplicable ; Inapplicable ; Inapplicable ; Inapplicable ; Inapplicable ; Inapplicable ; Inapplicable ;
; R4in               ; Inapplicable ; Inapplicable ; Inapplicable ; Inapplicable ; Inapplicable ; Unchecked ; Inapplicable ; Inapplicable ; Unchecked ; Unchecked ; Inapplicable ; Inapplicable ; Inapplicable ; Inapplicable ; Inapplicable ; Inapplicable ; Inapplicable ; Inapplicable ; Inapplicable ; Inapplicable ; Inapplicable ; Inapplicable ; Inapplicable ; Inapplicable ; Inapplicable ; Inapplicable ; Inapplicable ; Inapplicable ;
; R5in               ; Inapplicable ; Inapplicable ; Inapplicable ; Inapplicable ; Inapplicable ; Unchecked ; Inapplicable ; Inapplicable ; Unchecked ; Unchecked ; Inapplicable ; Inapplicable ; Inapplicable ; Inapplicable ; Inapplicable ; Inapplicable ; Inapplicable ; Inapplicable ; Inapplicable ; Inapplicable ; Inapplicable ; Inapplicable ; Inapplicable ; Inapplicable ; Inapplicable ; Inapplicable ; Inapplicable ; Inapplicable ;
; R6in               ; Inapplicable ; Inapplicable ; Inapplicable ; Inapplicable ; Inapplicable ; Unchecked ; Inapplicable ; Inapplicable ; Unchecked ; Unchecked ; Inapplicable ; Inapplicable ; Inapplicable ; Inapplicable ; Inapplicable ; Inapplicable ; Inapplicable ; Inapplicable ; Inapplicable ; Inapplicable ; Inapplicable ; Inapplicable ; Inapplicable ; Inapplicable ; Inapplicable ; Inapplicable ; Inapplicable ; Inapplicable ;
; R7in               ; Inapplicable ; Inapplicable ; Inapplicable ; Inapplicable ; Inapplicable ; Unchecked ; Inapplicable ; Inapplicable ; Unchecked ; Unchecked ; Inapplicable ; Inapplicable ; Inapplicable ; Inapplicable ; Inapplicable ; Inapplicable ; Inapplicable ; Inapplicable ; Inapplicable ; Inapplicable ; Inapplicable ; Inapplicable ; Inapplicable ; Inapplicable ; Inapplicable ; Inapplicable ; Inapplicable ; Inapplicable ;
; R8in               ; Inapplicable ; Inapplicable ; Inapplicable ; Inapplicable ; Inapplicable ; Unchecked ; Inapplicable ; Inapplicable ; Unchecked ; Unchecked ; Inapplicable ; Inapplicable ; Inapplicable ; Inapplicable ; Inapplicable ; Inapplicable ; Inapplicable ; Inapplicable ; Inapplicable ; Inapplicable ; Inapplicable ; Inapplicable ; Inapplicable ; Inapplicable ; Inapplicable ; Inapplicable ; Inapplicable ; Inapplicable ;
; R9in               ; Inapplicable ; Inapplicable ; Inapplicable ; Inapplicable ; Inapplicable ; Unchecked ; Inapplicable ; Inapplicable ; Unchecked ; Unchecked ; Inapplicable ; Inapplicable ; Inapplicable ; Inapplicable ; Inapplicable ; Inapplicable ; Inapplicable ; Inapplicable ; Inapplicable ; Inapplicable ; Inapplicable ; Inapplicable ; Inapplicable ; Inapplicable ; Inapplicable ; Inapplicable ; Inapplicable ; Inapplicable ;
; R10in              ; Inapplicable ; Inapplicable ; Inapplicable ; Inapplicable ; Inapplicable ; Unchecked ; Inapplicable ; Inapplicable ; Unchecked ; Unchecked ; Inapplicable ; Inapplicable ; Inapplicable ; Inapplicable ; Inapplicable ; Inapplicable ; Inapplicable ; Inapplicable ; Inapplicable ; Inapplicable ; Inapplicable ; Inapplicable ; Inapplicable ; Inapplicable ; Inapplicable ; Inapplicable ; Inapplicable ; Inapplicable ;
; R11in              ; Inapplicable ; Inapplicable ; Inapplicable ; Inapplicable ; Inapplicable ; Unchecked ; Inapplicable ; Inapplicable ; Unchecked ; Unchecked ; Inapplicable ; Inapplicable ; Inapplicable ; Inapplicable ; Inapplicable ; Inapplicable ; Inapplicable ; Inapplicable ; Inapplicable ; Inapplicable ; Inapplicable ; Inapplicable ; Inapplicable ; Inapplicable ; Inapplicable ; Inapplicable ; Inapplicable ; Inapplicable ;
; R12in              ; Inapplicable ; Inapplicable ; Inapplicable ; Inapplicable ; Inapplicable ; Unchecked ; Inapplicable ; Inapplicable ; Unchecked ; Unchecked ; Inapplicable ; Inapplicable ; Inapplicable ; Inapplicable ; Inapplicable ; Inapplicable ; Inapplicable ; Inapplicable ; Inapplicable ; Inapplicable ; Inapplicable ; Inapplicable ; Inapplicable ; Inapplicable ; Inapplicable ; Inapplicable ; Inapplicable ; Inapplicable ;
; R13in              ; Inapplicable ; Inapplicable ; Inapplicable ; Inapplicable ; Inapplicable ; Unchecked ; Inapplicable ; Inapplicable ; Unchecked ; Unchecked ; Inapplicable ; Inapplicable ; Inapplicable ; Inapplicable ; Inapplicable ; Inapplicable ; Inapplicable ; Inapplicable ; Inapplicable ; Inapplicable ; Inapplicable ; Inapplicable ; Inapplicable ; Inapplicable ; Inapplicable ; Inapplicable ; Inapplicable ; Inapplicable ;
; R14in              ; Inapplicable ; Inapplicable ; Inapplicable ; Inapplicable ; Inapplicable ; Unchecked ; Inapplicable ; Inapplicable ; Unchecked ; Unchecked ; Inapplicable ; Inapplicable ; Inapplicable ; Inapplicable ; Inapplicable ; Inapplicable ; Inapplicable ; Inapplicable ; Inapplicable ; Inapplicable ; Inapplicable ; Inapplicable ; Inapplicable ; Inapplicable ; Inapplicable ; Inapplicable ; Inapplicable ; Inapplicable ;
; R15in              ; Inapplicable ; Inapplicable ; Inapplicable ; Inapplicable ; Inapplicable ; Unchecked ; Inapplicable ; Inapplicable ; Unchecked ; Unchecked ; Inapplicable ; Inapplicable ; Inapplicable ; Inapplicable ; Inapplicable ; Inapplicable ; Inapplicable ; Inapplicable ; Inapplicable ; Inapplicable ; Inapplicable ; Inapplicable ; Inapplicable ; Inapplicable ; Inapplicable ; Inapplicable ; Inapplicable ; Inapplicable ;
; RZin               ; Inapplicable ; Inapplicable ; Inapplicable ; Inapplicable ; Inapplicable ; Unchecked ; Inapplicable ; Inapplicable ; Unchecked ; Unchecked ; Inapplicable ; Inapplicable ; Inapplicable ; Inapplicable ; Inapplicable ; Inapplicable ; Inapplicable ; Inapplicable ; Inapplicable ; Inapplicable ; Inapplicable ; Inapplicable ; Inapplicable ; Inapplicable ; Inapplicable ; Inapplicable ; Inapplicable ; Inapplicable ;
; RYin               ; Inapplicable ; Inapplicable ; Inapplicable ; Inapplicable ; Inapplicable ; Unchecked ; Inapplicable ; Inapplicable ; Unchecked ; Unchecked ; Inapplicable ; Inapplicable ; Inapplicable ; Inapplicable ; Inapplicable ; Inapplicable ; Inapplicable ; Inapplicable ; Inapplicable ; Inapplicable ; Inapplicable ; Inapplicable ; Inapplicable ; Inapplicable ; Inapplicable ; Inapplicable ; Inapplicable ; Inapplicable ;
; RHIin              ; Inapplicable ; Inapplicable ; Inapplicable ; Inapplicable ; Inapplicable ; Unchecked ; Inapplicable ; Inapplicable ; Unchecked ; Unchecked ; Inapplicable ; Inapplicable ; Inapplicable ; Inapplicable ; Inapplicable ; Inapplicable ; Inapplicable ; Inapplicable ; Inapplicable ; Inapplicable ; Inapplicable ; Inapplicable ; Inapplicable ; Inapplicable ; Inapplicable ; Inapplicable ; Inapplicable ; Inapplicable ;
; RLOin              ; Inapplicable ; Inapplicable ; Inapplicable ; Inapplicable ; Inapplicable ; Unchecked ; Inapplicable ; Inapplicable ; Unchecked ; Unchecked ; Inapplicable ; Inapplicable ; Inapplicable ; Inapplicable ; Inapplicable ; Inapplicable ; Inapplicable ; Inapplicable ; Inapplicable ; Inapplicable ; Inapplicable ; Inapplicable ; Inapplicable ; Inapplicable ; Inapplicable ; Inapplicable ; Inapplicable ; Inapplicable ;
; RPCin              ; Inapplicable ; Inapplicable ; Inapplicable ; Inapplicable ; Inapplicable ; Unchecked ; Inapplicable ; Inapplicable ; Unchecked ; Unchecked ; Inapplicable ; Inapplicable ; Inapplicable ; Inapplicable ; Inapplicable ; Inapplicable ; Inapplicable ; Inapplicable ; Inapplicable ; Inapplicable ; Inapplicable ; Inapplicable ; Inapplicable ; Inapplicable ; Inapplicable ; Inapplicable ; Inapplicable ; Inapplicable ;
; RIRin              ; Inapplicable ; Inapplicable ; Inapplicable ; Inapplicable ; Inapplicable ; Unchecked ; Inapplicable ; Inapplicable ; Unchecked ; Unchecked ; Inapplicable ; Inapplicable ; Inapplicable ; Inapplicable ; Inapplicable ; Inapplicable ; Inapplicable ; Inapplicable ; Inapplicable ; Inapplicable ; Inapplicable ; Inapplicable ; Inapplicable ; Inapplicable ; Inapplicable ; Inapplicable ; Inapplicable ; Inapplicable ;
; RMARin             ; Inapplicable ; Inapplicable ; Inapplicable ; Inapplicable ; Inapplicable ; Unchecked ; Inapplicable ; Inapplicable ; Unchecked ; Unchecked ; Inapplicable ; Inapplicable ; Inapplicable ; Inapplicable ; Inapplicable ; Inapplicable ; Inapplicable ; Inapplicable ; Inapplicable ; Inapplicable ; Inapplicable ; Inapplicable ; Inapplicable ; Inapplicable ; Inapplicable ; Inapplicable ; Inapplicable ; Inapplicable ;
+--------------------+--------------+--------------+--------------+--------------+--------------+-----------+--------------+--------------+-----------+-----------+--------------+--------------+--------------+--------------+--------------+--------------+--------------+--------------+--------------+--------------+--------------+--------------+--------------+--------------+--------------+--------------+--------------+--------------+


+------------------------------------------------------------------------------------------------+
; Fitter Device Options                                                                          ;
+------------------------------------------------------------------+-----------------------------+
; Option                                                           ; Setting                     ;
+------------------------------------------------------------------+-----------------------------+
; Enable user-supplied start-up clock (CLKUSR)                     ; Off                         ;
; Enable device-wide reset (DEV_CLRn)                              ; Off                         ;
; Enable device-wide output enable (DEV_OE)                        ; Off                         ;
; Enable INIT_DONE output                                          ; Off                         ;
; Configuration scheme                                             ; Passive Serial              ;
; Enable Error Detection CRC_ERROR pin                             ; Off                         ;
; Enable CvP_CONFDONE pin                                          ; Off                         ;
; Enable open drain on CRC_ERROR pin                               ; On                          ;
; Enable open drain on CvP_CONFDONE pin                            ; On                          ;
; Enable open drain on INIT_DONE pin                               ; On                          ;
; Enable open drain on Partial Reconfiguration pins                ; Off                         ;
; Enable open drain on nCEO pin                                    ; On                          ;
; Enable Partial Reconfiguration pins                              ; Off                         ;
; Enable input tri-state on active configuration pins in user mode ; Off                         ;
; Enable internal scrubbing                                        ; Off                         ;
; Active Serial clock source                                       ; 100 MHz Internal Oscillator ;
; Device initialization clock source                               ; Internal Oscillator         ;
; Configuration via Protocol                                       ; Off                         ;
; Configuration Voltage Level                                      ; Auto                        ;
; Force Configuration Voltage Level                                ; Off                         ;
; Enable nCEO output                                               ; Off                         ;
; Data[15..8]                                                      ; Unreserved                  ;
; Data[7..5]                                                       ; Unreserved                  ;
; Base pin-out file on sameframe device                            ; Off                         ;
+------------------------------------------------------------------+-----------------------------+


+------------------------------------+
; Operating Settings and Conditions  ;
+---------------------------+--------+
; Setting                   ; Value  ;
+---------------------------+--------+
; Nominal Core Voltage      ; 1.10 V ;
; Low Junction Temperature  ; 0 °C   ;
; High Junction Temperature ; 85 °C  ;
+---------------------------+--------+


+-----------------+
; Fitter Messages ;
+-----------------+
Warning (18236): Number of processors has not been specified which may cause overloading on shared machines.  Set the global assignment NUM_PARALLEL_PROCESSORS in your QSF to an appropriate value for best performance.
Info (20030): Parallel compilation is enabled and will use 4 of the 4 processors detected
Info (119006): Selected device 5CEBA4F23C7 for design "phase1"
Info (21077): Low junction temperature is 0 degrees C
Info (21077): High junction temperature is 85 degrees C
Info (171003): Fitter is performing an Auto Fit compilation, which may decrease Fitter effort to reduce compilation time
Warning (15714): Some pins have incomplete I/O assignments. Refer to the I/O Assignment Warnings report for details
Critical Warning (169085): No exact pin location assignment(s) for 823 pins of 823 total pins. For the list of pins please refer to the I/O Assignment Warnings table in the fitter report.
Error (169281): There are 823 IO input pads in the design, but only 224 IO input pad locations available on the device.
Info (11798): Fitter preparation operations ending: elapsed time is 00:00:01
Error (11802): Can't fit design in device. Modify your design to reduce resources, or choose a larger device. The Intel FPGA Knowledge Database contains many articles with specific details on how to resolve this error. Visit the Knowledge Database at https://www.altera.com/support/support-resources/knowledge-base/search.html and search for this specific error message number.
Error: Quartus Prime Fitter was unsuccessful. 2 errors, 3 warnings
    Error: Peak virtual memory: 5095 megabytes
    Error: Processing ended: Thu Jan 23 16:57:10 2025
    Error: Elapsed time: 00:00:03
    Error: Total CPU time (on all processors): 00:00:02


